Timestamp,OriginalTimestamp,EEG.Counter,EEG.Interpolated,EEG.AF3,EEG.F7,EEG.F3,EEG.FC5,EEG.T7,EEG.P7,EEG.O1,EEG.O2,EEG.P8,EEG.T8,EEG.FC6,EEG.F4,EEG.F8,EEG.AF4,POW.AF3.Theta,POW.AF3.Alpha,POW.AF3.BetaL,POW.AF3.BetaH,POW.AF3.Gamma,POW.F7.Theta,POW.F7.Alpha,POW.F7.BetaL,POW.F7.BetaH,POW.F7.Gamma,POW.F3.Theta,POW.F3.Alpha,POW.F3.BetaL,POW.F3.BetaH,POW.F3.Gamma,POW.FC5.Theta,POW.FC5.Alpha,POW.FC5.BetaL,POW.FC5.BetaH,POW.FC5.Gamma,POW.T7.Theta,POW.T7.Alpha,POW.T7.BetaL,POW.T7.BetaH,POW.T7.Gamma,POW.P7.Theta,POW.P7.Alpha,POW.P7.BetaL,POW.P7.BetaH,POW.P7.Gamma,POW.O1.Theta,POW.O1.Alpha,POW.O1.BetaL,POW.O1.BetaH,POW.O1.Gamma,POW.O2.Theta,POW.O2.Alpha,POW.O2.BetaL,POW.O2.BetaH,POW.O2.Gamma,POW.P8.Theta,POW.P8.Alpha,POW.P8.BetaL,POW.P8.BetaH,POW.P8.Gamma,POW.T8.Theta,POW.T8.Alpha,POW.T8.BetaL,POW.T8.BetaH,POW.T8.Gamma,POW.FC6.Theta,POW.FC6.Alpha,POW.FC6.BetaL,POW.FC6.BetaH,POW.FC6.Gamma,POW.F4.Theta,POW.F4.Alpha,POW.F4.BetaL,POW.F4.BetaH,POW.F4.Gamma,POW.F8.Theta,POW.F8.Alpha,POW.F8.BetaL,POW.F8.BetaH,POW.F8.Gamma,POW.AF4.Theta,POW.AF4.Alpha,POW.AF4.BetaL,POW.AF4.BetaH,POW.AF4.Gamma
1769162266.30042,1769162266.301646,97.0,0.0,4322.820313,4287.692383,4372.94873,4329.743652,4274.487305,4275.897461,4286.153809,4274.487305,4280.897461,4284.615234,4568.461426,4543.717773,4425.641113,4518.717773,,,,,,,,,,,,,,,,,,,,,,,,,,,,,,,,,,,,,,,,,,,,,,,,,,,,,,,,,,,,,,,,,,,,,,
1769162266.308228,1769162266.309354,98.0,0.0,4326.282227,4289.102539,4368.974121,4330.384766,4271.153809,4280.512695,4291.666504,4288.205078,4293.717773,4288.333496,4575.512695,4543.717773,4429.487305,4521.794922,,,,,,,,,,,,,,,,,,,,,,,,,,,,,,,,,,,,,,,,,,,,,,,,,,,,,,,,,,,,,,,,,,,,,,
1769162266.316037,1769162266.317163,99.0,0.0,4317.820313,4281.282227,4364.743652,4326.153809,4262.820313,4281.666504,4293.589844,4295.512695,4290.512695,4277.307617,4571.666504,4540.641113,4422.436035,4508.846191,,,,,,,,,,,,,,,,,,,,,,,,,,,,,,,,,,,,,,,,,,,,,,,,,,,,,,,,,,,,,,,,,,,,,,
1769162266.323845,1769162266.325171,100.0,0.0,4318.717773,4282.563965,4367.179688,4326.922852,4267.820313,4278.333496,4290.769043,4280.256348,4276.538574,4276.794922,4567.563965,4538.974121,4422.820313,4507.307617,,,,,,,,,,,,,,,,,,,,,,,,,,,,,,,,,,,,,,,,,,,,,,,,,,,,,,,,,,,,,,,,,,,,,,
1769162266.331654,1769162266.332979,101.0,0.0,4324.871582,4292.307617,4366.794922,4329.487305,4272.05127,4276.282227,4290.897461,4280.769043,4284.743652,4288.974121,4571.538574,4539.358887,4429.487305,4515.128418,,,,,,,,,,,,,,,,,,,,,,,,,,,,,,,,,,,,,,,,,,,,,,,,,,,,,,,,,,,,,,,,,,,,,,
1769162266.339462,1769162266.340688,102.0,0.0,4321.538574,4289.102539,4359.743652,4327.307617,4267.692383,4277.94873,4291.025879,4294.358887,4296.666504,4288.205078,4572.05127,4539.743652,4427.820313,4511.410156,,,,,,,,,,,,,,,,,,,,,,,,,,,,,,,,,,,,,,,,,,,,,,,,,,,,,,,,,,,,,,,,,,,,,,
1769162266.347271,1769162266.348496,103.0,0.0,4313.333496,4279.615234,4356.538574,4324.871582,4264.871582,4280.128418,4288.077148,4287.307617,4284.230957,4279.358887,4567.820313,4535.897461,4426.025879,4506.538574,,,,,,,,,,,,,,,,,,,,,,,,,,,,,,,,,,,,,,,,,,,,,,,,,,,,,,,,,,,,,,,,,,,,,,
1769162266.355079,1769162266.356105,104.0,0.0,4311.153809,4278.717773,4358.589844,4325.641113,4266.025879,4280.641113,4291.538574,4279.871582,4274.487305,4277.94873,4567.307617,4534.487305,4427.820313,4507.692383,,,,,,,,,,,,,,,,,,,,,,,,,,,,,,,,,,,,,,,,,,,,,,,,,,,,,,,,,,,,,,,,,,,,,,
1769162266.362888,1769162266.363913,105.0,0.0,4312.05127,4280.897461,4358.205078,4327.436035,4265.256348,4280.256348,4295.128418,4293.846191,4283.846191,4280.0,4570.384766,4539.743652,4425.897461,4507.692383,,,,,,,,,,,,,,,,,,,,,,,,,,,,,,,,,,,,,,,,,,,,,,,,,,,,,,,,,,,,,,,,,,,,,,
1769162266.370696,1769162266.371622,106.0,0.0,4312.179688,4278.589844,4355.384766,4325.384766,4263.974121,4278.974121,4292.436035,4295.0,4283.717773,4278.205078,4566.025879,4540.769043,4420.641113,4507.05127,,,,,,,,,,,,,,,,,,,,,,,,,,,,,,,,,,,,,,,,,,,,,,,,,,,,,,,,,,,,,,,,,,,,,,
1769162266.378504,1769162266.37943,107.0,0.0,4314.487305,4276.666504,4354.871582,4325.256348,4264.743652,4275.769043,4292.692383,4280.641113,4274.358887,4274.743652,4556.538574,4535.512695,4415.256348,4505.897461,,,,,,,,,,,,,,,,,,,,,,,,,,,,,,,,,,,,,,,,,,,,,,,,,,,,,,,,,,,,,,,,,,,,,,
1769162266.386313,1769162266.387439,108.0,0.0,4319.487305,4279.743652,4357.436035,4335.0,4265.897461,4270.512695,4295.384766,4277.94873,4276.282227,4268.589844,4555.256348,4535.256348,4411.794922,4505.897461,,,,,,,,,,,,,,,,,,,,,,,,,,,,,,,,,,,,,,,,,,,,,,,,,,,,,,,,,,,,,,,,,,,,,,
1769162266.394121,1769162266.395247,109.0,0.0,4322.692383,4282.563965,4358.717773,4336.922852,4265.769043,4267.692383,4294.487305,4280.512695,4278.333496,4263.077148,4556.410156,4538.846191,4410.769043,4506.794922,,,,,,,,,,,,,,,,,,,,,,,,,,,,,,,,,,,,,,,,,,,,,,,,,,,,,,,,,,,,,,,,,,,,,,
1769162266.40193,1769162266.403155,110.0,0.0,4316.922852,4279.358887,4356.410156,4327.179688,4263.461426,4264.102539,4293.205078,4277.94873,4276.282227,4264.615234,4552.820313,4536.538574,4410.128418,4504.743652,0.95797,0.225766,0.09776,0.332134,0.165538,0.816086,0.161694,0.165521,0.177531,0.091251,0.884474,0.256337,0.167569,0.168621,0.082104,0.254594,0.174529,0.133339,0.125161,0.068758,0.491205,0.141729,0.24313,0.124816,0.060754,0.155143,0.170003,0.316975,0.216174,0.165157,0.062506,0.028061,0.13089,0.083426,0.048591,0.257845,0.256082,0.205091,0.149312,0.161763,0.478919,0.423198,0.294259,0.162173,0.159627,0.595472,0.314349,0.260404,0.236652,0.241191,0.821936,0.608325,0.459649,0.226511,0.15652,1.046685,0.320198,0.303377,0.273415,0.17086,0.902999,0.512376,0.462264,0.285794,0.22727,1.368178,0.272095,0.312597,0.34162,0.249128
1769162266.409738,1769162266.410964,111.0,0.0,4311.666504,4278.461426,4354.487305,4329.487305,4261.666504,4262.563965,4293.846191,4278.333496,4277.692383,4272.179688,4552.692383,4533.589844,4410.897461,4503.333496,,,,,,,,,,,,,,,,,,,,,,,,,,,,,,,,,,,,,,,,,,,,,,,,,,,,,,,,,,,,,,,,,,,,,,
1769162266.417547,1769162266.418972,112.0,0.0,4318.077148,4286.153809,4358.461426,4338.077148,4265.0,4271.538574,4293.717773,4282.179688,4280.128418,4277.820313,4557.436035,4537.563965,4413.461426,4507.820313,,,,,,,,,,,,,,,,,,,,,,,,,,,,,,,,,,,,,,,,,,,,,,,,,,,,,,,,,,,,,,,,,,,,,,
1769162266.425355,1769162266.426781,113.0,0.0,4322.307617,4287.94873,4360.0,4334.102539,4268.846191,4280.641113,4293.461426,4281.922852,4280.641113,4270.641113,4557.692383,4541.922852,4413.333496,4510.256348,,,,,,,,,,,,,,,,,,,,,,,,,,,,,,,,,,,,,,,,,,,,,,,,,,,,,,,,,,,,,,,,,,,,,,
1769162266.433164,1769162266.434489,114.0,0.0,4312.05127,4280.384766,4352.436035,4330.512695,4266.410156,4276.282227,4291.282227,4279.871582,4280.0,4264.487305,4555.641113,4535.769043,4410.897461,4506.538574,,,,,,,,,,,,,,,,,,,,,,,,,,,,,,,,,,,,,,,,,,,,,,,,,,,,,,,,,,,,,,,,,,,,,,
1769162266.440972,1769162266.442298,115.0,0.0,4310.384766,4279.358887,4349.487305,4334.487305,4266.025879,4272.563965,4288.077148,4281.922852,4280.256348,4272.179688,4556.794922,4528.077148,4413.333496,4506.794922,,,,,,,,,,,,,,,,,,,,,,,,,,,,,,,,,,,,,,,,,,,,,,,,,,,,,,,,,,,,,,,,,,,,,,
1769162266.44878,1769162266.450306,116.0,0.0,4321.410156,4286.922852,4355.641113,4334.487305,4271.025879,4277.05127,4290.897461,4281.153809,4278.077148,4273.974121,4555.641113,4526.153809,4412.179688,4504.487305,,,,,,,,,,,,,,,,,,,,,,,,,,,,,,,,,,,,,,,,,,,,,,,,,,,,,,,,,,,,,,,,,,,,,,
1769162266.456589,1769162266.458114,117.0,0.0,4319.615234,4289.487305,4353.333496,4333.717773,4271.794922,4274.102539,4295.512695,4277.307617,4276.153809,4263.333496,4551.025879,4523.333496,4406.025879,4494.487305,,,,,,,,,,,,,,,,,,,,,,,,,,,,,,,,,,,,,,,,,,,,,,,,,,,,,,,,,,,,,,,,,,,,,,
1769162266.464397,1769162266.465823,118.0,0.0,4310.512695,4285.641113,4342.563965,4333.205078,4268.333496,4272.05127,4293.974121,4277.436035,4275.897461,4266.410156,4550.769043,4520.128418,4406.922852,4489.358887,,,,,,,,,,,,,,,,,,,,,,,,,,,,,,,,,,,,,,,,,,,,,,,,,,,,,,,,,,,,,,,,,,,,,,
1769162266.472206,1769162266.473631,119.0,0.0,4310.769043,4281.922852,4338.846191,4326.922852,4268.077148,4277.436035,4292.563965,4279.871582,4274.871582,4275.769043,4554.487305,4523.205078,4412.307617,4491.794922,,,,,,,,,,,,,,,,,,,,,,,,,,,,,,,,,,,,,,,,,,,,,,,,,,,,,,,,,,,,,,,,,,,,,,
1769162266.480014,1769162266.48124,120.0,0.0,4315.0,4278.461426,4341.794922,4321.282227,4267.307617,4270.769043,4293.974121,4278.974121,4274.615234,4266.282227,4554.871582,4525.769043,4411.922852,4496.282227,,,,,,,,,,,,,,,,,,,,,,,,,,,,,,,,,,,,,,,,,,,,,,,,,,,,,,,,,,,,,,,,,,,,,,
1769162266.487823,1769162266.489048,121.0,0.0,4318.589844,4281.666504,4342.563965,4326.153809,4266.025879,4261.025879,4292.05127,4276.922852,4276.922852,4262.436035,4553.717773,4524.102539,4411.282227,4502.436035,,,,,,,,,,,,,,,,,,,,,,,,,,,,,,,,,,,,,,,,,,,,,,,,,,,,,,,,,,,,,,,,,,,,,,
1769162266.495631,1769162266.496757,122.0,0.0,4323.589844,4293.461426,4343.205078,4331.282227,4273.205078,4270.0,4292.179688,4283.461426,4280.641113,4277.307617,4555.897461,4527.563965,4414.487305,4506.282227,,,,,,,,,,,,,,,,,,,,,,,,,,,,,,,,,,,,,,,,,,,,,,,,,,,,,,,,,,,,,,,,,,,,,,
1769162266.50344,1769162266.504565,123.0,0.0,4319.358887,4294.615234,4342.820313,4328.333496,4277.820313,4282.94873,4296.025879,4290.512695,4282.05127,4279.230957,4555.641113,4527.94873,4413.205078,4502.436035,,,,,,,,,,,,,,,,,,,,,,,,,,,,,,,,,,,,,,,,,,,,,,,,,,,,,,,,,,,,,,,,,,,,,,
1769162266.511248,1769162266.512574,124.0,0.0,4313.077148,4285.128418,4341.153809,4327.307617,4270.384766,4279.615234,4294.487305,4284.102539,4278.717773,4270.512695,4553.589844,4521.666504,4412.563965,4503.077148,,,,,,,,,,,,,,,,,,,,,,,,,,,,,,,,,,,,,,,,,,,,,,,,,,,,,,,,,,,,,,,,,,,,,,
1769162266.519056,1769162266.520382,125.0,0.0,4320.641113,4283.846191,4343.333496,4327.563965,4264.358887,4273.077148,4291.410156,4278.589844,4278.077148,4273.461426,4556.794922,4528.077148,4417.05127,4508.333496,,,,,,,,,,,,,,,,,,,,,,,,,,,,,,,,,,,,,,,,,,,,,,,,,,,,,,,,,,,,,,,,,,,,,,
1769162266.526865,1769162266.52829,126.0,0.0,4326.922852,4289.102539,4350.512695,4325.769043,4266.025879,4271.922852,4290.0,4282.563965,4282.94873,4277.563965,4558.717773,4535.384766,4418.974121,4509.615234,0.936488,0.234859,0.111693,0.327959,0.15868,0.716555,0.167941,0.175467,0.170445,0.09089,0.916503,0.253601,0.155486,0.153074,0.075488,0.236913,0.217136,0.136877,0.120983,0.064051,0.500314,0.150691,0.280331,0.137602,0.072238,0.133793,0.152848,0.41159,0.214374,0.165891,0.069235,0.025168,0.145491,0.095769,0.052396,0.246924,0.244875,0.19924,0.155335,0.178,0.387226,0.416789,0.306057,0.156906,0.144913,0.498538,0.255607,0.224944,0.220925,0.223135,0.536203,0.597601,0.433411,0.227282,0.152074,0.838681,0.329507,0.277297,0.240387,0.175334,0.734048,0.512018,0.390389,0.280171,0.215814,1.207494,0.252898,0.297708,0.290273,0.25898
1769162266.534673,1769162266.536099,127.0,0.0,4326.282227,4292.05127,4356.410156,4333.717773,4268.461426,4270.641113,4287.692383,4280.0,4279.871582,4273.846191,4558.077148,4527.436035,4421.794922,4515.641113,,,,,,,,,,,,,,,,,,,,,,,,,,,,,,,,,,,,,,,,,,,,,,,,,,,,,,,,,,,,,,,,,,,,,,
1769162266.542482,1769162266.543707,0.0,0.0,4322.563965,4291.794922,4350.128418,4340.256348,4266.794922,4273.205078,4289.615234,4278.205078,4276.282227,4272.179688,4562.692383,4526.153809,4426.538574,4522.05127,,,,,,,,,,,,,,,,,,,,,,,,,,,,,,,,,,,,,,,,,,,,,,,,,,,,,,,,,,,,,,,,,,,,,,
1769162266.55029,1769162266.551516,1.0,0.0,4315.769043,4288.077148,4339.743652,4329.615234,4266.794922,4277.692383,4296.666504,4292.563965,4285.641113,4272.563965,4569.871582,4536.922852,4425.256348,4520.0,,,,,,,,,,,,,,,,,,,,,,,,,,,,,,,,,,,,,,,,,,,,,,,,,,,,,,,,,,,,,,,,,,,,,,
1769162266.558099,1769162266.559224,2.0,0.0,4318.333496,4286.922852,4342.179688,4325.384766,4269.487305,4280.0,4298.333496,4297.563965,4286.922852,4272.563965,4570.0,4539.358887,4422.94873,4517.436035,,,,,,,,,,,,,,,,,,,,,,,,,,,,,,,,,,,,,,,,,,,,,,,,,,,,,,,,,,,,,,,,,,,,,,
1769162266.565907,1769162266.567033,3.0,0.0,4332.05127,4294.102539,4354.230957,4337.820313,4272.179688,4282.692383,4294.102539,4283.205078,4276.410156,4270.256348,4563.846191,4535.128418,4423.974121,4520.897461,,,,,,,,,,,,,,,,,,,,,,,,,,,,,,,,,,,,,,,,,,,,,,,,,,,,,,,,,,,,,,,,,,,,,,
1769162266.573716,1769162266.575041,4.0,0.0,4331.794922,4295.512695,4358.205078,4338.333496,4273.974121,4282.563965,4293.974121,4277.94873,4276.410156,4262.94873,4562.820313,4534.615234,4422.436035,4521.922852,,,,,,,,,,,,,,,,,,,,,,,,,,,,,,,,,,,,,,,,,,,,,,,,,,,,,,,,,,,,,,,,,,,,,,
1769162266.581524,1769162266.58285,5.0,0.0,4317.05127,4289.358887,4351.282227,4326.922852,4272.179688,4278.077148,4293.333496,4282.94873,4281.025879,4267.05127,4567.94873,4535.512695,4423.205078,4518.974121,,,,,,,,,,,,,,,,,,,,,,,,,,,,,,,,,,,,,,,,,,,,,,,,,,,,,,,,,,,,,,,,,,,,,,
1769162266.589333,1769162266.590758,6.0,0.0,4316.282227,4288.974121,4349.230957,4325.128418,4268.589844,4277.307617,4290.512695,4282.179688,4277.692383,4277.692383,4570.256348,4538.717773,4426.282227,4520.0,,,,,,,,,,,,,,,,,,,,,,,,,,,,,,,,,,,,,,,,,,,,,,,,,,,,,,,,,,,,,,,,,,,,,,
1769162266.597141,1769162266.598566,7.0,0.0,4324.615234,4288.333496,4354.102539,4327.563965,4266.538574,4280.256348,4293.077148,4278.846191,4277.179688,4270.641113,4566.794922,4538.333496,4421.410156,4523.205078,,,,,,,,,,,,,,,,,,,,,,,,,,,,,,,,,,,,,,,,,,,,,,,,,,,,,,,,,,,,,,,,,,,,,,
1769162266.60495,1769162266.606575,8.0,0.0,4323.846191,4288.205078,4359.487305,4330.641113,4266.538574,4279.743652,4294.743652,4281.025879,4279.102539,4263.205078,4565.897461,4537.94873,4419.487305,4524.102539,,,,,,,,,,,,,,,,,,,,,,,,,,,,,,,,,,,,,,,,,,,,,,,,,,,,,,,,,,,,,,,,,,,,,,
1769162266.612758,1769162266.614383,9.0,0.0,4327.563965,4297.05127,4361.282227,4340.128418,4267.692383,4279.487305,4292.94873,4286.794922,4280.897461,4276.922852,4570.769043,4546.538574,4428.205078,4523.974121,,,,,,,,,,,,,,,,,,,,,,,,,,,,,,,,,,,,,,,,,,,,,,,,,,,,,,,,,,,,,,,,,,,,,,
1769162266.620566,1769162266.622291,10.0,0.0,4330.384766,4299.358887,4358.974121,4340.256348,4266.666504,4277.820313,4294.102539,4292.94873,4284.743652,4282.307617,4573.333496,4546.922852,4431.922852,4525.897461,,,,,,,,,,,,,,,,,,,,,,,,,,,,,,,,,,,,,,,,,,,,,,,,,,,,,,,,,,,,,,,,,,,,,,
1769162266.628375,1769162266.6301,11.0,0.0,4317.05127,4285.769043,4353.717773,4327.307617,4263.846191,4277.820313,4296.410156,4295.256348,4283.333496,4271.025879,4571.538574,4538.717773,4427.820313,4523.589844,,,,,,,,,,,,,,,,,,,,,,,,,,,,,,,,,,,,,,,,,,,,,,,,,,,,,,,,,,,,,,,,,,,,,,
1769162266.636183,1769162266.638108,12.0,0.0,4313.205078,4280.0,4353.589844,4326.153809,4265.512695,4286.025879,4295.769043,4285.897461,4276.538574,4267.05127,4569.871582,4543.717773,4424.615234,4518.205078,,,,,,,,,,,,,,,,,,,,,,,,,,,,,,,,,,,,,,,,,,,,,,,,,,,,,,,,,,,,,,,,,,,,,,
1769162266.643992,1769162266.645917,13.0,0.0,4335.512695,4291.025879,4359.615234,4340.512695,4267.820313,4287.179688,4293.974121,4281.794922,4281.153809,4270.512695,4571.922852,4552.05127,4424.743652,4519.615234,,,,,,,,,,,,,,,,,,,,,,,,,,,,,,,,,,,,,,,,,,,,,,,,,,,,,,,,,,,,,,,,,,,,,,
1769162266.6518,1769162266.653625,14.0,0.0,4345.256348,4297.307617,4360.0,4343.717773,4266.025879,4278.589844,4291.410156,4289.487305,4292.307617,4273.461426,4571.666504,4545.0,4426.538574,4521.153809,0.920647,0.266177,0.13729,0.306565,0.152705,0.648471,0.176813,0.18033,0.163085,0.097902,0.919456,0.24623,0.136359,0.133808,0.074081,0.243392,0.246156,0.136827,0.116219,0.063106,0.474103,0.164032,0.287251,0.13978,0.085242,0.120528,0.14737,0.496634,0.211029,0.164585,0.069588,0.023078,0.150301,0.106337,0.057583,0.240562,0.244343,0.196553,0.163708,0.212891,0.313244,0.408777,0.295164,0.148815,0.13788,0.417596,0.199125,0.192265,0.210733,0.213166,0.335782,0.557297,0.399368,0.221649,0.168271,0.666866,0.343408,0.266457,0.216045,0.182715,0.562856,0.491255,0.311232,0.254875,0.212864,1.045373,0.269726,0.31103,0.250045,0.270721
1769162266.659609,1769162266.661434,15.0,0.0,4330.384766,4293.717773,4356.666504,4337.307617,4269.102539,4280.641113,4292.692383,4286.025879,4287.307617,4277.692383,4569.487305,4536.794922,4428.974121,4521.025879,,,,,,,,,,,,,,,,,,,,,,,,,,,,,,,,,,,,,,,,,,,,,,,,,,,,,,,,,,,,,,,,,,,,,,
1769162266.667417,1769162266.669042,16.0,0.0,4323.077148,4294.102539,4357.563965,4337.05127,4276.666504,4289.230957,4300.128418,4276.538574,4277.05127,4280.641113,4571.666504,4540.384766,4430.641113,4520.769043,,,,,,,,,,,,,,,,,,,,,,,,,,,,,,,,,,,,,,,,,,,,,,,,,,,,,,,,,,,,,,,,,,,,,,
1769162266.675226,1769162266.676851,17.0,0.0,4326.025879,4297.563965,4356.538574,4336.025879,4277.307617,4288.974121,4300.0,4281.282227,4277.692383,4279.358887,4570.512695,4540.641113,4426.666504,4512.436035,,,,,,,,,,,,,,,,,,,,,,,,,,,,,,,,,,,,,,,,,,,,,,,,,,,,,,,,,,,,,,,,,,,,,,
1769162266.683034,1769162266.684559,18.0,0.0,4330.769043,4297.179688,4354.743652,4336.282227,4275.384766,4285.641113,4295.384766,4289.487305,4281.153809,4278.461426,4565.769043,4538.077148,4422.692383,4505.641113,,,,,,,,,,,,,,,,,,,,,,,,,,,,,,,,,,,,,,,,,,,,,,,,,,,,,,,,,,,,,,,,,,,,,,
1769162266.690843,1769162266.692368,19.0,0.0,4334.102539,4294.871582,4355.256348,4337.179688,4276.025879,4288.205078,4298.974121,4290.512695,4284.230957,4278.205078,4568.205078,4539.102539,4425.384766,4512.820313,,,,,,,,,,,,,,,,,,,,,,,,,,,,,,,,,,,,,,,,,,,,,,,,,,,,,,,,,,,,,,,,,,,,,,
1769162266.698651,1769162266.699976,20.0,0.0,4325.128418,4292.307617,4348.974121,4330.256348,4278.333496,4291.922852,4305.384766,4292.436035,4289.102539,4281.666504,4573.205078,4539.102539,4427.307617,4514.102539,,,,,,,,,,,,,,,,,,,,,,,,,,,,,,,,,,,,,,,,,,,,,,,,,,,,,,,,,,,,,,,,,,,,,,
1769162266.706459,1769162266.707785,21.0,0.0,4320.897461,4293.205078,4345.769043,4329.102539,4280.641113,4287.307617,4306.025879,4295.512695,4295.128418,4287.692383,4573.333496,4544.230957,4428.461426,4508.077148,,,,,,,,,,,,,,,,,,,,,,,,,,,,,,,,,,,,,,,,,,,,,,,,,,,,,,,,,,,,,,,,,,,,,,
1769162266.714268,1769162266.715693,22.0,0.0,4330.512695,4297.307617,4355.384766,4338.717773,4278.461426,4282.179688,4300.384766,4296.410156,4297.692383,4287.94873,4573.974121,4551.666504,4431.794922,4513.333496,,,,,,,,,,,,,,,,,,,,,,,,,,,,,,,,,,,,,,,,,,,,,,,,,,,,,,,,,,,,,,,,,,,,,,
1769162266.722076,1769162266.723501,23.0,0.0,4331.538574,4294.871582,4359.102539,4336.922852,4275.256348,4286.153809,4297.179688,4293.461426,4288.205078,4280.512695,4570.897461,4541.794922,4429.615234,4513.974121,,,,,,,,,,,,,,,,,,,,,,,,,,,,,,,,,,,,,,,,,,,,,,,,,,,,,,,,,,,,,,,,,,,,,,
1769162266.729885,1769162266.73151,24.0,0.0,4321.025879,4285.641113,4352.820313,4325.641113,4277.820313,4287.307617,4303.589844,4292.307617,4280.384766,4270.512695,4569.487305,4535.256348,4425.512695,4504.743652,,,,,,,,,,,,,,,,,,,,,,,,,,,,,,,,,,,,,,,,,,,,,,,,,,,,,,,,,,,,,,,,,,,,,,
1769162266.737693,1769162266.739318,25.0,0.0,4318.333496,4283.205078,4349.487305,4325.384766,4278.205078,4281.922852,4310.256348,4300.769043,4292.94873,4272.179688,4577.307617,4550.641113,4430.0,4507.05127,,,,,,,,,,,,,,,,,,,,,,,,,,,,,,,,,,,,,,,,,,,,,,,,,,,,,,,,,,,,,,,,,,,,,,
1769162266.745502,1769162266.747027,26.0,0.0,4319.871582,4286.794922,4345.256348,4325.897461,4274.743652,4286.025879,4310.512695,4298.589844,4293.333496,4280.0,4577.307617,4552.05127,4430.0,4514.102539,,,,,,,,,,,,,,,,,,,,,,,,,,,,,,,,,,,,,,,,,,,,,,,,,,,,,,,,,,,,,,,,,,,,,,
1769162266.75331,1769162266.754835,27.0,0.0,4319.487305,4288.589844,4339.743652,4326.538574,4275.0,4293.846191,4309.871582,4286.410156,4277.820313,4280.128418,4569.743652,4535.384766,4424.743652,4510.512695,,,,,,,,,,,,,,,,,,,,,,,,,,,,,,,,,,,,,,,,,,,,,,,,,,,,,,,,,,,,,,,,,,,,,,
1769162266.761119,1769162266.762444,28.0,0.0,4324.871582,4290.512695,4344.615234,4333.205078,4278.077148,4289.102539,4309.487305,4290.769043,4283.205078,4279.871582,4570.769043,4536.282227,4427.692383,4505.897461,,,,,,,,,,,,,,,,,,,,,,,,,,,,,,,,,,,,,,,,,,,,,,,,,,,,,,,,,,,,,,,,,,,,,,
1769162266.768927,1769162266.770252,29.0,0.0,4333.077148,4292.94873,4354.230957,4336.282227,4279.743652,4279.230957,4304.743652,4289.743652,4289.230957,4281.153809,4569.871582,4540.384766,4426.794922,4506.025879,,,,,,,,,,,,,,,,,,,,,,,,,,,,,,,,,,,,,,,,,,,,,,,,,,,,,,,,,,,,,,,,,,,,,,
1769162266.776735,1769162266.778161,30.0,0.0,4332.94873,4293.974121,4359.487305,4337.307617,4280.128418,4280.0,4302.563965,4275.641113,4275.897461,4278.717773,4562.436035,4531.538574,4420.897461,4503.461426,0.880226,0.32092,0.175069,0.27258,0.152134,0.597491,0.178678,0.178412,0.150954,0.111001,0.846497,0.240145,0.113219,0.111936,0.079616,0.271098,0.254367,0.125776,0.106275,0.066957,0.416223,0.181717,0.260488,0.130592,0.098132,0.113571,0.157487,0.556784,0.203396,0.161819,0.06658,0.022946,0.145194,0.110215,0.063111,0.232087,0.260386,0.204746,0.170597,0.263392,0.271098,0.405159,0.265606,0.137764,0.146326,0.35258,0.160971,0.168362,0.206857,0.215731,0.220718,0.497516,0.362155,0.20883,0.203607,0.554322,0.351977,0.265503,0.199528,0.194766,0.425406,0.457748,0.240867,0.216734,0.219467,0.899287,0.311959,0.342173,0.225009,0.286003
1769162266.784544,1769162266.785969,31.0,0.0,4326.153809,4294.487305,4361.025879,4339.487305,4279.102539,4289.487305,4306.666504,4281.794922,4276.410156,4278.846191,4567.692383,4537.820313,4424.487305,4504.743652,,,,,,,,,,,,,,,,,,,,,,,,,,,,,,,,,,,,,,,,,,,,,,,,,,,,,,,,,,,,,,,,,,,,,,
1769162266.792352,1769162266.793977,32.0,0.0,4323.717773,4292.563965,4353.974121,4334.743652,4279.102539,4290.897461,4310.256348,4298.205078,4290.897461,4284.358887,4577.436035,4553.589844,4430.384766,4510.512695,,,,,,,,,,,,,,,,,,,,,,,,,,,,,,,,,,,,,,,,,,,,,,,,,,,,,,,,,,,,,,,,,,,,,,
1769162266.800161,1769162266.801786,33.0,0.0,4320.0,4287.692383,4343.717773,4327.692383,4279.743652,4287.179688,4312.436035,4298.333496,4291.538574,4283.589844,4575.0,4549.358887,4428.974121,4512.692383,,,,,,,,,,,,,,,,,,,,,,,,,,,,,,,,,,,,,,,,,,,,,,,,,,,,,,,,,,,,,,,,,,,,,,
1769162266.807969,1769162266.809494,34.0,0.0,4310.512695,4288.846191,4343.205078,4325.769043,4276.666504,4290.897461,4313.461426,4295.641113,4288.333496,4277.563965,4571.410156,4537.820313,4427.179688,4505.897461,,,,,,,,,,,,,,,,,,,,,,,,,,,,,,,,,,,,,,,,,,,,,,,,,,,,,,,,,,,,,,,,,,,,,,
1769162266.815778,1769162266.817303,35.0,0.0,4317.05127,4294.743652,4350.512695,4327.436035,4273.589844,4286.282227,4311.666504,4297.436035,4291.282227,4276.025879,4573.205078,4539.102539,4428.974121,4504.487305,,,,,,,,,,,,,,,,,,,,,,,,,,,,,,,,,,,,,,,,,,,,,,,,,,,,,,,,,,,,,,,,,,,,,,
1769162266.823586,1769162266.824911,36.0,0.0,4328.205078,4296.153809,4353.205078,4331.153809,4275.256348,4281.922852,4310.384766,4296.922852,4291.025879,4278.717773,4572.05127,4547.692383,4429.487305,4516.025879,,,,,,,,,,,,,,,,,,,,,,,,,,,,,,,,,,,,,,,,,,,,,,,,,,,,,,,,,,,,,,,,,,,,,,
1769162266.831395,1769162266.83272,37.0,0.0,4318.589844,4294.743652,4353.846191,4335.769043,4278.333496,4287.436035,4311.282227,4297.179688,4288.461426,4281.153809,4572.307617,4554.230957,4428.974121,4520.897461,,,,,,,,,,,,,,,,,,,,,,,,,,,,,,,,,,,,,,,,,,,,,,,,,,,,,,,,,,,,,,,,,,,,,,
1769162266.839203,1769162266.840428,38.0,0.0,4311.922852,4296.153809,4354.102539,4336.538574,4279.743652,4285.384766,4310.0,4294.743652,4288.461426,4280.641113,4577.05127,4553.717773,4430.256348,4517.05127,,,,,,,,,,,,,,,,,,,,,,,,,,,,,,,,,,,,,,,,,,,,,,,,,,,,,,,,,,,,,,,,,,,,,,
1769162266.847011,1769162266.848237,39.0,0.0,4320.256348,4296.922852,4346.153809,4332.820313,4276.666504,4284.230957,4307.94873,4292.820313,4291.282227,4276.538574,4575.641113,4545.384766,4430.641113,4516.922852,,,,,,,,,,,,,,,,,,,,,,,,,,,,,,,,,,,,,,,,,,,,,,,,,,,,,,,,,,,,,,,,,,,,,,
1769162266.85482,1769162266.855846,40.0,0.0,4318.589844,4296.282227,4339.487305,4328.205078,4275.128418,4295.128418,4311.153809,4297.692383,4295.256348,4278.846191,4569.358887,4538.461426,4428.846191,4516.025879,,,,,,,,,,,,,,,,,,,,,,,,,,,,,,,,,,,,,,,,,,,,,,,,,,,,,,,,,,,,,,,,,,,,,,
1769162266.862628,1769162266.863654,41.0,0.0,4308.974121,4293.846191,4341.538574,4325.384766,4279.358887,4298.205078,4311.666504,4296.153809,4294.871582,4279.487305,4568.333496,4537.820313,4425.897461,4508.717773,,,,,,,,,,,,,,,,,,,,,,,,,,,,,,,,,,,,,,,,,,,,,,,,,,,,,,,,,,,,,,,,,,,,,,
1769162266.870437,1769162266.871362,42.0,0.0,4307.94873,4283.717773,4340.0,4322.692383,4274.487305,4291.538574,4312.820313,4293.205078,4291.410156,4269.615234,4567.94873,4536.922852,4424.102539,4505.641113,,,,,,,,,,,,,,,,,,,,,,,,,,,,,,,,,,,,,,,,,,,,,,,,,,,,,,,,,,,,,,,,,,,,,,
1769162266.878245,1769162266.879171,43.0,0.0,4309.743652,4278.333496,4337.307617,4320.384766,4263.461426,4287.563965,4316.666504,4293.974121,4291.153809,4268.077148,4568.589844,4537.436035,4425.769043,4510.128418,,,,,,,,,,,,,,,,,,,,,,,,,,,,,,,,,,,,,,,,,,,,,,,,,,,,,,,,,,,,,,,,,,,,,,
1769162266.886054,1769162266.88678,44.0,0.0,4312.05127,4288.846191,4340.512695,4324.743652,4267.179688,4278.333496,4310.897461,4287.820313,4288.077148,4281.153809,4572.820313,4539.871582,4430.0,4510.641113,,,,,,,,,,,,,,,,,,,,,,,,,,,,,,,,,,,,,,,,,,,,,,,,,,,,,,,,,,,,,,,,,,,,,,
1769162266.893862,1769162266.894588,45.0,0.0,4313.333496,4296.794922,4341.153809,4326.922852,4277.94873,4273.846191,4303.461426,4285.641113,4286.922852,4285.897461,4573.077148,4540.897461,4430.769043,4509.615234,,,,,,,,,,,,,,,,,,,,,,,,,,,,,,,,,,,,,,,,,,,,,,,,,,,,,,,,,,,,,,,,,,,,,,
1769162266.901671,1769162266.902496,46.0,0.0,4311.153809,4291.025879,4337.179688,4316.282227,4276.922852,4283.974121,4310.256348,4295.256348,4288.717773,4279.743652,4571.410156,4541.025879,4427.436035,4514.871582,0.791991,0.38854,0.219588,0.233864,0.161581,0.532379,0.168958,0.171622,0.134685,0.127955,0.741568,0.242805,0.09225,0.09104,0.091434,0.311491,0.243857,0.103774,0.091552,0.076935,0.341832,0.201552,0.209773,0.113996,0.108804,0.108802,0.183784,0.58241,0.190755,0.158298,0.06342,0.025228,0.132942,0.105888,0.067829,0.217539,0.293196,0.228746,0.173534,0.317962,0.255406,0.405679,0.225478,0.123856,0.171401,0.299139,0.150561,0.154738,0.206963,0.231076,0.158942,0.435872,0.322004,0.188891,0.246899,0.49527,0.349456,0.263594,0.184358,0.210193,0.326117,0.42234,0.18891,0.17525,0.230906,0.760994,0.366939,0.369962,0.211522,0.301936
1769162266.909479,1769162266.910305,47.0,0.0,4310.512695,4285.641113,4337.05127,4311.794922,4273.461426,4290.897461,4319.743652,4297.179688,4284.615234,4278.717773,4573.333496,4541.538574,4427.436035,4520.641113,,,,,,,,,,,,,,,,,,,,,,,,,,,,,,,,,,,,,,,,,,,,,,,,,,,,,,,,,,,,,,,,,,,,,,
1769162266.917287,1769162266.918313,48.0,0.0,4312.436035,4289.871582,4337.94873,4321.922852,4276.922852,4290.769043,4321.794922,4293.846191,4286.666504,4280.256348,4571.666504,4542.05127,4429.230957,4520.128418,,,,,,,,,,,,,,,,,,,,,,,,,,,,,,,,,,,,,,,,,,,,,,,,,,,,,,,,,,,,,,,,,,,,,,
1769162266.925096,1769162266.926122,49.0,0.0,4315.641113,4293.846191,4337.05127,4325.0,4277.307617,4285.641113,4320.512695,4296.922852,4294.743652,4276.538574,4563.205078,4540.769043,4421.666504,4509.871582,,,,,,,,,,,,,,,,,,,,,,,,,,,,,,,,,,,,,,,,,,,,,,,,,,,,,,,,,,,,,,,,,,,,,,
1769162266.932904,1769162266.93403,50.0,0.0,4320.384766,4290.0,4339.230957,4318.846191,4271.538574,4279.358887,4314.615234,4295.512695,4286.794922,4269.230957,4554.102539,4538.205078,4410.512695,4495.769043,,,,,,,,,,,,,,,,,,,,,,,,,,,,,,,,,,,,,,,,,,,,,,,,,,,,,,,,,,,,,,,,,,,,,,
1769162266.940713,1769162266.941838,51.0,0.0,4322.307617,4287.05127,4342.820313,4321.025879,4265.769043,4278.333496,4312.692383,4292.436035,4279.487305,4262.179688,4553.461426,4537.179688,4408.846191,4494.487305,,,,,,,,,,,,,,,,,,,,,,,,,,,,,,,,,,,,,,,,,,,,,,,,,,,,,,,,,,,,,,,,,,,,,,
1769162266.948521,1769162266.949447,52.0,0.0,4317.307617,4290.384766,4343.974121,4325.512695,4265.641113,4281.410156,4319.230957,4295.769043,4285.769043,4263.461426,4561.922852,4538.717773,4414.743652,4506.025879,,,,,,,,,,,,,,,,,,,,,,,,,,,,,,,,,,,,,,,,,,,,,,,,,,,,,,,,,,,,,,,,,,,,,,
1769162266.95633,1769162266.957255,53.0,0.0,4312.307617,4289.487305,4342.820313,4319.743652,4270.897461,4283.077148,4318.974121,4294.487305,4285.384766,4274.230957,4568.717773,4544.358887,4421.025879,4510.256348,,,,,,,,,,,,,,,,,,,,,,,,,,,,,,,,,,,,,,,,,,,,,,,,,,,,,,,,,,,,,,,,,,,,,,
1769162266.964138,1769162266.964964,54.0,0.0,4308.974121,4281.538574,4337.436035,4312.436035,4276.282227,4278.717773,4311.410156,4294.230957,4286.410156,4286.282227,4573.589844,4548.846191,4428.333496,4507.179688,,,,,,,,,,,,,,,,,,,,,,,,,,,,,,,,,,,,,,,,,,,,,,,,,,,,,,,,,,,,,,,,,,,,,,
1769162266.971947,1769162266.972772,55.0,0.0,4301.025879,4277.563965,4327.820313,4311.025879,4278.846191,4278.077148,4316.025879,4297.692383,4290.256348,4285.512695,4573.974121,4545.256348,4427.563965,4510.0,,,,,,,,,,,,,,,,,,,,,,,,,,,,,,,,,,,,,,,,,,,,,,,,,,,,,,,,,,,,,,,,,,,,,,
1769162266.979755,1769162266.980781,56.0,0.0,4294.230957,4278.461426,4320.512695,4310.384766,4279.230957,4286.666504,4326.153809,4293.717773,4280.384766,4276.025879,4561.794922,4535.256348,4413.717773,4505.128418,,,,,,,,,,,,,,,,,,,,,,,,,,,,,,,,,,,,,,,,,,,,,,,,,,,,,,,,,,,,,,,,,,,,,,
1769162266.987563,1769162266.988589,57.0,0.0,4301.025879,4280.256348,4323.205078,4310.897461,4275.641113,4289.487305,4321.410156,4289.743652,4275.256348,4276.666504,4552.692383,4531.538574,4408.846191,4494.743652,,,,,,,,,,,,,,,,,,,,,,,,,,,,,,,,,,,,,,,,,,,,,,,,,,,,,,,,,,,,,,,,,,,,,,
1769162266.995372,1769162266.996497,58.0,0.0,4310.641113,4280.769043,4333.717773,4315.0,4267.820313,4277.307617,4310.769043,4297.05127,4283.205078,4275.256348,4555.897461,4536.153809,4412.436035,4492.307617,,,,,,,,,,,,,,,,,,,,,,,,,,,,,,,,,,,,,,,,,,,,,,,,,,,,,,,,,,,,,,,,,,,,,,
1769162267.00318,1769162267.004306,59.0,0.0,4310.769043,4279.230957,4341.025879,4318.974121,4264.871582,4270.769043,4308.461426,4295.256348,4281.410156,4260.769043,4555.384766,4537.563965,4409.230957,4492.436035,,,,,,,,,,,,,,,,,,,,,,,,,,,,,,,,,,,,,,,,,,,,,,,,,,,,,,,,,,,,,,,,,,,,,,
1769162267.010989,1769162267.012314,60.0,0.0,4309.743652,4280.0,4341.025879,4320.512695,4271.025879,4277.692383,4310.512695,4282.692383,4272.179688,4260.128418,4551.538574,4536.410156,4404.743652,4498.846191,,,,,,,,,,,,,,,,,,,,,,,,,,,,,,,,,,,,,,,,,,,,,,,,,,,,,,,,,,,,,,,,,,,,,,
1769162267.018797,1769162267.020123,61.0,0.0,4309.743652,4280.0,4336.922852,4318.846191,4274.487305,4280.769043,4311.153809,4286.025879,4276.153809,4267.563965,4554.743652,4538.077148,4405.384766,4504.743652,,,,,,,,,,,,,,,,,,,,,,,,,,,,,,,,,,,,,,,,,,,,,,,,,,,,,,,,,,,,,,,,,,,,,,
1769162267.026606,1769162267.027831,62.0,0.0,4309.615234,4277.179688,4332.820313,4317.05127,4271.666504,4278.333496,4314.230957,4290.128418,4279.487305,4267.94873,4556.282227,4532.94873,4408.077148,4498.333496,0.659332,0.450566,0.261703,0.201785,0.183993,0.440985,0.152463,0.164796,0.120203,0.146146,0.620778,0.254009,0.079443,0.080352,0.106803,0.347225,0.222702,0.078852,0.078393,0.094192,0.271578,0.221028,0.155177,0.096278,0.115091,0.10421,0.220617,0.571041,0.176945,0.154762,0.06085,0.029879,0.118399,0.096461,0.070805,0.203902,0.341063,0.267441,0.173576,0.36144,0.255117,0.404267,0.184836,0.110064,0.206683,0.262447,0.166521,0.149996,0.208356,0.25333,0.119043,0.386724,0.278578,0.16432,0.281398,0.464127,0.336641,0.252726,0.166363,0.22606,0.262922,0.391026,0.156137,0.13934,0.238733,0.641917,0.417876,0.372911,0.203057,0.31156
1769162267.034414,1769162267.03564,63.0,0.0,4308.333496,4275.641113,4332.436035,4320.0,4272.563965,4277.307617,4318.205078,4280.384766,4271.666504,4271.153809,4554.230957,4524.743652,4410.641113,4493.589844,,,,,,,,,,,,,,,,,,,,,,,,,,,,,,,,,,,,,,,,,,,,,,,,,,,,,,,,,,,,,,,,,,,,,,
1769162267.042223,1769162267.043248,64.0,0.0,4308.589844,4278.461426,4337.692383,4323.333496,4278.717773,4277.179688,4319.615234,4279.615234,4268.205078,4270.128418,4555.384766,4530.641113,4412.307617,4502.820313,,,,,,,,,,,,,,,,,,,,,,,,,,,,,,,,,,,,,,,,,,,,,,,,,,,,,,,,,,,,,,,,,,,,,,
1769162267.050031,1769162267.051057,65.0,0.0,4317.179688,4283.974121,4342.563965,4324.871582,4283.205078,4279.743652,4323.846191,4293.077148,4277.436035,4259.871582,4558.461426,4536.922852,4413.077148,4511.282227,,,,,,,,,,,,,,,,,,,,,,,,,,,,,,,,,,,,,,,,,,,,,,,,,,,,,,,,,,,,,,,,,,,,,,
1769162267.05784,1769162267.058765,66.0,0.0,4326.025879,4287.436035,4342.94873,4330.641113,4281.025879,4282.179688,4328.717773,4295.384766,4276.922852,4261.282227,4556.666504,4527.436035,4412.563965,4511.794922,,,,,,,,,,,,,,,,,,,,,,,,,,,,,,,,,,,,,,,,,,,,,,,,,,,,,,,,,,,,,,,,,,,,,,
1769162267.065648,1769162267.066574,67.0,0.0,4323.717773,4290.769043,4341.538574,4333.589844,4281.153809,4278.077148,4322.179688,4282.05127,4263.333496,4271.922852,4552.692383,4519.487305,4410.641113,4508.846191,,,,,,,,,,,,,,,,,,,,,,,,,,,,,,,,,,,,,,,,,,,,,,,,,,,,,,,,,,,,,,,,,,,,,,
1769162267.073457,1769162267.074182,68.0,0.0,4320.0,4290.128418,4341.794922,4328.333496,4286.794922,4274.230957,4311.025879,4281.025879,4265.0,4276.922852,4559.743652,4527.436035,4416.153809,4507.94873,,,,,,,,,,,,,,,,,,,,,,,,,,,,,,,,,,,,,,,,,,,,,,,,,,,,,,,,,,,,,,,,,,,,,,
1769162267.081265,1769162267.081991,69.0,0.0,4321.410156,4284.230957,4342.436035,4323.461426,4286.153809,4281.922852,4316.922852,4293.077148,4275.128418,4277.692383,4569.615234,4537.436035,4427.436035,4516.153809,,,,,,,,,,,,,,,,,,,,,,,,,,,,,,,,,,,,,,,,,,,,,,,,,,,,,,,,,,,,,,,,,,,,,,
1769162267.089074,1769162267.089699,70.0,0.0,4320.897461,4284.102539,4341.538574,4324.358887,4280.256348,4287.692383,4326.794922,4301.025879,4282.307617,4279.230957,4574.358887,4540.128418,4430.384766,4525.0,,,,,,,,,,,,,,,,,,,,,,,,,,,,,,,,,,,,,,,,,,,,,,,,,,,,,,,,,,,,,,,,,,,,,,
1769162267.096882,1769162267.097508,71.0,0.0,4321.410156,4291.922852,4342.563965,4329.487305,4280.641113,4280.128418,4319.230957,4297.692383,4286.538574,4284.871582,4577.307617,4539.230957,4427.692383,4524.487305,,,,,,,,,,,,,,,,,,,,,,,,,,,,,,,,,,,,,,,,,,,,,,,,,,,,,,,,,,,,,,,,,,,,,,
1769162267.10469,1769162267.105516,72.0,0.0,4325.512695,4295.641113,4349.102539,4333.717773,4284.358887,4272.820313,4312.307617,4292.05127,4282.94873,4287.436035,4575.769043,4538.846191,4427.692383,4520.0,,,,,,,,,,,,,,,,,,,,,,,,,,,,,,,,,,,,,,,,,,,,,,,,,,,,,,,,,,,,,,,,,,,,,,
1769162267.112499,1769162267.113324,73.0,0.0,4327.436035,4292.94873,4355.256348,4334.358887,4283.333496,4275.512695,4318.589844,4295.769043,4282.563965,4281.794922,4572.179688,4539.871582,4430.256348,4518.205078,,,,,,,,,,,,,,,,,,,,,,,,,,,,,,,,,,,,,,,,,,,,,,,,,,,,,,,,,,,,,,,,,,,,,,
1769162267.120307,1769162267.121233,74.0,0.0,4325.256348,4291.153809,4354.615234,4334.743652,4280.512695,4278.589844,4321.922852,4297.05127,4286.153809,4282.05127,4572.307617,4538.974121,4430.769043,4515.256348,,,,,,,,,,,,,,,,,,,,,,,,,,,,,,,,,,,,,,,,,,,,,,,,,,,,,,,,,,,,,,,,,,,,,,
1769162267.128116,1769162267.129041,75.0,0.0,4325.128418,4292.179688,4349.487305,4336.025879,4281.025879,4277.94873,4318.974121,4287.05127,4282.820313,4278.333496,4569.743652,4537.692383,4427.692383,4510.384766,,,,,,,,,,,,,,,,,,,,,,,,,,,,,,,,,,,,,,,,,,,,,,,,,,,,,,,,,,,,,,,,,,,,,,
1769162267.135924,1769162267.137049,76.0,0.0,4324.102539,4293.717773,4345.128418,4331.922852,4281.153809,4277.820313,4318.846191,4279.615234,4275.256348,4266.666504,4563.461426,4535.641113,4424.487305,4505.641113,,,,,,,,,,,,,,,,,,,,,,,,,,,,,,,,,,,,,,,,,,,,,,,,,,,,,,,,,,,,,,,,,,,,,,
1769162267.143733,1769162267.144858,77.0,0.0,4314.102539,4286.538574,4339.871582,4325.641113,4278.589844,4277.179688,4321.282227,4290.384766,4277.692383,4270.897461,4562.692383,4533.974121,4424.102539,4505.384766,,,,,,,,,,,,,,,,,,,,,,,,,,,,,,,,,,,,,,,,,,,,,,,,,,,,,,,,,,,,,,,,,,,,,,
1769162267.151541,1769162267.152566,78.0,0.0,4305.512695,4279.615234,4335.128418,4326.025879,4277.820313,4279.230957,4324.230957,4299.358887,4281.538574,4282.692383,4569.871582,4536.666504,4426.282227,4515.0,0.523565,0.48974,0.292284,0.187934,0.218303,0.344136,0.141128,0.160649,0.114434,0.163101,0.53684,0.268286,0.078428,0.092046,0.121973,0.37437,0.203491,0.062281,0.075564,0.118325,0.221714,0.23734,0.114446,0.082575,0.11577,0.098572,0.256628,0.5275,0.170663,0.151861,0.068699,0.036348,0.106919,0.089496,0.071946,0.20097,0.401438,0.31134,0.174016,0.381324,0.261642,0.395796,0.152874,0.101385,0.241372,0.252669,0.197242,0.152357,0.21106,0.273332,0.091164,0.350986,0.233735,0.140781,0.292167,0.445983,0.31708,0.230969,0.149726,0.23938,0.228311,0.362017,0.135958,0.114968,0.235095,0.567827,0.445974,0.341878,0.197621,0.307374
1769162267.15935,1769162267.160375,79.0,0.0,4314.102539,4291.410156,4339.615234,4333.717773,4282.05127,4280.769043,4325.256348,4292.179688,4279.743652,4280.769043,4577.179688,4541.410156,4432.179688,4525.641113,,,,,,,,,,,,,,,,,,,,,,,,,,,,,,,,,,,,,,,,,,,,,,,,,,,,,,,,,,,,,,,,,,,,,,
1769162267.167158,1769162267.167984,80.0,0.0,4324.487305,4300.769043,4346.538574,4338.974121,4283.461426,4277.307617,4323.333496,4288.974121,4280.256348,4279.487305,4576.025879,4542.05127,4434.871582,4527.05127,,,,,,,,,,,,,,,,,,,,,,,,,,,,,,,,,,,,,,,,,,,,,,,,,,,,,,,,,,,,,,,,,,,,,,
1769162267.174966,1769162267.175792,81.0,0.0,4321.410156,4290.128418,4345.384766,4331.410156,4280.512695,4280.0,4325.128418,4293.205078,4280.384766,4280.256348,4569.487305,4537.94873,4429.487305,4518.077148,,,,,,,,,,,,,,,,,,,,,,,,,,,,,,,,,,,,,,,,,,,,,,,,,,,,,,,,,,,,,,,,,,,,,,
1769162267.182775,1769162267.1837,82.0,0.0,4321.410156,4284.487305,4346.153809,4327.179688,4280.512695,4278.974121,4326.025879,4287.436035,4279.230957,4277.692383,4570.384766,4537.563965,4425.256348,4510.128418,,,,,,,,,,,,,,,,,,,,,,,,,,,,,,,,,,,,,,,,,,,,,,,,,,,,,,,,,,,,,,,,,,,,,,
1769162267.190583,1769162267.191509,83.0,0.0,4326.666504,4291.282227,4348.846191,4333.974121,4282.307617,4265.769043,4322.692383,4278.077148,4275.897461,4277.05127,4570.128418,4537.692383,4425.512695,4508.589844,,,,,,,,,,,,,,,,,,,,,,,,,,,,,,,,,,,,,,,,,,,,,,,,,,,,,,,,,,,,,,,,,,,,,,
1769162267.198392,1769162267.199517,84.0,0.0,4322.436035,4290.769043,4344.743652,4337.563965,4282.692383,4266.666504,4325.0,4285.256348,4275.769043,4270.0,4564.871582,4536.282227,4425.384766,4507.820313,,,,,,,,,,,,,,,,,,,,,,,,,,,,,,,,,,,,,,,,,,,,,,,,,,,,,,,,,,,,,,,,,,,,,,
1769162267.2062,1769162267.207326,85.0,0.0,4315.256348,4287.436035,4338.974121,4334.230957,4282.436035,4281.025879,4329.230957,4298.461426,4281.794922,4263.974121,4566.538574,4538.974121,4425.769043,4507.692383,,,,,,,,,,,,,,,,,,,,,,,,,,,,,,,,,,,,,,,,,,,,,,,,,,,,,,,,,,,,,,,,,,,,,,
1769162267.214009,1769162267.215034,86.0,0.0,4317.307617,4291.538574,4339.487305,4333.333496,4282.307617,4281.666504,4327.563965,4293.846191,4281.538574,4272.820313,4571.666504,4539.102539,4426.794922,4512.563965,,,,,,,,,,,,,,,,,,,,,,,,,,,,,,,,,,,,,,,,,,,,,,,,,,,,,,,,,,,,,,,,,,,,,,
1769162267.221817,1769162267.222843,87.0,0.0,4321.794922,4293.974121,4344.615234,4332.692383,4283.205078,4275.641113,4325.384766,4286.538574,4279.743652,4280.256348,4573.461426,4537.307617,4427.436035,4519.487305,,,,,,,,,,,,,,,,,,,,,,,,,,,,,,,,,,,,,,,,,,,,,,,,,,,,,,,,,,,,,,,,,,,,,,
1769162267.229626,1769162267.230451,88.0,0.0,4324.487305,4293.717773,4352.05127,4333.974121,4284.102539,4278.974121,4327.307617,4297.179688,4288.846191,4278.461426,4578.589844,4548.205078,4430.641113,4524.230957,,,,,,,,,,,,,,,,,,,,,,,,,,,,,,,,,,,,,,,,,,,,,,,,,,,,,,,,,,,,,,,,,,,,,,
1769162267.237434,1769162267.23826,89.0,0.0,4327.307617,4293.717773,4356.794922,4339.487305,4282.820313,4282.05127,4328.077148,4302.563965,4293.717773,4280.641113,4580.384766,4554.487305,4431.666504,4523.205078,,,,,,,,,,,,,,,,,,,,,,,,,,,,,,,,,,,,,,,,,,,,,,,,,,,,,,,,,,,,,,,,,,,,,,
1769162267.245242,1769162267.246168,90.0,0.0,4324.102539,4289.358887,4355.769043,4337.179688,4280.0,4281.538574,4325.897461,4287.307617,4281.922852,4277.820313,4572.05127,4541.538574,4427.436035,4511.666504,,,,,,,,,,,,,,,,,,,,,,,,,,,,,,,,,,,,,,,,,,,,,,,,,,,,,,,,,,,,,,,,,,,,,,
1769162267.253051,1769162267.253976,91.0,0.0,4321.410156,4288.205078,4353.974121,4332.436035,4280.128418,4281.282227,4325.897461,4279.487305,4274.615234,4264.871582,4566.538574,4533.974121,4425.897461,4505.897461,,,,,,,,,,,,,,,,,,,,,,,,,,,,,,,,,,,,,,,,,,,,,,,,,,,,,,,,,,,,,,,,,,,,,,
1769162267.260859,1769162267.261585,92.0,0.0,4325.256348,4292.436035,4356.282227,4333.589844,4281.282227,4280.512695,4326.922852,4291.282227,4279.871582,4267.307617,4571.794922,4541.282227,4428.333496,4516.282227,,,,,,,,,,,,,,,,,,,,,,,,,,,,,,,,,,,,,,,,,,,,,,,,,,,,,,,,,,,,,,,,,,,,,,
1769162267.268668,1769162267.269393,93.0,0.0,4325.0,4290.897461,4360.128418,4330.641113,4279.871582,4277.820313,4328.589844,4295.897461,4280.897461,4280.128418,4573.205078,4546.794922,4428.205078,4518.974121,,,,,,,,,,,,,,,,,,,,,,,,,,,,,,,,,,,,,,,,,,,,,,,,,,,,,,,,,,,,,,,,,,,,,,
1769162267.276476,1769162267.277102,94.0,0.0,4320.384766,4288.846191,4358.461426,4323.589844,4278.717773,4274.102539,4327.692383,4290.256348,4278.077148,4279.871582,4572.05127,4549.487305,4425.0,4513.589844,0.424096,0.493384,0.305942,0.200423,0.258063,0.273165,0.142512,0.160345,0.121475,0.176325,0.511415,0.277017,0.088037,0.13612,0.132869,0.394755,0.19548,0.062582,0.089256,0.145862,0.195785,0.246328,0.099236,0.075519,0.111224,0.092282,0.278479,0.462285,0.179626,0.150419,0.072534,0.044677,0.102465,0.092745,0.072794,0.208262,0.4685,0.345028,0.177983,0.373627,0.27132,0.377824,0.133881,0.102219,0.26557,0.270123,0.232084,0.169047,0.219145,0.28245,0.079928,0.322268,0.198915,0.12732,0.272906,0.435227,0.299782,0.20274,0.145106,0.24713,0.217733,0.330513,0.127342,0.106157,0.216048,0.558039,0.438947,0.292964,0.200685,0.285444
1769162267.284285,1769162267.28491,95.0,0.0,4325.256348,4294.102539,4359.487305,4325.128418,4279.615234,4277.05127,4326.410156,4291.922852,4279.743652,4276.282227,4576.794922,4554.487305,4426.410156,4520.256348,,,,,,,,,,,,,,,,,,,,,,,,,,,,,,,,,,,,,,,,,,,,,,,,,,,,,,,,,,,,,,,,,,,,,,
1769162267.292093,1769162267.292519,96.0,0.0,4333.974121,4296.922852,4369.743652,4330.0,4279.871582,4283.077148,4331.153809,4295.128418,4281.922852,4279.743652,4577.307617,4557.94873,4430.897461,4529.615234,,,,,,,,,,,,,,,,,,,,,,,,,,,,,,,,,,,,,,,,,,,,,,,,,,,,,,,,,,,,,,,,,,,,,,
1769162267.299902,1769162267.300328,97.0,0.0,4332.05127,4293.974121,4372.820313,4326.282227,4278.846191,4282.436035,4333.846191,4298.205078,4283.974121,4281.282227,4573.717773,4556.794922,4426.794922,4523.846191,,,,,,,,,,,,,,,,,,,,,,,,,,,,,,,,,,,,,,,,,,,,,,,,,,,,,,,,,,,,,,,,,,,,,,
1769162267.30771,1769162267.308236,98.0,0.0,4324.358887,4292.307617,4366.794922,4321.794922,4278.461426,4275.641113,4327.94873,4293.205078,4278.717773,4274.743652,4570.769043,4547.692383,4415.128418,4511.538574,,,,,,,,,,,,,,,,,,,,,,,,,,,,,,,,,,,,,,,,,,,,,,,,,,,,,,,,,,,,,,,,,,,,,,
1769162267.315519,1769162267.316044,99.0,0.0,4319.230957,4292.179688,4368.846191,4321.153809,4277.563965,4272.307617,4323.077148,4281.666504,4273.589844,4266.153809,4566.666504,4539.615234,4410.641113,4503.717773,,,,,,,,,,,,,,,,,,,,,,,,,,,,,,,,,,,,,,,,,,,,,,,,,,,,,,,,,,,,,,,,,,,,,,
1769162267.323327,1769162267.324053,100.0,0.0,4322.05127,4292.820313,4373.461426,4318.205078,4276.794922,4278.077148,4327.692383,4285.0,4277.563965,4265.256348,4564.871582,4539.615234,4413.461426,4504.487305,,,,,,,,,,,,,,,,,,,,,,,,,,,,,,,,,,,,,,,,,,,,,,,,,,,,,,,,,,,,,,,,,,,,,,
1769162267.331135,1769162267.331861,101.0,0.0,4325.641113,4297.179688,4369.615234,4313.846191,4277.436035,4284.871582,4328.333496,4287.820313,4276.794922,4274.102539,4566.794922,4538.974121,4412.563965,4507.692383,,,,,,,,,,,,,,,,,,,,,,,,,,,,,,,,,,,,,,,,,,,,,,,,,,,,,,,,,,,,,,,,,,,,,,
1769162267.338944,1769162267.339769,102.0,0.0,4318.205078,4294.615234,4362.692383,4310.256348,4279.487305,4282.436035,4323.974121,4280.128418,4271.153809,4278.205078,4568.717773,4538.333496,4412.436035,4500.384766,,,,,,,,,,,,,,,,,,,,,,,,,,,,,,,,,,,,,,,,,,,,,,,,,,,,,,,,,,,,,,,,,,,,,,
1769162267.346752,1769162267.347578,103.0,0.0,4308.205078,4284.743652,4357.307617,4305.512695,4281.025879,4279.871582,4329.743652,4283.077148,4273.589844,4274.230957,4567.436035,4536.025879,4414.871582,4492.692383,,,,,,,,,,,,,,,,,,,,,,,,,,,,,,,,,,,,,,,,,,,,,,,,,,,,,,,,,,,,,,,,,,,,,,
1769162267.354561,1769162267.355187,104.0,0.0,4306.922852,4278.717773,4355.384766,4301.922852,4279.615234,4283.846191,4333.717773,4290.0,4277.820313,4273.974121,4560.384766,4532.307617,4413.717773,4489.871582,,,,,,,,,,,,,,,,,,,,,,,,,,,,,,,,,,,,,,,,,,,,,,,,,,,,,,,,,,,,,,,,,,,,,,
1769162267.362369,1769162267.362995,105.0,0.0,4309.102539,4279.871582,4359.230957,4302.820313,4278.205078,4279.615234,4329.230957,4285.769043,4276.538574,4276.153809,4552.820313,4533.461426,4409.615234,4489.615234,,,,,,,,,,,,,,,,,,,,,,,,,,,,,,,,,,,,,,,,,,,,,,,,,,,,,,,,,,,,,,,,,,,,,,
1769162267.370178,1769162267.370704,106.0,0.0,4311.794922,4286.410156,4365.384766,4305.769043,4279.743652,4275.384766,4329.102539,4289.230957,4279.615234,4275.512695,4558.461426,4538.846191,4412.436035,4500.128418,,,,,,,,,,,,,,,,,,,,,,,,,,,,,,,,,,,,,,,,,,,,,,,,,,,,,,,,,,,,,,,,,,,,,,
1769162267.377986,1769162267.378512,107.0,0.0,4319.871582,4292.692383,4370.641113,4306.025879,4281.922852,4286.794922,4336.025879,4297.692383,4286.794922,4276.666504,4569.358887,4539.615234,4418.589844,4508.846191,,,,,,,,,,,,,,,,,,,,,,,,,,,,,,,,,,,,,,,,,,,,,,,,,,,,,,,,,,,,,,,,,,,,,,
1769162267.385795,1769162267.38652,108.0,0.0,4325.128418,4295.128418,4373.333496,4305.641113,4282.563965,4293.461426,4335.769043,4293.974121,4287.563965,4277.563965,4570.0,4536.666504,4416.282227,4499.102539,,,,,,,,,,,,,,,,,,,,,,,,,,,,,,,,,,,,,,,,,,,,,,,,,,,,,,,,,,,,,,,,,,,,,,
1769162267.393603,1769162267.394329,109.0,0.0,4320.0,4296.410156,4374.358887,4304.743652,4282.179688,4284.487305,4331.794922,4292.820313,4287.563965,4278.461426,4564.358887,4536.538574,4413.461426,4492.179688,,,,,,,,,,,,,,,,,,,,,,,,,,,,,,,,,,,,,,,,,,,,,,,,,,,,,,,,,,,,,,,,,,,,,,
1769162267.401411,1769162267.402237,110.0,0.0,4312.05127,4296.666504,4375.0,4299.871582,4282.179688,4280.128418,4335.256348,4297.820313,4291.666504,4280.0,4561.410156,4538.974121,4415.641113,4498.333496,0.392073,0.464893,0.302329,0.240495,0.292332,0.252685,0.155734,0.162238,0.140007,0.183762,0.544685,0.27946,0.104969,0.215469,0.136095,0.417211,0.200149,0.080637,0.119912,0.170399,0.191475,0.245224,0.113219,0.075529,0.103309,0.086767,0.275189,0.387192,0.205852,0.151645,0.086158,0.057234,0.105571,0.109237,0.076202,0.227163,0.531466,0.353266,0.187835,0.345344,0.287433,0.351798,0.126823,0.113628,0.274363,0.303844,0.268075,0.216936,0.235235,0.276694,0.097428,0.300944,0.195138,0.131253,0.229138,0.429356,0.293196,0.177766,0.159497,0.24726,0.22873,0.298051,0.136146,0.113364,0.183261,0.622664,0.404654,0.265425,0.218745,0.248275
1769162267.40922,1769162267.410045,111.0,0.0,4310.256348,4293.333496,4371.794922,4294.230957,4281.282227,4281.666504,4333.846191,4296.025879,4291.410156,4278.077148,4563.974121,4538.974121,4420.769043,4496.666504,,,,,,,,,,,,,,,,,,,,,,,,,,,,,,,,,,,,,,,,,,,,,,,,,,,,,,,,,,,,,,,,,,,,,,
1769162267.417028,1769162267.417654,112.0,0.0,4316.794922,4293.333496,4370.384766,4295.897461,4281.794922,4280.0,4326.794922,4288.589844,4284.358887,4276.666504,4570.769043,4536.794922,4426.025879,4498.846191,,,,,,,,,,,,,,,,,,,,,,,,,,,,,,,,,,,,,,,,,,,,,,,,,,,,,,,,,,,,,,,,,,,,,,
1769162267.424837,1769162267.425463,113.0,0.0,4324.743652,4296.794922,4376.153809,4299.743652,4284.102539,4283.077148,4328.974121,4287.820313,4281.666504,4279.358887,4568.333496,4539.230957,4424.743652,4504.102539,,,,,,,,,,,,,,,,,,,,,,,,,,,,,,,,,,,,,,,,,,,,,,,,,,,,,,,,,,,,,,,,,,,,,,
1769162267.432645,1769162267.433171,114.0,0.0,4326.666504,4295.769043,4383.077148,4298.205078,4287.179688,4285.384766,4333.077148,4285.769043,4281.025879,4276.794922,4557.820313,4537.307617,4414.230957,4496.666504,,,,,,,,,,,,,,,,,,,,,,,,,,,,,,,,,,,,,,,,,,,,,,,,,,,,,,,,,,,,,,,,,,,,,,
1769162267.440454,1769162267.44098,115.0,0.0,4331.025879,4299.230957,4386.922852,4300.897461,4287.436035,4280.769043,4329.358887,4279.358887,4276.794922,4273.205078,4562.436035,4534.743652,4415.769043,4499.230957,,,,,,,,,,,,,,,,,,,,,,,,,,,,,,,,,,,,,,,,,,,,,,,,,,,,,,,,,,,,,,,,,,,,,,
1769162267.448262,1769162267.448988,116.0,0.0,4338.077148,4302.94873,4391.153809,4304.358887,4283.974121,4278.974121,4328.974121,4283.589844,4279.230957,4277.563965,4574.615234,4547.563965,4430.512695,4513.589844,,,,,,,,,,,,,,,,,,,,,,,,,,,,,,,,,,,,,,,,,,,,,,,,,,,,,,,,,,,,,,,,,,,,,,
1769162267.456071,1769162267.456796,117.0,0.0,4333.717773,4297.05127,4389.743652,4298.846191,4281.538574,4281.666504,4332.179688,4294.487305,4283.717773,4282.436035,4572.94873,4553.589844,4429.358887,4511.922852,,,,,,,,,,,,,,,,,,,,,,,,,,,,,,,,,,,,,,,,,,,,,,,,,,,,,,,,,,,,,,,,,,,,,,
1769162267.463879,1769162267.464505,118.0,0.0,4328.717773,4291.538574,4381.666504,4291.666504,4282.563965,4287.05127,4329.358887,4293.717773,4280.641113,4279.358887,4568.717773,4542.05127,4419.102539,4506.282227,,,,,,,,,,,,,,,,,,,,,,,,,,,,,,,,,,,,,,,,,,,,,,,,,,,,,,,,,,,,,,,,,,,,,,
1769162267.471687,1769162267.472313,119.0,0.0,4328.461426,4294.871582,4377.05127,4291.666504,4283.589844,4292.179688,4329.102539,4284.615234,4278.333496,4270.128418,4568.333496,4535.128418,4415.128418,4506.666504,,,,,,,,,,,,,,,,,,,,,,,,,,,,,,,,,,,,,,,,,,,,,,,,,,,,,,,,,,,,,,,,,,,,,,
1769162267.479496,1769162267.479922,120.0,0.0,4317.563965,4296.153809,4375.0,4290.0,4281.922852,4293.717773,4335.897461,4284.743652,4279.487305,4262.436035,4559.230957,4536.922852,4408.461426,4497.820313,,,,,,,,,,,,,,,,,,,,,,,,,,,,,,,,,,,,,,,,,,,,,,,,,,,,,,,,,,,,,,,,,,,,,,
1769162267.487304,1769162267.48773,121.0,0.0,4309.743652,4288.974121,4370.128418,4280.384766,4282.307617,4296.794922,4337.692383,4290.769043,4276.794922,4264.358887,4552.05127,4536.538574,4399.615234,4488.974121,,,,,,,,,,,,,,,,,,,,,,,,,,,,,,,,,,,,,,,,,,,,,,,,,,,,,,,,,,,,,,,,,,,,,,
1769162267.495113,1769162267.495439,122.0,0.0,4317.179688,4285.384766,4370.0,4279.230957,4282.692383,4291.282227,4331.538574,4293.333496,4278.846191,4270.384766,4560.384766,4534.487305,4403.205078,4490.641113,,,,,,,,,,,,,,,,,,,,,,,,,,,,,,,,,,,,,,,,,,,,,,,,,,,,,,,,,,,,,,,,,,,,,,
1769162267.502921,1769162267.503247,123.0,0.0,4321.666504,4290.384766,4377.05127,4287.307617,4280.769043,4280.384766,4326.922852,4293.461426,4286.538574,4273.589844,4569.615234,4539.871582,4417.179688,4499.102539,,,,,,,,,,,,,,,,,,,,,,,,,,,,,,,,,,,,,,,,,,,,,,,,,,,,,,,,,,,,,,,,,,,,,,
1769162267.51073,1769162267.511256,124.0,0.0,4321.794922,4295.897461,4381.922852,4290.0,4280.0,4286.666504,4326.410156,4290.641113,4284.230957,4277.94873,4571.538574,4547.307617,4427.436035,4509.743652,,,,,,,,,,,,,,,,,,,,,,,,,,,,,,,,,,,,,,,,,,,,,,,,,,,,,,,,,,,,,,,,,,,,,,
1769162267.518538,1769162267.519064,125.0,0.0,4327.692383,4298.589844,4380.641113,4289.615234,4281.153809,4292.692383,4328.333496,4292.436035,4280.769043,4284.358887,4574.871582,4547.94873,4429.871582,4513.717773,,,,,,,,,,,,,,,,,,,,,,,,,,,,,,,,,,,,,,,,,,,,,,,,,,,,,,,,,,,,,,,,,,,,,,
1769162267.526347,1769162267.526972,126.0,0.0,4326.922852,4297.307617,4379.615234,4291.666504,4281.410156,4280.256348,4326.282227,4291.282227,4282.179688,4278.461426,4570.512695,4538.974121,4421.538574,4505.0,0.440881,0.424371,0.288303,0.300887,0.310039,0.284646,0.173425,0.163184,0.164932,0.184809,0.624262,0.280543,0.127101,0.319704,0.130326,0.434142,0.212652,0.108365,0.161627,0.18507,0.200569,0.232286,0.149555,0.080478,0.094396,0.085037,0.245594,0.313144,0.243128,0.1561,0.092977,0.075248,0.11418,0.135263,0.08436,0.255301,0.572825,0.332706,0.202803,0.311089,0.315565,0.319587,0.129996,0.132107,0.268745,0.345834,0.305142,0.31131,0.258947,0.25855,0.155658,0.285165,0.24075,0.154216,0.174967,0.429636,0.295608,0.168901,0.191508,0.239381,0.265155,0.267125,0.171253,0.133679,0.143732,0.751349,0.361638,0.301432,0.255114,0.204977
1769162267.534155,1769162267.534781,127.0,0.0,4326.410156,4294.871582,4379.487305,4291.794922,4280.897461,4275.384766,4319.615234,4280.641113,4274.358887,4265.897461,4558.077148,4533.461426,4413.461426,4499.487305,,,,,,,,,,,,,,,,,,,,,,,,,,,,,,,,,,,,,,,,,,,,,,,,,,,,,,,,,,,,,,,,,,,,,,
1769162267.541963,1769162267.542789,0.0,0.0,4336.282227,4300.897461,4385.641113,4293.077148,4279.487305,4279.743652,4318.589844,4275.384766,4271.922852,4266.538574,4559.615234,4542.436035,4416.282227,4505.512695,,,,,,,,,,,,,,,,,,,,,,,,,,,,,,,,,,,,,,,,,,,,,,,,,,,,,,,,,,,,,,,,,,,,,,
1769162267.549772,1769162267.550597,1.0,0.0,4339.871582,4305.256348,4393.205078,4296.538574,4281.025879,4279.871582,4324.743652,4281.025879,4278.461426,4269.615234,4570.641113,4552.436035,4421.794922,4510.256348,,,,,,,,,,,,,,,,,,,,,,,,,,,,,,,,,,,,,,,,,,,,,,,,,,,,,,,,,,,,,,,,,,,,,,
1769162267.557581,1769162267.558506,2.0,0.0,4337.94873,4298.333496,4391.666504,4294.743652,4287.05127,4286.410156,4329.230957,4280.128418,4272.179688,4263.717773,4570.384766,4551.282227,4423.205078,4511.153809,,,,,,,,,,,,,,,,,,,,,,,,,,,,,,,,,,,,,,,,,,,,,,,,,,,,,,,,,,,,,,,,,,,,,,
1769162267.565389,1769162267.566314,3.0,0.0,4335.512695,4292.563965,4390.128418,4292.563965,4291.025879,4292.307617,4327.307617,4277.563965,4268.205078,4266.153809,4566.922852,4547.307617,4424.871582,4509.871582,,,,,,,,,,,,,,,,,,,,,,,,,,,,,,,,,,,,,,,,,,,,,,,,,,,,,,,,,,,,,,,,,,,,,,
1769162267.573197,1769162267.574323,4.0,0.0,4330.897461,4296.410156,4396.282227,4295.256348,4291.153809,4289.102539,4326.922852,4288.205078,4279.358887,4278.846191,4570.384766,4552.05127,4427.94873,4510.128418,,,,,,,,,,,,,,,,,,,,,,,,,,,,,,,,,,,,,,,,,,,,,,,,,,,,,,,,,,,,,,,,,,,,,,
1769162267.581006,1769162267.582131,5.0,0.0,4327.179688,4298.461426,4399.487305,4290.641113,4287.307617,4285.897461,4328.589844,4297.436035,4284.871582,4278.717773,4573.974121,4559.743652,4422.05127,4511.922852,,,,,,,,,,,,,,,,,,,,,,,,,,,,,,,,,,,,,,,,,,,,,,,,,,,,,,,,,,,,,,,,,,,,,,
1769162267.588814,1769162267.58984,6.0,0.0,4326.410156,4292.436035,4393.589844,4281.666504,4280.769043,4281.922852,4328.461426,4292.307617,4278.974121,4266.794922,4567.179688,4550.769043,4413.461426,4507.436035,,,,,,,,,,,,,,,,,,,,,,,,,,,,,,,,,,,,,,,,,,,,,,,,,,,,,,,,,,,,,,,,,,,,,,
1769162267.596623,1769162267.597648,7.0,0.0,4329.358887,4288.589844,4390.641113,4282.820313,4279.230957,4279.615234,4327.307617,4281.922852,4273.589844,4262.692383,4556.025879,4540.256348,4410.769043,4505.384766,,,,,,,,,,,,,,,,,,,,,,,,,,,,,,,,,,,,,,,,,,,,,,,,,,,,,,,,,,,,,,,,,,,,,,
1769162267.604431,1769162267.605257,8.0,0.0,4337.307617,4293.589844,4398.589844,4292.692383,4282.307617,4282.05127,4325.897461,4275.384766,4269.358887,4263.077148,4560.128418,4543.974121,4413.077148,4515.128418,,,,,,,,,,,,,,,,,,,,,,,,,,,,,,,,,,,,,,,,,,,,,,,,,,,,,,,,,,,,,,,,,,,,,,
1769162267.61224,1769162267.613065,9.0,0.0,4340.0,4298.846191,4405.384766,4293.077148,4282.692383,4279.615234,4324.615234,4278.205078,4271.153809,4263.461426,4573.717773,4547.94873,4421.282227,4519.230957,,,,,,,,,,,,,,,,,,,,,,,,,,,,,,,,,,,,,,,,,,,,,,,,,,,,,,,,,,,,,,,,,,,,,,
1769162267.620048,1769162267.620774,10.0,0.0,4328.333496,4293.077148,4398.589844,4281.282227,4280.897461,4277.05127,4325.512695,4281.153809,4277.05127,4264.487305,4567.307617,4541.794922,4425.0,4507.436035,,,,,,,,,,,,,,,,,,,,,,,,,,,,,,,,,,,,,,,,,,,,,,,,,,,,,,,,,,,,,,,,,,,,,,
1769162267.627857,1769162267.628582,11.0,0.0,4321.025879,4288.077148,4396.410156,4275.641113,4281.666504,4281.538574,4329.102539,4280.769043,4274.102539,4262.563965,4554.230957,4537.307617,4418.205078,4501.794922,,,,,,,,,,,,,,,,,,,,,,,,,,,,,,,,,,,,,,,,,,,,,,,,,,,,,,,,,,,,,,,,,,,,,,
1769162267.635665,1769162267.63659,12.0,0.0,4329.230957,4290.641113,4408.589844,4283.717773,4281.922852,4277.94873,4322.05127,4279.743652,4267.436035,4259.871582,4552.94873,4537.692383,4411.794922,4506.025879,,,,,,,,,,,,,,,,,,,,,,,,,,,,,,,,,,,,,,,,,,,,,,,,,,,,,,,,,,,,,,,,,,,,,,
1769162267.643474,1769162267.644399,13.0,0.0,4336.025879,4292.179688,4414.358887,4291.153809,4280.641113,4272.307617,4310.384766,4276.282227,4263.333496,4258.077148,4546.794922,4535.256348,4411.410156,4503.589844,,,,,,,,,,,,,,,,,,,,,,,,,,,,,,,,,,,,,,,,,,,,,,,,,,,,,,,,,,,,,,,,,,,,,,
1769162267.651282,1769162267.652307,14.0,0.0,4332.307617,4292.436035,4415.641113,4287.436035,4282.05127,4277.692383,4315.384766,4276.025879,4262.563965,4253.589844,4538.846191,4536.410156,4410.256348,4495.897461,0.556945,0.396903,0.276718,0.365988,0.304417,0.345574,0.190951,0.161172,0.188842,0.179797,0.715674,0.288332,0.161063,0.424897,0.116763,0.447166,0.226496,0.138201,0.203127,0.185439,0.213377,0.211004,0.193438,0.086624,0.086029,0.087869,0.199542,0.249568,0.27996,0.162708,0.103064,0.099231,0.125877,0.161599,0.097166,0.293289,0.580754,0.293648,0.218589,0.285833,0.363673,0.285214,0.143091,0.150979,0.253433,0.389313,0.342811,0.444183,0.286804,0.234958,0.248624,0.275898,0.334441,0.192364,0.126965,0.43687,0.302005,0.185074,0.233176,0.225173,0.328801,0.242314,0.229827,0.162636,0.107586,0.905256,0.328893,0.416935,0.307957,0.168541
1769162267.65909,1769162267.660116,15.0,0.0,4327.436035,4291.666504,4421.410156,4283.846191,4285.256348,4284.358887,4326.666504,4279.102539,4262.820313,4249.871582,4544.358887,4538.974121,4411.666504,4493.333496,,,,,,,,,,,,,,,,,,,,,,,,,,,,,,,,,,,,,,,,,,,,,,,,,,,,,,,,,,,,,,,,,,,,,,
1769162267.666899,1769162267.667724,16.0,0.0,4327.05127,4286.025879,4425.0,4283.461426,4285.0,4281.922852,4327.820313,4277.179688,4263.205078,4251.410156,4545.769043,4536.538574,4411.794922,4491.794922,,,,,,,,,,,,,,,,,,,,,,,,,,,,,,,,,,,,,,,,,,,,,,,,,,,,,,,,,,,,,,,,,,,,,,
1769162267.674707,1769162267.675533,17.0,0.0,4325.128418,4278.589844,4424.230957,4279.615234,4280.769043,4277.692383,4324.230957,4274.487305,4262.436035,4249.230957,4539.615234,4535.512695,4405.0,4491.282227,,,,,,,,,,,,,,,,,,,,,,,,,,,,,,,,,,,,,,,,,,,,,,,,,,,,,,,,,,,,,,,,,,,,,,
1769162267.682516,1769162267.683241,18.0,0.0,4323.846191,4279.358887,4426.666504,4280.384766,4279.615234,4279.358887,4321.538574,4276.922852,4264.230957,4253.461426,4546.025879,4537.179688,4407.94873,4500.128418,,,,,,,,,,,,,,,,,,,,,,,,,,,,,,,,,,,,,,,,,,,,,,,,,,,,,,,,,,,,,,,,,,,,,,
1769162267.690324,1769162267.69105,19.0,0.0,4327.436035,4282.179688,4434.615234,4287.436035,4280.641113,4282.820313,4321.282227,4280.128418,4272.820313,4265.128418,4556.538574,4540.769043,4415.897461,4510.256348,,,,,,,,,,,,,,,,,,,,,,,,,,,,,,,,,,,,,,,,,,,,,,,,,,,,,,,,,,,,,,,,,,,,,,
1769162267.698133,1769162267.698658,20.0,0.0,4327.436035,4280.512695,4441.282227,4290.769043,4279.487305,4282.563965,4323.333496,4279.615234,4272.179688,4257.307617,4552.820313,4541.410156,4411.025879,4506.410156,,,,,,,,,,,,,,,,,,,,,,,,,,,,,,,,,,,,,,,,,,,,,,,,,,,,,,,,,,,,,,,,,,,,,,
1769162267.705941,1769162267.706467,21.0,0.0,4327.820313,4283.077148,4443.205078,4289.871582,4279.102539,4279.743652,4322.307617,4280.641113,4265.641113,4251.025879,4551.025879,4541.410156,4410.256348,4503.846191,,,,,,,,,,,,,,,,,,,,,,,,,,,,,,,,,,,,,,,,,,,,,,,,,,,,,,,,,,,,,,,,,,,,,,
1769162267.71375,1769162267.714375,22.0,0.0,4332.692383,4289.743652,4443.846191,4292.692383,4279.871582,4280.769043,4320.384766,4282.05127,4267.05127,4263.461426,4555.641113,4541.922852,4417.307617,4509.615234,,,,,,,,,,,,,,,,,,,,,,,,,,,,,,,,,,,,,,,,,,,,,,,,,,,,,,,,,,,,,,,,,,,,,,
1769162267.721558,1769162267.722184,23.0,0.0,4333.974121,4288.974121,4446.666504,4296.538574,4280.897461,4280.897461,4321.153809,4276.922852,4263.974121,4260.641113,4552.179688,4538.717773,4413.846191,4508.846191,,,,,,,,,,,,,,,,,,,,,,,,,,,,,,,,,,,,,,,,,,,,,,,,,,,,,,,,,,,,,,,,,,,,,,
1769162267.729366,1769162267.730192,24.0,0.0,4333.717773,4285.0,4450.897461,4296.794922,4279.615234,4276.282227,4318.974121,4279.871582,4264.487305,4251.153809,4555.384766,4540.897461,4415.769043,4506.025879,,,,,,,,,,,,,,,,,,,,,,,,,,,,,,,,,,,,,,,,,,,,,,,,,,,,,,,,,,,,,,,,,,,,,,
1769162267.737175,1769162267.738,25.0,0.0,4338.077148,4286.410156,4457.692383,4295.256348,4277.436035,4276.410156,4318.717773,4289.615234,4275.641113,4261.153809,4567.05127,4550.769043,4427.436035,4508.717773,,,,,,,,,,,,,,,,,,,,,,,,,,,,,,,,,,,,,,,,,,,,,,,,,,,,,,,,,,,,,,,,,,,,,,
1769162267.744983,1769162267.745909,26.0,0.0,4338.333496,4286.282227,4462.179688,4295.384766,4278.589844,4281.410156,4323.974121,4286.794922,4273.974121,4267.05127,4567.692383,4555.256348,4427.179688,4510.0,,,,,,,,,,,,,,,,,,,,,,,,,,,,,,,,,,,,,,,,,,,,,,,,,,,,,,,,,,,,,,,,,,,,,,
1769162267.752792,1769162267.753717,27.0,0.0,4326.282227,4277.820313,4460.897461,4292.179688,4279.487305,4282.307617,4327.179688,4283.846191,4271.410156,4262.94873,4567.820313,4553.461426,4424.615234,4509.358887,,,,,,,,,,,,,,,,,,,,,,,,,,,,,,,,,,,,,,,,,,,,,,,,,,,,,,,,,,,,,,,,,,,,,,
1769162267.7606,1769162267.761725,28.0,0.0,4321.538574,4276.666504,4460.641113,4290.769043,4279.102539,4277.179688,4325.384766,4286.922852,4278.461426,4266.794922,4573.077148,4552.692383,4425.0,4504.487305,,,,,,,,,,,,,,,,,,,,,,,,,,,,,,,,,,,,,,,,,,,,,,,,,,,,,,,,,,,,,,,,,,,,,,
1769162267.768409,1769162267.769534,29.0,0.0,4335.128418,4290.512695,4460.384766,4299.487305,4278.589844,4275.384766,4321.410156,4280.384766,4271.025879,4266.794922,4567.436035,4550.897461,4415.128418,4499.230957,,,,,,,,,,,,,,,,,,,,,,,,,,,,,,,,,,,,,,,,,,,,,,,,,,,,,,,,,,,,,,,,,,,,,,
1769162267.776217,1769162267.777242,30.0,0.0,4346.153809,4299.743652,4460.641113,4302.820313,4278.846191,4280.128418,4321.666504,4272.820313,4260.897461,4263.461426,4563.205078,4546.794922,4414.230957,4505.769043,0.719028,0.400155,0.282746,0.41866,0.276129,0.406524,0.206003,0.157999,0.205963,0.170175,0.817377,0.306069,0.217991,0.502415,0.099007,0.457103,0.236608,0.167076,0.232825,0.171824,0.220267,0.187206,0.228976,0.090731,0.078361,0.094078,0.158422,0.204274,0.305372,0.169088,0.109553,0.128657,0.137925,0.177918,0.111993,0.33768,0.558719,0.250149,0.230527,0.276859,0.435383,0.258617,0.161753,0.163903,0.233508,0.434731,0.375278,0.582112,0.315612,0.213225,0.359291,0.272341,0.450325,0.239976,0.097178,0.457334,0.305643,0.225547,0.273408,0.207469,0.425068,0.226414,0.296414,0.199743,0.083256,1.05845,0.313482,0.596257,0.370716,0.148977
1769162267.784026,1769162267.785051,31.0,0.0,4342.307617,4294.743652,4463.205078,4299.358887,4277.307617,4279.615234,4323.205078,4277.436035,4267.692383,4267.307617,4569.487305,4543.974121,4429.615234,4515.769043,,,,,,,,,,,,,,,,,,,,,,,,,,,,,,,,,,,,,,,,,,,,,,,,,,,,,,,,,,,,,,,,,,,,,,
1769162267.791834,1769162267.792759,32.0,0.0,4337.05127,4289.871582,4459.871582,4301.025879,4275.128418,4272.179688,4320.128418,4280.769043,4273.846191,4267.692383,4567.94873,4538.717773,4430.0,4511.153809,,,,,,,,,,,,,,,,,,,,,,,,,,,,,,,,,,,,,,,,,,,,,,,,,,,,,,,,,,,,,,,,,,,,,,
1769162267.799642,1769162267.800568,33.0,0.0,4338.461426,4296.153809,4460.641113,4306.153809,4277.820313,4276.794922,4317.436035,4276.922852,4274.230957,4263.846191,4565.256348,4537.05127,4422.94873,4502.94873,,,,,,,,,,,,,,,,,,,,,,,,,,,,,,,,,,,,,,,,,,,,,,,,,,,,,,,,,,,,,,,,,,,,,,
1769162267.807451,1769162267.808276,34.0,0.0,4340.0,4306.794922,4472.563965,4309.230957,4281.666504,4287.307617,4318.077148,4279.871582,4277.820313,4266.025879,4571.025879,4545.769043,4427.05127,4504.743652,,,,,,,,,,,,,,,,,,,,,,,,,,,,,,,,,,,,,,,,,,,,,,,,,,,,,,,,,,,,,,,,,,,,,,
1769162267.815259,1769162267.816085,35.0,0.0,4337.436035,4303.333496,4473.974121,4305.256348,4278.846191,4284.102539,4320.641113,4284.615234,4278.717773,4270.897461,4570.0,4551.282227,4425.128418,4506.410156,,,,,,,,,,,,,,,,,,,,,,,,,,,,,,,,,,,,,,,,,,,,,,,,,,,,,,,,,,,,,,,,,,,,,,
1769162267.823068,1769162267.823693,36.0,0.0,4337.436035,4294.743652,4467.692383,4302.436035,4276.025879,4283.077148,4325.128418,4284.871582,4277.179688,4274.358887,4566.922852,4549.358887,4421.922852,4506.025879,,,,,,,,,,,,,,,,,,,,,,,,,,,,,,,,,,,,,,,,,,,,,,,,,,,,,,,,,,,,,,,,,,,,,,
1769162267.830876,1769162267.831502,37.0,0.0,4343.846191,4301.666504,4472.179688,4308.077148,4279.871582,4292.05127,4327.692383,4285.641113,4277.307617,4277.94873,4572.05127,4550.256348,4427.179688,4506.666504,,,,,,,,,,,,,,,,,,,,,,,,,,,,,,,,,,,,,,,,,,,,,,,,,,,,,,,,,,,,,,,,,,,,,,
1769162267.838685,1769162267.83921,38.0,0.0,4349.487305,4312.307617,4481.025879,4314.743652,4281.794922,4291.410156,4325.512695,4293.077148,4283.461426,4277.692383,4574.871582,4555.128418,4428.205078,4508.974121,,,,,,,,,,,,,,,,,,,,,,,,,,,,,,,,,,,,,,,,,,,,,,,,,,,,,,,,,,,,,,,,,,,,,,
1769162267.846493,1769162267.847019,39.0,0.0,4355.641113,4311.538574,4487.05127,4316.410156,4280.512695,4283.077148,4326.025879,4298.077148,4288.205078,4276.410156,4575.0,4556.666504,4432.94873,4516.666504,,,,,,,,,,,,,,,,,,,,,,,,,,,,,,,,,,,,,,,,,,,,,,,,,,,,,,,,,,,,,,,,,,,,,,
1769162267.854302,1769162267.855027,40.0,0.0,4360.256348,4311.794922,4492.820313,4322.436035,4281.794922,4278.333496,4327.05127,4291.922852,4281.794922,4279.871582,4580.384766,4556.025879,4444.743652,4524.871582,,,,,,,,,,,,,,,,,,,,,,,,,,,,,,,,,,,,,,,,,,,,,,,,,,,,,,,,,,,,,,,,,,,,,,
1769162267.86211,1769162267.862835,41.0,0.0,4352.692383,4314.743652,4492.563965,4324.487305,4282.94873,4281.025879,4326.025879,4293.461426,4279.487305,4282.692383,4581.794922,4557.179688,4441.794922,4519.743652,,,,,,,,,,,,,,,,,,,,,,,,,,,,,,,,,,,,,,,,,,,,,,,,,,,,,,,,,,,,,,,,,,,,,,
1769162267.869918,1769162267.870544,42.0,0.0,4341.153809,4312.307617,4488.589844,4315.769043,4282.820313,4291.538574,4328.974121,4299.743652,4280.769043,4279.102539,4573.846191,4552.820313,4427.307617,4507.563965,,,,,,,,,,,,,,,,,,,,,,,,,,,,,,,,,,,,,,,,,,,,,,,,,,,,,,,,,,,,,,,,,,,,,,
1769162267.877727,1769162267.878352,43.0,0.0,4341.153809,4308.333496,4489.230957,4311.282227,4282.179688,4292.692383,4328.077148,4289.230957,4269.358887,4273.205078,4567.820313,4543.589844,4425.384766,4503.846191,,,,,,,,,,,,,,,,,,,,,,,,,,,,,,,,,,,,,,,,,,,,,,,,,,,,,,,,,,,,,,,,,,,,,,
1769162267.885535,1769162267.885961,44.0,0.0,4344.871582,4307.179688,4489.358887,4312.179688,4279.230957,4281.538574,4323.205078,4279.871582,4262.436035,4268.717773,4568.974121,4538.974121,4429.743652,4505.641113,,,,,,,,,,,,,,,,,,,,,,,,,,,,,,,,,,,,,,,,,,,,,,,,,,,,,,,,,,,,,,,,,,,,,,
1769162267.893344,1769162267.89377,45.0,0.0,4341.538574,4305.256348,4488.461426,4311.025879,4276.666504,4278.461426,4323.205078,4287.307617,4271.410156,4262.307617,4567.692383,4539.487305,4420.897461,4502.820313,,,,,,,,,,,,,,,,,,,,,,,,,,,,,,,,,,,,,,,,,,,,,,,,,,,,,,,,,,,,,,,,,,,,,,
1769162267.901152,1769162267.901678,46.0,0.0,4340.128418,4301.410156,4488.974121,4308.974121,4274.615234,4281.666504,4321.410156,4295.128418,4277.94873,4265.0,4565.128418,4544.871582,4410.0,4500.641113,0.897961,0.439599,0.315794,0.448926,0.233824,0.452493,0.220763,0.158481,0.214245,0.158733,0.908489,0.329497,0.302424,0.531505,0.082336,0.466708,0.242383,0.195679,0.244357,0.149709,0.218723,0.164998,0.244129,0.090875,0.070416,0.098168,0.148088,0.179319,0.314254,0.17246,0.11619,0.161817,0.145236,0.178133,0.124996,0.376878,0.526389,0.21775,0.237238,0.280867,0.514162,0.251968,0.178789,0.168151,0.2125,0.478203,0.392508,0.683935,0.34375,0.197539,0.474036,0.267101,0.546539,0.292006,0.089288,0.503239,0.298746,0.277314,0.301893,0.189568,0.545118,0.220624,0.350564,0.249002,0.073459,1.196384,0.310992,0.793273,0.432939,0.148051
1769162267.908961,1769162267.909486,47.0,0.0,4343.077148,4298.461426,4490.897461,4309.871582,4271.922852,4283.333496,4318.333496,4295.769043,4280.0,4275.512695,4570.512695,4554.615234,4418.717773,4506.410156,,,,,,,,,,,,,,,,,,,,,,,,,,,,,,,,,,,,,,,,,,,,,,,,,,,,,,,,,,,,,,,,,,,,,,
1769162267.916769,1769162267.917495,48.0,0.0,4344.102539,4297.820313,4492.436035,4313.974121,4272.05127,4283.846191,4320.384766,4293.077148,4280.512695,4275.769043,4573.717773,4552.94873,4427.692383,4505.897461,,,,,,,,,,,,,,,,,,,,,,,,,,,,,,,,,,,,,,,,,,,,,,,,,,,,,,,,,,,,,,,,,,,,,,
1769162267.924578,1769162267.925303,49.0,0.0,4341.025879,4294.230957,4491.025879,4311.922852,4274.102539,4287.563965,4324.871582,4284.871582,4274.615234,4262.820313,4563.205078,4539.871582,4413.589844,4495.256348,,,,,,,,,,,,,,,,,,,,,,,,,,,,,,,,,,,,,,,,,,,,,,,,,,,,,,,,,,,,,,,,,,,,,,
1769162267.932386,1769162267.933211,50.0,0.0,4339.358887,4292.307617,4491.666504,4311.538574,4275.897461,4287.563965,4323.333496,4282.05127,4272.05127,4260.256348,4561.153809,4542.563965,4408.589844,4496.410156,,,,,,,,,,,,,,,,,,,,,,,,,,,,,,,,,,,,,,,,,,,,,,,,,,,,,,,,,,,,,,,,,,,,,,
1769162267.940194,1769162267.94102,51.0,0.0,4345.256348,4299.615234,4494.615234,4320.256348,4278.974121,4282.563965,4321.025879,4290.897461,4279.358887,4275.512695,4577.179688,4556.666504,4426.794922,4510.897461,,,,,,,,,,,,,,,,,,,,,,,,,,,,,,,,,,,,,,,,,,,,,,,,,,,,,,,,,,,,,,,,,,,,,,
1769162267.948003,1769162267.949028,52.0,0.0,4351.025879,4306.025879,4493.846191,4326.282227,4280.769043,4284.487305,4320.769043,4291.025879,4281.153809,4282.307617,4585.769043,4554.487305,4434.230957,4515.128418,,,,,,,,,,,,,,,,,,,,,,,,,,,,,,,,,,,,,,,,,,,,,,,,,,,,,,,,,,,,,,,,,,,,,,
1769162267.955811,1769162267.956837,53.0,0.0,4349.871582,4306.922852,4492.692383,4326.410156,4281.410156,4291.153809,4318.846191,4280.256348,4274.615234,4278.333496,4579.487305,4545.0,4428.846191,4508.974121,,,,,,,,,,,,,,,,,,,,,,,,,,,,,,,,,,,,,,,,,,,,,,,,,,,,,,,,,,,,,,,,,,,,,,
1769162267.96362,1769162267.964745,54.0,0.0,4344.871582,4305.512695,4494.743652,4325.256348,4282.179688,4287.05127,4317.94873,4279.615234,4273.717773,4276.794922,4573.333496,4545.256348,4428.205078,4506.794922,,,,,,,,,,,,,,,,,,,,,,,,,,,,,,,,,,,,,,,,,,,,,,,,,,,,,,,,,,,,,,,,,,,,,,
1769162267.971428,1769162267.972553,55.0,0.0,4341.153809,4298.461426,4494.102539,4323.205078,4278.205078,4275.0,4318.461426,4286.153809,4277.94873,4272.307617,4572.05127,4548.333496,4427.05127,4508.589844,,,,,,,,,,,,,,,,,,,,,,,,,,,,,,,,,,,,,,,,,,,,,,,,,,,,,,,,,,,,,,,,,,,,,,
1769162267.979237,1769162267.980162,56.0,0.0,4344.743652,4296.282227,4492.820313,4322.179688,4275.0,4277.307617,4321.025879,4286.153809,4279.230957,4258.846191,4571.922852,4549.743652,4426.794922,4511.153809,,,,,,,,,,,,,,,,,,,,,,,,,,,,,,,,,,,,,,,,,,,,,,,,,,,,,,,,,,,,,,,,,,,,,,
1769162267.987045,1769162267.98797,57.0,0.0,4349.487305,4300.384766,4498.461426,4322.436035,4277.563965,4289.871582,4324.230957,4284.358887,4277.820313,4259.615234,4570.384766,4551.282227,4424.487305,4509.102539,,,,,,,,,,,,,,,,,,,,,,,,,,,,,,,,,,,,,,,,,,,,,,,,,,,,,,,,,,,,,,,,,,,,,,
1769162267.994854,1769162267.995679,58.0,0.0,4347.05127,4301.538574,4505.512695,4323.717773,4278.461426,4292.692383,4324.615234,4288.974121,4278.205078,4274.615234,4568.205078,4551.538574,4417.05127,4504.743652,,,,,,,,,,,,,,,,,,,,,,,,,,,,,,,,,,,,,,,,,,,,,,,,,,,,,,,,,,,,,,,,,,,,,,
1769162268.002662,1769162268.003487,59.0,0.0,4341.922852,4297.820313,4505.512695,4326.153809,4276.410156,4283.333496,4325.384766,4295.0,4278.974121,4270.384766,4568.077148,4550.256348,4412.94873,4505.769043,,,,,,,,,,,,,,,,,,,,,,,,,,,,,,,,,,,,,,,,,,,,,,,,,,,,,,,,,,,,,,,,,,,,,,
1769162268.010471,1769162268.011096,60.0,0.0,4342.692383,4294.487305,4502.820313,4327.820313,4278.077148,4278.974121,4325.256348,4289.487305,4277.820313,4261.538574,4570.641113,4546.922852,4415.769043,4508.333496,,,,,,,,,,,,,,,,,,,,,,,,,,,,,,,,,,,,,,,,,,,,,,,,,,,,,,,,,,,,,,,,,,,,,,
1769162268.018279,1769162268.018904,61.0,0.0,4350.897461,4298.333496,4505.128418,4330.641113,4279.615234,4287.179688,4319.358887,4283.461426,4278.077148,4271.666504,4570.256348,4548.205078,4423.717773,4509.743652,,,,,,,,,,,,,,,,,,,,,,,,,,,,,,,,,,,,,,,,,,,,,,,,,,,,,,,,,,,,,,,,,,,,,,
1769162268.026087,1769162268.026813,62.0,0.0,4352.179688,4307.692383,4508.846191,4340.384766,4277.692383,4292.179688,4317.820313,4290.641113,4280.384766,4284.743652,4569.871582,4553.717773,4431.410156,4511.025879,1.057726,0.508769,0.374678,0.45583,0.189929,0.484429,0.238823,0.168788,0.213191,0.148504,1.011016,0.352208,0.403925,0.507459,0.071545,0.48393,0.246295,0.226748,0.237308,0.126877,0.213203,0.146119,0.233434,0.086823,0.06096,0.100039,0.182002,0.170365,0.307423,0.170945,0.117939,0.197044,0.142861,0.162856,0.132754,0.396344,0.508986,0.205283,0.240482,0.28721,0.571236,0.27283,0.188149,0.166965,0.191835,0.511864,0.386991,0.721329,0.370397,0.188176,0.596373,0.255432,0.588121,0.344632,0.099207,0.586077,0.281362,0.323274,0.313235,0.174104,0.669766,0.2273,0.374763,0.313936,0.075585,1.30276,0.313399,0.952898,0.483831,0.159409
1769162268.033896,1769162268.034621,63.0,0.0,4344.102539,4305.769043,4507.692383,4344.230957,4277.94873,4290.0,4324.102539,4296.282227,4279.871582,4279.743652,4571.153809,4551.538574,4430.769043,4508.589844,,,,,,,,,,,,,,,,,,,,,,,,,,,,,,,,,,,,,,,,,,,,,,,,,,,,,,,,,,,,,,,,,,,,,,
1769162268.041704,1769162268.04263,64.0,0.0,4341.794922,4294.871582,4504.487305,4337.179688,4278.461426,4288.589844,4320.256348,4294.743652,4277.179688,4265.384766,4571.410156,4546.410156,4427.179688,4504.615234,,,,,,,,,,,,,,,,,,,,,,,,,,,,,,,,,,,,,,,,,,,,,,,,,,,,,,,,,,,,,,,,,,,,,,
1769162268.049513,1769162268.050438,65.0,0.0,4351.282227,4300.128418,4506.410156,4337.179688,4277.820313,4288.846191,4311.794922,4295.897461,4281.153809,4263.205078,4572.94873,4551.538574,4430.769043,4506.025879,,,,,,,,,,,,,,,,,,,,,,,,,,,,,,,,,,,,,,,,,,,,,,,,,,,,,,,,,,,,,,,,,,,,,,
1769162268.057321,1769162268.058346,66.0,0.0,4355.384766,4306.282227,4508.589844,4342.436035,4278.077148,4289.743652,4317.563965,4297.94873,4289.358887,4275.0,4573.846191,4556.153809,4432.436035,4508.846191,,,,,,,,,,,,,,,,,,,,,,,,,,,,,,,,,,,,,,,,,,,,,,,,,,,,,,,,,,,,,,,,,,,,,,
1769162268.06513,1769162268.066155,67.0,0.0,4349.487305,4297.436035,4509.358887,4341.410156,4275.641113,4288.333496,4322.692383,4293.333496,4286.922852,4281.282227,4571.794922,4550.769043,4427.820313,4508.974121,,,,,,,,,,,,,,,,,,,,,,,,,,,,,,,,,,,,,,,,,,,,,,,,,,,,,,,,,,,,,,,,,,,,,,
1769162268.072938,1769162268.073763,68.0,0.0,4350.512695,4298.333496,4516.153809,4340.897461,4274.230957,4287.307617,4320.0,4292.436035,4278.077148,4277.436035,4571.410156,4550.641113,4428.077148,4510.0,,,,,,,,,,,,,,,,,,,,,,,,,,,,,,,,,,,,,,,,,,,,,,,,,,,,,,,,,,,,,,,,,,,,,,
1769162268.080747,1769162268.081572,69.0,0.0,4356.922852,4305.897461,4523.974121,4345.384766,4276.922852,4289.871582,4318.846191,4295.897461,4279.102539,4277.307617,4573.205078,4554.487305,4430.384766,4510.769043,,,,,,,,,,,,,,,,,,,,,,,,,,,,,,,,,,,,,,,,,,,,,,,,,,,,,,,,,,,,,,,,,,,,,,
1769162268.088555,1769162268.08928,70.0,0.0,4359.230957,4303.717773,4524.871582,4352.179688,4277.820313,4292.563965,4314.102539,4295.0,4283.205078,4270.897461,4572.820313,4556.410156,4428.974121,4509.230957,,,,,,,,,,,,,,,,,,,,,,,,,,,,,,,,,,,,,,,,,,,,,,,,,,,,,,,,,,,,,,,,,,,,,,
1769162268.096364,1769162268.097089,71.0,0.0,4358.589844,4303.205078,4524.358887,4354.358887,4275.512695,4288.461426,4311.282227,4293.333496,4280.897461,4266.282227,4571.025879,4561.538574,4429.102539,4509.615234,,,,,,,,,,,,,,,,,,,,,,,,,,,,,,,,,,,,,,,,,,,,,,,,,,,,,,,,,,,,,,,,,,,,,,
1769162268.104172,1769162268.105097,72.0,0.0,4358.846191,4307.436035,4526.153809,4348.461426,4274.102539,4282.179688,4312.820313,4294.871582,4280.641113,4276.410156,4572.436035,4561.666504,4430.897461,4511.666504,,,,,,,,,,,,,,,,,,,,,,,,,,,,,,,,,,,,,,,,,,,,,,,,,,,,,,,,,,,,,,,,,,,,,,
1769162268.111981,1769162268.112906,73.0,0.0,4360.0,4303.846191,4525.128418,4346.025879,4274.230957,4288.205078,4311.794922,4291.794922,4275.384766,4274.743652,4573.461426,4553.461426,4424.615234,4508.717773,,,,,,,,,,,,,,,,,,,,,,,,,,,,,,,,,,,,,,,,,,,,,,,,,,,,,,,,,,,,,,,,,,,,,,
1769162268.119789,1769162268.120814,74.0,0.0,4356.794922,4296.666504,4522.94873,4350.769043,4278.461426,4295.897461,4313.077148,4281.922852,4265.384766,4258.717773,4565.128418,4550.641113,4413.461426,4499.615234,,,,,,,,,,,,,,,,,,,,,,,,,,,,,,,,,,,,,,,,,,,,,,,,,,,,,,,,,,,,,,,,,,,,,,
1769162268.127597,1769162268.128622,75.0,0.0,4353.333496,4294.230957,4524.102539,4350.384766,4279.615234,4288.461426,4315.384766,4283.461426,4270.128418,4261.153809,4556.666504,4554.615234,4409.230957,4490.0,,,,,,,,,,,,,,,,,,,,,,,,,,,,,,,,,,,,,,,,,,,,,,,,,,,,,,,,,,,,,,,,,,,,,,
1769162268.135406,1769162268.136631,76.0,0.0,4353.205078,4293.205078,4524.230957,4345.897461,4270.128418,4276.282227,4312.179688,4294.102539,4281.153809,4274.743652,4557.692383,4554.487305,4414.871582,4489.615234,,,,,,,,,,,,,,,,,,,,,,,,,,,,,,,,,,,,,,,,,,,,,,,,,,,,,,,,,,,,,,,,,,,,,,
1769162268.143214,1769162268.144439,77.0,0.0,4356.025879,4295.512695,4524.102539,4348.717773,4264.743652,4276.025879,4309.871582,4292.563965,4279.615234,4277.692383,4567.820313,4552.563965,4424.230957,4500.512695,,,,,,,,,,,,,,,,,,,,,,,,,,,,,,,,,,,,,,,,,,,,,,,,,,,,,,,,,,,,,,,,,,,,,,
1769162268.151023,1769162268.152347,78.0,0.0,4362.692383,4303.974121,4528.974121,4358.077148,4274.102539,4285.0,4314.358887,4290.128418,4276.282227,4278.205078,4579.102539,4555.0,4429.871582,4510.512695,1.155989,0.587698,0.449909,0.446881,0.155377,0.512005,0.260096,0.194267,0.204092,0.142079,1.097431,0.367492,0.497102,0.44183,0.068627,0.514009,0.252457,0.264419,0.217199,0.109663,0.205814,0.131534,0.200805,0.079888,0.049782,0.099248,0.25323,0.170244,0.290568,0.164761,0.116438,0.231151,0.13101,0.138991,0.133153,0.390265,0.521252,0.211276,0.244007,0.28551,0.583531,0.319218,0.187015,0.167487,0.171873,0.526734,0.362441,0.688277,0.393846,0.183054,0.734589,0.242389,0.562212,0.393517,0.119265,0.703481,0.266936,0.350214,0.309658,0.162277,0.768343,0.254465,0.361882,0.392528,0.085687,1.368349,0.317917,1.031775,0.515177,0.173195
1769162268.158831,1769162268.160156,79.0,0.0,4370.256348,4314.230957,4532.820313,4363.589844,4281.410156,4289.102539,4314.615234,4295.897461,4279.487305,4277.692383,4581.922852,4558.205078,4430.769043,4511.794922,,,,,,,,,,,,,,,,,,,,,,,,,,,,,,,,,,,,,,,,,,,,,,,,,,,,,,,,,,,,,,,,,,,,,,
1769162268.16664,1769162268.167764,80.0,0.0,4367.563965,4310.897461,4527.436035,4360.512695,4277.692383,4284.487305,4310.128418,4291.922852,4280.769043,4276.794922,4575.641113,4558.205078,4431.025879,4509.615234,,,,,,,,,,,,,,,,,,,,,,,,,,,,,,,,,,,,,,,,,,,,,,,,,,,,,,,,,,,,,,,,,,,,,,
1769162268.174448,1769162268.175573,81.0,0.0,4358.846191,4302.94873,4523.461426,4354.743652,4278.846191,4276.666504,4308.077148,4277.179688,4275.641113,4273.974121,4570.256348,4553.846191,4430.769043,4508.717773,,,,,,,,,,,,,,,,,,,,,,,,,,,,,,,,,,,,,,,,,,,,,,,,,,,,,,,,,,,,,,,,,,,,,,
1769162268.182257,1769162268.183281,82.0,0.0,4357.563965,4305.0,4526.282227,4357.307617,4286.538574,4279.358887,4309.487305,4275.512695,4272.94873,4270.128418,4572.94873,4550.384766,4429.102539,4507.179688,,,,,,,,,,,,,,,,,,,,,,,,,,,,,,,,,,,,,,,,,,,,,,,,,,,,,,,,,,,,,,,,,,,,,,
1769162268.190065,1769162268.19109,83.0,0.0,4357.436035,4304.871582,4525.769043,4359.871582,4286.282227,4286.794922,4310.641113,4287.436035,4278.589844,4270.897461,4574.230957,4552.05127,4428.974121,4507.94873,,,,,,,,,,,,,,,,,,,,,,,,,,,,,,,,,,,,,,,,,,,,,,,,,,,,,,,,,,,,,,,,,,,,,,
1769162268.197873,1769162268.198699,84.0,0.0,4355.512695,4302.05127,4523.589844,4357.436035,4280.769043,4286.922852,4311.025879,4288.205078,4277.94873,4270.897461,4571.410156,4555.128418,4429.871582,4509.230957,,,,,,,,,,,,,,,,,,,,,,,,,,,,,,,,,,,,,,,,,,,,,,,,,,,,,,,,,,,,,,,,,,,,,,
1769162268.205682,1769162268.206507,85.0,0.0,4355.512695,4301.538574,4524.487305,4357.692383,4279.487305,4281.410156,4310.512695,4277.563965,4271.282227,4265.0,4570.641113,4553.589844,4428.333496,4507.05127,,,,,,,,,,,,,,,,,,,,,,,,,,,,,,,,,,,,,,,,,,,,,,,,,,,,,,,,,,,,,,,,,,,,,,
1769162268.21349,1769162268.214216,86.0,0.0,4353.333496,4299.230957,4524.615234,4358.589844,4279.615234,4276.410156,4310.0,4284.487305,4280.641113,4264.358887,4571.666504,4552.05127,4428.974121,4508.077148,,,,,,,,,,,,,,,,,,,,,,,,,,,,,,,,,,,,,,,,,,,,,,,,,,,,,,,,,,,,,,,,,,,,,,
1769162268.221299,1769162268.222024,87.0,0.0,4355.128418,4300.128418,4524.487305,4358.974121,4278.846191,4281.282227,4315.0,4298.846191,4289.615234,4275.897461,4574.358887,4557.179688,4433.461426,4510.897461,,,,,,,,,,,,,,,,,,,,,,,,,,,,,,,,,,,,,,,,,,,,,,,,,,,,,,,,,,,,,,,,,,,,,,
1769162268.229107,1769162268.229633,88.0,0.0,4356.410156,4305.384766,4524.358887,4359.230957,4280.256348,4291.153809,4320.0,4290.256348,4279.487305,4277.820313,4572.692383,4553.333496,4432.179688,4508.717773,,,,,,,,,,,,,,,,,,,,,,,,,,,,,,,,,,,,,,,,,,,,,,,,,,,,,,,,,,,,,,,,,,,,,,
1769162268.236916,1769162268.237441,89.0,0.0,4350.0,4301.666504,4524.230957,4358.205078,4280.0,4292.563965,4315.641113,4276.282227,4274.230957,4269.615234,4569.230957,4542.436035,4427.179688,4505.256348,,,,,,,,,,,,,,,,,,,,,,,,,,,,,,,,,,,,,,,,,,,,,,,,,,,,,,,,,,,,,,,,,,,,,,
1769162268.244724,1769162268.245349,90.0,0.0,4350.512695,4293.974121,4525.128418,4356.666504,4278.974121,4284.871582,4310.256348,4280.897461,4280.641113,4268.333496,4568.846191,4541.410156,4428.589844,4502.94873,,,,,,,,,,,,,,,,,,,,,,,,,,,,,,,,,,,,,,,,,,,,,,,,,,,,,,,,,,,,,,,,,,,,,,
1769162268.252533,1769162268.253158,91.0,0.0,4358.205078,4294.487305,4524.102539,4356.538574,4279.871582,4279.230957,4311.025879,4286.666504,4280.256348,4268.205078,4570.641113,4544.871582,4429.743652,4498.077148,,,,,,,,,,,,,,,,,,,,,,,,,,,,,,,,,,,,,,,,,,,,,,,,,,,,,,,,,,,,,,,,,,,,,,
1769162268.260341,1769162268.261166,92.0,0.0,4359.358887,4298.461426,4525.256348,4359.871582,4280.256348,4279.743652,4307.820313,4279.487305,4276.025879,4265.128418,4570.384766,4545.897461,4426.282227,4498.461426,,,,,,,,,,,,,,,,,,,,,,,,,,,,,,,,,,,,,,,,,,,,,,,,,,,,,,,,,,,,,,,,,,,,,,
1769162268.26815,1769162268.268975,93.0,0.0,4361.410156,4300.897461,4530.0,4364.102539,4280.384766,4279.743652,4302.820313,4279.102539,4277.436035,4265.897461,4571.282227,4548.461426,4430.128418,4505.128418,,,,,,,,,,,,,,,,,,,,,,,,,,,,,,,,,,,,,,,,,,,,,,,,,,,,,,,,,,,,,,,,,,,,,,
1769162268.275958,1769162268.276683,94.0,0.0,4365.384766,4296.410156,4528.333496,4366.538574,4280.897461,4282.692383,4304.487305,4291.922852,4282.436035,4273.077148,4575.0,4555.0,4436.794922,4507.05127,1.174338,0.647207,0.520418,0.431403,0.135529,0.55103,0.283515,0.236666,0.18953,0.140827,1.160116,0.367942,0.551614,0.355719,0.07229,0.552418,0.265248,0.307434,0.192735,0.100463,0.198499,0.124223,0.158701,0.071996,0.038292,0.099598,0.337478,0.169155,0.270886,0.156759,0.114712,0.259962,0.115003,0.115814,0.126363,0.371303,0.560589,0.227145,0.249424,0.270808,0.545786,0.377654,0.179009,0.17619,0.153815,0.519167,0.335563,0.606527,0.412488,0.181542,0.891004,0.242207,0.486077,0.4331,0.142503,0.829804,0.273246,0.354113,0.298451,0.155009,0.818515,0.314459,0.322688,0.474332,0.102364,1.386694,0.327048,1.020357,0.524072,0.182149
1769162268.283766,1769162268.284492,95.0,0.0,4361.922852,4293.974121,4523.077148,4366.282227,4280.897461,4285.641113,4306.282227,4290.897461,4280.769043,4276.538574,4573.077148,4555.0,4434.230957,4506.410156,,,,,,,,,,,,,,,,,,,,,,,,,,,,,,,,,,,,,,,,,,,,,,,,,,,,,,,,,,,,,,,,,,,,,,
1769162268.291575,1769162268.2921,96.0,0.0,4356.922852,4293.205078,4523.205078,4362.05127,4278.589844,4282.820313,4306.666504,4276.538574,4272.436035,4270.256348,4567.692383,4545.256348,4428.205078,4502.307617,,,,,,,,,,,,,,,,,,,,,,,,,,,,,,,,,,,,,,,,,,,,,,,,,,,,,,,,,,,,,,,,,,,,,,
1769162268.299383,1769162268.299909,97.0,0.0,4354.487305,4285.384766,4523.717773,4355.256348,4276.153809,4280.641113,4308.461426,4277.94873,4272.563965,4261.538574,4567.563965,4538.589844,4426.025879,4497.820313,,,,,,,,,,,,,,,,,,,,,,,,,,,,,,,,,,,,,,,,,,,,,,,,,,,,,,,,,,,,,,,,,,,,,,
1769162268.307192,1769162268.307817,98.0,0.0,4358.333496,4284.102539,4522.94873,4357.94873,4277.692383,4282.436035,4309.487305,4283.974121,4272.05127,4263.974121,4568.589844,4540.0,4427.179688,4502.179688,,,,,,,,,,,,,,,,,,,,,,,,,,,,,,,,,,,,,,,,,,,,,,,,,,,,,,,,,,,,,,,,,,,,,,
1769162268.315,1769162268.315625,99.0,0.0,4366.666504,4293.846191,4526.282227,4366.922852,4281.025879,4283.205078,4309.102539,4276.922852,4265.769043,4271.666504,4567.05127,4541.666504,4429.230957,4509.102539,,,,,,,,,,,,,,,,,,,,,,,,,,,,,,,,,,,,,,,,,,,,,,,,,,,,,,,,,,,,,,,,,,,,,,
1769162268.322809,1769162268.323634,100.0,0.0,4362.820313,4292.692383,4525.256348,4366.153809,4280.128418,4282.179688,4310.769043,4278.205078,4271.282227,4269.487305,4567.820313,4540.256348,4429.102539,4506.410156,,,,,,,,,,,,,,,,,,,,,,,,,,,,,,,,,,,,,,,,,,,,,,,,,,,,,,,,,,,,,,,,,,,,,,
1769162268.330617,1769162268.331442,101.0,0.0,4353.333496,4285.0,4519.102539,4362.05127,4278.333496,4281.025879,4311.282227,4283.077148,4278.974121,4264.615234,4569.743652,4540.0,4425.512695,4503.077148,,,,,,,,,,,,,,,,,,,,,,,,,,,,,,,,,,,,,,,,,,,,,,,,,,,,,,,,,,,,,,,,,,,,,,
1769162268.338426,1769162268.339351,102.0,0.0,4358.461426,4290.256348,4521.794922,4366.282227,4278.974121,4281.025879,4309.871582,4278.846191,4276.153809,4264.743652,4568.461426,4540.769043,4425.256348,4506.666504,,,,,,,,,,,,,,,,,,,,,,,,,,,,,,,,,,,,,,,,,,,,,,,,,,,,,,,,,,,,,,,,,,,,,,
1769162268.346234,1769162268.347159,103.0,0.0,4366.538574,4294.487305,4526.410156,4369.358887,4278.717773,4283.333496,4308.974121,4282.179688,4276.794922,4264.487305,4568.717773,4544.487305,4427.436035,4505.0,,,,,,,,,,,,,,,,,,,,,,,,,,,,,,,,,,,,,,,,,,,,,,,,,,,,,,,,,,,,,,,,,,,,,,
1769162268.354042,1769162268.355167,104.0,0.0,4365.512695,4291.794922,4523.461426,4365.769043,4279.102539,4288.846191,4308.589844,4286.538574,4281.538574,4262.307617,4568.846191,4543.974121,4426.025879,4500.384766,,,,,,,,,,,,,,,,,,,,,,,,,,,,,,,,,,,,,,,,,,,,,,,,,,,,,,,,,,,,,,,,,,,,,,
1769162268.361851,1769162268.362976,105.0,0.0,4364.615234,4294.358887,4522.436035,4365.128418,4279.743652,4289.743652,4309.230957,4282.94873,4278.077148,4267.692383,4564.743652,4538.205078,4422.563965,4498.589844,,,,,,,,,,,,,,,,,,,,,,,,,,,,,,,,,,,,,,,,,,,,,,,,,,,,,,,,,,,,,,,,,,,,,,
1769162268.369659,1769162268.370684,106.0,0.0,4364.743652,4296.282227,4525.897461,4367.307617,4276.410156,4282.307617,4309.487305,4283.333496,4276.410156,4269.871582,4563.205078,4540.256348,4420.128418,4495.769043,,,,,,,,,,,,,,,,,,,,,,,,,,,,,,,,,,,,,,,,,,,,,,,,,,,,,,,,,,,,,,,,,,,,,,
1769162268.377468,1769162268.378493,107.0,0.0,4364.871582,4290.897461,4525.128418,4367.179688,4276.025879,4279.743652,4310.0,4282.820313,4277.820313,4254.102539,4565.512695,4543.333496,4421.410156,4496.794922,,,,,,,,,,,,,,,,,,,,,,,,,,,,,,,,,,,,,,,,,,,,,,,,,,,,,,,,,,,,,,,,,,,,,,
1769162268.385276,1769162268.386101,108.0,0.0,4370.897461,4287.563965,4523.077148,4363.333496,4280.512695,4287.179688,4308.717773,4281.410156,4275.256348,4251.025879,4566.538574,4542.436035,4426.538574,4506.410156,,,,,,,,,,,,,,,,,,,,,,,,,,,,,,,,,,,,,,,,,,,,,,,,,,,,,,,,,,,,,,,,,,,,,,
1769162268.393085,1769162268.39391,109.0,0.0,4375.641113,4292.179688,4524.871582,4361.153809,4281.922852,4288.589844,4309.230957,4289.487305,4276.410156,4276.410156,4571.410156,4551.922852,4431.025879,4510.897461,,,,,,,,,,,,,,,,,,,,,,,,,,,,,,,,,,,,,,,,,,,,,,,,,,,,,,,,,,,,,,,,,,,,,,
1769162268.400893,1769162268.401618,110.0,0.0,4370.641113,4294.102539,4525.384766,4368.077148,4280.256348,4280.0,4311.666504,4290.128418,4279.871582,4283.205078,4574.230957,4557.179688,4429.102539,4503.333496,1.097014,0.664192,0.564397,0.414923,0.129186,0.604768,0.303824,0.293953,0.172749,0.144327,1.170302,0.352731,0.547116,0.270582,0.078812,0.581021,0.285161,0.351727,0.171672,0.097781,0.189815,0.125753,0.122263,0.064931,0.029141,0.107117,0.402345,0.158899,0.255316,0.151712,0.119375,0.277334,0.104331,0.100628,0.11477,0.362935,0.603333,0.241644,0.256452,0.245414,0.474893,0.431473,0.17107,0.194638,0.140548,0.494411,0.327703,0.517287,0.424686,0.18607,1.042997,0.271399,0.393351,0.457057,0.162587,0.91853,0.31072,0.338931,0.286376,0.152315,0.824305,0.420501,0.279879,0.542282,0.125381,1.357276,0.352579,0.936415,0.511817,0.18358
1769162268.408702,1769162268.409427,111.0,0.0,4371.794922,4295.128418,4526.153809,4375.128418,4279.358887,4275.769043,4305.384766,4278.077148,4279.358887,4263.589844,4565.769043,4544.871582,4423.974121,4503.333496,,,,,,,,,,,,,,,,,,,,,,,,,,,,,,,,,,,,,,,,,,,,,,,,,,,,,,,,,,,,,,,,,,,,,,
1769162268.41651,1769162268.417035,112.0,0.0,4381.282227,4297.436035,4527.436035,4373.589844,4278.974121,4280.128418,4297.94873,4276.282227,4272.563965,4261.153809,4559.743652,4538.461426,4426.025879,4505.512695,,,,,,,,,,,,,,,,,,,,,,,,,,,,,,,,,,,,,,,,,,,,,,,,,,,,,,,,,,,,,,,,,,,,,,
1769162268.424318,1769162268.424844,113.0,0.0,4376.922852,4295.384766,4524.230957,4371.922852,4280.128418,4286.153809,4305.897461,4282.94873,4267.179688,4268.461426,4561.410156,4541.153809,4426.025879,4495.769043,,,,,,,,,,,,,,,,,,,,,,,,,,,,,,,,,,,,,,,,,,,,,,,,,,,,,,,,,,,,,,,,,,,,,,
1769162268.432127,1769162268.432752,114.0,0.0,4366.025879,4292.692383,4520.0,4374.230957,4281.922852,4288.205078,4314.615234,4282.692383,4269.871582,4265.384766,4562.179688,4539.743652,4419.615234,4490.256348,,,,,,,,,,,,,,,,,,,,,,,,,,,,,,,,,,,,,,,,,,,,,,,,,,,,,,,,,,,,,,,,,,,,,,
1769162268.439935,1769162268.440561,115.0,0.0,4372.179688,4295.512695,4520.769043,4373.077148,4280.0,4281.282227,4303.077148,4281.025879,4273.974121,4267.94873,4564.102539,4541.922852,4421.025879,4498.717773,,,,,,,,,,,,,,,,,,,,,,,,,,,,,,,,,,,,,,,,,,,,,,,,,,,,,,,,,,,,,,,,,,,,,,
1769162268.447744,1769162268.448569,116.0,0.0,4383.974121,4297.436035,4525.0,4372.05127,4276.922852,4275.512695,4296.794922,4284.230957,4275.0,4271.153809,4569.871582,4550.384766,4428.333496,4506.282227,,,,,,,,,,,,,,,,,,,,,,,,,,,,,,,,,,,,,,,,,,,,,,,,,,,,,,,,,,,,,,,,,,,,,,
1769162268.455552,1769162268.456377,117.0,0.0,4384.487305,4298.461426,4526.922852,4374.102539,4277.820313,4284.102539,4308.077148,4292.820313,4277.820313,4272.94873,4570.641113,4554.358887,4427.692383,4505.897461,,,,,,,,,,,,,,,,,,,,,,,,,,,,,,,,,,,,,,,,,,,,,,,,,,,,,,,,,,,,,,,,,,,,,,
1769162268.463361,1769162268.464286,118.0,0.0,4385.641113,4304.102539,4526.538574,4375.641113,4282.05127,4290.256348,4306.153809,4297.179688,4286.025879,4281.538574,4572.307617,4557.436035,4424.615234,4506.666504,,,,,,,,,,,,,,,,,,,,,,,,,,,,,,,,,,,,,,,,,,,,,,,,,,,,,,,,,,,,,,,,,,,,,,
1769162268.471169,1769162268.472094,119.0,0.0,4388.846191,4301.794922,4524.871582,4373.717773,4282.94873,4280.641113,4294.230957,4287.179688,4284.230957,4272.436035,4572.94873,4556.282227,4422.307617,4508.589844,,,,,,,,,,,,,,,,,,,,,,,,,,,,,,,,,,,,,,,,,,,,,,,,,,,,,,,,,,,,,,,,,,,,,,
1769162268.478978,1769162268.480102,120.0,0.0,4384.871582,4290.897461,4522.436035,4366.666504,4276.282227,4273.333496,4298.846191,4276.025879,4268.974121,4253.589844,4560.384766,4543.333496,4416.282227,4506.025879,,,,,,,,,,,,,,,,,,,,,,,,,,,,,,,,,,,,,,,,,,,,,,,,,,,,,,,,,,,,,,,,,,,,,,
1769162268.486786,1769162268.487911,121.0,0.0,4380.512695,4291.538574,4521.794922,4363.589844,4275.769043,4281.025879,4305.256348,4274.871582,4264.358887,4262.179688,4555.384766,4537.563965,4418.077148,4503.846191,,,,,,,,,,,,,,,,,,,,,,,,,,,,,,,,,,,,,,,,,,,,,,,,,,,,,,,,,,,,,,,,,,,,,,
1769162268.494594,1769162268.495619,122.0,0.0,4382.692383,4297.820313,4522.179688,4366.794922,4279.743652,4287.179688,4298.205078,4281.922852,4275.384766,4277.307617,4567.94873,4544.102539,4423.717773,4504.487305,,,,,,,,,,,,,,,,,,,,,,,,,,,,,,,,,,,,,,,,,,,,,,,,,,,,,,,,,,,,,,,,,,,,,,
1769162268.502403,1769162268.503428,123.0,0.0,4382.820313,4293.717773,4521.410156,4363.461426,4271.666504,4281.410156,4295.769043,4286.025879,4279.102539,4265.641113,4572.692383,4546.794922,4418.077148,4504.743652,,,,,,,,,,,,,,,,,,,,,,,,,,,,,,,,,,,,,,,,,,,,,,,,,,,,,,,,,,,,,,,,,,,,,,
1769162268.510211,1769162268.511436,124.0,0.0,4380.384766,4289.230957,4521.282227,4356.666504,4265.256348,4275.0,4299.487305,4280.641113,4267.692383,4254.743652,4565.384766,4545.256348,4412.820313,4507.692383,,,,,,,,,,,,,,,,,,,,,,,,,,,,,,,,,,,,,,,,,,,,,,,,,,,,,,,,,,,,,,,,,,,,,,
1769162268.51802,1769162268.519244,125.0,0.0,4379.871582,4291.282227,4521.922852,4359.487305,4274.615234,4276.538574,4298.205078,4275.769043,4261.922852,4262.563965,4564.230957,4543.589844,4413.077148,4507.05127,,,,,,,,,,,,,,,,,,,,,,,,,,,,,,,,,,,,,,,,,,,,,,,,,,,,,,,,,,,,,,,,,,,,,,
1769162268.525828,1769162268.527153,126.0,0.0,4380.128418,4293.461426,4521.794922,4364.358887,4282.307617,4281.153809,4296.410156,4278.974121,4271.410156,4268.717773,4563.461426,4539.230957,4412.563965,4496.666504,0.957839,0.631331,0.572645,0.397698,0.131036,0.664255,0.314751,0.359688,0.158323,0.150596,1.122199,0.325623,0.486918,0.200952,0.083804,0.589597,0.308961,0.391564,0.158504,0.098115,0.180785,0.134708,0.103683,0.059547,0.024895,0.125142,0.423862,0.138565,0.248135,0.154154,0.133111,0.278889,0.106394,0.095086,0.101537,0.383364,0.615325,0.249906,0.263206,0.218581,0.402816,0.465981,0.169175,0.217967,0.134804,0.455986,0.350966,0.458565,0.429207,0.199141,1.145945,0.335916,0.31731,0.460173,0.173896,0.928874,0.372296,0.312772,0.276566,0.151982,0.801792,0.572319,0.25409,0.578573,0.151855,1.272531,0.40087,0.814179,0.484096,0.177259
1769162268.533637,1769162268.534961,127.0,0.0,4379.487305,4294.230957,4520.384766,4365.897461,4279.743652,4281.794922,4297.05127,4280.128418,4276.922852,4267.436035,4555.769043,4536.666504,4413.461426,4489.358887,,,,,,,,,,,,,,,,,,,,,,,,,,,,,,,,,,,,,,,,,,,,,,,,,,,,,,,,,,,,,,,,,,,,,,
1769162268.541445,1769162268.54257,0.0,0.0,4379.743652,4293.205078,4519.230957,4367.563965,4274.871582,4278.333496,4297.05127,4273.205078,4266.794922,4256.538574,4554.743652,4536.282227,4414.358887,4489.743652,,,,,,,,,,,,,,,,,,,,,,,,,,,,,,,,,,,,,,,,,,,,,,,,,,,,,,,,,,,,,,,,,,,,,,
1769162268.549254,1769162268.550378,1.0,0.0,4381.922852,4292.820313,4521.153809,4365.897461,4271.538574,4277.307617,4296.794922,4273.461426,4260.0,4250.0,4556.666504,4538.077148,4412.820313,4490.897461,,,,,,,,,,,,,,,,,,,,,,,,,,,,,,,,,,,,,,,,,,,,,,,,,,,,,,,,,,,,,,,,,,,,,,
1769162268.557062,1769162268.558087,2.0,0.0,4384.102539,4293.589844,4523.589844,4364.487305,4271.282227,4279.615234,4296.922852,4281.153809,4271.538574,4260.256348,4555.769043,4546.666504,4411.794922,4492.563965,,,,,,,,,,,,,,,,,,,,,,,,,,,,,,,,,,,,,,,,,,,,,,,,,,,,,,,,,,,,,,,,,,,,,,
1769162268.564871,1769162268.565895,3.0,0.0,4383.461426,4289.102539,4522.563965,4366.538574,4274.871582,4278.846191,4296.922852,4283.974121,4280.256348,4267.436035,4559.487305,4555.512695,4412.307617,4492.307617,,,,,,,,,,,,,,,,,,,,,,,,,,,,,,,,,,,,,,,,,,,,,,,,,,,,,,,,,,,,,,,,,,,,,,
1769162268.572679,1769162268.573904,4.0,0.0,4378.205078,4281.794922,4520.769043,4366.922852,4276.025879,4274.102539,4296.922852,4282.179688,4278.333496,4266.282227,4569.487305,4553.461426,4413.205078,4491.666504,,,,,,,,,,,,,,,,,,,,,,,,,,,,,,,,,,,,,,,,,,,,,,,,,,,,,,,,,,,,,,,,,,,,,,
1769162268.580488,1769162268.581712,5.0,0.0,4375.0,4280.897461,4516.153809,4364.358887,4279.102539,4272.820313,4297.05127,4278.589844,4274.615234,4266.922852,4570.384766,4544.358887,4412.563965,4492.436035,,,,,,,,,,,,,,,,,,,,,,,,,,,,,,,,,,,,,,,,,,,,,,,,,,,,,,,,,,,,,,,,,,,,,,
1769162268.588296,1769162268.589421,6.0,0.0,4373.846191,4278.461426,4508.589844,4359.487305,4277.436035,4277.692383,4297.179688,4277.820313,4270.512695,4259.615234,4561.025879,4537.692383,4404.358887,4483.333496,,,,,,,,,,,,,,,,,,,,,,,,,,,,,,,,,,,,,,,,,,,,,,,,,,,,,,,,,,,,,,,,,,,,,,
1769162268.596105,1769162268.597229,7.0,0.0,4371.282227,4271.410156,4505.512695,4355.0,4267.436035,4278.077148,4296.410156,4284.102539,4272.307617,4251.153809,4553.333496,4538.205078,4396.282227,4476.153809,,,,,,,,,,,,,,,,,,,,,,,,,,,,,,,,,,,,,,,,,,,,,,,,,,,,,,,,,,,,,,,,,,,,,,
1769162268.603913,1769162268.604838,8.0,0.0,4376.410156,4274.102539,4508.589844,4360.128418,4270.0,4276.538574,4297.436035,4285.0,4271.153809,4259.743652,4553.717773,4541.153809,4402.179688,4487.692383,,,,,,,,,,,,,,,,,,,,,,,,,,,,,,,,,,,,,,,,,,,,,,,,,,,,,,,,,,,,,,,,,,,,,,
1769162268.611721,1769162268.612646,9.0,0.0,4384.230957,4281.410156,4510.128418,4368.205078,4278.974121,4275.0,4297.692383,4277.692383,4266.538574,4264.615234,4561.922852,4540.641113,4412.94873,4495.897461,,,,,,,,,,,,,,,,,,,,,,,,,,,,,,,,,,,,,,,,,,,,,,,,,,,,,,,,,,,,,,,,,,,,,,
1769162268.61953,1769162268.620355,10.0,0.0,4382.820313,4279.102539,4510.512695,4366.922852,4272.179688,4268.846191,4293.717773,4277.692383,4273.077148,4263.589844,4566.794922,4540.897461,4415.641113,4489.871582,,,,,,,,,,,,,,,,,,,,,,,,,,,,,,,,,,,,,,,,,,,,,,,,,,,,,,,,,,,,,,,,,,,,,,
1769162268.627338,1769162268.628163,11.0,0.0,4375.0,4273.205078,4509.230957,4361.153809,4262.692383,4269.102539,4293.077148,4281.410156,4274.230957,4261.794922,4556.794922,4540.384766,4408.846191,4484.615234,,,,,,,,,,,,,,,,,,,,,,,,,,,,,,,,,,,,,,,,,,,,,,,,,,,,,,,,,,,,,,,,,,,,,,
1769162268.635147,1769162268.636171,12.0,0.0,4376.794922,4274.615234,4509.743652,4362.436035,4262.563965,4281.410156,4296.538574,4277.94873,4259.358887,4252.94873,4547.94873,4536.282227,4402.94873,4486.025879,,,,,,,,,,,,,,,,,,,,,,,,,,,,,,,,,,,,,,,,,,,,,,,,,,,,,,,,,,,,,,,,,,,,,,
1769162268.642955,1769162268.64398,13.0,0.0,4388.589844,4280.128418,4517.179688,4369.871582,4264.743652,4280.0,4295.641113,4276.282227,4261.153809,4253.205078,4552.820313,4538.077148,4408.589844,4490.384766,,,,,,,,,,,,,,,,,,,,,,,,,,,,,,,,,,,,,,,,,,,,,,,,,,,,,,,,,,,,,,,,,,,,,,
1769162268.650764,1769162268.651888,14.0,0.0,4395.0,4283.205078,4523.333496,4375.128418,4269.102539,4266.282227,4292.563965,4279.743652,4274.487305,4263.589844,4557.94873,4546.538574,4416.538574,4492.692383,0.76398,0.560601,0.543872,0.377427,0.135509,0.700357,0.317855,0.421185,0.150772,0.156666,1.01201,0.292243,0.39347,0.15114,0.084264,0.549463,0.331511,0.421065,0.153398,0.098258,0.17437,0.147689,0.105295,0.055464,0.026579,0.149789,0.39535,0.114403,0.249339,0.166062,0.15394,0.264036,0.122811,0.095572,0.089593,0.429445,0.571829,0.253594,0.268262,0.201305,0.352692,0.468663,0.175023,0.238024,0.13666,0.406577,0.39916,0.445299,0.428322,0.22185,1.152398,0.421906,0.274512,0.442677,0.173382,0.842938,0.437893,0.282395,0.27093,0.150753,0.764365,0.744054,0.252492,0.573274,0.175869,1.137196,0.464334,0.688108,0.451161,0.164342
1769162268.658572,1769162268.659697,15.0,0.0,4390.128418,4281.666504,4521.282227,4374.743652,4273.205078,4270.512695,4294.230957,4279.615234,4269.871582,4265.0,4555.897461,4551.538574,4414.358887,4492.820313,,,,,,,,,,,,,,,,,,,,,,,,,,,,,,,,,,,,,,,,,,,,,,,,,,,,,,,,,,,,,,,,,,,,,,
1769162268.666381,1769162268.667705,16.0,0.0,4383.205078,4276.922852,4514.871582,4372.692383,4268.333496,4283.077148,4298.205078,4280.897461,4268.846191,4260.641113,4555.641113,4551.922852,4408.974121,4496.153809,,,,,,,,,,,,,,,,,,,,,,,,,,,,,,,,,,,,,,,,,,,,,,,,,,,,,,,,,,,,,,,,,,,,,,
1769162268.674189,1769162268.675513,17.0,0.0,4386.794922,4279.615234,4511.153809,4371.538574,4266.153809,4276.025879,4296.538574,4282.820313,4276.922852,4257.820313,4558.077148,4551.538574,4412.307617,4498.717773,,,,,,,,,,,,,,,,,,,,,,,,,,,,,,,,,,,,,,,,,,,,,,,,,,,,,,,,,,,,,,,,,,,,,,
1769162268.681997,1769162268.683422,18.0,0.0,4386.025879,4278.846191,4509.102539,4367.307617,4267.179688,4265.0,4293.333496,4280.0,4269.102539,4256.025879,4558.205078,4546.025879,4413.077148,4493.461426,,,,,,,,,,,,,,,,,,,,,,,,,,,,,,,,,,,,,,,,,,,,,,,,,,,,,,,,,,,,,,,,,,,,,,
1769162268.689806,1769162268.69123,19.0,0.0,4374.358887,4267.563965,4505.769043,4362.820313,4264.230957,4272.436035,4298.461426,4276.794922,4261.025879,4259.102539,4552.436035,4536.025879,4406.922852,4488.205078,,,,,,,,,,,,,,,,,,,,,,,,,,,,,,,,,,,,,,,,,,,,,,,,,,,,,,,,,,,,,,,,,,,,,,
1769162268.697614,1769162268.698839,20.0,0.0,4373.589844,4266.410156,4505.256348,4365.897461,4264.487305,4283.589844,4303.333496,4281.410156,4270.897461,4267.820313,4553.205078,4538.589844,4406.794922,4489.358887,,,,,,,,,,,,,,,,,,,,,,,,,,,,,,,,,,,,,,,,,,,,,,,,,,,,,,,,,,,,,,,,,,,,,,
1769162268.705423,1769162268.706647,21.0,0.0,4382.820313,4276.794922,4508.846191,4369.487305,4267.563965,4278.717773,4296.538574,4287.307617,4279.230957,4273.077148,4564.102539,4547.94873,4413.333496,4494.871582,,,,,,,,,,,,,,,,,,,,,,,,,,,,,,,,,,,,,,,,,,,,,,,,,,,,,,,,,,,,,,,,,,,,,,
1769162268.713231,1769162268.714556,22.0,0.0,4384.615234,4279.743652,4510.512695,4367.94873,4267.307617,4264.871582,4290.128418,4284.102539,4277.179688,4270.384766,4564.487305,4544.871582,4413.333496,4497.692383,,,,,,,,,,,,,,,,,,,,,,,,,,,,,,,,,,,,,,,,,,,,,,,,,,,,,,,,,,,,,,,,,,,,,,
1769162268.72104,1769162268.722364,23.0,0.0,4381.794922,4277.692383,4506.666504,4368.205078,4266.282227,4264.102539,4293.333496,4276.538574,4275.256348,4262.179688,4553.717773,4537.307617,4408.461426,4494.615234,,,,,,,,,,,,,,,,,,,,,,,,,,,,,,,,,,,,,,,,,,,,,,,,,,,,,,,,,,,,,,,,,,,,,,
1769162268.728848,1769162268.730073,24.0,0.0,4386.025879,4278.333496,4505.256348,4370.769043,4265.769043,4276.794922,4295.512695,4276.666504,4275.641113,4265.384766,4553.717773,4539.230957,4408.589844,4496.153809,,,,,,,,,,,,,,,,,,,,,,,,,,,,,,,,,,,,,,,,,,,,,,,,,,,,,,,,,,,,,,,,,,,,,,
1769162268.736657,1769162268.737881,25.0,0.0,4390.128418,4279.743652,4508.205078,4371.794922,4267.307617,4280.897461,4292.820313,4280.769043,4277.436035,4277.94873,4558.717773,4541.410156,4409.871582,4504.615234,,,,,,,,,,,,,,,,,,,,,,,,,,,,,,,,,,,,,,,,,,,,,,,,,,,,,,,,,,,,,,,,,,,,,,
1769162268.744465,1769162268.74559,26.0,0.0,4389.743652,4284.487305,4505.769043,4373.333496,4268.205078,4277.563965,4293.205078,4280.128418,4279.230957,4278.333496,4557.820313,4538.717773,4409.871582,4508.846191,,,,,,,,,,,,,,,,,,,,,,,,,,,,,,,,,,,,,,,,,,,,,,,,,,,,,,,,,,,,,,,,,,,,,,
1769162268.752273,1769162268.753398,27.0,0.0,4389.615234,4287.05127,4495.256348,4372.307617,4268.333496,4275.769043,4295.0,4281.153809,4279.743652,4276.794922,4561.025879,4540.128418,4410.769043,4506.153809,,,,,,,,,,,,,,,,,,,,,,,,,,,,,,,,,,,,,,,,,,,,,,,,,,,,,,,,,,,,,,,,,,,,,,
1769162268.760082,1769162268.761007,28.0,0.0,4388.077148,4280.128418,4488.974121,4370.128418,4273.077148,4279.230957,4295.512695,4285.384766,4275.256348,4273.589844,4562.820313,4542.436035,4412.436035,4506.666504,,,,,,,,,,,,,,,,,,,,,,,,,,,,,,,,,,,,,,,,,,,,,,,,,,,,,,,,,,,,,,,,,,,,,,
1769162268.76789,1769162268.768815,29.0,0.0,4385.769043,4276.922852,4491.922852,4372.179688,4279.358887,4285.897461,4295.769043,4288.846191,4277.436035,4267.179688,4558.205078,4541.282227,4414.743652,4509.230957,,,,,,,,,,,,,,,,,,,,,,,,,,,,,,,,,,,,,,,,,,,,,,,,,,,,,,,,,,,,,,,,,,,,,,
1769162268.775699,1769162268.776723,30.0,0.0,4385.641113,4280.384766,4487.05127,4368.974121,4278.717773,4285.897461,4297.820313,4296.025879,4286.025879,4271.666504,4555.512695,4540.897461,4413.846191,4499.487305,0.575707,0.472239,0.487634,0.352163,0.139487,0.683145,0.316819,0.462947,0.152142,0.159465,0.860981,0.25476,0.298305,0.118284,0.079552,0.479868,0.347562,0.434566,0.153612,0.096753,0.170827,0.160004,0.119186,0.052178,0.033357,0.173757,0.326511,0.091668,0.253877,0.186145,0.174711,0.236713,0.147757,0.095695,0.081629,0.476096,0.476626,0.25806,0.271501,0.200298,0.330431,0.442967,0.185487,0.249343,0.144893,0.349518,0.447674,0.462398,0.427922,0.253776,1.048004,0.499279,0.259104,0.412755,0.162317,0.686045,0.486201,0.251995,0.274204,0.14682,0.714879,0.88811,0.266751,0.528821,0.190497,0.969297,0.51677,0.577863,0.423666,0.147294
1769162268.783507,1769162268.784532,31.0,0.0,4386.410156,4280.0,4476.794922,4363.205078,4274.358887,4280.897461,4298.333496,4294.871582,4283.846191,4273.461426,4553.461426,4540.641113,4409.487305,4488.846191,,,,,,,,,,,,,,,,,,,,,,,,,,,,,,,,,,,,,,,,,,,,,,,,,,,,,,,,,,,,,,,,,,,,,,
1769162268.791316,1769162268.792141,32.0,0.0,4388.717773,4279.230957,4476.025879,4369.358887,4275.641113,4282.692383,4297.563965,4285.128418,4275.256348,4265.256348,4554.487305,4541.025879,4408.846191,4497.179688,,,,,,,,,,,,,,,,,,,,,,,,,,,,,,,,,,,,,,,,,,,,,,,,,,,,,,,,,,,,,,,,,,,,,,
1769162268.799124,1769162268.799949,33.0,0.0,4393.461426,4285.256348,4481.153809,4375.897461,4277.05127,4284.102539,4297.179688,4286.025879,4276.922852,4269.102539,4563.077148,4540.0,4413.205078,4509.487305,,,,,,,,,,,,,,,,,,,,,,,,,,,,,,,,,,,,,,,,,,,,,,,,,,,,,,,,,,,,,,,,,,,,,,
1769162268.806933,1769162268.807658,34.0,0.0,4396.538574,4292.94873,4487.307617,4373.333496,4275.384766,4278.077148,4295.256348,4290.641113,4282.179688,4275.897461,4571.410156,4541.025879,4415.256348,4509.871582,,,,,,,,,,,,,,,,,,,,,,,,,,,,,,,,,,,,,,,,,,,,,,,,,,,,,,,,,,,,,,,,,,,,,,
1769162268.814741,1769162268.815466,35.0,0.0,4395.897461,4295.641113,4489.871582,4374.102539,4274.871582,4279.358887,4294.615234,4285.897461,4280.128418,4265.897461,4570.0,4542.820313,4411.153809,4504.230957,,,,,,,,,,,,,,,,,,,,,,,,,,,,,,,,,,,,,,,,,,,,,,,,,,,,,,,,,,,,,,,,,,,,,,
1769162268.822549,1769162268.823075,36.0,0.0,4396.153809,4295.769043,4483.589844,4379.871582,4275.769043,4283.717773,4297.05127,4281.282227,4277.563965,4266.794922,4567.436035,4542.563965,4412.692383,4504.743652,,,,,,,,,,,,,,,,,,,,,,,,,,,,,,,,,,,,,,,,,,,,,,,,,,,,,,,,,,,,,,,,,,,,,,
1769162268.830358,1769162268.830883,37.0,0.0,4399.102539,4296.922852,4477.692383,4380.512695,4278.974121,4281.794922,4297.05127,4279.615234,4277.820313,4284.230957,4569.743652,4541.410156,4423.333496,4512.307617,,,,,,,,,,,,,,,,,,,,,,,,,,,,,,,,,,,,,,,,,,,,,,,,,,,,,,,,,,,,,,,,,,,,,,
1769162268.838166,1769162268.838791,38.0,0.0,4398.846191,4295.512695,4477.692383,4376.666504,4280.0,4280.384766,4294.230957,4278.077148,4278.974121,4283.205078,4571.666504,4538.205078,4423.077148,4512.307617,,,,,,,,,,,,,,,,,,,,,,,,,,,,,,,,,,,,,,,,,,,,,,,,,,,,,,,,,,,,,,,,,,,,,,
1769162268.845975,1769162268.8466,39.0,0.0,4396.282227,4294.230957,4477.563965,4378.333496,4278.717773,4283.205078,4294.102539,4286.666504,4280.641113,4272.563965,4572.179688,4541.538574,4416.538574,4509.743652,,,,,,,,,,,,,,,,,,,,,,,,,,,,,,,,,,,,,,,,,,,,,,,,,,,,,,,,,,,,,,,,,,,,,,
1769162268.853783,1769162268.854608,40.0,0.0,4396.922852,4296.153809,4476.794922,4381.025879,4277.820313,4282.94873,4295.897461,4296.025879,4278.077148,4276.025879,4571.282227,4551.538574,4420.384766,4518.205078,,,,,,,,,,,,,,,,,,,,,,,,,,,,,,,,,,,,,,,,,,,,,,,,,,,,,,,,,,,,,,,,,,,,,,
1769162268.861592,1769162268.862417,41.0,0.0,4395.384766,4295.0,4476.282227,4377.94873,4280.897461,4279.230957,4296.025879,4295.0,4283.846191,4281.794922,4572.436035,4555.384766,4426.153809,4524.743652,,,,,,,,,,,,,,,,,,,,,,,,,,,,,,,,,,,,,,,,,,,,,,,,,,,,,,,,,,,,,,,,,,,,,,
1769162268.8694,1769162268.870325,42.0,0.0,4396.794922,4295.256348,4473.333496,4377.307617,4285.769043,4283.589844,4293.461426,4294.743652,4293.717773,4281.538574,4581.025879,4554.871582,4428.077148,4522.436035,,,,,,,,,,,,,,,,,,,,,,,,,,,,,,,,,,,,,,,,,,,,,,,,,,,,,,,,,,,,,,,,,,,,,,
1769162268.877209,1769162268.878133,43.0,0.0,4403.717773,4300.897461,4475.512695,4383.974121,4287.94873,4295.897461,4294.743652,4297.179688,4289.871582,4282.94873,4586.666504,4556.410156,4428.717773,4524.615234,,,,,,,,,,,,,,,,,,,,,,,,,,,,,,,,,,,,,,,,,,,,,,,,,,,,,,,,,,,,,,,,,,,,,,
1769162268.885017,1769162268.886142,44.0,0.0,4397.94873,4300.0,4474.871582,4383.589844,4285.256348,4297.94873,4301.794922,4297.692383,4282.307617,4280.128418,4576.922852,4553.077148,4418.461426,4518.974121,,,,,,,,,,,,,,,,,,,,,,,,,,,,,,,,,,,,,,,,,,,,,,,,,,,,,,,,,,,,,,,,,,,,,,
1769162268.892825,1769162268.89395,45.0,0.0,4386.282227,4293.077148,4463.846191,4373.589844,4283.461426,4291.794922,4301.794922,4296.666504,4285.384766,4276.794922,4567.820313,4546.538574,4411.153809,4506.025879,,,,,,,,,,,,,,,,,,,,,,,,,,,,,,,,,,,,,,,,,,,,,,,,,,,,,,,,,,,,,,,,,,,,,,
1769162268.900634,1769162268.901659,46.0,0.0,4391.794922,4291.025879,4458.077148,4372.820313,4284.358887,4291.666504,4296.410156,4296.922852,4292.94873,4285.384766,4574.487305,4550.384766,4422.563965,4514.615234,0.40681,0.389492,0.41716,0.321306,0.142191,0.608855,0.314897,0.471449,0.159818,0.157004,0.698923,0.219489,0.227842,0.097378,0.070959,0.382896,0.353999,0.4268,0.154855,0.093642,0.167609,0.16544,0.134425,0.051314,0.043434,0.189785,0.238804,0.074701,0.252934,0.210729,0.186302,0.202545,0.169525,0.090553,0.079323,0.494172,0.35846,0.263406,0.273568,0.214382,0.328439,0.405339,0.19499,0.251777,0.158557,0.295181,0.465865,0.477473,0.436388,0.291714,0.856817,0.538729,0.253374,0.384031,0.145682,0.497307,0.510615,0.225592,0.293295,0.140071,0.65309,0.957212,0.281212,0.45952,0.191092,0.812176,0.53672,0.488807,0.40789,0.1295
1769162268.908442,1769162268.909467,47.0,0.0,4401.153809,4295.384766,4462.05127,4380.0,4281.922852,4295.384766,4300.512695,4296.025879,4294.102539,4295.256348,4581.410156,4553.974121,4431.666504,4527.692383,,,,,,,,,,,,,,,,,,,,,,,,,,,,,,,,,,,,,,,,,,,,,,,,,,,,,,,,,,,,,,,,,,,,,,
1769162268.916251,1769162268.917475,48.0,0.0,4397.820313,4303.077148,4463.589844,4383.461426,4283.589844,4294.743652,4306.538574,4296.410156,4295.897461,4298.077148,4586.025879,4555.769043,4431.410156,4525.897461,,,,,,,,,,,,,,,,,,,,,,,,,,,,,,,,,,,,,,,,,,,,,,,,,,,,,,,,,,,,,,,,,,,,,,
1769162268.924059,1769162268.925284,49.0,0.0,4396.666504,4306.410156,4461.025879,4380.512695,4287.436035,4284.871582,4301.025879,4297.692383,4293.589844,4291.282227,4584.615234,4556.538574,4431.794922,4523.846191,,,,,,,,,,,,,,,,,,,,,,,,,,,,,,,,,,,,,,,,,,,,,,,,,,,,,,,,,,,,,,,,,,,,,,
1769162268.931868,1769162268.932992,50.0,0.0,4399.230957,4300.384766,4458.077148,4376.025879,4285.256348,4277.05127,4292.05127,4291.153809,4281.025879,4281.538574,4573.461426,4546.153809,4429.743652,4523.205078,,,,,,,,,,,,,,,,,,,,,,,,,,,,,,,,,,,,,,,,,,,,,,,,,,,,,,,,,,,,,,,,,,,,,,
1769162268.939676,1769162268.940801,51.0,0.0,4397.05127,4294.487305,4456.025879,4373.974121,4285.641113,4285.769043,4291.153809,4287.820313,4279.615234,4285.512695,4572.307617,4536.666504,4426.025879,4520.128418,,,,,,,,,,,,,,,,,,,,,,,,,,,,,,,,,,,,,,,,,,,,,,,,,,,,,,,,,,,,,,,,,,,,,,
1769162268.947485,1769162268.948409,52.0,0.0,4397.692383,4299.358887,4457.563965,4375.0,4289.230957,4293.974121,4294.230957,4293.461426,4286.666504,4293.717773,4578.461426,4540.128418,4427.563965,4520.769043,,,,,,,,,,,,,,,,,,,,,,,,,,,,,,,,,,,,,,,,,,,,,,,,,,,,,,,,,,,,,,,,,,,,,,
1769162268.955293,1769162268.956218,53.0,0.0,4399.487305,4302.692383,4455.256348,4375.769043,4285.641113,4282.563965,4291.794922,4295.128418,4285.384766,4287.307617,4573.205078,4542.436035,4428.846191,4523.846191,,,,,,,,,,,,,,,,,,,,,,,,,,,,,,,,,,,,,,,,,,,,,,,,,,,,,,,,,,,,,,,,,,,,,,
1769162268.963102,1769162268.964126,54.0,0.0,4397.436035,4297.436035,4443.974121,4372.05127,4277.820313,4276.282227,4290.128418,4293.461426,4282.307617,4274.487305,4567.307617,4537.820313,4424.871582,4522.563965,,,,,,,,,,,,,,,,,,,,,,,,,,,,,,,,,,,,,,,,,,,,,,,,,,,,,,,,,,,,,,,,,,,,,,
1769162268.97091,1769162268.971935,55.0,0.0,4396.282227,4294.487305,4442.436035,4373.333496,4281.794922,4290.512695,4293.205078,4294.230957,4286.282227,4276.153809,4571.153809,4541.410156,4422.820313,4521.666504,,,,,,,,,,,,,,,,,,,,,,,,,,,,,,,,,,,,,,,,,,,,,,,,,,,,,,,,,,,,,,,,,,,,,,
1769162268.978718,1769162268.979943,56.0,0.0,4398.717773,4298.846191,4454.743652,4378.333496,4288.077148,4292.820313,4292.563965,4294.615234,4288.077148,4288.974121,4573.974121,4555.0,4426.153809,4522.307617,,,,,,,,,,,,,,,,,,,,,,,,,,,,,,,,,,,,,,,,,,,,,,,,,,,,,,,,,,,,,,,,,,,,,,
1769162268.986527,1769162268.987751,57.0,0.0,4402.436035,4303.717773,4456.410156,4377.307617,4287.179688,4284.487305,4289.871582,4296.153809,4285.512695,4293.333496,4573.974121,4559.358887,4429.871582,4525.0,,,,,,,,,,,,,,,,,,,,,,,,,,,,,,,,,,,,,,,,,,,,,,,,,,,,,,,,,,,,,,,,,,,,,,
1769162268.994335,1769162268.99546,58.0,0.0,4401.025879,4302.307617,4445.0,4372.94873,4284.487305,4282.563965,4293.077148,4296.538574,4281.922852,4281.922852,4571.666504,4546.538574,4422.436035,4522.820313,,,,,,,,,,,,,,,,,,,,,,,,,,,,,,,,,,,,,,,,,,,,,,,,,,,,,,,,,,,,,,,,,,,,,,
1769162269.002144,1769162269.003268,59.0,0.0,4396.922852,4300.897461,4441.666504,4373.333496,4286.922852,4282.179688,4296.282227,4292.436035,4276.666504,4276.153809,4567.820313,4535.512695,4412.94873,4511.666504,,,,,,,,,,,,,,,,,,,,,,,,,,,,,,,,,,,,,,,,,,,,,,,,,,,,,,,,,,,,,,,,,,,,,,
1769162269.009952,1769162269.010877,60.0,0.0,4395.256348,4304.102539,4443.974121,4377.820313,4290.128418,4284.871582,4295.256348,4292.94873,4278.974121,4281.282227,4569.743652,4539.358887,4417.436035,4504.358887,,,,,,,,,,,,,,,,,,,,,,,,,,,,,,,,,,,,,,,,,,,,,,,,,,,,,,,,,,,,,,,,,,,,,,
1769162269.017761,1769162269.018685,61.0,0.0,4394.487305,4306.025879,4440.769043,4380.128418,4284.487305,4289.871582,4295.256348,4296.666504,4283.077148,4278.461426,4571.922852,4541.922852,4425.769043,4508.974121,,,,,,,,,,,,,,,,,,,,,,,,,,,,,,,,,,,,,,,,,,,,,,,,,,,,,,,,,,,,,,,,,,,,,,
1769162269.025569,1769162269.026394,62.0,0.0,4401.794922,4308.205078,4441.538574,4380.641113,4278.205078,4283.717773,4292.05127,4294.230957,4278.974121,4281.666504,4571.410156,4540.897461,4428.333496,4521.666504,0.304405,0.336371,0.346386,0.285334,0.143719,0.497266,0.319882,0.441431,0.166925,0.149326,0.54324,0.197499,0.190985,0.084633,0.06111,0.307041,0.355316,0.395318,0.153209,0.089691,0.162033,0.161391,0.143934,0.056606,0.054951,0.188433,0.156733,0.06472,0.240433,0.236029,0.182251,0.169049,0.177052,0.078966,0.082729,0.465653,0.255974,0.265787,0.272937,0.234571,0.327977,0.369067,0.197434,0.249601,0.176735,0.252531,0.436453,0.465063,0.45925,0.32947,0.619782,0.52521,0.241763,0.369184,0.130252,0.328307,0.515205,0.203173,0.331322,0.131159,0.573216,0.925744,0.282548,0.384843,0.178403,0.688091,0.519289,0.418297,0.402928,0.114884
1769162269.033378,1769162269.034202,63.0,0.0,4408.974121,4309.615234,4445.512695,4379.487305,4277.692383,4271.922852,4288.589844,4294.743652,4281.153809,4288.333496,4570.641113,4542.436035,4425.384766,4524.743652,,,,,,,,,,,,,,,,,,,,,,,,,,,,,,,,,,,,,,,,,,,,,,,,,,,,,,,,,,,,,,,,,,,,,,
1769162269.041186,1769162269.042211,64.0,0.0,4400.769043,4305.897461,4438.589844,4374.615234,4278.077148,4271.794922,4288.333496,4295.512695,4282.94873,4281.538574,4568.333496,4538.333496,4418.846191,4512.820313,,,,,,,,,,,,,,,,,,,,,,,,,,,,,,,,,,,,,,,,,,,,,,,,,,,,,,,,,,,,,,,,,,,,,,
1769162269.048994,1769162269.050019,65.0,0.0,4395.512695,4304.230957,4433.333496,4371.153809,4277.820313,4278.589844,4284.102539,4286.153809,4273.461426,4273.846191,4569.743652,4535.0,4415.128418,4506.538574,,,,,,,,,,,,,,,,,,,,,,,,,,,,,,,,,,,,,,,,,,,,,,,,,,,,,,,,,,,,,,,,,,,,,,
1769162269.056803,1769162269.057927,66.0,0.0,4401.025879,4306.666504,4435.512695,4372.05127,4280.128418,4280.384766,4280.256348,4278.589844,4264.743652,4270.641113,4568.717773,4538.205078,4416.410156,4512.05127,,,,,,,,,,,,,,,,,,,,,,,,,,,,,,,,,,,,,,,,,,,,,,,,,,,,,,,,,,,,,,,,,,,,,,
1769162269.064611,1769162269.065736,67.0,0.0,4399.871582,4302.179688,4430.897461,4372.436035,4281.025879,4272.307617,4279.102539,4278.333496,4263.461426,4267.563965,4558.974121,4529.102539,4413.717773,4511.410156,,,,,,,,,,,,,,,,,,,,,,,,,,,,,,,,,,,,,,,,,,,,,,,,,,,,,,,,,,,,,,,,,,,,,,
1769162269.07242,1769162269.073744,68.0,0.0,4394.358887,4294.871582,4424.358887,4369.871582,4277.94873,4267.820313,4277.436035,4281.666504,4269.487305,4270.641113,4558.589844,4522.05127,4411.666504,4505.512695,,,,,,,,,,,,,,,,,,,,,,,,,,,,,,,,,,,,,,,,,,,,,,,,,,,,,,,,,,,,,,,,,,,,,,
1769162269.080228,1769162269.081553,69.0,0.0,4392.05127,4295.0,4426.282227,4368.461426,4279.102539,4279.615234,4284.743652,4292.563965,4278.589844,4276.538574,4567.307617,4529.743652,4412.692383,4507.05127,,,,,,,,,,,,,,,,,,,,,,,,,,,,,,,,,,,,,,,,,,,,,,,,,,,,,,,,,,,,,,,,,,,,,,
1769162269.088037,1769162269.089461,70.0,0.0,4386.538574,4295.769043,4428.717773,4367.307617,4282.563965,4286.153809,4294.230957,4296.282227,4279.358887,4273.974121,4567.179688,4529.871582,4409.871582,4511.282227,,,,,,,,,,,,,,,,,,,,,,,,,,,,,,,,,,,,,,,,,,,,,,,,,,,,,,,,,,,,,,,,,,,,,,
1769162269.095845,1769162269.097269,71.0,0.0,4390.641113,4297.436035,4426.538574,4369.615234,4282.436035,4277.05127,4285.769043,4284.358887,4273.461426,4274.230957,4566.666504,4525.0,4416.538574,4517.436035,,,,,,,,,,,,,,,,,,,,,,,,,,,,,,,,,,,,,,,,,,,,,,,,,,,,,,,,,,,,,,,,,,,,,,
1769162269.103654,1769162269.105278,72.0,0.0,4398.077148,4305.897461,4426.282227,4376.282227,4280.769043,4274.102539,4280.897461,4282.436035,4274.871582,4279.871582,4572.692383,4532.692383,4429.230957,4523.846191,,,,,,,,,,,,,,,,,,,,,,,,,,,,,,,,,,,,,,,,,,,,,,,,,,,,,,,,,,,,,,,,,,,,,,
1769162269.111462,1769162269.113086,73.0,0.0,4390.512695,4307.05127,4428.333496,4374.615234,4279.358887,4279.487305,4294.743652,4296.922852,4281.922852,4278.077148,4575.0,4539.358887,4429.743652,4522.436035,,,,,,,,,,,,,,,,,,,,,,,,,,,,,,,,,,,,,,,,,,,,,,,,,,,,,,,,,,,,,,,,,,,,,,
1769162269.119271,1769162269.120795,74.0,0.0,4387.436035,4303.077148,4426.922852,4366.666504,4280.641113,4281.666504,4296.666504,4298.333496,4281.282227,4278.589844,4576.282227,4535.641113,4425.384766,4518.205078,,,,,,,,,,,,,,,,,,,,,,,,,,,,,,,,,,,,,,,,,,,,,,,,,,,,,,,,,,,,,,,,,,,,,,
1769162269.127079,1769162269.128603,75.0,0.0,4397.436035,4304.487305,4421.025879,4365.769043,4282.307617,4280.769043,4288.205078,4290.384766,4279.871582,4288.717773,4582.436035,4536.025879,4427.05127,4520.256348,,,,,,,,,,,,,,,,,,,,,,,,,,,,,,,,,,,,,,,,,,,,,,,,,,,,,,,,,,,,,,,,,,,,,,
1769162269.134888,1769162269.136212,76.0,0.0,4398.461426,4303.333496,4418.846191,4368.205078,4280.769043,4278.461426,4289.871582,4293.205078,4286.025879,4296.025879,4582.05127,4539.743652,4428.846191,4523.717773,,,,,,,,,,,,,,,,,,,,,,,,,,,,,,,,,,,,,,,,,,,,,,,,,,,,,,,,,,,,,,,,,,,,,,
1769162269.142696,1769162269.14402,77.0,0.0,4393.333496,4299.487305,4420.769043,4366.025879,4280.384766,4279.230957,4293.077148,4296.538574,4286.922852,4289.871582,4578.974121,4539.615234,4427.563965,4522.563965,,,,,,,,,,,,,,,,,,,,,,,,,,,,,,,,,,,,,,,,,,,,,,,,,,,,,,,,,,,,,,,,,,,,,,
1769162269.150504,1769162269.151729,78.0,0.0,4396.922852,4305.0,4422.307617,4367.94873,4282.179688,4281.025879,4288.846191,4293.846191,4280.0,4284.743652,4582.94873,4540.256348,4429.230957,4526.538574,0.252753,0.322808,0.287252,0.247893,0.144552,0.371969,0.337886,0.381188,0.168359,0.138587,0.440859,0.202967,0.180547,0.079094,0.053371,0.254464,0.358205,0.343265,0.14795,0.08603,0.152692,0.150063,0.145842,0.07047,0.066062,0.170089,0.100909,0.06059,0.213786,0.259361,0.163527,0.144711,0.166837,0.063446,0.090342,0.396886,0.200925,0.264277,0.266708,0.249165,0.319149,0.340103,0.191308,0.248618,0.197244,0.235973,0.36694,0.417522,0.495167,0.359389,0.398843,0.46474,0.218167,0.373573,0.12181,0.223541,0.513537,0.184921,0.381964,0.12126,0.484886,0.801574,0.265078,0.321971,0.158572,0.613388,0.478875,0.358927,0.404406,0.107629
1769162269.158313,1769162269.159537,79.0,0.0,4401.538574,4310.512695,4421.025879,4371.282227,4281.025879,4280.384766,4283.974121,4293.974121,4281.794922,4292.820313,4586.922852,4540.512695,4434.358887,4536.025879,,,,,,,,,,,,,,,,,,,,,,,,,,,,,,,,,,,,,,,,,,,,,,,,,,,,,,,,,,,,,,,,,,,,,,
1769162269.166121,1769162269.167545,80.0,0.0,4397.692383,4300.641113,4415.641113,4363.974121,4276.794922,4278.717773,4284.487305,4297.692383,4292.563965,4297.307617,4581.153809,4539.102539,4431.794922,4530.512695,,,,,,,,,,,,,,,,,,,,,,,,,,,,,,,,,,,,,,,,,,,,,,,,,,,,,,,,,,,,,,,,,,,,,,
1769162269.17393,1769162269.175354,81.0,0.0,4391.794922,4291.153809,4415.0,4358.589844,4275.256348,4280.384766,4284.615234,4295.897461,4293.077148,4283.461426,4576.794922,4542.05127,4422.05127,4518.077148,,,,,,,,,,,,,,,,,,,,,,,,,,,,,,,,,,,,,,,,,,,,,,,,,,,,,,,,,,,,,,,,,,,,,,
1769162269.181738,1769162269.183262,82.0,0.0,4398.717773,4300.512695,4426.153809,4364.615234,4278.846191,4282.94873,4283.717773,4296.282227,4291.538574,4279.615234,4583.461426,4553.974121,4431.666504,4527.563965,,,,,,,,,,,,,,,,,,,,,,,,,,,,,,,,,,,,,,,,,,,,,,,,,,,,,,,,,,,,,,,,,,,,,,
1769162269.189547,1769162269.191071,83.0,0.0,4411.794922,4308.717773,4432.179688,4370.512695,4281.538574,4283.077148,4287.436035,4304.230957,4297.820313,4299.102539,4592.436035,4561.025879,4448.077148,4544.615234,,,,,,,,,,,,,,,,,,,,,,,,,,,,,,,,,,,,,,,,,,,,,,,,,,,,,,,,,,,,,,,,,,,,,,
1769162269.197355,1769162269.198679,84.0,0.0,4406.282227,4302.05127,4422.05127,4368.974121,4279.871582,4281.794922,4289.743652,4303.846191,4297.436035,4303.717773,4591.282227,4554.102539,4437.820313,4540.256348,,,,,,,,,,,,,,,,,,,,,,,,,,,,,,,,,,,,,,,,,,,,,,,,,,,,,,,,,,,,,,,,,,,,,,
1769162269.205164,1769162269.206488,85.0,0.0,4397.307617,4301.282227,4418.717773,4368.077148,4282.05127,4278.205078,4281.025879,4292.692383,4290.641113,4293.205078,4586.282227,4549.615234,4429.358887,4531.410156,,,,,,,,,,,,,,,,,,,,,,,,,,,,,,,,,,,,,,,,,,,,,,,,,,,,,,,,,,,,,,,,,,,,,,
1769162269.212972,1769162269.214196,86.0,0.0,4406.282227,4312.05127,4424.871582,4372.436035,4286.153809,4276.922852,4277.820313,4288.717773,4288.461426,4293.333496,4587.179688,4554.871582,4439.743652,4537.436035,,,,,,,,,,,,,,,,,,,,,,,,,,,,,,,,,,,,,,,,,,,,,,,,,,,,,,,,,,,,,,,,,,,,,,
1769162269.22078,1769162269.222005,87.0,0.0,4407.563965,4311.025879,4421.538574,4375.512695,4284.615234,4279.871582,4290.384766,4299.358887,4291.282227,4289.871582,4586.025879,4556.922852,4437.436035,4536.794922,,,,,,,,,,,,,,,,,,,,,,,,,,,,,,,,,,,,,,,,,,,,,,,,,,,,,,,,,,,,,,,,,,,,,,
1769162269.228589,1769162269.229613,88.0,0.0,4395.0,4303.461426,4414.358887,4369.871582,4282.179688,4284.358887,4292.94873,4303.846191,4292.94873,4282.179688,4580.512695,4553.205078,4425.256348,4525.641113,,,,,,,,,,,,,,,,,,,,,,,,,,,,,,,,,,,,,,,,,,,,,,,,,,,,,,,,,,,,,,,,,,,,,,
1769162269.236397,1769162269.237422,89.0,0.0,4394.487305,4305.769043,4409.871582,4359.358887,4281.666504,4276.282227,4283.077148,4296.538574,4294.871582,4288.461426,4583.974121,4548.717773,4426.538574,4521.922852,,,,,,,,,,,,,,,,,,,,,,,,,,,,,,,,,,,,,,,,,,,,,,,,,,,,,,,,,,,,,,,,,,,,,,
1769162269.244206,1769162269.24533,90.0,0.0,4395.256348,4306.025879,4406.922852,4358.205078,4279.871582,4262.692383,4278.333496,4292.563965,4293.589844,4293.974121,4584.871582,4542.05127,4430.384766,4521.794922,,,,,,,,,,,,,,,,,,,,,,,,,,,,,,,,,,,,,,,,,,,,,,,,,,,,,,,,,,,,,,,,,,,,,,
1769162269.252014,1769162269.253139,91.0,0.0,4388.974121,4298.846191,4405.256348,4365.769043,4280.384766,4268.077148,4280.897461,4295.256348,4287.179688,4290.384766,4573.205078,4536.922852,4428.205078,4519.615234,,,,,,,,,,,,,,,,,,,,,,,,,,,,,,,,,,,,,,,,,,,,,,,,,,,,,,,,,,,,,,,,,,,,,,
1769162269.259823,1769162269.261147,92.0,0.0,4392.307617,4297.307617,4407.307617,4370.128418,4283.846191,4282.563965,4282.94873,4295.641113,4285.128418,4286.410156,4572.436035,4539.358887,4429.358887,4521.666504,,,,,,,,,,,,,,,,,,,,,,,,,,,,,,,,,,,,,,,,,,,,,,,,,,,,,,,,,,,,,,,,,,,,,,
1769162269.267631,1769162269.268955,93.0,0.0,4394.871582,4297.820313,4404.871582,4364.615234,4283.077148,4284.743652,4282.820313,4294.230957,4288.717773,4281.538574,4584.358887,4542.563965,4429.743652,4524.230957,,,,,,,,,,,,,,,,,,,,,,,,,,,,,,,,,,,,,,,,,,,,,,,,,,,,,,,,,,,,,,,,,,,,,,
1769162269.27544,1769162269.276864,94.0,0.0,4383.461426,4293.974121,4396.282227,4356.025879,4276.538574,4278.461426,4283.077148,4297.692383,4291.282227,4284.615234,4580.0,4538.717773,4427.05127,4521.153809,0.237379,0.339947,0.245843,0.213055,0.14531,0.26065,0.369823,0.308258,0.162711,0.128076,0.378929,0.237693,0.184042,0.082956,0.05093,0.23883,0.366989,0.279742,0.140782,0.083588,0.139093,0.136586,0.140051,0.090959,0.075099,0.144154,0.08525,0.060639,0.175896,0.280374,0.135933,0.137689,0.14219,0.048272,0.099409,0.311375,0.206494,0.259803,0.252818,0.249845,0.304891,0.316741,0.17958,0.253002,0.216019,0.26316,0.278233,0.345025,0.53514,0.37469,0.247804,0.374853,0.184203,0.392255,0.122472,0.200487,0.517873,0.173766,0.432776,0.112331,0.403402,0.622174,0.231764,0.279777,0.13981,0.592014,0.430416,0.30447,0.408941,0.110862
1769162269.283248,1769162269.284672,95.0,0.0,4377.692383,4293.589844,4393.974121,4356.282227,4275.897461,4276.025879,4280.0,4297.94873,4289.230957,4294.871582,4571.282227,4540.512695,4426.282227,4521.282227,,,,,,,,,,,,,,,,,,,,,,,,,,,,,,,,,,,,,,,,,,,,,,,,,,,,,,,,,,,,,,,,,,,,,,
1769162269.291057,1769162269.292281,96.0,0.0,4382.820313,4297.94873,4396.410156,4359.871582,4282.05127,4276.666504,4278.205078,4295.897461,4290.641113,4291.025879,4578.846191,4551.025879,4427.692383,4525.512695,,,,,,,,,,,,,,,,,,,,,,,,,,,,,,,,,,,,,,,,,,,,,,,,,,,,,,,,,,,,,,,,,,,,,,
1769162269.298865,1769162269.300089,97.0,0.0,4382.436035,4295.897461,4392.820313,4355.641113,4281.538574,4280.128418,4281.922852,4297.692383,4295.384766,4279.871582,4585.256348,4550.384766,4426.922852,4524.487305,,,,,,,,,,,,,,,,,,,,,,,,,,,,,,,,,,,,,,,,,,,,,,,,,,,,,,,,,,,,,,,,,,,,,,
1769162269.306673,1769162269.307798,98.0,0.0,4379.230957,4291.025879,4386.794922,4350.641113,4275.0,4281.282227,4283.077148,4296.282227,4289.615234,4279.743652,4579.615234,4540.897461,4426.025879,4520.256348,,,,,,,,,,,,,,,,,,,,,,,,,,,,,,,,,,,,,,,,,,,,,,,,,,,,,,,,,,,,,,,,,,,,,,
1769162269.314482,1769162269.315606,99.0,0.0,4384.871582,4298.077148,4389.230957,4358.077148,4276.794922,4277.436035,4277.94873,4291.538574,4277.05127,4286.538574,4575.897461,4537.307617,4427.563965,4520.384766,,,,,,,,,,,,,,,,,,,,,,,,,,,,,,,,,,,,,,,,,,,,,,,,,,,,,,,,,,,,,,,,,,,,,,
1769162269.32229,1769162269.323215,100.0,0.0,4392.436035,4308.717773,4395.512695,4365.256348,4281.922852,4276.153809,4276.538574,4290.256348,4277.307617,4290.769043,4580.0,4541.410156,4428.461426,4524.358887,,,,,,,,,,,,,,,,,,,,,,,,,,,,,,,,,,,,,,,,,,,,,,,,,,,,,,,,,,,,,,,,,,,,,,
1769162269.330099,1769162269.331023,101.0,0.0,4390.769043,4305.128418,4393.333496,4361.794922,4280.384766,4279.358887,4282.179688,4296.538574,4290.384766,4288.974121,4582.436035,4546.538574,4428.717773,4524.487305,,,,,,,,,,,,,,,,,,,,,,,,,,,,,,,,,,,,,,,,,,,,,,,,,,,,,,,,,,,,,,,,,,,,,,
1769162269.337907,1769162269.338732,102.0,0.0,4385.0,4295.641113,4389.615234,4356.025879,4280.128418,4281.410156,4282.94873,4298.846191,4291.538574,4283.589844,4581.794922,4544.487305,4430.256348,4522.436035,,,,,,,,,,,,,,,,,,,,,,,,,,,,,,,,,,,,,,,,,,,,,,,,,,,,,,,,,,,,,,,,,,,,,,
1769162269.345716,1769162269.34654,103.0,0.0,4385.128418,4293.846191,4388.461426,4355.0,4282.436035,4281.025879,4278.846191,4288.461426,4280.897461,4281.538574,4578.974121,4538.205078,4429.487305,4522.692383,,,,,,,,,,,,,,,,,,,,,,,,,,,,,,,,,,,,,,,,,,,,,,,,,,,,,,,,,,,,,,,,,,,,,,
1769162269.353524,1769162269.354149,104.0,0.0,4382.692383,4295.384766,4388.461426,4355.897461,4282.820313,4280.128418,4278.589844,4282.820313,4277.307617,4280.256348,4571.410156,4535.769043,4427.05127,4522.563965,,,,,,,,,,,,,,,,,,,,,,,,,,,,,,,,,,,,,,,,,,,,,,,,,,,,,,,,,,,,,,,,,,,,,,
1769162269.361333,1769162269.361957,105.0,0.0,4377.820313,4295.128418,4388.974121,4357.179688,4280.897461,4278.333496,4280.128418,4291.410156,4285.641113,4279.102539,4572.820313,4541.282227,4428.589844,4522.436035,,,,,,,,,,,,,,,,,,,,,,,,,,,,,,,,,,,,,,,,,,,,,,,,,,,,,,,,,,,,,,,,,,,,,,
1769162269.369141,1769162269.369666,106.0,0.0,4384.871582,4295.512695,4389.615234,4358.461426,4280.0,4282.307617,4278.461426,4297.436035,4293.205078,4288.461426,4584.743652,4548.974121,4431.538574,4525.512695,,,,,,,,,,,,,,,,,,,,,,,,,,,,,,,,,,,,,,,,,,,,,,,,,,,,,,,,,,,,,,,,,,,,,,
1769162269.376949,1769162269.377474,107.0,0.0,4395.769043,4295.256348,4388.589844,4358.974121,4280.641113,4287.820313,4278.077148,4293.717773,4290.641113,4294.743652,4590.256348,4550.0,4431.282227,4526.410156,,,,,,,,,,,,,,,,,,,,,,,,,,,,,,,,,,,,,,,,,,,,,,,,,,,,,,,,,,,,,,,,,,,,,,
1769162269.384758,1769162269.385483,108.0,0.0,4391.025879,4295.0,4388.333496,4359.102539,4280.256348,4283.846191,4279.615234,4294.358887,4288.077148,4286.538574,4580.641113,4542.05127,4426.538574,4522.94873,,,,,,,,,,,,,,,,,,,,,,,,,,,,,,,,,,,,,,,,,,,,,,,,,,,,,,,,,,,,,,,,,,,,,,
1769162269.392566,1769162269.393291,109.0,0.0,4379.358887,4295.897461,4387.563965,4356.538574,4282.692383,4283.333496,4278.846191,4297.436035,4291.794922,4283.205078,4573.077148,4536.666504,4422.94873,4519.102539,,,,,,,,,,,,,,,,,,,,,,,,,,,,,,,,,,,,,,,,,,,,,,,,,,,,,,,,,,,,,,,,,,,,,,
1769162269.400375,1769162269.401,110.0,0.0,4378.974121,4292.563965,4380.769043,4353.846191,4285.128418,4294.743652,4278.589844,4295.384766,4292.692383,4284.487305,4577.692383,4539.871582,4423.589844,4516.794922,0.259885,0.368263,0.220594,0.182033,0.147034,0.191046,0.412139,0.239323,0.151598,0.120708,0.387417,0.289854,0.193638,0.095867,0.055785,0.251329,0.378846,0.21497,0.133385,0.082858,0.121882,0.126787,0.128632,0.112083,0.080719,0.125625,0.111184,0.063172,0.136167,0.299708,0.111222,0.154377,0.110492,0.037144,0.107104,0.244432,0.263817,0.25322,0.231633,0.235475,0.303523,0.294015,0.167343,0.263524,0.228171,0.351555,0.202079,0.265297,0.566743,0.373017,0.189921,0.285788,0.146279,0.411999,0.130369,0.258487,0.532378,0.177393,0.469864,0.10667,0.35546,0.445237,0.190311,0.256766,0.12903,0.62175,0.391715,0.250297,0.414138,0.12529
1769162269.408183,1769162269.408808,111.0,0.0,4381.922852,4289.615234,4379.487305,4356.410156,4281.794922,4293.589844,4279.230957,4295.769043,4283.974121,4282.94873,4582.05127,4539.615234,4424.871582,4517.179688,,,,,,,,,,,,,,,,,,,,,,,,,,,,,,,,,,,,,,,,,,,,,,,,,,,,,,,,,,,,,,,,,,,,,,
1769162269.415992,1769162269.416417,112.0,0.0,4380.256348,4292.94873,4385.384766,4358.333496,4278.974121,4281.922852,4279.358887,4294.230957,4279.487305,4286.410156,4581.538574,4536.538574,4425.769043,4519.358887,,,,,,,,,,,,,,,,,,,,,,,,,,,,,,,,,,,,,,,,,,,,,,,,,,,,,,,,,,,,,,,,,,,,,,
1769162269.4238,1769162269.424225,113.0,0.0,4378.717773,4296.025879,4384.230957,4356.025879,4280.384766,4279.230957,4278.974121,4293.846191,4289.358887,4291.282227,4582.563965,4536.922852,4427.563965,4519.487305,,,,,,,,,,,,,,,,,,,,,,,,,,,,,,,,,,,,,,,,,,,,,,,,,,,,,,,,,,,,,,,,,,,,,,
1769162269.431609,1769162269.431934,114.0,0.0,4379.615234,4294.487305,4383.333496,4359.615234,4284.102539,4281.025879,4279.102539,4301.410156,4298.846191,4292.94873,4585.641113,4544.102539,4429.487305,4518.974121,,,,,,,,,,,,,,,,,,,,,,,,,,,,,,,,,,,,,,,,,,,,,,,,,,,,,,,,,,,,,,,,,,,,,,
1769162269.439417,1769162269.439742,115.0,0.0,4383.077148,4295.256348,4389.871582,4367.563965,4290.512695,4282.94873,4280.256348,4302.94873,4295.512695,4295.0,4586.666504,4550.0,4431.666504,4521.666504,,,,,,,,,,,,,,,,,,,,,,,,,,,,,,,,,,,,,,,,,,,,,,,,,,,,,,,,,,,,,,,,,,,,,,
1769162269.447225,1769162269.44775,116.0,0.0,4384.102539,4297.179688,4392.05127,4365.384766,4293.589844,4282.563965,4280.256348,4294.615234,4292.820313,4297.179688,4587.820313,4546.025879,4437.692383,4525.0,,,,,,,,,,,,,,,,,,,,,,,,,,,,,,,,,,,,,,,,,,,,,,,,,,,,,,,,,,,,,,,,,,,,,,
1769162269.455034,1769162269.455559,117.0,0.0,4381.922852,4295.384766,4390.256348,4358.589844,4287.94873,4280.256348,4280.641113,4291.153809,4296.538574,4293.974121,4589.487305,4540.0,4444.230957,4525.256348,,,,,,,,,,,,,,,,,,,,,,,,,,,,,,,,,,,,,,,,,,,,,,,,,,,,,,,,,,,,,,,,,,,,,,
1769162269.462842,1769162269.463467,118.0,0.0,4380.256348,4294.102539,4390.128418,4358.717773,4285.897461,4279.615234,4281.153809,4294.487305,4295.897461,4292.563965,4588.717773,4539.871582,4441.153809,4522.307617,,,,,,,,,,,,,,,,,,,,,,,,,,,,,,,,,,,,,,,,,,,,,,,,,,,,,,,,,,,,,,,,,,,,,,
1769162269.470651,1769162269.471276,119.0,0.0,4380.128418,4295.641113,4388.333496,4359.358887,4290.769043,4280.0,4280.0,4295.641113,4293.717773,4293.461426,4589.230957,4548.333496,4431.666504,4521.538574,,,,,,,,,,,,,,,,,,,,,,,,,,,,,,,,,,,,,,,,,,,,,,,,,,,,,,,,,,,,,,,,,,,,,,
1769162269.478459,1769162269.479284,120.0,0.0,4381.538574,4297.94873,4390.641113,4357.563965,4289.871582,4281.794922,4278.846191,4297.307617,4296.538574,4294.615234,4588.461426,4553.717773,4430.0,4525.641113,,,,,,,,,,,,,,,,,,,,,,,,,,,,,,,,,,,,,,,,,,,,,,,,,,,,,,,,,,,,,,,,,,,,,,
1769162269.486268,1769162269.487092,121.0,0.0,4383.077148,4297.307617,4397.436035,4357.692383,4286.410156,4287.307617,4278.974121,4298.461426,4298.461426,4295.384766,4587.692383,4544.230957,4431.666504,4520.512695,,,,,,,,,,,,,,,,,,,,,,,,,,,,,,,,,,,,,,,,,,,,,,,,,,,,,,,,,,,,,,,,,,,,,,
1769162269.494076,1769162269.494801,122.0,0.0,4380.128418,4295.256348,4397.05127,4359.358887,4287.05127,4290.384766,4278.974121,4293.974121,4291.538574,4288.974121,4583.205078,4535.512695,4422.820313,4508.974121,,,,,,,,,,,,,,,,,,,,,,,,,,,,,,,,,,,,,,,,,,,,,,,,,,,,,,,,,,,,,,,,,,,,,,
1769162269.501885,1769162269.502609,123.0,0.0,4373.717773,4296.922852,4391.922852,4361.153809,4284.102539,4282.436035,4277.436035,4291.666504,4285.256348,4273.077148,4575.384766,4536.153809,4413.077148,4506.025879,,,,,,,,,,,,,,,,,,,,,,,,,,,,,,,,,,,,,,,,,,,,,,,,,,,,,,,,,,,,,,,,,,,,,,
1769162269.509693,1769162269.510218,124.0,0.0,4368.077148,4292.563965,4386.794922,4354.615234,4279.358887,4279.487305,4277.692383,4295.384766,4287.820313,4263.974121,4569.487305,4531.538574,4410.512695,4504.615234,,,,,,,,,,,,,,,,,,,,,,,,,,,,,,,,,,,,,,,,,,,,,,,,,,,,,,,,,,,,,,,,,,,,,,
1769162269.517501,1769162269.518026,125.0,0.0,4363.717773,4283.205078,4384.615234,4345.641113,4282.820313,4288.589844,4277.820313,4297.692383,4292.179688,4278.461426,4568.974121,4526.410156,4411.794922,4499.358887,,,,,,,,,,,,,,,,,,,,,,,,,,,,,,,,,,,,,,,,,,,,,,,,,,,,,,,,,,,,,,,,,,,,,,
1769162269.52531,1769162269.525735,126.0,0.0,4366.153809,4285.641113,4389.358887,4351.153809,4285.384766,4290.384766,4275.256348,4292.94873,4291.282227,4294.743652,4576.153809,4533.589844,4419.230957,4503.205078,0.301534,0.38474,0.206803,0.155146,0.151145,0.16579,0.459824,0.184689,0.1398,0.117984,0.43794,0.339989,0.204439,0.113731,0.068101,0.273574,0.385322,0.156868,0.128062,0.084251,0.103381,0.124199,0.115954,0.126519,0.082346,0.127313,0.168156,0.06724,0.104648,0.316485,0.099731,0.197498,0.080425,0.031651,0.112353,0.221463,0.347929,0.243114,0.206606,0.21155,0.336973,0.270183,0.157994,0.277099,0.229942,0.495932,0.16163,0.193253,0.580057,0.357125,0.217644,0.223239,0.110959,0.416983,0.141652,0.381583,0.55104,0.200931,0.480967,0.106419,0.3607,0.319432,0.153569,0.245503,0.129903,0.685506,0.375644,0.197236,0.419067,0.149113
1769162269.533118,1769162269.533543,127.0,0.0,4376.794922,4294.358887,4396.538574,4359.615234,4279.743652,4282.820313,4276.922852,4298.717773,4297.05127,4295.384766,4589.102539,4547.436035,4430.641113,4517.307617,,,,,,,,,,,,,,,,,,,,,,,,,,,,,,,,,,,,,,,,,,,,,,,,,,,,,,,,,,,,,,,,,,,,,,
1769162269.540927,1769162269.541152,0.0,0.0,4384.358887,4299.743652,4397.94873,4360.384766,4279.358887,4281.538574,4277.307617,4311.282227,4307.692383,4298.461426,4598.205078,4558.461426,4434.230957,4525.0,,,,,,,,,,,,,,,,,,,,,,,,,,,,,,,,,,,,,,,,,,,,,,,,,,,,,,,,,,,,,,,,,,,,,,
1769162269.548735,1769162269.54896,1.0,0.0,4382.820313,4303.846191,4394.102539,4362.94873,4283.846191,4280.512695,4267.692383,4306.025879,4305.256348,4295.512695,4594.743652,4552.94873,4431.153809,4524.615234,,,,,,,,,,,,,,,,,,,,,,,,,,,,,,,,,,,,,,,,,,,,,,,,,,,,,,,,,,,,,,,,,,,,,,
1769162269.556544,1769162269.556869,2.0,0.0,4373.974121,4301.922852,4387.563965,4361.922852,4283.589844,4277.94873,4260.641113,4291.025879,4292.820313,4280.0,4581.410156,4537.179688,4427.179688,4521.153809,,,,,,,,,,,,,,,,,,,,,,,,,,,,,,,,,,,,,,,,,,,,,,,,,,,,,,,,,,,,,,,,,,,,,,
1769162269.564352,1769162269.564677,3.0,0.0,4367.307617,4295.897461,4380.897461,4354.358887,4280.384766,4284.871582,4263.846191,4284.871582,4280.769043,4275.128418,4571.153809,4533.846191,4421.153809,4517.307617,,,,,,,,,,,,,,,,,,,,,,,,,,,,,,,,,,,,,,,,,,,,,,,,,,,,,,,,,,,,,,,,,,,,,,
1769162269.572161,1769162269.572686,4.0,0.0,4368.717773,4293.461426,4379.102539,4355.128418,4279.102539,4289.487305,4265.128418,4285.897461,4278.717773,4279.743652,4574.615234,4538.077148,4416.282227,4516.794922,,,,,,,,,,,,,,,,,,,,,,,,,,,,,,,,,,,,,,,,,,,,,,,,,,,,,,,,,,,,,,,,,,,,,,
1769162269.579969,1769162269.580494,5.0,0.0,4371.666504,4295.641113,4381.153809,4357.436035,4278.717773,4280.384766,4262.05127,4289.102539,4284.102539,4279.102539,4582.563965,4536.025879,4414.743652,4517.94873,,,,,,,,,,,,,,,,,,,,,,,,,,,,,,,,,,,,,,,,,,,,,,,,,,,,,,,,,,,,,,,,,,,,,,
1769162269.587778,1769162269.588402,6.0,0.0,4377.692383,4303.846191,4383.077148,4357.692383,4278.589844,4275.0,4262.94873,4292.436035,4285.128418,4278.974121,4581.410156,4536.282227,4418.205078,4519.743652,,,,,,,,,,,,,,,,,,,,,,,,,,,,,,,,,,,,,,,,,,,,,,,,,,,,,,,,,,,,,,,,,,,,,,
1769162269.595586,1769162269.596211,7.0,0.0,4383.205078,4312.563965,4382.307617,4365.384766,4284.102539,4283.077148,4264.487305,4291.153809,4279.358887,4277.563965,4580.897461,4538.846191,4426.410156,4520.769043,,,,,,,,,,,,,,,,,,,,,,,,,,,,,,,,,,,,,,,,,,,,,,,,,,,,,,,,,,,,,,,,,,,,,,
1769162269.603395,1769162269.604219,8.0,0.0,4377.692383,4311.794922,4379.102539,4368.461426,4291.153809,4288.461426,4263.333496,4291.666504,4280.128418,4274.230957,4580.769043,4536.794922,4426.666504,4521.410156,,,,,,,,,,,,,,,,,,,,,,,,,,,,,,,,,,,,,,,,,,,,,,,,,,,,,,,,,,,,,,,,,,,,,,
1769162269.611203,1769162269.612027,9.0,0.0,4370.128418,4306.153809,4373.461426,4358.461426,4288.333496,4283.461426,4262.563965,4296.025879,4288.974121,4278.205078,4573.589844,4535.897461,4419.743652,4516.282227,,,,,,,,,,,,,,,,,,,,,,,,,,,,,,,,,,,,,,,,,,,,,,,,,,,,,,,,,,,,,,,,,,,,,,
1769162269.619012,1769162269.619736,10.0,0.0,4374.102539,4300.256348,4367.563965,4349.230957,4281.538574,4280.128418,4262.692383,4296.538574,4290.897461,4280.128418,4572.436035,4537.436035,4417.94873,4508.461426,,,,,,,,,,,,,,,,,,,,,,,,,,,,,,,,,,,,,,,,,,,,,,,,,,,,,,,,,,,,,,,,,,,,,,
1769162269.62682,1769162269.627544,11.0,0.0,4375.641113,4296.282227,4365.641113,4348.717773,4280.641113,4281.922852,4265.512695,4297.179688,4288.974121,4275.128418,4581.153809,4537.436035,4420.256348,4508.717773,,,,,,,,,,,,,,,,,,,,,,,,,,,,,,,,,,,,,,,,,,,,,,,,,,,,,,,,,,,,,,,,,,,,,,
1769162269.634628,1769162269.635553,12.0,0.0,4369.102539,4297.692383,4363.205078,4350.769043,4279.871582,4278.974121,4266.922852,4297.307617,4290.641113,4275.641113,4581.794922,4537.563965,4417.820313,4511.666504,,,,,,,,,,,,,,,,,,,,,,,,,,,,,,,,,,,,,,,,,,,,,,,,,,,,,,,,,,,,,,,,,,,,,,
1769162269.642437,1769162269.643361,13.0,0.0,4369.358887,4297.05127,4359.102539,4349.230957,4277.307617,4277.307617,4264.487305,4297.307617,4294.230957,4283.717773,4581.025879,4541.282227,4418.717773,4512.307617,,,,,,,,,,,,,,,,,,,,,,,,,,,,,,,,,,,,,,,,,,,,,,,,,,,,,,,,,,,,,,,,,,,,,,
1769162269.650245,1769162269.651269,14.0,0.0,4369.743652,4296.153809,4356.794922,4347.436035,4278.974121,4281.025879,4261.538574,4296.410156,4294.743652,4284.358887,4583.589844,4542.563965,4426.794922,4513.461426,0.387593,0.378376,0.200571,0.134322,0.15859,0.170159,0.506071,0.147993,0.132231,0.119723,0.521392,0.37114,0.211736,0.131144,0.085944,0.294863,0.378815,0.109494,0.127382,0.088281,0.086252,0.129106,0.106175,0.129194,0.080364,0.155166,0.238853,0.072805,0.087801,0.327578,0.100343,0.261858,0.057225,0.03146,0.115987,0.243994,0.426686,0.226731,0.183276,0.187243,0.407184,0.247284,0.151878,0.288909,0.221043,0.671411,0.160315,0.137959,0.57432,0.332499,0.295422,0.196761,0.081266,0.398761,0.153124,0.540185,0.560257,0.243294,0.463473,0.113241,0.417551,0.270462,0.133552,0.239854,0.141007,0.77089,0.380238,0.151769,0.422134,0.176757
1769162269.658054,1769162269.659078,15.0,0.0,4367.179688,4300.769043,4358.333496,4352.820313,4280.256348,4277.94873,4261.538574,4296.538574,4294.871582,4276.282227,4576.666504,4539.615234,4430.128418,4513.717773,,,,,,,,,,,,,,,,,,,,,,,,,,,,,,,,,,,,,,,,,,,,,,,,,,,,,,,,,,,,,,,,,,,,,,
1769162269.665862,1769162269.667086,16.0,0.0,4364.358887,4300.641113,4360.384766,4358.077148,4280.256348,4276.794922,4263.461426,4293.205078,4292.179688,4277.94873,4569.102539,4536.922852,4422.820313,4510.256348,,,,,,,,,,,,,,,,,,,,,,,,,,,,,,,,,,,,,,,,,,,,,,,,,,,,,,,,,,,,,,,,,,,,,,
1769162269.673671,1769162269.674895,17.0,0.0,4358.974121,4293.717773,4356.922852,4354.615234,4280.897461,4277.307617,4261.153809,4285.769043,4284.487305,4288.717773,4569.487305,4534.615234,4416.922852,4506.794922,,,,,,,,,,,,,,,,,,,,,,,,,,,,,,,,,,,,,,,,,,,,,,,,,,,,,,,,,,,,,,,,,,,,,,
1769162269.681479,1769162269.682603,18.0,0.0,4358.077148,4294.487305,4350.641113,4353.205078,4280.641113,4273.974121,4258.205078,4285.0,4282.05127,4290.769043,4572.05127,4535.128418,4422.179688,4511.153809,,,,,,,,,,,,,,,,,,,,,,,,,,,,,,,,,,,,,,,,,,,,,,,,,,,,,,,,,,,,,,,,,,,,,,
1769162269.689288,1769162269.690412,19.0,0.0,4369.230957,4299.487305,4351.794922,4358.205078,4282.436035,4277.307617,4260.897461,4293.077148,4287.94873,4292.05127,4580.384766,4540.384766,4428.461426,4521.410156,,,,,,,,,,,,,,,,,,,,,,,,,,,,,,,,,,,,,,,,,,,,,,,,,,,,,,,,,,,,,,,,,,,,,,
1769162269.697096,1769162269.69802,20.0,0.0,4376.410156,4298.077148,4357.436035,4358.461426,4283.205078,4283.846191,4264.487305,4296.153809,4293.333496,4294.743652,4587.179688,4541.538574,4428.717773,4522.307617,,,,,,,,,,,,,,,,,,,,,,,,,,,,,,,,,,,,,,,,,,,,,,,,,,,,,,,,,,,,,,,,,,,,,,
1769162269.704904,1769162269.705829,21.0,0.0,4366.025879,4293.974121,4351.922852,4354.871582,4280.897461,4281.410156,4263.333496,4292.307617,4293.461426,4284.487305,4577.94873,4536.794922,4424.871582,4511.538574,,,,,,,,,,,,,,,,,,,,,,,,,,,,,,,,,,,,,,,,,,,,,,,,,,,,,,,,,,,,,,,,,,,,,,
1769162269.712713,1769162269.713537,22.0,0.0,4357.563965,4293.717773,4342.820313,4356.538574,4280.641113,4278.974121,4260.897461,4293.717773,4293.333496,4281.666504,4570.0,4537.436035,4420.384766,4506.025879,,,,,,,,,,,,,,,,,,,,,,,,,,,,,,,,,,,,,,,,,,,,,,,,,,,,,,,,,,,,,,,,,,,,,,
1769162269.720521,1769162269.721346,23.0,0.0,4360.384766,4293.589844,4341.410156,4355.256348,4281.538574,4281.922852,4261.538574,4298.717773,4295.512695,4292.307617,4574.871582,4541.410156,4421.282227,4508.589844,,,,,,,,,,,,,,,,,,,,,,,,,,,,,,,,,,,,,,,,,,,,,,,,,,,,,,,,,,,,,,,,,,,,,,
1769162269.72833,1769162269.728954,24.0,0.0,4362.94873,4292.436035,4341.025879,4349.615234,4280.512695,4278.717773,4261.922852,4295.256348,4295.0,4288.589844,4575.641113,4538.717773,4425.384766,4508.077148,,,,,,,,,,,,,,,,,,,,,,,,,,,,,,,,,,,,,,,,,,,,,,,,,,,,,,,,,,,,,,,,,,,,,,
1769162269.736138,1769162269.736763,25.0,0.0,4361.794922,4293.846191,4339.615234,4353.333496,4280.256348,4275.512695,4261.282227,4292.05127,4291.922852,4276.794922,4571.282227,4536.153809,4427.692383,4508.077148,,,,,,,,,,,,,,,,,,,,,,,,,,,,,,,,,,,,,,,,,,,,,,,,,,,,,,,,,,,,,,,,,,,,,,
1769162269.743947,1769162269.744471,26.0,0.0,4357.307617,4293.333496,4340.128418,4360.0,4280.897461,4281.666504,4263.974121,4299.615234,4295.0,4276.410156,4571.025879,4539.871582,4422.307617,4509.102539,,,,,,,,,,,,,,,,,,,,,,,,,,,,,,,,,,,,,,,,,,,,,,,,,,,,,,,,,,,,,,,,,,,,,,
1769162269.751755,1769162269.75228,27.0,0.0,4353.974121,4290.384766,4338.205078,4357.307617,4280.897461,4286.025879,4262.563965,4303.461426,4294.487305,4280.512695,4571.666504,4538.589844,4416.282227,4506.025879,,,,,,,,,,,,,,,,,,,,,,,,,,,,,,,,,,,,,,,,,,,,,,,,,,,,,,,,,,,,,,,,,,,,,,
1769162269.759564,1769162269.759888,28.0,0.0,4357.179688,4293.717773,4333.205078,4355.0,4279.102539,4278.077148,4250.128418,4294.871582,4284.102539,4278.974121,4571.153809,4530.512695,4420.769043,4506.410156,,,,,,,,,,,,,,,,,,,,,,,,,,,,,,,,,,,,,,,,,,,,,,,,,,,,,,,,,,,,,,,,,,,,,,
1769162269.767372,1769162269.767697,29.0,0.0,4360.641113,4296.666504,4328.974121,4357.692383,4278.589844,4276.025879,4247.436035,4290.384766,4283.461426,4275.641113,4568.077148,4526.538574,4422.05127,4507.05127,,,,,,,,,,,,,,,,,,,,,,,,,,,,,,,,,,,,,,,,,,,,,,,,,,,,,,,,,,,,,,,,,,,,,,
1769162269.77518,1769162269.775605,30.0,0.0,4357.94873,4293.333496,4327.179688,4356.922852,4284.102539,4290.384766,4259.102539,4294.615234,4290.897461,4281.025879,4567.307617,4531.410156,4416.410156,4505.256348,0.49286,0.346077,0.197742,0.123529,0.169082,0.181258,0.542285,0.125786,0.13289,0.124269,0.603112,0.369915,0.209145,0.144397,0.105276,0.284539,0.356524,0.074288,0.134234,0.095027,0.07549,0.139665,0.101464,0.119801,0.075913,0.202736,0.305234,0.079753,0.087193,0.329096,0.118773,0.333327,0.042652,0.034977,0.119408,0.291006,0.477235,0.205317,0.167414,0.170508,0.489435,0.233196,0.15211,0.297038,0.205536,0.826507,0.188508,0.108848,0.55925,0.304798,0.38534,0.203451,0.064466,0.362361,0.163042,0.704554,0.555338,0.300393,0.427147,0.127302,0.50707,0.302614,0.137941,0.234895,0.156538,0.860653,0.404293,0.124645,0.41862,0.200632
1769162269.782989,1769162269.783414,31.0,0.0,4360.641113,4297.307617,4332.307617,4356.922852,4290.128418,4292.563965,4256.410156,4294.102539,4289.743652,4290.897461,4576.922852,4538.974121,4422.692383,4512.563965,,,,,,,,,,,,,,,,,,,,,,,,,,,,,,,,,,,,,,,,,,,,,,,,,,,,,,,,,,,,,,,,,,,,,,
1769162269.790797,1769162269.791422,32.0,0.0,4368.077148,4305.384766,4336.025879,4359.743652,4287.307617,4276.922852,4242.563965,4288.974121,4288.333496,4290.641113,4586.410156,4541.410156,4434.358887,4522.436035,,,,,,,,,,,,,,,,,,,,,,,,,,,,,,,,,,,,,,,,,,,,,,,,,,,,,,,,,,,,,,,,,,,,,,
1769162269.798606,1769162269.79923,33.0,0.0,4369.743652,4301.666504,4330.384766,4359.230957,4281.666504,4273.717773,4244.871582,4290.641113,4294.487305,4288.589844,4586.153809,4540.0,4430.897461,4522.307617,,,,,,,,,,,,,,,,,,,,,,,,,,,,,,,,,,,,,,,,,,,,,,,,,,,,,,,,,,,,,,,,,,,,,,
1769162269.806414,1769162269.807139,34.0,0.0,4366.410156,4293.461426,4323.717773,4356.410156,4280.384766,4280.256348,4252.820313,4295.256348,4295.512695,4289.743652,4580.256348,4538.717773,4424.230957,4519.487305,,,,,,,,,,,,,,,,,,,,,,,,,,,,,,,,,,,,,,,,,,,,,,,,,,,,,,,,,,,,,,,,,,,,,,
1769162269.814223,1769162269.814947,35.0,0.0,4363.589844,4293.589844,4322.563965,4355.256348,4280.641113,4275.384766,4249.358887,4294.871582,4291.794922,4283.846191,4572.436035,4537.436035,4426.025879,4520.512695,,,,,,,,,,,,,,,,,,,,,,,,,,,,,,,,,,,,,,,,,,,,,,,,,,,,,,,,,,,,,,,,,,,,,,
1769162269.822031,1769162269.822556,36.0,0.0,4363.717773,4299.487305,4324.102539,4358.717773,4280.0,4273.205078,4245.769043,4293.205078,4292.94873,4282.307617,4570.641113,4538.333496,4426.538574,4521.922852,,,,,,,,,,,,,,,,,,,,,,,,,,,,,,,,,,,,,,,,,,,,,,,,,,,,,,,,,,,,,,,,,,,,,,
1769162269.82984,1769162269.830364,37.0,0.0,4365.128418,4305.384766,4324.871582,4362.05127,4280.769043,4281.410156,4247.692383,4297.179688,4295.128418,4283.077148,4576.922852,4541.410156,4421.666504,4523.974121,,,,,,,,,,,,,,,,,,,,,,,,,,,,,,,,,,,,,,,,,,,,,,,,,,,,,,,,,,,,,,,,,,,,,,
1769162269.837648,1769162269.838273,38.0,0.0,4367.05127,4307.820313,4323.974121,4360.128418,4285.641113,4279.871582,4247.436035,4298.846191,4294.615234,4272.94873,4575.769043,4539.487305,4416.922852,4521.794922,,,,,,,,,,,,,,,,,,,,,,,,,,,,,,,,,,,,,,,,,,,,,,,,,,,,,,,,,,,,,,,,,,,,,,
1769162269.845456,1769162269.846081,39.0,0.0,4363.974121,4303.333496,4320.641113,4357.563965,4288.077148,4275.641113,4249.615234,4293.974121,4290.897461,4271.410156,4567.179688,4532.179688,4417.436035,4511.153809,,,,,,,,,,,,,,,,,,,,,,,,,,,,,,,,,,,,,,,,,,,,,,,,,,,,,,,,,,,,,,,,,,,,,,
1769162269.853265,1769162269.854089,40.0,0.0,4357.94873,4300.384766,4320.0,4357.692383,4281.922852,4278.461426,4248.205078,4295.897461,4291.153809,4282.94873,4568.205078,4531.153809,4418.974121,4505.256348,,,,,,,,,,,,,,,,,,,,,,,,,,,,,,,,,,,,,,,,,,,,,,,,,,,,,,,,,,,,,,,,,,,,,,
1769162269.861073,1769162269.861898,41.0,0.0,4359.102539,4304.358887,4322.179688,4357.05127,4279.743652,4273.461426,4235.512695,4295.0,4291.282227,4282.307617,4573.077148,4533.333496,4419.743652,4513.077148,,,,,,,,,,,,,,,,,,,,,,,,,,,,,,,,,,,,,,,,,,,,,,,,,,,,,,,,,,,,,,,,,,,,,,
1769162269.868882,1769162269.869606,42.0,0.0,4364.743652,4305.769043,4320.0,4355.384766,4281.794922,4263.461426,4234.871582,4285.769043,4285.384766,4277.307617,4570.897461,4530.897461,4421.025879,4523.717773,,,,,,,,,,,,,,,,,,,,,,,,,,,,,,,,,,,,,,,,,,,,,,,,,,,,,,,,,,,,,,,,,,,,,,
1769162269.87669,1769162269.877415,43.0,0.0,4363.333496,4298.205078,4313.205078,4355.256348,4274.102539,4267.820313,4248.461426,4286.410156,4281.153809,4278.589844,4565.641113,4526.538574,4416.666504,4519.615234,,,,,,,,,,,,,,,,,,,,,,,,,,,,,,,,,,,,,,,,,,,,,,,,,,,,,,,,,,,,,,,,,,,,,,
1769162269.884499,1769162269.885023,44.0,0.0,4353.846191,4291.538574,4307.179688,4352.307617,4269.230957,4275.384766,4245.384766,4292.563965,4281.538574,4271.922852,4563.461426,4523.589844,4410.512695,4508.205078,,,,,,,,,,,,,,,,,,,,,,,,,,,,,,,,,,,,,,,,,,,,,,,,,,,,,,,,,,,,,,,,,,,,,,
1769162269.892307,1769162269.892832,45.0,0.0,4352.307617,4294.230957,4305.897461,4350.897461,4278.589844,4275.128418,4235.384766,4287.820313,4280.641113,4269.230957,4566.410156,4522.563965,4411.922852,4507.05127,,,,,,,,,,,,,,,,,,,,,,,,,,,,,,,,,,,,,,,,,,,,,,,,,,,,,,,,,,,,,,,,,,,,,,
1769162269.900116,1769162269.90054,46.0,0.0,4361.538574,4297.820313,4307.179688,4355.384766,4283.333496,4279.743652,4243.846191,4285.641113,4280.769043,4278.846191,4570.641113,4525.128418,4416.666504,4510.384766,0.61976,0.296706,0.197145,0.130036,0.180398,0.192909,0.559327,0.112275,0.145189,0.12885,0.620029,0.338471,0.194418,0.153875,0.120758,0.271075,0.322746,0.051757,0.150471,0.103453,0.07733,0.151573,0.10078,0.102986,0.07048,0.253152,0.351348,0.086275,0.099535,0.318275,0.140649,0.390806,0.03541,0.040218,0.122713,0.33892,0.490734,0.182155,0.162525,0.164623,0.569049,0.24549,0.162974,0.303026,0.189738,0.944064,0.235852,0.116682,0.54851,0.277807,0.476308,0.238715,0.070998,0.325323,0.170028,0.839962,0.548265,0.365003,0.389696,0.14597,0.609201,0.405973,0.172746,0.227503,0.16925,0.948267,0.45182,0.125446,0.403902,0.213598
1769162269.907924,1769162269.908349,47.0,0.0,4365.384766,4296.410156,4306.922852,4356.666504,4279.871582,4278.846191,4248.717773,4292.307617,4282.94873,4277.94873,4570.256348,4525.128418,4415.0,4509.102539,,,,,,,,,,,,,,,,,,,,,,,,,,,,,,,,,,,,,,,,,,,,,,,,,,,,,,,,,,,,,,,,,,,,,,
1769162269.915733,1769162269.915957,48.0,0.0,4358.589844,4294.743652,4305.769043,4353.461426,4278.333496,4269.358887,4238.589844,4288.077148,4282.307617,4275.897461,4569.871582,4524.615234,4413.333496,4508.846191,,,,,,,,,,,,,,,,,,,,,,,,,,,,,,,,,,,,,,,,,,,,,,,,,,,,,,,,,,,,,,,,,,,,,,
1769162269.923541,1769162269.923766,49.0,0.0,4355.769043,4300.641113,4307.179688,4356.794922,4277.436035,4268.974121,4232.563965,4279.102539,4280.0,4279.743652,4571.794922,4529.487305,4420.128418,4512.179688,,,,,,,,,,,,,,,,,,,,,,,,,,,,,,,,,,,,,,,,,,,,,,,,,,,,,,,,,,,,,,,,,,,,,,
1769162269.931349,1769162269.931474,50.0,0.0,4359.743652,4308.461426,4310.128418,4362.820313,4276.666504,4272.436035,4233.333496,4281.410156,4278.205078,4271.153809,4570.897461,4530.0,4425.512695,4513.461426,,,,,,,,,,,,,,,,,,,,,,,,,,,,,,,,,,,,,,,,,,,,,,,,,,,,,,,,,,,,,,,,,,,,,,
1769162269.939158,1769162269.939283,51.0,0.0,4356.153809,4303.589844,4307.436035,4360.128418,4278.974121,4274.615234,4241.666504,4293.846191,4286.538574,4266.538574,4570.256348,4523.205078,4419.615234,4510.384766,,,,,,,,,,,,,,,,,,,,,,,,,,,,,,,,,,,,,,,,,,,,,,,,,,,,,,,,,,,,,,,,,,,,,,
1769162269.946966,1769162269.946892,52.0,0.0,4352.94873,4295.512695,4302.436035,4356.538574,4278.077148,4278.589844,4246.282227,4300.384766,4296.025879,4279.615234,4571.025879,4524.230957,4413.717773,4509.102539,,,,,,,,,,,,,,,,,,,,,,,,,,,,,,,,,,,,,,,,,,,,,,,,,,,,,,,,,,,,,,,,,,,,,,
1769162269.954775,1769162269.9547,53.0,0.0,4355.897461,4298.846191,4305.256348,4358.974121,4277.820313,4275.512695,4237.05127,4285.384766,4283.589844,4283.846191,4568.974121,4530.0,4419.487305,4510.769043,,,,,,,,,,,,,,,,,,,,,,,,,,,,,,,,,,,,,,,,,,,,,,,,,,,,,,,,,,,,,,,,,,,,,,
1769162269.962583,1769162269.962409,54.0,0.0,4353.717773,4300.512695,4308.077148,4360.384766,4282.307617,4271.538574,4231.153809,4276.538574,4275.897461,4277.179688,4568.589844,4529.871582,4424.743652,4509.871582,,,,,,,,,,,,,,,,,,,,,,,,,,,,,,,,,,,,,,,,,,,,,,,,,,,,,,,,,,,,,,,,,,,,,,
1769162269.970392,1769162269.970217,55.0,0.0,4349.871582,4296.025879,4304.871582,4357.563965,4282.94873,4277.05127,4234.871582,4290.384766,4286.538574,4278.333496,4572.436035,4526.666504,4419.615234,4508.846191,,,,,,,,,,,,,,,,,,,,,,,,,,,,,,,,,,,,,,,,,,,,,,,,,,,,,,,,,,,,,,,,,,,,,,
1769162269.9782,1769162269.978225,56.0,0.0,4353.589844,4296.666504,4301.282227,4357.692383,4278.333496,4280.0,4234.615234,4293.077148,4288.077148,4278.205078,4573.205078,4526.153809,4416.922852,4512.436035,,,,,,,,,,,,,,,,,,,,,,,,,,,,,,,,,,,,,,,,,,,,,,,,,,,,,,,,,,,,,,,,,,,,,,
1769162269.986009,1769162269.986034,57.0,0.0,4353.717773,4297.436035,4299.358887,4358.589844,4276.666504,4276.666504,4232.820313,4281.666504,4279.743652,4270.512695,4570.512695,4529.102539,4416.922852,4512.05127,,,,,,,,,,,,,,,,,,,,,,,,,,,,,,,,,,,,,,,,,,,,,,,,,,,,,,,,,,,,,,,,,,,,,,
1769162269.993817,1769162269.993942,58.0,0.0,4346.538574,4294.102539,4296.666504,4350.641113,4277.563965,4275.897461,4234.230957,4286.666504,4281.282227,4267.94873,4570.897461,4532.05127,4418.077148,4508.333496,,,,,,,,,,,,,,,,,,,,,,,,,,,,,,,,,,,,,,,,,,,,,,,,,,,,,,,,,,,,,,,,,,,,,,
1769162270.001625,1769162270.001751,59.0,0.0,4345.128418,4295.128418,4296.025879,4343.205078,4277.692383,4276.666504,4233.077148,4297.436035,4284.743652,4269.487305,4572.307617,4532.692383,4423.589844,4512.05127,,,,,,,,,,,,,,,,,,,,,,,,,,,,,,,,,,,,,,,,,,,,,,,,,,,,,,,,,,,,,,,,,,,,,,
1769162270.009434,1769162270.009759,60.0,0.0,4349.743652,4297.692383,4298.077148,4348.589844,4278.077148,4280.0,4234.615234,4294.743652,4288.846191,4274.102539,4572.820313,4538.589844,4426.666504,4521.025879,,,,,,,,,,,,,,,,,,,,,,,,,,,,,,,,,,,,,,,,,,,,,,,,,,,,,,,,,,,,,,,,,,,,,,
1769162270.017242,1769162270.017567,61.0,0.0,4349.102539,4295.641113,4296.282227,4354.230957,4276.922852,4278.589844,4235.256348,4293.077148,4292.436035,4278.974121,4572.179688,4539.615234,4418.974121,4521.410156,,,,,,,,,,,,,,,,,,,,,,,,,,,,,,,,,,,,,,,,,,,,,,,,,,,,,,,,,,,,,,,,,,,,,,
1769162270.025051,1769162270.025276,62.0,0.0,4345.0,4293.205078,4293.589844,4346.922852,4275.512695,4273.717773,4229.743652,4295.384766,4286.282227,4276.282227,4572.563965,4529.743652,4412.692383,4511.410156,0.733728,0.25214,0.202452,0.160163,0.189129,0.215688,0.55275,0.10329,0.170602,0.130611,0.639474,0.291766,0.173063,0.163316,0.127701,0.247582,0.289913,0.043152,0.175418,0.111375,0.092307,0.16136,0.10252,0.086215,0.065266,0.287661,0.36771,0.091538,0.11895,0.295914,0.184184,0.414611,0.032383,0.045336,0.124951,0.356572,0.476134,0.159628,0.167676,0.167387,0.611188,0.300932,0.184148,0.307254,0.178612,0.995778,0.302993,0.166576,0.550788,0.253264,0.537474,0.30054,0.107958,0.309969,0.173087,0.915507,0.559131,0.426964,0.366884,0.164264,0.690537,0.561497,0.236243,0.219412,0.174429,1.016564,0.534557,0.152921,0.378849,0.211953
1769162270.032859,1769162270.033084,63.0,0.0,4343.205078,4294.102539,4293.333496,4341.794922,4274.743652,4277.563965,4231.282227,4295.769043,4285.128418,4264.487305,4572.05127,4528.846191,4415.641113,4507.563965,,,,,,,,,,,,,,,,,,,,,,,,,,,,,,,,,,,,,,,,,,,,,,,,,,,,,,,,,,,,,,,,,,,,,,
1769162270.040668,1769162270.041092,64.0,0.0,4342.692383,4294.871582,4295.512695,4346.666504,4274.615234,4280.897461,4237.563965,4295.641113,4290.0,4261.794922,4567.179688,4536.538574,4414.743652,4516.922852,,,,,,,,,,,,,,,,,,,,,,,,,,,,,,,,,,,,,,,,,,,,,,,,,,,,,,,,,,,,,,,,,,,,,,
1769162270.048476,1769162270.048901,65.0,0.0,4342.94873,4294.487305,4300.0,4352.436035,4279.230957,4280.641113,4239.102539,4294.615234,4288.077148,4275.384766,4571.666504,4537.179688,4415.0,4523.974121,,,,,,,,,,,,,,,,,,,,,,,,,,,,,,,,,,,,,,,,,,,,,,,,,,,,,,,,,,,,,,,,,,,,,,
1769162270.056285,1769162270.056809,66.0,0.0,4343.846191,4295.0,4303.974121,4351.410156,4282.94873,4283.717773,4237.307617,4295.641113,4291.153809,4281.025879,4582.94873,4537.563965,4418.717773,4518.205078,,,,,,,,,,,,,,,,,,,,,,,,,,,,,,,,,,,,,,,,,,,,,,,,,,,,,,,,,,,,,,,,,,,,,,
1769162270.064093,1769162270.064618,67.0,0.0,4343.589844,4295.256348,4306.410156,4345.641113,4280.897461,4282.692383,4234.358887,4295.897461,4294.871582,4279.230957,4579.230957,4538.717773,4415.769043,4508.333496,,,,,,,,,,,,,,,,,,,,,,,,,,,,,,,,,,,,,,,,,,,,,,,,,,,,,,,,,,,,,,,,,,,,,,
1769162270.071901,1769162270.072226,68.0,0.0,4342.436035,4294.230957,4306.922852,4341.538574,4279.358887,4279.615234,4234.230957,4295.0,4288.974121,4274.230957,4567.307617,4534.102539,4411.025879,4505.897461,,,,,,,,,,,,,,,,,,,,,,,,,,,,,,,,,,,,,,,,,,,,,,,,,,,,,,,,,,,,,,,,,,,,,,
1769162270.07971,1769162270.080035,69.0,0.0,4341.025879,4292.692383,4305.512695,4341.666504,4279.487305,4281.410156,4237.692383,4297.436035,4290.0,4262.94873,4569.358887,4533.974121,4410.128418,4512.692383,,,,,,,,,,,,,,,,,,,,,,,,,,,,,,,,,,,,,,,,,,,,,,,,,,,,,,,,,,,,,,,,,,,,,,
1769162270.087519,1769162270.087743,70.0,0.0,4347.05127,4297.307617,4303.846191,4348.717773,4279.358887,4278.974121,4233.974121,4294.871582,4294.743652,4269.487305,4581.538574,4540.769043,4417.563965,4522.563965,,,,,,,,,,,,,,,,,,,,,,,,,,,,,,,,,,,,,,,,,,,,,,,,,,,,,,,,,,,,,,,,,,,,,,
1769162270.095327,1769162270.095552,71.0,0.0,4354.230957,4302.179688,4306.282227,4352.692383,4280.641113,4277.563965,4231.666504,4293.333496,4292.307617,4289.871582,4586.282227,4542.05127,4426.922852,4524.230957,,,,,,,,,,,,,,,,,,,,,,,,,,,,,,,,,,,,,,,,,,,,,,,,,,,,,,,,,,,,,,,,,,,,,,
1769162270.103135,1769162270.10356,72.0,0.0,4353.589844,4299.358887,4308.717773,4350.769043,4281.282227,4283.846191,4241.153809,4302.563965,4294.743652,4290.256348,4584.487305,4541.794922,4428.461426,4522.179688,,,,,,,,,,,,,,,,,,,,,,,,,,,,,,,,,,,,,,,,,,,,,,,,,,,,,,,,,,,,,,,,,,,,,,
1769162270.110944,1769162270.111368,73.0,0.0,4352.179688,4296.282227,4302.820313,4350.769043,4279.358887,4285.256348,4242.820313,4302.94873,4291.666504,4278.717773,4582.05127,4541.922852,4419.615234,4524.102539,,,,,,,,,,,,,,,,,,,,,,,,,,,,,,,,,,,,,,,,,,,,,,,,,,,,,,,,,,,,,,,,,,,,,,
1769162270.118752,1769162270.119077,74.0,0.0,4351.410156,4296.922852,4295.512695,4349.615234,4278.974121,4279.487305,4230.769043,4287.436035,4277.563965,4276.025879,4578.974121,4539.487305,4412.05127,4520.769043,,,,,,,,,,,,,,,,,,,,,,,,,,,,,,,,,,,,,,,,,,,,,,,,,,,,,,,,,,,,,,,,,,,,,,
1769162270.126561,1769162270.126885,75.0,0.0,4345.769043,4296.794922,4294.743652,4343.461426,4279.230957,4270.128418,4227.05127,4281.153809,4275.512695,4274.615234,4573.589844,4535.897461,4413.974121,4509.615234,,,,,,,,,,,,,,,,,,,,,,,,,,,,,,,,,,,,,,,,,,,,,,,,,,,,,,,,,,,,,,,,,,,,,,
1769162270.134369,1769162270.134494,76.0,0.0,4342.563965,4297.563965,4296.025879,4341.153809,4277.94873,4262.436035,4229.871582,4286.538574,4280.641113,4277.563965,4570.384766,4532.94873,4416.794922,4505.769043,,,,,,,,,,,,,,,,,,,,,,,,,,,,,,,,,,,,,,,,,,,,,,,,,,,,,,,,,,,,,,,,,,,,,,
1769162270.142178,1769162270.142303,77.0,0.0,4343.461426,4298.461426,4295.128418,4344.615234,4275.512695,4271.410156,4230.256348,4291.794922,4281.025879,4278.974121,4575.128418,4534.230957,4416.666504,4507.05127,,,,,,,,,,,,,,,,,,,,,,,,,,,,,,,,,,,,,,,,,,,,,,,,,,,,,,,,,,,,,,,,,,,,,,
1769162270.149986,1769162270.150011,78.0,0.0,4341.282227,4299.358887,4293.461426,4342.436035,4274.615234,4285.769043,4235.0,4297.179688,4290.0,4270.0,4579.615234,4539.487305,4418.461426,4507.307617,0.810209,0.229022,0.213066,0.210592,0.192079,0.2545,0.524142,0.10063,0.205887,0.127709,0.569689,0.25072,0.153798,0.176379,0.12414,0.237719,0.271082,0.048487,0.204107,0.116299,0.11663,0.166551,0.106146,0.076787,0.061072,0.294128,0.352593,0.096444,0.140682,0.266675,0.212484,0.396051,0.030516,0.049828,0.126255,0.333387,0.453836,0.139386,0.178317,0.173518,0.606783,0.400992,0.210817,0.307721,0.173527,0.987341,0.395397,0.252429,0.565156,0.231794,0.551941,0.382921,0.172668,0.329943,0.171656,0.893997,0.592345,0.470968,0.362597,0.176488,0.722016,0.734104,0.318582,0.213894,0.170793,1.059471,0.652389,0.197613,0.348909,0.196242
1769162270.157795,1769162270.15782,79.0,0.0,4344.358887,4302.563965,4292.05127,4339.230957,4278.846191,4284.358887,4236.025879,4295.769043,4296.666504,4275.512695,4580.769043,4540.641113,4425.128418,4514.487305,,,,,,,,,,,,,,,,,,,,,,,,,,,,,,,,,,,,,,,,,,,,,,,,,,,,,,,,,,,,,,,,,,,,,,
1769162270.165603,1769162270.165828,80.0,0.0,4352.307617,4302.307617,4293.974121,4342.05127,4282.820313,4277.179688,4230.0,4291.794922,4292.307617,4290.128418,4585.256348,4539.487305,4430.769043,4524.102539,,,,,,,,,,,,,,,,,,,,,,,,,,,,,,,,,,,,,,,,,,,,,,,,,,,,,,,,,,,,,,,,,,,,,,
1769162270.173411,1769162270.173636,81.0,0.0,4346.410156,4295.897461,4292.563965,4343.205078,4283.077148,4278.333496,4230.0,4296.922852,4291.922852,4278.846191,4586.666504,4540.0,4424.358887,4517.94873,,,,,,,,,,,,,,,,,,,,,,,,,,,,,,,,,,,,,,,,,,,,,,,,,,,,,,,,,,,,,,,,,,,,,,
1769162270.18122,1769162270.181545,82.0,0.0,4333.846191,4293.589844,4283.077148,4339.743652,4282.179688,4285.128418,4234.487305,4300.256348,4291.282227,4260.384766,4577.307617,4538.077148,4412.436035,4506.153809,,,,,,,,,,,,,,,,,,,,,,,,,,,,,,,,,,,,,,,,,,,,,,,,,,,,,,,,,,,,,,,,,,,,,,
1769162270.189028,1769162270.189353,83.0,0.0,4334.743652,4297.179688,4280.769043,4336.282227,4279.487305,4286.282227,4233.589844,4294.743652,4288.205078,4268.974121,4570.641113,4532.94873,4413.461426,4509.871582,,,,,,,,,,,,,,,,,,,,,,,,,,,,,,,,,,,,,,,,,,,,,,,,,,,,,,,,,,,,,,,,,,,,,,
1769162270.196837,1769162270.197361,84.0,0.0,4346.025879,4303.205078,4290.641113,4341.282227,4277.692383,4278.717773,4230.641113,4294.743652,4291.538574,4294.615234,4583.205078,4537.179688,4429.358887,4522.179688,,,,,,,,,,,,,,,,,,,,,,,,,,,,,,,,,,,,,,,,,,,,,,,,,,,,,,,,,,,,,,,,,,,,,,
1769162270.204645,1769162270.20517,85.0,0.0,4356.922852,4309.230957,4297.436035,4351.025879,4279.487305,4276.025879,4232.563965,4299.487305,4296.025879,4295.641113,4596.025879,4548.205078,4435.641113,4526.666504,,,,,,,,,,,,,,,,,,,,,,,,,,,,,,,,,,,,,,,,,,,,,,,,,,,,,,,,,,,,,,,,,,,,,,
1769162270.212454,1769162270.213078,86.0,0.0,4357.179688,4310.384766,4296.666504,4350.512695,4279.871582,4279.358887,4233.333496,4298.205078,4294.871582,4276.282227,4590.769043,4547.179688,4428.717773,4523.077148,,,,,,,,,,,,,,,,,,,,,,,,,,,,,,,,,,,,,,,,,,,,,,,,,,,,,,,,,,,,,,,,,,,,,,
1769162270.220262,1769162270.220887,87.0,0.0,4350.512695,4309.871582,4295.769043,4344.871582,4278.846191,4280.512695,4232.307617,4296.282227,4294.487305,4281.922852,4588.077148,4538.846191,4433.974121,4521.025879,,,,,,,,,,,,,,,,,,,,,,,,,,,,,,,,,,,,,,,,,,,,,,,,,,,,,,,,,,,,,,,,,,,,,,
1769162270.228071,1769162270.228495,88.0,0.0,4352.436035,4311.666504,4294.743652,4347.692383,4278.333496,4285.0,4233.077148,4296.538574,4295.512695,4300.128418,4593.974121,4538.205078,4443.461426,4522.94873,,,,,,,,,,,,,,,,,,,,,,,,,,,,,,,,,,,,,,,,,,,,,,,,,,,,,,,,,,,,,,,,,,,,,,
1769162270.235879,1769162270.236304,89.0,0.0,4358.717773,4311.794922,4296.922852,4353.077148,4278.589844,4291.153809,4234.358887,4294.743652,4294.358887,4291.282227,4593.077148,4541.282227,4441.153809,4525.256348,,,,,,,,,,,,,,,,,,,,,,,,,,,,,,,,,,,,,,,,,,,,,,,,,,,,,,,,,,,,,,,,,,,,,,
1769162270.243688,1769162270.244212,90.0,0.0,4357.179688,4310.641113,4303.717773,4350.256348,4283.589844,4287.179688,4233.205078,4295.256348,4295.769043,4277.436035,4588.846191,4541.794922,4434.615234,4527.307617,,,,,,,,,,,,,,,,,,,,,,,,,,,,,,,,,,,,,,,,,,,,,,,,,,,,,,,,,,,,,,,,,,,,,,
1769162270.251496,1769162270.25202,91.0,0.0,4350.641113,4309.871582,4304.743652,4344.358887,4290.128418,4276.666504,4229.743652,4293.333496,4294.487305,4280.0,4586.410156,4539.871582,4431.153809,4525.256348,,,,,,,,,,,,,,,,,,,,,,,,,,,,,,,,,,,,,,,,,,,,,,,,,,,,,,,,,,,,,,,,,,,,,,
1769162270.259304,1769162270.259929,92.0,0.0,4347.94873,4311.025879,4297.820313,4341.538574,4293.974121,4275.769043,4227.94873,4287.307617,4288.717773,4284.230957,4584.871582,4536.282227,4428.589844,4521.410156,,,,,,,,,,,,,,,,,,,,,,,,,,,,,,,,,,,,,,,,,,,,,,,,,,,,,,,,,,,,,,,,,,,,,,
1769162270.267113,1769162270.267737,93.0,0.0,4349.487305,4311.025879,4293.461426,4343.589844,4291.922852,4282.436035,4229.487305,4291.794922,4288.461426,4281.153809,4587.436035,4539.615234,4429.230957,4521.666504,,,,,,,,,,,,,,,,,,,,,,,,,,,,,,,,,,,,,,,,,,,,,,,,,,,,,,,,,,,,,,,,,,,,,,
1769162270.274921,1769162270.275446,94.0,0.0,4350.641113,4309.230957,4296.153809,4346.794922,4287.563965,4287.307617,4231.794922,4296.025879,4290.384766,4271.922852,4584.615234,4540.897461,4430.769043,4525.0,0.827558,0.231325,0.224095,0.267523,0.187842,0.304253,0.479064,0.109186,0.242626,0.120462,0.51479,0.227359,0.144267,0.193258,0.111629,0.24535,0.269525,0.064807,0.227912,0.116797,0.142879,0.166231,0.112822,0.078265,0.058274,0.276461,0.311857,0.103681,0.160923,0.236446,0.25515,0.342429,0.029305,0.054601,0.128561,0.275801,0.440803,0.123088,0.189203,0.179151,0.554727,0.523315,0.234977,0.301664,0.172679,0.932625,0.50467,0.357921,0.581858,0.213675,0.520855,0.468276,0.252526,0.381191,0.165889,0.798829,0.632055,0.483836,0.369477,0.178268,0.707063,0.87545,0.404838,0.21464,0.160303,1.073243,0.782588,0.248031,0.322646,0.171695
1769162270.28273,1769162270.283254,95.0,0.0,4348.077148,4311.666504,4297.307617,4345.0,4289.487305,4287.05127,4229.358887,4285.897461,4282.05127,4266.282227,4575.128418,4529.743652,4423.205078,4524.230957,,,,,,,,,,,,,,,,,,,,,,,,,,,,,,,,,,,,,,,,,,,,,,,,,,,,,,,,,,,,,,,,,,,,,,
1769162270.290538,1769162270.290863,96.0,0.0,4341.410156,4311.025879,4294.358887,4342.179688,4289.615234,4281.922852,4227.179688,4285.256348,4276.922852,4274.230957,4575.0,4526.538574,4416.282227,4515.769043,,,,,,,,,,,,,,,,,,,,,,,,,,,,,,,,,,,,,,,,,,,,,,,,,,,,,,,,,,,,,,,,,,,,,,
1769162270.298347,1769162270.298671,97.0,0.0,4334.358887,4300.0,4293.974121,4341.282227,4283.077148,4282.05127,4231.794922,4298.589844,4286.410156,4281.538574,4576.025879,4532.436035,4412.692383,4508.205078,,,,,,,,,,,,,,,,,,,,,,,,,,,,,,,,,,,,,,,,,,,,,,,,,,,,,,,,,,,,,,,,,,,,,,
1769162270.306155,1769162270.30658,98.0,0.0,4331.410156,4293.205078,4299.487305,4341.153809,4280.512695,4286.538574,4232.307617,4300.256348,4291.794922,4278.205078,4573.333496,4533.333496,4414.358887,4506.666504,,,,,,,,,,,,,,,,,,,,,,,,,,,,,,,,,,,,,,,,,,,,,,,,,,,,,,,,,,,,,,,,,,,,,,
1769162270.313964,1769162270.314388,99.0,0.0,4334.358887,4297.307617,4301.538574,4341.922852,4286.410156,4285.128418,4227.94873,4293.717773,4286.794922,4276.794922,4577.563965,4533.717773,4423.077148,4510.256348,,,,,,,,,,,,,,,,,,,,,,,,,,,,,,,,,,,,,,,,,,,,,,,,,,,,,,,,,,,,,,,,,,,,,,
1769162270.321772,1769162270.321997,100.0,0.0,4334.102539,4298.974121,4299.487305,4341.922852,4288.077148,4279.487305,4229.358887,4295.384766,4283.333496,4282.307617,4577.179688,4533.461426,4424.230957,4512.436035,,,,,,,,,,,,,,,,,,,,,,,,,,,,,,,,,,,,,,,,,,,,,,,,,,,,,,,,,,,,,,,,,,,,,,
1769162270.32958,1769162270.329805,101.0,0.0,4328.717773,4295.512695,4302.179688,4341.410156,4283.974121,4277.179688,4230.641113,4298.333496,4280.641113,4275.512695,4570.0,4525.256348,4414.358887,4510.384766,,,,,,,,,,,,,,,,,,,,,,,,,,,,,,,,,,,,,,,,,,,,,,,,,,,,,,,,,,,,,,,,,,,,,,
1769162270.337389,1769162270.337514,102.0,0.0,4327.563965,4296.025879,4304.487305,4341.282227,4282.307617,4279.230957,4226.794922,4293.589844,4276.282227,4261.922852,4571.922852,4521.410156,4408.846191,4508.589844,,,,,,,,,,,,,,,,,,,,,,,,,,,,,,,,,,,,,,,,,,,,,,,,,,,,,,,,,,,,,,,,,,,,,,
1769162270.345197,1769162270.345322,103.0,0.0,4327.820313,4297.179688,4304.615234,4338.717773,4280.641113,4282.563965,4228.846191,4291.025879,4272.692383,4265.769043,4573.589844,4531.410156,4411.153809,4509.358887,,,,,,,,,,,,,,,,,,,,,,,,,,,,,,,,,,,,,,,,,,,,,,,,,,,,,,,,,,,,,,,,,,,,,,
1769162270.353006,1769162270.352931,104.0,0.0,4324.871582,4295.512695,4306.153809,4334.743652,4278.077148,4285.0,4234.102539,4304.615234,4279.871582,4283.333496,4570.256348,4538.974121,4412.820313,4511.153809,,,,,,,,,,,,,,,,,,,,,,,,,,,,,,,,,,,,,,,,,,,,,,,,,,,,,,,,,,,,,,,,,,,,,,
1769162270.360814,1769162270.360739,105.0,0.0,4323.589844,4294.230957,4304.230957,4334.743652,4277.179688,4280.641113,4232.692383,4313.974121,4285.897461,4280.0,4572.05127,4533.461426,4411.538574,4510.0,,,,,,,,,,,,,,,,,,,,,,,,,,,,,,,,,,,,,,,,,,,,,,,,,,,,,,,,,,,,,,,,,,,,,,
1769162270.368623,1769162270.368448,106.0,0.0,4321.282227,4295.256348,4295.897461,4334.615234,4279.743652,4278.589844,4230.128418,4300.0,4281.282227,4261.025879,4569.358887,4522.692383,4406.153809,4506.153809,,,,,,,,,,,,,,,,,,,,,,,,,,,,,,,,,,,,,,,,,,,,,,,,,,,,,,,,,,,,,,,,,,,,,,
1769162270.376431,1769162270.376256,107.0,0.0,4318.205078,4296.153809,4295.769043,4332.692383,4280.769043,4281.025879,4230.512695,4295.128418,4281.282227,4266.538574,4563.974121,4521.025879,4406.282227,4503.589844,,,,,,,,,,,,,,,,,,,,,,,,,,,,,,,,,,,,,,,,,,,,,,,,,,,,,,,,,,,,,,,,,,,,,,
1769162270.38424,1769162270.384265,108.0,0.0,4322.05127,4294.102539,4301.922852,4333.717773,4278.205078,4282.692383,4232.820313,4309.358887,4285.897461,4279.743652,4567.820313,4530.0,4424.615234,4503.717773,,,,,,,,,,,,,,,,,,,,,,,,,,,,,,,,,,,,,,,,,,,,,,,,,,,,,,,,,,,,,,,,,,,,,,
1769162270.392048,1769162270.392073,109.0,0.0,4327.436035,4293.077148,4299.358887,4334.487305,4277.436035,4280.128418,4233.333496,4308.205078,4281.025879,4273.077148,4573.205078,4533.333496,4443.589844,4506.282227,,,,,,,,,,,,,,,,,,,,,,,,,,,,,,,,,,,,,,,,,,,,,,,,,,,,,,,,,,,,,,,,,,,,,,
1769162270.399856,1769162270.399981,110.0,0.0,4325.512695,4292.307617,4294.743652,4330.0,4278.589844,4268.589844,4227.820313,4292.692383,4276.025879,4269.230957,4572.05127,4527.692383,4441.153809,4506.794922,0.782213,0.252408,0.229476,0.312404,0.177472,0.353235,0.423377,0.128797,0.270018,0.110752,0.449776,0.222956,0.143125,0.209252,0.094344,0.270689,0.27775,0.085499,0.238698,0.113231,0.161849,0.160008,0.123176,0.089081,0.056507,0.246565,0.257571,0.117735,0.178738,0.209625,0.266802,0.272808,0.029626,0.061861,0.134265,0.207596,0.439445,0.113233,0.196584,0.183926,0.490751,0.631949,0.249992,0.286705,0.172376,0.867487,0.605256,0.454736,0.589512,0.202366,0.468651,0.530047,0.324885,0.443264,0.157266,0.658125,0.649477,0.458923,0.373874,0.168319,0.659215,0.937445,0.47273,0.223978,0.147486,1.064112,0.879773,0.289605,0.308813,0.147132
1769162270.407665,1769162270.40779,111.0,0.0,4325.897461,4292.563965,4296.666504,4326.282227,4278.846191,4261.666504,4225.769043,4291.282227,4278.846191,4274.615234,4570.256348,4524.230957,4430.769043,4503.717773,,,,,,,,,,,,,,,,,,,,,,,,,,,,,,,,,,,,,,,,,,,,,,,,,,,,,,,,,,,,,,,,,,,,,,
1769162270.415473,1769162270.415798,112.0,0.0,4327.179688,4290.769043,4297.307617,4327.563965,4276.922852,4267.436035,4230.897461,4301.794922,4278.974121,4271.025879,4567.05127,4525.256348,4428.846191,4497.307617,,,,,,,,,,,,,,,,,,,,,,,,,,,,,,,,,,,,,,,,,,,,,,,,,,,,,,,,,,,,,,,,,,,,,,
1769162270.423282,1769162270.423606,113.0,0.0,4316.666504,4283.846191,4290.641113,4326.538574,4276.410156,4268.846191,4231.153809,4306.666504,4279.102539,4268.205078,4562.692383,4524.230957,4429.230957,4491.410156,,,,,,,,,,,,,,,,,,,,,,,,,,,,,,,,,,,,,,,,,,,,,,,,,,,,,,,,,,,,,,,,,,,,,,
1769162270.43109,1769162270.431315,114.0,0.0,4308.846191,4282.820313,4286.410156,4325.641113,4276.538574,4259.871582,4228.461426,4304.102539,4279.871582,4277.563965,4566.153809,4527.94873,4427.820313,4495.641113,,,,,,,,,,,,,,,,,,,,,,,,,,,,,,,,,,,,,,,,,,,,,,,,,,,,,,,,,,,,,,,,,,,,,,
1769162270.438899,1769162270.439123,115.0,0.0,4316.410156,4290.128418,4288.333496,4331.153809,4276.153809,4260.128418,4233.077148,4303.589844,4277.692383,4272.820313,4570.256348,4537.563965,4428.205078,4506.025879,,,,,,,,,,,,,,,,,,,,,,,,,,,,,,,,,,,,,,,,,,,,,,,,,,,,,,,,,,,,,,,,,,,,,,
1769162270.446707,1769162270.447132,116.0,0.0,4324.871582,4295.512695,4291.922852,4338.717773,4278.589844,4271.153809,4235.512695,4306.410156,4281.794922,4262.94873,4569.358887,4539.102539,4430.641113,4509.487305,,,,,,,,,,,,,,,,,,,,,,,,,,,,,,,,,,,,,,,,,,,,,,,,,,,,,,,,,,,,,,,,,,,,,,
1769162270.454516,1769162270.45494,117.0,0.0,4321.025879,4294.871582,4292.05127,4335.897461,4280.128418,4270.641113,4230.897461,4311.282227,4291.410156,4269.102539,4569.487305,4536.153809,4430.256348,4506.025879,,,,,,,,,,,,,,,,,,,,,,,,,,,,,,,,,,,,,,,,,,,,,,,,,,,,,,,,,,,,,,,,,,,,,,
1769162270.462324,1769162270.462649,118.0,0.0,4312.820313,4290.384766,4284.743652,4325.256348,4277.179688,4260.769043,4230.641113,4313.846191,4292.307617,4273.974121,4568.846191,4535.512695,4426.153809,4505.256348,,,,,,,,,,,,,,,,,,,,,,,,,,,,,,,,,,,,,,,,,,,,,,,,,,,,,,,,,,,,,,,,,,,,,,
1769162270.470132,1769162270.470457,119.0,0.0,4314.743652,4287.820313,4279.358887,4325.512695,4278.205078,4265.256348,4231.666504,4301.410156,4280.641113,4276.410156,4568.461426,4535.769043,4428.974121,4507.436035,,,,,,,,,,,,,,,,,,,,,,,,,,,,,,,,,,,,,,,,,,,,,,,,,,,,,,,,,,,,,,,,,,,,,,
1769162270.477941,1769162270.478066,120.0,0.0,4322.307617,4292.94873,4281.666504,4335.128418,4282.692383,4278.717773,4229.615234,4293.717773,4278.333496,4281.025879,4571.794922,4538.333496,4441.410156,4508.461426,,,,,,,,,,,,,,,,,,,,,,,,,,,,,,,,,,,,,,,,,,,,,,,,,,,,,,,,,,,,,,,,,,,,,,
1769162270.485749,1769162270.485874,121.0,0.0,4323.974121,4297.94873,4282.692383,4333.589844,4279.230957,4277.692383,4229.743652,4305.769043,4286.922852,4280.0,4574.230957,4539.871582,4447.307617,4508.717773,,,,,,,,,,,,,,,,,,,,,,,,,,,,,,,,,,,,,,,,,,,,,,,,,,,,,,,,,,,,,,,,,,,,,,
1769162270.493558,1769162270.493583,122.0,0.0,4319.615234,4294.615234,4278.333496,4324.743652,4275.384766,4265.641113,4229.871582,4306.794922,4285.512695,4275.641113,4572.307617,4538.589844,4442.05127,4506.922852,,,,,,,,,,,,,,,,,,,,,,,,,,,,,,,,,,,,,,,,,,,,,,,,,,,,,,,,,,,,,,,,,,,,,,
1769162270.501366,1769162270.501391,123.0,0.0,4318.717773,4293.205078,4276.538574,4325.256348,4278.333496,4262.436035,4228.333496,4294.743652,4276.666504,4278.333496,4572.179688,4538.589844,4438.974121,4508.077148,,,,,,,,,,,,,,,,,,,,,,,,,,,,,,,,,,,,,,,,,,,,,,,,,,,,,,,,,,,,,,,,,,,,,,
1769162270.509175,1769162270.509399,124.0,0.0,4323.461426,4295.128418,4276.922852,4329.615234,4278.589844,4269.487305,4226.025879,4298.589844,4277.692383,4281.922852,4573.077148,4539.615234,4442.307617,4512.05127,,,,,,,,,,,,,,,,,,,,,,,,,,,,,,,,,,,,,,,,,,,,,,,,,,,,,,,,,,,,,,,,,,,,,,
1769162270.516983,1769162270.517208,125.0,0.0,4325.128418,4296.282227,4272.820313,4328.077148,4275.128418,4273.205078,4222.94873,4306.538574,4283.205078,4269.871582,4571.410156,4537.94873,4440.512695,4509.871582,,,,,,,,,,,,,,,,,,,,,,,,,,,,,,,,,,,,,,,,,,,,,,,,,,,,,,,,,,,,,,,,,,,,,,
1769162270.524792,1769162270.525116,126.0,0.0,4323.205078,4297.692383,4269.615234,4326.282227,4273.589844,4266.153809,4223.333496,4302.820313,4282.820313,4259.871582,4571.410156,4536.666504,4432.307617,4504.615234,0.696203,0.274996,0.222341,0.331995,0.164651,0.389884,0.36151,0.153386,0.279335,0.100912,0.425939,0.227539,0.143606,0.217772,0.077717,0.314808,0.28471,0.102628,0.232347,0.10776,0.169219,0.150009,0.136075,0.103398,0.055005,0.221552,0.202655,0.141882,0.196001,0.188364,0.278823,0.206994,0.031913,0.073204,0.144357,0.151316,0.44046,0.110714,0.199895,0.189746,0.446601,0.695245,0.256695,0.263912,0.169175,0.805321,0.669664,0.510752,0.581739,0.206857,0.42029,0.544024,0.365976,0.48991,0.148509,0.52709,0.621141,0.399602,0.364981,0.149675,0.626974,0.892888,0.502138,0.24136,0.138225,1.034545,0.899693,0.312606,0.312633,0.131515
1769162270.5326,1769162270.532925,127.0,0.0,4322.179688,4296.410156,4270.769043,4327.692383,4273.461426,4263.846191,4228.974121,4303.974121,4280.897461,4270.641113,4571.922852,4537.436035,4429.487305,4505.256348,,,,,,,,,,,,,,,,,,,,,,,,,,,,,,,,,,,,,,,,,,,,,,,,,,,,,,,,,,,,,,,,,,,,,,
1769162270.540408,1769162270.540533,0.0,0.0,4318.974121,4297.94873,4268.974121,4327.179688,4274.487305,4274.487305,4233.846191,4310.769043,4281.794922,4281.025879,4571.538574,4534.615234,4430.0,4507.307617,,,,,,,,,,,,,,,,,,,,,,,,,,,,,,,,,,,,,,,,,,,,,,,,,,,,,,,,,,,,,,,,,,,,,,
1769162270.548217,1769162270.548342,1.0,0.0,4317.05127,4303.333496,4266.025879,4323.974121,4273.717773,4280.0,4231.538574,4313.205078,4286.794922,4274.871582,4571.153809,4532.820313,4428.974121,4505.384766,,,,,,,,,,,,,,,,,,,,,,,,,,,,,,,,,,,,,,,,,,,,,,,,,,,,,,,,,,,,,,,,,,,,,,
1769162270.556025,1769162270.55605,2.0,0.0,4321.282227,4303.077148,4267.436035,4324.487305,4267.563965,4270.897461,4222.692383,4303.974121,4284.487305,4277.179688,4571.666504,4537.307617,4436.153809,4508.461426,,,,,,,,,,,,,,,,,,,,,,,,,,,,,,,,,,,,,,,,,,,,,,,,,,,,,,,,,,,,,,,,,,,,,,
1769162270.563834,1769162270.563859,3.0,0.0,4319.871582,4298.077148,4268.333496,4328.077148,4263.846191,4261.410156,4217.179688,4291.922852,4275.512695,4280.384766,4570.512695,4537.820313,4443.589844,4508.461426,,,,,,,,,,,,,,,,,,,,,,,,,,,,,,,,,,,,,,,,,,,,,,,,,,,,,,,,,,,,,,,,,,,,,,
1769162270.571642,1769162270.571867,4.0,0.0,4310.128418,4295.641113,4263.461426,4326.282227,4266.922852,4262.692383,4222.820313,4300.256348,4280.769043,4265.256348,4567.94873,4533.077148,4435.641113,4498.589844,,,,,,,,,,,,,,,,,,,,,,,,,,,,,,,,,,,,,,,,,,,,,,,,,,,,,,,,,,,,,,,,,,,,,,
1769162270.579451,1769162270.579675,5.0,0.0,4308.846191,4292.820313,4255.384766,4321.410156,4268.205078,4272.820313,4229.358887,4310.641113,4287.820313,4268.077148,4568.846191,4533.846191,4428.974121,4492.692383,,,,,,,,,,,,,,,,,,,,,,,,,,,,,,,,,,,,,,,,,,,,,,,,,,,,,,,,,,,,,,,,,,,,,,
1769162270.587259,1769162270.587584,6.0,0.0,4312.692383,4291.153809,4247.820313,4321.410156,4265.256348,4278.077148,4229.615234,4303.077148,4283.974121,4284.615234,4568.205078,4536.538574,4432.692383,4496.794922,,,,,,,,,,,,,,,,,,,,,,,,,,,,,,,,,,,,,,,,,,,,,,,,,,,,,,,,,,,,,,,,,,,,,,
1769162270.595068,1769162270.595392,7.0,0.0,4313.077148,4294.871582,4248.717773,4327.307617,4266.538574,4269.743652,4228.333496,4292.692383,4278.205078,4272.692383,4564.230957,4531.153809,4432.94873,4497.94873,,,,,,,,,,,,,,,,,,,,,,,,,,,,,,,,,,,,,,,,,,,,,,,,,,,,,,,,,,,,,,,,,,,,,,
1769162270.602876,1769162270.603401,8.0,0.0,4312.307617,4297.307617,4256.922852,4332.563965,4273.846191,4266.922852,4227.563965,4293.077148,4275.769043,4257.820313,4564.358887,4525.0,4428.205078,4491.666504,,,,,,,,,,,,,,,,,,,,,,,,,,,,,,,,,,,,,,,,,,,,,,,,,,,,,,,,,,,,,,,,,,,,,,
1769162270.610685,1769162270.611209,9.0,0.0,4310.769043,4297.563965,4257.820313,4335.512695,4281.025879,4278.974121,4231.538574,4304.487305,4285.256348,4270.384766,4568.077148,4530.769043,4429.358887,4493.974121,,,,,,,,,,,,,,,,,,,,,,,,,,,,,,,,,,,,,,,,,,,,,,,,,,,,,,,,,,,,,,,,,,,,,,
1769162270.618493,1769162270.619117,10.0,0.0,4313.974121,4297.94873,4251.538574,4337.05127,4282.692383,4286.025879,4235.641113,4313.846191,4293.205078,4283.717773,4571.282227,4539.871582,4434.358887,4505.897461,,,,,,,,,,,,,,,,,,,,,,,,,,,,,,,,,,,,,,,,,,,,,,,,,,,,,,,,,,,,,,,,,,,,,,
1769162270.626302,1769162270.626926,11.0,0.0,4321.922852,4297.307617,4250.0,4336.794922,4277.94873,4275.512695,4233.077148,4308.461426,4285.128418,4275.641113,4572.179688,4541.153809,4434.102539,4511.282227,,,,,,,,,,,,,,,,,,,,,,,,,,,,,,,,,,,,,,,,,,,,,,,,,,,,,,,,,,,,,,,,,,,,,,
1769162270.63411,1769162270.634534,12.0,0.0,4325.128418,4300.0,4253.717773,4336.025879,4273.846191,4265.128418,4231.153809,4305.128418,4284.358887,4268.333496,4572.692383,4540.256348,4435.769043,4508.589844,,,,,,,,,,,,,,,,,,,,,,,,,,,,,,,,,,,,,,,,,,,,,,,,,,,,,,,,,,,,,,,,,,,,,,
1769162270.641919,1769162270.642343,13.0,0.0,4324.615234,4301.410156,4253.205078,4333.589844,4277.94873,4268.205078,4233.717773,4312.436035,4292.563965,4275.0,4571.282227,4540.512695,4440.384766,4507.05127,,,,,,,,,,,,,,,,,,,,,,,,,,,,,,,,,,,,,,,,,,,,,,,,,,,,,,,,,,,,,,,,,,,,,,
1769162270.649727,1769162270.650051,14.0,0.0,4323.333496,4297.179688,4247.563965,4326.922852,4277.05127,4273.846191,4233.974121,4313.461426,4289.230957,4281.922852,4573.846191,4538.717773,4439.871582,4506.153809,0.607338,0.280504,0.200794,0.324325,0.153564,0.411696,0.297297,0.173649,0.267572,0.092714,0.491389,0.233721,0.139462,0.214065,0.066209,0.364998,0.281758,0.110043,0.210234,0.102996,0.172722,0.140564,0.149352,0.114389,0.053372,0.213571,0.1576,0.175159,0.214702,0.173277,0.260938,0.156088,0.036047,0.087803,0.156929,0.131896,0.430845,0.116532,0.19996,0.199819,0.450877,0.69407,0.263778,0.237821,0.16237,0.756077,0.678005,0.506601,0.559938,0.237359,0.405771,0.502374,0.364308,0.501855,0.142333,0.439656,0.542093,0.318278,0.341035,0.128547,0.668695,0.754842,0.49159,0.265664,0.137428,1.005608,0.827331,0.31355,0.33219,0.12947
1769162270.657535,1769162270.65786,15.0,0.0,4318.846191,4293.717773,4246.794922,4323.461426,4267.307617,4273.205078,4233.589844,4307.179688,4285.512695,4281.410156,4578.589844,4538.461426,4439.615234,4505.769043,,,,,,,,,,,,,,,,,,,,,,,,,,,,,,,,,,,,,,,,,,,,,,,,,,,,,,,,,,,,,,,,,,,,,,
1769162270.665344,1769162270.665469,16.0,0.0,4318.461426,4296.666504,4249.358887,4330.0,4269.743652,4272.563965,4233.077148,4305.384766,4289.487305,4279.102539,4574.743652,4542.563965,4441.282227,4509.615234,,,,,,,,,,,,,,,,,,,,,,,,,,,,,,,,,,,,,,,,,,,,,,,,,,,,,,,,,,,,,,,,,,,,,,
1769162270.673152,1769162270.673277,17.0,0.0,4322.94873,4302.307617,4251.153809,4336.666504,4282.563965,4279.358887,4230.512695,4308.077148,4288.974121,4276.538574,4568.589844,4542.692383,4435.0,4509.615234,,,,,,,,,,,,,,,,,,,,,,,,,,,,,,,,,,,,,,,,,,,,,,,,,,,,,,,,,,,,,,,,,,,,,,
1769162270.680961,1769162270.680985,18.0,0.0,4319.871582,4304.230957,4246.538574,4334.102539,4283.333496,4281.282227,4230.128418,4310.897461,4290.897461,4277.179688,4570.256348,4540.897461,4429.487305,4505.897461,,,,,,,,,,,,,,,,,,,,,,,,,,,,,,,,,,,,,,,,,,,,,,,,,,,,,,,,,,,,,,,,,,,,,,
1769162270.688769,1769162270.688794,19.0,0.0,4308.461426,4302.692383,4237.05127,4328.333496,4275.769043,4275.897461,4233.333496,4305.256348,4287.179688,4279.358887,4573.846191,4539.358887,4432.307617,4503.974121,,,,,,,,,,,,,,,,,,,,,,,,,,,,,,,,,,,,,,,,,,,,,,,,,,,,,,,,,,,,,,,,,,,,,,
1769162270.696578,1769162270.696802,20.0,0.0,4307.692383,4304.487305,4237.307617,4325.0,4276.922852,4276.538574,4235.128418,4296.794922,4281.153809,4280.897461,4571.794922,4539.102539,4436.410156,4505.897461,,,,,,,,,,,,,,,,,,,,,,,,,,,,,,,,,,,,,,,,,,,,,,,,,,,,,,,,,,,,,,,,,,,,,,
1769162270.704386,1769162270.704611,21.0,0.0,4316.666504,4305.641113,4247.563965,4327.563965,4280.769043,4280.256348,4234.102539,4298.077148,4291.025879,4283.717773,4571.538574,4542.692383,4439.743652,4508.974121,,,,,,,,,,,,,,,,,,,,,,,,,,,,,,,,,,,,,,,,,,,,,,,,,,,,,,,,,,,,,,,,,,,,,,
1769162270.712195,1769162270.712519,22.0,0.0,4315.256348,4297.436035,4244.871582,4328.974121,4277.820313,4277.692383,4233.846191,4296.410156,4288.974121,4272.307617,4570.384766,4536.282227,4432.179688,4499.615234,,,,,,,,,,,,,,,,,,,,,,,,,,,,,,,,,,,,,,,,,,,,,,,,,,,,,,,,,,,,,,,,,,,,,,
1769162270.720003,1769162270.720327,23.0,0.0,4307.94873,4292.307617,4232.05127,4324.358887,4275.641113,4278.846191,4234.358887,4293.077148,4278.974121,4263.077148,4569.102539,4528.717773,4424.487305,4492.820313,,,,,,,,,,,,,,,,,,,,,,,,,,,,,,,,,,,,,,,,,,,,,,,,,,,,,,,,,,,,,,,,,,,,,,
1769162270.727811,1769162270.728336,24.0,0.0,4309.102539,4299.743652,4231.794922,4326.538574,4276.794922,4281.025879,4233.717773,4297.692383,4289.358887,4283.333496,4574.743652,4538.333496,4438.461426,4505.384766,,,,,,,,,,,,,,,,,,,,,,,,,,,,,,,,,,,,,,,,,,,,,,,,,,,,,,,,,,,,,,,,,,,,,,
1769162270.73562,1769162270.736144,25.0,0.0,4312.307617,4305.769043,4236.666504,4332.307617,4278.077148,4270.512695,4232.05127,4290.641113,4293.461426,4295.897461,4575.384766,4541.025879,4444.615234,4513.461426,,,,,,,,,,,,,,,,,,,,,,,,,,,,,,,,,,,,,,,,,,,,,,,,,,,,,,,,,,,,,,,,,,,,,,
1769162270.743428,1769162270.743853,26.0,0.0,4311.025879,4307.820313,4235.0,4329.487305,4280.256348,4266.922852,4230.897461,4275.769043,4277.692383,4277.692383,4566.794922,4529.358887,4429.615234,4506.025879,,,,,,,,,,,,,,,,,,,,,,,,,,,,,,,,,,,,,,,,,,,,,,,,,,,,,,,,,,,,,,,,,,,,,,
1769162270.751237,1769162270.751661,27.0,0.0,4311.282227,4309.487305,4233.974121,4325.769043,4280.641113,4280.384766,4232.05127,4277.820313,4275.512695,4268.846191,4563.846191,4527.307617,4424.871582,4504.102539,,,,,,,,,,,,,,,,,,,,,,,,,,,,,,,,,,,,,,,,,,,,,,,,,,,,,,,,,,,,,,,,,,,,,,
1769162270.759045,1769162270.759669,28.0,0.0,4312.307617,4307.179688,4233.333496,4326.922852,4276.666504,4279.230957,4232.436035,4284.871582,4283.974121,4281.410156,4568.077148,4530.641113,4432.05127,4506.282227,,,,,,,,,,,,,,,,,,,,,,,,,,,,,,,,,,,,,,,,,,,,,,,,,,,,,,,,,,,,,,,,,,,,,,
1769162270.766854,1769162270.767478,29.0,0.0,4311.282227,4305.0,4229.230957,4326.410156,4274.871582,4260.384766,4229.743652,4278.974121,4280.769043,4280.769043,4566.025879,4521.922852,4428.589844,4502.692383,,,,,,,,,,,,,,,,,,,,,,,,,,,,,,,,,,,,,,,,,,,,,,,,,,,,,,,,,,,,,,,,,,,,,,
1769162270.774662,1769162270.775386,30.0,0.0,4319.487305,4309.102539,4228.589844,4330.0,4278.846191,4261.666504,4228.846191,4273.333496,4276.666504,4265.641113,4563.846191,4519.358887,4425.769043,4505.0,0.576547,0.263096,0.169595,0.298414,0.147397,0.425462,0.239162,0.181502,0.238744,0.086802,0.556535,0.239306,0.128802,0.198072,0.061921,0.411631,0.26729,0.107519,0.179231,0.100951,0.182236,0.13651,0.159982,0.117245,0.051661,0.227013,0.128969,0.212324,0.234327,0.166018,0.237396,0.12141,0.041536,0.102825,0.166974,0.152485,0.403518,0.130801,0.197095,0.217628,0.493277,0.628644,0.281299,0.213738,0.154211,0.706479,0.633876,0.449171,0.529633,0.296923,0.426924,0.417249,0.326123,0.474609,0.139483,0.406122,0.429116,0.231725,0.308416,0.111624,0.804147,0.583131,0.462679,0.296333,0.146729,0.993291,0.68341,0.29493,0.35765,0.139246
1769162270.782471,1769162270.783195,31.0,0.0,4327.692383,4312.436035,4232.94873,4339.230957,4280.641113,4280.641113,4232.179688,4279.230957,4279.102539,4266.922852,4570.128418,4531.538574,4436.538574,4511.282227,,,,,,,,,,,,,,,,,,,,,,,,,,,,,,,,,,,,,,,,,,,,,,,,,,,,,,,,,,,,,,,,,,,,,,
1769162270.790279,1769162270.791203,32.0,0.0,4320.128418,4308.333496,4234.743652,4334.487305,4276.922852,4281.153809,4233.717773,4282.307617,4281.410156,4278.846191,4572.307617,4539.358887,4441.666504,4509.743652,,,,,,,,,,,,,,,,,,,,,,,,,,,,,,,,,,,,,,,,,,,,,,,,,,,,,,,,,,,,,,,,,,,,,,
1769162270.798087,1769162270.799011,33.0,0.0,4311.922852,4304.743652,4226.025879,4326.922852,4273.974121,4269.615234,4232.692383,4278.974121,4281.282227,4272.436035,4567.820313,4536.666504,4434.871582,4508.461426,,,,,,,,,,,,,,,,,,,,,,,,,,,,,,,,,,,,,,,,,,,,,,,,,,,,,,,,,,,,,,,,,,,,,,
1769162270.805896,1769162270.80692,34.0,0.0,4318.077148,4307.563965,4219.230957,4331.153809,4276.282227,4277.179688,4233.974121,4284.615234,4282.307617,4264.230957,4568.205078,4535.128418,4427.05127,4515.0,,,,,,,,,,,,,,,,,,,,,,,,,,,,,,,,,,,,,,,,,,,,,,,,,,,,,,,,,,,,,,,,,,,,,,
1769162270.813704,1769162270.814728,35.0,0.0,4322.820313,4308.846191,4224.487305,4333.077148,4278.077148,4284.358887,4234.487305,4289.743652,4282.94873,4276.282227,4573.461426,4540.641113,4429.102539,4520.256348,,,,,,,,,,,,,,,,,,,,,,,,,,,,,,,,,,,,,,,,,,,,,,,,,,,,,,,,,,,,,,,,,,,,,,
1769162270.821513,1769162270.822337,36.0,0.0,4314.487305,4300.128418,4223.589844,4327.436035,4274.615234,4268.846191,4232.05127,4281.666504,4279.743652,4280.128418,4569.615234,4541.025879,4431.922852,4512.94873,,,,,,,,,,,,,,,,,,,,,,,,,,,,,,,,,,,,,,,,,,,,,,,,,,,,,,,,,,,,,,,,,,,,,,
1769162270.829321,1769162270.830145,37.0,0.0,4308.461426,4293.333496,4213.974121,4324.358887,4275.128418,4265.897461,4231.922852,4284.743652,4284.358887,4276.153809,4567.05127,4539.358887,4429.102539,4506.410156,,,,,,,,,,,,,,,,,,,,,,,,,,,,,,,,,,,,,,,,,,,,,,,,,,,,,,,,,,,,,,,,,,,,,,
1769162270.83713,1769162270.837854,38.0,0.0,4313.974121,4298.974121,4213.589844,4326.538574,4280.384766,4283.333496,4232.179688,4296.794922,4295.897461,4287.179688,4577.307617,4542.179688,4433.589844,4513.846191,,,,,,,,,,,,,,,,,,,,,,,,,,,,,,,,,,,,,,,,,,,,,,,,,,,,,,,,,,,,,,,,,,,,,,
1769162270.844938,1769162270.845662,39.0,0.0,4322.94873,4304.871582,4219.615234,4331.794922,4278.974121,4280.256348,4229.615234,4288.333496,4292.820313,4297.563965,4582.692383,4546.410156,4442.820313,4522.436035,,,,,,,,,,,,,,,,,,,,,,,,,,,,,,,,,,,,,,,,,,,,,,,,,,,,,,,,,,,,,,,,,,,,,,
1769162270.852747,1769162270.853271,40.0,0.0,4321.538574,4303.974121,4216.025879,4336.025879,4275.384766,4265.0,4230.0,4275.384766,4281.153809,4295.384766,4580.769043,4550.256348,4446.922852,4524.487305,,,,,,,,,,,,,,,,,,,,,,,,,,,,,,,,,,,,,,,,,,,,,,,,,,,,,,,,,,,,,,,,,,,,,,
1769162270.860555,1769162270.861079,41.0,0.0,4311.410156,4302.563965,4207.820313,4331.666504,4276.666504,4270.769043,4233.077148,4278.846191,4281.282227,4286.410156,4582.820313,4546.410156,4444.615234,4522.436035,,,,,,,,,,,,,,,,,,,,,,,,,,,,,,,,,,,,,,,,,,,,,,,,,,,,,,,,,,,,,,,,,,,,,,
1769162270.868364,1769162270.868788,42.0,0.0,4312.820313,4304.230957,4203.205078,4327.05127,4276.538574,4282.820313,4230.128418,4282.05127,4283.589844,4274.358887,4583.205078,4538.846191,4441.538574,4520.769043,,,,,,,,,,,,,,,,,,,,,,,,,,,,,,,,,,,,,,,,,,,,,,,,,,,,,,,,,,,,,,,,,,,,,,
1769162270.876172,1769162270.876596,43.0,0.0,4319.871582,4306.282227,4203.205078,4329.871582,4273.717773,4275.897461,4228.077148,4278.717773,4280.384766,4276.153809,4578.333496,4538.589844,4441.282227,4524.358887,,,,,,,,,,,,,,,,,,,,,,,,,,,,,,,,,,,,,,,,,,,,,,,,,,,,,,,,,,,,,,,,,,,,,,
1769162270.88398,1769162270.884205,44.0,0.0,4316.282227,4302.563965,4205.128418,4329.743652,4274.230957,4265.256348,4232.307617,4278.974121,4281.666504,4284.358887,4574.871582,4542.692383,4446.025879,4522.94873,,,,,,,,,,,,,,,,,,,,,,,,,,,,,,,,,,,,,,,,,,,,,,,,,,,,,,,,,,,,,,,,,,,,,,
1769162270.891789,1769162270.892013,45.0,0.0,4308.205078,4295.897461,4201.282227,4326.538574,4271.410156,4269.871582,4232.05127,4280.641113,4283.461426,4281.538574,4573.717773,4540.384766,4442.692383,4510.512695,,,,,,,,,,,,,,,,,,,,,,,,,,,,,,,,,,,,,,,,,,,,,,,,,,,,,,,,,,,,,,,,,,,,,,
1769162270.899597,1769162270.899722,46.0,0.0,4301.666504,4294.871582,4193.461426,4326.922852,4267.94873,4281.666504,4230.769043,4279.102539,4280.128418,4276.666504,4572.820313,4536.538574,4428.333496,4501.794922,0.61181,0.231534,0.138581,0.267248,0.147077,0.43501,0.193017,0.176,0.201842,0.08251,0.703517,0.242623,0.115189,0.174704,0.064716,0.441596,0.244237,0.1008,0.148882,0.102102,0.210687,0.141966,0.165363,0.110639,0.050542,0.253373,0.11999,0.248056,0.251851,0.169469,0.199256,0.096879,0.047861,0.114803,0.168597,0.196872,0.364475,0.150389,0.190202,0.24426,0.54626,0.517398,0.309731,0.194061,0.148087,0.652622,0.559636,0.363765,0.49553,0.379711,0.477185,0.312224,0.267501,0.418256,0.138093,0.414782,0.311614,0.155372,0.277232,0.102939,1.046995,0.452881,0.448996,0.332017,0.163684,1.007613,0.517573,0.262511,0.375531,0.154049
1769162270.907406,1769162270.90753,47.0,0.0,4295.384766,4296.538574,4187.307617,4326.922852,4272.436035,4276.025879,4233.333496,4277.436035,4281.666504,4278.333496,4571.282227,4536.025879,4428.846191,4503.461426,,,,,,,,,,,,,,,,,,,,,,,,,,,,,,,,,,,,,,,,,,,,,,,,,,,,,,,,,,,,,,,,,,,,,,
1769162270.915214,1769162270.915539,48.0,0.0,4297.94873,4298.461426,4186.794922,4326.538574,4276.410156,4263.846191,4232.94873,4281.282227,4291.538574,4282.94873,4572.307617,4539.102539,4442.820313,4507.820313,,,,,,,,,,,,,,,,,,,,,,,,,,,,,,,,,,,,,,,,,,,,,,,,,,,,,,,,,,,,,,,,,,,,,,
1769162270.923023,1769162270.923347,49.0,0.0,4308.974121,4305.384766,4190.512695,4329.743652,4274.230957,4270.384766,4232.692383,4284.615234,4296.794922,4291.282227,4577.94873,4543.846191,4445.128418,4512.307617,,,,,,,,,,,,,,,,,,,,,,,,,,,,,,,,,,,,,,,,,,,,,,,,,,,,,,,,,,,,,,,,,,,,,,
1769162270.930831,1769162270.931255,50.0,0.0,4310.512695,4304.487305,4188.846191,4330.512695,4274.487305,4285.128418,4235.641113,4280.897461,4292.94873,4283.717773,4577.179688,4540.769043,4434.230957,4511.922852,,,,,,,,,,,,,,,,,,,,,,,,,,,,,,,,,,,,,,,,,,,,,,,,,,,,,,,,,,,,,,,,,,,,,,
1769162270.93864,1769162270.939064,51.0,0.0,4301.666504,4295.769043,4182.692383,4326.794922,4272.563965,4278.974121,4234.871582,4279.102539,4290.128418,4267.179688,4569.487305,4535.256348,4426.153809,4503.461426,,,,,,,,,,,,,,,,,,,,,,,,,,,,,,,,,,,,,,,,,,,,,,,,,,,,,,,,,,,,,,,,,,,,,,
1769162270.946448,1769162270.946672,52.0,0.0,4294.871582,4299.871582,4180.769043,4326.025879,4264.871582,4264.743652,4231.282227,4279.743652,4289.487305,4276.282227,4569.743652,4535.512695,4430.512695,4501.153809,,,,,,,,,,,,,,,,,,,,,,,,,,,,,,,,,,,,,,,,,,,,,,,,,,,,,,,,,,,,,,,,,,,,,,
1769162270.954256,1769162270.954481,53.0,0.0,4296.282227,4307.436035,4184.487305,4327.436035,4265.256348,4268.461426,4231.025879,4277.692383,4282.820313,4290.897461,4573.333496,4537.563965,4437.436035,4506.666504,,,,,,,,,,,,,,,,,,,,,,,,,,,,,,,,,,,,,,,,,,,,,,,,,,,,,,,,,,,,,,,,,,,,,,
1769162270.962065,1769162270.962189,54.0,0.0,4299.487305,4305.384766,4184.487305,4327.436035,4274.358887,4278.077148,4231.410156,4278.205078,4280.897461,4280.897461,4573.974121,4537.179688,4433.333496,4508.717773,,,,,,,,,,,,,,,,,,,,,,,,,,,,,,,,,,,,,,,,,,,,,,,,,,,,,,,,,,,,,,,,,,,,,,
1769162270.969873,1769162270.969998,55.0,0.0,4295.256348,4301.922852,4176.025879,4325.256348,4275.641113,4277.94873,4231.922852,4279.871582,4287.307617,4275.769043,4572.563965,4535.897461,4428.205078,4503.846191,,,,,,,,,,,,,,,,,,,,,,,,,,,,,,,,,,,,,,,,,,,,,,,,,,,,,,,,,,,,,,,,,,,,,,
1769162270.977682,1769162270.978006,56.0,0.0,4290.128418,4299.487305,4169.487305,4321.153809,4267.436035,4271.538574,4234.102539,4281.666504,4289.358887,4280.641113,4570.256348,4535.384766,4429.871582,4502.436035,,,,,,,,,,,,,,,,,,,,,,,,,,,,,,,,,,,,,,,,,,,,,,,,,,,,,,,,,,,,,,,,,,,,,,
1769162270.98549,1769162270.985815,57.0,0.0,4293.589844,4295.769043,4173.205078,4319.615234,4266.282227,4266.794922,4232.436035,4278.717773,4279.487305,4268.974121,4569.358887,4538.077148,4427.820313,4507.436035,,,,,,,,,,,,,,,,,,,,,,,,,,,,,,,,,,,,,,,,,,,,,,,,,,,,,,,,,,,,,,,,,,,,,,
1769162270.993299,1769162270.993723,58.0,0.0,4299.743652,4297.692383,4177.692383,4323.974121,4272.94873,4272.692383,4229.615234,4268.717773,4267.820313,4260.897461,4567.563965,4537.307617,4424.358887,4507.179688,,,,,,,,,,,,,,,,,,,,,,,,,,,,,,,,,,,,,,,,,,,,,,,,,,,,,,,,,,,,,,,,,,,,,,
1769162271.001107,1769162271.001531,59.0,0.0,4296.538574,4299.871582,4171.922852,4324.743652,4273.846191,4277.563965,4231.538574,4267.307617,4269.358887,4273.974121,4565.256348,4528.846191,4426.922852,4501.410156,,,,,,,,,,,,,,,,,,,,,,,,,,,,,,,,,,,,,,,,,,,,,,,,,,,,,,,,,,,,,,,,,,,,,,
1769162271.008916,1769162271.00954,60.0,0.0,4292.820313,4296.025879,4168.333496,4321.538574,4270.256348,4270.897461,4233.461426,4277.436035,4278.205078,4274.102539,4567.179688,4525.641113,4429.615234,4502.05127,,,,,,,,,,,,,,,,,,,,,,,,,,,,,,,,,,,,,,,,,,,,,,,,,,,,,,,,,,,,,,,,,,,,,,
1769162271.016724,1769162271.017348,61.0,0.0,4302.820313,4298.589844,4177.820313,4323.846191,4273.205078,4267.94873,4231.922852,4281.410156,4282.307617,4261.153809,4565.769043,4537.179688,4429.358887,4507.307617,,,,,,,,,,,,,,,,,,,,,,,,,,,,,,,,,,,,,,,,,,,,,,,,,,,,,,,,,,,,,,,,,,,,,,
1769162271.024532,1769162271.025057,62.0,0.0,4314.230957,4308.974121,4188.077148,4330.128418,4280.256348,4277.94873,4232.05127,4275.384766,4279.358887,4266.922852,4564.871582,4541.153809,4429.743652,4510.641113,0.722714,0.199992,0.117339,0.240843,0.151389,0.445893,0.159108,0.166128,0.168397,0.078817,0.746978,0.240046,0.101333,0.15172,0.073228,0.451662,0.215781,0.097929,0.127974,0.10549,0.262955,0.157596,0.16775,0.097216,0.051323,0.277174,0.133397,0.278111,0.262864,0.187418,0.167853,0.077556,0.053789,0.121152,0.15835,0.270667,0.332777,0.169475,0.179309,0.277045,0.58796,0.392881,0.33814,0.178246,0.147021,0.594981,0.489547,0.281386,0.457875,0.472384,0.533348,0.214111,0.208057,0.350166,0.134905,0.454699,0.217435,0.096974,0.255949,0.103005,1.331337,0.410583,0.473317,0.367713,0.183395,1.038868,0.382355,0.223697,0.376481,0.166665
1769162271.032341,1769162271.032865,63.0,0.0,4305.641113,4309.230957,4181.922852,4329.615234,4276.282227,4280.0,4234.615234,4274.487305,4277.94873,4280.384766,4567.179688,4527.563965,4427.820313,4504.230957,,,,,,,,,,,,,,,,,,,,,,,,,,,,,,,,,,,,,,,,,,,,,,,,,,,,,,,,,,,,,,,,,,,,,,
1769162271.040149,1769162271.040873,64.0,0.0,4293.589844,4301.025879,4170.0,4322.820313,4267.307617,4272.94873,4234.615234,4279.743652,4281.666504,4275.128418,4561.025879,4518.846191,4424.230957,4492.436035,,,,,,,,,,,,,,,,,,,,,,,,,,,,,,,,,,,,,,,,,,,,,,,,,,,,,,,,,,,,,,,,,,,,,,
1769162271.047958,1769162271.048682,65.0,0.0,4304.487305,4303.205078,4175.0,4323.974121,4270.512695,4274.230957,4232.05127,4279.102539,4280.128418,4273.077148,4556.282227,4523.974121,4424.358887,4495.769043,,,,,,,,,,,,,,,,,,,,,,,,,,,,,,,,,,,,,,,,,,,,,,,,,,,,,,,,,,,,,,,,,,,,,,
1769162271.055766,1769162271.05639,66.0,0.0,4314.871582,4307.05127,4186.282227,4330.256348,4278.461426,4281.282227,4231.153809,4275.897461,4277.692383,4277.94873,4565.641113,4531.153809,4428.461426,4508.333496,,,,,,,,,,,,,,,,,,,,,,,,,,,,,,,,,,,,,,,,,,,,,,,,,,,,,,,,,,,,,,,,,,,,,,
1769162271.063575,1769162271.064199,67.0,0.0,4301.410156,4298.077148,4184.230957,4326.538574,4275.769043,4281.666504,4233.846191,4279.487305,4284.871582,4268.589844,4568.717773,4532.179688,4428.846191,4506.794922,,,,,,,,,,,,,,,,,,,,,,,,,,,,,,,,,,,,,,,,,,,,,,,,,,,,,,,,,,,,,,,,,,,,,,
1769162271.071383,1769162271.071807,68.0,0.0,4292.94873,4294.743652,4179.102539,4321.153809,4271.794922,4277.179688,4235.128418,4281.153809,4287.307617,4267.820313,4561.538574,4533.717773,4424.743652,4502.307617,,,,,,,,,,,,,,,,,,,,,,,,,,,,,,,,,,,,,,,,,,,,,,,,,,,,,,,,,,,,,,,,,,,,,,
1769162271.079192,1769162271.079616,69.0,0.0,4307.05127,4307.436035,4184.358887,4325.769043,4276.153809,4277.94873,4234.102539,4275.384766,4278.333496,4280.512695,4567.05127,4538.589844,4426.922852,4510.512695,,,,,,,,,,,,,,,,,,,,,,,,,,,,,,,,,,,,,,,,,,,,,,,,,,,,,,,,,,,,,,,,,,,,,,
1769162271.087,1769162271.087324,70.0,0.0,4317.307617,4313.333496,4189.743652,4329.230957,4276.410156,4281.282227,4238.205078,4282.05127,4281.282227,4277.179688,4577.307617,4542.307617,4433.333496,4513.974121,,,,,,,,,,,,,,,,,,,,,,,,,,,,,,,,,,,,,,,,,,,,,,,,,,,,,,,,,,,,,,,,,,,,,,
1769162271.094809,1769162271.095133,71.0,0.0,4309.102539,4303.974121,4184.871582,4325.256348,4268.846191,4279.230957,4243.974121,4290.897461,4287.563965,4269.358887,4570.0,4541.538574,4429.487305,4505.769043,,,,,,,,,,,,,,,,,,,,,,,,,,,,,,,,,,,,,,,,,,,,,,,,,,,,,,,,,,,,,,,,,,,,,,
1769162271.102617,1769162271.103141,72.0,0.0,4302.436035,4302.05127,4185.0,4324.615234,4265.256348,4276.282227,4245.256348,4282.05127,4281.282227,4277.05127,4562.05127,4539.102539,4421.153809,4502.692383,,,,,,,,,,,,,,,,,,,,,,,,,,,,,,,,,,,,,,,,,,,,,,,,,,,,,,,,,,,,,,,,,,,,,,
1769162271.110426,1769162271.11095,73.0,0.0,4306.794922,4311.025879,4193.333496,4327.436035,4265.769043,4276.666504,4243.077148,4281.025879,4282.820313,4282.820313,4569.743652,4542.563965,4431.794922,4507.436035,,,,,,,,,,,,,,,,,,,,,,,,,,,,,,,,,,,,,,,,,,,,,,,,,,,,,,,,,,,,,,,,,,,,,,
1769162271.118234,1769162271.118858,74.0,0.0,4310.897461,4313.205078,4191.666504,4326.282227,4265.512695,4277.179688,4240.0,4290.256348,4291.666504,4281.410156,4576.538574,4543.974121,4443.974121,4510.512695,,,,,,,,,,,,,,,,,,,,,,,,,,,,,,,,,,,,,,,,,,,,,,,,,,,,,,,,,,,,,,,,,,,,,,
1769162271.126042,1769162271.126666,75.0,0.0,4306.794922,4304.487305,4186.538574,4320.256348,4263.717773,4274.871582,4240.256348,4283.974121,4288.205078,4281.922852,4571.410156,4536.538574,4434.871582,4506.922852,,,,,,,,,,,,,,,,,,,,,,,,,,,,,,,,,,,,,,,,,,,,,,,,,,,,,,,,,,,,,,,,,,,,,,
1769162271.133851,1769162271.134675,76.0,0.0,4302.94873,4296.025879,4194.871582,4311.922852,4261.922852,4273.846191,4244.871582,4282.692383,4289.871582,4280.384766,4568.589844,4538.077148,4426.538574,4504.743652,,,,,,,,,,,,,,,,,,,,,,,,,,,,,,,,,,,,,,,,,,,,,,,,,,,,,,,,,,,,,,,,,,,,,,
1769162271.141659,1769162271.142483,77.0,0.0,4305.128418,4295.0,4200.641113,4311.025879,4260.128418,4276.410156,4247.94873,4297.05127,4298.589844,4278.589844,4572.05127,4548.717773,4431.282227,4508.717773,,,,,,,,,,,,,,,,,,,,,,,,,,,,,,,,,,,,,,,,,,,,,,,,,,,,,,,,,,,,,,,,,,,,,,
1769162271.149468,1769162271.150192,78.0,0.0,4306.410156,4298.974121,4196.282227,4318.846191,4261.282227,4279.102539,4246.153809,4291.538574,4288.717773,4278.461426,4572.179688,4546.666504,4430.641113,4512.179688,0.847727,0.180522,0.111377,0.221793,0.159089,0.462581,0.139586,0.161633,0.14671,0.075719,0.782399,0.226314,0.089882,0.134822,0.086106,0.445203,0.187839,0.104507,0.119821,0.10937,0.326208,0.178298,0.17191,0.081577,0.055271,0.291693,0.16608,0.299441,0.262864,0.223913,0.143427,0.064454,0.058491,0.121063,0.137456,0.389883,0.32645,0.181947,0.165945,0.310163,0.602555,0.29089,0.351927,0.165289,0.152719,0.541714,0.455876,0.226546,0.412871,0.557863,0.573295,0.142918,0.163488,0.284197,0.127294,0.522215,0.16066,0.059052,0.246591,0.109573,1.574603,0.451697,0.532478,0.395535,0.201328,1.066959,0.304201,0.186412,0.358638,0.173313
1769162271.157276,1769162271.158,79.0,0.0,4307.94873,4304.102539,4196.410156,4321.153809,4264.102539,4278.461426,4243.205078,4271.153809,4274.102539,4282.179688,4569.487305,4538.846191,4425.769043,4512.436035,,,,,,,,,,,,,,,,,,,,,,,,,,,,,,,,,,,,,,,,,,,,,,,,,,,,,,,,,,,,,,,,,,,,,,
1769162271.165085,1769162271.166008,80.0,0.0,4308.333496,4305.512695,4198.333496,4313.333496,4263.589844,4276.025879,4244.487305,4276.153809,4280.897461,4278.846191,4568.205078,4540.384766,4427.94873,4510.128418,,,,,,,,,,,,,,,,,,,,,,,,,,,,,,,,,,,,,,,,,,,,,,,,,,,,,,,,,,,,,,,,,,,,,,
1769162271.172893,1769162271.173817,81.0,0.0,4304.487305,4301.922852,4195.641113,4309.743652,4260.128418,4275.256348,4247.692383,4293.461426,4291.282227,4266.794922,4568.974121,4540.769043,4429.487305,4507.94873,,,,,,,,,,,,,,,,,,,,,,,,,,,,,,,,,,,,,,,,,,,,,,,,,,,,,,,,,,,,,,,,,,,,,,
1769162271.180702,1769162271.181725,82.0,0.0,4306.025879,4301.666504,4198.077148,4315.0,4260.384766,4276.794922,4244.743652,4288.974121,4283.461426,4269.102539,4569.615234,4538.461426,4428.974121,4509.871582,,,,,,,,,,,,,,,,,,,,,,,,,,,,,,,,,,,,,,,,,,,,,,,,,,,,,,,,,,,,,,,,,,,,,,
1769162271.18851,1769162271.189534,83.0,0.0,4312.179688,4305.0,4201.666504,4319.102539,4262.94873,4281.538574,4244.230957,4276.538574,4277.05127,4282.179688,4567.820313,4540.384766,4428.205078,4512.05127,,,,,,,,,,,,,,,,,,,,,,,,,,,,,,,,,,,,,,,,,,,,,,,,,,,,,,,,,,,,,,,,,,,,,,
1769162271.196319,1769162271.197242,84.0,0.0,4307.692383,4301.666504,4199.743652,4318.333496,4258.333496,4277.563965,4245.384766,4279.487305,4279.487305,4277.436035,4567.05127,4539.487305,4428.077148,4507.692383,,,,,,,,,,,,,,,,,,,,,,,,,,,,,,,,,,,,,,,,,,,,,,,,,,,,,,,,,,,,,,,,,,,,,,
1769162271.204127,1769162271.205051,85.0,0.0,4299.358887,4294.615234,4198.077148,4319.230957,4254.358887,4265.512695,4239.487305,4285.0,4279.358887,4263.077148,4568.846191,4538.461426,4423.461426,4503.717773,,,,,,,,,,,,,,,,,,,,,,,,,,,,,,,,,,,,,,,,,,,,,,,,,,,,,,,,,,,,,,,,,,,,,,
1769162271.211935,1769162271.212759,86.0,0.0,4305.384766,4293.589844,4201.153809,4322.94873,4257.692383,4266.666504,4238.974121,4282.436035,4284.358887,4268.333496,4569.358887,4541.538574,4415.256348,4505.384766,,,,,,,,,,,,,,,,,,,,,,,,,,,,,,,,,,,,,,,,,,,,,,,,,,,,,,,,,,,,,,,,,,,,,,
1769162271.219744,1769162271.220568,87.0,0.0,4307.692383,4295.256348,4202.563965,4319.743652,4255.128418,4281.025879,4247.05127,4280.641113,4287.94873,4273.461426,4565.897461,4541.538574,4417.692383,4505.769043,,,,,,,,,,,,,,,,,,,,,,,,,,,,,,,,,,,,,,,,,,,,,,,,,,,,,,,,,,,,,,,,,,,,,,
1769162271.227552,1769162271.228176,88.0,0.0,4297.94873,4295.384766,4199.102539,4310.769043,4250.0,4282.307617,4248.333496,4280.897461,4281.922852,4270.256348,4563.846191,4539.358887,4422.307617,4504.358887,,,,,,,,,,,,,,,,,,,,,,,,,,,,,,,,,,,,,,,,,,,,,,,,,,,,,,,,,,,,,,,,,,,,,,
1769162271.235361,1769162271.235985,89.0,0.0,4299.102539,4295.128418,4199.358887,4309.358887,4250.384766,4266.794922,4245.0,4284.230957,4284.743652,4272.179688,4566.794922,4539.487305,4419.615234,4504.487305,,,,,,,,,,,,,,,,,,,,,,,,,,,,,,,,,,,,,,,,,,,,,,,,,,,,,,,,,,,,,,,,,,,,,,
1769162271.243169,1769162271.243693,90.0,0.0,4308.333496,4292.05127,4203.589844,4313.333496,4252.307617,4263.077148,4247.179688,4294.230957,4294.102539,4270.769043,4570.0,4548.205078,4422.179688,4506.282227,,,,,,,,,,,,,,,,,,,,,,,,,,,,,,,,,,,,,,,,,,,,,,,,,,,,,,,,,,,,,,,,,,,,,,
1769162271.250978,1769162271.251502,91.0,0.0,4308.846191,4293.333496,4203.589844,4312.307617,4257.05127,4276.666504,4246.410156,4291.794922,4289.358887,4271.410156,4572.179688,4555.128418,4431.153809,4508.589844,,,,,,,,,,,,,,,,,,,,,,,,,,,,,,,,,,,,,,,,,,,,,,,,,,,,,,,,,,,,,,,,,,,,,,
1769162271.258786,1769162271.25911,92.0,0.0,4303.205078,4297.692383,4201.538574,4310.384766,4260.769043,4281.666504,4246.153809,4284.743652,4278.846191,4278.974121,4572.307617,4550.128418,4426.922852,4507.94873,,,,,,,,,,,,,,,,,,,,,,,,,,,,,,,,,,,,,,,,,,,,,,,,,,,,,,,,,,,,,,,,,,,,,,
1769162271.266595,1769162271.266919,93.0,0.0,4298.717773,4296.153809,4202.436035,4311.794922,4253.846191,4273.205078,4248.974121,4287.692383,4281.153809,4282.307617,4566.153809,4544.743652,4417.820313,4504.230957,,,,,,,,,,,,,,,,,,,,,,,,,,,,,,,,,,,,,,,,,,,,,,,,,,,,,,,,,,,,,,,,,,,,,,
1769162271.274403,1769162271.274627,94.0,0.0,4296.153809,4292.94873,4201.538574,4311.025879,4249.615234,4262.820313,4238.974121,4286.666504,4287.563965,4279.102539,4561.153809,4545.769043,4418.846191,4504.743652,0.953919,0.178646,0.123065,0.207091,0.17083,0.474959,0.135911,0.168976,0.139163,0.075088,0.675811,0.201867,0.082313,0.125207,0.102806,0.422569,0.165315,0.120739,0.12193,0.112242,0.379118,0.195174,0.179736,0.06846,0.062888,0.289111,0.207339,0.307936,0.250467,0.280006,0.135918,0.060459,0.06049,0.115744,0.111373,0.565742,0.347545,0.182079,0.153352,0.336414,0.592734,0.235492,0.340449,0.155909,0.164366,0.511173,0.471075,0.202807,0.35891,0.622128,0.589534,0.106335,0.139503,0.226557,0.115259,0.621571,0.13833,0.041632,0.243979,0.119171,1.691154,0.528734,0.601657,0.406735,0.215404,1.071826,0.2807,0.160747,0.326379,0.175012
1769162271.282211,1769162271.282436,95.0,0.0,4296.282227,4292.692383,4198.205078,4306.153809,4252.563965,4261.922852,4229.743652,4280.256348,4286.538574,4279.358887,4563.205078,4541.282227,4416.666504,4506.922852,,,,,,,,,,,,,,,,,,,,,,,,,,,,,,,,,,,,,,,,,,,,,,,,,,,,,,,,,,,,,,,,,,,,,,
1769162271.29002,1769162271.290044,96.0,0.0,4293.589844,4291.538574,4199.358887,4305.256348,4252.179688,4272.692383,4240.897461,4283.717773,4280.769043,4273.717773,4564.743652,4535.769043,4411.282227,4501.282227,,,,,,,,,,,,,,,,,,,,,,,,,,,,,,,,,,,,,,,,,,,,,,,,,,,,,,,,,,,,,,,,,,,,,,
1769162271.297828,1769162271.297853,97.0,0.0,4291.282227,4289.230957,4202.692383,4310.128418,4253.717773,4281.538574,4247.94873,4292.05127,4280.128418,4273.461426,4568.205078,4546.922852,4415.897461,4497.94873,,,,,,,,,,,,,,,,,,,,,,,,,,,,,,,,,,,,,,,,,,,,,,,,,,,,,,,,,,,,,,,,,,,,,,
1769162271.305637,1769162271.305761,98.0,0.0,4294.230957,4290.256348,4203.205078,4312.436035,4255.384766,4278.077148,4242.05127,4288.846191,4282.05127,4284.743652,4571.922852,4553.974121,4422.692383,4503.717773,,,,,,,,,,,,,,,,,,,,,,,,,,,,,,,,,,,,,,,,,,,,,,,,,,,,,,,,,,,,,,,,,,,,,,
1769162271.313445,1769162271.31357,99.0,0.0,4294.102539,4291.025879,4203.077148,4310.384766,4250.769043,4273.846191,4241.282227,4279.615234,4278.846191,4273.077148,4565.641113,4541.538574,4417.94873,4506.153809,,,,,,,,,,,,,,,,,,,,,,,,,,,,,,,,,,,,,,,,,,,,,,,,,,,,,,,,,,,,,,,,,,,,,,
1769162271.321254,1769162271.321578,100.0,0.0,4293.974121,4290.256348,4203.717773,4311.922852,4249.871582,4277.307617,4240.256348,4278.333496,4274.871582,4262.179688,4565.256348,4539.230957,4417.820313,4504.487305,,,,,,,,,,,,,,,,,,,,,,,,,,,,,,,,,,,,,,,,,,,,,,,,,,,,,,,,,,,,,,,,,,,,,,
1769162271.329062,1769162271.329386,101.0,0.0,4294.487305,4289.871582,4202.307617,4313.846191,4251.282227,4277.94873,4238.589844,4288.205078,4278.333496,4281.922852,4577.179688,4549.871582,4429.230957,4507.307617,,,,,,,,,,,,,,,,,,,,,,,,,,,,,,,,,,,,,,,,,,,,,,,,,,,,,,,,,,,,,,,,,,,,,,
1769162271.336871,1769162271.337295,102.0,0.0,4291.282227,4288.333496,4200.769043,4309.487305,4248.077148,4278.461426,4243.589844,4299.871582,4288.974121,4290.0,4580.256348,4549.743652,4427.05127,4506.410156,,,,,,,,,,,,,,,,,,,,,,,,,,,,,,,,,,,,,,,,,,,,,,,,,,,,,,,,,,,,,,,,,,,,,,
1769162271.344679,1769162271.345103,103.0,0.0,4289.487305,4287.94873,4200.512695,4305.641113,4246.538574,4282.179688,4239.615234,4292.436035,4284.487305,4269.102539,4565.512695,4534.358887,4413.846191,4493.461426,,,,,,,,,,,,,,,,,,,,,,,,,,,,,,,,,,,,,,,,,,,,,,,,,,,,,,,,,,,,,,,,,,,,,,
1769162271.352487,1769162271.352712,104.0,0.0,4285.512695,4291.153809,4199.358887,4308.077148,4248.205078,4276.025879,4229.871582,4275.897461,4265.512695,4261.794922,4551.794922,4522.563965,4408.974121,4484.358887,,,,,,,,,,,,,,,,,,,,,,,,,,,,,,,,,,,,,,,,,,,,,,,,,,,,,,,,,,,,,,,,,,,,,,
1769162271.360296,1769162271.36052,105.0,0.0,4280.897461,4294.743652,4200.384766,4310.769043,4247.820313,4264.230957,4231.025879,4274.102539,4266.922852,4275.384766,4556.538574,4527.05127,4410.897461,4487.307617,,,,,,,,,,,,,,,,,,,,,,,,,,,,,,,,,,,,,,,,,,,,,,,,,,,,,,,,,,,,,,,,,,,,,,
1769162271.368104,1769162271.368429,106.0,0.0,4285.256348,4293.461426,4204.615234,4310.256348,4247.563965,4263.461426,4231.153809,4280.641113,4278.974121,4282.436035,4567.820313,4538.717773,4414.102539,4493.333496,,,,,,,,,,,,,,,,,,,,,,,,,,,,,,,,,,,,,,,,,,,,,,,,,,,,,,,,,,,,,,,,,,,,,,
1769162271.375913,1769162271.376237,107.0,0.0,4291.025879,4291.282227,4205.256348,4310.897461,4247.692383,4273.717773,4228.077148,4277.436035,4276.666504,4275.0,4567.820313,4539.615234,4416.794922,4493.461426,,,,,,,,,,,,,,,,,,,,,,,,,,,,,,,,,,,,,,,,,,,,,,,,,,,,,,,,,,,,,,,,,,,,,,
1769162271.383721,1769162271.384245,108.0,0.0,4284.487305,4287.563965,4200.897461,4308.717773,4244.743652,4279.230957,4232.94873,4278.846191,4276.794922,4265.0,4562.563965,4534.743652,4414.743652,4489.743652,,,,,,,,,,,,,,,,,,,,,,,,,,,,,,,,,,,,,,,,,,,,,,,,,,,,,,,,,,,,,,,,,,,,,,
1769162271.39153,1769162271.392054,109.0,0.0,4276.922852,4281.025879,4198.846191,4301.794922,4243.333496,4276.153809,4236.538574,4287.563965,4282.436035,4272.307617,4564.487305,4538.461426,4411.025879,4489.487305,,,,,,,,,,,,,,,,,,,,,,,,,,,,,,,,,,,,,,,,,,,,,,,,,,,,,,,,,,,,,,,,,,,,,,
1769162271.399338,1769162271.399962,110.0,0.0,4279.871582,4282.692383,4200.769043,4302.820313,4244.102539,4275.384766,4233.974121,4287.307617,4279.743652,4285.641113,4569.102539,4541.410156,4415.384766,4493.589844,1.008096,0.190637,0.150678,0.191566,0.189277,0.463776,0.144,0.19206,0.141594,0.079923,0.555914,0.16835,0.079656,0.119969,0.12332,0.39712,0.147942,0.142483,0.128165,0.113834,0.402003,0.200013,0.189762,0.061391,0.0737,0.271181,0.242361,0.299265,0.226897,0.349051,0.13901,0.064209,0.059198,0.107097,0.086617,0.781356,0.379014,0.167211,0.144206,0.349898,0.573537,0.230396,0.299891,0.152399,0.179223,0.513483,0.518078,0.197747,0.300526,0.658272,0.586224,0.097768,0.132363,0.17761,0.102259,0.755652,0.135451,0.039631,0.240319,0.128945,1.641811,0.579652,0.647396,0.394426,0.225878,1.045936,0.287263,0.154399,0.287074,0.175699
1769162271.407147,1769162271.40777,111.0,0.0,4282.94873,4288.077148,4202.820313,4307.692383,4240.512695,4278.461426,4232.820313,4289.871582,4285.769043,4281.922852,4570.256348,4539.743652,4418.846191,4493.717773,,,,,,,,,,,,,,,,,,,,,,,,,,,,,,,,,,,,,,,,,,,,,,,,,,,,,,,,,,,,,,,,,,,,,,
1769162271.414955,1769162271.415379,112.0,0.0,4277.820313,4288.589844,4200.897461,4306.538574,4239.102539,4281.538574,4234.743652,4295.897461,4293.717773,4279.743652,4568.077148,4538.974121,4415.128418,4489.230957,,,,,,,,,,,,,,,,,,,,,,,,,,,,,,,,,,,,,,,,,,,,,,,,,,,,,,,,,,,,,,,,,,,,,,
1769162271.422763,1769162271.423188,113.0,0.0,4276.666504,4289.230957,4201.538574,4306.922852,4241.666504,4278.589844,4234.615234,4288.974121,4286.282227,4284.358887,4566.538574,4536.922852,4415.641113,4489.102539,,,,,,,,,,,,,,,,,,,,,,,,,,,,,,,,,,,,,,,,,,,,,,,,,,,,,,,,,,,,,,,,,,,,,,
1769162271.430572,1769162271.430896,114.0,0.0,4287.436035,4292.563965,4209.358887,4311.410156,4238.461426,4269.102539,4232.05127,4281.794922,4277.179688,4273.589844,4568.077148,4537.563965,4416.282227,4491.410156,,,,,,,,,,,,,,,,,,,,,,,,,,,,,,,,,,,,,,,,,,,,,,,,,,,,,,,,,,,,,,,,,,,,,,
1769162271.43838,1769162271.438705,115.0,0.0,4291.538574,4290.769043,4214.358887,4309.102539,4233.461426,4262.179688,4231.153809,4289.615234,4280.128418,4269.743652,4568.589844,4541.025879,4411.538574,4490.256348,,,,,,,,,,,,,,,,,,,,,,,,,,,,,,,,,,,,,,,,,,,,,,,,,,,,,,,,,,,,,,,,,,,,,,
1769162271.446189,1769162271.446713,116.0,0.0,4287.563965,4288.333496,4213.589844,4305.384766,4234.871582,4263.717773,4232.05127,4293.846191,4285.769043,4273.974121,4565.512695,4541.538574,4411.153809,4489.487305,,,,,,,,,,,,,,,,,,,,,,,,,,,,,,,,,,,,,,,,,,,,,,,,,,,,,,,,,,,,,,,,,,,,,,
1769162271.453997,1769162271.454521,117.0,0.0,4293.333496,4291.922852,4215.384766,4306.538574,4236.666504,4266.922852,4231.922852,4281.153809,4277.307617,4263.974121,4564.487305,4537.436035,4414.487305,4489.487305,,,,,,,,,,,,,,,,,,,,,,,,,,,,,,,,,,,,,,,,,,,,,,,,,,,,,,,,,,,,,,,,,,,,,,
1769162271.461806,1769162271.46223,118.0,0.0,4299.230957,4295.256348,4219.358887,4306.666504,4234.487305,4267.692383,4231.666504,4272.692383,4267.820313,4265.256348,4564.615234,4536.282227,4414.615234,4490.0,,,,,,,,,,,,,,,,,,,,,,,,,,,,,,,,,,,,,,,,,,,,,,,,,,,,,,,,,,,,,,,,,,,,,,
1769162271.469614,1769162271.470038,119.0,0.0,4295.0,4293.974121,4220.256348,4307.05127,4234.230957,4265.641113,4230.769043,4278.974121,4274.743652,4280.0,4564.615234,4540.256348,4416.410156,4492.820313,,,,,,,,,,,,,,,,,,,,,,,,,,,,,,,,,,,,,,,,,,,,,,,,,,,,,,,,,,,,,,,,,,,,,,
1769162271.477423,1769162271.477647,120.0,0.0,4291.410156,4290.128418,4219.743652,4307.94873,4234.102539,4263.077148,4229.871582,4281.794922,4282.05127,4277.820313,4566.538574,4538.846191,4416.410156,4493.461426,,,,,,,,,,,,,,,,,,,,,,,,,,,,,,,,,,,,,,,,,,,,,,,,,,,,,,,,,,,,,,,,,,,,,,
1769162271.485231,1769162271.485455,121.0,0.0,4295.256348,4291.025879,4217.692383,4307.692383,4234.487305,4267.692383,4231.153809,4277.436035,4276.282227,4271.025879,4568.974121,4535.512695,4411.538574,4490.0,,,,,,,,,,,,,,,,,,,,,,,,,,,,,,,,,,,,,,,,,,,,,,,,,,,,,,,,,,,,,,,,,,,,,,
1769162271.493039,1769162271.493164,122.0,0.0,4297.05127,4296.282227,4216.794922,4309.871582,4235.384766,4278.205078,4232.307617,4284.230957,4277.307617,4279.615234,4574.615234,4541.922852,4413.717773,4493.461426,,,,,,,,,,,,,,,,,,,,,,,,,,,,,,,,,,,,,,,,,,,,,,,,,,,,,,,,,,,,,,,,,,,,,,
1769162271.500848,1769162271.500972,123.0,0.0,4286.153809,4289.102539,4218.717773,4308.846191,4235.128418,4278.461426,4233.717773,4294.102539,4282.94873,4280.384766,4571.153809,4540.769043,4412.307617,4491.666504,,,,,,,,,,,,,,,,,,,,,,,,,,,,,,,,,,,,,,,,,,,,,,,,,,,,,,,,,,,,,,,,,,,,,,
1769162271.508656,1769162271.508981,124.0,0.0,4275.256348,4277.05127,4215.0,4302.05127,4235.769043,4268.717773,4233.205078,4290.512695,4279.615234,4274.102539,4557.820313,4528.589844,4403.333496,4477.563965,,,,,,,,,,,,,,,,,,,,,,,,,,,,,,,,,,,,,,,,,,,,,,,,,,,,,,,,,,,,,,,,,,,,,,
1769162271.516465,1769162271.516789,125.0,0.0,4283.846191,4283.205078,4215.256348,4303.077148,4235.512695,4271.538574,4234.230957,4289.358887,4282.307617,4277.563965,4557.820313,4536.410156,4405.641113,4478.846191,,,,,,,,,,,,,,,,,,,,,,,,,,,,,,,,,,,,,,,,,,,,,,,,,,,,,,,,,,,,,,,,,,,,,,
1769162271.524273,1769162271.524697,126.0,0.0,4297.05127,4295.128418,4228.077148,4311.538574,4232.436035,4277.436035,4240.512695,4290.512695,4286.153809,4279.743652,4572.94873,4551.410156,4417.179688,4494.871582,0.987605,0.203197,0.189515,0.173032,0.215491,0.417761,0.159765,0.232316,0.146654,0.091724,0.386991,0.13247,0.080164,0.1147,0.146181,0.367899,0.135686,0.161869,0.132662,0.11445,0.38597,0.189624,0.196285,0.061478,0.085905,0.240606,0.2596,0.271602,0.19701,0.418023,0.150036,0.070679,0.056026,0.097506,0.068115,0.98812,0.396725,0.139502,0.141933,0.349703,0.562935,0.264908,0.237471,0.157931,0.194822,0.549377,0.568044,0.196918,0.246481,0.666119,0.570821,0.105039,0.134568,0.136883,0.09328,0.902793,0.138375,0.049081,0.230617,0.138281,1.450442,0.564283,0.650041,0.358097,0.233239,0.977134,0.293521,0.168917,0.247048,0.17829
1769162271.532082,1769162271.532506,127.0,0.0,4295.384766,4293.205078,4233.974121,4313.589844,4231.538574,4270.0,4241.794922,4291.666504,4282.05127,4278.717773,4581.025879,4546.025879,4420.256348,4496.922852,,,,,,,,,,,,,,,,,,,,,,,,,,,,,,,,,,,,,,,,,,,,,,,,,,,,,,,,,,,,,,,,,,,,,,
1769162271.53989,1769162271.540514,0.0,0.0,4292.436035,4290.0,4228.205078,4311.282227,4233.974121,4269.615234,4235.512695,4293.589844,4279.102539,4280.384766,4574.615234,4537.05127,4416.282227,4490.128418,,,,,,,,,,,,,,,,,,,,,,,,,,,,,,,,,,,,,,,,,,,,,,,,,,,,,,,,,,,,,,,,,,,,,,
1769162271.547699,1769162271.548322,1.0,0.0,4295.641113,4294.487305,4227.179688,4309.102539,4233.077148,4272.307617,4231.025879,4289.358887,4282.307617,4282.436035,4570.641113,4539.743652,4414.358887,4491.666504,,,,,,,,,,,,,,,,,,,,,,,,,,,,,,,,,,,,,,,,,,,,,,,,,,,,,,,,,,,,,,,,,,,,,,
1769162271.555507,1769162271.556031,2.0,0.0,4293.846191,4295.769043,4230.769043,4307.307617,4232.179688,4263.461426,4231.153809,4281.025879,4280.897461,4280.897461,4571.410156,4540.128418,4412.436035,4492.692383,,,,,,,,,,,,,,,,,,,,,,,,,,,,,,,,,,,,,,,,,,,,,,,,,,,,,,,,,,,,,,,,,,,,,,
1769162271.563316,1769162271.563839,3.0,0.0,4292.05127,4293.461426,4230.384766,4306.666504,4234.871582,4263.974121,4231.025879,4278.333496,4273.974121,4279.102539,4570.384766,4537.563965,4412.05127,4491.410156,,,,,,,,,,,,,,,,,,,,,,,,,,,,,,,,,,,,,,,,,,,,,,,,,,,,,,,,,,,,,,,,,,,,,,
1769162271.571124,1769162271.571848,4.0,0.0,4295.769043,4294.230957,4230.0,4306.410156,4233.846191,4277.94873,4231.538574,4280.512695,4274.871582,4276.282227,4568.846191,4540.0,4414.871582,4494.487305,,,,,,,,,,,,,,,,,,,,,,,,,,,,,,,,,,,,,,,,,,,,,,,,,,,,,,,,,,,,,,,,,,,,,,
1769162271.578932,1769162271.579656,5.0,0.0,4297.436035,4294.358887,4232.436035,4306.410156,4231.538574,4278.846191,4234.102539,4283.461426,4278.974121,4273.333496,4566.794922,4538.846191,4412.94873,4491.282227,,,,,,,,,,,,,,,,,,,,,,,,,,,,,,,,,,,,,,,,,,,,,,,,,,,,,,,,,,,,,,,,,,,,,,
1769162271.586741,1769162271.587565,6.0,0.0,4292.05127,4295.256348,4232.692383,4308.974121,4233.974121,4270.641113,4234.743652,4290.512695,4277.820313,4279.230957,4571.025879,4537.94873,4410.897461,4486.538574,,,,,,,,,,,,,,,,,,,,,,,,,,,,,,,,,,,,,,,,,,,,,,,,,,,,,,,,,,,,,,,,,,,,,,
1769162271.59455,1769162271.595373,7.0,0.0,4291.153809,4293.333496,4232.436035,4311.153809,4234.615234,4272.692383,4234.358887,4295.256348,4282.692383,4283.461426,4579.487305,4548.846191,4420.512695,4498.589844,,,,,,,,,,,,,,,,,,,,,,,,,,,,,,,,,,,,,,,,,,,,,,,,,,,,,,,,,,,,,,,,,,,,,,
1769162271.602358,1769162271.602982,8.0,0.0,4301.666504,4286.538574,4233.461426,4309.615234,4228.461426,4278.333496,4233.333496,4294.230957,4291.794922,4278.717773,4580.641113,4556.282227,4426.922852,4511.666504,,,,,,,,,,,,,,,,,,,,,,,,,,,,,,,,,,,,,,,,,,,,,,,,,,,,,,,,,,,,,,,,,,,,,,
1769162271.610166,1769162271.61079,9.0,0.0,4306.282227,4285.897461,4234.871582,4310.384766,4224.358887,4276.410156,4234.358887,4295.769043,4289.230957,4279.871582,4573.205078,4545.897461,4417.436035,4501.025879,,,,,,,,,,,,,,,,,,,,,,,,,,,,,,,,,,,,,,,,,,,,,,,,,,,,,,,,,,,,,,,,,,,,,,
1769162271.617975,1769162271.618499,10.0,0.0,4301.025879,4291.025879,4234.358887,4311.153809,4229.358887,4270.128418,4235.256348,4296.153809,4280.512695,4275.384766,4568.205078,4535.256348,4411.025879,4488.333496,,,,,,,,,,,,,,,,,,,,,,,,,,,,,,,,,,,,,,,,,,,,,,,,,,,,,,,,,,,,,,,,,,,,,,
1769162271.625783,1769162271.626307,11.0,0.0,4291.666504,4288.077148,4229.615234,4302.94873,4230.384766,4264.487305,4231.794922,4290.384766,4279.743652,4264.358887,4567.820313,4537.179688,4414.102539,4491.794922,,,,,,,,,,,,,,,,,,,,,,,,,,,,,,,,,,,,,,,,,,,,,,,,,,,,,,,,,,,,,,,,,,,,,,
1769162271.633592,1769162271.634315,12.0,0.0,4282.179688,4280.769043,4226.153809,4293.717773,4221.410156,4261.282227,4228.205078,4281.794922,4281.794922,4272.179688,4565.897461,4537.692383,4412.436035,4493.461426,,,,,,,,,,,,,,,,,,,,,,,,,,,,,,,,,,,,,,,,,,,,,,,,,,,,,,,,,,,,,,,,,,,,,,
1769162271.6414,1769162271.642124,13.0,0.0,4282.436035,4280.641113,4228.205078,4297.05127,4215.641113,4269.230957,4229.871582,4278.974121,4271.666504,4279.871582,4559.487305,4530.384766,4404.102539,4488.333496,,,,,,,,,,,,,,,,,,,,,,,,,,,,,,,,,,,,,,,,,,,,,,,,,,,,,,,,,,,,,,,,,,,,,,
1769162271.649209,1769162271.650032,14.0,0.0,4288.333496,4282.307617,4231.922852,4305.256348,4223.333496,4282.05127,4232.179688,4279.871582,4262.05127,4265.256348,4553.461426,4527.692383,4396.282227,4487.436035,0.927954,0.205375,0.232294,0.154224,0.246338,0.342291,0.177907,0.283562,0.149206,0.108599,0.266287,0.101629,0.081845,0.10697,0.167366,0.348114,0.129882,0.171497,0.133128,0.114189,0.344157,0.168009,0.193068,0.067181,0.096549,0.209701,0.258429,0.230031,0.168718,0.472035,0.151054,0.076261,0.055367,0.089075,0.057956,1.121688,0.387329,0.108219,0.149908,0.340116,0.568224,0.319885,0.16977,0.173987,0.210044,0.604931,0.59476,0.196358,0.204784,0.652691,0.547934,0.117305,0.14157,0.108568,0.09246,1.021796,0.138385,0.071756,0.216321,0.149111,1.180126,0.484096,0.614249,0.306314,0.237482,0.879811,0.283561,0.202246,0.211745,0.182575
1769162271.657017,1769162271.657841,15.0,0.0,4283.846191,4280.384766,4230.641113,4302.563965,4231.282227,4277.307617,4229.102539,4278.846191,4267.307617,4263.077148,4554.102539,4534.102539,4401.538574,4492.563965,,,,,,,,,,,,,,,,,,,,,,,,,,,,,,,,,,,,,,,,,,,,,,,,,,,,,,,,,,,,,,,,,,,,,,
1769162271.664826,1769162271.665449,16.0,0.0,4275.641113,4279.487305,4225.0,4295.641113,4225.897461,4260.769043,4228.974121,4280.384766,4272.179688,4272.94873,4557.692383,4536.538574,4413.589844,4491.153809,,,,,,,,,,,,,,,,,,,,,,,,,,,,,,,,,,,,,,,,,,,,,,,,,,,,,,,,,,,,,,,,,,,,,,
1769162271.672634,1769162271.673258,17.0,0.0,4277.820313,4278.205078,4223.717773,4297.563965,4220.641113,4263.461426,4235.128418,4282.94873,4266.666504,4269.358887,4556.922852,4526.025879,4410.769043,4478.461426,,,,,,,,,,,,,,,,,,,,,,,,,,,,,,,,,,,,,,,,,,,,,,,,,,,,,,,,,,,,,,,,,,,,,,
1769162271.680442,1769162271.680966,18.0,0.0,4280.641113,4278.461426,4230.256348,4307.563965,4226.922852,4275.256348,4236.025879,4281.282227,4263.974121,4267.820313,4557.05127,4519.358887,4399.743652,4470.256348,,,,,,,,,,,,,,,,,,,,,,,,,,,,,,,,,,,,,,,,,,,,,,,,,,,,,,,,,,,,,,,,,,,,,,
1769162271.688251,1769162271.688775,19.0,0.0,4283.333496,4281.794922,4236.282227,4313.205078,4228.717773,4273.077148,4231.410156,4278.974121,4267.05127,4271.153809,4558.974121,4529.102539,4399.487305,4477.05127,,,,,,,,,,,,,,,,,,,,,,,,,,,,,,,,,,,,,,,,,,,,,,,,,,,,,,,,,,,,,,,,,,,,,,
1769162271.696059,1769162271.696783,20.0,0.0,4281.153809,4276.153809,4233.333496,4305.384766,4220.0,4266.538574,4232.820313,4278.846191,4264.102539,4266.153809,4556.153809,4538.205078,4406.794922,4482.307617,,,,,,,,,,,,,,,,,,,,,,,,,,,,,,,,,,,,,,,,,,,,,,,,,,,,,,,,,,,,,,,,,,,,,,
1769162271.703868,1769162271.704591,21.0,0.0,4267.820313,4265.897461,4228.205078,4294.230957,4216.666504,4263.589844,4236.922852,4280.256348,4262.94873,4261.922852,4554.358887,4537.307617,4404.871582,4477.94873,,,,,,,,,,,,,,,,,,,,,,,,,,,,,,,,,,,,,,,,,,,,,,,,,,,,,,,,,,,,,,,,,,,,,,
1769162271.711676,1769162271.7125,22.0,0.0,4267.307617,4268.717773,4229.615234,4295.384766,4223.077148,4263.461426,4236.922852,4281.410156,4264.487305,4261.410156,4556.025879,4532.307617,4397.05127,4475.897461,,,,,,,,,,,,,,,,,,,,,,,,,,,,,,,,,,,,,,,,,,,,,,,,,,,,,,,,,,,,,,,,,,,,,,
1769162271.719485,1769162271.720308,23.0,0.0,4280.128418,4277.94873,4233.846191,4306.538574,4227.307617,4265.641113,4235.128418,4280.641113,4261.794922,4261.153809,4555.641113,4527.563965,4401.153809,4476.538574,,,,,,,,,,,,,,,,,,,,,,,,,,,,,,,,,,,,,,,,,,,,,,,,,,,,,,,,,,,,,,,,,,,,,,
1769162271.727293,1769162271.728316,24.0,0.0,4283.461426,4279.230957,4235.128418,4309.487305,4228.077148,4267.307617,4234.102539,4279.358887,4265.641113,4265.384766,4556.538574,4526.025879,4409.871582,4475.256348,,,,,,,,,,,,,,,,,,,,,,,,,,,,,,,,,,,,,,,,,,,,,,,,,,,,,,,,,,,,,,,,,,,,,,
1769162271.735102,1769162271.736125,25.0,0.0,4276.538574,4278.461426,4233.974121,4305.0,4233.205078,4265.256348,4234.487305,4279.871582,4271.794922,4268.461426,4553.333496,4527.820313,4407.307617,4473.589844,,,,,,,,,,,,,,,,,,,,,,,,,,,,,,,,,,,,,,,,,,,,,,,,,,,,,,,,,,,,,,,,,,,,,,
1769162271.74291,1769162271.744033,26.0,0.0,4272.179688,4278.333496,4233.205078,4304.358887,4232.179688,4262.436035,4237.179688,4280.0,4268.333496,4261.922852,4542.307617,4523.974121,4396.922852,4473.461426,,,,,,,,,,,,,,,,,,,,,,,,,,,,,,,,,,,,,,,,,,,,,,,,,,,,,,,,,,,,,,,,,,,,,,
1769162271.750718,1769162271.751842,27.0,0.0,4273.589844,4273.846191,4231.922852,4303.717773,4220.641113,4263.974121,4236.538574,4277.94873,4260.0,4255.641113,4541.922852,4519.358887,4393.205078,4473.589844,,,,,,,,,,,,,,,,,,,,,,,,,,,,,,,,,,,,,,,,,,,,,,,,,,,,,,,,,,,,,,,,,,,,,,
1769162271.758527,1769162271.75975,28.0,0.0,4277.307617,4275.512695,4233.461426,4306.794922,4220.128418,4263.717773,4232.436035,4278.589844,4263.077148,4257.94873,4556.410156,4531.025879,4402.692383,4475.256348,,,,,,,,,,,,,,,,,,,,,,,,,,,,,,,,,,,,,,,,,,,,,,,,,,,,,,,,,,,,,,,,,,,,,,
1769162271.766335,1769162271.767558,29.0,0.0,4281.666504,4280.128418,4235.897461,4309.871582,4233.589844,4264.743652,4234.615234,4280.897461,4270.769043,4265.897461,4560.384766,4540.512695,4410.769043,4480.128418,,,,,,,,,,,,,,,,,,,,,,,,,,,,,,,,,,,,,,,,,,,,,,,,,,,,,,,,,,,,,,,,,,,,,,
1769162271.774144,1769162271.775267,30.0,0.0,4275.512695,4275.128418,4230.897461,4301.025879,4234.358887,4265.769043,4236.794922,4279.871582,4269.230957,4268.077148,4549.871582,4528.333496,4401.794922,4473.717773,0.821916,0.196396,0.270495,0.14054,0.275545,0.257984,0.195698,0.332636,0.147923,0.125904,0.181693,0.083042,0.084684,0.097118,0.181509,0.327163,0.132247,0.168439,0.131127,0.11268,0.285461,0.142335,0.176603,0.075024,0.10242,0.183308,0.254064,0.185344,0.147926,0.499963,0.148452,0.082564,0.061545,0.082969,0.055614,1.137547,0.366444,0.084564,0.169045,0.328082,0.586562,0.381845,0.113612,0.196374,0.225049,0.665879,0.58701,0.2007,0.176814,0.627793,0.5175,0.129798,0.152728,0.099486,0.101749,1.07429,0.136261,0.110954,0.201754,0.16416,0.904947,0.36524,0.561043,0.2524,0.23773,0.759624,0.256362,0.247954,0.184867,0.18604
1769162271.781952,1769162271.783075,31.0,0.0,4268.589844,4271.410156,4226.282227,4292.05127,4225.256348,4260.512695,4232.307617,4277.436035,4262.436035,4263.077148,4544.230957,4514.871582,4390.256348,4457.307617,,,,,,,,,,,,,,,,,,,,,,,,,,,,,,,,,,,,,,,,,,,,,,,,,,,,,,,,,,,,,,,,,,,,,,
1769162271.789761,1769162271.790684,32.0,0.0,4274.102539,4270.769043,4231.538574,4297.179688,4224.615234,4263.077148,4236.666504,4278.205078,4261.922852,4259.615234,4548.846191,4523.461426,4394.615234,4457.820313,,,,,,,,,,,,,,,,,,,,,,,,,,,,,,,,,,,,,,,,,,,,,,,,,,,,,,,,,,,,,,,,,,,,,,
1769162271.797569,1769162271.798492,33.0,0.0,4280.512695,4266.282227,4237.179688,4298.077148,4223.077148,4271.538574,4245.256348,4280.641113,4273.846191,4269.230957,4559.102539,4539.230957,4402.563965,4472.307617,,,,,,,,,,,,,,,,,,,,,,,,,,,,,,,,,,,,,,,,,,,,,,,,,,,,,,,,,,,,,,,,,,,,,,
1769162271.805378,1769162271.806201,34.0,0.0,4279.743652,4267.563965,4236.153809,4293.461426,4216.282227,4269.487305,4240.641113,4281.282227,4278.461426,4279.230957,4563.077148,4539.358887,4402.563965,4475.256348,,,,,,,,,,,,,,,,,,,,,,,,,,,,,,,,,,,,,,,,,,,,,,,,,,,,,,,,,,,,,,,,,,,,,,
1769162271.813186,1769162271.814009,35.0,0.0,4279.102539,4278.846191,4234.743652,4303.205078,4217.692383,4261.538574,4230.128418,4279.230957,4269.871582,4271.794922,4557.179688,4529.230957,4403.717773,4473.846191,,,,,,,,,,,,,,,,,,,,,,,,,,,,,,,,,,,,,,,,,,,,,,,,,,,,,,,,,,,,,,,,,,,,,,
1769162271.820995,1769162271.821618,36.0,0.0,4280.384766,4281.922852,4234.102539,4313.461426,4227.05127,4261.666504,4233.077148,4278.205078,4267.179688,4265.128418,4553.589844,4523.461426,4403.589844,4475.0,,,,,,,,,,,,,,,,,,,,,,,,,,,,,,,,,,,,,,,,,,,,,,,,,,,,,,,,,,,,,,,,,,,,,,
1769162271.828803,1769162271.829427,37.0,0.0,4279.358887,4276.666504,4233.205078,4311.025879,4231.922852,4266.666504,4243.974121,4280.897461,4271.794922,4271.282227,4555.512695,4525.256348,4398.205078,4466.666504,,,,,,,,,,,,,,,,,,,,,,,,,,,,,,,,,,,,,,,,,,,,,,,,,,,,,,,,,,,,,,,,,,,,,,
1769162271.836611,1769162271.837335,38.0,0.0,4279.871582,4278.846191,4232.179688,4307.436035,4230.384766,4266.794922,4240.512695,4281.794922,4268.461426,4269.743652,4557.436035,4527.436035,4400.641113,4457.436035,,,,,,,,,,,,,,,,,,,,,,,,,,,,,,,,,,,,,,,,,,,,,,,,,,,,,,,,,,,,,,,,,,,,,,
1769162271.84442,1769162271.845143,39.0,0.0,4281.153809,4283.717773,4230.897461,4306.538574,4233.077148,4264.487305,4232.179688,4279.871582,4263.077148,4262.307617,4556.666504,4522.692383,4408.077148,4461.922852,,,,,,,,,,,,,,,,,,,,,,,,,,,,,,,,,,,,,,,,,,,,,,,,,,,,,,,,,,,,,,,,,,,,,,
1769162271.852228,1769162271.853152,40.0,0.0,4275.897461,4281.794922,4230.256348,4299.871582,4234.871582,4263.717773,4237.820313,4281.025879,4272.179688,4264.743652,4554.871582,4517.307617,4407.436035,4470.769043,,,,,,,,,,,,,,,,,,,,,,,,,,,,,,,,,,,,,,,,,,,,,,,,,,,,,,,,,,,,,,,,,,,,,,
1769162271.860037,1769162271.86096,41.0,0.0,4276.538574,4276.794922,4230.769043,4293.846191,4229.230957,4261.282227,4241.538574,4281.922852,4276.410156,4265.512695,4556.025879,4526.922852,4405.512695,4474.487305,,,,,,,,,,,,,,,,,,,,,,,,,,,,,,,,,,,,,,,,,,,,,,,,,,,,,,,,,,,,,,,,,,,,,,
1769162271.867845,1769162271.868669,42.0,0.0,4288.717773,4280.641113,4234.871582,4302.05127,4227.179688,4257.307617,4234.871582,4278.974121,4268.717773,4270.769043,4564.871582,4539.358887,4413.846191,4478.333496,,,,,,,,,,,,,,,,,,,,,,,,,,,,,,,,,,,,,,,,,,,,,,,,,,,,,,,,,,,,,,,,,,,,,,
1769162271.875654,1769162271.876477,43.0,0.0,4293.717773,4287.94873,4239.487305,4310.512695,4233.205078,4258.589844,4234.487305,4275.256348,4270.128418,4282.436035,4571.538574,4532.94873,4418.846191,4480.512695,,,,,,,,,,,,,,,,,,,,,,,,,,,,,,,,,,,,,,,,,,,,,,,,,,,,,,,,,,,,,,,,,,,,,,
1769162271.883462,1769162271.884086,44.0,0.0,4282.179688,4284.487305,4233.589844,4307.307617,4235.128418,4263.077148,4243.589844,4278.077148,4278.589844,4275.384766,4564.358887,4520.256348,4410.384766,4471.153809,,,,,,,,,,,,,,,,,,,,,,,,,,,,,,,,,,,,,,,,,,,,,,,,,,,,,,,,,,,,,,,,,,,,,,
1769162271.891271,1769162271.891894,45.0,0.0,4273.717773,4278.461426,4228.974121,4304.871582,4232.692383,4262.05127,4245.128418,4286.666504,4278.589844,4262.94873,4553.205078,4523.077148,4401.666504,4459.358887,,,,,,,,,,,,,,,,,,,,,,,,,,,,,,,,,,,,,,,,,,,,,,,,,,,,,,,,,,,,,,,,,,,,,,
1769162271.899079,1769162271.899603,46.0,0.0,4285.769043,4279.615234,4241.922852,4309.743652,4232.307617,4256.282227,4241.282227,4289.615234,4273.077148,4265.0,4558.333496,4534.358887,4404.102539,4466.153809,0.73246,0.186339,0.299574,0.1357,0.296387,0.191802,0.211837,0.364665,0.143974,0.138834,0.14605,0.080211,0.090033,0.086595,0.184248,0.312777,0.140796,0.156195,0.129676,0.109916,0.245894,0.120499,0.148573,0.081673,0.102202,0.17238,0.268585,0.152635,0.136607,0.499564,0.134497,0.093781,0.076335,0.078909,0.058985,1.026032,0.371916,0.078833,0.195595,0.318295,0.599174,0.442026,0.079532,0.21591,0.23993,0.715553,0.543823,0.215284,0.157937,0.598,0.480917,0.142612,0.169789,0.111616,0.120174,1.039957,0.135614,0.165402,0.190239,0.184983,0.681052,0.246409,0.516385,0.207293,0.23364,0.646786,0.217298,0.294711,0.168354,0.186705
1769162271.906887,1769162271.907411,47.0,0.0,4296.666504,4281.666504,4253.717773,4311.410156,4233.077148,4255.128418,4241.794922,4287.307617,4271.538574,4268.333496,4569.871582,4540.641113,4413.974121,4481.025879,,,,,,,,,,,,,,,,,,,,,,,,,,,,,,,,,,,,,,,,,,,,,,,,,,,,,,,,,,,,,,,,,,,,,,
1769162271.914696,1769162271.915419,48.0,0.0,4286.025879,4276.282227,4247.94873,4305.512695,4231.153809,4258.205078,4246.025879,4291.538574,4274.358887,4261.538574,4563.974121,4539.743652,4409.102539,4472.436035,,,,,,,,,,,,,,,,,,,,,,,,,,,,,,,,,,,,,,,,,,,,,,,,,,,,,,,,,,,,,,,,,,,,,,
1769162271.922504,1769162271.923228,49.0,0.0,4277.692383,4274.615234,4243.846191,4302.94873,4231.025879,4259.102539,4248.077148,4291.410156,4276.153809,4261.410156,4551.666504,4532.820313,4393.589844,4459.871582,,,,,,,,,,,,,,,,,,,,,,,,,,,,,,,,,,,,,,,,,,,,,,,,,,,,,,,,,,,,,,,,,,,,,,
1769162271.930313,1769162271.931136,50.0,0.0,4287.436035,4283.077148,4249.615234,4307.820313,4233.846191,4262.436035,4242.436035,4279.487305,4268.717773,4264.871582,4552.94873,4528.846191,4394.871582,4465.384766,,,,,,,,,,,,,,,,,,,,,,,,,,,,,,,,,,,,,,,,,,,,,,,,,,,,,,,,,,,,,,,,,,,,,,
1769162271.938121,1769162271.938945,51.0,0.0,4294.871582,4284.487305,4251.410156,4310.769043,4234.102539,4261.410156,4237.820313,4273.974121,4259.871582,4259.102539,4555.256348,4527.563965,4398.974121,4466.410156,,,,,,,,,,,,,,,,,,,,,,,,,,,,,,,,,,,,,,,,,,,,,,,,,,,,,,,,,,,,,,,,,,,,,,
1769162271.94593,1769162271.946953,52.0,0.0,4291.410156,4279.487305,4249.743652,4308.717773,4232.692383,4252.179688,4233.589844,4279.102539,4262.692383,4258.846191,4554.871582,4530.641113,4395.512695,4463.589844,,,,,,,,,,,,,,,,,,,,,,,,,,,,,,,,,,,,,,,,,,,,,,,,,,,,,,,,,,,,,,,,,,,,,,
1769162271.953738,1769162271.954761,53.0,0.0,4294.358887,4283.974121,4249.871582,4307.563965,4233.461426,4249.230957,4228.333496,4279.102539,4269.487305,4263.717773,4561.282227,4536.153809,4403.846191,4472.692383,,,,,,,,,,,,,,,,,,,,,,,,,,,,,,,,,,,,,,,,,,,,,,,,,,,,,,,,,,,,,,,,,,,,,,
1769162271.961547,1769162271.96247,54.0,0.0,4296.282227,4288.205078,4251.922852,4308.589844,4232.820313,4255.128418,4231.410156,4279.871582,4274.487305,4266.538574,4566.410156,4540.384766,4413.333496,4479.615234,,,,,,,,,,,,,,,,,,,,,,,,,,,,,,,,,,,,,,,,,,,,,,,,,,,,,,,,,,,,,,,,,,,,,,
1769162271.969355,1769162271.970278,55.0,0.0,4284.230957,4280.512695,4254.743652,4307.179688,4229.871582,4251.794922,4235.256348,4287.820313,4278.205078,4271.282227,4567.436035,4546.666504,4411.025879,4481.922852,,,,,,,,,,,,,,,,,,,,,,,,,,,,,,,,,,,,,,,,,,,,,,,,,,,,,,,,,,,,,,,,,,,,,,
1769162271.977163,1769162271.977887,56.0,0.0,4278.205078,4277.563965,4254.743652,4302.436035,4229.743652,4245.384766,4231.282227,4292.179688,4280.0,4278.717773,4572.820313,4549.615234,4418.846191,4487.692383,,,,,,,,,,,,,,,,,,,,,,,,,,,,,,,,,,,,,,,,,,,,,,,,,,,,,,,,,,,,,,,,,,,,,,
1769162271.984972,1769162271.985695,57.0,0.0,4281.922852,4280.128418,4250.384766,4297.05127,4230.897461,4247.820313,4232.179688,4294.615234,4282.692383,4280.641113,4575.128418,4543.846191,4425.384766,4483.333496,,,,,,,,,,,,,,,,,,,,,,,,,,,,,,,,,,,,,,,,,,,,,,,,,,,,,,,,,,,,,,,,,,,,,,
1769162271.99278,1769162271.993404,58.0,0.0,4281.794922,4276.282227,4246.025879,4297.820313,4231.666504,4249.230957,4242.179688,4293.205078,4281.410156,4273.333496,4569.230957,4531.922852,4413.205078,4471.538574,,,,,,,,,,,,,,,,,,,,,,,,,,,,,,,,,,,,,,,,,,,,,,,,,,,,,,,,,,,,,,,,,,,,,,
1769162272.000589,1769162272.001212,59.0,0.0,4282.820313,4279.615234,4246.794922,4306.666504,4232.820313,4249.615234,4239.871582,4289.230957,4276.410156,4273.589844,4566.538574,4528.205078,4414.102539,4474.615234,,,,,,,,,,,,,,,,,,,,,,,,,,,,,,,,,,,,,,,,,,,,,,,,,,,,,,,,,,,,,,,,,,,,,,
1769162272.008397,1769162272.008821,60.0,0.0,4288.077148,4286.922852,4250.769043,4313.333496,4235.384766,4251.282227,4231.666504,4288.974121,4279.487305,4281.538574,4569.487305,4532.05127,4425.256348,4477.820313,,,,,,,,,,,,,,,,,,,,,,,,,,,,,,,,,,,,,,,,,,,,,,,,,,,,,,,,,,,,,,,,,,,,,,
1769162272.016206,1769162272.01663,61.0,0.0,4284.230957,4283.205078,4252.05127,4308.461426,4236.025879,4251.153809,4239.743652,4288.077148,4283.077148,4273.333496,4570.512695,4532.307617,4415.897461,4467.563965,,,,,,,,,,,,,,,,,,,,,,,,,,,,,,,,,,,,,,,,,,,,,,,,,,,,,,,,,,,,,,,,,,,,,,
1769162272.024014,1769162272.024338,62.0,0.0,4272.563965,4275.384766,4247.307617,4297.179688,4233.589844,4254.615234,4248.461426,4281.538574,4273.461426,4259.743652,4569.230957,4530.641113,4406.025879,4458.974121,0.641824,0.184988,0.320302,0.138849,0.304719,0.149844,0.225886,0.368883,0.138929,0.144618,0.137131,0.091893,0.097713,0.077056,0.174504,0.292372,0.148667,0.144924,0.130771,0.107382,0.218079,0.108261,0.11618,0.086331,0.097962,0.176857,0.314721,0.143684,0.133574,0.476947,0.117595,0.112462,0.097296,0.076306,0.065742,0.830498,0.434636,0.096923,0.221924,0.310301,0.600463,0.497495,0.070133,0.222484,0.254111,0.739768,0.473712,0.237391,0.142428,0.564496,0.444896,0.160358,0.193083,0.139679,0.144396,0.929872,0.142493,0.226693,0.184348,0.211748,0.537578,0.16015,0.495388,0.175953,0.226942,0.546827,0.173444,0.331538,0.166024,0.185247
1769162272.031823,1769162272.032147,63.0,0.0,4272.05127,4275.128418,4245.897461,4296.922852,4237.05127,4260.128418,4243.717773,4275.0,4262.820313,4270.0,4566.666504,4531.282227,4412.563965,4460.641113,,,,,,,,,,,,,,,,,,,,,,,,,,,,,,,,,,,,,,,,,,,,,,,,,,,,,,,,,,,,,,,,,,,,,,
1769162272.039631,1769162272.040155,64.0,0.0,4278.974121,4278.589844,4250.256348,4307.94873,4246.666504,4263.333496,4241.538574,4279.358887,4269.615234,4286.666504,4568.974121,4536.153809,4415.897461,4462.307617,,,,,,,,,,,,,,,,,,,,,,,,,,,,,,,,,,,,,,,,,,,,,,,,,,,,,,,,,,,,,,,,,,,,,,
1769162272.047439,1769162272.047963,65.0,0.0,4278.461426,4278.846191,4252.436035,4310.512695,4247.692383,4263.717773,4247.94873,4290.384766,4280.769043,4281.025879,4571.666504,4539.102539,4412.307617,4458.461426,,,,,,,,,,,,,,,,,,,,,,,,,,,,,,,,,,,,,,,,,,,,,,,,,,,,,,,,,,,,,,,,,,,,,,
1769162272.055248,1769162272.055872,66.0,0.0,4278.205078,4277.179688,4253.461426,4305.769043,4240.384766,4263.461426,4249.230957,4294.743652,4278.846191,4271.410156,4564.487305,4535.897461,4410.128418,4456.538574,,,,,,,,,,,,,,,,,,,,,,,,,,,,,,,,,,,,,,,,,,,,,,,,,,,,,,,,,,,,,,,,,,,,,,
1769162272.063056,1769162272.06368,67.0,0.0,4285.897461,4279.615234,4258.461426,4307.179688,4240.897461,4263.846191,4246.153809,4292.94873,4280.897461,4278.846191,4565.769043,4539.230957,4411.282227,4459.871582,,,,,,,,,,,,,,,,,,,,,,,,,,,,,,,,,,,,,,,,,,,,,,,,,,,,,,,,,,,,,,,,,,,,,,
1769162272.070865,1769162272.071289,68.0,0.0,4290.256348,4283.077148,4263.717773,4311.025879,4247.436035,4264.487305,4247.307617,4294.615234,4289.871582,4283.846191,4583.077148,4554.487305,4417.94873,4464.487305,,,,,,,,,,,,,,,,,,,,,,,,,,,,,,,,,,,,,,,,,,,,,,,,,,,,,,,,,,,,,,,,,,,,,,
1769162272.078673,1769162272.079097,69.0,0.0,4284.871582,4279.743652,4266.153809,4307.436035,4246.794922,4267.692383,4252.563965,4298.077148,4285.512695,4273.717773,4582.05127,4553.589844,4417.307617,4463.974121,,,,,,,,,,,,,,,,,,,,,,,,,,,,,,,,,,,,,,,,,,,,,,,,,,,,,,,,,,,,,,,,,,,,,,
1769162272.086482,1769162272.086806,70.0,0.0,4288.717773,4280.641113,4271.538574,4308.205078,4244.487305,4267.307617,4252.692383,4296.410156,4277.94873,4269.871582,4568.717773,4540.769043,4411.153809,4465.0,,,,,,,,,,,,,,,,,,,,,,,,,,,,,,,,,,,,,,,,,,,,,,,,,,,,,,,,,,,,,,,,,,,,,,
1769162272.09429,1769162272.094614,71.0,0.0,4303.077148,4290.769043,4278.717773,4317.436035,4246.153809,4256.794922,4249.102539,4294.487305,4281.922852,4278.461426,4575.384766,4546.666504,4418.077148,4474.102539,,,,,,,,,,,,,,,,,,,,,,,,,,,,,,,,,,,,,,,,,,,,,,,,,,,,,,,,,,,,,,,,,,,,,,
1769162272.102099,1769162272.102622,72.0,0.0,4305.128418,4292.820313,4280.0,4319.102539,4247.820313,4255.128418,4248.717773,4293.717773,4283.077148,4280.128418,4587.94873,4555.897461,4428.846191,4479.743652,,,,,,,,,,,,,,,,,,,,,,,,,,,,,,,,,,,,,,,,,,,,,,,,,,,,,,,,,,,,,,,,,,,,,,
1769162272.109907,1769162272.110431,73.0,0.0,4298.461426,4292.179688,4280.256348,4315.0,4248.333496,4263.077148,4248.333496,4289.102539,4276.025879,4279.743652,4584.358887,4551.538574,4427.563965,4478.333496,,,,,,,,,,,,,,,,,,,,,,,,,,,,,,,,,,,,,,,,,,,,,,,,,,,,,,,,,,,,,,,,,,,,,,
1769162272.117716,1769162272.118339,74.0,0.0,4295.256348,4294.615234,4279.487305,4314.615234,4248.333496,4258.974121,4247.820313,4286.794922,4272.820313,4279.230957,4576.282227,4546.922852,4416.538574,4477.692383,,,,,,,,,,,,,,,,,,,,,,,,,,,,,,,,,,,,,,,,,,,,,,,,,,,,,,,,,,,,,,,,,,,,,,
1769162272.125524,1769162272.126148,75.0,0.0,4289.743652,4286.794922,4271.666504,4312.692383,4244.871582,4247.436035,4250.641113,4290.769043,4274.358887,4266.794922,4571.282227,4541.922852,4405.512695,4476.538574,,,,,,,,,,,,,,,,,,,,,,,,,,,,,,,,,,,,,,,,,,,,,,,,,,,,,,,,,,,,,,,,,,,,,,
1769162272.133333,1769162272.134156,76.0,0.0,4290.256348,4282.436035,4269.358887,4310.641113,4242.563965,4246.922852,4250.0,4291.922852,4274.743652,4266.922852,4570.384766,4538.589844,4408.717773,4472.307617,,,,,,,,,,,,,,,,,,,,,,,,,,,,,,,,,,,,,,,,,,,,,,,,,,,,,,,,,,,,,,,,,,,,,,
1769162272.141141,1769162272.141964,77.0,0.0,4299.615234,4294.230957,4278.077148,4312.307617,4246.025879,4249.615234,4245.384766,4290.256348,4275.769043,4282.563965,4578.717773,4547.179688,4423.461426,4476.282227,,,,,,,,,,,,,,,,,,,,,,,,,,,,,,,,,,,,,,,,,,,,,,,,,,,,,,,,,,,,,,,,,,,,,,
1769162272.14895,1769162272.149673,78.0,0.0,4300.641113,4297.179688,4282.179688,4312.563965,4248.974121,4249.102539,4251.410156,4292.692383,4278.717773,4284.358887,4585.0,4554.230957,4431.666504,4483.333496,0.589503,0.197821,0.336542,0.146265,0.30187,0.14494,0.239286,0.342058,0.134276,0.143487,0.147719,0.114835,0.105686,0.070095,0.155613,0.275524,0.153065,0.152432,0.135951,0.108173,0.22313,0.108161,0.08768,0.091326,0.093883,0.19906,0.386344,0.157057,0.133813,0.441556,0.102311,0.138691,0.118932,0.074194,0.074084,0.607595,0.554364,0.141535,0.239276,0.298792,0.584644,0.547417,0.082105,0.210991,0.265927,0.727655,0.391705,0.262264,0.129892,0.525145,0.415262,0.186321,0.219088,0.17394,0.170254,0.77924,0.164787,0.280991,0.187532,0.243467,0.467705,0.11907,0.493582,0.158351,0.221275,0.481475,0.133468,0.351514,0.184996,0.184849
1769162272.156758,1769162272.157481,79.0,0.0,4294.743652,4291.153809,4279.487305,4313.077148,4248.077148,4251.153809,4258.717773,4295.769043,4283.333496,4278.333496,4583.717773,4550.384766,4426.282227,4481.666504,,,,,,,,,,,,,,,,,,,,,,,,,,,,,,,,,,,,,,,,,,,,,,,,,,,,,,,,,,,,,,,,,,,,,,
1769162272.164566,1769162272.16509,80.0,0.0,4296.410156,4291.666504,4278.717773,4313.717773,4248.461426,4248.461426,4254.102539,4294.358887,4282.179688,4278.461426,4578.974121,4545.128418,4417.692383,4476.153809,,,,,,,,,,,,,,,,,,,,,,,,,,,,,,,,,,,,,,,,,,,,,,,,,,,,,,,,,,,,,,,,,,,,,,
1769162272.172375,1769162272.172898,81.0,0.0,4295.256348,4288.333496,4277.692383,4309.743652,4251.282227,4248.461426,4254.871582,4295.0,4279.743652,4280.0,4575.641113,4542.179688,4410.769043,4473.333496,,,,,,,,,,,,,,,,,,,,,,,,,,,,,,,,,,,,,,,,,,,,,,,,,,,,,,,,,,,,,,,,,,,,,,
1769162272.180183,1769162272.180607,82.0,0.0,4290.769043,4283.974121,4276.794922,4308.974121,4251.282227,4259.230957,4264.230957,4297.692383,4283.205078,4275.384766,4577.05127,4543.974121,4412.436035,4473.846191,,,,,,,,,,,,,,,,,,,,,,,,,,,,,,,,,,,,,,,,,,,,,,,,,,,,,,,,,,,,,,,,,,,,,,
1769162272.187992,1769162272.188415,83.0,0.0,4293.974121,4287.436035,4279.230957,4312.820313,4248.077148,4262.94873,4265.256348,4296.922852,4287.563965,4275.512695,4580.128418,4549.743652,4422.692383,4475.641113,,,,,,,,,,,,,,,,,,,,,,,,,,,,,,,,,,,,,,,,,,,,,,,,,,,,,,,,,,,,,,,,,,,,,,
1769162272.1958,1769162272.196024,84.0,0.0,4296.922852,4290.0,4279.230957,4317.05127,4248.461426,4253.205078,4259.615234,4298.333496,4286.922852,4288.205078,4583.589844,4552.94873,4428.717773,4477.563965,,,,,,,,,,,,,,,,,,,,,,,,,,,,,,,,,,,,,,,,,,,,,,,,,,,,,,,,,,,,,,,,,,,,,,
1769162272.203609,1769162272.203832,85.0,0.0,4296.538574,4292.563965,4278.077148,4320.384766,4250.0,4247.692383,4258.846191,4298.974121,4283.589844,4294.487305,4580.897461,4548.717773,4426.666504,4478.077148,,,,,,,,,,,,,,,,,,,,,,,,,,,,,,,,,,,,,,,,,,,,,,,,,,,,,,,,,,,,,,,,,,,,,,
1769162272.211417,1769162272.211541,86.0,0.0,4297.05127,4297.05127,4278.461426,4321.025879,4250.0,4255.512695,4261.538574,4295.0,4279.230957,4279.615234,4571.410156,4539.358887,4418.461426,4471.666504,,,,,,,,,,,,,,,,,,,,,,,,,,,,,,,,,,,,,,,,,,,,,,,,,,,,,,,,,,,,,,,,,,,,,,
1769162272.219226,1769162272.219349,87.0,0.0,4296.282227,4297.436035,4279.743652,4318.077148,4255.256348,4261.538574,4264.102539,4293.333496,4276.410156,4275.256348,4568.333496,4535.128418,4412.563965,4465.641113,,,,,,,,,,,,,,,,,,,,,,,,,,,,,,,,,,,,,,,,,,,,,,,,,,,,,,,,,,,,,,,,,,,,,,
1769162272.227034,1769162272.226958,88.0,0.0,4297.179688,4296.025879,4281.922852,4315.256348,4260.769043,4260.769043,4261.922852,4295.0,4278.589844,4282.820313,4573.974121,4540.512695,4417.692383,4468.589844,,,,,,,,,,,,,,,,,,,,,,,,,,,,,,,,,,,,,,,,,,,,,,,,,,,,,,,,,,,,,,,,,,,,,,
1769162272.234842,1769162272.234767,89.0,0.0,4297.692383,4296.538574,4280.128418,4313.205078,4255.128418,4256.153809,4257.820313,4295.897461,4278.077148,4271.922852,4570.641113,4542.05127,4418.461426,4468.077148,,,,,,,,,,,,,,,,,,,,,,,,,,,,,,,,,,,,,,,,,,,,,,,,,,,,,,,,,,,,,,,,,,,,,,
1769162272.242651,1769162272.242675,90.0,0.0,4291.282227,4294.102539,4278.333496,4311.153809,4246.538574,4252.307617,4260.256348,4295.769043,4275.384766,4266.153809,4562.820313,4535.512695,4405.0,4459.230957,,,,,,,,,,,,,,,,,,,,,,,,,,,,,,,,,,,,,,,,,,,,,,,,,,,,,,,,,,,,,,,,,,,,,,
1769162272.250459,1769162272.250483,91.0,0.0,4292.05127,4294.230957,4288.205078,4314.102539,4251.410156,4254.358887,4262.94873,4295.641113,4279.102539,4285.384766,4567.692383,4537.94873,4403.846191,4467.179688,,,,,,,,,,,,,,,,,,,,,,,,,,,,,,,,,,,,,,,,,,,,,,,,,,,,,,,,,,,,,,,,,,,,,,
1769162272.258268,1769162272.258492,92.0,0.0,4301.538574,4298.077148,4294.487305,4321.666504,4261.153809,4259.358887,4262.94873,4294.743652,4279.871582,4293.974121,4574.230957,4543.846191,4420.0,4477.692383,,,,,,,,,,,,,,,,,,,,,,,,,,,,,,,,,,,,,,,,,,,,,,,,,,,,,,,,,,,,,,,,,,,,,,
1769162272.266076,1769162272.2663,93.0,0.0,4302.94873,4299.102539,4288.974121,4322.307617,4262.820313,4260.641113,4262.94873,4295.128418,4274.743652,4279.487305,4573.974121,4540.512695,4418.077148,4465.897461,,,,,,,,,,,,,,,,,,,,,,,,,,,,,,,,,,,,,,,,,,,,,,,,,,,,,,,,,,,,,,,,,,,,,,
1769162272.273885,1769162272.274009,94.0,0.0,4295.256348,4292.307617,4285.769043,4313.717773,4260.128418,4256.153809,4263.461426,4297.179688,4275.897461,4269.871582,4568.461426,4538.461426,4404.358887,4456.153809,0.553097,0.221347,0.35038,0.155016,0.293566,0.162599,0.252129,0.292735,0.131364,0.138105,0.186285,0.140749,0.11067,0.067022,0.134234,0.259315,0.154086,0.19205,0.146201,0.115107,0.235511,0.1185,0.068279,0.099741,0.09354,0.235738,0.459454,0.179745,0.132376,0.401666,0.098743,0.169586,0.134833,0.071943,0.083139,0.415026,0.701533,0.211252,0.241386,0.276959,0.558329,0.596514,0.10757,0.184428,0.272329,0.68589,0.318874,0.282858,0.12412,0.479757,0.396128,0.225268,0.24011,0.20373,0.194868,0.628543,0.209033,0.315097,0.203867,0.277373,0.449425,0.123579,0.492174,0.151697,0.221626,0.446456,0.119682,0.352924,0.2317,0.189445
1769162272.281693,1769162272.281817,95.0,0.0,4287.820313,4286.794922,4286.794922,4309.487305,4253.205078,4247.05127,4262.436035,4293.077148,4269.615234,4275.384766,4558.846191,4540.0,4402.05127,4459.871582,,,,,,,,,,,,,,,,,,,,,,,,,,,,,,,,,,,,,,,,,,,,,,,,,,,,,,,,,,,,,,,,,,,,,,
1769162272.289502,1769162272.289825,96.0,0.0,4287.179688,4287.94873,4286.666504,4309.871582,4251.538574,4246.666504,4262.94873,4290.128418,4261.282227,4277.179688,4559.102539,4539.615234,4403.333496,4461.282227,,,,,,,,,,,,,,,,,,,,,,,,,,,,,,,,,,,,,,,,,,,,,,,,,,,,,,,,,,,,,,,,,,,,,,
1769162272.29731,1769162272.297634,97.0,0.0,4291.282227,4286.538574,4285.512695,4306.410156,4256.410156,4256.794922,4264.487305,4296.153809,4271.666504,4268.717773,4571.153809,4542.436035,4403.846191,4460.641113,,,,,,,,,,,,,,,,,,,,,,,,,,,,,,,,,,,,,,,,,,,,,,,,,,,,,,,,,,,,,,,,,,,,,,
1769162272.305118,1769162272.305542,98.0,0.0,4289.615234,4282.307617,4283.077148,4308.333496,4256.666504,4258.461426,4262.05127,4299.102539,4276.922852,4268.461426,4570.512695,4543.333496,4405.769043,4462.05127,,,,,,,,,,,,,,,,,,,,,,,,,,,,,,,,,,,,,,,,,,,,,,,,,,,,,,,,,,,,,,,,,,,,,,
1769162272.312927,1769162272.31335,99.0,0.0,4280.0,4281.282227,4280.641113,4314.487305,4256.666504,4250.769043,4261.282227,4292.94873,4265.384766,4276.922852,4557.05127,4537.179688,4398.589844,4460.641113,,,,,,,,,,,,,,,,,,,,,,,,,,,,,,,,,,,,,,,,,,,,,,,,,,,,,,,,,,,,,,,,,,,,,,
1769162272.320735,1769162272.321359,100.0,0.0,4276.794922,4279.230957,4280.641113,4306.666504,4260.128418,4248.717773,4263.461426,4289.615234,4261.794922,4271.282227,4552.179688,4532.692383,4390.897461,4456.153809,,,,,,,,,,,,,,,,,,,,,,,,,,,,,,,,,,,,,,,,,,,,,,,,,,,,,,,,,,,,,,,,,,,,,,
1769162272.328544,1769162272.329167,101.0,0.0,4279.230957,4275.512695,4277.94873,4296.410156,4254.743652,4246.666504,4262.692383,4293.333496,4265.641113,4258.717773,4553.589844,4528.974121,4392.179688,4449.102539,,,,,,,,,,,,,,,,,,,,,,,,,,,,,,,,,,,,,,,,,,,,,,,,,,,,,,,,,,,,,,,,,,,,,,
1769162272.336352,1769162272.337076,102.0,0.0,4276.538574,4279.871582,4277.436035,4302.820313,4248.205078,4244.871582,4260.897461,4294.358887,4262.179688,4260.0,4552.94873,4523.589844,4391.410156,4442.820313,,,,,,,,,,,,,,,,,,,,,,,,,,,,,,,,,,,,,,,,,,,,,,,,,,,,,,,,,,,,,,,,,,,,,,
1769162272.344161,1769162272.344884,103.0,0.0,4273.846191,4279.743652,4280.641113,4305.769043,4256.153809,4248.333496,4263.205078,4292.307617,4261.410156,4267.94873,4551.922852,4523.461426,4387.436035,4442.692383,,,,,,,,,,,,,,,,,,,,,,,,,,,,,,,,,,,,,,,,,,,,,,,,,,,,,,,,,,,,,,,,,,,,,,
1769162272.351969,1769162272.352692,104.0,0.0,4271.794922,4266.794922,4278.077148,4294.615234,4260.897461,4248.717773,4265.0,4296.153809,4265.128418,4266.794922,4550.769043,4525.256348,4388.974121,4443.717773,,,,,,,,,,,,,,,,,,,,,,,,,,,,,,,,,,,,,,,,,,,,,,,,,,,,,,,,,,,,,,,,,,,,,,
1769162272.359778,1769162272.360501,105.0,0.0,4272.436035,4266.153809,4278.717773,4292.563965,4257.94873,4248.077148,4262.436035,4293.974121,4264.358887,4257.05127,4551.794922,4525.0,4392.692383,4444.102539,,,,,,,,,,,,,,,,,,,,,,,,,,,,,,,,,,,,,,,,,,,,,,,,,,,,,,,,,,,,,,,,,,,,,,
1769162272.367586,1769162272.368409,106.0,0.0,4273.846191,4276.410156,4281.538574,4298.717773,4261.410156,4244.615234,4261.025879,4282.94873,4260.512695,4255.256348,4548.205078,4523.205078,4389.487305,4443.846191,,,,,,,,,,,,,,,,,,,,,,,,,,,,,,,,,,,,,,,,,,,,,,,,,,,,,,,,,,,,,,,,,,,,,,
1769162272.375394,1769162272.376218,107.0,0.0,4268.717773,4270.769043,4278.077148,4294.743652,4263.333496,4236.538574,4263.846191,4283.846191,4258.974121,4263.205078,4540.641113,4520.897461,4380.769043,4442.05127,,,,,,,,,,,,,,,,,,,,,,,,,,,,,,,,,,,,,,,,,,,,,,,,,,,,,,,,,,,,,,,,,,,,,,
1769162272.383203,1769162272.383826,108.0,0.0,4264.102539,4263.077148,4276.025879,4291.153809,4259.358887,4241.153809,4266.538574,4292.563965,4263.974121,4259.871582,4544.487305,4523.717773,4379.743652,4441.922852,,,,,,,,,,,,,,,,,,,,,,,,,,,,,,,,,,,,,,,,,,,,,,,,,,,,,,,,,,,,,,,,,,,,,,
1769162272.391011,1769162272.391635,109.0,0.0,4270.512695,4274.358887,4281.794922,4297.820313,4257.94873,4249.743652,4266.025879,4288.589844,4264.871582,4254.487305,4556.025879,4524.743652,4388.077148,4442.563965,,,,,,,,,,,,,,,,,,,,,,,,,,,,,,,,,,,,,,,,,,,,,,,,,,,,,,,,,,,,,,,,,,,,,,
1769162272.39882,1769162272.399343,110.0,0.0,4279.487305,4282.820313,4288.589844,4305.256348,4261.538574,4246.538574,4265.641113,4284.743652,4262.05127,4261.794922,4557.563965,4524.487305,4394.871582,4443.077148,0.557503,0.244564,0.363377,0.164712,0.286028,0.199324,0.262379,0.236096,0.131416,0.131984,0.274372,0.164053,0.110899,0.068834,0.117018,0.250062,0.155648,0.26237,0.161632,0.128278,0.263413,0.133371,0.05864,0.11315,0.097912,0.308607,0.50218,0.193423,0.127563,0.362074,0.120834,0.199753,0.140359,0.06907,0.093006,0.278881,0.833493,0.29935,0.225611,0.241252,0.524348,0.651332,0.139133,0.152219,0.270276,0.635026,0.277414,0.29426,0.128685,0.432299,0.389796,0.279151,0.247344,0.222395,0.217452,0.510128,0.27615,0.320878,0.236138,0.309059,0.470818,0.169565,0.469977,0.156669,0.232052,0.472194,0.15221,0.336664,0.303367,0.200022
1769162272.406628,1769162272.407152,111.0,0.0,4278.974121,4278.717773,4289.871582,4309.230957,4265.0,4245.0,4267.05127,4287.820313,4264.487305,4270.641113,4556.794922,4530.0,4399.487305,4445.0,,,,,,,,,,,,,,,,,,,,,,,,,,,,,,,,,,,,,,,,,,,,,,,,,,,,,,,,,,,,,,,,,,,,,,
1769162272.414437,1769162272.41476,112.0,0.0,4277.820313,4279.102539,4289.102539,4309.487305,4264.871582,4247.563965,4265.769043,4282.563965,4266.282227,4270.128418,4558.205078,4530.641113,4396.794922,4447.436035,,,,,,,,,,,,,,,,,,,,,,,,,,,,,,,,,,,,,,,,,,,,,,,,,,,,,,,,,,,,,,,,,,,,,,
1769162272.422245,1769162272.422569,113.0,0.0,4280.384766,4281.538574,4289.102539,4307.563965,4261.922852,4244.358887,4265.0,4276.538574,4261.922852,4256.282227,4552.05127,4523.589844,4387.94873,4445.384766,,,,,,,,,,,,,,,,,,,,,,,,,,,,,,,,,,,,,,,,,,,,,,,,,,,,,,,,,,,,,,,,,,,,,,
1769162272.430054,1769162272.430277,114.0,0.0,4274.230957,4279.487305,4287.820313,4307.05127,4262.179688,4245.0,4263.205078,4280.897461,4260.512695,4248.974121,4548.717773,4522.05127,4389.230957,4441.922852,,,,,,,,,,,,,,,,,,,,,,,,,,,,,,,,,,,,,,,,,,,,,,,,,,,,,,,,,,,,,,,,,,,,,,
1769162272.437862,1769162272.438086,115.0,0.0,4265.641113,4278.846191,4286.794922,4308.717773,4265.128418,4250.384766,4264.615234,4291.025879,4272.436035,4262.05127,4555.128418,4525.256348,4397.563965,4444.230957,,,,,,,,,,,,,,,,,,,,,,,,,,,,,,,,,,,,,,,,,,,,,,,,,,,,,,,,,,,,,,,,,,,,,,
1769162272.44567,1769162272.446094,116.0,0.0,4266.538574,4280.0,4289.358887,4308.077148,4266.666504,4249.358887,4275.256348,4295.0,4279.358887,4270.897461,4557.563965,4524.871582,4397.307617,4447.05127,,,,,,,,,,,,,,,,,,,,,,,,,,,,,,,,,,,,,,,,,,,,,,,,,,,,,,,,,,,,,,,,,,,,,,
1769162272.453479,1769162272.453903,117.0,0.0,4272.563965,4280.0,4291.410156,4305.512695,4266.922852,4247.05127,4273.846191,4284.230957,4269.615234,4261.794922,4554.743652,4525.0,4393.717773,4447.436035,,,,,,,,,,,,,,,,,,,,,,,,,,,,,,,,,,,,,,,,,,,,,,,,,,,,,,,,,,,,,,,,,,,,,,
1769162272.461287,1769162272.461811,118.0,0.0,4273.333496,4279.230957,4289.615234,4303.974121,4266.282227,4245.384766,4263.205078,4278.717773,4269.615234,4258.205078,4553.333496,4523.461426,4395.0,4446.410156,,,,,,,,,,,,,,,,,,,,,,,,,,,,,,,,,,,,,,,,,,,,,,,,,,,,,,,,,,,,,,,,,,,,,,
1769162272.469096,1769162272.469619,119.0,0.0,4274.615234,4281.410156,4288.205078,4305.897461,4266.153809,4247.179688,4270.384766,4286.282227,4275.769043,4262.436035,4555.641113,4521.025879,4397.436035,4445.384766,,,,,,,,,,,,,,,,,,,,,,,,,,,,,,,,,,,,,,,,,,,,,,,,,,,,,,,,,,,,,,,,,,,,,,
1769162272.476904,1769162272.477228,120.0,0.0,4278.333496,4287.05127,4291.666504,4309.743652,4268.461426,4250.0,4276.410156,4284.615234,4269.615234,4263.589844,4562.179688,4530.769043,4407.05127,4449.615234,,,,,,,,,,,,,,,,,,,,,,,,,,,,,,,,,,,,,,,,,,,,,,,,,,,,,,,,,,,,,,,,,,,,,,
1769162272.484713,1769162272.485036,121.0,0.0,4273.077148,4284.102539,4295.512695,4310.256348,4273.205078,4247.563965,4266.410156,4279.230957,4270.512695,4266.794922,4564.615234,4539.615234,4409.871582,4450.256348,,,,,,,,,,,,,,,,,,,,,,,,,,,,,,,,,,,,,,,,,,,,,,,,,,,,,,,,,,,,,,,,,,,,,,
1769162272.492521,1769162272.492745,122.0,0.0,4268.846191,4279.871582,4295.0,4309.871582,4274.871582,4245.641113,4263.717773,4281.025879,4274.743652,4266.666504,4555.384766,4529.487305,4396.153809,4438.205078,,,,,,,,,,,,,,,,,,,,,,,,,,,,,,,,,,,,,,,,,,,,,,,,,,,,,,,,,,,,,,,,,,,,,,
1769162272.50033,1769162272.500553,123.0,0.0,4276.538574,4288.333496,4292.179688,4312.307617,4271.538574,4249.102539,4270.641113,4280.897461,4266.410156,4261.666504,4553.333496,4518.974121,4396.282227,4436.282227,,,,,,,,,,,,,,,,,,,,,,,,,,,,,,,,,,,,,,,,,,,,,,,,,,,,,,,,,,,,,,,,,,,,,,
1769162272.508138,1769162272.508562,124.0,0.0,4285.384766,4294.871582,4293.077148,4313.846191,4271.922852,4248.717773,4272.307617,4283.846191,4268.077148,4262.307617,4563.589844,4531.666504,4414.102539,4455.769043,,,,,,,,,,,,,,,,,,,,,,,,,,,,,,,,,,,,,,,,,,,,,,,,,,,,,,,,,,,,,,,,,,,,,,
1769162272.515947,1769162272.51637,125.0,0.0,4288.717773,4293.077148,4296.666504,4314.871582,4278.974121,4246.025879,4273.974121,4286.153809,4275.512695,4268.333496,4563.846191,4538.589844,4417.692383,4465.384766,,,,,,,,,,,,,,,,,,,,,,,,,,,,,,,,,,,,,,,,,,,,,,,,,,,,,,,,,,,,,,,,,,,,,,
1769162272.523755,1769162272.524278,126.0,0.0,4289.615234,4292.563965,4298.333496,4320.384766,4282.94873,4254.871582,4277.94873,4278.589844,4267.436035,4266.410156,4555.256348,4525.128418,4404.615234,4457.692383,0.588393,0.250861,0.372469,0.177239,0.282329,0.238545,0.266047,0.186596,0.135178,0.127749,0.42184,0.179992,0.106174,0.075387,0.107499,0.244387,0.158603,0.344589,0.181943,0.144253,0.282654,0.146496,0.055724,0.130645,0.105133,0.42948,0.495533,0.188174,0.118689,0.323655,0.172696,0.223469,0.134324,0.065221,0.103754,0.194914,0.913231,0.39284,0.19522,0.195122,0.483374,0.713607,0.170123,0.125932,0.258455,0.592072,0.275756,0.295072,0.14757,0.389729,0.385718,0.343634,0.235333,0.230303,0.23816,0.435925,0.363538,0.299349,0.283667,0.332709,0.520023,0.250633,0.419075,0.181516,0.252999,0.568439,0.235745,0.306167,0.38509,0.213226
1769162272.531563,1769162272.532087,127.0,0.0,4286.410156,4289.358887,4297.563965,4320.384766,4282.436035,4262.94873,4277.436035,4280.512695,4271.410156,4265.384766,4555.512695,4526.538574,4403.333496,4457.179688,,,,,,,,,,,,,,,,,,,,,,,,,,,,,,,,,,,,,,,,,,,,,,,,,,,,,,,,,,,,,,,,,,,,,,
1769162272.539372,1769162272.539995,0.0,0.0,4278.974121,4280.769043,4296.794922,4312.563965,4282.820313,4254.743652,4275.512695,4289.230957,4283.589844,4272.692383,4558.717773,4538.077148,4409.871582,4457.436035,,,,,,,,,,,,,,,,,,,,,,,,,,,,,,,,,,,,,,,,,,,,,,,,,,,,,,,,,,,,,,,,,,,,,,
1769162272.54718,1769162272.547804,1.0,0.0,4279.102539,4278.717773,4296.538574,4309.871582,4280.512695,4248.205078,4277.692383,4283.589844,4271.153809,4269.487305,4553.846191,4529.487305,4404.743652,4447.692383,,,,,,,,,,,,,,,,,,,,,,,,,,,,,,,,,,,,,,,,,,,,,,,,,,,,,,,,,,,,,,,,,,,,,,
1769162272.554989,1769162272.555712,2.0,0.0,4281.666504,4280.769043,4297.179688,4310.769043,4277.94873,4252.820313,4275.641113,4276.282227,4259.743652,4261.922852,4552.563965,4519.230957,4396.410156,4441.922852,,,,,,,,,,,,,,,,,,,,,,,,,,,,,,,,,,,,,,,,,,,,,,,,,,,,,,,,,,,,,,,,,,,,,,
1769162272.562797,1769162272.56352,3.0,0.0,4278.589844,4278.717773,4295.769043,4309.487305,4278.333496,4251.538574,4267.563965,4279.230957,4266.922852,4264.102539,4552.436035,4523.974121,4393.333496,4443.846191,,,,,,,,,,,,,,,,,,,,,,,,,,,,,,,,,,,,,,,,,,,,,,,,,,,,,,,,,,,,,,,,,,,,,,
1769162272.570606,1769162272.571529,4.0,0.0,4276.794922,4274.871582,4293.717773,4308.717773,4275.897461,4246.025879,4267.692383,4282.307617,4269.230957,4262.692383,4542.563965,4526.410156,4392.179688,4446.025879,,,,,,,,,,,,,,,,,,,,,,,,,,,,,,,,,,,,,,,,,,,,,,,,,,,,,,,,,,,,,,,,,,,,,,
1769162272.578414,1769162272.579337,5.0,0.0,4276.025879,4272.563965,4293.461426,4306.794922,4273.717773,4248.077148,4272.692383,4281.538574,4264.102539,4260.384766,4541.666504,4524.102539,4393.974121,4446.410156,,,,,,,,,,,,,,,,,,,,,,,,,,,,,,,,,,,,,,,,,,,,,,,,,,,,,,,,,,,,,,,,,,,,,,
1769162272.586223,1769162272.587046,6.0,0.0,4268.461426,4270.512695,4293.717773,4301.922852,4277.05127,4249.102539,4268.205078,4278.846191,4264.743652,4267.94873,4553.205078,4524.871582,4396.666504,4444.871582,,,,,,,,,,,,,,,,,,,,,,,,,,,,,,,,,,,,,,,,,,,,,,,,,,,,,,,,,,,,,,,,,,,,,,
1769162272.594031,1769162272.594854,7.0,0.0,4264.230957,4267.94873,4293.846191,4303.974121,4281.538574,4248.846191,4263.461426,4278.077148,4267.307617,4267.563965,4557.05127,4527.692383,4394.743652,4449.487305,,,,,,,,,,,,,,,,,,,,,,,,,,,,,,,,,,,,,,,,,,,,,,,,,,,,,,,,,,,,,,,,,,,,,,
1769162272.60184,1769162272.602463,8.0,0.0,4274.615234,4270.641113,4295.769043,4310.769043,4281.153809,4249.487305,4267.307617,4280.769043,4266.794922,4265.128418,4553.333496,4534.230957,4398.205078,4460.128418,,,,,,,,,,,,,,,,,,,,,,,,,,,,,,,,,,,,,,,,,,,,,,,,,,,,,,,,,,,,,,,,,,,,,,
1769162272.609648,1769162272.610271,9.0,0.0,4281.922852,4277.820313,4297.563965,4311.282227,4278.717773,4250.128418,4273.205078,4280.512695,4265.384766,4271.794922,4554.743652,4534.230957,4405.256348,4462.820313,,,,,,,,,,,,,,,,,,,,,,,,,,,,,,,,,,,,,,,,,,,,,,,,,,,,,,,,,,,,,,,,,,,,,,
1769162272.617457,1769162272.61798,10.0,0.0,4276.666504,4276.538574,4296.025879,4309.230957,4278.717773,4252.692383,4278.205078,4278.205078,4264.743652,4259.615234,4554.102539,4528.077148,4400.0,4457.436035,,,,,,,,,,,,,,,,,,,,,,,,,,,,,,,,,,,,,,,,,,,,,,,,,,,,,,,,,,,,,,,,,,,,,,
1769162272.625265,1769162272.625788,11.0,0.0,4274.102539,4272.94873,4295.128418,4308.205078,4279.358887,4251.666504,4278.846191,4279.358887,4270.0,4246.538574,4550.384766,4527.563965,4394.615234,4456.538574,,,,,,,,,,,,,,,,,,,,,,,,,,,,,,,,,,,,,,,,,,,,,,,,,,,,,,,,,,,,,,,,,,,,,,
1769162272.633073,1769162272.633797,12.0,0.0,4281.538574,4276.922852,4296.025879,4308.974121,4278.205078,4250.0,4276.153809,4279.615234,4273.589844,4262.05127,4554.615234,4529.230957,4400.897461,4459.230957,,,,,,,,,,,,,,,,,,,,,,,,,,,,,,,,,,,,,,,,,,,,,,,,,,,,,,,,,,,,,,,,,,,,,,
1769162272.640882,1769162272.641605,13.0,0.0,4280.256348,4278.461426,4294.102539,4307.94873,4278.846191,4257.05127,4277.307617,4277.692383,4266.410156,4272.563965,4556.666504,4523.974121,4404.102539,4459.102539,,,,,,,,,,,,,,,,,,,,,,,,,,,,,,,,,,,,,,,,,,,,,,,,,,,,,,,,,,,,,,,,,,,,,,
1769162272.64869,1769162272.649513,14.0,0.0,4268.717773,4275.641113,4292.05127,4304.615234,4282.94873,4266.538574,4278.205078,4277.563965,4263.461426,4264.743652,4554.358887,4520.769043,4398.846191,4458.717773,0.640389,0.230695,0.372438,0.192882,0.280135,0.278189,0.258995,0.154514,0.141483,0.126342,0.616207,0.185835,0.098116,0.085114,0.104739,0.247453,0.163146,0.411674,0.205292,0.157833,0.298,0.152691,0.054979,0.149376,0.111661,0.606371,0.441741,0.162644,0.109466,0.285734,0.245906,0.237022,0.118811,0.06065,0.114564,0.14375,0.923879,0.471507,0.157597,0.147701,0.432907,0.774395,0.192985,0.112689,0.238545,0.566817,0.30175,0.286204,0.182034,0.359791,0.369678,0.408087,0.205036,0.233591,0.256235,0.403324,0.462709,0.259714,0.33782,0.341865,0.576596,0.352806,0.345812,0.233243,0.279341,0.719892,0.348464,0.264713,0.455018,0.222913
1769162272.656499,1769162272.657322,15.0,0.0,4269.230957,4274.615234,4296.666504,4304.102539,4283.077148,4264.743652,4278.974121,4279.102539,4272.436035,4263.205078,4554.871582,4528.333496,4394.871582,4457.307617,,,,,,,,,,,,,,,,,,,,,,,,,,,,,,,,,,,,,,,,,,,,,,,,,,,,,,,,,,,,,,,,,,,,,,
1769162272.664307,1769162272.66533,16.0,0.0,4278.846191,4275.384766,4302.436035,4307.94873,4278.077148,4256.538574,4279.230957,4279.230957,4277.820313,4261.794922,4555.897461,4538.077148,4400.0,4461.282227,,,,,,,,,,,,,,,,,,,,,,,,,,,,,,,,,,,,,,,,,,,,,,,,,,,,,,,,,,,,,,,,,,,,,,
1769162272.672116,1769162272.673138,17.0,0.0,4281.538574,4276.282227,4298.717773,4307.436035,4281.794922,4256.794922,4278.974121,4280.384766,4275.512695,4262.436035,4560.512695,4541.153809,4408.846191,4469.102539,,,,,,,,,,,,,,,,,,,,,,,,,,,,,,,,,,,,,,,,,,,,,,,,,,,,,,,,,,,,,,,,,,,,,,
1769162272.679924,1769162272.680847,18.0,0.0,4277.307617,4271.410156,4295.512695,4304.487305,4287.820313,4261.794922,4280.641113,4287.436035,4279.871582,4276.794922,4566.538574,4537.692383,4407.692383,4468.974121,,,,,,,,,,,,,,,,,,,,,,,,,,,,,,,,,,,,,,,,,,,,,,,,,,,,,,,,,,,,,,,,,,,,,,
1769162272.687733,1769162272.688655,19.0,0.0,4271.410156,4264.743652,4301.153809,4308.461426,4285.128418,4260.641113,4281.538574,4284.102539,4279.358887,4277.563965,4560.512695,4530.128418,4398.461426,4460.769043,,,,,,,,,,,,,,,,,,,,,,,,,,,,,,,,,,,,,,,,,,,,,,,,,,,,,,,,,,,,,,,,,,,,,,
1769162272.695541,1769162272.696664,20.0,0.0,4269.358887,4268.333496,4301.794922,4309.743652,4283.077148,4251.794922,4278.589844,4270.128418,4268.717773,4263.461426,4550.0,4522.436035,4394.615234,4455.0,,,,,,,,,,,,,,,,,,,,,,,,,,,,,,,,,,,,,,,,,,,,,,,,,,,,,,,,,,,,,,,,,,,,,,
1769162272.703349,1769162272.704472,21.0,0.0,4275.256348,4276.025879,4300.512695,4307.94873,4284.102539,4248.589844,4276.153809,4270.128418,4267.179688,4263.717773,4553.205078,4522.94873,4397.179688,4457.307617,,,,,,,,,,,,,,,,,,,,,,,,,,,,,,,,,,,,,,,,,,,,,,,,,,,,,,,,,,,,,,,,,,,,,,
1769162272.711158,1769162272.71238,22.0,0.0,4279.871582,4276.153809,4302.436035,4311.025879,4281.410156,4254.358887,4277.692383,4277.307617,4269.743652,4264.230957,4555.128418,4529.487305,4398.333496,4460.512695,,,,,,,,,,,,,,,,,,,,,,,,,,,,,,,,,,,,,,,,,,,,,,,,,,,,,,,,,,,,,,,,,,,,,,
1769162272.718966,1769162272.720189,23.0,0.0,4277.307617,4277.563965,4298.589844,4311.794922,4284.230957,4260.769043,4279.358887,4275.256348,4264.871582,4259.615234,4550.512695,4529.487305,4396.794922,4459.102539,,,,,,,,,,,,,,,,,,,,,,,,,,,,,,,,,,,,,,,,,,,,,,,,,,,,,,,,,,,,,,,,,,,,,,
1769162272.726775,1769162272.727798,24.0,0.0,4279.102539,4282.94873,4298.205078,4311.282227,4297.05127,4266.410156,4280.641113,4274.871582,4266.410156,4263.077148,4553.461426,4526.922852,4397.307617,4457.563965,,,,,,,,,,,,,,,,,,,,,,,,,,,,,,,,,,,,,,,,,,,,,,,,,,,,,,,,,,,,,,,,,,,,,,
1769162272.734583,1769162272.735606,25.0,0.0,4282.307617,4283.077148,4305.128418,4312.94873,4298.077148,4260.512695,4281.153809,4274.743652,4269.230957,4261.282227,4556.538574,4525.641113,4395.897461,4457.436035,,,,,,,,,,,,,,,,,,,,,,,,,,,,,,,,,,,,,,,,,,,,,,,,,,,,,,,,,,,,,,,,,,,,,,
1769162272.742392,1769162272.743315,26.0,0.0,4283.717773,4281.538574,4305.384766,4312.692383,4289.487305,4250.128418,4279.871582,4269.230957,4264.358887,4262.563965,4554.487305,4527.692383,4395.384766,4459.102539,,,,,,,,,,,,,,,,,,,,,,,,,,,,,,,,,,,,,,,,,,,,,,,,,,,,,,,,,,,,,,,,,,,,,,
1769162272.7502,1769162272.751123,27.0,0.0,4288.974121,4281.922852,4303.589844,4311.538574,4290.897461,4256.025879,4281.153809,4273.205078,4268.205078,4273.333496,4555.641113,4534.615234,4402.05127,4462.436035,,,,,,,,,,,,,,,,,,,,,,,,,,,,,,,,,,,,,,,,,,,,,,,,,,,,,,,,,,,,,,,,,,,,,,
1769162272.758009,1769162272.758732,28.0,0.0,4288.717773,4282.94873,4308.077148,4312.94873,4295.256348,4261.922852,4283.461426,4281.794922,4279.487305,4272.563965,4559.871582,4538.077148,4408.589844,4462.436035,,,,,,,,,,,,,,,,,,,,,,,,,,,,,,,,,,,,,,,,,,,,,,,,,,,,,,,,,,,,,,,,,,,,,,
1769162272.765817,1769162272.76654,29.0,0.0,4284.358887,4281.922852,4307.563965,4310.897461,4294.230957,4253.077148,4283.077148,4279.615234,4277.94873,4266.153809,4558.077148,4536.153809,4405.641113,4459.230957,,,,,,,,,,,,,,,,,,,,,,,,,,,,,,,,,,,,,,,,,,,,,,,,,,,,,,,,,,,,,,,,,,,,,,
1769162272.773625,1769162272.774448,30.0,0.0,4288.717773,4280.512695,4308.717773,4312.436035,4293.589844,4254.615234,4281.282227,4279.615234,4274.871582,4270.256348,4555.128418,4536.410156,4403.333496,4465.128418,0.698686,0.194244,0.358644,0.212082,0.273765,0.331513,0.241526,0.14078,0.147986,0.127163,0.821687,0.183491,0.090305,0.095373,0.104514,0.267907,0.173583,0.440123,0.227565,0.164139,0.307879,0.150288,0.054147,0.165625,0.114072,0.806729,0.363548,0.125638,0.106521,0.248036,0.325283,0.241332,0.098017,0.055916,0.123985,0.106588,0.872599,0.514733,0.123105,0.109785,0.378363,0.814752,0.201572,0.112802,0.215289,0.554444,0.33003,0.268873,0.228909,0.348031,0.339199,0.458141,0.16533,0.240243,0.269626,0.400577,0.556162,0.215019,0.384051,0.333231,0.632971,0.449642,0.267848,0.308959,0.303533,0.909728,0.458204,0.220361,0.49374,0.224029
1769162272.781434,1769162272.782257,31.0,0.0,4298.077148,4285.128418,4319.487305,4322.563965,4299.487305,4267.436035,4281.794922,4281.794922,4278.589844,4275.0,4563.461426,4541.922852,4409.358887,4477.179688,,,,,,,,,,,,,,,,,,,,,,,,,,,,,,,,,,,,,,,,,,,,,,,,,,,,,,,,,,,,,,,,,,,,,,
1769162272.789242,1769162272.789866,32.0,0.0,4296.794922,4289.230957,4322.94873,4323.846191,4302.563965,4260.512695,4283.974121,4281.153809,4282.307617,4273.717773,4574.358887,4544.230957,4415.512695,4479.615234,,,,,,,,,,,,,,,,,,,,,,,,,,,,,,,,,,,,,,,,,,,,,,,,,,,,,,,,,,,,,,,,,,,,,,
1769162272.797051,1769162272.797674,33.0,0.0,4291.666504,4282.436035,4319.102539,4315.641113,4301.410156,4248.846191,4281.282227,4279.615234,4282.563965,4267.820313,4571.153809,4540.512695,4413.846191,4474.230957,,,,,,,,,,,,,,,,,,,,,,,,,,,,,,,,,,,,,,,,,,,,,,,,,,,,,,,,,,,,,,,,,,,,,,
1769162272.804859,1769162272.805383,34.0,0.0,4293.717773,4279.615234,4321.794922,4315.897461,4301.025879,4250.512695,4280.0,4276.410156,4278.333496,4260.0,4561.538574,4538.077148,4407.179688,4472.436035,,,,,,,,,,,,,,,,,,,,,,,,,,,,,,,,,,,,,,,,,,,,,,,,,,,,,,,,,,,,,,,,,,,,,,
1769162272.812668,1769162272.813191,35.0,0.0,4295.0,4288.589844,4326.282227,4322.307617,4301.410156,4250.769043,4286.410156,4277.05127,4276.410156,4265.128418,4565.128418,4541.153809,4406.025879,4475.384766,,,,,,,,,,,,,,,,,,,,,,,,,,,,,,,,,,,,,,,,,,,,,,,,,,,,,,,,,,,,,,,,,,,,,,
1769162272.820476,1769162272.8208,36.0,0.0,4293.846191,4290.0,4327.179688,4323.846191,4302.820313,4254.743652,4293.205078,4280.384766,4278.461426,4278.846191,4571.282227,4542.563965,4412.820313,4473.974121,,,,,,,,,,,,,,,,,,,,,,,,,,,,,,,,,,,,,,,,,,,,,,,,,,,,,,,,,,,,,,,,,,,,,,
1769162272.828285,1769162272.828608,37.0,0.0,4289.615234,4281.410156,4325.512695,4322.179688,4305.512695,4263.717773,4293.205078,4280.769043,4278.974121,4280.256348,4562.436035,4538.717773,4408.077148,4462.94873,,,,,,,,,,,,,,,,,,,,,,,,,,,,,,,,,,,,,,,,,,,,,,,,,,,,,,,,,,,,,,,,,,,,,,
1769162272.836093,1769162272.836516,38.0,0.0,4282.436035,4276.282227,4319.487305,4316.282227,4304.230957,4262.563965,4291.410156,4280.641113,4278.077148,4271.794922,4550.0,4534.615234,4393.333496,4455.897461,,,,,,,,,,,,,,,,,,,,,,,,,,,,,,,,,,,,,,,,,,,,,,,,,,,,,,,,,,,,,,,,,,,,,,
1769162272.843902,1769162272.844325,39.0,0.0,4282.692383,4276.025879,4315.897461,4313.077148,4298.846191,4258.461426,4296.410156,4281.282227,4276.922852,4271.794922,4555.256348,4538.333496,4397.05127,4466.922852,,,,,,,,,,,,,,,,,,,,,,,,,,,,,,,,,,,,,,,,,,,,,,,,,,,,,,,,,,,,,,,,,,,,,,
1769162272.85171,1769162272.852333,40.0,0.0,4289.487305,4277.94873,4323.077148,4318.077148,4295.384766,4263.205078,4295.769043,4286.282227,4283.077148,4286.282227,4570.641113,4546.538574,4415.641113,4479.615234,,,,,,,,,,,,,,,,,,,,,,,,,,,,,,,,,,,,,,,,,,,,,,,,,,,,,,,,,,,,,,,,,,,,,,
1769162272.859518,1769162272.860142,41.0,0.0,4292.692383,4283.077148,4329.487305,4321.794922,4296.410156,4259.487305,4286.538574,4295.256348,4293.717773,4292.563965,4575.641113,4546.666504,4420.769043,4478.846191,,,,,,,,,,,,,,,,,,,,,,,,,,,,,,,,,,,,,,,,,,,,,,,,,,,,,,,,,,,,,,,,,,,,,,
1769162272.867327,1769162272.86805,42.0,0.0,4292.94873,4285.769043,4326.410156,4319.487305,4301.153809,4249.358887,4285.128418,4291.153809,4290.769043,4280.512695,4573.077148,4540.128418,4414.230957,4477.563965,,,,,,,,,,,,,,,,,,,,,,,,,,,,,,,,,,,,,,,,,,,,,,,,,,,,,,,,,,,,,,,,,,,,,,
1769162272.875135,1769162272.875858,43.0,0.0,4292.05127,4283.717773,4322.820313,4314.615234,4303.333496,4256.025879,4293.205078,4279.615234,4277.179688,4272.307617,4569.102539,4539.230957,4410.897461,4474.615234,,,,,,,,,,,,,,,,,,,,,,,,,,,,,,,,,,,,,,,,,,,,,,,,,,,,,,,,,,,,,,,,,,,,,,
1769162272.882944,1769162272.883867,44.0,0.0,4289.743652,4280.897461,4323.333496,4312.307617,4304.102539,4267.820313,4296.666504,4285.0,4275.512695,4277.563965,4565.256348,4540.769043,4411.922852,4465.0,,,,,,,,,,,,,,,,,,,,,,,,,,,,,,,,,,,,,,,,,,,,,,,,,,,,,,,,,,,,,,,,,,,,,,
1769162272.890752,1769162272.891675,45.0,0.0,4291.794922,4282.307617,4322.692383,4315.384766,4304.615234,4265.897461,4290.512695,4291.538574,4281.666504,4283.077148,4564.615234,4538.461426,4412.179688,4464.615234,,,,,,,,,,,,,,,,,,,,,,,,,,,,,,,,,,,,,,,,,,,,,,,,,,,,,,,,,,,,,,,,,,,,,,
1769162272.898561,1769162272.899583,46.0,0.0,4294.615234,4285.0,4320.256348,4321.025879,4301.282227,4257.94873,4287.820313,4282.436035,4279.487305,4278.461426,4560.256348,4536.538574,4410.0,4469.743652,0.744563,0.166423,0.32985,0.233875,0.257979,0.416132,0.226001,0.137929,0.152289,0.128448,0.988009,0.175789,0.086047,0.102807,0.102117,0.30768,0.19632,0.419587,0.242813,0.160544,0.310724,0.139335,0.053544,0.176241,0.110676,0.984683,0.290258,0.090396,0.114988,0.212725,0.384174,0.241453,0.07916,0.051168,0.130142,0.079249,0.779148,0.50837,0.100244,0.088591,0.332375,0.814429,0.19438,0.12097,0.194498,0.544084,0.337551,0.245102,0.279889,0.354236,0.308223,0.480847,0.12984,0.254322,0.27573,0.410553,0.622678,0.178335,0.408698,0.309323,0.672647,0.514588,0.203732,0.393288,0.319599,1.064251,0.535751,0.18941,0.491249,0.215217
1769162272.906369,1769162272.907392,47.0,0.0,4293.717773,4282.692383,4321.282227,4322.179688,4299.102539,4260.128418,4292.692383,4276.153809,4273.717773,4268.717773,4552.563965,4536.153809,4408.077148,4468.461426,,,,,,,,,,,,,,,,,,,,,,,,,,,,,,,,,,,,,,,,,,,,,,,,,,,,,,,,,,,,,,,,,,,,,,
1769162272.914178,1769162272.9154,48.0,0.0,4294.743652,4286.153809,4325.769043,4321.922852,4302.563965,4266.025879,4296.282227,4283.717773,4275.0,4267.692383,4558.589844,4538.717773,4410.128418,4472.307617,,,,,,,,,,,,,,,,,,,,,,,,,,,,,,,,,,,,,,,,,,,,,,,,,,,,,,,,,,,,,,,,,,,,,,
1769162272.921986,1769162272.923209,49.0,0.0,4297.307617,4292.563965,4326.794922,4324.358887,4305.769043,4264.743652,4293.077148,4288.077148,4279.487305,4271.538574,4568.205078,4542.563965,4414.743652,4475.641113,,,,,,,,,,,,,,,,,,,,,,,,,,,,,,,,,,,,,,,,,,,,,,,,,,,,,,,,,,,,,,,,,,,,,,
1769162272.929794,1769162272.930917,50.0,0.0,4294.615234,4287.436035,4324.487305,4323.205078,4303.205078,4261.410156,4290.128418,4281.410156,4276.666504,4266.153809,4560.128418,4536.025879,4412.05127,4465.769043,,,,,,,,,,,,,,,,,,,,,,,,,,,,,,,,,,,,,,,,,,,,,,,,,,,,,,,,,,,,,,,,,,,,,,
1769162272.937603,1769162272.938726,51.0,0.0,4293.461426,4280.897461,4324.615234,4318.589844,4298.589844,4262.820313,4289.230957,4277.563965,4274.230957,4259.871582,4550.769043,4526.538574,4404.615234,4464.871582,,,,,,,,,,,,,,,,,,,,,,,,,,,,,,,,,,,,,,,,,,,,,,,,,,,,,,,,,,,,,,,,,,,,,,
1769162272.945411,1769162272.946334,52.0,0.0,4294.358887,4283.461426,4324.743652,4318.846191,4296.025879,4262.179688,4281.922852,4280.641113,4276.538574,4262.692383,4552.94873,4525.384766,4401.922852,4471.794922,,,,,,,,,,,,,,,,,,,,,,,,,,,,,,,,,,,,,,,,,,,,,,,,,,,,,,,,,,,,,,,,,,,,,,
1769162272.95322,1769162272.954143,53.0,0.0,4287.307617,4284.743652,4321.025879,4318.974121,4295.897461,4258.846191,4278.974121,4278.333496,4269.230957,4263.077148,4553.077148,4523.589844,4399.487305,4462.692383,,,,,,,,,,,,,,,,,,,,,,,,,,,,,,,,,,,,,,,,,,,,,,,,,,,,,,,,,,,,,,,,,,,,,,
1769162272.961028,1769162272.961851,54.0,0.0,4280.384766,4282.179688,4319.358887,4313.333496,4296.922852,4263.333496,4283.333496,4274.102539,4263.589844,4261.410156,4550.897461,4521.153809,4396.153809,4455.0,,,,,,,,,,,,,,,,,,,,,,,,,,,,,,,,,,,,,,,,,,,,,,,,,,,,,,,,,,,,,,,,,,,,,,
1769162272.968837,1769162272.96966,55.0,0.0,4280.0,4281.282227,4320.128418,4309.358887,4296.025879,4263.589844,4280.512695,4281.666504,4276.794922,4263.461426,4554.487305,4523.589844,4396.282227,4459.743652,,,,,,,,,,,,,,,,,,,,,,,,,,,,,,,,,,,,,,,,,,,,,,,,,,,,,,,,,,,,,,,,,,,,,,
1769162272.976645,1769162272.977668,56.0,0.0,4280.897461,4279.102539,4321.538574,4311.666504,4295.128418,4256.153809,4278.461426,4286.666504,4279.487305,4261.538574,4555.897461,4523.717773,4400.769043,4460.0,,,,,,,,,,,,,,,,,,,,,,,,,,,,,,,,,,,,,,,,,,,,,,,,,,,,,,,,,,,,,,,,,,,,,,
1769162272.984454,1769162272.985476,57.0,0.0,4279.871582,4278.717773,4324.743652,4316.282227,4298.846191,4259.358887,4288.974121,4281.282227,4268.974121,4264.102539,4554.871582,4529.487305,4407.692383,4463.333496,,,,,,,,,,,,,,,,,,,,,,,,,,,,,,,,,,,,,,,,,,,,,,,,,,,,,,,,,,,,,,,,,,,,,,
1769162272.992262,1769162272.993185,58.0,0.0,4283.077148,4279.102539,4328.205078,4320.512695,4305.256348,4267.563965,4295.897461,4278.589844,4273.461426,4270.769043,4556.922852,4536.410156,4412.563965,4472.692383,,,,,,,,,,,,,,,,,,,,,,,,,,,,,,,,,,,,,,,,,,,,,,,,,,,,,,,,,,,,,,,,,,,,,,
1769162273.00007,1769162273.000993,59.0,0.0,4286.538574,4279.871582,4328.589844,4320.512695,4306.666504,4265.769043,4291.666504,4278.333496,4275.256348,4267.820313,4556.666504,4529.358887,4408.333496,4471.153809,,,,,,,,,,,,,,,,,,,,,,,,,,,,,,,,,,,,,,,,,,,,,,,,,,,,,,,,,,,,,,,,,,,,,,
1769162273.007879,1769162273.008602,60.0,0.0,4283.077148,4276.922852,4325.128418,4313.846191,4304.487305,4262.179688,4290.512695,4277.05127,4265.128418,4260.769043,4553.461426,4521.410156,4398.717773,4462.692383,,,,,,,,,,,,,,,,,,,,,,,,,,,,,,,,,,,,,,,,,,,,,,,,,,,,,,,,,,,,,,,,,,,,,,
1769162273.015687,1769162273.01641,61.0,0.0,4278.717773,4267.563965,4322.692383,4308.846191,4301.794922,4263.461426,4294.743652,4277.820313,4265.897461,4263.077148,4552.179688,4525.256348,4395.0,4460.897461,,,,,,,,,,,,,,,,,,,,,,,,,,,,,,,,,,,,,,,,,,,,,,,,,,,,,,,,,,,,,,,,,,,,,,
1769162273.023496,1769162273.024119,62.0,0.0,4278.461426,4265.0,4323.461426,4311.410156,4296.666504,4263.717773,4294.358887,4278.974121,4275.256348,4264.615234,4553.717773,4526.794922,4396.922852,4461.666504,0.770867,0.166783,0.289601,0.255382,0.232554,0.545619,0.227955,0.136012,0.152693,0.128626,1.053995,0.164908,0.08588,0.104428,0.094961,0.360624,0.233177,0.35767,0.244484,0.147611,0.309073,0.121529,0.053593,0.179477,0.102243,1.079479,0.243752,0.06724,0.134966,0.18447,0.409627,0.241021,0.067678,0.046319,0.131338,0.063995,0.663793,0.450802,0.092847,0.084609,0.312032,0.764681,0.176462,0.13075,0.180175,0.517386,0.319276,0.221056,0.324247,0.371307,0.297927,0.472749,0.112021,0.27172,0.272859,0.415656,0.648092,0.159752,0.404528,0.277141,0.702954,0.533976,0.165,0.460817,0.325487,1.15554,0.567239,0.191328,0.450363,0.199848
1769162273.031304,1769162273.031927,63.0,0.0,4279.871582,4275.769043,4325.897461,4312.436035,4296.538574,4264.102539,4293.205078,4282.179688,4275.128418,4262.05127,4554.615234,4523.974121,4399.358887,4461.922852,,,,,,,,,,,,,,,,,,,,,,,,,,,,,,,,,,,,,,,,,,,,,,,,,,,,,,,,,,,,,,,,,,,,,,
1769162273.039113,1769162273.039936,64.0,0.0,4278.846191,4281.025879,4326.025879,4310.384766,4304.871582,4267.436035,4296.025879,4280.256348,4267.94873,4262.94873,4552.436035,4522.307617,4400.897461,4462.820313,,,,,,,,,,,,,,,,,,,,,,,,,,,,,,,,,,,,,,,,,,,,,,,,,,,,,,,,,,,,,,,,,,,,,,
1769162273.046921,1769162273.047744,65.0,0.0,4280.256348,4276.666504,4327.820313,4313.077148,4310.128418,4266.922852,4295.512695,4268.461426,4266.666504,4265.769043,4551.025879,4517.436035,4405.256348,4459.358887,,,,,,,,,,,,,,,,,,,,,,,,,,,,,,,,,,,,,,,,,,,,,,,,,,,,,,,,,,,,,,,,,,,,,,
1769162273.05473,1769162273.055652,66.0,0.0,4282.820313,4278.077148,4336.538574,4317.692383,4309.615234,4263.205078,4292.436035,4268.333496,4273.461426,4268.205078,4553.717773,4520.769043,4412.05127,4462.436035,,,,,,,,,,,,,,,,,,,,,,,,,,,,,,,,,,,,,,,,,,,,,,,,,,,,,,,,,,,,,,,,,,,,,,
1769162273.062538,1769162273.063461,67.0,0.0,4280.512695,4279.230957,4341.538574,4312.820313,4306.922852,4263.974121,4293.846191,4279.743652,4278.846191,4270.256348,4557.307617,4533.589844,4411.922852,4472.436035,,,,,,,,,,,,,,,,,,,,,,,,,,,,,,,,,,,,,,,,,,,,,,,,,,,,,,,,,,,,,,,,,,,,,,
1769162273.070346,1769162273.071469,68.0,0.0,4279.743652,4273.974121,4340.897461,4307.05127,4304.487305,4261.794922,4294.871582,4280.769043,4276.410156,4263.717773,4561.666504,4538.077148,4411.153809,4475.0,,,,,,,,,,,,,,,,,,,,,,,,,,,,,,,,,,,,,,,,,,,,,,,,,,,,,,,,,,,,,,,,,,,,,,
1769162273.078155,1769162273.079278,69.0,0.0,4280.0,4272.307617,4342.94873,4309.743652,4306.922852,4261.153809,4293.333496,4282.692383,4279.102539,4262.436035,4568.974121,4536.410156,4415.384766,4473.205078,,,,,,,,,,,,,,,,,,,,,,,,,,,,,,,,,,,,,,,,,,,,,,,,,,,,,,,,,,,,,,,,,,,,,,
1769162273.085963,1769162273.087186,70.0,0.0,4277.563965,4274.615234,4347.820313,4312.692383,4309.615234,4270.769043,4295.384766,4290.769043,4284.102539,4275.256348,4570.256348,4533.589844,4413.333496,4473.589844,,,,,,,,,,,,,,,,,,,,,,,,,,,,,,,,,,,,,,,,,,,,,,,,,,,,,,,,,,,,,,,,,,,,,,
1769162273.093772,1769162273.094994,71.0,0.0,4279.615234,4277.692383,4354.102539,4311.666504,4307.692383,4274.487305,4297.436035,4283.077148,4277.692383,4281.538574,4565.384766,4533.717773,4407.307617,4473.461426,,,,,,,,,,,,,,,,,,,,,,,,,,,,,,,,,,,,,,,,,,,,,,,,,,,,,,,,,,,,,,,,,,,,,,
1769162273.10158,1769162273.102603,72.0,0.0,4282.94873,4278.461426,4359.487305,4311.922852,4306.153809,4265.0,4294.358887,4277.820313,4278.205078,4278.077148,4570.897461,4545.897461,4412.692383,4477.436035,,,,,,,,,,,,,,,,,,,,,,,,,,,,,,,,,,,,,,,,,,,,,,,,,,,,,,,,,,,,,,,,,,,,,,
1769162273.109389,1769162273.110411,73.0,0.0,4280.0,4276.410156,4360.256348,4313.077148,4307.563965,4262.179688,4293.717773,4292.307617,4289.487305,4278.077148,4575.769043,4555.256348,4417.179688,4480.769043,,,,,,,,,,,,,,,,,,,,,,,,,,,,,,,,,,,,,,,,,,,,,,,,,,,,,,,,,,,,,,,,,,,,,,
1769162273.117197,1769162273.11812,74.0,0.0,4279.230957,4276.666504,4357.563965,4314.102539,4309.358887,4266.025879,4295.769043,4291.538574,4287.307617,4277.436035,4561.153809,4542.179688,4403.077148,4467.692383,,,,,,,,,,,,,,,,,,,,,,,,,,,,,,,,,,,,,,,,,,,,,,,,,,,,,,,,,,,,,,,,,,,,,,
1769162273.125006,1769162273.125928,75.0,0.0,4281.025879,4279.871582,4354.743652,4312.179688,4307.179688,4263.333496,4294.871582,4277.94873,4277.05127,4271.282227,4551.922852,4529.358887,4394.871582,4461.410156,,,,,,,,,,,,,,,,,,,,,,,,,,,,,,,,,,,,,,,,,,,,,,,,,,,,,,,,,,,,,,,,,,,,,,
1769162273.132814,1769162273.133537,76.0,0.0,4278.974121,4276.922852,4353.974121,4309.102539,4303.589844,4261.794922,4294.102539,4280.128418,4279.743652,4271.922852,4562.94873,4535.641113,4408.333496,4474.743652,,,,,,,,,,,,,,,,,,,,,,,,,,,,,,,,,,,,,,,,,,,,,,,,,,,,,,,,,,,,,,,,,,,,,,
1769162273.140623,1769162273.141346,77.0,0.0,4279.102539,4277.563965,4356.538574,4310.256348,4304.615234,4265.641113,4295.641113,4286.794922,4282.692383,4280.512695,4570.0,4540.641113,4419.487305,4481.922852,,,,,,,,,,,,,,,,,,,,,,,,,,,,,,,,,,,,,,,,,,,,,,,,,,,,,,,,,,,,,,,,,,,,,,
1769162273.148431,1769162273.149054,78.0,0.0,4282.563965,4286.922852,4358.846191,4313.589844,4308.077148,4269.487305,4296.282227,4280.769043,4276.794922,4281.794922,4568.077148,4537.436035,4416.282227,4477.179688,0.777899,0.203412,0.245778,0.272527,0.20269,0.696957,0.253728,0.13,0.148638,0.127109,1.012239,0.153259,0.089794,0.099947,0.08409,0.408545,0.279664,0.275467,0.229638,0.129108,0.298746,0.102442,0.056095,0.176008,0.091653,1.06074,0.229858,0.058978,0.162572,0.167051,0.397775,0.244006,0.066439,0.041785,0.127258,0.058303,0.545605,0.358078,0.098113,0.092634,0.32138,0.676584,0.158683,0.137841,0.173236,0.466968,0.287837,0.20396,0.352318,0.388911,0.318427,0.443061,0.12169,0.284364,0.261793,0.403362,0.63087,0.165411,0.373936,0.244937,0.717992,0.516677,0.155255,0.48814,0.322758,1.139254,0.559595,0.240431,0.38649,0.184034
1769162273.15624,1769162273.156863,79.0,0.0,4281.538574,4285.641113,4358.333496,4313.461426,4305.769043,4266.538574,4294.102539,4275.0,4276.538574,4282.820313,4570.897461,4538.205078,4414.487305,4476.922852,,,,,,,,,,,,,,,,,,,,,,,,,,,,,,,,,,,,,,,,,,,,,,,,,,,,,,,,,,,,,,,,,,,,,,
1769162273.164048,1769162273.164871,80.0,0.0,4279.615234,4277.820313,4358.205078,4311.922852,4305.0,4260.769043,4293.205078,4282.94873,4282.307617,4281.025879,4572.692383,4539.743652,4417.692383,4479.358887,,,,,,,,,,,,,,,,,,,,,,,,,,,,,,,,,,,,,,,,,,,,,,,,,,,,,,,,,,,,,,,,,,,,,,
1769162273.171857,1769162273.172679,81.0,0.0,4282.820313,4278.974121,4357.692383,4311.922852,4309.487305,4270.769043,4296.538574,4289.871582,4281.410156,4269.358887,4568.589844,4536.538574,4415.769043,4477.820313,,,,,,,,,,,,,,,,,,,,,,,,,,,,,,,,,,,,,,,,,,,,,,,,,,,,,,,,,,,,,,,,,,,,,,
1769162273.179665,1769162273.180588,82.0,0.0,4287.94873,4282.05127,4356.025879,4312.820313,4309.871582,4281.025879,4294.358887,4283.589844,4277.436035,4270.897461,4567.179688,4533.974121,4412.563965,4477.436035,,,,,,,,,,,,,,,,,,,,,,,,,,,,,,,,,,,,,,,,,,,,,,,,,,,,,,,,,,,,,,,,,,,,,,
1769162273.187473,1769162273.188396,83.0,0.0,4292.94873,4280.641113,4356.410156,4312.692383,4308.205078,4270.641113,4287.692383,4276.025879,4282.179688,4288.077148,4567.820313,4537.05127,4411.538574,4477.692383,,,,,,,,,,,,,,,,,,,,,,,,,,,,,,,,,,,,,,,,,,,,,,,,,,,,,,,,,,,,,,,,,,,,,,
1769162273.195282,1769162273.196005,84.0,0.0,4292.94873,4279.743652,4359.358887,4311.410156,4307.436035,4261.282227,4288.846191,4285.641113,4288.974121,4289.615234,4569.358887,4541.410156,4411.025879,4479.358887,,,,,,,,,,,,,,,,,,,,,,,,,,,,,,,,,,,,,,,,,,,,,,,,,,,,,,,,,,,,,,,,,,,,,,
1769162273.20309,1769162273.203813,85.0,0.0,4290.641113,4278.333496,4360.897461,4310.641113,4304.743652,4263.461426,4293.461426,4290.128418,4284.615234,4277.820313,4569.871582,4541.666504,4410.897461,4480.128418,,,,,,,,,,,,,,,,,,,,,,,,,,,,,,,,,,,,,,,,,,,,,,,,,,,,,,,,,,,,,,,,,,,,,,
1769162273.210899,1769162273.211522,86.0,0.0,4290.0,4277.436035,4358.205078,4311.922852,4305.769043,4263.333496,4293.077148,4279.230957,4277.307617,4277.05127,4564.487305,4535.0,4410.384766,4480.897461,,,,,,,,,,,,,,,,,,,,,,,,,,,,,,,,,,,,,,,,,,,,,,,,,,,,,,,,,,,,,,,,,,,,,,
1769162273.218707,1769162273.21933,87.0,0.0,4284.102539,4278.717773,4355.256348,4311.538574,4311.025879,4267.563965,4293.846191,4284.487305,4281.153809,4280.384766,4557.692383,4526.410156,4405.0,4475.641113,,,,,,,,,,,,,,,,,,,,,,,,,,,,,,,,,,,,,,,,,,,,,,,,,,,,,,,,,,,,,,,,,,,,,,
1769162273.226516,1769162273.227338,88.0,0.0,4275.384766,4276.666504,4355.512695,4309.230957,4310.897461,4277.820313,4298.333496,4296.410156,4287.307617,4278.077148,4555.897461,4522.563965,4397.436035,4462.820313,,,,,,,,,,,,,,,,,,,,,,,,,,,,,,,,,,,,,,,,,,,,,,,,,,,,,,,,,,,,,,,,,,,,,,
1769162273.234324,1769162273.235147,89.0,0.0,4274.743652,4276.410156,4352.563965,4308.589844,4307.563965,4276.666504,4298.461426,4293.589844,4286.153809,4276.666504,4558.717773,4524.102539,4402.307617,4463.974121,,,,,,,,,,,,,,,,,,,,,,,,,,,,,,,,,,,,,,,,,,,,,,,,,,,,,,,,,,,,,,,,,,,,,,
1769162273.242133,1769162273.243055,90.0,0.0,4277.05127,4279.102539,4344.358887,4308.461426,4307.94873,4264.871582,4297.307617,4289.102539,4282.307617,4275.512695,4556.538574,4523.846191,4411.025879,4470.256348,,,,,,,,,,,,,,,,,,,,,,,,,,,,,,,,,,,,,,,,,,,,,,,,,,,,,,,,,,,,,,,,,,,,,,
1769162273.249941,1769162273.250864,91.0,0.0,4274.743652,4277.94873,4340.384766,4308.205078,4308.589844,4261.794922,4296.922852,4290.512695,4279.743652,4279.615234,4556.538574,4520.769043,4411.794922,4464.102539,,,,,,,,,,,,,,,,,,,,,,,,,,,,,,,,,,,,,,,,,,,,,,,,,,,,,,,,,,,,,,,,,,,,,,
1769162273.257749,1769162273.258872,92.0,0.0,4275.384766,4277.05127,4342.94873,4311.410156,4308.333496,4272.307617,4297.94873,4288.589844,4281.538574,4283.717773,4563.077148,4521.794922,4411.410156,4464.102539,,,,,,,,,,,,,,,,,,,,,,,,,,,,,,,,,,,,,,,,,,,,,,,,,,,,,,,,,,,,,,,,,,,,,,
1769162273.265558,1769162273.26668,93.0,0.0,4276.282227,4278.333496,4343.974121,4312.179688,4308.077148,4278.846191,4303.974121,4291.282227,4282.436035,4277.436035,4560.128418,4526.025879,4411.922852,4475.0,,,,,,,,,,,,,,,,,,,,,,,,,,,,,,,,,,,,,,,,,,,,,,,,,,,,,,,,,,,,,,,,,,,,,,
1769162273.273366,1769162273.274589,94.0,0.0,4272.563965,4277.820313,4338.589844,4310.641113,4307.692383,4274.487305,4304.487305,4294.871582,4281.410156,4278.846191,4556.410156,4527.05127,4410.769043,4475.0,0.779595,0.26541,0.206899,0.279599,0.175354,0.84557,0.29581,0.121277,0.141493,0.124131,0.872812,0.141319,0.096509,0.092145,0.072765,0.436537,0.324781,0.197587,0.202101,0.110184,0.287534,0.089457,0.063482,0.169071,0.081944,0.930301,0.23812,0.063941,0.192114,0.160884,0.369545,0.252688,0.075573,0.038657,0.119517,0.060445,0.436862,0.258295,0.110174,0.106592,0.351641,0.571016,0.151388,0.141034,0.172886,0.401721,0.262627,0.198007,0.35746,0.397379,0.365043,0.406514,0.161201,0.285382,0.24615,0.373366,0.584699,0.197583,0.327776,0.219158,0.720712,0.480178,0.175898,0.466232,0.314352,1.045638,0.530728,0.338516,0.319978,0.17324
1769162273.281175,1769162273.282397,95.0,0.0,4276.922852,4283.077148,4336.282227,4318.333496,4310.256348,4272.94873,4296.794922,4286.025879,4284.102539,4296.410156,4568.461426,4526.025879,4414.871582,4471.153809,,,,,,,,,,,,,,,,,,,,,,,,,,,,,,,,,,,,,,,,,,,,,,,,,,,,,,,,,,,,,,,,,,,,,,
1769162273.288983,1769162273.290305,96.0,0.0,4282.692383,4286.538574,4335.256348,4321.666504,4311.922852,4271.025879,4292.307617,4279.871582,4286.153809,4300.0,4574.358887,4525.128418,4417.820313,4475.897461,,,,,,,,,,,,,,,,,,,,,,,,,,,,,,,,,,,,,,,,,,,,,,,,,,,,,,,,,,,,,,,,,,,,,,
1769162273.296792,1769162273.298114,97.0,0.0,4279.743652,4283.077148,4328.717773,4313.589844,4308.589844,4264.358887,4295.384766,4281.025879,4279.871582,4281.025879,4561.282227,4524.615234,4410.256348,4475.256348,,,,,,,,,,,,,,,,,,,,,,,,,,,,,,,,,,,,,,,,,,,,,,,,,,,,,,,,,,,,,,,,,,,,,,
1769162273.3046,1769162273.305822,98.0,0.0,4286.282227,4285.256348,4326.538574,4313.846191,4307.05127,4267.436035,4296.666504,4281.282227,4276.025879,4278.077148,4561.794922,4530.128418,4413.333496,4475.0,,,,,,,,,,,,,,,,,,,,,,,,,,,,,,,,,,,,,,,,,,,,,,,,,,,,,,,,,,,,,,,,,,,,,,
1769162273.312409,1769162273.313631,99.0,0.0,4295.256348,4289.615234,4328.974121,4318.333496,4308.717773,4273.205078,4294.358887,4283.846191,4282.05127,4286.025879,4572.307617,4537.820313,4424.743652,4480.512695,,,,,,,,,,,,,,,,,,,,,,,,,,,,,,,,,,,,,,,,,,,,,,,,,,,,,,,,,,,,,,,,,,,,,,
1769162273.320217,1769162273.32124,100.0,0.0,4285.512695,4279.230957,4324.487305,4311.794922,4306.153809,4275.0,4297.179688,4296.025879,4290.256348,4279.358887,4566.922852,4540.769043,4418.846191,4476.025879,,,,,,,,,,,,,,,,,,,,,,,,,,,,,,,,,,,,,,,,,,,,,,,,,,,,,,,,,,,,,,,,,,,,,,
1769162273.328025,1769162273.329048,101.0,0.0,4276.538574,4271.922852,4319.487305,4307.179688,4305.641113,4279.358887,4301.410156,4298.333496,4291.153809,4281.282227,4565.641113,4536.410156,4411.282227,4464.871582,,,,,,,,,,,,,,,,,,,,,,,,,,,,,,,,,,,,,,,,,,,,,,,,,,,,,,,,,,,,,,,,,,,,,,
1769162273.335834,1769162273.336757,102.0,0.0,4281.538574,4277.820313,4318.717773,4312.05127,4309.615234,4273.333496,4297.436035,4282.307617,4282.94873,4287.307617,4568.205078,4524.871582,4413.333496,4464.358887,,,,,,,,,,,,,,,,,,,,,,,,,,,,,,,,,,,,,,,,,,,,,,,,,,,,,,,,,,,,,,,,,,,,,,
1769162273.343642,1769162273.344565,103.0,0.0,4282.436035,4272.820313,4312.307617,4309.487305,4307.692383,4262.307617,4295.128418,4285.256348,4284.358887,4280.769043,4559.358887,4525.256348,4408.974121,4472.94873,,,,,,,,,,,,,,,,,,,,,,,,,,,,,,,,,,,,,,,,,,,,,,,,,,,,,,,,,,,,,,,,,,,,,,
1769162273.351451,1769162273.352174,104.0,0.0,4277.692383,4265.128418,4306.922852,4304.743652,4304.358887,4272.820313,4305.512695,4301.410156,4298.333496,4282.563965,4561.666504,4539.615234,4405.897461,4476.538574,,,,,,,,,,,,,,,,,,,,,,,,,,,,,,,,,,,,,,,,,,,,,,,,,,,,,,,,,,,,,,,,,,,,,,
1769162273.359259,1769162273.359982,105.0,0.0,4278.589844,4266.666504,4307.820313,4307.436035,4308.974121,4287.436035,4306.538574,4288.205078,4291.153809,4289.871582,4569.102539,4535.256348,4412.820313,4470.769043,,,,,,,,,,,,,,,,,,,,,,,,,,,,,,,,,,,,,,,,,,,,,,,,,,,,,,,,,,,,,,,,,,,,,,
1769162273.367068,1769162273.36789,106.0,0.0,4279.358887,4268.205078,4306.282227,4309.743652,4312.692383,4282.820313,4297.307617,4272.307617,4275.0,4283.205078,4560.384766,4519.102539,4412.307617,4467.179688,,,,,,,,,,,,,,,,,,,,,,,,,,,,,,,,,,,,,,,,,,,,,,,,,,,,,,,,,,,,,,,,,,,,,,
1769162273.374876,1769162273.375699,107.0,0.0,4280.0,4271.794922,4306.025879,4311.794922,4309.487305,4276.922852,4299.615234,4287.179688,4284.871582,4277.436035,4557.94873,4527.94873,4409.743652,4473.846191,,,,,,,,,,,,,,,,,,,,,,,,,,,,,,,,,,,,,,,,,,,,,,,,,,,,,,,,,,,,,,,,,,,,,,
1769162273.382685,1769162273.383707,108.0,0.0,4278.846191,4276.666504,4303.077148,4310.897461,4307.563965,4277.94873,4306.666504,4293.974121,4292.05127,4277.94873,4565.384766,4540.769043,4411.666504,4477.563965,,,,,,,,,,,,,,,,,,,,,,,,,,,,,,,,,,,,,,,,,,,,,,,,,,,,,,,,,,,,,,,,,,,,,,
1769162273.390493,1769162273.391516,109.0,0.0,4278.974121,4276.922852,4299.358887,4308.461426,4308.846191,4280.512695,4305.769043,4282.820313,4279.102539,4278.077148,4562.307617,4535.0,4408.461426,4473.717773,,,,,,,,,,,,,,,,,,,,,,,,,,,,,,,,,,,,,,,,,,,,,,,,,,,,,,,,,,,,,,,,,,,,,,
1769162273.398301,1769162273.399224,110.0,0.0,4286.025879,4277.692383,4304.615234,4316.794922,4310.769043,4284.871582,4301.922852,4286.538574,4282.307617,4283.589844,4563.077148,4536.410156,4408.717773,4476.025879,0.777977,0.323242,0.179804,0.271631,0.154216,0.945667,0.335611,0.114453,0.134687,0.119747,0.684661,0.12886,0.10433,0.085625,0.063698,0.433838,0.356115,0.142005,0.170614,0.094509,0.26657,0.087547,0.07685,0.162988,0.074524,0.731307,0.250687,0.07903,0.219116,0.163563,0.348223,0.266865,0.094154,0.037984,0.11091,0.071553,0.345931,0.178331,0.124027,0.123072,0.386367,0.47122,0.157665,0.141769,0.177471,0.35056,0.259996,0.200617,0.341231,0.392201,0.416895,0.379654,0.222887,0.273461,0.230559,0.343454,0.533456,0.250107,0.280645,0.202584,0.708895,0.449915,0.224225,0.405123,0.302469,0.894814,0.500005,0.469599,0.267108,0.169606
1769162273.40611,1769162273.407033,111.0,0.0,4285.897461,4281.538574,4304.871582,4323.077148,4311.025879,4283.333496,4298.846191,4294.102539,4294.230957,4282.436035,4573.461426,4542.692383,4414.743652,4479.487305,,,,,,,,,,,,,,,,,,,,,,,,,,,,,,,,,,,,,,,,,,,,,,,,,,,,,,,,,,,,,,,,,,,,,,
1769162273.413918,1769162273.415041,112.0,0.0,4276.666504,4278.717773,4294.743652,4313.077148,4310.256348,4279.230957,4296.410156,4292.307617,4290.512695,4279.743652,4570.384766,4538.846191,4412.563965,4478.589844,,,,,,,,,,,,,,,,,,,,,,,,,,,,,,,,,,,,,,,,,,,,,,,,,,,,,,,,,,,,,,,,,,,,,,
1769162273.421727,1769162273.422849,113.0,0.0,4280.641113,4277.692383,4292.820313,4313.205078,4310.641113,4277.563965,4295.128418,4292.820313,4288.461426,4289.230957,4566.410156,4541.922852,4412.307617,4487.05127,,,,,,,,,,,,,,,,,,,,,,,,,,,,,,,,,,,,,,,,,,,,,,,,,,,,,,,,,,,,,,,,,,,,,,
1769162273.429535,1769162273.430558,114.0,0.0,4291.538574,4282.94873,4295.641113,4323.461426,4311.025879,4270.897461,4292.94873,4294.102539,4293.077148,4291.153809,4578.717773,4549.743652,4423.077148,4496.794922,,,,,,,,,,,,,,,,,,,,,,,,,,,,,,,,,,,,,,,,,,,,,,,,,,,,,,,,,,,,,,,,,,,,,,
1769162273.437344,1769162273.438366,115.0,0.0,4286.282227,4283.717773,4291.025879,4318.589844,4310.512695,4269.743652,4294.743652,4293.589844,4292.563965,4282.563965,4582.307617,4543.846191,4425.0,4491.025879,,,,,,,,,,,,,,,,,,,,,,,,,,,,,,,,,,,,,,,,,,,,,,,,,,,,,,,,,,,,,,,,,,,,,,
1769162273.445152,1769162273.446374,116.0,0.0,4277.820313,4282.179688,4289.102539,4312.436035,4308.717773,4280.128418,4298.205078,4293.846191,4290.128418,4277.05127,4572.307617,4537.436035,4418.461426,4484.871582,,,,,,,,,,,,,,,,,,,,,,,,,,,,,,,,,,,,,,,,,,,,,,,,,,,,,,,,,,,,,,,,,,,,,,
1769162273.452961,1769162273.454183,117.0,0.0,4284.102539,4280.256348,4289.615234,4317.05127,4307.179688,4280.384766,4295.897461,4292.94873,4291.025879,4283.333496,4577.307617,4541.410156,4424.615234,4489.487305,,,,,,,,,,,,,,,,,,,,,,,,,,,,,,,,,,,,,,,,,,,,,,,,,,,,,,,,,,,,,,,,,,,,,,
1769162273.460769,1769162273.462091,118.0,0.0,4286.025879,4278.205078,4287.436035,4313.077148,4306.666504,4273.205078,4295.769043,4293.974121,4296.922852,4293.461426,4586.410156,4542.563965,4432.820313,4494.358887,,,,,,,,,,,,,,,,,,,,,,,,,,,,,,,,,,,,,,,,,,,,,,,,,,,,,,,,,,,,,,,,,,,,,,
1769162273.468578,1769162273.4699,119.0,0.0,4277.94873,4279.230957,4289.230957,4307.436035,4308.589844,4277.307617,4298.589844,4294.615234,4294.102539,4288.717773,4575.128418,4539.358887,4427.05127,4493.461426,,,,,,,,,,,,,,,,,,,,,,,,,,,,,,,,,,,,,,,,,,,,,,,,,,,,,,,,,,,,,,,,,,,,,,
1769162273.476386,1769162273.477908,120.0,0.0,4285.641113,4280.897461,4288.589844,4316.666504,4312.94873,4281.538574,4296.794922,4292.307617,4285.384766,4282.563965,4571.922852,4540.0,4424.743652,4491.922852,,,,,,,,,,,,,,,,,,,,,,,,,,,,,,,,,,,,,,,,,,,,,,,,,,,,,,,,,,,,,,,,,,,,,,
1769162273.484194,1769162273.485716,121.0,0.0,4297.436035,4280.897461,4283.333496,4321.922852,4313.717773,4277.436035,4296.666504,4289.487305,4288.846191,4291.538574,4582.820313,4540.512695,4433.974121,4494.871582,,,,,,,,,,,,,,,,,,,,,,,,,,,,,,,,,,,,,,,,,,,,,,,,,,,,,,,,,,,,,,,,,,,,,,
1769162273.492003,1769162273.493425,122.0,0.0,4285.897461,4277.436035,4278.333496,4314.230957,4311.282227,4279.871582,4304.230957,4290.0,4294.358887,4290.641113,4575.128418,4538.077148,4426.538574,4488.717773,,,,,,,,,,,,,,,,,,,,,,,,,,,,,,,,,,,,,,,,,,,,,,,,,,,,,,,,,,,,,,,,,,,,,,
1769162273.499811,1769162273.501233,123.0,0.0,4272.307617,4272.179688,4275.256348,4308.461426,4310.384766,4287.692383,4310.897461,4293.846191,4290.769043,4278.974121,4562.436035,4534.487305,4408.205078,4473.717773,,,,,,,,,,,,,,,,,,,,,,,,,,,,,,,,,,,,,,,,,,,,,,,,,,,,,,,,,,,,,,,,,,,,,,
1769162273.50762,1769162273.508842,124.0,0.0,4276.922852,4271.794922,4276.410156,4308.717773,4310.256348,4286.025879,4305.641113,4296.666504,4291.922852,4291.666504,4567.94873,4537.820313,4413.589844,4477.563965,,,,,,,,,,,,,,,,,,,,,,,,,,,,,,,,,,,,,,,,,,,,,,,,,,,,,,,,,,,,,,,,,,,,,,
1769162273.515428,1769162273.51665,125.0,0.0,4283.205078,4278.461426,4279.871582,4313.461426,4308.717773,4277.436035,4296.538574,4296.153809,4298.461426,4300.512695,4575.384766,4546.538574,4431.794922,4494.102539,,,,,,,,,,,,,,,,,,,,,,,,,,,,,,,,,,,,,,,,,,,,,,,,,,,,,,,,,,,,,,,,,,,,,,
1769162273.523237,1769162273.524359,126.0,0.0,4284.358887,4282.820313,4278.974121,4316.025879,4307.820313,4276.153809,4299.487305,4295.0,4297.307617,4281.282227,4574.102539,4546.025879,4428.333496,4493.333496,0.773767,0.355922,0.166148,0.248106,0.138539,0.972248,0.355035,0.113761,0.131292,0.113931,0.520099,0.120037,0.110121,0.084345,0.057797,0.398661,0.365176,0.112827,0.144677,0.083076,0.254656,0.095959,0.093917,0.160312,0.068924,0.519671,0.254445,0.100217,0.243287,0.171352,0.357585,0.285953,0.116836,0.040212,0.103682,0.093106,0.283083,0.134043,0.137579,0.142017,0.407496,0.395271,0.174072,0.142843,0.184783,0.341474,0.284369,0.206608,0.31298,0.37521,0.455478,0.377054,0.291109,0.254516,0.21913,0.33299,0.501622,0.30951,0.247321,0.194395,0.686657,0.446473,0.289953,0.329556,0.28824,0.744084,0.484477,0.604313,0.235562,0.172141
1769162273.531045,1769162273.532167,127.0,0.0,4288.717773,4281.025879,4275.769043,4313.846191,4308.077148,4281.153809,4305.256348,4294.871582,4289.871582,4276.282227,4569.102539,4537.179688,4417.436035,4483.846191,,,,,,,,,,,,,,,,,,,,,,,,,,,,,,,,,,,,,,,,,,,,,,,,,,,,,,,,,,,,,,,,,,,,,,
1769162273.538854,1769162273.539776,0.0,0.0,4292.436035,4283.589844,4279.102539,4316.538574,4310.512695,4281.666504,4300.769043,4294.615234,4291.153809,4290.256348,4572.05127,4537.436035,4422.94873,4489.615234,,,,,,,,,,,,,,,,,,,,,,,,,,,,,,,,,,,,,,,,,,,,,,,,,,,,,,,,,,,,,,,,,,,,,,
1769162273.546662,1769162273.547585,1.0,0.0,4290.256348,4291.922852,4282.692383,4325.256348,4310.512695,4278.205078,4294.487305,4293.717773,4294.615234,4289.487305,4575.0,4543.589844,4425.384766,4496.282227,,,,,,,,,,,,,,,,,,,,,,,,,,,,,,,,,,,,,,,,,,,,,,,,,,,,,,,,,,,,,,,,,,,,,,
1769162273.55447,1769162273.555293,2.0,0.0,4281.794922,4289.230957,4278.717773,4320.641113,4304.615234,4277.563965,4295.769043,4289.615234,4286.153809,4275.128418,4560.897461,4536.538574,4413.717773,4490.0,,,,,,,,,,,,,,,,,,,,,,,,,,,,,,,,,,,,,,,,,,,,,,,,,,,,,,,,,,,,,,,,,,,,,,
1769162273.562279,1769162273.563102,3.0,0.0,4277.307617,4280.256348,4272.692383,4309.615234,4303.461426,4279.358887,4297.94873,4288.974121,4278.846191,4271.538574,4553.333496,4528.589844,4410.256348,4486.666504,,,,,,,,,,,,,,,,,,,,,,,,,,,,,,,,,,,,,,,,,,,,,,,,,,,,,,,,,,,,,,,,,,,,,,
1769162273.570087,1769162273.57111,4.0,0.0,4285.0,4286.282227,4274.615234,4313.205078,4309.487305,4281.538574,4297.179688,4294.358887,4292.05127,4279.487305,4568.333496,4535.641113,4421.025879,4491.410156,,,,,,,,,,,,,,,,,,,,,,,,,,,,,,,,,,,,,,,,,,,,,,,,,,,,,,,,,,,,,,,,,,,,,,
1769162273.577896,1769162273.578918,5.0,0.0,4291.025879,4296.538574,4282.179688,4321.153809,4311.153809,4280.0,4296.666504,4288.205078,4298.205078,4284.487305,4576.538574,4542.94873,4428.974121,4493.589844,,,,,,,,,,,,,,,,,,,,,,,,,,,,,,,,,,,,,,,,,,,,,,,,,,,,,,,,,,,,,,,,,,,,,,
1769162273.585704,1769162273.586827,6.0,0.0,4289.615234,4292.563965,4284.743652,4320.897461,4307.307617,4275.128418,4294.743652,4281.153809,4283.461426,4280.641113,4572.563965,4541.025879,4428.589844,4493.589844,,,,,,,,,,,,,,,,,,,,,,,,,,,,,,,,,,,,,,,,,,,,,,,,,,,,,,,,,,,,,,,,,,,,,,
1769162273.593513,1769162273.594635,7.0,0.0,4288.077148,4286.153809,4280.384766,4317.94873,4307.05127,4275.641113,4295.128418,4289.487305,4278.077148,4277.820313,4569.358887,4537.820313,4420.256348,4487.436035,,,,,,,,,,,,,,,,,,,,,,,,,,,,,,,,,,,,,,,,,,,,,,,,,,,,,,,,,,,,,,,,,,,,,,
1769162273.601321,1769162273.602244,8.0,0.0,4288.717773,4287.179688,4277.692383,4319.615234,4309.615234,4281.410156,4296.282227,4289.871582,4283.077148,4281.153809,4561.282227,4536.282227,4412.94873,4477.436035,,,,,,,,,,,,,,,,,,,,,,,,,,,,,,,,,,,,,,,,,,,,,,,,,,,,,,,,,,,,,,,,,,,,,,
1769162273.60913,1769162273.610052,9.0,0.0,4293.333496,4288.461426,4283.461426,4324.871582,4306.538574,4282.436035,4295.641113,4282.692383,4282.307617,4279.102539,4561.153809,4538.974121,4417.436035,4482.692383,,,,,,,,,,,,,,,,,,,,,,,,,,,,,,,,,,,,,,,,,,,,,,,,,,,,,,,,,,,,,,,,,,,,,,
1769162273.616938,1769162273.617761,10.0,0.0,4292.307617,4284.230957,4288.205078,4321.666504,4303.205078,4278.205078,4297.436035,4288.205078,4279.615234,4274.615234,4568.205078,4542.563965,4416.025879,4490.256348,,,,,,,,,,,,,,,,,,,,,,,,,,,,,,,,,,,,,,,,,,,,,,,,,,,,,,,,,,,,,,,,,,,,,,
1769162273.624747,1769162273.625569,11.0,0.0,4282.436035,4279.230957,4283.461426,4311.794922,4306.153809,4277.563965,4299.102539,4293.717773,4277.692383,4275.769043,4557.563965,4540.0,4402.692383,4479.487305,,,,,,,,,,,,,,,,,,,,,,,,,,,,,,,,,,,,,,,,,,,,,,,,,,,,,,,,,,,,,,,,,,,,,,
1769162273.632555,1769162273.633577,12.0,0.0,4278.077148,4279.102539,4278.589844,4310.256348,4303.333496,4278.333496,4297.307617,4289.102539,4280.769043,4274.358887,4551.666504,4534.358887,4401.282227,4472.179688,,,,,,,,,,,,,,,,,,,,,,,,,,,,,,,,,,,,,,,,,,,,,,,,,,,,,,,,,,,,,,,,,,,,,,
1769162273.640364,1769162273.641386,13.0,0.0,4282.307617,4281.794922,4280.769043,4313.846191,4297.179688,4276.025879,4294.102539,4284.358887,4280.769043,4272.94873,4557.94873,4528.333496,4406.922852,4477.94873,,,,,,,,,,,,,,,,,,,,,,,,,,,,,,,,,,,,,,,,,,,,,,,,,,,,,,,,,,,,,,,,,,,,,,
1769162273.648172,1769162273.649294,14.0,0.0,4282.05127,4281.153809,4280.512695,4310.769043,4299.230957,4271.282227,4293.205078,4278.461426,4268.589844,4274.487305,4547.307617,4521.538574,4398.717773,4475.769043,0.769435,0.365955,0.163746,0.21466,0.125747,0.925812,0.350339,0.120404,0.131923,0.107304,0.403188,0.122246,0.112315,0.089641,0.054429,0.342048,0.350953,0.103443,0.129121,0.075433,0.227156,0.108595,0.10919,0.160319,0.063826,0.344229,0.246837,0.121838,0.268039,0.180184,0.392444,0.309708,0.135548,0.044917,0.098486,0.122799,0.261056,0.124134,0.150023,0.165997,0.404643,0.351075,0.191048,0.145491,0.19347,0.377138,0.324992,0.212833,0.285037,0.351696,0.474691,0.400589,0.345572,0.23547,0.213599,0.358726,0.504961,0.357188,0.234509,0.191689,0.666946,0.468379,0.356669,0.265207,0.271727,0.626243,0.485414,0.705874,0.223218,0.178222
1769162273.65598,1769162273.657103,15.0,0.0,4277.179688,4280.128418,4275.897461,4307.563965,4301.025879,4264.871582,4293.717773,4275.769043,4260.897461,4265.0,4538.974121,4519.358887,4392.94873,4471.922852,,,,,,,,,,,,,,,,,,,,,,,,,,,,,,,,,,,,,,,,,,,,,,,,,,,,,,,,,,,,,,,,,,,,,,
1769162273.663789,1769162273.664911,16.0,0.0,4276.666504,4281.666504,4277.307617,4309.871582,4295.897461,4269.487305,4295.512695,4280.512695,4273.589844,4259.230957,4554.743652,4525.897461,4400.897461,4476.410156,,,,,,,,,,,,,,,,,,,,,,,,,,,,,,,,,,,,,,,,,,,,,,,,,,,,,,,,,,,,,,,,,,,,,,
1769162273.671597,1769162273.67272,17.0,0.0,4277.820313,4281.666504,4280.641113,4311.282227,4294.743652,4280.897461,4295.256348,4281.282227,4284.102539,4275.0,4560.0,4529.871582,4402.94873,4477.05127,,,,,,,,,,,,,,,,,,,,,,,,,,,,,,,,,,,,,,,,,,,,,,,,,,,,,,,,,,,,,,,,,,,,,,
1769162273.679406,1769162273.680428,18.0,0.0,4279.871582,4280.769043,4281.153809,4312.179688,4297.94873,4280.256348,4292.820313,4278.077148,4274.743652,4283.974121,4549.871582,4525.384766,4398.077148,4474.102539,,,,,,,,,,,,,,,,,,,,,,,,,,,,,,,,,,,,,,,,,,,,,,,,,,,,,,,,,,,,,,,,,,,,,,
1769162273.687214,1769162273.688237,19.0,0.0,4281.538574,4282.179688,4285.0,4312.563965,4298.077148,4270.641113,4293.333496,4276.153809,4264.487305,4271.538574,4547.436035,4521.410156,4397.179688,4473.717773,,,,,,,,,,,,,,,,,,,,,,,,,,,,,,,,,,,,,,,,,,,,,,,,,,,,,,,,,,,,,,,,,,,,,,
1769162273.695023,1769162273.696245,20.0,0.0,4279.615234,4280.897461,4287.820313,4311.922852,4297.692383,4270.256348,4297.05127,4275.384766,4263.846191,4260.641113,4549.615234,4520.512695,4400.256348,4475.641113,,,,,,,,,,,,,,,,,,,,,,,,,,,,,,,,,,,,,,,,,,,,,,,,,,,,,,,,,,,,,,,,,,,,,,
1769162273.702831,1769162273.704053,21.0,0.0,4276.538574,4276.538574,4284.743652,4308.974121,4298.077148,4277.307617,4298.205078,4276.666504,4267.436035,4266.666504,4550.897461,4519.871582,4402.94873,4473.717773,,,,,,,,,,,,,,,,,,,,,,,,,,,,,,,,,,,,,,,,,,,,,,,,,,,,,,,,,,,,,,,,,,,,,,
1769162273.71064,1769162273.711762,22.0,0.0,4278.717773,4278.333496,4287.692383,4309.615234,4296.410156,4278.717773,4295.641113,4278.717773,4274.615234,4270.512695,4554.615234,4528.205078,4405.0,4478.846191,,,,,,,,,,,,,,,,,,,,,,,,,,,,,,,,,,,,,,,,,,,,,,,,,,,,,,,,,,,,,,,,,,,,,,
1769162273.718448,1769162273.71957,23.0,0.0,4282.563965,4282.307617,4296.282227,4316.538574,4293.717773,4277.179688,4295.128418,4281.666504,4279.743652,4266.410156,4555.897461,4540.897461,4405.256348,4492.307617,,,,,,,,,,,,,,,,,,,,,,,,,,,,,,,,,,,,,,,,,,,,,,,,,,,,,,,,,,,,,,,,,,,,,,
1769162273.726256,1769162273.727179,24.0,0.0,4280.641113,4280.0,4296.282227,4315.641113,4295.641113,4275.769043,4297.05127,4282.94873,4277.179688,4268.846191,4555.0,4533.846191,4403.333496,4489.487305,,,,,,,,,,,,,,,,,,,,,,,,,,,,,,,,,,,,,,,,,,,,,,,,,,,,,,,,,,,,,,,,,,,,,,
1769162273.734065,1769162273.734987,25.0,0.0,4280.256348,4279.102539,4290.897461,4309.358887,4299.102539,4276.538574,4297.94873,4281.025879,4275.256348,4275.512695,4554.230957,4521.794922,4406.282227,4477.179688,,,,,,,,,,,,,,,,,,,,,,,,,,,,,,,,,,,,,,,,,,,,,,,,,,,,,,,,,,,,,,,,,,,,,,
1769162273.741873,1769162273.742696,26.0,0.0,4282.94873,4280.256348,4295.128418,4313.589844,4297.94873,4280.256348,4296.538574,4279.871582,4279.230957,4276.410156,4553.974121,4530.641113,4407.563965,4478.974121,,,,,,,,,,,,,,,,,,,,,,,,,,,,,,,,,,,,,,,,,,,,,,,,,,,,,,,,,,,,,,,,,,,,,,
1769162273.749682,1769162273.750504,27.0,0.0,4282.307617,4280.512695,4302.307617,4321.282227,4294.871582,4281.282227,4294.743652,4281.282227,4281.153809,4277.179688,4554.102539,4540.641113,4401.410156,4483.205078,,,,,,,,,,,,,,,,,,,,,,,,,,,,,,,,,,,,,,,,,,,,,,,,,,,,,,,,,,,,,,,,,,,,,,
1769162273.75749,1769162273.758113,28.0,0.0,4279.230957,4285.384766,4301.538574,4320.384766,4294.358887,4275.512695,4293.333496,4279.871582,4278.846191,4277.94873,4555.897461,4531.538574,4399.743652,4477.179688,,,,,,,,,,,,,,,,,,,,,,,,,,,,,,,,,,,,,,,,,,,,,,,,,,,,,,,,,,,,,,,,,,,,,,
1769162273.765299,1769162273.765921,29.0,0.0,4281.153809,4289.230957,4300.897461,4316.922852,4297.692383,4273.717773,4294.230957,4276.025879,4277.307617,4272.94873,4558.717773,4522.563965,4404.871582,4476.153809,,,,,,,,,,,,,,,,,,,,,,,,,,,,,,,,,,,,,,,,,,,,,,,,,,,,,,,,,,,,,,,,,,,,,,
1769162273.773107,1769162273.77383,30.0,0.0,4285.128418,4288.205078,4305.0,4317.94873,4299.487305,4280.128418,4296.666504,4276.922852,4276.666504,4272.307617,4555.512695,4523.717773,4406.794922,4477.05127,0.765867,0.365737,0.16783,0.182103,0.114941,0.836626,0.328905,0.13082,0.134151,0.10103,0.353255,0.136288,0.110868,0.099138,0.052603,0.28408,0.318307,0.103433,0.12281,0.072027,0.214748,0.117486,0.116779,0.159836,0.058447,0.229884,0.230553,0.137175,0.297291,0.186976,0.449416,0.33554,0.143505,0.051257,0.095014,0.15486,0.277511,0.135009,0.160463,0.196577,0.380382,0.330427,0.197663,0.148536,0.203337,0.440603,0.359928,0.218861,0.266808,0.328653,0.485022,0.439328,0.369308,0.220625,0.21385,0.421055,0.542203,0.374575,0.239209,0.192743,0.665223,0.494995,0.406144,0.226966,0.254409,0.556541,0.492886,0.741509,0.222772,0.185788
1769162273.780916,1769162273.781638,31.0,0.0,4285.384766,4288.974121,4305.128418,4321.025879,4296.538574,4282.307617,4295.641113,4280.769043,4277.179688,4276.538574,4550.512695,4524.102539,4403.461426,4474.743652,,,,,,,,,,,,,,,,,,,,,,,,,,,,,,,,,,,,,,,,,,,,,,,,,,,,,,,,,,,,,,,,,,,,,,
1769162273.788724,1769162273.789646,32.0,0.0,4282.436035,4284.358887,4301.794922,4321.538574,4294.230957,4281.410156,4296.025879,4282.820313,4278.077148,4276.666504,4552.307617,4521.666504,4400.128418,4474.743652,,,,,,,,,,,,,,,,,,,,,,,,,,,,,,,,,,,,,,,,,,,,,,,,,,,,,,,,,,,,,,,,,,,,,,
1769162273.796533,1769162273.797455,33.0,0.0,4277.307617,4277.692383,4304.743652,4317.05127,4296.282227,4279.615234,4298.333496,4282.820313,4278.717773,4276.153809,4555.769043,4520.769043,4399.487305,4473.205078,,,,,,,,,,,,,,,,,,,,,,,,,,,,,,,,,,,,,,,,,,,,,,,,,,,,,,,,,,,,,,,,,,,,,,
1769162273.804341,1769162273.805363,34.0,0.0,4280.0,4287.05127,4310.384766,4318.589844,4297.05127,4276.410156,4296.922852,4280.384766,4279.615234,4275.128418,4555.384766,4527.436035,4406.153809,4478.717773,,,,,,,,,,,,,,,,,,,,,,,,,,,,,,,,,,,,,,,,,,,,,,,,,,,,,,,,,,,,,,,,,,,,,,
1769162273.812149,1769162273.813172,35.0,0.0,4294.358887,4299.487305,4312.436035,4327.179688,4296.666504,4277.05127,4293.461426,4276.153809,4277.94873,4279.743652,4555.769043,4537.820313,4413.717773,4491.410156,,,,,,,,,,,,,,,,,,,,,,,,,,,,,,,,,,,,,,,,,,,,,,,,,,,,,,,,,,,,,,,,,,,,,,
1769162273.819958,1769162273.82118,36.0,0.0,4298.717773,4298.077148,4310.897461,4327.307617,4297.179688,4279.358887,4294.615234,4278.077148,4275.128418,4277.94873,4559.487305,4533.974121,4415.128418,4493.589844,,,,,,,,,,,,,,,,,,,,,,,,,,,,,,,,,,,,,,,,,,,,,,,,,,,,,,,,,,,,,,,,,,,,,,
1769162273.827766,1769162273.828988,37.0,0.0,4283.846191,4291.794922,4306.666504,4319.871582,4296.282227,4278.205078,4303.846191,4280.769043,4276.025879,4264.615234,4556.922852,4521.153809,4413.461426,4486.538574,,,,,,,,,,,,,,,,,,,,,,,,,,,,,,,,,,,,,,,,,,,,,,,,,,,,,,,,,,,,,,,,,,,,,,
1769162273.835575,1769162273.836897,38.0,0.0,4277.436035,4288.974121,4307.307617,4316.153809,4295.897461,4278.461426,4308.846191,4278.461426,4279.871582,4269.102539,4555.512695,4526.153809,4410.897461,4487.436035,,,,,,,,,,,,,,,,,,,,,,,,,,,,,,,,,,,,,,,,,,,,,,,,,,,,,,,,,,,,,,,,,,,,,,
1769162273.843383,1769162273.844705,39.0,0.0,4291.538574,4291.922852,4312.820313,4322.94873,4293.717773,4278.461426,4302.436035,4282.05127,4281.794922,4286.922852,4566.282227,4539.615234,4412.436035,4493.974121,,,,,,,,,,,,,,,,,,,,,,,,,,,,,,,,,,,,,,,,,,,,,,,,,,,,,,,,,,,,,,,,,,,,,,
1769162273.851192,1769162273.852713,40.0,0.0,4297.05127,4294.358887,4313.717773,4326.794922,4288.717773,4275.0,4295.0,4285.384766,4278.717773,4285.769043,4569.615234,4535.128418,4417.05127,4493.589844,,,,,,,,,,,,,,,,,,,,,,,,,,,,,,,,,,,,,,,,,,,,,,,,,,,,,,,,,,,,,,,,,,,,,,
1769162273.859,1769162273.860522,41.0,0.0,4285.384766,4289.358887,4309.487305,4315.641113,4288.205078,4275.384766,4295.641113,4281.153809,4280.641113,4276.025879,4559.871582,4528.205078,4415.769043,4489.615234,,,,,,,,,,,,,,,,,,,,,,,,,,,,,,,,,,,,,,,,,,,,,,,,,,,,,,,,,,,,,,,,,,,,,,
1769162273.866809,1769162273.86823,42.0,0.0,4278.333496,4290.384766,4311.666504,4310.128418,4293.846191,4279.487305,4297.820313,4279.358887,4283.077148,4278.717773,4560.897461,4534.487305,4410.512695,4488.205078,,,,,,,,,,,,,,,,,,,,,,,,,,,,,,,,,,,,,,,,,,,,,,,,,,,,,,,,,,,,,,,,,,,,,,
1769162273.874617,1769162273.876039,43.0,0.0,4282.05127,4296.025879,4320.769043,4322.436035,4297.436035,4281.153809,4295.0,4281.025879,4276.025879,4280.897461,4572.436035,4541.025879,4411.153809,4490.769043,,,,,,,,,,,,,,,,,,,,,,,,,,,,,,,,,,,,,,,,,,,,,,,,,,,,,,,,,,,,,,,,,,,,,,
1769162273.882425,1769162273.883647,44.0,0.0,4281.794922,4288.974121,4319.102539,4328.333496,4291.282227,4274.487305,4291.410156,4279.102539,4271.794922,4268.846191,4569.358887,4537.307617,4414.102539,4490.641113,,,,,,,,,,,,,,,,,,,,,,,,,,,,,,,,,,,,,,,,,,,,,,,,,,,,,,,,,,,,,,,,,,,,,,
1769162273.890234,1769162273.891456,45.0,0.0,4280.128418,4282.820313,4310.0,4318.589844,4281.538574,4269.871582,4292.307617,4279.230957,4278.077148,4263.461426,4562.307617,4532.820313,4412.563965,4487.436035,,,,,,,,,,,,,,,,,,,,,,,,,,,,,,,,,,,,,,,,,,,,,,,,,,,,,,,,,,,,,,,,,,,,,,
1769162273.898042,1769162273.899364,46.0,0.0,4286.025879,4288.846191,4315.384766,4315.512695,4281.922852,4276.153809,4296.025879,4282.94873,4283.333496,4275.512695,4569.743652,4536.410156,4413.077148,4490.0,0.758017,0.366962,0.172642,0.16132,0.108,0.755842,0.304724,0.139035,0.133896,0.096402,0.338218,0.156954,0.107149,0.107665,0.052058,0.247521,0.27778,0.105469,0.12081,0.074654,0.181639,0.118346,0.112762,0.155179,0.053045,0.169949,0.211546,0.141689,0.330655,0.189725,0.492938,0.357994,0.137892,0.05843,0.09281,0.181734,0.312981,0.149848,0.167396,0.231227,0.339876,0.313231,0.188012,0.151534,0.215555,0.494453,0.369056,0.225917,0.260282,0.312961,0.50286,0.472452,0.356693,0.212281,0.219698,0.502459,0.594163,0.354646,0.255131,0.197976,0.690396,0.499617,0.424108,0.21581,0.240525,0.525822,0.490198,0.698654,0.228386,0.194107
1769162273.905851,1769162273.907173,47.0,0.0,4293.205078,4292.307617,4328.717773,4324.487305,4288.589844,4280.769043,4294.743652,4281.282227,4281.538574,4281.794922,4572.94873,4540.897461,4415.897461,4495.897461,,,,,,,,,,,,,,,,,,,,,,,,,,,,,,,,,,,,,,,,,,,,,,,,,,,,,,,,,,,,,,,,,,,,,,
1769162273.913659,1769162273.914781,48.0,0.0,4290.512695,4286.538574,4328.846191,4328.461426,4284.358887,4275.0,4292.436035,4278.846191,4279.102539,4273.974121,4564.487305,4540.128418,4411.153809,4489.615234,,,,,,,,,,,,,,,,,,,,,,,,,,,,,,,,,,,,,,,,,,,,,,,,,,,,,,,,,,,,,,,,,,,,,,
1769162273.921468,1769162273.92259,49.0,0.0,4284.871582,4282.94873,4323.333496,4324.102539,4278.846191,4269.743652,4295.256348,4278.974121,4278.205078,4272.179688,4560.128418,4536.922852,4407.307617,4479.487305,,,,,,,,,,,,,,,,,,,,,,,,,,,,,,,,,,,,,,,,,,,,,,,,,,,,,,,,,,,,,,,,,,,,,,
1769162273.929276,1769162273.930298,50.0,0.0,4286.410156,4286.794922,4324.487305,4322.05127,4283.461426,4277.05127,4297.307617,4280.256348,4280.0,4275.128418,4562.436035,4531.410156,4409.743652,4484.871582,,,,,,,,,,,,,,,,,,,,,,,,,,,,,,,,,,,,,,,,,,,,,,,,,,,,,,,,,,,,,,,,,,,,,,
1769162273.937085,1769162273.938107,51.0,0.0,4290.256348,4290.769043,4329.615234,4325.128418,4283.589844,4281.794922,4297.436035,4282.820313,4283.077148,4266.025879,4566.538574,4529.487305,4411.410156,4495.769043,,,,,,,,,,,,,,,,,,,,,,,,,,,,,,,,,,,,,,,,,,,,,,,,,,,,,,,,,,,,,,,,,,,,,,
1769162273.944893,1769162273.945715,52.0,0.0,4291.922852,4290.512695,4335.128418,4324.743652,4279.487305,4270.641113,4296.025879,4281.922852,4281.538574,4258.077148,4565.0,4532.820313,4410.512695,4494.615234,,,,,,,,,,,,,,,,,,,,,,,,,,,,,,,,,,,,,,,,,,,,,,,,,,,,,,,,,,,,,,,,,,,,,,
1769162273.952701,1769162273.953524,53.0,0.0,4293.461426,4289.871582,4339.487305,4324.358887,4282.436035,4263.589844,4294.102539,4277.692383,4277.179688,4266.153809,4558.205078,4532.94873,4411.282227,4490.641113,,,,,,,,,,,,,,,,,,,,,,,,,,,,,,,,,,,,,,,,,,,,,,,,,,,,,,,,,,,,,,,,,,,,,,
1769162273.96051,1769162273.961232,54.0,0.0,4294.358887,4293.077148,4340.897461,4328.974121,4287.563965,4273.461426,4293.717773,4276.666504,4274.487305,4278.974121,4558.974121,4528.717773,4413.717773,4493.205078,,,,,,,,,,,,,,,,,,,,,,,,,,,,,,,,,,,,,,,,,,,,,,,,,,,,,,,,,,,,,,,,,,,,,,
1769162273.968318,1769162273.969041,55.0,0.0,4292.692383,4296.410156,4338.846191,4335.0,4286.794922,4285.384766,4295.128418,4279.230957,4276.410156,4280.641113,4568.077148,4525.384766,4413.717773,4491.666504,,,,,,,,,,,,,,,,,,,,,,,,,,,,,,,,,,,,,,,,,,,,,,,,,,,,,,,,,,,,,,,,,,,,,,
1769162273.976127,1769162273.977049,56.0,0.0,4293.589844,4297.94873,4339.230957,4337.94873,4282.179688,4278.717773,4293.589844,4278.461426,4278.974121,4268.461426,4570.641113,4524.487305,4411.922852,4488.333496,,,,,,,,,,,,,,,,,,,,,,,,,,,,,,,,,,,,,,,,,,,,,,,,,,,,,,,,,,,,,,,,,,,,,,
1769162273.983935,1769162273.984858,57.0,0.0,4301.794922,4295.512695,4346.153809,4333.077148,4279.871582,4268.589844,4290.128418,4277.692383,4277.94873,4264.487305,4565.897461,4529.615234,4412.820313,4497.307617,,,,,,,,,,,,,,,,,,,,,,,,,,,,,,,,,,,,,,,,,,,,,,,,,,,,,,,,,,,,,,,,,,,,,,
1769162273.991744,1769162273.992766,58.0,0.0,4302.820313,4293.717773,4350.769043,4326.922852,4281.538574,4271.794922,4291.025879,4279.358887,4278.974121,4277.563965,4568.461426,4538.717773,4419.102539,4505.128418,,,,,,,,,,,,,,,,,,,,,,,,,,,,,,,,,,,,,,,,,,,,,,,,,,,,,,,,,,,,,,,,,,,,,,
1769162273.999552,1769162274.000574,59.0,0.0,4296.538574,4295.512695,4349.743652,4326.922852,4281.153809,4279.487305,4293.717773,4280.897461,4283.846191,4279.102539,4571.410156,4539.358887,4417.436035,4497.307617,,,,,,,,,,,,,,,,,,,,,,,,,,,,,,,,,,,,,,,,,,,,,,,,,,,,,,,,,,,,,,,,,,,,,,
1769162274.007361,1769162274.008583,60.0,0.0,4294.871582,4287.563965,4350.769043,4326.025879,4277.94873,4277.692383,4293.333496,4277.563965,4279.743652,4266.282227,4560.641113,4529.615234,4405.897461,4488.461426,,,,,,,,,,,,,,,,,,,,,,,,,,,,,,,,,,,,,,,,,,,,,,,,,,,,,,,,,,,,,,,,,,,,,,
1769162274.015169,1769162274.016391,61.0,0.0,4297.307617,4280.128418,4354.358887,4326.410156,4278.846191,4273.205078,4292.94873,4277.436035,4274.358887,4262.05127,4553.077148,4527.563965,4406.025879,4488.974121,,,,,,,,,,,,,,,,,,,,,,,,,,,,,,,,,,,,,,,,,,,,,,,,,,,,,,,,,,,,,,,,,,,,,,
1769162274.022977,1769162274.0241,62.0,0.0,4293.589844,4286.666504,4355.897461,4329.743652,4282.05127,4278.974121,4297.179688,4287.436035,4283.333496,4268.205078,4563.974121,4536.025879,4416.538574,4492.179688,0.738948,0.374387,0.173078,0.158218,0.108003,0.721153,0.290091,0.140368,0.128863,0.094235,0.342488,0.175302,0.102976,0.110066,0.053618,0.251646,0.240059,0.108035,0.118064,0.084588,0.165427,0.110813,0.098722,0.144003,0.048278,0.143987,0.196085,0.134174,0.36124,0.187547,0.515526,0.369789,0.12042,0.06586,0.09154,0.196774,0.346394,0.156377,0.169052,0.262636,0.295152,0.286106,0.165299,0.156453,0.230926,0.51256,0.346645,0.238586,0.262095,0.308952,0.541052,0.478983,0.315735,0.209501,0.230506,0.587379,0.636098,0.303704,0.273035,0.208064,0.747495,0.470598,0.406398,0.220018,0.234049,0.528783,0.470397,0.588239,0.23595,0.203426
1769162274.030786,1769162274.031908,63.0,0.0,4291.794922,4293.077148,4355.384766,4330.384766,4283.717773,4284.615234,4299.487305,4288.974121,4289.230957,4270.384766,4573.077148,4540.641113,4419.615234,4498.461426,,,,,,,,,,,,,,,,,,,,,,,,,,,,,,,,,,,,,,,,,,,,,,,,,,,,,,,,,,,,,,,,,,,,,,
1769162274.038594,1769162274.039916,64.0,0.0,4299.230957,4292.307617,4358.077148,4329.487305,4282.179688,4281.153809,4295.128418,4279.358887,4282.692383,4275.897461,4566.538574,4537.820313,4414.743652,4505.641113,,,,,,,,,,,,,,,,,,,,,,,,,,,,,,,,,,,,,,,,,,,,,,,,,,,,,,,,,,,,,,,,,,,,,,
1769162274.046403,1769162274.047725,65.0,0.0,4300.897461,4292.820313,4363.974121,4330.0,4279.358887,4277.05127,4293.077148,4280.256348,4280.512695,4280.641113,4565.384766,4539.230957,4411.922852,4504.615234,,,,,,,,,,,,,,,,,,,,,,,,,,,,,,,,,,,,,,,,,,,,,,,,,,,,,,,,,,,,,,,,,,,,,,
1769162274.054211,1769162274.055433,66.0,0.0,4295.769043,4294.487305,4365.256348,4326.538574,4279.743652,4279.743652,4296.153809,4293.333496,4287.307617,4268.974121,4572.05127,4542.05127,4415.0,4502.179688,,,,,,,,,,,,,,,,,,,,,,,,,,,,,,,,,,,,,,,,,,,,,,,,,,,,,,,,,,,,,,,,,,,,,,
1769162274.06202,1769162274.063242,67.0,0.0,4293.333496,4294.230957,4363.717773,4325.384766,4280.512695,4284.871582,4299.358887,4294.230957,4291.153809,4266.282227,4572.179688,4539.871582,4417.307617,4504.102539,,,,,,,,,,,,,,,,,,,,,,,,,,,,,,,,,,,,,,,,,,,,,,,,,,,,,,,,,,,,,,,,,,,,,,
1769162274.069828,1769162274.07085,68.0,0.0,4299.487305,4298.077148,4369.487305,4333.589844,4278.717773,4280.256348,4294.871582,4284.102539,4291.025879,4279.102539,4570.897461,4544.487305,4413.589844,4505.769043,,,,,,,,,,,,,,,,,,,,,,,,,,,,,,,,,,,,,,,,,,,,,,,,,,,,,,,,,,,,,,,,,,,,,,
1769162274.077637,1769162274.078659,69.0,0.0,4307.692383,4302.307617,4376.794922,4341.153809,4278.461426,4275.641113,4293.974121,4285.897461,4291.538574,4284.487305,4572.692383,4555.384766,4415.897461,4507.820313,,,,,,,,,,,,,,,,,,,,,,,,,,,,,,,,,,,,,,,,,,,,,,,,,,,,,,,,,,,,,,,,,,,,,,
1769162274.085445,1769162274.086367,70.0,0.0,4304.487305,4299.358887,4374.871582,4337.307617,4278.461426,4280.0,4303.461426,4295.641113,4291.922852,4277.94873,4573.589844,4553.846191,4423.077148,4507.307617,,,,,,,,,,,,,,,,,,,,,,,,,,,,,,,,,,,,,,,,,,,,,,,,,,,,,,,,,,,,,,,,,,,,,,
1769162274.093253,1769162274.094176,71.0,0.0,4295.897461,4294.871582,4371.666504,4328.333496,4275.0,4283.205078,4305.769043,4295.641113,4295.0,4276.922852,4573.077148,4542.692383,4422.179688,4506.025879,,,,,,,,,,,,,,,,,,,,,,,,,,,,,,,,,,,,,,,,,,,,,,,,,,,,,,,,,,,,,,,,,,,,,,
1769162274.101062,1769162274.102184,72.0,0.0,4295.769043,4296.153809,4374.102539,4326.538574,4276.282227,4278.205078,4297.179688,4283.589844,4290.641113,4278.461426,4573.077148,4539.230957,4416.025879,4507.05127,,,,,,,,,,,,,,,,,,,,,,,,,,,,,,,,,,,,,,,,,,,,,,,,,,,,,,,,,,,,,,,,,,,,,,
1769162274.10887,1769162274.109993,73.0,0.0,4298.333496,4295.897461,4376.282227,4330.128418,4277.05127,4273.205078,4293.974121,4276.666504,4280.512695,4267.179688,4572.820313,4543.205078,4416.410156,4507.179688,,,,,,,,,,,,,,,,,,,,,,,,,,,,,,,,,,,,,,,,,,,,,,,,,,,,,,,,,,,,,,,,,,,,,,
1769162274.116679,1769162274.117701,74.0,0.0,4294.358887,4288.717773,4372.179688,4328.461426,4271.025879,4275.769043,4297.05127,4279.871582,4278.333496,4267.692383,4571.666504,4540.512695,4418.974121,4506.794922,,,,,,,,,,,,,,,,,,,,,,,,,,,,,,,,,,,,,,,,,,,,,,,,,,,,,,,,,,,,,,,,,,,,,,
1769162274.124488,1769162274.12551,75.0,0.0,4290.641113,4287.820313,4369.615234,4323.974121,4267.179688,4280.128418,4298.077148,4283.589844,4283.461426,4278.974121,4572.436035,4537.692383,4417.436035,4502.179688,,,,,,,,,,,,,,,,,,,,,,,,,,,,,,,,,,,,,,,,,,,,,,,,,,,,,,,,,,,,,,,,,,,,,,
1769162274.132296,1769162274.133118,76.0,0.0,4288.461426,4290.641113,4371.410156,4326.922852,4269.230957,4277.563965,4296.410156,4280.897461,4281.025879,4271.153809,4570.897461,4538.461426,4414.615234,4495.897461,,,,,,,,,,,,,,,,,,,,,,,,,,,,,,,,,,,,,,,,,,,,,,,,,,,,,,,,,,,,,,,,,,,,,,
1769162274.140104,1769162274.140927,77.0,0.0,4283.717773,4283.333496,4367.94873,4327.05127,4266.538574,4271.410156,4296.794922,4277.94873,4274.230957,4257.179688,4560.384766,4531.538574,4408.717773,4490.641113,,,,,,,,,,,,,,,,,,,,,,,,,,,,,,,,,,,,,,,,,,,,,,,,,,,,,,,,,,,,,,,,,,,,,,
1769162274.147913,1769162274.148635,78.0,0.0,4276.922852,4275.384766,4362.692383,4316.922852,4261.538574,4273.717773,4302.820313,4288.974121,4283.974121,4267.692383,4557.436035,4527.307617,4403.974121,4488.717773,0.706032,0.379994,0.168479,0.173447,0.117538,0.735998,0.285062,0.135422,0.121146,0.094685,0.343909,0.181739,0.0993,0.104394,0.058855,0.289643,0.206681,0.111369,0.11215,0.101915,0.140693,0.097717,0.079011,0.125618,0.044963,0.134627,0.187127,0.117378,0.377748,0.181765,0.491491,0.36532,0.096408,0.073011,0.090734,0.194212,0.364181,0.151073,0.164146,0.28104,0.256324,0.251304,0.139091,0.165615,0.247499,0.482537,0.299853,0.257451,0.268068,0.316838,0.59911,0.450366,0.263177,0.210135,0.244636,0.664577,0.652515,0.240839,0.288476,0.222974,0.824407,0.419331,0.360754,0.225351,0.235664,0.573089,0.445953,0.44259,0.24326,0.213771
1769162274.155721,1769162274.156444,79.0,0.0,4276.794922,4278.205078,4366.538574,4314.102539,4263.205078,4280.641113,4306.666504,4298.717773,4294.102539,4282.692383,4568.846191,4536.538574,4412.05127,4496.410156,,,,,,,,,,,,,,,,,,,,,,,,,,,,,,,,,,,,,,,,,,,,,,,,,,,,,,,,,,,,,,,,,,,,,,
1769162274.16353,1769162274.164452,80.0,0.0,4287.820313,4281.922852,4375.512695,4325.512695,4263.717773,4274.615234,4300.256348,4294.487305,4293.717773,4279.615234,4574.871582,4543.717773,4425.128418,4509.102539,,,,,,,,,,,,,,,,,,,,,,,,,,,,,,,,,,,,,,,,,,,,,,,,,,,,,,,,,,,,,,,,,,,,,,
1769162274.171338,1769162274.17226,81.0,0.0,4294.615234,4281.025879,4381.538574,4330.512695,4261.025879,4264.615234,4295.256348,4290.256348,4292.563965,4277.307617,4571.153809,4540.384766,4422.307617,4511.025879,,,,,,,,,,,,,,,,,,,,,,,,,,,,,,,,,,,,,,,,,,,,,,,,,,,,,,,,,,,,,,,,,,,,,,
1769162274.179147,1769162274.180169,82.0,0.0,4291.666504,4286.666504,4382.05127,4322.820313,4262.692383,4269.615234,4296.666504,4291.410156,4287.179688,4280.128418,4571.282227,4537.436035,4412.179688,4502.94873,,,,,,,,,,,,,,,,,,,,,,,,,,,,,,,,,,,,,,,,,,,,,,,,,,,,,,,,,,,,,,,,,,,,,,
1769162274.186955,1769162274.187977,83.0,0.0,4289.743652,4294.743652,4380.256348,4323.461426,4266.025879,4279.743652,4297.05127,4290.256348,4280.384766,4280.769043,4573.974121,4538.077148,4415.512695,4504.102539,,,,,,,,,,,,,,,,,,,,,,,,,,,,,,,,,,,,,,,,,,,,,,,,,,,,,,,,,,,,,,,,,,,,,,
1769162274.194764,1769162274.195985,84.0,0.0,4290.641113,4295.0,4381.153809,4330.641113,4264.871582,4281.794922,4296.282227,4289.102539,4284.615234,4282.436035,4569.871582,4538.974121,4418.974121,4510.384766,,,,,,,,,,,,,,,,,,,,,,,,,,,,,,,,,,,,,,,,,,,,,,,,,,,,,,,,,,,,,,,,,,,,,,
1769162274.202572,1769162274.203794,85.0,0.0,4293.589844,4290.769043,4385.0,4328.974121,4263.205078,4275.512695,4296.538574,4292.692383,4291.922852,4278.461426,4567.436035,4543.974121,4415.512695,4507.563965,,,,,,,,,,,,,,,,,,,,,,,,,,,,,,,,,,,,,,,,,,,,,,,,,,,,,,,,,,,,,,,,,,,,,,
1769162274.21038,1769162274.211702,86.0,0.0,4294.871582,4284.230957,4382.820313,4323.205078,4264.230957,4269.615234,4296.794922,4294.743652,4287.307617,4267.179688,4568.717773,4539.358887,4412.692383,4499.743652,,,,,,,,,,,,,,,,,,,,,,,,,,,,,,,,,,,,,,,,,,,,,,,,,,,,,,,,,,,,,,,,,,,,,,
1769162274.218189,1769162274.219511,87.0,0.0,4284.102539,4278.589844,4374.230957,4322.307617,4263.077148,4273.974121,4296.538574,4285.512695,4278.846191,4265.384766,4559.743652,4525.897461,4406.153809,4490.897461,,,,,,,,,,,,,,,,,,,,,,,,,,,,,,,,,,,,,,,,,,,,,,,,,,,,,,,,,,,,,,,,,,,,,,
1769162274.225997,1769162274.227219,88.0,0.0,4277.179688,4282.563965,4375.256348,4327.05127,4263.717773,4282.307617,4293.846191,4275.897461,4277.05127,4273.717773,4552.05127,4525.897461,4400.769043,4488.974121,,,,,,,,,,,,,,,,,,,,,,,,,,,,,,,,,,,,,,,,,,,,,,,,,,,,,,,,,,,,,,,,,,,,,,
1769162274.233806,1769162274.235028,89.0,0.0,4289.358887,4289.230957,4387.307617,4329.871582,4264.487305,4283.333496,4295.0,4283.589844,4283.333496,4273.974121,4561.025879,4539.615234,4411.025879,4497.436035,,,,,,,,,,,,,,,,,,,,,,,,,,,,,,,,,,,,,,,,,,,,,,,,,,,,,,,,,,,,,,,,,,,,,,
1769162274.241614,1769162274.242736,90.0,0.0,4292.05127,4282.692383,4391.153809,4327.820313,4259.358887,4280.512695,4299.102539,4289.871582,4285.384766,4262.94873,4563.333496,4541.666504,4413.846191,4501.666504,,,,,,,,,,,,,,,,,,,,,,,,,,,,,,,,,,,,,,,,,,,,,,,,,,,,,,,,,,,,,,,,,,,,,,
1769162274.249423,1769162274.250545,91.0,0.0,4280.897461,4278.333496,4385.641113,4325.384766,4259.230957,4280.256348,4297.307617,4281.666504,4277.563965,4261.922852,4553.717773,4532.94873,4400.641113,4493.846191,,,,,,,,,,,,,,,,,,,,,,,,,,,,,,,,,,,,,,,,,,,,,,,,,,,,,,,,,,,,,,,,,,,,,,
1769162274.257231,1769162274.258153,92.0,0.0,4282.692383,4287.436035,4386.538574,4325.897461,4261.922852,4279.358887,4295.512695,4281.794922,4278.974121,4274.743652,4559.871582,4534.102539,4401.153809,4491.282227,,,,,,,,,,,,,,,,,,,,,,,,,,,,,,,,,,,,,,,,,,,,,,,,,,,,,,,,,,,,,,,,,,,,,,
1769162274.26504,1769162274.265962,93.0,0.0,4289.743652,4289.102539,4393.589844,4326.666504,4254.871582,4281.282227,4298.205078,4296.282227,4290.512695,4281.410156,4574.230957,4542.05127,4413.846191,4499.743652,,,,,,,,,,,,,,,,,,,,,,,,,,,,,,,,,,,,,,,,,,,,,,,,,,,,,,,,,,,,,,,,,,,,,,
1769162274.272848,1769162274.27367,94.0,0.0,4286.282227,4281.794922,4394.615234,4325.769043,4249.102539,4280.0,4297.179688,4296.922852,4293.333496,4281.922852,4568.717773,4544.871582,4415.897461,4501.410156,0.660949,0.377663,0.163309,0.201119,0.135761,0.784329,0.283311,0.126716,0.115474,0.097104,0.3321,0.17348,0.096455,0.09295,0.068601,0.352165,0.176999,0.115179,0.10385,0.124662,0.131637,0.084056,0.058988,0.102718,0.044066,0.138672,0.182726,0.095454,0.369852,0.176368,0.438691,0.345372,0.07281,0.078957,0.089667,0.174533,0.35953,0.135837,0.152853,0.279021,0.231976,0.216272,0.118587,0.179337,0.260028,0.412434,0.244678,0.277494,0.277411,0.333636,0.656706,0.391057,0.215956,0.211781,0.259074,0.716968,0.635517,0.185982,0.299033,0.239666,0.892341,0.362806,0.302445,0.223769,0.241205,0.650458,0.432647,0.299999,0.249667,0.222961
1769162274.280656,1769162274.281479,95.0,0.0,4278.974121,4280.897461,4388.974121,4325.769043,4251.666504,4271.538574,4293.205078,4282.05127,4283.717773,4279.102539,4556.153809,4533.717773,4410.256348,4494.102539,,,,,,,,,,,,,,,,,,,,,,,,,,,,,,,,,,,,,,,,,,,,,,,,,,,,,,,,,,,,,,,,,,,,,,
1769162274.288465,1769162274.289087,96.0,0.0,4280.384766,4283.974121,4387.05127,4328.461426,4252.179688,4273.461426,4295.641113,4278.333496,4277.563965,4267.692383,4556.025879,4520.128418,4406.538574,4491.282227,,,,,,,,,,,,,,,,,,,,,,,,,,,,,,,,,,,,,,,,,,,,,,,,,,,,,,,,,,,,,,,,,,,,,,
1769162274.296273,1769162274.296896,97.0,0.0,4289.230957,4283.205078,4393.333496,4328.205078,4250.641113,4282.94873,4297.436035,4286.153809,4278.333496,4265.128418,4558.589844,4528.846191,4404.615234,4492.692383,,,,,,,,,,,,,,,,,,,,,,,,,,,,,,,,,,,,,,,,,,,,,,,,,,,,,,,,,,,,,,,,,,,,,,
1769162274.304082,1769162274.304804,98.0,0.0,4291.153809,4282.820313,4399.743652,4325.128418,4251.922852,4280.384766,4292.563965,4285.641113,4279.615234,4276.282227,4556.666504,4539.358887,4405.128418,4493.205078,,,,,,,,,,,,,,,,,,,,,,,,,,,,,,,,,,,,,,,,,,,,,,,,,,,,,,,,,,,,,,,,,,,,,,
1769162274.31189,1769162274.312613,99.0,0.0,4281.794922,4281.410156,4395.769043,4325.384766,4250.641113,4269.871582,4292.179688,4280.384766,4278.077148,4275.128418,4555.641113,4528.077148,4403.205078,4493.333496,,,,,,,,,,,,,,,,,,,,,,,,,,,,,,,,,,,,,,,,,,,,,,,,,,,,,,,,,,,,,,,,,,,,,,
1769162274.319699,1769162274.320221,100.0,0.0,4276.922852,4279.487305,4390.0,4328.205078,4248.205078,4271.666504,4297.307617,4279.487305,4271.153809,4264.230957,4556.153809,4517.94873,4395.512695,4493.077148,,,,,,,,,,,,,,,,,,,,,,,,,,,,,,,,,,,,,,,,,,,,,,,,,,,,,,,,,,,,,,,,,,,,,,
1769162274.327507,1769162274.32803,101.0,0.0,4279.615234,4278.205078,4392.179688,4326.410156,4249.230957,4282.436035,4296.410156,4280.512695,4264.230957,4263.846191,4551.794922,4521.410156,4389.230957,4484.487305,,,,,,,,,,,,,,,,,,,,,,,,,,,,,,,,,,,,,,,,,,,,,,,,,,,,,,,,,,,,,,,,,,,,,,
1769162274.335316,1769162274.335738,102.0,0.0,4276.282227,4273.717773,4395.0,4323.077148,4247.563965,4281.922852,4292.94873,4285.897461,4267.94873,4261.538574,4548.846191,4521.410156,4387.692383,4477.436035,,,,,,,,,,,,,,,,,,,,,,,,,,,,,,,,,,,,,,,,,,,,,,,,,,,,,,,,,,,,,,,,,,,,,,
1769162274.343124,1769162274.343547,103.0,0.0,4276.410156,4272.94873,4394.230957,4324.102539,4243.846191,4269.871582,4293.077148,4289.615234,4275.769043,4260.256348,4554.358887,4520.897461,4388.846191,4482.692383,,,,,,,,,,,,,,,,,,,,,,,,,,,,,,,,,,,,,,,,,,,,,,,,,,,,,,,,,,,,,,,,,,,,,,
1769162274.350932,1769162274.351555,104.0,0.0,4277.436035,4277.692383,4394.358887,4324.743652,4244.230957,4265.641113,4293.461426,4281.282227,4269.743652,4268.589844,4553.205078,4521.538574,4388.333496,4484.615234,,,,,,,,,,,,,,,,,,,,,,,,,,,,,,,,,,,,,,,,,,,,,,,,,,,,,,,,,,,,,,,,,,,,,,
1769162274.358741,1769162274.359363,105.0,0.0,4268.461426,4279.743652,4395.512695,4324.102539,4247.179688,4277.179688,4293.846191,4275.0,4261.666504,4264.487305,4547.05127,4519.615234,4390.128418,4478.077148,,,,,,,,,,,,,,,,,,,,,,,,,,,,,,,,,,,,,,,,,,,,,,,,,,,,,,,,,,,,,,,,,,,,,,
1769162274.366549,1769162274.367272,106.0,0.0,4269.871582,4277.94873,4396.025879,4326.794922,4245.384766,4282.05127,4295.384766,4279.487305,4266.153809,4259.102539,4551.025879,4522.307617,4395.641113,4478.717773,,,,,,,,,,,,,,,,,,,,,,,,,,,,,,,,,,,,,,,,,,,,,,,,,,,,,,,,,,,,,,,,,,,,,,
1769162274.374358,1769162274.37508,107.0,0.0,4281.025879,4278.333496,4397.307617,4329.615234,4244.871582,4273.333496,4294.615234,4282.563965,4269.871582,4268.461426,4552.05127,4523.589844,4396.666504,4481.538574,,,,,,,,,,,,,,,,,,,,,,,,,,,,,,,,,,,,,,,,,,,,,,,,,,,,,,,,,,,,,,,,,,,,,,
1769162274.382166,1769162274.383088,108.0,0.0,4273.461426,4278.846191,4396.410156,4326.666504,4247.05127,4265.641113,4292.692383,4278.846191,4263.461426,4271.410156,4543.077148,4518.717773,4393.974121,4477.307617,,,,,,,,,,,,,,,,,,,,,,,,,,,,,,,,,,,,,,,,,,,,,,,,,,,,,,,,,,,,,,,,,,,,,,
1769162274.389975,1769162274.390897,109.0,0.0,4262.436035,4276.794922,4393.846191,4323.974121,4243.077148,4266.794922,4293.077148,4279.871582,4262.307617,4267.692383,4545.384766,4519.871582,4394.871582,4478.974121,,,,,,,,,,,,,,,,,,,,,,,,,,,,,,,,,,,,,,,,,,,,,,,,,,,,,,,,,,,,,,,,,,,,,,
1769162274.397783,1769162274.398805,110.0,0.0,4271.410156,4276.282227,4395.641113,4326.153809,4240.384766,4271.538574,4293.461426,4283.333496,4268.077148,4265.128418,4552.692383,4521.153809,4396.922852,4479.743652,0.613109,0.365228,0.162172,0.230739,0.158221,0.83644,0.283537,0.116666,0.116352,0.100511,0.327355,0.155688,0.093844,0.080616,0.082164,0.41683,0.150714,0.120502,0.098086,0.148956,0.133782,0.074721,0.044173,0.081088,0.046151,0.154027,0.176715,0.072842,0.335287,0.17587,0.362597,0.314884,0.05669,0.082781,0.087702,0.148329,0.335074,0.115817,0.137348,0.256667,0.226067,0.189345,0.109406,0.195258,0.262752,0.326062,0.202902,0.292141,0.292984,0.355231,0.684826,0.31857,0.185996,0.212496,0.269638,0.744483,0.589124,0.150395,0.305939,0.253185,0.91542,0.315423,0.248367,0.214523,0.244004,0.739076,0.437924,0.19119,0.256673,0.227264
1769162274.405592,1769162274.406614,111.0,0.0,4277.179688,4280.384766,4395.769043,4324.615234,4242.436035,4278.974121,4296.025879,4284.871582,4269.358887,4263.974121,4549.743652,4515.512695,4397.436035,4475.384766,,,,,,,,,,,,,,,,,,,,,,,,,,,,,,,,,,,,,,,,,,,,,,,,,,,,,,,,,,,,,,,,,,,,,,
1769162274.4134,1769162274.414622,112.0,0.0,4272.307617,4279.358887,4393.589844,4320.256348,4237.692383,4278.461426,4297.307617,4289.102539,4271.153809,4271.538574,4552.820313,4517.05127,4397.563965,4483.717773,,,,,,,,,,,,,,,,,,,,,,,,,,,,,,,,,,,,,,,,,,,,,,,,,,,,,,,,,,,,,,,,,,,,,,
1769162274.421209,1769162274.42243,113.0,0.0,4274.615234,4269.358887,4395.256348,4320.384766,4231.666504,4268.589844,4294.487305,4288.589844,4272.692383,4277.563965,4560.128418,4525.512695,4398.333496,4497.05127,,,,,,,,,,,,,,,,,,,,,,,,,,,,,,,,,,,,,,,,,,,,,,,,,,,,,,,,,,,,,,,,,,,,,,
1769162274.429017,1769162274.430339,114.0,0.0,4275.769043,4266.666504,4397.94873,4320.256348,4235.256348,4270.0,4297.05127,4281.410156,4267.436035,4272.307617,4557.563965,4526.666504,4398.077148,4495.641113,,,,,,,,,,,,,,,,,,,,,,,,,,,,,,,,,,,,,,,,,,,,,,,,,,,,,,,,,,,,,,,,,,,,,,
1769162274.436825,1769162274.438147,115.0,0.0,4270.897461,4271.153809,4396.410156,4317.436035,4238.461426,4279.102539,4302.307617,4283.846191,4267.692383,4273.205078,4552.820313,4521.922852,4396.282227,4488.077148,,,,,,,,,,,,,,,,,,,,,,,,,,,,,,,,,,,,,,,,,,,,,,,,,,,,,,,,,,,,,,,,,,,,,,
1769162274.444634,1769162274.445756,116.0,0.0,4273.589844,4274.358887,4395.256348,4319.230957,4236.794922,4280.512695,4301.666504,4293.589844,4276.794922,4285.256348,4558.077148,4522.436035,4399.871582,4490.0,,,,,,,,,,,,,,,,,,,,,,,,,,,,,,,,,,,,,,,,,,,,,,,,,,,,,,,,,,,,,,,,,,,,,,
1769162274.452442,1769162274.453564,117.0,0.0,4278.461426,4277.563965,4398.589844,4322.307617,4238.205078,4276.282227,4296.025879,4292.94873,4278.589844,4283.974121,4562.307617,4525.0,4404.743652,4493.461426,,,,,,,,,,,,,,,,,,,,,,,,,,,,,,,,,,,,,,,,,,,,,,,,,,,,,,,,,,,,,,,,,,,,,,
1769162274.460251,1769162274.461273,118.0,0.0,4276.282227,4278.205078,4401.794922,4321.282227,4236.666504,4271.794922,4294.871582,4291.282227,4276.153809,4274.743652,4557.820313,4524.358887,4402.307617,4494.615234,,,,,,,,,,,,,,,,,,,,,,,,,,,,,,,,,,,,,,,,,,,,,,,,,,,,,,,,,,,,,,,,,,,,,,
1769162274.468059,1769162274.469081,119.0,0.0,4278.461426,4281.410156,4406.153809,4323.717773,4236.153809,4275.897461,4302.563965,4294.358887,4279.230957,4280.897461,4558.974121,4523.461426,4402.692383,4496.666504,,,,,,,,,,,,,,,,,,,,,,,,,,,,,,,,,,,,,,,,,,,,,,,,,,,,,,,,,,,,,,,,,,,,,,
1769162274.475868,1769162274.47669,120.0,0.0,4284.358887,4289.358887,4407.563965,4329.743652,4241.025879,4286.025879,4302.820313,4289.358887,4278.333496,4294.871582,4566.025879,4521.538574,4410.256348,4496.666504,,,,,,,,,,,,,,,,,,,,,,,,,,,,,,,,,,,,,,,,,,,,,,,,,,,,,,,,,,,,,,,,,,,,,,
1769162274.483676,1769162274.484498,121.0,0.0,4282.692383,4288.333496,4400.512695,4328.333496,4240.128418,4287.563965,4297.05127,4289.615234,4276.282227,4288.846191,4565.641113,4520.897461,4412.94873,4492.436035,,,,,,,,,,,,,,,,,,,,,,,,,,,,,,,,,,,,,,,,,,,,,,,,,,,,,,,,,,,,,,,,,,,,,,
1769162274.491485,1769162274.492207,122.0,0.0,4276.282227,4277.179688,4399.871582,4322.563965,4234.230957,4280.641113,4300.897461,4297.307617,4279.230957,4272.436035,4561.922852,4525.0,4409.615234,4490.512695,,,,,,,,,,,,,,,,,,,,,,,,,,,,,,,,,,,,,,,,,,,,,,,,,,,,,,,,,,,,,,,,,,,,,,
1769162274.499293,1769162274.500015,123.0,0.0,4278.589844,4277.692383,4409.487305,4324.615234,4234.743652,4278.974121,4306.282227,4296.153809,4280.512695,4284.615234,4563.846191,4529.102539,4410.256348,4497.307617,,,,,,,,,,,,,,,,,,,,,,,,,,,,,,,,,,,,,,,,,,,,,,,,,,,,,,,,,,,,,,,,,,,,,,
1769162274.507101,1769162274.508024,124.0,0.0,4282.692383,4284.743652,4406.922852,4328.461426,4236.666504,4281.922852,4302.436035,4293.461426,4277.563965,4301.025879,4563.846191,4525.384766,4410.128418,4499.615234,,,,,,,,,,,,,,,,,,,,,,,,,,,,,,,,,,,,,,,,,,,,,,,,,,,,,,,,,,,,,,,,,,,,,,
1769162274.51491,1769162274.515832,125.0,0.0,4271.153809,4276.410156,4390.384766,4321.282227,4234.230957,4281.922852,4301.282227,4298.461426,4279.871582,4294.102539,4561.666504,4520.384766,4409.487305,4489.871582,,,,,,,,,,,,,,,,,,,,,,,,,,,,,,,,,,,,,,,,,,,,,,,,,,,,,,,,,,,,,,,,,,,,,,
1769162274.522718,1769162274.523541,126.0,0.0,4258.846191,4264.358887,4386.666504,4315.384766,4234.871582,4274.487305,4307.94873,4301.410156,4285.512695,4289.358887,4567.563965,4522.820313,4408.846191,4484.230957,0.57623,0.352014,0.165621,0.252105,0.179204,0.869138,0.28972,0.111561,0.124646,0.104222,0.330225,0.141875,0.091972,0.072308,0.097652,0.470397,0.128866,0.125842,0.0994,0.170209,0.156448,0.072411,0.037095,0.0653,0.05054,0.180048,0.162016,0.052905,0.280717,0.18288,0.281927,0.277982,0.0517,0.083896,0.084711,0.130557,0.304646,0.097265,0.121831,0.223279,0.240346,0.182246,0.111249,0.209302,0.253571,0.248611,0.198723,0.293577,0.315021,0.377987,0.664545,0.258851,0.177351,0.21074,0.272774,0.764965,0.530026,0.133757,0.3112,0.261123,0.869339,0.285646,0.206843,0.200359,0.239243,0.798471,0.466733,0.131968,0.266728,0.224166
1769162274.530527,1769162274.531349,127.0,0.0,4268.077148,4269.102539,4397.820313,4321.025879,4234.487305,4263.333496,4305.256348,4294.358887,4281.538574,4287.307617,4567.94873,4525.128418,4405.641113,4491.538574,,,,,,,,,,,,,,,,,,,,,,,,,,,,,,,,,,,,,,,,,,,,,,,,,,,,,,,,,,,,,,,,,,,,,,
1769162274.538335,1769162274.538958,0.0,0.0,4282.94873,4281.153809,4405.0,4326.794922,4231.282227,4266.922852,4298.205078,4287.94873,4271.538574,4279.230957,4558.333496,4523.077148,4406.922852,4495.0,,,,,,,,,,,,,,,,,,,,,,,,,,,,,,,,,,,,,,,,,,,,,,,,,,,,,,,,,,,,,,,,,,,,,,
1769162274.546144,1769162274.546766,1.0,0.0,4283.846191,4283.333496,4403.846191,4327.05127,4233.461426,4284.871582,4304.871582,4288.846191,4272.179688,4277.820313,4556.538574,4523.205078,4412.94873,4492.436035,,,,,,,,,,,,,,,,,,,,,,,,,,,,,,,,,,,,,,,,,,,,,,,,,,,,,,,,,,,,,,,,,,,,,,
1769162274.553952,1769162274.554475,2.0,0.0,4278.205078,4279.230957,4398.205078,4326.794922,4236.666504,4288.205078,4311.025879,4296.282227,4281.410156,4278.205078,4567.436035,4526.153809,4414.615234,4498.077148,,,,,,,,,,,,,,,,,,,,,,,,,,,,,,,,,,,,,,,,,,,,,,,,,,,,,,,,,,,,,,,,,,,,,,
1769162274.561761,1769162274.562283,3.0,0.0,4273.846191,4279.487305,4395.641113,4325.128418,4236.794922,4277.692383,4302.179688,4300.769043,4283.717773,4281.153809,4572.94873,4526.153809,4412.692383,4506.025879,,,,,,,,,,,,,,,,,,,,,,,,,,,,,,,,,,,,,,,,,,,,,,,,,,,,,,,,,,,,,,,,,,,,,,
1769162274.569569,1769162274.570291,4.0,0.0,4276.794922,4282.820313,4404.230957,4326.922852,4236.025879,4276.282227,4294.102539,4295.0,4280.769043,4288.333496,4571.666504,4525.0,4416.410156,4508.846191,,,,,,,,,,,,,,,,,,,,,,,,,,,,,,,,,,,,,,,,,,,,,,,,,,,,,,,,,,,,,,,,,,,,,,
1769162274.577377,1769162274.5781,5.0,0.0,4286.282227,4283.589844,4414.743652,4331.410156,4235.384766,4280.128418,4301.410156,4289.871582,4280.0,4282.563965,4572.179688,4525.128418,4416.282227,4504.230957,,,,,,,,,,,,,,,,,,,,,,,,,,,,,,,,,,,,,,,,,,,,,,,,,,,,,,,,,,,,,,,,,,,,,,
1769162274.585186,1769162274.586008,6.0,0.0,4286.025879,4278.589844,4410.641113,4328.077148,4233.717773,4279.230957,4310.769043,4292.307617,4277.692383,4272.94873,4561.794922,4524.230957,4405.769043,4494.615234,,,,,,,,,,,,,,,,,,,,,,,,,,,,,,,,,,,,,,,,,,,,,,,,,,,,,,,,,,,,,,,,,,,,,,
1769162274.592994,1769162274.593817,7.0,0.0,4278.717773,4276.794922,4402.05127,4322.563965,4232.94873,4276.025879,4307.692383,4290.0,4273.333496,4276.538574,4552.563965,4523.333496,4404.871582,4492.05127,,,,,,,,,,,,,,,,,,,,,,,,,,,,,,,,,,,,,,,,,,,,,,,,,,,,,,,,,,,,,,,,,,,,,,
1769162274.600803,1769162274.601825,8.0,0.0,4275.641113,4279.487305,4404.358887,4324.230957,4232.94873,4271.794922,4299.102539,4281.922852,4273.333496,4283.974121,4563.589844,4524.871582,4413.205078,4498.717773,,,,,,,,,,,,,,,,,,,,,,,,,,,,,,,,,,,,,,,,,,,,,,,,,,,,,,,,,,,,,,,,,,,,,,
1769162274.608611,1769162274.609633,9.0,0.0,4276.025879,4277.820313,4409.487305,4323.717773,4234.487305,4273.974121,4302.820313,4284.230957,4275.897461,4277.563965,4572.436035,4525.897461,4412.692383,4502.692383,,,,,,,,,,,,,,,,,,,,,,,,,,,,,,,,,,,,,,,,,,,,,,,,,,,,,,,,,,,,,,,,,,,,,,
1769162274.61642,1769162274.617342,10.0,0.0,4285.897461,4281.153809,4410.897461,4325.769043,4236.922852,4282.179688,4312.179688,4290.769043,4278.077148,4266.025879,4568.333496,4523.846191,4409.102539,4503.846191,,,,,,,,,,,,,,,,,,,,,,,,,,,,,,,,,,,,,,,,,,,,,,,,,,,,,,,,,,,,,,,,,,,,,,
1769162274.624228,1769162274.62515,11.0,0.0,4295.384766,4290.128418,4412.436035,4333.717773,4234.615234,4272.692383,4303.717773,4285.512695,4278.461426,4270.897461,4563.589844,4527.436035,4414.358887,4507.05127,,,,,,,,,,,,,,,,,,,,,,,,,,,,,,,,,,,,,,,,,,,,,,,,,,,,,,,,,,,,,,,,,,,,,,
1769162274.632037,1769162274.632759,12.0,0.0,4288.461426,4289.615234,4411.025879,4334.871582,4231.922852,4260.0,4293.333496,4283.077148,4276.922852,4284.487305,4562.563965,4532.307617,4416.922852,4509.743652,,,,,,,,,,,,,,,,,,,,,,,,,,,,,,,,,,,,,,,,,,,,,,,,,,,,,,,,,,,,,,,,,,,,,,
1769162274.639845,1769162274.640567,13.0,0.0,4277.179688,4282.563965,4407.692383,4329.230957,4231.410156,4270.384766,4300.256348,4292.307617,4277.563965,4284.102539,4564.358887,4527.692383,4412.05127,4510.128418,,,,,,,,,,,,,,,,,,,,,,,,,,,,,,,,,,,,,,,,,,,,,,,,,,,,,,,,,,,,,,,,,,,,,,
1769162274.647654,1769162274.648276,14.0,0.0,4277.692383,4280.0,4408.333496,4327.307617,4230.128418,4286.153809,4308.717773,4291.922852,4278.589844,4276.666504,4568.205078,4523.333496,4410.897461,4503.205078,0.562751,0.355992,0.170412,0.259795,0.194818,0.87072,0.313369,0.116457,0.137353,0.107647,0.363366,0.1445,0.091708,0.070175,0.112404,0.496742,0.116416,0.127493,0.10816,0.183668,0.205677,0.076657,0.037365,0.056222,0.055489,0.211753,0.137571,0.037671,0.219504,0.197937,0.202024,0.239407,0.05711,0.082088,0.081338,0.132648,0.285729,0.086801,0.110437,0.193398,0.27544,0.204797,0.11999,0.216256,0.235682,0.19772,0.249356,0.277501,0.338479,0.398779,0.594814,0.233625,0.18655,0.203949,0.267257,0.791729,0.478482,0.127513,0.313358,0.264953,0.756342,0.285159,0.178054,0.183698,0.226715,0.811666,0.523871,0.122169,0.279235,0.214096
1769162274.655462,1769162274.656084,15.0,0.0,4283.589844,4279.743652,4407.692383,4328.205078,4230.0,4280.641113,4307.436035,4282.692383,4276.410156,4276.794922,4568.077148,4523.461426,4413.077148,4497.692383,,,,,,,,,,,,,,,,,,,,,,,,,,,,,,,,,,,,,,,,,,,,,,,,,,,,,,,,,,,,,,,,,,,,,,
1769162274.663271,1769162274.663693,16.0,0.0,4282.307617,4278.461426,4404.358887,4326.153809,4231.410156,4267.307617,4306.153809,4287.692383,4276.922852,4274.487305,4564.743652,4523.974121,4412.563965,4502.436035,,,,,,,,,,,,,,,,,,,,,,,,,,,,,,,,,,,,,,,,,,,,,,,,,,,,,,,,,,,,,,,,,,,,,,
1769162274.671079,1769162274.671501,17.0,0.0,4276.025879,4280.128418,4406.410156,4322.94873,4231.538574,4269.358887,4308.846191,4297.307617,4280.641113,4277.692383,4564.615234,4530.128418,4410.897461,4507.179688,,,,,,,,,,,,,,,,,,,,,,,,,,,,,,,,,,,,,,,,,,,,,,,,,,,,,,,,,,,,,,,,,,,,,,
1769162274.678887,1769162274.67921,18.0,0.0,4282.94873,4284.743652,4412.692383,4322.820313,4231.666504,4273.205078,4309.615234,4296.282227,4281.794922,4284.743652,4567.179688,4539.743652,4412.436035,4507.563965,,,,,,,,,,,,,,,,,,,,,,,,,,,,,,,,,,,,,,,,,,,,,,,,,,,,,,,,,,,,,,,,,,,,,,
1769162274.686696,1769162274.687018,19.0,0.0,4294.615234,4287.820313,4412.94873,4326.794922,4233.461426,4269.871582,4307.179688,4293.974121,4282.05127,4277.563965,4570.128418,4539.230957,4416.025879,4507.692383,,,,,,,,,,,,,,,,,,,,,,,,,,,,,,,,,,,,,,,,,,,,,,,,,,,,,,,,,,,,,,,,,,,,,,
1769162274.694504,1769162274.695027,20.0,0.0,4286.666504,4287.94873,4411.153809,4327.692383,4232.436035,4267.820313,4306.410156,4294.102539,4280.769043,4279.230957,4570.0,4534.487305,4420.769043,4507.563965,,,,,,,,,,,,,,,,,,,,,,,,,,,,,,,,,,,,,,,,,,,,,,,,,,,,,,,,,,,,,,,,,,,,,,
1769162274.702313,1769162274.702835,21.0,0.0,4278.333496,4287.307617,4413.333496,4324.615234,4228.461426,4268.974121,4308.077148,4291.794922,4277.05127,4289.358887,4568.717773,4537.179688,4425.0,4508.077148,,,,,,,,,,,,,,,,,,,,,,,,,,,,,,,,,,,,,,,,,,,,,,,,,,,,,,,,,,,,,,,,,,,,,,
1769162274.710121,1769162274.710743,22.0,0.0,4289.358887,4289.615234,4413.461426,4330.256348,4227.820313,4271.025879,4307.179688,4291.666504,4278.461426,4285.641113,4575.256348,4541.282227,4428.333496,4511.538574,,,,,,,,,,,,,,,,,,,,,,,,,,,,,,,,,,,,,,,,,,,,,,,,,,,,,,,,,,,,,,,,,,,,,,
1769162274.71793,1769162274.718552,23.0,0.0,4297.94873,4290.897461,4410.384766,4334.102539,4227.05127,4278.077148,4308.974121,4296.666504,4283.461426,4279.615234,4580.384766,4541.410156,4427.692383,4511.538574,,,,,,,,,,,,,,,,,,,,,,,,,,,,,,,,,,,,,,,,,,,,,,,,,,,,,,,,,,,,,,,,,,,,,,
1769162274.725738,1769162274.72656,24.0,0.0,4294.102539,4291.922852,4409.743652,4328.077148,4222.179688,4280.641113,4312.563965,4298.974121,4284.102539,4287.820313,4576.794922,4540.897461,4421.538574,4512.179688,,,,,,,,,,,,,,,,,,,,,,,,,,,,,,,,,,,,,,,,,,,,,,,,,,,,,,,,,,,,,,,,,,,,,,
1769162274.733547,1769162274.734369,25.0,0.0,4293.205078,4292.94873,4413.205078,4326.282227,4219.743652,4267.436035,4310.384766,4295.769043,4278.333496,4289.230957,4571.282227,4541.153809,4414.615234,4510.128418,,,,,,,,,,,,,,,,,,,,,,,,,,,,,,,,,,,,,,,,,,,,,,,,,,,,,,,,,,,,,,,,,,,,,,
1769162274.741355,1769162274.742077,26.0,0.0,4292.563965,4287.179688,4412.94873,4329.487305,4221.153809,4258.205078,4306.666504,4293.461426,4275.897461,4268.461426,4567.05127,4535.512695,4407.94873,4495.769043,,,,,,,,,,,,,,,,,,,,,,,,,,,,,,,,,,,,,,,,,,,,,,,,,,,,,,,,,,,,,,,,,,,,,,
1769162274.749164,1769162274.749886,27.0,0.0,4281.794922,4278.205078,4405.128418,4326.794922,4219.358887,4260.256348,4306.794922,4293.205078,4277.05127,4261.922852,4565.384766,4528.717773,4403.717773,4484.487305,,,,,,,,,,,,,,,,,,,,,,,,,,,,,,,,,,,,,,,,,,,,,,,,,,,,,,,,,,,,,,,,,,,,,,
1769162274.756972,1769162274.757894,28.0,0.0,4277.179688,4280.769043,4402.563965,4323.461426,4218.205078,4265.512695,4306.922852,4292.563965,4277.820313,4278.205078,4568.846191,4535.0,4408.461426,4495.512695,,,,,,,,,,,,,,,,,,,,,,,,,,,,,,,,,,,,,,,,,,,,,,,,,,,,,,,,,,,,,,,,,,,,,,
1769162274.76478,1769162274.765702,29.0,0.0,4289.615234,4289.487305,4409.743652,4326.922852,4221.025879,4267.820313,4307.307617,4293.717773,4276.282227,4282.820313,4567.692383,4540.256348,4414.358887,4506.922852,,,,,,,,,,,,,,,,,,,,,,,,,,,,,,,,,,,,,,,,,,,,,,,,,,,,,,,,,,,,,,,,,,,,,,
1769162274.772589,1769162274.773611,30.0,0.0,4297.307617,4287.436035,4410.256348,4328.717773,4220.0,4264.102539,4308.205078,4293.846191,4267.563965,4265.256348,4557.05127,4528.717773,4404.358887,4495.769043,0.576,0.386145,0.172099,0.254951,0.204897,0.842462,0.368455,0.131263,0.149014,0.110835,0.4102,0.168506,0.094668,0.073052,0.124755,0.493982,0.118819,0.122755,0.119641,0.186005,0.261085,0.084943,0.042852,0.051464,0.059243,0.253925,0.109211,0.030476,0.166319,0.220739,0.138135,0.202129,0.068354,0.07754,0.079015,0.158585,0.288019,0.088079,0.105792,0.179129,0.333006,0.256225,0.129786,0.212548,0.215548,0.189727,0.349346,0.246363,0.356178,0.415537,0.496739,0.24684,0.205772,0.190626,0.254591,0.823825,0.444438,0.124044,0.30837,0.267431,0.61213,0.32047,0.156967,0.165112,0.209747,0.783444,0.602054,0.153086,0.288359,0.200423
1769162274.780397,1769162274.781419,31.0,0.0,4292.05127,4283.461426,4404.102539,4326.025879,4217.692383,4262.563965,4305.128418,4290.256348,4265.256348,4257.436035,4553.717773,4522.692383,4397.436035,4486.922852,,,,,,,,,,,,,,,,,,,,,,,,,,,,,,,,,,,,,,,,,,,,,,,,,,,,,,,,,,,,,,,,,,,,,,
1769162274.788206,1769162274.789427,32.0,0.0,4291.282227,4285.641113,4403.333496,4325.512695,4219.487305,4268.205078,4303.461426,4288.077148,4274.102539,4271.666504,4557.94873,4534.358887,4408.589844,4500.128418,,,,,,,,,,,,,,,,,,,,,,,,,,,,,,,,,,,,,,,,,,,,,,,,,,,,,,,,,,,,,,,,,,,,,,
1769162274.796014,1769162274.797236,33.0,0.0,4290.897461,4283.461426,4402.94873,4326.153809,4220.384766,4277.94873,4310.256348,4290.0,4277.179688,4272.820313,4557.692383,4537.820313,4414.743652,4508.205078,,,,,,,,,,,,,,,,,,,,,,,,,,,,,,,,,,,,,,,,,,,,,,,,,,,,,,,,,,,,,,,,,,,,,,
1769162274.803823,1769162274.804944,34.0,0.0,4279.871582,4276.922852,4397.692383,4322.436035,4220.128418,4277.563965,4313.974121,4293.846191,4275.641113,4265.384766,4557.05127,4525.897461,4405.128418,4496.410156,,,,,,,,,,,,,,,,,,,,,,,,,,,,,,,,,,,,,,,,,,,,,,,,,,,,,,,,,,,,,,,,,,,,,,
1769162274.811631,1769162274.812753,35.0,0.0,4274.487305,4274.487305,4394.230957,4319.743652,4220.384766,4267.179688,4310.128418,4293.589844,4279.615234,4272.94873,4555.384766,4519.743652,4397.179688,4486.538574,,,,,,,,,,,,,,,,,,,,,,,,,,,,,,,,,,,,,,,,,,,,,,,,,,,,,,,,,,,,,,,,,,,,,,
1769162274.81944,1769162274.820361,36.0,0.0,4285.128418,4283.589844,4400.128418,4323.461426,4219.102539,4266.538574,4311.410156,4292.563965,4282.563965,4283.589844,4561.153809,4529.871582,4406.153809,4495.641113,,,,,,,,,,,,,,,,,,,,,,,,,,,,,,,,,,,,,,,,,,,,,,,,,,,,,,,,,,,,,,,,,,,,,,
1769162274.827248,1769162274.82817,37.0,0.0,4299.871582,4296.666504,4411.282227,4327.692383,4217.179688,4276.794922,4313.333496,4292.94873,4280.897461,4280.0,4574.743652,4542.563965,4419.358887,4512.05127,,,,,,,,,,,,,,,,,,,,,,,,,,,,,,,,,,,,,,,,,,,,,,,,,,,,,,,,,,,,,,,,,,,,,,
1769162274.835056,1769162274.835878,38.0,0.0,4297.94873,4297.05127,4409.102539,4328.589844,4217.94873,4280.641113,4311.153809,4289.358887,4279.487305,4275.256348,4568.974121,4539.230957,4418.461426,4512.820313,,,,,,,,,,,,,,,,,,,,,,,,,,,,,,,,,,,,,,,,,,,,,,,,,,,,,,,,,,,,,,,,,,,,,,
1769162274.842865,1769162274.843687,39.0,0.0,4281.922852,4287.05127,4395.256348,4324.871582,4218.589844,4271.282227,4310.641113,4290.0,4277.563965,4279.230957,4552.179688,4527.692383,4410.0,4497.692383,,,,,,,,,,,,,,,,,,,,,,,,,,,,,,,,,,,,,,,,,,,,,,,,,,,,,,,,,,,,,,,,,,,,,,
1769162274.850673,1769162274.851296,40.0,0.0,4283.077148,4288.717773,4396.666504,4322.05127,4218.974121,4266.922852,4310.384766,4292.436035,4279.871582,4278.077148,4554.230957,4530.897461,4410.512695,4491.538574,,,,,,,,,,,,,,,,,,,,,,,,,,,,,,,,,,,,,,,,,,,,,,,,,,,,,,,,,,,,,,,,,,,,,,
1769162274.858482,1769162274.859104,41.0,0.0,4295.0,4291.794922,4406.282227,4321.922852,4218.974121,4273.974121,4308.974121,4286.282227,4278.846191,4273.974121,4561.153809,4538.077148,4412.692383,4498.205078,,,,,,,,,,,,,,,,,,,,,,,,,,,,,,,,,,,,,,,,,,,,,,,,,,,,,,,,,,,,,,,,,,,,,,
1769162274.86629,1769162274.866813,42.0,0.0,4288.205078,4282.307617,4399.358887,4320.512695,4216.153809,4275.512695,4309.102539,4276.410156,4264.102539,4265.512695,4553.333496,4526.922852,4404.743652,4496.153809,,,,,,,,,,,,,,,,,,,,,,,,,,,,,,,,,,,,,,,,,,,,,,,,,,,,,,,,,,,,,,,,,,,,,,
1769162274.874099,1769162274.874621,43.0,0.0,4277.307617,4281.153809,4391.922852,4319.743652,4216.666504,4268.333496,4311.282227,4278.974121,4258.589844,4254.102539,4548.974121,4519.743652,4399.230957,4490.384766,,,,,,,,,,,,,,,,,,,,,,,,,,,,,,,,,,,,,,,,,,,,,,,,,,,,,,,,,,,,,,,,,,,,,,
1769162274.881907,1769162274.88223,44.0,0.0,4282.307617,4292.307617,4395.769043,4324.102539,4219.871582,4262.307617,4311.538574,4286.794922,4267.05127,4254.615234,4553.846191,4525.769043,4398.717773,4493.333496,,,,,,,,,,,,,,,,,,,,,,,,,,,,,,,,,,,,,,,,,,,,,,,,,,,,,,,,,,,,,,,,,,,,,,
1769162274.889716,1769162274.890038,45.0,0.0,4284.615234,4295.384766,4395.512695,4324.487305,4216.666504,4267.820313,4311.282227,4283.461426,4266.153809,4261.666504,4552.179688,4523.461426,4398.846191,4491.922852,,,,,,,,,,,,,,,,,,,,,,,,,,,,,,,,,,,,,,,,,,,,,,,,,,,,,,,,,,,,,,,,,,,,,,
1769162274.897524,1769162274.897946,46.0,0.0,4283.589844,4293.205078,4396.410156,4320.769043,4215.256348,4276.666504,4311.666504,4281.538574,4265.769043,4271.794922,4554.615234,4525.769043,4405.128418,4493.205078,0.605776,0.433256,0.170945,0.244918,0.213361,0.786323,0.454926,0.157055,0.154322,0.11459,0.439907,0.209415,0.102536,0.079098,0.135415,0.456917,0.135458,0.114529,0.127603,0.177113,0.317605,0.094118,0.051368,0.047527,0.060608,0.295869,0.087846,0.035594,0.132779,0.25079,0.090528,0.167289,0.079338,0.07081,0.080307,0.202668,0.307596,0.099829,0.108332,0.183922,0.402665,0.320979,0.134485,0.198834,0.198919,0.229228,0.468549,0.210574,0.363057,0.42737,0.401443,0.284047,0.227599,0.174892,0.23845,0.844856,0.425408,0.118763,0.292368,0.268714,0.477303,0.385656,0.141184,0.145295,0.192626,0.74298,0.677583,0.211065,0.288784,0.187792
1769162274.905332,1769162274.905755,47.0,0.0,4288.717773,4290.641113,4404.615234,4319.743652,4218.589844,4274.102539,4310.128418,4291.282227,4279.615234,4280.128418,4568.717773,4541.282227,4414.230957,4505.641113,,,,,,,,,,,,,,,,,,,,,,,,,,,,,,,,,,,,,,,,,,,,,,,,,,,,,,,,,,,,,,,,,,,,,,
1769162274.913141,1769162274.913763,48.0,0.0,4286.153809,4283.205078,4404.230957,4315.769043,4213.077148,4266.282227,4309.487305,4299.743652,4286.153809,4275.897461,4574.102539,4545.128418,4415.128418,4507.820313,,,,,,,,,,,,,,,,,,,,,,,,,,,,,,,,,,,,,,,,,,,,,,,,,,,,,,,,,,,,,,,,,,,,,,
1769162274.920949,1769162274.921572,49.0,0.0,4278.077148,4279.871582,4393.205078,4311.666504,4207.692383,4263.974121,4311.794922,4294.615234,4278.077148,4269.871582,4567.307617,4537.307617,4411.410156,4500.128418,,,,,,,,,,,,,,,,,,,,,,,,,,,,,,,,,,,,,,,,,,,,,,,,,,,,,,,,,,,,,,,,,,,,,,
1769162274.928758,1769162274.92948,50.0,0.0,4280.897461,4287.307617,4390.897461,4317.05127,4212.05127,4264.230957,4311.794922,4291.282227,4277.307617,4273.077148,4569.871582,4538.974121,4414.743652,4504.871582,,,,,,,,,,,,,,,,,,,,,,,,,,,,,,,,,,,,,,,,,,,,,,,,,,,,,,,,,,,,,,,,,,,,,,
1769162274.936566,1769162274.937288,51.0,0.0,4286.153809,4291.025879,4396.794922,4326.922852,4220.897461,4267.692383,4311.666504,4295.897461,4281.410156,4277.820313,4571.794922,4542.692383,4417.307617,4507.307617,,,,,,,,,,,,,,,,,,,,,,,,,,,,,,,,,,,,,,,,,,,,,,,,,,,,,,,,,,,,,,,,,,,,,,
1769162274.944375,1769162274.945297,52.0,0.0,4275.128418,4284.358887,4393.846191,4326.538574,4226.666504,4276.666504,4318.717773,4298.589844,4280.641113,4273.846191,4556.922852,4537.436035,4403.846191,4492.563965,,,,,,,,,,,,,,,,,,,,,,,,,,,,,,,,,,,,,,,,,,,,,,,,,,,,,,,,,,,,,,,,,,,,,,
1769162274.952183,1769162274.953105,53.0,0.0,4263.846191,4277.307617,4386.794922,4316.025879,4224.230957,4273.846191,4320.641113,4295.256348,4279.102539,4270.128418,4549.102539,4534.743652,4393.077148,4485.256348,,,,,,,,,,,,,,,,,,,,,,,,,,,,,,,,,,,,,,,,,,,,,,,,,,,,,,,,,,,,,,,,,,,,,,
1769162274.959992,1769162274.960814,54.0,0.0,4269.230957,4279.615234,4391.153809,4311.282227,4218.461426,4261.282227,4312.179688,4281.794922,4273.461426,4265.256348,4558.205078,4538.205078,4403.846191,4497.05127,,,,,,,,,,,,,,,,,,,,,,,,,,,,,,,,,,,,,,,,,,,,,,,,,,,,,,,,,,,,,,,,,,,,,,
1769162274.9678,1769162274.968622,55.0,0.0,4275.769043,4279.615234,4398.589844,4312.307617,4212.692383,4260.0,4308.589844,4278.077148,4271.410156,4262.179688,4566.922852,4542.94873,4415.641113,4509.871582,,,,,,,,,,,,,,,,,,,,,,,,,,,,,,,,,,,,,,,,,,,,,,,,,,,,,,,,,,,,,,,,,,,,,,
1769162274.975608,1769162274.97663,56.0,0.0,4274.871582,4269.487305,4396.282227,4309.487305,4203.461426,4263.077148,4312.563965,4292.05127,4277.94873,4263.461426,4565.512695,4543.077148,4412.05127,4510.256348,,,,,,,,,,,,,,,,,,,,,,,,,,,,,,,,,,,,,,,,,,,,,,,,,,,,,,,,,,,,,,,,,,,,,,
1769162274.983417,1769162274.984439,57.0,0.0,4277.820313,4268.077148,4396.794922,4307.820313,4200.769043,4262.05127,4313.846191,4297.692383,4278.333496,4263.461426,4558.205078,4538.974121,4409.230957,4503.205078,,,,,,,,,,,,,,,,,,,,,,,,,,,,,,,,,,,,,,,,,,,,,,,,,,,,,,,,,,,,,,,,,,,,,,
1769162274.991225,1769162274.992347,58.0,0.0,4280.897461,4278.717773,4400.641113,4311.794922,4212.179688,4262.436035,4311.538574,4294.615234,4277.307617,4271.794922,4555.256348,4538.461426,4407.563965,4502.563965,,,,,,,,,,,,,,,,,,,,,,,,,,,,,,,,,,,,,,,,,,,,,,,,,,,,,,,,,,,,,,,,,,,,,,
1769162274.999034,1769162275.000155,59.0,0.0,4268.589844,4278.205078,4392.307617,4309.487305,4218.846191,4261.922852,4309.743652,4297.692383,4281.025879,4274.487305,4556.538574,4534.615234,4399.615234,4502.179688,,,,,,,,,,,,,,,,,,,,,,,,,,,,,,,,,,,,,,,,,,,,,,,,,,,,,,,,,,,,,,,,,,,,,,
1769162275.006842,1769162275.007764,60.0,0.0,4256.025879,4268.205078,4385.128418,4303.974121,4216.153809,4263.205078,4315.0,4295.897461,4272.820313,4262.05127,4554.487305,4525.256348,4395.256348,4494.871582,,,,,,,,,,,,,,,,,,,,,,,,,,,,,,,,,,,,,,,,,,,,,,,,,,,,,,,,,,,,,,,,,,,,,,
1769162275.014651,1769162275.015573,61.0,0.0,4257.692383,4264.358887,4389.487305,4305.897461,4216.153809,4268.333496,4318.461426,4288.846191,4262.307617,4258.077148,4550.897461,4525.512695,4395.384766,4488.974121,,,,,,,,,,,,,,,,,,,,,,,,,,,,,,,,,,,,,,,,,,,,,,,,,,,,,,,,,,,,,,,,,,,,,,
1769162275.022459,1769162275.023481,62.0,0.0,4270.0,4268.205078,4398.589844,4310.769043,4217.563965,4268.461426,4315.769043,4288.333496,4268.077148,4264.230957,4553.333496,4535.128418,4395.769043,4489.615234,0.633988,0.473241,0.172522,0.240974,0.224954,0.71067,0.551012,0.195327,0.152093,0.119654,0.45883,0.254194,0.114992,0.087489,0.146155,0.396247,0.160503,0.109662,0.127674,0.159853,0.329871,0.102924,0.060825,0.04242,0.059043,0.330971,0.083904,0.058292,0.123084,0.286771,0.063084,0.135089,0.086241,0.062788,0.087722,0.260063,0.330634,0.118232,0.116408,0.201415,0.473469,0.378021,0.133775,0.17995,0.188176,0.323908,0.571485,0.1867,0.358017,0.434836,0.339693,0.320745,0.247868,0.163769,0.223222,0.836452,0.408981,0.113433,0.264981,0.267541,0.396499,0.461707,0.136328,0.126022,0.179056,0.724896,0.719524,0.283123,0.279746,0.181796
1769162275.030268,1769162275.031289,63.0,0.0,4277.820313,4272.179688,4404.487305,4312.94873,4219.358887,4264.102539,4318.077148,4290.769043,4276.666504,4268.846191,4556.153809,4539.487305,4398.846191,4491.282227,,,,,,,,,,,,,,,,,,,,,,,,,,,,,,,,,,,,,,,,,,,,,,,,,,,,,,,,,,,,,,,,,,,,,,
1769162275.038076,1769162275.038898,64.0,0.0,4268.461426,4268.205078,4397.94873,4310.641113,4218.974121,4262.307617,4322.692383,4293.974121,4277.820313,4273.717773,4555.769043,4539.358887,4398.846191,4491.538574,,,,,,,,,,,,,,,,,,,,,,,,,,,,,,,,,,,,,,,,,,,,,,,,,,,,,,,,,,,,,,,,,,,,,,
1769162275.045884,1769162275.046706,65.0,0.0,4260.128418,4262.563965,4389.230957,4308.846191,4217.307617,4267.307617,4321.025879,4296.025879,4277.820313,4269.615234,4555.128418,4539.358887,4398.846191,4494.102539,,,,,,,,,,,,,,,,,,,,,,,,,,,,,,,,,,,,,,,,,,,,,,,,,,,,,,,,,,,,,,,,,,,,,,
1769162275.053693,1769162275.054415,66.0,0.0,4269.487305,4269.102539,4392.05127,4311.282227,4219.615234,4271.666504,4314.743652,4291.538574,4277.563965,4260.0,4552.94873,4536.025879,4401.153809,4494.743652,,,,,,,,,,,,,,,,,,,,,,,,,,,,,,,,,,,,,,,,,,,,,,,,,,,,,,,,,,,,,,,,,,,,,,
1769162275.061501,1769162275.062223,67.0,0.0,4281.025879,4280.641113,4397.436035,4314.743652,4220.256348,4270.769043,4313.461426,4289.487305,4277.179688,4269.615234,4552.94873,4534.102539,4400.897461,4493.205078,,,,,,,,,,,,,,,,,,,,,,,,,,,,,,,,,,,,,,,,,,,,,,,,,,,,,,,,,,,,,,,,,,,,,,
1769162275.06931,1769162275.069832,68.0,0.0,4281.282227,4282.94873,4397.05127,4313.974121,4217.05127,4267.563965,4318.333496,4294.102539,4277.05127,4277.94873,4554.358887,4534.743652,4398.846191,4491.922852,,,,,,,,,,,,,,,,,,,,,,,,,,,,,,,,,,,,,,,,,,,,,,,,,,,,,,,,,,,,,,,,,,,,,,
1769162275.077118,1769162275.077641,69.0,0.0,4272.307617,4273.077148,4394.487305,4311.153809,4215.256348,4265.0,4323.205078,4297.436035,4277.94873,4267.307617,4552.179688,4533.077148,4397.307617,4489.358887,,,,,,,,,,,,,,,,,,,,,,,,,,,,,,,,,,,,,,,,,,,,,,,,,,,,,,,,,,,,,,,,,,,,,,
1769162275.084927,1769162275.085349,70.0,0.0,4265.897461,4268.846191,4392.05127,4311.922852,4215.384766,4264.102539,4322.05127,4294.743652,4278.974121,4262.692383,4552.94873,4531.922852,4397.05127,4488.077148,,,,,,,,,,,,,,,,,,,,,,,,,,,,,,,,,,,,,,,,,,,,,,,,,,,,,,,,,,,,,,,,,,,,,,
1769162275.092735,1769162275.093158,71.0,0.0,4272.307617,4273.717773,4393.846191,4313.077148,4215.256348,4263.461426,4320.384766,4289.743652,4272.436035,4264.487305,4556.666504,4531.410156,4401.282227,4491.666504,,,,,,,,,,,,,,,,,,,,,,,,,,,,,,,,,,,,,,,,,,,,,,,,,,,,,,,,,,,,,,,,,,,,,,
1769162275.100544,1769162275.101166,72.0,0.0,4279.487305,4269.102539,4398.461426,4311.153809,4215.512695,4264.615234,4321.922852,4288.205078,4265.128418,4265.128418,4549.743652,4528.589844,4401.410156,4492.436035,,,,,,,,,,,,,,,,,,,,,,,,,,,,,,,,,,,,,,,,,,,,,,,,,,,,,,,,,,,,,,,,,,,,,,
1769162275.108352,1769162275.108974,73.0,0.0,4276.666504,4265.384766,4396.538574,4310.897461,4216.410156,4262.820313,4319.615234,4287.179688,4265.0,4263.717773,4537.820313,4521.538574,4388.205078,4484.871582,,,,,,,,,,,,,,,,,,,,,,,,,,,,,,,,,,,,,,,,,,,,,,,,,,,,,,,,,,,,,,,,,,,,,,
1769162275.116161,1769162275.116883,74.0,0.0,4276.410156,4275.641113,4396.282227,4313.974121,4215.641113,4260.256348,4316.410156,4282.307617,4264.487305,4254.743652,4538.846191,4518.589844,4382.692383,4487.563965,,,,,,,,,,,,,,,,,,,,,,,,,,,,,,,,,,,,,,,,,,,,,,,,,,,,,,,,,,,,,,,,,,,,,,
1769162275.123969,1769162275.124691,75.0,0.0,4281.794922,4280.384766,4398.846191,4313.205078,4215.384766,4260.897461,4318.717773,4279.230957,4265.769043,4254.102539,4546.153809,4527.563965,4393.333496,4504.871582,,,,,,,,,,,,,,,,,,,,,,,,,,,,,,,,,,,,,,,,,,,,,,,,,,,,,,,,,,,,,,,,,,,,,,
1769162275.131778,1769162275.132699,76.0,0.0,4281.025879,4274.871582,4395.512695,4312.05127,4217.179688,4264.871582,4321.794922,4282.307617,4271.282227,4263.717773,4550.641113,4535.897461,4399.102539,4510.0,,,,,,,,,,,,,,,,,,,,,,,,,,,,,,,,,,,,,,,,,,,,,,,,,,,,,,,,,,,,,,,,,,,,,,
1769162275.139586,1769162275.140508,77.0,0.0,4279.743652,4278.205078,4394.102539,4319.230957,4218.461426,4268.717773,4318.717773,4284.871582,4274.615234,4270.256348,4554.871582,4538.589844,4399.102539,4506.025879,,,,,,,,,,,,,,,,,,,,,,,,,,,,,,,,,,,,,,,,,,,,,,,,,,,,,,,,,,,,,,,,,,,,,,
1769162275.147395,1769162275.148216,78.0,0.0,4279.871582,4283.974121,4397.563965,4327.179688,4217.563965,4267.563965,4318.589844,4291.153809,4276.794922,4275.128418,4557.05127,4538.077148,4400.641113,4504.230957,0.642142,0.480543,0.185251,0.255325,0.243038,0.626297,0.624714,0.244851,0.147607,0.126576,0.432605,0.287558,0.129929,0.09884,0.15835,0.320903,0.184722,0.115852,0.119681,0.138356,0.322841,0.111964,0.072726,0.037286,0.054816,0.34459,0.101981,0.098924,0.13196,0.325034,0.053238,0.106525,0.088742,0.054826,0.101417,0.326618,0.345588,0.137003,0.126884,0.219433,0.536559,0.416299,0.129536,0.162376,0.181982,0.471853,0.640517,0.189535,0.344744,0.438606,0.333179,0.346547,0.264193,0.162791,0.211982,0.795977,0.385448,0.11218,0.228718,0.263121,0.394182,0.52982,0.154632,0.10909,0.171043,0.743111,0.711791,0.357565,0.264332,0.187355
1769162275.155203,1769162275.156025,79.0,0.0,4279.358887,4282.436035,4397.94873,4328.461426,4218.846191,4266.153809,4322.179688,4296.025879,4280.384766,4273.077148,4554.743652,4531.410156,4398.205078,4497.94873,,,,,,,,,,,,,,,,,,,,,,,,,,,,,,,,,,,,,,,,,,,,,,,,,,,,,,,,,,,,,,,,,,,,,,
1769162275.163011,1769162275.164033,80.0,0.0,4279.743652,4280.256348,4393.461426,4325.0,4221.666504,4265.512695,4321.410156,4285.641113,4278.077148,4261.025879,4552.179688,4522.563965,4395.769043,4491.538574,,,,,,,,,,,,,,,,,,,,,,,,,,,,,,,,,,,,,,,,,,,,,,,,,,,,,,,,,,,,,,,,,,,,,,
1769162275.17082,1769162275.171841,81.0,0.0,4274.743652,4277.692383,4388.077148,4321.666504,4220.256348,4267.179688,4322.307617,4280.384766,4274.358887,4260.128418,4552.307617,4522.179688,4400.641113,4493.717773,,,,,,,,,,,,,,,,,,,,,,,,,,,,,,,,,,,,,,,,,,,,,,,,,,,,,,,,,,,,,,,,,,,,,,
1769162275.178628,1769162275.17975,82.0,0.0,4271.538574,4276.025879,4388.717773,4322.307617,4218.461426,4273.846191,4322.05127,4288.589844,4275.641113,4269.102539,4554.743652,4530.897461,4404.615234,4496.922852,,,,,,,,,,,,,,,,,,,,,,,,,,,,,,,,,,,,,,,,,,,,,,,,,,,,,,,,,,,,,,,,,,,,,,
1769162275.186437,1769162275.187558,83.0,0.0,4276.538574,4278.205078,4394.615234,4326.794922,4218.717773,4272.05127,4314.487305,4290.128418,4278.205078,4273.077148,4556.922852,4536.410156,4402.05127,4495.0,,,,,,,,,,,,,,,,,,,,,,,,,,,,,,,,,,,,,,,,,,,,,,,,,,,,,,,,,,,,,,,,,,,,,,
1769162275.194245,1769162275.195367,84.0,0.0,4281.282227,4277.94873,4395.384766,4325.897461,4218.077148,4267.820313,4314.358887,4288.974121,4278.974121,4273.974121,4554.871582,4531.153809,4398.717773,4491.666504,,,,,,,,,,,,,,,,,,,,,,,,,,,,,,,,,,,,,,,,,,,,,,,,,,,,,,,,,,,,,,,,,,,,,,
1769162275.202054,1769162275.203175,85.0,0.0,4272.179688,4271.922852,4388.077148,4319.230957,4217.692383,4274.358887,4324.487305,4292.820313,4276.666504,4267.820313,4551.666504,4524.358887,4395.641113,4488.589844,,,,,,,,,,,,,,,,,,,,,,,,,,,,,,,,,,,,,,,,,,,,,,,,,,,,,,,,,,,,,,,,,,,,,,
1769162275.209862,1769162275.210884,86.0,0.0,4262.05127,4272.563965,4383.846191,4320.641113,4219.487305,4270.641113,4320.256348,4286.922852,4275.256348,4264.871582,4553.846191,4530.384766,4400.128418,4491.410156,,,,,,,,,,,,,,,,,,,,,,,,,,,,,,,,,,,,,,,,,,,,,,,,,,,,,,,,,,,,,,,,,,,,,,
1769162275.217671,1769162275.218692,87.0,0.0,4267.94873,4280.384766,4387.436035,4328.205078,4221.410156,4263.974121,4316.666504,4278.461426,4274.230957,4265.128418,4556.794922,4536.025879,4404.871582,4495.256348,,,,,,,,,,,,,,,,,,,,,,,,,,,,,,,,,,,,,,,,,,,,,,,,,,,,,,,,,,,,,,,,,,,,,,
1769162275.225479,1769162275.2267,88.0,0.0,4276.025879,4278.846191,4389.358887,4326.794922,4220.641113,4275.256348,4327.820313,4288.333496,4275.256348,4262.692383,4556.794922,4532.436035,4400.256348,4492.563965,,,,,,,,,,,,,,,,,,,,,,,,,,,,,,,,,,,,,,,,,,,,,,,,,,,,,,,,,,,,,,,,,,,,,,
1769162275.233287,1769162275.234509,89.0,0.0,4273.077148,4272.563965,4387.179688,4321.025879,4220.384766,4276.282227,4328.717773,4298.333496,4279.871582,4267.94873,4555.769043,4535.128418,4396.282227,4491.282227,,,,,,,,,,,,,,,,,,,,,,,,,,,,,,,,,,,,,,,,,,,,,,,,,,,,,,,,,,,,,,,,,,,,,,
1769162275.241096,1769162275.242217,90.0,0.0,4270.0,4275.897461,4387.563965,4321.666504,4219.358887,4261.794922,4321.025879,4289.358887,4282.307617,4279.743652,4555.512695,4540.384766,4400.641113,4492.563965,,,,,,,,,,,,,,,,,,,,,,,,,,,,,,,,,,,,,,,,,,,,,,,,,,,,,,,,,,,,,,,,,,,,,,
1769162275.248904,1769162275.250026,91.0,0.0,4274.487305,4280.512695,4390.512695,4323.461426,4217.307617,4258.589844,4321.922852,4279.743652,4278.589844,4279.358887,4557.05127,4537.820313,4406.153809,4494.102539,,,,,,,,,,,,,,,,,,,,,,,,,,,,,,,,,,,,,,,,,,,,,,,,,,,,,,,,,,,,,,,,,,,,,,
1769162275.256713,1769162275.257634,92.0,0.0,4276.025879,4278.205078,4389.358887,4323.589844,4222.692383,4267.307617,4326.538574,4283.589844,4273.205078,4265.512695,4556.410156,4534.230957,4404.743652,4493.205078,,,,,,,,,,,,,,,,,,,,,,,,,,,,,,,,,,,,,,,,,,,,,,,,,,,,,,,,,,,,,,,,,,,,,,
1769162275.264521,1769162275.265443,93.0,0.0,4275.512695,4276.922852,4383.077148,4325.641113,4231.922852,4272.436035,4327.436035,4292.563965,4275.256348,4264.230957,4555.897461,4537.05127,4403.717773,4492.820313,,,,,,,,,,,,,,,,,,,,,,,,,,,,,,,,,,,,,,,,,,,,,,,,,,,,,,,,,,,,,,,,,,,,,,
1769162275.27233,1769162275.273151,94.0,0.0,4277.692383,4275.897461,4380.384766,4325.384766,4231.153809,4271.922852,4328.205078,4291.282227,4278.461426,4274.230957,4561.153809,4537.94873,4407.436035,4498.077148,0.612758,0.444408,0.216756,0.294943,0.267733,0.545816,0.649461,0.298793,0.15019,0.135775,0.395938,0.297119,0.146639,0.115603,0.171887,0.24172,0.198986,0.135071,0.108879,0.116783,0.269215,0.122296,0.090895,0.037032,0.049057,0.332552,0.138526,0.151556,0.150207,0.359502,0.056518,0.084067,0.089604,0.047931,0.118179,0.400148,0.350466,0.15451,0.137173,0.227309,0.587834,0.444893,0.128353,0.151445,0.176372,0.649221,0.685062,0.222763,0.332127,0.438074,0.386186,0.373637,0.277773,0.173603,0.205946,0.740075,0.359937,0.120767,0.191616,0.255986,0.463997,0.582212,0.210471,0.096747,0.168985,0.785644,0.657128,0.430454,0.248132,0.206888
1769162275.280138,1769162275.28096,95.0,0.0,4275.769043,4273.717773,4382.94873,4325.256348,4227.94873,4270.128418,4325.641113,4285.897461,4278.077148,4282.05127,4566.922852,4535.256348,4413.461426,4506.666504,,,,,,,,,,,,,,,,,,,,,,,,,,,,,,,,,,,,,,,,,,,,,,,,,,,,,,,,,,,,,,,,,,,,,,
1769162275.287947,1769162275.288569,96.0,0.0,4269.615234,4276.410156,4382.692383,4329.487305,4233.846191,4276.666504,4327.05127,4290.0,4278.589844,4283.205078,4569.615234,4536.666504,4418.461426,4509.487305,,,,,,,,,,,,,,,,,,,,,,,,,,,,,,,,,,,,,,,,,,,,,,,,,,,,,,,,,,,,,,,,,,,,,,
1769162275.295755,1769162275.296377,97.0,0.0,4264.487305,4280.0,4374.230957,4329.743652,4231.282227,4282.05127,4335.384766,4298.461426,4280.897461,4272.05127,4565.769043,4538.205078,4412.05127,4498.974121,,,,,,,,,,,,,,,,,,,,,,,,,,,,,,,,,,,,,,,,,,,,,,,,,,,,,,,,,,,,,,,,,,,,,,
1769162275.303563,1769162275.304285,98.0,0.0,4266.282227,4277.563965,4372.179688,4324.615234,4222.692383,4276.538574,4334.615234,4299.487305,4279.743652,4265.0,4556.922852,4534.871582,4402.05127,4489.358887,,,,,,,,,,,,,,,,,,,,,,,,,,,,,,,,,,,,,,,,,,,,,,,,,,,,,,,,,,,,,,,,,,,,,,
1769162275.311372,1769162275.312094,99.0,0.0,4275.256348,4280.641113,4382.179688,4329.358887,4228.974121,4277.05127,4326.538574,4292.179688,4276.922852,4272.820313,4560.0,4534.871582,4405.384766,4497.436035,,,,,,,,,,,,,,,,,,,,,,,,,,,,,,,,,,,,,,,,,,,,,,,,,,,,,,,,,,,,,,,,,,,,,,
1769162275.31918,1769162275.320102,100.0,0.0,4281.282227,4290.256348,4384.230957,4336.153809,4238.077148,4280.384766,4326.025879,4290.256348,4277.820313,4279.358887,4572.94873,4540.256348,4415.641113,4510.256348,,,,,,,,,,,,,,,,,,,,,,,,,,,,,,,,,,,,,,,,,,,,,,,,,,,,,,,,,,,,,,,,,,,,,,
1769162275.326989,1769162275.32791,101.0,0.0,4279.743652,4292.436035,4375.256348,4332.692383,4235.897461,4275.641113,4327.307617,4293.846191,4278.589844,4276.282227,4573.077148,4541.922852,4414.487305,4510.512695,,,,,,,,,,,,,,,,,,,,,,,,,,,,,,,,,,,,,,,,,,,,,,,,,,,,,,,,,,,,,,,,,,,,,,
1769162275.334797,1769162275.335819,102.0,0.0,4276.282227,4285.384766,4371.410156,4327.179688,4233.077148,4274.358887,4326.666504,4297.307617,4280.384766,4279.615234,4565.0,4540.256348,4411.410156,4506.794922,,,,,,,,,,,,,,,,,,,,,,,,,,,,,,,,,,,,,,,,,,,,,,,,,,,,,,,,,,,,,,,,,,,,,,
1769162275.342606,1769162275.343627,103.0,0.0,4275.512695,4282.436035,4373.461426,4326.794922,4233.205078,4275.769043,4331.410156,4295.0,4279.487305,4278.846191,4565.641113,4538.205078,4413.846191,4507.436035,,,,,,,,,,,,,,,,,,,,,,,,,,,,,,,,,,,,,,,,,,,,,,,,,,,,,,,,,,,,,,,,,,,,,,
1769162275.350414,1769162275.351636,104.0,0.0,4278.077148,4288.974121,4374.871582,4330.641113,4232.563965,4275.512695,4332.820313,4286.153809,4273.205078,4270.384766,4568.205078,4535.128418,4412.436035,4505.512695,,,,,,,,,,,,,,,,,,,,,,,,,,,,,,,,,,,,,,,,,,,,,,,,,,,,,,,,,,,,,,,,,,,,,,
1769162275.358223,1769162275.359444,105.0,0.0,4281.794922,4296.282227,4376.794922,4338.846191,4235.0,4277.179688,4327.436035,4285.641113,4272.563965,4273.974121,4566.410156,4535.384766,4409.230957,4503.461426,,,,,,,,,,,,,,,,,,,,,,,,,,,,,,,,,,,,,,,,,,,,,,,,,,,,,,,,,,,,,,,,,,,,,,
1769162275.366031,1769162275.367352,106.0,0.0,4281.025879,4296.922852,4375.897461,4343.205078,4236.282227,4281.666504,4329.743652,4291.794922,4277.820313,4281.794922,4565.0,4538.974121,4409.358887,4505.128418,,,,,,,,,,,,,,,,,,,,,,,,,,,,,,,,,,,,,,,,,,,,,,,,,,,,,,,,,,,,,,,,,,,,,,
1769162275.37384,1769162275.375161,107.0,0.0,4277.563965,4294.102539,4373.205078,4340.0,4234.102539,4279.871582,4336.025879,4297.563965,4281.410156,4278.461426,4568.333496,4541.282227,4417.692383,4507.436035,,,,,,,,,,,,,,,,,,,,,,,,,,,,,,,,,,,,,,,,,,,,,,,,,,,,,,,,,,,,,,,,,,,,,,
1769162275.381648,1769162275.382769,108.0,0.0,4277.179688,4295.0,4372.820313,4338.077148,4233.205078,4268.846191,4331.025879,4292.94873,4279.102539,4266.153809,4571.153809,4540.641113,4423.846191,4506.922852,,,,,,,,,,,,,,,,,,,,,,,,,,,,,,,,,,,,,,,,,,,,,,,,,,,,,,,,,,,,,,,,,,,,,,
1769162275.389456,1769162275.390578,109.0,0.0,4279.230957,4295.128418,4371.153809,4336.666504,4231.282227,4262.820313,4324.871582,4280.641113,4272.05127,4265.0,4569.358887,4538.205078,4421.153809,4506.025879,,,,,,,,,,,,,,,,,,,,,,,,,,,,,,,,,,,,,,,,,,,,,,,,,,,,,,,,,,,,,,,,,,,,,,
1769162275.397265,1769162275.398286,110.0,0.0,4280.897461,4291.282227,4366.794922,4334.358887,4229.871582,4267.563965,4327.05127,4282.179688,4271.153809,4278.974121,4569.615234,4538.974121,4424.102539,4508.461426,0.549679,0.372868,0.269547,0.357831,0.295457,0.483374,0.618173,0.346652,0.166589,0.14728,0.339483,0.279484,0.165919,0.140058,0.184558,0.167138,0.202541,0.161112,0.102438,0.098364,0.217782,0.137564,0.119651,0.046617,0.043292,0.301263,0.183451,0.203496,0.170281,0.382542,0.063398,0.069017,0.092549,0.042938,0.132785,0.472902,0.352557,0.174436,0.146194,0.221361,0.621904,0.485761,0.140555,0.149735,0.167539,0.806152,0.730435,0.281664,0.329816,0.43158,0.47964,0.424502,0.293558,0.194057,0.204149,0.690522,0.347462,0.146732,0.165519,0.247575,0.569751,0.62137,0.306749,0.092298,0.171825,0.830112,0.578696,0.507843,0.237055,0.237569
1769162275.405073,1769162275.406095,111.0,0.0,4279.487305,4289.102539,4363.461426,4334.871582,4231.025879,4272.692383,4326.922852,4296.922852,4278.974121,4282.94873,4569.615234,4539.871582,4429.358887,4508.974121,,,,,,,,,,,,,,,,,,,,,,,,,,,,,,,,,,,,,,,,,,,,,,,,,,,,,,,,,,,,,,,,,,,,,,
1769162275.412882,1769162275.413703,112.0,0.0,4276.666504,4291.410156,4364.358887,4336.922852,4231.538574,4275.897461,4325.256348,4299.743652,4282.179688,4273.974121,4567.436035,4538.461426,4426.794922,4508.077148,,,,,,,,,,,,,,,,,,,,,,,,,,,,,,,,,,,,,,,,,,,,,,,,,,,,,,,,,,,,,,,,,,,,,,
1769162275.42069,1769162275.421512,113.0,0.0,4277.307617,4296.153809,4365.512695,4339.615234,4231.666504,4275.0,4326.410156,4288.205078,4277.436035,4277.05127,4570.897461,4540.128418,4425.897461,4509.487305,,,,,,,,,,,,,,,,,,,,,,,,,,,,,,,,,,,,,,,,,,,,,,,,,,,,,,,,,,,,,,,,,,,,,,
1769162275.428499,1769162275.42942,114.0,0.0,4282.179688,4297.05127,4360.897461,4340.769043,4232.94873,4269.230957,4328.717773,4285.641113,4275.384766,4281.538574,4575.641113,4541.025879,4430.128418,4510.128418,,,,,,,,,,,,,,,,,,,,,,,,,,,,,,,,,,,,,,,,,,,,,,,,,,,,,,,,,,,,,,,,,,,,,,
1769162275.436307,1769162275.437229,115.0,0.0,4277.563965,4294.615234,4356.666504,4337.692383,4232.307617,4270.512695,4328.077148,4290.641113,4277.05127,4274.487305,4570.128418,4536.922852,4427.94873,4508.205078,,,,,,,,,,,,,,,,,,,,,,,,,,,,,,,,,,,,,,,,,,,,,,,,,,,,,,,,,,,,,,,,,,,,,,
1769162275.444116,1769162275.444837,116.0,0.0,4266.538574,4292.05127,4356.922852,4334.743652,4230.512695,4280.0,4328.205078,4292.94873,4278.589844,4275.0,4565.128418,4536.538574,4426.282227,4505.256348,,,,,,,,,,,,,,,,,,,,,,,,,,,,,,,,,,,,,,,,,,,,,,,,,,,,,,,,,,,,,,,,,,,,,,
1769162275.451924,1769162275.452646,117.0,0.0,4271.153809,4293.717773,4357.307617,4335.384766,4231.922852,4280.128418,4331.922852,4293.846191,4280.256348,4281.922852,4571.282227,4540.512695,4429.871582,4509.743652,,,,,,,,,,,,,,,,,,,,,,,,,,,,,,,,,,,,,,,,,,,,,,,,,,,,,,,,,,,,,,,,,,,,,,
1769162275.459732,1769162275.460354,118.0,0.0,4277.05127,4295.384766,4356.410156,4333.589844,4233.077148,4274.871582,4330.769043,4292.94873,4278.974121,4281.282227,4574.743652,4541.538574,4428.846191,4517.563965,,,,,,,,,,,,,,,,,,,,,,,,,,,,,,,,,,,,,,,,,,,,,,,,,,,,,,,,,,,,,,,,,,,,,,
1769162275.467541,1769162275.468163,119.0,0.0,4266.922852,4289.102539,4355.641113,4327.820313,4232.307617,4277.820313,4326.153809,4292.307617,4278.846191,4274.487305,4568.461426,4539.358887,4419.102539,4510.769043,,,,,,,,,,,,,,,,,,,,,,,,,,,,,,,,,,,,,,,,,,,,,,,,,,,,,,,,,,,,,,,,,,,,,,
1769162275.475349,1769162275.475771,120.0,0.0,4259.102539,4279.102539,4353.461426,4324.743652,4231.794922,4281.922852,4330.769043,4299.102539,4286.153809,4274.615234,4566.922852,4538.205078,4411.282227,4496.153809,,,,,,,,,,,,,,,,,,,,,,,,,,,,,,,,,,,,,,,,,,,,,,,,,,,,,,,,,,,,,,,,,,,,,,
1769162275.483158,1769162275.48358,121.0,0.0,4262.307617,4278.974121,4352.563965,4323.717773,4232.563965,4281.794922,4339.743652,4310.512695,4297.179688,4278.205078,4572.307617,4544.487305,4418.846191,4501.922852,,,,,,,,,,,,,,,,,,,,,,,,,,,,,,,,,,,,,,,,,,,,,,,,,,,,,,,,,,,,,,,,,,,,,,
1769162275.490966,1769162275.491288,122.0,0.0,4268.333496,4288.205078,4358.846191,4326.666504,4232.179688,4281.666504,4335.769043,4307.94873,4296.922852,4282.05127,4573.589844,4555.128418,4434.615234,4520.897461,,,,,,,,,,,,,,,,,,,,,,,,,,,,,,,,,,,,,,,,,,,,,,,,,,,,,,,,,,,,,,,,,,,,,,
1769162275.498775,1769162275.499097,123.0,0.0,4275.897461,4294.102539,4368.333496,4333.461426,4231.666504,4277.05127,4326.666504,4294.615234,4285.256348,4290.384766,4577.692383,4556.153809,4438.077148,4527.820313,,,,,,,,,,,,,,,,,,,,,,,,,,,,,,,,,,,,,,,,,,,,,,,,,,,,,,,,,,,,,,,,,,,,,,
1769162275.506583,1769162275.507105,124.0,0.0,4279.743652,4294.615234,4370.641113,4335.256348,4233.077148,4275.512695,4327.563965,4294.743652,4279.230957,4288.589844,4581.282227,4551.666504,4430.769043,4525.641113,,,,,,,,,,,,,,,,,,,,,,,,,,,,,,,,,,,,,,,,,,,,,,,,,,,,,,,,,,,,,,,,,,,,,,
1769162275.514392,1769162275.514914,125.0,0.0,4275.897461,4293.205078,4365.641113,4329.358887,4233.846191,4276.794922,4328.846191,4299.615234,4279.615234,4276.282227,4575.384766,4552.94873,4425.897461,4518.461426,,,,,,,,,,,,,,,,,,,,,,,,,,,,,,,,,,,,,,,,,,,,,,,,,,,,,,,,,,,,,,,,,,,,,,
1769162275.5222,1769162275.522822,126.0,0.0,4272.563965,4289.230957,4359.871582,4322.563965,4232.179688,4272.179688,4324.487305,4293.077148,4277.94873,4275.769043,4568.846191,4552.563965,4425.0,4511.922852,0.473507,0.289179,0.334735,0.431596,0.319682,0.461024,0.546615,0.377051,0.196023,0.160228,0.292121,0.241214,0.187556,0.171056,0.192877,0.116611,0.201065,0.182998,0.10546,0.085067,0.16324,0.159945,0.159258,0.067775,0.038934,0.268414,0.226132,0.240354,0.18673,0.387218,0.069751,0.061485,0.100455,0.040268,0.140745,0.53011,0.359013,0.198702,0.154406,0.206499,0.632063,0.554369,0.171763,0.155661,0.154068,0.892859,0.794749,0.351777,0.344435,0.416895,0.580731,0.50641,0.315226,0.218876,0.204091,0.653963,0.358454,0.190733,0.159033,0.239181,0.662529,0.648934,0.426754,0.099225,0.178004,0.856957,0.504756,0.593361,0.234626,0.271126
1769162275.530008,1769162275.53063,127.0,0.0,4268.717773,4290.0,4357.179688,4322.05127,4231.538574,4270.897461,4326.282227,4292.94873,4278.461426,4284.487305,4571.282227,4549.871582,4424.743652,4516.794922,,,,,,,,,,,,,,,,,,,,,,,,,,,,,,,,,,,,,,,,,,,,,,,,,,,,,,,,,,,,,,,,,,,,,,
1769162275.537817,1769162275.538639,0.0,0.0,4263.205078,4295.256348,4359.102539,4329.230957,4234.230957,4279.358887,4334.871582,4298.589844,4280.128418,4282.307617,4578.205078,4551.666504,4426.410156,4522.563965,,,,,,,,,,,,,,,,,,,,,,,,,,,,,,,,,,,,,,,,,,,,,,,,,,,,,,,,,,,,,,,,,,,,,,
1769162275.545625,1769162275.546447,1.0,0.0,4266.666504,4297.179688,4364.487305,4335.384766,4235.384766,4281.025879,4336.282227,4294.615234,4278.333496,4277.179688,4580.512695,4555.384766,4431.153809,4525.0,,,,,,,,,,,,,,,,,,,,,,,,,,,,,,,,,,,,,,,,,,,,,,,,,,,,,,,,,,,,,,,,,,,,,,
1769162275.553434,1769162275.554156,2.0,0.0,4271.666504,4298.077148,4367.179688,4335.0,4232.436035,4272.563965,4332.692383,4296.025879,4278.846191,4280.256348,4576.025879,4557.436035,4429.615234,4524.615234,,,,,,,,,,,,,,,,,,,,,,,,,,,,,,,,,,,,,,,,,,,,,,,,,,,,,,,,,,,,,,,,,,,,,,
1769162275.561242,1769162275.561964,3.0,0.0,4270.0,4304.743652,4363.846191,4338.205078,4232.307617,4272.05127,4333.461426,4303.461426,4282.307617,4283.846191,4571.410156,4550.769043,4420.384766,4516.922852,,,,,,,,,,,,,,,,,,,,,,,,,,,,,,,,,,,,,,,,,,,,,,,,,,,,,,,,,,,,,,,,,,,,,,
1769162275.569051,1769162275.569972,4.0,0.0,4265.384766,4304.102539,4359.487305,4341.410156,4234.358887,4277.05127,4335.769043,4298.333496,4279.230957,4282.05127,4569.230957,4538.333496,4413.205078,4504.743652,,,,,,,,,,,,,,,,,,,,,,,,,,,,,,,,,,,,,,,,,,,,,,,,,,,,,,,,,,,,,,,,,,,,,,
1769162275.576859,1769162275.577781,5.0,0.0,4261.410156,4294.230957,4355.769043,4333.077148,4232.820313,4278.333496,4333.974121,4290.128418,4276.153809,4277.692383,4565.769043,4534.358887,4411.410156,4501.666504,,,,,,,,,,,,,,,,,,,,,,,,,,,,,,,,,,,,,,,,,,,,,,,,,,,,,,,,,,,,,,,,,,,,,,
1769162275.584668,1769162275.585489,6.0,0.0,4262.179688,4298.077148,4356.666504,4334.230957,4231.794922,4278.717773,4329.230957,4292.307617,4277.820313,4279.230957,4567.94873,4540.0,4417.307617,4512.436035,,,,,,,,,,,,,,,,,,,,,,,,,,,,,,,,,,,,,,,,,,,,,,,,,,,,,,,,,,,,,,,,,,,,,,
1769162275.592476,1769162275.593298,7.0,0.0,4264.230957,4305.897461,4359.871582,4342.179688,4235.0,4278.717773,4329.615234,4297.307617,4281.282227,4278.205078,4574.487305,4541.025879,4420.897461,4518.205078,,,,,,,,,,,,,,,,,,,,,,,,,,,,,,,,,,,,,,,,,,,,,,,,,,,,,,,,,,,,,,,,,,,,,,
1769162275.600284,1769162275.600906,8.0,0.0,4261.922852,4298.461426,4358.717773,4333.461426,4237.692383,4277.94873,4332.692383,4297.563965,4283.077148,4274.487305,4570.256348,4537.307617,4412.179688,4511.410156,,,,,,,,,,,,,,,,,,,,,,,,,,,,,,,,,,,,,,,,,,,,,,,,,,,,,,,,,,,,,,,,,,,,,,
1769162275.608093,1769162275.608715,9.0,0.0,4258.717773,4292.436035,4357.307617,4327.692383,4238.333496,4276.153809,4328.717773,4293.333496,4273.461426,4274.743652,4563.205078,4536.666504,4405.641113,4506.153809,,,,,,,,,,,,,,,,,,,,,,,,,,,,,,,,,,,,,,,,,,,,,,,,,,,,,,,,,,,,,,,,,,,,,,
1769162275.615901,1769162275.616423,10.0,0.0,4261.922852,4297.563965,4357.563965,4338.974121,4241.153809,4277.820313,4325.256348,4290.0,4263.205078,4270.512695,4565.0,4538.846191,4411.538574,4508.717773,,,,,,,,,,,,,,,,,,,,,,,,,,,,,,,,,,,,,,,,,,,,,,,,,,,,,,,,,,,,,,,,,,,,,,
1769162275.62371,1769162275.624232,11.0,0.0,4259.487305,4298.846191,4357.436035,4342.820313,4241.666504,4277.94873,4330.256348,4294.358887,4271.410156,4267.820313,4566.282227,4539.102539,4414.743652,4507.94873,,,,,,,,,,,,,,,,,,,,,,,,,,,,,,,,,,,,,,,,,,,,,,,,,,,,,,,,,,,,,,,,,,,,,,
1769162275.631518,1769162275.63224,12.0,0.0,4249.358887,4294.487305,4358.589844,4336.282227,4241.922852,4273.974121,4334.743652,4297.94873,4282.05127,4275.641113,4564.487305,4535.512695,4409.615234,4503.717773,,,,,,,,,,,,,,,,,,,,,,,,,,,,,,,,,,,,,,,,,,,,,,,,,,,,,,,,,,,,,,,,,,,,,,
1769162275.639327,1769162275.640049,13.0,0.0,4253.974121,4295.0,4365.128418,4340.769043,4245.0,4276.538574,4335.897461,4293.717773,4274.230957,4280.897461,4568.461426,4539.615234,4413.205078,4507.820313,,,,,,,,,,,,,,,,,,,,,,,,,,,,,,,,,,,,,,,,,,,,,,,,,,,,,,,,,,,,,,,,,,,,,,
1769162275.647135,1769162275.647957,14.0,0.0,4261.794922,4297.94873,4367.307617,4345.384766,4247.94873,4282.692383,4337.179688,4289.358887,4264.102539,4277.820313,4575.128418,4546.922852,4417.563965,4511.666504,0.417936,0.215533,0.394356,0.497872,0.33369,0.488495,0.455352,0.381949,0.230693,0.172781,0.235168,0.193002,0.208078,0.203388,0.194271,0.101278,0.198113,0.192366,0.119005,0.07744,0.140398,0.188073,0.204643,0.097506,0.036899,0.259214,0.256702,0.252715,0.19595,0.370565,0.075154,0.060652,0.114517,0.039824,0.140497,0.556956,0.368263,0.228311,0.162657,0.192684,0.614349,0.643172,0.221474,0.165967,0.137483,0.877598,0.873018,0.410548,0.377148,0.392777,0.641982,0.601137,0.341231,0.242398,0.202591,0.615878,0.389193,0.243238,0.174188,0.230207,0.696137,0.665552,0.536245,0.119804,0.186001,0.858245,0.446556,0.680397,0.243469,0.296704
1769162275.654944,1769162275.655765,15.0,0.0,4255.128418,4293.974121,4360.512695,4336.025879,4247.05127,4280.641113,4335.256348,4289.743652,4267.05127,4273.333496,4568.589844,4541.794922,4406.025879,4508.589844,,,,,,,,,,,,,,,,,,,,,,,,,,,,,,,,,,,,,,,,,,,,,,,,,,,,,,,,,,,,,,,,,,,,,,
1769162275.662752,1769162275.663374,16.0,0.0,4241.153809,4285.897461,4356.025879,4331.538574,4238.846191,4278.717773,4333.589844,4295.128418,4273.461426,4261.794922,4555.769043,4534.358887,4400.769043,4504.230957,,,,,,,,,,,,,,,,,,,,,,,,,,,,,,,,,,,,,,,,,,,,,,,,,,,,,,,,,,,,,,,,,,,,,,
1769162275.670561,1769162275.671182,17.0,0.0,4233.589844,4282.692383,4356.153809,4335.641113,4231.282227,4277.179688,4332.94873,4294.487305,4272.05127,4256.666504,4555.769043,4536.666504,4409.615234,4505.256348,,,,,,,,,,,,,,,,,,,,,,,,,,,,,,,,,,,,,,,,,,,,,,,,,,,,,,,,,,,,,,,,,,,,,,
1769162275.678369,1769162275.678891,18.0,0.0,4237.436035,4283.333496,4357.05127,4334.871582,4237.436035,4267.94873,4327.563965,4283.205078,4262.94873,4268.974121,4559.358887,4539.615234,4406.025879,4508.846191,,,,,,,,,,,,,,,,,,,,,,,,,,,,,,,,,,,,,,,,,,,,,,,,,,,,,,,,,,,,,,,,,,,,,,
1769162275.686178,1769162275.686699,19.0,0.0,4247.179688,4281.794922,4357.820313,4331.538574,4247.94873,4268.589844,4326.410156,4282.692383,4263.974121,4270.0,4556.922852,4538.461426,4396.666504,4506.922852,,,,,,,,,,,,,,,,,,,,,,,,,,,,,,,,,,,,,,,,,,,,,,,,,,,,,,,,,,,,,,,,,,,,,,
1769162275.693986,1769162275.694708,20.0,0.0,4246.922852,4278.461426,4358.077148,4333.717773,4246.794922,4280.769043,4334.230957,4293.461426,4270.0,4264.871582,4558.589844,4538.205078,4404.358887,4506.922852,,,,,,,,,,,,,,,,,,,,,,,,,,,,,,,,,,,,,,,,,,,,,,,,,,,,,,,,,,,,,,,,,,,,,,
1769162275.701795,1769162275.702516,21.0,0.0,4235.512695,4278.205078,4357.692383,4334.230957,4243.461426,4282.94873,4336.282227,4296.025879,4267.436035,4272.436035,4563.846191,4539.358887,4414.102539,4512.179688,,,,,,,,,,,,,,,,,,,,,,,,,,,,,,,,,,,,,,,,,,,,,,,,,,,,,,,,,,,,,,,,,,,,,,
1769162275.709603,1769162275.710424,22.0,0.0,4232.94873,4284.102539,4356.666504,4332.820313,4247.692383,4280.641113,4329.358887,4294.615234,4270.512695,4274.358887,4564.871582,4539.102539,4412.692383,4517.820313,,,,,,,,,,,,,,,,,,,,,,,,,,,,,,,,,,,,,,,,,,,,,,,,,,,,,,,,,,,,,,,,,,,,,,
1769162275.717411,1769162275.718233,23.0,0.0,4240.256348,4291.538574,4357.94873,4338.589844,4251.025879,4280.897461,4327.563965,4290.0,4275.0,4267.05127,4564.743652,4538.717773,4411.282227,4519.615234,,,,,,,,,,,,,,,,,,,,,,,,,,,,,,,,,,,,,,,,,,,,,,,,,,,,,,,,,,,,,,,,,,,,,,
1769162275.72522,1769162275.726241,24.0,0.0,4247.05127,4293.205078,4363.717773,4344.102539,4249.358887,4278.846191,4333.077148,4282.05127,4268.846191,4275.897461,4567.179688,4544.230957,4412.820313,4521.153809,,,,,,,,,,,,,,,,,,,,,,,,,,,,,,,,,,,,,,,,,,,,,,,,,,,,,,,,,,,,,,,,,,,,,,
1769162275.733028,1769162275.73405,25.0,0.0,4246.922852,4291.922852,4365.512695,4340.897461,4247.820313,4279.615234,4334.487305,4286.025879,4269.615234,4288.461426,4569.743652,4551.282227,4414.871582,4523.077148,,,,,,,,,,,,,,,,,,,,,,,,,,,,,,,,,,,,,,,,,,,,,,,,,,,,,,,,,,,,,,,,,,,,,,
1769162275.740837,1769162275.741958,26.0,0.0,4244.230957,4293.333496,4359.871582,4335.128418,4250.512695,4282.820313,4329.230957,4296.922852,4279.743652,4283.589844,4577.179688,4553.846191,4420.641113,4523.461426,,,,,,,,,,,,,,,,,,,,,,,,,,,,,,,,,,,,,,,,,,,,,,,,,,,,,,,,,,,,,,,,,,,,,,
1769162275.748645,1769162275.749766,27.0,0.0,4246.410156,4294.230957,4357.692383,4337.692383,4250.128418,4281.410156,4326.538574,4295.384766,4279.102539,4285.0,4582.692383,4549.743652,4426.282227,4523.846191,,,,,,,,,,,,,,,,,,,,,,,,,,,,,,,,,,,,,,,,,,,,,,,,,,,,,,,,,,,,,,,,,,,,,,
1769162275.756454,1769162275.757775,28.0,0.0,4247.436035,4294.230957,4358.205078,4342.436035,4245.769043,4277.94873,4330.0,4292.05127,4276.794922,4280.256348,4575.128418,4542.436035,4420.512695,4525.0,,,,,,,,,,,,,,,,,,,,,,,,,,,,,,,,,,,,,,,,,,,,,,,,,,,,,,,,,,,,,,,,,,,,,,
1769162275.764262,1769162275.765583,29.0,0.0,4247.179688,4293.333496,4353.077148,4338.717773,4246.666504,4280.641113,4335.769043,4293.717773,4278.717773,4267.05127,4567.94873,4544.230957,4413.846191,4522.436035,,,,,,,,,,,,,,,,,,,,,,,,,,,,,,,,,,,,,,,,,,,,,,,,,,,,,,,,,,,,,,,,,,,,,,
1769162275.772071,1769162275.773292,30.0,0.0,4247.94873,4294.102539,4351.282227,4336.666504,4253.333496,4289.230957,4337.307617,4296.922852,4279.871582,4279.615234,4575.128418,4553.974121,4422.563965,4521.922852,0.402922,0.170492,0.431704,0.537352,0.331533,0.565263,0.368121,0.363592,0.259363,0.182296,0.199284,0.145932,0.221433,0.229338,0.187152,0.135328,0.19643,0.190956,0.140163,0.074443,0.132529,0.214864,0.243825,0.128519,0.037278,0.283939,0.268559,0.24113,0.197136,0.334922,0.083717,0.065443,0.132856,0.04101,0.133717,0.549345,0.373725,0.26269,0.170976,0.189513,0.571306,0.724661,0.282124,0.177813,0.121383,0.763662,0.933726,0.439511,0.423735,0.360098,0.632173,0.672186,0.363328,0.260841,0.197021,0.565299,0.426355,0.287505,0.205537,0.217979,0.652101,0.670223,0.600799,0.156016,0.193592,0.836625,0.403211,0.749589,0.266286,0.305836
1769162275.779879,1769162275.7811,31.0,0.0,4249.102539,4295.384766,4356.025879,4341.666504,4252.436035,4292.436035,4336.153809,4306.282227,4285.512695,4296.538574,4586.922852,4557.692383,4433.589844,4531.282227,,,,,,,,,,,,,,,,,,,,,,,,,,,,,,,,,,,,,,,,,,,,,,,,,,,,,,,,,,,,,,,,,,,,,,
1769162275.787687,1769162275.788709,32.0,0.0,4252.179688,4293.974121,4354.743652,4342.307617,4247.307617,4288.589844,4338.974121,4306.538574,4283.461426,4284.743652,4588.077148,4552.820313,4430.128418,4535.512695,,,,,,,,,,,,,,,,,,,,,,,,,,,,,,,,,,,,,,,,,,,,,,,,,,,,,,,,,,,,,,,,,,,,,,
1769162275.795496,1769162275.796517,33.0,0.0,4255.512695,4296.538574,4347.94873,4341.410156,4255.256348,4286.153809,4337.436035,4295.0,4278.974121,4275.512695,4584.358887,4552.94873,4426.922852,4532.692383,,,,,,,,,,,,,,,,,,,,,,,,,,,,,,,,,,,,,,,,,,,,,,,,,,,,,,,,,,,,,,,,,,,,,,
1769162275.803304,1769162275.804226,34.0,0.0,4254.230957,4301.282227,4343.846191,4345.256348,4266.025879,4281.794922,4329.358887,4292.307617,4284.615234,4283.461426,4584.743652,4555.0,4430.897461,4536.025879,,,,,,,,,,,,,,,,,,,,,,,,,,,,,,,,,,,,,,,,,,,,,,,,,,,,,,,,,,,,,,,,,,,,,,
1769162275.811113,1769162275.812034,35.0,0.0,4250.384766,4299.230957,4341.410156,4345.512695,4263.461426,4276.410156,4327.94873,4293.461426,4283.205078,4282.563965,4584.358887,4552.307617,4430.0,4540.512695,,,,,,,,,,,,,,,,,,,,,,,,,,,,,,,,,,,,,,,,,,,,,,,,,,,,,,,,,,,,,,,,,,,,,,
1769162275.818921,1769162275.819643,36.0,0.0,4251.025879,4297.820313,4339.230957,4342.307617,4258.461426,4285.128418,4335.256348,4292.179688,4278.205078,4282.563965,4582.563965,4552.94873,4430.512695,4541.025879,,,,,,,,,,,,,,,,,,,,,,,,,,,,,,,,,,,,,,,,,,,,,,,,,,,,,,,,,,,,,,,,,,,,,,
1769162275.82673,1769162275.827451,37.0,0.0,4251.538574,4299.102539,4334.615234,4341.922852,4261.025879,4292.436035,4339.743652,4294.230957,4285.0,4282.05127,4578.077148,4552.692383,4429.743652,4534.230957,,,,,,,,,,,,,,,,,,,,,,,,,,,,,,,,,,,,,,,,,,,,,,,,,,,,,,,,,,,,,,,,,,,,,,
1769162275.834538,1769162275.83536,38.0,0.0,4249.102539,4296.025879,4327.94873,4342.307617,4261.794922,4287.436035,4338.974121,4296.794922,4290.769043,4272.307617,4573.974121,4548.205078,4420.641113,4524.615234,,,,,,,,,,,,,,,,,,,,,,,,,,,,,,,,,,,,,,,,,,,,,,,,,,,,,,,,,,,,,,,,,,,,,,
1769162275.842347,1769162275.843168,39.0,0.0,4246.794922,4295.256348,4323.846191,4342.436035,4259.615234,4286.666504,4340.769043,4297.179688,4290.512695,4276.025879,4574.487305,4547.94873,4417.692383,4525.897461,,,,,,,,,,,,,,,,,,,,,,,,,,,,,,,,,,,,,,,,,,,,,,,,,,,,,,,,,,,,,,,,,,,,,,
1769162275.850155,1769162275.851176,40.0,0.0,4245.512695,4296.025879,4318.205078,4341.538574,4259.743652,4285.384766,4342.692383,4297.307617,4293.333496,4282.94873,4574.871582,4551.153809,4422.94873,4537.94873,,,,,,,,,,,,,,,,,,,,,,,,,,,,,,,,,,,,,,,,,,,,,,,,,,,,,,,,,,,,,,,,,,,,,,
1769162275.857963,1769162275.858985,41.0,0.0,4247.05127,4292.563965,4312.307617,4344.615234,4260.0,4282.692383,4341.282227,4296.538574,4292.563965,4278.205078,4572.820313,4552.94873,4424.615234,4537.179688,,,,,,,,,,,,,,,,,,,,,,,,,,,,,,,,,,,,,,,,,,,,,,,,,,,,,,,,,,,,,,,,,,,,,,
1769162275.865772,1769162275.866693,42.0,0.0,4245.128418,4292.05127,4309.743652,4343.974121,4260.641113,4290.641113,4342.820313,4299.743652,4292.820313,4278.205078,4572.436035,4549.615234,4417.563965,4526.025879,,,,,,,,,,,,,,,,,,,,,,,,,,,,,,,,,,,,,,,,,,,,,,,,,,,,,,,,,,,,,,,,,,,,,,
1769162275.87358,1769162275.874502,43.0,0.0,4234.615234,4287.436035,4300.897461,4331.666504,4257.05127,4293.717773,4342.179688,4302.820313,4295.256348,4283.077148,4572.436035,4541.538574,4410.641113,4520.128418,,,,,,,,,,,,,,,,,,,,,,,,,,,,,,,,,,,,,,,,,,,,,,,,,,,,,,,,,,,,,,,,,,,,,,
1769162275.881389,1769162275.88211,44.0,0.0,4231.666504,4279.743652,4293.589844,4327.179688,4255.128418,4281.666504,4330.769043,4297.307617,4290.0,4276.538574,4569.871582,4541.410156,4418.333496,4523.461426,,,,,,,,,,,,,,,,,,,,,,,,,,,,,,,,,,,,,,,,,,,,,,,,,,,,,,,,,,,,,,,,,,,,,,
1769162275.889197,1769162275.889919,45.0,0.0,4241.794922,4284.102539,4299.102539,4338.846191,4262.436035,4277.436035,4324.615234,4294.102539,4288.077148,4277.307617,4574.102539,4550.256348,4429.230957,4530.128418,,,,,,,,,,,,,,,,,,,,,,,,,,,,,,,,,,,,,,,,,,,,,,,,,,,,,,,,,,,,,,,,,,,,,,
1769162275.897006,1769162275.897827,46.0,0.0,4242.820313,4291.410156,4301.666504,4342.563965,4266.282227,4283.333496,4333.717773,4297.05127,4288.333496,4287.692383,4579.102539,4546.153809,4425.384766,4529.102539,0.444621,0.160338,0.439121,0.538616,0.311676,0.684218,0.300637,0.333222,0.272337,0.186118,0.186557,0.111294,0.223862,0.244419,0.171995,0.217638,0.195165,0.187777,0.162024,0.074633,0.143313,0.23254,0.263237,0.152115,0.039441,0.338892,0.259543,0.213447,0.193336,0.287439,0.090663,0.076044,0.15181,0.043409,0.124242,0.516408,0.364397,0.295494,0.177327,0.201178,0.515026,0.764366,0.33709,0.187939,0.109766,0.593315,0.93222,0.433055,0.474555,0.321251,0.554096,0.685515,0.369985,0.272929,0.185522,0.515863,0.45353,0.308206,0.241944,0.19974,0.545622,0.661013,0.597852,0.207125,0.197401,0.816732,0.368337,0.774314,0.306079,0.294754
1769162275.904814,1769162275.905636,47.0,0.0,4236.282227,4292.179688,4292.436035,4337.692383,4261.282227,4283.205078,4335.769043,4294.487305,4282.05127,4286.922852,4575.769043,4535.0,4421.410156,4530.0,,,,,,,,,,,,,,,,,,,,,,,,,,,,,,,,,,,,,,,,,,,,,,,,,,,,,,,,,,,,,,,,,,,,,,
1769162275.912623,1769162275.913644,48.0,0.0,4243.717773,4296.153809,4289.615234,4342.05127,4263.846191,4280.256348,4331.922852,4292.307617,4283.077148,4285.128418,4574.743652,4542.820313,4425.897461,4538.205078,,,,,,,,,,,,,,,,,,,,,,,,,,,,,,,,,,,,,,,,,,,,,,,,,,,,,,,,,,,,,,,,,,,,,,
1769162275.920431,1769162275.921452,49.0,0.0,4249.487305,4295.512695,4291.794922,4344.230957,4263.846191,4281.666504,4335.641113,4296.025879,4293.846191,4290.769043,4581.666504,4555.0,4427.179688,4539.743652,,,,,,,,,,,,,,,,,,,,,,,,,,,,,,,,,,,,,,,,,,,,,,,,,,,,,,,,,,,,,,,,,,,,,,
1769162275.928239,1769162275.929361,50.0,0.0,4238.717773,4284.743652,4286.025879,4336.794922,4252.94873,4283.461426,4336.410156,4297.94873,4296.794922,4292.179688,4585.512695,4553.077148,4425.897461,4532.436035,,,,,,,,,,,,,,,,,,,,,,,,,,,,,,,,,,,,,,,,,,,,,,,,,,,,,,,,,,,,,,,,,,,,,,
1769162275.936048,1769162275.937169,51.0,0.0,4231.153809,4280.769043,4279.230957,4332.436035,4253.077148,4280.641113,4333.205078,4297.692383,4291.538574,4278.974121,4577.179688,4546.153809,4422.692383,4527.05127,,,,,,,,,,,,,,,,,,,,,,,,,,,,,,,,,,,,,,,,,,,,,,,,,,,,,,,,,,,,,,,,,,,,,,
1769162275.943856,1769162275.945177,52.0,0.0,4235.641113,4281.410156,4275.641113,4330.512695,4263.333496,4279.743652,4333.974121,4297.307617,4292.179688,4269.102539,4570.0,4541.153809,4411.922852,4523.974121,,,,,,,,,,,,,,,,,,,,,,,,,,,,,,,,,,,,,,,,,,,,,,,,,,,,,,,,,,,,,,,,,,,,,,
1769162275.951665,1769162275.952986,53.0,0.0,4236.153809,4278.974121,4270.384766,4326.025879,4262.820313,4282.307617,4334.102539,4296.794922,4290.897461,4276.666504,4570.769043,4538.717773,4408.846191,4520.641113,,,,,,,,,,,,,,,,,,,,,,,,,,,,,,,,,,,,,,,,,,,,,,,,,,,,,,,,,,,,,,,,,,,,,,
1769162275.959473,1769162275.960694,54.0,0.0,4232.436035,4275.897461,4263.333496,4322.692383,4251.153809,4281.153809,4334.487305,4296.794922,4284.743652,4282.307617,4569.358887,4536.922852,4412.179688,4520.897461,,,,,,,,,,,,,,,,,,,,,,,,,,,,,,,,,,,,,,,,,,,,,,,,,,,,,,,,,,,,,,,,,,,,,,
1769162275.967282,1769162275.968503,55.0,0.0,4233.205078,4276.794922,4262.692383,4324.230957,4249.487305,4279.743652,4334.871582,4296.153809,4282.05127,4276.410156,4566.153809,4536.922852,4409.487305,4521.922852,,,,,,,,,,,,,,,,,,,,,,,,,,,,,,,,,,,,,,,,,,,,,,,,,,,,,,,,,,,,,,,,,,,,,,
1769162275.97509,1769162275.976111,56.0,0.0,4237.179688,4282.307617,4266.282227,4328.589844,4257.820313,4278.461426,4330.641113,4294.358887,4286.153809,4276.153809,4570.769043,4540.128418,4412.563965,4524.358887,,,,,,,,,,,,,,,,,,,,,,,,,,,,,,,,,,,,,,,,,,,,,,,,,,,,,,,,,,,,,,,,,,,,,,
1769162275.982899,1769162275.98392,57.0,0.0,4234.615234,4280.512695,4261.538574,4328.333496,4259.871582,4275.641113,4334.615234,4295.769043,4288.333496,4279.871582,4571.282227,4538.846191,4413.717773,4522.179688,,,,,,,,,,,,,,,,,,,,,,,,,,,,,,,,,,,,,,,,,,,,,,,,,,,,,,,,,,,,,,,,,,,,,,
1769162275.990707,1769162275.991628,58.0,0.0,4232.692383,4275.769043,4255.769043,4326.666504,4259.871582,4286.794922,4346.538574,4296.538574,4281.153809,4266.922852,4562.05127,4535.512695,4405.128418,4518.077148,,,,,,,,,,,,,,,,,,,,,,,,,,,,,,,,,,,,,,,,,,,,,,,,,,,,,,,,,,,,,,,,,,,,,,
1769162275.998515,1769162275.999437,59.0,0.0,4245.128418,4285.0,4261.538574,4334.102539,4264.743652,4296.538574,4338.461426,4293.077148,4276.153809,4261.666504,4567.820313,4543.333496,4408.974121,4528.846191,,,,,,,,,,,,,,,,,,,,,,,,,,,,,,,,,,,,,,,,,,,,,,,,,,,,,,,,,,,,,,,,,,,,,,
1769162276.006324,1769162276.007046,60.0,0.0,4255.641113,4300.0,4269.230957,4345.897461,4267.563965,4285.128418,4325.128418,4292.307617,4277.94873,4277.436035,4580.512695,4553.589844,4420.256348,4542.563965,,,,,,,,,,,,,,,,,,,,,,,,,,,,,,,,,,,,,,,,,,,,,,,,,,,,,,,,,,,,,,,,,,,,,,
1769162276.014132,1769162276.014854,61.0,0.0,4249.102539,4296.538574,4263.589844,4344.230957,4265.128418,4275.384766,4330.128418,4293.846191,4281.794922,4284.743652,4574.743652,4553.333496,4417.94873,4538.974121,,,,,,,,,,,,,,,,,,,,,,,,,,,,,,,,,,,,,,,,,,,,,,,,,,,,,,,,,,,,,,,,,,,,,,
1769162276.021941,1769162276.022563,62.0,0.0,4243.589844,4287.436035,4257.05127,4333.717773,4264.743652,4277.692383,4335.0,4293.205078,4285.0,4277.179688,4566.410156,4551.282227,4411.666504,4532.179688,0.528364,0.177906,0.417452,0.505161,0.278653,0.834176,0.257274,0.301119,0.265783,0.182548,0.21748,0.093277,0.214838,0.248749,0.151137,0.334089,0.190407,0.191438,0.177872,0.077437,0.155732,0.23639,0.253668,0.162201,0.042917,0.406126,0.231226,0.182161,0.190963,0.237348,0.102112,0.092682,0.168942,0.04732,0.11619,0.472744,0.330519,0.316042,0.179338,0.224545,0.450852,0.737654,0.366621,0.192984,0.105909,0.428783,0.844733,0.400287,0.51838,0.282058,0.448891,0.632088,0.352818,0.279088,0.168686,0.492694,0.456693,0.296944,0.272143,0.175359,0.414919,0.637906,0.528055,0.267004,0.195544,0.807223,0.334712,0.735991,0.362003,0.266148
1769162276.029749,1769162276.030371,63.0,0.0,4249.102539,4289.230957,4260.897461,4335.384766,4264.102539,4281.794922,4331.025879,4293.717773,4286.282227,4275.897461,4578.205078,4555.641113,4419.487305,4539.102539,,,,,,,,,,,,,,,,,,,,,,,,,,,,,,,,,,,,,,,,,,,,,,,,,,,,,,,,,,,,,,,,,,,,,,
1769162276.037558,1769162276.038379,64.0,0.0,4252.05127,4289.487305,4259.615234,4341.410156,4263.077148,4286.538574,4330.641113,4298.589844,4290.641113,4282.820313,4585.769043,4558.461426,4423.205078,4543.846191,,,,,,,,,,,,,,,,,,,,,,,,,,,,,,,,,,,,,,,,,,,,,,,,,,,,,,,,,,,,,,,,,,,,,,
1769162276.045366,1769162276.046188,65.0,0.0,4244.871582,4285.0,4250.256348,4334.487305,4264.230957,4291.922852,4335.384766,4297.307617,4290.897461,4281.282227,4578.717773,4552.94873,4413.974121,4538.333496,,,,,,,,,,,,,,,,,,,,,,,,,,,,,,,,,,,,,,,,,,,,,,,,,,,,,,,,,,,,,,,,,,,,,,
1769162276.053175,1769162276.054096,66.0,0.0,4233.589844,4281.538574,4243.846191,4324.358887,4263.333496,4291.922852,4337.94873,4294.487305,4285.769043,4275.769043,4575.897461,4547.436035,4412.179688,4536.922852,,,,,,,,,,,,,,,,,,,,,,,,,,,,,,,,,,,,,,,,,,,,,,,,,,,,,,,,,,,,,,,,,,,,,,
1769162276.060983,1769162276.061904,67.0,0.0,4230.384766,4281.025879,4242.820313,4324.743652,4262.307617,4285.256348,4337.179688,4300.769043,4287.692383,4276.794922,4576.025879,4548.461426,4414.358887,4539.358887,,,,,,,,,,,,,,,,,,,,,,,,,,,,,,,,,,,,,,,,,,,,,,,,,,,,,,,,,,,,,,,,,,,,,,
1769162276.068792,1769162276.069513,68.0,0.0,4239.358887,4285.0,4244.230957,4331.794922,4262.94873,4279.743652,4333.461426,4301.666504,4292.94873,4280.641113,4576.538574,4553.077148,4415.384766,4539.871582,,,,,,,,,,,,,,,,,,,,,,,,,,,,,,,,,,,,,,,,,,,,,,,,,,,,,,,,,,,,,,,,,,,,,,
1769162276.0766,1769162276.077322,69.0,0.0,4239.743652,4287.94873,4245.641113,4334.487305,4262.94873,4286.282227,4334.358887,4297.436035,4292.94873,4282.563965,4583.974121,4556.153809,4421.410156,4539.358887,,,,,,,,,,,,,,,,,,,,,,,,,,,,,,,,,,,,,,,,,,,,,,,,,,,,,,,,,,,,,,,,,,,,,,
1769162276.084408,1769162276.08503,70.0,0.0,4233.333496,4287.563965,4246.410156,4333.846191,4264.615234,4297.94873,4337.94873,4299.743652,4294.230957,4282.692383,4586.794922,4555.256348,4425.769043,4539.102539,,,,,,,,,,,,,,,,,,,,,,,,,,,,,,,,,,,,,,,,,,,,,,,,,,,,,,,,,,,,,,,,,,,,,,
1769162276.092217,1769162276.092839,71.0,0.0,4239.871582,4287.563965,4244.743652,4333.846191,4267.179688,4292.820313,4332.820313,4299.230957,4291.153809,4276.666504,4576.538574,4553.846191,4419.871582,4541.538574,,,,,,,,,,,,,,,,,,,,,,,,,,,,,,,,,,,,,,,,,,,,,,,,,,,,,,,,,,,,,,,,,,,,,,
1769162276.100025,1769162276.100847,72.0,0.0,4247.692383,4287.692383,4239.230957,4334.615234,4266.025879,4279.487305,4326.282227,4293.333496,4279.230957,4271.538574,4572.307617,4553.333496,4413.077148,4540.769043,,,,,,,,,,,,,,,,,,,,,,,,,,,,,,,,,,,,,,,,,,,,,,,,,,,,,,,,,,,,,,,,,,,,,,
1769162276.107834,1769162276.108655,73.0,0.0,4242.05127,4281.922852,4232.436035,4336.410156,4264.358887,4282.179688,4329.615234,4295.384766,4277.692383,4279.487305,4576.025879,4547.179688,4413.333496,4540.0,,,,,,,,,,,,,,,,,,,,,,,,,,,,,,,,,,,,,,,,,,,,,,,,,,,,,,,,,,,,,,,,,,,,,,
1769162276.115642,1769162276.116564,74.0,0.0,4234.358887,4278.589844,4232.436035,4334.615234,4265.384766,4293.846191,4339.102539,4298.077148,4284.102539,4281.794922,4572.05127,4539.743652,4412.563965,4538.846191,,,,,,,,,,,,,,,,,,,,,,,,,,,,,,,,,,,,,,,,,,,,,,,,,,,,,,,,,,,,,,,,,,,,,,
1769162276.123451,1769162276.124372,75.0,0.0,4232.692383,4278.717773,4230.384766,4329.743652,4267.307617,4294.743652,4339.743652,4292.820313,4280.769043,4267.307617,4565.897461,4538.846191,4411.666504,4529.487305,,,,,,,,,,,,,,,,,,,,,,,,,,,,,,,,,,,,,,,,,,,,,,,,,,,,,,,,,,,,,,,,,,,,,,
1769162276.131259,1769162276.13238,76.0,0.0,4229.871582,4277.436035,4218.205078,4326.538574,4267.307617,4288.333496,4331.538574,4297.307617,4282.692383,4263.974121,4566.410156,4542.05127,4411.025879,4526.025879,,,,,,,,,,,,,,,,,,,,,,,,,,,,,,,,,,,,,,,,,,,,,,,,,,,,,,,,,,,,,,,,,,,,,,
1769162276.139068,1769162276.140189,77.0,0.0,4229.487305,4275.897461,4212.94873,4326.025879,4266.153809,4289.358887,4332.307617,4301.666504,4290.641113,4277.94873,4571.282227,4545.384766,4410.0,4534.743652,,,,,,,,,,,,,,,,,,,,,,,,,,,,,,,,,,,,,,,,,,,,,,,,,,,,,,,,,,,,,,,,,,,,,,
1769162276.146876,1769162276.148097,78.0,0.0,4237.563965,4276.538574,4223.717773,4329.358887,4265.512695,4290.512695,4339.871582,4300.512695,4294.615234,4284.871582,4575.0,4551.538574,4417.692383,4543.846191,0.656246,0.210741,0.373144,0.450281,0.240351,1.005975,0.240679,0.274571,0.24339,0.171357,0.296373,0.09317,0.196603,0.244356,0.127349,0.462377,0.183899,0.205498,0.18478,0.082582,0.16524,0.230873,0.217012,0.158393,0.047877,0.458139,0.189784,0.159119,0.195872,0.192645,0.107437,0.115575,0.185351,0.053285,0.111996,0.424503,0.275316,0.318403,0.175909,0.250751,0.385625,0.648015,0.359586,0.190559,0.110876,0.325329,0.683294,0.357278,0.54492,0.250411,0.378666,0.528974,0.310784,0.280707,0.150058,0.519587,0.429267,0.255467,0.28773,0.147999,0.3143,0.604913,0.413475,0.32344,0.190047,0.816823,0.302614,0.632781,0.426703,0.228652
1769162276.154685,1769162276.155906,79.0,0.0,4246.794922,4284.230957,4228.846191,4334.487305,4264.358887,4286.794922,4335.641113,4304.358887,4297.820313,4275.897461,4578.077148,4557.307617,4429.615234,4546.410156,,,,,,,,,,,,,,,,,,,,,,,,,,,,,,,,,,,,,,,,,,,,,,,,,,,,,,,,,,,,,,,,,,,,,,
1769162276.162493,1769162276.163514,80.0,0.0,4247.05127,4289.230957,4220.256348,4332.436035,4264.230957,4292.307617,4329.743652,4302.563965,4290.256348,4265.897461,4577.563965,4552.179688,4431.410156,4545.512695,,,,,,,,,,,,,,,,,,,,,,,,,,,,,,,,,,,,,,,,,,,,,,,,,,,,,,,,,,,,,,,,,,,,,,
1769162276.170302,1769162276.171323,81.0,0.0,4236.410156,4284.102539,4216.025879,4326.538574,4265.641113,4291.922852,4330.641113,4294.871582,4279.358887,4269.615234,4573.974121,4542.563965,4421.922852,4541.282227,,,,,,,,,,,,,,,,,,,,,,,,,,,,,,,,,,,,,,,,,,,,,,,,,,,,,,,,,,,,,,,,,,,,,,
1769162276.17811,1769162276.179031,82.0,0.0,4233.589844,4279.358887,4219.102539,4326.666504,4266.666504,4278.717773,4328.589844,4294.102539,4283.333496,4280.384766,4570.769043,4540.769043,4414.743652,4538.974121,,,,,,,,,,,,,,,,,,,,,,,,,,,,,,,,,,,,,,,,,,,,,,,,,,,,,,,,,,,,,,,,,,,,,,
1769162276.185918,1769162276.18684,83.0,0.0,4243.205078,4283.974121,4218.333496,4327.307617,4266.025879,4281.666504,4329.615234,4296.666504,4290.641113,4279.615234,4570.256348,4546.282227,4412.436035,4541.025879,,,,,,,,,,,,,,,,,,,,,,,,,,,,,,,,,,,,,,,,,,,,,,,,,,,,,,,,,,,,,,,,,,,,,,
1769162276.193727,1769162276.194448,84.0,0.0,4249.230957,4292.692383,4215.769043,4330.512695,4269.615234,4295.256348,4333.717773,4294.102539,4288.846191,4277.820313,4573.205078,4550.897461,4414.102539,4539.230957,,,,,,,,,,,,,,,,,,,,,,,,,,,,,,,,,,,,,,,,,,,,,,,,,,,,,,,,,,,,,,,,,,,,,,
1769162276.201535,1769162276.202257,85.0,0.0,4246.410156,4291.922852,4216.922852,4334.871582,4277.563965,4287.692383,4330.769043,4300.0,4287.436035,4277.94873,4575.0,4552.05127,4420.512695,4541.025879,,,,,,,,,,,,,,,,,,,,,,,,,,,,,,,,,,,,,,,,,,,,,,,,,,,,,,,,,,,,,,,,,,,,,,
1769162276.209344,1769162276.209965,86.0,0.0,4242.436035,4285.0,4216.538574,4329.230957,4279.871582,4276.922852,4328.205078,4311.794922,4292.307617,4266.666504,4572.820313,4552.179688,4418.974121,4542.692383,,,,,,,,,,,,,,,,,,,,,,,,,,,,,,,,,,,,,,,,,,,,,,,,,,,,,,,,,,,,,,,,,,,,,,
1769162276.217152,1769162276.217774,87.0,0.0,4242.436035,4284.487305,4210.641113,4327.05127,4280.0,4289.230957,4336.282227,4306.025879,4290.897461,4266.410156,4573.333496,4551.666504,4412.692383,4540.641113,,,,,,,,,,,,,,,,,,,,,,,,,,,,,,,,,,,,,,,,,,,,,,,,,,,,,,,,,,,,,,,,,,,,,,
1769162276.224961,1769162276.225782,88.0,0.0,4246.794922,4293.717773,4204.487305,4336.922852,4287.563965,4301.025879,4338.974121,4293.589844,4283.974121,4282.94873,4579.871582,4553.589844,4419.615234,4548.846191,,,,,,,,,,,,,,,,,,,,,,,,,,,,,,,,,,,,,,,,,,,,,,,,,,,,,,,,,,,,,,,,,,,,,,
1769162276.232769,1769162276.23359,89.0,0.0,4251.025879,4297.179688,4201.922852,4337.436035,4293.205078,4296.282227,4330.641113,4291.666504,4278.974121,4283.589844,4581.025879,4548.717773,4425.512695,4555.641113,,,,,,,,,,,,,,,,,,,,,,,,,,,,,,,,,,,,,,,,,,,,,,,,,,,,,,,,,,,,,,,,,,,,,,
1769162276.240578,1769162276.241499,90.0,0.0,4247.563965,4288.077148,4197.307617,4326.666504,4287.820313,4291.410156,4328.846191,4295.512695,4279.102539,4276.666504,4578.589844,4538.461426,4416.794922,4547.563965,,,,,,,,,,,,,,,,,,,,,,,,,,,,,,,,,,,,,,,,,,,,,,,,,,,,,,,,,,,,,,,,,,,,,,
1769162276.248386,1769162276.249307,91.0,0.0,4243.589844,4281.922852,4187.820313,4324.615234,4284.743652,4293.974121,4333.333496,4295.641113,4282.307617,4275.769043,4580.256348,4537.820313,4410.128418,4538.589844,,,,,,,,,,,,,,,,,,,,,,,,,,,,,,,,,,,,,,,,,,,,,,,,,,,,,,,,,,,,,,,,,,,,,,
1769162276.256194,1769162276.257315,92.0,0.0,4244.615234,4287.179688,4183.846191,4329.871582,4288.974121,4294.743652,4334.358887,4295.384766,4281.794922,4271.025879,4577.94873,4541.922852,4412.179688,4539.743652,,,,,,,,,,,,,,,,,,,,,,,,,,,,,,,,,,,,,,,,,,,,,,,,,,,,,,,,,,,,,,,,,,,,,,
1769162276.264003,1769162276.265124,93.0,0.0,4247.94873,4295.0,4186.794922,4335.512695,4292.820313,4286.282227,4327.692383,4295.641113,4278.974121,4267.820313,4571.410156,4542.563965,4413.846191,4542.436035,,,,,,,,,,,,,,,,,,,,,,,,,,,,,,,,,,,,,,,,,,,,,,,,,,,,,,,,,,,,,,,,,,,,,,
1769162276.271811,1769162276.272832,94.0,0.0,4250.384766,4294.615234,4186.794922,4336.153809,4290.897461,4274.487305,4322.692383,4294.102539,4277.692383,4273.717773,4568.205078,4539.743652,4411.794922,4540.128418,0.805375,0.255006,0.318488,0.390861,0.206884,1.185489,0.258473,0.256061,0.213751,0.154565,0.416145,0.114993,0.174152,0.233527,0.104623,0.572726,0.189453,0.226315,0.183232,0.090356,0.170237,0.227004,0.164729,0.145532,0.055007,0.476052,0.143653,0.150365,0.211189,0.157649,0.118043,0.142496,0.206291,0.061432,0.111942,0.382461,0.213501,0.302782,0.167688,0.268903,0.327923,0.527704,0.319996,0.180948,0.122885,0.314574,0.490795,0.315933,0.548548,0.232992,0.400653,0.415588,0.254278,0.277973,0.134721,0.611682,0.381428,0.200142,0.287174,0.124282,0.291877,0.575092,0.290718,0.361792,0.185617,0.841979,0.291794,0.489319,0.485276,0.193083
1769162276.27962,1769162276.280641,95.0,0.0,4247.436035,4288.589844,4183.717773,4331.922852,4284.487305,4276.538574,4328.333496,4298.333496,4278.589844,4278.333496,4572.820313,4540.128418,4410.512695,4539.102539,,,,,,,,,,,,,,,,,,,,,,,,,,,,,,,,,,,,,,,,,,,,,,,,,,,,,,,,,,,,,,,,,,,,,,
1769162276.287428,1769162276.288649,96.0,0.0,4243.461426,4284.358887,4181.538574,4328.717773,4280.384766,4287.179688,4332.563965,4301.282227,4279.102539,4279.358887,4579.743652,4547.307617,4417.94873,4545.128418,,,,,,,,,,,,,,,,,,,,,,,,,,,,,,,,,,,,,,,,,,,,,,,,,,,,,,,,,,,,,,,,,,,,,,
