Timestamp,OriginalTimestamp,EEG.Counter,EEG.Interpolated,EEG.AF3,EEG.F7,EEG.F3,EEG.FC5,EEG.T7,EEG.P7,EEG.O1,EEG.O2,EEG.P8,EEG.T8,EEG.FC6,EEG.F4,EEG.F8,EEG.AF4,POW.AF3.Theta,POW.AF3.Alpha,POW.AF3.BetaL,POW.AF3.BetaH,POW.AF3.Gamma,POW.F7.Theta,POW.F7.Alpha,POW.F7.BetaL,POW.F7.BetaH,POW.F7.Gamma,POW.F3.Theta,POW.F3.Alpha,POW.F3.BetaL,POW.F3.BetaH,POW.F3.Gamma,POW.FC5.Theta,POW.FC5.Alpha,POW.FC5.BetaL,POW.FC5.BetaH,POW.FC5.Gamma,POW.T7.Theta,POW.T7.Alpha,POW.T7.BetaL,POW.T7.BetaH,POW.T7.Gamma,POW.P7.Theta,POW.P7.Alpha,POW.P7.BetaL,POW.P7.BetaH,POW.P7.Gamma,POW.O1.Theta,POW.O1.Alpha,POW.O1.BetaL,POW.O1.BetaH,POW.O1.Gamma,POW.O2.Theta,POW.O2.Alpha,POW.O2.BetaL,POW.O2.BetaH,POW.O2.Gamma,POW.P8.Theta,POW.P8.Alpha,POW.P8.BetaL,POW.P8.BetaH,POW.P8.Gamma,POW.T8.Theta,POW.T8.Alpha,POW.T8.BetaL,POW.T8.BetaH,POW.T8.Gamma,POW.FC6.Theta,POW.FC6.Alpha,POW.FC6.BetaL,POW.FC6.BetaH,POW.FC6.Gamma,POW.F4.Theta,POW.F4.Alpha,POW.F4.BetaL,POW.F4.BetaH,POW.F4.Gamma,POW.F8.Theta,POW.F8.Alpha,POW.F8.BetaL,POW.F8.BetaH,POW.F8.Gamma,POW.AF4.Theta,POW.AF4.Alpha,POW.AF4.BetaL,POW.AF4.BetaH,POW.AF4.Gamma
1769161503.352337,1769161503.353113,53.0,0.0,4255.0,4278.589844,4339.487305,4325.641113,4280.897461,4282.05127,4274.358887,4296.025879,4262.436035,4266.922852,4557.692383,4526.538574,4410.897461,4491.410156,,,,,,,,,,,,,,,,,,,,,,,,,,,,,,,,,,,,,,,,,,,,,,,,,,,,,,,,,,,,,,,,,,,,,,
1769161503.360145,1769161503.360821,54.0,0.0,4245.897461,4277.05127,4335.512695,4323.461426,4280.641113,4287.05127,4280.0,4294.615234,4263.077148,4263.846191,4558.846191,4526.794922,4409.743652,4492.05127,,,,,,,,,,,,,,,,,,,,,,,,,,,,,,,,,,,,,,,,,,,,,,,,,,,,,,,,,,,,,,,,,,,,,,
1769161503.367953,1769161503.36863,55.0,0.0,4257.05127,4277.436035,4332.692383,4324.230957,4280.769043,4283.205078,4277.436035,4295.0,4263.333496,4261.922852,4557.692383,4537.05127,4413.077148,4496.025879,,,,,,,,,,,,,,,,,,,,,,,,,,,,,,,,,,,,,,,,,,,,,,,,,,,,,,,,,,,,,,,,,,,,,,
1769161503.375762,1769161503.376638,56.0,0.0,4265.897461,4276.666504,4338.589844,4324.487305,4279.871582,4276.666504,4268.077148,4296.025879,4262.307617,4267.692383,4558.589844,4537.94873,4408.589844,4495.641113,,,,,,,,,,,,,,,,,,,,,,,,,,,,,,,,,,,,,,,,,,,,,,,,,,,,,,,,,,,,,,,,,,,,,,
1769161503.38357,1769161503.384446,57.0,0.0,4261.410156,4277.820313,4343.717773,4325.128418,4280.128418,4282.05127,4265.512695,4291.666504,4261.153809,4271.794922,4559.102539,4534.358887,4403.974121,4495.384766,,,,,,,,,,,,,,,,,,,,,,,,,,,,,,,,,,,,,,,,,,,,,,,,,,,,,,,,,,,,,,,,,,,,,,
1769161503.391379,1769161503.392355,58.0,0.0,4262.436035,4280.384766,4341.794922,4327.692383,4280.897461,4281.153809,4265.641113,4287.436035,4261.538574,4271.025879,4556.922852,4533.974121,4408.461426,4494.487305,,,,,,,,,,,,,,,,,,,,,,,,,,,,,,,,,,,,,,,,,,,,,,,,,,,,,,,,,,,,,,,,,,,,,,
1769161503.399187,1769161503.400163,59.0,0.0,4262.692383,4281.282227,4340.641113,4327.94873,4282.563965,4276.538574,4265.641113,4291.410156,4263.717773,4275.128418,4556.794922,4529.358887,4412.820313,4490.128418,,,,,,,,,,,,,,,,,,,,,,,,,,,,,,,,,,,,,,,,,,,,,,,,,,,,,,,,,,,,,,,,,,,,,,
1769161503.406996,1769161503.408171,60.0,0.0,4250.384766,4280.384766,4337.436035,4326.666504,4283.589844,4286.282227,4271.538574,4296.922852,4263.974121,4278.589844,4558.205078,4524.615234,4411.410156,4488.077148,,,,,,,,,,,,,,,,,,,,,,,,,,,,,,,,,,,,,,,,,,,,,,,,,,,,,,,,,,,,,,,,,,,,,,
1769161503.414804,1769161503.41598,61.0,0.0,4246.666504,4279.102539,4329.615234,4324.615234,4280.0,4291.538574,4277.307617,4296.025879,4262.307617,4269.871582,4557.692383,4524.615234,4405.769043,4488.333496,,,,,,,,,,,,,,,,,,,,,,,,,,,,,,,,,,,,,,,,,,,,,,,,,,,,,,,,,,,,,,,,,,,,,,
1769161503.422613,1769161503.423688,62.0,0.0,4258.974121,4277.692383,4330.128418,4320.384766,4276.153809,4281.922852,4272.563965,4291.282227,4262.05127,4260.897461,4554.871582,4522.94873,4399.102539,4488.717773,0.716815,0.34297,0.080054,0.212753,0.195366,0.66929,0.285132,0.168036,0.0753,0.160208,0.663848,0.337096,0.144881,0.092787,0.139179,0.28309,0.276432,0.21039,0.041197,0.120139,0.137704,0.135968,0.127239,0.164457,0.078794,0.112039,0.212128,0.234594,0.302816,0.180351,0.305562,0.291237,0.136768,0.200828,0.104193,0.397185,0.41023,0.254583,0.16512,0.160998,0.362126,0.399694,0.165333,0.126698,0.153735,0.240526,0.442805,0.211136,0.177161,0.238211,0.943075,0.326418,0.2607,0.150639,0.222852,0.43602,0.248329,0.17078,0.120657,0.258893,0.528277,0.231352,0.125298,0.163811,0.264475,1.213939,0.293058,0.189291,0.115428,0.321296
1769161503.430421,1769161503.431497,63.0,0.0,4264.230957,4276.666504,4337.436035,4321.153809,4276.153809,4278.205078,4271.922852,4289.358887,4261.282227,4261.153809,4551.922852,4523.846191,4394.358887,4488.333496,,,,,,,,,,,,,,,,,,,,,,,,,,,,,,,,,,,,,,,,,,,,,,,,,,,,,,,,,,,,,,,,,,,,,,
1769161503.438229,1769161503.439105,64.0,0.0,4260.128418,4276.922852,4338.589844,4323.974121,4273.974121,4283.333496,4278.077148,4291.153809,4259.615234,4263.461426,4551.538574,4523.333496,4395.512695,4487.05127,,,,,,,,,,,,,,,,,,,,,,,,,,,,,,,,,,,,,,,,,,,,,,,,,,,,,,,,,,,,,,,,,,,,,,
1769161503.446038,1769161503.446914,65.0,0.0,4261.282227,4278.333496,4333.333496,4321.922852,4271.025879,4280.256348,4271.666504,4292.563965,4260.641113,4261.025879,4554.230957,4521.794922,4402.179688,4489.743652,,,,,,,,,,,,,,,,,,,,,,,,,,,,,,,,,,,,,,,,,,,,,,,,,,,,,,,,,,,,,,,,,,,,,,
1769161503.453847,1769161503.454622,66.0,0.0,4262.94873,4279.871582,4331.794922,4319.615234,4273.333496,4276.666504,4261.282227,4291.025879,4264.487305,4261.922852,4557.692383,4530.128418,4411.410156,4494.358887,,,,,,,,,,,,,,,,,,,,,,,,,,,,,,,,,,,,,,,,,,,,,,,,,,,,,,,,,,,,,,,,,,,,,,
1769161503.461655,1769161503.462431,67.0,0.0,4259.615234,4279.230957,4335.384766,4317.05127,4276.153809,4279.230957,4263.205078,4284.230957,4262.820313,4269.743652,4559.230957,4537.94873,4414.102539,4492.820313,,,,,,,,,,,,,,,,,,,,,,,,,,,,,,,,,,,,,,,,,,,,,,,,,,,,,,,,,,,,,,,,,,,,,,
1769161503.469463,1769161503.470039,68.0,0.0,4262.563965,4279.743652,4340.128418,4313.461426,4277.94873,4277.05127,4266.538574,4279.230957,4257.820313,4277.436035,4565.769043,4537.436035,4411.025879,4495.384766,,,,,,,,,,,,,,,,,,,,,,,,,,,,,,,,,,,,,,,,,,,,,,,,,,,,,,,,,,,,,,,,,,,,,,
1769161503.477272,1769161503.477848,69.0,0.0,4270.0,4280.256348,4343.333496,4312.94873,4278.333496,4275.256348,4261.922852,4288.717773,4261.794922,4278.077148,4573.589844,4539.615234,4413.333496,4507.307617,,,,,,,,,,,,,,,,,,,,,,,,,,,,,,,,,,,,,,,,,,,,,,,,,,,,,,,,,,,,,,,,,,,,,,
1769161503.48508,1769161503.485556,70.0,0.0,4268.333496,4277.436035,4343.333496,4311.922852,4275.769043,4278.846191,4260.0,4297.436035,4267.179688,4268.205078,4567.94873,4543.461426,4414.487305,4510.128418,,,,,,,,,,,,,,,,,,,,,,,,,,,,,,,,,,,,,,,,,,,,,,,,,,,,,,,,,,,,,,,,,,,,,,
1769161503.492889,1769161503.493365,71.0,0.0,4263.333496,4279.487305,4342.820313,4307.692383,4274.615234,4280.897461,4263.717773,4284.615234,4262.05127,4263.717773,4560.512695,4538.717773,4409.102539,4503.077148,,,,,,,,,,,,,,,,,,,,,,,,,,,,,,,,,,,,,,,,,,,,,,,,,,,,,,,,,,,,,,,,,,,,,,
1769161503.500697,1769161503.501373,72.0,0.0,4266.410156,4287.307617,4343.974121,4311.282227,4279.743652,4278.717773,4263.974121,4271.538574,4256.922852,4272.307617,4567.436035,4534.230957,4410.769043,4506.794922,,,,,,,,,,,,,,,,,,,,,,,,,,,,,,,,,,,,,,,,,,,,,,,,,,,,,,,,,,,,,,,,,,,,,,
1769161503.508506,1769161503.509182,73.0,0.0,4267.307617,4287.563965,4343.077148,4312.307617,4278.461426,4278.974121,4264.358887,4287.179688,4263.461426,4274.230957,4571.794922,4535.641113,4415.512695,4508.461426,,,,,,,,,,,,,,,,,,,,,,,,,,,,,,,,,,,,,,,,,,,,,,,,,,,,,,,,,,,,,,,,,,,,,,
1769161503.516314,1769161503.51709,74.0,0.0,4259.230957,4277.179688,4339.615234,4300.897461,4270.256348,4281.153809,4264.743652,4298.333496,4268.077148,4264.102539,4562.692383,4535.641113,4411.794922,4498.974121,,,,,,,,,,,,,,,,,,,,,,,,,,,,,,,,,,,,,,,,,,,,,,,,,,,,,,,,,,,,,,,,,,,,,,
1769161503.524123,1769161503.524898,75.0,0.0,4259.615234,4277.94873,4340.256348,4298.205078,4269.615234,4278.974121,4263.846191,4285.128418,4263.589844,4265.0,4562.307617,4538.589844,4414.102539,4500.384766,,,,,,,,,,,,,,,,,,,,,,,,,,,,,,,,,,,,,,,,,,,,,,,,,,,,,,,,,,,,,,,,,,,,,,
1769161503.531931,1769161503.532507,76.0,0.0,4269.230957,4286.922852,4344.743652,4302.692383,4273.974121,4274.102539,4262.436035,4284.102539,4261.666504,4270.256348,4572.692383,4542.05127,4423.846191,4510.512695,,,,,,,,,,,,,,,,,,,,,,,,,,,,,,,,,,,,,,,,,,,,,,,,,,,,,,,,,,,,,,,,,,,,,,
1769161503.539739,1769161503.540315,77.0,0.0,4270.256348,4283.717773,4345.128418,4298.077148,4275.641113,4272.307617,4262.05127,4291.922852,4263.717773,4264.615234,4573.974121,4541.153809,4425.0,4509.487305,,,,,,,,,,,,,,,,,,,,,,,,,,,,,,,,,,,,,,,,,,,,,,,,,,,,,,,,,,,,,,,,,,,,,,
1769161503.547548,1769161503.548024,78.0,0.0,4264.358887,4281.025879,4342.307617,4292.563965,4276.410156,4273.461426,4262.563965,4284.487305,4262.820313,4263.205078,4569.615234,4538.717773,4417.563965,4506.025879,0.606948,0.322094,0.096258,0.201622,0.202707,0.6311,0.315227,0.141075,0.062825,0.169244,0.635138,0.269521,0.134881,0.076367,0.135785,0.29544,0.326794,0.208884,0.042396,0.115479,0.107563,0.158208,0.160324,0.14266,0.068879,0.11652,0.226358,0.243753,0.266958,0.162785,0.320361,0.361992,0.129067,0.17182,0.093127,0.430072,0.497358,0.24757,0.155348,0.169852,0.367344,0.377161,0.166187,0.120842,0.168769,0.210532,0.459194,0.249962,0.204516,0.247427,0.842635,0.322544,0.275672,0.142047,0.248817,0.400764,0.240939,0.170708,0.120186,0.258531,0.572874,0.242694,0.13847,0.172258,0.2883,1.136859,0.3136,0.196075,0.127171,0.368833
1769161503.555356,1769161503.555832,79.0,0.0,4264.615234,4288.461426,4341.794922,4294.487305,4278.461426,4276.153809,4261.794922,4279.487305,4259.358887,4267.436035,4566.282227,4536.282227,4414.871582,4508.461426,,,,,,,,,,,,,,,,,,,,,,,,,,,,,,,,,,,,,,,,,,,,,,,,,,,,,,,,,,,,,,,,,,,,,,
1769161503.563165,1769161503.563841,80.0,0.0,4270.897461,4292.820313,4341.666504,4294.487305,4278.717773,4277.563965,4262.436035,4288.333496,4260.769043,4268.846191,4568.717773,4537.307617,4417.563965,4508.974121,,,,,,,,,,,,,,,,,,,,,,,,,,,,,,,,,,,,,,,,,,,,,,,,,,,,,,,,,,,,,,,,,,,,,,
1769161503.570973,1769161503.571649,81.0,0.0,4270.897461,4288.333496,4340.769043,4292.436035,4273.974121,4272.05127,4264.487305,4294.615234,4264.743652,4267.563965,4568.974121,4540.256348,4416.282227,4507.436035,,,,,,,,,,,,,,,,,,,,,,,,,,,,,,,,,,,,,,,,,,,,,,,,,,,,,,,,,,,,,,,,,,,,,,
1769161503.578782,1769161503.579557,82.0,0.0,4265.0,4283.974121,4340.128418,4292.692383,4269.230957,4266.025879,4263.461426,4289.871582,4262.179688,4263.205078,4560.897461,4538.717773,4411.282227,4505.897461,,,,,,,,,,,,,,,,,,,,,,,,,,,,,,,,,,,,,,,,,,,,,,,,,,,,,,,,,,,,,,,,,,,,,,
1769161503.58659,1769161503.587366,83.0,0.0,4262.179688,4285.0,4340.384766,4290.512695,4273.717773,4271.410156,4260.128418,4283.205078,4257.692383,4263.461426,4557.436035,4534.871582,4410.641113,4504.615234,,,,,,,,,,,,,,,,,,,,,,,,,,,,,,,,,,,,,,,,,,,,,,,,,,,,,,,,,,,,,,,,,,,,,,
1769161503.594399,1769161503.595374,84.0,0.0,4263.077148,4286.410156,4341.153809,4291.153809,4278.333496,4283.333496,4264.487305,4288.205078,4259.358887,4268.205078,4564.358887,4535.0,4413.717773,4505.641113,,,,,,,,,,,,,,,,,,,,,,,,,,,,,,,,,,,,,,,,,,,,,,,,,,,,,,,,,,,,,,,,,,,,,,
1769161503.602207,1769161503.603183,85.0,0.0,4262.820313,4285.641113,4340.897461,4291.922852,4268.461426,4278.717773,4268.717773,4298.461426,4262.05127,4264.358887,4565.128418,4536.538574,4413.077148,4505.384766,,,,,,,,,,,,,,,,,,,,,,,,,,,,,,,,,,,,,,,,,,,,,,,,,,,,,,,,,,,,,,,,,,,,,,
1769161503.610016,1769161503.611091,86.0,0.0,4262.94873,4289.230957,4341.410156,4292.94873,4264.358887,4262.436035,4256.282227,4287.307617,4258.717773,4259.743652,4559.743652,4536.794922,4411.922852,4504.615234,,,,,,,,,,,,,,,,,,,,,,,,,,,,,,,,,,,,,,,,,,,,,,,,,,,,,,,,,,,,,,,,,,,,,,
1769161503.617824,1769161503.618899,87.0,0.0,4264.102539,4296.282227,4343.333496,4301.282227,4275.128418,4263.846191,4245.769043,4274.102539,4256.153809,4265.384766,4563.974121,4537.563965,4413.077148,4507.307617,,,,,,,,,,,,,,,,,,,,,,,,,,,,,,,,,,,,,,,,,,,,,,,,,,,,,,,,,,,,,,,,,,,,,,
1769161503.625632,1769161503.626508,88.0,0.0,4262.820313,4293.846191,4343.333496,4303.077148,4277.94873,4276.538574,4255.256348,4286.410156,4261.794922,4268.077148,4570.641113,4538.589844,4412.692383,4510.128418,,,,,,,,,,,,,,,,,,,,,,,,,,,,,,,,,,,,,,,,,,,,,,,,,,,,,,,,,,,,,,,,,,,,,,
1769161503.633441,1769161503.634316,89.0,0.0,4263.333496,4287.692383,4341.538574,4294.102539,4272.94873,4279.230957,4265.384766,4297.179688,4263.846191,4264.487305,4567.05127,4539.743652,4412.179688,4506.922852,,,,,,,,,,,,,,,,,,,,,,,,,,,,,,,,,,,,,,,,,,,,,,,,,,,,,,,,,,,,,,,,,,,,,,
1769161503.641249,1769161503.642025,90.0,0.0,4265.0,4291.410156,4343.717773,4296.922852,4272.692383,4273.589844,4262.563965,4290.512695,4258.846191,4265.512695,4566.666504,4540.641113,4412.436035,4508.461426,,,,,,,,,,,,,,,,,,,,,,,,,,,,,,,,,,,,,,,,,,,,,,,,,,,,,,,,,,,,,,,,,,,,,,
1769161503.649058,1769161503.649833,91.0,0.0,4264.743652,4292.05127,4346.282227,4307.563965,4271.666504,4268.333496,4259.230957,4284.487305,4258.461426,4269.487305,4570.512695,4540.384766,4415.384766,4515.128418,,,,,,,,,,,,,,,,,,,,,,,,,,,,,,,,,,,,,,,,,,,,,,,,,,,,,,,,,,,,,,,,,,,,,,
1769161503.656866,1769161503.657442,92.0,0.0,4265.128418,4285.128418,4343.974121,4305.256348,4270.641113,4265.769043,4260.384766,4287.820313,4263.846191,4267.179688,4565.769043,4540.769043,4412.692383,4513.974121,,,,,,,,,,,,,,,,,,,,,,,,,,,,,,,,,,,,,,,,,,,,,,,,,,,,,,,,,,,,,,,,,,,,,,
1769161503.664675,1769161503.665251,93.0,0.0,4263.333496,4283.974121,4342.179688,4303.589844,4272.563965,4271.410156,4261.410156,4292.436035,4263.461426,4262.820313,4557.563965,4540.512695,4405.512695,4506.666504,,,,,,,,,,,,,,,,,,,,,,,,,,,,,,,,,,,,,,,,,,,,,,,,,,,,,,,,,,,,,,,,,,,,,,
1769161503.672483,1769161503.672959,94.0,0.0,4262.820313,4287.563965,4344.102539,4311.922852,4272.820313,4280.128418,4262.820313,4290.641113,4260.128418,4268.717773,4563.461426,4539.871582,4406.922852,4504.487305,0.475001,0.326423,0.133051,0.207776,0.201174,0.589094,0.356664,0.125683,0.064467,0.169898,0.575622,0.212827,0.130735,0.075087,0.131671,0.312079,0.375391,0.19547,0.048951,0.111894,0.099396,0.19582,0.195919,0.119938,0.059206,0.124428,0.234597,0.245558,0.227553,0.142698,0.310442,0.409789,0.127227,0.145336,0.08451,0.435657,0.583476,0.24614,0.154698,0.177589,0.417154,0.370383,0.164865,0.120326,0.188342,0.193072,0.508226,0.312913,0.246489,0.253625,0.741517,0.307622,0.299851,0.145173,0.274376,0.381668,0.226252,0.176731,0.124216,0.244328,0.654432,0.270069,0.158977,0.183189,0.295129,1.034344,0.330768,0.197384,0.14977,0.400618
1769161503.680292,1769161503.680768,95.0,0.0,4266.025879,4285.641113,4342.692383,4311.153809,4268.974121,4274.871582,4261.666504,4288.461426,4261.794922,4276.153809,4568.717773,4542.307617,4410.897461,4506.666504,,,,,,,,,,,,,,,,,,,,,,,,,,,,,,,,,,,,,,,,,,,,,,,,,,,,,,,,,,,,,,,,,,,,,,
1769161503.6881,1769161503.688376,96.0,0.0,4258.205078,4277.436035,4336.282227,4303.461426,4265.769043,4267.563965,4260.512695,4292.179688,4262.94873,4268.333496,4558.717773,4541.025879,4401.794922,4503.333496,,,,,,,,,,,,,,,,,,,,,,,,,,,,,,,,,,,,,,,,,,,,,,,,,,,,,,,,,,,,,,,,,,,,,,
1769161503.695908,1769161503.696185,97.0,0.0,4249.743652,4275.897461,4335.769043,4304.230957,4269.230957,4273.717773,4263.717773,4298.589844,4263.974121,4262.820313,4556.666504,4539.230957,4396.538574,4502.563965,,,,,,,,,,,,,,,,,,,,,,,,,,,,,,,,,,,,,,,,,,,,,,,,,,,,,,,,,,,,,,,,,,,,,,
1769161503.703717,1769161503.704093,98.0,0.0,4260.897461,4286.538574,4341.025879,4311.410156,4277.563965,4282.307617,4265.769043,4296.410156,4265.128418,4271.922852,4569.487305,4545.0,4408.974121,4507.94873,,,,,,,,,,,,,,,,,,,,,,,,,,,,,,,,,,,,,,,,,,,,,,,,,,,,,,,,,,,,,,,,,,,,,,
1769161503.711525,1769161503.711901,99.0,0.0,4270.641113,4296.666504,4344.487305,4318.717773,4282.05127,4281.410156,4263.333496,4290.0,4263.589844,4278.589844,4574.743652,4550.897461,4416.666504,4510.512695,,,,,,,,,,,,,,,,,,,,,,,,,,,,,,,,,,,,,,,,,,,,,,,,,,,,,,,,,,,,,,,,,,,,,,
1769161503.719334,1769161503.71991,100.0,0.0,4263.077148,4295.897461,4342.94873,4320.897461,4277.307617,4277.05127,4261.282227,4292.436035,4264.743652,4277.94873,4570.641113,4550.897461,4411.153809,4509.871582,,,,,,,,,,,,,,,,,,,,,,,,,,,,,,,,,,,,,,,,,,,,,,,,,,,,,,,,,,,,,,,,,,,,,,
1769161503.727142,1769161503.727718,101.0,0.0,4261.538574,4291.153809,4341.410156,4318.205078,4273.461426,4278.717773,4262.820313,4296.922852,4266.410156,4279.743652,4570.384766,4546.410156,4411.025879,4510.0,,,,,,,,,,,,,,,,,,,,,,,,,,,,,,,,,,,,,,,,,,,,,,,,,,,,,,,,,,,,,,,,,,,,,,
1769161503.734951,1769161503.735427,102.0,0.0,4267.436035,4292.436035,4342.436035,4320.897461,4276.794922,4280.128418,4263.333496,4295.641113,4263.717773,4281.025879,4573.589844,4543.717773,4415.769043,4510.256348,,,,,,,,,,,,,,,,,,,,,,,,,,,,,,,,,,,,,,,,,,,,,,,,,,,,,,,,,,,,,,,,,,,,,,
1769161503.742759,1769161503.743235,103.0,0.0,4266.153809,4292.692383,4343.077148,4323.077148,4277.307617,4278.589844,4262.94873,4293.846191,4261.794922,4277.307617,4570.641113,4542.820313,4412.563965,4507.820313,,,,,,,,,,,,,,,,,,,,,,,,,,,,,,,,,,,,,,,,,,,,,,,,,,,,,,,,,,,,,,,,,,,,,,
1769161503.750568,1769161503.751243,104.0,0.0,4271.282227,4291.666504,4342.692383,4319.230957,4273.205078,4278.077148,4262.94873,4294.487305,4263.205078,4277.820313,4571.282227,4542.563965,4414.230957,4510.897461,,,,,,,,,,,,,,,,,,,,,,,,,,,,,,,,,,,,,,,,,,,,,,,,,,,,,,,,,,,,,,,,,,,,,,
1769161503.758376,1769161503.759052,105.0,0.0,4277.94873,4292.307617,4343.205078,4319.871582,4272.820313,4278.205078,4263.077148,4293.974121,4261.922852,4281.410156,4577.563965,4544.230957,4423.717773,4520.897461,,,,,,,,,,,,,,,,,,,,,,,,,,,,,,,,,,,,,,,,,,,,,,,,,,,,,,,,,,,,,,,,,,,,,,
1769161503.766184,1769161503.76696,106.0,0.0,4270.769043,4290.512695,4342.436035,4323.589844,4276.410156,4278.717773,4264.871582,4294.615234,4261.153809,4278.717773,4575.897461,4543.974121,4420.897461,4522.436035,,,,,,,,,,,,,,,,,,,,,,,,,,,,,,,,,,,,,,,,,,,,,,,,,,,,,,,,,,,,,,,,,,,,,,
1769161503.773993,1769161503.774769,107.0,0.0,4262.94873,4287.563965,4339.487305,4321.794922,4274.487305,4276.666504,4266.153809,4296.410156,4262.307617,4276.282227,4568.974121,4541.153809,4413.077148,4514.102539,,,,,,,,,,,,,,,,,,,,,,,,,,,,,,,,,,,,,,,,,,,,,,,,,,,,,,,,,,,,,,,,,,,,,,
1769161503.781801,1769161503.782777,108.0,0.0,4261.282227,4290.0,4340.512695,4322.436035,4273.077148,4276.410156,4265.256348,4295.384766,4259.358887,4274.487305,4567.820313,4538.077148,4411.922852,4506.922852,,,,,,,,,,,,,,,,,,,,,,,,,,,,,,,,,,,,,,,,,,,,,,,,,,,,,,,,,,,,,,,,,,,,,,
1769161503.78961,1769161503.790585,109.0,0.0,4264.358887,4295.384766,4342.436035,4327.94873,4277.307617,4278.974121,4265.128418,4294.358887,4255.128418,4268.589844,4571.282227,4540.769043,4415.384766,4508.717773,,,,,,,,,,,,,,,,,,,,,,,,,,,,,,,,,,,,,,,,,,,,,,,,,,,,,,,,,,,,,,,,,,,,,,
1769161503.797418,1769161503.798294,110.0,0.0,4270.897461,4296.922852,4341.538574,4327.94873,4279.230957,4280.0,4265.897461,4296.922852,4259.487305,4270.128418,4577.692383,4549.230957,4423.077148,4517.820313,0.351551,0.351909,0.193229,0.236739,0.192435,0.549594,0.391683,0.125482,0.079739,0.161567,0.50019,0.168801,0.14003,0.088526,0.125513,0.328047,0.3986,0.174373,0.059079,0.108957,0.105442,0.235271,0.228633,0.104052,0.051176,0.128326,0.228569,0.234347,0.190252,0.125384,0.266745,0.423775,0.131409,0.124155,0.078141,0.412272,0.640631,0.243905,0.16647,0.183028,0.456876,0.367178,0.158935,0.124854,0.20359,0.189603,0.585938,0.391758,0.292209,0.252473,0.675364,0.286848,0.332195,0.159927,0.293768,0.386177,0.20679,0.196524,0.137712,0.220723,0.747594,0.298335,0.193768,0.196513,0.281204,0.946057,0.341107,0.200971,0.18334,0.406154
1769161503.805227,1769161503.806102,111.0,0.0,4271.666504,4296.666504,4341.922852,4327.05127,4278.461426,4279.743652,4266.538574,4298.205078,4261.410156,4278.461426,4580.769043,4553.589844,4425.0,4521.153809,,,,,,,,,,,,,,,,,,,,,,,,,,,,,,,,,,,,,,,,,,,,,,,,,,,,,,,,,,,,,,,,,,,,,,
1769161503.813035,1769161503.814111,112.0,0.0,4263.846191,4292.307617,4339.871582,4327.692383,4278.974121,4279.871582,4267.563965,4294.230957,4251.666504,4278.205078,4574.871582,4544.743652,4414.358887,4513.717773,,,,,,,,,,,,,,,,,,,,,,,,,,,,,,,,,,,,,,,,,,,,,,,,,,,,,,,,,,,,,,,,,,,,,,
1769161503.820844,1769161503.821919,113.0,0.0,4261.794922,4287.563965,4336.025879,4323.589844,4278.205078,4279.871582,4267.307617,4297.94873,4252.692383,4274.102539,4568.589844,4537.563965,4408.589844,4505.897461,,,,,,,,,,,,,,,,,,,,,,,,,,,,,,,,,,,,,,,,,,,,,,,,,,,,,,,,,,,,,,,,,,,,,,
1769161503.828652,1769161503.829628,114.0,0.0,4265.0,4287.94873,4336.538574,4320.384766,4280.641113,4279.358887,4262.692383,4308.974121,4266.922852,4281.666504,4569.615234,4546.794922,4417.179688,4506.153809,,,,,,,,,,,,,,,,,,,,,,,,,,,,,,,,,,,,,,,,,,,,,,,,,,,,,,,,,,,,,,,,,,,,,,
1769161503.83646,1769161503.837436,115.0,0.0,4263.974121,4288.205078,4338.333496,4322.307617,4279.615234,4277.05127,4265.512695,4312.563965,4268.589844,4289.487305,4576.153809,4557.820313,4426.666504,4515.641113,,,,,,,,,,,,,,,,,,,,,,,,,,,,,,,,,,,,,,,,,,,,,,,,,,,,,,,,,,,,,,,,,,,,,,
1769161503.844269,1769161503.845045,116.0,0.0,4263.846191,4285.384766,4336.922852,4324.615234,4269.871582,4273.077148,4273.846191,4308.846191,4263.589844,4287.436035,4582.820313,4554.871582,4430.897461,4522.820313,,,,,,,,,,,,,,,,,,,,,,,,,,,,,,,,,,,,,,,,,,,,,,,,,,,,,,,,,,,,,,,,,,,,,,
1769161503.852077,1769161503.852853,117.0,0.0,4264.102539,4287.820313,4338.461426,4325.897461,4267.436035,4273.333496,4270.128418,4302.436035,4263.846191,4282.692383,4577.436035,4543.333496,4424.487305,4515.384766,,,,,,,,,,,,,,,,,,,,,,,,,,,,,,,,,,,,,,,,,,,,,,,,,,,,,,,,,,,,,,,,,,,,,,
1769161503.859886,1769161503.860562,118.0,0.0,4263.333496,4293.077148,4341.410156,4328.333496,4276.025879,4274.230957,4260.256348,4294.871582,4256.282227,4271.025879,4566.794922,4537.563965,4414.102539,4505.0,,,,,,,,,,,,,,,,,,,,,,,,,,,,,,,,,,,,,,,,,,,,,,,,,,,,,,,,,,,,,,,,,,,,,,
1769161503.867694,1769161503.86837,119.0,0.0,4261.666504,4288.974121,4335.769043,4329.871582,4279.230957,4269.102539,4259.743652,4294.358887,4248.461426,4265.641113,4569.743652,4541.922852,4415.512695,4508.205078,,,,,,,,,,,,,,,,,,,,,,,,,,,,,,,,,,,,,,,,,,,,,,,,,,,,,,,,,,,,,,,,,,,,,,
1769161503.875503,1769161503.875979,120.0,0.0,4255.641113,4280.769043,4325.897461,4324.358887,4271.538574,4265.256348,4262.820313,4297.820313,4250.384766,4271.538574,4570.128418,4542.820313,4416.538574,4510.256348,,,,,,,,,,,,,,,,,,,,,,,,,,,,,,,,,,,,,,,,,,,,,,,,,,,,,,,,,,,,,,,,,,,,,,
1769161503.883311,1769161503.883787,121.0,0.0,4255.256348,4279.358887,4325.256348,4317.307617,4267.692383,4273.077148,4262.436035,4293.846191,4247.563965,4270.769043,4561.282227,4537.563965,4411.025879,4505.128418,,,,,,,,,,,,,,,,,,,,,,,,,,,,,,,,,,,,,,,,,,,,,,,,,,,,,,,,,,,,,,,,,,,,,,
1769161503.89112,1769161503.891496,122.0,0.0,4257.436035,4279.743652,4331.153809,4319.358887,4270.512695,4280.256348,4265.0,4293.589844,4246.153809,4264.102539,4560.384766,4538.077148,4409.230957,4506.922852,,,,,,,,,,,,,,,,,,,,,,,,,,,,,,,,,,,,,,,,,,,,,,,,,,,,,,,,,,,,,,,,,,,,,,
1769161503.898928,1769161503.899304,123.0,0.0,4256.410156,4280.256348,4332.820313,4326.153809,4274.230957,4271.282227,4268.974121,4299.230957,4250.384766,4267.692383,4562.179688,4541.410156,4410.384766,4508.846191,,,,,,,,,,,,,,,,,,,,,,,,,,,,,,,,,,,,,,,,,,,,,,,,,,,,,,,,,,,,,,,,,,,,,,
1769161503.906737,1769161503.907312,124.0,0.0,4261.794922,4285.128418,4335.512695,4327.94873,4277.436035,4264.615234,4265.384766,4294.743652,4251.794922,4276.410156,4563.077148,4540.897461,4416.922852,4506.410156,,,,,,,,,,,,,,,,,,,,,,,,,,,,,,,,,,,,,,,,,,,,,,,,,,,,,,,,,,,,,,,,,,,,,,
1769161503.914545,1769161503.915121,125.0,0.0,4265.384766,4286.538574,4339.871582,4326.922852,4276.922852,4272.307617,4266.794922,4292.94873,4254.743652,4279.358887,4570.769043,4542.05127,4423.717773,4508.846191,,,,,,,,,,,,,,,,,,,,,,,,,,,,,,,,,,,,,,,,,,,,,,,,,,,,,,,,,,,,,,,,,,,,,,
1769161503.922354,1769161503.923029,126.0,0.0,4252.563965,4278.846191,4333.846191,4325.128418,4273.974121,4281.794922,4276.922852,4304.871582,4258.974121,4277.94873,4570.384766,4541.538574,4416.922852,4507.436035,0.278569,0.387167,0.268637,0.285269,0.181265,0.514355,0.403019,0.137528,0.104019,0.146842,0.416265,0.13462,0.163673,0.111043,0.116346,0.329702,0.382066,0.151284,0.069991,0.105471,0.11708,0.259931,0.254028,0.097975,0.046426,0.127031,0.209709,0.209004,0.159181,0.116042,0.205796,0.406941,0.143509,0.109144,0.074761,0.360492,0.644095,0.231258,0.187476,0.188685,0.477706,0.351118,0.146919,0.130514,0.206521,0.199858,0.670311,0.475303,0.325575,0.242688,0.666738,0.265463,0.367855,0.182151,0.302927,0.424125,0.188084,0.234983,0.161189,0.193641,0.840427,0.313016,0.247752,0.211674,0.2506,0.891131,0.340134,0.212008,0.223265,0.384717
1769161503.930162,1769161503.930838,127.0,0.0,4244.358887,4275.897461,4325.0,4324.615234,4273.333496,4279.102539,4275.256348,4306.410156,4252.563965,4263.974121,4557.94873,4535.128418,4408.461426,4495.641113,,,,,,,,,,,,,,,,,,,,,,,,,,,,,,,,,,,,,,,,,,,,,,,,,,,,,,,,,,,,,,,,,,,,,,
1769161503.937971,1769161503.938446,0.0,0.0,4251.153809,4279.230957,4325.641113,4323.717773,4277.307617,4270.769043,4262.820313,4292.05127,4242.436035,4253.717773,4552.820313,4530.897461,4404.487305,4489.102539,,,,,,,,,,,,,,,,,,,,,,,,,,,,,,,,,,,,,,,,,,,,,,,,,,,,,,,,,,,,,,,,,,,,,,
1769161503.945779,1769161503.946255,1.0,0.0,4252.05127,4279.358887,4328.205078,4320.641113,4277.820313,4269.230957,4260.897461,4287.179688,4242.692383,4262.05127,4556.153809,4534.230957,4399.230957,4497.692383,,,,,,,,,,,,,,,,,,,,,,,,,,,,,,,,,,,,,,,,,,,,,,,,,,,,,,,,,,,,,,,,,,,,,,
1769161503.953587,1769161503.953963,2.0,0.0,4252.436035,4278.077148,4329.102539,4320.769043,4276.922852,4268.589844,4264.871582,4288.846191,4247.05127,4267.436035,4554.487305,4536.538574,4404.102539,4507.179688,,,,,,,,,,,,,,,,,,,,,,,,,,,,,,,,,,,,,,,,,,,,,,,,,,,,,,,,,,,,,,,,,,,,,,
1769161503.961396,1769161503.961772,3.0,0.0,4260.641113,4278.205078,4335.512695,4325.128418,4280.512695,4266.922852,4264.230957,4286.794922,4247.307617,4264.743652,4554.871582,4535.769043,4411.538574,4506.282227,,,,,,,,,,,,,,,,,,,,,,,,,,,,,,,,,,,,,,,,,,,,,,,,,,,,,,,,,,,,,,,,,,,,,,
1769161503.969204,1769161503.96978,4.0,0.0,4262.820313,4276.922852,4341.666504,4326.410156,4280.512695,4266.922852,4264.487305,4291.922852,4247.05127,4265.0,4559.358887,4537.820313,4405.641113,4503.205078,,,,,,,,,,,,,,,,,,,,,,,,,,,,,,,,,,,,,,,,,,,,,,,,,,,,,,,,,,,,,,,,,,,,,,
1769161503.977013,1769161503.977588,5.0,0.0,4264.487305,4277.05127,4340.769043,4325.0,4277.94873,4271.922852,4265.641113,4295.512695,4248.205078,4264.871582,4559.487305,4541.410156,4401.538574,4507.179688,,,,,,,,,,,,,,,,,,,,,,,,,,,,,,,,,,,,,,,,,,,,,,,,,,,,,,,,,,,,,,,,,,,,,,
1769161503.984821,1769161503.985497,6.0,0.0,4265.769043,4277.563965,4339.102539,4324.743652,4277.820313,4278.205078,4265.641113,4286.025879,4246.410156,4262.307617,4556.025879,4539.487305,4402.692383,4507.436035,,,,,,,,,,,,,,,,,,,,,,,,,,,,,,,,,,,,,,,,,,,,,,,,,,,,,,,,,,,,,,,,,,,,,,
1769161503.99263,1769161503.993305,7.0,0.0,4254.358887,4276.410156,4338.077148,4323.846191,4278.077148,4281.025879,4267.436035,4278.974121,4243.589844,4263.333496,4555.512695,4533.589844,4398.717773,4496.922852,,,,,,,,,,,,,,,,,,,,,,,,,,,,,,,,,,,,,,,,,,,,,,,,,,,,,,,,,,,,,,,,,,,,,,
1769161504.000438,1769161504.001313,8.0,0.0,4250.384766,4277.05127,4336.153809,4322.94873,4277.563965,4278.333496,4265.128418,4279.358887,4242.94873,4263.077148,4555.512695,4531.538574,4400.897461,4496.794922,,,,,,,,,,,,,,,,,,,,,,,,,,,,,,,,,,,,,,,,,,,,,,,,,,,,,,,,,,,,,,,,,,,,,,
1769161504.008247,1769161504.009122,9.0,0.0,4260.641113,4279.230957,4338.333496,4325.897461,4276.794922,4271.666504,4262.307617,4278.717773,4242.692383,4260.384766,4553.974121,4533.205078,4404.487305,4504.102539,,,,,,,,,,,,,,,,,,,,,,,,,,,,,,,,,,,,,,,,,,,,,,,,,,,,,,,,,,,,,,,,,,,,,,
1769161504.016055,1769161504.01683,10.0,0.0,4256.666504,4278.974121,4340.128418,4326.794922,4274.615234,4274.230957,4263.589844,4277.692383,4243.077148,4262.436035,4554.871582,4530.256348,4398.717773,4499.230957,,,,,,,,,,,,,,,,,,,,,,,,,,,,,,,,,,,,,,,,,,,,,,,,,,,,,,,,,,,,,,,,,,,,,,
1769161504.023863,1769161504.024639,11.0,0.0,4245.384766,4277.436035,4336.410156,4323.333496,4273.717773,4275.641113,4266.025879,4277.563965,4243.205078,4261.538574,4554.358887,4528.589844,4396.025879,4497.307617,,,,,,,,,,,,,,,,,,,,,,,,,,,,,,,,,,,,,,,,,,,,,,,,,,,,,,,,,,,,,,,,,,,,,,
1769161504.031672,1769161504.032248,12.0,0.0,4254.743652,4280.0,4335.769043,4322.179688,4276.025879,4269.102539,4265.512695,4277.436035,4242.307617,4255.256348,4554.487305,4535.384766,4402.820313,4507.179688,,,,,,,,,,,,,,,,,,,,,,,,,,,,,,,,,,,,,,,,,,,,,,,,,,,,,,,,,,,,,,,,,,,,,,
1769161504.03948,1769161504.040056,13.0,0.0,4270.128418,4285.128418,4342.692383,4325.384766,4278.077148,4268.461426,4263.717773,4279.102539,4245.769043,4260.0,4562.05127,4541.794922,4407.692383,4510.769043,,,,,,,,,,,,,,,,,,,,,,,,,,,,,,,,,,,,,,,,,,,,,,,,,,,,,,,,,,,,,,,,,,,,,,
1769161504.047289,1769161504.047765,14.0,0.0,4275.256348,4289.743652,4349.358887,4332.05127,4279.102539,4277.05127,4263.461426,4280.256348,4251.538574,4276.025879,4569.358887,4541.153809,4408.846191,4509.871582,0.265716,0.419306,0.337569,0.340174,0.172465,0.482167,0.384408,0.153845,0.131164,0.130552,0.337887,0.109346,0.193507,0.133414,0.104213,0.317531,0.327264,0.129434,0.079738,0.100841,0.127596,0.259819,0.269391,0.099813,0.046583,0.122768,0.184506,0.175559,0.137244,0.117788,0.142912,0.371704,0.163704,0.099782,0.075415,0.299582,0.58651,0.205552,0.209547,0.198962,0.450339,0.314322,0.131888,0.132061,0.194097,0.218788,0.737614,0.54587,0.333755,0.226456,0.70892,0.250124,0.398148,0.207468,0.301205,0.494379,0.17782,0.286748,0.189896,0.16847,0.918027,0.311113,0.316845,0.228817,0.213904,0.873831,0.328148,0.229544,0.261888,0.345165
1769161504.055097,1769161504.055573,15.0,0.0,4276.282227,4292.820313,4347.94873,4336.410156,4278.974121,4277.94873,4263.333496,4278.333496,4250.897461,4276.025879,4570.512695,4540.256348,4417.692383,4512.563965,,,,,,,,,,,,,,,,,,,,,,,,,,,,,,,,,,,,,,,,,,,,,,,,,,,,,,,,,,,,,,,,,,,,,,
1769161504.062906,1769161504.063182,16.0,0.0,4269.871582,4293.205078,4342.692383,4331.794922,4276.538574,4268.846191,4261.922852,4277.307617,4248.717773,4266.153809,4570.769043,4541.025879,4426.153809,4511.666504,,,,,,,,,,,,,,,,,,,,,,,,,,,,,,,,,,,,,,,,,,,,,,,,,,,,,,,,,,,,,,,,,,,,,,
1769161504.070714,1769161504.07099,17.0,0.0,4265.0,4292.563965,4341.794922,4326.666504,4274.102539,4269.871582,4263.077148,4278.589844,4251.794922,4272.563965,4570.384766,4542.307617,4424.487305,4511.794922,,,,,,,,,,,,,,,,,,,,,,,,,,,,,,,,,,,,,,,,,,,,,,,,,,,,,,,,,,,,,,,,,,,,,,
1769161504.078523,1769161504.078699,18.0,0.0,4270.641113,4291.794922,4343.846191,4328.974121,4273.589844,4278.846191,4265.897461,4278.717773,4250.641113,4274.358887,4568.333496,4540.512695,4417.179688,4508.461426,,,,,,,,,,,,,,,,,,,,,,,,,,,,,,,,,,,,,,,,,,,,,,,,,,,,,,,,,,,,,,,,,,,,,,
1769161504.086331,1769161504.086507,19.0,0.0,4274.358887,4294.487305,4343.461426,4333.717773,4275.512695,4280.128418,4264.102539,4279.487305,4251.025879,4267.179688,4569.871582,4536.666504,4417.436035,4506.153809,,,,,,,,,,,,,,,,,,,,,,,,,,,,,,,,,,,,,,,,,,,,,,,,,,,,,,,,,,,,,,,,,,,,,,
1769161504.094139,1769161504.094515,20.0,0.0,4269.102539,4295.384766,4341.282227,4334.358887,4273.974121,4276.025879,4266.794922,4280.0,4254.102539,4273.077148,4571.153809,4537.692383,4425.641113,4518.333496,,,,,,,,,,,,,,,,,,,,,,,,,,,,,,,,,,,,,,,,,,,,,,,,,,,,,,,,,,,,,,,,,,,,,,
1769161504.101948,1769161504.102324,21.0,0.0,4262.820313,4285.769043,4336.666504,4327.820313,4266.666504,4278.589844,4278.333496,4281.153809,4254.358887,4271.794922,4567.436035,4541.794922,4423.333496,4524.102539,,,,,,,,,,,,,,,,,,,,,,,,,,,,,,,,,,,,,,,,,,,,,,,,,,,,,,,,,,,,,,,,,,,,,,
1769161504.109756,1769161504.110232,22.0,0.0,4263.846191,4279.487305,4336.794922,4322.94873,4266.922852,4279.615234,4277.563965,4283.846191,4257.05127,4259.743652,4567.563965,4540.384766,4416.922852,4516.410156,,,,,,,,,,,,,,,,,,,,,,,,,,,,,,,,,,,,,,,,,,,,,,,,,,,,,,,,,,,,,,,,,,,,,,
1769161504.117565,1769161504.118041,23.0,0.0,4274.615234,4288.846191,4345.128418,4331.282227,4274.871582,4271.282227,4265.641113,4282.563965,4260.641113,4270.256348,4572.820313,4537.05127,4422.436035,4517.692383,,,,,,,,,,,,,,,,,,,,,,,,,,,,,,,,,,,,,,,,,,,,,,,,,,,,,,,,,,,,,,,,,,,,,,
1769161504.125373,1769161504.126049,24.0,0.0,4281.794922,4297.307617,4346.794922,4337.692383,4274.743652,4268.974121,4262.692383,4281.025879,4262.820313,4279.871582,4574.743652,4544.102539,4431.025879,4525.769043,,,,,,,,,,,,,,,,,,,,,,,,,,,,,,,,,,,,,,,,,,,,,,,,,,,,,,,,,,,,,,,,,,,,,,
1769161504.133182,1769161504.133857,25.0,0.0,4278.717773,4294.615234,4343.461426,4333.589844,4273.333496,4270.256348,4266.410156,4280.0,4261.025879,4264.871582,4572.692383,4550.128418,4427.179688,4524.230957,,,,,,,,,,,,,,,,,,,,,,,,,,,,,,,,,,,,,,,,,,,,,,,,,,,,,,,,,,,,,,,,,,,,,,
1769161504.14099,1769161504.141566,26.0,0.0,4278.846191,4294.743652,4350.128418,4333.717773,4276.153809,4267.94873,4262.563965,4274.743652,4253.205078,4266.666504,4573.205078,4543.974121,4424.743652,4525.128418,,,,,,,,,,,,,,,,,,,,,,,,,,,,,,,,,,,,,,,,,,,,,,,,,,,,,,,,,,,,,,,,,,,,,,
1769161504.148799,1769161504.149374,27.0,0.0,4277.307617,4293.717773,4352.563965,4333.077148,4270.897461,4270.641113,4259.743652,4272.94873,4246.153809,4281.153809,4573.717773,4535.769043,4430.128418,4523.205078,,,,,,,,,,,,,,,,,,,,,,,,,,,,,,,,,,,,,,,,,,,,,,,,,,,,,,,,,,,,,,,,,,,,,,
1769161504.156607,1769161504.157383,28.0,0.0,4267.436035,4288.077148,4343.205078,4326.922852,4265.641113,4281.410156,4268.974121,4278.974121,4249.358887,4273.589844,4570.641113,4535.384766,4426.794922,4511.794922,,,,,,,,,,,,,,,,,,,,,,,,,,,,,,,,,,,,,,,,,,,,,,,,,,,,,,,,,,,,,,,,,,,,,,
1769161504.164415,1769161504.165191,29.0,0.0,4262.820313,4288.589844,4340.256348,4327.05127,4267.307617,4280.384766,4276.282227,4281.025879,4253.589844,4262.692383,4569.358887,4539.487305,4420.384766,4513.461426,,,,,,,,,,,,,,,,,,,,,,,,,,,,,,,,,,,,,,,,,,,,,,,,,,,,,,,,,,,,,,,,,,,,,,
1769161504.172224,1769161504.173099,30.0,0.0,4268.974121,4291.153809,4345.0,4333.205078,4266.025879,4266.922852,4270.384766,4277.436035,4251.794922,4266.666504,4572.820313,4541.025879,4423.333496,4522.820313,0.29764,0.438203,0.383859,0.384414,0.168287,0.449391,0.341155,0.17109,0.155681,0.117025,0.277173,0.092639,0.219194,0.14898,0.090251,0.293124,0.250133,0.113357,0.088271,0.095458,0.133287,0.237189,0.273472,0.105187,0.052156,0.118748,0.162466,0.143093,0.125552,0.130148,0.097362,0.334202,0.190168,0.095187,0.080693,0.242538,0.484311,0.174654,0.224325,0.216351,0.396313,0.262915,0.121789,0.126143,0.169935,0.237223,0.772778,0.587662,0.314132,0.208002,0.764881,0.245301,0.4138,0.230008,0.290097,0.574091,0.180962,0.33668,0.215233,0.148683,0.961341,0.297576,0.385939,0.248079,0.182564,0.867187,0.305865,0.248021,0.291022,0.299704
1769161504.180032,1769161504.180908,31.0,0.0,4270.769043,4288.846191,4344.743652,4337.307617,4268.846191,4264.358887,4261.666504,4275.641113,4249.102539,4268.974121,4572.563965,4538.333496,4426.025879,4516.282227,,,,,,,,,,,,,,,,,,,,,,,,,,,,,,,,,,,,,,,,,,,,,,,,,,,,,,,,,,,,,,,,,,,,,,
1769161504.187841,1769161504.188516,32.0,0.0,4264.871582,4287.436035,4342.179688,4334.230957,4278.846191,4273.974121,4262.307617,4275.897461,4247.307617,4258.846191,4567.05127,4533.974121,4419.230957,4502.307617,,,,,,,,,,,,,,,,,,,,,,,,,,,,,,,,,,,,,,,,,,,,,,,,,,,,,,,,,,,,,,,,,,,,,,
1769161504.195649,1769161504.196325,33.0,0.0,4263.077148,4291.922852,4343.205078,4331.153809,4281.922852,4283.461426,4271.410156,4280.897461,4256.153809,4254.743652,4566.666504,4536.410156,4416.153809,4502.436035,,,,,,,,,,,,,,,,,,,,,,,,,,,,,,,,,,,,,,,,,,,,,,,,,,,,,,,,,,,,,,,,,,,,,,
1769161504.203458,1769161504.204233,34.0,0.0,4264.487305,4294.871582,4343.589844,4333.589844,4278.077148,4276.538574,4275.641113,4280.0,4259.743652,4270.0,4571.538574,4538.974121,4423.461426,4513.461426,,,,,,,,,,,,,,,,,,,,,,,,,,,,,,,,,,,,,,,,,,,,,,,,,,,,,,,,,,,,,,,,,,,,,,
1769161504.211266,1769161504.212042,35.0,0.0,4264.230957,4293.589844,4342.05127,4335.256348,4279.615234,4265.128418,4269.743652,4277.94873,4250.769043,4281.025879,4573.717773,4536.538574,4429.487305,4524.102539,,,,,,,,,,,,,,,,,,,,,,,,,,,,,,,,,,,,,,,,,,,,,,,,,,,,,,,,,,,,,,,,,,,,,,
1769161504.219075,1769161504.21965,36.0,0.0,4265.128418,4295.256348,4341.794922,4333.846191,4278.974121,4268.333496,4263.205078,4287.307617,4255.384766,4272.820313,4574.230957,4539.487305,4430.897461,4525.897461,,,,,,,,,,,,,,,,,,,,,,,,,,,,,,,,,,,,,,,,,,,,,,,,,,,,,,,,,,,,,,,,,,,,,,
1769161504.226883,1769161504.227459,37.0,0.0,4261.282227,4293.717773,4340.128418,4330.0,4269.871582,4277.820313,4273.077148,4289.871582,4262.307617,4265.512695,4572.307617,4539.230957,4429.230957,4512.307617,,,,,,,,,,,,,,,,,,,,,,,,,,,,,,,,,,,,,,,,,,,,,,,,,,,,,,,,,,,,,,,,,,,,,,
1769161504.234692,1769161504.235367,38.0,0.0,4255.384766,4285.641113,4337.563965,4327.307617,4265.769043,4282.05127,4282.94873,4277.820313,4253.333496,4268.846191,4570.0,4538.333496,4424.615234,4504.230957,,,,,,,,,,,,,,,,,,,,,,,,,,,,,,,,,,,,,,,,,,,,,,,,,,,,,,,,,,,,,,,,,,,,,,
1769161504.2425,1769161504.243176,39.0,0.0,4264.358887,4285.769043,4339.743652,4334.487305,4272.94873,4276.794922,4271.922852,4276.922852,4247.820313,4274.871582,4575.256348,4546.410156,4425.256348,4516.794922,,,,,,,,,,,,,,,,,,,,,,,,,,,,,,,,,,,,,,,,,,,,,,,,,,,,,,,,,,,,,,,,,,,,,,
1769161504.250308,1769161504.250784,40.0,0.0,4275.641113,4297.563965,4344.615234,4342.692383,4277.820313,4268.974121,4260.0,4277.820313,4251.794922,4277.820313,4579.358887,4548.205078,4431.794922,4527.563965,,,,,,,,,,,,,,,,,,,,,,,,,,,,,,,,,,,,,,,,,,,,,,,,,,,,,,,,,,,,,,,,,,,,,,
1769161504.258117,1769161504.258593,41.0,0.0,4267.94873,4298.077148,4341.794922,4334.615234,4269.615234,4266.666504,4262.307617,4267.820313,4249.358887,4272.563965,4571.794922,4537.563965,4430.0,4518.461426,,,,,,,,,,,,,,,,,,,,,,,,,,,,,,,,,,,,,,,,,,,,,,,,,,,,,,,,,,,,,,,,,,,,,,
1769161504.265925,1769161504.266301,42.0,0.0,4256.410156,4283.589844,4336.153809,4323.717773,4263.077148,4272.94873,4266.922852,4269.358887,4246.410156,4260.897461,4562.563965,4533.205078,4417.820313,4502.692383,,,,,,,,,,,,,,,,,,,,,,,,,,,,,,,,,,,,,,,,,,,,,,,,,,,,,,,,,,,,,,,,,,,,,,
1769161504.273734,1769161504.27411,43.0,0.0,4258.589844,4278.077148,4339.871582,4328.589844,4266.282227,4277.179688,4267.179688,4279.487305,4249.743652,4260.897461,4565.0,4539.102539,4416.410156,4500.512695,,,,,,,,,,,,,,,,,,,,,,,,,,,,,,,,,,,,,,,,,,,,,,,,,,,,,,,,,,,,,,,,,,,,,,
1769161504.281542,1769161504.281718,44.0,0.0,4264.487305,4285.512695,4344.743652,4336.538574,4266.538574,4268.846191,4265.384766,4277.94873,4252.179688,4270.0,4572.05127,4539.743652,4426.794922,4513.077148,,,,,,,,,,,,,,,,,,,,,,,,,,,,,,,,,,,,,,,,,,,,,,,,,,,,,,,,,,,,,,,,,,,,,,
1769161504.289351,1769161504.289527,45.0,0.0,4266.025879,4289.615234,4342.179688,4335.769043,4265.256348,4264.615234,4265.769043,4273.589844,4249.487305,4270.769043,4571.410156,4535.384766,4429.230957,4521.538574,,,,,,,,,,,,,,,,,,,,,,,,,,,,,,,,,,,,,,,,,,,,,,,,,,,,,,,,,,,,,,,,,,,,,,
1769161504.297159,1769161504.297435,46.0,0.0,4264.230957,4287.692383,4340.769043,4332.179688,4272.436035,4273.205078,4272.179688,4276.282227,4248.846191,4268.974121,4570.128418,4535.641113,4426.794922,4520.0,0.344752,0.438369,0.408172,0.404536,0.168032,0.413084,0.289199,0.188348,0.172975,0.107864,0.226255,0.083461,0.236724,0.15604,0.076356,0.26055,0.170649,0.1063,0.096786,0.090485,0.137568,0.203906,0.267006,0.109838,0.061807,0.11618,0.153007,0.116902,0.124278,0.149734,0.074984,0.306077,0.218216,0.094309,0.08976,0.198421,0.370768,0.152829,0.227391,0.238058,0.317849,0.211608,0.126291,0.113496,0.141432,0.244731,0.773985,0.600356,0.276292,0.191829,0.788777,0.252473,0.412326,0.243801,0.271282,0.628312,0.198329,0.371144,0.228429,0.13507,0.957088,0.282607,0.440658,0.267613,0.162961,0.844406,0.274833,0.265495,0.304809,0.257743
1769161504.304968,1769161504.305244,47.0,0.0,4262.692383,4289.743652,4343.461426,4335.769043,4280.512695,4281.666504,4276.538574,4279.487305,4256.410156,4276.922852,4575.769043,4541.153809,4429.102539,4519.230957,,,,,,,,,,,,,,,,,,,,,,,,,,,,,,,,,,,,,,,,,,,,,,,,,,,,,,,,,,,,,,,,,,,,,,
1769161504.312776,1769161504.313252,48.0,0.0,4264.358887,4293.974121,4345.256348,4338.589844,4280.384766,4278.589844,4269.743652,4279.487305,4260.256348,4282.05127,4577.05127,4542.94873,4429.358887,4521.538574,,,,,,,,,,,,,,,,,,,,,,,,,,,,,,,,,,,,,,,,,,,,,,,,,,,,,,,,,,,,,,,,,,,,,,
1769161504.320585,1769161504.32106,49.0,0.0,4263.461426,4287.820313,4346.410156,4331.666504,4277.307617,4272.94873,4267.179688,4279.358887,4258.589844,4270.769043,4570.512695,4538.333496,4427.94873,4520.769043,,,,,,,,,,,,,,,,,,,,,,,,,,,,,,,,,,,,,,,,,,,,,,,,,,,,,,,,,,,,,,,,,,,,,,
1769161504.328393,1769161504.328969,50.0,0.0,4260.512695,4279.615234,4347.307617,4325.128418,4273.077148,4275.0,4275.641113,4279.615234,4261.794922,4262.179688,4569.615234,4542.820313,4430.384766,4520.769043,,,,,,,,,,,,,,,,,,,,,,,,,,,,,,,,,,,,,,,,,,,,,,,,,,,,,,,,,,,,,,,,,,,,,,
1769161504.336202,1769161504.336777,51.0,0.0,4263.205078,4281.025879,4343.974121,4325.641113,4273.333496,4276.922852,4279.871582,4281.538574,4263.333496,4268.717773,4573.846191,4550.897461,4431.666504,4525.641113,,,,,,,,,,,,,,,,,,,,,,,,,,,,,,,,,,,,,,,,,,,,,,,,,,,,,,,,,,,,,,,,,,,,,,
1769161504.34401,1769161504.344386,52.0,0.0,4263.589844,4284.615234,4343.717773,4328.333496,4274.743652,4278.077148,4277.179688,4283.077148,4262.563965,4273.333496,4576.153809,4550.256348,4431.410156,4524.230957,,,,,,,,,,,,,,,,,,,,,,,,,,,,,,,,,,,,,,,,,,,,,,,,,,,,,,,,,,,,,,,,,,,,,,
1769161504.351818,1769161504.352194,53.0,0.0,4252.94873,4279.487305,4345.0,4327.307617,4269.487305,4278.461426,4277.436035,4282.692383,4261.538574,4265.384766,4573.205078,4541.794922,4428.846191,4511.794922,,,,,,,,,,,,,,,,,,,,,,,,,,,,,,,,,,,,,,,,,,,,,,,,,,,,,,,,,,,,,,,,,,,,,,
1769161504.359627,1769161504.359903,54.0,0.0,4251.666504,4276.282227,4341.666504,4324.871582,4269.230957,4277.05127,4278.974121,4277.05127,4252.563965,4257.563965,4567.05127,4536.538574,4425.769043,4503.846191,,,,,,,,,,,,,,,,,,,,,,,,,,,,,,,,,,,,,,,,,,,,,,,,,,,,,,,,,,,,,,,,,,,,,,
1769161504.367435,1769161504.367711,55.0,0.0,4267.307617,4283.717773,4345.128418,4330.128418,4277.436035,4277.179688,4278.589844,4273.333496,4246.410156,4268.717773,4567.563965,4546.922852,4428.077148,4516.794922,,,,,,,,,,,,,,,,,,,,,,,,,,,,,,,,,,,,,,,,,,,,,,,,,,,,,,,,,,,,,,,,,,,,,,
1769161504.375244,1769161504.375719,56.0,0.0,4274.487305,4289.102539,4351.410156,4338.717773,4276.153809,4279.487305,4277.94873,4275.641113,4252.563965,4278.717773,4572.820313,4552.692383,4431.922852,4527.307617,,,,,,,,,,,,,,,,,,,,,,,,,,,,,,,,,,,,,,,,,,,,,,,,,,,,,,,,,,,,,,,,,,,,,,
1769161504.383052,1769161504.383528,57.0,0.0,4263.461426,4285.384766,4346.538574,4336.153809,4269.871582,4282.307617,4279.871582,4279.615234,4259.358887,4270.897461,4571.282227,4543.461426,4430.256348,4514.230957,,,,,,,,,,,,,,,,,,,,,,,,,,,,,,,,,,,,,,,,,,,,,,,,,,,,,,,,,,,,,,,,,,,,,,
1769161504.390861,1769161504.391236,58.0,0.0,4252.05127,4282.692383,4340.641113,4328.077148,4273.333496,4282.05127,4282.05127,4282.436035,4261.153809,4266.025879,4565.897461,4537.05127,4426.922852,4502.179688,,,,,,,,,,,,,,,,,,,,,,,,,,,,,,,,,,,,,,,,,,,,,,,,,,,,,,,,,,,,,,,,,,,,,,
1769161504.398669,1769161504.399045,59.0,0.0,4254.615234,4282.692383,4342.563965,4327.436035,4274.871582,4276.794922,4279.743652,4281.153809,4262.692383,4270.641113,4566.153809,4541.666504,4426.025879,4511.282227,,,,,,,,,,,,,,,,,,,,,,,,,,,,,,,,,,,,,,,,,,,,,,,,,,,,,,,,,,,,,,,,,,,,,,
1769161504.406478,1769161504.406653,60.0,0.0,4262.94873,4281.666504,4344.358887,4327.94873,4271.794922,4271.538574,4276.794922,4277.820313,4262.05127,4270.0,4570.897461,4546.282227,4427.179688,4519.358887,,,,,,,,,,,,,,,,,,,,,,,,,,,,,,,,,,,,,,,,,,,,,,,,,,,,,,,,,,,,,,,,,,,,,,
1769161504.414286,1769161504.414462,61.0,0.0,4265.384766,4284.487305,4345.0,4328.205078,4275.0,4277.436035,4279.871582,4281.153809,4260.128418,4267.563965,4572.94873,4548.077148,4429.230957,4514.615234,,,,,,,,,,,,,,,,,,,,,,,,,,,,,,,,,,,,,,,,,,,,,,,,,,,,,,,,,,,,,,,,,,,,,,
1769161504.422094,1769161504.42237,62.0,0.0,4261.025879,4285.384766,4346.153809,4329.487305,4279.230957,4282.820313,4282.692383,4287.436035,4259.358887,4270.897461,4570.897461,4549.230957,4428.205078,4507.307617,0.374796,0.426988,0.428415,0.397922,0.169342,0.379137,0.247702,0.205613,0.180963,0.102126,0.206628,0.083502,0.2488,0.156982,0.064656,0.221834,0.105387,0.109629,0.106642,0.087168,0.144361,0.174164,0.2547,0.111512,0.072906,0.114371,0.160641,0.101285,0.133237,0.172258,0.073321,0.28712,0.243579,0.096888,0.10141,0.179521,0.279841,0.152396,0.220193,0.256135,0.250188,0.176984,0.154785,0.098134,0.116147,0.240329,0.74904,0.600285,0.237275,0.182432,0.750468,0.269974,0.400564,0.246477,0.2459,0.635101,0.227264,0.385021,0.225017,0.126267,0.904445,0.276741,0.476062,0.284229,0.154998,0.781832,0.247568,0.286064,0.304262,0.22501
1769161504.429903,1769161504.430179,63.0,0.0,4261.025879,4284.487305,4343.846191,4327.94873,4276.922852,4277.307617,4280.256348,4284.871582,4258.333496,4271.282227,4571.282227,4548.717773,4425.769043,4506.410156,,,,,,,,,,,,,,,,,,,,,,,,,,,,,,,,,,,,,,,,,,,,,,,,,,,,,,,,,,,,,,,,,,,,,,
1769161504.437711,1769161504.438187,64.0,0.0,4264.102539,4289.615234,4343.589844,4330.641113,4275.897461,4280.769043,4279.102539,4280.641113,4257.179688,4264.871582,4574.487305,4554.615234,4427.436035,4514.487305,,,,,,,,,,,,,,,,,,,,,,,,,,,,,,,,,,,,,,,,,,,,,,,,,,,,,,,,,,,,,,,,,,,,,,
1769161504.44552,1769161504.445995,65.0,0.0,4265.512695,4292.436035,4343.461426,4334.102539,4279.871582,4288.974121,4279.230957,4282.05127,4254.615234,4263.974121,4572.820313,4555.897461,4429.615234,4518.461426,,,,,,,,,,,,,,,,,,,,,,,,,,,,,,,,,,,,,,,,,,,,,,,,,,,,,,,,,,,,,,,,,,,,,,
1769161504.453328,1769161504.453704,66.0,0.0,4263.205078,4289.358887,4337.563965,4328.461426,4280.128418,4282.820313,4277.307617,4282.05127,4255.512695,4271.666504,4566.922852,4545.128418,4423.461426,4509.102539,,,,,,,,,,,,,,,,,,,,,,,,,,,,,,,,,,,,,,,,,,,,,,,,,,,,,,,,,,,,,,,,,,,,,,
1769161504.461137,1769161504.461512,67.0,0.0,4254.871582,4290.384766,4333.717773,4323.974121,4278.333496,4278.974121,4279.871582,4281.666504,4258.974121,4273.717773,4565.0,4537.820313,4416.025879,4499.871582,,,,,,,,,,,,,,,,,,,,,,,,,,,,,,,,,,,,,,,,,,,,,,,,,,,,,,,,,,,,,,,,,,,,,,
1769161504.468945,1769161504.469121,68.0,0.0,4252.692383,4293.205078,4333.205078,4326.922852,4280.128418,4282.436035,4282.436035,4281.025879,4255.128418,4268.205078,4568.846191,4540.0,4417.436035,4504.871582,,,,,,,,,,,,,,,,,,,,,,,,,,,,,,,,,,,,,,,,,,,,,,,,,,,,,,,,,,,,,,,,,,,,,,
1769161504.476754,1769161504.476929,69.0,0.0,4255.897461,4285.897461,4329.487305,4323.974121,4282.563965,4282.179688,4279.230957,4278.077148,4247.436035,4264.615234,4571.282227,4542.179688,4416.666504,4510.0,,,,,,,,,,,,,,,,,,,,,,,,,,,,,,,,,,,,,,,,,,,,,,,,,,,,,,,,,,,,,,,,,,,,,,
1769161504.484562,1769161504.484638,70.0,0.0,4256.666504,4277.94873,4323.205078,4320.0,4282.179688,4282.307617,4276.922852,4276.282227,4247.436035,4267.05127,4568.974121,4537.307617,4414.487305,4503.974121,,,,,,,,,,,,,,,,,,,,,,,,,,,,,,,,,,,,,,,,,,,,,,,,,,,,,,,,,,,,,,,,,,,,,,
1769161504.49237,1769161504.492446,71.0,0.0,4256.922852,4279.230957,4320.256348,4324.358887,4277.820313,4272.94873,4276.666504,4279.102539,4256.666504,4273.205078,4570.0,4536.410156,4422.307617,4503.461426,,,,,,,,,,,,,,,,,,,,,,,,,,,,,,,,,,,,,,,,,,,,,,,,,,,,,,,,,,,,,,,,,,,,,,
1769161504.500179,1769161504.500455,72.0,0.0,4261.538574,4285.769043,4321.922852,4327.563965,4273.717773,4258.461426,4275.769043,4282.179688,4265.897461,4279.615234,4580.128418,4548.461426,4437.05127,4514.358887,,,,,,,,,,,,,,,,,,,,,,,,,,,,,,,,,,,,,,,,,,,,,,,,,,,,,,,,,,,,,,,,,,,,,,
1769161504.507987,1769161504.508263,73.0,0.0,4267.179688,4291.922852,4326.025879,4332.05127,4275.897461,4267.692383,4277.692383,4280.256348,4265.512695,4284.102539,4589.487305,4557.692383,4446.666504,4524.871582,,,,,,,,,,,,,,,,,,,,,,,,,,,,,,,,,,,,,,,,,,,,,,,,,,,,,,,,,,,,,,,,,,,,,,
1769161504.515796,1769161504.516172,74.0,0.0,4267.94873,4294.743652,4325.0,4340.769043,4282.820313,4284.102539,4281.153809,4277.692383,4255.384766,4281.282227,4584.871582,4549.871582,4443.589844,4521.153809,,,,,,,,,,,,,,,,,,,,,,,,,,,,,,,,,,,,,,,,,,,,,,,,,,,,,,,,,,,,,,,,,,,,,,
1769161504.523604,1769161504.52398,75.0,0.0,4266.153809,4294.487305,4316.153809,4339.871582,4283.717773,4281.922852,4280.897461,4278.077148,4249.871582,4268.589844,4572.94873,4538.589844,4433.846191,4511.410156,,,,,,,,,,,,,,,,,,,,,,,,,,,,,,,,,,,,,,,,,,,,,,,,,,,,,,,,,,,,,,,,,,,,,,
1769161504.531413,1769161504.531988,76.0,0.0,4262.692383,4289.230957,4309.487305,4328.717773,4276.922852,4279.102539,4280.769043,4280.0,4251.922852,4262.692383,4569.102539,4538.333496,4426.282227,4505.512695,,,,,,,,,,,,,,,,,,,,,,,,,,,,,,,,,,,,,,,,,,,,,,,,,,,,,,,,,,,,,,,,,,,,,,
1769161504.539221,1769161504.539797,77.0,0.0,4258.974121,4282.563965,4309.743652,4325.384766,4275.384766,4281.410156,4281.666504,4280.128418,4251.410156,4271.282227,4571.666504,4540.897461,4426.410156,4505.897461,,,,,,,,,,,,,,,,,,,,,,,,,,,,,,,,,,,,,,,,,,,,,,,,,,,,,,,,,,,,,,,,,,,,,,
1769161504.54703,1769161504.547705,78.0,0.0,4252.692383,4280.384766,4309.358887,4328.846191,4277.563965,4278.717773,4278.077148,4277.307617,4247.179688,4271.410156,4570.0,4539.487305,4428.205078,4508.461426,0.374423,0.412355,0.462746,0.374062,0.171045,0.352981,0.227756,0.223911,0.181961,0.09851,0.19672,0.091451,0.260887,0.155155,0.057157,0.185623,0.062403,0.123453,0.118245,0.086738,0.15871,0.162894,0.242939,0.112193,0.082734,0.109803,0.181528,0.098009,0.149099,0.194472,0.083621,0.271365,0.263634,0.103031,0.115069,0.184213,0.231548,0.175047,0.208293,0.261267,0.203174,0.172602,0.206432,0.085298,0.098979,0.2323,0.705076,0.606489,0.212354,0.18435,0.660735,0.288741,0.386013,0.238767,0.215485,0.584379,0.258391,0.378754,0.206592,0.120638,0.835579,0.282014,0.492673,0.294453,0.154527,0.692449,0.240314,0.312241,0.299348,0.206488
1769161504.554838,1769161504.555513,79.0,0.0,4251.538574,4283.717773,4305.128418,4326.794922,4273.717773,4277.94873,4276.794922,4277.563965,4246.025879,4264.871582,4567.307617,4538.205078,4423.846191,4505.641113,,,,,,,,,,,,,,,,,,,,,,,,,,,,,,,,,,,,,,,,,,,,,,,,,,,,,,,,,,,,,,,,,,,,,,
1769161504.562647,1769161504.563422,80.0,0.0,4258.846191,4287.05127,4305.256348,4327.436035,4274.230957,4282.05127,4285.0,4282.05127,4250.769043,4267.94873,4569.230957,4539.743652,4422.05127,4505.256348,,,,,,,,,,,,,,,,,,,,,,,,,,,,,,,,,,,,,,,,,,,,,,,,,,,,,,,,,,,,,,,,,,,,,,
1769161504.570455,1769161504.57123,81.0,0.0,4262.820313,4286.282227,4308.461426,4332.179688,4280.256348,4283.974121,4293.846191,4282.820313,4249.230957,4268.589844,4570.384766,4539.871582,4425.769043,4506.025879,,,,,,,,,,,,,,,,,,,,,,,,,,,,,,,,,,,,,,,,,,,,,,,,,,,,,,,,,,,,,,,,,,,,,,
1769161504.578263,1769161504.579139,82.0,0.0,4263.717773,4290.384766,4309.743652,4334.743652,4278.717773,4280.384766,4287.05127,4278.333496,4245.256348,4268.717773,4572.307617,4539.743652,4427.05127,4504.743652,,,,,,,,,,,,,,,,,,,,,,,,,,,,,,,,,,,,,,,,,,,,,,,,,,,,,,,,,,,,,,,,,,,,,,
1769161504.586072,1769161504.586947,83.0,0.0,4265.897461,4299.102539,4311.410156,4340.512695,4278.717773,4276.282227,4274.743652,4278.333496,4254.230957,4279.230957,4581.025879,4547.179688,4433.589844,4515.256348,,,,,,,,,,,,,,,,,,,,,,,,,,,,,,,,,,,,,,,,,,,,,,,,,,,,,,,,,,,,,,,,,,,,,,
1769161504.59388,1769161504.594556,84.0,0.0,4263.974121,4297.05127,4311.538574,4341.025879,4285.641113,4278.333496,4275.769043,4281.666504,4262.94873,4284.615234,4588.205078,4554.230957,4443.461426,4524.358887,,,,,,,,,,,,,,,,,,,,,,,,,,,,,,,,,,,,,,,,,,,,,,,,,,,,,,,,,,,,,,,,,,,,,,
1769161504.601689,1769161504.602364,85.0,0.0,4261.538574,4290.256348,4310.897461,4332.563965,4285.384766,4280.897461,4281.666504,4282.436035,4254.487305,4279.230957,4581.794922,4549.615234,4436.153809,4512.05127,,,,,,,,,,,,,,,,,,,,,,,,,,,,,,,,,,,,,,,,,,,,,,,,,,,,,,,,,,,,,,,,,,,,,,
1769161504.609497,1769161504.610073,86.0,0.0,4267.05127,4293.974121,4309.871582,4332.05127,4280.256348,4279.743652,4278.589844,4283.077148,4246.666504,4279.230957,4572.179688,4544.487305,4423.846191,4501.794922,,,,,,,,,,,,,,,,,,,,,,,,,,,,,,,,,,,,,,,,,,,,,,,,,,,,,,,,,,,,,,,,,,,,,,
1769161504.617306,1769161504.617881,87.0,0.0,4268.461426,4294.230957,4302.563965,4335.769043,4279.358887,4278.974121,4278.974121,4282.692383,4249.487305,4277.692383,4569.871582,4542.94873,4428.461426,4508.717773,,,,,,,,,,,,,,,,,,,,,,,,,,,,,,,,,,,,,,,,,,,,,,,,,,,,,,,,,,,,,,,,,,,,,,
1769161504.625114,1769161504.625889,88.0,0.0,4260.897461,4282.307617,4293.974121,4328.717773,4278.589844,4280.256348,4285.512695,4279.743652,4247.563965,4267.94873,4567.563965,4536.410156,4429.102539,4506.666504,,,,,,,,,,,,,,,,,,,,,,,,,,,,,,,,,,,,,,,,,,,,,,,,,,,,,,,,,,,,,,,,,,,,,,
1769161504.632923,1769161504.633698,89.0,0.0,4262.94873,4279.230957,4295.897461,4323.974121,4276.538574,4281.282227,4283.717773,4279.615234,4244.230957,4270.0,4569.615234,4536.794922,4425.128418,4501.538574,,,,,,,,,,,,,,,,,,,,,,,,,,,,,,,,,,,,,,,,,,,,,,,,,,,,,,,,,,,,,,,,,,,,,,
1769161504.640731,1769161504.641606,90.0,0.0,4265.128418,4285.384766,4298.589844,4327.94873,4274.615234,4281.922852,4277.05127,4280.0,4245.897461,4278.333496,4571.282227,4542.307617,4430.128418,4508.717773,,,,,,,,,,,,,,,,,,,,,,,,,,,,,,,,,,,,,,,,,,,,,,,,,,,,,,,,,,,,,,,,,,,,,,
1769161504.648539,1769161504.649415,91.0,0.0,4253.974121,4281.538574,4291.410156,4322.820313,4273.974121,4278.846191,4276.538574,4276.025879,4243.077148,4271.025879,4561.153809,4532.820313,4425.769043,4505.897461,,,,,,,,,,,,,,,,,,,,,,,,,,,,,,,,,,,,,,,,,,,,,,,,,,,,,,,,,,,,,,,,,,,,,,
1769161504.656348,1769161504.657023,92.0,0.0,4247.179688,4272.94873,4286.538574,4315.512695,4275.897461,4275.512695,4278.717773,4273.846191,4238.077148,4260.384766,4553.205078,4520.512695,4414.615234,4493.077148,,,,,,,,,,,,,,,,,,,,,,,,,,,,,,,,,,,,,,,,,,,,,,,,,,,,,,,,,,,,,,,,,,,,,,
1769161504.664156,1769161504.664832,93.0,0.0,4249.358887,4270.641113,4286.410156,4316.025879,4275.0,4276.922852,4278.589844,4275.769043,4238.717773,4261.025879,4556.282227,4521.666504,4413.077148,4489.743652,,,,,,,,,,,,,,,,,,,,,,,,,,,,,,,,,,,,,,,,,,,,,,,,,,,,,,,,,,,,,,,,,,,,,,
1769161504.671965,1769161504.67254,94.0,0.0,4250.256348,4273.846191,4286.410156,4318.974121,4274.358887,4277.820313,4277.563965,4276.538574,4244.358887,4262.307617,4556.410156,4524.743652,4413.589844,4492.692383,0.35296,0.396979,0.515249,0.347599,0.174787,0.339538,0.223932,0.24507,0.180783,0.096699,0.186629,0.100387,0.273692,0.15262,0.055027,0.147666,0.041278,0.14924,0.129922,0.090131,0.184706,0.17575,0.234902,0.115556,0.08923,0.099468,0.205992,0.103944,0.166921,0.214362,0.101884,0.253575,0.27441,0.11177,0.130483,0.216203,0.228302,0.208894,0.197811,0.248044,0.198874,0.204818,0.267645,0.079463,0.090772,0.230459,0.649648,0.628146,0.20797,0.19943,0.546745,0.29838,0.369489,0.224261,0.183473,0.488444,0.282702,0.356714,0.180766,0.118606,0.774023,0.293075,0.490644,0.296677,0.157163,0.597643,0.261737,0.339513,0.302508,0.207948
1769161504.679773,1769161504.680349,95.0,0.0,4249.358887,4276.153809,4291.282227,4320.897461,4276.282227,4278.205078,4279.230957,4278.461426,4247.563965,4263.461426,4555.641113,4522.692383,4410.384766,4491.410156,,,,,,,,,,,,,,,,,,,,,,,,,,,,,,,,,,,,,,,,,,,,,,,,,,,,,,,,,,,,,,,,,,,,,,
1769161504.687582,1769161504.687957,96.0,0.0,4248.205078,4272.307617,4293.205078,4319.871582,4273.333496,4280.641113,4281.153809,4280.0,4246.282227,4266.153809,4558.461426,4522.94873,4409.871582,4489.615234,,,,,,,,,,,,,,,,,,,,,,,,,,,,,,,,,,,,,,,,,,,,,,,,,,,,,,,,,,,,,,,,,,,,,,
1769161504.69539,1769161504.695766,97.0,0.0,4245.769043,4271.410156,4289.615234,4320.128418,4271.282227,4280.128418,4280.256348,4278.846191,4245.897461,4263.717773,4557.307617,4521.025879,4411.025879,4490.128418,,,,,,,,,,,,,,,,,,,,,,,,,,,,,,,,,,,,,,,,,,,,,,,,,,,,,,,,,,,,,,,,,,,,,,
1769161504.703199,1769161504.703674,98.0,0.0,4247.94873,4278.846191,4292.307617,4324.102539,4278.077148,4280.0,4284.358887,4282.94873,4248.205078,4264.358887,4560.256348,4523.846191,4411.538574,4492.563965,,,,,,,,,,,,,,,,,,,,,,,,,,,,,,,,,,,,,,,,,,,,,,,,,,,,,,,,,,,,,,,,,,,,,,
1769161504.711007,1769161504.711483,99.0,0.0,4252.692383,4281.666504,4298.974121,4327.179688,4276.153809,4282.820313,4289.487305,4288.589844,4251.025879,4268.461426,4566.025879,4534.358887,4413.846191,4495.641113,,,,,,,,,,,,,,,,,,,,,,,,,,,,,,,,,,,,,,,,,,,,,,,,,,,,,,,,,,,,,,,,,,,,,,
1769161504.718816,1769161504.719491,100.0,0.0,4251.666504,4276.410156,4297.692383,4326.025879,4266.538574,4282.179688,4282.820313,4282.692383,4250.256348,4266.666504,4560.384766,4532.94873,4413.717773,4494.743652,,,,,,,,,,,,,,,,,,,,,,,,,,,,,,,,,,,,,,,,,,,,,,,,,,,,,,,,,,,,,,,,,,,,,,
1769161504.726624,1769161504.727299,101.0,0.0,4248.846191,4277.179688,4294.871582,4325.512695,4270.769043,4279.230957,4275.128418,4274.487305,4247.179688,4262.94873,4554.102539,4521.794922,4412.436035,4492.307617,,,,,,,,,,,,,,,,,,,,,,,,,,,,,,,,,,,,,,,,,,,,,,,,,,,,,,,,,,,,,,,,,,,,,,
1769161504.734433,1769161504.735208,102.0,0.0,4249.743652,4279.358887,4294.743652,4323.846191,4276.282227,4280.128418,4278.846191,4278.461426,4244.487305,4260.897461,4556.282227,4520.0,4412.692383,4491.282227,,,,,,,,,,,,,,,,,,,,,,,,,,,,,,,,,,,,,,,,,,,,,,,,,,,,,,,,,,,,,,,,,,,,,,
1769161504.742241,1769161504.743016,103.0,0.0,4252.94873,4276.794922,4295.0,4321.025879,4269.102539,4280.769043,4283.589844,4277.94873,4243.461426,4260.0,4558.205078,4524.871582,4412.94873,4491.410156,,,,,,,,,,,,,,,,,,,,,,,,,,,,,,,,,,,,,,,,,,,,,,,,,,,,,,,,,,,,,,,,,,,,,,
1769161504.750049,1769161504.751024,104.0,0.0,4251.538574,4276.666504,4296.410156,4319.358887,4265.256348,4279.230957,4278.974121,4274.871582,4246.922852,4261.666504,4557.692383,4524.743652,4412.436035,4492.692383,,,,,,,,,,,,,,,,,,,,,,,,,,,,,,,,,,,,,,,,,,,,,,,,,,,,,,,,,,,,,,,,,,,,,,
1769161504.757858,1769161504.758833,105.0,0.0,4245.128418,4270.384766,4291.153809,4313.077148,4265.128418,4278.461426,4280.769043,4285.512695,4252.179688,4264.230957,4555.256348,4523.205078,4410.256348,4490.897461,,,,,,,,,,,,,,,,,,,,,,,,,,,,,,,,,,,,,,,,,,,,,,,,,,,,,,,,,,,,,,,,,,,,,,
1769161504.765666,1769161504.766741,106.0,0.0,4246.282227,4265.128418,4287.94873,4311.153809,4265.769043,4278.846191,4288.333496,4285.384766,4249.871582,4263.717773,4553.333496,4522.307617,4410.769043,4490.0,,,,,,,,,,,,,,,,,,,,,,,,,,,,,,,,,,,,,,,,,,,,,,,,,,,,,,,,,,,,,,,,,,,,,,
1769161504.773475,1769161504.77455,107.0,0.0,4251.153809,4273.333496,4297.563965,4320.897461,4272.563965,4280.128418,4285.128418,4269.615234,4243.205078,4260.0,4558.974121,4522.179688,4412.692383,4492.563965,,,,,,,,,,,,,,,,,,,,,,,,,,,,,,,,,,,,,,,,,,,,,,,,,,,,,,,,,,,,,,,,,,,,,,
1769161504.781283,1769161504.782558,108.0,0.0,4250.256348,4279.358887,4302.692383,4325.769043,4272.94873,4274.230957,4276.922852,4270.128418,4245.769043,4263.974121,4563.717773,4528.846191,4413.846191,4494.487305,,,,,,,,,,,,,,,,,,,,,,,,,,,,,,,,,,,,,,,,,,,,,,,,,,,,,,,,,,,,,,,,,,,,,,
1769161504.789092,1769161504.790366,109.0,0.0,4252.307617,4276.153809,4300.256348,4323.589844,4268.717773,4266.794922,4275.512695,4283.077148,4253.333496,4269.487305,4564.743652,4535.641113,4420.0,4498.846191,,,,,,,,,,,,,,,,,,,,,,,,,,,,,,,,,,,,,,,,,,,,,,,,,,,,,,,,,,,,,,,,,,,,,,
1769161504.7969,1769161504.798075,110.0,0.0,4258.589844,4278.589844,4303.974121,4325.641113,4275.128418,4271.666504,4276.282227,4278.717773,4251.666504,4266.410156,4567.94873,4532.179688,4426.153809,4507.179688,0.315191,0.38299,0.577824,0.329236,0.182405,0.33628,0.221228,0.274665,0.181919,0.097125,0.175304,0.105326,0.284714,0.148959,0.057684,0.112798,0.036795,0.19021,0.138634,0.097347,0.222797,0.206712,0.230527,0.123737,0.091848,0.086689,0.228196,0.117563,0.183726,0.230728,0.127214,0.234434,0.272055,0.121309,0.146725,0.256264,0.255038,0.235859,0.189923,0.218041,0.220154,0.273996,0.318759,0.083325,0.089716,0.238315,0.591261,0.655623,0.221579,0.225021,0.450732,0.300898,0.350519,0.206521,0.1541,0.379702,0.301892,0.329765,0.156256,0.122021,0.757361,0.315122,0.477509,0.290677,0.158715,0.53523,0.314533,0.35998,0.318277,0.232517
1769161504.804709,1769161504.805883,111.0,0.0,4259.871582,4285.512695,4310.0,4327.436035,4282.307617,4280.256348,4275.897461,4271.025879,4246.282227,4266.666504,4569.358887,4524.615234,4422.05127,4508.974121,,,,,,,,,,,,,,,,,,,,,,,,,,,,,,,,,,,,,,,,,,,,,,,,,,,,,,,,,,,,,,,,,,,,,,
1769161504.812517,1769161504.813492,112.0,0.0,4259.487305,4283.333496,4310.384766,4326.282227,4276.025879,4279.230957,4278.205078,4275.897461,4247.436035,4270.128418,4564.615234,4523.589844,4413.461426,4499.358887,,,,,,,,,,,,,,,,,,,,,,,,,,,,,,,,,,,,,,,,,,,,,,,,,,,,,,,,,,,,,,,,,,,,,,
1769161504.820325,1769161504.8213,113.0,0.0,4260.0,4278.461426,4310.384766,4326.794922,4269.230957,4277.179688,4280.256348,4280.256348,4248.589844,4264.102539,4560.641113,4524.871582,4411.538574,4493.333496,,,,,,,,,,,,,,,,,,,,,,,,,,,,,,,,,,,,,,,,,,,,,,,,,,,,,,,,,,,,,,,,,,,,,,
1769161504.828134,1769161504.829209,114.0,0.0,4255.384766,4277.94873,4307.94873,4326.282227,4272.94873,4279.871582,4280.256348,4280.256348,4248.333496,4262.436035,4564.102539,4524.102539,4413.461426,4500.897461,,,,,,,,,,,,,,,,,,,,,,,,,,,,,,,,,,,,,,,,,,,,,,,,,,,,,,,,,,,,,,,,,,,,,,
1769161504.835942,1769161504.837017,115.0,0.0,4253.461426,4280.769043,4304.615234,4324.615234,4276.282227,4278.333496,4279.230957,4278.077148,4254.358887,4271.282227,4563.846191,4523.333496,4413.717773,4504.871582,,,,,,,,,,,,,,,,,,,,,,,,,,,,,,,,,,,,,,,,,,,,,,,,,,,,,,,,,,,,,,,,,,,,,,
1769161504.843751,1769161504.845025,116.0,0.0,4258.205078,4282.436035,4308.974121,4326.410156,4275.512695,4276.410156,4276.794922,4279.358887,4259.871582,4269.871582,4557.05127,4523.974121,4412.94873,4495.384766,,,,,,,,,,,,,,,,,,,,,,,,,,,,,,,,,,,,,,,,,,,,,,,,,,,,,,,,,,,,,,,,,,,,,,
1769161504.851559,1769161504.852834,117.0,0.0,4260.897461,4279.871582,4311.538574,4326.922852,4273.974121,4280.0,4278.846191,4281.282227,4251.153809,4258.589844,4555.897461,4523.846191,4411.025879,4488.974121,,,,,,,,,,,,,,,,,,,,,,,,,,,,,,,,,,,,,,,,,,,,,,,,,,,,,,,,,,,,,,,,,,,,,,
1769161504.859368,1769161504.860542,118.0,0.0,4262.563965,4278.717773,4306.538574,4325.128418,4270.384766,4281.538574,4279.615234,4278.589844,4248.846191,4264.230957,4563.077148,4523.205078,4412.692383,4493.846191,,,,,,,,,,,,,,,,,,,,,,,,,,,,,,,,,,,,,,,,,,,,,,,,,,,,,,,,,,,,,,,,,,,,,,
1769161504.867176,1769161504.868351,119.0,0.0,4258.461426,4279.487305,4305.641113,4325.128418,4267.05127,4277.94873,4277.563965,4277.436035,4261.666504,4275.769043,4568.589844,4522.436035,4415.897461,4493.846191,,,,,,,,,,,,,,,,,,,,,,,,,,,,,,,,,,,,,,,,,,,,,,,,,,,,,,,,,,,,,,,,,,,,,,
1769161504.874985,1769161504.875959,120.0,0.0,4250.897461,4277.692383,4309.358887,4325.897461,4267.94873,4276.666504,4278.461426,4278.461426,4260.128418,4269.615234,4561.794922,4522.436035,4414.615234,4489.487305,,,,,,,,,,,,,,,,,,,,,,,,,,,,,,,,,,,,,,,,,,,,,,,,,,,,,,,,,,,,,,,,,,,,,,
1769161504.882793,1769161504.883768,121.0,0.0,4255.769043,4277.179688,4309.102539,4326.410156,4269.615234,4280.256348,4280.0,4278.077148,4247.820313,4259.615234,4556.153809,4523.717773,4411.025879,4492.179688,,,,,,,,,,,,,,,,,,,,,,,,,,,,,,,,,,,,,,,,,,,,,,,,,,,,,,,,,,,,,,,,,,,,,,
1769161504.890602,1769161504.891476,122.0,0.0,4267.436035,4281.025879,4309.358887,4327.94873,4269.102539,4275.641113,4277.94873,4277.563965,4249.871582,4264.358887,4560.769043,4524.358887,4412.05127,4496.025879,,,,,,,,,,,,,,,,,,,,,,,,,,,,,,,,,,,,,,,,,,,,,,,,,,,,,,,,,,,,,,,,,,,,,,
1769161504.89841,1769161504.899285,123.0,0.0,4261.538574,4281.922852,4312.179688,4328.846191,4267.820313,4265.512695,4275.897461,4276.282227,4253.461426,4268.077148,4562.820313,4524.102539,4413.077148,4495.384766,,,,,,,,,,,,,,,,,,,,,,,,,,,,,,,,,,,,,,,,,,,,,,,,,,,,,,,,,,,,,,,,,,,,,,
1769161504.906218,1769161504.907293,124.0,0.0,4249.615234,4276.666504,4307.179688,4325.897461,4265.641113,4266.794922,4277.692383,4273.461426,4246.538574,4260.256348,4554.743652,4521.794922,4408.205078,4491.153809,,,,,,,,,,,,,,,,,,,,,,,,,,,,,,,,,,,,,,,,,,,,,,,,,,,,,,,,,,,,,,,,,,,,,,
1769161504.914027,1769161504.915102,125.0,0.0,4249.358887,4274.102539,4298.974121,4322.436035,4267.692383,4278.077148,4278.974121,4275.128418,4242.179688,4259.102539,4552.94873,4519.487305,4407.05127,4488.461426,,,,,,,,,,,,,,,,,,,,,,,,,,,,,,,,,,,,,,,,,,,,,,,,,,,,,,,,,,,,,,,,,,,,,,
1769161504.921835,1769161504.92301,126.0,0.0,4251.794922,4275.641113,4299.743652,4321.282227,4271.410156,4283.589844,4279.871582,4279.487305,4246.666504,4265.0,4557.94873,4519.743652,4412.692383,4489.230957,0.302317,0.37625,0.635087,0.321275,0.19313,0.345118,0.213672,0.319637,0.187021,0.099902,0.178673,0.109999,0.289735,0.142094,0.062911,0.088097,0.048965,0.248138,0.142111,0.106893,0.265076,0.246003,0.228543,0.135269,0.091547,0.07902,0.246133,0.136577,0.19935,0.242187,0.157699,0.216923,0.257499,0.130927,0.16185,0.29368,0.292845,0.24047,0.181134,0.17902,0.260861,0.37319,0.341627,0.097579,0.092812,0.258682,0.541758,0.669784,0.24579,0.253562,0.402037,0.313497,0.33209,0.188384,0.130472,0.304114,0.327896,0.309577,0.139162,0.131568,0.795651,0.360297,0.469765,0.277568,0.156047,0.53893,0.391832,0.371518,0.341569,0.276042
1769161504.929644,1769161504.930818,127.0,0.0,4255.384766,4278.461426,4303.846191,4322.436035,4272.820313,4281.282227,4281.153809,4278.717773,4252.563965,4262.179688,4556.025879,4520.769043,4414.487305,4491.666504,,,,,,,,,,,,,,,,,,,,,,,,,,,,,,,,,,,,,,,,,,,,,,,,,,,,,,,,,,,,,,,,,,,,,,
1769161504.937452,1769161504.938827,0.0,0.0,4264.358887,4280.512695,4305.769043,4326.666504,4272.436035,4278.205078,4279.615234,4279.102539,4258.974121,4262.692383,4558.846191,4522.307617,4413.205078,4494.743652,,,,,,,,,,,,,,,,,,,,,,,,,,,,,,,,,,,,,,,,,,,,,,,,,,,,,,,,,,,,,,,,,,,,,,
1769161504.945261,1769161504.946635,1.0,0.0,4267.436035,4277.436035,4304.615234,4327.94873,4268.717773,4276.282227,4277.179688,4287.05127,4264.230957,4272.563965,4567.563965,4525.128418,4414.615234,4495.641113,,,,,,,,,,,,,,,,,,,,,,,,,,,,,,,,,,,,,,,,,,,,,,,,,,,,,,,,,,,,,,,,,,,,,,
1769161504.953069,1769161504.954344,2.0,0.0,4262.436035,4274.743652,4296.922852,4322.05127,4268.461426,4276.025879,4279.230957,4286.410156,4261.025879,4274.358887,4567.563965,4526.410156,4415.512695,4493.589844,,,,,,,,,,,,,,,,,,,,,,,,,,,,,,,,,,,,,,,,,,,,,,,,,,,,,,,,,,,,,,,,,,,,,,
1769161504.960878,1769161504.962152,3.0,0.0,4260.128418,4277.436035,4293.846191,4318.077148,4273.717773,4276.282227,4281.282227,4270.384766,4248.846191,4266.153809,4561.410156,4523.846191,4412.94873,4492.307617,,,,,,,,,,,,,,,,,,,,,,,,,,,,,,,,,,,,,,,,,,,,,,,,,,,,,,,,,,,,,,,,,,,,,,
1769161504.968686,1769161504.969761,4.0,0.0,4260.897461,4278.205078,4302.05127,4320.128418,4270.897461,4275.256348,4277.820313,4262.563965,4242.436035,4263.846191,4555.641113,4519.230957,4410.512695,4492.436035,,,,,,,,,,,,,,,,,,,,,,,,,,,,,,,,,,,,,,,,,,,,,,,,,,,,,,,,,,,,,,,,,,,,,,
1769161504.976494,1769161504.977569,5.0,0.0,4259.871582,4275.128418,4305.769043,4321.282227,4263.846191,4275.256348,4279.615234,4272.820313,4248.589844,4266.153809,4555.512695,4521.538574,4410.641113,4492.563965,,,,,,,,,,,,,,,,,,,,,,,,,,,,,,,,,,,,,,,,,,,,,,,,,,,,,,,,,,,,,,,,,,,,,,
1769161504.984303,1769161504.985278,6.0,0.0,4255.641113,4272.436035,4297.436035,4317.307617,4266.153809,4279.230957,4286.922852,4284.358887,4254.102539,4263.589844,4562.563965,4531.666504,4412.179688,4492.307617,,,,,,,,,,,,,,,,,,,,,,,,,,,,,,,,,,,,,,,,,,,,,,,,,,,,,,,,,,,,,,,,,,,,,,
1769161504.992111,1769161504.993086,7.0,0.0,4247.436035,4267.307617,4289.487305,4311.025879,4267.692383,4279.871582,4286.282227,4282.820313,4250.128418,4262.94873,4564.102539,4533.461426,4411.282227,4491.025879,,,,,,,,,,,,,,,,,,,,,,,,,,,,,,,,,,,,,,,,,,,,,,,,,,,,,,,,,,,,,,,,,,,,,,
1769161504.99992,1769161505.000695,8.0,0.0,4244.230957,4261.666504,4290.0,4307.436035,4261.794922,4270.897461,4279.871582,4278.589844,4248.589844,4263.589844,4558.205078,4525.769043,4411.410156,4493.333496,,,,,,,,,,,,,,,,,,,,,,,,,,,,,,,,,,,,,,,,,,,,,,,,,,,,,,,,,,,,,,,,,,,,,,
1769161505.007728,1769161505.008503,9.0,0.0,4248.589844,4265.384766,4293.461426,4312.307617,4260.384766,4269.230957,4278.205078,4284.358887,4253.974121,4260.0,4560.0,4522.05127,4412.307617,4496.666504,,,,,,,,,,,,,,,,,,,,,,,,,,,,,,,,,,,,,,,,,,,,,,,,,,,,,,,,,,,,,,,,,,,,,,
1769161505.015537,1769161505.016212,10.0,0.0,4254.615234,4275.0,4295.384766,4322.692383,4271.025879,4278.717773,4278.717773,4290.256348,4260.641113,4266.538574,4567.692383,4526.922852,4414.102539,4495.641113,,,,,,,,,,,,,,,,,,,,,,,,,,,,,,,,,,,,,,,,,,,,,,,,,,,,,,,,,,,,,,,,,,,,,,
1769161505.023345,1769161505.02402,11.0,0.0,4261.794922,4280.0,4296.666504,4326.410156,4275.769043,4281.538574,4278.333496,4284.743652,4261.025879,4279.487305,4571.538574,4533.846191,4421.025879,4498.589844,,,,,,,,,,,,,,,,,,,,,,,,,,,,,,,,,,,,,,,,,,,,,,,,,,,,,,,,,,,,,,,,,,,,,,
1769161505.031154,1769161505.032028,12.0,0.0,4265.512695,4281.410156,4297.692383,4325.0,4267.05127,4277.820313,4278.461426,4278.205078,4256.794922,4279.871582,4571.922852,4540.769043,4428.974121,4509.230957,,,,,,,,,,,,,,,,,,,,,,,,,,,,,,,,,,,,,,,,,,,,,,,,,,,,,,,,,,,,,,,,,,,,,,
1769161505.038962,1769161505.039837,13.0,0.0,4264.102539,4281.025879,4297.563965,4325.641113,4266.153809,4277.692383,4277.05127,4279.358887,4251.666504,4271.922852,4570.0,4537.436035,4427.94873,4508.077148,,,,,,,,,,,,,,,,,,,,,,,,,,,,,,,,,,,,,,,,,,,,,,,,,,,,,,,,,,,,,,,,,,,,,,
1769161505.04677,1769161505.047745,14.0,0.0,4263.589844,4278.717773,4295.384766,4325.256348,4274.358887,4277.692383,4277.436035,4278.974121,4249.487305,4272.94873,4565.512695,4525.256348,4418.461426,4494.743652,0.311862,0.379762,0.663726,0.318257,0.203182,0.359453,0.206638,0.378207,0.192961,0.104662,0.208422,0.125952,0.282888,0.130275,0.068492,0.087992,0.084758,0.318239,0.139223,0.116197,0.300753,0.282544,0.224011,0.145079,0.0904,0.083221,0.258922,0.157474,0.213863,0.246438,0.188891,0.199659,0.234614,0.140229,0.172798,0.311528,0.32212,0.216854,0.16682,0.142156,0.292975,0.486647,0.325815,0.120154,0.097616,0.284084,0.513604,0.646626,0.271305,0.275307,0.401906,0.358081,0.314151,0.172464,0.11471,0.285967,0.374957,0.300308,0.131261,0.145682,0.870463,0.436753,0.478198,0.260621,0.148789,0.599848,0.477064,0.374891,0.360594,0.326134
1769161505.054579,1769161505.055554,15.0,0.0,4261.282227,4276.922852,4293.846191,4324.230957,4273.333496,4276.922852,4281.153809,4279.743652,4257.05127,4278.333496,4567.563965,4526.153809,4413.077148,4489.743652,,,,,,,,,,,,,,,,,,,,,,,,,,,,,,,,,,,,,,,,,,,,,,,,,,,,,,,,,,,,,,,,,,,,,,
1769161505.062387,1769161505.063162,16.0,0.0,4258.717773,4278.461426,4292.563965,4325.769043,4269.871582,4278.333496,4280.641113,4281.666504,4262.820313,4279.743652,4572.692383,4534.358887,4417.307617,4491.153809,,,,,,,,,,,,,,,,,,,,,,,,,,,,,,,,,,,,,,,,,,,,,,,,,,,,,,,,,,,,,,,,,,,,,,
1769161505.070196,1769161505.070971,17.0,0.0,4259.743652,4278.717773,4291.922852,4326.282227,4272.94873,4277.179688,4277.307617,4281.538574,4259.743652,4280.512695,4570.897461,4533.205078,4425.128418,4494.871582,,,,,,,,,,,,,,,,,,,,,,,,,,,,,,,,,,,,,,,,,,,,,,,,,,,,,,,,,,,,,,,,,,,,,,
1769161505.078004,1769161505.078679,18.0,0.0,4262.94873,4278.589844,4294.102539,4325.0,4269.743652,4276.794922,4280.384766,4287.563965,4261.153809,4275.897461,4569.358887,4533.205078,4428.461426,4500.0,,,,,,,,,,,,,,,,,,,,,,,,,,,,,,,,,,,,,,,,,,,,,,,,,,,,,,,,,,,,,,,,,,,,,,
1769161505.085813,1769161505.086488,19.0,0.0,4269.102539,4281.153809,4298.077148,4326.666504,4264.615234,4278.333496,4286.666504,4291.025879,4261.794922,4271.282227,4572.179688,4540.128418,4421.538574,4497.436035,,,,,,,,,,,,,,,,,,,,,,,,,,,,,,,,,,,,,,,,,,,,,,,,,,,,,,,,,,,,,,,,,,,,,,
1769161505.093621,1769161505.094496,20.0,0.0,4269.487305,4277.05127,4295.512695,4326.922852,4264.615234,4275.641113,4285.128418,4285.256348,4258.846191,4273.461426,4570.897461,4535.256348,4412.563965,4489.102539,,,,,,,,,,,,,,,,,,,,,,,,,,,,,,,,,,,,,,,,,,,,,,,,,,,,,,,,,,,,,,,,,,,,,,
1769161505.10143,1769161505.102305,21.0,0.0,4262.179688,4272.307617,4288.077148,4324.871582,4264.230957,4272.563965,4278.461426,4281.153809,4258.717773,4276.410156,4566.025879,4528.333496,4410.128418,4487.307617,,,,,,,,,,,,,,,,,,,,,,,,,,,,,,,,,,,,,,,,,,,,,,,,,,,,,,,,,,,,,,,,,,,,,,
1769161505.109238,1769161505.110213,22.0,0.0,4264.871582,4276.666504,4290.897461,4326.794922,4269.358887,4273.974121,4276.922852,4280.128418,4253.461426,4275.512695,4567.307617,4533.846191,4414.230957,4494.487305,,,,,,,,,,,,,,,,,,,,,,,,,,,,,,,,,,,,,,,,,,,,,,,,,,,,,,,,,,,,,,,,,,,,,,
1769161505.117046,1769161505.118021,23.0,0.0,4274.743652,4283.461426,4297.94873,4329.102539,4276.794922,4276.666504,4278.717773,4277.436035,4245.256348,4273.974121,4573.077148,4533.717773,4421.153809,4501.666504,,,,,,,,,,,,,,,,,,,,,,,,,,,,,,,,,,,,,,,,,,,,,,,,,,,,,,,,,,,,,,,,,,,,,,
1769161505.124855,1769161505.12603,24.0,0.0,4269.615234,4278.077148,4289.743652,4324.871582,4272.820313,4278.077148,4280.0,4281.410156,4247.820313,4275.641113,4568.205078,4525.256348,4415.769043,4497.436035,,,,,,,,,,,,,,,,,,,,,,,,,,,,,,,,,,,,,,,,,,,,,,,,,,,,,,,,,,,,,,,,,,,,,,
1769161505.132663,1769161505.133838,25.0,0.0,4258.846191,4267.436035,4277.820313,4320.641113,4265.128418,4280.0,4281.794922,4283.461426,4251.922852,4276.025879,4553.461426,4519.358887,4397.563965,4482.563965,,,,,,,,,,,,,,,,,,,,,,,,,,,,,,,,,,,,,,,,,,,,,,,,,,,,,,,,,,,,,,,,,,,,,,
1769161505.140472,1769161505.141547,26.0,0.0,4260.769043,4269.487305,4281.666504,4323.974121,4266.025879,4280.897461,4280.641113,4280.769043,4253.974121,4277.692383,4553.717773,4521.410156,4398.717773,4481.282227,,,,,,,,,,,,,,,,,,,,,,,,,,,,,,,,,,,,,,,,,,,,,,,,,,,,,,,,,,,,,,,,,,,,,,
1769161505.148281,1769161505.149355,27.0,0.0,4262.94873,4275.512695,4288.717773,4326.410156,4268.717773,4275.128418,4280.512695,4285.641113,4263.589844,4280.897461,4568.205078,4531.153809,4419.102539,4490.897461,,,,,,,,,,,,,,,,,,,,,,,,,,,,,,,,,,,,,,,,,,,,,,,,,,,,,,,,,,,,,,,,,,,,,,
1769161505.156089,1769161505.157363,28.0,0.0,4262.820313,4276.922852,4290.512695,4323.717773,4268.846191,4266.922852,4282.307617,4287.820313,4265.641113,4280.0,4575.0,4541.922852,4423.077148,4491.794922,,,,,,,,,,,,,,,,,,,,,,,,,,,,,,,,,,,,,,,,,,,,,,,,,,,,,,,,,,,,,,,,,,,,,,
1769161505.163897,1769161505.165172,29.0,0.0,4269.358887,4277.307617,4291.666504,4323.717773,4267.692383,4263.846191,4280.897461,4281.025879,4254.102539,4278.589844,4567.436035,4535.384766,4412.179688,4489.230957,,,,,,,,,,,,,,,,,,,,,,,,,,,,,,,,,,,,,,,,,,,,,,,,,,,,,,,,,,,,,,,,,,,,,,
1769161505.171706,1769161505.17288,30.0,0.0,4273.077148,4278.974121,4288.717773,4326.025879,4266.282227,4265.256348,4279.615234,4277.820313,4248.974121,4277.307617,4558.717773,4521.538574,4410.384766,4490.128418,0.356307,0.395149,0.649254,0.311062,0.207602,0.382423,0.217868,0.440114,0.19367,0.110366,0.28265,0.16515,0.262389,0.114613,0.073133,0.120133,0.15302,0.388787,0.129836,0.122313,0.321064,0.311799,0.212849,0.147794,0.090585,0.100109,0.267182,0.174499,0.226304,0.241008,0.213579,0.179161,0.208795,0.148434,0.17604,0.300768,0.329802,0.174197,0.14532,0.117364,0.308829,0.595287,0.277359,0.146562,0.103987,0.310916,0.512917,0.575794,0.288989,0.282377,0.439084,0.443013,0.296848,0.159967,0.107103,0.337802,0.445348,0.299862,0.130857,0.160438,0.945336,0.53821,0.502613,0.243348,0.137215,0.706234,0.550866,0.37127,0.363377,0.36489
1769161505.179514,1769161505.180689,31.0,0.0,4269.487305,4276.922852,4282.307617,4325.897461,4267.179688,4264.102539,4276.282227,4279.615234,4250.384766,4277.307617,4560.769043,4526.666504,4415.128418,4490.897461,,,,,,,,,,,,,,,,,,,,,,,,,,,,,,,,,,,,,,,,,,,,,,,,,,,,,,,,,,,,,,,,,,,,,,
1769161505.187323,1769161505.188297,32.0,0.0,4265.128418,4269.487305,4279.871582,4322.436035,4267.05127,4266.153809,4278.205078,4284.487305,4251.538574,4277.563965,4563.974121,4537.563965,4413.846191,4488.974121,,,,,,,,,,,,,,,,,,,,,,,,,,,,,,,,,,,,,,,,,,,,,,,,,,,,,,,,,,,,,,,,,,,,,,
1769161505.195131,1769161505.196106,33.0,0.0,4261.922852,4262.94873,4280.897461,4317.94873,4270.384766,4276.538574,4287.179688,4286.922852,4250.384766,4268.077148,4559.230957,4531.794922,4407.692383,4485.384766,,,,,,,,,,,,,,,,,,,,,,,,,,,,,,,,,,,,,,,,,,,,,,,,,,,,,,,,,,,,,,,,,,,,,,
1769161505.20294,1769161505.203814,34.0,0.0,4264.743652,4265.256348,4280.128418,4319.615234,4276.282227,4277.179688,4286.282227,4281.666504,4249.358887,4261.538574,4553.717773,4521.538574,4406.794922,4479.102539,,,,,,,,,,,,,,,,,,,,,,,,,,,,,,,,,,,,,,,,,,,,,,,,,,,,,,,,,,,,,,,,,,,,,,
1769161505.210748,1769161505.211623,35.0,0.0,4275.256348,4275.512695,4280.0,4325.256348,4273.077148,4267.179688,4276.794922,4277.436035,4251.282227,4272.179688,4555.512695,4519.871582,4412.179688,4476.666504,,,,,,,,,,,,,,,,,,,,,,,,,,,,,,,,,,,,,,,,,,,,,,,,,,,,,,,,,,,,,,,,,,,,,,
1769161505.218557,1769161505.219231,36.0,0.0,4278.974121,4272.692383,4281.538574,4325.128418,4267.307617,4264.230957,4276.282227,4278.589844,4250.512695,4281.025879,4560.256348,4523.589844,4413.846191,4483.077148,,,,,,,,,,,,,,,,,,,,,,,,,,,,,,,,,,,,,,,,,,,,,,,,,,,,,,,,,,,,,,,,,,,,,,
1769161505.226365,1769161505.22704,37.0,0.0,4275.512695,4265.256348,4284.358887,4323.974121,4272.436035,4265.0,4278.717773,4278.589844,4250.128418,4281.025879,4568.461426,4531.410156,4415.0,4492.692383,,,,,,,,,,,,,,,,,,,,,,,,,,,,,,,,,,,,,,,,,,,,,,,,,,,,,,,,,,,,,,,,,,,,,,
1769161505.234173,1769161505.234948,38.0,0.0,4280.512695,4273.589844,4288.974121,4327.563965,4278.205078,4263.461426,4276.794922,4278.589844,4252.05127,4276.666504,4567.179688,4533.333496,4412.820313,4495.128418,,,,,,,,,,,,,,,,,,,,,,,,,,,,,,,,,,,,,,,,,,,,,,,,,,,,,,,,,,,,,,,,,,,,,,
1769161505.241982,1769161505.242757,39.0,0.0,4279.487305,4280.256348,4291.794922,4327.692383,4277.307617,4267.05127,4277.820313,4278.589844,4249.743652,4265.384766,4556.025879,4523.205078,4406.282227,4491.538574,,,,,,,,,,,,,,,,,,,,,,,,,,,,,,,,,,,,,,,,,,,,,,,,,,,,,,,,,,,,,,,,,,,,,,
1769161505.24979,1769161505.250765,40.0,0.0,4267.692383,4274.871582,4291.794922,4323.717773,4277.563965,4270.128418,4279.487305,4278.077148,4246.410156,4263.077148,4561.153809,4523.461426,4409.358887,4490.641113,,,,,,,,,,,,,,,,,,,,,,,,,,,,,,,,,,,,,,,,,,,,,,,,,,,,,,,,,,,,,,,,,,,,,,
1769161505.257599,1769161505.258573,41.0,0.0,4268.077148,4272.94873,4289.358887,4324.230957,4278.717773,4269.358887,4280.128418,4281.282227,4249.743652,4277.05127,4569.871582,4531.922852,4415.769043,4492.179688,,,,,,,,,,,,,,,,,,,,,,,,,,,,,,,,,,,,,,,,,,,,,,,,,,,,,,,,,,,,,,,,,,,,,,
1769161505.265407,1769161505.266282,42.0,0.0,4274.358887,4276.538574,4287.692383,4327.307617,4277.94873,4273.846191,4280.897461,4281.794922,4253.205078,4281.025879,4567.307617,4528.589844,4412.94873,4491.538574,,,,,,,,,,,,,,,,,,,,,,,,,,,,,,,,,,,,,,,,,,,,,,,,,,,,,,,,,,,,,,,,,,,,,,
1769161505.273216,1769161505.27409,43.0,0.0,4268.846191,4274.102539,4286.666504,4326.794922,4275.512695,4277.179688,4279.487305,4278.846191,4251.410156,4271.410156,4562.820313,4523.974121,4411.794922,4490.384766,,,,,,,,,,,,,,,,,,,,,,,,,,,,,,,,,,,,,,,,,,,,,,,,,,,,,,,,,,,,,,,,,,,,,,
1769161505.281024,1769161505.281699,44.0,0.0,4262.436035,4272.179688,4284.102539,4324.102539,4274.743652,4277.436035,4282.563965,4281.025879,4249.230957,4272.563965,4558.461426,4526.025879,4412.820313,4489.102539,,,,,,,,,,,,,,,,,,,,,,,,,,,,,,,,,,,,,,,,,,,,,,,,,,,,,,,,,,,,,,,,,,,,,,
1769161505.288833,1769161505.289507,45.0,0.0,4266.666504,4277.307617,4281.410156,4323.974121,4278.974121,4275.769043,4279.743652,4281.282227,4248.846191,4279.615234,4559.487305,4526.025879,4413.461426,4490.512695,,,,,,,,,,,,,,,,,,,,,,,,,,,,,,,,,,,,,,,,,,,,,,,,,,,,,,,,,,,,,,,,,,,,,,
1769161505.296641,1769161505.297416,46.0,0.0,4270.0,4277.820313,4280.384766,4321.922852,4282.307617,4267.820313,4268.717773,4278.077148,4248.589844,4273.333496,4564.487305,4523.717773,4413.461426,4490.128418,0.408902,0.422306,0.600777,0.29498,0.203215,0.407374,0.258334,0.490349,0.185645,0.115234,0.374644,0.228512,0.233086,0.099256,0.076792,0.185354,0.252059,0.445147,0.116291,0.122855,0.321913,0.331389,0.193869,0.140929,0.093362,0.124532,0.270942,0.181356,0.234598,0.224742,0.22566,0.152146,0.185052,0.153827,0.169396,0.267271,0.312208,0.136466,0.122813,0.109041,0.298562,0.67645,0.22693,0.173021,0.113029,0.329546,0.537827,0.472765,0.292203,0.272926,0.488478,0.552889,0.286505,0.153727,0.106838,0.435057,0.522489,0.303095,0.137153,0.171878,0.98906,0.639351,0.533563,0.230346,0.123055,0.804131,0.595905,0.364755,0.34525,0.377723
1769161505.304449,1769161505.305224,47.0,0.0,4266.794922,4274.743652,4279.615234,4320.384766,4278.333496,4261.922852,4270.641113,4278.077148,4247.05127,4264.487305,4559.358887,4521.538574,4408.077148,4480.769043,,,,,,,,,,,,,,,,,,,,,,,,,,,,,,,,,,,,,,,,,,,,,,,,,,,,,,,,,,,,,,,,,,,,,,
1769161505.312258,1769161505.313232,48.0,0.0,4263.717773,4270.897461,4278.333496,4319.743652,4272.692383,4265.897461,4280.897461,4279.615234,4245.384766,4270.769043,4549.487305,4519.615234,4404.102539,4473.846191,,,,,,,,,,,,,,,,,,,,,,,,,,,,,,,,,,,,,,,,,,,,,,,,,,,,,,,,,,,,,,,,,,,,,,
1769161505.320066,1769161505.321041,49.0,0.0,4265.384766,4267.692383,4277.692383,4315.0,4272.94873,4267.563965,4278.461426,4279.615234,4246.794922,4281.794922,4551.025879,4520.769043,4410.128418,4480.128418,,,,,,,,,,,,,,,,,,,,,,,,,,,,,,,,,,,,,,,,,,,,,,,,,,,,,,,,,,,,,,,,,,,,,,
1769161505.327875,1769161505.328749,50.0,0.0,4273.333496,4271.538574,4280.0,4314.871582,4277.179688,4263.333496,4273.077148,4278.461426,4247.436035,4275.128418,4555.0,4524.487305,4412.94873,4489.102539,,,,,,,,,,,,,,,,,,,,,,,,,,,,,,,,,,,,,,,,,,,,,,,,,,,,,,,,,,,,,,,,,,,,,,
1769161505.335683,1769161505.336558,51.0,0.0,4273.717773,4274.487305,4281.538574,4318.205078,4276.410156,4263.846191,4277.820313,4276.794922,4245.256348,4262.179688,4555.0,4525.641113,4407.563965,4488.589844,,,,,,,,,,,,,,,,,,,,,,,,,,,,,,,,,,,,,,,,,,,,,,,,,,,,,,,,,,,,,,,,,,,,,,
1769161505.343492,1769161505.344167,52.0,0.0,4260.0,4265.769043,4276.153809,4312.436035,4268.717773,4267.307617,4280.0,4275.897461,4245.384766,4264.102539,4555.0,4522.179688,4402.94873,4478.717773,,,,,,,,,,,,,,,,,,,,,,,,,,,,,,,,,,,,,,,,,,,,,,,,,,,,,,,,,,,,,,,,,,,,,,
1769161505.3513,1769161505.351975,53.0,0.0,4254.102539,4258.717773,4271.538574,4305.897461,4269.743652,4267.179688,4276.153809,4278.077148,4245.897461,4274.871582,4552.94873,4518.846191,4402.94873,4473.461426,,,,,,,,,,,,,,,,,,,,,,,,,,,,,,,,,,,,,,,,,,,,,,,,,,,,,,,,,,,,,,,,,,,,,,
1769161505.359109,1769161505.359883,54.0,0.0,4263.461426,4264.487305,4277.820313,4311.922852,4276.538574,4264.358887,4275.384766,4278.717773,4247.179688,4280.128418,4553.974121,4526.025879,4408.205078,4482.94873,,,,,,,,,,,,,,,,,,,,,,,,,,,,,,,,,,,,,,,,,,,,,,,,,,,,,,,,,,,,,,,,,,,,,,
1769161505.366917,1769161505.367692,55.0,0.0,4268.846191,4269.487305,4286.025879,4319.743652,4272.820313,4262.94873,4277.820313,4278.846191,4257.179688,4277.820313,4563.974121,4538.461426,4414.102539,4494.487305,,,,,,,,,,,,,,,,,,,,,,,,,,,,,,,,,,,,,,,,,,,,,,,,,,,,,,,,,,,,,,,,,,,,,,
1769161505.374725,1769161505.3753,56.0,0.0,4264.871582,4265.256348,4283.461426,4318.717773,4264.743652,4266.153809,4279.743652,4279.743652,4260.897461,4279.358887,4565.384766,4540.897461,4413.461426,4492.563965,,,,,,,,,,,,,,,,,,,,,,,,,,,,,,,,,,,,,,,,,,,,,,,,,,,,,,,,,,,,,,,,,,,,,,
1769161505.382534,1769161505.383109,57.0,0.0,4262.436035,4263.589844,4277.94873,4317.436035,4265.512695,4268.205078,4278.077148,4276.025879,4250.641113,4281.538574,4556.025879,4535.512695,4410.384766,4486.922852,,,,,,,,,,,,,,,,,,,,,,,,,,,,,,,,,,,,,,,,,,,,,,,,,,,,,,,,,,,,,,,,,,,,,,
1769161505.390342,1769161505.390817,58.0,0.0,4266.794922,4271.153809,4282.05127,4321.922852,4268.205078,4264.615234,4275.769043,4273.077148,4250.641113,4279.487305,4560.256348,4533.974121,4415.512695,4488.333496,,,,,,,,,,,,,,,,,,,,,,,,,,,,,,,,,,,,,,,,,,,,,,,,,,,,,,,,,,,,,,,,,,,,,,
1769161505.398151,1769161505.398626,59.0,0.0,4274.102539,4279.102539,4290.256348,4328.717773,4266.794922,4263.717773,4275.512695,4277.820313,4263.846191,4278.717773,4573.077148,4536.666504,4426.538574,4490.769043,,,,,,,,,,,,,,,,,,,,,,,,,,,,,,,,,,,,,,,,,,,,,,,,,,,,,,,,,,,,,,,,,,,,,,
1769161505.405959,1769161505.406235,60.0,0.0,4279.615234,4278.589844,4294.743652,4328.205078,4267.436035,4268.846191,4276.666504,4281.410156,4263.846191,4278.717773,4571.153809,4537.94873,4427.436035,4492.05127,,,,,,,,,,,,,,,,,,,,,,,,,,,,,,,,,,,,,,,,,,,,,,,,,,,,,,,,,,,,,,,,,,,,,,
1769161505.413768,1769161505.414043,61.0,0.0,4281.282227,4277.307617,4294.615234,4326.410156,4268.205078,4271.410156,4279.358887,4278.846191,4256.410156,4280.128418,4565.897461,4538.333496,4419.871582,4493.717773,,,,,,,,,,,,,,,,,,,,,,,,,,,,,,,,,,,,,,,,,,,,,,,,,,,,,,,,,,,,,,,,,,,,,,
1769161505.421576,1769161505.421752,62.0,0.0,4279.102539,4277.692383,4293.846191,4327.820313,4267.05127,4265.384766,4278.077148,4277.563965,4258.333496,4277.05127,4569.230957,4535.769043,4416.025879,4492.820313,0.451836,0.458835,0.543228,0.272642,0.189587,0.433211,0.322132,0.51473,0.171016,0.117354,0.475535,0.300537,0.205041,0.089136,0.080487,0.270107,0.362453,0.473569,0.102545,0.11673,0.308253,0.339637,0.168422,0.126796,0.09842,0.148865,0.270548,0.179462,0.237443,0.199217,0.22115,0.120315,0.166137,0.154675,0.153478,0.223038,0.275978,0.128761,0.106986,0.114731,0.267905,0.710584,0.212828,0.195703,0.124836,0.33355,0.575707,0.364027,0.278694,0.251832,0.532253,0.65182,0.286974,0.155008,0.113318,0.542926,0.578462,0.304705,0.151014,0.178726,0.992997,0.704618,0.555865,0.225608,0.110858,0.883115,0.601236,0.359637,0.313181,0.360485
1769161505.429385,1769161505.42956,63.0,0.0,4274.871582,4275.512695,4292.94873,4324.102539,4265.641113,4261.538574,4268.077148,4278.333496,4260.512695,4271.922852,4566.922852,4533.589844,4415.512695,4492.05127,,,,,,,,,,,,,,,,,,,,,,,,,,,,,,,,,,,,,,,,,,,,,,,,,,,,,,,,,,,,,,,,,,,,,,
1769161505.437193,1769161505.437568,64.0,0.0,4275.0,4276.410156,4294.743652,4320.769043,4265.897461,4268.589844,4265.769043,4277.820313,4259.230957,4275.256348,4564.487305,4535.641113,4417.307617,4493.205078,,,,,,,,,,,,,,,,,,,,,,,,,,,,,,,,,,,,,,,,,,,,,,,,,,,,,,,,,,,,,,,,,,,,,,
1769161505.445001,1769161505.445377,65.0,0.0,4280.384766,4279.358887,4299.743652,4325.0,4265.641113,4272.820313,4277.94873,4280.897461,4261.666504,4279.743652,4568.846191,4538.333496,4418.589844,4494.102539,,,,,,,,,,,,,,,,,,,,,,,,,,,,,,,,,,,,,,,,,,,,,,,,,,,,,,,,,,,,,,,,,,,,,,
1769161505.45281,1769161505.453285,66.0,0.0,4281.282227,4278.589844,4304.743652,4328.333496,4263.333496,4265.0,4277.94873,4281.282227,4260.384766,4277.692383,4569.102539,4536.282227,4419.358887,4497.307617,,,,,,,,,,,,,,,,,,,,,,,,,,,,,,,,,,,,,,,,,,,,,,,,,,,,,,,,,,,,,,,,,,,,,,
1769161505.460618,1769161505.461093,67.0,0.0,4282.307617,4280.897461,4309.487305,4326.922852,4264.102539,4261.666504,4262.820313,4271.025879,4250.897461,4277.820313,4567.307617,4534.102539,4423.846191,4504.102539,,,,,,,,,,,,,,,,,,,,,,,,,,,,,,,,,,,,,,,,,,,,,,,,,,,,,,,,,,,,,,,,,,,,,,
1769161505.468427,1769161505.469102,68.0,0.0,4288.589844,4283.846191,4310.384766,4325.769043,4267.436035,4265.512695,4260.641113,4263.974121,4245.897461,4278.717773,4568.846191,4536.666504,4428.333496,4507.05127,,,,,,,,,,,,,,,,,,,,,,,,,,,,,,,,,,,,,,,,,,,,,,,,,,,,,,,,,,,,,,,,,,,,,,
1769161505.476235,1769161505.47691,69.0,0.0,4287.94873,4282.563965,4307.307617,4326.153809,4266.922852,4265.769043,4272.820313,4269.487305,4253.205078,4280.769043,4569.871582,4538.846191,4426.410156,4504.615234,,,,,,,,,,,,,,,,,,,,,,,,,,,,,,,,,,,,,,,,,,,,,,,,,,,,,,,,,,,,,,,,,,,,,,
1769161505.484044,1769161505.484619,70.0,0.0,4281.282227,4282.307617,4307.307617,4327.179688,4265.641113,4272.820313,4278.846191,4276.794922,4262.820313,4278.846191,4569.871582,4538.461426,4428.333496,4507.307617,,,,,,,,,,,,,,,,,,,,,,,,,,,,,,,,,,,,,,,,,,,,,,,,,,,,,,,,,,,,,,,,,,,,,,
1769161505.491852,1769161505.492427,71.0,0.0,4280.384766,4283.589844,4309.615234,4327.436035,4267.94873,4282.820313,4278.461426,4280.256348,4265.384766,4266.025879,4570.641113,4538.205078,4428.974121,4505.0,,,,,,,,,,,,,,,,,,,,,,,,,,,,,,,,,,,,,,,,,,,,,,,,,,,,,,,,,,,,,,,,,,,,,,
1769161505.499661,1769161505.500435,72.0,0.0,4282.563965,4282.179688,4309.871582,4324.743652,4268.717773,4271.025879,4278.974121,4281.153809,4262.179688,4264.102539,4568.589844,4537.94873,4420.897461,4492.820313,,,,,,,,,,,,,,,,,,,,,,,,,,,,,,,,,,,,,,,,,,,,,,,,,,,,,,,,,,,,,,,,,,,,,,
1769161505.507469,1769161505.508244,73.0,0.0,4283.717773,4279.871582,4308.461426,4323.461426,4266.794922,4260.0,4279.358887,4277.05127,4259.102539,4281.025879,4568.974121,4536.282227,4420.897461,4495.0,,,,,,,,,,,,,,,,,,,,,,,,,,,,,,,,,,,,,,,,,,,,,,,,,,,,,,,,,,,,,,,,,,,,,,
1769161505.515278,1769161505.516152,74.0,0.0,4286.282227,4280.512695,4310.897461,4326.410156,4267.179688,4275.769043,4282.05127,4282.436035,4261.410156,4287.692383,4574.871582,4541.025879,4430.641113,4509.358887,,,,,,,,,,,,,,,,,,,,,,,,,,,,,,,,,,,,,,,,,,,,,,,,,,,,,,,,,,,,,,,,,,,,,,
1769161505.523086,1769161505.523961,75.0,0.0,4290.512695,4280.128418,4316.153809,4327.563965,4266.666504,4283.205078,4281.282227,4293.461426,4267.436035,4280.0,4575.641113,4548.846191,4430.897461,4510.512695,,,,,,,,,,,,,,,,,,,,,,,,,,,,,,,,,,,,,,,,,,,,,,,,,,,,,,,,,,,,,,,,,,,,,,
1769161505.530894,1769161505.531569,76.0,0.0,4294.615234,4280.0,4318.333496,4325.897461,4267.307617,4268.461426,4273.974121,4283.717773,4265.769043,4278.717773,4570.641113,4546.025879,4425.641113,4503.717773,,,,,,,,,,,,,,,,,,,,,,,,,,,,,,,,,,,,,,,,,,,,,,,,,,,,,,,,,,,,,,,,,,,,,,
1769161505.538703,1769161505.539378,77.0,0.0,4296.282227,4283.077148,4319.230957,4326.922852,4269.743652,4263.333496,4274.615234,4269.743652,4256.794922,4280.0,4568.846191,4537.820313,4426.025879,4505.641113,,,,,,,,,,,,,,,,,,,,,,,,,,,,,,,,,,,,,,,,,,,,,,,,,,,,,,,,,,,,,,,,,,,,,,
1769161505.546511,1769161505.547286,78.0,0.0,4292.563965,4283.333496,4322.436035,4327.436035,4268.846191,4267.05127,4276.538574,4275.128418,4256.282227,4280.0,4570.0,4536.025879,4426.025879,4506.282227,0.471879,0.494906,0.502253,0.251319,0.170867,0.447757,0.390176,0.506088,0.155666,0.115997,0.533411,0.358481,0.188583,0.087561,0.085401,0.344156,0.455031,0.465924,0.092193,0.104927,0.28981,0.336389,0.139779,0.110861,0.104205,0.165173,0.266015,0.180463,0.234524,0.168617,0.199781,0.089746,0.153695,0.150006,0.132215,0.178058,0.232114,0.162996,0.102267,0.127625,0.222429,0.688168,0.257282,0.210875,0.137301,0.323318,0.60601,0.273525,0.253308,0.22826,0.560212,0.699484,0.297971,0.161886,0.126135,0.617409,0.587326,0.302478,0.172832,0.182643,0.962839,0.706351,0.555278,0.231908,0.105799,0.914296,0.5675,0.358025,0.281403,0.319248
1769161505.55432,1769161505.555095,79.0,0.0,4292.692383,4280.769043,4326.153809,4325.512695,4270.256348,4264.358887,4269.615234,4282.05127,4262.307617,4281.794922,4572.307617,4540.0,4425.384766,4504.230957,,,,,,,,,,,,,,,,,,,,,,,,,,,,,,,,,,,,,,,,,,,,,,,,,,,,,,,,,,,,,,,,,,,,,,
1769161505.562128,1769161505.563103,80.0,0.0,4293.846191,4280.256348,4323.461426,4324.871582,4272.307617,4262.436035,4269.743652,4279.487305,4261.794922,4278.589844,4573.589844,4540.128418,4426.282227,4507.94873,,,,,,,,,,,,,,,,,,,,,,,,,,,,,,,,,,,,,,,,,,,,,,,,,,,,,,,,,,,,,,,,,,,,,,
1769161505.569937,1769161505.570911,81.0,0.0,4285.256348,4279.743652,4318.333496,4323.461426,4269.102539,4263.333496,4278.205078,4279.615234,4258.333496,4274.487305,4570.897461,4536.538574,4420.897461,4506.410156,,,,,,,,,,,,,,,,,,,,,,,,,,,,,,,,,,,,,,,,,,,,,,,,,,,,,,,,,,,,,,,,,,,,,,
1769161505.577745,1769161505.57862,82.0,0.0,4279.615234,4277.94873,4319.871582,4321.666504,4268.333496,4265.256348,4278.974121,4284.487305,4261.025879,4275.512695,4566.153809,4535.384766,4413.974121,4496.282227,,,,,,,,,,,,,,,,,,,,,,,,,,,,,,,,,,,,,,,,,,,,,,,,,,,,,,,,,,,,,,,,,,,,,,
1769161505.585554,1769161505.586428,83.0,0.0,4282.820313,4277.436035,4323.461426,4321.282227,4269.871582,4273.333496,4275.512695,4291.282227,4263.461426,4276.666504,4564.743652,4537.05127,4411.538574,4489.230957,,,,,,,,,,,,,,,,,,,,,,,,,,,,,,,,,,,,,,,,,,,,,,,,,,,,,,,,,,,,,,,,,,,,,,
1769161505.593362,1769161505.594037,84.0,0.0,4282.563965,4273.974121,4321.153809,4320.641113,4265.769043,4275.128418,4279.358887,4293.717773,4261.794922,4268.846191,4565.128418,4536.666504,4409.743652,4488.461426,,,,,,,,,,,,,,,,,,,,,,,,,,,,,,,,,,,,,,,,,,,,,,,,,,,,,,,,,,,,,,,,,,,,,,
1769161505.601171,1769161505.601845,85.0,0.0,4279.871582,4268.589844,4317.94873,4316.666504,4263.974121,4266.794922,4280.0,4288.589844,4260.769043,4268.205078,4566.410156,4534.615234,4408.846191,4489.230957,,,,,,,,,,,,,,,,,,,,,,,,,,,,,,,,,,,,,,,,,,,,,,,,,,,,,,,,,,,,,,,,,,,,,,
1769161505.608979,1769161505.609554,86.0,0.0,4281.025879,4265.769043,4320.641113,4312.94873,4266.025879,4263.589844,4272.307617,4285.384766,4262.05127,4277.179688,4562.179688,4536.922852,4411.922852,4490.384766,,,,,,,,,,,,,,,,,,,,,,,,,,,,,,,,,,,,,,,,,,,,,,,,,,,,,,,,,,,,,,,,,,,,,,
1769161505.616788,1769161505.617362,87.0,0.0,4279.487305,4265.512695,4322.94873,4315.641113,4265.769043,4268.461426,4264.102539,4284.871582,4263.461426,4270.641113,4554.358887,4539.230957,4412.179688,4490.641113,,,,,,,,,,,,,,,,,,,,,,,,,,,,,,,,,,,,,,,,,,,,,,,,,,,,,,,,,,,,,,,,,,,,,,
1769161505.624596,1769161505.625371,88.0,0.0,4280.256348,4271.922852,4324.358887,4322.436035,4271.410156,4267.563965,4265.128418,4280.897461,4257.436035,4264.871582,4558.077148,4538.846191,4408.974121,4488.589844,,,,,,,,,,,,,,,,,,,,,,,,,,,,,,,,,,,,,,,,,,,,,,,,,,,,,,,,,,,,,,,,,,,,,,
1769161505.632404,1769161505.633179,89.0,0.0,4285.897461,4279.102539,4328.205078,4323.461426,4278.461426,4262.05127,4273.589844,4275.128418,4249.871582,4270.0,4565.128418,4537.563965,4409.871582,4488.205078,,,,,,,,,,,,,,,,,,,,,,,,,,,,,,,,,,,,,,,,,,,,,,,,,,,,,,,,,,,,,,,,,,,,,,
1769161505.640213,1769161505.641087,90.0,0.0,4283.461426,4276.410156,4329.871582,4321.410156,4277.820313,4272.692383,4278.846191,4276.666504,4253.205078,4266.538574,4558.333496,4536.282227,4412.179688,4492.563965,,,,,,,,,,,,,,,,,,,,,,,,,,,,,,,,,,,,,,,,,,,,,,,,,,,,,,,,,,,,,,,,,,,,,,
1769161505.648021,1769161505.648896,91.0,0.0,4275.897461,4270.384766,4327.94873,4321.538574,4272.94873,4285.128418,4282.692383,4286.153809,4262.563965,4262.820313,4553.461426,4536.410156,4408.077148,4492.563965,,,,,,,,,,,,,,,,,,,,,,,,,,,,,,,,,,,,,,,,,,,,,,,,,,,,,,,,,,,,,,,,,,,,,,
1769161505.65583,1769161505.656904,92.0,0.0,4273.717773,4270.384766,4325.512695,4316.666504,4271.538574,4273.205078,4279.615234,4288.077148,4265.384766,4276.153809,4560.769043,4537.436035,4403.974121,4485.256348,,,,,,,,,,,,,,,,,,,,,,,,,,,,,,,,,,,,,,,,,,,,,,,,,,,,,,,,,,,,,,,,,,,,,,
1769161505.663638,1769161505.664712,93.0,0.0,4277.179688,4273.974121,4324.743652,4312.94873,4274.743652,4262.692383,4273.846191,4279.102539,4262.307617,4280.128418,4561.666504,4537.307617,4408.974121,4483.461426,,,,,,,,,,,,,,,,,,,,,,,,,,,,,,,,,,,,,,,,,,,,,,,,,,,,,,,,,,,,,,,,,,,,,,
1769161505.671447,1769161505.672621,94.0,0.0,4277.05127,4277.179688,4325.512695,4319.615234,4275.384766,4274.487305,4276.794922,4276.410156,4261.153809,4268.589844,4556.410156,4536.153809,4411.153809,4490.641113,0.463574,0.519012,0.489514,0.237283,0.153043,0.453714,0.439717,0.468236,0.145327,0.112488,0.555405,0.384405,0.188911,0.094759,0.091519,0.391196,0.50427,0.423899,0.086439,0.090492,0.276254,0.321459,0.112659,0.09899,0.108915,0.17475,0.256749,0.198239,0.226358,0.139471,0.167079,0.067459,0.148493,0.14091,0.112033,0.135671,0.192861,0.232792,0.10827,0.140581,0.175217,0.61736,0.353927,0.216308,0.147102,0.295602,0.610987,0.215537,0.226934,0.211159,0.574385,0.673976,0.313773,0.169637,0.144251,0.633881,0.542383,0.296351,0.20037,0.185826,0.906968,0.641242,0.525548,0.248078,0.1111,0.902805,0.506849,0.358198,0.263222,0.267108
1769161505.679255,1769161505.680429,95.0,0.0,4278.974121,4278.589844,4326.922852,4325.384766,4274.615234,4281.025879,4280.897461,4281.153809,4258.333496,4265.0,4557.05127,4537.05127,4405.384766,4492.563965,,,,,,,,,,,,,,,,,,,,,,,,,,,,,,,,,,,,,,,,,,,,,,,,,,,,,,,,,,,,,,,,,,,,,,
1769161505.687064,1769161505.688438,96.0,0.0,4285.512695,4278.205078,4327.820313,4325.128418,4277.436035,4275.128418,4278.333496,4279.743652,4252.94873,4262.436035,4558.461426,4535.256348,4402.563965,4484.102539,,,,,,,,,,,,,,,,,,,,,,,,,,,,,,,,,,,,,,,,,,,,,,,,,,,,,,,,,,,,,,,,,,,,,,
1769161505.694872,1769161505.696246,97.0,0.0,4284.358887,4279.743652,4327.179688,4325.897461,4280.384766,4275.384766,4277.05127,4276.153809,4248.077148,4257.820313,4554.230957,4524.230957,4397.94873,4474.871582,,,,,,,,,,,,,,,,,,,,,,,,,,,,,,,,,,,,,,,,,,,,,,,,,,,,,,,,,,,,,,,,,,,,,,
1769161505.70268,1769161505.703955,98.0,0.0,4277.05127,4280.0,4325.769043,4327.05127,4276.153809,4273.717773,4278.077148,4276.282227,4248.333496,4268.974121,4553.205078,4520.769043,4394.230957,4473.589844,,,,,,,,,,,,,,,,,,,,,,,,,,,,,,,,,,,,,,,,,,,,,,,,,,,,,,,,,,,,,,,,,,,,,,
1769161505.710489,1769161505.711763,99.0,0.0,4282.94873,4277.436035,4326.922852,4325.897461,4272.94873,4271.410156,4274.230957,4279.230957,4258.846191,4280.512695,4565.512695,4533.333496,4408.077148,4481.410156,,,,,,,,,,,,,,,,,,,,,,,,,,,,,,,,,,,,,,,,,,,,,,,,,,,,,,,,,,,,,,,,,,,,,,
1769161505.718297,1769161505.719372,100.0,0.0,4290.641113,4276.666504,4328.461426,4326.282227,4277.05127,4274.615234,4274.102539,4281.282227,4265.384766,4270.128418,4569.358887,4536.025879,4415.0,4483.461426,,,,,,,,,,,,,,,,,,,,,,,,,,,,,,,,,,,,,,,,,,,,,,,,,,,,,,,,,,,,,,,,,,,,,,
1769161505.726106,1769161505.72718,101.0,0.0,4281.410156,4274.102539,4325.512695,4325.641113,4274.230957,4269.487305,4277.820313,4279.743652,4260.0,4261.922852,4556.153809,4526.025879,4401.666504,4474.743652,,,,,,,,,,,,,,,,,,,,,,,,,,,,,,,,,,,,,,,,,,,,,,,,,,,,,,,,,,,,,,,,,,,,,,
1769161505.733914,1769161505.734889,102.0,0.0,4277.692383,4267.179688,4325.769043,4322.05127,4267.179688,4265.128418,4278.205078,4278.461426,4257.436035,4274.615234,4554.358887,4528.589844,4399.871582,4477.820313,,,,,,,,,,,,,,,,,,,,,,,,,,,,,,,,,,,,,,,,,,,,,,,,,,,,,,,,,,,,,,,,,,,,,,
1769161505.741723,1769161505.742697,103.0,0.0,4285.512695,4267.307617,4334.230957,4320.641113,4271.025879,4275.512695,4278.205078,4280.384766,4263.077148,4282.179688,4569.487305,4539.358887,4413.205078,4491.794922,,,,,,,,,,,,,,,,,,,,,,,,,,,,,,,,,,,,,,,,,,,,,,,,,,,,,,,,,,,,,,,,,,,,,,
1769161505.749531,1769161505.750306,104.0,0.0,4285.0,4275.256348,4342.05127,4326.538574,4279.615234,4282.94873,4280.128418,4285.256348,4264.102539,4277.820313,4573.974121,4542.307617,4418.461426,4495.384766,,,,,,,,,,,,,,,,,,,,,,,,,,,,,,,,,,,,,,,,,,,,,,,,,,,,,,,,,,,,,,,,,,,,,,
1769161505.75734,1769161505.758114,105.0,0.0,4281.282227,4274.743652,4337.692383,4329.743652,4280.384766,4278.461426,4280.0,4291.922852,4261.922852,4276.922852,4568.717773,4541.153809,4417.05127,4491.922852,,,,,,,,,,,,,,,,,,,,,,,,,,,,,,,,,,,,,,,,,,,,,,,,,,,,,,,,,,,,,,,,,,,,,,
1769161505.765148,1769161505.766022,106.0,0.0,4278.974121,4264.743652,4328.333496,4317.692383,4275.0,4277.05127,4280.769043,4290.641113,4263.589844,4278.589844,4566.153809,4538.589844,4413.333496,4490.897461,,,,,,,,,,,,,,,,,,,,,,,,,,,,,,,,,,,,,,,,,,,,,,,,,,,,,,,,,,,,,,,,,,,,,,
1769161505.772956,1769161505.773831,107.0,0.0,4277.05127,4264.102539,4327.05127,4310.641113,4271.794922,4278.974121,4281.794922,4283.589844,4262.94873,4271.410156,4568.717773,4536.282227,4411.153809,4490.0,,,,,,,,,,,,,,,,,,,,,,,,,,,,,,,,,,,,,,,,,,,,,,,,,,,,,,,,,,,,,,,,,,,,,,
1769161505.780765,1769161505.78144,108.0,0.0,4280.384766,4271.153809,4329.743652,4317.94873,4274.871582,4278.974121,4279.358887,4285.0,4262.05127,4264.615234,4568.974121,4534.102539,4414.230957,4490.512695,,,,,,,,,,,,,,,,,,,,,,,,,,,,,,,,,,,,,,,,,,,,,,,,,,,,,,,,,,,,,,,,,,,,,,
1769161505.788573,1769161505.789248,109.0,0.0,4277.692383,4267.692383,4327.179688,4316.538574,4280.256348,4280.128418,4281.794922,4292.05127,4264.230957,4270.0,4559.615234,4525.897461,4408.974121,4486.666504,,,,,,,,,,,,,,,,,,,,,,,,,,,,,,,,,,,,,,,,,,,,,,,,,,,,,,,,,,,,,,,,,,,,,,
1769161505.796382,1769161505.796957,110.0,0.0,4268.461426,4260.128418,4323.205078,4306.025879,4279.358887,4280.0,4286.410156,4294.102539,4265.128418,4280.128418,4556.025879,4524.102539,4400.641113,4482.436035,0.445945,0.522603,0.501807,0.232087,0.141022,0.458639,0.453611,0.414432,0.142952,0.109046,0.546994,0.370113,0.20399,0.107557,0.097217,0.42893,0.499825,0.35962,0.084813,0.077072,0.269768,0.294565,0.090993,0.094184,0.111071,0.184803,0.241657,0.239342,0.214425,0.119264,0.134853,0.058995,0.150562,0.130313,0.099592,0.102647,0.170494,0.318673,0.119661,0.14871,0.140316,0.521412,0.468664,0.212272,0.151712,0.262898,0.584018,0.189277,0.210953,0.20561,0.586257,0.581978,0.322973,0.172658,0.165705,0.591171,0.459447,0.284382,0.227662,0.189642,0.84232,0.533995,0.470309,0.267905,0.126605,0.86415,0.438729,0.354536,0.26498,0.219218
1769161505.80419,1769161505.804765,111.0,0.0,4274.230957,4266.282227,4327.436035,4310.641113,4276.282227,4278.717773,4283.846191,4292.179688,4266.794922,4280.128418,4567.179688,4535.0,4407.436035,4488.461426,,,,,,,,,,,,,,,,,,,,,,,,,,,,,,,,,,,,,,,,,,,,,,,,,,,,,,,,,,,,,,,,,,,,,,
1769161505.811999,1769161505.812374,112.0,0.0,4292.692383,4278.205078,4338.333496,4325.384766,4277.05127,4278.333496,4279.615234,4293.846191,4269.102539,4281.410156,4575.641113,4541.538574,4417.692383,4494.487305,,,,,,,,,,,,,,,,,,,,,,,,,,,,,,,,,,,,,,,,,,,,,,,,,,,,,,,,,,,,,,,,,,,,,,
1769161505.819807,1769161505.820182,113.0,0.0,4294.615234,4278.846191,4341.794922,4328.333496,4275.512695,4278.461426,4281.794922,4294.743652,4265.384766,4280.0,4570.769043,4537.692383,4413.846191,4491.025879,,,,,,,,,,,,,,,,,,,,,,,,,,,,,,,,,,,,,,,,,,,,,,,,,,,,,,,,,,,,,,,,,,,,,,
1769161505.827616,1769161505.82809,114.0,0.0,4284.358887,4273.077148,4338.589844,4324.230957,4274.230957,4278.589844,4281.794922,4287.94873,4259.615234,4266.025879,4565.128418,4532.563965,4406.282227,4489.871582,,,,,,,,,,,,,,,,,,,,,,,,,,,,,,,,,,,,,,,,,,,,,,,,,,,,,,,,,,,,,,,,,,,,,,
1769161505.835424,1769161505.835899,115.0,0.0,4285.256348,4277.179688,4337.94873,4324.230957,4276.538574,4276.410156,4276.025879,4282.692383,4263.333496,4270.0,4570.0,4531.794922,4411.538574,4493.589844,,,,,,,,,,,,,,,,,,,,,,,,,,,,,,,,,,,,,,,,,,,,,,,,,,,,,,,,,,,,,,,,,,,,,,
1769161505.843233,1769161505.843907,116.0,0.0,4287.820313,4278.846191,4334.871582,4324.615234,4277.05127,4279.615234,4276.410156,4289.230957,4268.461426,4283.205078,4568.846191,4528.974121,4415.897461,4492.179688,,,,,,,,,,,,,,,,,,,,,,,,,,,,,,,,,,,,,,,,,,,,,,,,,,,,,,,,,,,,,,,,,,,,,,
1769161505.851041,1769161505.851716,117.0,0.0,4279.487305,4270.512695,4328.717773,4320.256348,4273.846191,4287.179688,4281.666504,4296.922852,4265.769043,4264.487305,4557.179688,4522.563965,4407.563965,4488.077148,,,,,,,,,,,,,,,,,,,,,,,,,,,,,,,,,,,,,,,,,,,,,,,,,,,,,,,,,,,,,,,,,,,,,,
1769161505.858849,1769161505.859624,118.0,0.0,4280.897461,4270.512695,4332.692383,4319.358887,4273.333496,4284.743652,4280.641113,4290.0,4262.692383,4254.358887,4558.077148,4527.179688,4404.743652,4488.717773,,,,,,,,,,,,,,,,,,,,,,,,,,,,,,,,,,,,,,,,,,,,,,,,,,,,,,,,,,,,,,,,,,,,,,
1769161505.866658,1769161505.867432,119.0,0.0,4291.666504,4279.358887,4340.256348,4326.794922,4279.615234,4278.589844,4275.769043,4280.641113,4265.384766,4280.0,4572.05127,4541.153809,4412.820313,4493.077148,,,,,,,,,,,,,,,,,,,,,,,,,,,,,,,,,,,,,,,,,,,,,,,,,,,,,,,,,,,,,,,,,,,,,,
1769161505.874466,1769161505.875441,120.0,0.0,4287.820313,4279.743652,4337.820313,4328.333496,4283.717773,4280.0,4279.615234,4282.94873,4267.436035,4290.0,4573.974121,4537.05127,4414.871582,4493.846191,,,,,,,,,,,,,,,,,,,,,,,,,,,,,,,,,,,,,,,,,,,,,,,,,,,,,,,,,,,,,,,,,,,,,,
1769161505.882275,1769161505.883249,121.0,0.0,4283.846191,4275.641113,4337.05127,4323.333496,4279.358887,4279.358887,4285.256348,4290.0,4267.820313,4277.563965,4568.717773,4524.743652,4411.538574,4491.025879,,,,,,,,,,,,,,,,,,,,,,,,,,,,,,,,,,,,,,,,,,,,,,,,,,,,,,,,,,,,,,,,,,,,,,
1769161505.890083,1769161505.890958,122.0,0.0,4295.128418,4275.769043,4342.563965,4323.461426,4276.410156,4276.282227,4280.512695,4291.025879,4266.922852,4277.820313,4568.717773,4532.563965,4412.307617,4490.897461,,,,,,,,,,,,,,,,,,,,,,,,,,,,,,,,,,,,,,,,,,,,,,,,,,,,,,,,,,,,,,,,,,,,,,
1769161505.897892,1769161505.898766,123.0,0.0,4299.230957,4272.179688,4343.205078,4325.897461,4277.820313,4279.871582,4281.410156,4287.692383,4264.743652,4276.282227,4566.922852,4541.153809,4412.563965,4492.820313,,,,,,,,,,,,,,,,,,,,,,,,,,,,,,,,,,,,,,,,,,,,,,,,,,,,,,,,,,,,,,,,,,,,,,
1769161505.9057,1769161505.906475,124.0,0.0,4293.461426,4271.666504,4341.282227,4325.384766,4278.333496,4282.692383,4293.205078,4289.871582,4264.358887,4270.0,4568.077148,4535.641113,4413.846191,4494.487305,,,,,,,,,,,,,,,,,,,,,,,,,,,,,,,,,,,,,,,,,,,,,,,,,,,,,,,,,,,,,,,,,,,,,,
1769161505.913509,1769161505.914283,125.0,0.0,4297.94873,4275.512695,4343.589844,4325.512695,4278.077148,4280.256348,4292.05127,4295.769043,4266.922852,4276.025879,4575.897461,4533.717773,4418.974121,4497.436035,,,,,,,,,,,,,,,,,,,,,,,,,,,,,,,,,,,,,,,,,,,,,,,,,,,,,,,,,,,,,,,,,,,,,,
1769161505.921317,1769161505.921992,126.0,0.0,4303.077148,4271.410156,4343.333496,4324.871582,4277.436035,4280.128418,4283.589844,4289.743652,4263.974121,4277.692383,4571.282227,4530.641113,4415.512695,4491.794922,0.435055,0.503698,0.522928,0.232938,0.137147,0.48626,0.428776,0.359559,0.146842,0.107059,0.532526,0.324383,0.225503,0.120906,0.10005,0.464775,0.447393,0.289465,0.0854,0.067434,0.269311,0.257834,0.077477,0.095101,0.109723,0.20434,0.222213,0.298089,0.202448,0.1141,0.118138,0.066612,0.160895,0.121979,0.098536,0.085488,0.170065,0.399181,0.129602,0.150249,0.126808,0.426104,0.558111,0.202581,0.150665,0.235634,0.531538,0.184023,0.213135,0.211227,0.602271,0.453203,0.313425,0.167881,0.187562,0.513939,0.368402,0.264827,0.246511,0.193758,0.77638,0.425956,0.402184,0.283321,0.148464,0.828389,0.385383,0.342214,0.282004,0.187009
1769161505.929125,1769161505.9298,127.0,0.0,4297.692383,4268.589844,4339.487305,4323.846191,4275.897461,4280.769043,4285.0,4282.692383,4261.666504,4272.692383,4561.538574,4523.205078,4408.205078,4483.846191,,,,,,,,,,,,,,,,,,,,,,,,,,,,,,,,,,,,,,,,,,,,,,,,,,,,,,,,,,,,,,,,,,,,,,
1769161505.936934,1769161505.937409,0.0,0.0,4300.384766,4276.922852,4346.666504,4326.794922,4277.05127,4280.512695,4282.436035,4290.384766,4271.282227,4270.769043,4572.94873,4533.717773,4416.410156,4497.692383,,,,,,,,,,,,,,,,,,,,,,,,,,,,,,,,,,,,,,,,,,,,,,,,,,,,,,,,,,,,,,,,,,,,,,
1769161505.944742,1769161505.945217,1.0,0.0,4305.897461,4282.179688,4355.897461,4329.230957,4280.128418,4280.769043,4277.179688,4291.282227,4273.333496,4267.94873,4583.205078,4544.743652,4425.0,4511.025879,,,,,,,,,,,,,,,,,,,,,,,,,,,,,,,,,,,,,,,,,,,,,,,,,,,,,,,,,,,,,,,,,,,,,,
1769161505.952551,1769161505.953126,2.0,0.0,4298.461426,4272.820313,4349.743652,4325.0,4279.743652,4280.256348,4285.128418,4286.282227,4263.205078,4270.512695,4564.487305,4530.769043,4410.641113,4492.179688,,,,,,,,,,,,,,,,,,,,,,,,,,,,,,,,,,,,,,,,,,,,,,,,,,,,,,,,,,,,,,,,,,,,,,
1769161505.960359,1769161505.960934,3.0,0.0,4291.025879,4263.333496,4340.384766,4321.666504,4278.717773,4280.769043,4292.436035,4292.94873,4263.205078,4278.461426,4549.102539,4517.307617,4393.205078,4465.897461,,,,,,,,,,,,,,,,,,,,,,,,,,,,,,,,,,,,,,,,,,,,,,,,,,,,,,,,,,,,,,,,,,,,,,
1769161505.968168,1769161505.968942,4.0,0.0,4295.384766,4266.025879,4344.230957,4325.384766,4280.512695,4281.666504,4289.871582,4289.743652,4265.641113,4277.05127,4553.974121,4520.512695,4394.358887,4466.666504,,,,,,,,,,,,,,,,,,,,,,,,,,,,,,,,,,,,,,,,,,,,,,,,,,,,,,,,,,,,,,,,,,,,,,
1769161505.975976,1769161505.976751,5.0,0.0,4294.871582,4272.820313,4350.641113,4326.922852,4281.282227,4281.025879,4287.820313,4273.333496,4257.307617,4273.589844,4556.922852,4522.94873,4401.153809,4482.436035,,,,,,,,,,,,,,,,,,,,,,,,,,,,,,,,,,,,,,,,,,,,,,,,,,,,,,,,,,,,,,,,,,,,,,
1769161505.983785,1769161505.984459,6.0,0.0,4290.512695,4276.282227,4348.589844,4324.615234,4280.0,4278.333496,4282.436035,4276.538574,4256.153809,4275.384766,4560.897461,4523.717773,4408.205078,4494.615234,,,,,,,,,,,,,,,,,,,,,,,,,,,,,,,,,,,,,,,,,,,,,,,,,,,,,,,,,,,,,,,,,,,,,,
1769161505.991593,1769161505.992268,7.0,0.0,4292.179688,4276.794922,4344.230957,4326.666504,4279.743652,4276.153809,4281.025879,4284.871582,4262.563965,4268.205078,4565.512695,4525.128418,4413.846191,4493.333496,,,,,,,,,,,,,,,,,,,,,,,,,,,,,,,,,,,,,,,,,,,,,,,,,,,,,,,,,,,,,,,,,,,,,,
1769161505.999402,1769161505.999876,8.0,0.0,4292.94873,4276.922852,4341.794922,4327.179688,4279.743652,4278.846191,4288.077148,4279.871582,4262.563965,4261.025879,4556.922852,4521.153809,4406.410156,4477.307617,,,,,,,,,,,,,,,,,,,,,,,,,,,,,,,,,,,,,,,,,,,,,,,,,,,,,,,,,,,,,,,,,,,,,,
1769161506.00721,1769161506.007685,9.0,0.0,4296.410156,4279.102539,4343.077148,4326.922852,4278.974121,4278.846191,4286.666504,4279.743652,4262.436035,4265.0,4553.461426,4516.794922,4397.05127,4470.128418,,,,,,,,,,,,,,,,,,,,,,,,,,,,,,,,,,,,,,,,,,,,,,,,,,,,,,,,,,,,,,,,,,,,,,
1769161506.015019,1769161506.015393,10.0,0.0,4298.077148,4280.0,4345.128418,4325.256348,4278.077148,4273.333496,4286.025879,4281.666504,4259.230957,4263.846191,4557.307617,4511.538574,4394.615234,4472.179688,,,,,,,,,,,,,,,,,,,,,,,,,,,,,,,,,,,,,,,,,,,,,,,,,,,,,,,,,,,,,,,,,,,,,,
1769161506.022827,1769161506.023202,11.0,0.0,4291.922852,4273.205078,4340.384766,4318.461426,4277.05127,4277.307617,4291.794922,4278.205078,4254.102539,4261.922852,4552.436035,4505.256348,4395.641113,4471.538574,,,,,,,,,,,,,,,,,,,,,,,,,,,,,,,,,,,,,,,,,,,,,,,,,,,,,,,,,,,,,,,,,,,,,,
1769161506.030635,1769161506.03121,12.0,0.0,4293.333496,4271.922852,4335.769043,4316.410156,4279.230957,4281.794922,4286.410156,4276.922852,4260.0,4273.846191,4557.179688,4510.897461,4411.282227,4481.153809,,,,,,,,,,,,,,,,,,,,,,,,,,,,,,,,,,,,,,,,,,,,,,,,,,,,,,,,,,,,,,,,,,,,,,
1769161506.038444,1769161506.039018,13.0,0.0,4307.307617,4284.358887,4341.666504,4326.025879,4282.94873,4272.179688,4276.794922,4283.333496,4269.615234,4285.897461,4573.077148,4521.922852,4427.94873,4498.077148,,,,,,,,,,,,,,,,,,,,,,,,,,,,,,,,,,,,,,,,,,,,,,,,,,,,,,,,,,,,,,,,,,,,,,
1769161506.046252,1769161506.046927,14.0,0.0,4314.102539,4289.487305,4353.974121,4335.641113,4281.666504,4268.974121,4278.205078,4291.153809,4270.769043,4282.820313,4572.820313,4523.333496,4419.615234,4492.820313,0.445317,0.468671,0.532209,0.233465,0.140101,0.543243,0.37335,0.312179,0.151703,0.106601,0.524366,0.269259,0.245155,0.130563,0.09842,0.509353,0.36708,0.227883,0.086468,0.062842,0.268154,0.214737,0.073588,0.097953,0.104903,0.235822,0.206602,0.35763,0.192887,0.125825,0.122968,0.088521,0.181346,0.118396,0.107777,0.093232,0.189003,0.457684,0.134279,0.14675,0.137001,0.349842,0.593993,0.193643,0.145411,0.220057,0.470764,0.193738,0.234926,0.223855,0.610317,0.325138,0.28067,0.156764,0.2071,0.431008,0.297911,0.240676,0.250485,0.196475,0.703833,0.354743,0.336552,0.286967,0.17069,0.784875,0.364187,0.321171,0.300994,0.17359
1769161506.054061,1769161506.054735,15.0,0.0,4311.794922,4281.922852,4358.846191,4334.615234,4277.692383,4279.230957,4284.615234,4286.794922,4265.256348,4269.615234,4563.589844,4520.384766,4405.897461,4477.820313,,,,,,,,,,,,,,,,,,,,,,,,,,,,,,,,,,,,,,,,,,,,,,,,,,,,,,,,,,,,,,,,,,,,,,
1769161506.061869,1769161506.062743,16.0,0.0,4311.922852,4280.256348,4351.922852,4328.846191,4278.461426,4281.282227,4286.153809,4277.05127,4261.794922,4261.153809,4565.128418,4522.179688,4410.256348,4482.563965,,,,,,,,,,,,,,,,,,,,,,,,,,,,,,,,,,,,,,,,,,,,,,,,,,,,,,,,,,,,,,,,,,,,,,
1769161506.069678,1769161506.070552,17.0,0.0,4308.333496,4281.153809,4341.153809,4326.538574,4281.282227,4278.461426,4283.461426,4279.230957,4263.846191,4269.615234,4568.974121,4523.717773,4415.128418,4486.153809,,,,,,,,,,,,,,,,,,,,,,,,,,,,,,,,,,,,,,,,,,,,,,,,,,,,,,,,,,,,,,,,,,,,,,
1769161506.077486,1769161506.07846,18.0,0.0,4304.358887,4276.538574,4339.487305,4329.358887,4278.077148,4276.282227,4278.846191,4282.820313,4265.641113,4280.641113,4566.922852,4520.256348,4412.436035,4477.179688,,,,,,,,,,,,,,,,,,,,,,,,,,,,,,,,,,,,,,,,,,,,,,,,,,,,,,,,,,,,,,,,,,,,,,
1769161506.085295,1769161506.086269,19.0,0.0,4307.05127,4275.384766,4350.384766,4331.794922,4269.871582,4270.769043,4279.871582,4278.077148,4262.94873,4276.922852,4564.871582,4516.794922,4412.307617,4471.922852,,,,,,,,,,,,,,,,,,,,,,,,,,,,,,,,,,,,,,,,,,,,,,,,,,,,,,,,,,,,,,,,,,,,,,
1769161506.093103,1769161506.093877,20.0,0.0,4310.0,4278.333496,4356.922852,4329.487305,4264.358887,4267.179688,4283.461426,4278.333496,4262.05127,4271.922852,4564.230957,4518.974121,4411.922852,4475.384766,,,,,,,,,,,,,,,,,,,,,,,,,,,,,,,,,,,,,,,,,,,,,,,,,,,,,,,,,,,,,,,,,,,,,,
1769161506.100912,1769161506.101686,21.0,0.0,4314.871582,4278.077148,4354.102539,4330.769043,4267.94873,4269.487305,4280.769043,4280.769043,4262.692383,4274.230957,4567.307617,4523.461426,4411.794922,4483.717773,,,,,,,,,,,,,,,,,,,,,,,,,,,,,,,,,,,,,,,,,,,,,,,,,,,,,,,,,,,,,,,,,,,,,,
1769161506.10872,1769161506.109394,22.0,0.0,4316.922852,4276.410156,4347.307617,4331.025879,4273.846191,4268.461426,4279.102539,4277.692383,4262.05127,4274.871582,4571.025879,4524.102539,4413.589844,4486.410156,,,,,,,,,,,,,,,,,,,,,,,,,,,,,,,,,,,,,,,,,,,,,,,,,,,,,,,,,,,,,,,,,,,,,,
1769161506.116528,1769161506.117203,23.0,0.0,4313.589844,4277.436035,4344.102539,4329.487305,4275.769043,4267.179688,4281.410156,4276.666504,4261.282227,4274.615234,4569.358887,4520.384766,4411.922852,4483.333496,,,,,,,,,,,,,,,,,,,,,,,,,,,,,,,,,,,,,,,,,,,,,,,,,,,,,,,,,,,,,,,,,,,,,,
1769161506.124337,1769161506.124811,24.0,0.0,4318.077148,4279.743652,4351.538574,4333.461426,4276.025879,4272.179688,4281.666504,4277.94873,4260.512695,4277.692383,4569.743652,4520.641113,4416.922852,4488.461426,,,,,,,,,,,,,,,,,,,,,,,,,,,,,,,,,,,,,,,,,,,,,,,,,,,,,,,,,,,,,,,,,,,,,,
1769161506.132145,1769161506.13262,25.0,0.0,4325.897461,4280.769043,4359.871582,4336.282227,4277.820313,4276.282227,4280.256348,4281.794922,4260.897461,4280.0,4578.846191,4530.641113,4428.717773,4498.461426,,,,,,,,,,,,,,,,,,,,,,,,,,,,,,,,,,,,,,,,,,,,,,,,,,,,,,,,,,,,,,,,,,,,,,
1769161506.139954,1769161506.140328,26.0,0.0,4324.487305,4281.153809,4358.846191,4330.641113,4274.871582,4276.153809,4280.897461,4285.128418,4264.615234,4276.794922,4583.589844,4538.333496,4428.205078,4499.358887,,,,,,,,,,,,,,,,,,,,,,,,,,,,,,,,,,,,,,,,,,,,,,,,,,,,,,,,,,,,,,,,,,,,,,
1769161506.147762,1769161506.148137,27.0,0.0,4321.794922,4280.128418,4353.717773,4325.897461,4268.077148,4274.230957,4282.563965,4282.692383,4264.743652,4274.615234,4574.230957,4531.538574,4413.461426,4490.128418,,,,,,,,,,,,,,,,,,,,,,,,,,,,,,,,,,,,,,,,,,,,,,,,,,,,,,,,,,,,,,,,,,,,,,
1769161506.155571,1769161506.156145,28.0,0.0,4316.922852,4276.794922,4351.922852,4327.820313,4265.128418,4272.820313,4280.384766,4280.769043,4261.153809,4277.94873,4564.871582,4518.589844,4402.820313,4477.179688,,,,,,,,,,,,,,,,,,,,,,,,,,,,,,,,,,,,,,,,,,,,,,,,,,,,,,,,,,,,,,,,,,,,,,
1769161506.163379,1769161506.163954,29.0,0.0,4310.897461,4275.256348,4352.692383,4328.205078,4266.410156,4274.230957,4277.94873,4282.436035,4261.922852,4277.436035,4565.512695,4514.102539,4406.282227,4476.282227,,,,,,,,,,,,,,,,,,,,,,,,,,,,,,,,,,,,,,,,,,,,,,,,,,,,,,,,,,,,,,,,,,,,,,
1769161506.171188,1769161506.171862,30.0,0.0,4317.436035,4279.871582,4354.871582,4327.563965,4270.897461,4277.563965,4277.94873,4281.666504,4265.641113,4278.589844,4571.794922,4522.05127,4421.410156,4492.179688,0.475697,0.432481,0.517906,0.22663,0.147292,0.628692,0.30398,0.272916,0.153104,0.107475,0.517827,0.22779,0.260538,0.134719,0.093267,0.568438,0.28559,0.184263,0.08787,0.06356,0.260365,0.170488,0.07892,0.098955,0.097402,0.271712,0.199575,0.397265,0.186455,0.150876,0.149279,0.119838,0.211785,0.120948,0.122355,0.13206,0.216882,0.486642,0.13493,0.142705,0.160613,0.297196,0.572619,0.189732,0.138421,0.217934,0.413458,0.221297,0.272332,0.240162,0.602169,0.22727,0.231598,0.144925,0.223489,0.372811,0.261047,0.220892,0.2406,0.196483,0.627307,0.334574,0.2851,0.276915,0.189189,0.726955,0.378891,0.29556,0.311007,0.175335
1769161506.178996,1769161506.179671,31.0,0.0,4324.358887,4282.94873,4354.487305,4329.487305,4278.974121,4281.666504,4277.820313,4282.436035,4265.512695,4283.077148,4577.05127,4529.615234,4425.512695,4498.205078,,,,,,,,,,,,,,,,,,,,,,,,,,,,,,,,,,,,,,,,,,,,,,,,,,,,,,,,,,,,,,,,,,,,,,
1769161506.186804,1769161506.187679,32.0,0.0,4321.025879,4280.128418,4350.384766,4328.974121,4278.717773,4278.333496,4278.205078,4280.256348,4262.05127,4271.922852,4571.666504,4517.94873,4409.358887,4484.871582,,,,,,,,,,,,,,,,,,,,,,,,,,,,,,,,,,,,,,,,,,,,,,,,,,,,,,,,,,,,,,,,,,,,,,
1769161506.194613,1769161506.195488,33.0,0.0,4318.077148,4280.384766,4353.846191,4328.077148,4269.358887,4274.487305,4278.717773,4273.974121,4261.666504,4262.94873,4564.743652,4507.563965,4402.94873,4477.692383,,,,,,,,,,,,,,,,,,,,,,,,,,,,,,,,,,,,,,,,,,,,,,,,,,,,,,,,,,,,,,,,,,,,,,
1769161506.202421,1769161506.203396,34.0,0.0,4313.589844,4280.0,4358.589844,4328.846191,4264.871582,4277.692383,4280.384766,4281.666504,4263.205078,4268.205078,4568.461426,4518.333496,4413.717773,4480.641113,,,,,,,,,,,,,,,,,,,,,,,,,,,,,,,,,,,,,,,,,,,,,,,,,,,,,,,,,,,,,,,,,,,,,,
1769161506.21023,1769161506.211204,35.0,0.0,4308.205078,4273.205078,4357.436035,4327.307617,4266.538574,4281.794922,4281.666504,4289.487305,4263.205078,4274.358887,4572.563965,4523.974121,4415.128418,4485.0,,,,,,,,,,,,,,,,,,,,,,,,,,,,,,,,,,,,,,,,,,,,,,,,,,,,,,,,,,,,,,,,,,,,,,
1769161506.218038,1769161506.219213,36.0,0.0,4310.384766,4271.538574,4355.256348,4325.897461,4271.538574,4280.128418,4279.102539,4280.769043,4263.077148,4277.05127,4571.153809,4520.897461,4410.128418,4490.128418,,,,,,,,,,,,,,,,,,,,,,,,,,,,,,,,,,,,,,,,,,,,,,,,,,,,,,,,,,,,,,,,,,,,,,
1769161506.225847,1769161506.227021,37.0,0.0,4310.641113,4276.794922,4351.410156,4325.897461,4274.615234,4277.307617,4280.256348,4283.461426,4263.205078,4273.717773,4569.230957,4520.897461,4409.743652,4486.538574,,,,,,,,,,,,,,,,,,,,,,,,,,,,,,,,,,,,,,,,,,,,,,,,,,,,,,,,,,,,,,,,,,,,,,
1769161506.233655,1769161506.234929,38.0,0.0,4310.0,4275.641113,4345.512695,4322.563965,4270.512695,4277.94873,4277.820313,4297.820313,4265.128418,4267.94873,4566.922852,4515.769043,4410.256348,4473.589844,,,,,,,,,,,,,,,,,,,,,,,,,,,,,,,,,,,,,,,,,,,,,,,,,,,,,,,,,,,,,,,,,,,,,,
1769161506.241464,1769161506.242738,39.0,0.0,4318.461426,4274.487305,4346.922852,4321.153809,4271.025879,4278.077148,4268.974121,4290.897461,4266.794922,4272.692383,4568.846191,4512.94873,4411.922852,4471.153809,,,,,,,,,,,,,,,,,,,,,,,,,,,,,,,,,,,,,,,,,,,,,,,,,,,,,,,,,,,,,,,,,,,,,,
1769161506.249272,1769161506.250746,40.0,0.0,4330.128418,4279.743652,4356.410156,4331.410156,4279.487305,4279.358887,4269.230957,4274.102539,4263.205078,4283.077148,4576.794922,4522.05127,4410.512695,4485.897461,,,,,,,,,,,,,,,,,,,,,,,,,,,,,,,,,,,,,,,,,,,,,,,,,,,,,,,,,,,,,,,,,,,,,,
1769161506.25708,1769161506.258555,41.0,0.0,4337.436035,4281.794922,4359.743652,4339.487305,4281.666504,4281.410156,4274.230957,4277.179688,4261.153809,4281.282227,4581.538574,4523.589844,4412.94873,4493.589844,,,,,,,,,,,,,,,,,,,,,,,,,,,,,,,,,,,,,,,,,,,,,,,,,,,,,,,,,,,,,,,,,,,,,,
1769161506.264889,1769161506.266263,42.0,0.0,4340.256348,4285.0,4357.05127,4334.102539,4278.974121,4281.666504,4268.205078,4288.461426,4268.846191,4279.102539,4580.384766,4520.384766,4423.974121,4492.179688,,,,,,,,,,,,,,,,,,,,,,,,,,,,,,,,,,,,,,,,,,,,,,,,,,,,,,,,,,,,,,,,,,,,,,
1769161506.272697,1769161506.274072,43.0,0.0,4339.230957,4288.846191,4357.05127,4327.05127,4278.333496,4282.05127,4263.205078,4291.922852,4276.025879,4281.153809,4575.641113,4522.05127,4423.589844,4490.384766,,,,,,,,,,,,,,,,,,,,,,,,,,,,,,,,,,,,,,,,,,,,,,,,,,,,,,,,,,,,,,,,,,,,,,
1769161506.280506,1769161506.28168,44.0,0.0,4333.333496,4281.025879,4355.0,4325.897461,4275.384766,4279.743652,4270.384766,4292.436035,4273.717773,4280.128418,4570.641113,4515.128418,4409.615234,4482.820313,,,,,,,,,,,,,,,,,,,,,,,,,,,,,,,,,,,,,,,,,,,,,,,,,,,,,,,,,,,,,,,,,,,,,,
1769161506.288314,1769161506.289489,45.0,0.0,4328.205078,4271.538574,4348.846191,4324.615234,4274.230957,4279.871582,4274.743652,4295.897461,4272.563965,4280.256348,4573.974121,4505.256348,4408.333496,4474.743652,,,,,,,,,,,,,,,,,,,,,,,,,,,,,,,,,,,,,,,,,,,,,,,,,,,,,,,,,,,,,,,,,,,,,,
1769161506.296123,1769161506.297197,46.0,0.0,4326.794922,4273.974121,4348.333496,4324.102539,4274.615234,4283.077148,4273.461426,4297.820313,4278.077148,4277.820313,4574.615234,4506.538574,4411.025879,4475.128418,0.518903,0.409623,0.478023,0.211144,0.156173,0.72433,0.237935,0.238075,0.152284,0.110051,0.497083,0.212633,0.2729,0.135706,0.08878,0.632167,0.222918,0.16029,0.092839,0.06913,0.243042,0.132486,0.092206,0.097223,0.088714,0.297836,0.197791,0.399356,0.181849,0.181027,0.185681,0.15134,0.247037,0.130341,0.136096,0.199546,0.23938,0.483492,0.135699,0.142662,0.189365,0.261297,0.508995,0.190773,0.132087,0.230874,0.365731,0.270971,0.318997,0.259116,0.579994,0.17195,0.178656,0.141715,0.237985,0.352818,0.253119,0.215397,0.22707,0.194281,0.561339,0.353936,0.250169,0.263433,0.202762,0.646758,0.422203,0.272318,0.318293,0.188244
1769161506.303931,1769161506.305006,47.0,0.0,4328.846191,4277.820313,4354.487305,4325.897461,4273.717773,4281.794922,4274.102539,4296.538574,4281.538574,4276.794922,4568.333496,4513.846191,4404.871582,4483.589844,,,,,,,,,,,,,,,,,,,,,,,,,,,,,,,,,,,,,,,,,,,,,,,,,,,,,,,,,,,,,,,,,,,,,,
1769161506.31174,1769161506.312614,48.0,0.0,4335.0,4276.538574,4355.897461,4325.897461,4273.205078,4282.692383,4277.820313,4296.922852,4278.846191,4282.179688,4573.974121,4519.615234,4407.307617,4492.563965,,,,,,,,,,,,,,,,,,,,,,,,,,,,,,,,,,,,,,,,,,,,,,,,,,,,,,,,,,,,,,,,,,,,,,
1769161506.319548,1769161506.320423,49.0,0.0,4337.05127,4276.153809,4355.897461,4325.384766,4270.512695,4286.666504,4278.717773,4298.333496,4276.282227,4286.538574,4582.563965,4520.512695,4414.743652,4490.641113,,,,,,,,,,,,,,,,,,,,,,,,,,,,,,,,,,,,,,,,,,,,,,,,,,,,,,,,,,,,,,,,,,,,,,
1769161506.327356,1769161506.328131,50.0,0.0,4331.922852,4277.179688,4358.974121,4327.179688,4270.256348,4283.717773,4270.512695,4297.307617,4280.897461,4287.307617,4578.333496,4516.153809,4415.641113,4480.384766,,,,,,,,,,,,,,,,,,,,,,,,,,,,,,,,,,,,,,,,,,,,,,,,,,,,,,,,,,,,,,,,,,,,,,
1769161506.335165,1769161506.33594,51.0,0.0,4330.769043,4275.512695,4353.846191,4327.436035,4269.871582,4278.846191,4264.615234,4295.384766,4278.589844,4280.384766,4569.743652,4508.077148,4410.512695,4474.615234,,,,,,,,,,,,,,,,,,,,,,,,,,,,,,,,,,,,,,,,,,,,,,,,,,,,,,,,,,,,,,,,,,,,,,
1769161506.342973,1769161506.343548,52.0,0.0,4338.717773,4274.487305,4347.179688,4326.410156,4265.897461,4280.128418,4264.615234,4296.538574,4269.230957,4267.94873,4569.615234,4510.0,4406.666504,4476.410156,,,,,,,,,,,,,,,,,,,,,,,,,,,,,,,,,,,,,,,,,,,,,,,,,,,,,,,,,,,,,,,,,,,,,,
1769161506.350782,1769161506.351357,53.0,0.0,4343.589844,4277.436035,4352.820313,4327.307617,4270.128418,4281.538574,4264.358887,4299.102539,4271.410156,4277.179688,4579.358887,4523.589844,4411.410156,4484.230957,,,,,,,,,,,,,,,,,,,,,,,,,,,,,,,,,,,,,,,,,,,,,,,,,,,,,,,,,,,,,,,,,,,,,,
1769161506.35859,1769161506.359265,54.0,0.0,4343.974121,4280.384766,4354.615234,4328.461426,4278.974121,4280.769043,4261.025879,4297.05127,4279.871582,4294.102539,4582.692383,4526.153809,4417.94873,4488.589844,,,,,,,,,,,,,,,,,,,,,,,,,,,,,,,,,,,,,,,,,,,,,,,,,,,,,,,,,,,,,,,,,,,,,,
1769161506.366399,1769161506.367074,55.0,0.0,4341.922852,4277.307617,4343.333496,4327.05127,4272.05127,4280.641113,4261.922852,4293.077148,4276.794922,4285.0,4574.102539,4511.025879,4414.230957,4480.128418,,,,,,,,,,,,,,,,,,,,,,,,,,,,,,,,,,,,,,,,,,,,,,,,,,,,,,,,,,,,,,,,,,,,,,
1769161506.374207,1769161506.375082,56.0,0.0,4335.128418,4273.589844,4337.94873,4324.743652,4264.102539,4278.589844,4263.333496,4296.025879,4267.563965,4273.717773,4568.717773,4503.205078,4409.615234,4473.205078,,,,,,,,,,,,,,,,,,,,,,,,,,,,,,,,,,,,,,,,,,,,,,,,,,,,,,,,,,,,,,,,,,,,,,
1769161506.382016,1769161506.38289,57.0,0.0,4335.769043,4275.256348,4340.769043,4326.282227,4268.333496,4277.820313,4256.153809,4297.307617,4263.846191,4278.717773,4572.820313,4507.179688,4414.102539,4474.743652,,,,,,,,,,,,,,,,,,,,,,,,,,,,,,,,,,,,,,,,,,,,,,,,,,,,,,,,,,,,,,,,,,,,,,
1769161506.389824,1769161506.390799,58.0,0.0,4343.846191,4278.846191,4341.025879,4329.358887,4269.102539,4277.307617,4248.205078,4291.410156,4262.94873,4277.563965,4573.077148,4510.641113,4415.512695,4477.563965,,,,,,,,,,,,,,,,,,,,,,,,,,,,,,,,,,,,,,,,,,,,,,,,,,,,,,,,,,,,,,,,,,,,,,
1769161506.397632,1769161506.398607,59.0,0.0,4343.717773,4278.974121,4341.025879,4326.794922,4268.077148,4274.102539,4248.846191,4289.230957,4263.077148,4274.358887,4571.538574,4510.384766,4413.461426,4480.256348,,,,,,,,,,,,,,,,,,,,,,,,,,,,,,,,,,,,,,,,,,,,,,,,,,,,,,,,,,,,,,,,,,,,,,
1769161506.405441,1769161506.406216,60.0,0.0,4341.410156,4277.692383,4342.820313,4325.641113,4271.153809,4274.230957,4249.871582,4292.563965,4262.692383,4283.205078,4571.538574,4509.615234,4411.025879,4484.487305,,,,,,,,,,,,,,,,,,,,,,,,,,,,,,,,,,,,,,,,,,,,,,,,,,,,,,,,,,,,,,,,,,,,,,
1769161506.41325,1769161506.414024,61.0,0.0,4351.282227,4283.846191,4344.871582,4333.974121,4272.94873,4281.153809,4248.974121,4294.615234,4262.179688,4277.436035,4569.871582,4517.307617,4410.128418,4487.563965,,,,,,,,,,,,,,,,,,,,,,,,,,,,,,,,,,,,,,,,,,,,,,,,,,,,,,,,,,,,,,,,,,,,,,
1769161506.421058,1769161506.421733,62.0,0.0,4361.282227,4291.025879,4350.128418,4335.384766,4275.897461,4283.333496,4255.641113,4294.230957,4263.717773,4268.846191,4572.820313,4524.743652,4418.846191,4491.025879,0.572002,0.407781,0.420662,0.192475,0.164593,0.801298,0.18608,0.205044,0.154153,0.114783,0.450736,0.219289,0.284365,0.139171,0.090292,0.678579,0.184378,0.153962,0.105136,0.078322,0.217421,0.107996,0.111003,0.095637,0.080785,0.302488,0.196841,0.35976,0.176909,0.206084,0.218965,0.173663,0.275504,0.14476,0.143943,0.280851,0.249219,0.452012,0.140526,0.149238,0.213308,0.233447,0.428421,0.192441,0.127474,0.252208,0.328421,0.340043,0.369083,0.279907,0.553336,0.155444,0.136504,0.155374,0.253091,0.377533,0.258734,0.231278,0.223396,0.193382,0.521308,0.387474,0.226335,0.267143,0.214223,0.566821,0.480458,0.262839,0.342289,0.211794
1769161506.428867,1769161506.429541,63.0,0.0,4361.282227,4289.871582,4351.538574,4328.205078,4280.641113,4280.256348,4255.512695,4292.307617,4263.717773,4279.487305,4575.512695,4524.102539,4425.512695,4491.025879,,,,,,,,,,,,,,,,,,,,,,,,,,,,,,,,,,,,,,,,,,,,,,,,,,,,,,,,,,,,,,,,,,,,,,
1769161506.436675,1769161506.437549,64.0,0.0,4361.153809,4286.282227,4345.512695,4329.743652,4280.769043,4288.077148,4247.307617,4290.128418,4262.179688,4284.871582,4571.794922,4522.179688,4419.743652,4485.641113,,,,,,,,,,,,,,,,,,,,,,,,,,,,,,,,,,,,,,,,,,,,,,,,,,,,,,,,,,,,,,,,,,,,,,
1769161506.444483,1769161506.445358,65.0,0.0,4359.743652,4282.563965,4338.333496,4331.025879,4278.974121,4296.153809,4253.717773,4292.179688,4263.717773,4278.461426,4570.128418,4517.05127,4411.794922,4477.692383,,,,,,,,,,,,,,,,,,,,,,,,,,,,,,,,,,,,,,,,,,,,,,,,,,,,,,,,,,,,,,,,,,,,,,
1769161506.452292,1769161506.453266,66.0,0.0,4355.897461,4276.922852,4334.615234,4324.487305,4277.563965,4288.717773,4262.563965,4297.179688,4271.666504,4274.230957,4569.487305,4512.05127,4409.871582,4474.871582,,,,,,,,,,,,,,,,,,,,,,,,,,,,,,,,,,,,,,,,,,,,,,,,,,,,,,,,,,,,,,,,,,,,,,
1769161506.4601,1769161506.461075,67.0,0.0,4359.358887,4274.487305,4337.436035,4324.615234,4274.487305,4279.615234,4254.230957,4297.563965,4277.94873,4278.846191,4570.128418,4518.077148,4416.282227,4482.94873,,,,,,,,,,,,,,,,,,,,,,,,,,,,,,,,,,,,,,,,,,,,,,,,,,,,,,,,,,,,,,,,,,,,,,
1769161506.467909,1769161506.468983,68.0,0.0,4370.897461,4281.538574,4341.794922,4330.128418,4271.666504,4277.05127,4243.333496,4293.717773,4276.794922,4292.05127,4578.589844,4526.025879,4428.846191,4495.256348,,,,,,,,,,,,,,,,,,,,,,,,,,,,,,,,,,,,,,,,,,,,,,,,,,,,,,,,,,,,,,,,,,,,,,
1769161506.475717,1769161506.476791,69.0,0.0,4376.025879,4286.538574,4343.333496,4328.205078,4269.743652,4275.128418,4244.743652,4290.641113,4275.0,4295.256348,4590.0,4525.641113,4433.589844,4499.358887,,,,,,,,,,,,,,,,,,,,,,,,,,,,,,,,,,,,,,,,,,,,,,,,,,,,,,,,,,,,,,,,,,,,,,
1769161506.483526,1769161506.4845,70.0,0.0,4373.077148,4282.05127,4343.974121,4324.230957,4266.410156,4276.282227,4247.692383,4295.128418,4275.769043,4275.0,4588.589844,4526.666504,4427.94873,4495.128418,,,,,,,,,,,,,,,,,,,,,,,,,,,,,,,,,,,,,,,,,,,,,,,,,,,,,,,,,,,,,,,,,,,,,,
1769161506.491334,1769161506.492308,71.0,0.0,4372.692383,4280.128418,4339.615234,4324.358887,4266.538574,4277.307617,4247.307617,4296.538574,4269.487305,4264.102539,4576.922852,4521.282227,4425.769043,4489.615234,,,,,,,,,,,,,,,,,,,,,,,,,,,,,,,,,,,,,,,,,,,,,,,,,,,,,,,,,,,,,,,,,,,,,,
1769161506.499143,1769161506.499917,72.0,0.0,4374.743652,4286.922852,4337.307617,4326.153809,4273.589844,4275.512695,4244.743652,4288.077148,4261.794922,4280.641113,4571.666504,4514.487305,4427.179688,4489.358887,,,,,,,,,,,,,,,,,,,,,,,,,,,,,,,,,,,,,,,,,,,,,,,,,,,,,,,,,,,,,,,,,,,,,,
1769161506.506951,1769161506.507726,73.0,0.0,4374.615234,4287.436035,4336.922852,4326.666504,4277.307617,4279.743652,4246.025879,4284.615234,4263.846191,4287.05127,4573.846191,4520.256348,4427.436035,4492.05127,,,,,,,,,,,,,,,,,,,,,,,,,,,,,,,,,,,,,,,,,,,,,,,,,,,,,,,,,,,,,,,,,,,,,,
1769161506.514759,1769161506.515434,74.0,0.0,4372.563965,4282.179688,4331.794922,4324.102539,4274.615234,4283.846191,4249.487305,4289.487305,4264.615234,4276.666504,4574.230957,4522.179688,4425.769043,4493.461426,,,,,,,,,,,,,,,,,,,,,,,,,,,,,,,,,,,,,,,,,,,,,,,,,,,,,,,,,,,,,,,,,,,,,,
1769161506.522568,1769161506.523243,75.0,0.0,4373.589844,4283.717773,4330.897461,4324.743652,4274.358887,4280.897461,4246.922852,4292.436035,4262.94873,4278.333496,4572.94873,4515.769043,4420.769043,4490.0,,,,,,,,,,,,,,,,,,,,,,,,,,,,,,,,,,,,,,,,,,,,,,,,,,,,,,,,,,,,,,,,,,,,,,
1769161506.530376,1769161506.530851,76.0,0.0,4373.333496,4283.974121,4334.230957,4326.410156,4275.0,4278.974121,4243.461426,4289.358887,4265.384766,4282.563965,4571.922852,4511.282227,4416.282227,4482.307617,,,,,,,,,,,,,,,,,,,,,,,,,,,,,,,,,,,,,,,,,,,,,,,,,,,,,,,,,,,,,,,,,,,,,,
1769161506.538185,1769161506.53866,77.0,0.0,4371.282227,4282.436035,4328.461426,4325.256348,4273.974121,4280.0,4245.384766,4287.94873,4265.256348,4273.205078,4568.717773,4507.307617,4413.589844,4476.410156,,,,,,,,,,,,,,,,,,,,,,,,,,,,,,,,,,,,,,,,,,,,,,,,,,,,,,,,,,,,,,,,,,,,,,
1769161506.545993,1769161506.546368,78.0,0.0,4375.0,4288.333496,4322.820313,4328.717773,4278.333496,4279.743652,4246.282227,4291.666504,4263.974121,4271.794922,4567.692383,4504.487305,4412.563965,4477.820313,0.630417,0.431853,0.371501,0.180317,0.170428,0.828717,0.15108,0.178784,0.162793,0.121117,0.381281,0.232229,0.296524,0.15208,0.100676,0.686388,0.162906,0.163411,0.125075,0.08861,0.191191,0.099447,0.134137,0.09919,0.075199,0.282796,0.191767,0.290845,0.169389,0.216921,0.239562,0.181015,0.284707,0.159913,0.143347,0.35985,0.24409,0.400362,0.151052,0.161675,0.232627,0.203182,0.351519,0.190262,0.123946,0.273695,0.297509,0.416788,0.417848,0.299956,0.529609,0.162688,0.118065,0.188839,0.269793,0.424709,0.263339,0.265957,0.242333,0.198154,0.505172,0.411622,0.212548,0.308082,0.227937,0.488314,0.535193,0.279776,0.407122,0.246062
1769161506.553802,1769161506.554177,79.0,0.0,4382.179688,4292.563965,4327.94873,4333.077148,4283.589844,4279.230957,4246.153809,4295.512695,4266.410156,4273.717773,4569.615234,4507.436035,4412.436035,4478.205078,,,,,,,,,,,,,,,,,,,,,,,,,,,,,,,,,,,,,,,,,,,,,,,,,,,,,,,,,,,,,,,,,,,,,,
1769161506.56161,1769161506.562185,80.0,0.0,4384.743652,4289.743652,4331.025879,4329.871582,4280.256348,4280.128418,4248.974121,4294.871582,4265.0,4268.333496,4564.358887,4508.333496,4408.461426,4475.897461,,,,,,,,,,,,,,,,,,,,,,,,,,,,,,,,,,,,,,,,,,,,,,,,,,,,,,,,,,,,,,,,,,,,,,
1769161506.569419,1769161506.569993,81.0,0.0,4381.410156,4287.94873,4327.820313,4327.436035,4278.846191,4281.025879,4244.230957,4290.641113,4261.922852,4271.410156,4560.641113,4506.153809,4406.666504,4475.641113,,,,,,,,,,,,,,,,,,,,,,,,,,,,,,,,,,,,,,,,,,,,,,,,,,,,,,,,,,,,,,,,,,,,,,
1769161506.577227,1769161506.577902,82.0,0.0,4383.077148,4288.077148,4325.641113,4327.820313,4279.743652,4280.897461,4238.205078,4290.384766,4267.692383,4281.025879,4565.897461,4507.436035,4412.179688,4476.666504,,,,,,,,,,,,,,,,,,,,,,,,,,,,,,,,,,,,,,,,,,,,,,,,,,,,,,,,,,,,,,,,,,,,,,
1769161506.585035,1769161506.58571,83.0,0.0,4392.692383,4289.102539,4328.205078,4327.307617,4278.461426,4278.461426,4239.358887,4291.153809,4273.717773,4283.333496,4570.897461,4507.820313,4412.692383,4477.179688,,,,,,,,,,,,,,,,,,,,,,,,,,,,,,,,,,,,,,,,,,,,,,,,,,,,,,,,,,,,,,,,,,,,,,
1769161506.592844,1769161506.593718,84.0,0.0,4399.743652,4294.871582,4335.0,4331.794922,4282.94873,4277.179688,4236.025879,4292.05127,4276.282227,4282.692383,4571.538574,4508.333496,4411.666504,4477.179688,,,,,,,,,,,,,,,,,,,,,,,,,,,,,,,,,,,,,,,,,,,,,,,,,,,,,,,,,,,,,,,,,,,,,,
1769161506.600652,1769161506.601527,85.0,0.0,4397.692383,4296.025879,4333.974121,4334.615234,4287.179688,4277.179688,4231.282227,4292.563965,4276.666504,4284.615234,4571.538574,4510.128418,4417.179688,4476.666504,,,,,,,,,,,,,,,,,,,,,,,,,,,,,,,,,,,,,,,,,,,,,,,,,,,,,,,,,,,,,,,,,,,,,,
1769161506.608461,1769161506.609235,86.0,0.0,4394.230957,4286.666504,4331.025879,4326.794922,4282.436035,4277.563965,4238.077148,4294.615234,4271.153809,4279.358887,4571.666504,4509.871582,4418.077148,4477.692383,,,,,,,,,,,,,,,,,,,,,,,,,,,,,,,,,,,,,,,,,,,,,,,,,,,,,,,,,,,,,,,,,,,,,,
1769161506.616269,1769161506.617044,87.0,0.0,4398.333496,4279.871582,4333.974121,4321.922852,4277.94873,4280.641113,4247.94873,4296.922852,4265.512695,4274.358887,4570.641113,4508.333496,4414.358887,4479.230957,,,,,,,,,,,,,,,,,,,,,,,,,,,,,,,,,,,,,,,,,,,,,,,,,,,,,,,,,,,,,,,,,,,,,,
1769161506.624078,1769161506.625052,88.0,0.0,4397.05127,4280.769043,4331.282227,4325.641113,4277.307617,4281.025879,4244.743652,4288.205078,4263.717773,4276.410156,4563.077148,4505.256348,4408.589844,4473.205078,,,,,,,,,,,,,,,,,,,,,,,,,,,,,,,,,,,,,,,,,,,,,,,,,,,,,,,,,,,,,,,,,,,,,,
1769161506.631886,1769161506.63286,89.0,0.0,4388.589844,4279.358887,4326.538574,4326.025879,4274.102539,4278.205078,4233.846191,4276.025879,4262.05127,4273.589844,4553.461426,4500.641113,4398.077148,4465.384766,,,,,,,,,,,,,,,,,,,,,,,,,,,,,,,,,,,,,,,,,,,,,,,,,,,,,,,,,,,,,,,,,,,,,,
1769161506.639695,1769161506.640769,90.0,0.0,4390.512695,4280.0,4333.461426,4323.717773,4272.820313,4277.563965,4230.769043,4279.230957,4262.307617,4274.230957,4558.205078,4502.179688,4400.384766,4465.512695,,,,,,,,,,,,,,,,,,,,,,,,,,,,,,,,,,,,,,,,,,,,,,,,,,,,,,,,,,,,,,,,,,,,,,
1769161506.647503,1769161506.648577,91.0,0.0,4396.666504,4282.436035,4335.384766,4323.717773,4274.487305,4282.179688,4238.333496,4285.128418,4264.102539,4278.333496,4566.153809,4506.922852,4410.769043,4462.692383,,,,,,,,,,,,,,,,,,,,,,,,,,,,,,,,,,,,,,,,,,,,,,,,,,,,,,,,,,,,,,,,,,,,,,
1769161506.655311,1769161506.656586,92.0,0.0,4392.820313,4280.384766,4327.563965,4322.436035,4275.512695,4286.153809,4241.666504,4282.436035,4262.563965,4271.922852,4564.230957,4503.333496,4411.282227,4460.128418,,,,,,,,,,,,,,,,,,,,,,,,,,,,,,,,,,,,,,,,,,,,,,,,,,,,,,,,,,,,,,,,,,,,,,
1769161506.66312,1769161506.664394,93.0,0.0,4397.05127,4285.512695,4334.102539,4326.282227,4280.769043,4284.102539,4234.358887,4287.94873,4264.615234,4267.05127,4568.717773,4505.897461,4416.410156,4471.794922,,,,,,,,,,,,,,,,,,,,,,,,,,,,,,,,,,,,,,,,,,,,,,,,,,,,,,,,,,,,,,,,,,,,,,
1769161506.670928,1769161506.672103,94.0,0.0,4411.282227,4297.179688,4350.512695,4336.538574,4283.589844,4279.230957,4230.128418,4293.589844,4268.461426,4277.94873,4577.94873,4516.794922,4426.410156,4482.563965,0.70688,0.482762,0.358808,0.183738,0.171322,0.791598,0.133222,0.168023,0.17878,0.127127,0.30879,0.237402,0.309498,0.177626,0.118509,0.644896,0.149746,0.185604,0.148667,0.096775,0.175737,0.103127,0.162347,0.11116,0.072425,0.247739,0.183907,0.216282,0.15763,0.208888,0.243672,0.177288,0.269924,0.171218,0.135127,0.41291,0.225628,0.33948,0.165158,0.176092,0.263023,0.16472,0.286377,0.183604,0.120096,0.285883,0.270838,0.483103,0.46123,0.316832,0.510712,0.178874,0.12679,0.237378,0.28539,0.475132,0.263725,0.308636,0.288376,0.209449,0.504741,0.416992,0.214341,0.391554,0.245682,0.429323,0.567574,0.32872,0.52516,0.286174
1769161506.678737,1769161506.679911,95.0,0.0,4414.102539,4296.025879,4355.0,4338.333496,4280.512695,4277.563965,4229.871582,4290.897461,4265.641113,4286.666504,4573.717773,4514.487305,4420.128418,4476.922852,,,,,,,,,,,,,,,,,,,,,,,,,,,,,,,,,,,,,,,,,,,,,,,,,,,,,,,,,,,,,,,,,,,,,,
1769161506.686545,1769161506.687919,96.0,0.0,4410.0,4288.589844,4348.333496,4329.871582,4276.922852,4278.846191,4230.384766,4292.436035,4263.077148,4280.0,4567.179688,4506.153809,4413.846191,4471.282227,,,,,,,,,,,,,,,,,,,,,,,,,,,,,,,,,,,,,,,,,,,,,,,,,,,,,,,,,,,,,,,,,,,,,,
1769161506.694354,1769161506.695728,97.0,0.0,4410.769043,4288.333496,4342.692383,4325.0,4273.205078,4273.717773,4232.307617,4288.461426,4262.692383,4275.512695,4566.794922,4508.205078,4419.615234,4472.692383,,,,,,,,,,,,,,,,,,,,,,,,,,,,,,,,,,,,,,,,,,,,,,,,,,,,,,,,,,,,,,,,,,,,,,
1769161506.702162,1769161506.703436,98.0,0.0,4411.282227,4289.743652,4344.230957,4323.846191,4270.256348,4270.897461,4230.897461,4278.974121,4260.897461,4275.256348,4565.512695,4507.436035,4414.871582,4472.436035,,,,,,,,,,,,,,,,,,,,,,,,,,,,,,,,,,,,,,,,,,,,,,,,,,,,,,,,,,,,,,,,,,,,,,
1769161506.709971,1769161506.711245,99.0,0.0,4411.794922,4290.512695,4351.538574,4323.589844,4272.05127,4278.461426,4229.230957,4283.717773,4263.333496,4281.282227,4567.436035,4505.0,4410.256348,4474.487305,,,,,,,,,,,,,,,,,,,,,,,,,,,,,,,,,,,,,,,,,,,,,,,,,,,,,,,,,,,,,,,,,,,,,,
1769161506.717779,1769161506.718853,100.0,0.0,4415.128418,4292.307617,4357.94873,4327.436035,4273.846191,4282.05127,4231.282227,4292.94873,4266.794922,4281.025879,4572.436035,4516.410156,4425.384766,4477.692383,,,,,,,,,,,,,,,,,,,,,,,,,,,,,,,,,,,,,,,,,,,,,,,,,,,,,,,,,,,,,,,,,,,,,,
1769161506.725587,1769161506.726662,101.0,0.0,4414.358887,4289.871582,4355.512695,4329.230957,4268.333496,4277.179688,4233.333496,4291.666504,4264.358887,4262.307617,4572.436035,4520.769043,4431.025879,4476.025879,,,,,,,,,,,,,,,,,,,,,,,,,,,,,,,,,,,,,,,,,,,,,,,,,,,,,,,,,,,,,,,,,,,,,,
1769161506.733396,1769161506.73437,102.0,0.0,4412.563965,4286.025879,4349.871582,4324.102539,4265.512695,4276.922852,4233.974121,4293.846191,4268.717773,4267.692383,4569.871582,4510.769043,4415.384766,4473.205078,,,,,,,,,,,,,,,,,,,,,,,,,,,,,,,,,,,,,,,,,,,,,,,,,,,,,,,,,,,,,,,,,,,,,,
1769161506.741204,1769161506.742179,103.0,0.0,4419.743652,4288.974121,4349.743652,4325.0,4270.897461,4281.410156,4234.871582,4297.692383,4278.846191,4293.589844,4572.436035,4512.05127,4414.358887,4476.153809,,,,,,,,,,,,,,,,,,,,,,,,,,,,,,,,,,,,,,,,,,,,,,,,,,,,,,,,,,,,,,,,,,,,,,
1769161506.749013,1769161506.749787,104.0,0.0,4428.205078,4295.769043,4356.410156,4331.282227,4274.102539,4280.256348,4233.717773,4294.743652,4273.974121,4290.256348,4577.307617,4521.922852,4431.922852,4481.666504,,,,,,,,,,,,,,,,,,,,,,,,,,,,,,,,,,,,,,,,,,,,,,,,,,,,,,,,,,,,,,,,,,,,,,
1769161506.756821,1769161506.757596,105.0,0.0,4427.05127,4297.179688,4359.487305,4328.461426,4273.205078,4278.333496,4232.307617,4295.769043,4267.05127,4275.769043,4581.666504,4521.794922,4434.358887,4482.94873,,,,,,,,,,,,,,,,,,,,,,,,,,,,,,,,,,,,,,,,,,,,,,,,,,,,,,,,,,,,,,,,,,,,,,
1769161506.76463,1769161506.765504,106.0,0.0,4424.743652,4296.538574,4354.871582,4328.461426,4276.794922,4278.717773,4233.333496,4296.282227,4273.717773,4279.871582,4581.794922,4517.307617,4425.384766,4486.282227,,,,,,,,,,,,,,,,,,,,,,,,,,,,,,,,,,,,,,,,,,,,,,,,,,,,,,,,,,,,,,,,,,,,,,
1769161506.772438,1769161506.773313,107.0,0.0,4431.794922,4300.128418,4353.717773,4339.230957,4280.128418,4279.743652,4232.436035,4287.179688,4275.897461,4285.256348,4576.282227,4521.538574,4429.487305,4491.410156,,,,,,,,,,,,,,,,,,,,,,,,,,,,,,,,,,,,,,,,,,,,,,,,,,,,,,,,,,,,,,,,,,,,,,
1769161506.780247,1769161506.781321,108.0,0.0,4433.846191,4298.589844,4353.974121,4336.666504,4274.487305,4278.717773,4230.641113,4280.256348,4266.282227,4277.179688,4571.538574,4520.256348,4429.743652,4484.871582,,,,,,,,,,,,,,,,,,,,,,,,,,,,,,,,,,,,,,,,,,,,,,,,,,,,,,,,,,,,,,,,,,,,,,
1769161506.788055,1769161506.789129,109.0,0.0,4431.538574,4294.743652,4351.666504,4324.871582,4271.025879,4276.410156,4232.436035,4283.077148,4261.922852,4264.487305,4569.487305,4509.615234,4415.512695,4471.282227,,,,,,,,,,,,,,,,,,,,,,,,,,,,,,,,,,,,,,,,,,,,,,,,,,,,,,,,,,,,,,,,,,,,,,
1769161506.795864,1769161506.797038,110.0,0.0,4438.461426,4300.897461,4353.846191,4330.769043,4275.512695,4277.436035,4233.589844,4288.205078,4269.230957,4267.179688,4570.128418,4510.769043,4413.974121,4478.333496,0.794498,0.551596,0.392305,0.20549,0.165473,0.702712,0.132059,0.17743,0.197977,0.130322,0.252051,0.231571,0.32119,0.212031,0.138168,0.562694,0.138889,0.211021,0.169096,0.10017,0.179852,0.113827,0.195149,0.13092,0.071843,0.213191,0.17874,0.15901,0.141602,0.183852,0.242888,0.173929,0.238433,0.175557,0.123429,0.435555,0.201687,0.282727,0.176914,0.187272,0.338029,0.128689,0.233617,0.173696,0.114526,0.291425,0.248204,0.516557,0.492382,0.329984,0.499142,0.202023,0.153109,0.289849,0.294339,0.512105,0.269672,0.342986,0.355158,0.223715,0.506476,0.411219,0.23076,0.500176,0.264368,0.385542,0.570868,0.401421,0.685517,0.321542
1769161506.803672,1769161506.804846,111.0,0.0,4445.0,4306.025879,4358.461426,4335.641113,4276.922852,4280.128418,4232.179688,4294.230957,4280.384766,4285.384766,4573.077148,4522.563965,4427.05127,4490.897461,,,,,,,,,,,,,,,,,,,,,,,,,,,,,,,,,,,,,,,,,,,,,,,,,,,,,,,,,,,,,,,,,,,,,,
1769161506.81148,1769161506.812455,112.0,0.0,4444.871582,4302.05127,4357.563965,4327.307617,4274.358887,4280.384766,4233.974121,4296.282227,4280.384766,4286.282227,4574.102539,4525.128418,4428.974121,4483.333496,,,,,,,,,,,,,,,,,,,,,,,,,,,,,,,,,,,,,,,,,,,,,,,,,,,,,,,,,,,,,,,,,,,,,,
1769161506.819289,1769161506.820263,113.0,0.0,4443.461426,4299.358887,4355.641113,4330.897461,4276.794922,4278.589844,4237.692383,4287.307617,4270.0,4280.0,4573.461426,4520.641113,4425.384766,4480.0,,,,,,,,,,,,,,,,,,,,,,,,,,,,,,,,,,,,,,,,,,,,,,,,,,,,,,,,,,,,,,,,,,,,,,
1769161506.827098,1769161506.828172,114.0,0.0,4443.717773,4298.205078,4357.692383,4336.666504,4279.743652,4277.820313,4235.641113,4282.94873,4264.743652,4285.384766,4572.436035,4520.641113,4427.94873,4487.436035,,,,,,,,,,,,,,,,,,,,,,,,,,,,,,,,,,,,,,,,,,,,,,,,,,,,,,,,,,,,,,,,,,,,,,
1769161506.834906,1769161506.83598,115.0,0.0,4442.436035,4293.461426,4357.692383,4328.333496,4277.179688,4280.512695,4234.743652,4291.794922,4265.256348,4275.384766,4570.0,4520.897461,4425.128418,4482.820313,,,,,,,,,,,,,,,,,,,,,,,,,,,,,,,,,,,,,,,,,,,,,,,,,,,,,,,,,,,,,,,,,,,,,,
1769161506.842714,1769161506.843988,116.0,0.0,4437.179688,4292.05127,4356.794922,4324.871582,4275.897461,4281.538574,4239.871582,4296.410156,4268.205078,4266.153809,4567.820313,4520.256348,4417.307617,4473.589844,,,,,,,,,,,,,,,,,,,,,,,,,,,,,,,,,,,,,,,,,,,,,,,,,,,,,,,,,,,,,,,,,,,,,,
1769161506.850523,1769161506.851797,117.0,0.0,4433.717773,4294.487305,4358.205078,4329.487305,4276.922852,4278.461426,4245.256348,4294.487305,4273.461426,4280.641113,4570.769043,4522.179688,4413.461426,4475.384766,,,,,,,,,,,,,,,,,,,,,,,,,,,,,,,,,,,,,,,,,,,,,,,,,,,,,,,,,,,,,,,,,,,,,,
1769161506.858331,1769161506.859705,118.0,0.0,4436.666504,4294.358887,4356.794922,4327.179688,4275.641113,4277.692383,4245.128418,4292.94873,4268.205078,4284.871582,4572.692383,4521.666504,4414.230957,4475.512695,,,,,,,,,,,,,,,,,,,,,,,,,,,,,,,,,,,,,,,,,,,,,,,,,,,,,,,,,,,,,,,,,,,,,,
1769161506.86614,1769161506.867513,119.0,0.0,4442.94873,4294.487305,4355.256348,4326.922852,4276.410156,4279.230957,4236.794922,4289.615234,4261.153809,4277.436035,4571.153809,4520.384766,4423.077148,4473.974121,,,,,,,,,,,,,,,,,,,,,,,,,,,,,,,,,,,,,,,,,,,,,,,,,,,,,,,,,,,,,,,,,,,,,,
1769161506.873948,1769161506.875122,120.0,0.0,4444.358887,4297.05127,4356.922852,4331.794922,4278.974121,4278.461426,4229.487305,4290.384766,4267.94873,4279.358887,4572.94873,4522.563965,4430.0,4476.922852,,,,,,,,,,,,,,,,,,,,,,,,,,,,,,,,,,,,,,,,,,,,,,,,,,,,,,,,,,,,,,,,,,,,,,
1769161506.881757,1769161506.882931,121.0,0.0,4442.692383,4297.563965,4358.205078,4331.153809,4278.077148,4279.358887,4237.692383,4294.871582,4272.436035,4279.743652,4573.717773,4523.461426,4423.974121,4475.512695,,,,,,,,,,,,,,,,,,,,,,,,,,,,,,,,,,,,,,,,,,,,,,,,,,,,,,,,,,,,,,,,,,,,,,
1769161506.889565,1769161506.890839,122.0,0.0,4439.871582,4293.589844,4354.102539,4326.538574,4276.666504,4281.153809,4244.230957,4292.563965,4263.077148,4275.384766,4566.282227,4515.897461,4411.153809,4472.179688,,,,,,,,,,,,,,,,,,,,,,,,,,,,,,,,,,,,,,,,,,,,,,,,,,,,,,,,,,,,,,,,,,,,,,
1769161506.897374,1769161506.898647,123.0,0.0,4439.358887,4296.282227,4351.794922,4327.05127,4277.692383,4277.563965,4235.256348,4289.358887,4260.256348,4275.256348,4562.94873,4511.922852,4408.461426,4473.589844,,,,,,,,,,,,,,,,,,,,,,,,,,,,,,,,,,,,,,,,,,,,,,,,,,,,,,,,,,,,,,,,,,,,,,
1769161506.905182,1769161506.906256,124.0,0.0,4445.897461,4306.922852,4357.05127,4334.615234,4280.512695,4274.871582,4233.205078,4292.692383,4270.641113,4281.538574,4574.487305,4522.179688,4422.692383,4479.487305,,,,,,,,,,,,,,,,,,,,,,,,,,,,,,,,,,,,,,,,,,,,,,,,,,,,,,,,,,,,,,,,,,,,,,
1769161506.91299,1769161506.914064,125.0,0.0,4446.025879,4305.384766,4358.461426,4334.871582,4278.846191,4276.282227,4243.333496,4295.256348,4273.589844,4288.717773,4581.153809,4527.820313,4429.615234,4481.666504,,,,,,,,,,,,,,,,,,,,,,,,,,,,,,,,,,,,,,,,,,,,,,,,,,,,,,,,,,,,,,,,,,,,,,
1769161506.920799,1769161506.921773,126.0,0.0,4437.820313,4293.205078,4352.436035,4323.589844,4272.563965,4279.487305,4247.436035,4293.717773,4265.512695,4286.410156,4573.333496,4520.512695,4417.94873,4476.922852,0.88008,0.624894,0.462166,0.239194,0.152965,0.594055,0.145436,0.20548,0.214307,0.128586,0.233419,0.220591,0.328642,0.245886,0.152825,0.459055,0.127661,0.230124,0.18077,0.097856,0.209175,0.128874,0.230802,0.154084,0.072139,0.190893,0.184142,0.132183,0.123307,0.14936,0.243452,0.183108,0.204208,0.173242,0.113721,0.427033,0.179177,0.242718,0.181122,0.191889,0.474101,0.110833,0.192354,0.162012,0.107048,0.292798,0.228253,0.504218,0.501774,0.34141,0.491839,0.232256,0.18756,0.332393,0.291014,0.525856,0.28907,0.357671,0.426009,0.234172,0.507174,0.405357,0.260195,0.600178,0.277593,0.363458,0.551533,0.477309,0.85095,0.339336
1769161506.928607,1769161506.929581,127.0,0.0,4438.974121,4294.102539,4353.846191,4324.871582,4275.256348,4282.307617,4244.871582,4293.589844,4263.461426,4281.153809,4569.871582,4519.615234,4412.692383,4475.897461,,,,,,,,,,,,,,,,,,,,,,,,,,,,,,,,,,,,,,,,,,,,,,,,,,,,,,,,,,,,,,,,,,,,,,
1769161506.936416,1769161506.93719,0.0,0.0,4445.128418,4299.615234,4357.692383,4329.487305,4278.717773,4281.410156,4245.641113,4295.769043,4268.077148,4281.282227,4572.692383,4524.743652,4416.282227,4477.307617,,,,,,,,,,,,,,,,,,,,,,,,,,,,,,,,,,,,,,,,,,,,,,,,,,,,,,,,,,,,,,,,,,,,,,
1769161506.944224,1769161506.944999,1.0,0.0,4443.461426,4291.538574,4352.307617,4317.563965,4270.769043,4279.615234,4248.333496,4294.358887,4265.512695,4276.410156,4569.102539,4521.153809,4412.436035,4473.077148,,,,,,,,,,,,,,,,,,,,,,,,,,,,,,,,,,,,,,,,,,,,,,,,,,,,,,,,,,,,,,,,,,,,,,
1769161506.952033,1769161506.952707,2.0,0.0,4442.05127,4288.974121,4351.282227,4313.589844,4270.128418,4278.205078,4247.179688,4288.333496,4258.846191,4273.717773,4565.128418,4517.05127,4410.641113,4472.436035,,,,,,,,,,,,,,,,,,,,,,,,,,,,,,,,,,,,,,,,,,,,,,,,,,,,,,,,,,,,,,,,,,,,,,
1769161506.959841,1769161506.960516,3.0,0.0,4445.256348,4296.666504,4356.282227,4325.897461,4278.846191,4277.436035,4244.487305,4286.025879,4260.256348,4278.077148,4568.589844,4521.794922,4414.871582,4474.871582,,,,,,,,,,,,,,,,,,,,,,,,,,,,,,,,,,,,,,,,,,,,,,,,,,,,,,,,,,,,,,,,,,,,,,
1769161506.96765,1769161506.968524,4.0,0.0,4445.512695,4298.205078,4354.487305,4327.179688,4278.333496,4278.974121,4245.897461,4293.974121,4263.205078,4272.692383,4570.384766,4522.94873,4414.358887,4467.94873,,,,,,,,,,,,,,,,,,,,,,,,,,,,,,,,,,,,,,,,,,,,,,,,,,,,,,,,,,,,,,,,,,,,,,
1769161506.975458,1769161506.976332,5.0,0.0,4439.487305,4291.153809,4351.153809,4319.871582,4277.307617,4280.384766,4248.333496,4297.436035,4261.922852,4267.179688,4564.102539,4513.846191,4411.538574,4458.333496,,,,,,,,,,,,,,,,,,,,,,,,,,,,,,,,,,,,,,,,,,,,,,,,,,,,,,,,,,,,,,,,,,,,,,
1769161506.983266,1769161506.984241,6.0,0.0,4432.820313,4287.692383,4353.461426,4322.820313,4277.563965,4278.589844,4245.512695,4288.205078,4260.769043,4278.974121,4555.897461,4506.025879,4410.384766,4457.820313,,,,,,,,,,,,,,,,,,,,,,,,,,,,,,,,,,,,,,,,,,,,,,,,,,,,,,,,,,,,,,,,,,,,,,
1769161506.991075,1769161506.992049,7.0,0.0,4430.641113,4289.615234,4350.384766,4322.563965,4267.94873,4276.153809,4245.769043,4288.333496,4260.0,4281.538574,4555.769043,4506.794922,4410.641113,4460.897461,,,,,,,,,,,,,,,,,,,,,,,,,,,,,,,,,,,,,,,,,,,,,,,,,,,,,,,,,,,,,,,,,,,,,,
1769161506.998883,1769161507.000057,8.0,0.0,4432.820313,4288.717773,4342.820313,4315.256348,4267.179688,4275.769043,4249.487305,4294.743652,4262.179688,4266.922852,4560.897461,4508.205078,4411.922852,4456.538574,,,,,,,,,,,,,,,,,,,,,,,,,,,,,,,,,,,,,,,,,,,,,,,,,,,,,,,,,,,,,,,,,,,,,,
1769161507.006692,1769161507.007866,9.0,0.0,4436.282227,4285.769043,4343.077148,4317.05127,4277.436035,4278.077148,4248.205078,4289.230957,4260.128418,4267.820313,4559.615234,4505.769043,4405.769043,4444.615234,,,,,,,,,,,,,,,,,,,,,,,,,,,,,,,,,,,,,,,,,,,,,,,,,,,,,,,,,,,,,,,,,,,,,,
1769161507.0145,1769161507.015574,10.0,0.0,4440.897461,4287.692383,4349.487305,4323.589844,4278.974121,4282.563965,4249.615234,4283.333496,4251.538574,4274.871582,4554.102539,4505.128418,4399.230957,4442.563965,,,,,,,,,,,,,,,,,,,,,,,,,,,,,,,,,,,,,,,,,,,,,,,,,,,,,,,,,,,,,,,,,,,,,,
1769161507.022309,1769161507.023383,11.0,0.0,4445.512695,4294.743652,4355.0,4326.025879,4276.538574,4281.153809,4250.128418,4282.692383,4251.794922,4268.589844,4556.794922,4508.077148,4406.153809,4463.717773,,,,,,,,,,,,,,,,,,,,,,,,,,,,,,,,,,,,,,,,,,,,,,,,,,,,,,,,,,,,,,,,,,,,,,
1769161507.030117,1769161507.031391,12.0,0.0,4446.153809,4297.179688,4353.974121,4324.487305,4277.94873,4276.538574,4241.153809,4280.769043,4262.692383,4274.230957,4566.153809,4510.769043,4416.666504,4478.461426,,,,,,,,,,,,,,,,,,,,,,,,,,,,,,,,,,,,,,,,,,,,,,,,,,,,,,,,,,,,,,,,,,,,,,
1769161507.037926,1769161507.039199,13.0,0.0,4446.666504,4295.512695,4350.512695,4323.717773,4281.410156,4278.077148,4237.820313,4282.05127,4266.025879,4289.230957,4566.666504,4510.641113,4414.871582,4467.05127,,,,,,,,,,,,,,,,,,,,,,,,,,,,,,,,,,,,,,,,,,,,,,,,,,,,,,,,,,,,,,,,,,,,,,
1769161507.045734,1769161507.046908,14.0,0.0,4445.897461,4294.487305,4352.94873,4319.102539,4278.461426,4278.461426,4246.538574,4283.461426,4257.820313,4281.538574,4555.0,4507.436035,4408.333496,4455.256348,0.937386,0.688379,0.545985,0.272174,0.136299,0.495507,0.174635,0.243222,0.223265,0.121336,0.247551,0.213372,0.329608,0.26949,0.158075,0.354755,0.119265,0.237121,0.181857,0.091466,0.258918,0.149991,0.266102,0.173621,0.071813,0.181725,0.204294,0.134924,0.105776,0.11522,0.250722,0.2079,0.178785,0.167145,0.109832,0.406926,0.161054,0.232082,0.176957,0.189271,0.665779,0.121753,0.166485,0.150874,0.099597,0.295818,0.212756,0.456215,0.484506,0.355987,0.483707,0.267956,0.225213,0.354433,0.272416,0.517097,0.319389,0.350555,0.48103,0.234269,0.50354,0.410213,0.300869,0.659302,0.280552,0.355391,0.525595,0.533654,0.972445,0.331019
1769161507.053543,1769161507.054716,15.0,0.0,4443.846191,4293.205078,4355.512695,4316.282227,4270.512695,4273.077148,4249.743652,4277.94873,4254.358887,4262.820313,4552.436035,4505.897461,4408.333496,4459.102539,,,,,,,,,,,,,,,,,,,,,,,,,,,,,,,,,,,,,,,,,,,,,,,,,,,,,,,,,,,,,,,,,,,,,,
1769161507.061351,1769161507.062325,16.0,0.0,4444.743652,4294.358887,4350.769043,4319.358887,4268.974121,4272.179688,4245.128418,4277.820313,4258.846191,4263.846191,4562.820313,4510.641113,4413.205078,4464.871582,,,,,,,,,,,,,,,,,,,,,,,,,,,,,,,,,,,,,,,,,,,,,,,,,,,,,,,,,,,,,,,,,,,,,,
1769161507.069159,1769161507.070133,17.0,0.0,4444.615234,4295.512695,4348.077148,4319.102539,4271.922852,4278.846191,4246.410156,4283.461426,4262.692383,4272.820313,4564.743652,4515.128418,4414.871582,4466.410156,,,,,,,,,,,,,,,,,,,,,,,,,,,,,,,,,,,,,,,,,,,,,,,,,,,,,,,,,,,,,,,,,,,,,,
1769161507.076968,1769161507.077842,18.0,0.0,4444.230957,4295.512695,4356.410156,4321.025879,4272.05127,4283.077148,4251.666504,4283.077148,4258.846191,4275.769043,4554.102539,4508.589844,4411.922852,4462.94873,,,,,,,,,,,,,,,,,,,,,,,,,,,,,,,,,,,,,,,,,,,,,,,,,,,,,,,,,,,,,,,,,,,,,,
1769161507.084776,1769161507.08565,19.0,0.0,4445.769043,4295.128418,4362.05127,4325.0,4273.589844,4280.384766,4252.179688,4286.282227,4256.538574,4276.025879,4553.333496,4505.384766,4410.256348,4456.153809,,,,,,,,,,,,,,,,,,,,,,,,,,,,,,,,,,,,,,,,,,,,,,,,,,,,,,,,,,,,,,,,,,,,,,
1769161507.092585,1769161507.093659,20.0,0.0,4445.641113,4295.0,4356.794922,4319.102539,4273.461426,4274.871582,4248.333496,4291.794922,4264.615234,4281.025879,4566.922852,4513.461426,4411.794922,4463.974121,,,,,,,,,,,,,,,,,,,,,,,,,,,,,,,,,,,,,,,,,,,,,,,,,,,,,,,,,,,,,,,,,,,,,,
1769161507.100393,1769161507.101467,21.0,0.0,4442.179688,4293.717773,4352.179688,4313.461426,4270.0,4272.692383,4245.512695,4287.820313,4262.05127,4282.179688,4569.487305,4514.615234,4414.743652,4476.410156,,,,,,,,,,,,,,,,,,,,,,,,,,,,,,,,,,,,,,,,,,,,,,,,,,,,,,,,,,,,,,,,,,,,,,
1769161507.108202,1769161507.109176,22.0,0.0,4441.025879,4291.922852,4354.358887,4319.358887,4273.846191,4274.358887,4247.05127,4279.102539,4249.871582,4268.205078,4556.922852,4506.410156,4411.410156,4468.717773,,,,,,,,,,,,,,,,,,,,,,,,,,,,,,,,,,,,,,,,,,,,,,,,,,,,,,,,,,,,,,,,,,,,,,
1769161507.11601,1769161507.116984,23.0,0.0,4443.205078,4290.897461,4354.230957,4320.256348,4278.846191,4275.512695,4247.179688,4277.692383,4250.641113,4263.461426,4547.563965,4501.538574,4400.512695,4450.769043,,,,,,,,,,,,,,,,,,,,,,,,,,,,,,,,,,,,,,,,,,,,,,,,,,,,,,,,,,,,,,,,,,,,,,
1769161507.123819,1769161507.124593,24.0,0.0,4442.563965,4290.897461,4353.846191,4315.0,4277.05127,4280.0,4248.717773,4286.282227,4260.641113,4276.922852,4551.794922,4503.333496,4398.974121,4448.077148,,,,,,,,,,,,,,,,,,,,,,,,,,,,,,,,,,,,,,,,,,,,,,,,,,,,,,,,,,,,,,,,,,,,,,
1769161507.131627,1769161507.132401,25.0,0.0,4445.641113,4291.666504,4355.641113,4317.563965,4274.743652,4280.0,4252.307617,4291.410156,4263.333496,4282.05127,4563.333496,4512.820313,4410.897461,4463.589844,,,,,,,,,,,,,,,,,,,,,,,,,,,,,,,,,,,,,,,,,,,,,,,,,,,,,,,,,,,,,,,,,,,,,,
1769161507.139435,1769161507.14011,26.0,0.0,4455.512695,4296.025879,4359.102539,4323.846191,4272.692383,4268.846191,4249.615234,4289.871582,4262.05127,4280.256348,4572.563965,4523.461426,4423.077148,4477.05127,,,,,,,,,,,,,,,,,,,,,,,,,,,,,,,,,,,,,,,,,,,,,,,,,,,,,,,,,,,,,,,,,,,,,,
1769161507.147244,1769161507.147918,27.0,0.0,4461.153809,4302.820313,4363.333496,4325.897461,4274.743652,4268.333496,4245.512695,4289.743652,4265.256348,4284.871582,4573.461426,4522.692383,4423.589844,4477.05127,,,,,,,,,,,,,,,,,,,,,,,,,,,,,,,,,,,,,,,,,,,,,,,,,,,,,,,,,,,,,,,,,,,,,,
1769161507.155052,1769161507.155927,28.0,0.0,4459.230957,4305.512695,4366.025879,4326.025879,4277.307617,4278.974121,4248.846191,4290.897461,4267.436035,4284.743652,4569.743652,4518.333496,4417.94873,4472.436035,,,,,,,,,,,,,,,,,,,,,,,,,,,,,,,,,,,,,,,,,,,,,,,,,,,,,,,,,,,,,,,,,,,,,,
1769161507.162861,1769161507.163735,29.0,0.0,4457.94873,4303.333496,4367.563965,4325.512695,4274.358887,4276.794922,4252.692383,4290.641113,4265.769043,4279.230957,4571.410156,4522.307617,4417.307617,4474.487305,,,,,,,,,,,,,,,,,,,,,,,,,,,,,,,,,,,,,,,,,,,,,,,,,,,,,,,,,,,,,,,,,,,,,,
1769161507.170669,1769161507.171643,30.0,0.0,4458.205078,4303.461426,4365.641113,4325.897461,4274.615234,4271.922852,4249.230957,4290.256348,4263.205078,4278.461426,4571.282227,4521.153809,4420.128418,4475.897461,0.929866,0.73112,0.614987,0.290628,0.119667,0.426007,0.221187,0.278438,0.224166,0.110333,0.289066,0.215672,0.322549,0.277131,0.153909,0.268276,0.120017,0.231377,0.175001,0.085147,0.314481,0.178704,0.293502,0.182881,0.070025,0.178202,0.234706,0.155191,0.09151,0.088828,0.260168,0.24358,0.165844,0.160158,0.112666,0.383146,0.147999,0.257998,0.168948,0.180934,0.860381,0.155954,0.165656,0.143526,0.095519,0.294864,0.20291,0.398432,0.447337,0.37808,0.46622,0.303522,0.264112,0.353802,0.240423,0.491604,0.350765,0.32672,0.504952,0.221823,0.493311,0.424807,0.348437,0.66386,0.273943,0.355768,0.506444,0.553965,1.012044,0.298058
1769161507.178478,1769161507.179452,31.0,0.0,4457.94873,4306.410156,4362.179688,4323.846191,4279.358887,4277.307617,4250.256348,4292.692383,4261.794922,4277.307617,4565.769043,4513.717773,4415.641113,4473.205078,,,,,,,,,,,,,,,,,,,,,,,,,,,,,,,,,,,,,,,,,,,,,,,,,,,,,,,,,,,,,,,,,,,,,,
1769161507.186286,1769161507.18746,32.0,0.0,4458.717773,4306.794922,4359.743652,4320.256348,4278.589844,4281.025879,4261.025879,4295.897461,4262.820313,4276.666504,4564.615234,4516.153809,4412.307617,4473.589844,,,,,,,,,,,,,,,,,,,,,,,,,,,,,,,,,,,,,,,,,,,,,,,,,,,,,,,,,,,,,,,,,,,,,,
1769161507.194095,1769161507.195268,33.0,0.0,4458.974121,4306.538574,4361.282227,4322.05127,4275.512695,4280.384766,4262.94873,4295.128418,4266.410156,4279.615234,4568.846191,4525.256348,4419.358887,4475.128418,,,,,,,,,,,,,,,,,,,,,,,,,,,,,,,,,,,,,,,,,,,,,,,,,,,,,,,,,,,,,,,,,,,,,,
1769161507.201903,1769161507.203177,34.0,0.0,4460.384766,4307.05127,4362.05127,4324.487305,4277.05127,4280.0,4256.666504,4293.974121,4267.307617,4284.743652,4574.230957,4526.538574,4419.487305,4476.666504,,,,,,,,,,,,,,,,,,,,,,,,,,,,,,,,,,,,,,,,,,,,,,,,,,,,,,,,,,,,,,,,,,,,,,
1769161507.209711,1769161507.210985,35.0,0.0,4461.025879,4308.461426,4359.230957,4322.05127,4278.846191,4276.794922,4258.205078,4293.589844,4262.820313,4277.307617,4569.102539,4521.153809,4412.05127,4476.538574,,,,,,,,,,,,,,,,,,,,,,,,,,,,,,,,,,,,,,,,,,,,,,,,,,,,,,,,,,,,,,,,,,,,,,
1769161507.21752,1769161507.218993,36.0,0.0,4457.563965,4307.94873,4358.589844,4320.641113,4278.077148,4276.666504,4256.410156,4287.307617,4260.641113,4263.974121,4556.410156,4518.461426,4410.128418,4474.487305,,,,,,,,,,,,,,,,,,,,,,,,,,,,,,,,,,,,,,,,,,,,,,,,,,,,,,,,,,,,,,,,,,,,,,
1769161507.225328,1769161507.226802,37.0,0.0,4460.256348,4306.794922,4361.282227,4322.692383,4275.641113,4278.846191,4248.333496,4282.563965,4261.922852,4267.820313,4558.077148,4522.692383,4414.230957,4479.358887,,,,,,,,,,,,,,,,,,,,,,,,,,,,,,,,,,,,,,,,,,,,,,,,,,,,,,,,,,,,,,,,,,,,,,
1769161507.233137,1769161507.23451,38.0,0.0,4457.563965,4306.794922,4361.153809,4320.769043,4274.615234,4275.0,4253.717773,4290.128418,4262.307617,4274.230957,4564.615234,4523.205078,4412.820313,4477.179688,,,,,,,,,,,,,,,,,,,,,,,,,,,,,,,,,,,,,,,,,,,,,,,,,,,,,,,,,,,,,,,,,,,,,,
1769161507.240945,1769161507.242319,39.0,0.0,4445.512695,4304.102539,4354.615234,4316.282227,4274.358887,4271.025879,4263.589844,4290.384766,4261.922852,4269.743652,4555.641113,4513.974121,4405.897461,4461.282227,,,,,,,,,,,,,,,,,,,,,,,,,,,,,,,,,,,,,,,,,,,,,,,,,,,,,,,,,,,,,,,,,,,,,,
1769161507.248754,1769161507.249928,40.0,0.0,4450.0,4305.0,4353.974121,4318.461426,4275.512695,4274.615234,4260.769043,4280.384766,4263.077148,4276.282227,4557.05127,4514.102539,4409.102539,4463.205078,,,,,,,,,,,,,,,,,,,,,,,,,,,,,,,,,,,,,,,,,,,,,,,,,,,,,,,,,,,,,,,,,,,,,,
1769161507.256562,1769161507.257736,41.0,0.0,4463.974121,4311.025879,4361.282227,4324.743652,4279.871582,4278.717773,4260.384766,4282.692383,4265.128418,4284.743652,4572.05127,4524.615234,4416.666504,4479.102539,,,,,,,,,,,,,,,,,,,,,,,,,,,,,,,,,,,,,,,,,,,,,,,,,,,,,,,,,,,,,,,,,,,,,,
1769161507.264371,1769161507.265445,42.0,0.0,4461.794922,4311.666504,4367.05127,4327.179688,4282.436035,4280.769043,4265.256348,4290.641113,4265.512695,4276.922852,4567.820313,4525.128418,4414.358887,4477.05127,,,,,,,,,,,,,,,,,,,,,,,,,,,,,,,,,,,,,,,,,,,,,,,,,,,,,,,,,,,,,,,,,,,,,,
1769161507.272179,1769161507.273253,43.0,0.0,4455.641113,4308.333496,4366.922852,4327.563965,4281.025879,4282.692383,4264.871582,4288.333496,4266.282227,4278.974121,4560.512695,4519.615234,4413.717773,4470.384766,,,,,,,,,,,,,,,,,,,,,,,,,,,,,,,,,,,,,,,,,,,,,,,,,,,,,,,,,,,,,,,,,,,,,,
1769161507.279988,1769161507.280862,44.0,0.0,4458.717773,4308.717773,4359.743652,4328.974121,4279.230957,4276.410156,4262.563965,4286.538574,4271.025879,4291.025879,4569.871582,4522.563965,4420.128418,4476.282227,,,,,,,,,,,,,,,,,,,,,,,,,,,,,,,,,,,,,,,,,,,,,,,,,,,,,,,,,,,,,,,,,,,,,,
1769161507.287796,1769161507.28867,45.0,0.0,4459.487305,4307.436035,4355.128418,4326.922852,4277.563965,4267.94873,4261.922852,4287.692383,4272.820313,4285.0,4570.512695,4525.128418,4418.461426,4475.897461,,,,,,,,,,,,,,,,,,,,,,,,,,,,,,,,,,,,,,,,,,,,,,,,,,,,,,,,,,,,,,,,,,,,,,
1769161507.295605,1769161507.296578,46.0,0.0,4458.077148,4304.871582,4356.025879,4325.897461,4276.922852,4275.0,4262.436035,4284.230957,4266.922852,4275.769043,4563.205078,4521.410156,4412.820313,4471.153809,0.860682,0.745096,0.64441,0.285311,0.107199,0.390462,0.28402,0.298653,0.219047,0.099455,0.321638,0.225816,0.308255,0.269416,0.144027,0.206371,0.134641,0.215717,0.165864,0.08376,0.357096,0.212977,0.306638,0.179398,0.067095,0.170712,0.264333,0.176876,0.081457,0.072388,0.261322,0.278106,0.161132,0.153574,0.120306,0.366748,0.139614,0.312447,0.162914,0.169113,0.992469,0.195869,0.192436,0.141027,0.098046,0.285828,0.199429,0.355607,0.407642,0.406768,0.444397,0.331335,0.301907,0.336673,0.202852,0.468176,0.372117,0.296335,0.492379,0.200869,0.483608,0.437809,0.393992,0.622544,0.263742,0.374309,0.501874,0.534692,0.958392,0.254189
1769161507.303413,1769161507.304387,47.0,0.0,4457.563965,4304.743652,4355.0,4329.102539,4279.102539,4281.538574,4262.563965,4277.179688,4259.487305,4275.0,4565.769043,4519.615234,4412.94873,4474.230957,,,,,,,,,,,,,,,,,,,,,,,,,,,,,,,,,,,,,,,,,,,,,,,,,,,,,,,,,,,,,,,,,,,,,,
1769161507.311221,1769161507.311996,48.0,0.0,4455.256348,4301.282227,4354.615234,4327.94873,4280.512695,4274.743652,4262.436035,4281.922852,4263.205078,4281.538574,4568.461426,4522.563965,4416.282227,4475.897461,,,,,,,,,,,,,,,,,,,,,,,,,,,,,,,,,,,,,,,,,,,,,,,,,,,,,,,,,,,,,,,,,,,,,,
1769161507.31903,1769161507.319804,49.0,0.0,4455.769043,4299.871582,4358.205078,4325.128418,4278.077148,4275.384766,4264.487305,4293.589844,4275.256348,4284.743652,4566.794922,4526.794922,4417.692383,4476.794922,,,,,,,,,,,,,,,,,,,,,,,,,,,,,,,,,,,,,,,,,,,,,,,,,,,,,,,,,,,,,,,,,,,,,,
1769161507.326838,1769161507.327513,50.0,0.0,4459.102539,4306.666504,4358.589844,4332.05127,4276.410156,4281.153809,4266.538574,4289.871582,4273.589844,4274.615234,4567.179688,4526.410156,4415.0,4478.205078,,,,,,,,,,,,,,,,,,,,,,,,,,,,,,,,,,,,,,,,,,,,,,,,,,,,,,,,,,,,,,,,,,,,,,
1769161507.334647,1769161507.335321,51.0,0.0,4461.025879,4310.384766,4358.461426,4336.666504,4277.436035,4280.512695,4266.153809,4277.436035,4262.307617,4270.384766,4566.025879,4523.461426,4412.820313,4477.94873,,,,,,,,,,,,,,,,,,,,,,,,,,,,,,,,,,,,,,,,,,,,,,,,,,,,,,,,,,,,,,,,,,,,,,
1769161507.342455,1769161507.343329,52.0,0.0,4459.743652,4305.256348,4357.179688,4329.102539,4278.461426,4275.769043,4264.487305,4279.230957,4268.717773,4281.153809,4564.487305,4522.307617,4415.0,4476.538574,,,,,,,,,,,,,,,,,,,,,,,,,,,,,,,,,,,,,,,,,,,,,,,,,,,,,,,,,,,,,,,,,,,,,,
1769161507.350264,1769161507.351138,53.0,0.0,4458.333496,4302.563965,4348.461426,4323.589844,4277.563965,4269.230957,4261.794922,4285.0,4279.871582,4283.846191,4565.769043,4523.077148,4416.025879,4476.153809,,,,,,,,,,,,,,,,,,,,,,,,,,,,,,,,,,,,,,,,,,,,,,,,,,,,,,,,,,,,,,,,,,,,,,
1769161507.358072,1769161507.359046,54.0,0.0,4457.436035,4304.743652,4344.871582,4326.153809,4277.05127,4266.922852,4263.205078,4278.333496,4271.538574,4277.05127,4565.512695,4521.794922,4415.384766,4475.128418,,,,,,,,,,,,,,,,,,,,,,,,,,,,,,,,,,,,,,,,,,,,,,,,,,,,,,,,,,,,,,,,,,,,,,
1769161507.365881,1769161507.366854,55.0,0.0,4455.641113,4306.025879,4351.282227,4327.563965,4278.974121,4274.358887,4268.077148,4278.077148,4267.820313,4281.153809,4565.384766,4519.615234,4417.563965,4473.205078,,,,,,,,,,,,,,,,,,,,,,,,,,,,,,,,,,,,,,,,,,,,,,,,,,,,,,,,,,,,,,,,,,,,,,
1769161507.373689,1769161507.374863,56.0,0.0,4456.666504,4305.0,4351.282227,4327.563965,4279.871582,4279.615234,4269.102539,4290.512695,4278.589844,4289.230957,4570.769043,4521.153809,4417.563965,4473.461426,,,,,,,,,,,,,,,,,,,,,,,,,,,,,,,,,,,,,,,,,,,,,,,,,,,,,,,,,,,,,,,,,,,,,,
1769161507.381498,1769161507.382671,57.0,0.0,4456.794922,4304.102539,4343.205078,4327.692383,4279.615234,4275.256348,4267.563965,4291.025879,4281.153809,4283.205078,4571.282227,4522.563965,4414.615234,4471.666504,,,,,,,,,,,,,,,,,,,,,,,,,,,,,,,,,,,,,,,,,,,,,,,,,,,,,,,,,,,,,,,,,,,,,,
1769161507.389306,1769161507.39058,58.0,0.0,4450.384766,4303.077148,4340.897461,4327.05127,4280.256348,4273.333496,4268.333496,4282.563965,4275.512695,4272.820313,4562.820313,4519.743652,4413.205078,4465.384766,,,,,,,,,,,,,,,,,,,,,,,,,,,,,,,,,,,,,,,,,,,,,,,,,,,,,,,,,,,,,,,,,,,,,,
1769161507.397114,1769161507.398388,59.0,0.0,4446.153809,4302.692383,4344.743652,4327.436035,4279.743652,4278.333496,4274.358887,4283.205078,4271.538574,4272.307617,4562.307617,4518.717773,4413.205078,4463.974121,,,,,,,,,,,,,,,,,,,,,,,,,,,,,,,,,,,,,,,,,,,,,,,,,,,,,,,,,,,,,,,,,,,,,,
1769161507.404923,1769161507.406396,60.0,0.0,4446.153809,4303.589844,4342.179688,4325.897461,4277.820313,4281.153809,4274.615234,4291.666504,4273.974121,4282.05127,4570.384766,4522.05127,4414.230957,4464.743652,,,,,,,,,,,,,,,,,,,,,,,,,,,,,,,,,,,,,,,,,,,,,,,,,,,,,,,,,,,,,,,,,,,,,,
1769161507.412731,1769161507.414205,61.0,0.0,4443.589844,4302.94873,4331.666504,4323.461426,4275.128418,4277.563965,4268.846191,4296.538574,4278.974121,4286.282227,4570.0,4522.563965,4414.487305,4458.461426,,,,,,,,,,,,,,,,,,,,,,,,,,,,,,,,,,,,,,,,,,,,,,,,,,,,,,,,,,,,,,,,,,,,,,
1769161507.42054,1769161507.421913,62.0,0.0,4441.794922,4302.307617,4327.820313,4325.128418,4273.589844,4275.0,4270.641113,4293.461426,4275.0,4282.307617,4562.436035,4520.769043,4413.077148,4461.025879,0.730721,0.737194,0.624743,0.255831,0.100777,0.382563,0.354745,0.294876,0.210181,0.092539,0.355307,0.239053,0.284772,0.250874,0.133084,0.169341,0.162292,0.193746,0.159681,0.09004,0.369862,0.246045,0.303119,0.16534,0.064409,0.154718,0.279141,0.187691,0.075837,0.064085,0.249243,0.299001,0.158097,0.14726,0.129591,0.359768,0.137205,0.371385,0.163615,0.156104,1.008405,0.223729,0.23435,0.142771,0.108741,0.26767,0.20248,0.33731,0.387944,0.435493,0.429332,0.34647,0.331805,0.314059,0.171242,0.444542,0.376424,0.265729,0.448248,0.178852,0.476434,0.435382,0.426525,0.560033,0.257022,0.417232,0.511147,0.485117,0.832924,0.219819
1769161507.428348,1769161507.429722,63.0,0.0,4443.077148,4307.563965,4332.05127,4327.436035,4276.025879,4276.922852,4271.922852,4281.922852,4263.077148,4282.179688,4565.512695,4520.769043,4413.846191,4470.769043,,,,,,,,,,,,,,,,,,,,,,,,,,,,,,,,,,,,,,,,,,,,,,,,,,,,,,,,,,,,,,,,,,,,,,
1769161507.436157,1769161507.43733,64.0,0.0,4442.94873,4311.538574,4328.333496,4327.179688,4277.820313,4275.0,4268.333496,4276.410156,4261.410156,4279.102539,4569.487305,4520.769043,4415.128418,4465.641113,,,,,,,,,,,,,,,,,,,,,,,,,,,,,,,,,,,,,,,,,,,,,,,,,,,,,,,,,,,,,,,,,,,,,,
1769161507.443965,1769161507.445139,65.0,0.0,4442.436035,4310.0,4322.563965,4327.179688,4273.461426,4272.436035,4271.538574,4283.333496,4266.025879,4276.538574,4560.897461,4521.922852,4412.94873,4460.769043,,,,,,,,,,,,,,,,,,,,,,,,,,,,,,,,,,,,,,,,,,,,,,,,,,,,,,,,,,,,,,,,,,,,,,
1769161507.451774,1769161507.452847,66.0,0.0,4443.589844,4310.641113,4324.743652,4328.846191,4270.897461,4273.974121,4280.0,4285.769043,4265.0,4278.461426,4555.512695,4526.153809,4411.410156,4472.307617,,,,,,,,,,,,,,,,,,,,,,,,,,,,,,,,,,,,,,,,,,,,,,,,,,,,,,,,,,,,,,,,,,,,,,
1769161507.459582,1769161507.460656,67.0,0.0,4442.820313,4310.897461,4320.256348,4329.487305,4275.641113,4274.743652,4279.102539,4281.410156,4262.820313,4272.05127,4557.05127,4527.563965,4413.717773,4478.077148,,,,,,,,,,,,,,,,,,,,,,,,,,,,,,,,,,,,,,,,,,,,,,,,,,,,,,,,,,,,,,,,,,,,,,
1769161507.46739,1769161507.468264,68.0,0.0,4440.256348,4307.94873,4311.666504,4328.717773,4278.333496,4275.256348,4276.794922,4283.205078,4265.897461,4271.794922,4556.153809,4523.077148,4414.230957,4471.410156,,,,,,,,,,,,,,,,,,,,,,,,,,,,,,,,,,,,,,,,,,,,,,,,,,,,,,,,,,,,,,,,,,,,,,
1769161507.475199,1769161507.476073,69.0,0.0,4441.025879,4309.102539,4309.615234,4328.205078,4279.358887,4279.487305,4277.94873,4290.384766,4271.410156,4286.282227,4560.512695,4522.179688,4412.436035,4465.256348,,,,,,,,,,,,,,,,,,,,,,,,,,,,,,,,,,,,,,,,,,,,,,,,,,,,,,,,,,,,,,,,,,,,,,
1769161507.483007,1769161507.483781,70.0,0.0,4443.589844,4310.512695,4303.717773,4327.563965,4276.922852,4281.025879,4276.282227,4293.461426,4273.589844,4291.025879,4567.436035,4525.128418,4412.563965,4463.717773,,,,,,,,,,,,,,,,,,,,,,,,,,,,,,,,,,,,,,,,,,,,,,,,,,,,,,,,,,,,,,,,,,,,,,
1769161507.490816,1769161507.49159,71.0,0.0,4443.077148,4305.641113,4294.615234,4325.641113,4269.615234,4277.179688,4277.307617,4291.282227,4272.307617,4279.871582,4562.563965,4525.256348,4413.077148,4469.743652,,,,,,,,,,,,,,,,,,,,,,,,,,,,,,,,,,,,,,,,,,,,,,,,,,,,,,,,,,,,,,,,,,,,,,
1769161507.498624,1769161507.499598,72.0,0.0,4440.128418,4305.128418,4289.230957,4325.769043,4268.717773,4276.410156,4278.589844,4289.743652,4272.307617,4275.256348,4554.615234,4524.743652,4412.179688,4471.922852,,,,,,,,,,,,,,,,,,,,,,,,,,,,,,,,,,,,,,,,,,,,,,,,,,,,,,,,,,,,,,,,,,,,,,
1769161507.506433,1769161507.507407,73.0,0.0,4438.717773,4308.205078,4284.358887,4328.205078,4276.922852,4280.256348,4278.589844,4290.641113,4272.820313,4283.461426,4556.666504,4524.743652,4410.512695,4462.820313,,,,,,,,,,,,,,,,,,,,,,,,,,,,,,,,,,,,,,,,,,,,,,,,,,,,,,,,,,,,,,,,,,,,,,
1769161507.514241,1769161507.515315,74.0,0.0,4440.512695,4305.0,4276.153809,4327.05127,4276.538574,4274.358887,4276.666504,4289.487305,4270.512695,4288.333496,4558.077148,4521.922852,4410.641113,4458.461426,,,,,,,,,,,,,,,,,,,,,,,,,,,,,,,,,,,,,,,,,,,,,,,,,,,,,,,,,,,,,,,,,,,,,,
1769161507.52205,1769161507.523123,75.0,0.0,4442.692383,4303.974121,4267.179688,4323.205078,4268.461426,4265.128418,4276.794922,4286.794922,4265.769043,4282.94873,4555.384766,4519.358887,4413.077148,4460.641113,,,,,,,,,,,,,,,,,,,,,,,,,,,,,,,,,,,,,,,,,,,,,,,,,,,,,,,,,,,,,,,,,,,,,,
1769161507.529858,1769161507.530732,76.0,0.0,4442.307617,4309.102539,4261.922852,4324.871582,4272.307617,4272.563965,4279.358887,4289.487305,4265.641113,4281.538574,4557.820313,4520.641113,4413.205078,4464.487305,,,,,,,,,,,,,,,,,,,,,,,,,,,,,,,,,,,,,,,,,,,,,,,,,,,,,,,,,,,,,,,,,,,,,,
1769161507.537666,1769161507.53854,77.0,0.0,4441.666504,4312.179688,4264.230957,4329.871582,4280.0,4283.717773,4282.436035,4294.358887,4271.794922,4286.282227,4565.0,4523.333496,4412.307617,4471.922852,,,,,,,,,,,,,,,,,,,,,,,,,,,,,,,,,,,,,,,,,,,,,,,,,,,,,,,,,,,,,,,,,,,,,,
1769161507.545475,1769161507.546249,78.0,0.0,4442.307617,4311.025879,4261.794922,4330.384766,4278.846191,4282.05127,4284.102539,4296.153809,4277.05127,4282.563965,4570.0,4524.615234,4417.179688,4476.153809,0.588914,0.710103,0.565707,0.21112,0.099593,0.389388,0.415952,0.267776,0.198173,0.090629,0.347931,0.247834,0.252154,0.228115,0.124262,0.155234,0.194463,0.170354,0.158614,0.102735,0.346699,0.266194,0.284042,0.145444,0.063323,0.128328,0.269267,0.18339,0.074999,0.061262,0.217524,0.299527,0.1544,0.139812,0.137503,0.363691,0.140882,0.409449,0.172115,0.144315,0.908818,0.229994,0.270354,0.147274,0.126662,0.24745,0.213451,0.336712,0.400218,0.453956,0.429244,0.349477,0.346214,0.296314,0.155445,0.422534,0.365672,0.23995,0.385878,0.162792,0.462798,0.411814,0.438597,0.501432,0.256857,0.487499,0.523099,0.426691,0.680447,0.212479
1769161507.553283,1769161507.554057,79.0,0.0,4440.128418,4309.743652,4251.666504,4327.179688,4277.307617,4278.205078,4283.974121,4294.615234,4277.05127,4281.922852,4568.077148,4523.077148,4418.589844,4472.05127,,,,,,,,,,,,,,,,,,,,,,,,,,,,,,,,,,,,,,,,,,,,,,,,,,,,,,,,,,,,,,,,,,,,,,
1769161507.561092,1769161507.562066,80.0,0.0,4440.256348,4309.871582,4245.512695,4325.897461,4279.743652,4279.487305,4286.282227,4293.846191,4277.436035,4295.769043,4568.077148,4522.820313,4414.871582,4474.358887,,,,,,,,,,,,,,,,,,,,,,,,,,,,,,,,,,,,,,,,,,,,,,,,,,,,,,,,,,,,,,,,,,,,,,
1769161507.5689,1769161507.569874,81.0,0.0,4440.256348,4310.128418,4239.102539,4326.538574,4278.974121,4283.974121,4295.769043,4293.077148,4277.179688,4299.487305,4571.025879,4526.153809,4416.794922,4477.820313,,,,,,,,,,,,,,,,,,,,,,,,,,,,,,,,,,,,,,,,,,,,,,,,,,,,,,,,,,,,,,,,,,,,,,
1769161507.576709,1769161507.577782,82.0,0.0,4434.487305,4309.358887,4230.256348,4325.0,4275.512695,4281.410156,4298.974121,4290.512695,4275.897461,4291.025879,4567.436035,4524.487305,4417.436035,4471.025879,,,,,,,,,,,,,,,,,,,,,,,,,,,,,,,,,,,,,,,,,,,,,,,,,,,,,,,,,,,,,,,,,,,,,,
1769161507.584517,1769161507.585591,83.0,0.0,4433.974121,4309.230957,4228.846191,4327.179688,4277.563965,4269.871582,4282.692383,4290.769043,4277.692383,4292.436035,4565.641113,4519.358887,4416.282227,4467.05127,,,,,,,,,,,,,,,,,,,,,,,,,,,,,,,,,,,,,,,,,,,,,,,,,,,,,,,,,,,,,,,,,,,,,,
1769161507.592326,1769161507.593599,84.0,0.0,4441.153809,4310.897461,4231.666504,4333.077148,4280.256348,4270.128418,4276.282227,4295.0,4282.307617,4301.922852,4572.436035,4528.717773,4421.666504,4477.94873,,,,,,,,,,,,,,,,,,,,,,,,,,,,,,,,,,,,,,,,,,,,,,,,,,,,,,,,,,,,,,,,,,,,,,
1769161507.600134,1769161507.601408,85.0,0.0,4444.615234,4311.153809,4227.05127,4332.436035,4280.256348,4282.94873,4291.410156,4295.0,4281.666504,4303.974121,4575.897461,4539.615234,4425.384766,4488.077148,,,,,,,,,,,,,,,,,,,,,,,,,,,,,,,,,,,,,,,,,,,,,,,,,,,,,,,,,,,,,,,,,,,,,,
1769161507.607942,1769161507.609216,86.0,0.0,4441.153809,4310.0,4219.615234,4326.922852,4276.794922,4281.025879,4292.94873,4291.666504,4277.05127,4295.641113,4570.128418,4531.025879,4417.563965,4480.512695,,,,,,,,,,,,,,,,,,,,,,,,,,,,,,,,,,,,,,,,,,,,,,,,,,,,,,,,,,,,,,,,,,,,,,
1769161507.615751,1769161507.617024,87.0,0.0,4437.692383,4310.512695,4216.282227,4326.922852,4276.153809,4272.179688,4279.230957,4295.769043,4279.743652,4290.256348,4568.717773,4527.05127,4412.307617,4473.461426,,,,,,,,,,,,,,,,,,,,,,,,,,,,,,,,,,,,,,,,,,,,,,,,,,,,,,,,,,,,,,,,,,,,,,
1769161507.623559,1769161507.624633,88.0,0.0,4438.846191,4312.05127,4216.153809,4329.487305,4278.974121,4275.512695,4278.205078,4295.641113,4282.179688,4297.05127,4573.974121,4538.589844,4420.897461,4480.0,,,,,,,,,,,,,,,,,,,,,,,,,,,,,,,,,,,,,,,,,,,,,,,,,,,,,,,,,,,,,,,,,,,,,,
1769161507.631368,1769161507.632442,89.0,0.0,4443.717773,4311.794922,4214.358887,4327.436035,4277.94873,4277.563965,4288.589844,4286.922852,4274.871582,4302.05127,4573.846191,4539.358887,4429.487305,4483.333496,,,,,,,,,,,,,,,,,,,,,,,,,,,,,,,,,,,,,,,,,,,,,,,,,,,,,,,,,,,,,,,,,,,,,,
1769161507.639176,1769161507.64015,90.0,0.0,4442.563965,4310.128418,4207.307617,4327.05127,4276.922852,4274.487305,4294.102539,4287.692383,4270.128418,4288.974121,4568.333496,4531.922852,4427.179688,4478.333496,,,,,,,,,,,,,,,,,,,,,,,,,,,,,,,,,,,,,,,,,,,,,,,,,,,,,,,,,,,,,,,,,,,,,,
1769161507.646985,1769161507.647959,91.0,0.0,4436.153809,4309.615234,4202.307617,4332.820313,4279.487305,4275.0,4293.077148,4290.256348,4273.717773,4282.820313,4567.05127,4533.974121,4423.205078,4476.794922,,,,,,,,,,,,,,,,,,,,,,,,,,,,,,,,,,,,,,,,,,,,,,,,,,,,,,,,,,,,,,,,,,,,,,
1769161507.654793,1769161507.655567,92.0,0.0,4440.769043,4311.922852,4202.307617,4336.025879,4280.897461,4275.384766,4288.333496,4282.307617,4275.641113,4300.256348,4570.897461,4531.794922,4427.307617,4479.615234,,,,,,,,,,,,,,,,,,,,,,,,,,,,,,,,,,,,,,,,,,,,,,,,,,,,,,,,,,,,,,,,,,,,,,
1769161507.662602,1769161507.663376,93.0,0.0,4444.358887,4313.333496,4202.820313,4332.692383,4280.128418,4277.307617,4290.256348,4280.897461,4275.256348,4308.333496,4570.769043,4523.077148,4429.615234,4478.717773,,,,,,,,,,,,,,,,,,,,,,,,,,,,,,,,,,,,,,,,,,,,,,,,,,,,,,,,,,,,,,,,,,,,,,
1769161507.67041,1769161507.671084,94.0,0.0,4431.153809,4309.102539,4200.512695,4326.282227,4280.512695,4279.743652,4296.538574,4291.153809,4276.025879,4291.153809,4567.563965,4527.05127,4421.282227,4474.743652,0.46215,0.667809,0.49096,0.164643,0.100111,0.396748,0.45086,0.224179,0.182457,0.091334,0.322423,0.247238,0.213165,0.207122,0.118227,0.158197,0.216952,0.148319,0.161222,0.11684,0.29257,0.265268,0.253338,0.124483,0.063962,0.09734,0.235712,0.167743,0.078362,0.063079,0.174919,0.282562,0.153665,0.129624,0.141788,0.37149,0.15189,0.414996,0.187025,0.136518,0.725949,0.218755,0.284651,0.152731,0.148867,0.23588,0.233994,0.336565,0.439521,0.454233,0.444883,0.343949,0.338884,0.287547,0.158588,0.393547,0.345159,0.21844,0.320261,0.154966,0.429178,0.372276,0.425149,0.458017,0.25996,0.569436,0.52634,0.376581,0.543967,0.236227
1769161507.678219,1769161507.678893,95.0,0.0,4425.256348,4307.563965,4195.512695,4324.487305,4280.128418,4280.0,4295.128418,4294.230957,4277.179688,4285.897461,4569.743652,4534.358887,4412.94873,4474.102539,,,,,,,,,,,,,,,,,,,,,,,,,,,,,,,,,,,,,,,,,,,,,,,,,,,,,,,,,,,,,,,,,,,,,,
1769161507.686027,1769161507.686901,96.0,0.0,4438.333496,4311.666504,4188.846191,4331.410156,4279.615234,4280.256348,4294.102539,4293.846191,4278.846191,4300.769043,4571.666504,4530.256348,4415.256348,4475.512695,,,,,,,,,,,,,,,,,,,,,,,,,,,,,,,,,,,,,,,,,,,,,,,,,,,,,,,,,,,,,,,,,,,,,,
1769161507.693836,1769161507.694709,97.0,0.0,4445.897461,4313.717773,4183.717773,4333.205078,4280.512695,4279.358887,4295.384766,4294.743652,4277.179688,4304.615234,4568.974121,4528.461426,4424.743652,4474.743652,,,,,,,,,,,,,,,,,,,,,,,,,,,,,,,,,,,,,,,,,,,,,,,,,,,,,,,,,,,,,,,,,,,,,,
1769161507.701644,1769161507.702618,98.0,0.0,4444.102539,4312.94873,4183.077148,4328.846191,4281.538574,4281.025879,4293.974121,4295.0,4280.512695,4303.846191,4577.05127,4537.692383,4430.641113,4484.230957,,,,,,,,,,,,,,,,,,,,,,,,,,,,,,,,,,,,,,,,,,,,,,,,,,,,,,,,,,,,,,,,,,,,,,
1769161507.709453,1769161507.710426,99.0,0.0,4445.0,4312.307617,4185.0,4331.538574,4281.153809,4286.538574,4296.153809,4300.384766,4288.077148,4310.897461,4587.05127,4544.102539,4430.769043,4493.205078,,,,,,,,,,,,,,,,,,,,,,,,,,,,,,,,,,,,,,,,,,,,,,,,,,,,,,,,,,,,,,,,,,,,,,
1769161507.717261,1769161507.718434,100.0,0.0,4440.641113,4310.384766,4182.94873,4333.589844,4279.230957,4284.743652,4298.333496,4302.436035,4285.0,4311.538574,4578.974121,4541.282227,4427.820313,4484.102539,,,,,,,,,,,,,,,,,,,,,,,,,,,,,,,,,,,,,,,,,,,,,,,,,,,,,,,,,,,,,,,,,,,,,,
1769161507.725069,1769161507.726243,101.0,0.0,4437.563965,4312.05127,4176.282227,4331.666504,4282.820313,4278.205078,4293.717773,4295.769043,4277.436035,4306.153809,4573.205078,4539.487305,4425.897461,4476.538574,,,,,,,,,,,,,,,,,,,,,,,,,,,,,,,,,,,,,,,,,,,,,,,,,,,,,,,,,,,,,,,,,,,,,,
1769161507.732878,1769161507.733951,102.0,0.0,4443.589844,4318.333496,4172.563965,4337.692383,4287.436035,4278.589844,4289.487305,4292.436035,4278.717773,4303.846191,4580.897461,4540.256348,4427.692383,4481.282227,,,,,,,,,,,,,,,,,,,,,,,,,,,,,,,,,,,,,,,,,,,,,,,,,,,,,,,,,,,,,,,,,,,,,,
1769161507.740686,1769161507.74176,103.0,0.0,4441.922852,4317.820313,4173.717773,4340.0,4282.307617,4280.0,4291.922852,4295.384766,4280.384766,4303.717773,4578.717773,4539.743652,4425.897461,4480.769043,,,,,,,,,,,,,,,,,,,,,,,,,,,,,,,,,,,,,,,,,,,,,,,,,,,,,,,,,,,,,,,,,,,,,,
1769161507.748495,1769161507.749368,104.0,0.0,4430.128418,4308.333496,4168.077148,4329.102539,4276.282227,4278.846191,4294.871582,4295.128418,4277.307617,4298.333496,4566.538574,4533.717773,4414.230957,4473.846191,,,,,,,,,,,,,,,,,,,,,,,,,,,,,,,,,,,,,,,,,,,,,,,,,,,,,,,,,,,,,,,,,,,,,,
1769161507.756303,1769161507.757177,105.0,0.0,4425.512695,4301.922852,4155.897461,4322.820313,4279.487305,4278.461426,4294.871582,4293.205078,4277.820313,4286.666504,4567.05127,4531.153809,4407.563965,4474.102539,,,,,,,,,,,,,,,,,,,,,,,,,,,,,,,,,,,,,,,,,,,,,,,,,,,,,,,,,,,,,,,,,,,,,,
1769161507.764112,1769161507.765085,106.0,0.0,4429.743652,4303.846191,4153.717773,4327.05127,4282.05127,4280.641113,4298.461426,4293.589844,4278.461426,4283.717773,4571.794922,4536.794922,4415.769043,4478.589844,,,,,,,,,,,,,,,,,,,,,,,,,,,,,,,,,,,,,,,,,,,,,,,,,,,,,,,,,,,,,,,,,,,,,,
1769161507.77192,1769161507.772894,107.0,0.0,4427.94873,4304.743652,4154.871582,4327.436035,4280.256348,4285.256348,4305.769043,4296.410156,4280.256348,4301.025879,4572.05127,4538.333496,4422.436035,4481.794922,,,,,,,,,,,,,,,,,,,,,,,,,,,,,,,,,,,,,,,,,,,,,,,,,,,,,,,,,,,,,,,,,,,,,,
1769161507.779729,1769161507.780902,108.0,0.0,4415.128418,4296.410156,4148.974121,4317.563965,4280.769043,4287.307617,4312.307617,4307.692383,4291.538574,4315.897461,4578.333496,4543.333496,4422.436035,4485.512695,,,,,,,,,,,,,,,,,,,,,,,,,,,,,,,,,,,,,,,,,,,,,,,,,,,,,,,,,,,,,,,,,,,,,,
1769161507.787537,1769161507.78871,109.0,0.0,4411.410156,4290.0,4146.538574,4309.358887,4279.743652,4281.666504,4310.769043,4313.717773,4297.05127,4313.077148,4587.563965,4551.025879,4425.512695,4488.717773,,,,,,,,,,,,,,,,,,,,,,,,,,,,,,,,,,,,,,,,,,,,,,,,,,,,,,,,,,,,,,,,,,,,,,
1769161507.795345,1769161507.796419,110.0,0.0,4425.128418,4297.692383,4150.384766,4314.102539,4276.538574,4277.436035,4302.05127,4301.794922,4285.384766,4308.333496,4585.128418,4544.615234,4429.358887,4488.846191,0.400646,0.609374,0.417059,0.127268,0.098767,0.394775,0.44761,0.17476,0.162206,0.090566,0.294685,0.236456,0.173495,0.190995,0.113684,0.171068,0.217843,0.129772,0.163551,0.125983,0.226068,0.242599,0.218037,0.106128,0.065448,0.069247,0.189105,0.150447,0.085222,0.070373,0.13128,0.254877,0.160698,0.117422,0.141713,0.375623,0.169099,0.388102,0.203602,0.134736,0.530538,0.204632,0.271775,0.156107,0.170914,0.244754,0.262854,0.320437,0.486675,0.435258,0.476204,0.33247,0.307318,0.284745,0.176256,0.364272,0.31767,0.196141,0.262495,0.152848,0.372471,0.32768,0.384247,0.424426,0.25882,0.652487,0.512389,0.340269,0.446854,0.28015
1769161507.803154,1769161507.804227,111.0,0.0,4434.871582,4306.794922,4153.461426,4320.769043,4274.102539,4279.358887,4298.974121,4294.230957,4278.077148,4304.743652,4575.0,4539.743652,4429.358887,4488.333496,,,,,,,,,,,,,,,,,,,,,,,,,,,,,,,,,,,,,,,,,,,,,,,,,,,,,,,,,,,,,,,,,,,,,,
1769161507.810962,1769161507.811836,112.0,0.0,4428.205078,4303.717773,4152.820313,4320.128418,4273.974121,4282.179688,4304.487305,4301.410156,4284.102539,4297.692383,4572.436035,4547.179688,4427.179688,4489.102539,,,,,,,,,,,,,,,,,,,,,,,,,,,,,,,,,,,,,,,,,,,,,,,,,,,,,,,,,,,,,,,,,,,,,,
1769161507.818771,1769161507.819644,113.0,0.0,4421.282227,4301.153809,4147.436035,4321.282227,4277.05127,4281.282227,4309.102539,4300.0,4278.333496,4294.615234,4572.563965,4543.077148,4425.769043,4483.846191,,,,,,,,,,,,,,,,,,,,,,,,,,,,,,,,,,,,,,,,,,,,,,,,,,,,,,,,,,,,,,,,,,,,,,
1769161507.826579,1769161507.827353,114.0,0.0,4424.102539,4306.666504,4145.641113,4325.512695,4280.0,4280.512695,4305.0,4291.025879,4269.230957,4290.769043,4568.974121,4533.461426,4425.384766,4474.615234,,,,,,,,,,,,,,,,,,,,,,,,,,,,,,,,,,,,,,,,,,,,,,,,,,,,,,,,,,,,,,,,,,,,,,
1769161507.834388,1769161507.835161,115.0,0.0,4426.922852,4308.333496,4147.436035,4325.641113,4281.282227,4286.282227,4303.205078,4293.846191,4275.512695,4292.820313,4569.230957,4538.077148,4421.282227,4474.102539,,,,,,,,,,,,,,,,,,,,,,,,,,,,,,,,,,,,,,,,,,,,,,,,,,,,,,,,,,,,,,,,,,,,,,
1769161507.842196,1769161507.84277,116.0,0.0,4425.641113,4307.05127,4146.666504,4325.384766,4286.794922,4295.0,4308.974121,4297.94873,4280.128418,4302.436035,4572.436035,4541.025879,4420.384766,4482.436035,,,,,,,,,,,,,,,,,,,,,,,,,,,,,,,,,,,,,,,,,,,,,,,,,,,,,,,,,,,,,,,,,,,,,,
1769161507.850005,1769161507.850579,117.0,0.0,4425.897461,4312.05127,4146.153809,4326.410156,4293.589844,4294.743652,4308.846191,4294.743652,4276.794922,4298.333496,4573.333496,4537.05127,4428.589844,4493.077148,,,,,,,,,,,,,,,,,,,,,,,,,,,,,,,,,,,,,,,,,,,,,,,,,,,,,,,,,,,,,,,,,,,,,,
1769161507.857813,1769161507.858287,118.0,0.0,4427.436035,4315.256348,4146.538574,4325.128418,4291.538574,4292.179688,4304.871582,4294.102539,4277.179688,4291.538574,4571.538574,4538.846191,4427.692383,4492.436035,,,,,,,,,,,,,,,,,,,,,,,,,,,,,,,,,,,,,,,,,,,,,,,,,,,,,,,,,,,,,,,,,,,,,,
1769161507.865621,1769161507.866096,119.0,0.0,4425.384766,4310.769043,4140.0,4320.769043,4286.666504,4295.128418,4307.307617,4294.358887,4277.05127,4297.94873,4568.077148,4539.358887,4413.589844,4479.358887,,,,,,,,,,,,,,,,,,,,,,,,,,,,,,,,,,,,,,,,,,,,,,,,,,,,,,,,,,,,,,,,,,,,,,
1769161507.87343,1769161507.873704,120.0,0.0,4425.384766,4308.461426,4136.282227,4322.179688,4288.205078,4296.538574,4313.205078,4292.692383,4276.153809,4298.846191,4566.153809,4536.666504,4410.897461,4478.974121,,,,,,,,,,,,,,,,,,,,,,,,,,,,,,,,,,,,,,,,,,,,,,,,,,,,,,,,,,,,,,,,,,,,,,
1769161507.881238,1769161507.881513,121.0,0.0,4429.743652,4311.025879,4140.512695,4324.487305,4289.230957,4297.692383,4312.692383,4294.230957,4278.461426,4293.589844,4569.871582,4538.205078,4418.205078,4487.692383,,,,,,,,,,,,,,,,,,,,,,,,,,,,,,,,,,,,,,,,,,,,,,,,,,,,,,,,,,,,,,,,,,,,,,
1769161507.889047,1769161507.889421,122.0,0.0,4423.974121,4308.461426,4134.102539,4315.641113,4283.974121,4291.153809,4305.384766,4292.820313,4278.077148,4296.410156,4570.512695,4538.589844,4412.05127,4479.615234,,,,,,,,,,,,,,,,,,,,,,,,,,,,,,,,,,,,,,,,,,,,,,,,,,,,,,,,,,,,,,,,,,,,,,
1769161507.896855,1769161507.897229,123.0,0.0,4412.307617,4302.563965,4127.307617,4306.666504,4280.769043,4279.743652,4301.538574,4290.384766,4276.538574,4298.077148,4562.94873,4537.307617,4406.153809,4470.0,,,,,,,,,,,,,,,,,,,,,,,,,,,,,,,,,,,,,,,,,,,,,,,,,,,,,,,,,,,,,,,,,,,,,,
1769161507.904664,1769161507.905238,124.0,0.0,4410.641113,4301.410156,4132.05127,4308.717773,4283.974121,4282.307617,4308.333496,4293.205078,4278.333496,4294.102539,4556.794922,4539.102539,4408.717773,4474.230957,,,,,,,,,,,,,,,,,,,,,,,,,,,,,,,,,,,,,,,,,,,,,,,,,,,,,,,,,,,,,,,,,,,,,,
1769161507.912472,1769161507.913046,125.0,0.0,4416.538574,4303.974121,4136.153809,4312.307617,4283.205078,4290.128418,4314.743652,4293.589844,4278.205078,4293.333496,4556.025879,4535.769043,4406.282227,4471.922852,,,,,,,,,,,,,,,,,,,,,,,,,,,,,,,,,,,,,,,,,,,,,,,,,,,,,,,,,,,,,,,,,,,,,,
1769161507.920281,1769161507.920955,126.0,0.0,4417.563965,4305.897461,4136.282227,4311.538574,4279.871582,4287.94873,4307.563965,4291.794922,4278.589844,4294.102539,4555.384766,4530.641113,4404.743652,4465.641113,0.368665,0.537337,0.353576,0.10433,0.095096,0.378985,0.406042,0.129068,0.137572,0.085698,0.2629,0.218652,0.141051,0.179321,0.108996,0.185259,0.194269,0.115723,0.161377,0.126068,0.161879,0.204574,0.182915,0.092022,0.066668,0.049617,0.143054,0.141953,0.093462,0.083749,0.096338,0.228099,0.175133,0.103809,0.139137,0.371626,0.187661,0.339862,0.214879,0.138479,0.377395,0.200359,0.238783,0.154508,0.187598,0.270437,0.292225,0.282777,0.517426,0.404858,0.519676,0.313889,0.259295,0.281325,0.199212,0.334491,0.283715,0.172507,0.217184,0.152008,0.305105,0.28444,0.323041,0.386143,0.246682,0.723024,0.482479,0.313164,0.389313,0.324276
1769161507.928089,1769161507.928763,127.0,0.0,4414.102539,4304.871582,4134.102539,4309.871582,4283.333496,4282.820313,4303.205078,4292.94873,4280.897461,4297.820313,4555.256348,4534.743652,4411.025879,4470.641113,,,,,,,,,,,,,,,,,,,,,,,,,,,,,,,,,,,,,,,,,,,,,,,,,,,,,,,,,,,,,,,,,,,,,,
1769161507.935897,1769161507.936372,0.0,0.0,4412.436035,4304.230957,4132.307617,4312.307617,4287.307617,4282.692383,4307.820313,4291.666504,4280.128418,4293.717773,4556.794922,4538.461426,4411.666504,4475.384766,,,,,,,,,,,,,,,,,,,,,,,,,,,,,,,,,,,,,,,,,,,,,,,,,,,,,,,,,,,,,,,,,,,,,,
1769161507.943706,1769161507.94418,1.0,0.0,4414.615234,4306.025879,4133.846191,4317.563965,4286.410156,4282.436035,4310.641113,4288.077148,4276.538574,4283.333496,4557.436035,4534.102539,4407.05127,4475.769043,,,,,,,,,,,,,,,,,,,,,,,,,,,,,,,,,,,,,,,,,,,,,,,,,,,,,,,,,,,,,,,,,,,,,,
1769161507.951514,1769161507.951889,2.0,0.0,4415.512695,4307.307617,4136.282227,4317.94873,4285.256348,4283.205078,4310.897461,4293.717773,4274.871582,4284.230957,4556.025879,4535.256348,4403.717773,4476.922852,,,,,,,,,,,,,,,,,,,,,,,,,,,,,,,,,,,,,,,,,,,,,,,,,,,,,,,,,,,,,,,,,,,,,,
1769161507.959323,1769161507.959697,3.0,0.0,4411.410156,4305.128418,4129.102539,4312.307617,4283.205078,4281.794922,4308.077148,4295.897461,4279.871582,4288.205078,4555.0,4539.230957,4398.974121,4474.871582,,,,,,,,,,,,,,,,,,,,,,,,,,,,,,,,,,,,,,,,,,,,,,,,,,,,,,,,,,,,,,,,,,,,,,
1769161507.967131,1769161507.967705,4.0,0.0,4406.282227,4302.307617,4119.743652,4309.102539,4279.487305,4279.358887,4307.05127,4284.871582,4279.487305,4290.384766,4555.256348,4532.436035,4403.077148,4479.230957,,,,,,,,,,,,,,,,,,,,,,,,,,,,,,,,,,,,,,,,,,,,,,,,,,,,,,,,,,,,,,,,,,,,,,
1769161507.97494,1769161507.975514,5.0,0.0,4404.102539,4303.205078,4122.05127,4310.256348,4279.743652,4283.589844,4311.025879,4279.230957,4268.077148,4291.794922,4556.282227,4525.128418,4413.974121,4490.256348,,,,,,,,,,,,,,,,,,,,,,,,,,,,,,,,,,,,,,,,,,,,,,,,,,,,,,,,,,,,,,,,,,,,,,
1769161507.982748,1769161507.983422,6.0,0.0,4404.871582,4304.615234,4126.282227,4312.05127,4283.461426,4281.282227,4308.461426,4281.153809,4265.128418,4282.436035,4555.128418,4523.461426,4413.333496,4487.820313,,,,,,,,,,,,,,,,,,,,,,,,,,,,,,,,,,,,,,,,,,,,,,,,,,,,,,,,,,,,,,,,,,,,,,
1769161507.990557,1769161507.991231,7.0,0.0,4409.871582,4305.512695,4126.025879,4312.436035,4282.820313,4274.615234,4301.282227,4281.153809,4277.179688,4279.230957,4553.589844,4523.461426,4409.743652,4477.820313,,,,,,,,,,,,,,,,,,,,,,,,,,,,,,,,,,,,,,,,,,,,,,,,,,,,,,,,,,,,,,,,,,,,,,
1769161507.998365,1769161507.998839,8.0,0.0,4412.94873,4306.794922,4128.974121,4312.436035,4282.179688,4276.282227,4304.871582,4282.436035,4281.666504,4294.743652,4554.615234,4523.846191,4413.846191,4478.974121,,,,,,,,,,,,,,,,,,,,,,,,,,,,,,,,,,,,,,,,,,,,,,,,,,,,,,,,,,,,,,,,,,,,,,
1769161508.006173,1769161508.006648,9.0,0.0,4406.410156,4305.769043,4130.641113,4313.205078,4286.282227,4283.461426,4314.102539,4287.179688,4277.563965,4297.307617,4555.512695,4526.153809,4415.384766,4479.743652,,,,,,,,,,,,,,,,,,,,,,,,,,,,,,,,,,,,,,,,,,,,,,,,,,,,,,,,,,,,,,,,,,,,,,
1769161508.013982,1769161508.014556,10.0,0.0,4400.128418,4302.307617,4126.794922,4311.025879,4286.538574,4283.461426,4310.256348,4285.0,4278.846191,4287.436035,4553.461426,4525.128418,4408.974121,4474.487305,,,,,,,,,,,,,,,,,,,,,,,,,,,,,,,,,,,,,,,,,,,,,,,,,,,,,,,,,,,,,,,,,,,,,,
1769161508.02179,1769161508.022364,11.0,0.0,4405.769043,4304.230957,4129.871582,4310.897461,4281.922852,4278.461426,4301.025879,4277.94873,4281.282227,4293.846191,4554.615234,4522.94873,4409.358887,4480.0,,,,,,,,,,,,,,,,,,,,,,,,,,,,,,,,,,,,,,,,,,,,,,,,,,,,,,,,,,,,,,,,,,,,,,
1769161508.029599,1769161508.029973,12.0,0.0,4413.846191,4310.641113,4139.358887,4319.487305,4282.692383,4279.102539,4304.102539,4278.589844,4279.358887,4299.230957,4564.358887,4532.05127,4421.025879,4491.922852,,,,,,,,,,,,,,,,,,,,,,,,,,,,,,,,,,,,,,,,,,,,,,,,,,,,,,,,,,,,,,,,,,,,,,
1769161508.037407,1769161508.037782,13.0,0.0,4411.794922,4310.256348,4139.871582,4321.153809,4284.102539,4281.282227,4311.794922,4281.538574,4277.94873,4292.05127,4569.615234,4540.897461,4424.615234,4494.487305,,,,,,,,,,,,,,,,,,,,,,,,,,,,,,,,,,,,,,,,,,,,,,,,,,,,,,,,,,,,,,,,,,,,,,
1769161508.045216,1769161508.04549,14.0,0.0,4407.307617,4304.871582,4137.179688,4312.436035,4278.589844,4278.717773,4310.0,4283.974121,4278.205078,4290.641113,4560.897461,4535.128418,4413.333496,4492.307617,0.390356,0.462097,0.298331,0.095388,0.092922,0.357939,0.341321,0.092739,0.110929,0.077636,0.281486,0.199011,0.124406,0.169018,0.103751,0.198078,0.156837,0.10486,0.15247,0.117609,0.113632,0.163801,0.151915,0.081504,0.066801,0.042616,0.107416,0.149545,0.10032,0.1018,0.075473,0.214177,0.194172,0.091199,0.137793,0.355356,0.205114,0.288987,0.216105,0.145604,0.305935,0.214862,0.202822,0.147248,0.195264,0.304656,0.323985,0.244387,0.516132,0.375811,0.56573,0.289901,0.214278,0.271749,0.217587,0.306597,0.250096,0.155793,0.18312,0.149674,0.253307,0.25137,0.264519,0.332805,0.222316,0.767588,0.445621,0.295147,0.355653,0.350106
1769161508.053024,1769161508.053299,15.0,0.0,4403.974121,4303.205078,4138.974121,4310.0,4277.307617,4277.563965,4305.769043,4289.102539,4278.717773,4296.025879,4554.102539,4527.307617,4408.077148,4488.846191,,,,,,,,,,,,,,,,,,,,,,,,,,,,,,,,,,,,,,,,,,,,,,,,,,,,,,,,,,,,,,,,,,,,,,
1769161508.060833,1769161508.060907,16.0,0.0,4396.794922,4303.205078,4131.794922,4311.025879,4282.05127,4279.358887,4308.589844,4291.794922,4278.077148,4286.794922,4556.538574,4523.974121,4407.307617,4481.922852,,,,,,,,,,,,,,,,,,,,,,,,,,,,,,,,,,,,,,,,,,,,,,,,,,,,,,,,,,,,,,,,,,,,,,
1769161508.068641,1769161508.068716,17.0,0.0,4395.641113,4303.974121,4124.102539,4311.666504,4282.820313,4274.871582,4310.128418,4288.846191,4277.179688,4271.794922,4555.769043,4522.563965,4400.256348,4482.692383,,,,,,,,,,,,,,,,,,,,,,,,,,,,,,,,,,,,,,,,,,,,,,,,,,,,,,,,,,,,,,,,,,,,,,
1769161508.07645,1769161508.076424,18.0,0.0,4406.282227,4309.358887,4132.307617,4317.307617,4282.179688,4278.589844,4310.0,4290.0,4279.743652,4284.487305,4553.589844,4528.974121,4403.077148,4491.410156,,,,,,,,,,,,,,,,,,,,,,,,,,,,,,,,,,,,,,,,,,,,,,,,,,,,,,,,,,,,,,,,,,,,,,
1769161508.084258,1769161508.084233,19.0,0.0,4406.538574,4310.256348,4140.0,4316.153809,4281.794922,4291.410156,4312.820313,4297.436035,4282.820313,4306.666504,4555.897461,4534.615234,4411.794922,4491.282227,,,,,,,,,,,,,,,,,,,,,,,,,,,,,,,,,,,,,,,,,,,,,,,,,,,,,,,,,,,,,,,,,,,,,,
1769161508.092067,1769161508.092241,20.0,0.0,4396.025879,4304.487305,4135.512695,4309.743652,4280.128418,4289.871582,4315.512695,4296.538574,4280.769043,4301.025879,4554.615234,4527.179688,4408.333496,4486.922852,,,,,,,,,,,,,,,,,,,,,,,,,,,,,,,,,,,,,,,,,,,,,,,,,,,,,,,,,,,,,,,,,,,,,,
1769161508.099875,1769161508.100049,21.0,0.0,4400.0,4307.179688,4133.717773,4313.077148,4281.410156,4278.846191,4310.897461,4288.589844,4278.077148,4287.436035,4550.897461,4519.358887,4403.333496,4488.077148,,,,,,,,,,,,,,,,,,,,,,,,,,,,,,,,,,,,,,,,,,,,,,,,,,,,,,,,,,,,,,,,,,,,,,
1769161508.107684,1769161508.107958,22.0,0.0,4408.077148,4315.256348,4138.461426,4316.153809,4282.307617,4274.871582,4297.05127,4289.102539,4277.179688,4291.922852,4551.410156,4522.94873,4403.077148,4488.846191,,,,,,,,,,,,,,,,,,,,,,,,,,,,,,,,,,,,,,,,,,,,,,,,,,,,,,,,,,,,,,,,,,,,,,
1769161508.115492,1769161508.115766,23.0,0.0,4401.282227,4307.94873,4138.589844,4312.05127,4278.205078,4277.820313,4294.743652,4296.666504,4280.0,4289.743652,4555.0,4530.641113,4405.256348,4489.743652,,,,,,,,,,,,,,,,,,,,,,,,,,,,,,,,,,,,,,,,,,,,,,,,,,,,,,,,,,,,,,,,,,,,,,
1769161508.1233,1769161508.123774,24.0,0.0,4393.205078,4295.128418,4132.692383,4308.205078,4275.0,4274.615234,4305.0,4297.179688,4279.358887,4278.461426,4556.538574,4528.717773,4402.820313,4488.461426,,,,,,,,,,,,,,,,,,,,,,,,,,,,,,,,,,,,,,,,,,,,,,,,,,,,,,,,,,,,,,,,,,,,,,
1769161508.131109,1769161508.131583,25.0,0.0,4393.974121,4298.974121,4129.615234,4305.641113,4276.282227,4265.769043,4304.871582,4292.692383,4272.436035,4283.461426,4553.589844,4520.897461,4398.846191,4484.102539,,,,,,,,,,,,,,,,,,,,,,,,,,,,,,,,,,,,,,,,,,,,,,,,,,,,,,,,,,,,,,,,,,,,,,
1769161508.138917,1769161508.139291,26.0,0.0,4397.179688,4307.94873,4133.205078,4307.436035,4277.436035,4267.94873,4299.743652,4297.436035,4271.794922,4295.384766,4556.025879,4526.282227,4405.0,4487.179688,,,,,,,,,,,,,,,,,,,,,,,,,,,,,,,,,,,,,,,,,,,,,,,,,,,,,,,,,,,,,,,,,,,,,,
1769161508.146726,1769161508.1471,27.0,0.0,4398.205078,4304.615234,4137.820313,4310.256348,4278.205078,4278.333496,4304.102539,4307.307617,4278.974121,4297.820313,4563.846191,4540.256348,4414.871582,4494.358887,,,,,,,,,,,,,,,,,,,,,,,,,,,,,,,,,,,,,,,,,,,,,,,,,,,,,,,,,,,,,,,,,,,,,,
1769161508.154534,1769161508.155108,28.0,0.0,4395.897461,4300.256348,4136.922852,4306.794922,4276.153809,4277.563965,4304.487305,4309.743652,4280.512695,4292.820313,4565.256348,4542.563965,4413.333496,4494.230957,,,,,,,,,,,,,,,,,,,,,,,,,,,,,,,,,,,,,,,,,,,,,,,,,,,,,,,,,,,,,,,,,,,,,,
1769161508.162343,1769161508.162916,29.0,0.0,4390.256348,4304.102539,4136.794922,4304.358887,4270.769043,4269.358887,4298.077148,4307.94873,4277.692383,4290.512695,4562.436035,4538.077148,4409.743652,4490.384766,,,,,,,,,,,,,,,,,,,,,,,,,,,,,,,,,,,,,,,,,,,,,,,,,,,,,,,,,,,,,,,,,,,,,,
1769161508.170151,1769161508.170825,30.0,0.0,4385.512695,4303.333496,4138.974121,4303.717773,4273.846191,4276.922852,4303.589844,4308.974121,4279.743652,4291.410156,4560.384766,4535.256348,4413.205078,4489.871582,0.412333,0.398159,0.247224,0.096653,0.097393,0.351701,0.2785,0.067606,0.086192,0.069799,0.311642,0.184851,0.123156,0.157897,0.098838,0.216741,0.130417,0.095341,0.138211,0.105158,0.090249,0.133962,0.12663,0.072765,0.065645,0.054672,0.088517,0.172431,0.103342,0.12126,0.067951,0.218201,0.212146,0.083209,0.141183,0.329436,0.225392,0.253699,0.206487,0.153308,0.304452,0.250543,0.181039,0.135805,0.193216,0.330461,0.367211,0.241192,0.483557,0.357482,0.601451,0.265702,0.194931,0.254212,0.224115,0.286115,0.226443,0.156582,0.15618,0.145446,0.239938,0.234936,0.237521,0.266765,0.191122,0.780137,0.416944,0.295304,0.329381,0.349491
1769161508.17796,1769161508.178633,31.0,0.0,4383.717773,4294.871582,4137.179688,4300.769043,4280.769043,4282.563965,4310.769043,4311.666504,4281.153809,4296.538574,4557.307617,4534.102539,4412.179688,4488.717773,,,,,,,,,,,,,,,,,,,,,,,,,,,,,,,,,,,,,,,,,,,,,,,,,,,,,,,,,,,,,,,,,,,,,,
1769161508.185768,1769161508.186242,32.0,0.0,4386.666504,4294.487305,4137.436035,4301.794922,4278.205078,4272.820313,4305.384766,4311.282227,4279.743652,4302.94873,4556.153809,4537.307617,4408.846191,4488.205078,,,,,,,,,,,,,,,,,,,,,,,,,,,,,,,,,,,,,,,,,,,,,,,,,,,,,,,,,,,,,,,,,,,,,,
1769161508.193576,1769161508.19405,33.0,0.0,4386.794922,4300.128418,4144.743652,4304.615234,4275.256348,4272.05127,4301.282227,4308.589844,4279.871582,4301.666504,4557.179688,4539.615234,4410.384766,4489.743652,,,,,,,,,,,,,,,,,,,,,,,,,,,,,,,,,,,,,,,,,,,,,,,,,,,,,,,,,,,,,,,,,,,,,,
1769161508.201385,1769161508.201759,34.0,0.0,4381.666504,4301.666504,4152.692383,4304.487305,4279.102539,4280.769043,4306.153809,4309.615234,4280.256348,4302.820313,4562.307617,4537.820313,4412.563965,4491.666504,,,,,,,,,,,,,,,,,,,,,,,,,,,,,,,,,,,,,,,,,,,,,,,,,,,,,,,,,,,,,,,,,,,,,,
1769161508.209193,1769161508.209567,35.0,0.0,4380.0,4300.641113,4152.820313,4303.461426,4279.615234,4283.205078,4309.487305,4311.666504,4280.641113,4311.410156,4567.94873,4541.282227,4413.205078,4493.846191,,,,,,,,,,,,,,,,,,,,,,,,,,,,,,,,,,,,,,,,,,,,,,,,,,,,,,,,,,,,,,,,,,,,,,
1769161508.217002,1769161508.217576,36.0,0.0,4378.077148,4298.205078,4147.563965,4298.717773,4277.307617,4276.922852,4308.846191,4306.922852,4279.230957,4311.922852,4560.769043,4538.077148,4411.538574,4487.307617,,,,,,,,,,,,,,,,,,,,,,,,,,,,,,,,,,,,,,,,,,,,,,,,,,,,,,,,,,,,,,,,,,,,,,
1769161508.22481,1769161508.225384,37.0,0.0,4377.179688,4296.282227,4148.589844,4294.615234,4279.102539,4273.205078,4308.077148,4305.128418,4280.256348,4302.820313,4555.641113,4527.436035,4411.922852,4476.410156,,,,,,,,,,,,,,,,,,,,,,,,,,,,,,,,,,,,,,,,,,,,,,,,,,,,,,,,,,,,,,,,,,,,,,
1769161508.232619,1769161508.233093,38.0,0.0,4379.871582,4295.897461,4153.333496,4297.179688,4279.230957,4275.897461,4308.717773,4308.717773,4283.717773,4303.589844,4565.256348,4531.282227,4412.94873,4476.025879,,,,,,,,,,,,,,,,,,,,,,,,,,,,,,,,,,,,,,,,,,,,,,,,,,,,,,,,,,,,,,,,,,,,,,
1769161508.240427,1769161508.240901,39.0,0.0,4378.077148,4296.410156,4154.487305,4297.563965,4275.641113,4278.205078,4309.615234,4302.563965,4279.102539,4313.205078,4563.846191,4533.846191,4405.128418,4478.974121,,,,,,,,,,,,,,,,,,,,,,,,,,,,,,,,,,,,,,,,,,,,,,,,,,,,,,,,,,,,,,,,,,,,,,
1769161508.248236,1769161508.24851,40.0,0.0,4375.256348,4300.641113,4154.615234,4295.769043,4275.641113,4277.94873,4310.897461,4292.820313,4272.94873,4308.846191,4552.179688,4525.256348,4399.487305,4476.153809,,,,,,,,,,,,,,,,,,,,,,,,,,,,,,,,,,,,,,,,,,,,,,,,,,,,,,,,,,,,,,,,,,,,,,
1769161508.256044,1769161508.256318,41.0,0.0,4381.410156,4305.384766,4154.358887,4294.743652,4278.717773,4278.717773,4310.256348,4293.589844,4276.410156,4299.871582,4552.820313,4526.538574,4404.102539,4475.0,,,,,,,,,,,,,,,,,,,,,,,,,,,,,,,,,,,,,,,,,,,,,,,,,,,,,,,,,,,,,,,,,,,,,,
1769161508.263852,1769161508.264027,42.0,0.0,4385.128418,4307.563965,4158.846191,4296.282227,4277.820313,4282.692383,4309.102539,4295.641113,4281.282227,4305.0,4558.077148,4535.0,4409.230957,4477.179688,,,,,,,,,,,,,,,,,,,,,,,,,,,,,,,,,,,,,,,,,,,,,,,,,,,,,,,,,,,,,,,,,,,,,,
1769161508.271661,1769161508.271835,43.0,0.0,4378.077148,4308.589844,4168.077148,4299.102539,4275.128418,4281.538574,4310.0,4294.230957,4281.282227,4310.0,4556.666504,4531.153809,4411.282227,4475.0,,,,,,,,,,,,,,,,,,,,,,,,,,,,,,,,,,,,,,,,,,,,,,,,,,,,,,,,,,,,,,,,,,,,,,
1769161508.279469,1769161508.279843,44.0,0.0,4374.743652,4308.077148,4170.641113,4297.94873,4277.05127,4281.025879,4311.794922,4294.871582,4278.333496,4305.769043,4554.358887,4524.358887,4410.0,4474.358887,,,,,,,,,,,,,,,,,,,,,,,,,,,,,,,,,,,,,,,,,,,,,,,,,,,,,,,,,,,,,,,,,,,,,,
1769161508.287278,1769161508.287652,45.0,0.0,4380.128418,4306.666504,4170.384766,4300.384766,4278.589844,4282.563965,4312.563965,4297.179688,4276.025879,4304.102539,4553.717773,4525.128418,4405.256348,4474.871582,,,,,,,,,,,,,,,,,,,,,,,,,,,,,,,,,,,,,,,,,,,,,,,,,,,,,,,,,,,,,,,,,,,,,,
1769161508.295086,1769161508.29556,46.0,0.0,4382.94873,4308.461426,4178.333496,4307.05127,4276.922852,4278.717773,4308.461426,4292.563965,4276.922852,4305.384766,4553.461426,4524.871582,4400.641113,4473.077148,0.452484,0.356408,0.200533,0.103045,0.111597,0.373432,0.238628,0.053178,0.066335,0.065625,0.405799,0.185245,0.131581,0.146894,0.095326,0.247194,0.140063,0.087502,0.122311,0.09453,0.094673,0.122226,0.110028,0.06518,0.06371,0.092353,0.086821,0.203323,0.101802,0.138072,0.072853,0.237482,0.222929,0.081639,0.150674,0.298468,0.251577,0.242856,0.189045,0.158597,0.343999,0.29708,0.182921,0.123255,0.183539,0.337732,0.422798,0.294434,0.435795,0.352149,0.614684,0.249672,0.213483,0.231078,0.216018,0.270834,0.224485,0.179189,0.133217,0.140868,0.27548,0.234184,0.258924,0.202914,0.163052,0.761841,0.41362,0.323082,0.301422,0.3261
1769161508.302895,1769161508.303369,47.0,0.0,4375.897461,4308.589844,4184.102539,4303.846191,4277.692383,4276.153809,4305.897461,4284.871582,4278.077148,4306.025879,4552.05127,4529.487305,4402.563965,4478.589844,,,,,,,,,,,,,,,,,,,,,,,,,,,,,,,,,,,,,,,,,,,,,,,,,,,,,,,,,,,,,,,,,,,,,,
1769161508.310703,1769161508.311377,48.0,0.0,4371.025879,4307.436035,4182.436035,4299.102539,4281.153809,4279.615234,4310.641113,4287.307617,4277.05127,4311.282227,4556.538574,4537.820313,4406.538574,4491.025879,,,,,,,,,,,,,,,,,,,,,,,,,,,,,,,,,,,,,,,,,,,,,,,,,,,,,,,,,,,,,,,,,,,,,,
1769161508.318512,1769161508.319185,49.0,0.0,4376.666504,4311.794922,4184.102539,4300.512695,4281.794922,4281.666504,4312.436035,4289.230957,4277.307617,4312.179688,4565.0,4539.230957,4411.538574,4494.102539,,,,,,,,,,,,,,,,,,,,,,,,,,,,,,,,,,,,,,,,,,,,,,,,,,,,,,,,,,,,,,,,,,,,,,
1769161508.32632,1769161508.327094,50.0,0.0,4374.743652,4310.128418,4185.128418,4298.589844,4280.128418,4280.641113,4310.128418,4284.102539,4278.974121,4303.461426,4562.05127,4536.538574,4414.102539,4482.692383,,,,,,,,,,,,,,,,,,,,,,,,,,,,,,,,,,,,,,,,,,,,,,,,,,,,,,,,,,,,,,,,,,,,,,
1769161508.334129,1769161508.334902,51.0,0.0,4364.743652,4299.743652,4184.743652,4292.05127,4279.358887,4280.0,4310.769043,4289.743652,4281.282227,4303.974121,4555.769043,4536.538574,4405.641113,4473.846191,,,,,,,,,,,,,,,,,,,,,,,,,,,,,,,,,,,,,,,,,,,,,,,,,,,,,,,,,,,,,,,,,,,,,,
1769161508.341937,1769161508.342511,52.0,0.0,4367.179688,4299.871582,4194.230957,4296.025879,4280.512695,4280.769043,4311.794922,4295.897461,4283.333496,4312.436035,4557.179688,4539.487305,4397.436035,4479.871582,,,,,,,,,,,,,,,,,,,,,,,,,,,,,,,,,,,,,,,,,,,,,,,,,,,,,,,,,,,,,,,,,,,,,,
1769161508.349745,1769161508.350319,53.0,0.0,4374.743652,4308.717773,4205.512695,4306.538574,4281.282227,4280.897461,4310.512695,4284.615234,4280.512695,4309.743652,4557.179688,4540.384766,4398.589844,4489.102539,,,,,,,,,,,,,,,,,,,,,,,,,,,,,,,,,,,,,,,,,,,,,,,,,,,,,,,,,,,,,,,,,,,,,,
1769161508.357554,1769161508.358228,54.0,0.0,4370.641113,4305.641113,4204.102539,4308.717773,4280.256348,4278.205078,4310.897461,4277.563965,4277.05127,4299.358887,4552.820313,4536.025879,4399.871582,4489.871582,,,,,,,,,,,,,,,,,,,,,,,,,,,,,,,,,,,,,,,,,,,,,,,,,,,,,,,,,,,,,,,,,,,,,,
1769161508.365362,1769161508.366036,55.0,0.0,4369.487305,4301.153809,4199.615234,4303.589844,4279.102539,4277.436035,4310.641113,4281.666504,4278.461426,4296.794922,4552.563965,4527.692383,4395.256348,4486.666504,,,,,,,,,,,,,,,,,,,,,,,,,,,,,,,,,,,,,,,,,,,,,,,,,,,,,,,,,,,,,,,,,,,,,,
1769161508.373171,1769161508.374044,56.0,0.0,4372.820313,4308.846191,4202.05127,4303.077148,4278.589844,4277.692383,4308.205078,4279.102539,4278.717773,4294.743652,4554.743652,4524.615234,4396.410156,4488.717773,,,,,,,,,,,,,,,,,,,,,,,,,,,,,,,,,,,,,,,,,,,,,,,,,,,,,,,,,,,,,,,,,,,,,,
1769161508.380979,1769161508.381853,57.0,0.0,4363.717773,4310.641113,4203.077148,4303.205078,4278.461426,4272.436035,4306.153809,4276.794922,4279.743652,4295.512695,4555.0,4528.205078,4402.94873,4492.179688,,,,,,,,,,,,,,,,,,,,,,,,,,,,,,,,,,,,,,,,,,,,,,,,,,,,,,,,,,,,,,,,,,,,,,
1769161508.388788,1769161508.389561,58.0,0.0,4353.205078,4302.179688,4196.410156,4297.692383,4277.05127,4272.05127,4307.05127,4278.461426,4279.358887,4301.282227,4553.589844,4524.871582,4402.179688,4488.717773,,,,,,,,,,,,,,,,,,,,,,,,,,,,,,,,,,,,,,,,,,,,,,,,,,,,,,,,,,,,,,,,,,,,,,
1769161508.396596,1769161508.39737,59.0,0.0,4357.436035,4304.615234,4196.538574,4299.871582,4278.205078,4283.974121,4309.743652,4277.436035,4276.922852,4300.0,4555.897461,4521.282227,4402.436035,4485.128418,,,,,,,,,,,,,,,,,,,,,,,,,,,,,,,,,,,,,,,,,,,,,,,,,,,,,,,,,,,,,,,,,,,,,,
1769161508.404405,1769161508.404978,60.0,0.0,4363.333496,4312.05127,4208.333496,4308.205078,4285.512695,4290.641113,4309.615234,4279.102539,4284.743652,4302.563965,4563.077148,4531.025879,4409.358887,4488.974121,,,,,,,,,,,,,,,,,,,,,,,,,,,,,,,,,,,,,,,,,,,,,,,,,,,,,,,,,,,,,,,,,,,,,,
1769161508.412213,1769161508.412787,61.0,0.0,4362.94873,4309.743652,4216.153809,4305.256348,4287.94873,4282.692383,4308.333496,4282.307617,4291.538574,4314.615234,4566.025879,4540.769043,4414.102539,4492.692383,,,,,,,,,,,,,,,,,,,,,,,,,,,,,,,,,,,,,,,,,,,,,,,,,,,,,,,,,,,,,,,,,,,,,,
1769161508.420021,1769161508.420695,62.0,0.0,4366.025879,4306.153809,4214.358887,4297.05127,4281.410156,4275.769043,4307.179688,4280.128418,4284.102539,4314.230957,4566.025879,4538.077148,4413.589844,4491.538574,0.489739,0.340253,0.164693,0.111174,0.134944,0.426998,0.228889,0.04694,0.053007,0.067439,0.45785,0.206367,0.140468,0.138535,0.093712,0.292903,0.195062,0.081215,0.108134,0.089776,0.120762,0.128748,0.103851,0.058868,0.061784,0.158048,0.098987,0.233825,0.097561,0.149453,0.09086,0.262433,0.2239,0.086505,0.164438,0.281236,0.281168,0.252178,0.168643,0.159744,0.37964,0.334934,0.20606,0.112171,0.169888,0.323045,0.481022,0.396641,0.395289,0.356502,0.599799,0.246946,0.261047,0.20774,0.195748,0.262108,0.249449,0.217222,0.115365,0.138736,0.360362,0.241275,0.319654,0.15832,0.146205,0.720394,0.440712,0.37359,0.27276,0.289888
1769161508.42783,1769161508.428504,63.0,0.0,4367.94873,4303.205078,4215.0,4294.487305,4278.717773,4278.333496,4303.846191,4278.589844,4281.922852,4304.743652,4563.717773,4534.230957,4410.897461,4488.077148,,,,,,,,,,,,,,,,,,,,,,,,,,,,,,,,,,,,,,,,,,,,,,,,,,,,,,,,,,,,,,,,,,,,,,
1769161508.435638,1769161508.436512,64.0,0.0,4361.794922,4300.128418,4219.615234,4297.692383,4282.05127,4280.512695,4303.333496,4279.230957,4287.94873,4312.179688,4558.461426,4539.615234,4408.077148,4481.282227,,,,,,,,,,,,,,,,,,,,,,,,,,,,,,,,,,,,,,,,,,,,,,,,,,,,,,,,,,,,,,,,,,,,,,
1769161508.443447,1769161508.44432,65.0,0.0,4355.769043,4296.410156,4218.077148,4293.461426,4279.358887,4277.307617,4307.94873,4278.077148,4284.102539,4314.102539,4555.512695,4535.384766,4400.0,4473.461426,,,,,,,,,,,,,,,,,,,,,,,,,,,,,,,,,,,,,,,,,,,,,,,,,,,,,,,,,,,,,,,,,,,,,,
1769161508.451255,1769161508.452029,66.0,0.0,4351.538574,4285.512695,4212.820313,4283.589844,4273.717773,4278.333496,4310.769043,4278.333496,4278.077148,4296.794922,4553.205078,4522.94873,4388.205078,4470.128418,,,,,,,,,,,,,,,,,,,,,,,,,,,,,,,,,,,,,,,,,,,,,,,,,,,,,,,,,,,,,,,,,,,,,,
1769161508.459064,1769161508.459837,67.0,0.0,4348.717773,4279.871582,4217.436035,4285.897461,4273.077148,4281.538574,4310.128418,4282.307617,4279.230957,4292.436035,4550.897461,4524.871582,4386.666504,4469.487305,,,,,,,,,,,,,,,,,,,,,,,,,,,,,,,,,,,,,,,,,,,,,,,,,,,,,,,,,,,,,,,,,,,,,,
1769161508.466872,1769161508.467446,68.0,0.0,4356.410156,4289.743652,4228.589844,4296.153809,4272.179688,4276.794922,4308.205078,4282.179688,4279.743652,4309.230957,4559.615234,4539.358887,4402.307617,4477.94873,,,,,,,,,,,,,,,,,,,,,,,,,,,,,,,,,,,,,,,,,,,,,,,,,,,,,,,,,,,,,,,,,,,,,,
1769161508.474681,1769161508.475254,69.0,0.0,4365.641113,4299.487305,4235.769043,4301.025879,4270.256348,4271.794922,4304.358887,4280.512695,4286.410156,4314.230957,4574.358887,4548.846191,4416.794922,4494.487305,,,,,,,,,,,,,,,,,,,,,,,,,,,,,,,,,,,,,,,,,,,,,,,,,,,,,,,,,,,,,,,,,,,,,,
1769161508.482489,1769161508.482963,70.0,0.0,4360.256348,4300.384766,4240.256348,4302.94873,4270.769043,4275.897461,4305.641113,4285.0,4292.94873,4298.333496,4572.436035,4543.717773,4414.230957,4495.769043,,,,,,,,,,,,,,,,,,,,,,,,,,,,,,,,,,,,,,,,,,,,,,,,,,,,,,,,,,,,,,,,,,,,,,
1769161508.490297,1769161508.490771,71.0,0.0,4359.615234,4304.230957,4246.153809,4303.974121,4275.512695,4280.769043,4308.205078,4285.384766,4284.615234,4298.333496,4566.666504,4540.256348,4410.0,4491.666504,,,,,,,,,,,,,,,,,,,,,,,,,,,,,,,,,,,,,,,,,,,,,,,,,,,,,,,,,,,,,,,,,,,,,,
1769161508.498106,1769161508.49878,72.0,0.0,4368.974121,4306.282227,4249.487305,4301.922852,4278.461426,4278.717773,4305.641113,4278.974121,4276.794922,4312.563965,4572.692383,4547.94873,4416.153809,4500.128418,,,,,,,,,,,,,,,,,,,,,,,,,,,,,,,,,,,,,,,,,,,,,,,,,,,,,,,,,,,,,,,,,,,,,,
1769161508.505915,1769161508.506588,73.0,0.0,4359.487305,4298.077148,4247.307617,4296.794922,4275.769043,4280.0,4307.94873,4278.077148,4280.0,4309.230957,4568.589844,4549.358887,4413.717773,4500.897461,,,,,,,,,,,,,,,,,,,,,,,,,,,,,,,,,,,,,,,,,,,,,,,,,,,,,,,,,,,,,,,,,,,,,,
1769161508.513723,1769161508.514496,74.0,0.0,4344.615234,4292.307617,4246.410156,4292.179688,4273.717773,4278.461426,4310.769043,4283.077148,4283.846191,4302.05127,4560.897461,4543.077148,4405.769043,4490.128418,,,,,,,,,,,,,,,,,,,,,,,,,,,,,,,,,,,,,,,,,,,,,,,,,,,,,,,,,,,,,,,,,,,,,,
1769161508.521531,1769161508.522305,75.0,0.0,4349.487305,4295.0,4246.538574,4293.205078,4274.871582,4268.205078,4305.0,4282.820313,4282.436035,4302.94873,4566.410156,4537.820313,4409.615234,4491.410156,,,,,,,,,,,,,,,,,,,,,,,,,,,,,,,,,,,,,,,,,,,,,,,,,,,,,,,,,,,,,,,,,,,,,,
1769161508.52934,1769161508.530313,76.0,0.0,4353.717773,4297.179688,4247.436035,4296.538574,4275.641113,4268.974121,4302.820313,4277.692383,4278.461426,4296.025879,4567.307617,4530.641113,4412.692383,4492.436035,,,,,,,,,,,,,,,,,,,,,,,,,,,,,,,,,,,,,,,,,,,,,,,,,,,,,,,,,,,,,,,,,,,,,,
1769161508.537148,1769161508.538122,77.0,0.0,4347.307617,4294.615234,4254.102539,4296.666504,4277.563965,4278.461426,4306.410156,4276.794922,4276.538574,4293.974121,4559.743652,4526.794922,4406.794922,4479.230957,,,,,,,,,,,,,,,,,,,,,,,,,,,,,,,,,,,,,,,,,,,,,,,,,,,,,,,,,,,,,,,,,,,,,,
1769161508.544957,1769161508.54583,78.0,0.0,4347.563965,4295.769043,4262.692383,4302.05127,4277.436035,4277.820313,4303.589844,4279.743652,4279.358887,4303.974121,4561.282227,4536.794922,4408.333496,4478.589844,0.528864,0.338019,0.144409,0.120498,0.163057,0.496241,0.238064,0.046576,0.04766,0.075454,0.530918,0.245134,0.147503,0.135111,0.094065,0.343503,0.28066,0.076153,0.097843,0.091179,0.158975,0.147282,0.106789,0.053405,0.06029,0.24318,0.121792,0.257666,0.094016,0.155191,0.1208,0.279645,0.215459,0.096493,0.178077,0.289987,0.306843,0.266989,0.149854,0.156116,0.389133,0.34678,0.238147,0.103855,0.155605,0.301174,0.528746,0.516327,0.378324,0.363822,0.560615,0.258896,0.31284,0.189702,0.169714,0.26369,0.29187,0.25749,0.106907,0.141506,0.486907,0.247793,0.389877,0.143707,0.14202,0.669681,0.481616,0.428224,0.251941,0.252034
1769161508.552765,1769161508.553639,79.0,0.0,4351.410156,4300.128418,4266.410156,4305.512695,4271.666504,4273.589844,4301.794922,4280.641113,4281.410156,4302.436035,4565.256348,4541.794922,4413.717773,4492.05127,,,,,,,,,,,,,,,,,,,,,,,,,,,,,,,,,,,,,,,,,,,,,,,,,,,,,,,,,,,,,,,,,,,,,,
1769161508.560574,1769161508.561347,80.0,0.0,4350.384766,4297.436035,4268.333496,4299.358887,4267.692383,4276.153809,4305.128418,4278.205078,4278.717773,4292.820313,4562.307617,4536.666504,4410.512695,4493.333496,,,,,,,,,,,,,,,,,,,,,,,,,,,,,,,,,,,,,,,,,,,,,,,,,,,,,,,,,,,,,,,,,,,,,,
1769161508.568382,1769161508.569156,81.0,0.0,4350.769043,4295.128418,4275.0,4299.358887,4268.077148,4275.769043,4301.410156,4277.692383,4279.102539,4295.384766,4566.410156,4539.102539,4409.871582,4489.230957,,,,,,,,,,,,,,,,,,,,,,,,,,,,,,,,,,,,,,,,,,,,,,,,,,,,,,,,,,,,,,,,,,,,,,
1769161508.576191,1769161508.576864,82.0,0.0,4349.871582,4299.102539,4280.0,4306.538574,4269.487305,4275.897461,4297.436035,4279.487305,4281.922852,4303.205078,4569.230957,4540.256348,4410.641113,4493.333496,,,,,,,,,,,,,,,,,,,,,,,,,,,,,,,,,,,,,,,,,,,,,,,,,,,,,,,,,,,,,,,,,,,,,,
1769161508.583999,1769161508.584672,83.0,0.0,4343.717773,4297.820313,4279.487305,4306.410156,4269.487305,4280.384766,4298.205078,4279.230957,4279.487305,4289.871582,4560.128418,4535.897461,4406.153809,4489.871582,,,,,,,,,,,,,,,,,,,,,,,,,,,,,,,,,,,,,,,,,,,,,,,,,,,,,,,,,,,,,,,,,,,,,,
1769161508.591807,1769161508.592281,84.0,0.0,4340.641113,4292.05127,4282.820313,4301.538574,4269.615234,4277.436035,4296.410156,4276.922852,4276.922852,4272.436035,4552.94873,4536.282227,4402.820313,4480.641113,,,,,,,,,,,,,,,,,,,,,,,,,,,,,,,,,,,,,,,,,,,,,,,,,,,,,,,,,,,,,,,,,,,,,,
1769161508.599616,1769161508.60009,85.0,0.0,4345.128418,4294.230957,4290.384766,4304.743652,4273.077148,4276.794922,4294.358887,4279.102539,4281.666504,4288.717773,4555.512695,4536.282227,4401.025879,4481.666504,,,,,,,,,,,,,,,,,,,,,,,,,,,,,,,,,,,,,,,,,,,,,,,,,,,,,,,,,,,,,,,,,,,,,,
1769161508.607424,1769161508.607798,86.0,0.0,4346.282227,4297.94873,4295.256348,4308.205078,4275.512695,4273.077148,4295.769043,4282.05127,4285.0,4309.230957,4559.230957,4532.94873,4401.538574,4482.179688,,,,,,,,,,,,,,,,,,,,,,,,,,,,,,,,,,,,,,,,,,,,,,,,,,,,,,,,,,,,,,,,,,,,,,
1769161508.615233,1769161508.615607,87.0,0.0,4336.025879,4293.205078,4295.256348,4301.922852,4276.410156,4266.538574,4297.94873,4278.205078,4278.974121,4297.179688,4557.179688,4532.179688,4402.05127,4478.077148,,,,,,,,,,,,,,,,,,,,,,,,,,,,,,,,,,,,,,,,,,,,,,,,,,,,,,,,,,,,,,,,,,,,,,
1769161508.623041,1769161508.623615,88.0,0.0,4327.05127,4286.666504,4293.589844,4293.589844,4278.717773,4270.256348,4297.820313,4276.410156,4277.94873,4288.846191,4555.641113,4533.333496,4400.641113,4481.025879,,,,,,,,,,,,,,,,,,,,,,,,,,,,,,,,,,,,,,,,,,,,,,,,,,,,,,,,,,,,,,,,,,,,,,
1769161508.63085,1769161508.631423,89.0,0.0,4325.769043,4287.436035,4290.897461,4292.436035,4283.846191,4275.0,4295.641113,4280.512695,4278.205078,4293.974121,4552.179688,4528.077148,4397.692383,4480.897461,,,,,,,,,,,,,,,,,,,,,,,,,,,,,,,,,,,,,,,,,,,,,,,,,,,,,,,,,,,,,,,,,,,,,,
1769161508.638658,1769161508.639332,90.0,0.0,4328.717773,4292.820313,4292.563965,4295.897461,4287.563965,4271.282227,4293.846191,4277.692383,4270.769043,4282.436035,4549.487305,4521.025879,4395.384766,4476.153809,,,,,,,,,,,,,,,,,,,,,,,,,,,,,,,,,,,,,,,,,,,,,,,,,,,,,,,,,,,,,,,,,,,,,,
1769161508.646467,1769161508.64714,91.0,0.0,4331.282227,4294.358887,4300.897461,4296.153809,4288.846191,4269.615234,4296.153809,4272.436035,4270.128418,4273.846191,4552.94873,4522.563965,4394.358887,4484.615234,,,,,,,,,,,,,,,,,,,,,,,,,,,,,,,,,,,,,,,,,,,,,,,,,,,,,,,,,,,,,,,,,,,,,,
1769161508.654275,1769161508.654749,92.0,0.0,4334.615234,4293.461426,4310.512695,4294.230957,4288.846191,4272.94873,4297.563965,4274.871582,4277.436035,4281.410156,4555.512695,4529.358887,4397.05127,4494.358887,,,,,,,,,,,,,,,,,,,,,,,,,,,,,,,,,,,,,,,,,,,,,,,,,,,,,,,,,,,,,,,,,,,,,,
1769161508.662084,1769161508.662557,93.0,0.0,4338.333496,4295.641113,4316.153809,4297.563965,4290.897461,4269.871582,4294.487305,4276.153809,4276.922852,4285.128418,4553.589844,4527.94873,4398.846191,4491.025879,,,,,,,,,,,,,,,,,,,,,,,,,,,,,,,,,,,,,,,,,,,,,,,,,,,,,,,,,,,,,,,,,,,,,,
1769161508.669892,1769161508.670266,94.0,0.0,4335.384766,4296.410156,4317.307617,4303.717773,4293.589844,4267.05127,4295.0,4275.0,4275.128418,4280.128418,4552.94873,4519.871582,4395.384766,4485.384766,0.566698,0.328546,0.14241,0.132233,0.189348,0.563347,0.249189,0.052448,0.051805,0.087798,0.543026,0.289975,0.15967,0.137995,0.096307,0.389998,0.367585,0.074822,0.093438,0.095811,0.195028,0.168906,0.115869,0.048397,0.05903,0.328517,0.149883,0.274055,0.094435,0.156889,0.156885,0.277328,0.199237,0.10925,0.186082,0.322073,0.318371,0.272033,0.135292,0.148461,0.364325,0.325729,0.264958,0.097499,0.142433,0.294724,0.552936,0.612017,0.384251,0.368225,0.507937,0.282456,0.34371,0.179708,0.144953,0.293223,0.332963,0.288865,0.110458,0.149766,0.636571,0.254789,0.439709,0.159929,0.145577,0.631117,0.514647,0.459805,0.246866,0.220416
1769161508.6777,1769161508.678074,95.0,0.0,4337.307617,4296.794922,4321.922852,4304.230957,4294.230957,4270.769043,4298.333496,4279.487305,4281.410156,4276.666504,4555.512695,4526.025879,4400.0,4490.769043,,,,,,,,,,,,,,,,,,,,,,,,,,,,,,,,,,,,,,,,,,,,,,,,,,,,,,,,,,,,,,,,,,,,,,
1769161508.685509,1769161508.686082,96.0,0.0,4342.307617,4300.128418,4331.410156,4304.230957,4295.384766,4268.589844,4296.282227,4279.615234,4282.179688,4283.205078,4557.563965,4540.769043,4411.410156,4501.666504,,,,,,,,,,,,,,,,,,,,,,,,,,,,,,,,,,,,,,,,,,,,,,,,,,,,,,,,,,,,,,,,,,,,,,
1769161508.693317,1769161508.693891,97.0,0.0,4337.179688,4300.384766,4335.512695,4307.94873,4295.769043,4263.717773,4293.205078,4274.230957,4277.179688,4288.846191,4557.692383,4538.974121,4411.410156,4502.563965,,,,,,,,,,,,,,,,,,,,,,,,,,,,,,,,,,,,,,,,,,,,,,,,,,,,,,,,,,,,,,,,,,,,,,
1769161508.701126,1769161508.701799,98.0,0.0,4330.897461,4295.384766,4334.871582,4306.794922,4291.410156,4268.589844,4294.615234,4272.436035,4273.461426,4283.333496,4554.615234,4525.769043,4402.563965,4493.333496,,,,,,,,,,,,,,,,,,,,,,,,,,,,,,,,,,,,,,,,,,,,,,,,,,,,,,,,,,,,,,,,,,,,,,
1769161508.708934,1769161508.709608,99.0,0.0,4330.769043,4293.077148,4335.0,4303.974121,4285.769043,4275.128418,4296.538574,4270.769043,4268.077148,4278.077148,4552.179688,4520.256348,4400.384766,4489.743652,,,,,,,,,,,,,,,,,,,,,,,,,,,,,,,,,,,,,,,,,,,,,,,,,,,,,,,,,,,,,,,,,,,,,,
1769161508.716743,1769161508.717616,100.0,0.0,4329.102539,4294.615234,4336.025879,4305.769043,4280.256348,4268.333496,4295.0,4272.436035,4268.077148,4279.487305,4552.820313,4527.05127,4401.666504,4497.820313,,,,,,,,,,,,,,,,,,,,,,,,,,,,,,,,,,,,,,,,,,,,,,,,,,,,,,,,,,,,,,,,,,,,,,
1769161508.724551,1769161508.725424,101.0,0.0,4328.974121,4295.641113,4341.153809,4305.769043,4276.794922,4263.974121,4294.487305,4277.563965,4272.563965,4280.0,4554.487305,4538.589844,4399.871582,4504.615234,,,,,,,,,,,,,,,,,,,,,,,,,,,,,,,,,,,,,,,,,,,,,,,,,,,,,,,,,,,,,,,,,,,,,,
1769161508.73236,1769161508.733333,102.0,0.0,4333.589844,4294.102539,4351.282227,4302.436035,4277.820313,4268.717773,4296.025879,4277.94873,4274.743652,4279.487305,4556.282227,4535.512695,4402.692383,4506.538574,,,,,,,,,,,,,,,,,,,,,,,,,,,,,,,,,,,,,,,,,,,,,,,,,,,,,,,,,,,,,,,,,,,,,,
1769161508.740168,1769161508.741141,103.0,0.0,4332.820313,4296.153809,4353.077148,4302.05127,4281.282227,4267.436035,4295.512695,4274.871582,4277.692383,4279.230957,4556.153809,4524.230957,4409.871582,4506.794922,,,,,,,,,,,,,,,,,,,,,,,,,,,,,,,,,,,,,,,,,,,,,,,,,,,,,,,,,,,,,,,,,,,,,,
1769161508.747976,1769161508.74875,104.0,0.0,4337.563965,4302.692383,4353.589844,4308.333496,4282.563965,4261.282227,4292.563965,4268.589844,4275.769043,4280.512695,4556.025879,4529.487305,4413.846191,4507.692383,,,,,,,,,,,,,,,,,,,,,,,,,,,,,,,,,,,,,,,,,,,,,,,,,,,,,,,,,,,,,,,,,,,,,,
1769161508.755785,1769161508.756558,105.0,0.0,4343.333496,4302.179688,4359.358887,4310.897461,4280.769043,4264.487305,4291.153809,4263.846191,4267.307617,4280.769043,4557.692383,4541.922852,4412.563965,4509.743652,,,,,,,,,,,,,,,,,,,,,,,,,,,,,,,,,,,,,,,,,,,,,,,,,,,,,,,,,,,,,,,,,,,,,,
1769161508.763593,1769161508.764267,106.0,0.0,4331.153809,4294.615234,4359.615234,4301.538574,4280.256348,4270.641113,4293.717773,4271.153809,4267.307617,4272.820313,4556.025879,4538.974121,4410.0,4508.077148,,,,,,,,,,,,,,,,,,,,,,,,,,,,,,,,,,,,,,,,,,,,,,,,,,,,,,,,,,,,,,,,,,,,,,
1769161508.771402,1769161508.772075,107.0,0.0,4322.05127,4292.563965,4358.589844,4296.410156,4280.384766,4265.256348,4293.589844,4281.538574,4275.641113,4271.410156,4552.307617,4531.538574,4410.0,4507.692383,,,,,,,,,,,,,,,,,,,,,,,,,,,,,,,,,,,,,,,,,,,,,,,,,,,,,,,,,,,,,,,,,,,,,,
1769161508.77921,1769161508.779684,108.0,0.0,4330.0,4294.871582,4364.102539,4305.128418,4280.256348,4261.025879,4289.743652,4275.128418,4274.487305,4281.538574,4554.615234,4530.897461,4412.179688,4509.615234,,,,,,,,,,,,,,,,,,,,,,,,,,,,,,,,,,,,,,,,,,,,,,,,,,,,,,,,,,,,,,,,,,,,,,
1769161508.787019,1769161508.787492,109.0,0.0,4339.102539,4296.922852,4371.410156,4311.922852,4284.102539,4270.384766,4288.846191,4272.05127,4270.769043,4282.05127,4557.692383,4530.128418,4412.179688,4511.025879,,,,,,,,,,,,,,,,,,,,,,,,,,,,,,,,,,,,,,,,,,,,,,,,,,,,,,,,,,,,,,,,,,,,,,
1769161508.794827,1769161508.795201,110.0,0.0,4337.692383,4301.282227,4374.871582,4310.769043,4288.077148,4274.102539,4292.179688,4279.743652,4275.128418,4274.871582,4555.512695,4525.897461,4411.153809,4508.077148,0.582794,0.298263,0.162015,0.147576,0.207822,0.611528,0.257942,0.069181,0.066284,0.101403,0.54674,0.326719,0.192347,0.146694,0.100021,0.418261,0.431453,0.083921,0.097068,0.099831,0.215422,0.187447,0.12588,0.043955,0.057432,0.390196,0.176438,0.28482,0.100986,0.156571,0.196879,0.251238,0.17684,0.121951,0.183965,0.367451,0.30792,0.261394,0.124988,0.138565,0.31456,0.277821,0.277625,0.090705,0.130799,0.314849,0.550735,0.653674,0.396856,0.3683,0.452617,0.316337,0.345876,0.176327,0.126149,0.359268,0.360985,0.313841,0.124864,0.162236,0.776239,0.276897,0.460338,0.198197,0.149731,0.628362,0.53774,0.454603,0.260321,0.19762
1769161508.802636,1769161508.803009,111.0,0.0,4330.641113,4300.0,4372.563965,4306.538574,4288.461426,4266.538574,4293.077148,4274.230957,4277.05127,4277.307617,4553.461426,4523.589844,4411.410156,4505.897461,,,,,,,,,,,,,,,,,,,,,,,,,,,,,,,,,,,,,,,,,,,,,,,,,,,,,,,,,,,,,,,,,,,,,,
1769161508.810444,1769161508.810618,112.0,0.0,4323.589844,4294.871582,4370.769043,4302.94873,4286.153809,4266.025879,4291.153809,4264.487305,4273.589844,4282.307617,4555.0,4527.436035,4412.179688,4515.0,,,,,,,,,,,,,,,,,,,,,,,,,,,,,,,,,,,,,,,,,,,,,,,,,,,,,,,,,,,,,,,,,,,,,,
1769161508.818252,1769161508.818426,113.0,0.0,4326.666504,4297.820313,4377.692383,4305.128418,4285.256348,4268.333496,4292.05127,4273.205078,4277.05127,4281.794922,4557.692383,4535.897461,4414.615234,4521.153809,,,,,,,,,,,,,,,,,,,,,,,,,,,,,,,,,,,,,,,,,,,,,,,,,,,,,,,,,,,,,,,,,,,,,,
1769161508.826061,1769161508.826335,114.0,0.0,4339.358887,4304.358887,4385.641113,4311.025879,4286.025879,4265.512695,4294.358887,4278.077148,4279.615234,4280.0,4558.717773,4538.205078,4415.384766,4513.077148,,,,,,,,,,,,,,,,,,,,,,,,,,,,,,,,,,,,,,,,,,,,,,,,,,,,,,,,,,,,,,,,,,,,,,
1769161508.833869,1769161508.834143,115.0,0.0,4347.820313,4307.05127,4386.794922,4311.538574,4285.128418,4268.205078,4294.615234,4266.922852,4271.282227,4277.94873,4555.641113,4532.436035,4412.820313,4506.282227,,,,,,,,,,,,,,,,,,,,,,,,,,,,,,,,,,,,,,,,,,,,,,,,,,,,,,,,,,,,,,,,,,,,,,
1769161508.841678,1769161508.842151,116.0,0.0,4342.94873,4302.05127,4390.0,4310.256348,4279.743652,4270.512695,4294.487305,4265.0,4262.563965,4278.717773,4553.205078,4529.102539,4411.282227,4508.846191,,,,,,,,,,,,,,,,,,,,,,,,,,,,,,,,,,,,,,,,,,,,,,,,,,,,,,,,,,,,,,,,,,,,,,
1769161508.849486,1769161508.84996,117.0,0.0,4332.307617,4294.871582,4392.820313,4311.538574,4280.128418,4264.487305,4294.230957,4269.102539,4265.128418,4277.94873,4556.794922,4531.025879,4412.563965,4507.94873,,,,,,,,,,,,,,,,,,,,,,,,,,,,,,,,,,,,,,,,,,,,,,,,,,,,,,,,,,,,,,,,,,,,,,
1769161508.857295,1769161508.857668,118.0,0.0,4329.230957,4296.666504,4392.436035,4311.410156,4291.922852,4265.512695,4296.153809,4268.589844,4273.974121,4279.743652,4557.563965,4534.871582,4413.461426,4506.025879,,,,,,,,,,,,,,,,,,,,,,,,,,,,,,,,,,,,,,,,,,,,,,,,,,,,,,,,,,,,,,,,,,,,,,
1769161508.865103,1769161508.865477,119.0,0.0,4327.307617,4304.230957,4393.846191,4312.179688,4295.769043,4277.179688,4303.333496,4276.666504,4279.615234,4290.512695,4555.897461,4538.461426,4412.94873,4511.153809,,,,,,,,,,,,,,,,,,,,,,,,,,,,,,,,,,,,,,,,,,,,,,,,,,,,,,,,,,,,,,,,,,,,,,
1769161508.872912,1769161508.873086,120.0,0.0,4327.820313,4305.384766,4397.436035,4317.436035,4288.974121,4284.487305,4304.871582,4282.05127,4280.769043,4298.333496,4561.153809,4540.384766,4417.307617,4517.436035,,,,,,,,,,,,,,,,,,,,,,,,,,,,,,,,,,,,,,,,,,,,,,,,,,,,,,,,,,,,,,,,,,,,,,
1769161508.88072,1769161508.880894,121.0,0.0,4332.436035,4303.717773,4399.358887,4323.461426,4287.820313,4281.538574,4298.717773,4275.512695,4279.743652,4293.846191,4566.538574,4538.333496,4419.230957,4519.615234,,,,,,,,,,,,,,,,,,,,,,,,,,,,,,,,,,,,,,,,,,,,,,,,,,,,,,,,,,,,,,,,,,,,,,
1769161508.888528,1769161508.888802,122.0,0.0,4331.410156,4303.846191,4401.794922,4325.256348,4290.641113,4274.230957,4293.333496,4273.717773,4278.589844,4296.922852,4566.666504,4540.384766,4417.563965,4520.512695,,,,,,,,,,,,,,,,,,,,,,,,,,,,,,,,,,,,,,,,,,,,,,,,,,,,,,,,,,,,,,,,,,,,,,
1769161508.896337,1769161508.896611,123.0,0.0,4325.512695,4296.410156,4404.230957,4321.282227,4288.205078,4274.230957,4295.0,4281.153809,4280.0,4296.922852,4570.0,4548.974121,4421.666504,4522.05127,,,,,,,,,,,,,,,,,,,,,,,,,,,,,,,,,,,,,,,,,,,,,,,,,,,,,,,,,,,,,,,,,,,,,,
1769161508.904145,1769161508.904619,124.0,0.0,4324.102539,4292.563965,4404.743652,4319.487305,4284.615234,4281.025879,4301.922852,4278.717773,4281.153809,4281.153809,4574.743652,4547.692383,4423.974121,4522.692383,,,,,,,,,,,,,,,,,,,,,,,,,,,,,,,,,,,,,,,,,,,,,,,,,,,,,,,,,,,,,,,,,,,,,,
1769161508.911954,1769161508.912427,125.0,0.0,4327.179688,4304.615234,4408.205078,4323.974121,4285.128418,4277.436035,4300.384766,4270.384766,4279.487305,4283.461426,4567.692383,4539.871582,4416.153809,4523.461426,,,,,,,,,,,,,,,,,,,,,,,,,,,,,,,,,,,,,,,,,,,,,,,,,,,,,,,,,,,,,,,,,,,,,,
1769161508.919762,1769161508.920336,126.0,0.0,4326.794922,4312.563965,4414.102539,4327.179688,4288.205078,4263.205078,4292.05127,4267.307617,4277.05127,4300.512695,4559.615234,4537.436035,4410.897461,4517.436035,0.580319,0.25154,0.204626,0.165773,0.215453,0.631295,0.272347,0.10206,0.089218,0.113048,0.535646,0.346502,0.255986,0.158647,0.103934,0.432165,0.463938,0.108191,0.108916,0.101135,0.226692,0.202483,0.130364,0.040949,0.05497,0.410728,0.19411,0.28969,0.113349,0.155328,0.224982,0.206578,0.149381,0.130535,0.170237,0.409517,0.276709,0.239894,0.117688,0.128143,0.254964,0.218047,0.276855,0.082822,0.120906,0.35887,0.52958,0.640626,0.399108,0.368637,0.403579,0.356201,0.330653,0.176025,0.114282,0.462831,0.376536,0.342872,0.14564,0.176926,0.871393,0.326335,0.464943,0.244187,0.149547,0.665971,0.562762,0.422333,0.286852,0.182554
1769161508.927571,1769161508.928144,127.0,0.0,4325.384766,4303.717773,4413.846191,4322.179688,4288.974121,4265.641113,4292.94873,4270.0,4279.102539,4297.820313,4563.589844,4539.102539,4414.102539,4507.179688,,,,,,,,,,,,,,,,,,,,,,,,,,,,,,,,,,,,,,,,,,,,,,,,,,,,,,,,,,,,,,,,,,,,,,
1769161508.935379,1769161508.936153,0.0,0.0,4325.512695,4297.563965,4413.333496,4320.641113,4285.769043,4279.871582,4299.871582,4272.179688,4277.436035,4289.487305,4566.666504,4538.461426,4416.410156,4511.538574,,,,,,,,,,,,,,,,,,,,,,,,,,,,,,,,,,,,,,,,,,,,,,,,,,,,,,,,,,,,,,,,,,,,,,
1769161508.943188,1769161508.943961,1.0,0.0,4326.666504,4304.102539,4417.436035,4326.922852,4289.102539,4271.410156,4296.025879,4265.384766,4271.282227,4291.922852,4560.512695,4536.922852,4417.563965,4524.102539,,,,,,,,,,,,,,,,,,,,,,,,,,,,,,,,,,,,,,,,,,,,,,,,,,,,,,,,,,,,,,,,,,,,,,
1769161508.950996,1769161508.95167,2.0,0.0,4327.563965,4307.436035,4416.025879,4328.589844,4295.128418,4260.128418,4290.0,4261.025879,4273.333496,4286.410156,4560.897461,4538.333496,4417.563965,4525.769043,,,,,,,,,,,,,,,,,,,,,,,,,,,,,,,,,,,,,,,,,,,,,,,,,,,,,,,,,,,,,,,,,,,,,,
1769161508.958805,1769161508.959478,3.0,0.0,4327.179688,4303.333496,4415.641113,4326.153809,4287.563965,4272.563965,4298.205078,4272.692383,4279.871582,4276.410156,4567.05127,4540.256348,4413.846191,4522.563965,,,,,,,,,,,,,,,,,,,,,,,,,,,,,,,,,,,,,,,,,,,,,,,,,,,,,,,,,,,,,,,,,,,,,,
1769161508.966613,1769161508.967087,4.0,0.0,4328.717773,4302.179688,4424.487305,4326.025879,4278.974121,4285.128418,4307.307617,4279.743652,4278.717773,4282.94873,4562.820313,4539.871582,4413.461426,4522.179688,,,,,,,,,,,,,,,,,,,,,,,,,,,,,,,,,,,,,,,,,,,,,,,,,,,,,,,,,,,,,,,,,,,,,,
1769161508.974422,1769161508.974895,5.0,0.0,4327.179688,4305.256348,4427.94873,4326.282227,4286.410156,4281.025879,4302.94873,4270.0,4274.487305,4291.666504,4554.102539,4537.307617,4413.589844,4521.794922,,,,,,,,,,,,,,,,,,,,,,,,,,,,,,,,,,,,,,,,,,,,,,,,,,,,,,,,,,,,,,,,,,,,,,
1769161508.98223,1769161508.982604,6.0,0.0,4322.692383,4305.641113,4425.769043,4325.641113,4291.794922,4277.05127,4292.179688,4262.179688,4277.436035,4292.820313,4553.717773,4538.333496,4414.871582,4526.538574,,,,,,,,,,,,,,,,,,,,,,,,,,,,,,,,,,,,,,,,,,,,,,,,,,,,,,,,,,,,,,,,,,,,,,
1769161508.990039,1769161508.990412,7.0,0.0,4320.769043,4303.077148,4426.922852,4326.153809,4289.487305,4278.717773,4291.538574,4266.282227,4280.641113,4295.512695,4563.461426,4541.794922,4422.820313,4530.0,,,,,,,,,,,,,,,,,,,,,,,,,,,,,,,,,,,,,,,,,,,,,,,,,,,,,,,,,,,,,,,,,,,,,,
1769161508.997847,1769161508.998021,8.0,0.0,4319.358887,4301.666504,4427.179688,4325.897461,4289.102539,4276.538574,4296.282227,4272.820313,4277.820313,4289.615234,4570.641113,4541.922852,4425.512695,4522.436035,,,,,,,,,,,,,,,,,,,,,,,,,,,,,,,,,,,,,,,,,,,,,,,,,,,,,,,,,,,,,,,,,,,,,,
1769161509.005655,1769161509.005829,9.0,0.0,4317.692383,4302.94873,4426.025879,4324.358887,4285.641113,4278.461426,4295.256348,4275.897461,4277.820313,4281.794922,4569.615234,4541.025879,4416.794922,4517.563965,,,,,,,,,,,,,,,,,,,,,,,,,,,,,,,,,,,,,,,,,,,,,,,,,,,,,,,,,,,,,,,,,,,,,,
1769161509.013464,1769161509.013538,10.0,0.0,4321.410156,4306.538574,4427.307617,4326.922852,4284.615234,4280.769043,4294.871582,4271.025879,4281.025879,4286.794922,4566.282227,4540.256348,4415.128418,4521.922852,,,,,,,,,,,,,,,,,,,,,,,,,,,,,,,,,,,,,,,,,,,,,,,,,,,,,,,,,,,,,,,,,,,,,,
1769161509.021272,1769161509.021346,11.0,0.0,4327.179688,4308.333496,4430.256348,4328.846191,4287.436035,4276.410156,4295.384766,4264.102539,4280.256348,4287.179688,4562.05127,4540.384766,4415.897461,4525.641113,,,,,,,,,,,,,,,,,,,,,,,,,,,,,,,,,,,,,,,,,,,,,,,,,,,,,,,,,,,,,,,,,,,,,,
1769161509.029081,1769161509.029354,12.0,0.0,4328.077148,4303.717773,4434.487305,4325.384766,4284.743652,4279.102539,4295.0,4267.563965,4279.358887,4284.230957,4562.94873,4542.563965,4412.436035,4524.615234,,,,,,,,,,,,,,,,,,,,,,,,,,,,,,,,,,,,,,,,,,,,,,,,,,,,,,,,,,,,,,,,,,,,,,
1769161509.036889,1769161509.037163,13.0,0.0,4327.05127,4301.410156,4436.538574,4323.717773,4280.128418,4292.563965,4300.0,4275.384766,4281.025879,4293.077148,4569.230957,4543.846191,4420.256348,4525.0,,,,,,,,,,,,,,,,,,,,,,,,,,,,,,,,,,,,,,,,,,,,,,,,,,,,,,,,,,,,,,,,,,,,,,
1769161509.044698,1769161509.045071,14.0,0.0,4324.615234,4308.974121,4437.94873,4326.538574,4282.563965,4298.205078,4304.230957,4279.615234,4280.384766,4297.94873,4572.05127,4541.666504,4428.333496,4525.0,0.548368,0.211737,0.265201,0.186852,0.213091,0.621034,0.301531,0.151559,0.11617,0.120643,0.526694,0.350273,0.345717,0.170603,0.106237,0.426538,0.470481,0.146404,0.126868,0.100344,0.26327,0.218836,0.125473,0.040872,0.051577,0.382632,0.195344,0.285676,0.128279,0.153118,0.242649,0.153373,0.118342,0.131144,0.147045,0.43377,0.230628,0.214104,0.11247,0.118442,0.199772,0.162926,0.269156,0.075821,0.113084,0.402469,0.500719,0.588863,0.380747,0.374245,0.362636,0.392671,0.316194,0.174236,0.107364,0.578912,0.387869,0.387593,0.165806,0.192729,0.89686,0.403606,0.476563,0.283253,0.143555,0.749858,0.602512,0.392593,0.313174,0.172961
1769161509.052506,1769161509.05288,15.0,0.0,4321.794922,4312.563965,4442.307617,4327.692383,4286.922852,4286.666504,4298.717773,4277.94873,4277.692383,4289.487305,4565.897461,4538.589844,4418.461426,4523.589844,,,,,,,,,,,,,,,,,,,,,,,,,,,,,,,,,,,,,,,,,,,,,,,,,,,,,,,,,,,,,,,,,,,,,,
1769161509.060315,1769161509.060488,16.0,0.0,4324.615234,4310.0,4445.641113,4327.94873,4286.794922,4278.205078,4292.692383,4272.05127,4276.666504,4288.846191,4565.897461,4543.974121,4416.153809,4530.256348,,,,,,,,,,,,,,,,,,,,,,,,,,,,,,,,,,,,,,,,,,,,,,,,,,,,,,,,,,,,,,,,,,,,,,
1769161509.068123,1769161509.068297,17.0,0.0,4330.0,4310.641113,4444.615234,4329.358887,4284.615234,4279.871582,4294.743652,4271.538574,4278.717773,4295.641113,4573.461426,4555.384766,4428.974121,4541.794922,,,,,,,,,,,,,,,,,,,,,,,,,,,,,,,,,,,,,,,,,,,,,,,,,,,,,,,,,,,,,,,,,,,,,,
1769161509.075931,1769161509.076005,18.0,0.0,4328.205078,4306.153809,4442.179688,4325.128418,4280.384766,4282.179688,4297.436035,4276.282227,4280.128418,4293.974121,4568.333496,4551.922852,4425.128418,4537.436035,,,,,,,,,,,,,,,,,,,,,,,,,,,,,,,,,,,,,,,,,,,,,,,,,,,,,,,,,,,,,,,,,,,,,,
1769161509.08374,1769161509.083814,19.0,0.0,4322.179688,4296.153809,4441.666504,4320.256348,4278.333496,4282.307617,4296.922852,4279.102539,4278.717773,4288.717773,4556.922852,4538.717773,4411.794922,4526.025879,,,,,,,,,,,,,,,,,,,,,,,,,,,,,,,,,,,,,,,,,,,,,,,,,,,,,,,,,,,,,,,,,,,,,,
1769161509.091548,1769161509.091822,20.0,0.0,4322.307617,4295.384766,4443.077148,4321.282227,4279.358887,4278.717773,4293.333496,4276.410156,4281.282227,4289.615234,4558.974121,4540.769043,4411.025879,4531.025879,,,,,,,,,,,,,,,,,,,,,,,,,,,,,,,,,,,,,,,,,,,,,,,,,,,,,,,,,,,,,,,,,,,,,,
1769161509.099357,1769161509.09963,21.0,0.0,4321.282227,4298.589844,4443.846191,4318.974121,4281.282227,4280.0,4295.512695,4279.615234,4290.641113,4296.922852,4570.769043,4553.461426,4416.282227,4541.410156,,,,,,,,,,,,,,,,,,,,,,,,,,,,,,,,,,,,,,,,,,,,,,,,,,,,,,,,,,,,,,,,,,,,,,
1769161509.107165,1769161509.107539,22.0,0.0,4312.307617,4293.205078,4442.05127,4314.743652,4281.538574,4287.307617,4304.615234,4290.384766,4297.563965,4290.384766,4573.974121,4557.436035,4423.846191,4539.743652,,,,,,,,,,,,,,,,,,,,,,,,,,,,,,,,,,,,,,,,,,,,,,,,,,,,,,,,,,,,,,,,,,,,,,
1769161509.114974,1769161509.115347,23.0,0.0,4310.0,4292.05127,4442.436035,4316.538574,4279.230957,4284.102539,4302.05127,4287.563965,4290.384766,4285.256348,4571.410156,4554.358887,4426.410156,4536.025879,,,,,,,,,,,,,,,,,,,,,,,,,,,,,,,,,,,,,,,,,,,,,,,,,,,,,,,,,,,,,,,,,,,,,,
1769161509.122782,1769161509.123355,24.0,0.0,4321.538574,4299.871582,4445.897461,4322.94873,4280.641113,4277.692383,4300.641113,4275.641113,4279.871582,4295.512695,4570.512695,4552.05127,4419.871582,4537.820313,,,,,,,,,,,,,,,,,,,,,,,,,,,,,,,,,,,,,,,,,,,,,,,,,,,,,,,,,,,,,,,,,,,,,,
1769161509.130591,1769161509.131164,25.0,0.0,4327.307617,4301.410156,4448.461426,4327.436035,4282.563965,4282.820313,4307.563965,4278.077148,4284.615234,4293.974121,4570.512695,4553.717773,4419.230957,4539.230957,,,,,,,,,,,,,,,,,,,,,,,,,,,,,,,,,,,,,,,,,,,,,,,,,,,,,,,,,,,,,,,,,,,,,,
1769161509.138399,1769161509.139072,26.0,0.0,4323.461426,4300.641113,4446.025879,4327.05127,4281.538574,4286.025879,4305.256348,4284.743652,4295.512695,4284.743652,4571.410156,4555.128418,4426.153809,4539.358887,,,,,,,,,,,,,,,,,,,,,,,,,,,,,,,,,,,,,,,,,,,,,,,,,,,,,,,,,,,,,,,,,,,,,,
1769161509.146207,1769161509.146881,27.0,0.0,4322.820313,4303.846191,4441.794922,4326.025879,4281.794922,4281.410156,4301.282227,4288.461426,4296.794922,4292.05127,4573.077148,4554.871582,4428.333496,4540.0,,,,,,,,,,,,,,,,,,,,,,,,,,,,,,,,,,,,,,,,,,,,,,,,,,,,,,,,,,,,,,,,,,,,,,
1769161509.154016,1769161509.154889,28.0,0.0,4317.563965,4299.358887,4441.282227,4326.794922,4282.820313,4279.358887,4306.025879,4292.94873,4292.94873,4299.871582,4572.563965,4555.256348,4427.692383,4540.256348,,,,,,,,,,,,,,,,,,,,,,,,,,,,,,,,,,,,,,,,,,,,,,,,,,,,,,,,,,,,,,,,,,,,,,
1769161509.161824,1769161509.162697,29.0,0.0,4306.538574,4292.179688,4441.025879,4325.256348,4279.615234,4280.769043,4306.538574,4287.563965,4289.743652,4293.333496,4569.743652,4552.820313,4427.307617,4537.05127,,,,,,,,,,,,,,,,,,,,,,,,,,,,,,,,,,,,,,,,,,,,,,,,,,,,,,,,,,,,,,,,,,,,,,
1769161509.169633,1769161509.170606,30.0,0.0,4309.615234,4300.512695,4441.153809,4324.358887,4279.743652,4282.436035,4299.615234,4284.871582,4290.769043,4288.589844,4575.384766,4550.897461,4426.666504,4538.717773,0.502633,0.20299,0.334536,0.212657,0.20412,0.582566,0.343616,0.210661,0.142379,0.123919,0.516662,0.345301,0.440624,0.179563,0.105138,0.409246,0.464124,0.189479,0.14652,0.099472,0.359671,0.241483,0.113892,0.045571,0.048098,0.319191,0.179315,0.271685,0.14172,0.150902,0.241981,0.104237,0.086845,0.123148,0.119967,0.423426,0.182018,0.188654,0.109878,0.111346,0.154395,0.126567,0.263843,0.073868,0.107094,0.424852,0.472988,0.522481,0.346009,0.385853,0.328812,0.417283,0.31454,0.167895,0.103002,0.679077,0.400816,0.451009,0.179244,0.208704,0.84968,0.49448,0.507969,0.302702,0.133127,0.844932,0.659208,0.395949,0.32685,0.167425
1769161509.177441,1769161509.178414,31.0,0.0,4322.05127,4311.410156,4443.589844,4329.743652,4285.0,4284.743652,4296.794922,4293.974121,4296.538574,4295.128418,4583.589844,4555.384766,4431.538574,4547.05127,,,,,,,,,,,,,,,,,,,,,,,,,,,,,,,,,,,,,,,,,,,,,,,,,,,,,,,,,,,,,,,,,,,,,,
1769161509.18525,1769161509.186023,32.0,0.0,4323.333496,4308.717773,4444.487305,4331.410156,4284.358887,4283.589844,4297.179688,4294.230957,4295.512695,4299.358887,4577.692383,4555.641113,4431.153809,4546.282227,,,,,,,,,,,,,,,,,,,,,,,,,,,,,,,,,,,,,,,,,,,,,,,,,,,,,,,,,,,,,,,,,,,,,,
1769161509.193058,1769161509.193831,33.0,0.0,4320.256348,4303.974121,4444.102539,4327.692383,4279.230957,4280.769043,4296.410156,4289.102539,4289.743652,4286.410156,4572.692383,4549.743652,4424.487305,4539.230957,,,,,,,,,,,,,,,,,,,,,,,,,,,,,,,,,,,,,,,,,,,,,,,,,,,,,,,,,,,,,,,,,,,,,,
1769161509.200867,1769161509.20154,34.0,0.0,4324.102539,4304.615234,4444.102539,4325.769043,4279.871582,4280.0,4297.307617,4294.871582,4294.615234,4284.102539,4586.794922,4553.717773,4433.589844,4540.897461,,,,,,,,,,,,,,,,,,,,,,,,,,,,,,,,,,,,,,,,,,,,,,,,,,,,,,,,,,,,,,,,,,,,,,
1769161509.208675,1769161509.209348,35.0,0.0,4324.871582,4306.794922,4442.820313,4325.0,4282.820313,4279.487305,4300.256348,4295.512695,4295.512695,4304.230957,4588.717773,4557.94873,4439.358887,4542.692383,,,,,,,,,,,,,,,,,,,,,,,,,,,,,,,,,,,,,,,,,,,,,,,,,,,,,,,,,,,,,,,,,,,,,,
1769161509.216483,1769161509.217356,36.0,0.0,4325.128418,4307.307617,4443.205078,4323.717773,4281.666504,4281.666504,4304.871582,4292.179688,4291.666504,4309.358887,4573.589844,4555.256348,4429.487305,4540.384766,,,,,,,,,,,,,,,,,,,,,,,,,,,,,,,,,,,,,,,,,,,,,,,,,,,,,,,,,,,,,,,,,,,,,,
1769161509.224292,1769161509.225165,37.0,0.0,4327.307617,4304.230957,4447.307617,4322.436035,4280.769043,4285.512695,4306.666504,4301.666504,4296.538574,4298.205078,4576.410156,4556.794922,4426.794922,4540.512695,,,,,,,,,,,,,,,,,,,,,,,,,,,,,,,,,,,,,,,,,,,,,,,,,,,,,,,,,,,,,,,,,,,,,,
1769161509.2321,1769161509.233073,38.0,0.0,4318.717773,4297.94873,4446.922852,4312.692383,4282.179688,4293.205078,4306.282227,4301.282227,4289.358887,4290.512695,4577.94873,4551.410156,4422.563965,4534.230957,,,,,,,,,,,,,,,,,,,,,,,,,,,,,,,,,,,,,,,,,,,,,,,,,,,,,,,,,,,,,,,,,,,,,,
1769161509.239909,1769161509.240882,39.0,0.0,4307.179688,4293.205078,4441.282227,4297.563965,4282.179688,4296.282227,4304.230957,4287.436035,4274.743652,4290.128418,4564.487305,4542.563965,4412.563965,4527.307617,,,,,,,,,,,,,,,,,,,,,,,,,,,,,,,,,,,,,,,,,,,,,,,,,,,,,,,,,,,,,,,,,,,,,,
1769161509.247717,1769161509.24889,40.0,0.0,4307.820313,4294.615234,4441.025879,4297.307617,4280.384766,4285.256348,4303.205078,4287.692383,4283.846191,4303.205078,4571.282227,4549.102539,4421.410156,4538.589844,,,,,,,,,,,,,,,,,,,,,,,,,,,,,,,,,,,,,,,,,,,,,,,,,,,,,,,,,,,,,,,,,,,,,,
1769161509.255526,1769161509.256698,41.0,0.0,4312.307617,4301.025879,4444.102539,4304.487305,4279.358887,4277.179688,4301.538574,4299.743652,4299.487305,4307.820313,4589.615234,4559.743652,4435.128418,4552.436035,,,,,,,,,,,,,,,,,,,,,,,,,,,,,,,,,,,,,,,,,,,,,,,,,,,,,,,,,,,,,,,,,,,,,,
1769161509.263334,1769161509.264407,42.0,0.0,4318.589844,4308.846191,4445.769043,4306.153809,4282.436035,4280.641113,4295.769043,4299.871582,4294.871582,4295.641113,4587.307617,4558.333496,4430.897461,4554.487305,,,,,,,,,,,,,,,,,,,,,,,,,,,,,,,,,,,,,,,,,,,,,,,,,,,,,,,,,,,,,,,,,,,,,,
1769161509.271143,1769161509.272215,43.0,0.0,4326.282227,4312.563965,4446.666504,4303.589844,4282.94873,4281.922852,4294.487305,4293.717773,4284.487305,4299.102539,4580.769043,4555.256348,4428.333496,4552.436035,,,,,,,,,,,,,,,,,,,,,,,,,,,,,,,,,,,,,,,,,,,,,,,,,,,,,,,,,,,,,,,,,,,,,,
1769161509.278951,1769161509.279824,44.0,0.0,4319.743652,4310.384766,4446.025879,4299.230957,4278.846191,4277.692383,4297.94873,4294.615234,4280.256348,4309.358887,4583.846191,4553.974121,4429.487305,4551.025879,,,,,,,,,,,,,,,,,,,,,,,,,,,,,,,,,,,,,,,,,,,,,,,,,,,,,,,,,,,,,,,,,,,,,,
1769161509.28676,1769161509.287633,45.0,0.0,4311.282227,4309.230957,4445.512695,4294.871582,4276.666504,4277.563965,4296.282227,4295.384766,4277.692383,4303.846191,4582.307617,4552.94873,4426.922852,4552.05127,,,,,,,,,,,,,,,,,,,,,,,,,,,,,,,,,,,,,,,,,,,,,,,,,,,,,,,,,,,,,,,,,,,,,,
1769161509.294568,1769161509.295541,46.0,0.0,4317.563965,4308.589844,4445.512695,4293.974121,4277.436035,4279.358887,4295.256348,4295.0,4280.641113,4306.666504,4584.615234,4565.769043,4434.743652,4558.333496,0.444027,0.23812,0.394792,0.244209,0.192159,0.52447,0.384829,0.266256,0.16358,0.123969,0.502725,0.340134,0.511299,0.182987,0.099519,0.387308,0.454549,0.22403,0.161639,0.09972,0.520873,0.269285,0.102613,0.055879,0.046087,0.24818,0.155649,0.251971,0.149707,0.151927,0.233274,0.068153,0.059878,0.109001,0.096015,0.382712,0.14535,0.16596,0.111702,0.109615,0.122057,0.116817,0.266892,0.08107,0.102284,0.418788,0.449205,0.464833,0.312681,0.398333,0.305209,0.425107,0.325313,0.158604,0.10027,0.731257,0.414481,0.520691,0.184341,0.223317,0.74811,0.572032,0.552879,0.299416,0.121453,0.935018,0.71712,0.446738,0.323303,0.165744
1769161509.302376,1769161509.303349,47.0,0.0,4317.820313,4307.05127,4447.436035,4294.102539,4277.94873,4278.589844,4296.538574,4295.256348,4281.025879,4313.717773,4587.563965,4570.512695,4438.974121,4560.0,,,,,,,,,,,,,,,,,,,,,,,,,,,,,,,,,,,,,,,,,,,,,,,,,,,,,,,,,,,,,,,,,,,,,,
1769161509.310185,1769161509.311058,48.0,0.0,4310.641113,4309.615234,4454.743652,4293.077148,4280.384766,4278.589844,4294.871582,4293.717773,4277.820313,4308.974121,4581.666504,4558.974121,4432.307617,4554.743652,,,,,,,,,,,,,,,,,,,,,,,,,,,,,,,,,,,,,,,,,,,,,,,,,,,,,,,,,,,,,,,,,,,,,,
1769161509.317993,1769161509.318866,49.0,0.0,4311.666504,4313.846191,4457.563965,4293.077148,4283.077148,4278.717773,4293.974121,4294.743652,4282.692383,4309.230957,4578.333496,4557.692383,4430.384766,4551.025879,,,,,,,,,,,,,,,,,,,,,,,,,,,,,,,,,,,,,,,,,,,,,,,,,,,,,,,,,,,,,,,,,,,,,,
1769161509.325802,1769161509.326575,50.0,0.0,4314.358887,4310.769043,4447.692383,4287.820313,4281.282227,4278.461426,4294.743652,4298.205078,4285.897461,4309.615234,4580.897461,4562.94873,4431.025879,4551.153809,,,,,,,,,,,,,,,,,,,,,,,,,,,,,,,,,,,,,,,,,,,,,,,,,,,,,,,,,,,,,,,,,,,,,,
1769161509.33361,1769161509.334383,51.0,0.0,4313.077148,4306.794922,4441.282227,4281.153809,4277.692383,4278.717773,4294.230957,4295.0,4279.358887,4307.436035,4580.512695,4558.077148,4428.846191,4552.05127,,,,,,,,,,,,,,,,,,,,,,,,,,,,,,,,,,,,,,,,,,,,,,,,,,,,,,,,,,,,,,,,,,,,,,
1769161509.341419,1769161509.341992,52.0,0.0,4319.358887,4309.230957,4447.563965,4281.538574,4278.205078,4278.974121,4294.615234,4289.358887,4274.615234,4312.179688,4578.846191,4554.615234,4429.230957,4553.461426,,,,,,,,,,,,,,,,,,,,,,,,,,,,,,,,,,,,,,,,,,,,,,,,,,,,,,,,,,,,,,,,,,,,,,
1769161509.349227,1769161509.3498,53.0,0.0,4325.384766,4310.256348,4449.615234,4282.563965,4280.128418,4278.077148,4294.615234,4291.410156,4277.436035,4313.205078,4581.410156,4557.436035,4431.025879,4557.179688,,,,,,,,,,,,,,,,,,,,,,,,,,,,,,,,,,,,,,,,,,,,,,,,,,,,,,,,,,,,,,,,,,,,,,
1769161509.357036,1769161509.357709,54.0,0.0,4317.05127,4306.538574,4439.615234,4280.128418,4279.102539,4279.102539,4292.820313,4294.871582,4277.436035,4310.384766,4579.487305,4555.128418,4428.589844,4558.333496,,,,,,,,,,,,,,,,,,,,,,,,,,,,,,,,,,,,,,,,,,,,,,,,,,,,,,,,,,,,,,,,,,,,,,
1769161509.364844,1769161509.365517,55.0,0.0,4307.563965,4302.563965,4428.205078,4275.769043,4278.077148,4281.666504,4293.077148,4293.205078,4273.717773,4308.589844,4572.307617,4551.666504,4426.153809,4550.769043,,,,,,,,,,,,,,,,,,,,,,,,,,,,,,,,,,,,,,,,,,,,,,,,,,,,,,,,,,,,,,,,,,,,,,
1769161509.372653,1769161509.373126,56.0,0.0,4309.230957,4305.384766,4425.128418,4273.717773,4279.615234,4280.512695,4292.436035,4293.205078,4276.666504,4312.563965,4575.384766,4554.615234,4428.846191,4548.846191,,,,,,,,,,,,,,,,,,,,,,,,,,,,,,,,,,,,,,,,,,,,,,,,,,,,,,,,,,,,,,,,,,,,,,
1769161509.380461,1769161509.380934,57.0,0.0,4312.307617,4308.974121,4428.077148,4275.769043,4277.820313,4277.94873,4290.897461,4296.153809,4281.922852,4318.717773,4581.538574,4557.563965,4432.436035,4556.922852,,,,,,,,,,,,,,,,,,,,,,,,,,,,,,,,,,,,,,,,,,,,,,,,,,,,,,,,,,,,,,,,,,,,,,
1769161509.38827,1769161509.388643,58.0,0.0,4309.102539,4302.179688,4427.179688,4278.333496,4273.461426,4278.333496,4291.666504,4295.512695,4279.102539,4311.794922,4574.102539,4555.641113,4428.974121,4551.666504,,,,,,,,,,,,,,,,,,,,,,,,,,,,,,,,,,,,,,,,,,,,,,,,,,,,,,,,,,,,,,,,,,,,,,
1769161509.396078,1769161509.396451,59.0,0.0,4308.974121,4299.743652,4422.436035,4278.333496,4275.384766,4281.282227,4292.820313,4292.05127,4274.102539,4303.333496,4566.025879,4550.769043,4424.230957,4539.358887,,,,,,,,,,,,,,,,,,,,,,,,,,,,,,,,,,,,,,,,,,,,,,,,,,,,,,,,,,,,,,,,,,,,,,
1769161509.403886,1769161509.40446,60.0,0.0,4311.282227,4303.589844,4416.153809,4273.077148,4279.230957,4282.05127,4293.461426,4287.820313,4277.94873,4316.922852,4570.384766,4550.512695,4427.436035,4541.538574,,,,,,,,,,,,,,,,,,,,,,,,,,,,,,,,,,,,,,,,,,,,,,,,,,,,,,,,,,,,,,,,,,,,,,
1769161509.411695,1769161509.412268,61.0,0.0,4310.128418,4298.333496,4411.666504,4266.538574,4276.922852,4276.794922,4286.794922,4282.563965,4279.358887,4329.102539,4571.538574,4553.077148,4430.0,4546.282227,,,,,,,,,,,,,,,,,,,,,,,,,,,,,,,,,,,,,,,,,,,,,,,,,,,,,,,,,,,,,,,,,,,,,,
1769161509.419503,1769161509.420176,62.0,0.0,4311.922852,4296.794922,4413.205078,4271.538574,4275.512695,4274.358887,4280.256348,4282.820313,4275.641113,4318.333496,4566.282227,4555.128418,4425.512695,4546.794922,0.401031,0.303152,0.42848,0.28136,0.179744,0.461986,0.407793,0.30481,0.177241,0.12276,0.458653,0.336704,0.534114,0.180073,0.089652,0.374337,0.444237,0.239572,0.167209,0.100733,0.713121,0.294358,0.097976,0.07043,0.046818,0.197932,0.141513,0.234791,0.150731,0.160002,0.215725,0.053803,0.04235,0.093381,0.080863,0.318684,0.129439,0.146339,0.120243,0.11619,0.102181,0.131731,0.276076,0.098116,0.098931,0.394079,0.423843,0.425295,0.299153,0.404158,0.296649,0.411579,0.337556,0.150165,0.099857,0.728857,0.417082,0.572448,0.182445,0.233928,0.625004,0.604411,0.590052,0.278673,0.112395,0.968284,0.744851,0.527291,0.304243,0.167209
1769161509.427312,1769161509.427985,63.0,0.0,4315.256348,4303.589844,4415.128418,4277.820313,4278.077148,4279.743652,4285.256348,4287.820313,4276.922852,4315.641113,4568.205078,4556.025879,4425.128418,4552.94873,,,,,,,,,,,,,,,,,,,,,,,,,,,,,,,,,,,,,,,,,,,,,,,,,,,,,,,,,,,,,,,,,,,,,,
1769161509.43512,1769161509.435993,64.0,0.0,4311.922852,4299.615234,4414.230957,4270.897461,4277.692383,4283.589844,4292.563965,4291.538574,4278.589844,4321.153809,4570.0,4553.974121,4427.820313,4554.358887,,,,,,,,,,,,,,,,,,,,,,,,,,,,,,,,,,,,,,,,,,,,,,,,,,,,,,,,,,,,,,,,,,,,,,
1769161509.442929,1769161509.443801,65.0,0.0,4303.461426,4291.538574,4409.102539,4263.333496,4273.846191,4281.666504,4292.436035,4293.846191,4277.179688,4310.256348,4563.077148,4552.820313,4419.230957,4546.025879,,,,,,,,,,,,,,,,,,,,,,,,,,,,,,,,,,,,,,,,,,,,,,,,,,,,,,,,,,,,,,,,,,,,,,
1769161509.450737,1769161509.45171,66.0,0.0,4302.179688,4293.333496,4401.282227,4264.230957,4273.589844,4279.102539,4289.871582,4288.974121,4276.666504,4308.205078,4560.641113,4554.487305,4415.128418,4548.717773,,,,,,,,,,,,,,,,,,,,,,,,,,,,,,,,,,,,,,,,,,,,,,,,,,,,,,,,,,,,,,,,,,,,,,
1769161509.458546,1769161509.459518,67.0,0.0,4305.0,4294.230957,4396.410156,4264.743652,4275.256348,4276.538574,4291.153809,4280.512695,4274.102539,4323.077148,4567.94873,4553.461426,4426.153809,4554.102539,,,,,,,,,,,,,,,,,,,,,,,,,,,,,,,,,,,,,,,,,,,,,,,,,,,,,,,,,,,,,,,,,,,,,,
1769161509.466354,1769161509.467127,68.0,0.0,4303.846191,4295.128418,4394.358887,4263.461426,4272.563965,4277.05127,4290.384766,4282.94873,4271.025879,4323.589844,4570.641113,4552.307617,4426.666504,4545.641113,,,,,,,,,,,,,,,,,,,,,,,,,,,,,,,,,,,,,,,,,,,,,,,,,,,,,,,,,,,,,,,,,,,,,,
1769161509.474162,1769161509.474935,69.0,0.0,4301.153809,4297.05127,4391.922852,4262.94873,4270.0,4277.820313,4289.871582,4288.974121,4272.05127,4316.410156,4563.717773,4549.102539,4417.05127,4539.615234,,,,,,,,,,,,,,,,,,,,,,,,,,,,,,,,,,,,,,,,,,,,,,,,,,,,,,,,,,,,,,,,,,,,,,
1769161509.481971,1769161509.482644,70.0,0.0,4303.717773,4298.846191,4394.743652,4265.769043,4273.461426,4271.922852,4289.871582,4288.333496,4279.358887,4328.333496,4565.769043,4552.307617,4425.641113,4548.974121,,,,,,,,,,,,,,,,,,,,,,,,,,,,,,,,,,,,,,,,,,,,,,,,,,,,,,,,,,,,,,,,,,,,,,
1769161509.489779,1769161509.490452,71.0,0.0,4306.666504,4302.307617,4397.563965,4270.256348,4277.820313,4272.94873,4293.205078,4291.666504,4287.436035,4340.0,4578.717773,4563.589844,4436.794922,4557.436035,,,,,,,,,,,,,,,,,,,,,,,,,,,,,,,,,,,,,,,,,,,,,,,,,,,,,,,,,,,,,,,,,,,,,,
1769161509.497588,1769161509.498461,72.0,0.0,4303.846191,4301.153809,4389.358887,4268.205078,4277.179688,4281.794922,4298.333496,4297.05127,4285.641113,4335.897461,4582.179688,4563.205078,4430.128418,4554.871582,,,,,,,,,,,,,,,,,,,,,,,,,,,,,,,,,,,,,,,,,,,,,,,,,,,,,,,,,,,,,,,,,,,,,,
1769161509.505396,1769161509.506269,73.0,0.0,4305.897461,4299.743652,4385.256348,4265.256348,4275.512695,4280.897461,4290.641113,4294.230957,4283.846191,4337.563965,4580.641113,4557.179688,4433.461426,4554.102539,,,,,,,,,,,,,,,,,,,,,,,,,,,,,,,,,,,,,,,,,,,,,,,,,,,,,,,,,,,,,,,,,,,,,,
1769161509.513205,1769161509.513978,74.0,0.0,4310.512695,4299.743652,4390.641113,4267.05127,4274.871582,4273.589844,4280.256348,4291.153809,4293.717773,4345.128418,4584.230957,4564.230957,4442.94873,4557.94873,,,,,,,,,,,,,,,,,,,,,,,,,,,,,,,,,,,,,,,,,,,,,,,,,,,,,,,,,,,,,,,,,,,,,,
1769161509.521013,1769161509.521786,75.0,0.0,4305.128418,4295.769043,4388.589844,4265.641113,4272.307617,4273.205078,4284.487305,4297.307617,4300.256348,4345.384766,4583.717773,4568.205078,4434.358887,4557.563965,,,,,,,,,,,,,,,,,,,,,,,,,,,,,,,,,,,,,,,,,,,,,,,,,,,,,,,,,,,,,,,,,,,,,,
1769161509.528822,1769161509.529395,76.0,0.0,4297.94873,4293.461426,4381.410156,4263.205078,4270.769043,4275.512695,4292.307617,4299.615234,4291.922852,4341.538574,4573.846191,4557.05127,4425.0,4552.820313,,,,,,,,,,,,,,,,,,,,,,,,,,,,,,,,,,,,,,,,,,,,,,,,,,,,,,,,,,,,,,,,,,,,,,
1769161509.53663,1769161509.537203,77.0,0.0,4295.384766,4293.205078,4379.743652,4261.282227,4273.333496,4275.384766,4291.666504,4287.94873,4282.692383,4338.589844,4568.077148,4551.153809,4427.05127,4551.282227,,,,,,,,,,,,,,,,,,,,,,,,,,,,,,,,,,,,,,,,,,,,,,,,,,,,,,,,,,,,,,,,,,,,,,
1769161509.544438,1769161509.544912,78.0,0.0,4294.615234,4291.153809,4382.436035,4257.307617,4274.743652,4277.179688,4290.0,4279.743652,4281.025879,4336.922852,4569.358887,4552.436035,4425.897461,4551.794922,0.357811,0.370872,0.436806,0.321518,0.167699,0.409649,0.403885,0.322689,0.184282,0.121979,0.419373,0.331136,0.502122,0.171844,0.077208,0.37901,0.427718,0.235353,0.163672,0.10093,0.870537,0.304492,0.102112,0.086045,0.050531,0.186057,0.150781,0.230931,0.146366,0.176104,0.201425,0.067856,0.037682,0.080433,0.076403,0.244658,0.135049,0.129182,0.135613,0.132659,0.096574,0.161288,0.283622,0.123465,0.099611,0.364004,0.387607,0.395304,0.311793,0.398496,0.303362,0.3763,0.337513,0.146555,0.104363,0.677617,0.393807,0.580957,0.177452,0.238353,0.512586,0.57393,0.595922,0.251477,0.10917,0.932407,0.718096,0.601407,0.2766,0.170705
1769161509.552247,1769161509.55272,79.0,0.0,4301.025879,4293.205078,4383.333496,4259.743652,4270.0,4275.256348,4286.282227,4286.410156,4280.256348,4339.615234,4571.538574,4553.974121,4424.358887,4553.077148,,,,,,,,,,,,,,,,,,,,,,,,,,,,,,,,,,,,,,,,,,,,,,,,,,,,,,,,,,,,,,,,,,,,,,
1769161509.560055,1769161509.560728,80.0,0.0,4307.307617,4297.436035,4380.0,4260.897461,4264.230957,4267.307617,4279.871582,4293.205078,4279.615234,4342.179688,4578.974121,4562.179688,4432.563965,4561.538574,,,,,,,,,,,,,,,,,,,,,,,,,,,,,,,,,,,,,,,,,,,,,,,,,,,,,,,,,,,,,,,,,,,,,,
1769161509.567864,1769161509.568537,81.0,0.0,4299.871582,4293.589844,4372.820313,4251.922852,4262.820313,4264.102539,4283.846191,4293.717773,4281.282227,4339.487305,4585.384766,4564.102539,4435.256348,4566.410156,,,,,,,,,,,,,,,,,,,,,,,,,,,,,,,,,,,,,,,,,,,,,,,,,,,,,,,,,,,,,,,,,,,,,,
1769161509.575672,1769161509.576245,82.0,0.0,4292.94873,4289.615234,4368.077148,4247.692383,4263.461426,4270.384766,4290.897461,4294.487305,4285.512695,4340.256348,4580.897461,4556.666504,4428.333496,4555.641113,,,,,,,,,,,,,,,,,,,,,,,,,,,,,,,,,,,,,,,,,,,,,,,,,,,,,,,,,,,,,,,,,,,,,,
1769161509.583481,1769161509.584054,83.0,0.0,4294.487305,4288.974121,4369.487305,4250.384766,4263.461426,4270.128418,4287.05127,4293.333496,4285.641113,4343.717773,4571.538574,4551.025879,4424.230957,4544.615234,,,,,,,,,,,,,,,,,,,,,,,,,,,,,,,,,,,,,,,,,,,,,,,,,,,,,,,,,,,,,,,,,,,,,,
1769161509.591289,1769161509.591662,84.0,0.0,4293.974121,4290.769043,4373.589844,4250.769043,4264.487305,4261.794922,4278.974121,4292.436035,4281.794922,4342.179688,4568.717773,4550.384766,4427.436035,4546.282227,,,,,,,,,,,,,,,,,,,,,,,,,,,,,,,,,,,,,,,,,,,,,,,,,,,,,,,,,,,,,,,,,,,,,,
1769161509.599098,1769161509.599471,85.0,0.0,4293.333496,4293.846191,4375.256348,4249.487305,4267.179688,4268.077148,4280.128418,4294.358887,4279.358887,4342.307617,4570.897461,4547.05127,4426.410156,4546.410156,,,,,,,,,,,,,,,,,,,,,,,,,,,,,,,,,,,,,,,,,,,,,,,,,,,,,,,,,,,,,,,,,,,,,,
1769161509.606906,1769161509.607179,86.0,0.0,4293.077148,4294.871582,4373.077148,4250.897461,4268.589844,4282.692383,4285.0,4290.0,4277.692383,4345.0,4569.615234,4541.410156,4418.077148,4538.589844,,,,,,,,,,,,,,,,,,,,,,,,,,,,,,,,,,,,,,,,,,,,,,,,,,,,,,,,,,,,,,,,,,,,,,
1769161509.614715,1769161509.614988,87.0,0.0,4290.897461,4294.230957,4373.589844,4256.538574,4267.563965,4277.820313,4282.05127,4290.128418,4279.871582,4342.05127,4569.102539,4545.512695,4417.563965,4535.641113,,,,,,,,,,,,,,,,,,,,,,,,,,,,,,,,,,,,,,,,,,,,,,,,,,,,,,,,,,,,,,,,,,,,,,
1769161509.622523,1769161509.622996,88.0,0.0,4294.487305,4298.333496,4380.641113,4262.94873,4266.794922,4263.461426,4275.384766,4294.102539,4282.563965,4341.153809,4574.487305,4555.897461,4428.205078,4540.769043,,,,,,,,,,,,,,,,,,,,,,,,,,,,,,,,,,,,,,,,,,,,,,,,,,,,,,,,,,,,,,,,,,,,,,
1769161509.630331,1769161509.630805,89.0,0.0,4299.102539,4303.333496,4386.153809,4264.358887,4269.615234,4264.615234,4277.820313,4286.282227,4280.256348,4346.922852,4572.692383,4556.282227,4431.025879,4544.743652,,,,,,,,,,,,,,,,,,,,,,,,,,,,,,,,,,,,,,,,,,,,,,,,,,,,,,,,,,,,,,,,,,,,,,
1769161509.63814,1769161509.638713,90.0,0.0,4295.641113,4300.0,4383.846191,4260.0,4271.153809,4270.512695,4280.769043,4276.025879,4276.794922,4338.589844,4560.641113,4543.333496,4417.05127,4539.743652,,,,,,,,,,,,,,,,,,,,,,,,,,,,,,,,,,,,,,,,,,,,,,,,,,,,,,,,,,,,,,,,,,,,,,
1769161509.645948,1769161509.646521,91.0,0.0,4292.307617,4293.077148,4380.384766,4258.461426,4268.077148,4270.769043,4278.077148,4280.897461,4277.307617,4321.538574,4551.666504,4535.384766,4408.589844,4533.205078,,,,,,,,,,,,,,,,,,,,,,,,,,,,,,,,,,,,,,,,,,,,,,,,,,,,,,,,,,,,,,,,,,,,,,
1769161509.653757,1769161509.65453,92.0,0.0,4293.717773,4295.512695,4382.307617,4264.358887,4267.05127,4273.461426,4278.974121,4288.717773,4277.94873,4332.05127,4556.794922,4539.358887,4416.410156,4537.94873,,,,,,,,,,,,,,,,,,,,,,,,,,,,,,,,,,,,,,,,,,,,,,,,,,,,,,,,,,,,,,,,,,,,,,
1769161509.661565,1769161509.662338,93.0,0.0,4290.512695,4295.256348,4383.077148,4262.436035,4266.666504,4278.077148,4281.410156,4289.102539,4278.077148,4349.102539,4563.846191,4543.333496,4418.717773,4540.128418,,,,,,,,,,,,,,,,,,,,,,,,,,,,,,,,,,,,,,,,,,,,,,,,,,,,,,,,,,,,,,,,,,,,,,
1769161509.669374,1769161509.670246,94.0,0.0,4280.512695,4283.846191,4379.871582,4250.128418,4265.128418,4279.487305,4281.025879,4289.102539,4278.717773,4332.307617,4558.461426,4540.0,4407.94873,4527.179688,0.335136,0.412366,0.437546,0.358901,0.155691,0.375874,0.377333,0.325554,0.187815,0.121926,0.356955,0.316182,0.427078,0.160362,0.064999,0.419952,0.399203,0.218006,0.155952,0.098414,0.930521,0.290336,0.111991,0.098738,0.056332,0.209243,0.183156,0.245747,0.139691,0.196531,0.189188,0.110655,0.04562,0.072681,0.080703,0.178037,0.151244,0.115181,0.154808,0.156606,0.102729,0.191278,0.28087,0.153293,0.106769,0.343797,0.336377,0.358624,0.342431,0.382499,0.322071,0.327006,0.319901,0.149829,0.116528,0.606053,0.34,0.535802,0.173352,0.235859,0.428211,0.49067,0.558013,0.229255,0.1133,0.832737,0.637553,0.63217,0.249644,0.175348
1769161509.677182,1769161509.678055,95.0,0.0,4280.641113,4285.256348,4383.333496,4250.256348,4267.820313,4276.025879,4279.102539,4288.846191,4278.461426,4323.077148,4556.282227,4537.436035,4406.794922,4524.487305,,,,,,,,,,,,,,,,,,,,,,,,,,,,,,,,,,,,,,,,,,,,,,,,,,,,,,,,,,,,,,,,,,,,,,
1769161509.684991,1769161509.686063,96.0,0.0,4289.615234,4295.512695,4390.641113,4261.538574,4274.102539,4270.897461,4277.179688,4291.282227,4284.358887,4344.871582,4567.179688,4546.153809,4417.05127,4538.717773,,,,,,,,,,,,,,,,,,,,,,,,,,,,,,,,,,,,,,,,,,,,,,,,,,,,,,,,,,,,,,,,,,,,,,
1769161509.692799,1769161509.693872,97.0,0.0,4289.358887,4293.846191,4389.230957,4262.436035,4276.666504,4273.974121,4279.102539,4294.871582,4286.153809,4352.307617,4573.333496,4553.333496,4421.666504,4541.666504,,,,,,,,,,,,,,,,,,,,,,,,,,,,,,,,,,,,,,,,,,,,,,,,,,,,,,,,,,,,,,,,,,,,,,
1769161509.700607,1769161509.70158,98.0,0.0,4282.179688,4287.94873,4386.410156,4257.820313,4270.641113,4273.974121,4281.794922,4293.461426,4281.922852,4340.384766,4567.563965,4546.666504,4419.102539,4528.077148,,,,,,,,,,,,,,,,,,,,,,,,,,,,,,,,,,,,,,,,,,,,,,,,,,,,,,,,,,,,,,,,,,,,,,
1769161509.708416,1769161509.709389,99.0,0.0,4278.846191,4286.922852,4388.333496,4257.563965,4265.769043,4264.487305,4280.0,4292.692383,4282.179688,4340.0,4565.512695,4538.205078,4414.230957,4521.282227,,,,,,,,,,,,,,,,,,,,,,,,,,,,,,,,,,,,,,,,,,,,,,,,,,,,,,,,,,,,,,,,,,,,,,
1769161509.716224,1769161509.717397,100.0,0.0,4280.0,4290.384766,4388.717773,4258.974121,4271.538574,4268.333496,4277.179688,4294.358887,4284.871582,4346.922852,4570.769043,4545.384766,4420.256348,4530.384766,,,,,,,,,,,,,,,,,,,,,,,,,,,,,,,,,,,,,,,,,,,,,,,,,,,,,,,,,,,,,,,,,,,,,,
1769161509.724033,1769161509.725205,101.0,0.0,4282.436035,4295.897461,4388.461426,4261.922852,4275.128418,4280.897461,4277.563965,4295.384766,4286.282227,4344.230957,4572.563965,4553.717773,4428.589844,4540.897461,,,,,,,,,,,,,,,,,,,,,,,,,,,,,,,,,,,,,,,,,,,,,,,,,,,,,,,,,,,,,,,,,,,,,,
1769161509.731841,1769161509.733114,102.0,0.0,4280.384766,4294.358887,4388.974121,4259.615234,4270.897461,4281.282227,4280.0,4295.641113,4287.94873,4339.871582,4570.512695,4546.025879,4421.025879,4538.717773,,,,,,,,,,,,,,,,,,,,,,,,,,,,,,,,,,,,,,,,,,,,,,,,,,,,,,,,,,,,,,,,,,,,,,
1769161509.73965,1769161509.740922,103.0,0.0,4277.563965,4288.846191,4388.589844,4256.410156,4273.717773,4279.615234,4280.641113,4299.230957,4291.794922,4345.256348,4569.871582,4540.512695,4414.871582,4533.205078,,,,,,,,,,,,,,,,,,,,,,,,,,,,,,,,,,,,,,,,,,,,,,,,,,,,,,,,,,,,,,,,,,,,,,
1769161509.747458,1769161509.74893,104.0,0.0,4279.487305,4290.256348,4387.94873,4258.333496,4277.307617,4281.538574,4279.102539,4302.307617,4291.538574,4350.897461,4571.025879,4545.0,4419.615234,4535.384766,,,,,,,,,,,,,,,,,,,,,,,,,,,,,,,,,,,,,,,,,,,,,,,,,,,,,,,,,,,,,,,,,,,,,,
1769161509.755267,1769161509.756739,105.0,0.0,4279.871582,4288.205078,4388.205078,4254.487305,4270.0,4277.820313,4277.94873,4299.615234,4285.256348,4343.077148,4567.563965,4546.666504,4417.436035,4536.282227,,,,,,,,,,,,,,,,,,,,,,,,,,,,,,,,,,,,,,,,,,,,,,,,,,,,,,,,,,,,,,,,,,,,,,
1769161509.763075,1769161509.764647,106.0,0.0,4279.615234,4284.358887,4387.820313,4249.358887,4267.05127,4272.307617,4277.307617,4294.358887,4279.871582,4340.0,4567.307617,4549.230957,4416.410156,4537.692383,,,,,,,,,,,,,,,,,,,,,,,,,,,,,,,,,,,,,,,,,,,,,,,,,,,,,,,,,,,,,,,,,,,,,,
1769161509.770884,1769161509.772456,107.0,0.0,4284.743652,4287.563965,4388.717773,4251.666504,4269.230957,4273.589844,4275.128418,4292.94873,4280.256348,4348.205078,4572.179688,4556.410156,4420.256348,4541.666504,,,,,,,,,,,,,,,,,,,,,,,,,,,,,,,,,,,,,,,,,,,,,,,,,,,,,,,,,,,,,,,,,,,,,,
1769161509.778692,1769161509.780064,108.0,0.0,4289.487305,4290.128418,4392.05127,4258.461426,4267.307617,4276.282227,4275.512695,4294.487305,4280.512695,4344.743652,4571.794922,4555.769043,4418.077148,4538.333496,,,,,,,,,,,,,,,,,,,,,,,,,,,,,,,,,,,,,,,,,,,,,,,,,,,,,,,,,,,,,,,,,,,,,,
1769161509.786501,1769161509.787873,109.0,0.0,4291.025879,4294.487305,4395.512695,4263.461426,4266.282227,4272.563965,4273.333496,4294.102539,4281.282227,4341.282227,4569.230957,4553.077148,4422.179688,4538.461426,,,,,,,,,,,,,,,,,,,,,,,,,,,,,,,,,,,,,,,,,,,,,,,,,,,,,,,,,,,,,,,,,,,,,,
1769161509.794309,1769161509.795581,110.0,0.0,4288.333496,4296.410156,4397.179688,4264.615234,4266.538574,4265.512695,4266.794922,4293.461426,4287.179688,4350.128418,4570.769043,4555.769043,4427.307617,4538.461426,0.293549,0.41103,0.452033,0.386458,0.143542,0.357001,0.33747,0.321401,0.190291,0.121449,0.363746,0.288714,0.331039,0.149287,0.055909,0.495666,0.360532,0.197521,0.150565,0.092704,0.864773,0.250511,0.120073,0.105287,0.062006,0.249821,0.224734,0.271931,0.134452,0.214023,0.177756,0.17356,0.062625,0.071421,0.089354,0.132437,0.164865,0.10733,0.174324,0.181547,0.115592,0.213412,0.263293,0.182699,0.120685,0.345219,0.28176,0.306874,0.373558,0.362835,0.353753,0.278418,0.293427,0.16144,0.136977,0.545238,0.267243,0.449088,0.17295,0.227658,0.382237,0.385502,0.484538,0.219068,0.125,0.728476,0.527154,0.611012,0.2299,0.18087
1769161509.802117,1769161509.80339,111.0,0.0,4279.615234,4290.897461,4396.538574,4262.820313,4269.487305,4269.358887,4270.384766,4295.256348,4286.282227,4350.128418,4571.153809,4555.512695,4414.358887,4525.384766,,,,,,,,,,,,,,,,,,,,,,,,,,,,,,,,,,,,,,,,,,,,,,,,,,,,,,,,,,,,,,,,,,,,,,
1769161509.809926,1769161509.811398,112.0,0.0,4278.333496,4290.641113,4395.256348,4262.307617,4272.179688,4278.717773,4278.846191,4297.820313,4282.94873,4342.307617,4570.384766,4555.769043,4406.794922,4523.974121,,,,,,,,,,,,,,,,,,,,,,,,,,,,,,,,,,,,,,,,,,,,,,,,,,,,,,,,,,,,,,,,,,,,,,
1769161509.817734,1769161509.819206,113.0,0.0,4284.358887,4296.282227,4393.846191,4263.205078,4269.358887,4277.94873,4278.205078,4294.102539,4280.897461,4339.871582,4571.025879,4554.615234,4421.025879,4539.743652,,,,,,,,,,,,,,,,,,,,,,,,,,,,,,,,,,,,,,,,,,,,,,,,,,,,,,,,,,,,,,,,,,,,,,
1769161509.825543,1769161509.827115,114.0,0.0,4285.0,4295.512695,4394.743652,4261.666504,4265.641113,4275.769043,4277.563965,4289.487305,4279.102539,4340.256348,4570.128418,4552.05127,4427.820313,4543.846191,,,,,,,,,,,,,,,,,,,,,,,,,,,,,,,,,,,,,,,,,,,,,,,,,,,,,,,,,,,,,,,,,,,,,,
1769161509.833351,1769161509.834923,115.0,0.0,4285.0,4292.179688,4397.05127,4261.922852,4266.282227,4277.563965,4279.615234,4294.102539,4286.538574,4345.256348,4570.897461,4552.307617,4420.256348,4539.358887,,,,,,,,,,,,,,,,,,,,,,,,,,,,,,,,,,,,,,,,,,,,,,,,,,,,,,,,,,,,,,,,,,,,,,
1769161509.84116,1769161509.842931,116.0,0.0,4285.256348,4291.410156,4396.153809,4262.820313,4269.102539,4269.102539,4274.743652,4294.102539,4288.717773,4349.871582,4569.358887,4547.563965,4414.871582,4534.871582,,,,,,,,,,,,,,,,,,,,,,,,,,,,,,,,,,,,,,,,,,,,,,,,,,,,,,,,,,,,,,,,,,,,,,
1769161509.848968,1769161509.85074,117.0,0.0,4279.871582,4292.307617,4399.102539,4262.820313,4272.307617,4262.436035,4271.922852,4287.179688,4281.538574,4343.077148,4567.05127,4544.871582,4418.205078,4529.358887,,,,,,,,,,,,,,,,,,,,,,,,,,,,,,,,,,,,,,,,,,,,,,,,,,,,,,,,,,,,,,,,,,,,,,
1769161509.856777,1769161509.858648,118.0,0.0,4278.333496,4295.384766,4405.769043,4265.897461,4275.769043,4272.307617,4275.897461,4290.256348,4283.846191,4342.307617,4571.282227,4554.615234,4424.487305,4531.666504,,,,,,,,,,,,,,,,,,,,,,,,,,,,,,,,,,,,,,,,,,,,,,,,,,,,,,,,,,,,,,,,,,,,,,
1769161509.864585,1769161509.866457,119.0,0.0,4282.05127,4295.897461,4403.077148,4268.974121,4278.846191,4282.307617,4277.05127,4296.922852,4286.922852,4344.743652,4566.153809,4552.820313,4418.205078,4531.794922,,,,,,,,,,,,,,,,,,,,,,,,,,,,,,,,,,,,,,,,,,,,,,,,,,,,,,,,,,,,,,,,,,,,,,
1769161509.872393,1769161509.874065,120.0,0.0,4280.0,4291.410156,4395.128418,4265.512695,4278.846191,4277.307617,4275.769043,4292.692383,4281.538574,4329.743652,4552.94873,4536.153809,4402.820313,4519.615234,,,,,,,,,,,,,,,,,,,,,,,,,,,,,,,,,,,,,,,,,,,,,,,,,,,,,,,,,,,,,,,,,,,,,,
1769161509.880202,1769161509.881874,121.0,0.0,4278.205078,4290.769043,4401.282227,4262.179688,4275.128418,4275.512695,4279.871582,4293.846191,4287.436035,4328.333496,4557.692383,4538.717773,4405.128418,4525.128418,,,,,,,,,,,,,,,,,,,,,,,,,,,,,,,,,,,,,,,,,,,,,,,,,,,,,,,,,,,,,,,,,,,,,,
1769161509.88801,1769161509.889582,122.0,0.0,4282.307617,4295.384766,4413.333496,4266.282227,4273.461426,4277.692383,4279.487305,4302.692383,4297.94873,4348.461426,4573.717773,4557.436035,4427.307617,4545.641113,,,,,,,,,,,,,,,,,,,,,,,,,,,,,,,,,,,,,,,,,,,,,,,,,,,,,,,,,,,,,,,,,,,,,,
1769161509.895819,1769161509.897391,123.0,0.0,4283.717773,4296.922852,4412.436035,4267.05127,4272.05127,4269.102539,4269.615234,4300.897461,4295.0,4348.974121,4576.025879,4558.077148,4431.410156,4542.179688,,,,,,,,,,,,,,,,,,,,,,,,,,,,,,,,,,,,,,,,,,,,,,,,,,,,,,,,,,,,,,,,,,,,,,
1769161509.903627,1769161509.904999,124.0,0.0,4276.153809,4292.179688,4402.563965,4261.922852,4267.692383,4268.077148,4270.0,4299.615234,4291.922852,4337.05127,4566.025879,4543.846191,4413.974121,4523.205078,,,,,,,,,,,,,,,,,,,,,,,,,,,,,,,,,,,,,,,,,,,,,,,,,,,,,,,,,,,,,,,,,,,,,,
1769161509.911436,1769161509.912808,125.0,0.0,4266.282227,4287.820313,4396.153809,4260.769043,4268.974121,4281.922852,4283.461426,4306.153809,4293.333496,4340.512695,4559.230957,4537.307617,4403.461426,4519.230957,,,,,,,,,,,,,,,,,,,,,,,,,,,,,,,,,,,,,,,,,,,,,,,,,,,,,,,,,,,,,,,,,,,,,,
1769161509.919244,1769161509.920516,126.0,0.0,4270.256348,4290.897461,4402.179688,4264.487305,4274.615234,4285.384766,4283.333496,4304.615234,4294.102539,4336.410156,4563.461426,4545.641113,4410.512695,4531.922852,0.273494,0.3675,0.494439,0.39838,0.131967,0.35363,0.301805,0.316763,0.19165,0.118973,0.338317,0.25531,0.24052,0.142852,0.051913,0.581407,0.327739,0.184001,0.151677,0.085766,0.693382,0.195875,0.120061,0.105435,0.064994,0.287611,0.258003,0.297312,0.133078,0.221447,0.163376,0.241356,0.081405,0.077088,0.097068,0.112703,0.169835,0.108198,0.191284,0.19967,0.137373,0.230372,0.236334,0.207504,0.138482,0.369408,0.248944,0.246269,0.386161,0.348291,0.404871,0.248161,0.276697,0.182189,0.162789,0.514628,0.195364,0.352335,0.17728,0.216741,0.368745,0.29758,0.402095,0.220059,0.143574,0.674668,0.418603,0.55661,0.218724,0.187945
1769161509.927053,1769161509.928325,127.0,0.0,4278.717773,4295.641113,4411.410156,4265.641113,4274.743652,4274.358887,4269.102539,4296.153809,4295.128418,4325.128418,4570.384766,4556.922852,4421.794922,4540.897461,,,,,,,,,,,,,,,,,,,,,,,,,,,,,,,,,,,,,,,,,,,,,,,,,,,,,,,,,,,,,,,,,,,,,,
1769161509.934861,1769161509.935933,0.0,0.0,4272.179688,4291.153809,4405.384766,4262.94873,4275.128418,4274.743652,4272.05127,4293.077148,4292.436035,4332.436035,4568.333496,4551.538574,4420.641113,4533.717773,,,,,,,,,,,,,,,,,,,,,,,,,,,,,,,,,,,,,,,,,,,,,,,,,,,,,,,,,,,,,,,,,,,,,,
1769161509.94267,1769161509.943742,1.0,0.0,4260.641113,4282.05127,4393.077148,4260.769043,4273.333496,4282.820313,4281.025879,4297.94873,4292.692383,4341.794922,4566.794922,4540.384766,4411.666504,4525.641113,,,,,,,,,,,,,,,,,,,,,,,,,,,,,,,,,,,,,,,,,,,,,,,,,,,,,,,,,,,,,,,,,,,,,,
1769161509.950478,1769161509.95145,2.0,0.0,4262.179688,4282.307617,4399.871582,4262.436035,4267.94873,4274.487305,4271.025879,4299.743652,4296.025879,4334.102539,4568.846191,4544.230957,4410.641113,4525.897461,,,,,,,,,,,,,,,,,,,,,,,,,,,,,,,,,,,,,,,,,,,,,,,,,,,,,,,,,,,,,,,,,,,,,,
1769161509.958286,1769161509.959259,3.0,0.0,4273.974121,4290.769043,4413.974121,4266.025879,4271.538574,4259.358887,4258.077148,4288.077148,4288.205078,4322.05127,4567.563965,4551.282227,4413.333496,4529.358887,,,,,,,,,,,,,,,,,,,,,,,,,,,,,,,,,,,,,,,,,,,,,,,,,,,,,,,,,,,,,,,,,,,,,,
1769161509.966095,1769161509.967267,4.0,0.0,4277.436035,4293.717773,4413.589844,4268.461426,4276.794922,4263.461426,4261.666504,4278.589844,4280.256348,4326.025879,4568.333496,4551.922852,4416.153809,4535.512695,,,,,,,,,,,,,,,,,,,,,,,,,,,,,,,,,,,,,,,,,,,,,,,,,,,,,,,,,,,,,,,,,,,,,,
1769161509.973903,1769161509.975076,5.0,0.0,4266.794922,4290.512695,4409.358887,4267.307617,4270.641113,4277.307617,4271.025879,4290.0,4288.205078,4332.692383,4570.769043,4555.384766,4417.436035,4542.307617,,,,,,,,,,,,,,,,,,,,,,,,,,,,,,,,,,,,,,,,,,,,,,,,,,,,,,,,,,,,,,,,,,,,,,
1769161509.981712,1769161509.982784,6.0,0.0,4263.717773,4291.282227,4408.846191,4264.743652,4265.641113,4272.05127,4272.179688,4300.128418,4294.743652,4327.94873,4570.512695,4558.205078,4414.358887,4541.410156,,,,,,,,,,,,,,,,,,,,,,,,,,,,,,,,,,,,,,,,,,,,,,,,,,,,,,,,,,,,,,,,,,,,,,
1769161509.98952,1769161509.990593,7.0,0.0,4275.256348,4293.077148,4410.641113,4270.128418,4267.436035,4263.846191,4269.615234,4292.179688,4286.922852,4326.666504,4571.410156,4555.384766,4419.358887,4538.717773,,,,,,,,,,,,,,,,,,,,,,,,,,,,,,,,,,,,,,,,,,,,,,,,,,,,,,,,,,,,,,,,,,,,,,
1769161509.997329,1769161509.998201,8.0,0.0,4281.538574,4291.410156,4413.846191,4278.974121,4266.538574,4272.05127,4271.153809,4288.846191,4280.897461,4331.025879,4570.256348,4557.179688,4426.282227,4539.743652,,,,,,,,,,,,,,,,,,,,,,,,,,,,,,,,,,,,,,,,,,,,,,,,,,,,,,,,,,,,,,,,,,,,,,
1769161510.005137,1769161510.00601,9.0,0.0,4278.333496,4291.794922,4414.230957,4279.102539,4265.769043,4278.846191,4275.384766,4293.461426,4281.282227,4323.461426,4567.692383,4557.307617,4415.641113,4538.077148,,,,,,,,,,,,,,,,,,,,,,,,,,,,,,,,,,,,,,,,,,,,,,,,,,,,,,,,,,,,,,,,,,,,,,
1769161510.012946,1769161510.013718,10.0,0.0,4272.692383,4291.666504,4409.102539,4275.256348,4266.538574,4274.871582,4272.436035,4291.538574,4280.769043,4314.230957,4564.102539,4550.897461,4406.666504,4536.153809,,,,,,,,,,,,,,,,,,,,,,,,,,,,,,,,,,,,,,,,,,,,,,,,,,,,,,,,,,,,,,,,,,,,,,
1769161510.020754,1769161510.021527,11.0,0.0,4270.769043,4289.358887,4406.922852,4275.641113,4263.461426,4269.358887,4264.871582,4291.410156,4282.179688,4316.794922,4558.846191,4551.794922,4410.769043,4537.692383,,,,,,,,,,,,,,,,,,,,,,,,,,,,,,,,,,,,,,,,,,,,,,,,,,,,,,,,,,,,,,,,,,,,,,
1769161510.028562,1769161510.029535,12.0,0.0,4275.512695,4289.230957,4411.153809,4277.05127,4262.563965,4264.743652,4263.846191,4292.179688,4282.563965,4320.512695,4562.307617,4558.461426,4413.333496,4540.641113,,,,,,,,,,,,,,,,,,,,,,,,,,,,,,,,,,,,,,,,,,,,,,,,,,,,,,,,,,,,,,,,,,,,,,
1769161510.036371,1769161510.037343,13.0,0.0,4272.307617,4286.794922,4413.589844,4275.641113,4263.205078,4264.358887,4267.179688,4290.0,4278.333496,4322.692383,4571.153809,4557.820313,4418.717773,4543.077148,,,,,,,,,,,,,,,,,,,,,,,,,,,,,,,,,,,,,,,,,,,,,,,,,,,,,,,,,,,,,,,,,,,,,,
1769161510.044179,1769161510.045252,14.0,0.0,4260.256348,4281.025879,4411.794922,4275.128418,4262.692383,4268.205078,4266.922852,4290.897461,4278.461426,4323.333496,4570.128418,4553.974121,4422.179688,4535.769043,0.232659,0.297272,0.560273,0.391652,0.122023,0.357647,0.284109,0.313187,0.189344,0.113683,0.406809,0.228455,0.171972,0.143159,0.05335,0.673229,0.318523,0.182479,0.157608,0.080783,0.487142,0.145721,0.11154,0.10176,0.063828,0.30734,0.267928,0.316296,0.136689,0.215992,0.148125,0.293164,0.093402,0.088962,0.100216,0.119522,0.165918,0.120133,0.204198,0.204795,0.176362,0.247174,0.211242,0.224288,0.154474,0.416089,0.256055,0.186847,0.369451,0.346001,0.484406,0.246982,0.282192,0.209281,0.187857,0.517735,0.144999,0.27857,0.185374,0.206942,0.378838,0.255676,0.335128,0.224383,0.168331,0.715214,0.337689,0.502157,0.214678,0.198292
1769161510.051988,1769161510.05306,15.0,0.0,4268.461426,4283.589844,4412.820313,4277.563965,4265.256348,4266.922852,4261.794922,4291.922852,4286.025879,4316.282227,4566.666504,4554.102539,4412.307617,4526.282227,,,,,,,,,,,,,,,,,,,,,,,,,,,,,,,,,,,,,,,,,,,,,,,,,,,,,,,,,,,,,,,,,,,,,,
1769161510.059796,1769161510.061068,16.0,0.0,4282.563965,4290.512695,4417.692383,4282.436035,4268.077148,4266.410156,4260.256348,4289.487305,4291.282227,4311.666504,4567.820313,4546.153809,4409.102539,4523.974121,,,,,,,,,,,,,,,,,,,,,,,,,,,,,,,,,,,,,,,,,,,,,,,,,,,,,,,,,,,,,,,,,,,,,,
1769161510.067605,1769161510.068877,17.0,0.0,4274.743652,4289.358887,4415.897461,4280.641113,4267.05127,4272.820313,4263.205078,4286.282227,4289.102539,4313.077148,4559.871582,4535.769043,4413.333496,4521.025879,,,,,,,,,,,,,,,,,,,,,,,,,,,,,,,,,,,,,,,,,,,,,,,,,,,,,,,,,,,,,,,,,,,,,,
1769161510.075413,1769161510.076585,18.0,0.0,4267.692383,4287.563965,4410.641113,4276.025879,4265.512695,4278.717773,4267.820313,4286.282227,4287.179688,4311.666504,4553.205078,4545.0,4415.0,4525.512695,,,,,,,,,,,,,,,,,,,,,,,,,,,,,,,,,,,,,,,,,,,,,,,,,,,,,,,,,,,,,,,,,,,,,,
1769161510.083222,1769161510.084394,19.0,0.0,4275.256348,4291.922852,4412.94873,4282.05127,4266.025879,4279.102539,4270.256348,4288.846191,4291.282227,4309.871582,4563.333496,4554.871582,4416.025879,4536.410156,,,,,,,,,,,,,,,,,,,,,,,,,,,,,,,,,,,,,,,,,,,,,,,,,,,,,,,,,,,,,,,,,,,,,,
1769161510.09103,1769161510.092002,20.0,0.0,4277.179688,4295.128418,4414.230957,4288.589844,4267.179688,4275.512695,4265.0,4293.333496,4295.512695,4310.256348,4566.794922,4544.743652,4414.102539,4532.94873,,,,,,,,,,,,,,,,,,,,,,,,,,,,,,,,,,,,,,,,,,,,,,,,,,,,,,,,,,,,,,,,,,,,,,
1769161510.098838,1769161510.099811,21.0,0.0,4268.205078,4292.307617,4410.769043,4282.692383,4267.436035,4274.230957,4263.333496,4289.743652,4294.230957,4310.384766,4557.179688,4535.769043,4409.871582,4520.128418,,,,,,,,,,,,,,,,,,,,,,,,,,,,,,,,,,,,,,,,,,,,,,,,,,,,,,,,,,,,,,,,,,,,,,
1769161510.106647,1769161510.107519,22.0,0.0,4261.538574,4283.205078,4410.128418,4276.538574,4266.538574,4279.230957,4274.487305,4282.692383,4291.794922,4314.615234,4553.846191,4539.615234,4412.179688,4520.512695,,,,,,,,,,,,,,,,,,,,,,,,,,,,,,,,,,,,,,,,,,,,,,,,,,,,,,,,,,,,,,,,,,,,,,
1769161510.114455,1769161510.115328,23.0,0.0,4261.282227,4279.230957,4410.512695,4278.974121,4265.384766,4277.692383,4273.717773,4282.563965,4290.256348,4317.179688,4558.717773,4540.384766,4414.230957,4531.282227,,,,,,,,,,,,,,,,,,,,,,,,,,,,,,,,,,,,,,,,,,,,,,,,,,,,,,,,,,,,,,,,,,,,,,
1769161510.122264,1769161510.122937,24.0,0.0,4265.384766,4286.153809,4410.641113,4281.922852,4265.128418,4266.538574,4261.794922,4279.871582,4288.205078,4310.128418,4555.769043,4536.922852,4412.05127,4535.384766,,,,,,,,,,,,,,,,,,,,,,,,,,,,,,,,,,,,,,,,,,,,,,,,,,,,,,,,,,,,,,,,,,,,,,
1769161510.130072,1769161510.130745,25.0,0.0,4268.846191,4290.769043,4413.846191,4280.769043,4267.307617,4263.461426,4265.128418,4280.769043,4290.128418,4307.563965,4551.153809,4535.0,4410.512695,4529.743652,,,,,,,,,,,,,,,,,,,,,,,,,,,,,,,,,,,,,,,,,,,,,,,,,,,,,,,,,,,,,,,,,,,,,,
1769161510.137881,1769161510.138454,26.0,0.0,4265.128418,4286.922852,4412.179688,4279.615234,4267.436035,4270.512695,4272.563965,4291.922852,4295.641113,4318.589844,4558.589844,4535.128418,4412.820313,4528.077148,,,,,,,,,,,,,,,,,,,,,,,,,,,,,,,,,,,,,,,,,,,,,,,,,,,,,,,,,,,,,,,,,,,,,,
1769161510.145689,1769161510.146262,27.0,0.0,4262.94873,4285.512695,4408.846191,4282.563965,4264.871582,4266.153809,4267.05127,4296.794922,4296.282227,4322.563965,4569.743652,4545.128418,4422.436035,4538.461426,,,,,,,,,,,,,,,,,,,,,,,,,,,,,,,,,,,,,,,,,,,,,,,,,,,,,,,,,,,,,,,,,,,,,,
1769161510.153498,1769161510.15427,28.0,0.0,4269.358887,4291.282227,4417.307617,4291.025879,4267.692383,4260.512695,4268.717773,4294.358887,4296.794922,4311.922852,4572.692383,4556.922852,4429.102539,4543.461426,,,,,,,,,,,,,,,,,,,,,,,,,,,,,,,,,,,,,,,,,,,,,,,,,,,,,,,,,,,,,,,,,,,,,,
1769161510.161306,1769161510.162079,29.0,0.0,4274.743652,4293.846191,4427.692383,4296.025879,4269.358887,4275.128418,4278.974121,4295.897461,4297.307617,4307.179688,4571.025879,4555.0,4424.743652,4538.717773,,,,,,,,,,,,,,,,,,,,,,,,,,,,,,,,,,,,,,,,,,,,,,,,,,,,,,,,,,,,,,,,,,,,,,
1769161510.169114,1769161510.169987,30.0,0.0,4276.282227,4295.641113,4427.179688,4296.282227,4266.282227,4281.922852,4274.615234,4296.282227,4294.487305,4318.846191,4571.922852,4548.846191,4424.230957,4538.974121,0.226093,0.223561,0.621267,0.367693,0.114741,0.361489,0.282504,0.305598,0.18056,0.106259,0.41112,0.219584,0.129694,0.149886,0.059697,0.713342,0.336182,0.19007,0.16222,0.079853,0.310614,0.115311,0.098833,0.097516,0.058875,0.304835,0.25023,0.330606,0.146343,0.201501,0.132224,0.313367,0.093555,0.105192,0.099168,0.15543,0.159031,0.142716,0.212038,0.195515,0.243923,0.264376,0.196299,0.232247,0.162925,0.470067,0.300495,0.140734,0.329424,0.357765,0.597312,0.270369,0.304145,0.237459,0.205844,0.547528,0.127428,0.244294,0.195325,0.203171,0.404274,0.259672,0.295069,0.225067,0.200198,0.819904,0.287628,0.471545,0.216311,0.214234
1769161510.176923,1769161510.177795,31.0,0.0,4276.153809,4294.230957,4424.871582,4295.769043,4269.615234,4270.0,4265.256348,4290.769043,4292.436035,4328.461426,4572.692383,4549.871582,4430.128418,4540.769043,,,,,,,,,,,,,,,,,,,,,,,,,,,,,,,,,,,,,,,,,,,,,,,,,,,,,,,,,,,,,,,,,,,,,,
1769161510.184731,1769161510.185404,32.0,0.0,4273.333496,4286.538574,4425.769043,4295.769043,4271.922852,4268.589844,4272.05127,4292.563965,4295.512695,4322.307617,4572.436035,4554.615234,4431.025879,4540.769043,,,,,,,,,,,,,,,,,,,,,,,,,,,,,,,,,,,,,,,,,,,,,,,,,,,,,,,,,,,,,,,,,,,,,,
1769161510.19254,1769161510.193213,33.0,0.0,4273.589844,4286.922852,4428.077148,4298.974121,4267.94873,4274.743652,4280.769043,4296.282227,4298.333496,4312.179688,4574.487305,4555.384766,4426.282227,4540.512695,,,,,,,,,,,,,,,,,,,,,,,,,,,,,,,,,,,,,,,,,,,,,,,,,,,,,,,,,,,,,,,,,,,,,,
1769161510.200349,1769161510.200921,34.0,0.0,4280.512695,4293.846191,4434.102539,4304.871582,4269.743652,4271.025879,4272.05127,4286.025879,4292.05127,4310.769043,4572.94873,4553.205078,4426.410156,4540.128418,,,,,,,,,,,,,,,,,,,,,,,,,,,,,,,,,,,,,,,,,,,,,,,,,,,,,,,,,,,,,,,,,,,,,,
1769161510.208157,1769161510.20873,35.0,0.0,4280.769043,4293.589844,4433.846191,4306.922852,4272.05127,4267.563965,4262.820313,4278.205078,4289.230957,4315.256348,4570.384766,4552.436035,4428.461426,4541.666504,,,,,,,,,,,,,,,,,,,,,,,,,,,,,,,,,,,,,,,,,,,,,,,,,,,,,,,,,,,,,,,,,,,,,,
1769161510.215965,1769161510.216738,36.0,0.0,4273.589844,4287.436035,4428.077148,4300.0,4266.410156,4269.230957,4267.05127,4287.820313,4293.461426,4308.461426,4572.563965,4555.769043,4423.589844,4542.179688,,,,,,,,,,,,,,,,,,,,,,,,,,,,,,,,,,,,,,,,,,,,,,,,,,,,,,,,,,,,,,,,,,,,,,
1769161510.223774,1769161510.224546,37.0,0.0,4273.846191,4286.410156,4433.461426,4294.615234,4263.461426,4263.846191,4267.436035,4289.230957,4286.666504,4298.846191,4567.307617,4555.641113,4412.94873,4539.230957,,,,,,,,,,,,,,,,,,,,,,,,,,,,,,,,,,,,,,,,,,,,,,,,,,,,,,,,,,,,,,,,,,,,,,
1769161510.231582,1769161510.232455,38.0,0.0,4279.102539,4290.384766,4443.077148,4300.897461,4266.153809,4263.205078,4264.230957,4277.179688,4273.461426,4301.410156,4558.461426,4551.538574,4406.794922,4536.410156,,,,,,,,,,,,,,,,,,,,,,,,,,,,,,,,,,,,,,,,,,,,,,,,,,,,,,,,,,,,,,,,,,,,,,
1769161510.239391,1769161510.240263,39.0,0.0,4282.179688,4294.487305,4443.461426,4309.487305,4266.794922,4273.589844,4269.102539,4278.077148,4279.615234,4308.974121,4564.102539,4554.615234,4411.025879,4541.025879,,,,,,,,,,,,,,,,,,,,,,,,,,,,,,,,,,,,,,,,,,,,,,,,,,,,,,,,,,,,,,,,,,,,,,
1769161510.247199,1769161510.248271,40.0,0.0,4283.717773,4295.512695,4440.897461,4309.358887,4265.897461,4279.743652,4273.333496,4285.0,4289.871582,4309.871582,4573.846191,4557.820313,4415.769043,4547.307617,,,,,,,,,,,,,,,,,,,,,,,,,,,,,,,,,,,,,,,,,,,,,,,,,,,,,,,,,,,,,,,,,,,,,,
1769161510.255008,1769161510.25608,41.0,0.0,4279.871582,4292.307617,4441.538574,4306.538574,4266.538574,4278.205078,4275.897461,4282.563965,4283.333496,4307.94873,4568.205078,4552.820313,4412.307617,4541.794922,,,,,,,,,,,,,,,,,,,,,,,,,,,,,,,,,,,,,,,,,,,,,,,,,,,,,,,,,,,,,,,,,,,,,,
1769161510.262816,1769161510.263788,42.0,0.0,4278.205078,4292.179688,4442.436035,4306.794922,4265.769043,4276.410156,4279.102539,4286.025879,4283.333496,4308.589844,4565.384766,4556.282227,4408.461426,4537.820313,,,,,,,,,,,,,,,,,,,,,,,,,,,,,,,,,,,,,,,,,,,,,,,,,,,,,,,,,,,,,,,,,,,,,,
1769161510.270625,1769161510.271597,43.0,0.0,4284.743652,4294.487305,4443.974121,4308.461426,4266.666504,4275.769043,4272.307617,4297.307617,4296.794922,4307.692383,4576.410156,4569.743652,4413.461426,4545.512695,,,,,,,,,,,,,,,,,,,,,,,,,,,,,,,,,,,,,,,,,,,,,,,,,,,,,,,,,,,,,,,,,,,,,,
1769161510.278433,1769161510.279605,44.0,0.0,4289.230957,4295.769043,4446.410156,4312.179688,4268.589844,4268.205078,4262.05127,4294.615234,4299.615234,4307.692383,4577.05127,4567.692383,4416.922852,4547.436035,,,,,,,,,,,,,,,,,,,,,,,,,,,,,,,,,,,,,,,,,,,,,,,,,,,,,,,,,,,,,,,,,,,,,,
1769161510.286241,1769161510.287413,45.0,0.0,4284.871582,4295.641113,4445.641113,4313.205078,4268.077148,4262.94873,4260.769043,4282.307617,4289.102539,4309.358887,4567.05127,4553.589844,4411.794922,4538.717773,,,,,,,,,,,,,,,,,,,,,,,,,,,,,,,,,,,,,,,,,,,,,,,,,,,,,,,,,,,,,,,,,,,,,,
1769161510.29405,1769161510.295122,46.0,0.0,4278.333496,4295.769043,4440.384766,4311.666504,4271.410156,4271.794922,4263.589844,4281.794922,4287.307617,4312.692383,4567.436035,4550.769043,4414.358887,4535.897461,0.216657,0.167166,0.644007,0.331072,0.1125,0.351852,0.287395,0.285619,0.164737,0.099009,0.460761,0.230083,0.106537,0.15929,0.071105,0.715413,0.366677,0.198234,0.158777,0.082948,0.216098,0.109989,0.088878,0.095778,0.052224,0.286758,0.218584,0.348663,0.161887,0.187409,0.129455,0.301042,0.08404,0.123013,0.098279,0.222469,0.158442,0.17106,0.213257,0.176603,0.340916,0.278942,0.192314,0.231885,0.160553,0.521842,0.360365,0.11573,0.284747,0.37835,0.733135,0.304115,0.324764,0.260816,0.213325,0.60834,0.135137,0.242737,0.205088,0.209963,0.435805,0.285333,0.278172,0.220383,0.240281,0.956437,0.256653,0.467378,0.22482,0.237275
1769161510.301858,1769161510.30293,47.0,0.0,4277.820313,4294.230957,4434.358887,4312.05127,4273.974121,4281.666504,4264.102539,4291.922852,4294.743652,4315.512695,4573.205078,4556.538574,4421.282227,4537.307617,,,,,,,,,,,,,,,,,,,,,,,,,,,,,,,,,,,,,,,,,,,,,,,,,,,,,,,,,,,,,,,,,,,,,,
1769161510.309667,1769161510.310539,48.0,0.0,4278.461426,4289.102539,4431.153809,4310.641113,4270.641113,4278.846191,4265.256348,4294.487305,4296.025879,4310.128418,4571.922852,4553.717773,4417.307617,4535.512695,,,,,,,,,,,,,,,,,,,,,,,,,,,,,,,,,,,,,,,,,,,,,,,,,,,,,,,,,,,,,,,,,,,,,,
1769161510.317475,1769161510.318348,49.0,0.0,4271.153809,4289.487305,4428.846191,4309.615234,4271.538574,4274.230957,4265.384766,4290.641113,4292.307617,4307.563965,4567.307617,4546.410156,4411.153809,4533.461426,,,,,,,,,,,,,,,,,,,,,,,,,,,,,,,,,,,,,,,,,,,,,,,,,,,,,,,,,,,,,,,,,,,,,,
1769161510.325284,1769161510.326056,50.0,0.0,4262.563965,4290.256348,4427.692383,4310.0,4275.512695,4278.589844,4263.077148,4290.0,4291.922852,4311.153809,4565.512695,4544.487305,4412.692383,4530.512695,,,,,,,,,,,,,,,,,,,,,,,,,,,,,,,,,,,,,,,,,,,,,,,,,,,,,,,,,,,,,,,,,,,,,,
1769161510.333092,1769161510.333864,51.0,0.0,4261.794922,4283.846191,4428.717773,4307.94873,4270.512695,4281.794922,4267.05127,4289.358887,4290.897461,4302.179688,4566.282227,4548.589844,4411.538574,4530.0,,,,,,,,,,,,,,,,,,,,,,,,,,,,,,,,,,,,,,,,,,,,,,,,,,,,,,,,,,,,,,,,,,,,,,
1769161510.340901,1769161510.341873,52.0,0.0,4266.153809,4279.358887,4428.974121,4307.94873,4264.615234,4280.769043,4273.974121,4289.615234,4286.794922,4295.769043,4569.230957,4553.589844,4414.102539,4536.538574,,,,,,,,,,,,,,,,,,,,,,,,,,,,,,,,,,,,,,,,,,,,,,,,,,,,,,,,,,,,,,,,,,,,,,
1769161510.348709,1769161510.349681,53.0,0.0,4265.384766,4282.692383,4428.717773,4312.05127,4266.025879,4280.512695,4276.025879,4294.743652,4290.0,4309.102539,4573.589844,4553.974121,4425.256348,4538.461426,,,,,,,,,,,,,,,,,,,,,,,,,,,,,,,,,,,,,,,,,,,,,,,,,,,,,,,,,,,,,,,,,,,,,,
1769161510.356517,1769161510.35759,54.0,0.0,4267.692383,4286.666504,4428.589844,4312.05127,4266.794922,4281.025879,4279.230957,4294.358887,4293.461426,4312.820313,4575.641113,4552.94873,4429.102539,4530.897461,,,,,,,,,,,,,,,,,,,,,,,,,,,,,,,,,,,,,,,,,,,,,,,,,,,,,,,,,,,,,,,,,,,,,,
1769161510.364326,1769161510.365398,55.0,0.0,4275.897461,4289.615234,4428.846191,4310.897461,4271.153809,4281.538574,4278.846191,4289.743652,4292.692383,4303.974121,4573.717773,4554.358887,4427.307617,4529.358887,,,,,,,,,,,,,,,,,,,,,,,,,,,,,,,,,,,,,,,,,,,,,,,,,,,,,,,,,,,,,,,,,,,,,,
1769161510.372134,1769161510.373406,56.0,0.0,4274.102539,4289.487305,4429.230957,4312.94873,4276.282227,4279.358887,4267.179688,4290.512695,4291.153809,4308.333496,4571.282227,4551.410156,4427.820313,4533.846191,,,,,,,,,,,,,,,,,,,,,,,,,,,,,,,,,,,,,,,,,,,,,,,,,,,,,,,,,,,,,,,,,,,,,,
1769161510.379943,1769161510.381215,57.0,0.0,4265.0,4284.871582,4428.205078,4312.436035,4275.512695,4276.410156,4267.05127,4295.128418,4292.179688,4313.589844,4571.666504,4550.512695,4429.102539,4530.769043,,,,,,,,,,,,,,,,,,,,,,,,,,,,,,,,,,,,,,,,,,,,,,,,,,,,,,,,,,,,,,,,,,,,,,
1769161510.387751,1769161510.388923,58.0,0.0,4262.692383,4280.897461,4428.205078,4309.230957,4275.384766,4280.0,4280.256348,4297.307617,4297.05127,4308.077148,4572.820313,4552.179688,4427.436035,4523.589844,,,,,,,,,,,,,,,,,,,,,,,,,,,,,,,,,,,,,,,,,,,,,,,,,,,,,,,,,,,,,,,,,,,,,,
1769161510.39556,1769161510.396732,59.0,0.0,4264.615234,4280.512695,4429.102539,4308.717773,4275.0,4281.922852,4278.589844,4294.615234,4292.94873,4305.897461,4570.512695,4543.717773,4422.563965,4522.179688,,,,,,,,,,,,,,,,,,,,,,,,,,,,,,,,,,,,,,,,,,,,,,,,,,,,,,,,,,,,,,,,,,,,,,
1769161510.403368,1769161510.40434,60.0,0.0,4264.743652,4286.153809,4430.256348,4314.230957,4276.025879,4278.333496,4269.358887,4290.641113,4286.025879,4305.128418,4569.230957,4539.230957,4421.922852,4528.205078,,,,,,,,,,,,,,,,,,,,,,,,,,,,,,,,,,,,,,,,,,,,,,,,,,,,,,,,,,,,,,,,,,,,,,
1769161510.411177,1769161510.412149,61.0,0.0,4266.538574,4292.94873,4432.179688,4318.589844,4275.897461,4277.179688,4270.256348,4293.205078,4289.487305,4302.436035,4572.05127,4547.563965,4425.0,4532.179688,,,,,,,,,,,,,,,,,,,,,,,,,,,,,,,,,,,,,,,,,,,,,,,,,,,,,,,,,,,,,,,,,,,,,,
1769161510.418985,1769161510.420057,62.0,0.0,4265.0,4287.436035,4430.512695,4315.897461,4269.743652,4280.641113,4271.666504,4296.794922,4291.153809,4298.846191,4570.641113,4546.922852,4420.384766,4526.922852,0.257778,0.139979,0.60644,0.287723,0.118598,0.328268,0.28977,0.249224,0.143836,0.094835,0.424075,0.247841,0.092521,0.165053,0.087749,0.672759,0.388158,0.198898,0.144562,0.08838,0.198205,0.123623,0.086675,0.097388,0.046448,0.263709,0.197748,0.380752,0.180795,0.183231,0.135205,0.269281,0.072265,0.138311,0.103392,0.316037,0.172701,0.197452,0.207825,0.156437,0.466337,0.287526,0.192668,0.224365,0.14823,0.549384,0.405878,0.110036,0.25294,0.39788,0.868453,0.336488,0.325973,0.275833,0.211097,0.713511,0.154371,0.251683,0.212193,0.22858,0.461551,0.305561,0.269827,0.213243,0.286432,1.067338,0.229122,0.472206,0.242868,0.266541
1769161510.426793,1769161510.427866,63.0,0.0,4260.128418,4282.307617,4426.794922,4316.410156,4265.641113,4279.358887,4268.333496,4286.025879,4278.461426,4288.974121,4564.743652,4537.307617,4410.256348,4521.410156,,,,,,,,,,,,,,,,,,,,,,,,,,,,,,,,,,,,,,,,,,,,,,,,,,,,,,,,,,,,,,,,,,,,,,
1769161510.434602,1769161510.435874,64.0,0.0,4263.846191,4290.384766,4428.333496,4324.615234,4267.05127,4270.897461,4263.717773,4274.487305,4274.487305,4289.358887,4566.410156,4537.692383,4415.512695,4524.743652,,,,,,,,,,,,,,,,,,,,,,,,,,,,,,,,,,,,,,,,,,,,,,,,,,,,,,,,,,,,,,,,,,,,,,
1769161510.44241,1769161510.443682,65.0,0.0,4268.205078,4296.153809,4430.384766,4328.846191,4268.461426,4267.692383,4261.922852,4283.717773,4284.102539,4299.487305,4572.563965,4540.641113,4427.820313,4525.384766,,,,,,,,,,,,,,,,,,,,,,,,,,,,,,,,,,,,,,,,,,,,,,,,,,,,,,,,,,,,,,,,,,,,,,
1769161510.450219,1769161510.451391,66.0,0.0,4265.769043,4293.205078,4428.974121,4325.128418,4268.333496,4272.563965,4267.307617,4294.230957,4286.282227,4294.230957,4571.153809,4538.717773,4426.794922,4524.230957,,,,,,,,,,,,,,,,,,,,,,,,,,,,,,,,,,,,,,,,,,,,,,,,,,,,,,,,,,,,,,,,,,,,,,
1769161510.458027,1769161510.459199,67.0,0.0,4262.307617,4289.615234,4428.205078,4319.871582,4269.358887,4274.487305,4266.794922,4285.512695,4280.384766,4284.871582,4561.410156,4536.282227,4412.563965,4520.897461,,,,,,,,,,,,,,,,,,,,,,,,,,,,,,,,,,,,,,,,,,,,,,,,,,,,,,,,,,,,,,,,,,,,,,
1769161510.465836,1769161510.466808,68.0,0.0,4262.179688,4286.025879,4427.692383,4320.0,4273.205078,4276.794922,4263.589844,4276.922852,4276.282227,4291.282227,4554.871582,4533.461426,4406.025879,4512.436035,,,,,,,,,,,,,,,,,,,,,,,,,,,,,,,,,,,,,,,,,,,,,,,,,,,,,,,,,,,,,,,,,,,,,,
1769161510.473644,1769161510.474616,69.0,0.0,4262.692383,4281.922852,4426.666504,4320.256348,4272.307617,4278.077148,4273.846191,4288.846191,4283.205078,4299.102539,4561.666504,4535.0,4416.794922,4512.94873,,,,,,,,,,,,,,,,,,,,,,,,,,,,,,,,,,,,,,,,,,,,,,,,,,,,,,,,,,,,,,,,,,,,,,
1769161510.481453,1769161510.482525,70.0,0.0,4261.922852,4278.077148,4425.256348,4312.692383,4266.538574,4271.153809,4277.05127,4295.256348,4288.589844,4295.512695,4568.717773,4535.256348,4422.179688,4519.487305,,,,,,,,,,,,,,,,,,,,,,,,,,,,,,,,,,,,,,,,,,,,,,,,,,,,,,,,,,,,,,,,,,,,,,
1769161510.489261,1769161510.490333,71.0,0.0,4262.179688,4281.538574,4424.487305,4313.205078,4266.153809,4267.692383,4265.641113,4291.666504,4283.846191,4291.410156,4568.589844,4534.871582,4422.307617,4520.641113,,,,,,,,,,,,,,,,,,,,,,,,,,,,,,,,,,,,,,,,,,,,,,,,,,,,,,,,,,,,,,,,,,,,,,
1769161510.497069,1769161510.497942,72.0,0.0,4262.820313,4290.0,4429.871582,4323.589844,4270.512695,4274.871582,4261.153809,4292.563965,4280.897461,4292.692383,4569.615234,4539.230957,4426.410156,4523.461426,,,,,,,,,,,,,,,,,,,,,,,,,,,,,,,,,,,,,,,,,,,,,,,,,,,,,,,,,,,,,,,,,,,,,,
1769161510.504878,1769161510.50575,73.0,0.0,4262.307617,4289.230957,4427.692383,4319.743652,4270.256348,4275.769043,4264.615234,4286.538574,4278.589844,4294.358887,4565.384766,4535.384766,4418.461426,4524.487305,,,,,,,,,,,,,,,,,,,,,,,,,,,,,,,,,,,,,,,,,,,,,,,,,,,,,,,,,,,,,,,,,,,,,,
1769161510.512686,1769161510.513459,74.0,0.0,4260.512695,4282.94873,4415.641113,4307.563965,4270.641113,4274.358887,4266.538574,4279.743652,4275.641113,4292.820313,4558.205078,4529.871582,4410.0,4518.333496,,,,,,,,,,,,,,,,,,,,,,,,,,,,,,,,,,,,,,,,,,,,,,,,,,,,,,,,,,,,,,,,,,,,,,
1769161510.520495,1769161510.521267,75.0,0.0,4263.461426,4286.538574,4420.512695,4316.922852,4276.153809,4276.666504,4266.025879,4286.282227,4279.102539,4291.538574,4566.794922,4539.487305,4424.230957,4522.05127,,,,,,,,,,,,,,,,,,,,,,,,,,,,,,,,,,,,,,,,,,,,,,,,,,,,,,,,,,,,,,,,,,,,,,
1769161510.528303,1769161510.529275,76.0,0.0,4268.974121,4291.025879,4429.871582,4331.666504,4279.358887,4274.743652,4261.538574,4290.897461,4282.692383,4295.897461,4574.615234,4544.615234,4432.436035,4528.333496,,,,,,,,,,,,,,,,,,,,,,,,,,,,,,,,,,,,,,,,,,,,,,,,,,,,,,,,,,,,,,,,,,,,,,
1769161510.536112,1769161510.537084,77.0,0.0,4261.922852,4281.153809,4416.410156,4323.205078,4278.461426,4275.641113,4265.128418,4288.077148,4277.563965,4297.692383,4558.974121,4527.820313,4412.307617,4514.230957,,,,,,,,,,,,,,,,,,,,,,,,,,,,,,,,,,,,,,,,,,,,,,,,,,,,,,,,,,,,,,,,,,,,,,
1769161510.54392,1769161510.544792,78.0,0.0,4248.846191,4270.769043,4404.358887,4310.128418,4273.077148,4281.410156,4276.410156,4293.205078,4280.384766,4290.641113,4548.333496,4518.461426,4398.974121,4500.256348,0.323389,0.146556,0.514552,0.244298,0.13523,0.287776,0.288983,0.202296,0.122174,0.095818,0.391952,0.262611,0.080371,0.162341,0.1086,0.609911,0.385618,0.189751,0.123388,0.094087,0.227116,0.144838,0.092481,0.1006,0.04328,0.246634,0.209448,0.43275,0.199972,0.192916,0.155347,0.243358,0.069929,0.148224,0.11831,0.423037,0.20583,0.214651,0.198265,0.143136,0.604234,0.289259,0.187899,0.211437,0.131637,0.548637,0.417162,0.116766,0.240938,0.406981,0.972714,0.362456,0.3007,0.281274,0.203112,0.869297,0.178355,0.253186,0.215165,0.255776,0.487969,0.309881,0.256386,0.208912,0.331621,1.155981,0.203288,0.463578,0.271096,0.297369
1769161510.551729,1769161510.552601,79.0,0.0,4246.922852,4272.820313,4411.922852,4310.769043,4266.922852,4280.641113,4274.358887,4300.0,4289.871582,4287.94873,4562.94873,4530.128418,4407.94873,4510.641113,,,,,,,,,,,,,,,,,,,,,,,,,,,,,,,,,,,,,,,,,,,,,,,,,,,,,,,,,,,,,,,,,,,,,,
1769161510.559537,1769161510.560609,80.0,0.0,4252.436035,4278.974121,4416.025879,4312.692383,4265.256348,4273.461426,4265.0,4293.205078,4286.538574,4292.692383,4572.179688,4538.974121,4417.563965,4525.384766,,,,,,,,,,,,,,,,,,,,,,,,,,,,,,,,,,,,,,,,,,,,,,,,,,,,,,,,,,,,,,,,,,,,,,
1769161510.567346,1769161510.568418,81.0,0.0,4257.820313,4279.615234,4412.563965,4310.128418,4263.589844,4266.153809,4263.077148,4281.794922,4277.179688,4298.077148,4562.436035,4535.128418,4415.384766,4522.692383,,,,,,,,,,,,,,,,,,,,,,,,,,,,,,,,,,,,,,,,,,,,,,,,,,,,,,,,,,,,,,,,,,,,,,
1769161510.575154,1769161510.576326,82.0,0.0,4261.922852,4279.358887,4412.563965,4315.256348,4266.153809,4266.666504,4266.538574,4280.641113,4276.922852,4293.589844,4559.743652,4532.307617,4412.692383,4517.436035,,,,,,,,,,,,,,,,,,,,,,,,,,,,,,,,,,,,,,,,,,,,,,,,,,,,,,,,,,,,,,,,,,,,,,
1769161510.582962,1769161510.584134,83.0,0.0,4262.05127,4285.384766,4412.436035,4324.615234,4274.102539,4274.487305,4270.641113,4291.922852,4281.922852,4283.974121,4570.769043,4536.153809,4417.307617,4521.666504,,,,,,,,,,,,,,,,,,,,,,,,,,,,,,,,,,,,,,,,,,,,,,,,,,,,,,,,,,,,,,,,,,,,,,
1769161510.590771,1769161510.592143,84.0,0.0,4261.282227,4289.230957,4412.692383,4325.897461,4275.897461,4281.666504,4276.282227,4297.179688,4281.666504,4286.794922,4572.820313,4538.205078,4418.461426,4523.846191,,,,,,,,,,,,,,,,,,,,,,,,,,,,,,,,,,,,,,,,,,,,,,,,,,,,,,,,,,,,,,,,,,,,,,
1769161510.598579,1769161510.599951,85.0,0.0,4265.128418,4286.666504,4414.487305,4322.436035,4267.05127,4277.820313,4276.794922,4292.94873,4282.436035,4296.538574,4568.846191,4540.641113,4413.589844,4522.820313,,,,,,,,,,,,,,,,,,,,,,,,,,,,,,,,,,,,,,,,,,,,,,,,,,,,,,,,,,,,,,,,,,,,,,
1769161510.606388,1769161510.60766,86.0,0.0,4264.743652,4284.743652,4413.205078,4322.307617,4262.307617,4265.512695,4268.846191,4294.102539,4288.333496,4299.487305,4571.153809,4541.153809,4413.205078,4519.487305,,,,,,,,,,,,,,,,,,,,,,,,,,,,,,,,,,,,,,,,,,,,,,,,,,,,,,,,,,,,,,,,,,,,,,
1769161510.614196,1769161510.615468,87.0,0.0,4262.05127,4283.205078,4410.0,4325.384766,4267.94873,4262.436035,4263.589844,4294.358887,4288.205078,4294.871582,4566.025879,4528.974121,4414.358887,4510.128418,,,,,,,,,,,,,,,,,,,,,,,,,,,,,,,,,,,,,,,,,,,,,,,,,,,,,,,,,,,,,,,,,,,,,,
1769161510.622005,1769161510.623476,88.0,0.0,4266.666504,4282.179688,4410.0,4324.102539,4272.436035,4272.820313,4265.769043,4291.153809,4280.769043,4283.974121,4556.538574,4518.974121,4410.0,4507.692383,,,,,,,,,,,,,,,,,,,,,,,,,,,,,,,,,,,,,,,,,,,,,,,,,,,,,,,,,,,,,,,,,,,,,,
1769161510.629813,1769161510.631285,89.0,0.0,4275.384766,4286.410156,4414.743652,4326.282227,4273.077148,4279.102539,4267.692383,4291.538574,4277.692383,4278.974121,4562.563965,4531.153809,4410.256348,4521.153809,,,,,,,,,,,,,,,,,,,,,,,,,,,,,,,,,,,,,,,,,,,,,,,,,,,,,,,,,,,,,,,,,,,,,,
1769161510.637622,1769161510.638993,90.0,0.0,4277.179688,4293.461426,4416.666504,4335.256348,4275.128418,4273.333496,4265.769043,4287.94873,4279.615234,4285.128418,4570.384766,4546.282227,4412.05127,4528.846191,,,,,,,,,,,,,,,,,,,,,,,,,,,,,,,,,,,,,,,,,,,,,,,,,,,,,,,,,,,,,,,,,,,,,,
1769161510.64543,1769161510.646802,91.0,0.0,4266.666504,4293.077148,4411.922852,4335.512695,4278.205078,4276.282227,4267.307617,4280.897461,4278.205078,4284.615234,4563.333496,4534.871582,4405.384766,4513.205078,,,,,,,,,,,,,,,,,,,,,,,,,,,,,,,,,,,,,,,,,,,,,,,,,,,,,,,,,,,,,,,,,,,,,,
1769161510.653239,1769161510.65441,92.0,0.0,4263.589844,4289.871582,4411.410156,4331.025879,4276.538574,4283.077148,4270.128418,4281.282227,4277.307617,4278.974121,4558.461426,4523.205078,4404.358887,4501.025879,,,,,,,,,,,,,,,,,,,,,,,,,,,,,,,,,,,,,,,,,,,,,,,,,,,,,,,,,,,,,,,,,,,,,,
1769161510.661047,1769161510.662219,93.0,0.0,4273.205078,4289.743652,4415.128418,4334.743652,4272.820313,4271.410156,4265.128418,4282.563965,4278.974121,4284.230957,4566.025879,4533.205078,4412.820313,4514.358887,,,,,,,,,,,,,,,,,,,,,,,,,,,,,,,,,,,,,,,,,,,,,,,,,,,,,,,,,,,,,,,,,,,,,,
1769161510.668856,1769161510.669927,94.0,0.0,4273.333496,4290.384766,4414.615234,4336.922852,4274.871582,4257.563965,4261.538574,4279.487305,4279.230957,4287.820313,4571.025879,4543.333496,4414.102539,4524.102539,0.435733,0.186478,0.399221,0.206879,0.160744,0.24298,0.287758,0.157239,0.105722,0.101832,0.381989,0.27005,0.067912,0.150972,0.130244,0.558863,0.357371,0.173215,0.102939,0.098412,0.257848,0.165981,0.102417,0.101179,0.042736,0.240655,0.256935,0.496083,0.215884,0.212227,0.180632,0.243661,0.087229,0.152862,0.142397,0.525244,0.255134,0.217923,0.187751,0.14145,0.740256,0.28938,0.171807,0.195103,0.118942,0.524581,0.394733,0.130143,0.243644,0.401606,1.011077,0.383577,0.256083,0.278342,0.194314,1.040646,0.208718,0.240043,0.213627,0.284628,0.532705,0.306717,0.2338,0.212133,0.365585,1.19227,0.186559,0.431103,0.30453,0.322274
1769161510.676664,1769161510.677736,95.0,0.0,4265.128418,4290.897461,4411.538574,4333.333496,4279.358887,4260.384766,4269.230957,4285.512695,4282.820313,4289.358887,4570.0,4541.922852,4412.179688,4512.94873,,,,,,,,,,,,,,,,,,,,,,,,,,,,,,,,,,,,,,,,,,,,,,,,,,,,,,,,,,,,,,,,,,,,,,
1769161510.684472,1769161510.685744,96.0,0.0,4261.538574,4288.589844,4408.461426,4332.820313,4279.230957,4265.128418,4273.333496,4292.563965,4285.512695,4292.692383,4564.615234,4532.94873,4411.922852,4504.487305,,,,,,,,,,,,,,,,,,,,,,,,,,,,,,,,,,,,,,,,,,,,,,,,,,,,,,,,,,,,,,,,,,,,,,
1769161510.692281,1769161510.693553,97.0,0.0,4264.743652,4282.307617,4407.05127,4334.358887,4276.538574,4260.0,4268.846191,4291.153809,4280.0,4279.358887,4557.94873,4527.436035,4406.794922,4508.717773,,,,,,,,,,,,,,,,,,,,,,,,,,,,,,,,,,,,,,,,,,,,,,,,,,,,,,,,,,,,,,,,,,,,,,
1769161510.700089,1769161510.701261,98.0,0.0,4272.05127,4280.897461,4412.179688,4336.666504,4278.077148,4256.794922,4270.384766,4290.0,4276.794922,4267.05127,4555.769043,4536.025879,4406.666504,4510.897461,,,,,,,,,,,,,,,,,,,,,,,,,,,,,,,,,,,,,,,,,,,,,,,,,,,,,,,,,,,,,,,,,,,,,,
1769161510.707898,1769161510.70907,99.0,0.0,4275.128418,4283.077148,4415.897461,4340.512695,4278.205078,4258.077148,4276.153809,4287.436035,4279.230957,4278.205078,4557.05127,4542.94873,4412.563965,4511.538574,,,,,,,,,,,,,,,,,,,,,,,,,,,,,,,,,,,,,,,,,,,,,,,,,,,,,,,,,,,,,,,,,,,,,,
1769161510.715706,1769161510.716678,100.0,0.0,4263.846191,4279.487305,4406.666504,4335.897461,4275.769043,4260.256348,4278.461426,4287.563965,4278.717773,4284.743652,4554.102539,4529.487305,4406.153809,4508.077148,,,,,,,,,,,,,,,,,,,,,,,,,,,,,,,,,,,,,,,,,,,,,,,,,,,,,,,,,,,,,,,,,,,,,,
1769161510.723515,1769161510.724487,101.0,0.0,4255.128418,4275.512695,4393.461426,4326.794922,4277.820313,4262.94873,4277.563965,4289.102539,4276.922852,4275.641113,4551.794922,4515.641113,4394.615234,4498.846191,,,,,,,,,,,,,,,,,,,,,,,,,,,,,,,,,,,,,,,,,,,,,,,,,,,,,,,,,,,,,,,,,,,,,,
1769161510.731323,1769161510.732195,102.0,0.0,4262.436035,4277.563965,4392.563965,4328.461426,4279.743652,4265.384766,4270.769043,4284.102539,4277.820313,4278.205078,4553.846191,4518.846191,4393.589844,4498.846191,,,,,,,,,,,,,,,,,,,,,,,,,,,,,,,,,,,,,,,,,,,,,,,,,,,,,,,,,,,,,,,,,,,,,,
1769161510.739132,1769161510.740004,103.0,0.0,4267.820313,4279.871582,4401.666504,4337.307617,4277.05127,4263.846191,4265.0,4282.563965,4278.333496,4279.615234,4553.589844,4523.077148,4398.974121,4509.358887,,,,,,,,,,,,,,,,,,,,,,,,,,,,,,,,,,,,,,,,,,,,,,,,,,,,,,,,,,,,,,,,,,,,,,
1769161510.74694,1769161510.748012,104.0,0.0,4264.743652,4280.384766,4402.94873,4338.717773,4274.358887,4262.436035,4270.769043,4288.077148,4276.922852,4267.94873,4551.666504,4523.333496,4405.512695,4512.179688,,,,,,,,,,,,,,,,,,,,,,,,,,,,,,,,,,,,,,,,,,,,,,,,,,,,,,,,,,,,,,,,,,,,,,
1769161510.754748,1769161510.75582,105.0,0.0,4261.922852,4279.358887,4393.077148,4335.512695,4275.641113,4269.102539,4278.461426,4283.846191,4273.077148,4269.230957,4553.205078,4522.820313,4404.487305,4502.307617,,,,,,,,,,,,,,,,,,,,,,,,,,,,,,,,,,,,,,,,,,,,,,,,,,,,,,,,,,,,,,,,,,,,,,
1769161510.762557,1769161510.763729,106.0,0.0,4261.922852,4278.461426,4391.153809,4337.820313,4276.666504,4271.922852,4274.871582,4278.846191,4276.794922,4283.333496,4556.922852,4522.05127,4399.102539,4499.230957,,,,,,,,,,,,,,,,,,,,,,,,,,,,,,,,,,,,,,,,,,,,,,,,,,,,,,,,,,,,,,,,,,,,,,
1769161510.770365,1769161510.771537,107.0,0.0,4262.820313,4279.102539,4397.563965,4341.282227,4273.333496,4265.384766,4266.410156,4283.077148,4280.769043,4286.282227,4558.974121,4525.256348,4406.794922,4508.461426,,,,,,,,,,,,,,,,,,,,,,,,,,,,,,,,,,,,,,,,,,,,,,,,,,,,,,,,,,,,,,,,,,,,,,
1769161510.778174,1769161510.779545,108.0,0.0,4263.717773,4280.128418,4397.436035,4342.05127,4272.05127,4264.102539,4266.666504,4280.256348,4271.025879,4279.487305,4556.282227,4528.717773,4411.794922,4513.205078,,,,,,,,,,,,,,,,,,,,,,,,,,,,,,,,,,,,,,,,,,,,,,,,,,,,,,,,,,,,,,,,,,,,,,
1769161510.785982,1769161510.787354,109.0,0.0,4263.205078,4278.589844,4396.410156,4342.94873,4275.0,4266.025879,4272.563965,4280.256348,4268.717773,4283.077148,4555.512695,4531.666504,4402.94873,4509.358887,,,,,,,,,,,,,,,,,,,,,,,,,,,,,,,,,,,,,,,,,,,,,,,,,,,,,,,,,,,,,,,,,,,,,,
1769161510.793791,1769161510.795262,110.0,0.0,4261.025879,4279.358887,4403.717773,4344.102539,4275.512695,4261.922852,4267.05127,4289.615234,4279.871582,4291.153809,4560.641113,4535.641113,4403.846191,4506.282227,0.55479,0.253068,0.296364,0.178442,0.189004,0.210718,0.286659,0.130216,0.097321,0.11071,0.436689,0.273098,0.055619,0.135076,0.14844,0.529016,0.316212,0.155596,0.090285,0.101656,0.269953,0.18306,0.115274,0.096821,0.043353,0.247385,0.319982,0.549447,0.22612,0.230941,0.21581,0.277404,0.124077,0.15499,0.17066,0.604864,0.309964,0.209037,0.180253,0.151752,0.855494,0.295378,0.14587,0.176753,0.116379,0.493436,0.356735,0.147731,0.249127,0.38269,0.971501,0.400992,0.204777,0.267241,0.18894,1.16882,0.249214,0.215027,0.206047,0.308065,0.620732,0.310656,0.207021,0.223363,0.380404,1.183077,0.182588,0.379935,0.329137,0.334892
1769161510.801599,1769161510.803071,111.0,0.0,4262.563965,4281.282227,4406.025879,4345.512695,4275.128418,4262.179688,4261.025879,4292.563965,4282.436035,4286.282227,4569.358887,4538.589844,4413.461426,4507.820313,,,,,,,,,,,,,,,,,,,,,,,,,,,,,,,,,,,,,,,,,,,,,,,,,,,,,,,,,,,,,,,,,,,,,,
1769161510.809408,1769161510.810679,112.0,0.0,4264.358887,4276.922852,4398.717773,4341.410156,4273.333496,4264.102539,4265.384766,4285.128418,4275.512695,4279.615234,4571.538574,4539.358887,4413.717773,4509.358887,,,,,,,,,,,,,,,,,,,,,,,,,,,,,,,,,,,,,,,,,,,,,,,,,,,,,,,,,,,,,,,,,,,,,,
1769161510.817216,1769161510.818488,113.0,0.0,4261.410156,4273.461426,4393.846191,4334.102539,4268.589844,4258.846191,4269.230957,4281.922852,4272.179688,4277.307617,4564.358887,4536.282227,4408.974121,4510.512695,,,,,,,,,,,,,,,,,,,,,,,,,,,,,,,,,,,,,,,,,,,,,,,,,,,,,,,,,,,,,,,,,,,,,,
1769161510.825024,1769161510.826196,114.0,0.0,4260.256348,4276.794922,4395.641113,4336.153809,4268.077148,4260.512695,4271.666504,4289.230957,4274.102539,4276.282227,4560.256348,4533.717773,4406.666504,4506.922852,,,,,,,,,,,,,,,,,,,,,,,,,,,,,,,,,,,,,,,,,,,,,,,,,,,,,,,,,,,,,,,,,,,,,,
1769161510.832833,1769161510.834005,115.0,0.0,4264.871582,4278.846191,4397.307617,4343.077148,4271.282227,4266.922852,4274.102539,4294.615234,4280.128418,4283.461426,4566.025879,4537.692383,4406.922852,4507.692383,,,,,,,,,,,,,,,,,,,,,,,,,,,,,,,,,,,,,,,,,,,,,,,,,,,,,,,,,,,,,,,,,,,,,,
1769161510.840641,1769161510.841613,116.0,0.0,4268.205078,4277.692383,4398.461426,4344.358887,4271.410156,4264.871582,4276.794922,4291.282227,4283.846191,4297.436035,4570.769043,4542.436035,4413.077148,4520.128418,,,,,,,,,,,,,,,,,,,,,,,,,,,,,,,,,,,,,,,,,,,,,,,,,,,,,,,,,,,,,,,,,,,,,,
1769161510.84845,1769161510.849422,117.0,0.0,4267.692383,4277.307617,4396.794922,4344.487305,4274.743652,4261.666504,4279.102539,4289.102539,4280.769043,4297.692383,4569.358887,4540.769043,4416.666504,4523.205078,,,,,,,,,,,,,,,,,,,,,,,,,,,,,,,,,,,,,,,,,,,,,,,,,,,,,,,,,,,,,,,,,,,,,,
1769161510.856258,1769161510.85733,118.0,0.0,4271.794922,4279.743652,4393.974121,4352.179688,4278.589844,4262.563965,4271.794922,4289.487305,4280.256348,4285.384766,4569.487305,4539.230957,4413.461426,4511.794922,,,,,,,,,,,,,,,,,,,,,,,,,,,,,,,,,,,,,,,,,,,,,,,,,,,,,,,,,,,,,,,,,,,,,,
1769161510.864067,1769161510.865139,119.0,0.0,4280.128418,4282.436035,4392.436035,4357.307617,4272.179688,4261.282227,4265.769043,4284.487305,4281.153809,4279.102539,4571.922852,4542.94873,4413.077148,4506.666504,,,,,,,,,,,,,,,,,,,,,,,,,,,,,,,,,,,,,,,,,,,,,,,,,,,,,,,,,,,,,,,,,,,,,,
1769161510.871875,1769161510.872747,120.0,0.0,4277.94873,4278.461426,4388.846191,4347.05127,4264.358887,4262.692383,4271.794922,4279.743652,4278.974121,4279.743652,4571.794922,4543.333496,4411.794922,4511.153809,,,,,,,,,,,,,,,,,,,,,,,,,,,,,,,,,,,,,,,,,,,,,,,,,,,,,,,,,,,,,,,,,,,,,,
1769161510.879684,1769161510.880556,121.0,0.0,4266.025879,4272.94873,4385.512695,4339.615234,4264.487305,4262.692383,4269.615234,4278.974121,4275.128418,4279.230957,4564.358887,4537.307617,4405.512695,4510.256348,,,,,,,,,,,,,,,,,,,,,,,,,,,,,,,,,,,,,,,,,,,,,,,,,,,,,,,,,,,,,,,,,,,,,,
1769161510.887492,1769161510.888464,122.0,0.0,4260.897461,4275.256348,4384.358887,4343.717773,4265.641113,4251.538574,4260.512695,4279.358887,4272.692383,4272.05127,4555.0,4531.922852,4397.179688,4501.282227,,,,,,,,,,,,,,,,,,,,,,,,,,,,,,,,,,,,,,,,,,,,,,,,,,,,,,,,,,,,,,,,,,,,,,
1769161510.895301,1769161510.896272,123.0,0.0,4264.743652,4279.230957,4382.307617,4344.743652,4264.615234,4246.282227,4267.436035,4283.974121,4273.589844,4265.641113,4558.461426,4534.487305,4396.538574,4498.461426,,,,,,,,,,,,,,,,,,,,,,,,,,,,,,,,,,,,,,,,,,,,,,,,,,,,,,,,,,,,,,,,,,,,,,
1769161510.903109,1769161510.903881,124.0,0.0,4274.871582,4278.974121,4383.717773,4342.05127,4264.615234,4258.974121,4278.461426,4288.205078,4275.128418,4271.794922,4568.974121,4540.769043,4406.410156,4506.153809,,,,,,,,,,,,,,,,,,,,,,,,,,,,,,,,,,,,,,,,,,,,,,,,,,,,,,,,,,,,,,,,,,,,,,
1769161510.910917,1769161510.91169,125.0,0.0,4280.0,4276.922852,4389.743652,4344.743652,4267.307617,4269.102539,4276.794922,4289.487305,4276.282227,4280.384766,4571.666504,4541.666504,4416.794922,4512.94873,,,,,,,,,,,,,,,,,,,,,,,,,,,,,,,,,,,,,,,,,,,,,,,,,,,,,,,,,,,,,,,,,,,,,,
1769161510.918726,1769161510.919398,126.0,0.0,4272.179688,4273.077148,4387.05127,4342.563965,4267.563965,4265.384766,4270.0,4293.846191,4278.717773,4273.589844,4570.0,4540.897461,4415.512695,4508.077148,0.665847,0.32977,0.229758,0.160497,0.211262,0.212914,0.283759,0.135059,0.097084,0.119385,0.585005,0.273131,0.044959,0.119393,0.159735,0.535589,0.280468,0.14353,0.089874,0.10564,0.262327,0.196897,0.132025,0.08982,0.04366,0.266409,0.371599,0.573113,0.232674,0.239301,0.257566,0.334238,0.171368,0.160275,0.195858,0.647697,0.357098,0.19896,0.17929,0.170436,0.929033,0.310942,0.120638,0.15809,0.124955,0.472536,0.327835,0.166786,0.247029,0.354664,0.867734,0.415071,0.163069,0.249605,0.190272,1.197538,0.300137,0.190035,0.192315,0.323613,0.751511,0.333373,0.18631,0.2396,0.374386,1.10774,0.18859,0.327889,0.331188,0.334419
1769161510.926534,1769161510.927207,127.0,0.0,4269.230957,4273.205078,4382.05127,4339.615234,4264.615234,4261.922852,4264.615234,4295.256348,4280.641113,4265.0,4568.717773,4540.0,4404.743652,4504.230957,,,,,,,,,,,,,,,,,,,,,,,,,,,,,,,,,,,,,,,,,,,,,,,,,,,,,,,,,,,,,,,,,,,,,,
1769161510.934343,1769161510.935215,0.0,0.0,4277.563965,4278.717773,4386.153809,4348.077148,4264.102539,4262.94873,4263.974121,4287.307617,4279.743652,4267.820313,4565.128418,4537.94873,4402.94873,4508.333496,,,,,,,,,,,,,,,,,,,,,,,,,,,,,,,,,,,,,,,,,,,,,,,,,,,,,,,,,,,,,,,,,,,,,,
1769161510.942151,1769161510.943023,1.0,0.0,4280.384766,4278.333496,4385.256348,4352.563965,4266.666504,4263.717773,4269.487305,4284.743652,4277.179688,4265.769043,4566.922852,4545.0,4408.717773,4510.0,,,,,,,,,,,,,,,,,,,,,,,,,,,,,,,,,,,,,,,,,,,,,,,,,,,,,,,,,,,,,,,,,,,,,,
1769161510.94996,1769161510.950932,2.0,0.0,4276.153809,4275.384766,4380.769043,4351.538574,4267.820313,4265.384766,4276.153809,4292.05127,4275.769043,4263.974121,4569.230957,4552.307617,4405.128418,4508.717773,,,,,,,,,,,,,,,,,,,,,,,,,,,,,,,,,,,,,,,,,,,,,,,,,,,,,,,,,,,,,,,,,,,,,,
1769161510.957768,1769161510.95874,3.0,0.0,4273.846191,4275.256348,4378.589844,4354.871582,4267.179688,4265.897461,4277.05127,4298.717773,4280.512695,4271.153809,4559.743652,4545.641113,4394.743652,4505.897461,,,,,,,,,,,,,,,,,,,,,,,,,,,,,,,,,,,,,,,,,,,,,,,,,,,,,,,,,,,,,,,,,,,,,,
1769161510.965577,1769161510.966748,4.0,0.0,4270.897461,4275.0,4376.153809,4357.820313,4267.307617,4263.461426,4270.641113,4293.077148,4278.461426,4272.692383,4553.589844,4535.128418,4392.94873,4504.102539,,,,,,,,,,,,,,,,,,,,,,,,,,,,,,,,,,,,,,,,,,,,,,,,,,,,,,,,,,,,,,,,,,,,,,
1769161510.973385,1769161510.974557,5.0,0.0,4273.461426,4278.333496,4375.384766,4357.307617,4267.05127,4262.179688,4265.128418,4280.769043,4265.128418,4264.102539,4561.922852,4535.256348,4401.666504,4505.769043,,,,,,,,,,,,,,,,,,,,,,,,,,,,,,,,,,,,,,,,,,,,,,,,,,,,,,,,,,,,,,,,,,,,,,
1769161510.981193,1769161510.982465,6.0,0.0,4277.94873,4283.461426,4376.282227,4356.025879,4264.743652,4263.974121,4262.563965,4281.794922,4267.05127,4263.974121,4569.615234,4540.512695,4411.025879,4508.461426,,,,,,,,,,,,,,,,,,,,,,,,,,,,,,,,,,,,,,,,,,,,,,,,,,,,,,,,,,,,,,,,,,,,,,
1769161510.989002,1769161510.990274,7.0,0.0,4274.102539,4281.282227,4373.205078,4356.666504,4266.666504,4266.410156,4262.820313,4285.897461,4275.0,4270.0,4567.05127,4542.05127,4413.717773,4509.615234,,,,,,,,,,,,,,,,,,,,,,,,,,,,,,,,,,,,,,,,,,,,,,,,,,,,,,,,,,,,,,,,,,,,,,
1769161510.99681,1769161510.998282,8.0,0.0,4272.436035,4281.025879,4371.794922,4361.153809,4271.794922,4266.538574,4270.641113,4280.641113,4267.94873,4274.102539,4566.410156,4541.025879,4412.05127,4509.871582,,,,,,,,,,,,,,,,,,,,,,,,,,,,,,,,,,,,,,,,,,,,,,,,,,,,,,,,,,,,,,,,,,,,,,
1769161511.004619,1769161511.00609,9.0,0.0,4277.563965,4284.358887,4374.230957,4363.717773,4273.333496,4264.230957,4271.538574,4283.974121,4268.974121,4276.922852,4571.282227,4539.871582,4412.563965,4508.461426,,,,,,,,,,,,,,,,,,,,,,,,,,,,,,,,,,,,,,,,,,,,,,,,,,,,,,,,,,,,,,,,,,,,,,
1769161511.012427,1769161511.013799,10.0,0.0,4277.94873,4282.692383,4368.846191,4360.641113,4272.05127,4263.589844,4266.922852,4293.717773,4278.846191,4269.230957,4567.307617,4538.077148,4409.743652,4504.358887,,,,,,,,,,,,,,,,,,,,,,,,,,,,,,,,,,,,,,,,,,,,,,,,,,,,,,,,,,,,,,,,,,,,,,
1769161511.020236,1769161511.021607,11.0,0.0,4273.589844,4285.512695,4363.846191,4362.820313,4271.666504,4267.05127,4271.794922,4289.615234,4274.487305,4264.487305,4561.410156,4535.897461,4407.436035,4504.615234,,,,,,,,,,,,,,,,,,,,,,,,,,,,,,,,,,,,,,,,,,,,,,,,,,,,,,,,,,,,,,,,,,,,,,
1769161511.028044,1769161511.029216,12.0,0.0,4275.897461,4289.487305,4369.487305,4369.230957,4271.794922,4265.512695,4272.05127,4288.589844,4272.94873,4266.666504,4566.794922,4539.615234,4411.282227,4509.743652,,,,,,,,,,,,,,,,,,,,,,,,,,,,,,,,,,,,,,,,,,,,,,,,,,,,,,,,,,,,,,,,,,,,,,
1769161511.035853,1769161511.037024,13.0,0.0,4282.307617,4282.05127,4373.974121,4368.333496,4271.153809,4257.563965,4263.333496,4297.563965,4281.410156,4265.384766,4571.922852,4543.846191,4414.487305,4511.410156,,,,,,,,,,,,,,,,,,,,,,,,,,,,,,,,,,,,,,,,,,,,,,,,,,,,,,,,,,,,,,,,,,,,,,
1769161511.043661,1769161511.044733,14.0,0.0,4283.846191,4280.128418,4371.410156,4366.282227,4273.461426,4261.025879,4269.230957,4293.974121,4278.846191,4269.487305,4569.615234,4542.820313,4414.358887,4509.743652,0.73786,0.396778,0.202579,0.153014,0.220456,0.257321,0.275974,0.173958,0.102988,0.125064,0.785631,0.267309,0.038252,0.107844,0.163266,0.561329,0.262256,0.142903,0.101834,0.112094,0.244083,0.207058,0.153807,0.085141,0.043298,0.297774,0.397593,0.558363,0.239663,0.233316,0.302536,0.392145,0.216759,0.174345,0.212179,0.650671,0.389926,0.202131,0.18484,0.191227,0.942608,0.331153,0.107917,0.14042,0.140325,0.480767,0.321514,0.185309,0.23706,0.324843,0.746092,0.424525,0.143392,0.227731,0.19929,1.113135,0.355742,0.176827,0.174182,0.333788,0.897703,0.374425,0.180826,0.255233,0.352897,0.966678,0.199211,0.295957,0.304236,0.327644
1769161511.05147,1769161511.052541,15.0,0.0,4280.512695,4288.974121,4368.717773,4370.256348,4279.102539,4275.641113,4281.538574,4289.871582,4276.025879,4278.846191,4569.743652,4545.897461,4413.974121,4509.230957,,,,,,,,,,,,,,,,,,,,,,,,,,,,,,,,,,,,,,,,,,,,,,,,,,,,,,,,,,,,,,,,,,,,,,
1769161511.059278,1769161511.06015,16.0,0.0,4279.743652,4288.205078,4371.153809,4372.692383,4279.358887,4278.717773,4278.846191,4295.897461,4280.897461,4280.641113,4574.358887,4552.05127,4414.743652,4510.512695,,,,,,,,,,,,,,,,,,,,,,,,,,,,,,,,,,,,,,,,,,,,,,,,,,,,,,,,,,,,,,,,,,,,,,
1769161511.067087,1769161511.067958,17.0,0.0,4281.025879,4280.512695,4373.589844,4373.974121,4274.487305,4269.102539,4275.0,4297.563965,4280.512695,4268.205078,4570.512695,4549.230957,4414.743652,4512.692383,,,,,,,,,,,,,,,,,,,,,,,,,,,,,,,,,,,,,,,,,,,,,,,,,,,,,,,,,,,,,,,,,,,,,,
1769161511.074895,1769161511.075667,18.0,0.0,4275.641113,4279.743652,4369.102539,4372.692383,4273.974121,4265.512695,4280.0,4293.205078,4277.436035,4258.333496,4561.025879,4540.0,4406.153809,4504.615234,,,,,,,,,,,,,,,,,,,,,,,,,,,,,,,,,,,,,,,,,,,,,,,,,,,,,,,,,,,,,,,,,,,,,,
1769161511.082703,1769161511.083475,19.0,0.0,4272.436035,4279.871582,4358.974121,4367.436035,4274.358887,4267.820313,4280.897461,4289.102539,4275.128418,4261.153809,4554.615234,4537.179688,4398.461426,4492.692383,,,,,,,,,,,,,,,,,,,,,,,,,,,,,,,,,,,,,,,,,,,,,,,,,,,,,,,,,,,,,,,,,,,,,,
1769161511.090512,1769161511.091484,20.0,0.0,4277.179688,4277.05127,4355.641113,4366.025879,4268.461426,4263.333496,4272.94873,4285.512695,4271.025879,4266.282227,4555.256348,4537.436035,4403.461426,4495.128418,,,,,,,,,,,,,,,,,,,,,,,,,,,,,,,,,,,,,,,,,,,,,,,,,,,,,,,,,,,,,,,,,,,,,,
1769161511.09832,1769161511.099292,21.0,0.0,4278.974121,4274.871582,4363.205078,4371.794922,4263.333496,4259.871582,4268.974121,4288.974121,4273.205078,4263.589844,4561.153809,4537.563965,4402.179688,4499.358887,,,,,,,,,,,,,,,,,,,,,,,,,,,,,,,,,,,,,,,,,,,,,,,,,,,,,,,,,,,,,,,,,,,,,,
1769161511.106129,1769161511.107001,22.0,0.0,4277.94873,4277.307617,4373.717773,4377.820313,4270.512695,4267.307617,4275.641113,4295.769043,4282.179688,4260.256348,4569.102539,4547.307617,4398.974121,4499.615234,,,,,,,,,,,,,,,,,,,,,,,,,,,,,,,,,,,,,,,,,,,,,,,,,,,,,,,,,,,,,,,,,,,,,,
1769161511.113937,1769161511.114809,23.0,0.0,4280.384766,4283.205078,4375.897461,4381.282227,4276.794922,4275.897461,4279.615234,4291.153809,4279.871582,4265.512695,4572.307617,4551.282227,4409.871582,4506.025879,,,,,,,,,,,,,,,,,,,,,,,,,,,,,,,,,,,,,,,,,,,,,,,,,,,,,,,,,,,,,,,,,,,,,,
1769161511.121746,1769161511.122418,24.0,0.0,4276.794922,4280.897461,4366.410156,4380.128418,4270.512695,4273.846191,4277.05127,4283.974121,4266.922852,4266.153809,4564.230957,4539.743652,4413.077148,4510.641113,,,,,,,,,,,,,,,,,,,,,,,,,,,,,,,,,,,,,,,,,,,,,,,,,,,,,,,,,,,,,,,,,,,,,,
1769161511.129554,1769161511.130226,25.0,0.0,4275.256348,4276.410156,4366.025879,4378.461426,4265.769043,4267.563965,4277.179688,4287.820313,4266.410156,4261.538574,4561.153809,4539.358887,4405.897461,4506.410156,,,,,,,,,,,,,,,,,,,,,,,,,,,,,,,,,,,,,,,,,,,,,,,,,,,,,,,,,,,,,,,,,,,,,,
1769161511.137363,1769161511.137935,26.0,0.0,4285.128418,4283.589844,4380.256348,4384.743652,4270.128418,4264.102539,4275.641113,4292.05127,4278.589844,4261.922852,4570.769043,4553.589844,4409.230957,4508.589844,,,,,,,,,,,,,,,,,,,,,,,,,,,,,,,,,,,,,,,,,,,,,,,,,,,,,,,,,,,,,,,,,,,,,,
1769161511.145171,1769161511.145743,27.0,0.0,4288.205078,4291.538574,4383.461426,4390.384766,4273.461426,4263.461426,4273.974121,4291.538574,4283.717773,4269.487305,4573.461426,4557.563965,4416.025879,4517.563965,,,,,,,,,,,,,,,,,,,,,,,,,,,,,,,,,,,,,,,,,,,,,,,,,,,,,,,,,,,,,,,,,,,,,,
1769161511.152979,1769161511.153751,28.0,0.0,4282.692383,4288.846191,4374.102539,4389.102539,4273.974121,4267.692383,4278.077148,4293.717773,4278.717773,4268.461426,4568.846191,4550.769043,4417.307617,4521.282227,,,,,,,,,,,,,,,,,,,,,,,,,,,,,,,,,,,,,,,,,,,,,,,,,,,,,,,,,,,,,,,,,,,,,,
1769161511.160788,1769161511.16156,29.0,0.0,4278.589844,4285.641113,4372.94873,4390.641113,4276.282227,4267.692383,4277.94873,4295.897461,4279.487305,4259.743652,4575.0,4552.179688,4424.102539,4521.025879,,,,,,,,,,,,,,,,,,,,,,,,,,,,,,,,,,,,,,,,,,,,,,,,,,,,,,,,,,,,,,,,,,,,,,
1769161511.168596,1769161511.169468,30.0,0.0,4280.897461,4288.589844,4383.974121,4395.384766,4273.974121,4267.563965,4274.358887,4296.538574,4287.692383,4269.230957,4588.846191,4565.641113,4430.256348,4521.410156,0.771298,0.43634,0.204055,0.154979,0.21509,0.33786,0.262082,0.235915,0.109883,0.125901,0.95801,0.25256,0.037178,0.101913,0.160692,0.594606,0.266367,0.156726,0.121483,0.121287,0.218662,0.211173,0.179707,0.087706,0.042744,0.340529,0.399155,0.508386,0.250883,0.216241,0.341586,0.429,0.249392,0.200247,0.217687,0.613278,0.410417,0.223908,0.195177,0.207873,0.891144,0.346066,0.112911,0.124643,0.155572,0.52802,0.335647,0.204644,0.229,0.300815,0.650078,0.426379,0.150058,0.205446,0.214105,0.95145,0.407437,0.17724,0.154819,0.343094,1.015521,0.421625,0.198349,0.266408,0.325778,0.779903,0.210197,0.29307,0.253147,0.324859
1769161511.176405,1769161511.177277,31.0,0.0,4290.0,4294.102539,4394.487305,4398.077148,4273.205078,4273.717773,4279.615234,4295.512695,4286.538574,4280.0,4588.589844,4570.769043,4427.94873,4520.641113,,,,,,,,,,,,,,,,,,,,,,,,,,,,,,,,,,,,,,,,,,,,,,,,,,,,,,,,,,,,,,,,,,,,,,
1769161511.184213,1769161511.185285,32.0,0.0,4290.256348,4292.820313,4392.563965,4399.102539,4276.666504,4270.512695,4280.897461,4290.128418,4276.666504,4269.230957,4580.769043,4558.333496,4425.256348,4513.717773,,,,,,,,,,,,,,,,,,,,,,,,,,,,,,,,,,,,,,,,,,,,,,,,,,,,,,,,,,,,,,,,,,,,,,
1769161511.192022,1769161511.193093,33.0,0.0,4280.897461,4284.230957,4383.077148,4396.666504,4271.282227,4264.871582,4270.897461,4289.358887,4274.743652,4259.743652,4579.358887,4550.769043,4429.358887,4507.94873,,,,,,,,,,,,,,,,,,,,,,,,,,,,,,,,,,,,,,,,,,,,,,,,,,,,,,,,,,,,,,,,,,,,,,
1769161511.19983,1769161511.201002,34.0,0.0,4278.205078,4279.615234,4381.922852,4390.897461,4265.641113,4272.179688,4269.615234,4292.307617,4279.230957,4264.871582,4579.487305,4557.692383,4432.179688,4510.641113,,,,,,,,,,,,,,,,,,,,,,,,,,,,,,,,,,,,,,,,,,,,,,,,,,,,,,,,,,,,,,,,,,,,,,
1769161511.207639,1769161511.20881,35.0,0.0,4274.230957,4273.846191,4381.282227,4388.077148,4266.922852,4279.615234,4279.102539,4292.94873,4280.641113,4263.974121,4573.077148,4557.94873,4423.974121,4509.230957,,,,,,,,,,,,,,,,,,,,,,,,,,,,,,,,,,,,,,,,,,,,,,,,,,,,,,,,,,,,,,,,,,,,,,
1769161511.215447,1769161511.216419,36.0,0.0,4262.94873,4265.641113,4375.512695,4389.230957,4265.512695,4275.769043,4281.282227,4291.922852,4279.358887,4261.666504,4566.538574,4551.922852,4419.230957,4502.307617,,,,,,,,,,,,,,,,,,,,,,,,,,,,,,,,,,,,,,,,,,,,,,,,,,,,,,,,,,,,,,,,,,,,,,
1769161511.223256,1769161511.224227,37.0,0.0,4267.179688,4271.538574,4376.410156,4392.692383,4259.487305,4267.436035,4276.666504,4294.743652,4279.102539,4266.922852,4572.692383,4552.179688,4427.563965,4503.077148,,,,,,,,,,,,,,,,,,,,,,,,,,,,,,,,,,,,,,,,,,,,,,,,,,,,,,,,,,,,,,,,,,,,,,
1769161511.231064,1769161511.231936,38.0,0.0,4279.102539,4281.666504,4382.179688,4397.563965,4256.922852,4263.589844,4277.307617,4293.333496,4280.384766,4265.128418,4581.410156,4554.743652,4432.563965,4510.897461,,,,,,,,,,,,,,,,,,,,,,,,,,,,,,,,,,,,,,,,,,,,,,,,,,,,,,,,,,,,,,,,,,,,,,
1769161511.238872,1769161511.239744,39.0,0.0,4281.410156,4280.256348,4384.230957,4399.743652,4259.358887,4267.692383,4279.230957,4285.641113,4278.717773,4260.128418,4576.410156,4553.846191,4427.563965,4509.487305,,,,,,,,,,,,,,,,,,,,,,,,,,,,,,,,,,,,,,,,,,,,,,,,,,,,,,,,,,,,,,,,,,,,,,
1769161511.246681,1769161511.247353,40.0,0.0,4277.563965,4279.615234,4384.358887,4399.487305,4263.717773,4270.384766,4276.538574,4286.538574,4275.769043,4260.384766,4570.256348,4546.538574,4420.641113,4497.179688,,,,,,,,,,,,,,,,,,,,,,,,,,,,,,,,,,,,,,,,,,,,,,,,,,,,,,,,,,,,,,,,,,,,,,
1769161511.254489,1769161511.255161,41.0,0.0,4269.615234,4282.563965,4381.410156,4397.563965,4267.692383,4265.769043,4275.769043,4289.743652,4277.05127,4262.436035,4569.487305,4540.128418,4415.256348,4488.077148,,,,,,,,,,,,,,,,,,,,,,,,,,,,,,,,,,,,,,,,,,,,,,,,,,,,,,,,,,,,,,,,,,,,,,
1769161511.262298,1769161511.26287,42.0,0.0,4265.641113,4277.436035,4376.922852,4392.436035,4266.025879,4266.666504,4279.743652,4284.102539,4273.846191,4258.846191,4561.025879,4539.871582,4412.820313,4492.820313,,,,,,,,,,,,,,,,,,,,,,,,,,,,,,,,,,,,,,,,,,,,,,,,,,,,,,,,,,,,,,,,,,,,,,
1769161511.270106,1769161511.270678,43.0,0.0,4277.05127,4277.94873,4380.512695,4397.692383,4264.871582,4269.615234,4278.205078,4276.538574,4263.205078,4251.922852,4552.436035,4539.743652,4414.871582,4500.256348,,,,,,,,,,,,,,,,,,,,,,,,,,,,,,,,,,,,,,,,,,,,,,,,,,,,,,,,,,,,,,,,,,,,,,
1769161511.277915,1769161511.278687,44.0,0.0,4288.974121,4286.410156,4390.641113,4411.666504,4271.025879,4269.230957,4271.922852,4278.717773,4262.436035,4249.358887,4555.384766,4540.769043,4415.769043,4496.794922,,,,,,,,,,,,,,,,,,,,,,,,,,,,,,,,,,,,,,,,,,,,,,,,,,,,,,,,,,,,,,,,,,,,,,
1769161511.285723,1769161511.286495,45.0,0.0,4280.641113,4284.230957,4387.820313,4411.538574,4273.974121,4271.794922,4274.615234,4284.615234,4270.256348,4252.179688,4555.641113,4537.820313,4410.641113,4487.05127,,,,,,,,,,,,,,,,,,,,,,,,,,,,,,,,,,,,,,,,,,,,,,,,,,,,,,,,,,,,,,,,,,,,,,
1769161511.293532,1769161511.294403,46.0,0.0,4263.205078,4277.563965,4375.897461,4402.436035,4268.974121,4275.0,4280.897461,4288.589844,4273.974121,4254.615234,4556.153809,4534.487305,4408.717773,4486.025879,0.761358,0.440766,0.219219,0.164904,0.199925,0.437564,0.243905,0.300936,0.11215,0.121601,1.07612,0.231784,0.043462,0.100369,0.155191,0.613494,0.289678,0.183145,0.141892,0.131219,0.198817,0.205771,0.204507,0.098651,0.042414,0.383375,0.38607,0.436169,0.265683,0.195327,0.366863,0.434125,0.263697,0.236277,0.213697,0.545097,0.431112,0.257042,0.206269,0.215999,0.778006,0.348326,0.131814,0.111351,0.165343,0.597063,0.35344,0.232741,0.236146,0.286649,0.602757,0.419891,0.181963,0.186913,0.230424,0.774151,0.450195,0.183699,0.13813,0.353948,1.063056,0.458136,0.244106,0.272288,0.302283,0.581846,0.222255,0.31143,0.191653,0.332298
1769161511.30134,1769161511.302212,47.0,0.0,4260.0,4276.538574,4374.230957,4405.0,4263.974121,4278.333496,4280.641113,4296.794922,4280.641113,4259.358887,4571.282227,4546.922852,4421.922852,4497.436035,,,,,,,,,,,,,,,,,,,,,,,,,,,,,,,,,,,,,,,,,,,,,,,,,,,,,,,,,,,,,,,,,,,,,,
1769161511.309148,1769161511.30982,48.0,0.0,4272.179688,4279.743652,4381.025879,4411.794922,4263.846191,4282.436035,4278.846191,4294.102539,4280.769043,4264.615234,4575.641113,4556.282227,4428.333496,4503.846191,,,,,,,,,,,,,,,,,,,,,,,,,,,,,,,,,,,,,,,,,,,,,,,,,,,,,,,,,,,,,,,,,,,,,,
1769161511.316957,1769161511.317629,49.0,0.0,4284.871582,4283.974121,4385.128418,4413.974121,4265.897461,4280.128418,4278.461426,4284.102539,4268.974121,4254.743652,4561.025879,4543.333496,4413.717773,4495.384766,,,,,,,,,,,,,,,,,,,,,,,,,,,,,,,,,,,,,,,,,,,,,,,,,,,,,,,,,,,,,,,,,,,,,,
1769161511.324765,1769161511.325337,50.0,0.0,4279.871582,4284.743652,4384.487305,4412.94873,4267.820313,4276.794922,4277.563965,4285.897461,4267.94873,4244.743652,4556.153809,4532.820313,4405.769043,4487.307617,,,,,,,,,,,,,,,,,,,,,,,,,,,,,,,,,,,,,,,,,,,,,,,,,,,,,,,,,,,,,,,,,,,,,,
1769161511.332574,1769161511.333146,51.0,0.0,4260.641113,4274.230957,4375.0,4404.230957,4267.05127,4278.717773,4280.128418,4293.974121,4278.589844,4258.077148,4566.410156,4539.102539,4413.333496,4487.307617,,,,,,,,,,,,,,,,,,,,,,,,,,,,,,,,,,,,,,,,,,,,,,,,,,,,,,,,,,,,,,,,,,,,,,
1769161511.340382,1769161511.341154,52.0,0.0,4251.794922,4265.384766,4363.974121,4399.871582,4263.974121,4280.384766,4282.94873,4295.384766,4281.666504,4264.230957,4573.333496,4543.589844,4415.256348,4491.538574,,,,,,,,,,,,,,,,,,,,,,,,,,,,,,,,,,,,,,,,,,,,,,,,,,,,,,,,,,,,,,,,,,,,,,
1769161511.348191,1769161511.348963,53.0,0.0,4263.461426,4272.436035,4368.205078,4408.846191,4262.436035,4279.358887,4281.025879,4292.692383,4274.615234,4247.179688,4568.717773,4540.128418,4412.307617,4493.205078,,,,,,,,,,,,,,,,,,,,,,,,,,,,,,,,,,,,,,,,,,,,,,,,,,,,,,,,,,,,,,,,,,,,,,
1769161511.355999,1769161511.356871,54.0,0.0,4271.282227,4277.820313,4380.128418,4413.974121,4264.230957,4278.461426,4279.102539,4289.230957,4268.333496,4245.256348,4557.820313,4538.205078,4410.641113,4486.410156,,,,,,,,,,,,,,,,,,,,,,,,,,,,,,,,,,,,,,,,,,,,,,,,,,,,,,,,,,,,,,,,,,,,,,
1769161511.363808,1769161511.364679,55.0,0.0,4268.077148,4275.0,4382.563965,4412.563965,4266.025879,4278.846191,4279.230957,4288.589844,4271.025879,4259.743652,4554.102539,4538.077148,4406.025879,4474.615234,,,,,,,,,,,,,,,,,,,,,,,,,,,,,,,,,,,,,,,,,,,,,,,,,,,,,,,,,,,,,,,,,,,,,,
1769161511.371616,1769161511.372688,56.0,0.0,4265.512695,4272.179688,4377.436035,4413.717773,4261.922852,4279.487305,4279.743652,4297.820313,4279.615234,4253.717773,4559.743652,4539.487305,4405.256348,4473.717773,,,,,,,,,,,,,,,,,,,,,,,,,,,,,,,,,,,,,,,,,,,,,,,,,,,,,,,,,,,,,,,,,,,,,,
1769161511.379424,1769161511.380496,57.0,0.0,4264.615234,4271.153809,4372.307617,4411.922852,4258.333496,4278.589844,4280.256348,4295.769043,4273.974121,4241.922852,4565.384766,4543.205078,4412.94873,4484.743652,,,,,,,,,,,,,,,,,,,,,,,,,,,,,,,,,,,,,,,,,,,,,,,,,,,,,,,,,,,,,,,,,,,,,,
1769161511.387233,1769161511.388404,58.0,0.0,4266.153809,4274.230957,4372.307617,4409.871582,4261.666504,4274.871582,4275.384766,4278.974121,4262.94873,4254.487305,4569.358887,4546.922852,4424.102539,4495.0,,,,,,,,,,,,,,,,,,,,,,,,,,,,,,,,,,,,,,,,,,,,,,,,,,,,,,,,,,,,,,,,,,,,,,
1769161511.395041,1769161511.396213,59.0,0.0,4275.128418,4279.358887,4380.128418,4417.307617,4264.615234,4273.205078,4268.461426,4283.205078,4270.256348,4266.410156,4569.615234,4545.512695,4424.358887,4494.743652,,,,,,,,,,,,,,,,,,,,,,,,,,,,,,,,,,,,,,,,,,,,,,,,,,,,,,,,,,,,,,,,,,,,,,
1769161511.40285,1769161511.404121,60.0,0.0,4285.128418,4282.820313,4390.0,4426.153809,4264.358887,4275.512695,4271.538574,4294.743652,4276.025879,4255.0,4559.230957,4541.666504,4411.538574,4482.436035,,,,,,,,,,,,,,,,,,,,,,,,,,,,,,,,,,,,,,,,,,,,,,,,,,,,,,,,,,,,,,,,,,,,,,
1769161511.410658,1769161511.41193,61.0,0.0,4281.538574,4278.205078,4387.436035,4423.461426,4264.487305,4276.153809,4278.717773,4287.820313,4265.384766,4244.487305,4553.077148,4540.128418,4401.025879,4474.487305,,,,,,,,,,,,,,,,,,,,,,,,,,,,,,,,,,,,,,,,,,,,,,,,,,,,,,,,,,,,,,,,,,,,,,
1769161511.418467,1769161511.419638,62.0,0.0,4265.512695,4267.820313,4374.615234,4411.794922,4263.205078,4278.717773,4281.025879,4284.487305,4262.179688,4247.563965,4560.0,4540.897461,4405.512695,4483.717773,0.722988,0.412503,0.237133,0.183063,0.182838,0.532739,0.227203,0.346813,0.108404,0.113674,1.083188,0.213149,0.059301,0.103361,0.151651,0.623694,0.321883,0.214007,0.158436,0.138563,0.188949,0.191941,0.220463,0.114695,0.042853,0.417962,0.367161,0.357588,0.279478,0.177549,0.368036,0.409321,0.258649,0.275632,0.203572,0.460572,0.463091,0.285929,0.213542,0.213995,0.626276,0.335257,0.155807,0.101721,0.168644,0.68318,0.352303,0.27767,0.265058,0.281263,0.608007,0.403101,0.238339,0.176872,0.243306,0.643223,0.480782,0.184704,0.128847,0.364736,1.043992,0.467385,0.316065,0.274416,0.285929,0.428753,0.237953,0.334839,0.137585,0.34712
1769161511.426275,1769161511.427447,63.0,0.0,4261.922852,4265.512695,4369.615234,4411.794922,4261.282227,4283.333496,4281.794922,4294.871582,4271.794922,4247.436035,4567.692383,4546.666504,4421.538574,4496.666504,,,,,,,,,,,,,,,,,,,,,,,,,,,,,,,,,,,,,,,,,,,,,,,,,,,,,,,,,,,,,,,,,,,,,,
1769161511.434084,1769161511.435055,64.0,0.0,4275.256348,4277.179688,4376.794922,4425.256348,4264.102539,4278.589844,4278.333496,4297.692383,4280.897461,4248.333496,4569.358887,4548.589844,4425.256348,4496.666504,,,,,,,,,,,,,,,,,,,,,,,,,,,,,,,,,,,,,,,,,,,,,,,,,,,,,,,,,,,,,,,,,,,,,,
1769161511.441892,1769161511.442864,65.0,0.0,4278.461426,4280.0,4379.615234,4427.05127,4267.94873,4272.820313,4274.871582,4293.846191,4281.153809,4253.333496,4565.384766,4541.153809,4410.641113,4481.538574,,,,,,,,,,,,,,,,,,,,,,,,,,,,,,,,,,,,,,,,,,,,,,,,,,,,,,,,,,,,,,,,,,,,,,
1769161511.4497,1769161511.450572,66.0,0.0,4267.563965,4268.205078,4371.538574,4415.769043,4266.922852,4278.974121,4280.641113,4294.230957,4272.94873,4243.461426,4556.922852,4537.94873,4403.461426,4471.153809,,,,,,,,,,,,,,,,,,,,,,,,,,,,,,,,,,,,,,,,,,,,,,,,,,,,,,,,,,,,,,,,,,,,,,
1769161511.457509,1769161511.458381,67.0,0.0,4262.05127,4263.846191,4364.487305,4411.794922,4263.205078,4279.487305,4278.974121,4289.358887,4267.436035,4236.666504,4555.128418,4540.384766,4412.307617,4481.282227,,,,,,,,,,,,,,,,,,,,,,,,,,,,,,,,,,,,,,,,,,,,,,,,,,,,,,,,,,,,,,,,,,,,,,
1769161511.465318,1769161511.465989,68.0,0.0,4263.077148,4267.436035,4367.179688,4414.102539,4263.461426,4270.384766,4266.538574,4278.717773,4266.538574,4248.589844,4561.153809,4538.461426,4416.282227,4494.743652,,,,,,,,,,,,,,,,,,,,,,,,,,,,,,,,,,,,,,,,,,,,,,,,,,,,,,,,,,,,,,,,,,,,,,
1769161511.473126,1769161511.473798,69.0,0.0,4266.538574,4271.666504,4373.717773,4415.0,4266.794922,4274.487305,4271.794922,4281.538574,4266.666504,4255.512695,4566.794922,4539.358887,4416.153809,4497.563965,,,,,,,,,,,,,,,,,,,,,,,,,,,,,,,,,,,,,,,,,,,,,,,,,,,,,,,,,,,,,,,,,,,,,,
1769161511.480935,1769161511.481506,70.0,0.0,4274.615234,4275.384766,4375.512695,4421.922852,4263.846191,4279.230957,4281.282227,4291.153809,4272.307617,4248.333496,4566.153809,4543.333496,4416.922852,4494.102539,,,,,,,,,,,,,,,,,,,,,,,,,,,,,,,,,,,,,,,,,,,,,,,,,,,,,,,,,,,,,,,,,,,,,,
1769161511.488743,1769161511.489315,71.0,0.0,4277.179688,4274.358887,4375.0,4425.641113,4258.333496,4263.974121,4268.846191,4286.794922,4275.769043,4244.871582,4559.871582,4539.615234,4410.897461,4482.307617,,,,,,,,,,,,,,,,,,,,,,,,,,,,,,,,,,,,,,,,,,,,,,,,,,,,,,,,,,,,,,,,,,,,,,
1769161511.496551,1769161511.497323,72.0,0.0,4270.0,4272.692383,4374.102539,4418.205078,4260.897461,4260.128418,4261.922852,4281.794922,4268.717773,4250.128418,4555.897461,4536.410156,4408.589844,4470.256348,,,,,,,,,,,,,,,,,,,,,,,,,,,,,,,,,,,,,,,,,,,,,,,,,,,,,,,,,,,,,,,,,,,,,,
1769161511.50436,1769161511.505132,73.0,0.0,4262.692383,4273.717773,4371.538574,4411.282227,4265.384766,4275.897461,4278.717773,4286.794922,4262.820313,4251.538574,4558.077148,4540.384766,4412.179688,4478.717773,,,,,,,,,,,,,,,,,,,,,,,,,,,,,,,,,,,,,,,,,,,,,,,,,,,,,,,,,,,,,,,,,,,,,,
1769161511.512168,1769161511.51284,74.0,0.0,4263.077148,4273.077148,4370.897461,4413.077148,4263.077148,4275.641113,4281.282227,4285.128418,4264.743652,4245.128418,4561.410156,4541.922852,4411.666504,4493.974121,,,,,,,,,,,,,,,,,,,,,,,,,,,,,,,,,,,,,,,,,,,,,,,,,,,,,,,,,,,,,,,,,,,,,,
1769161511.519977,1769161511.520649,75.0,0.0,4272.179688,4269.615234,4373.333496,4414.871582,4258.846191,4262.436035,4265.512695,4276.794922,4264.358887,4239.102539,4562.692383,4539.230957,4412.563965,4494.743652,,,,,,,,,,,,,,,,,,,,,,,,,,,,,,,,,,,,,,,,,,,,,,,,,,,,,,,,,,,,,,,,,,,,,,
1769161511.527785,1769161511.528257,76.0,0.0,4278.461426,4270.128418,4371.410156,4411.666504,4260.0,4266.282227,4267.692383,4277.820313,4263.974121,4248.333496,4566.153809,4540.641113,4416.794922,4493.333496,,,,,,,,,,,,,,,,,,,,,,,,,,,,,,,,,,,,,,,,,,,,,,,,,,,,,,,,,,,,,,,,,,,,,,
1769161511.535594,1769161511.536066,77.0,0.0,4275.128418,4276.282227,4371.794922,4415.769043,4263.589844,4276.538574,4276.922852,4280.897461,4264.871582,4248.589844,4565.256348,4541.666504,4416.538574,4494.358887,,,,,,,,,,,,,,,,,,,,,,,,,,,,,,,,,,,,,,,,,,,,,,,,,,,,,,,,,,,,,,,,,,,,,,
1769161511.543402,1769161511.543774,78.0,0.0,4276.025879,4280.641113,4384.358887,4426.282227,4264.615234,4270.384766,4267.307617,4275.641113,4261.025879,4230.897461,4556.538574,4537.436035,4410.641113,4485.256348,0.664226,0.365319,0.248805,0.213937,0.170605,0.612183,0.221953,0.357184,0.102799,0.104823,1.008451,0.210605,0.086392,0.114615,0.153832,0.596656,0.350892,0.234938,0.170469,0.14023,0.195548,0.177849,0.221318,0.129535,0.044514,0.432179,0.350012,0.289926,0.286294,0.1667,0.348825,0.365352,0.238191,0.30807,0.190936,0.379707,0.50694,0.297757,0.214381,0.20326,0.470907,0.312765,0.177951,0.096546,0.168175,0.745873,0.321549,0.337798,0.310518,0.279859,0.661072,0.375142,0.319298,0.179642,0.249002,0.595776,0.499917,0.175305,0.130453,0.370783,1.003783,0.443768,0.404477,0.274779,0.274321,0.36201,0.2631,0.349072,0.10584,0.36005
1769161511.551211,1769161511.551583,79.0,0.0,4282.820313,4279.615234,4393.974121,4427.94873,4262.563965,4260.384766,4258.974121,4274.102539,4261.538574,4233.717773,4560.128418,4544.871582,4412.436035,4480.769043,,,,,,,,,,,,,,,,,,,,,,,,,,,,,,,,,,,,,,,,,,,,,,,,,,,,,,,,,,,,,,,,,,,,,,
1769161511.559019,1769161511.559591,80.0,0.0,4277.307617,4278.717773,4385.641113,4420.128418,4262.179688,4266.282227,4268.461426,4279.615234,4268.333496,4252.563965,4567.563965,4554.615234,4419.743652,4490.128418,,,,,,,,,,,,,,,,,,,,,,,,,,,,,,,,,,,,,,,,,,,,,,,,,,,,,,,,,,,,,,,,,,,,,,
1769161511.566827,1769161511.567399,81.0,0.0,4268.717773,4276.922852,4375.512695,4418.333496,4263.205078,4271.410156,4275.641113,4281.922852,4266.153809,4251.666504,4558.717773,4544.230957,4414.615234,4491.282227,,,,,,,,,,,,,,,,,,,,,,,,,,,,,,,,,,,,,,,,,,,,,,,,,,,,,,,,,,,,,,,,,,,,,,
1769161511.574636,1769161511.575308,82.0,0.0,4276.282227,4279.230957,4382.692383,4424.230957,4262.820313,4263.974121,4272.563965,4276.922852,4262.179688,4243.077148,4556.282227,4538.717773,4412.05127,4491.025879,,,,,,,,,,,,,,,,,,,,,,,,,,,,,,,,,,,,,,,,,,,,,,,,,,,,,,,,,,,,,,,,,,,,,,
1769161511.582444,1769161511.583116,83.0,0.0,4286.410156,4289.358887,4393.461426,4429.358887,4268.077148,4265.128418,4273.589844,4275.256348,4270.769043,4250.256348,4572.179688,4553.077148,4426.153809,4500.769043,,,,,,,,,,,,,,,,,,,,,,,,,,,,,,,,,,,,,,,,,,,,,,,,,,,,,,,,,,,,,,,,,,,,,,
1769161511.590253,1769161511.591024,84.0,0.0,4280.897461,4287.94873,4384.102539,4427.307617,4273.717773,4279.743652,4278.589844,4282.94873,4275.769043,4253.717773,4573.461426,4552.307617,4427.307617,4498.077148,,,,,,,,,,,,,,,,,,,,,,,,,,,,,,,,,,,,,,,,,,,,,,,,,,,,,,,,,,,,,,,,,,,,,,
1769161511.598061,1769161511.598833,85.0,0.0,4271.025879,4274.743652,4369.102539,4420.512695,4268.333496,4279.102539,4281.025879,4288.077148,4273.717773,4246.794922,4564.615234,4541.025879,4414.743652,4484.615234,,,,,,,,,,,,,,,,,,,,,,,,,,,,,,,,,,,,,,,,,,,,,,,,,,,,,,,,,,,,,,,,,,,,,,
1769161511.60587,1769161511.606541,86.0,0.0,4277.179688,4275.128418,4377.307617,4422.436035,4261.794922,4264.615234,4275.128418,4284.230957,4273.974121,4245.512695,4570.641113,4548.846191,4420.769043,4490.769043,,,,,,,,,,,,,,,,,,,,,,,,,,,,,,,,,,,,,,,,,,,,,,,,,,,,,,,,,,,,,,,,,,,,,,
1769161511.613678,1769161511.61435,87.0,0.0,4288.461426,4289.743652,4393.846191,4429.615234,4267.179688,4261.410156,4265.769043,4275.641113,4269.615234,4246.153809,4573.589844,4557.820313,4432.94873,4501.922852,,,,,,,,,,,,,,,,,,,,,,,,,,,,,,,,,,,,,,,,,,,,,,,,,,,,,,,,,,,,,,,,,,,,,,
1769161511.621487,1769161511.622058,88.0,0.0,4286.794922,4292.179688,4390.384766,4428.717773,4272.05127,4272.563965,4267.94873,4274.487305,4262.307617,4246.410156,4568.461426,4552.179688,4427.94873,4496.410156,,,,,,,,,,,,,,,,,,,,,,,,,,,,,,,,,,,,,,,,,,,,,,,,,,,,,,,,,,,,,,,,,,,,,,
1769161511.629295,1769161511.629867,89.0,0.0,4278.077148,4283.205078,4377.563965,4424.871582,4268.333496,4281.025879,4278.333496,4279.358887,4265.641113,4249.102539,4571.410156,4550.128418,4424.102539,4494.743652,,,,,,,,,,,,,,,,,,,,,,,,,,,,,,,,,,,,,,,,,,,,,,,,,,,,,,,,,,,,,,,,,,,,,,
1769161511.637103,1769161511.637575,90.0,0.0,4279.102539,4283.205078,4380.384766,4426.410156,4266.794922,4273.077148,4272.820313,4281.282227,4272.94873,4251.538574,4574.871582,4554.230957,4428.717773,4505.769043,,,,,,,,,,,,,,,,,,,,,,,,,,,,,,,,,,,,,,,,,,,,,,,,,,,,,,,,,,,,,,,,,,,,,,
1769161511.644912,1769161511.645384,91.0,0.0,4285.0,4287.179688,4388.974121,4425.641113,4266.153809,4263.717773,4262.179688,4279.743652,4275.512695,4249.358887,4572.307617,4553.333496,4429.743652,4506.153809,,,,,,,,,,,,,,,,,,,,,,,,,,,,,,,,,,,,,,,,,,,,,,,,,,,,,,,,,,,,,,,,,,,,,,
1769161511.65272,1769161511.652993,92.0,0.0,4280.769043,4282.692383,4383.461426,4420.256348,4266.282227,4269.358887,4267.563965,4279.743652,4277.692383,4248.717773,4575.0,4551.153809,4428.461426,4496.153809,,,,,,,,,,,,,,,,,,,,,,,,,,,,,,,,,,,,,,,,,,,,,,,,,,,,,,,,,,,,,,,,,,,,,,
1769161511.660529,1769161511.660801,93.0,0.0,4275.897461,4277.692383,4373.846191,4419.102539,4271.282227,4279.102539,4275.256348,4285.128418,4279.487305,4252.563965,4582.05127,4553.077148,4429.102539,4497.307617,,,,,,,,,,,,,,,,,,,,,,,,,,,,,,,,,,,,,,,,,,,,,,,,,,,,,,,,,,,,,,,,,,,,,,
1769161511.668337,1769161511.66851,94.0,0.0,4283.461426,4284.487305,4378.077148,4423.974121,4276.666504,4279.487305,4273.077148,4288.333496,4280.641113,4250.256348,4582.692383,4556.410156,4429.871582,4507.05127,0.596576,0.320082,0.250376,0.266871,0.166966,0.66343,0.23631,0.331792,0.102363,0.098086,0.881648,0.233037,0.122747,0.139162,0.162405,0.567064,0.368841,0.237328,0.181339,0.135458,0.214217,0.173631,0.205461,0.136795,0.047672,0.420557,0.335725,0.24214,0.282454,0.162348,0.314038,0.316403,0.208143,0.325341,0.179195,0.325045,0.552825,0.289432,0.208287,0.188696,0.354012,0.292857,0.196842,0.096726,0.168929,0.798485,0.267512,0.400109,0.357733,0.278957,0.760431,0.339596,0.420335,0.202967,0.2466,0.64241,0.50974,0.161699,0.144086,0.366825,0.998524,0.392811,0.492554,0.278026,0.263928,0.41269,0.298419,0.345223,0.109539,0.362391
1769161511.676146,1769161511.676318,95.0,0.0,4297.563965,4293.846191,4388.333496,4430.128418,4278.846191,4277.436035,4270.897461,4289.487305,4279.102539,4245.512695,4580.384766,4558.589844,4429.487305,4509.615234,,,,,,,,,,,,,,,,,,,,,,,,,,,,,,,,,,,,,,,,,,,,,,,,,,,,,,,,,,,,,,,,,,,,,,
1769161511.683954,1769161511.684326,96.0,0.0,4297.436035,4293.717773,4387.05127,4429.743652,4278.461426,4279.615234,4276.922852,4295.256348,4279.871582,4248.205078,4581.538574,4559.487305,4428.717773,4507.563965,,,,,,,,,,,,,,,,,,,,,,,,,,,,,,,,,,,,,,,,,,,,,,,,,,,,,,,,,,,,,,,,,,,,,,
1769161511.691763,1769161511.692135,97.0,0.0,4283.846191,4289.743652,4380.512695,4426.282227,4277.94873,4280.897461,4277.94873,4292.307617,4279.102539,4251.282227,4580.897461,4557.179688,4427.563965,4504.487305,,,,,,,,,,,,,,,,,,,,,,,,,,,,,,,,,,,,,,,,,,,,,,,,,,,,,,,,,,,,,,,,,,,,,,
1769161511.699571,1769161511.700043,98.0,0.0,4280.641113,4289.102539,4382.179688,4425.769043,4278.717773,4281.922852,4270.0,4278.333496,4271.153809,4247.820313,4575.384766,4553.333496,4426.410156,4503.077148,,,,,,,,,,,,,,,,,,,,,,,,,,,,,,,,,,,,,,,,,,,,,,,,,,,,,,,,,,,,,,,,,,,,,,
1769161511.707379,1769161511.707851,99.0,0.0,4291.666504,4288.846191,4383.589844,4426.538574,4281.410156,4276.282227,4263.589844,4276.025879,4272.179688,4246.410156,4571.922852,4553.589844,4426.666504,4503.205078,,,,,,,,,,,,,,,,,,,,,,,,,,,,,,,,,,,,,,,,,,,,,,,,,,,,,,,,,,,,,,,,,,,,,,
1769161511.715188,1769161511.71586,100.0,0.0,4296.282227,4283.461426,4378.077148,4426.025879,4276.153809,4265.384766,4264.358887,4280.512695,4273.974121,4248.974121,4572.436035,4553.974121,4426.025879,4498.589844,,,,,,,,,,,,,,,,,,,,,,,,,,,,,,,,,,,,,,,,,,,,,,,,,,,,,,,,,,,,,,,,,,,,,,
1769161511.722996,1769161511.723668,101.0,0.0,4286.922852,4279.487305,4375.384766,4423.846191,4267.563965,4267.307617,4271.538574,4278.974121,4268.589844,4246.153809,4573.333496,4552.307617,4422.692383,4494.358887,,,,,,,,,,,,,,,,,,,,,,,,,,,,,,,,,,,,,,,,,,,,,,,,,,,,,,,,,,,,,,,,,,,,,,
1769161511.730805,1769161511.731377,102.0,0.0,4279.487305,4281.153809,4380.256348,4422.05127,4271.666504,4280.256348,4277.05127,4284.615234,4271.922852,4242.94873,4572.94873,4554.102539,4423.205078,4500.384766,,,,,,,,,,,,,,,,,,,,,,,,,,,,,,,,,,,,,,,,,,,,,,,,,,,,,,,,,,,,,,,,,,,,,,
1769161511.738613,1769161511.739185,103.0,0.0,4283.077148,4282.820313,4382.692383,4425.641113,4278.717773,4282.820313,4278.974121,4288.205078,4276.794922,4246.538574,4573.589844,4557.436035,4429.487305,4507.94873,,,,,,,,,,,,,,,,,,,,,,,,,,,,,,,,,,,,,,,,,,,,,,,,,,,,,,,,,,,,,,,,,,,,,,
1769161511.746422,1769161511.747193,104.0,0.0,4288.974121,4280.897461,4381.666504,4426.922852,4276.794922,4279.102539,4277.436035,4279.615234,4265.769043,4247.436035,4572.692383,4556.282227,4424.615234,4507.820313,,,,,,,,,,,,,,,,,,,,,,,,,,,,,,,,,,,,,,,,,,,,,,,,,,,,,,,,,,,,,,,,,,,,,,
1769161511.75423,1769161511.755002,105.0,0.0,4294.615234,4279.102539,4378.717773,4422.179688,4273.974121,4282.563965,4275.897461,4277.307617,4262.05127,4241.666504,4570.256348,4554.230957,4412.94873,4507.05127,,,,,,,,,,,,,,,,,,,,,,,,,,,,,,,,,,,,,,,,,,,,,,,,,,,,,,,,,,,,,,,,,,,,,,
1769161511.762039,1769161511.76291,106.0,0.0,4293.846191,4280.641113,4375.256348,4422.563965,4277.179688,4282.307617,4277.563965,4281.025879,4272.307617,4241.025879,4569.358887,4554.615234,4416.922852,4507.94873,,,,,,,,,,,,,,,,,,,,,,,,,,,,,,,,,,,,,,,,,,,,,,,,,,,,,,,,,,,,,,,,,,,,,,
1769161511.769847,1769161511.770719,107.0,0.0,4286.025879,4280.384766,4372.94873,4425.256348,4277.820313,4277.307617,4275.897461,4284.743652,4270.0,4248.333496,4570.256348,4554.487305,4427.94873,4503.974121,,,,,,,,,,,,,,,,,,,,,,,,,,,,,,,,,,,,,,,,,,,,,,,,,,,,,,,,,,,,,,,,,,,,,,
1769161511.777655,1769161511.778727,108.0,0.0,4284.102539,4280.128418,4373.717773,4422.94873,4275.128418,4278.205078,4270.128418,4291.025879,4266.025879,4245.897461,4572.820313,4556.282227,4428.461426,4502.307617,,,,,,,,,,,,,,,,,,,,,,,,,,,,,,,,,,,,,,,,,,,,,,,,,,,,,,,,,,,,,,,,,,,,,,
1769161511.785464,1769161511.786535,109.0,0.0,4288.846191,4283.205078,4375.256348,4418.333496,4275.512695,4277.692383,4267.05127,4287.820313,4266.666504,4235.512695,4571.538574,4556.538574,4426.666504,4506.538574,,,,,,,,,,,,,,,,,,,,,,,,,,,,,,,,,,,,,,,,,,,,,,,,,,,,,,,,,,,,,,,,,,,,,,
1769161511.793272,1769161511.794244,110.0,0.0,4288.974121,4284.102539,4373.589844,4416.538574,4276.794922,4274.102539,4267.436035,4275.384766,4262.05127,4238.077148,4571.794922,4555.512695,4429.487305,4507.436035,0.53376,0.295161,0.24615,0.351911,0.172508,0.688183,0.270561,0.286939,0.113913,0.096491,0.747045,0.276353,0.165721,0.179588,0.176585,0.520142,0.368762,0.22116,0.197487,0.127164,0.240256,0.183292,0.176843,0.132874,0.05245,0.384026,0.319565,0.21587,0.26871,0.162839,0.275938,0.273908,0.175916,0.32271,0.171649,0.307368,0.581207,0.269735,0.196534,0.176941,0.301193,0.281433,0.21445,0.104708,0.174997,0.787749,0.210845,0.444442,0.389365,0.279766,0.896579,0.303607,0.526107,0.252749,0.237808,0.753661,0.508493,0.1551,0.166872,0.350152,1.065499,0.328463,0.560596,0.289726,0.253847,0.545171,0.342835,0.325017,0.160841,0.351299
1769161511.801081,1769161511.802052,111.0,0.0,4285.897461,4280.256348,4371.025879,4416.538574,4277.94873,4276.538574,4267.179688,4279.615234,4264.487305,4248.077148,4578.846191,4558.717773,4429.102539,4505.897461,,,,,,,,,,,,,,,,,,,,,,,,,,,,,,,,,,,,,,,,,,,,,,,,,,,,,,,,,,,,,,,,,,,,,,
1769161511.808889,1769161511.810061,112.0,0.0,4287.05127,4280.256348,4371.666504,4415.897461,4278.461426,4281.025879,4271.794922,4291.410156,4271.410156,4247.307617,4578.846191,4561.025879,4428.589844,4508.974121,,,,,,,,,,,,,,,,,,,,,,,,,,,,,,,,,,,,,,,,,,,,,,,,,,,,,,,,,,,,,,,,,,,,,,
1769161511.816698,1769161511.817869,113.0,0.0,4290.128418,4286.025879,4373.333496,4414.102539,4279.487305,4279.871582,4280.0,4293.205078,4268.589844,4243.974121,4571.922852,4561.538574,4428.077148,4510.641113,,,,,,,,,,,,,,,,,,,,,,,,,,,,,,,,,,,,,,,,,,,,,,,,,,,,,,,,,,,,,,,,,,,,,,
1769161511.824506,1769161511.825578,114.0,0.0,4293.717773,4289.230957,4377.179688,4417.05127,4281.153809,4278.846191,4279.102539,4288.461426,4267.05127,4246.538574,4576.666504,4566.025879,4425.769043,4508.077148,,,,,,,,,,,,,,,,,,,,,,,,,,,,,,,,,,,,,,,,,,,,,,,,,,,,,,,,,,,,,,,,,,,,,,
1769161511.832315,1769161511.833386,115.0,0.0,4294.871582,4284.743652,4381.794922,4420.897461,4279.743652,4279.358887,4275.0,4282.563965,4274.102539,4245.769043,4586.794922,4571.794922,4430.769043,4509.871582,,,,,,,,,,,,,,,,,,,,,,,,,,,,,,,,,,,,,,,,,,,,,,,,,,,,,,,,,,,,,,,,,,,,,,
1769161511.840123,1769161511.840995,116.0,0.0,4292.563965,4280.128418,4377.436035,4413.461426,4277.692383,4277.563965,4275.769043,4283.717773,4275.769043,4243.077148,4586.410156,4571.666504,4435.512695,4510.769043,,,,,,,,,,,,,,,,,,,,,,,,,,,,,,,,,,,,,,,,,,,,,,,,,,,,,,,,,,,,,,,,,,,,,,
1769161511.847932,1769161511.848803,117.0,0.0,4292.820313,4284.743652,4367.563965,4410.384766,4278.205078,4278.461426,4277.307617,4289.743652,4274.230957,4248.974121,4581.153809,4565.0,4432.692383,4510.641113,,,,,,,,,,,,,,,,,,,,,,,,,,,,,,,,,,,,,,,,,,,,,,,,,,,,,,,,,,,,,,,,,,,,,,
1769161511.85574,1769161511.856512,118.0,0.0,4288.846191,4286.025879,4363.205078,4414.102539,4277.179688,4277.563965,4278.589844,4282.820313,4269.230957,4247.820313,4574.358887,4554.743652,4426.538574,4506.282227,,,,,,,,,,,,,,,,,,,,,,,,,,,,,,,,,,,,,,,,,,,,,,,,,,,,,,,,,,,,,,,,,,,,,,
1769161511.863548,1769161511.86432,119.0,0.0,4279.358887,4275.128418,4362.436035,4407.179688,4274.358887,4275.769043,4276.153809,4278.461426,4263.974121,4237.307617,4567.179688,4548.846191,4422.692383,4496.282227,,,,,,,,,,,,,,,,,,,,,,,,,,,,,,,,,,,,,,,,,,,,,,,,,,,,,,,,,,,,,,,,,,,,,,
1769161511.871357,1769161511.871929,120.0,0.0,4275.384766,4269.102539,4363.461426,4402.307617,4274.743652,4283.461426,4277.05127,4294.871582,4271.666504,4235.512695,4570.256348,4556.025879,4420.897461,4493.461426,,,,,,,,,,,,,,,,,,,,,,,,,,,,,,,,,,,,,,,,,,,,,,,,,,,,,,,,,,,,,,,,,,,,,,
1769161511.879166,1769161511.879737,121.0,0.0,4283.846191,4277.820313,4366.153809,4407.05127,4276.922852,4287.692383,4278.589844,4299.102539,4280.256348,4247.692383,4578.846191,4564.743652,4428.077148,4503.077148,,,,,,,,,,,,,,,,,,,,,,,,,,,,,,,,,,,,,,,,,,,,,,,,,,,,,,,,,,,,,,,,,,,,,,
1769161511.886974,1769161511.887646,122.0,0.0,4298.717773,4288.846191,4374.102539,4413.974121,4277.820313,4279.487305,4273.205078,4285.769043,4278.589844,4262.94873,4589.871582,4569.230957,4442.563965,4516.922852,,,,,,,,,,,,,,,,,,,,,,,,,,,,,,,,,,,,,,,,,,,,,,,,,,,,,,,,,,,,,,,,,,,,,,
1769161511.894782,1769161511.895454,123.0,0.0,4308.589844,4289.358887,4382.179688,4420.769043,4277.820313,4274.230957,4271.538574,4287.307617,4279.102539,4263.846191,4599.230957,4571.282227,4447.820313,4526.153809,,,,,,,,,,,,,,,,,,,,,,,,,,,,,,,,,,,,,,,,,,,,,,,,,,,,,,,,,,,,,,,,,,,,,,
1769161511.902591,1769161511.903462,124.0,0.0,4310.769043,4289.358887,4383.077148,4423.077148,4277.820313,4278.589844,4277.820313,4294.102539,4282.436035,4252.436035,4594.871582,4574.230957,4446.282227,4526.794922,,,,,,,,,,,,,,,,,,,,,,,,,,,,,,,,,,,,,,,,,,,,,,,,,,,,,,,,,,,,,,,,,,,,,,
1769161511.910399,1769161511.911271,125.0,0.0,4303.461426,4287.436035,4374.615234,4414.615234,4279.615234,4278.205078,4281.410156,4287.820313,4279.230957,4248.717773,4585.641113,4572.307617,4441.538574,4517.436035,,,,,,,,,,,,,,,,,,,,,,,,,,,,,,,,,,,,,,,,,,,,,,,,,,,,,,,,,,,,,,,,,,,,,,
1769161511.918208,1769161511.919179,126.0,0.0,4291.282227,4278.333496,4365.384766,4408.077148,4282.307617,4275.128418,4280.128418,4284.487305,4276.025879,4252.94873,4582.436035,4558.717773,4432.307617,4506.666504,0.485595,0.29407,0.24177,0.469014,0.187071,0.688263,0.315207,0.244139,0.140406,0.102385,0.6441,0.325336,0.212576,0.232981,0.196552,0.491789,0.349176,0.198406,0.223237,0.120467,0.267954,0.205269,0.144477,0.119032,0.058739,0.330591,0.296339,0.207407,0.248793,0.167857,0.240331,0.242171,0.151265,0.299254,0.170977,0.326209,0.576847,0.253698,0.181508,0.172634,0.313385,0.280644,0.232621,0.1215,0.186634,0.748441,0.172208,0.45464,0.393353,0.286055,1.045559,0.275649,0.613461,0.324309,0.225832,0.879998,0.49261,0.160868,0.1914,0.322914,1.185707,0.266883,0.590884,0.311442,0.246693,0.706182,0.386964,0.29431,0.266201,0.331605
1769161511.926016,1769161511.926987,127.0,0.0,4292.179688,4284.358887,4369.230957,4412.692383,4282.307617,4278.589844,4280.769043,4291.410156,4279.102539,4250.128418,4581.282227,4554.871582,4426.025879,4504.743652,,,,,,,,,,,,,,,,,,,,,,,,,,,,,,,,,,,,,,,,,,,,,,,,,,,,,,,,,,,,,,,,,,,,,,
1769161511.933825,1769161511.934596,0.0,0.0,4307.436035,4296.922852,4375.0,4415.128418,4280.128418,4277.94873,4279.102539,4288.717773,4278.077148,4244.358887,4581.282227,4565.0,4430.0,4507.94873,,,,,,,,,,,,,,,,,,,,,,,,,,,,,,,,,,,,,,,,,,,,,,,,,,,,,,,,,,,,,,,,,,,,,,
1769161511.941633,1769161511.942405,1.0,0.0,4312.436035,4290.641113,4370.384766,4412.94873,4279.230957,4277.692383,4276.794922,4279.230957,4271.153809,4246.538574,4584.102539,4564.743652,4439.871582,4510.128418,,,,,,,,,,,,,,,,,,,,,,,,,,,,,,,,,,,,,,,,,,,,,,,,,,,,,,,,,,,,,,,,,,,,,,
1769161511.949442,1769161511.950313,2.0,0.0,4305.256348,4281.410156,4362.436035,4411.282227,4278.974121,4279.743652,4278.589844,4283.974121,4273.205078,4248.333496,4584.487305,4557.179688,4442.820313,4507.436035,,,,,,,,,,,,,,,,,,,,,,,,,,,,,,,,,,,,,,,,,,,,,,,,,,,,,,,,,,,,,,,,,,,,,,
1769161511.95725,1769161511.958121,3.0,0.0,4303.717773,4287.179688,4361.410156,4410.128418,4278.589844,4273.846191,4278.589844,4290.384766,4280.0,4247.05127,4579.871582,4555.769043,4438.717773,4502.692383,,,,,,,,,,,,,,,,,,,,,,,,,,,,,,,,,,,,,,,,,,,,,,,,,,,,,,,,,,,,,,,,,,,,,,
1769161511.965058,1769161511.96613,4.0,0.0,4307.692383,4293.077148,4364.487305,4411.922852,4279.871582,4270.897461,4276.025879,4285.128418,4274.615234,4247.179688,4576.794922,4555.897461,4437.05127,4499.871582,,,,,,,,,,,,,,,,,,,,,,,,,,,,,,,,,,,,,,,,,,,,,,,,,,,,,,,,,,,,,,,,,,,,,,
1769161511.972867,1769161511.973938,5.0,0.0,4310.0,4293.333496,4366.025879,4412.820313,4279.102539,4277.436035,4276.538574,4281.922852,4270.128418,4245.769043,4581.282227,4559.743652,4443.974121,4505.384766,,,,,,,,,,,,,,,,,,,,,,,,,,,,,,,,,,,,,,,,,,,,,,,,,,,,,,,,,,,,,,,,,,,,,,
1769161511.980675,1769161511.981647,6.0,0.0,4311.153809,4293.333496,4366.922852,4411.153809,4278.333496,4282.05127,4280.897461,4283.717773,4279.102539,4245.641113,4588.974121,4569.871582,4449.230957,4513.077148,,,,,,,,,,,,,,,,,,,,,,,,,,,,,,,,,,,,,,,,,,,,,,,,,,,,,,,,,,,,,,,,,,,,,,
1769161511.988484,1769161511.989455,7.0,0.0,4311.282227,4292.692383,4366.025879,4410.0,4280.0,4276.922852,4276.410156,4283.846191,4283.974121,4253.205078,4592.05127,4574.871582,4447.307617,4512.94873,,,,,,,,,,,,,,,,,,,,,,,,,,,,,,,,,,,,,,,,,,,,,,,,,,,,,,,,,,,,,,,,,,,,,,
1769161511.996292,1769161511.997064,8.0,0.0,4309.743652,4292.179688,4366.282227,4411.025879,4276.666504,4268.589844,4267.307617,4285.897461,4280.641113,4257.563965,4586.666504,4568.589844,4444.871582,4508.846191,,,,,,,,,,,,,,,,,,,,,,,,,,,,,,,,,,,,,,,,,,,,,,,,,,,,,,,,,,,,,,,,,,,,,,
1769161512.004101,1769161512.004872,9.0,0.0,4308.846191,4287.436035,4366.153809,4411.153809,4273.846191,4270.512695,4272.436035,4282.436035,4276.666504,4248.077148,4574.358887,4559.871582,4439.102539,4505.897461,,,,,,,,,,,,,,,,,,,,,,,,,,,,,,,,,,,,,,,,,,,,,,,,,,,,,,,,,,,,,,,,,,,,,,
1769161512.011909,1769161512.012581,10.0,0.0,4310.128418,4287.179688,4365.897461,4412.179688,4280.0,4278.205078,4280.769043,4277.307617,4272.436035,4242.563965,4573.974121,4561.410156,4439.487305,4504.358887,,,,,,,,,,,,,,,,,,,,,,,,,,,,,,,,,,,,,,,,,,,,,,,,,,,,,,,,,,,,,,,,,,,,,,
1769161512.019718,1769161512.020389,11.0,0.0,4309.358887,4291.410156,4363.717773,4412.692383,4282.563965,4271.282227,4275.897461,4285.769043,4273.974121,4249.358887,4586.538574,4572.436035,4444.358887,4507.94873,,,,,,,,,,,,,,,,,,,,,,,,,,,,,,,,,,,,,,,,,,,,,,,,,,,,,,,,,,,,,,,,,,,,,,
1769161512.027526,1769161512.027998,12.0,0.0,4307.94873,4284.230957,4358.974121,4407.436035,4277.307617,4260.128418,4273.589844,4294.487305,4278.461426,4249.743652,4584.358887,4572.179688,4438.717773,4508.077148,,,,,,,,,,,,,,,,,,,,,,,,,,,,,,,,,,,,,,,,,,,,,,,,,,,,,,,,,,,,,,,,,,,,,,
1769161512.035334,1769161512.035806,13.0,0.0,4306.538574,4277.563965,4358.333496,4403.461426,4279.743652,4271.410156,4281.282227,4289.743652,4277.94873,4244.230957,4571.025879,4560.641113,4431.794922,4498.717773,,,,,,,,,,,,,,,,,,,,,,,,,,,,,,,,,,,,,,,,,,,,,,,,,,,,,,,,,,,,,,,,,,,,,,
1769161512.043143,1769161512.043515,14.0,0.0,4299.743652,4280.0,4356.153809,4399.615234,4283.205078,4283.077148,4281.922852,4286.794922,4275.0,4245.128418,4570.128418,4555.0,4430.769043,4490.128418,0.458065,0.307459,0.242299,0.599765,0.210222,0.666416,0.35457,0.218958,0.176596,0.115931,0.593378,0.363234,0.259118,0.287967,0.223188,0.46449,0.310471,0.178437,0.255466,0.119224,0.293002,0.231383,0.118404,0.100312,0.065961,0.275391,0.265857,0.209434,0.228072,0.179111,0.212548,0.221414,0.147783,0.260993,0.178796,0.366529,0.536095,0.253707,0.167653,0.177131,0.372631,0.285245,0.251635,0.145353,0.200123,0.643668,0.161381,0.427124,0.368369,0.299402,1.173771,0.255496,0.657239,0.40143,0.21321,0.972014,0.456583,0.176599,0.209268,0.290978,1.296719,0.217741,0.571039,0.339995,0.246015,0.830382,0.418922,0.264442,0.416215,0.311532
1769161512.050951,1769161512.051323,15.0,0.0,4292.05127,4280.897461,4351.153809,4399.230957,4281.666504,4278.333496,4276.538574,4293.461426,4280.512695,4246.282227,4578.333496,4555.128418,4434.358887,4490.384766,,,,,,,,,,,,,,,,,,,,,,,,,,,,,,,,,,,,,,,,,,,,,,,,,,,,,,,,,,,,,,,,,,,,,,
1769161512.05876,1769161512.058932,16.0,0.0,4293.589844,4280.0,4350.128418,4406.538574,4283.333496,4278.077148,4281.025879,4297.307617,4284.871582,4244.871582,4579.358887,4555.897461,4439.102539,4493.846191,,,,,,,,,,,,,,,,,,,,,,,,,,,,,,,,,,,,,,,,,,,,,,,,,,,,,,,,,,,,,,,,,,,,,,
1769161512.066568,1769161512.06674,17.0,0.0,4296.666504,4280.0,4348.589844,4407.436035,4283.461426,4281.025879,4287.436035,4289.102539,4278.461426,4247.179688,4573.974121,4554.615234,4438.461426,4493.974121,,,,,,,,,,,,,,,,,,,,,,,,,,,,,,,,,,,,,,,,,,,,,,,,,,,,,,,,,,,,,,,,,,,,,,
1769161512.074377,1769161512.074449,18.0,0.0,4294.615234,4280.256348,4343.333496,4397.820313,4284.487305,4282.05127,4285.0,4283.333496,4278.461426,4251.410156,4569.871582,4552.05127,4430.0,4491.922852,,,,,,,,,,,,,,,,,,,,,,,,,,,,,,,,,,,,,,,,,,,,,,,,,,,,,,,,,,,,,,,,,,,,,,
1769161512.082185,1769161512.082257,19.0,0.0,4293.974121,4283.077148,4341.025879,4395.384766,4287.692383,4283.846191,4277.563965,4289.487305,4285.512695,4249.871582,4570.641113,4552.436035,4426.025879,4490.641113,,,,,,,,,,,,,,,,,,,,,,,,,,,,,,,,,,,,,,,,,,,,,,,,,,,,,,,,,,,,,,,,,,,,,,
1769161512.089994,1769161512.090266,20.0,0.0,4293.077148,4283.205078,4342.436035,4398.717773,4288.077148,4280.128418,4275.897461,4290.256348,4283.461426,4246.025879,4571.153809,4553.846191,4429.230957,4491.410156,,,,,,,,,,,,,,,,,,,,,,,,,,,,,,,,,,,,,,,,,,,,,,,,,,,,,,,,,,,,,,,,,,,,,,
1769161512.097802,1769161512.098074,21.0,0.0,4293.974121,4281.922852,4342.179688,4395.769043,4288.846191,4275.769043,4280.0,4286.410156,4277.307617,4245.512695,4571.025879,4555.641113,4432.05127,4493.077148,,,,,,,,,,,,,,,,,,,,,,,,,,,,,,,,,,,,,,,,,,,,,,,,,,,,,,,,,,,,,,,,,,,,,,
1769161512.10561,1769161512.105982,22.0,0.0,4299.743652,4285.0,4342.563965,4395.512695,4290.128418,4284.743652,4281.794922,4289.743652,4278.717773,4245.256348,4571.410156,4555.897461,4428.717773,4490.512695,,,,,,,,,,,,,,,,,,,,,,,,,,,,,,,,,,,,,,,,,,,,,,,,,,,,,,,,,,,,,,,,,,,,,,
1769161512.113419,1769161512.113791,23.0,0.0,4299.358887,4285.0,4343.333496,4398.589844,4291.666504,4293.077148,4279.487305,4288.205078,4279.615234,4244.871582,4569.615234,4553.717773,4423.717773,4487.436035,,,,,,,,,,,,,,,,,,,,,,,,,,,,,,,,,,,,,,,,,,,,,,,,,,,,,,,,,,,,,,,,,,,,,,
1769161512.121227,1769161512.121799,24.0,0.0,4293.717773,4281.410156,4341.794922,4397.820313,4292.563965,4286.282227,4278.333496,4285.384766,4280.0,4247.307617,4571.153809,4558.333496,4434.487305,4492.820313,,,,,,,,,,,,,,,,,,,,,,,,,,,,,,,,,,,,,,,,,,,,,,,,,,,,,,,,,,,,,,,,,,,,,,
1769161512.129036,1769161512.129607,25.0,0.0,4293.589844,4281.282227,4342.179688,4396.410156,4287.179688,4278.461426,4279.102539,4288.589844,4281.922852,4246.922852,4574.230957,4563.717773,4443.589844,4498.974121,,,,,,,,,,,,,,,,,,,,,,,,,,,,,,,,,,,,,,,,,,,,,,,,,,,,,,,,,,,,,,,,,,,,,,
1769161512.136844,1769161512.137516,26.0,0.0,4297.307617,4280.769043,4341.153809,4392.692383,4278.974121,4279.743652,4277.94873,4285.0,4279.230957,4245.384766,4571.538574,4559.230957,4435.897461,4494.871582,,,,,,,,,,,,,,,,,,,,,,,,,,,,,,,,,,,,,,,,,,,,,,,,,,,,,,,,,,,,,,,,,,,,,,
1769161512.144653,1769161512.145324,27.0,0.0,4296.153809,4279.230957,4335.641113,4387.692383,4281.666504,4280.897461,4277.820313,4278.974121,4277.563965,4245.641113,4571.538574,4552.692383,4431.666504,4490.128418,,,,,,,,,,,,,,,,,,,,,,,,,,,,,,,,,,,,,,,,,,,,,,,,,,,,,,,,,,,,,,,,,,,,,,
1769161512.152461,1769161512.153333,28.0,0.0,4293.717773,4279.358887,4334.615234,4387.563965,4286.410156,4279.743652,4280.0,4283.077148,4279.487305,4241.410156,4574.743652,4555.128418,4433.461426,4491.153809,,,,,,,,,,,,,,,,,,,,,,,,,,,,,,,,,,,,,,,,,,,,,,,,,,,,,,,,,,,,,,,,,,,,,,
1769161512.16027,1769161512.161141,29.0,0.0,4293.974121,4278.077148,4339.230957,4387.563965,4280.384766,4280.384766,4281.153809,4291.410156,4280.512695,4239.615234,4572.05127,4563.205078,4428.589844,4489.230957,,,,,,,,,,,,,,,,,,,,,,,,,,,,,,,,,,,,,,,,,,,,,,,,,,,,,,,,,,,,,,,,,,,,,,
1769161512.168078,1769161512.169049,30.0,0.0,4294.615234,4277.692383,4336.282227,4386.410156,4279.230957,4280.0,4280.0,4294.487305,4280.0,4246.282227,4573.205078,4567.05127,4427.05127,4487.179688,0.453037,0.319471,0.258206,0.714207,0.239747,0.618621,0.371635,0.216573,0.211688,0.134881,0.571349,0.380779,0.304768,0.329754,0.254306,0.448397,0.25991,0.17176,0.284451,0.12384,0.309362,0.251252,0.104136,0.082051,0.072808,0.230251,0.233572,0.216272,0.210199,0.197939,0.191936,0.212607,0.173318,0.217798,0.193673,0.408064,0.471046,0.272199,0.160911,0.188675,0.452945,0.286089,0.270806,0.171619,0.20985,0.52467,0.176205,0.375787,0.323952,0.316717,1.244608,0.243393,0.650451,0.466146,0.200835,0.99551,0.403953,0.201215,0.216728,0.260363,1.329899,0.187327,0.505372,0.369365,0.251665,0.873141,0.433937,0.252451,0.584237,0.296933
1769161512.175887,1769161512.176858,31.0,0.0,4295.128418,4278.846191,4327.94873,4387.94873,4285.769043,4277.05127,4277.692383,4293.205078,4279.871582,4249.615234,4578.461426,4563.333496,4432.05127,4489.871582,,,,,,,,,,,,,,,,,,,,,,,,,,,,,,,,,,,,,,,,,,,,,,,,,,,,,,,,,,,,,,,,,,,,,,
1769161512.183695,1769161512.184466,32.0,0.0,4295.128418,4279.102539,4326.282227,4387.820313,4286.410156,4278.333496,4279.358887,4284.743652,4279.102539,4245.512695,4576.666504,4558.461426,4432.05127,4489.230957,,,,,,,,,,,,,,,,,,,,,,,,,,,,,,,,,,,,,,,,,,,,,,,,,,,,,,,,,,,,,,,,,,,,,,
1769161512.191503,1769161512.192275,33.0,0.0,4295.256348,4278.974121,4327.820313,4387.94873,4282.692383,4281.794922,4280.384766,4277.05127,4276.922852,4243.589844,4572.307617,4558.717773,4429.230957,4487.436035,,,,,,,,,,,,,,,,,,,,,,,,,,,,,,,,,,,,,,,,,,,,,,,,,,,,,,,,,,,,,,,,,,,,,,
1769161512.199312,1769161512.199983,34.0,0.0,4292.94873,4280.0,4327.94873,4389.871582,4282.692383,4282.179688,4278.461426,4280.641113,4277.563965,4247.94873,4573.589844,4559.358887,4427.820313,4491.538574,,,,,,,,,,,,,,,,,,,,,,,,,,,,,,,,,,,,,,,,,,,,,,,,,,,,,,,,,,,,,,,,,,,,,,
1769161512.20712,1769161512.207792,35.0,0.0,4292.05127,4276.025879,4322.436035,4384.871582,4283.205078,4281.922852,4281.153809,4289.743652,4280.256348,4246.794922,4574.230957,4559.358887,4428.717773,4491.538574,,,,,,,,,,,,,,,,,,,,,,,,,,,,,,,,,,,,,,,,,,,,,,,,,,,,,,,,,,,,,,,,,,,,,,
1769161512.214929,1769161512.2158,36.0,0.0,4291.410156,4267.692383,4315.0,4379.743652,4281.538574,4281.282227,4283.205078,4291.282227,4279.871582,4238.205078,4570.897461,4557.692383,4425.769043,4479.358887,,,,,,,,,,,,,,,,,,,,,,,,,,,,,,,,,,,,,,,,,,,,,,,,,,,,,,,,,,,,,,,,,,,,,,
1769161512.222737,1769161512.223609,37.0,0.0,4286.922852,4271.410156,4316.025879,4380.128418,4281.282227,4278.717773,4279.743652,4286.666504,4277.692383,4238.077148,4568.205078,4551.922852,4418.077148,4472.563965,,,,,,,,,,,,,,,,,,,,,,,,,,,,,,,,,,,,,,,,,,,,,,,,,,,,,,,,,,,,,,,,,,,,,,
1769161512.230546,1769161512.231317,38.0,0.0,4281.025879,4277.820313,4317.307617,4376.922852,4279.615234,4277.307617,4279.487305,4290.641113,4278.589844,4248.846191,4571.410156,4554.487305,4420.256348,4479.487305,,,,,,,,,,,,,,,,,,,,,,,,,,,,,,,,,,,,,,,,,,,,,,,,,,,,,,,,,,,,,,,,,,,,,,
1769161512.238354,1769161512.239126,39.0,0.0,4277.436035,4270.512695,4310.512695,4371.538574,4276.922852,4276.794922,4280.769043,4295.256348,4278.461426,4243.717773,4573.333496,4560.128418,4422.563965,4482.94873,,,,,,,,,,,,,,,,,,,,,,,,,,,,,,,,,,,,,,,,,,,,,,,,,,,,,,,,,,,,,,,,,,,,,,
1769161512.246163,1769161512.246734,40.0,0.0,4281.538574,4268.461426,4307.820313,4373.333496,4276.538574,4277.820313,4279.871582,4286.666504,4269.743652,4227.94873,4566.025879,4556.922852,4412.436035,4475.0,,,,,,,,,,,,,,,,,,,,,,,,,,,,,,,,,,,,,,,,,,,,,,,,,,,,,,,,,,,,,,,,,,,,,,
1769161512.253971,1769161512.254543,41.0,0.0,4291.666504,4279.487305,4313.461426,4376.794922,4277.05127,4280.769043,4280.512695,4278.077148,4264.230957,4231.538574,4561.282227,4553.846191,4412.94873,4473.589844,,,,,,,,,,,,,,,,,,,,,,,,,,,,,,,,,,,,,,,,,,,,,,,,,,,,,,,,,,,,,,,,,,,,,,
1769161512.261779,1769161512.262251,42.0,0.0,4295.769043,4282.307617,4314.615234,4376.153809,4280.0,4277.179688,4278.461426,4279.871582,4270.384766,4245.641113,4569.487305,4557.05127,4429.358887,4483.461426,,,,,,,,,,,,,,,,,,,,,,,,,,,,,,,,,,,,,,,,,,,,,,,,,,,,,,,,,,,,,,,,,,,,,,
1769161512.269588,1769161512.27006,43.0,0.0,4292.05127,4277.179688,4311.025879,4371.794922,4281.282227,4275.641113,4275.641113,4282.05127,4273.077148,4247.179688,4572.563965,4556.410156,4430.256348,4485.769043,,,,,,,,,,,,,,,,,,,,,,,,,,,,,,,,,,,,,,,,,,,,,,,,,,,,,,,,,,,,,,,,,,,,,,
1769161512.277396,1769161512.278068,44.0,0.0,4290.641113,4278.333496,4311.410156,4369.358887,4278.589844,4278.461426,4277.179688,4281.282227,4269.615234,4243.717773,4567.05127,4553.589844,4417.820313,4477.307617,,,,,,,,,,,,,,,,,,,,,,,,,,,,,,,,,,,,,,,,,,,,,,,,,,,,,,,,,,,,,,,,,,,,,,
1769161512.285205,1769161512.285876,45.0,0.0,4291.666504,4278.974121,4312.436035,4371.922852,4276.666504,4270.512695,4277.307617,4281.794922,4267.692383,4243.333496,4565.256348,4554.487305,4414.230957,4474.615234,,,,,,,,,,,,,,,,,,,,,,,,,,,,,,,,,,,,,,,,,,,,,,,,,,,,,,,,,,,,,,,,,,,,,,
1769161512.293013,1769161512.293785,46.0,0.0,4293.461426,4277.563965,4317.692383,4372.94873,4277.05127,4267.307617,4277.179688,4281.153809,4266.025879,4237.436035,4566.282227,4556.666504,4420.512695,4484.871582,0.450373,0.320696,0.296546,0.784142,0.269666,0.545343,0.358906,0.229615,0.235547,0.155437,0.555663,0.381106,0.348337,0.346594,0.282764,0.410783,0.207561,0.182213,0.299678,0.131052,0.313536,0.255472,0.100696,0.067657,0.077576,0.204023,0.206048,0.225703,0.196186,0.222699,0.178114,0.216485,0.224058,0.179039,0.210416,0.434478,0.401933,0.300156,0.165577,0.203233,0.531198,0.279006,0.287164,0.193184,0.211264,0.40056,0.208103,0.321996,0.274606,0.330965,1.22675,0.239714,0.605315,0.505993,0.188309,0.936992,0.349503,0.235482,0.215991,0.233748,1.242103,0.178505,0.41662,0.393947,0.257342,0.824782,0.438229,0.270136,0.732143,0.285761
1769161512.300822,1769161512.301593,47.0,0.0,4294.487305,4279.487305,4320.256348,4372.436035,4278.589844,4279.871582,4278.205078,4277.94873,4266.538574,4231.410156,4570.256348,4556.410156,4426.025879,4491.282227,,,,,,,,,,,,,,,,,,,,,,,,,,,,,,,,,,,,,,,,,,,,,,,,,,,,,,,,,,,,,,,,,,,,,,
1769161512.30863,1769161512.309601,48.0,0.0,4286.153809,4281.666504,4315.256348,4374.487305,4280.384766,4284.102539,4277.820313,4280.128418,4271.794922,4238.461426,4575.0,4555.769043,4423.333496,4481.666504,,,,,,,,,,,,,,,,,,,,,,,,,,,,,,,,,,,,,,,,,,,,,,,,,,,,,,,,,,,,,,,,,,,,,,
1769161512.316439,1769161512.31741,49.0,0.0,4278.077148,4280.256348,4313.717773,4375.897461,4279.615234,4277.94873,4279.743652,4290.897461,4274.743652,4246.153809,4572.692383,4560.641113,4416.922852,4473.717773,,,,,,,,,,,,,,,,,,,,,,,,,,,,,,,,,,,,,,,,,,,,,,,,,,,,,,,,,,,,,,,,,,,,,,
1769161512.324247,1769161512.325318,50.0,0.0,4287.692383,4280.384766,4319.230957,4375.384766,4277.692383,4278.461426,4279.615234,4294.358887,4276.922852,4246.538574,4573.974121,4569.102539,4422.436035,4483.717773,,,,,,,,,,,,,,,,,,,,,,,,,,,,,,,,,,,,,,,,,,,,,,,,,,,,,,,,,,,,,,,,,,,,,,
1769161512.332056,1769161512.333127,51.0,0.0,4300.512695,4287.820313,4323.717773,4376.025879,4279.102539,4276.666504,4274.102539,4283.333496,4278.846191,4247.94873,4584.615234,4572.307617,4431.922852,4495.256348,,,,,,,,,,,,,,,,,,,,,,,,,,,,,,,,,,,,,,,,,,,,,,,,,,,,,,,,,,,,,,,,,,,,,,
1769161512.339864,1769161512.340735,52.0,0.0,4300.128418,4289.871582,4320.256348,4376.282227,4279.871582,4270.769043,4273.589844,4279.615234,4275.128418,4248.205078,4586.153809,4569.102539,4429.871582,4493.333496,,,,,,,,,,,,,,,,,,,,,,,,,,,,,,,,,,,,,,,,,,,,,,,,,,,,,,,,,,,,,,,,,,,,,,
1769161512.347673,1769161512.348544,53.0,0.0,4291.794922,4281.922852,4314.358887,4373.077148,4278.846191,4275.0,4278.077148,4288.077148,4275.641113,4245.256348,4575.512695,4563.846191,4427.179688,4487.307617,,,,,,,,,,,,,,,,,,,,,,,,,,,,,,,,,,,,,,,,,,,,,,,,,,,,,,,,,,,,,,,,,,,,,,
1769161512.355481,1769161512.356452,54.0,0.0,4285.512695,4278.077148,4310.769043,4370.0,4278.205078,4279.615234,4279.487305,4289.487305,4280.512695,4246.666504,4571.282227,4559.102539,4427.563965,4480.256348,,,,,,,,,,,,,,,,,,,,,,,,,,,,,,,,,,,,,,,,,,,,,,,,,,,,,,,,,,,,,,,,,,,,,,
1769161512.363289,1769161512.36426,55.0,0.0,4286.794922,4278.717773,4310.641113,4367.05127,4277.692383,4277.692383,4278.717773,4285.384766,4277.94873,4249.487305,4571.538574,4554.102539,4422.307617,4475.384766,,,,,,,,,,,,,,,,,,,,,,,,,,,,,,,,,,,,,,,,,,,,,,,,,,,,,,,,,,,,,,,,,,,,,,
1769161512.371098,1769161512.371869,56.0,0.0,4293.461426,4278.077148,4313.205078,4364.871582,4278.333496,4275.128418,4278.333496,4287.820313,4278.717773,4246.794922,4570.256348,4554.102539,4420.256348,4483.205078,,,,,,,,,,,,,,,,,,,,,,,,,,,,,,,,,,,,,,,,,,,,,,,,,,,,,,,,,,,,,,,,,,,,,,
1769161512.378906,1769161512.379678,57.0,0.0,4296.282227,4283.846191,4320.0,4368.461426,4281.666504,4276.794922,4278.077148,4294.615234,4287.436035,4245.512695,4575.769043,4562.94873,4428.333496,4493.974121,,,,,,,,,,,,,,,,,,,,,,,,,,,,,,,,,,,,,,,,,,,,,,,,,,,,,,,,,,,,,,,,,,,,,,
1769161512.386715,1769161512.387386,58.0,0.0,4294.487305,4289.230957,4325.0,4372.179688,4283.333496,4282.05127,4278.846191,4293.333496,4286.410156,4246.922852,4579.743652,4567.179688,4432.820313,4493.077148,,,,,,,,,,,,,,,,,,,,,,,,,,,,,,,,,,,,,,,,,,,,,,,,,,,,,,,,,,,,,,,,,,,,,,
1769161512.394523,1769161512.395195,59.0,0.0,4292.179688,4281.922852,4315.641113,4367.692383,4280.641113,4280.128418,4278.333496,4285.897461,4276.666504,4247.692383,4573.846191,4556.922852,4427.05127,4487.692383,,,,,,,,,,,,,,,,,,,,,,,,,,,,,,,,,,,,,,,,,,,,,,,,,,,,,,,,,,,,,,,,,,,,,,
1769161512.402332,1769161512.402803,60.0,0.0,4292.436035,4278.974121,4308.974121,4363.846191,4277.692383,4274.487305,4275.897461,4285.769043,4276.922852,4247.179688,4572.820313,4554.615234,4424.743652,4487.692383,,,,,,,,,,,,,,,,,,,,,,,,,,,,,,,,,,,,,,,,,,,,,,,,,,,,,,,,,,,,,,,,,,,,,,
1769161512.41014,1769161512.410612,61.0,0.0,4295.897461,4286.794922,4318.461426,4368.333496,4279.615234,4276.794922,4274.615234,4289.230957,4282.820313,4247.05127,4583.077148,4567.436035,4429.230957,4491.282227,,,,,,,,,,,,,,,,,,,,,,,,,,,,,,,,,,,,,,,,,,,,,,,,,,,,,,,,,,,,,,,,,,,,,,
1769161512.417949,1769161512.41852,62.0,0.0,4297.436035,4291.282227,4326.410156,4370.512695,4282.94873,4283.333496,4276.794922,4288.333496,4283.333496,4249.743652,4586.538574,4572.692383,4430.769043,4492.307617,0.460814,0.311154,0.353026,0.792358,0.289363,0.460029,0.323061,0.242719,0.242313,0.17259,0.508322,0.380487,0.386005,0.334165,0.298382,0.367097,0.164806,0.201843,0.295009,0.135251,0.304093,0.242442,0.10299,0.057558,0.078997,0.197047,0.184943,0.236357,0.184659,0.247938,0.169058,0.229143,0.282521,0.150636,0.221521,0.437655,0.342418,0.322432,0.181534,0.216952,0.590601,0.263492,0.297866,0.203167,0.203093,0.310682,0.245299,0.284796,0.232637,0.333962,1.124321,0.247289,0.545739,0.51619,0.17504,0.820518,0.320237,0.277286,0.213743,0.210492,1.059461,0.191555,0.335176,0.411618,0.255665,0.696573,0.448674,0.316648,0.824647,0.270711
1769161512.425757,1769161512.426328,63.0,0.0,4294.358887,4286.282227,4322.179688,4368.205078,4280.897461,4282.94873,4280.512695,4291.025879,4281.153809,4247.307617,4582.820313,4568.077148,4427.563965,4490.512695,,,,,,,,,,,,,,,,,,,,,,,,,,,,,,,,,,,,,,,,,,,,,,,,,,,,,,,,,,,,,,,,,,,,,,
1769161512.433566,1769161512.433937,64.0,0.0,4293.974121,4281.666504,4318.205078,4366.666504,4279.230957,4278.717773,4278.974121,4289.743652,4278.589844,4242.05127,4578.974121,4566.666504,4426.025879,4488.077148,,,,,,,,,,,,,,,,,,,,,,,,,,,,,,,,,,,,,,,,,,,,,,,,,,,,,,,,,,,,,,,,,,,,,,
1769161512.441374,1769161512.441746,65.0,0.0,4296.025879,4285.769043,4320.897461,4367.05127,4282.307617,4280.641113,4274.358887,4279.743652,4273.846191,4244.743652,4573.589844,4563.974121,4429.743652,4492.179688,,,,,,,,,,,,,,,,,,,,,,,,,,,,,,,,,,,,,,,,,,,,,,,,,,,,,,,,,,,,,,,,,,,,,,
1769161512.449182,1769161512.449454,66.0,0.0,4296.153809,4287.820313,4317.94873,4366.666504,4281.153809,4276.410156,4274.743652,4283.333496,4276.153809,4248.974121,4572.563965,4558.333496,4427.563965,4492.05127,,,,,,,,,,,,,,,,,,,,,,,,,,,,,,,,,,,,,,,,,,,,,,,,,,,,,,,,,,,,,,,,,,,,,,
1769161512.456991,1769161512.457263,67.0,0.0,4293.333496,4280.128418,4310.256348,4364.102539,4276.538574,4266.538574,4278.077148,4289.871582,4277.05127,4245.256348,4572.307617,4555.512695,4419.102539,4478.974121,,,,,,,,,,,,,,,,,,,,,,,,,,,,,,,,,,,,,,,,,,,,,,,,,,,,,,,,,,,,,,,,,,,,,,
1769161512.464799,1769161512.464871,68.0,0.0,4292.563965,4278.077148,4310.256348,4362.820313,4278.461426,4268.461426,4275.256348,4279.615234,4269.102539,4244.230957,4570.0,4555.641113,4420.641113,4476.666504,,,,,,,,,,,,,,,,,,,,,,,,,,,,,,,,,,,,,,,,,,,,,,,,,,,,,,,,,,,,,,,,,,,,,,
1769161512.472608,1769161512.47268,69.0,0.0,4293.974121,4286.538574,4317.436035,4363.717773,4282.820313,4279.230957,4269.615234,4277.563965,4268.461426,4250.641113,4574.230957,4556.922852,4429.230957,4488.333496,,,,,,,,,,,,,,,,,,,,,,,,,,,,,,,,,,,,,,,,,,,,,,,,,,,,,,,,,,,,,,,,,,,,,,
1769161512.480416,1769161512.480588,70.0,0.0,4295.384766,4291.666504,4322.05127,4365.897461,4282.94873,4281.922852,4273.205078,4288.077148,4279.615234,4249.358887,4583.461426,4558.077148,4428.461426,4490.384766,,,,,,,,,,,,,,,,,,,,,,,,,,,,,,,,,,,,,,,,,,,,,,,,,,,,,,,,,,,,,,,,,,,,,,
1769161512.488225,1769161512.488396,71.0,0.0,4299.743652,4291.282227,4322.820313,4367.179688,4282.179688,4275.769043,4274.230957,4285.384766,4278.717773,4243.077148,4581.025879,4556.922852,4424.615234,4486.025879,,,,,,,,,,,,,,,,,,,,,,,,,,,,,,,,,,,,,,,,,,,,,,,,,,,,,,,,,,,,,,,,,,,,,,
1769161512.496033,1769161512.496405,72.0,0.0,4306.410156,4293.205078,4322.563965,4366.922852,4282.436035,4274.358887,4268.077148,4274.615234,4264.487305,4245.256348,4572.820313,4555.769043,4427.436035,4489.615234,,,,,,,,,,,,,,,,,,,,,,,,,,,,,,,,,,,,,,,,,,,,,,,,,,,,,,,,,,,,,,,,,,,,,,
1769161512.503842,1769161512.504213,73.0,0.0,4303.077148,4295.384766,4323.461426,4366.153809,4283.077148,4276.025879,4271.666504,4280.0,4267.692383,4250.384766,4577.436035,4557.179688,4429.615234,4491.538574,,,,,,,,,,,,,,,,,,,,,,,,,,,,,,,,,,,,,,,,,,,,,,,,,,,,,,,,,,,,,,,,,,,,,,
1769161512.51165,1769161512.512121,74.0,0.0,4294.230957,4296.922852,4323.077148,4365.897461,4281.794922,4276.922852,4278.205078,4286.538574,4275.769043,4248.974121,4585.0,4556.922852,4425.769043,4489.615234,,,,,,,,,,,,,,,,,,,,,,,,,,,,,,,,,,,,,,,,,,,,,,,,,,,,,,,,,,,,,,,,,,,,,,
1769161512.519458,1769161512.51993,75.0,0.0,4297.94873,4297.94873,4321.666504,4366.666504,4278.589844,4276.666504,4275.384766,4280.512695,4268.717773,4245.641113,4582.436035,4555.769043,4425.641113,4490.897461,,,,,,,,,,,,,,,,,,,,,,,,,,,,,,,,,,,,,,,,,,,,,,,,,,,,,,,,,,,,,,,,,,,,,,
1769161512.527267,1769161512.527938,76.0,0.0,4303.589844,4295.897461,4320.384766,4363.974121,4278.461426,4278.333496,4275.128418,4283.205078,4269.358887,4245.512695,4578.717773,4555.897461,4426.794922,4492.179688,,,,,,,,,,,,,,,,,,,,,,,,,,,,,,,,,,,,,,,,,,,,,,,,,,,,,,,,,,,,,,,,,,,,,,
1769161512.535075,1769161512.535747,77.0,0.0,4297.307617,4288.205078,4316.922852,4356.538574,4281.922852,4286.153809,4280.897461,4296.410156,4280.0,4243.974121,4579.102539,4556.922852,4421.282227,4490.769043,,,,,,,,,,,,,,,,,,,,,,,,,,,,,,,,,,,,,,,,,,,,,,,,,,,,,,,,,,,,,,,,,,,,,,
1769161512.542884,1769161512.543655,78.0,0.0,4292.563965,4281.025879,4314.871582,4349.358887,4283.077148,4289.871582,4280.256348,4297.692383,4280.512695,4246.538574,4580.897461,4561.025879,4418.461426,4488.846191,0.479507,0.297756,0.417908,0.741155,0.289684,0.387447,0.278059,0.244967,0.232466,0.181896,0.467945,0.388013,0.410218,0.297921,0.293185,0.308822,0.13754,0.220123,0.271446,0.131876,0.287292,0.219446,0.106191,0.050413,0.076849,0.205085,0.167022,0.245638,0.174291,0.265767,0.163783,0.242148,0.326316,0.133415,0.219984,0.424103,0.295935,0.328361,0.203424,0.227327,0.631883,0.241781,0.299289,0.198064,0.187353,0.256991,0.277902,0.268063,0.205223,0.321056,0.965984,0.267303,0.494742,0.49872,0.161528,0.685644,0.332831,0.323016,0.216815,0.189077,0.842081,0.221796,0.286791,0.42198,0.243528,0.558997,0.476935,0.381638,0.842519,0.246538
1769161512.550692,1769161512.551463,79.0,0.0,4296.282227,4285.128418,4321.410156,4348.461426,4279.487305,4282.307617,4277.436035,4292.05127,4277.307617,4258.333496,4585.128418,4567.94873,4426.666504,4494.871582,,,,,,,,,,,,,,,,,,,,,,,,,,,,,,,,,,,,,,,,,,,,,,,,,,,,,,,,,,,,,,,,,,,,,,
1769161512.558501,1769161512.559472,80.0,0.0,4299.487305,4294.230957,4327.692383,4353.205078,4276.922852,4272.820313,4276.922852,4295.512695,4281.794922,4266.025879,4589.102539,4570.897461,4432.179688,4506.538574,,,,,,,,,,,,,,,,,,,,,,,,,,,,,,,,,,,,,,,,,,,,,,,,,,,,,,,,,,,,,,,,,,,,,,
1769161512.566309,1769161512.56728,81.0,0.0,4302.179688,4295.384766,4325.128418,4357.307617,4279.230957,4272.436035,4274.358887,4294.358887,4280.128418,4257.436035,4585.0,4567.179688,4429.871582,4508.589844,,,,,,,,,,,,,,,,,,,,,,,,,,,,,,,,,,,,,,,,,,,,,,,,,,,,,,,,,,,,,,,,,,,,,,
1769161512.574118,1769161512.574989,82.0,0.0,4305.897461,4295.384766,4326.538574,4359.358887,4281.538574,4279.358887,4274.102539,4291.922852,4278.589844,4245.128418,4584.102539,4568.077148,4428.717773,4499.615234,,,,,,,,,,,,,,,,,,,,,,,,,,,,,,,,,,,,,,,,,,,,,,,,,,,,,,,,,,,,,,,,,,,,,,
1769161512.581926,1769161512.582797,83.0,0.0,4299.871582,4293.846191,4328.974121,4357.307617,4280.0,4280.384766,4276.794922,4293.461426,4279.102539,4244.230957,4582.179688,4567.05127,4427.307617,4492.436035,,,,,,,,,,,,,,,,,,,,,,,,,,,,,,,,,,,,,,,,,,,,,,,,,,,,,,,,,,,,,,,,,,,,,,
1769161512.589734,1769161512.590805,84.0,0.0,4292.307617,4286.410156,4320.641113,4351.666504,4278.717773,4273.461426,4275.512695,4284.487305,4271.153809,4249.871582,4575.384766,4559.230957,4427.179688,4492.692383,,,,,,,,,,,,,,,,,,,,,,,,,,,,,,,,,,,,,,,,,,,,,,,,,,,,,,,,,,,,,,,,,,,,,,
1769161512.597543,1769161512.598614,85.0,0.0,4292.692383,4282.820313,4314.102539,4347.436035,4278.974121,4272.563965,4273.461426,4275.769043,4265.641113,4248.589844,4572.692383,4553.461426,4425.897461,4491.922852,,,,,,,,,,,,,,,,,,,,,,,,,,,,,,,,,,,,,,,,,,,,,,,,,,,,,,,,,,,,,,,,,,,,,,
1769161512.605351,1769161512.606322,86.0,0.0,4295.769043,4286.794922,4319.358887,4348.205078,4278.846191,4280.256348,4276.922852,4282.307617,4271.025879,4244.615234,4575.897461,4555.0,4420.0,4490.897461,,,,,,,,,,,,,,,,,,,,,,,,,,,,,,,,,,,,,,,,,,,,,,,,,,,,,,,,,,,,,,,,,,,,,,
1769161512.61316,1769161512.614131,87.0,0.0,4295.512695,4291.538574,4330.128418,4354.102539,4281.282227,4282.94873,4280.0,4291.153809,4280.0,4253.333496,4581.410156,4563.461426,4422.692383,4500.512695,,,,,,,,,,,,,,,,,,,,,,,,,,,,,,,,,,,,,,,,,,,,,,,,,,,,,,,,,,,,,,,,,,,,,,
1769161512.620968,1769161512.622139,88.0,0.0,4294.615234,4292.94873,4332.94873,4356.410156,4283.333496,4278.461426,4278.205078,4291.153809,4282.436035,4260.384766,4585.512695,4568.974121,4432.94873,4510.769043,,,,,,,,,,,,,,,,,,,,,,,,,,,,,,,,,,,,,,,,,,,,,,,,,,,,,,,,,,,,,,,,,,,,,,
1769161512.628777,1769161512.629947,89.0,0.0,4296.666504,4295.128418,4329.487305,4353.205078,4280.0,4277.05127,4277.563965,4291.410156,4278.974121,4247.94873,4585.897461,4567.436035,4431.922852,4503.205078,,,,,,,,,,,,,,,,,,,,,,,,,,,,,,,,,,,,,,,,,,,,,,,,,,,,,,,,,,,,,,,,,,,,,,
1769161512.636585,1769161512.637856,90.0,0.0,4295.641113,4293.077148,4326.282227,4349.615234,4277.563965,4279.358887,4279.230957,4293.974121,4276.922852,4240.512695,4578.333496,4563.461426,4420.384766,4493.077148,,,,,,,,,,,,,,,,,,,,,,,,,,,,,,,,,,,,,,,,,,,,,,,,,,,,,,,,,,,,,,,,,,,,,,
1769161512.644394,1769161512.645664,91.0,0.0,4290.769043,4285.641113,4323.589844,4345.641113,4279.871582,4278.077148,4278.589844,4290.128418,4276.666504,4246.153809,4572.692383,4563.333496,4415.769043,4491.794922,,,,,,,,,,,,,,,,,,,,,,,,,,,,,,,,,,,,,,,,,,,,,,,,,,,,,,,,,,,,,,,,,,,,,,
1769161512.652202,1769161512.653273,92.0,0.0,4288.333496,4284.871582,4322.94873,4342.94873,4280.128418,4277.94873,4278.717773,4289.358887,4276.538574,4244.743652,4576.666504,4565.641113,4420.897461,4490.769043,,,,,,,,,,,,,,,,,,,,,,,,,,,,,,,,,,,,,,,,,,,,,,,,,,,,,,,,,,,,,,,,,,,,,,
1769161512.66001,1769161512.661081,93.0,0.0,4291.538574,4290.512695,4325.128418,4345.256348,4278.974121,4281.025879,4278.974121,4295.0,4276.922852,4245.128418,4580.641113,4567.179688,4429.487305,4490.0,,,,,,,,,,,,,,,,,,,,,,,,,,,,,,,,,,,,,,,,,,,,,,,,,,,,,,,,,,,,,,,,,,,,,,
1769161512.667819,1769161512.66879,94.0,0.0,4296.025879,4296.282227,4329.102539,4352.436035,4284.230957,4281.538574,4277.436035,4295.769043,4279.358887,4253.589844,4582.692383,4568.974121,4433.589844,4494.615234,0.521699,0.289708,0.478047,0.652664,0.269131,0.343276,0.238854,0.237333,0.211924,0.181862,0.424808,0.404291,0.41371,0.251727,0.266572,0.259539,0.126511,0.230593,0.237256,0.120248,0.267881,0.194771,0.10658,0.044915,0.071957,0.221088,0.149178,0.248409,0.165841,0.269613,0.158161,0.246748,0.337075,0.123741,0.202933,0.408121,0.25786,0.317556,0.222871,0.233478,0.65575,0.215121,0.288208,0.17974,0.168187,0.232535,0.295663,0.263927,0.1942,0.29317,0.794786,0.294922,0.463707,0.461953,0.150441,0.579233,0.382114,0.367569,0.229125,0.169684,0.65817,0.253824,0.281375,0.42646,0.224674,0.448497,0.519276,0.44537,0.791159,0.216004
1769161512.675627,1769161512.676598,95.0,0.0,4293.974121,4296.153809,4327.94873,4354.871582,4287.94873,4278.461426,4277.94873,4289.487305,4278.974121,4248.589844,4580.897461,4563.717773,4426.538574,4491.922852,,,,,,,,,,,,,,,,,,,,,,,,,,,,,,,,,,,,,,,,,,,,,,,,,,,,,,,,,,,,,,,,,,,,,,
1769161512.683436,1769161512.684607,96.0,0.0,4285.641113,4290.128418,4323.077148,4348.974121,4284.615234,4277.820313,4278.461426,4284.358887,4274.743652,4240.128418,4577.05127,4557.307617,4416.538574,4479.743652,,,,,,,,,,,,,,,,,,,,,,,,,,,,,,,,,,,,,,,,,,,,,,,,,,,,,,,,,,,,,,,,,,,,,,
1769161512.691244,1769161512.692415,97.0,0.0,4278.205078,4281.282227,4318.974121,4341.153809,4281.410156,4277.179688,4277.94873,4287.179688,4274.743652,4245.0,4571.538574,4554.102539,4411.282227,4473.589844,,,,,,,,,,,,,,,,,,,,,,,,,,,,,,,,,,,,,,,,,,,,,,,,,,,,,,,,,,,,,,,,,,,,,,
1769161512.699053,1769161512.700323,98.0,0.0,4277.436035,4278.333496,4317.692383,4340.384766,4280.256348,4274.743652,4278.461426,4291.025879,4276.282227,4245.769043,4566.666504,4550.384766,4409.743652,4475.384766,,,,,,,,,,,,,,,,,,,,,,,,,,,,,,,,,,,,,,,,,,,,,,,,,,,,,,,,,,,,,,,,,,,,,,
1769161512.706861,1769161512.708132,99.0,0.0,4281.282227,4282.94873,4321.794922,4344.230957,4280.769043,4276.538574,4278.205078,4287.692383,4276.410156,4242.563965,4567.692383,4549.743652,4411.410156,4476.410156,,,,,,,,,,,,,,,,,,,,,,,,,,,,,,,,,,,,,,,,,,,,,,,,,,,,,,,,,,,,,,,,,,,,,,
1769161512.71467,1769161512.71614,100.0,0.0,4283.717773,4283.589844,4323.077148,4343.077148,4282.692383,4279.615234,4278.077148,4283.974121,4274.230957,4244.871582,4571.794922,4552.820313,4414.871582,4476.153809,,,,,,,,,,,,,,,,,,,,,,,,,,,,,,,,,,,,,,,,,,,,,,,,,,,,,,,,,,,,,,,,,,,,,,
1769161512.722478,1769161512.723949,101.0,0.0,4279.743652,4277.05127,4319.615234,4340.256348,4281.153809,4278.717773,4278.974121,4290.512695,4271.282227,4238.974121,4571.538574,4555.0,4414.487305,4475.897461,,,,,,,,,,,,,,,,,,,,,,,,,,,,,,,,,,,,,,,,,,,,,,,,,,,,,,,,,,,,,,,,,,,,,,
1769161512.730287,1769161512.731657,102.0,0.0,4278.846191,4277.05127,4318.461426,4341.282227,4276.794922,4277.692383,4276.025879,4293.717773,4270.769043,4228.589844,4566.666504,4552.820313,4410.769043,4473.974121,,,,,,,,,,,,,,,,,,,,,,,,,,,,,,,,,,,,,,,,,,,,,,,,,,,,,,,,,,,,,,,,,,,,,,
1769161512.738095,1769161512.739466,103.0,0.0,4288.589844,4288.461426,4322.436035,4344.102539,4282.307617,4278.974121,4272.692383,4287.307617,4271.410156,4236.282227,4568.333496,4552.179688,4411.025879,4474.615234,,,,,,,,,,,,,,,,,,,,,,,,,,,,,,,,,,,,,,,,,,,,,,,,,,,,,,,,,,,,,,,,,,,,,,
1769161512.745904,1769161512.747074,104.0,0.0,4289.487305,4288.846191,4323.333496,4342.436035,4288.333496,4280.256348,4275.897461,4290.0,4276.282227,4247.692383,4571.282227,4556.410156,4413.589844,4477.692383,,,,,,,,,,,,,,,,,,,,,,,,,,,,,,,,,,,,,,,,,,,,,,,,,,,,,,,,,,,,,,,,,,,,,,
1769161512.753712,1769161512.754883,105.0,0.0,4278.846191,4278.717773,4319.358887,4336.153809,4282.179688,4279.743652,4279.615234,4296.282227,4277.436035,4238.974121,4567.436035,4555.512695,4412.436035,4476.282227,,,,,,,,,,,,,,,,,,,,,,,,,,,,,,,,,,,,,,,,,,,,,,,,,,,,,,,,,,,,,,,,,,,,,,
1769161512.761521,1769161512.762591,106.0,0.0,4283.589844,4283.077148,4321.794922,4338.589844,4277.94873,4277.563965,4277.563965,4293.333496,4275.128418,4230.641113,4565.641113,4555.256348,4410.128418,4474.487305,,,,,,,,,,,,,,,,,,,,,,,,,,,,,,,,,,,,,,,,,,,,,,,,,,,,,,,,,,,,,,,,,,,,,,
1769161512.769329,1769161512.7704,107.0,0.0,4297.692383,4292.436035,4328.589844,4346.153809,4279.871582,4276.153809,4276.153809,4291.282227,4276.666504,4234.743652,4569.871582,4561.153809,4412.05127,4479.358887,,,,,,,,,,,,,,,,,,,,,,,,,,,,,,,,,,,,,,,,,,,,,,,,,,,,,,,,,,,,,,,,,,,,,,
1769161512.777137,1769161512.778008,108.0,0.0,4296.794922,4285.512695,4326.922852,4345.256348,4277.94873,4275.0,4278.589844,4295.897461,4280.641113,4237.307617,4570.256348,4561.922852,4411.282227,4483.077148,,,,,,,,,,,,,,,,,,,,,,,,,,,,,,,,,,,,,,,,,,,,,,,,,,,,,,,,,,,,,,,,,,,,,,
1769161512.784946,1769161512.785817,109.0,0.0,4290.641113,4278.589844,4320.897461,4340.384766,4274.871582,4274.871582,4279.743652,4297.307617,4279.487305,4238.974121,4564.615234,4553.846191,4406.538574,4479.230957,,,,,,,,,,,,,,,,,,,,,,,,,,,,,,,,,,,,,,,,,,,,,,,,,,,,,,,,,,,,,,,,,,,,,,
1769161512.792754,1769161512.793525,110.0,0.0,4295.641113,4285.128418,4324.615234,4340.769043,4279.102539,4277.563965,4278.205078,4291.025879,4274.615234,4245.256348,4564.871582,4548.589844,4407.307617,4475.897461,0.555811,0.289703,0.517477,0.55574,0.23475,0.329177,0.215457,0.227344,0.189498,0.173937,0.416999,0.418506,0.392399,0.211651,0.225499,0.218264,0.129041,0.231199,0.203962,0.102986,0.250378,0.17342,0.1021,0.0404,0.065701,0.23897,0.134094,0.239035,0.162748,0.257933,0.150657,0.234637,0.307109,0.115701,0.173063,0.404759,0.223899,0.298065,0.232539,0.235735,0.673739,0.183832,0.264702,0.154521,0.150264,0.226677,0.29244,0.260246,0.196636,0.256978,0.643485,0.324183,0.44789,0.414609,0.144051,0.520164,0.447421,0.405434,0.247959,0.153768,0.541476,0.271437,0.306455,0.422545,0.205697,0.410901,0.554883,0.481963,0.695506,0.188275
1769161512.800563,1769161512.801334,111.0,0.0,4300.128418,4288.589844,4329.743652,4343.205078,4280.769043,4278.974121,4278.205078,4297.436035,4280.128418,4248.974121,4572.94873,4557.05127,4413.589844,4478.333496,,,,,,,,,,,,,,,,,,,,,,,,,,,,,,,,,,,,,,,,,,,,,,,,,,,,,,,,,,,,,,,,,,,,,,
1769161512.808371,1769161512.809342,112.0,0.0,4293.461426,4282.692383,4324.358887,4339.358887,4277.563965,4279.871582,4281.922852,4308.077148,4284.102539,4248.205078,4575.641113,4565.769043,4415.512695,4481.025879,,,,,,,,,,,,,,,,,,,,,,,,,,,,,,,,,,,,,,,,,,,,,,,,,,,,,,,,,,,,,,,,,,,,,,
1769161512.81618,1769161512.81715,113.0,0.0,4286.025879,4278.077148,4320.512695,4333.589844,4276.410156,4278.974121,4282.820313,4300.256348,4277.307617,4247.563965,4570.256348,4559.102539,4414.102539,4476.282227,,,,,,,,,,,,,,,,,,,,,,,,,,,,,,,,,,,,,,,,,,,,,,,,,,,,,,,,,,,,,,,,,,,,,,
1769161512.823988,1769161512.825059,114.0,0.0,4288.461426,4282.820313,4325.128418,4335.769043,4277.692383,4270.128418,4277.436035,4295.769043,4277.692383,4246.282227,4568.846191,4553.589844,4412.307617,4473.974121,,,,,,,,,,,,,,,,,,,,,,,,,,,,,,,,,,,,,,,,,,,,,,,,,,,,,,,,,,,,,,,,,,,,,,
1769161512.831797,1769161512.832867,115.0,0.0,4297.179688,4290.641113,4329.871582,4343.461426,4280.0,4264.871582,4273.077148,4306.538574,4287.05127,4244.487305,4578.077148,4564.358887,4413.205078,4486.282227,,,,,,,,,,,,,,,,,,,,,,,,,,,,,,,,,,,,,,,,,,,,,,,,,,,,,,,,,,,,,,,,,,,,,,
1769161512.839605,1769161512.840875,116.0,0.0,4297.05127,4288.717773,4328.205078,4343.717773,4281.153809,4265.897461,4272.436035,4303.717773,4286.153809,4246.666504,4585.128418,4568.077148,4417.307617,4491.538574,,,,,,,,,,,,,,,,,,,,,,,,,,,,,,,,,,,,,,,,,,,,,,,,,,,,,,,,,,,,,,,,,,,,,,
1769161512.847413,1769161512.848684,117.0,0.0,4289.743652,4282.692383,4322.94873,4337.820313,4279.230957,4263.205078,4274.358887,4292.820313,4277.692383,4250.256348,4577.692383,4553.846191,4417.436035,4479.871582,,,,,,,,,,,,,,,,,,,,,,,,,,,,,,,,,,,,,,,,,,,,,,,,,,,,,,,,,,,,,,,,,,,,,,
1769161512.855222,1769161512.856392,118.0,0.0,4287.820313,4284.358887,4321.794922,4338.589844,4277.179688,4267.820313,4277.563965,4295.128418,4276.153809,4248.077148,4565.769043,4549.487305,4411.538574,4476.922852,,,,,,,,,,,,,,,,,,,,,,,,,,,,,,,,,,,,,,,,,,,,,,,,,,,,,,,,,,,,,,,,,,,,,,
1769161512.86303,1769161512.864201,119.0,0.0,4293.589844,4285.512695,4327.179688,4342.436035,4278.589844,4278.846191,4280.641113,4297.179688,4276.282227,4242.179688,4567.307617,4557.05127,4409.743652,4490.512695,,,,,,,,,,,,,,,,,,,,,,,,,,,,,,,,,,,,,,,,,,,,,,,,,,,,,,,,,,,,,,,,,,,,,,
1769161512.870839,1769161512.872209,120.0,0.0,4296.538574,4280.384766,4326.794922,4342.179688,4280.0,4280.256348,4281.025879,4296.153809,4276.410156,4244.743652,4574.871582,4559.743652,4415.641113,4497.179688,,,,,,,,,,,,,,,,,,,,,,,,,,,,,,,,,,,,,,,,,,,,,,,,,,,,,,,,,,,,,,,,,,,,,,
1769161512.878647,1769161512.880018,121.0,0.0,4285.512695,4279.615234,4318.461426,4335.897461,4280.384766,4276.410156,4279.358887,4303.974121,4279.102539,4249.102539,4570.769043,4555.256348,4413.205078,4487.820313,,,,,,,,,,,,,,,,,,,,,,,,,,,,,,,,,,,,,,,,,,,,,,,,,,,,,,,,,,,,,,,,,,,,,,
1769161512.886456,1769161512.887926,122.0,0.0,4276.410156,4279.743652,4315.769043,4327.94873,4278.846191,4274.230957,4280.384766,4308.846191,4280.384766,4240.128418,4563.974121,4548.589844,4399.487305,4476.410156,,,,,,,,,,,,,,,,,,,,,,,,,,,,,,,,,,,,,,,,,,,,,,,,,,,,,,,,,,,,,,,,,,,,,,
1769161512.894264,1769161512.895734,123.0,0.0,4283.846191,4275.897461,4321.922852,4327.05127,4273.717773,4270.897461,4281.794922,4304.743652,4276.282227,4228.846191,4563.461426,4549.487305,4392.94873,4474.615234,,,,,,,,,,,,,,,,,,,,,,,,,,,,,,,,,,,,,,,,,,,,,,,,,,,,,,,,,,,,,,,,,,,,,,
1769161512.902073,1769161512.903643,124.0,0.0,4289.230957,4273.717773,4325.512695,4327.94873,4274.615234,4269.102539,4279.615234,4298.461426,4266.538574,4230.256348,4561.025879,4554.487305,4395.256348,4478.974121,,,,,,,,,,,,,,,,,,,,,,,,,,,,,,,,,,,,,,,,,,,,,,,,,,,,,,,,,,,,,,,,,,,,,,
1769161512.909881,1769161512.911451,125.0,0.0,4281.410156,4273.589844,4320.897461,4326.410156,4278.589844,4269.615234,4278.717773,4295.384766,4266.794922,4235.769043,4557.05127,4547.436035,4397.05127,4478.589844,,,,,,,,,,,,,,,,,,,,,,,,,,,,,,,,,,,,,,,,,,,,,,,,,,,,,,,,,,,,,,,,,,,,,,
1769161512.917689,1769161512.91916,126.0,0.0,4274.615234,4273.846191,4316.922852,4324.102539,4275.128418,4264.230957,4279.358887,4296.538574,4275.0,4234.615234,4554.871582,4536.794922,4395.256348,4472.94873,0.576581,0.292646,0.524115,0.471736,0.198047,0.333063,0.209019,0.221766,0.173934,0.161514,0.437105,0.417448,0.350912,0.189796,0.181195,0.19538,0.140505,0.221726,0.180683,0.084374,0.231961,0.154906,0.092998,0.037074,0.059418,0.250219,0.126493,0.215727,0.167374,0.234724,0.140972,0.205585,0.245714,0.103791,0.13756,0.418576,0.201857,0.279747,0.229365,0.234744,0.690834,0.152044,0.233682,0.130633,0.137001,0.226899,0.269549,0.251031,0.208728,0.222052,0.545363,0.349647,0.435899,0.363805,0.14193,0.527845,0.510125,0.432783,0.264896,0.141516,0.498793,0.265647,0.336158,0.406125,0.191835,0.449194,0.561566,0.477416,0.590416,0.172856
1769161512.925498,1769161512.926968,127.0,0.0,4276.794922,4277.179688,4318.589844,4325.0,4274.102539,4262.692383,4276.666504,4296.282227,4270.256348,4233.589844,4554.871582,4537.179688,4395.512695,4473.333496,,,,,,,,,,,,,,,,,,,,,,,,,,,,,,,,,,,,,,,,,,,,,,,,,,,,,,,,,,,,,,,,,,,,,,
1769161512.933306,1769161512.934577,0.0,0.0,4284.358887,4283.846191,4323.717773,4329.743652,4280.0,4270.0,4275.0,4295.641113,4266.666504,4235.512695,4560.897461,4543.846191,4405.641113,4480.769043,,,,,,,,,,,,,,,,,,,,,,,,,,,,,,,,,,,,,,,,,,,,,,,,,,,,,,,,,,,,,,,,,,,,,,
1769161512.941115,1769161512.942385,1.0,0.0,4293.846191,4287.179688,4327.05127,4332.94873,4279.615234,4275.128418,4276.794922,4296.922852,4273.589844,4231.025879,4565.769043,4543.589844,4411.538574,4485.256348,,,,,,,,,,,,,,,,,,,,,,,,,,,,,,,,,,,,,,,,,,,,,,,,,,,,,,,,,,,,,,,,,,,,,,
1769161512.948923,1769161512.950094,2.0,0.0,4288.974121,4284.615234,4319.230957,4330.769043,4277.307617,4275.256348,4276.666504,4294.615234,4272.179688,4227.307617,4556.922852,4535.769043,4400.512695,4477.563965,,,,,,,,,,,,,,,,,,,,,,,,,,,,,,,,,,,,,,,,,,,,,,,,,,,,,,,,,,,,,,,,,,,,,,
1769161512.956732,1769161512.957902,3.0,0.0,4276.153809,4280.128418,4310.769043,4326.666504,4281.025879,4275.384766,4276.666504,4293.077148,4265.256348,4238.717773,4551.282227,4532.563965,4396.153809,4471.282227,,,,,,,,,,,,,,,,,,,,,,,,,,,,,,,,,,,,,,,,,,,,,,,,,,,,,,,,,,,,,,,,,,,,,,
1769161512.96454,1769161512.965511,4.0,0.0,4279.615234,4279.615234,4317.436035,4326.538574,4279.743652,4275.769043,4278.077148,4295.897461,4265.0,4248.077148,4558.205078,4538.846191,4406.538574,4475.897461,,,,,,,,,,,,,,,,,,,,,,,,,,,,,,,,,,,,,,,,,,,,,,,,,,,,,,,,,,,,,,,,,,,,,,
1769161512.972349,1769161512.973319,5.0,0.0,4290.256348,4284.487305,4328.205078,4329.102539,4274.615234,4273.077148,4277.307617,4295.769043,4267.563965,4241.410156,4557.692383,4542.179688,4410.128418,4479.102539,,,,,,,,,,,,,,,,,,,,,,,,,,,,,,,,,,,,,,,,,,,,,,,,,,,,,,,,,,,,,,,,,,,,,,
1769161512.980157,1769161512.981028,6.0,0.0,4293.717773,4287.820313,4326.794922,4330.897461,4276.282227,4272.94873,4280.897461,4294.615234,4271.922852,4236.922852,4554.358887,4540.128418,4408.589844,4479.487305,,,,,,,,,,,,,,,,,,,,,,,,,,,,,,,,,,,,,,,,,,,,,,,,,,,,,,,,,,,,,,,,,,,,,,
1769161512.987965,1769161512.988836,7.0,0.0,4291.410156,4286.538574,4322.436035,4330.0,4278.846191,4275.769043,4288.333496,4300.512695,4277.179688,4241.922852,4561.666504,4544.102539,4410.384766,4478.461426,,,,,,,,,,,,,,,,,,,,,,,,,,,,,,,,,,,,,,,,,,,,,,,,,,,,,,,,,,,,,,,,,,,,,,
1769161512.995774,1769161512.996445,8.0,0.0,4287.436035,4282.692383,4325.256348,4328.077148,4277.820313,4277.436035,4290.897461,4310.512695,4277.307617,4242.436035,4566.410156,4552.05127,4404.615234,4476.282227,,,,,,,,,,,,,,,,,,,,,,,,,,,,,,,,,,,,,,,,,,,,,,,,,,,,,,,,,,,,,,,,,,,,,,
1769161513.003582,1769161513.004253,9.0,0.0,4288.205078,4284.615234,4329.230957,4329.230957,4277.692383,4276.922852,4287.94873,4308.717773,4277.436035,4234.230957,4562.179688,4553.461426,4401.025879,4483.589844,,,,,,,,,,,,,,,,,,,,,,,,,,,,,,,,,,,,,,,,,,,,,,,,,,,,,,,,,,,,,,,,,,,,,,
1769161513.011391,1769161513.011962,10.0,0.0,4295.256348,4290.641113,4330.256348,4328.589844,4280.641113,4273.717773,4282.563965,4304.743652,4279.102539,4236.282227,4564.615234,4551.794922,4408.461426,4489.871582,,,,,,,,,,,,,,,,,,,,,,,,,,,,,,,,,,,,,,,,,,,,,,,,,,,,,,,,,,,,,,,,,,,,,,
1769161513.019199,1769161513.01977,11.0,0.0,4295.256348,4291.666504,4326.282227,4326.538574,4281.794922,4276.538574,4281.282227,4314.230957,4281.538574,4248.589844,4571.282227,4553.461426,4414.230957,4482.692383,,,,,,,,,,,,,,,,,,,,,,,,,,,,,,,,,,,,,,,,,,,,,,,,,,,,,,,,,,,,,,,,,,,,,,
1769161513.027008,1769161513.027779,12.0,0.0,4289.230957,4289.487305,4322.692383,4327.436035,4278.589844,4277.05127,4280.769043,4315.0,4282.05127,4252.179688,4570.512695,4554.487305,4411.666504,4480.256348,,,,,,,,,,,,,,,,,,,,,,,,,,,,,,,,,,,,,,,,,,,,,,,,,,,,,,,,,,,,,,,,,,,,,,
1769161513.034816,1769161513.035587,13.0,0.0,4290.256348,4290.512695,4325.384766,4328.846191,4278.589844,4268.333496,4273.333496,4302.436035,4277.94873,4248.077148,4570.769043,4553.461426,4410.128418,4491.666504,,,,,,,,,,,,,,,,,,,,,,,,,,,,,,,,,,,,,,,,,,,,,,,,,,,,,,,,,,,,,,,,,,,,,,
1769161513.042625,1769161513.043495,14.0,0.0,4297.94873,4294.487305,4330.256348,4328.077148,4283.205078,4270.256348,4273.205078,4304.230957,4278.461426,4251.410156,4574.487305,4554.102539,4417.94873,4497.05127,0.562817,0.288789,0.49422,0.408238,0.16944,0.336497,0.216579,0.223061,0.171325,0.149011,0.477356,0.392858,0.299783,0.190104,0.143888,0.186685,0.15713,0.204158,0.172312,0.068461,0.207373,0.135094,0.081796,0.035764,0.054043,0.246699,0.126713,0.187285,0.178506,0.206499,0.129045,0.167867,0.172869,0.08676,0.104524,0.448945,0.205472,0.268185,0.214926,0.231347,0.709073,0.128168,0.202918,0.114872,0.12943,0.241304,0.232532,0.237737,0.227461,0.196211,0.490179,0.365779,0.416191,0.31614,0.141461,0.576784,0.559679,0.447572,0.273401,0.131567,0.495887,0.23859,0.347181,0.379097,0.184313,0.552661,0.527561,0.432613,0.507458,0.172447
1769161513.050433,1769161513.051304,15.0,0.0,4297.307617,4294.871582,4328.333496,4329.743652,4283.205078,4281.282227,4284.230957,4315.256348,4282.563965,4255.512695,4572.436035,4553.461426,4422.05127,4490.897461,,,,,,,,,,,,,,,,,,,,,,,,,,,,,,,,,,,,,,,,,,,,,,,,,,,,,,,,,,,,,,,,,,,,,,
1769161513.058241,1769161513.058913,16.0,0.0,4285.384766,4286.410156,4319.615234,4329.615234,4277.692383,4280.128418,4290.256348,4314.358887,4280.769043,4245.641113,4568.846191,4552.436035,4414.230957,4487.436035,,,,,,,,,,,,,,,,,,,,,,,,,,,,,,,,,,,,,,,,,,,,,,,,,,,,,,,,,,,,,,,,,,,,,,
1769161513.06605,1769161513.066721,17.0,0.0,4281.666504,4280.384766,4316.922852,4323.974121,4276.025879,4277.179688,4290.512695,4313.461426,4277.692383,4240.897461,4571.410156,4555.128418,4408.589844,4490.128418,,,,,,,,,,,,,,,,,,,,,,,,,,,,,,,,,,,,,,,,,,,,,,,,,,,,,,,,,,,,,,,,,,,,,,
1769161513.073858,1769161513.07443,18.0,0.0,4295.769043,4289.230957,4325.384766,4326.666504,4279.358887,4282.307617,4286.410156,4314.102539,4277.436035,4251.025879,4574.487305,4557.692383,4411.410156,4494.358887,,,,,,,,,,,,,,,,,,,,,,,,,,,,,,,,,,,,,,,,,,,,,,,,,,,,,,,,,,,,,,,,,,,,,,
1769161513.081667,1769161513.082238,19.0,0.0,4302.94873,4295.384766,4329.487305,4333.333496,4281.282227,4283.589844,4280.769043,4310.256348,4276.666504,4246.025879,4571.794922,4555.384766,4412.820313,4495.0,,,,,,,,,,,,,,,,,,,,,,,,,,,,,,,,,,,,,,,,,,,,,,,,,,,,,,,,,,,,,,,,,,,,,,
1769161513.089475,1769161513.090246,20.0,0.0,4289.358887,4283.205078,4319.102539,4328.205078,4279.358887,4279.358887,4283.461426,4313.589844,4278.205078,4229.102539,4567.563965,4551.153809,4409.102539,4491.025879,,,,,,,,,,,,,,,,,,,,,,,,,,,,,,,,,,,,,,,,,,,,,,,,,,,,,,,,,,,,,,,,,,,,,,
1769161513.097284,1769161513.098055,21.0,0.0,4281.025879,4276.153809,4313.461426,4321.922852,4277.436035,4278.205078,4286.538574,4316.794922,4280.0,4237.05127,4567.820313,4551.538574,4409.487305,4487.94873,,,,,,,,,,,,,,,,,,,,,,,,,,,,,,,,,,,,,,,,,,,,,,,,,,,,,,,,,,,,,,,,,,,,,,
1769161513.105092,1769161513.105963,22.0,0.0,4292.307617,4283.846191,4322.436035,4325.384766,4277.05127,4275.128418,4282.307617,4313.589844,4277.692383,4252.05127,4571.666504,4553.461426,4414.102539,4490.256348,,,,,,,,,,,,,,,,,,,,,,,,,,,,,,,,,,,,,,,,,,,,,,,,,,,,,,,,,,,,,,,,,,,,,,
1769161513.112901,1769161513.113771,23.0,0.0,4298.461426,4285.256348,4328.589844,4327.692383,4278.077148,4267.820313,4278.333496,4310.384766,4277.307617,4245.897461,4570.897461,4548.974121,4415.0,4492.179688,,,,,,,,,,,,,,,,,,,,,,,,,,,,,,,,,,,,,,,,,,,,,,,,,,,,,,,,,,,,,,,,,,,,,,
1769161513.120709,1769161513.12138,24.0,0.0,4286.794922,4281.410156,4324.102539,4324.358887,4281.282227,4271.025879,4279.487305,4308.846191,4280.384766,4241.666504,4566.282227,4546.282227,4411.153809,4488.205078,,,,,,,,,,,,,,,,,,,,,,,,,,,,,,,,,,,,,,,,,,,,,,,,,,,,,,,,,,,,,,,,,,,,,,
1769161513.128518,1769161513.129189,25.0,0.0,4284.487305,4282.94873,4319.871582,4323.846191,4283.333496,4281.666504,4282.563965,4310.512695,4279.871582,4251.153809,4568.333496,4552.820313,4411.153809,4488.589844,,,,,,,,,,,,,,,,,,,,,,,,,,,,,,,,,,,,,,,,,,,,,,,,,,,,,,,,,,,,,,,,,,,,,,
1769161513.136326,1769161513.136897,26.0,0.0,4294.102539,4284.743652,4320.128418,4322.563965,4281.538574,4282.179688,4286.794922,4312.692383,4279.102539,4251.410156,4574.743652,4556.922852,4416.538574,4494.230957,,,,,,,,,,,,,,,,,,,,,,,,,,,,,,,,,,,,,,,,,,,,,,,,,,,,,,,,,,,,,,,,,,,,,,
1769161513.144135,1769161513.144706,27.0,0.0,4287.820313,4280.769043,4320.641113,4316.666504,4276.025879,4276.922852,4286.410156,4311.922852,4278.717773,4237.94873,4570.769043,4553.717773,4412.692383,4491.922852,,,,,,,,,,,,,,,,,,,,,,,,,,,,,,,,,,,,,,,,,,,,,,,,,,,,,,,,,,,,,,,,,,,,,,
1769161513.151943,1769161513.152314,28.0,0.0,4282.307617,4276.153809,4323.589844,4315.897461,4273.589844,4284.358887,4283.846191,4310.256348,4272.692383,4231.538574,4562.563965,4552.436035,4404.102539,4486.794922,,,,,,,,,,,,,,,,,,,,,,,,,,,,,,,,,,,,,,,,,,,,,,,,,,,,,,,,,,,,,,,,,,,,,,
1769161513.159752,1769161513.160123,29.0,0.0,4293.717773,4279.230957,4324.230957,4324.487305,4278.077148,4282.436035,4279.615234,4308.333496,4265.256348,4237.820313,4566.025879,4554.230957,4408.717773,4491.666504,,,,,,,,,,,,,,,,,,,,,,,,,,,,,,,,,,,,,,,,,,,,,,,,,,,,,,,,,,,,,,,,,,,,,,
1769161513.16756,1769161513.167831,30.0,0.0,4297.692383,4283.077148,4319.615234,4328.461426,4278.333496,4265.128418,4271.282227,4307.436035,4265.0,4235.641113,4571.025879,4552.307617,4415.256348,4495.897461,0.536881,0.272653,0.435209,0.359502,0.155711,0.334044,0.233545,0.227345,0.182284,0.140172,0.505262,0.34696,0.253232,0.206078,0.120193,0.184138,0.176034,0.181543,0.17692,0.057882,0.173658,0.112704,0.072136,0.037005,0.050067,0.226154,0.137222,0.170902,0.190806,0.179038,0.11485,0.138391,0.110609,0.067857,0.079399,0.489653,0.244906,0.264931,0.193822,0.226214,0.726129,0.118376,0.180127,0.10968,0.126466,0.282437,0.189249,0.224418,0.251159,0.18219,0.473195,0.367859,0.384811,0.2766,0.140338,0.648911,0.596455,0.450158,0.270248,0.12387,0.506905,0.202989,0.331628,0.347723,0.180706,0.690843,0.462414,0.366247,0.458834,0.182785
1769161513.175368,1769161513.17564,31.0,0.0,4292.05127,4281.282227,4319.743652,4323.717773,4272.692383,4268.717773,4273.974121,4310.769043,4271.538574,4226.538574,4571.410156,4550.769043,4413.205078,4490.897461,,,,,,,,,,,,,,,,,,,,,,,,,,,,,,,,,,,,,,,,,,,,,,,,,,,,,,,,,,,,,,,,,,,,,,
1769161513.183177,1769161513.183248,32.0,0.0,4295.384766,4284.487305,4327.179688,4324.358887,4273.333496,4282.692383,4281.410156,4311.794922,4275.641113,4238.205078,4573.846191,4552.563965,4416.025879,4493.333496,,,,,,,,,,,,,,,,,,,,,,,,,,,,,,,,,,,,,,,,,,,,,,,,,,,,,,,,,,,,,,,,,,,,,,
1769161513.190985,1769161513.191057,33.0,0.0,4298.846191,4288.717773,4327.820313,4326.025879,4278.846191,4281.282227,4281.153809,4314.102539,4275.512695,4251.282227,4574.102539,4554.358887,4420.128418,4504.743652,,,,,,,,,,,,,,,,,,,,,,,,,,,,,,,,,,,,,,,,,,,,,,,,,,,,,,,,,,,,,,,,,,,,,,
1769161513.198794,1769161513.198765,34.0,0.0,4292.307617,4282.436035,4320.512695,4319.871582,4278.077148,4275.256348,4279.102539,4319.615234,4277.436035,4248.461426,4573.205078,4555.769043,4416.666504,4503.974121,,,,,,,,,,,,,,,,,,,,,,,,,,,,,,,,,,,,,,,,,,,,,,,,,,,,,,,,,,,,,,,,,,,,,,
1769161513.206602,1769161513.206574,35.0,0.0,4281.666504,4272.436035,4316.282227,4312.563965,4273.974121,4278.333496,4279.358887,4323.077148,4277.94873,4243.461426,4570.641113,4553.077148,4408.461426,4494.871582,,,,,,,,,,,,,,,,,,,,,,,,,,,,,,,,,,,,,,,,,,,,,,,,,,,,,,,,,,,,,,,,,,,,,,
1769161513.214411,1769161513.214582,36.0,0.0,4277.179688,4270.769043,4315.897461,4308.717773,4271.794922,4282.94873,4281.538574,4323.461426,4275.0,4236.282227,4559.230957,4543.589844,4397.05127,4488.205078,,,,,,,,,,,,,,,,,,,,,,,,,,,,,,,,,,,,,,,,,,,,,,,,,,,,,,,,,,,,,,,,,,,,,,
1769161513.222219,1769161513.22239,37.0,0.0,4286.025879,4277.820313,4319.230957,4312.307617,4272.179688,4276.666504,4282.563965,4316.922852,4274.871582,4236.153809,4557.307617,4540.384766,4397.179688,4486.794922,,,,,,,,,,,,,,,,,,,,,,,,,,,,,,,,,,,,,,,,,,,,,,,,,,,,,,,,,,,,,,,,,,,,,,
1769161513.230028,1769161513.230299,38.0,0.0,4295.641113,4286.794922,4326.666504,4321.410156,4275.769043,4267.307617,4277.563965,4313.589844,4280.512695,4256.410156,4577.436035,4554.230957,4419.102539,4497.179688,,,,,,,,,,,,,,,,,,,,,,,,,,,,,,,,,,,,,,,,,,,,,,,,,,,,,,,,,,,,,,,,,,,,,,
1769161513.237836,1769161513.238107,39.0,0.0,4296.153809,4289.487305,4327.820313,4324.358887,4276.282227,4270.769043,4277.692383,4320.0,4283.846191,4265.128418,4591.153809,4564.487305,4433.333496,4510.256348,,,,,,,,,,,,,,,,,,,,,,,,,,,,,,,,,,,,,,,,,,,,,,,,,,,,,,,,,,,,,,,,,,,,,,
1769161513.245644,1769161513.246115,40.0,0.0,4294.871582,4287.820313,4320.128418,4319.615234,4275.384766,4282.563965,4287.94873,4319.358887,4278.589844,4244.615234,4582.307617,4559.358887,4423.077148,4512.05127,,,,,,,,,,,,,,,,,,,,,,,,,,,,,,,,,,,,,,,,,,,,,,,,,,,,,,,,,,,,,,,,,,,,,,
1769161513.253453,1769161513.253924,41.0,0.0,4294.230957,4286.666504,4318.461426,4316.538574,4277.307617,4282.307617,4288.205078,4311.538574,4269.871582,4237.05127,4572.179688,4555.0,4412.563965,4505.769043,,,,,,,,,,,,,,,,,,,,,,,,,,,,,,,,,,,,,,,,,,,,,,,,,,,,,,,,,,,,,,,,,,,,,,
1769161513.261261,1769161513.261632,42.0,0.0,4295.769043,4282.692383,4326.794922,4320.512695,4278.077148,4278.974121,4279.871582,4308.846191,4263.077148,4248.974121,4571.538574,4553.974121,4412.692383,4497.307617,,,,,,,,,,,,,,,,,,,,,,,,,,,,,,,,,,,,,,,,,,,,,,,,,,,,,,,,,,,,,,,,,,,,,,
1769161513.26907,1769161513.269441,43.0,0.0,4295.0,4280.384766,4327.94873,4323.461426,4276.282227,4281.922852,4278.846191,4309.743652,4266.922852,4250.0,4572.94873,4552.820313,4412.820313,4489.615234,,,,,,,,,,,,,,,,,,,,,,,,,,,,,,,,,,,,,,,,,,,,,,,,,,,,,,,,,,,,,,,,,,,,,,
1769161513.276878,1769161513.277449,44.0,0.0,4286.153809,4281.666504,4316.153809,4317.820313,4275.384766,4281.410156,4284.487305,4316.025879,4277.94873,4245.897461,4573.589844,4555.0,4413.461426,4491.410156,,,,,,,,,,,,,,,,,,,,,,,,,,,,,,,,,,,,,,,,,,,,,,,,,,,,,,,,,,,,,,,,,,,,,,
1769161513.284687,1769161513.285258,45.0,0.0,4281.153809,4278.846191,4309.615234,4311.666504,4275.641113,4283.846191,4288.589844,4316.922852,4274.871582,4248.717773,4570.769043,4552.94873,4414.358887,4495.384766,,,,,,,,,,,,,,,,,,,,,,,,,,,,,,,,,,,,,,,,,,,,,,,,,,,,,,,,,,,,,,,,,,,,,,
1769161513.292495,1769161513.293166,46.0,0.0,4288.846191,4278.461426,4315.128418,4314.230957,4275.769043,4281.025879,4283.077148,4300.128418,4260.641113,4245.384766,4566.410156,4548.205078,4408.974121,4492.179688,0.530802,0.247169,0.361852,0.315289,0.158766,0.333508,0.257789,0.228465,0.202084,0.136664,0.50132,0.289166,0.21966,0.224717,0.111691,0.191923,0.196179,0.158176,0.187761,0.053102,0.132296,0.090497,0.066338,0.040332,0.047593,0.190922,0.160379,0.18166,0.197228,0.155315,0.099521,0.130272,0.073219,0.052084,0.063454,0.538496,0.312301,0.26499,0.171675,0.219486,0.743163,0.120459,0.168081,0.113419,0.125924,0.375039,0.150062,0.219063,0.278509,0.179,0.502569,0.353943,0.345734,0.24793,0.137925,0.740668,0.620589,0.440089,0.255878,0.120309,0.529586,0.177878,0.293323,0.319295,0.177536,0.836688,0.385559,0.302154,0.436431,0.196625
1769161513.300304,1769161513.300974,47.0,0.0,4297.692383,4285.128418,4323.846191,4320.897461,4276.025879,4269.487305,4272.563965,4296.153809,4260.384766,4238.205078,4566.794922,4552.563965,4406.666504,4491.538574,,,,,,,,,,,,,,,,,,,,,,,,,,,,,,,,,,,,,,,,,,,,,,,,,,,,,,,,,,,,,,,,,,,,,,
1769161513.308112,1769161513.308983,48.0,0.0,4298.461426,4290.384766,4328.589844,4325.512695,4278.846191,4272.307617,4271.666504,4309.230957,4267.94873,4245.641113,4572.05127,4559.102539,4412.692383,4494.230957,,,,,,,,,,,,,,,,,,,,,,,,,,,,,,,,,,,,,,,,,,,,,,,,,,,,,,,,,,,,,,,,,,,,,,
1769161513.31592,1769161513.316791,49.0,0.0,4289.487305,4281.666504,4320.256348,4321.282227,4275.641113,4283.333496,4281.025879,4312.94873,4263.461426,4245.769043,4572.94873,4557.05127,4410.384766,4493.974121,,,,,,,,,,,,,,,,,,,,,,,,,,,,,,,,,,,,,,,,,,,,,,,,,,,,,,,,,,,,,,,,,,,,,,
1769161513.323729,1769161513.3245,50.0,0.0,4277.179688,4268.333496,4306.922852,4308.846191,4268.077148,4282.692383,4285.256348,4311.666504,4259.871582,4231.153809,4565.769043,4551.025879,4397.05127,4485.512695,,,,,,,,,,,,,,,,,,,,,,,,,,,,,,,,,,,,,,,,,,,,,,,,,,,,,,,,,,,,,,,,,,,,,,
1769161513.331537,1769161513.332308,51.0,0.0,4274.358887,4270.0,4309.358887,4308.589844,4270.641113,4277.94873,4280.769043,4306.153809,4263.205078,4231.794922,4559.102539,4544.615234,4393.461426,4476.922852,,,,,,,,,,,,,,,,,,,,,,,,,,,,,,,,,,,,,,,,,,,,,,,,,,,,,,,,,,,,,,,,,,,,,,
1769161513.339346,1769161513.339917,52.0,0.0,4282.307617,4279.102539,4320.384766,4320.897461,4277.05127,4278.077148,4275.641113,4292.563965,4260.0,4243.717773,4554.358887,4538.205078,4400.256348,4475.384766,,,,,,,,,,,,,,,,,,,,,,,,,,,,,,,,,,,,,,,,,,,,,,,,,,,,,,,,,,,,,,,,,,,,,,
