Timestamp,OriginalTimestamp,EEG.Counter,EEG.Interpolated,EEG.AF3,EEG.F7,EEG.F3,EEG.FC5,EEG.T7,EEG.P7,EEG.O1,EEG.O2,EEG.P8,EEG.T8,EEG.FC6,EEG.F4,EEG.F8,EEG.AF4,POW.AF3.Theta,POW.AF3.Alpha,POW.AF3.BetaL,POW.AF3.BetaH,POW.AF3.Gamma,POW.F7.Theta,POW.F7.Alpha,POW.F7.BetaL,POW.F7.BetaH,POW.F7.Gamma,POW.F3.Theta,POW.F3.Alpha,POW.F3.BetaL,POW.F3.BetaH,POW.F3.Gamma,POW.FC5.Theta,POW.FC5.Alpha,POW.FC5.BetaL,POW.FC5.BetaH,POW.FC5.Gamma,POW.T7.Theta,POW.T7.Alpha,POW.T7.BetaL,POW.T7.BetaH,POW.T7.Gamma,POW.P7.Theta,POW.P7.Alpha,POW.P7.BetaL,POW.P7.BetaH,POW.P7.Gamma,POW.O1.Theta,POW.O1.Alpha,POW.O1.BetaL,POW.O1.BetaH,POW.O1.Gamma,POW.O2.Theta,POW.O2.Alpha,POW.O2.BetaL,POW.O2.BetaH,POW.O2.Gamma,POW.P8.Theta,POW.P8.Alpha,POW.P8.BetaL,POW.P8.BetaH,POW.P8.Gamma,POW.T8.Theta,POW.T8.Alpha,POW.T8.BetaL,POW.T8.BetaH,POW.T8.Gamma,POW.FC6.Theta,POW.FC6.Alpha,POW.FC6.BetaL,POW.FC6.BetaH,POW.FC6.Gamma,POW.F4.Theta,POW.F4.Alpha,POW.F4.BetaL,POW.F4.BetaH,POW.F4.Gamma,POW.F8.Theta,POW.F8.Alpha,POW.F8.BetaL,POW.F8.BetaH,POW.F8.Gamma,POW.AF4.Theta,POW.AF4.Alpha,POW.AF4.BetaL,POW.AF4.BetaH,POW.AF4.Gamma
1768972966.361918,1768972966.362279,73.0,0.0,4378.846191,4374.743652,4362.307617,4386.794922,4381.025879,4378.717773,4375.512695,4383.974121,4371.666504,4352.94873,4463.717773,4537.307617,4411.153809,4444.871582,,,,,,,,,,,,,,,,,,,,,,,,,,,,,,,,,,,,,,,,,,,,,,,,,,,,,,,,,,,,,,,,,,,,,,
1768972966.369727,1768972966.370187,74.0,0.0,4374.230957,4379.230957,4359.487305,4386.666504,4381.794922,4382.820313,4384.487305,4389.358887,4382.563965,4361.282227,4471.410156,4537.820313,4412.94873,4444.743652,,,,,,,,,,,,,,,,,,,,,,,,,,,,,,,,,,,,,,,,,,,,,,,,,,,,,,,,,,,,,,,,,,,,,,
1768972966.377535,1768972966.377995,75.0,0.0,4379.102539,4379.871582,4356.666504,4386.282227,4382.692383,4379.871582,4379.871582,4388.333496,4381.538574,4357.563965,4464.871582,4533.333496,4410.0,4437.563965,,,,,,,,,,,,,,,,,,,,,,,,,,,,,,,,,,,,,,,,,,,,,,,,,,,,,,,,,,,,,,,,,,,,,,
1768972966.385343,1768972966.386004,76.0,0.0,4386.025879,4374.743652,4358.461426,4387.436035,4379.743652,4372.179688,4372.692383,4385.897461,4378.589844,4352.05127,4457.692383,4535.512695,4408.846191,4442.692383,,,,,,,,,,,,,,,,,,,,,,,,,,,,,,,,,,,,,,,,,,,,,,,,,,,,,,,,,,,,,,,,,,,,,,
1768972966.393152,1768972966.393812,77.0,0.0,4386.410156,4375.128418,4361.922852,4388.461426,4380.769043,4375.128418,4379.102539,4390.641113,4382.307617,4355.256348,4462.94873,4539.230957,4411.794922,4446.794922,,,,,,,,,,,,,,,,,,,,,,,,,,,,,,,,,,,,,,,,,,,,,,,,,,,,,,,,,,,,,,,,,,,,,,
1768972966.40096,1768972966.401521,78.0,0.0,4387.307617,4379.871582,4364.487305,4392.307617,4385.769043,4383.461426,4382.307617,4393.461426,4383.589844,4357.820313,4468.717773,4542.94873,4410.0,4443.205078,0.509304,0.223108,0.276093,0.23065,0.174339,1.014657,0.339091,0.395933,0.23704,0.124218,0.192842,0.21017,0.165649,0.0667,0.078717,0.206185,0.190014,0.172111,0.079097,0.091412,0.056855,0.191964,0.101765,0.056268,0.036421,0.329445,0.418904,0.192983,0.117079,0.215573,0.216613,0.404533,0.172444,0.134096,0.250192,0.226437,0.216706,0.084876,0.05906,0.068165,0.622386,0.159435,0.056616,0.092427,0.059766,0.471916,0.254883,0.153562,0.19728,0.113394,0.623504,0.341411,0.20977,0.175327,0.234329,0.532078,0.339661,0.226179,0.196031,0.182866,1.161222,0.3094,0.215132,0.251733,0.223807,0.70449,0.326135,0.330459,0.223039,0.251029
1768972966.408769,1768972966.409329,79.0,0.0,4389.615234,4382.307617,4368.333496,4395.128418,4384.871582,4383.974121,4376.922852,4388.974121,4380.256348,4356.666504,4467.179688,4545.384766,4405.512695,4444.102539,,,,,,,,,,,,,,,,,,,,,,,,,,,,,,,,,,,,,,,,,,,,,,,,,,,,,,,,,,,,,,,,,,,,,,
1768972966.416577,1768972966.417337,80.0,0.0,4385.641113,4381.410156,4367.436035,4390.128418,4381.410156,4381.922852,4377.436035,4388.846191,4381.922852,4359.871582,4469.743652,4547.307617,4406.025879,4443.205078,,,,,,,,,,,,,,,,,,,,,,,,,,,,,,,,,,,,,,,,,,,,,,,,,,,,,,,,,,,,,,,,,,,,,,
1768972966.424386,1768972966.425146,81.0,0.0,4382.692383,4379.615234,4363.461426,4386.922852,4381.153809,4383.717773,4383.589844,4392.05127,4382.436035,4363.077148,4474.615234,4547.05127,4406.410156,4439.487305,,,,,,,,,,,,,,,,,,,,,,,,,,,,,,,,,,,,,,,,,,,,,,,,,,,,,,,,,,,,,,,,,,,,,,
1768972966.432194,1768972966.432854,82.0,0.0,4381.922852,4374.230957,4364.487305,4390.128418,4381.025879,4384.743652,4383.333496,4388.461426,4380.512695,4360.128418,4474.102539,4543.589844,4400.769043,4437.820313,,,,,,,,,,,,,,,,,,,,,,,,,,,,,,,,,,,,,,,,,,,,,,,,,,,,,,,,,,,,,,,,,,,,,,
1768972966.440003,1768972966.440663,83.0,0.0,4381.025879,4371.282227,4366.794922,4390.0,4381.410156,4380.641113,4376.410156,4384.102539,4380.641113,4355.769043,4470.256348,4542.820313,4397.820313,4436.794922,,,,,,,,,,,,,,,,,,,,,,,,,,,,,,,,,,,,,,,,,,,,,,,,,,,,,,,,,,,,,,,,,,,,,,
1768972966.447811,1768972966.448271,84.0,0.0,4385.128418,4371.153809,4366.922852,4387.05127,4379.358887,4374.615234,4373.333496,4385.769043,4377.05127,4353.846191,4468.589844,4547.05127,4403.846191,4435.128418,,,,,,,,,,,,,,,,,,,,,,,,,,,,,,,,,,,,,,,,,,,,,,,,,,,,,,,,,,,,,,,,,,,,,,
1768972966.455619,1768972966.45608,85.0,0.0,4387.692383,4368.333496,4366.666504,4389.743652,4374.358887,4371.153809,4373.717773,4386.922852,4375.384766,4353.077148,4465.384766,4547.05127,4405.769043,4431.922852,,,,,,,,,,,,,,,,,,,,,,,,,,,,,,,,,,,,,,,,,,,,,,,,,,,,,,,,,,,,,,,,,,,,,,
1768972966.463428,1768972966.463788,86.0,0.0,4383.461426,4364.615234,4365.128418,4389.230957,4376.025879,4372.563965,4373.589844,4384.487305,4380.256348,4352.692383,4460.128418,4541.153809,4393.974121,4423.589844,,,,,,,,,,,,,,,,,,,,,,,,,,,,,,,,,,,,,,,,,,,,,,,,,,,,,,,,,,,,,,,,,,,,,,
1768972966.471236,1768972966.471597,87.0,0.0,4378.974121,4359.358887,4363.205078,4380.384766,4379.358887,4374.615234,4373.461426,4384.743652,4377.820313,4353.461426,4460.384766,4540.0,4389.358887,4420.256348,,,,,,,,,,,,,,,,,,,,,,,,,,,,,,,,,,,,,,,,,,,,,,,,,,,,,,,,,,,,,,,,,,,,,,
1768972966.479045,1768972966.479205,88.0,0.0,4381.794922,4355.641113,4362.05127,4376.282227,4374.230957,4375.512695,4375.769043,4383.077148,4371.922852,4354.615234,4463.974121,4541.282227,4404.743652,4433.205078,,,,,,,,,,,,,,,,,,,,,,,,,,,,,,,,,,,,,,,,,,,,,,,,,,,,,,,,,,,,,,,,,,,,,,
1768972966.486853,1768972966.487014,89.0,0.0,4385.128418,4356.538574,4363.333496,4381.794922,4371.922852,4374.358887,4376.153809,4379.230957,4377.692383,4354.102539,4464.102539,4542.94873,4412.436035,4443.205078,,,,,,,,,,,,,,,,,,,,,,,,,,,,,,,,,,,,,,,,,,,,,,,,,,,,,,,,,,,,,,,,,,,,,,
1768972966.494662,1768972966.494922,90.0,0.0,4385.128418,4356.794922,4366.153809,4383.717773,4375.128418,4368.589844,4370.128418,4379.743652,4382.307617,4351.666504,4463.205078,4545.641113,4402.307617,4442.436035,,,,,,,,,,,,,,,,,,,,,,,,,,,,,,,,,,,,,,,,,,,,,,,,,,,,,,,,,,,,,,,,,,,,,,
1768972966.50247,1768972966.502731,91.0,0.0,4385.128418,4355.897461,4367.436035,4381.025879,4373.077148,4367.820313,4368.205078,4384.230957,4378.333496,4355.256348,4469.102539,4546.025879,4405.256348,4445.769043,,,,,,,,,,,,,,,,,,,,,,,,,,,,,,,,,,,,,,,,,,,,,,,,,,,,,,,,,,,,,,,,,,,,,,
1768972966.510279,1768972966.510739,92.0,0.0,4384.230957,4355.897461,4367.307617,4385.384766,4372.307617,4379.615234,4378.461426,4387.820313,4379.743652,4360.384766,4474.102539,4549.358887,4415.641113,4448.333496,,,,,,,,,,,,,,,,,,,,,,,,,,,,,,,,,,,,,,,,,,,,,,,,,,,,,,,,,,,,,,,,,,,,,,
1768972966.518087,1768972966.518547,93.0,0.0,4384.615234,4356.410156,4369.102539,4391.025879,4378.333496,4385.512695,4383.333496,4388.974121,4382.820313,4359.102539,4474.358887,4553.974121,4413.077148,4445.256348,,,,,,,,,,,,,,,,,,,,,,,,,,,,,,,,,,,,,,,,,,,,,,,,,,,,,,,,,,,,,,,,,,,,,,
1768972966.525895,1768972966.526456,94.0,0.0,4386.410156,4355.897461,4370.256348,4388.974121,4380.769043,4376.794922,4373.333496,4388.461426,4381.410156,4357.94873,4475.897461,4550.384766,4409.615234,4442.820313,0.586069,0.24504,0.317513,0.241342,0.167756,1.256407,0.434244,0.453476,0.254192,0.133288,0.229891,0.256734,0.174488,0.068564,0.079044,0.255618,0.196921,0.141121,0.079499,0.092766,0.074411,0.183259,0.077991,0.053254,0.034968,0.269767,0.34245,0.164345,0.128998,0.239563,0.21909,0.33974,0.138336,0.153122,0.273147,0.196695,0.22942,0.07982,0.06367,0.068912,0.497211,0.178898,0.063571,0.100305,0.054835,0.534834,0.280642,0.151922,0.211358,0.109892,0.686627,0.361761,0.244493,0.204324,0.232405,0.509743,0.373511,0.267303,0.211396,0.180911,1.339398,0.346591,0.221917,0.26578,0.221616,0.713794,0.366347,0.364665,0.250891,0.265202
1768972966.533704,1768972966.534264,95.0,0.0,4381.282227,4354.871582,4366.666504,4386.153809,4379.871582,4372.05127,4368.974121,4385.256348,4380.0,4358.846191,4473.461426,4545.384766,4407.563965,4439.743652,,,,,,,,,,,,,,,,,,,,,,,,,,,,,,,,,,,,,,,,,,,,,,,,,,,,,,,,,,,,,,,,,,,,,,
1768972966.541512,1768972966.541873,96.0,0.0,4376.410156,4355.0,4365.512695,4386.922852,4381.025879,4375.128418,4375.256348,4381.922852,4376.153809,4356.025879,4467.820313,4548.077148,4402.563965,4436.410156,,,,,,,,,,,,,,,,,,,,,,,,,,,,,,,,,,,,,,,,,,,,,,,,,,,,,,,,,,,,,,,,,,,,,,
1768972966.549321,1768972966.549681,97.0,0.0,4378.205078,4355.128418,4367.436035,4386.538574,4378.333496,4378.589844,4375.256348,4380.769043,4372.563965,4349.615234,4461.666504,4545.897461,4397.05127,4431.794922,,,,,,,,,,,,,,,,,,,,,,,,,,,,,,,,,,,,,,,,,,,,,,,,,,,,,,,,,,,,,,,,,,,,,,
1768972966.557129,1768972966.55759,98.0,0.0,4380.384766,4353.077148,4368.589844,4385.384766,4375.384766,4379.230957,4372.05127,4385.256348,4376.538574,4349.615234,4461.025879,4537.692383,4396.538574,4426.794922,,,,,,,,,,,,,,,,,,,,,,,,,,,,,,,,,,,,,,,,,,,,,,,,,,,,,,,,,,,,,,,,,,,,,,
1768972966.564938,1768972966.565398,99.0,0.0,4380.641113,4353.717773,4372.05127,4390.512695,4379.487305,4375.384766,4374.358887,4391.538574,4381.538574,4356.794922,4469.743652,4538.846191,4404.102539,4433.461426,,,,,,,,,,,,,,,,,,,,,,,,,,,,,,,,,,,,,,,,,,,,,,,,,,,,,,,,,,,,,,,,,,,,,,
1768972966.572746,1768972966.573406,100.0,0.0,4385.256348,4356.922852,4378.205078,4396.794922,4380.769043,4372.94873,4374.743652,4395.256348,4382.179688,4361.025879,4476.794922,4548.333496,4410.384766,4445.384766,,,,,,,,,,,,,,,,,,,,,,,,,,,,,,,,,,,,,,,,,,,,,,,,,,,,,,,,,,,,,,,,,,,,,,
1768972966.580555,1768972966.581215,101.0,0.0,4392.307617,4356.410156,4381.538574,4396.410156,4373.717773,4378.589844,4376.410156,4395.256348,4379.230957,4357.94873,4475.256348,4552.692383,4406.025879,4447.307617,,,,,,,,,,,,,,,,,,,,,,,,,,,,,,,,,,,,,,,,,,,,,,,,,,,,,,,,,,,,,,,,,,,,,,
1768972966.588363,1768972966.588923,102.0,0.0,4394.615234,4356.025879,4378.846191,4394.615234,4372.05127,4378.077148,4380.0,4391.922852,4375.769043,4353.974121,4472.692383,4549.230957,4402.563965,4444.230957,,,,,,,,,,,,,,,,,,,,,,,,,,,,,,,,,,,,,,,,,,,,,,,,,,,,,,,,,,,,,,,,,,,,,,
1768972966.596172,1768972966.596732,103.0,0.0,4391.025879,4358.974121,4376.538574,4397.05127,4380.256348,4372.436035,4381.153809,4393.205078,4378.717773,4358.077148,4476.025879,4548.205078,4408.717773,4444.871582,,,,,,,,,,,,,,,,,,,,,,,,,,,,,,,,,,,,,,,,,,,,,,,,,,,,,,,,,,,,,,,,,,,,,,
1768972966.60398,1768972966.60434,104.0,0.0,4386.153809,4357.692383,4377.307617,4398.077148,4382.94873,4376.410156,4383.589844,4396.922852,4384.487305,4362.94873,4476.410156,4554.358887,4406.794922,4445.256348,,,,,,,,,,,,,,,,,,,,,,,,,,,,,,,,,,,,,,,,,,,,,,,,,,,,,,,,,,,,,,,,,,,,,,
1768972966.611788,1768972966.612149,105.0,0.0,4389.871582,4356.153809,4378.461426,4394.102539,4373.974121,4375.384766,4381.538574,4396.282227,4382.820313,4360.769043,4472.05127,4556.922852,4401.025879,4445.769043,,,,,,,,,,,,,,,,,,,,,,,,,,,,,,,,,,,,,,,,,,,,,,,,,,,,,,,,,,,,,,,,,,,,,,
1768972966.619597,1768972966.620057,106.0,0.0,4397.820313,4361.410156,4379.487305,4393.589844,4367.94873,4368.974121,4371.922852,4393.205078,4378.589844,4357.692383,4472.820313,4549.871582,4403.974121,4444.743652,,,,,,,,,,,,,,,,,,,,,,,,,,,,,,,,,,,,,,,,,,,,,,,,,,,,,,,,,,,,,,,,,,,,,,
1768972966.627405,1768972966.627866,107.0,0.0,4398.717773,4364.102539,4381.538574,4394.230957,4372.563965,4373.077148,4372.307617,4392.05127,4379.102539,4357.307617,4475.384766,4546.282227,4407.436035,4442.820313,,,,,,,,,,,,,,,,,,,,,,,,,,,,,,,,,,,,,,,,,,,,,,,,,,,,,,,,,,,,,,,,,,,,,,
1768972966.635214,1768972966.635474,108.0,0.0,4392.05127,4361.538574,4379.358887,4391.153809,4375.897461,4379.230957,4380.897461,4391.410156,4375.512695,4355.128418,4470.384766,4552.05127,4404.487305,4443.717773,,,,,,,,,,,,,,,,,,,,,,,,,,,,,,,,,,,,,,,,,,,,,,,,,,,,,,,,,,,,,,,,,,,,,,
1768972966.643022,1768972966.643283,109.0,0.0,4380.128418,4352.692383,4369.615234,4384.743652,4372.94873,4374.487305,4377.820313,4387.05127,4371.410156,4353.461426,4461.922852,4551.153809,4398.205078,4437.307617,,,,,,,,,,,,,,,,,,,,,,,,,,,,,,,,,,,,,,,,,,,,,,,,,,,,,,,,,,,,,,,,,,,,,,
1768972966.650831,1768972966.650991,110.0,0.0,4372.692383,4343.974121,4362.563965,4377.94873,4370.0,4369.487305,4369.615234,4385.384766,4375.769043,4353.717773,4458.589844,4541.794922,4396.153809,4426.025879,0.658538,0.267478,0.36514,0.249593,0.154716,1.573352,0.544181,0.511807,0.25431,0.139979,0.263823,0.287712,0.195502,0.079034,0.077419,0.30855,0.199566,0.124347,0.089023,0.091683,0.101047,0.167404,0.056974,0.050552,0.035743,0.210567,0.246997,0.131907,0.149202,0.254019,0.203357,0.253763,0.101008,0.169316,0.279383,0.176393,0.231435,0.070401,0.069776,0.067644,0.39765,0.196519,0.075376,0.118091,0.053741,0.565154,0.299527,0.141269,0.221526,0.104856,0.732763,0.377362,0.270043,0.240018,0.220136,0.510529,0.396506,0.297428,0.222737,0.176803,1.477284,0.387652,0.236723,0.283165,0.216523,0.705084,0.40777,0.388005,0.28047,0.269584
1768972966.658639,1768972966.6588,111.0,0.0,4372.563965,4347.05127,4361.025879,4376.922852,4373.333496,4377.563965,4376.922852,4391.666504,4380.769043,4353.461426,4458.846191,4539.102539,4394.487305,4423.205078,,,,,,,,,,,,,,,,,,,,,,,,,,,,,,,,,,,,,,,,,,,,,,,,,,,,,,,,,,,,,,,,,,,,,,
1768972966.666448,1768972966.666408,112.0,0.0,4376.922852,4348.461426,4367.307617,4380.641113,4378.077148,4388.589844,4393.205078,4400.128418,4386.153809,4358.846191,4466.666504,4549.230957,4396.666504,4428.846191,,,,,,,,,,,,,,,,,,,,,,,,,,,,,,,,,,,,,,,,,,,,,,,,,,,,,,,,,,,,,,,,,,,,,,
1768972966.674256,1768972966.674217,113.0,0.0,4379.871582,4340.384766,4373.974121,4382.563965,4377.563965,4388.717773,4394.230957,4401.794922,4391.538574,4368.589844,4476.538574,4555.769043,4408.589844,4431.282227,,,,,,,,,,,,,,,,,,,,,,,,,,,,,,,,,,,,,,,,,,,,,,,,,,,,,,,,,,,,,,,,,,,,,,
1768972966.682064,1768972966.681925,114.0,0.0,4380.897461,4344.615234,4370.0,4383.846191,4376.282227,4377.94873,4379.743652,4395.897461,4391.538574,4369.487305,4476.410156,4547.436035,4411.538574,4428.589844,,,,,,,,,,,,,,,,,,,,,,,,,,,,,,,,,,,,,,,,,,,,,,,,,,,,,,,,,,,,,,,,,,,,,,
1768972966.689873,1768972966.689734,115.0,0.0,4388.589844,4361.025879,4367.692383,4390.897461,4378.589844,4376.538574,4379.743652,4392.05127,4387.05127,4363.717773,4474.871582,4541.282227,4403.974121,4434.358887,,,,,,,,,,,,,,,,,,,,,,,,,,,,,,,,,,,,,,,,,,,,,,,,,,,,,,,,,,,,,,,,,,,,,,
1768972966.697681,1768972966.697742,116.0,0.0,4394.743652,4360.641113,4370.897461,4391.538574,4376.282227,4384.871582,4388.717773,4392.94873,4382.563965,4358.974121,4475.256348,4543.205078,4405.512695,4443.461426,,,,,,,,,,,,,,,,,,,,,,,,,,,,,,,,,,,,,,,,,,,,,,,,,,,,,,,,,,,,,,,,,,,,,,
1768972966.70549,1768972966.70555,117.0,0.0,4386.922852,4351.922852,4365.128418,4383.461426,4371.794922,4378.974121,4377.692383,4389.358887,4378.846191,4355.769043,4470.256348,4540.641113,4409.230957,4441.922852,,,,,,,,,,,,,,,,,,,,,,,,,,,,,,,,,,,,,,,,,,,,,,,,,,,,,,,,,,,,,,,,,,,,,,
1768972966.713298,1768972966.713459,118.0,0.0,4378.205078,4353.461426,4357.94873,4380.897461,4373.589844,4372.692383,4367.05127,4386.282227,4378.717773,4356.922852,4469.871582,4534.871582,4402.820313,4433.461426,,,,,,,,,,,,,,,,,,,,,,,,,,,,,,,,,,,,,,,,,,,,,,,,,,,,,,,,,,,,,,,,,,,,,,
1768972966.721107,1768972966.721267,119.0,0.0,4381.538574,4351.025879,4363.461426,4382.179688,4375.512695,4382.436035,4377.05127,4390.641113,4382.563965,4361.153809,4476.025879,4533.974121,4401.922852,4428.846191,,,,,,,,,,,,,,,,,,,,,,,,,,,,,,,,,,,,,,,,,,,,,,,,,,,,,,,,,,,,,,,,,,,,,,
1768972966.728915,1768972966.729276,120.0,0.0,4384.358887,4342.05127,4366.410156,4382.436035,4373.846191,4386.538574,4380.897461,4392.05127,4378.333496,4359.487305,4474.743652,4537.436035,4406.538574,4431.922852,,,,,,,,,,,,,,,,,,,,,,,,,,,,,,,,,,,,,,,,,,,,,,,,,,,,,,,,,,,,,,,,,,,,,,
1768972966.736724,1768972966.737084,121.0,0.0,4383.077148,4341.153809,4362.563965,4382.820313,4372.179688,4381.153809,4376.410156,4389.743652,4373.461426,4356.153809,4471.922852,4541.153809,4404.102539,4436.153809,,,,,,,,,,,,,,,,,,,,,,,,,,,,,,,,,,,,,,,,,,,,,,,,,,,,,,,,,,,,,,,,,,,,,,
1768972966.744532,1768972966.744793,122.0,0.0,4386.410156,4350.128418,4362.692383,4382.436035,4371.410156,4381.922852,4380.512695,4390.897461,4377.692383,4361.538574,4475.0,4542.307617,4405.128418,4438.077148,,,,,,,,,,,,,,,,,,,,,,,,,,,,,,,,,,,,,,,,,,,,,,,,,,,,,,,,,,,,,,,,,,,,,,
1768972966.75234,1768972966.752601,123.0,0.0,4389.743652,4357.94873,4365.512695,4382.179688,4373.461426,4379.358887,4380.512695,4393.205078,4383.461426,4366.025879,4477.692383,4543.077148,4411.922852,4440.641113,,,,,,,,,,,,,,,,,,,,,,,,,,,,,,,,,,,,,,,,,,,,,,,,,,,,,,,,,,,,,,,,,,,,,,
1768972966.760149,1768972966.760609,124.0,0.0,4389.487305,4361.410156,4366.922852,4383.461426,4374.871582,4372.307617,4372.820313,4392.820313,4381.410156,4360.0,4474.102539,4543.205078,4410.256348,4441.538574,,,,,,,,,,,,,,,,,,,,,,,,,,,,,,,,,,,,,,,,,,,,,,,,,,,,,,,,,,,,,,,,,,,,,,
1768972966.767957,1768972966.768418,125.0,0.0,4384.743652,4356.153809,4362.307617,4379.358887,4372.563965,4376.153809,4372.820313,4390.769043,4374.230957,4354.871582,4462.94873,4534.615234,4400.769043,4432.94873,,,,,,,,,,,,,,,,,,,,,,,,,,,,,,,,,,,,,,,,,,,,,,,,,,,,,,,,,,,,,,,,,,,,,,
1768972966.775766,1768972966.776126,126.0,0.0,4379.615234,4346.025879,4358.461426,4372.94873,4372.436035,4384.102539,4381.282227,4391.666504,4375.897461,4357.307617,4460.128418,4528.717773,4397.436035,4425.897461,0.702459,0.28311,0.398245,0.255574,0.140185,1.876703,0.649159,0.549299,0.238358,0.143274,0.296327,0.292764,0.214302,0.096452,0.073789,0.354768,0.198189,0.11848,0.104694,0.088619,0.134684,0.150663,0.042689,0.048204,0.038634,0.157679,0.160756,0.1031,0.174876,0.254882,0.174182,0.179881,0.069411,0.180487,0.268516,0.16908,0.223691,0.060261,0.076249,0.065055,0.331445,0.203219,0.089558,0.140232,0.056745,0.557161,0.311569,0.122817,0.22475,0.100759,0.749521,0.39058,0.27793,0.277052,0.205267,0.525766,0.407262,0.303037,0.230313,0.175308,1.538028,0.426101,0.249478,0.298435,0.211842,0.677202,0.458767,0.389194,0.306987,0.264781
1768972966.783574,1768972966.783935,127.0,0.0,4380.769043,4344.102539,4361.282227,4376.025879,4377.179688,4383.077148,4384.871582,4397.436035,4383.077148,4359.871582,4472.692383,4533.846191,4403.846191,4430.128418,,,,,,,,,,,,,,,,,,,,,,,,,,,,,,,,,,,,,,,,,,,,,,,,,,,,,,,,,,,,,,,,,,,,,,
1768972966.791383,1768972966.791543,0.0,0.0,4382.820313,4349.358887,4362.307617,4382.563965,4377.94873,4381.025879,4383.974121,4401.282227,4382.94873,4356.922852,4476.922852,4534.358887,4404.743652,4431.922852,,,,,,,,,,,,,,,,,,,,,,,,,,,,,,,,,,,,,,,,,,,,,,,,,,,,,,,,,,,,,,,,,,,,,,
1768972966.799191,1768972966.799352,1.0,0.0,4381.538574,4351.666504,4357.436035,4381.922852,4373.717773,4378.589844,4380.769043,4399.487305,4379.358887,4354.871582,4463.461426,4526.410156,4397.179688,4427.05127,,,,,,,,,,,,,,,,,,,,,,,,,,,,,,,,,,,,,,,,,,,,,,,,,,,,,,,,,,,,,,,,,,,,,,
1768972966.807,1768972966.80706,2.0,0.0,4382.05127,4348.205078,4358.077148,4379.102539,4372.05127,4373.846191,4377.94873,4396.410156,4380.0,4355.128418,4457.692383,4521.410156,4394.871582,4424.743652,,,,,,,,,,,,,,,,,,,,,,,,,,,,,,,,,,,,,,,,,,,,,,,,,,,,,,,,,,,,,,,,,,,,,,
1768972966.814808,1768972966.814869,3.0,0.0,4380.769043,4343.717773,4360.641113,4381.153809,4372.692383,4375.384766,4378.717773,4392.436035,4377.692383,4350.0,4463.333496,4522.179688,4397.307617,4427.05127,,,,,,,,,,,,,,,,,,,,,,,,,,,,,,,,,,,,,,,,,,,,,,,,,,,,,,,,,,,,,,,,,,,,,,
1768972966.822616,1768972966.822877,4.0,0.0,4374.871582,4341.922852,4356.410156,4380.897461,4373.589844,4381.538574,4380.769043,4386.794922,4369.615234,4341.282227,4456.410156,4518.974121,4393.846191,4424.615234,,,,,,,,,,,,,,,,,,,,,,,,,,,,,,,,,,,,,,,,,,,,,,,,,,,,,,,,,,,,,,,,,,,,,,
1768972966.830425,1768972966.830685,5.0,0.0,4372.307617,4342.436035,4354.615234,4374.487305,4374.615234,4386.282227,4382.307617,4385.128418,4365.769043,4340.128418,4443.589844,4513.077148,4387.179688,4416.025879,,,,,,,,,,,,,,,,,,,,,,,,,,,,,,,,,,,,,,,,,,,,,,,,,,,,,,,,,,,,,,,,,,,,,,
1768972966.838233,1768972966.838394,6.0,0.0,4373.974121,4344.615234,4354.102539,4372.94873,4370.384766,4380.897461,4377.05127,4383.589844,4367.307617,4347.307617,4444.615234,4512.94873,4385.384766,4412.179688,,,,,,,,,,,,,,,,,,,,,,,,,,,,,,,,,,,,,,,,,,,,,,,,,,,,,,,,,,,,,,,,,,,,,,
1768972966.846042,1768972966.846202,7.0,0.0,4377.179688,4351.538574,4352.05127,4375.641113,4365.0,4371.282227,4367.563965,4379.871582,4370.256348,4347.820313,4447.820313,4513.717773,4388.974121,4415.512695,,,,,,,,,,,,,,,,,,,,,,,,,,,,,,,,,,,,,,,,,,,,,,,,,,,,,,,,,,,,,,,,,,,,,,
1768972966.85385,1768972966.853811,8.0,0.0,4382.820313,4357.563965,4355.0,4375.128418,4366.538574,4372.692383,4367.307617,4379.102539,4368.974121,4344.743652,4449.871582,4514.358887,4394.102539,4420.512695,,,,,,,,,,,,,,,,,,,,,,,,,,,,,,,,,,,,,,,,,,,,,,,,,,,,,,,,,,,,,,,,,,,,,,
1768972966.861659,1768972966.86162,9.0,0.0,4383.205078,4354.743652,4357.820313,4375.769043,4367.307617,4380.512695,4373.589844,4382.179688,4365.0,4346.282227,4457.307617,4516.282227,4396.410156,4425.512695,,,,,,,,,,,,,,,,,,,,,,,,,,,,,,,,,,,,,,,,,,,,,,,,,,,,,,,,,,,,,,,,,,,,,,
1768972966.869467,1768972966.869528,10.0,0.0,4377.307617,4349.871582,4356.666504,4377.307617,4365.256348,4379.230957,4373.974121,4384.102539,4364.615234,4345.897461,4455.512695,4517.179688,4392.692383,4429.487305,,,,,,,,,,,,,,,,,,,,,,,,,,,,,,,,,,,,,,,,,,,,,,,,,,,,,,,,,,,,,,,,,,,,,,
1768972966.877276,1768972966.877336,11.0,0.0,4377.05127,4349.102539,4356.153809,4373.974121,4366.153809,4372.563965,4370.769043,4382.179688,4365.0,4342.05127,4444.358887,4517.820313,4389.487305,4424.871582,,,,,,,,,,,,,,,,,,,,,,,,,,,,,,,,,,,,,,,,,,,,,,,,,,,,,,,,,,,,,,,,,,,,,,
1768972966.885084,1768972966.885345,12.0,0.0,4378.077148,4352.179688,4355.769043,4374.487305,4365.769043,4375.512695,4373.461426,4381.153809,4365.384766,4341.538574,4450.0,4521.922852,4393.205078,4416.666504,,,,,,,,,,,,,,,,,,,,,,,,,,,,,,,,,,,,,,,,,,,,,,,,,,,,,,,,,,,,,,,,,,,,,,
1768972966.892892,1768972966.893153,13.0,0.0,4379.487305,4358.974121,4356.666504,4381.538574,4365.769043,4380.769043,4375.512695,4382.563965,4368.974121,4346.794922,4463.589844,4525.384766,4397.820313,4418.589844,,,,,,,,,,,,,,,,,,,,,,,,,,,,,,,,,,,,,,,,,,,,,,,,,,,,,,,,,,,,,,,,,,,,,,
1768972966.900701,1768972966.901061,14.0,0.0,4385.769043,4364.358887,4360.384766,4383.589844,4370.128418,4381.794922,4374.358887,4381.410156,4367.94873,4348.333496,4459.358887,4521.025879,4396.538574,4423.461426,0.707601,0.291977,0.397663,0.260624,0.127624,2.072208,0.728584,0.552954,0.212069,0.142085,0.336169,0.272047,0.217344,0.116856,0.068148,0.398081,0.195951,0.116589,0.121183,0.084073,0.174122,0.1389,0.03543,0.04636,0.043373,0.122732,0.1055,0.084335,0.198967,0.243234,0.142443,0.142127,0.05107,0.184421,0.245868,0.182639,0.210941,0.0537,0.082844,0.06205,0.304291,0.198311,0.102564,0.15955,0.063218,0.515804,0.317741,0.102579,0.219268,0.099172,0.734439,0.404459,0.266757,0.306542,0.193129,0.567006,0.409631,0.279591,0.232058,0.17781,1.521434,0.456612,0.247411,0.302528,0.209416,0.648131,0.537045,0.364377,0.324221,0.25202
1768972966.908509,1768972966.90887,15.0,0.0,4386.794922,4365.897461,4361.282227,4381.025879,4369.102539,4382.436035,4375.384766,4380.512695,4364.615234,4345.641113,4453.846191,4515.256348,4396.538574,4420.256348,,,,,,,,,,,,,,,,,,,,,,,,,,,,,,,,,,,,,,,,,,,,,,,,,,,,,,,,,,,,,,,,,,,,,,
1768972966.916318,1768972966.916878,16.0,0.0,4380.512695,4369.487305,4356.922852,4382.307617,4363.589844,4382.05127,4374.102539,4380.769043,4365.769043,4343.077148,4454.871582,4511.025879,4396.025879,4413.589844,,,,,,,,,,,,,,,,,,,,,,,,,,,,,,,,,,,,,,,,,,,,,,,,,,,,,,,,,,,,,,,,,,,,,,
1768972966.924126,1768972966.924686,17.0,0.0,4378.333496,4373.846191,4353.974121,4380.897461,4363.205078,4378.717773,4369.743652,4379.358887,4365.769043,4343.333496,4449.743652,4507.179688,4390.256348,4411.666504,,,,,,,,,,,,,,,,,,,,,,,,,,,,,,,,,,,,,,,,,,,,,,,,,,,,,,,,,,,,,,,,,,,,,,
1768972966.931935,1768972966.932595,18.0,0.0,4380.897461,4373.077148,4356.282227,4377.563965,4366.922852,4380.128418,4373.461426,4380.641113,4364.358887,4344.871582,4449.230957,4508.077148,4390.256348,4417.05127,,,,,,,,,,,,,,,,,,,,,,,,,,,,,,,,,,,,,,,,,,,,,,,,,,,,,,,,,,,,,,,,,,,,,,
1768972966.939743,1768972966.940403,19.0,0.0,4380.769043,4373.461426,4357.179688,4377.563965,4370.128418,4388.205078,4380.641113,4384.358887,4367.820313,4341.538574,4457.820313,4514.358887,4397.05127,4427.563965,,,,,,,,,,,,,,,,,,,,,,,,,,,,,,,,,,,,,,,,,,,,,,,,,,,,,,,,,,,,,,,,,,,,,,
1768972966.947552,1768972966.948412,20.0,0.0,4380.256348,4378.205078,4354.358887,4378.589844,4369.102539,4386.025879,4380.512695,4384.102539,4372.179688,4341.025879,4460.897461,4519.358887,4396.794922,4430.769043,,,,,,,,,,,,,,,,,,,,,,,,,,,,,,,,,,,,,,,,,,,,,,,,,,,,,,,,,,,,,,,,,,,,,,
1768972966.95536,1768972966.95622,21.0,0.0,4381.410156,4383.205078,4351.538574,4379.358887,4369.487305,4375.256348,4377.563965,4383.589844,4374.743652,4347.05127,4455.769043,4513.333496,4389.871582,4422.820313,,,,,,,,,,,,,,,,,,,,,,,,,,,,,,,,,,,,,,,,,,,,,,,,,,,,,,,,,,,,,,,,,,,,,,
1768972966.963169,1768972966.963929,22.0,0.0,4381.922852,4385.512695,4350.641113,4380.641113,4370.897461,4372.692383,4374.230957,4383.077148,4373.846191,4350.128418,4452.307617,4501.922852,4389.358887,4416.410156,,,,,,,,,,,,,,,,,,,,,,,,,,,,,,,,,,,,,,,,,,,,,,,,,,,,,,,,,,,,,,,,,,,,,,
1768972966.970977,1768972966.971737,23.0,0.0,4383.205078,4387.563965,4351.410156,4382.179688,4369.743652,4372.179688,4366.922852,4380.128418,4370.0,4348.461426,4451.922852,4503.205078,4394.615234,4420.512695,,,,,,,,,,,,,,,,,,,,,,,,,,,,,,,,,,,,,,,,,,,,,,,,,,,,,,,,,,,,,,,,,,,,,,
1768972966.978785,1768972966.979346,24.0,0.0,4386.153809,4393.205078,4353.589844,4382.05127,4369.230957,4370.512695,4365.769043,4380.128418,4370.384766,4349.871582,4455.897461,4514.743652,4396.922852,4426.282227,,,,,,,,,,,,,,,,,,,,,,,,,,,,,,,,,,,,,,,,,,,,,,,,,,,,,,,,,,,,,,,,,,,,,,
1768972966.986594,1768972966.987154,25.0,0.0,4388.589844,4396.538574,4354.230957,4382.307617,4369.871582,4373.205078,4374.230957,4378.846191,4372.05127,4351.025879,4461.922852,4516.538574,4397.05127,4426.922852,,,,,,,,,,,,,,,,,,,,,,,,,,,,,,,,,,,,,,,,,,,,,,,,,,,,,,,,,,,,,,,,,,,,,,
1768972966.994402,1768972966.994863,26.0,0.0,4385.512695,4392.179688,4351.025879,4382.307617,4370.0,4375.897461,4377.307617,4375.769043,4370.512695,4344.358887,4458.461426,4508.077148,4398.461426,4423.077148,,,,,,,,,,,,,,,,,,,,,,,,,,,,,,,,,,,,,,,,,,,,,,,,,,,,,,,,,,,,,,,,,,,,,,
1768972967.002211,1768972967.002671,27.0,0.0,4382.05127,4388.461426,4350.256348,4381.794922,4368.589844,4375.641113,4373.077148,4378.205078,4369.358887,4340.128418,4448.205078,4501.153809,4396.538574,4415.897461,,,,,,,,,,,,,,,,,,,,,,,,,,,,,,,,,,,,,,,,,,,,,,,,,,,,,,,,,,,,,,,,,,,,,,
1768972967.010019,1768972967.01028,28.0,0.0,4381.794922,4388.717773,4352.94873,4379.358887,4367.820313,4376.410156,4367.94873,4379.358887,4366.025879,4341.922852,4443.333496,4497.692383,4390.256348,4410.897461,,,,,,,,,,,,,,,,,,,,,,,,,,,,,,,,,,,,,,,,,,,,,,,,,,,,,,,,,,,,,,,,,,,,,,
1768972967.017828,1768972967.018088,29.0,0.0,4378.717773,4386.410156,4351.538574,4374.358887,4369.487305,4374.871582,4365.641113,4374.743652,4365.256348,4343.205078,4445.0,4500.897461,4388.333496,4411.794922,,,,,,,,,,,,,,,,,,,,,,,,,,,,,,,,,,,,,,,,,,,,,,,,,,,,,,,,,,,,,,,,,,,,,,
1768972967.025636,1768972967.025996,30.0,0.0,4376.666504,4381.922852,4348.077148,4375.897461,4369.743652,4371.153809,4367.436035,4370.897461,4367.563965,4343.205078,4443.846191,4505.0,4389.102539,4410.641113,0.676147,0.304367,0.360202,0.267085,0.117832,2.111455,0.762331,0.522869,0.184549,0.136334,0.389184,0.236707,0.199706,0.137066,0.061073,0.444855,0.198832,0.112863,0.133875,0.078575,0.215982,0.135168,0.033795,0.044864,0.049662,0.109993,0.089086,0.078975,0.213449,0.224997,0.117638,0.14723,0.052552,0.180195,0.2213,0.210661,0.203023,0.056231,0.090357,0.059174,0.299115,0.193287,0.113581,0.171013,0.07178,0.450716,0.322867,0.089328,0.206239,0.099894,0.690146,0.42974,0.244496,0.323301,0.185054,0.606306,0.41493,0.240745,0.226353,0.182142,1.433943,0.482432,0.226744,0.289928,0.208973,0.630938,0.660913,0.320384,0.329327,0.232761
1768972967.033445,1768972967.033805,31.0,0.0,4378.333496,4383.589844,4352.94873,4381.410156,4367.94873,4374.102539,4370.0,4371.153809,4363.846191,4340.769043,4440.641113,4505.128418,4390.512695,4411.794922,,,,,,,,,,,,,,,,,,,,,,,,,,,,,,,,,,,,,,,,,,,,,,,,,,,,,,,,,,,,,,,,,,,,,,
1768972967.041253,1768972967.041414,32.0,0.0,4381.794922,4386.794922,4359.487305,4382.94873,4369.743652,4377.179688,4368.077148,4370.128418,4361.794922,4341.666504,4442.94873,4509.615234,4395.128418,4423.974121,,,,,,,,,,,,,,,,,,,,,,,,,,,,,,,,,,,,,,,,,,,,,,,,,,,,,,,,,,,,,,,,,,,,,,
1768972967.049061,1768972967.049222,33.0,0.0,4385.0,4381.538574,4356.922852,4381.153809,4370.641113,4373.333496,4366.282227,4370.512695,4368.717773,4348.461426,4449.358887,4516.410156,4397.436035,4431.153809,,,,,,,,,,,,,,,,,,,,,,,,,,,,,,,,,,,,,,,,,,,,,,,,,,,,,,,,,,,,,,,,,,,,,,
1768972967.05687,1768972967.056931,34.0,0.0,4383.077148,4374.743652,4350.769043,4377.563965,4365.256348,4374.487305,4372.05127,4375.897461,4372.436035,4352.692383,4451.538574,4512.563965,4396.282227,4423.974121,,,,,,,,,,,,,,,,,,,,,,,,,,,,,,,,,,,,,,,,,,,,,,,,,,,,,,,,,,,,,,,,,,,,,,
1768972967.064678,1768972967.064739,35.0,0.0,4378.589844,4373.846191,4352.692383,4373.333496,4363.333496,4379.743652,4376.922852,4381.153809,4371.666504,4348.333496,4447.563965,4506.282227,4396.153809,4420.256348,,,,,,,,,,,,,,,,,,,,,,,,,,,,,,,,,,,,,,,,,,,,,,,,,,,,,,,,,,,,,,,,,,,,,,
1768972967.072487,1768972967.072348,36.0,0.0,4378.846191,4376.538574,4356.922852,4373.717773,4367.563965,4376.794922,4373.717773,4382.563965,4373.717773,4344.102539,4446.666504,4512.05127,4396.410156,4424.102539,,,,,,,,,,,,,,,,,,,,,,,,,,,,,,,,,,,,,,,,,,,,,,,,,,,,,,,,,,,,,,,,,,,,,,
1768972967.080295,1768972967.080156,37.0,0.0,4381.666504,4379.871582,4355.0,4379.487305,4368.333496,4374.358887,4372.94873,4381.410156,4374.615234,4346.153809,4450.128418,4519.230957,4396.538574,4428.205078,,,,,,,,,,,,,,,,,,,,,,,,,,,,,,,,,,,,,,,,,,,,,,,,,,,,,,,,,,,,,,,,,,,,,,
1768972967.088103,1768972967.088064,38.0,0.0,4381.282227,4380.769043,4353.717773,4380.128418,4366.410156,4381.410156,4378.589844,4382.94873,4371.153809,4346.922852,4449.743652,4515.897461,4396.794922,4428.333496,,,,,,,,,,,,,,,,,,,,,,,,,,,,,,,,,,,,,,,,,,,,,,,,,,,,,,,,,,,,,,,,,,,,,,
1768972967.095912,1768972967.095873,39.0,0.0,4382.179688,4380.256348,4356.153809,4380.128418,4366.794922,4383.077148,4380.897461,4384.102539,4369.871582,4348.461426,4451.025879,4512.436035,4396.153809,4427.307617,,,,,,,,,,,,,,,,,,,,,,,,,,,,,,,,,,,,,,,,,,,,,,,,,,,,,,,,,,,,,,,,,,,,,,
1768972967.10372,1768972967.103881,40.0,0.0,4384.230957,4383.461426,4358.974121,4385.512695,4368.205078,4383.205078,4381.538574,4383.846191,4371.153809,4353.846191,4458.717773,4514.743652,4398.333496,4429.358887,,,,,,,,,,,,,,,,,,,,,,,,,,,,,,,,,,,,,,,,,,,,,,,,,,,,,,,,,,,,,,,,,,,,,,
1768972967.111529,1768972967.11169,41.0,0.0,4381.666504,4387.05127,4356.794922,4385.256348,4368.077148,4387.307617,4381.922852,4384.102539,4371.153809,4352.436035,4460.897461,4512.563965,4399.358887,4429.487305,,,,,,,,,,,,,,,,,,,,,,,,,,,,,,,,,,,,,,,,,,,,,,,,,,,,,,,,,,,,,,,,,,,,,,
1768972967.119337,1768972967.119598,42.0,0.0,4379.102539,4384.871582,4352.307617,4379.871582,4369.615234,4380.0,4376.538574,4384.615234,4370.0,4348.461426,4456.025879,4504.358887,4396.410156,4427.05127,,,,,,,,,,,,,,,,,,,,,,,,,,,,,,,,,,,,,,,,,,,,,,,,,,,,,,,,,,,,,,,,,,,,,,
1768972967.127146,1768972967.127406,43.0,0.0,4385.769043,4386.922852,4355.384766,4384.230957,4370.769043,4371.410156,4371.794922,4384.615234,4372.563965,4351.538574,4454.615234,4505.384766,4395.641113,4427.179688,,,,,,,,,,,,,,,,,,,,,,,,,,,,,,,,,,,,,,,,,,,,,,,,,,,,,,,,,,,,,,,,,,,,,,
1768972967.134954,1768972967.135415,44.0,0.0,4391.538574,4392.94873,4362.307617,4392.179688,4368.846191,4375.384766,4372.05127,4383.974121,4373.974121,4353.846191,4455.128418,4511.794922,4398.717773,4428.333496,,,,,,,,,,,,,,,,,,,,,,,,,,,,,,,,,,,,,,,,,,,,,,,,,,,,,,,,,,,,,,,,,,,,,,
1768972967.142763,1768972967.143223,45.0,0.0,4382.307617,4392.179688,4359.743652,4389.487305,4368.077148,4375.256348,4371.025879,4382.179688,4372.05127,4351.922852,4453.205078,4508.333496,4399.102539,4428.333496,,,,,,,,,,,,,,,,,,,,,,,,,,,,,,,,,,,,,,,,,,,,,,,,,,,,,,,,,,,,,,,,,,,,,,
1768972967.150571,1768972967.150932,46.0,0.0,4371.538574,4384.358887,4350.641113,4382.563965,4364.743652,4368.461426,4369.358887,4379.871582,4371.282227,4351.282227,4450.256348,4500.128418,4391.922852,4425.512695,0.62274,0.329329,0.29917,0.27735,0.109396,2.001048,0.741354,0.475636,0.167706,0.126975,0.450827,0.202429,0.166933,0.154871,0.053718,0.494739,0.211402,0.105733,0.140316,0.072619,0.255051,0.13667,0.035418,0.043346,0.056979,0.118961,0.105068,0.084966,0.215096,0.207558,0.107453,0.185081,0.074298,0.169938,0.204282,0.251299,0.209217,0.070769,0.099486,0.056241,0.301034,0.200654,0.123584,0.173197,0.080199,0.377451,0.327421,0.088657,0.190012,0.101221,0.638426,0.470365,0.22224,0.32673,0.179458,0.627732,0.432006,0.206048,0.213416,0.183914,1.299533,0.50333,0.193767,0.262686,0.208209,0.637213,0.828424,0.2714,0.326649,0.20869
1768972967.158379,1768972967.15874,47.0,0.0,4372.820313,4381.153809,4349.230957,4380.641113,4361.538574,4371.410156,4372.94873,4379.102539,4370.384766,4349.230957,4445.256348,4496.410156,4382.692383,4418.717773,,,,,,,,,,,,,,,,,,,,,,,,,,,,,,,,,,,,,,,,,,,,,,,,,,,,,,,,,,,,,,,,,,,,,,
1768972967.166188,1768972967.166349,48.0,0.0,4378.974121,4385.897461,4353.461426,4382.563965,4365.769043,4375.256348,4373.205078,4377.307617,4369.871582,4345.256348,4445.0,4495.384766,4380.384766,4417.05127,,,,,,,,,,,,,,,,,,,,,,,,,,,,,,,,,,,,,,,,,,,,,,,,,,,,,,,,,,,,,,,,,,,,,,
1768972967.173996,1768972967.174157,49.0,0.0,4378.461426,4386.025879,4357.307617,4383.974121,4370.128418,4376.794922,4372.436035,4379.102539,4372.692383,4345.256348,4451.410156,4498.974121,4386.153809,4425.256348,,,,,,,,,,,,,,,,,,,,,,,,,,,,,,,,,,,,,,,,,,,,,,,,,,,,,,,,,,,,,,,,,,,,,,
1768972967.181805,1768972967.181866,50.0,0.0,4372.692383,4376.410156,4354.102539,4381.794922,4367.179688,4384.102539,4377.94873,4383.461426,4374.615234,4348.077148,4450.256348,4502.307617,4388.589844,4429.102539,,,,,,,,,,,,,,,,,,,,,,,,,,,,,,,,,,,,,,,,,,,,,,,,,,,,,,,,,,,,,,,,,,,,,,
1768972967.189613,1768972967.189674,51.0,0.0,4370.384766,4370.0,4349.102539,4381.282227,4366.538574,4383.589844,4378.333496,4378.461426,4372.307617,4348.461426,4445.641113,4500.897461,4386.794922,4426.538574,,,,,,,,,,,,,,,,,,,,,,,,,,,,,,,,,,,,,,,,,,,,,,,,,,,,,,,,,,,,,,,,,,,,,,
1768972967.197422,1768972967.197283,52.0,0.0,4373.205078,4371.025879,4354.358887,4384.358887,4369.487305,4373.717773,4372.436035,4374.358887,4372.05127,4349.230957,4451.538574,4501.922852,4389.487305,4427.563965,,,,,,,,,,,,,,,,,,,,,,,,,,,,,,,,,,,,,,,,,,,,,,,,,,,,,,,,,,,,,,,,,,,,,,
1768972967.20523,1768972967.205091,53.0,0.0,4372.820313,4371.666504,4359.102539,4382.436035,4366.794922,4371.153809,4371.794922,4378.205078,4371.153809,4349.358887,4460.128418,4505.641113,4395.641113,4429.487305,,,,,,,,,,,,,,,,,,,,,,,,,,,,,,,,,,,,,,,,,,,,,,,,,,,,,,,,,,,,,,,,,,,,,,
1768972967.213039,1768972967.2128,54.0,0.0,4368.974121,4373.077148,4355.512695,4379.871582,4367.436035,4374.102539,4373.077148,4378.205078,4368.077148,4351.153809,4457.94873,4506.282227,4399.230957,4429.487305,,,,,,,,,,,,,,,,,,,,,,,,,,,,,,,,,,,,,,,,,,,,,,,,,,,,,,,,,,,,,,,,,,,,,,
1768972967.220847,1768972967.220608,55.0,0.0,4375.0,4378.846191,4355.641113,4383.205078,4370.384766,4373.333496,4368.846191,4374.487305,4368.846191,4355.128418,4452.179688,4505.897461,4395.128418,4429.871582,,,,,,,,,,,,,,,,,,,,,,,,,,,,,,,,,,,,,,,,,,,,,,,,,,,,,,,,,,,,,,,,,,,,,,
1768972967.228655,1768972967.228617,56.0,0.0,4379.743652,4380.769043,4357.820313,4383.333496,4364.102539,4370.384766,4365.384766,4375.384766,4369.102539,4351.410156,4452.05127,4508.333496,4388.461426,4428.333496,,,,,,,,,,,,,,,,,,,,,,,,,,,,,,,,,,,,,,,,,,,,,,,,,,,,,,,,,,,,,,,,,,,,,,
1768972967.236464,1768972967.236425,57.0,0.0,4375.897461,4377.05127,4357.563965,4380.641113,4360.0,4368.077148,4368.589844,4375.769043,4364.615234,4345.769043,4456.025879,4512.05127,4390.897461,4427.94873,,,,,,,,,,,,,,,,,,,,,,,,,,,,,,,,,,,,,,,,,,,,,,,,,,,,,,,,,,,,,,,,,,,,,,
1768972967.244272,1768972967.244134,58.0,0.0,4376.282227,4378.333496,4358.846191,4382.179688,4366.794922,4369.230957,4373.461426,4375.512695,4365.512695,4351.922852,4459.358887,4514.102539,4398.717773,4432.820313,,,,,,,,,,,,,,,,,,,,,,,,,,,,,,,,,,,,,,,,,,,,,,,,,,,,,,,,,,,,,,,,,,,,,,
1768972967.252081,1768972967.251942,59.0,0.0,4380.897461,4385.128418,4360.0,4382.820313,4368.205078,4368.974121,4372.436035,4377.563965,4372.94873,4358.205078,4458.974121,4512.820313,4400.256348,4433.717773,,,,,,,,,,,,,,,,,,,,,,,,,,,,,,,,,,,,,,,,,,,,,,,,,,,,,,,,,,,,,,,,,,,,,,
1768972967.259889,1768972967.259551,60.0,0.0,4383.333496,4387.94873,4361.666504,4383.205078,4366.025879,4371.025879,4372.179688,4375.769043,4374.102539,4351.922852,4458.077148,4509.230957,4396.666504,4430.128418,,,,,,,,,,,,,,,,,,,,,,,,,,,,,,,,,,,,,,,,,,,,,,,,,,,,,,,,,,,,,,,,,,,,,,
1768972967.267698,1768972967.267359,61.0,0.0,4386.025879,4388.846191,4363.717773,4387.563965,4371.410156,4378.077148,4379.487305,4377.05127,4373.205078,4350.769043,4459.871582,4511.025879,4398.333496,4431.282227,,,,,,,,,,,,,,,,,,,,,,,,,,,,,,,,,,,,,,,,,,,,,,,,,,,,,,,,,,,,,,,,,,,,,,
1768972967.275506,1768972967.275267,62.0,0.0,4382.94873,4389.615234,4356.666504,4385.897461,4370.0,4372.820313,4375.641113,4380.512695,4372.94873,4358.461426,4460.769043,4511.538574,4401.922852,4433.974121,0.566101,0.366543,0.233895,0.290235,0.100318,1.79527,0.671793,0.433671,0.169556,0.115623,0.504313,0.179072,0.12914,0.167928,0.047669,0.537315,0.231702,0.097318,0.14095,0.066755,0.284278,0.137127,0.03856,0.041463,0.06423,0.144927,0.138285,0.096826,0.206307,0.195767,0.118207,0.234803,0.111132,0.158833,0.19881,0.302639,0.231953,0.095778,0.109061,0.052724,0.301222,0.223002,0.132428,0.167589,0.086016,0.309724,0.328841,0.099039,0.175528,0.100963,0.613152,0.520593,0.207489,0.32159,0.1746,0.618858,0.459309,0.18894,0.197415,0.179863,1.145089,0.512517,0.158823,0.229327,0.204024,0.66734,1.012758,0.229013,0.326429,0.182691
1768972967.283315,1768972967.283076,63.0,0.0,4375.641113,4387.692383,4351.025879,4380.769043,4365.256348,4363.077148,4363.333496,4375.641113,4368.974121,4353.589844,4454.358887,4507.307617,4394.230957,4429.615234,,,,,,,,,,,,,,,,,,,,,,,,,,,,,,,,,,,,,,,,,,,,,,,,,,,,,,,,,,,,,,,,,,,,,,
1768972967.291123,1768972967.291084,64.0,0.0,4379.615234,4388.846191,4358.974121,4383.846191,4371.282227,4370.512695,4368.205078,4372.94873,4366.794922,4345.0,4446.410156,4507.307617,4381.538574,4425.641113,,,,,,,,,,,,,,,,,,,,,,,,,,,,,,,,,,,,,,,,,,,,,,,,,,,,,,,,,,,,,,,,,,,,,,
1768972967.298931,1768972967.298893,65.0,0.0,4383.077148,4389.102539,4358.077148,4382.05127,4372.436035,4375.512695,4375.256348,4375.384766,4364.615234,4344.358887,4443.717773,4504.358887,4383.077148,4425.769043,,,,,,,,,,,,,,,,,,,,,,,,,,,,,,,,,,,,,,,,,,,,,,,,,,,,,,,,,,,,,,,,,,,,,,
1768972967.30674,1768972967.306801,66.0,0.0,4371.025879,4379.230957,4347.05127,4373.333496,4367.307617,4370.769043,4371.666504,4377.05127,4365.641113,4346.922852,4443.205078,4495.769043,4388.461426,4424.871582,,,,,,,,,,,,,,,,,,,,,,,,,,,,,,,,,,,,,,,,,,,,,,,,,,,,,,,,,,,,,,,,,,,,,,
1768972967.314548,1768972967.314609,67.0,0.0,4370.0,4375.128418,4353.717773,4377.563965,4369.871582,4378.461426,4376.922852,4382.820313,4375.897461,4354.230957,4451.025879,4501.666504,4391.410156,4432.05127,,,,,,,,,,,,,,,,,,,,,,,,,,,,,,,,,,,,,,,,,,,,,,,,,,,,,,,,,,,,,,,,,,,,,,
1768972967.322357,1768972967.322618,68.0,0.0,4386.666504,4383.974121,4366.922852,4388.846191,4371.153809,4382.307617,4382.05127,4386.666504,4379.743652,4362.307617,4461.538574,4516.538574,4404.358887,4445.0,,,,,,,,,,,,,,,,,,,,,,,,,,,,,,,,,,,,,,,,,,,,,,,,,,,,,,,,,,,,,,,,,,,,,,
1768972967.330165,1768972967.330426,69.0,0.0,4392.94873,4385.256348,4365.256348,4388.846191,4367.692383,4373.717773,4374.358887,4382.179688,4368.846191,4361.666504,4461.410156,4518.717773,4410.128418,4448.717773,,,,,,,,,,,,,,,,,,,,,,,,,,,,,,,,,,,,,,,,,,,,,,,,,,,,,,,,,,,,,,,,,,,,,,
1768972967.337974,1768972967.338334,70.0,0.0,4386.153809,4376.282227,4361.025879,4386.282227,4369.615234,4372.563965,4371.794922,4378.717773,4362.05127,4357.05127,4458.077148,4512.436035,4399.487305,4439.871582,,,,,,,,,,,,,,,,,,,,,,,,,,,,,,,,,,,,,,,,,,,,,,,,,,,,,,,,,,,,,,,,,,,,,,
1768972967.345782,1768972967.346143,71.0,0.0,4381.282227,4371.922852,4362.179688,4383.077148,4370.0,4376.666504,4374.487305,4378.846191,4361.538574,4356.538574,4456.666504,4508.717773,4395.256348,4432.94873,,,,,,,,,,,,,,,,,,,,,,,,,,,,,,,,,,,,,,,,,,,,,,,,,,,,,,,,,,,,,,,,,,,,,,
1768972967.353591,1768972967.353951,72.0,0.0,4377.05127,4368.846191,4358.333496,4375.256348,4362.692383,4372.307617,4369.230957,4376.153809,4357.692383,4350.384766,4447.563965,4505.256348,4396.410156,4427.05127,,,,,,,,,,,,,,,,,,,,,,,,,,,,,,,,,,,,,,,,,,,,,,,,,,,,,,,,,,,,,,,,,,,,,,
1768972967.361399,1768972967.36176,73.0,0.0,4370.897461,4363.974121,4352.436035,4374.230957,4359.615234,4365.641113,4363.846191,4371.922852,4357.05127,4340.384766,4440.512695,4499.358887,4386.794922,4415.256348,,,,,,,,,,,,,,,,,,,,,,,,,,,,,,,,,,,,,,,,,,,,,,,,,,,,,,,,,,,,,,,,,,,,,,
1768972967.369208,1768972967.369468,74.0,0.0,4373.333496,4364.743652,4355.769043,4378.205078,4364.358887,4368.974121,4369.871582,4371.410156,4359.358887,4341.666504,4443.461426,4496.282227,4380.384766,4413.717773,,,,,,,,,,,,,,,,,,,,,,,,,,,,,,,,,,,,,,,,,,,,,,,,,,,,,,,,,,,,,,,,,,,,,,
1768972967.377016,1768972967.377277,75.0,0.0,4381.922852,4368.077148,4361.153809,4378.589844,4368.333496,4372.563965,4373.333496,4372.307617,4357.436035,4345.641113,4444.615234,4500.256348,4382.179688,4423.333496,,,,,,,,,,,,,,,,,,,,,,,,,,,,,,,,,,,,,,,,,,,,,,,,,,,,,,,,,,,,,,,,,,,,,,
1768972967.384824,1768972967.384885,76.0,0.0,4383.461426,4368.333496,4359.230957,4380.0,4368.333496,4368.333496,4366.025879,4369.358887,4354.615234,4343.717773,4443.461426,4499.487305,4382.563965,4428.461426,,,,,,,,,,,,,,,,,,,,,,,,,,,,,,,,,,,,,,,,,,,,,,,,,,,,,,,,,,,,,,,,,,,,,,
1768972967.392633,1768972967.392694,77.0,0.0,4380.769043,4368.077148,4359.871582,4383.846191,4367.307617,4368.077148,4366.410156,4368.846191,4354.358887,4340.128418,4442.307617,4490.769043,4381.410156,4423.333496,,,,,,,,,,,,,,,,,,,,,,,,,,,,,,,,,,,,,,,,,,,,,,,,,,,,,,,,,,,,,,,,,,,,,,
1768972967.400441,1768972967.400402,78.0,0.0,4382.94873,4372.436035,4363.717773,4387.94873,4370.897461,4376.282227,4381.410156,4378.205078,4356.794922,4343.461426,4442.94873,4492.05127,4381.922852,4418.205078,0.523755,0.403012,0.183607,0.302122,0.090641,1.582753,0.572246,0.410487,0.190106,0.104414,0.533931,0.165524,0.097107,0.174188,0.044827,0.559509,0.251485,0.091702,0.138943,0.061699,0.298425,0.131788,0.043132,0.03895,0.069825,0.183724,0.176283,0.110241,0.193126,0.190108,0.154794,0.278118,0.155628,0.152717,0.20176,0.36751,0.26454,0.126437,0.116238,0.048392,0.299434,0.255432,0.139378,0.15718,0.087507,0.256391,0.323519,0.116469,0.165434,0.097884,0.638744,0.566262,0.205094,0.31423,0.170753,0.590837,0.486755,0.192622,0.185576,0.170511,0.990805,0.502801,0.136364,0.199295,0.194298,0.710212,1.169196,0.204424,0.336898,0.158633
1768972967.40825,1768972967.408211,79.0,0.0,4383.205078,4372.94873,4358.846191,4387.94873,4372.820313,4377.05127,4384.230957,4382.692383,4359.358887,4350.384766,4445.641113,4503.461426,4386.282227,4419.743652,,,,,,,,,,,,,,,,,,,,,,,,,,,,,,,,,,,,,,,,,,,,,,,,,,,,,,,,,,,,,,,,,,,,,,
1768972967.416058,1768972967.416219,80.0,0.0,4378.333496,4368.333496,4354.743652,4382.692383,4367.820313,4372.05127,4374.102539,4375.384766,4357.692383,4349.102539,4444.871582,4507.692383,4388.205078,4423.077148,,,,,,,,,,,,,,,,,,,,,,,,,,,,,,,,,,,,,,,,,,,,,,,,,,,,,,,,,,,,,,,,,,,,,,
1768972967.423867,1768972967.424027,81.0,0.0,4385.128418,4370.769043,4364.358887,4380.897461,4368.077148,4375.769043,4373.077148,4371.794922,4357.05127,4344.102539,4445.256348,4508.717773,4387.179688,4428.205078,,,,,,,,,,,,,,,,,,,,,,,,,,,,,,,,,,,,,,,,,,,,,,,,,,,,,,,,,,,,,,,,,,,,,,
1768972967.431675,1768972967.431936,82.0,0.0,4395.256348,4378.333496,4370.897461,4382.563965,4372.692383,4376.922852,4375.384766,4374.102539,4359.230957,4344.615234,4448.461426,4511.025879,4386.922852,4430.769043,,,,,,,,,,,,,,,,,,,,,,,,,,,,,,,,,,,,,,,,,,,,,,,,,,,,,,,,,,,,,,,,,,,,,,
1768972967.439484,1768972967.439744,83.0,0.0,4385.641113,4375.769043,4359.871582,4375.384766,4368.333496,4372.05127,4373.333496,4370.256348,4357.94873,4342.563965,4446.025879,4502.436035,4382.94873,4422.94873,,,,,,,,,,,,,,,,,,,,,,,,,,,,,,,,,,,,,,,,,,,,,,,,,,,,,,,,,,,,,,,,,,,,,,
1768972967.447292,1768972967.447753,84.0,0.0,4371.025879,4365.128418,4350.897461,4370.256348,4361.922852,4367.563965,4372.436035,4365.0,4353.846191,4338.333496,4440.769043,4490.384766,4379.358887,4411.538574,,,,,,,,,,,,,,,,,,,,,,,,,,,,,,,,,,,,,,,,,,,,,,,,,,,,,,,,,,,,,,,,,,,,,,
1768972967.4551,1768972967.455561,85.0,0.0,4371.794922,4358.589844,4354.871582,4373.205078,4363.846191,4365.897461,4371.922852,4367.563965,4354.487305,4341.922852,4441.410156,4495.512695,4382.820313,4412.05127,,,,,,,,,,,,,,,,,,,,,,,,,,,,,,,,,,,,,,,,,,,,,,,,,,,,,,,,,,,,,,,,,,,,,,
1768972967.462909,1768972967.46327,86.0,0.0,4373.461426,4355.897461,4356.538574,4370.897461,4362.820313,4368.717773,4372.436035,4369.487305,4355.769043,4343.974121,4442.179688,4504.230957,4382.179688,4416.025879,,,,,,,,,,,,,,,,,,,,,,,,,,,,,,,,,,,,,,,,,,,,,,,,,,,,,,,,,,,,,,,,,,,,,,
1768972967.470717,1768972967.471078,87.0,0.0,4373.077148,4355.128418,4354.743652,4367.307617,4357.05127,4368.333496,4371.922852,4364.102539,4352.307617,4338.974121,4441.025879,4500.769043,4379.743652,4416.025879,,,,,,,,,,,,,,,,,,,,,,,,,,,,,,,,,,,,,,,,,,,,,,,,,,,,,,,,,,,,,,,,,,,,,,
1768972967.478526,1768972967.479086,88.0,0.0,4380.769043,4360.897461,4357.820313,4372.436035,4357.692383,4364.487305,4366.922852,4361.282227,4352.179688,4340.128418,4444.487305,4500.256348,4389.615234,4424.358887,,,,,,,,,,,,,,,,,,,,,,,,,,,,,,,,,,,,,,,,,,,,,,,,,,,,,,,,,,,,,,,,,,,,,,
1768972967.486334,1768972967.486895,89.0,0.0,4384.743652,4366.922852,4358.205078,4378.974121,4362.94873,4364.487305,4363.333496,4362.563965,4355.128418,4344.871582,4447.94873,4505.512695,4394.615234,4433.077148,,,,,,,,,,,,,,,,,,,,,,,,,,,,,,,,,,,,,,,,,,,,,,,,,,,,,,,,,,,,,,,,,,,,,,
1768972967.494143,1768972967.494803,90.0,0.0,4378.333496,4363.589844,4355.897461,4380.512695,4366.282227,4366.282227,4366.282227,4363.846191,4356.153809,4342.05127,4444.358887,4501.410156,4382.820313,4423.205078,,,,,,,,,,,,,,,,,,,,,,,,,,,,,,,,,,,,,,,,,,,,,,,,,,,,,,,,,,,,,,,,,,,,,,
1768972967.501951,1768972967.502611,91.0,0.0,4379.230957,4361.922852,4363.333496,4382.94873,4367.307617,4371.025879,4371.666504,4365.897461,4356.282227,4338.589844,4440.897461,4496.666504,4378.205078,4415.0,,,,,,,,,,,,,,,,,,,,,,,,,,,,,,,,,,,,,,,,,,,,,,,,,,,,,,,,,,,,,,,,,,,,,,
1768972967.50976,1768972967.51062,92.0,0.0,4388.461426,4372.179688,4369.743652,4387.436035,4367.436035,4378.846191,4374.743652,4369.102539,4356.666504,4342.94873,4443.589844,4507.179688,4387.05127,4423.717773,,,,,,,,,,,,,,,,,,,,,,,,,,,,,,,,,,,,,,,,,,,,,,,,,,,,,,,,,,,,,,,,,,,,,,
1768972967.517568,1768972967.518428,93.0,0.0,4387.436035,4374.358887,4363.205078,4385.0,4366.666504,4378.974121,4375.384766,4371.153809,4359.487305,4344.487305,4446.282227,4515.256348,4391.282227,4431.153809,,,,,,,,,,,,,,,,,,,,,,,,,,,,,,,,,,,,,,,,,,,,,,,,,,,,,,,,,,,,,,,,,,,,,,
1768972967.525376,1768972967.526137,94.0,0.0,4379.102539,4363.077148,4357.307617,4379.358887,4364.230957,4372.563965,4373.846191,4370.128418,4364.871582,4340.384766,4443.461426,4507.94873,4387.820313,4427.307617,0.505039,0.422868,0.160552,0.309104,0.082722,1.456087,0.464376,0.40386,0.221025,0.095172,0.525339,0.155619,0.079128,0.172261,0.046946,0.550874,0.262279,0.092174,0.137619,0.058142,0.295387,0.121594,0.048402,0.036154,0.07239,0.234611,0.213737,0.125176,0.182425,0.187466,0.216024,0.306159,0.201659,0.154619,0.205436,0.445296,0.295083,0.157208,0.117919,0.043595,0.297673,0.287701,0.143899,0.145427,0.084216,0.219008,0.312045,0.136124,0.160065,0.092554,0.722866,0.596747,0.215607,0.307381,0.169314,0.575348,0.502286,0.209854,0.183639,0.159204,0.849451,0.477594,0.139512,0.178165,0.179435,0.742514,1.251737,0.206064,0.357181,0.139965
1768972967.533185,1768972967.533945,95.0,0.0,4378.717773,4361.025879,4359.871582,4380.256348,4363.461426,4372.563965,4374.102539,4366.025879,4366.922852,4342.820313,4442.94873,4504.615234,4384.615234,4419.743652,,,,,,,,,,,,,,,,,,,,,,,,,,,,,,,,,,,,,,,,,,,,,,,,,,,,,,,,,,,,,,,,,,,,,,
1768972967.540993,1768972967.541554,96.0,0.0,4380.897461,4365.769043,4360.384766,4381.282227,4365.256348,4374.871582,4374.743652,4364.230957,4364.871582,4345.897461,4444.230957,4504.743652,4382.179688,4414.230957,,,,,,,,,,,,,,,,,,,,,,,,,,,,,,,,,,,,,,,,,,,,,,,,,,,,,,,,,,,,,,,,,,,,,,
1768972967.548802,1768972967.549362,97.0,0.0,4379.358887,4365.512695,4360.0,4377.179688,4366.025879,4369.102539,4369.871582,4368.205078,4367.563965,4343.205078,4442.179688,4502.05127,4381.282227,4415.128418,,,,,,,,,,,,,,,,,,,,,,,,,,,,,,,,,,,,,,,,,,,,,,,,,,,,,,,,,,,,,,,,,,,,,,
1768972967.55661,1768972967.557071,98.0,0.0,4380.256348,4369.230957,4365.512695,4381.025879,4367.179688,4366.282227,4368.077148,4371.410156,4371.794922,4343.846191,4444.487305,4505.512695,4385.897461,4423.717773,,,,,,,,,,,,,,,,,,,,,,,,,,,,,,,,,,,,,,,,,,,,,,,,,,,,,,,,,,,,,,,,,,,,,,
1768972967.564419,1768972967.564879,99.0,0.0,4383.461426,4380.128418,4369.230957,4387.692383,4369.230957,4370.512695,4373.974121,4369.487305,4373.461426,4348.974121,4450.769043,4512.307617,4392.563965,4429.358887,,,,,,,,,,,,,,,,,,,,,,,,,,,,,,,,,,,,,,,,,,,,,,,,,,,,,,,,,,,,,,,,,,,,,,
1768972967.572227,1768972967.572488,100.0,0.0,4383.333496,4385.0,4361.794922,4381.666504,4368.589844,4370.384766,4373.589844,4369.743652,4373.974121,4350.769043,4451.410156,4510.641113,4393.077148,4425.128418,,,,,,,,,,,,,,,,,,,,,,,,,,,,,,,,,,,,,,,,,,,,,,,,,,,,,,,,,,,,,,,,,,,,,,
1768972967.580036,1768972967.580296,101.0,0.0,4380.0,4380.128418,4352.94873,4376.282227,4369.230957,4366.922852,4366.282227,4373.846191,4373.589844,4350.512695,4445.256348,4504.358887,4387.563965,4417.692383,,,,,,,,,,,,,,,,,,,,,,,,,,,,,,,,,,,,,,,,,,,,,,,,,,,,,,,,,,,,,,,,,,,,,,
1768972967.587844,1768972967.588005,102.0,0.0,4376.410156,4373.589844,4357.692383,4380.0,4367.563965,4369.230957,4369.871582,4377.436035,4372.563965,4350.384766,4443.846191,4508.589844,4387.179688,4418.974121,,,,,,,,,,,,,,,,,,,,,,,,,,,,,,,,,,,,,,,,,,,,,,,,,,,,,,,,,,,,,,,,,,,,,,
1768972967.595652,1768972967.595813,103.0,0.0,4373.974121,4369.358887,4363.974121,4378.846191,4361.153809,4371.153809,4375.769043,4375.897461,4367.94873,4350.0,4447.692383,4517.307617,4394.358887,4427.692383,,,,,,,,,,,,,,,,,,,,,,,,,,,,,,,,,,,,,,,,,,,,,,,,,,,,,,,,,,,,,,,,,,,,,,
1768972967.603461,1768972967.603422,104.0,0.0,4373.846191,4368.717773,4356.666504,4371.922852,4360.128418,4364.102539,4367.307617,4370.128418,4364.487305,4347.820313,4447.820313,4516.282227,4395.512695,4425.256348,,,,,,,,,,,,,,,,,,,,,,,,,,,,,,,,,,,,,,,,,,,,,,,,,,,,,,,,,,,,,,,,,,,,,,
1768972967.611269,1768972967.61123,105.0,0.0,4372.692383,4365.641113,4346.410156,4369.743652,4365.897461,4362.179688,4365.128418,4369.743652,4366.282227,4345.384766,4443.974121,4508.846191,4389.871582,4413.077148,,,,,,,,,,,,,,,,,,,,,,,,,,,,,,,,,,,,,,,,,,,,,,,,,,,,,,,,,,,,,,,,,,,,,,
1768972967.619078,1768972967.619139,106.0,0.0,4367.307617,4358.717773,4344.615234,4368.333496,4366.794922,4372.436035,4375.897461,4372.436035,4367.179688,4347.179688,4442.05127,4504.615234,4385.128418,4411.025879,,,,,,,,,,,,,,,,,,,,,,,,,,,,,,,,,,,,,,,,,,,,,,,,,,,,,,,,,,,,,,,,,,,,,,
1768972967.626886,1768972967.626947,107.0,0.0,4364.358887,4355.897461,4347.307617,4365.128418,4365.384766,4373.717773,4374.615234,4370.256348,4365.0,4349.743652,4444.230957,4505.128418,4383.974121,4412.820313,,,,,,,,,,,,,,,,,,,,,,,,,,,,,,,,,,,,,,,,,,,,,,,,,,,,,,,,,,,,,,,,,,,,,,
1768972967.634695,1768972967.634955,108.0,0.0,4365.128418,4356.666504,4351.410156,4366.794922,4367.05127,4363.717773,4364.871582,4368.461426,4367.307617,4344.871582,4445.128418,4506.282227,4384.230957,4409.358887,,,,,,,,,,,,,,,,,,,,,,,,,,,,,,,,,,,,,,,,,,,,,,,,,,,,,,,,,,,,,,,,,,,,,,
1768972967.642503,1768972967.642764,109.0,0.0,4365.128418,4354.743652,4352.94873,4365.384766,4366.153809,4363.846191,4365.0,4367.307617,4366.794922,4340.769043,4443.205078,4500.384766,4381.794922,4409.743652,,,,,,,,,,,,,,,,,,,,,,,,,,,,,,,,,,,,,,,,,,,,,,,,,,,,,,,,,,,,,,,,,,,,,,
1768972967.650312,1768972967.650672,110.0,0.0,4366.666504,4354.487305,4350.512695,4362.307617,4364.102539,4372.563965,4368.461426,4363.589844,4358.333496,4341.025879,4441.282227,4490.641113,4379.487305,4413.205078,0.505554,0.415163,0.164403,0.309351,0.079578,1.44919,0.368585,0.400361,0.2504,0.088967,0.478546,0.144609,0.07655,0.162807,0.05512,0.510784,0.259761,0.100065,0.13856,0.05646,0.275982,0.111187,0.053383,0.034128,0.071487,0.290613,0.252768,0.144452,0.178072,0.183484,0.288418,0.320193,0.244038,0.162598,0.202528,0.530241,0.313491,0.181685,0.112201,0.039213,0.29833,0.311558,0.146197,0.135435,0.077068,0.198784,0.300962,0.155281,0.157522,0.086786,0.83324,0.605668,0.237382,0.299933,0.16945,0.603006,0.505393,0.228247,0.194062,0.149053,0.730359,0.453081,0.177345,0.166655,0.161622,0.749426,1.238814,0.231843,0.38165,0.127607
1768972967.65812,1768972967.658481,111.0,0.0,4369.615234,4360.769043,4353.077148,4371.922852,4368.717773,4373.205078,4369.102539,4363.846191,4359.358887,4341.538574,4440.897461,4496.153809,4383.205078,4412.179688,,,,,,,,,,,,,,,,,,,,,,,,,,,,,,,,,,,,,,,,,,,,,,,,,,,,,,,,,,,,,,,,,,,,,,
1768972967.665928,1768972967.666089,112.0,0.0,4365.256348,4362.307617,4358.077148,4380.256348,4375.256348,4370.769043,4372.05127,4367.692383,4367.05127,4340.897461,4443.077148,4504.615234,4385.384766,4410.384766,,,,,,,,,,,,,,,,,,,,,,,,,,,,,,,,,,,,,,,,,,,,,,,,,,,,,,,,,,,,,,,,,,,,,,
1768972967.673737,1768972967.673898,113.0,0.0,4361.410156,4356.666504,4355.769043,4374.743652,4375.897461,4371.794922,4372.05127,4366.282227,4367.820313,4342.94873,4443.846191,4500.769043,4380.512695,4409.358887,,,,,,,,,,,,,,,,,,,,,,,,,,,,,,,,,,,,,,,,,,,,,,,,,,,,,,,,,,,,,,,,,,,,,,
1768972967.681545,1768972967.681806,114.0,0.0,4370.384766,4357.692383,4351.025879,4375.897461,4373.717773,4368.717773,4367.94873,4365.128418,4368.846191,4347.436035,4442.692383,4500.384766,4383.077148,4409.487305,,,,,,,,,,,,,,,,,,,,,,,,,,,,,,,,,,,,,,,,,,,,,,,,,,,,,,,,,,,,,,,,,,,,,,
1768972967.689354,1768972967.689615,115.0,0.0,4375.769043,4364.743652,4350.641113,4382.179688,4368.333496,4366.922852,4369.871582,4370.769043,4373.205078,4349.230957,4448.589844,4511.410156,4392.179688,4419.743652,,,,,,,,,,,,,,,,,,,,,,,,,,,,,,,,,,,,,,,,,,,,,,,,,,,,,,,,,,,,,,,,,,,,,,
1768972967.697162,1768972967.697623,116.0,0.0,4370.384766,4361.282227,4350.128418,4373.333496,4360.0,4369.615234,4373.333496,4374.358887,4372.307617,4348.717773,4456.538574,4519.358887,4390.384766,4426.153809,,,,,,,,,,,,,,,,,,,,,,,,,,,,,,,,,,,,,,,,,,,,,,,,,,,,,,,,,,,,,,,,,,,,,,
1768972967.704971,1768972967.705431,117.0,0.0,4369.487305,4355.0,4349.871582,4367.436035,4360.256348,4370.0,4370.769043,4370.384766,4368.205078,4347.692383,4451.922852,4518.589844,4383.077148,4418.846191,,,,,,,,,,,,,,,,,,,,,,,,,,,,,,,,,,,,,,,,,,,,,,,,,,,,,,,,,,,,,,,,,,,,,,
1768972967.712779,1768972967.71334,118.0,0.0,4373.974121,4358.717773,4352.179688,4376.922852,4366.794922,4370.897461,4370.128418,4365.384766,4364.743652,4345.128418,4444.230957,4516.794922,4381.922852,4415.0,,,,,,,,,,,,,,,,,,,,,,,,,,,,,,,,,,,,,,,,,,,,,,,,,,,,,,,,,,,,,,,,,,,,,,
1768972967.720588,1768972967.721148,119.0,0.0,4372.179688,4362.05127,4350.897461,4381.282227,4367.94873,4372.179688,4369.615234,4362.436035,4357.692383,4341.538574,4444.487305,4510.512695,4381.410156,4416.153809,,,,,,,,,,,,,,,,,,,,,,,,,,,,,,,,,,,,,,,,,,,,,,,,,,,,,,,,,,,,,,,,,,,,,,
1768972967.728396,1768972967.729056,120.0,0.0,4372.692383,4359.743652,4349.102539,4381.025879,4368.205078,4370.769043,4363.846191,4361.153809,4352.94873,4340.512695,4444.102539,4500.769043,4378.589844,4412.436035,,,,,,,,,,,,,,,,,,,,,,,,,,,,,,,,,,,,,,,,,,,,,,,,,,,,,,,,,,,,,,,,,,,,,,
1768972967.736205,1768972967.736865,121.0,0.0,4377.94873,4356.153809,4352.179688,4383.205078,4371.410156,4370.897461,4365.769043,4364.102539,4358.205078,4342.692383,4441.794922,4499.743652,4381.025879,4411.282227,,,,,,,,,,,,,,,,,,,,,,,,,,,,,,,,,,,,,,,,,,,,,,,,,,,,,,,,,,,,,,,,,,,,,,
1768972967.744013,1768972967.744573,122.0,0.0,4369.358887,4347.179688,4349.358887,4376.538574,4370.128418,4373.974121,4375.769043,4368.846191,4365.384766,4343.717773,4442.94873,4504.487305,4383.974121,4414.230957,,,,,,,,,,,,,,,,,,,,,,,,,,,,,,,,,,,,,,,,,,,,,,,,,,,,,,,,,,,,,,,,,,,,,,
1768972967.751821,1768972967.752382,123.0,0.0,4356.922852,4337.436035,4344.102539,4367.179688,4365.897461,4372.563965,4375.128418,4370.256348,4364.102539,4341.922852,4443.846191,4506.025879,4382.307617,4411.538574,,,,,,,,,,,,,,,,,,,,,,,,,,,,,,,,,,,,,,,,,,,,,,,,,,,,,,,,,,,,,,,,,,,,,,
1768972967.75963,1768972967.759991,124.0,0.0,4362.563965,4342.307617,4346.538574,4370.512695,4364.615234,4365.512695,4365.641113,4366.282227,4361.282227,4343.333496,4444.358887,4505.256348,4382.436035,4412.307617,,,,,,,,,,,,,,,,,,,,,,,,,,,,,,,,,,,,,,,,,,,,,,,,,,,,,,,,,,,,,,,,,,,,,,
1768972967.767438,1768972967.767799,125.0,0.0,4369.358887,4349.102539,4348.333496,4375.128418,4366.153809,4363.205078,4363.077148,4364.615234,4365.128418,4348.333496,4445.0,4503.205078,4383.589844,4413.461426,,,,,,,,,,,,,,,,,,,,,,,,,,,,,,,,,,,,,,,,,,,,,,,,,,,,,,,,,,,,,,,,,,,,,,
1768972967.775247,1768972967.775507,126.0,0.0,4360.512695,4344.358887,4340.769043,4369.102539,4368.205078,4370.384766,4368.461426,4367.94873,4367.436035,4347.436035,4442.563965,4495.769043,4379.102539,4403.717773,0.508268,0.381234,0.186704,0.30427,0.083148,1.534736,0.292836,0.385287,0.268102,0.086271,0.404793,0.133145,0.086271,0.149298,0.069128,0.448836,0.251074,0.116539,0.140879,0.056755,0.244481,0.106741,0.057686,0.034445,0.067896,0.337125,0.298285,0.170463,0.17844,0.175702,0.351352,0.326644,0.278589,0.171057,0.19045,0.606557,0.316504,0.195992,0.100199,0.036355,0.306591,0.323436,0.148041,0.12901,0.067875,0.190137,0.29656,0.176478,0.154236,0.082353,0.920873,0.593969,0.272199,0.287932,0.167622,0.679027,0.506772,0.241222,0.216405,0.141305,0.636566,0.448316,0.254108,0.161281,0.143906,0.72216,1.143811,0.27572,0.404202,0.120131
1768972967.783055,1768972967.783316,127.0,0.0,4351.922852,4337.436035,4333.461426,4363.717773,4368.077148,4377.307617,4373.589844,4370.897461,4366.538574,4345.128418,4442.307617,4495.512695,4376.794922,4399.487305,,,,,,,,,,,,,,,,,,,,,,,,,,,,,,,,,,,,,,,,,,,,,,,,,,,,,,,,,,,,,,,,,,,,,,
1768972967.790864,1768972967.790925,0.0,0.0,4354.230957,4338.205078,4336.153809,4364.358887,4364.871582,4374.230957,4375.256348,4372.692383,4370.897461,4350.512695,4446.410156,4508.461426,4384.102539,4409.358887,,,,,,,,,,,,,,,,,,,,,,,,,,,,,,,,,,,,,,,,,,,,,,,,,,,,,,,,,,,,,,,,,,,,,,
1768972967.798672,1768972967.798733,1.0,0.0,4356.666504,4343.717773,4344.102539,4364.615234,4363.077148,4367.692383,4369.358887,4371.410156,4373.205078,4350.769043,4446.794922,4512.692383,4385.256348,4412.563965,,,,,,,,,,,,,,,,,,,,,,,,,,,,,,,,,,,,,,,,,,,,,,,,,,,,,,,,,,,,,,,,,,,,,,
1768972967.806481,1768972967.806442,2.0,0.0,4359.102539,4345.769043,4347.563965,4365.384766,4365.256348,4368.589844,4366.153809,4368.717773,4366.410156,4343.461426,4442.820313,4506.025879,4373.589844,4404.230957,,,,,,,,,,,,,,,,,,,,,,,,,,,,,,,,,,,,,,,,,,,,,,,,,,,,,,,,,,,,,,,,,,,,,,
1768972967.814289,1768972967.81425,3.0,0.0,4363.205078,4341.538574,4348.205078,4368.846191,4366.538574,4371.282227,4372.820313,4368.717773,4358.846191,4340.769043,4439.743652,4502.820313,4367.820313,4398.974121,,,,,,,,,,,,,,,,,,,,,,,,,,,,,,,,,,,,,,,,,,,,,,,,,,,,,,,,,,,,,,,,,,,,,,
1768972967.822097,1768972967.822258,4.0,0.0,4365.0,4342.436035,4348.846191,4368.974121,4366.410156,4370.128418,4375.128418,4369.871582,4357.563965,4341.410156,4437.179688,4502.563965,4372.307617,4397.692383,,,,,,,,,,,,,,,,,,,,,,,,,,,,,,,,,,,,,,,,,,,,,,,,,,,,,,,,,,,,,,,,,,,,,,
1768972967.829906,1768972967.830067,5.0,0.0,4365.256348,4354.487305,4349.871582,4367.179688,4367.05127,4371.922852,4371.666504,4368.717773,4358.205078,4340.897461,4436.922852,4505.897461,4374.871582,4402.563965,,,,,,,,,,,,,,,,,,,,,,,,,,,,,,,,,,,,,,,,,,,,,,,,,,,,,,,,,,,,,,,,,,,,,,
1768972967.837714,1768972967.837975,6.0,0.0,4364.102539,4358.589844,4350.0,4366.538574,4364.871582,4376.282227,4373.333496,4367.820313,4359.871582,4341.794922,4435.769043,4509.358887,4372.436035,4407.436035,,,,,,,,,,,,,,,,,,,,,,,,,,,,,,,,,,,,,,,,,,,,,,,,,,,,,,,,,,,,,,,,,,,,,,
1768972967.845523,1768972967.845784,7.0,0.0,4365.384766,4357.94873,4347.820313,4366.666504,4362.436035,4371.666504,4372.692383,4366.666504,4359.487305,4341.410156,4434.358887,4503.205078,4371.025879,4405.0,,,,,,,,,,,,,,,,,,,,,,,,,,,,,,,,,,,,,,,,,,,,,,,,,,,,,,,,,,,,,,,,,,,,,,
1768972967.853331,1768972967.853792,8.0,0.0,4364.871582,4358.589844,4344.743652,4365.897461,4363.717773,4368.974121,4369.358887,4366.538574,4357.820313,4339.230957,4438.846191,4501.025879,4373.077148,4405.897461,,,,,,,,,,,,,,,,,,,,,,,,,,,,,,,,,,,,,,,,,,,,,,,,,,,,,,,,,,,,,,,,,,,,,,
1768972967.86114,1768972967.8616,9.0,0.0,4355.641113,4350.641113,4344.743652,4362.563965,4366.410156,4379.102539,4376.538574,4374.743652,4366.410156,4344.743652,4446.922852,4513.589844,4378.589844,4411.538574,,,,,,,,,,,,,,,,,,,,,,,,,,,,,,,,,,,,,,,,,,,,,,,,,,,,,,,,,,,,,,,,,,,,,,
1768972967.868948,1768972967.869309,10.0,0.0,4357.692383,4351.922852,4349.358887,4363.461426,4367.94873,4377.179688,4377.692383,4377.820313,4375.0,4351.025879,4449.102539,4520.512695,4383.589844,4414.743652,,,,,,,,,,,,,,,,,,,,,,,,,,,,,,,,,,,,,,,,,,,,,,,,,,,,,,,,,,,,,,,,,,,,,,
1768972967.876757,1768972967.877117,11.0,0.0,4374.358887,4366.794922,4351.922852,4372.05127,4366.666504,4359.871582,4364.358887,4367.05127,4370.0,4345.769043,4446.025879,4513.974121,4382.436035,4416.538574,,,,,,,,,,,,,,,,,,,,,,,,,,,,,,,,,,,,,,,,,,,,,,,,,,,,,,,,,,,,,,,,,,,,,,
1768972967.884565,1768972967.885125,12.0,0.0,4378.846191,4370.256348,4350.256348,4375.769043,4365.256348,4364.487305,4366.153809,4363.077148,4365.256348,4340.769043,4443.205078,4507.820313,4380.384766,4417.307617,,,,,,,,,,,,,,,,,,,,,,,,,,,,,,,,,,,,,,,,,,,,,,,,,,,,,,,,,,,,,,,,,,,,,,
1768972967.892373,1768972967.892934,13.0,0.0,4376.282227,4363.974121,4352.563965,4372.820313,4367.05127,4377.692383,4375.384766,4369.102539,4369.743652,4344.102539,4444.358887,4507.820313,4382.820313,4415.897461,,,,,,,,,,,,,,,,,,,,,,,,,,,,,,,,,,,,,,,,,,,,,,,,,,,,,,,,,,,,,,,,,,,,,,
1768972967.900182,1768972967.900842,14.0,0.0,4382.436035,4365.897461,4354.358887,4373.461426,4366.410156,4366.666504,4368.205078,4368.974121,4369.487305,4344.743652,4446.666504,4508.333496,4383.589844,4416.153809,0.504498,0.333642,0.216721,0.297558,0.093407,1.664509,0.238158,0.356784,0.269389,0.087069,0.333227,0.126083,0.10508,0.13766,0.087424,0.396011,0.24655,0.142942,0.142178,0.059275,0.209045,0.113784,0.062298,0.039226,0.063226,0.360477,0.351845,0.201583,0.178191,0.164675,0.38681,0.333017,0.301666,0.174317,0.172534,0.658516,0.309508,0.198781,0.086133,0.035894,0.32749,0.326385,0.15073,0.127001,0.058701,0.190356,0.302341,0.202331,0.147835,0.080088,0.93654,0.567042,0.31942,0.268103,0.160043,0.780152,0.526859,0.247982,0.246888,0.136306,0.568841,0.474582,0.361357,0.158628,0.12972,0.678939,1.010493,0.331507,0.422207,0.116103
1768972967.90799,1768972967.908651,15.0,0.0,4378.077148,4367.436035,4347.436035,4373.333496,4360.256348,4358.333496,4363.077148,4366.282227,4363.461426,4340.897461,4440.769043,4502.692383,4378.333496,4409.871582,,,,,,,,,,,,,,,,,,,,,,,,,,,,,,,,,,,,,,,,,,,,,,,,,,,,,,,,,,,,,,,,,,,,,,
1768972967.915799,1768972967.916359,16.0,0.0,4363.846191,4363.205078,4339.615234,4367.307617,4358.461426,4369.743652,4368.333496,4368.974121,4362.692383,4340.897461,4431.794922,4498.846191,4371.153809,4396.410156,,,,,,,,,,,,,,,,,,,,,,,,,,,,,,,,,,,,,,,,,,,,,,,,,,,,,,,,,,,,,,,,,,,,,,
1768972967.923607,1768972967.924168,17.0,0.0,4363.077148,4362.05127,4339.871582,4364.743652,4359.358887,4369.358887,4365.641113,4366.922852,4363.974121,4341.794922,4431.538574,4499.743652,4371.153809,4393.974121,,,,,,,,,,,,,,,,,,,,,,,,,,,,,,,,,,,,,,,,,,,,,,,,,,,,,,,,,,,,,,,,,,,,,,
1768972967.931416,1768972967.931876,18.0,0.0,4366.794922,4361.538574,4343.205078,4365.641113,4359.358887,4364.615234,4366.025879,4365.769043,4364.358887,4341.282227,4435.512695,4502.05127,4374.487305,4401.538574,,,,,,,,,,,,,,,,,,,,,,,,,,,,,,,,,,,,,,,,,,,,,,,,,,,,,,,,,,,,,,,,,,,,,,
1768972967.939224,1768972967.939685,19.0,0.0,4360.128418,4353.461426,4339.102539,4361.410156,4359.102539,4374.487305,4374.871582,4370.512695,4363.717773,4340.897461,4432.692383,4502.692383,4367.436035,4400.0,,,,,,,,,,,,,,,,,,,,,,,,,,,,,,,,,,,,,,,,,,,,,,,,,,,,,,,,,,,,,,,,,,,,,,
1768972967.947033,1768972967.947693,20.0,0.0,4352.692383,4340.641113,4332.94873,4354.615234,4355.512695,4374.743652,4370.128418,4369.102539,4364.743652,4337.94873,4426.794922,4498.333496,4358.461426,4388.205078,,,,,,,,,,,,,,,,,,,,,,,,,,,,,,,,,,,,,,,,,,,,,,,,,,,,,,,,,,,,,,,,,,,,,,
1768972967.954841,1768972967.955501,21.0,0.0,4355.384766,4340.769043,4337.94873,4358.077148,4354.230957,4362.307617,4362.307617,4368.974121,4371.153809,4340.769043,4433.589844,4498.461426,4365.0,4388.717773,,,,,,,,,,,,,,,,,,,,,,,,,,,,,,,,,,,,,,,,,,,,,,,,,,,,,,,,,,,,,,,,,,,,,,
1768972967.962649,1768972967.96321,22.0,0.0,4365.128418,4351.922852,4351.025879,4371.282227,4358.974121,4364.743652,4370.128418,4375.0,4374.615234,4351.025879,4446.666504,4509.743652,4379.230957,4406.025879,,,,,,,,,,,,,,,,,,,,,,,,,,,,,,,,,,,,,,,,,,,,,,,,,,,,,,,,,,,,,,,,,,,,,,
1768972967.970458,1768972967.971018,23.0,0.0,4368.077148,4355.128418,4355.0,4374.102539,4361.282227,4375.0,4376.410156,4373.589844,4374.230957,4350.769043,4448.333496,4518.077148,4382.563965,4414.487305,,,,,,,,,,,,,,,,,,,,,,,,,,,,,,,,,,,,,,,,,,,,,,,,,,,,,,,,,,,,,,,,,,,,,,
1768972967.978266,1768972967.978627,24.0,0.0,4363.461426,4353.589844,4349.871582,4367.692383,4358.077148,4372.692383,4372.307617,4368.205078,4374.102539,4344.358887,4443.974121,4513.717773,4379.615234,4410.256348,,,,,,,,,,,,,,,,,,,,,,,,,,,,,,,,,,,,,,,,,,,,,,,,,,,,,,,,,,,,,,,,,,,,,,
1768972967.986075,1768972967.986435,25.0,0.0,4358.717773,4350.641113,4345.641113,4364.615234,4357.820313,4367.307617,4371.922852,4369.487305,4371.794922,4347.692383,4444.487305,4510.641113,4380.256348,4408.717773,,,,,,,,,,,,,,,,,,,,,,,,,,,,,,,,,,,,,,,,,,,,,,,,,,,,,,,,,,,,,,,,,,,,,,
1768972967.993883,1768972967.994144,26.0,0.0,4356.922852,4344.487305,4345.641113,4362.563965,4357.563965,4368.846191,4375.128418,4371.794922,4370.641113,4353.077148,4445.256348,4512.179688,4380.128418,4411.538574,,,,,,,,,,,,,,,,,,,,,,,,,,,,,,,,,,,,,,,,,,,,,,,,,,,,,,,,,,,,,,,,,,,,,,
1768972968.001692,1768972968.001952,27.0,0.0,4360.641113,4344.487305,4346.794922,4360.512695,4354.615234,4371.794922,4375.641113,4370.512695,4375.0,4353.717773,4446.025879,4508.846191,4380.769043,4413.846191,,,,,,,,,,,,,,,,,,,,,,,,,,,,,,,,,,,,,,,,,,,,,,,,,,,,,,,,,,,,,,,,,,,,,,
1768972968.0095,1768972968.009561,28.0,0.0,4366.153809,4348.333496,4345.384766,4361.153809,4354.615234,4371.666504,4372.307617,4369.871582,4373.077148,4351.922852,4446.153809,4502.820313,4380.384766,4413.205078,,,,,,,,,,,,,,,,,,,,,,,,,,,,,,,,,,,,,,,,,,,,,,,,,,,,,,,,,,,,,,,,,,,,,,
1768972968.017309,1768972968.01737,29.0,0.0,4365.769043,4348.205078,4346.410156,4363.205078,4356.538574,4372.307617,4372.563965,4370.384766,4364.743652,4349.358887,4442.94873,4497.820313,4374.102539,4410.769043,,,,,,,,,,,,,,,,,,,,,,,,,,,,,,,,,,,,,,,,,,,,,,,,,,,,,,,,,,,,,,,,,,,,,,
1768972968.025117,1768972968.025278,30.0,0.0,4364.230957,4350.128418,4350.384766,4364.743652,4357.692383,4375.0,4380.0,4370.128418,4364.358887,4347.307617,4442.307617,4499.615234,4370.512695,4410.256348,0.50719,0.289771,0.248274,0.292188,0.108612,1.797863,0.208609,0.328524,0.256358,0.091566,0.285432,0.127663,0.133586,0.133715,0.107227,0.396243,0.254084,0.181428,0.141589,0.064455,0.176236,0.132954,0.069774,0.050545,0.059033,0.353599,0.406329,0.231565,0.172174,0.153291,0.384082,0.34091,0.310286,0.169663,0.155664,0.670637,0.303493,0.190306,0.075665,0.038115,0.361088,0.329356,0.153586,0.130044,0.051456,0.19701,0.319007,0.230149,0.137867,0.079486,0.86683,0.532224,0.368756,0.240314,0.145089,0.868831,0.585705,0.248166,0.279268,0.134565,0.519745,0.528906,0.473138,0.156312,0.121604,0.642973,0.887292,0.388933,0.436015,0.115189
1768972968.032925,1768972968.033086,31.0,0.0,4369.743652,4354.230957,4349.102539,4366.794922,4355.897461,4366.538574,4372.05127,4366.410156,4368.589844,4346.538574,4443.717773,4505.769043,4376.282227,4411.153809,,,,,,,,,,,,,,,,,,,,,,,,,,,,,,,,,,,,,,,,,,,,,,,,,,,,,,,,,,,,,,,,,,,,,,
1768972968.040734,1768972968.041095,32.0,0.0,4375.256348,4358.589844,4347.820313,4369.743652,4356.538574,4354.487305,4354.871582,4363.717773,4364.743652,4343.333496,4444.230957,4502.692383,4379.615234,4412.307617,,,,,,,,,,,,,,,,,,,,,,,,,,,,,,,,,,,,,,,,,,,,,,,,,,,,,,,,,,,,,,,,,,,,,,
1768972968.048542,1768972968.048903,33.0,0.0,4373.589844,4363.974121,4354.615234,4374.358887,4359.871582,4356.153809,4358.461426,4361.922852,4359.102539,4342.94873,4441.922852,4495.0,4375.384766,4414.102539,,,,,,,,,,,,,,,,,,,,,,,,,,,,,,,,,,,,,,,,,,,,,,,,,,,,,,,,,,,,,,,,,,,,,,
1768972968.056351,1768972968.056811,34.0,0.0,4372.307617,4365.897461,4354.871582,4376.025879,4361.410156,4359.487305,4365.384766,4359.358887,4357.179688,4343.333496,4435.128418,4490.512695,4371.794922,4411.025879,,,,,,,,,,,,,,,,,,,,,,,,,,,,,,,,,,,,,,,,,,,,,,,,,,,,,,,,,,,,,,,,,,,,,,
1768972968.064159,1768972968.06462,35.0,0.0,4373.205078,4364.102539,4347.179688,4373.461426,4360.769043,4356.282227,4358.333496,4361.410156,4356.666504,4338.974121,4428.589844,4486.922852,4368.461426,4406.025879,,,,,,,,,,,,,,,,,,,,,,,,,,,,,,,,,,,,,,,,,,,,,,,,,,,,,,,,,,,,,,,,,,,,,,
1768972968.071967,1768972968.072228,36.0,0.0,4370.128418,4363.333496,4350.0,4373.717773,4359.487305,4360.256348,4360.256348,4366.666504,4357.563965,4338.717773,4428.589844,4487.820313,4364.487305,4404.615234,,,,,,,,,,,,,,,,,,,,,,,,,,,,,,,,,,,,,,,,,,,,,,,,,,,,,,,,,,,,,,,,,,,,,,
1768972968.079776,1768972968.080037,37.0,0.0,4365.384766,4362.179688,4356.153809,4373.333496,4360.128418,4369.487305,4372.436035,4365.128418,4357.692383,4342.436035,4434.615234,4492.94873,4365.641113,4401.282227,,,,,,,,,,,,,,,,,,,,,,,,,,,,,,,,,,,,,,,,,,,,,,,,,,,,,,,,,,,,,,,,,,,,,,
1768972968.087584,1768972968.087945,38.0,0.0,4365.641113,4362.94873,4353.205078,4372.692383,4360.641113,4367.307617,4371.153809,4361.794922,4356.410156,4343.589844,4441.666504,4496.025879,4371.794922,4401.794922,,,,,,,,,,,,,,,,,,,,,,,,,,,,,,,,,,,,,,,,,,,,,,,,,,,,,,,,,,,,,,,,,,,,,,
1768972968.095393,1768972968.095754,39.0,0.0,4367.436035,4368.974121,4351.153809,4374.102539,4361.538574,4362.94873,4365.128418,4367.820313,4358.846191,4342.307617,4443.077148,4496.153809,4374.358887,4405.512695,,,,,,,,,,,,,,,,,,,,,,,,,,,,,,,,,,,,,,,,,,,,,,,,,,,,,,,,,,,,,,,,,,,,,,
1768972968.103201,1768972968.103762,40.0,0.0,4365.512695,4368.461426,4350.0,4373.974121,4360.256348,4362.820313,4366.410156,4370.769043,4362.307617,4341.666504,4439.230957,4493.717773,4372.307617,4402.179688,,,,,,,,,,,,,,,,,,,,,,,,,,,,,,,,,,,,,,,,,,,,,,,,,,,,,,,,,,,,,,,,,,,,,,
1768972968.11101,1768972968.11157,41.0,0.0,4360.769043,4361.282227,4345.0,4372.05127,4358.205078,4359.871582,4364.487305,4365.384766,4360.128418,4342.179688,4438.205078,4489.230957,4371.410156,4400.384766,,,,,,,,,,,,,,,,,,,,,,,,,,,,,,,,,,,,,,,,,,,,,,,,,,,,,,,,,,,,,,,,,,,,,,
1768972968.118818,1768972968.119279,42.0,0.0,4358.717773,4361.025879,4344.871582,4371.794922,4361.282227,4361.282227,4361.282227,4362.94873,4361.153809,4343.205078,4436.538574,4489.230957,4373.717773,4404.358887,,,,,,,,,,,,,,,,,,,,,,,,,,,,,,,,,,,,,,,,,,,,,,,,,,,,,,,,,,,,,,,,,,,,,,
1768972968.126627,1768972968.127087,43.0,0.0,4362.05127,4369.615234,4348.589844,4373.717773,4362.563965,4365.769043,4364.487305,4362.94873,4365.384766,4343.205078,4432.179688,4491.922852,4372.94873,4402.692383,,,,,,,,,,,,,,,,,,,,,,,,,,,,,,,,,,,,,,,,,,,,,,,,,,,,,,,,,,,,,,,,,,,,,,
1768972968.134435,1768972968.134696,44.0,0.0,4363.589844,4374.743652,4348.589844,4373.333496,4360.641113,4362.692383,4365.256348,4361.538574,4361.410156,4340.769043,4429.871582,4490.512695,4369.615234,4397.307617,,,,,,,,,,,,,,,,,,,,,,,,,,,,,,,,,,,,,,,,,,,,,,,,,,,,,,,,,,,,,,,,,,,,,,
1768972968.142244,1768972968.142505,45.0,0.0,4363.589844,4372.179688,4349.358887,4372.307617,4360.769043,4357.563965,4358.974121,4361.410156,4354.743652,4342.436035,4430.512695,4490.0,4373.589844,4399.358887,,,,,,,,,,,,,,,,,,,,,,,,,,,,,,,,,,,,,,,,,,,,,,,,,,,,,,,,,,,,,,,,,,,,,,
1768972968.150052,1768972968.150413,46.0,0.0,4366.025879,4372.05127,4349.615234,4372.820313,4360.769043,4362.436035,4359.487305,4363.717773,4356.794922,4346.410156,4437.179688,4495.128418,4380.512695,4404.487305,0.543112,0.263748,0.287381,0.289784,0.126034,1.893894,0.215565,0.324553,0.237758,0.100127,0.274877,0.136147,0.177364,0.139865,0.124827,0.474594,0.274799,0.23514,0.140673,0.072287,0.153418,0.160512,0.08232,0.068713,0.056046,0.317753,0.446344,0.251889,0.158317,0.14594,0.343766,0.343574,0.30297,0.158125,0.146169,0.645548,0.305644,0.172104,0.073407,0.042709,0.400578,0.347787,0.154658,0.137907,0.047519,0.210815,0.343588,0.251568,0.125413,0.079216,0.726244,0.501116,0.403218,0.208654,0.124283,0.923726,0.686113,0.24005,0.307402,0.136964,0.495098,0.595761,0.555298,0.15518,0.119929,0.642929,0.800444,0.434891,0.448088,0.11751
1768972968.15786,1768972968.158221,47.0,0.0,4365.512695,4373.333496,4344.230957,4372.692383,4359.615234,4372.179688,4370.769043,4364.615234,4363.461426,4344.615234,4443.717773,4497.179688,4378.077148,4402.820313,,,,,,,,,,,,,,,,,,,,,,,,,,,,,,,,,,,,,,,,,,,,,,,,,,,,,,,,,,,,,,,,,,,,,,
1768972968.165669,1768972968.16583,48.0,0.0,4364.102539,4371.282227,4344.102539,4374.102539,4360.897461,4373.846191,4375.384766,4364.743652,4364.102539,4340.128418,4441.538574,4493.589844,4371.666504,4398.717773,,,,,,,,,,,,,,,,,,,,,,,,,,,,,,,,,,,,,,,,,,,,,,,,,,,,,,,,,,,,,,,,,,,,,,
1768972968.173477,1768972968.173638,49.0,0.0,4370.384766,4374.487305,4354.871582,4380.256348,4361.666504,4370.0,4373.333496,4367.05127,4365.128418,4342.820313,4440.256348,4495.128418,4378.589844,4407.179688,,,,,,,,,,,,,,,,,,,,,,,,,,,,,,,,,,,,,,,,,,,,,,,,,,,,,,,,,,,,,,,,,,,,,,
1768972968.181286,1768972968.181347,50.0,0.0,4376.282227,4384.615234,4360.128418,4382.692383,4359.230957,4373.205078,4375.128418,4367.820313,4370.128418,4348.077148,4444.358887,4497.692383,4385.512695,4417.436035,,,,,,,,,,,,,,,,,,,,,,,,,,,,,,,,,,,,,,,,,,,,,,,,,,,,,,,,,,,,,,,,,,,,,,
1768972968.189094,1768972968.189155,51.0,0.0,4373.589844,4386.282227,4358.589844,4378.077148,4359.358887,4376.922852,4375.384766,4366.282227,4368.461426,4343.205078,4438.846191,4491.922852,4372.820313,4406.794922,,,,,,,,,,,,,,,,,,,,,,,,,,,,,,,,,,,,,,,,,,,,,,,,,,,,,,,,,,,,,,,,,,,,,,
1768972968.196903,1768972968.196764,52.0,0.0,4370.641113,4381.282227,4357.05127,4377.05127,4359.871582,4370.512695,4367.820313,4364.358887,4359.615234,4337.563965,4434.230957,4491.410156,4370.256348,4400.256348,,,,,,,,,,,,,,,,,,,,,,,,,,,,,,,,,,,,,,,,,,,,,,,,,,,,,,,,,,,,,,,,,,,,,,
1768972968.204711,1768972968.204572,53.0,0.0,4370.256348,4383.461426,4354.487305,4380.384766,4358.974121,4361.410156,4357.436035,4357.820313,4355.128418,4340.128418,4441.794922,4495.769043,4390.897461,4413.077148,,,,,,,,,,,,,,,,,,,,,,,,,,,,,,,,,,,,,,,,,,,,,,,,,,,,,,,,,,,,,,,,,,,,,,
1768972968.21252,1768972968.212481,54.0,0.0,4376.153809,4391.410156,4353.846191,4381.025879,4358.461426,4356.282227,4352.692383,4352.307617,4355.641113,4343.717773,4445.512695,4493.077148,4400.897461,4422.563965,,,,,,,,,,,,,,,,,,,,,,,,,,,,,,,,,,,,,,,,,,,,,,,,,,,,,,,,,,,,,,,,,,,,,,
1768972968.220328,1768972968.220289,55.0,0.0,4382.307617,4392.563965,4358.333496,4380.641113,4358.077148,4354.230957,4351.538574,4356.794922,4355.641113,4345.256348,4441.922852,4495.256348,4392.94873,4421.794922,,,,,,,,,,,,,,,,,,,,,,,,,,,,,,,,,,,,,,,,,,,,,,,,,,,,,,,,,,,,,,,,,,,,,,
1768972968.228136,1768972968.228298,56.0,0.0,4378.846191,4380.769043,4359.615234,4379.871582,4359.487305,4360.256348,4355.128418,4361.538574,4358.205078,4344.743652,4441.922852,4504.487305,4393.974121,4422.692383,,,,,,,,,,,,,,,,,,,,,,,,,,,,,,,,,,,,,,,,,,,,,,,,,,,,,,,,,,,,,,,,,,,,,,
1768972968.235945,1768972968.236106,57.0,0.0,4371.922852,4372.307617,4353.974121,4379.487305,4362.179688,4369.230957,4361.153809,4361.666504,4358.205078,4340.897461,4443.846191,4504.743652,4397.94873,4420.897461,,,,,,,,,,,,,,,,,,,,,,,,,,,,,,,,,,,,,,,,,,,,,,,,,,,,,,,,,,,,,,,,,,,,,,
1768972968.243753,1768972968.244014,58.0,0.0,4373.077148,4377.307617,4352.563965,4384.358887,4366.666504,4375.128418,4367.307617,4363.846191,4355.384766,4343.461426,4443.974121,4502.820313,4391.538574,4413.717773,,,,,,,,,,,,,,,,,,,,,,,,,,,,,,,,,,,,,,,,,,,,,,,,,,,,,,,,,,,,,,,,,,,,,,
1768972968.251562,1768972968.251823,59.0,0.0,4377.563965,4380.256348,4360.128418,4390.0,4370.897461,4377.179688,4370.512695,4365.0,4357.436035,4350.384766,4444.743652,4510.897461,4387.692383,4417.563965,,,,,,,,,,,,,,,,,,,,,,,,,,,,,,,,,,,,,,,,,,,,,,,,,,,,,,,,,,,,,,,,,,,,,,
1768972968.25937,1768972968.259831,60.0,0.0,4381.922852,4380.384766,4367.692383,4390.384766,4369.230957,4371.410156,4366.538574,4363.846191,4360.256348,4346.282227,4444.487305,4513.717773,4391.025879,4427.436035,,,,,,,,,,,,,,,,,,,,,,,,,,,,,,,,,,,,,,,,,,,,,,,,,,,,,,,,,,,,,,,,,,,,,,
1768972968.267179,1768972968.267639,61.0,0.0,4386.666504,4388.205078,4366.153809,4387.436035,4366.922852,4374.615234,4370.512695,4365.897461,4357.563965,4340.384766,4443.846191,4508.333496,4390.128418,4427.179688,,,,,,,,,,,,,,,,,,,,,,,,,,,,,,,,,,,,,,,,,,,,,,,,,,,,,,,,,,,,,,,,,,,,,,
1768972968.274987,1768972968.275348,62.0,0.0,4382.307617,4394.230957,4361.794922,4383.974121,4366.794922,4378.846191,4373.846191,4366.025879,4355.128418,4342.436035,4443.205078,4505.769043,4385.897461,4417.820313,0.637348,0.257238,0.344313,0.289052,0.14267,1.948348,0.249868,0.359607,0.225096,0.111876,0.305477,0.14807,0.241805,0.153471,0.136639,0.621489,0.300499,0.304559,0.141733,0.081761,0.140619,0.18969,0.099816,0.09109,0.053938,0.267607,0.459064,0.25881,0.139247,0.146884,0.286204,0.335105,0.282599,0.143356,0.147103,0.587074,0.3136,0.1481,0.079993,0.048939,0.431648,0.399801,0.152877,0.147732,0.047398,0.226959,0.369572,0.257307,0.111687,0.078149,0.561171,0.486693,0.408395,0.178034,0.1027,0.936189,0.809797,0.223032,0.32689,0.143432,0.475416,0.657535,0.578661,0.156312,0.123306,0.693683,0.751614,0.45174,0.456135,0.123436
1768972968.282796,1768972968.283156,63.0,0.0,4379.487305,4389.487305,4363.974121,4383.461426,4365.897461,4363.589844,4360.641113,4363.077148,4358.846191,4342.94873,4442.436035,4504.358887,4389.743652,4416.282227,,,,,,,,,,,,,,,,,,,,,,,,,,,,,,,,,,,,,,,,,,,,,,,,,,,,,,,,,,,,,,,,,,,,,,
1768972968.290604,1768972968.291165,64.0,0.0,4387.820313,4384.230957,4367.436035,4386.538574,4365.256348,4352.307617,4355.256348,4364.102539,4360.256348,4342.05127,4444.102539,4504.358887,4396.025879,4424.871582,,,,,,,,,,,,,,,,,,,,,,,,,,,,,,,,,,,,,,,,,,,,,,,,,,,,,,,,,,,,,,,,,,,,,,
1768972968.298412,1768972968.298973,65.0,0.0,4386.410156,4382.307617,4365.641113,4389.230957,4367.179688,4362.692383,4365.384766,4367.436035,4358.846191,4344.358887,4444.743652,4508.205078,4390.897461,4425.897461,,,,,,,,,,,,,,,,,,,,,,,,,,,,,,,,,,,,,,,,,,,,,,,,,,,,,,,,,,,,,,,,,,,,,,
1768972968.306221,1768972968.306682,66.0,0.0,4376.282227,4378.974121,4363.461426,4386.794922,4367.563965,4371.153809,4367.05127,4367.820313,4362.05127,4342.820313,4442.436035,4511.666504,4385.512695,4421.153809,,,,,,,,,,,,,,,,,,,,,,,,,,,,,,,,,,,,,,,,,,,,,,,,,,,,,,,,,,,,,,,,,,,,,,
1768972968.314029,1768972968.31449,67.0,0.0,4379.743652,4375.256348,4367.692383,4385.128418,4365.641113,4369.102539,4364.230957,4368.461426,4366.666504,4340.769043,4446.922852,4513.589844,4392.94873,4426.153809,,,,,,,,,,,,,,,,,,,,,,,,,,,,,,,,,,,,,,,,,,,,,,,,,,,,,,,,,,,,,,,,,,,,,,
1768972968.321838,1768972968.322099,68.0,0.0,4392.179688,4374.871582,4372.307617,4390.769043,4369.358887,4370.256348,4371.666504,4370.0,4367.179688,4345.769043,4457.436035,4518.846191,4399.615234,4435.897461,,,,,,,,,,,,,,,,,,,,,,,,,,,,,,,,,,,,,,,,,,,,,,,,,,,,,,,,,,,,,,,,,,,,,,
1768972968.329646,1768972968.329907,69.0,0.0,4391.538574,4377.563965,4371.794922,4394.102539,4372.820313,4374.358887,4376.282227,4372.307617,4365.0,4346.922852,4454.615234,4523.333496,4394.615234,4433.461426,,,,,,,,,,,,,,,,,,,,,,,,,,,,,,,,,,,,,,,,,,,,,,,,,,,,,,,,,,,,,,,,,,,,,,
1768972968.337455,1768972968.337616,70.0,0.0,4382.436035,4375.0,4367.05127,4388.077148,4368.461426,4377.94873,4375.256348,4374.487305,4368.333496,4345.128418,4443.077148,4522.563965,4391.410156,4424.487305,,,,,,,,,,,,,,,,,,,,,,,,,,,,,,,,,,,,,,,,,,,,,,,,,,,,,,,,,,,,,,,,,,,,,,
1768972968.345263,1768972968.345424,71.0,0.0,4378.846191,4364.230957,4359.615234,4382.692383,4366.922852,4377.436035,4374.102539,4374.102539,4372.692383,4349.871582,4446.666504,4520.0,4395.0,4423.717773,,,,,,,,,,,,,,,,,,,,,,,,,,,,,,,,,,,,,,,,,,,,,,,,,,,,,,,,,,,,,,,,,,,,,,
1768972968.353072,1768972968.353432,72.0,0.0,4386.153809,4361.922852,4358.205078,4388.205078,4372.820313,4381.153809,4376.666504,4375.0,4376.025879,4356.282227,4460.0,4525.641113,4400.897461,4431.922852,,,,,,,,,,,,,,,,,,,,,,,,,,,,,,,,,,,,,,,,,,,,,,,,,,,,,,,,,,,,,,,,,,,,,,
1768972968.36088,1768972968.361241,73.0,0.0,4398.461426,4372.820313,4368.589844,4396.666504,4374.871582,4388.461426,4384.743652,4377.94873,4378.077148,4358.077148,4461.538574,4538.077148,4405.641113,4439.743652,,,,,,,,,,,,,,,,,,,,,,,,,,,,,,,,,,,,,,,,,,,,,,,,,,,,,,,,,,,,,,,,,,,,,,
1768972968.368688,1768972968.369149,74.0,0.0,4399.743652,4372.563965,4375.384766,4396.538574,4370.384766,4380.769043,4382.307617,4378.077148,4374.743652,4355.897461,4456.025879,4542.820313,4405.0,4438.077148,,,,,,,,,,,,,,,,,,,,,,,,,,,,,,,,,,,,,,,,,,,,,,,,,,,,,,,,,,,,,,,,,,,,,,
1768972968.376497,1768972968.376958,75.0,0.0,4390.128418,4359.230957,4368.077148,4390.0,4367.307617,4366.794922,4364.358887,4373.717773,4369.871582,4355.0,4456.153809,4544.871582,4400.769043,4431.410156,,,,,,,,,,,,,,,,,,,,,,,,,,,,,,,,,,,,,,,,,,,,,,,,,,,,,,,,,,,,,,,,,,,,,,
1768972968.384305,1768972968.384566,76.0,0.0,4386.153809,4360.641113,4361.666504,4385.897461,4365.769043,4360.641113,4352.179688,4367.563965,4368.589844,4355.512695,4459.230957,4550.512695,4401.025879,4430.256348,,,,,,,,,,,,,,,,,,,,,,,,,,,,,,,,,,,,,,,,,,,,,,,,,,,,,,,,,,,,,,,,,,,,,,
1768972968.392114,1768972968.392375,77.0,0.0,4386.666504,4367.563965,4361.282227,4386.282227,4366.282227,4365.128418,4359.358887,4366.538574,4366.666504,4351.922852,4455.897461,4548.077148,4402.94873,4432.692383,,,,,,,,,,,,,,,,,,,,,,,,,,,,,,,,,,,,,,,,,,,,,,,,,,,,,,,,,,,,,,,,,,,,,,
1768972968.399922,1768972968.400083,78.0,0.0,4383.205078,4361.153809,4361.794922,4387.692383,4369.102539,4372.179688,4368.846191,4367.820313,4364.615234,4347.179688,4447.563965,4538.205078,4397.179688,4428.333496,0.80102,0.263015,0.420372,0.286066,0.155502,1.985565,0.288945,0.424009,0.226584,0.124281,0.369492,0.161084,0.32094,0.168494,0.140545,0.789646,0.318533,0.381893,0.145564,0.090674,0.138627,0.211653,0.119044,0.112134,0.051649,0.224086,0.443359,0.25957,0.121617,0.157818,0.240505,0.318255,0.260068,0.130775,0.1576,0.513085,0.317528,0.125689,0.091976,0.055668,0.450028,0.487897,0.150178,0.155264,0.050698,0.248812,0.388483,0.241213,0.097641,0.075889,0.430587,0.493352,0.382066,0.153234,0.0863,0.934469,0.920147,0.198821,0.336588,0.152306,0.470719,0.704659,0.534281,0.16018,0.129391,0.818573,0.728849,0.429064,0.453382,0.133102
1768972968.407731,1768972968.407892,79.0,0.0,4386.282227,4357.179688,4365.512695,4390.0,4368.333496,4370.384766,4366.538574,4366.025879,4364.743652,4346.025879,4443.333496,4534.871582,4392.436035,4427.307617,,,,,,,,,,,,,,,,,,,,,,,,,,,,,,,,,,,,,,,,,,,,,,,,,,,,,,,,,,,,,,,,,,,,,,
1768972968.415539,1768972968.4159,80.0,0.0,4398.589844,4361.282227,4369.743652,4391.282227,4367.692383,4367.179688,4363.846191,4365.384766,4360.641113,4343.974121,4446.282227,4544.230957,4395.0,4438.077148,,,,,,,,,,,,,,,,,,,,,,,,,,,,,,,,,,,,,,,,,,,,,,,,,,,,,,,,,,,,,,,,,,,,,,
1768972968.423348,1768972968.423708,81.0,0.0,4398.205078,4360.0,4366.538574,4388.461426,4368.974121,4374.230957,4369.358887,4368.846191,4359.615234,4343.461426,4451.666504,4549.358887,4396.538574,4442.563965,,,,,,,,,,,,,,,,,,,,,,,,,,,,,,,,,,,,,,,,,,,,,,,,,,,,,,,,,,,,,,,,,,,,,,
1768972968.431156,1768972968.431617,82.0,0.0,4386.922852,4355.512695,4363.717773,4386.922852,4368.461426,4379.487305,4376.922852,4373.205078,4367.692383,4346.922852,4457.436035,4544.102539,4395.769043,4435.128418,,,,,,,,,,,,,,,,,,,,,,,,,,,,,,,,,,,,,,,,,,,,,,,,,,,,,,,,,,,,,,,,,,,,,,
1768972968.438964,1768972968.439425,83.0,0.0,4391.025879,4355.897461,4369.743652,4388.077148,4370.769043,4378.974121,4380.0,4376.025879,4368.717773,4348.846191,4458.846191,4542.307617,4397.94873,4436.025879,,,,,,,,,,,,,,,,,,,,,,,,,,,,,,,,,,,,,,,,,,,,,,,,,,,,,,,,,,,,,,,,,,,,,,
1768972968.446773,1768972968.447434,84.0,0.0,4401.794922,4357.563965,4375.256348,4389.487305,4372.692383,4379.358887,4375.769043,4375.0,4365.256348,4346.153809,4453.333496,4545.641113,4396.153809,4445.384766,,,,,,,,,,,,,,,,,,,,,,,,,,,,,,,,,,,,,,,,,,,,,,,,,,,,,,,,,,,,,,,,,,,,,,
1768972968.454581,1768972968.455242,85.0,0.0,4394.743652,4356.794922,4372.307617,4389.487305,4368.589844,4370.769043,4363.974121,4369.615234,4367.179688,4345.0,4447.436035,4543.717773,4389.743652,4440.512695,,,,,,,,,,,,,,,,,,,,,,,,,,,,,,,,,,,,,,,,,,,,,,,,,,,,,,,,,,,,,,,,,,,,,,
1768972968.46239,1768972968.46315,86.0,0.0,4382.179688,4355.256348,4364.230957,4387.94873,4365.384766,4363.205078,4360.256348,4369.230957,4367.820313,4350.256348,4449.230957,4537.820313,4391.666504,4430.897461,,,,,,,,,,,,,,,,,,,,,,,,,,,,,,,,,,,,,,,,,,,,,,,,,,,,,,,,,,,,,,,,,,,,,,
1768972968.470198,1768972968.470959,87.0,0.0,4381.666504,4352.820313,4359.102539,4383.589844,4366.410156,4365.512695,4363.333496,4370.0,4365.256348,4352.820313,4452.307617,4533.333496,4398.205078,4433.461426,,,,,,,,,,,,,,,,,,,,,,,,,,,,,,,,,,,,,,,,,,,,,,,,,,,,,,,,,,,,,,,,,,,,,,
1768972968.478007,1768972968.478867,88.0,0.0,4389.102539,4353.717773,4361.282227,4382.820313,4365.0,4359.615234,4359.615234,4364.358887,4365.641113,4347.94873,4450.641113,4533.077148,4397.436035,4440.897461,,,,,,,,,,,,,,,,,,,,,,,,,,,,,,,,,,,,,,,,,,,,,,,,,,,,,,,,,,,,,,,,,,,,,,
1768972968.485815,1768972968.486676,89.0,0.0,4395.769043,4362.05127,4364.615234,4389.102539,4365.512695,4354.615234,4358.333496,4362.94873,4363.717773,4346.794922,4449.487305,4537.94873,4395.384766,4445.0,,,,,,,,,,,,,,,,,,,,,,,,,,,,,,,,,,,,,,,,,,,,,,,,,,,,,,,,,,,,,,,,,,,,,,
1768972968.493624,1768972968.494384,90.0,0.0,4395.897461,4366.410156,4365.769043,4391.666504,4372.179688,4363.846191,4364.102539,4368.461426,4359.871582,4351.794922,4450.256348,4539.615234,4399.102539,4439.358887,,,,,,,,,,,,,,,,,,,,,,,,,,,,,,,,,,,,,,,,,,,,,,,,,,,,,,,,,,,,,,,,,,,,,,
1768972968.501432,1768972968.502193,91.0,0.0,4388.461426,4360.256348,4363.974121,4387.563965,4371.794922,4369.358887,4366.153809,4371.666504,4361.794922,4350.384766,4448.589844,4532.692383,4398.717773,4429.615234,,,,,,,,,,,,,,,,,,,,,,,,,,,,,,,,,,,,,,,,,,,,,,,,,,,,,,,,,,,,,,,,,,,,,,
1768972968.509241,1768972968.510201,92.0,0.0,4385.641113,4356.025879,4362.692383,4383.717773,4366.282227,4369.743652,4368.717773,4371.538574,4364.743652,4345.897461,4450.0,4530.0,4394.487305,4433.589844,,,,,,,,,,,,,,,,,,,,,,,,,,,,,,,,,,,,,,,,,,,,,,,,,,,,,,,,,,,,,,,,,,,,,,
1768972968.517049,1768972968.518009,93.0,0.0,4389.358887,4355.0,4365.641113,4382.820313,4367.179688,4373.077148,4375.0,4370.897461,4366.794922,4350.897461,4460.897461,4536.538574,4403.077148,4446.153809,,,,,,,,,,,,,,,,,,,,,,,,,,,,,,,,,,,,,,,,,,,,,,,,,,,,,,,,,,,,,,,,,,,,,,
1768972968.524857,1768972968.525718,94.0,0.0,4389.871582,4357.94873,4364.487305,4384.743652,4371.538574,4373.461426,4373.333496,4370.897461,4369.230957,4353.974121,4460.384766,4533.205078,4408.461426,4438.589844,1.008253,0.267019,0.500903,0.276905,0.162895,2.030447,0.315488,0.494254,0.243221,0.134171,0.448826,0.173846,0.397108,0.179485,0.136691,0.919207,0.317427,0.451025,0.15048,0.096559,0.142083,0.220159,0.134136,0.125213,0.048129,0.20407,0.417814,0.27286,0.111306,0.17624,0.229229,0.311416,0.254556,0.122772,0.173151,0.436949,0.309093,0.113868,0.103384,0.061383,0.461026,0.58837,0.151595,0.156792,0.056324,0.273091,0.394317,0.204213,0.083755,0.072937,0.365056,0.517835,0.338555,0.136501,0.078737,0.928498,0.978714,0.172713,0.336304,0.160052,0.475131,0.737584,0.440844,0.165887,0.137036,0.999847,0.71566,0.371104,0.432632,0.146023
1768972968.532666,1768972968.533526,95.0,0.0,4387.692383,4369.615234,4358.717773,4388.974121,4374.358887,4371.666504,4367.563965,4371.153809,4366.153809,4351.153809,4447.05127,4518.974121,4396.922852,4423.846191,,,,,,,,,,,,,,,,,,,,,,,,,,,,,,,,,,,,,,,,,,,,,,,,,,,,,,,,,,,,,,,,,,,,,,
1768972968.540474,1768972968.541135,96.0,0.0,4389.358887,4376.538574,4359.871582,4393.205078,4376.666504,4374.358887,4370.0,4369.615234,4362.436035,4352.179688,4449.230957,4520.0,4397.94873,4434.487305,,,,,,,,,,,,,,,,,,,,,,,,,,,,,,,,,,,,,,,,,,,,,,,,,,,,,,,,,,,,,,,,,,,,,,
1768972968.548283,1768972968.548943,97.0,0.0,4395.384766,4373.974121,4370.256348,4396.666504,4379.743652,4373.205078,4372.820313,4366.794922,4363.461426,4356.025879,4462.436035,4534.230957,4413.077148,4450.512695,,,,,,,,,,,,,,,,,,,,,,,,,,,,,,,,,,,,,,,,,,,,,,,,,,,,,,,,,,,,,,,,,,,,,,
1768972968.556091,1768972968.556852,98.0,0.0,4400.512695,4372.307617,4373.205078,4399.102539,4381.153809,4366.794922,4366.153809,4363.974121,4361.282227,4353.846191,4461.410156,4532.05127,4410.128418,4447.436035,,,,,,,,,,,,,,,,,,,,,,,,,,,,,,,,,,,,,,,,,,,,,,,,,,,,,,,,,,,,,,,,,,,,,,
1768972968.5639,1768972968.56466,99.0,0.0,4396.410156,4369.230957,4366.025879,4397.179688,4378.974121,4368.974121,4362.179688,4362.436035,4356.666504,4348.846191,4450.128418,4519.230957,4400.0,4436.538574,,,,,,,,,,,,,,,,,,,,,,,,,,,,,,,,,,,,,,,,,,,,,,,,,,,,,,,,,,,,,,,,,,,,,,
1768972968.571708,1768972968.572668,100.0,0.0,4384.487305,4358.717773,4357.94873,4390.0,4372.94873,4374.358887,4367.820313,4365.128418,4357.820313,4347.692383,4444.743652,4519.358887,4397.820313,4430.897461,,,,,,,,,,,,,,,,,,,,,,,,,,,,,,,,,,,,,,,,,,,,,,,,,,,,,,,,,,,,,,,,,,,,,,
1768972968.579517,1768972968.580477,101.0,0.0,4377.05127,4348.717773,4351.025879,4381.538574,4367.692383,4371.153809,4369.230957,4367.692383,4359.871582,4344.230957,4440.512695,4518.461426,4390.256348,4425.384766,,,,,,,,,,,,,,,,,,,,,,,,,,,,,,,,,,,,,,,,,,,,,,,,,,,,,,,,,,,,,,,,,,,,,,
1768972968.587325,1768972968.588185,102.0,0.0,4382.179688,4351.282227,4351.666504,4380.0,4364.871582,4362.307617,4363.205078,4366.538574,4359.871582,4342.692383,4441.025879,4514.487305,4386.922852,4427.692383,,,,,,,,,,,,,,,,,,,,,,,,,,,,,,,,,,,,,,,,,,,,,,,,,,,,,,,,,,,,,,,,,,,,,,
1768972968.595133,1768972968.595994,103.0,0.0,4390.256348,4359.871582,4361.794922,4388.589844,4366.538574,4362.05127,4364.102539,4371.922852,4365.641113,4349.871582,4451.538574,4524.230957,4396.794922,4439.487305,,,,,,,,,,,,,,,,,,,,,,,,,,,,,,,,,,,,,,,,,,,,,,,,,,,,,,,,,,,,,,,,,,,,,,
1768972968.602942,1768972968.603602,104.0,0.0,4388.205078,4359.743652,4364.102539,4393.846191,4372.307617,4370.384766,4372.179688,4380.0,4372.05127,4356.282227,4455.0,4529.871582,4402.307617,4441.153809,,,,,,,,,,,,,,,,,,,,,,,,,,,,,,,,,,,,,,,,,,,,,,,,,,,,,,,,,,,,,,,,,,,,,,
1768972968.61075,1768972968.611411,105.0,0.0,4381.153809,4354.358887,4354.102539,4387.563965,4368.077148,4367.436035,4370.256348,4377.307617,4369.230957,4354.487305,4453.461426,4522.05127,4398.461426,4436.025879,,,,,,,,,,,,,,,,,,,,,,,,,,,,,,,,,,,,,,,,,,,,,,,,,,,,,,,,,,,,,,,,,,,,,,
1768972968.618559,1768972968.619319,106.0,0.0,4381.025879,4356.538574,4353.717773,4383.205078,4362.179688,4358.333496,4363.974121,4374.230957,4365.512695,4352.94873,4454.615234,4522.692383,4396.025879,4441.025879,,,,,,,,,,,,,,,,,,,,,,,,,,,,,,,,,,,,,,,,,,,,,,,,,,,,,,,,,,,,,,,,,,,,,,
1768972968.626367,1768972968.627128,107.0,0.0,4385.512695,4358.333496,4363.461426,4387.820313,4367.692383,4361.025879,4368.205078,4376.153809,4366.153809,4355.0,4452.820313,4529.102539,4398.589844,4447.820313,,,,,,,,,,,,,,,,,,,,,,,,,,,,,,,,,,,,,,,,,,,,,,,,,,,,,,,,,,,,,,,,,,,,,,
1768972968.634176,1768972968.635136,108.0,0.0,4381.282227,4352.05127,4360.256348,4387.820313,4371.153809,4369.358887,4375.128418,4375.641113,4362.307617,4349.230957,4444.871582,4522.436035,4394.743652,4437.436035,,,,,,,,,,,,,,,,,,,,,,,,,,,,,,,,,,,,,,,,,,,,,,,,,,,,,,,,,,,,,,,,,,,,,,
1768972968.641984,1768972968.642944,109.0,0.0,4371.282227,4348.974121,4347.820313,4379.871582,4369.743652,4374.358887,4379.487305,4377.179688,4361.025879,4344.102539,4442.05127,4513.846191,4388.461426,4424.487305,,,,,,,,,,,,,,,,,,,,,,,,,,,,,,,,,,,,,,,,,,,,,,,,,,,,,,,,,,,,,,,,,,,,,,
1768972968.649793,1768972968.650853,110.0,0.0,4371.025879,4354.358887,4346.410156,4379.102539,4371.153809,4378.077148,4382.563965,4381.922852,4366.410156,4348.589844,4445.384766,4518.461426,4391.282227,4424.871582,1.203136,0.257182,0.560703,0.261078,0.166205,2.067135,0.320314,0.544616,0.268324,0.13959,0.517503,0.18537,0.4469,0.185098,0.128056,0.962772,0.293124,0.493934,0.153956,0.098066,0.151488,0.213451,0.139915,0.126068,0.043384,0.214,0.425463,0.316845,0.112936,0.196999,0.261773,0.352348,0.28682,0.121059,0.18875,0.373341,0.290115,0.119088,0.109112,0.064638,0.484034,0.667252,0.161649,0.150811,0.062491,0.301324,0.388541,0.154837,0.07033,0.070358,0.363474,0.549748,0.300778,0.126786,0.0803,0.937786,0.96523,0.153127,0.325747,0.162664,0.497004,0.757088,0.334533,0.170779,0.146716,1.198183,0.701523,0.294365,0.392328,0.161392
1768972968.657601,1768972968.658661,111.0,0.0,4375.512695,4358.077148,4350.384766,4384.230957,4371.025879,4373.589844,4375.512695,4376.922852,4363.974121,4348.333496,4444.615234,4523.846191,4394.230957,4428.461426,,,,,,,,,,,,,,,,,,,,,,,,,,,,,,,,,,,,,,,,,,,,,,,,,,,,,,,,,,,,,,,,,,,,,,
1768972968.665409,1768972968.66647,112.0,0.0,4378.333496,4356.666504,4351.794922,4383.589844,4364.615234,4365.128418,4369.102539,4366.666504,4357.179688,4340.128418,4442.436035,4522.179688,4387.307617,4429.743652,,,,,,,,,,,,,,,,,,,,,,,,,,,,,,,,,,,,,,,,,,,,,,,,,,,,,,,,,,,,,,,,,,,,,,
1768972968.673218,1768972968.674278,113.0,0.0,4377.820313,4357.436035,4354.358887,4380.897461,4360.769043,4365.769043,4371.666504,4368.461426,4358.717773,4340.897461,4442.94873,4522.307617,4384.230957,4425.769043,,,,,,,,,,,,,,,,,,,,,,,,,,,,,,,,,,,,,,,,,,,,,,,,,,,,,,,,,,,,,,,,,,,,,,
1768972968.681026,1768972968.681987,114.0,0.0,4375.641113,4358.974121,4353.717773,4380.256348,4362.05127,4364.230957,4366.922852,4374.487305,4359.871582,4346.666504,4445.384766,4522.179688,4388.974121,4422.94873,,,,,,,,,,,,,,,,,,,,,,,,,,,,,,,,,,,,,,,,,,,,,,,,,,,,,,,,,,,,,,,,,,,,,,
1768972968.688835,1768972968.689795,115.0,0.0,4374.487305,4357.692383,4350.641113,4380.769043,4363.589844,4363.077148,4366.410156,4374.102539,4358.333496,4344.230957,4443.205078,4517.563965,4388.205078,4424.102539,,,,,,,,,,,,,,,,,,,,,,,,,,,,,,,,,,,,,,,,,,,,,,,,,,,,,,,,,,,,,,,,,,,,,,
1768972968.696643,1768972968.697803,116.0,0.0,4377.05127,4357.179688,4353.589844,4381.282227,4363.846191,4367.692383,4375.769043,4372.436035,4358.717773,4345.256348,4442.179688,4516.025879,4387.94873,4425.0,,,,,,,,,,,,,,,,,,,,,,,,,,,,,,,,,,,,,,,,,,,,,,,,,,,,,,,,,,,,,,,,,,,,,,
1768972968.704452,1768972968.705612,117.0,0.0,4382.563965,4356.794922,4360.0,4381.922852,4363.333496,4365.256348,4372.307617,4372.05127,4352.307617,4353.717773,4447.179688,4520.512695,4394.358887,4433.589844,,,,,,,,,,,,,,,,,,,,,,,,,,,,,,,,,,,,,,,,,,,,,,,,,,,,,,,,,,,,,,,,,,,,,,
1768972968.71226,1768972968.71332,118.0,0.0,4386.538574,4356.025879,4360.512695,4382.05127,4362.563965,4356.153809,4360.512695,4369.871582,4343.205078,4351.922852,4447.05127,4522.94873,4395.0,4441.666504,,,,,,,,,,,,,,,,,,,,,,,,,,,,,,,,,,,,,,,,,,,,,,,,,,,,,,,,,,,,,,,,,,,,,,
1768972968.720069,1768972968.721129,119.0,0.0,4387.820313,4358.205078,4357.179688,4380.897461,4361.153809,4355.769043,4362.05127,4367.179688,4344.743652,4344.358887,4442.692383,4520.128418,4387.307617,4435.641113,,,,,,,,,,,,,,,,,,,,,,,,,,,,,,,,,,,,,,,,,,,,,,,,,,,,,,,,,,,,,,,,,,,,,,
1768972968.727877,1768972968.728737,120.0,0.0,4383.077148,4356.282227,4356.410156,4380.897461,4365.641113,4367.307617,4373.461426,4369.743652,4349.358887,4345.769043,4442.179688,4519.102539,4384.487305,4425.769043,,,,,,,,,,,,,,,,,,,,,,,,,,,,,,,,,,,,,,,,,,,,,,,,,,,,,,,,,,,,,,,,,,,,,,
1768972968.735685,1768972968.736546,121.0,0.0,4381.282227,4350.769043,4356.153809,4383.461426,4372.692383,4375.897461,4379.102539,4372.307617,4348.589844,4348.461426,4444.230957,4520.769043,4389.102539,4427.820313,,,,,,,,,,,,,,,,,,,,,,,,,,,,,,,,,,,,,,,,,,,,,,,,,,,,,,,,,,,,,,,,,,,,,,
1768972968.743494,1768972968.744254,122.0,0.0,4385.128418,4352.05127,4353.589844,4383.846191,4372.692383,4375.897461,4378.077148,4370.0,4348.077148,4344.615234,4443.717773,4520.769043,4389.102539,4430.0,,,,,,,,,,,,,,,,,,,,,,,,,,,,,,,,,,,,,,,,,,,,,,,,,,,,,,,,,,,,,,,,,,,,,,
1768972968.751302,1768972968.752063,123.0,0.0,4382.563965,4352.179688,4352.05127,4378.717773,4369.871582,4371.282227,4375.897461,4367.820313,4350.0,4342.563965,4442.179688,4520.256348,4387.692383,4429.102539,,,,,,,,,,,,,,,,,,,,,,,,,,,,,,,,,,,,,,,,,,,,,,,,,,,,,,,,,,,,,,,,,,,,,,
1768972968.759111,1768972968.760071,124.0,0.0,4379.102539,4350.0,4353.077148,4377.563965,4369.230957,4367.94873,4376.410156,4367.179688,4350.128418,4344.102539,4442.563965,4520.384766,4391.410156,4435.384766,,,,,,,,,,,,,,,,,,,,,,,,,,,,,,,,,,,,,,,,,,,,,,,,,,,,,,,,,,,,,,,,,,,,,,
1768972968.766919,1768972968.76788,125.0,0.0,4381.025879,4351.410156,4353.717773,4379.487305,4370.128418,4367.563965,4374.615234,4367.436035,4352.94873,4348.461426,4445.769043,4521.025879,4395.256348,4438.077148,,,,,,,,,,,,,,,,,,,,,,,,,,,,,,,,,,,,,,,,,,,,,,,,,,,,,,,,,,,,,,,,,,,,,,
1768972968.774728,1768972968.775788,126.0,0.0,4380.769043,4351.538574,4352.05127,4376.794922,4369.230957,4371.153809,4376.025879,4368.717773,4357.94873,4351.410156,4448.461426,4520.897461,4394.871582,4433.589844,1.323643,0.234801,0.580889,0.243137,0.169696,2.03772,0.312934,0.563824,0.292066,0.141089,0.550798,0.196395,0.452863,0.189269,0.119628,0.906631,0.254621,0.499459,0.155257,0.09554,0.165143,0.19711,0.134527,0.11528,0.038604,0.247675,0.510265,0.399719,0.126705,0.214354,0.326554,0.475856,0.367368,0.125669,0.201621,0.323923,0.271366,0.141963,0.106847,0.064663,0.526639,0.697222,0.182516,0.138983,0.067195,0.330705,0.377916,0.107365,0.058134,0.069161,0.395919,0.573849,0.287646,0.123803,0.089121,0.964406,0.881274,0.149494,0.307257,0.15886,0.534916,0.75946,0.255068,0.172863,0.159213,1.346442,0.677519,0.223054,0.339994,0.179424
1768972968.782536,1768972968.783596,127.0,0.0,4376.666504,4353.205078,4351.025879,4372.436035,4365.512695,4376.922852,4378.974121,4368.974121,4357.692383,4348.717773,4449.487305,4520.128418,4393.333496,4429.487305,,,,,,,,,,,,,,,,,,,,,,,,,,,,,,,,,,,,,,,,,,,,,,,,,,,,,,,,,,,,,,,,,,,,,,
1768972968.790345,1768972968.791205,0.0,0.0,4377.563965,4361.538574,4352.692383,4371.922852,4364.871582,4373.974121,4372.05127,4366.666504,4354.871582,4348.589844,4451.410156,4520.769043,4393.974121,4430.384766,,,,,,,,,,,,,,,,,,,,,,,,,,,,,,,,,,,,,,,,,,,,,,,,,,,,,,,,,,,,,,,,,,,,,,
1768972968.798153,1768972968.799013,1.0,0.0,4382.692383,4369.230957,4353.077148,4375.128418,4368.974121,4366.538574,4367.820313,4365.384766,4354.358887,4352.563965,4452.563965,4523.077148,4395.128418,4431.282227,,,,,,,,,,,,,,,,,,,,,,,,,,,,,,,,,,,,,,,,,,,,,,,,,,,,,,,,,,,,,,,,,,,,,,
1768972968.805961,1768972968.806722,2.0,0.0,4382.436035,4367.05127,4350.512695,4379.230957,4370.512695,4370.641113,4373.205078,4365.384766,4356.666504,4352.179688,4450.384766,4519.871582,4397.05127,4429.871582,,,,,,,,,,,,,,,,,,,,,,,,,,,,,,,,,,,,,,,,,,,,,,,,,,,,,,,,,,,,,,,,,,,,,,
1768972968.81377,1768972968.81453,3.0,0.0,4378.717773,4365.641113,4348.717773,4380.641113,4367.563965,4381.794922,4380.641113,4366.922852,4357.563965,4350.384766,4448.717773,4513.589844,4400.0,4429.487305,,,,,,,,,,,,,,,,,,,,,,,,,,,,,,,,,,,,,,,,,,,,,,,,,,,,,,,,,,,,,,,,,,,,,,
1768972968.821578,1768972968.822539,4.0,0.0,4378.974121,4371.410156,4347.563965,4381.025879,4367.307617,4381.410156,4383.077148,4368.333496,4355.0,4350.641113,4447.05127,4515.0,4399.102539,4429.102539,,,,,,,,,,,,,,,,,,,,,,,,,,,,,,,,,,,,,,,,,,,,,,,,,,,,,,,,,,,,,,,,,,,,,,
1768972968.829387,1768972968.830347,5.0,0.0,4381.538574,4374.102539,4348.846191,4381.922852,4372.94873,4375.128418,4378.333496,4367.436035,4353.077148,4348.974121,4446.025879,4522.692383,4397.436035,4433.461426,,,,,,,,,,,,,,,,,,,,,,,,,,,,,,,,,,,,,,,,,,,,,,,,,,,,,,,,,,,,,,,,,,,,,,
1768972968.837195,1768972968.838255,6.0,0.0,4381.282227,4373.717773,4353.717773,4382.692383,4375.128418,4379.358887,4378.205078,4368.205078,4355.512695,4348.333496,4453.077148,4527.820313,4401.922852,4442.94873,,,,,,,,,,,,,,,,,,,,,,,,,,,,,,,,,,,,,,,,,,,,,,,,,,,,,,,,,,,,,,,,,,,,,,
1768972968.845004,1768972968.846064,7.0,0.0,4382.05127,4376.794922,4355.0,4386.025879,4372.94873,4382.436035,4380.769043,4366.538574,4356.153809,4351.025879,4458.974121,4523.589844,4405.512695,4447.307617,,,,,,,,,,,,,,,,,,,,,,,,,,,,,,,,,,,,,,,,,,,,,,,,,,,,,,,,,,,,,,,,,,,,,,
1768972968.852812,1768972968.854072,8.0,0.0,4384.358887,4378.077148,4353.077148,4389.358887,4374.358887,4367.94873,4370.641113,4360.256348,4352.436035,4350.256348,4450.128418,4517.05127,4401.153809,4442.05127,,,,,,,,,,,,,,,,,,,,,,,,,,,,,,,,,,,,,,,,,,,,,,,,,,,,,,,,,,,,,,,,,,,,,,
1768972968.860621,1768972968.861881,9.0,0.0,4383.077148,4375.897461,4355.256348,4390.512695,4374.358887,4358.205078,4359.358887,4362.179688,4354.358887,4347.436035,4446.025879,4521.282227,4396.538574,4439.487305,,,,,,,,,,,,,,,,,,,,,,,,,,,,,,,,,,,,,,,,,,,,,,,,,,,,,,,,,,,,,,,,,,,,,,
1768972968.868429,1768972968.869589,10.0,0.0,4386.282227,4378.077148,4358.461426,4392.563965,4372.820313,4370.897461,4369.743652,4371.922852,4360.512695,4349.487305,4458.077148,4530.897461,4397.94873,4445.128418,,,,,,,,,,,,,,,,,,,,,,,,,,,,,,,,,,,,,,,,,,,,,,,,,,,,,,,,,,,,,,,,,,,,,,
1768972968.876238,1768972968.877398,11.0,0.0,4390.512695,4382.436035,4359.743652,4392.307617,4374.487305,4378.974121,4377.820313,4372.179688,4360.0,4353.077148,4459.615234,4534.358887,4400.0,4445.897461,,,,,,,,,,,,,,,,,,,,,,,,,,,,,,,,,,,,,,,,,,,,,,,,,,,,,,,,,,,,,,,,,,,,,,
1768972968.884046,1768972968.885006,12.0,0.0,4383.589844,4380.641113,4357.05127,4387.94873,4372.692383,4368.205078,4365.128418,4363.974121,4356.922852,4348.717773,4445.512695,4530.512695,4398.461426,4438.077148,,,,,,,,,,,,,,,,,,,,,,,,,,,,,,,,,,,,,,,,,,,,,,,,,,,,,,,,,,,,,,,,,,,,,,
1768972968.891854,1768972968.892815,13.0,0.0,4380.769043,4374.743652,4354.230957,4387.307617,4367.692383,4364.102539,4361.025879,4362.307617,4358.333496,4341.922852,4441.025879,4532.179688,4396.025879,4435.897461,,,,,,,,,,,,,,,,,,,,,,,,,,,,,,,,,,,,,,,,,,,,,,,,,,,,,,,,,,,,,,,,,,,,,,
1768972968.899663,1768972968.900523,14.0,0.0,4387.94873,4373.846191,4356.666504,4389.743652,4366.666504,4372.307617,4371.282227,4366.153809,4358.846191,4345.128418,4448.461426,4539.615234,4396.025879,4443.461426,1.329033,0.207386,0.557536,0.231686,0.17798,1.895615,0.309111,0.560855,0.308137,0.14082,0.541091,0.207961,0.413842,0.198068,0.116373,0.769732,0.216447,0.469623,0.156621,0.090869,0.185856,0.183702,0.120307,0.098495,0.035259,0.287987,0.689806,0.516423,0.149901,0.223921,0.397943,0.688885,0.490213,0.135574,0.210754,0.294034,0.269141,0.176574,0.097439,0.061716,0.599946,0.669864,0.212879,0.124798,0.068782,0.364073,0.37197,0.07653,0.049073,0.06975,0.432624,0.577121,0.303533,0.130665,0.102873,1.006837,0.750913,0.165495,0.285655,0.151144,0.588215,0.737114,0.227093,0.172902,0.174083,1.392244,0.638498,0.180711,0.291398,0.202006
1768972968.907471,1768972968.908332,15.0,0.0,4390.641113,4386.922852,4360.0,4390.256348,4370.256348,4373.974121,4373.717773,4366.794922,4359.358887,4351.666504,4452.307617,4542.179688,4398.717773,4447.692383,,,,,,,,,,,,,,,,,,,,,,,,,,,,,,,,,,,,,,,,,,,,,,,,,,,,,,,,,,,,,,,,,,,,,,
1768972968.91528,1768972968.91594,16.0,0.0,4386.794922,4396.282227,4357.307617,4390.769043,4373.205078,4373.333496,4373.589844,4367.820313,4365.384766,4350.769043,4448.846191,4541.922852,4399.102539,4444.102539,,,,,,,,,,,,,,,,,,,,,,,,,,,,,,,,,,,,,,,,,,,,,,,,,,,,,,,,,,,,,,,,,,,,,,
1768972968.923088,1768972968.923749,17.0,0.0,4384.871582,4391.410156,4352.563965,4390.0,4373.974121,4379.102539,4381.922852,4370.128418,4367.05127,4345.897461,4447.94873,4539.487305,4396.538574,4442.692383,,,,,,,,,,,,,,,,,,,,,,,,,,,,,,,,,,,,,,,,,,,,,,,,,,,,,,,,,,,,,,,,,,,,,,
1768972968.930897,1768972968.931457,18.0,0.0,4384.487305,4393.205078,4352.94873,4388.333496,4373.589844,4382.94873,4386.922852,4368.461426,4361.538574,4343.461426,4450.256348,4533.974121,4396.410156,4442.692383,,,,,,,,,,,,,,,,,,,,,,,,,,,,,,,,,,,,,,,,,,,,,,,,,,,,,,,,,,,,,,,,,,,,,,
1768972968.938705,1768972968.939266,19.0,0.0,4383.333496,4399.743652,4352.692383,4389.871582,4375.256348,4375.512695,4379.871582,4365.769043,4362.94873,4344.102539,4447.94873,4529.871582,4396.153809,4435.0,,,,,,,,,,,,,,,,,,,,,,,,,,,,,,,,,,,,,,,,,,,,,,,,,,,,,,,,,,,,,,,,,,,,,,
1768972968.946514,1768972968.947274,20.0,0.0,4380.384766,4396.153809,4349.102539,4387.94873,4373.589844,4365.0,4371.666504,4363.461426,4365.512695,4345.769043,4443.077148,4525.0,4393.333496,4428.974121,,,,,,,,,,,,,,,,,,,,,,,,,,,,,,,,,,,,,,,,,,,,,,,,,,,,,,,,,,,,,,,,,,,,,,
1768972968.954322,1768972968.955082,21.0,0.0,4379.358887,4391.025879,4349.871582,4381.922852,4367.94873,4364.102539,4367.94873,4362.94873,4363.333496,4345.0,4444.358887,4524.487305,4392.94873,4435.384766,,,,,,,,,,,,,,,,,,,,,,,,,,,,,,,,,,,,,,,,,,,,,,,,,,,,,,,,,,,,,,,,,,,,,,
1768972968.96213,1768972968.962991,22.0,0.0,4382.820313,4389.487305,4352.307617,4383.974121,4368.589844,4366.538574,4366.538574,4363.717773,4363.333496,4343.589844,4448.846191,4527.307617,4396.666504,4444.615234,,,,,,,,,,,,,,,,,,,,,,,,,,,,,,,,,,,,,,,,,,,,,,,,,,,,,,,,,,,,,,,,,,,,,,
1768972968.969939,1768972968.970799,23.0,0.0,4385.769043,4388.589844,4351.282227,4388.589844,4369.871582,4362.436035,4366.025879,4360.128418,4364.358887,4344.102539,4448.333496,4522.94873,4398.461426,4442.820313,,,,,,,,,,,,,,,,,,,,,,,,,,,,,,,,,,,,,,,,,,,,,,,,,,,,,,,,,,,,,,,,,,,,,,
1768972968.977747,1768972968.978807,24.0,0.0,4385.512695,4393.589844,4349.102539,4384.230957,4365.384766,4359.743652,4369.358887,4358.333496,4362.307617,4342.820313,4446.153809,4517.05127,4395.769043,4437.563965,,,,,,,,,,,,,,,,,,,,,,,,,,,,,,,,,,,,,,,,,,,,,,,,,,,,,,,,,,,,,,,,,,,,,,
1768972968.985556,1768972968.986616,25.0,0.0,4382.307617,4394.102539,4350.512695,4379.102539,4363.974121,4365.641113,4373.846191,4366.025879,4360.641113,4341.410156,4445.769043,4519.487305,4393.974121,4435.256348,,,,,,,,,,,,,,,,,,,,,,,,,,,,,,,,,,,,,,,,,,,,,,,,,,,,,,,,,,,,,,,,,,,,,,
1768972968.993364,1768972968.994324,26.0,0.0,4379.743652,4388.077148,4352.307617,4381.025879,4367.05127,4368.974121,4373.717773,4371.153809,4359.615234,4341.666504,4444.615234,4524.615234,4395.128418,4432.307617,,,,,,,,,,,,,,,,,,,,,,,,,,,,,,,,,,,,,,,,,,,,,,,,,,,,,,,,,,,,,,,,,,,,,,
1768972969.001173,1768972969.002133,27.0,0.0,4380.897461,4389.743652,4350.641113,4385.641113,4368.846191,4365.256348,4373.589844,4367.692383,4359.615234,4340.769043,4443.333496,4530.512695,4396.410156,4433.846191,,,,,,,,,,,,,,,,,,,,,,,,,,,,,,,,,,,,,,,,,,,,,,,,,,,,,,,,,,,,,,,,,,,,,,
1768972969.008981,1768972969.010141,28.0,0.0,4382.05127,4392.307617,4351.538574,4388.461426,4367.94873,4364.487305,4373.846191,4370.384766,4364.871582,4339.871582,4443.717773,4534.102539,4396.282227,4436.153809,,,,,,,,,,,,,,,,,,,,,,,,,,,,,,,,,,,,,,,,,,,,,,,,,,,,,,,,,,,,,,,,,,,,,,
1768972969.01679,1768972969.01795,29.0,0.0,4381.282227,4392.436035,4355.384766,4388.589844,4367.179688,4370.769043,4372.820313,4375.641113,4367.563965,4338.589844,4443.589844,4527.436035,4394.615234,4432.436035,,,,,,,,,,,,,,,,,,,,,,,,,,,,,,,,,,,,,,,,,,,,,,,,,,,,,,,,,,,,,,,,,,,,,,
1768972969.024598,1768972969.025858,30.0,0.0,4381.025879,4394.102539,4354.871582,4385.897461,4367.692383,4376.282227,4375.769043,4373.205078,4366.410156,4342.179688,4444.615234,4523.333496,4395.384766,4429.615234,1.217427,0.180083,0.498347,0.232296,0.192313,1.653409,0.315782,0.549146,0.3139,0.14001,0.493608,0.218125,0.343639,0.213588,0.120719,0.594997,0.186043,0.414081,0.160432,0.086399,0.213999,0.186491,0.102208,0.083631,0.03421,0.320563,0.938171,0.646366,0.17905,0.223519,0.451283,0.958226,0.633552,0.150448,0.215359,0.283476,0.292137,0.213801,0.084574,0.057104,0.695588,0.595724,0.246423,0.111732,0.06679,0.396021,0.377456,0.070079,0.044153,0.071719,0.445609,0.556213,0.337284,0.149476,0.119193,1.048234,0.606803,0.193221,0.266826,0.144319,0.638137,0.682458,0.247526,0.171914,0.188741,1.307263,0.58494,0.180046,0.262017,0.230263
1768972969.032406,1768972969.033666,31.0,0.0,4381.666504,4392.820313,4353.205078,4383.846191,4368.077148,4370.641113,4373.974121,4371.794922,4367.307617,4348.461426,4446.666504,4525.897461,4398.717773,4431.282227,,,,,,,,,,,,,,,,,,,,,,,,,,,,,,,,,,,,,,,,,,,,,,,,,,,,,,,,,,,,,,,,,,,,,,
1768972969.040215,1768972969.041275,32.0,0.0,4378.846191,4387.563965,4354.102539,4381.410156,4366.666504,4361.025879,4365.128418,4374.230957,4367.179688,4346.025879,4445.384766,4521.410156,4397.436035,4429.358887,,,,,,,,,,,,,,,,,,,,,,,,,,,,,,,,,,,,,,,,,,,,,,,,,,,,,,,,,,,,,,,,,,,,,,
1768972969.048023,1768972969.049084,33.0,0.0,4374.102539,4387.436035,4352.563965,4380.0,4366.025879,4361.794922,4366.282227,4375.0,4366.922852,4339.102539,4442.179688,4514.871582,4390.512695,4426.153809,,,,,,,,,,,,,,,,,,,,,,,,,,,,,,,,,,,,,,,,,,,,,,,,,,,,,,,,,,,,,,,,,,,,,,
1768972969.055832,1768972969.056792,34.0,0.0,4373.461426,4392.179688,4349.358887,4381.153809,4368.461426,4367.820313,4374.102539,4373.333496,4366.794922,4338.846191,4442.436035,4516.922852,4388.333496,4425.897461,,,,,,,,,,,,,,,,,,,,,,,,,,,,,,,,,,,,,,,,,,,,,,,,,,,,,,,,,,,,,,,,,,,,,,
1768972969.06364,1768972969.064601,35.0,0.0,4373.205078,4395.641113,4349.230957,4380.512695,4370.128418,4365.128418,4370.641113,4371.794922,4365.384766,4341.666504,4442.692383,4519.358887,4388.461426,4419.230957,,,,,,,,,,,,,,,,,,,,,,,,,,,,,,,,,,,,,,,,,,,,,,,,,,,,,,,,,,,,,,,,,,,,,,
1768972969.071449,1768972969.072209,36.0,0.0,4371.025879,4397.692383,4349.743652,4380.0,4368.077148,4362.94873,4370.384766,4371.153809,4364.743652,4340.0,4440.769043,4514.358887,4382.436035,4413.461426,,,,,,,,,,,,,,,,,,,,,,,,,,,,,,,,,,,,,,,,,,,,,,,,,,,,,,,,,,,,,,,,,,,,,,
1768972969.079257,1768972969.080018,37.0,0.0,4371.410156,4397.563965,4351.410156,4379.358887,4367.179688,4372.05127,4379.358887,4374.487305,4370.769043,4341.025879,4441.794922,4514.743652,4381.153809,4420.256348,,,,,,,,,,,,,,,,,,,,,,,,,,,,,,,,,,,,,,,,,,,,,,,,,,,,,,,,,,,,,,,,,,,,,,
1768972969.087066,1768972969.087726,38.0,0.0,4374.743652,4396.538574,4355.641113,4379.487305,4368.333496,4375.769043,4379.358887,4378.461426,4376.025879,4347.436035,4446.922852,4523.205078,4388.461426,4427.820313,,,,,,,,,,,,,,,,,,,,,,,,,,,,,,,,,,,,,,,,,,,,,,,,,,,,,,,,,,,,,,,,,,,,,,
1768972969.094874,1768972969.095535,39.0,0.0,4375.256348,4397.05127,4355.128418,4382.05127,4366.025879,4366.538574,4371.922852,4373.717773,4369.743652,4347.692383,4446.538574,4522.05127,4390.256348,4426.922852,,,,,,,,,,,,,,,,,,,,,,,,,,,,,,,,,,,,,,,,,,,,,,,,,,,,,,,,,,,,,,,,,,,,,,
1768972969.102682,1768972969.103143,40.0,0.0,4375.512695,4402.692383,4352.05127,4382.436035,4364.487305,4362.563965,4368.333496,4367.436035,4361.025879,4340.769043,4441.666504,4514.615234,4389.615234,4425.256348,,,,,,,,,,,,,,,,,,,,,,,,,,,,,,,,,,,,,,,,,,,,,,,,,,,,,,,,,,,,,,,,,,,,,,
1768972969.110491,1768972969.110952,41.0,0.0,4377.05127,4404.230957,4356.025879,4381.153809,4370.0,4370.0,4372.94873,4371.794922,4363.974121,4343.205078,4449.230957,4522.820313,4394.487305,4429.102539,,,,,,,,,,,,,,,,,,,,,,,,,,,,,,,,,,,,,,,,,,,,,,,,,,,,,,,,,,,,,,,,,,,,,,
1768972969.118299,1768972969.11866,42.0,0.0,4379.230957,4400.641113,4363.333496,4384.615234,4373.846191,4376.794922,4381.410156,4377.94873,4367.307617,4352.179688,4461.025879,4533.589844,4398.205078,4433.333496,,,,,,,,,,,,,,,,,,,,,,,,,,,,,,,,,,,,,,,,,,,,,,,,,,,,,,,,,,,,,,,,,,,,,,
1768972969.126108,1768972969.126469,43.0,0.0,4387.436035,4407.820313,4362.436035,4389.871582,4371.794922,4373.077148,4375.641113,4372.179688,4360.897461,4349.102539,4458.461426,4528.974121,4395.897461,4432.179688,,,,,,,,,,,,,,,,,,,,,,,,,,,,,,,,,,,,,,,,,,,,,,,,,,,,,,,,,,,,,,,,,,,,,,
1768972969.133916,1768972969.134077,44.0,0.0,4391.153809,4415.256348,4358.205078,4388.974121,4371.794922,4364.871582,4363.461426,4367.563965,4356.153809,4342.179688,4453.717773,4525.128418,4393.717773,4430.641113,,,,,,,,,,,,,,,,,,,,,,,,,,,,,,,,,,,,,,,,,,,,,,,,,,,,,,,,,,,,,,,,,,,,,,
1768972969.141724,1768972969.141886,45.0,0.0,4383.461426,4406.666504,4358.333496,4386.666504,4372.307617,4365.0,4368.974121,4371.922852,4358.846191,4345.0,4456.282227,4527.307617,4394.487305,4431.794922,,,,,,,,,,,,,,,,,,,,,,,,,,,,,,,,,,,,,,,,,,,,,,,,,,,,,,,,,,,,,,,,,,,,,,
1768972969.149533,1768972969.149794,46.0,0.0,4383.846191,4396.794922,4359.487305,4385.897461,4372.692383,4364.743652,4369.871582,4373.846191,4362.436035,4347.307617,4455.384766,4525.897461,4396.410156,4429.871582,1.024297,0.155249,0.418722,0.243033,0.209265,1.368255,0.330389,0.537711,0.30867,0.138827,0.427225,0.222719,0.264733,0.231737,0.130881,0.433132,0.164954,0.347256,0.166966,0.083554,0.24334,0.213733,0.085539,0.076993,0.035504,0.340888,1.193171,0.756383,0.211397,0.214955,0.473402,1.218807,0.761664,0.171317,0.215345,0.288573,0.331133,0.241767,0.073707,0.052517,0.793075,0.497664,0.274068,0.101675,0.06196,0.415202,0.391112,0.086346,0.043179,0.074169,0.426453,0.514184,0.368984,0.178531,0.13543,1.07371,0.474706,0.216916,0.254893,0.142347,0.662971,0.592225,0.290623,0.169884,0.198482,1.102221,0.520322,0.217174,0.25891,0.261194
1768972969.157341,1768972969.157603,47.0,0.0,4390.128418,4396.538574,4361.922852,4387.94873,4374.615234,4359.487305,4357.563965,4370.256348,4365.512695,4346.410156,4448.333496,4522.820313,4396.153809,4427.05127,,,,,,,,,,,,,,,,,,,,,,,,,,,,,,,,,,,,,,,,,,,,,,,,,,,,,,,,,,,,,,,,,,,,,,
1768972969.16515,1768972969.165611,48.0,0.0,4386.666504,4397.179688,4362.436035,4388.717773,4373.589844,4362.05127,4360.128418,4367.820313,4367.820313,4349.102539,4446.666504,4517.692383,4393.717773,4430.384766,,,,,,,,,,,,,,,,,,,,,,,,,,,,,,,,,,,,,,,,,,,,,,,,,,,,,,,,,,,,,,,,,,,,,,
1768972969.172958,1768972969.173419,49.0,0.0,4381.922852,4398.589844,4357.692383,4384.487305,4369.871582,4365.897461,4368.846191,4369.871582,4366.410156,4349.871582,4448.333496,4512.05127,4393.846191,4430.128418,,,,,,,,,,,,,,,,,,,,,,,,,,,,,,,,,,,,,,,,,,,,,,,,,,,,,,,,,,,,,,,,,,,,,,
1768972969.180767,1768972969.181328,50.0,0.0,4385.641113,4399.871582,4353.461426,4382.692383,4369.102539,4360.769043,4365.256348,4370.769043,4364.871582,4346.922852,4447.436035,4511.025879,4394.102539,4424.743652,,,,,,,,,,,,,,,,,,,,,,,,,,,,,,,,,,,,,,,,,,,,,,,,,,,,,,,,,,,,,,,,,,,,,,
1768972969.188575,1768972969.189136,51.0,0.0,4383.461426,4399.102539,4351.025879,4386.025879,4371.025879,4359.871582,4365.512695,4367.307617,4363.333496,4345.128418,4443.974121,4510.641113,4392.820313,4426.410156,,,,,,,,,,,,,,,,,,,,,,,,,,,,,,,,,,,,,,,,,,,,,,,,,,,,,,,,,,,,,,,,,,,,,,
1768972969.196384,1768972969.196745,52.0,0.0,4376.538574,4398.974121,4348.461426,4385.256348,4372.94873,4370.897461,4375.384766,4368.461426,4360.512695,4345.384766,4443.205078,4509.487305,4392.179688,4426.794922,,,,,,,,,,,,,,,,,,,,,,,,,,,,,,,,,,,,,,,,,,,,,,,,,,,,,,,,,,,,,,,,,,,,,,
1768972969.204192,1768972969.204553,53.0,0.0,4372.307617,4391.410156,4345.128418,4378.077148,4370.769043,4373.717773,4374.487305,4372.563965,4361.282227,4341.666504,4443.461426,4504.615234,4386.153809,4413.205078,,,,,,,,,,,,,,,,,,,,,,,,,,,,,,,,,,,,,,,,,,,,,,,,,,,,,,,,,,,,,,,,,,,,,,
1768972969.212,1768972969.212262,54.0,0.0,4369.615234,4380.384766,4342.563965,4374.102539,4365.769043,4368.333496,4370.256348,4373.717773,4365.128418,4339.743652,4439.871582,4498.717773,4383.205078,4405.769043,,,,,,,,,,,,,,,,,,,,,,,,,,,,,,,,,,,,,,,,,,,,,,,,,,,,,,,,,,,,,,,,,,,,,,
1768972969.219809,1768972969.22007,55.0,0.0,4375.641113,4382.563965,4346.410156,4377.692383,4367.307617,4370.128418,4377.563965,4377.563965,4371.153809,4349.743652,4445.256348,4506.538574,4393.974121,4421.410156,,,,,,,,,,,,,,,,,,,,,,,,,,,,,,,,,,,,,,,,,,,,,,,,,,,,,,,,,,,,,,,,,,,,,,
1768972969.227617,1768972969.228078,56.0,0.0,4386.025879,4388.717773,4354.615234,4382.94873,4371.922852,4367.563965,4379.487305,4380.0,4372.94873,4360.512695,4458.974121,4517.692383,4404.871582,4435.769043,,,,,,,,,,,,,,,,,,,,,,,,,,,,,,,,,,,,,,,,,,,,,,,,,,,,,,,,,,,,,,,,,,,,,,
1768972969.235426,1768972969.235887,57.0,0.0,4385.512695,4387.05127,4355.897461,4383.205078,4371.794922,4359.487305,4371.025879,4375.769043,4370.128418,4356.282227,4459.871582,4515.384766,4400.897461,4431.538574,,,,,,,,,,,,,,,,,,,,,,,,,,,,,,,,,,,,,,,,,,,,,,,,,,,,,,,,,,,,,,,,,,,,,,
1768972969.243234,1768972969.243795,58.0,0.0,4381.153809,4384.743652,4353.717773,4380.897461,4372.179688,4362.05127,4369.871582,4374.230957,4367.179688,4347.436035,4447.179688,4512.436035,4394.358887,4425.384766,,,,,,,,,,,,,,,,,,,,,,,,,,,,,,,,,,,,,,,,,,,,,,,,,,,,,,,,,,,,,,,,,,,,,,
1768972969.251043,1768972969.251604,59.0,0.0,4383.461426,4384.487305,4354.615234,4380.897461,4372.692383,4367.436035,4376.538574,4373.974121,4366.922852,4349.358887,4446.922852,4520.128418,4396.666504,4428.333496,,,,,,,,,,,,,,,,,,,,,,,,,,,,,,,,,,,,,,,,,,,,,,,,,,,,,,,,,,,,,,,,,,,,,,
1768972969.258851,1768972969.259212,60.0,0.0,4383.717773,4381.025879,4353.461426,4379.102539,4368.974121,4363.461426,4375.384766,4371.666504,4369.102539,4351.666504,4457.94873,4526.922852,4397.563965,4429.871582,,,,,,,,,,,,,,,,,,,,,,,,,,,,,,,,,,,,,,,,,,,,,,,,,,,,,,,,,,,,,,,,,,,,,,
1768972969.26666,1768972969.267021,61.0,0.0,4381.282227,4378.589844,4351.153809,4377.563965,4366.794922,4362.05127,4369.871582,4372.436035,4371.538574,4350.128418,4459.102539,4527.820313,4397.179688,4428.461426,,,,,,,,,,,,,,,,,,,,,,,,,,,,,,,,,,,,,,,,,,,,,,,,,,,,,,,,,,,,,,,,,,,,,,
1768972969.274468,1768972969.274729,62.0,0.0,4385.641113,4379.743652,4355.769043,4380.384766,4366.282227,4365.641113,4371.538574,4377.436035,4373.589844,4353.077148,4456.666504,4530.128418,4401.282227,4436.666504,0.810445,0.133721,0.334829,0.254751,0.221665,1.105286,0.345665,0.525212,0.292769,0.136666,0.365143,0.217339,0.197274,0.24385,0.141624,0.326159,0.150602,0.28269,0.173452,0.082055,0.262897,0.262639,0.074163,0.079472,0.03831,0.351067,1.382445,0.811674,0.243905,0.20342,0.464786,1.399994,0.836598,0.197157,0.211741,0.303435,0.365712,0.249722,0.06931,0.049547,0.859341,0.399188,0.288134,0.094759,0.056076,0.410682,0.401183,0.11432,0.045381,0.076286,0.380491,0.459707,0.379598,0.210078,0.148871,1.085689,0.382703,0.222478,0.250158,0.145695,0.655255,0.475678,0.325146,0.165781,0.198491,0.847148,0.450749,0.277266,0.276815,0.286839
1768972969.282277,1768972969.282538,63.0,0.0,4388.333496,4380.769043,4360.769043,4382.692383,4366.410156,4364.615234,4374.871582,4376.538574,4370.512695,4357.436035,4461.666504,4530.0,4402.05127,4442.05127,,,,,,,,,,,,,,,,,,,,,,,,,,,,,,,,,,,,,,,,,,,,,,,,,,,,,,,,,,,,,,,,,,,,,,
1768972969.290085,1768972969.290146,64.0,0.0,4387.307617,4382.820313,4359.743652,4382.179688,4370.897461,4363.589844,4373.205078,4372.692383,4366.153809,4356.153809,4462.436035,4527.05127,4396.282227,4433.461426,,,,,,,,,,,,,,,,,,,,,,,,,,,,,,,,,,,,,,,,,,,,,,,,,,,,,,,,,,,,,,,,,,,,,,
1768972969.297893,1768972969.297955,65.0,0.0,4385.641113,4382.692383,4362.179688,4382.94873,4374.487305,4368.461426,4370.897461,4373.717773,4365.256348,4352.563965,4451.666504,4525.128418,4394.102539,4426.410156,,,,,,,,,,,,,,,,,,,,,,,,,,,,,,,,,,,,,,,,,,,,,,,,,,,,,,,,,,,,,,,,,,,,,,
1768972969.305702,1768972969.305663,66.0,0.0,4383.974121,4382.692383,4367.307617,4386.794922,4370.641113,4370.256348,4372.820313,4374.871582,4365.641113,4353.589844,4451.153809,4523.589844,4399.358887,4431.922852,,,,,,,,,,,,,,,,,,,,,,,,,,,,,,,,,,,,,,,,,,,,,,,,,,,,,,,,,,,,,,,,,,,,,,
1768972969.31351,1768972969.313472,67.0,0.0,4385.769043,4388.077148,4365.256348,4387.820313,4367.563965,4363.846191,4371.410156,4374.230957,4363.333496,4353.461426,4460.128418,4523.717773,4402.820313,4435.769043,,,,,,,,,,,,,,,,,,,,,,,,,,,,,,,,,,,,,,,,,,,,,,,,,,,,,,,,,,,,,,,,,,,,,,
1768972969.321319,1768972969.32108,68.0,0.0,4386.153809,4390.0,4356.666504,4383.846191,4371.282227,4361.922852,4366.794922,4371.538574,4360.256348,4348.717773,4454.615234,4520.641113,4399.102539,4430.512695,,,,,,,,,,,,,,,,,,,,,,,,,,,,,,,,,,,,,,,,,,,,,,,,,,,,,,,,,,,,,,,,,,,,,,
1768972969.329127,1768972969.328889,69.0,0.0,4380.256348,4384.743652,4353.077148,4380.384766,4371.153809,4364.871582,4365.769043,4371.025879,4362.307617,4350.641113,4445.0,4512.692383,4395.384766,4425.641113,,,,,,,,,,,,,,,,,,,,,,,,,,,,,,,,,,,,,,,,,,,,,,,,,,,,,,,,,,,,,,,,,,,,,,
1768972969.336936,1768972969.336597,70.0,0.0,4377.563965,4386.282227,4354.615234,4382.179688,4369.743652,4362.436035,4365.256348,4373.461426,4368.205078,4359.358887,4453.974121,4512.436035,4401.922852,4426.794922,,,,,,,,,,,,,,,,,,,,,,,,,,,,,,,,,,,,,,,,,,,,,,,,,,,,,,,,,,,,,,,,,,,,,,
1768972969.344744,1768972969.344406,71.0,0.0,4381.922852,4393.461426,4353.589844,4385.384766,4373.717773,4360.256348,4365.641113,4373.077148,4369.615234,4360.128418,4464.871582,4517.94873,4406.922852,4430.0,,,,,,,,,,,,,,,,,,,,,,,,,,,,,,,,,,,,,,,,,,,,,,,,,,,,,,,,,,,,,,,,,,,,,,
1768972969.352553,1768972969.352414,72.0,0.0,4380.0,4390.512695,4352.94873,4385.384766,4376.666504,4365.769043,4367.692383,4371.153809,4363.077148,4351.922852,4458.333496,4513.333496,4399.102539,4428.974121,,,,,,,,,,,,,,,,,,,,,,,,,,,,,,,,,,,,,,,,,,,,,,,,,,,,,,,,,,,,,,,,,,,,,,
1768972969.360361,1768972969.360223,73.0,0.0,4375.256348,4387.179688,4353.974121,4387.179688,4376.410156,4372.820313,4371.794922,4369.743652,4360.897461,4350.384766,4450.256348,4505.384766,4394.358887,4426.922852,,,,,,,,,,,,,,,,,,,,,,,,,,,,,,,,,,,,,,,,,,,,,,,,,,,,,,,,,,,,,,,,,,,,,,
1768972969.368169,1768972969.368131,74.0,0.0,4376.794922,4389.230957,4353.974121,4387.94873,4375.256348,4371.794922,4371.282227,4370.256348,4362.563965,4352.94873,4447.94873,4505.897461,4397.307617,4425.128418,,,,,,,,,,,,,,,,,,,,,,,,,,,,,,,,,,,,,,,,,,,,,,,,,,,,,,,,,,,,,,,,,,,,,,
1768972969.375978,1768972969.375939,75.0,0.0,4381.282227,4388.974121,4359.743652,4387.05127,4375.0,4366.410156,4362.563965,4370.128418,4359.743652,4351.410156,4452.307617,4511.153809,4397.94873,4425.769043,,,,,,,,,,,,,,,,,,,,,,,,,,,,,,,,,,,,,,,,,,,,,,,,,,,,,,,,,,,,,,,,,,,,,,
1768972969.383786,1768972969.383948,76.0,0.0,4386.538574,4392.436035,4366.666504,4387.436035,4377.563965,4369.102539,4359.487305,4367.307617,4359.871582,4352.05127,4457.307617,4517.179688,4399.230957,4432.05127,,,,,,,,,,,,,,,,,,,,,,,,,,,,,,,,,,,,,,,,,,,,,,,,,,,,,,,,,,,,,,,,,,,,,,
1768972969.391595,1768972969.391756,77.0,0.0,4384.358887,4393.974121,4359.871582,4384.102539,4378.461426,4378.846191,4369.487305,4367.692383,4362.692383,4350.128418,4451.153809,4516.025879,4399.230957,4432.179688,,,,,,,,,,,,,,,,,,,,,,,,,,,,,,,,,,,,,,,,,,,,,,,,,,,,,,,,,,,,,,,,,,,,,,
1768972969.399403,1768972969.399465,78.0,0.0,4377.692383,4390.256348,4352.307617,4380.769043,4375.128418,4378.333496,4377.179688,4371.538574,4362.563965,4345.384766,4441.025879,4508.846191,4395.128418,4425.641113,0.639773,0.117716,0.25884,0.257379,0.222389,0.925185,0.354472,0.50525,0.268095,0.132732,0.330427,0.201824,0.151069,0.241587,0.146804,0.289478,0.138401,0.229669,0.175599,0.080367,0.261281,0.318796,0.069874,0.086846,0.041449,0.35666,1.451937,0.78996,0.272733,0.194917,0.436496,1.452917,0.834872,0.22342,0.206578,0.320527,0.375564,0.234168,0.072559,0.049392,0.872085,0.313517,0.287251,0.09064,0.051319,0.379546,0.393455,0.141655,0.050573,0.07796,0.329091,0.404046,0.361766,0.234294,0.157565,1.105757,0.351703,0.205623,0.249097,0.151568,0.617138,0.354338,0.332867,0.15864,0.186718,0.619859,0.381452,0.34343,0.303265,0.298158
1768972969.407212,1768972969.407273,79.0,0.0,4378.333496,4393.846191,4359.615234,4385.384766,4376.153809,4369.102539,4368.461426,4368.974121,4361.922852,4344.615234,4443.333496,4510.384766,4395.512695,4428.205078,,,,,,,,,,,,,,,,,,,,,,,,,,,,,,,,,,,,,,,,,,,,,,,,,,,,,,,,,,,,,,,,,,,,,,
1768972969.41502,1768972969.415281,80.0,0.0,4382.94873,4397.179688,4363.077148,4390.512695,4378.205078,4371.538574,4364.102539,4363.846191,4361.922852,4345.641113,4450.256348,4512.307617,4398.333496,4433.333496,,,,,,,,,,,,,,,,,,,,,,,,,,,,,,,,,,,,,,,,,,,,,,,,,,,,,,,,,,,,,,,,,,,,,,
1768972969.422829,1768972969.42309,81.0,0.0,4381.794922,4390.384766,4355.0,4387.436035,4373.974121,4379.358887,4371.025879,4365.897461,4360.384766,4346.410156,4447.436035,4502.94873,4395.897461,4428.974121,,,,,,,,,,,,,,,,,,,,,,,,,,,,,,,,,,,,,,,,,,,,,,,,,,,,,,,,,,,,,,,,,,,,,,
1768972969.430637,1768972969.430998,82.0,0.0,4383.589844,4386.666504,4354.615234,4385.897461,4372.05127,4375.769043,4370.384766,4370.256348,4364.102539,4348.717773,4449.102539,4503.846191,4395.384766,4429.871582,,,,,,,,,,,,,,,,,,,,,,,,,,,,,,,,,,,,,,,,,,,,,,,,,,,,,,,,,,,,,,,,,,,,,,
1768972969.438445,1768972969.438807,83.0,0.0,4385.769043,4386.282227,4358.846191,4384.230957,4370.897461,4367.692383,4364.487305,4370.384766,4367.94873,4348.974121,4457.94873,4512.820313,4398.589844,4433.589844,,,,,,,,,,,,,,,,,,,,,,,,,,,,,,,,,,,,,,,,,,,,,,,,,,,,,,,,,,,,,,,,,,,,,,
1768972969.446254,1768972969.446415,84.0,0.0,4375.641113,4380.769043,4351.538574,4376.153809,4366.282227,4368.589844,4366.538574,4369.487305,4363.205078,4346.538574,4459.871582,4510.0,4396.794922,4429.871582,,,,,,,,,,,,,,,,,,,,,,,,,,,,,,,,,,,,,,,,,,,,,,,,,,,,,,,,,,,,,,,,,,,,,,
1768972969.454062,1768972969.454224,85.0,0.0,4372.307617,4383.077148,4345.769043,4375.384766,4366.153809,4372.692383,4369.102539,4369.871582,4360.512695,4350.0,4458.846191,4508.589844,4395.512695,4430.384766,,,,,,,,,,,,,,,,,,,,,,,,,,,,,,,,,,,,,,,,,,,,,,,,,,,,,,,,,,,,,,,,,,,,,,
1768972969.461871,1768972969.461932,86.0,0.0,4381.538574,4387.436035,4349.615234,4380.769043,4369.871582,4370.0,4364.487305,4369.743652,4363.589844,4353.589844,4460.897461,4512.05127,4398.974121,4434.743652,,,,,,,,,,,,,,,,,,,,,,,,,,,,,,,,,,,,,,,,,,,,,,,,,,,,,,,,,,,,,,,,,,,,,,
1768972969.469679,1768972969.469741,87.0,0.0,4382.94873,4381.922852,4349.743652,4379.871582,4371.922852,4370.0,4367.692383,4369.358887,4365.256348,4353.205078,4460.0,4508.589844,4398.461426,4435.512695,,,,,,,,,,,,,,,,,,,,,,,,,,,,,,,,,,,,,,,,,,,,,,,,,,,,,,,,,,,,,,,,,,,,,,
1768972969.477488,1768972969.477749,88.0,0.0,4381.025879,4378.974121,4347.436035,4380.641113,4373.205078,4373.717773,4373.205078,4371.538574,4366.282227,4355.769043,4457.563965,4512.563965,4396.794922,4438.717773,,,,,,,,,,,,,,,,,,,,,,,,,,,,,,,,,,,,,,,,,,,,,,,,,,,,,,,,,,,,,,,,,,,,,,
1768972969.485296,1768972969.485557,89.0,0.0,4380.0,4380.384766,4349.358887,4385.128418,4376.922852,4379.871582,4373.589844,4378.461426,4367.563965,4359.102539,4460.384766,4521.153809,4400.128418,4443.333496,,,,,,,,,,,,,,,,,,,,,,,,,,,,,,,,,,,,,,,,,,,,,,,,,,,,,,,,,,,,,,,,,,,,,,
1768972969.493105,1768972969.493466,90.0,0.0,4373.846191,4373.846191,4347.820313,4380.512695,4378.205078,4384.230957,4375.256348,4379.871582,4368.333496,4358.333496,4459.871582,4514.743652,4401.153809,4441.025879,,,,,,,,,,,,,,,,,,,,,,,,,,,,,,,,,,,,,,,,,,,,,,,,,,,,,,,,,,,,,,,,,,,,,,
1768972969.500913,1768972969.501274,91.0,0.0,4371.538574,4367.307617,4346.025879,4374.487305,4374.230957,4377.436035,4375.256348,4374.871582,4369.615234,4357.307617,4458.461426,4512.307617,4397.436035,4440.897461,,,,,,,,,,,,,,,,,,,,,,,,,,,,,,,,,,,,,,,,,,,,,,,,,,,,,,,,,,,,,,,,,,,,,,
1768972969.508721,1768972969.508883,92.0,0.0,4377.692383,4368.077148,4348.717773,4377.179688,4371.922852,4372.820313,4373.333496,4373.589844,4369.102539,4356.538574,4459.871582,4519.358887,4397.563965,4444.102539,,,,,,,,,,,,,,,,,,,,,,,,,,,,,,,,,,,,,,,,,,,,,,,,,,,,,,,,,,,,,,,,,,,,,,
1768972969.51653,1768972969.516691,93.0,0.0,4380.384766,4365.384766,4348.589844,4379.487305,4373.077148,4376.025879,4371.794922,4375.128418,4365.128418,4351.282227,4459.230957,4515.512695,4399.230957,4442.179688,,,,,,,,,,,,,,,,,,,,,,,,,,,,,,,,,,,,,,,,,,,,,,,,,,,,,,,,,,,,,,,,,,,,,,
1768972969.524338,1768972969.5244,94.0,0.0,4380.897461,4359.871582,4347.307617,4378.717773,4373.205078,4375.0,4373.077148,4374.230957,4367.563965,4351.153809,4460.128418,4514.615234,4399.615234,4443.589844,0.553797,0.110876,0.198695,0.246374,0.208203,0.853124,0.346883,0.473391,0.240047,0.126989,0.342292,0.18155,0.12901,0.221967,0.142729,0.315117,0.126746,0.191872,0.17032,0.076847,0.237546,0.362358,0.070531,0.093157,0.043826,0.35639,1.394778,0.693326,0.293099,0.19291,0.407175,1.377478,0.759896,0.243323,0.202256,0.333534,0.353436,0.202307,0.080935,0.052296,0.830433,0.24692,0.277371,0.089152,0.04915,0.327867,0.363424,0.163826,0.059504,0.079903,0.300571,0.36151,0.324089,0.244436,0.161545,1.157923,0.393104,0.173266,0.245917,0.156447,0.560856,0.260185,0.315058,0.147997,0.165347,0.487187,0.322554,0.404475,0.327007,0.290724
1768972969.532147,1768972969.532208,95.0,0.0,4380.256348,4358.333496,4348.717773,4376.538574,4372.05127,4369.871582,4372.307617,4371.666504,4371.538574,4356.666504,4462.05127,4524.230957,4399.743652,4448.717773,,,,,,,,,,,,,,,,,,,,,,,,,,,,,,,,,,,,,,,,,,,,,,,,,,,,,,,,,,,,,,,,,,,,,,
1768972969.539955,1768972969.539817,96.0,0.0,4375.897461,4357.307617,4348.846191,4373.077148,4372.307617,4371.538574,4368.974121,4373.205078,4367.820313,4355.769043,4459.743652,4521.922852,4397.436035,4443.461426,,,,,,,,,,,,,,,,,,,,,,,,,,,,,,,,,,,,,,,,,,,,,,,,,,,,,,,,,,,,,,,,,,,,,,
1768972969.547764,1768972969.547625,97.0,0.0,4371.794922,4357.179688,4347.563965,4372.820313,4371.538574,4375.769043,4370.128418,4373.846191,4364.358887,4349.615234,4457.179688,4510.512695,4396.538574,4432.563965,,,,,,,,,,,,,,,,,,,,,,,,,,,,,,,,,,,,,,,,,,,,,,,,,,,,,,,,,,,,,,,,,,,,,,
1768972969.555572,1768972969.555534,98.0,0.0,4371.794922,4357.820313,4348.333496,4374.615234,4369.743652,4374.358887,4374.871582,4371.538574,4363.717773,4345.128418,4458.461426,4512.307617,4397.692383,4430.256348,,,,,,,,,,,,,,,,,,,,,,,,,,,,,,,,,,,,,,,,,,,,,,,,,,,,,,,,,,,,,,,,,,,,,,
1768972969.563381,1768972969.563342,99.0,0.0,4377.05127,4358.846191,4350.897461,4373.461426,4370.256348,4370.897461,4373.333496,4371.922852,4362.436035,4347.179688,4458.205078,4518.077148,4396.922852,4432.94873,,,,,,,,,,,,,,,,,,,,,,,,,,,,,,,,,,,,,,,,,,,,,,,,,,,,,,,,,,,,,,,,,,,,,,
1768972969.571189,1768972969.57135,100.0,0.0,4380.256348,4362.563965,4355.769043,4373.333496,4372.307617,4371.922852,4370.128418,4372.692383,4364.871582,4349.871582,4458.333496,4516.538574,4396.922852,4433.846191,,,,,,,,,,,,,,,,,,,,,,,,,,,,,,,,,,,,,,,,,,,,,,,,,,,,,,,,,,,,,,,,,,,,,,
1768972969.578997,1768972969.579159,101.0,0.0,4374.358887,4364.230957,4354.487305,4373.205078,4371.153809,4374.743652,4372.94873,4373.846191,4368.717773,4346.922852,4460.769043,4516.538574,4396.410156,4430.512695,,,,,,,,,,,,,,,,,,,,,,,,,,,,,,,,,,,,,,,,,,,,,,,,,,,,,,,,,,,,,,,,,,,,,,
1768972969.586806,1768972969.587067,102.0,0.0,4370.384766,4366.282227,4350.128418,4372.692383,4366.410156,4369.871582,4371.794922,4372.820313,4365.384766,4345.512695,4456.025879,4515.641113,4392.179688,4427.692383,,,,,,,,,,,,,,,,,,,,,,,,,,,,,,,,,,,,,,,,,,,,,,,,,,,,,,,,,,,,,,,,,,,,,,
1768972969.594614,1768972969.594876,103.0,0.0,4372.94873,4367.436035,4353.461426,4373.589844,4364.615234,4363.077148,4364.102539,4368.333496,4360.769043,4345.769043,4446.025879,4511.538574,4389.102539,4427.692383,,,,,,,,,,,,,,,,,,,,,,,,,,,,,,,,,,,,,,,,,,,,,,,,,,,,,,,,,,,,,,,,,,,,,,
1768972969.602423,1768972969.602884,104.0,0.0,4368.077148,4360.384766,4355.641113,4376.794922,4369.487305,4368.333496,4364.358887,4367.820313,4365.769043,4345.0,4448.333496,4512.436035,4386.025879,4420.128418,,,,,,,,,,,,,,,,,,,,,,,,,,,,,,,,,,,,,,,,,,,,,,,,,,,,,,,,,,,,,,,,,,,,,,
1768972969.610231,1768972969.610692,105.0,0.0,4362.179688,4357.692383,4352.05127,4380.384766,4373.717773,4376.410156,4372.820313,4373.846191,4372.307617,4352.436035,4459.615234,4515.897461,4386.794922,4417.563965,,,,,,,,,,,,,,,,,,,,,,,,,,,,,,,,,,,,,,,,,,,,,,,,,,,,,,,,,,,,,,,,,,,,,,
1768972969.61804,1768972969.618501,106.0,0.0,4371.538574,4366.794922,4354.871582,4380.512695,4370.769043,4372.820313,4371.153809,4376.025879,4367.563965,4360.256348,4460.256348,4518.589844,4398.846191,4433.205078,,,,,,,,,,,,,,,,,,,,,,,,,,,,,,,,,,,,,,,,,,,,,,,,,,,,,,,,,,,,,,,,,,,,,,
1768972969.625848,1768972969.626309,107.0,0.0,4389.871582,4376.282227,4363.846191,4380.128418,4368.974121,4365.128418,4363.077148,4371.794922,4362.307617,4356.666504,4460.897461,4525.0,4410.769043,4454.615234,,,,,,,,,,,,,,,,,,,,,,,,,,,,,,,,,,,,,,,,,,,,,,,,,,,,,,,,,,,,,,,,,,,,,,
1768972969.633657,1768972969.634018,108.0,0.0,4395.128418,4372.94873,4366.794922,4383.333496,4371.666504,4365.897461,4365.641113,4374.615234,4368.846191,4356.282227,4473.717773,4535.256348,4416.538574,4463.974121,,,,,,,,,,,,,,,,,,,,,,,,,,,,,,,,,,,,,,,,,,,,,,,,,,,,,,,,,,,,,,,,,,,,,,
1768972969.641465,1768972969.641826,109.0,0.0,4384.615234,4362.692383,4364.102539,4382.563965,4371.666504,4371.025879,4373.974121,4380.641113,4373.461426,4363.846191,4481.922852,4537.692383,4420.641113,4463.846191,,,,,,,,,,,,,,,,,,,,,,,,,,,,,,,,,,,,,,,,,,,,,,,,,,,,,,,,,,,,,,,,,,,,,,
1768972969.649274,1768972969.649535,110.0,0.0,4377.436035,4359.358887,4360.641113,4374.102539,4368.717773,4372.436035,4376.794922,4381.666504,4371.410156,4363.461426,4476.153809,4535.641113,4419.358887,4460.769043,0.554647,0.114955,0.154884,0.223422,0.181357,0.877704,0.321671,0.430417,0.214325,0.120201,0.411534,0.16325,0.128516,0.188914,0.129864,0.377446,0.11778,0.165691,0.156975,0.070985,0.198621,0.37755,0.072256,0.094127,0.044702,0.345489,1.244566,0.54578,0.300038,0.196545,0.393971,1.211252,0.63477,0.25114,0.199926,0.337679,0.305527,0.163709,0.089487,0.057241,0.748421,0.195198,0.263538,0.089816,0.04977,0.268375,0.314325,0.177109,0.072441,0.082906,0.313447,0.339409,0.278119,0.237647,0.163335,1.282278,0.498557,0.135099,0.235298,0.157886,0.494989,0.209955,0.279674,0.134434,0.139994,0.472533,0.28022,0.446052,0.340393,0.266801
1768972969.657082,1768972969.657343,111.0,0.0,4380.897461,4365.256348,4361.666504,4372.692383,4369.230957,4373.333496,4378.589844,4382.820313,4372.692383,4359.358887,4471.282227,4535.256348,4413.333496,4455.512695,,,,,,,,,,,,,,,,,,,,,,,,,,,,,,,,,,,,,,,,,,,,,,,,,,,,,,,,,,,,,,,,,,,,,,
1768972969.66489,1768972969.664952,112.0,0.0,4383.717773,4371.922852,4364.743652,4377.820313,4371.666504,4378.846191,4384.230957,4384.743652,4372.820313,4357.179688,4475.128418,4533.589844,4411.794922,4453.717773,,,,,,,,,,,,,,,,,,,,,,,,,,,,,,,,,,,,,,,,,,,,,,,,,,,,,,,,,,,,,,,,,,,,,,
1768972969.672699,1768972969.67276,113.0,0.0,4378.717773,4373.333496,4363.077148,4375.641113,4371.410156,4382.307617,4382.94873,4383.077148,4368.461426,4357.692383,4475.0,4535.641113,4414.487305,4451.538574,,,,,,,,,,,,,,,,,,,,,,,,,,,,,,,,,,,,,,,,,,,,,,,,,,,,,,,,,,,,,,,,,,,,,,
1768972969.680507,1768972969.680669,114.0,0.0,4371.666504,4372.179688,4359.102539,4371.153809,4368.333496,4376.922852,4376.666504,4376.794922,4366.025879,4356.538574,4465.512695,4534.871582,4412.692383,4449.615234,,,,,,,,,,,,,,,,,,,,,,,,,,,,,,,,,,,,,,,,,,,,,,,,,,,,,,,,,,,,,,,,,,,,,,
1768972969.688316,1768972969.688477,115.0,0.0,4369.102539,4370.641113,4359.230957,4372.05127,4367.563965,4368.205078,4372.307617,4373.974121,4365.512695,4348.846191,4456.538574,4526.153809,4403.077148,4444.230957,,,,,,,,,,,,,,,,,,,,,,,,,,,,,,,,,,,,,,,,,,,,,,,,,,,,,,,,,,,,,,,,,,,,,,
1768972969.696124,1768972969.696485,116.0,0.0,4372.692383,4373.461426,4357.94873,4373.717773,4371.282227,4363.333496,4365.0,4372.820313,4363.333496,4342.820313,4457.563965,4518.333496,4394.615234,4433.461426,,,,,,,,,,,,,,,,,,,,,,,,,,,,,,,,,,,,,,,,,,,,,,,,,,,,,,,,,,,,,,,,,,,,,,
1768972969.703933,1768972969.704294,117.0,0.0,4375.128418,4374.615234,4353.717773,4375.256348,4375.128418,4366.922852,4365.128418,4369.230957,4360.0,4342.05127,4460.128418,4517.94873,4395.769043,4433.333496,,,,,,,,,,,,,,,,,,,,,,,,,,,,,,,,,,,,,,,,,,,,,,,,,,,,,,,,,,,,,,,,,,,,,,
1768972969.711741,1768972969.712002,118.0,0.0,4370.512695,4367.820313,4353.589844,4376.153809,4372.05127,4374.358887,4376.153809,4370.0,4358.589844,4342.94873,4460.0,4522.05127,4398.205078,4441.666504,,,,,,,,,,,,,,,,,,,,,,,,,,,,,,,,,,,,,,,,,,,,,,,,,,,,,,,,,,,,,,,,,,,,,,
1768972969.71955,1768972969.719811,119.0,0.0,4366.410156,4364.743652,4353.589844,4372.05127,4367.563965,4372.05127,4377.563965,4375.897461,4362.307617,4343.589844,4461.025879,4525.0,4397.563965,4441.410156,,,,,,,,,,,,,,,,,,,,,,,,,,,,,,,,,,,,,,,,,,,,,,,,,,,,,,,,,,,,,,,,,,,,,,
1768972969.727358,1768972969.727419,120.0,0.0,4365.0,4364.743652,4351.666504,4370.0,4367.05127,4367.05127,4371.922852,4378.461426,4366.282227,4343.333496,4459.871582,4520.512695,4395.0,4429.487305,,,,,,,,,,,,,,,,,,,,,,,,,,,,,,,,,,,,,,,,,,,,,,,,,,,,,,,,,,,,,,,,,,,,,,
1768972969.735166,1768972969.735228,121.0,0.0,4365.384766,4365.256348,4352.436035,4373.077148,4367.692383,4371.410156,4377.563965,4377.307617,4364.230957,4340.897461,4456.794922,4512.179688,4388.461426,4425.384766,,,,,,,,,,,,,,,,,,,,,,,,,,,,,,,,,,,,,,,,,,,,,,,,,,,,,,,,,,,,,,,,,,,,,,
1768972969.742975,1768972969.742936,122.0,0.0,4368.333496,4369.871582,4355.0,4373.974121,4369.230957,4378.846191,4384.230957,4381.538574,4367.563965,4344.102539,4458.974121,4516.666504,4390.256348,4434.358887,,,,,,,,,,,,,,,,,,,,,,,,,,,,,,,,,,,,,,,,,,,,,,,,,,,,,,,,,,,,,,,,,,,,,,
1768972969.750783,1768972969.750745,123.0,0.0,4367.94873,4367.436035,4356.282227,4372.563965,4369.743652,4379.358887,4385.384766,4386.282227,4374.487305,4351.794922,4463.846191,4526.153809,4400.128418,4437.436035,,,,,,,,,,,,,,,,,,,,,,,,,,,,,,,,,,,,,,,,,,,,,,,,,,,,,,,,,,,,,,,,,,,,,,
1768972969.758592,1768972969.758753,124.0,0.0,4361.153809,4360.897461,4354.615234,4373.077148,4368.333496,4382.436035,4388.846191,4382.563965,4370.384766,4348.333496,4458.461426,4520.384766,4396.025879,4430.641113,,,,,,,,,,,,,,,,,,,,,,,,,,,,,,,,,,,,,,,,,,,,,,,,,,,,,,,,,,,,,,,,,,,,,,
1768972969.7664,1768972969.766562,125.0,0.0,4356.410156,4364.102539,4351.538574,4372.307617,4369.487305,4387.179688,4387.179688,4376.410156,4364.102539,4341.025879,4450.128418,4510.769043,4386.153809,4424.871582,,,,,,,,,,,,,,,,,,,,,,,,,,,,,,,,,,,,,,,,,,,,,,,,,,,,,,,,,,,,,,,,,,,,,,
1768972969.774209,1768972969.77447,126.0,0.0,4359.871582,4371.794922,4353.077148,4372.436035,4373.077148,4380.769043,4379.358887,4373.846191,4365.384766,4341.153809,4453.333496,4515.256348,4390.641113,4425.769043,0.613948,0.128218,0.123566,0.195115,0.148461,0.968106,0.282142,0.379655,0.193857,0.113245,0.526916,0.154815,0.1445,0.149855,0.112248,0.449979,0.113112,0.144405,0.138973,0.063758,0.162282,0.359072,0.072426,0.089699,0.043857,0.319785,1.056203,0.386136,0.290338,0.201744,0.403955,1.008144,0.492668,0.243626,0.198907,0.336777,0.245677,0.126597,0.093218,0.062236,0.648655,0.154168,0.249345,0.092091,0.052226,0.22209,0.255792,0.180494,0.088372,0.08697,0.379213,0.337344,0.23112,0.216944,0.166413,1.492885,0.641197,0.100323,0.215102,0.156078,0.433531,0.201906,0.237387,0.119855,0.116922,0.567038,0.255398,0.453733,0.340118,0.234135
1768972969.782017,1768972969.782278,127.0,0.0,4368.333496,4377.820313,4359.615234,4375.769043,4373.077148,4370.384766,4374.871582,4370.641113,4364.230957,4346.922852,4460.128418,4522.94873,4399.487305,4430.0,,,,,,,,,,,,,,,,,,,,,,,,,,,,,,,,,,,,,,,,,,,,,,,,,,,,,,,,,,,,,,,,,,,,,,
1768972969.789826,1768972969.790287,0.0,0.0,4373.205078,4381.538574,4359.358887,4376.666504,4370.128418,4369.102539,4373.846191,4369.102539,4361.922852,4350.512695,4460.897461,4523.846191,4399.230957,4432.692383,,,,,,,,,,,,,,,,,,,,,,,,,,,,,,,,,,,,,,,,,,,,,,,,,,,,,,,,,,,,,,,,,,,,,,
1768972969.797634,1768972969.798095,1.0,0.0,4369.743652,4382.94873,4357.05127,4373.205078,4369.871582,4370.384766,4371.538574,4374.230957,4365.256348,4351.666504,4461.025879,4523.461426,4397.307617,4430.897461,,,,,,,,,,,,,,,,,,,,,,,,,,,,,,,,,,,,,,,,,,,,,,,,,,,,,,,,,,,,,,,,,,,,,,
1768972969.805442,1768972969.806003,2.0,0.0,4365.769043,4387.820313,4358.333496,4371.922852,4372.307617,4369.358887,4370.384766,4376.538574,4366.666504,4352.820313,4462.179688,4524.358887,4397.307617,4428.077148,,,,,,,,,,,,,,,,,,,,,,,,,,,,,,,,,,,,,,,,,,,,,,,,,,,,,,,,,,,,,,,,,,,,,,
1768972969.813251,1768972969.813812,3.0,0.0,4367.94873,4392.692383,4359.358887,4374.358887,4375.128418,4372.307617,4375.128418,4375.641113,4364.230957,4350.512695,4460.128418,4525.897461,4397.563965,4431.538574,,,,,,,,,,,,,,,,,,,,,,,,,,,,,,,,,,,,,,,,,,,,,,,,,,,,,,,,,,,,,,,,,,,,,,
1768972969.821059,1768972969.82142,4.0,0.0,4373.205078,4389.487305,4359.230957,4375.0,4373.461426,4375.256348,4378.461426,4379.102539,4364.871582,4347.179688,4460.0,4525.769043,4396.794922,4434.743652,,,,,,,,,,,,,,,,,,,,,,,,,,,,,,,,,,,,,,,,,,,,,,,,,,,,,,,,,,,,,,,,,,,,,,
1768972969.828868,1768972969.829229,5.0,0.0,4373.717773,4387.692383,4360.0,4374.230957,4372.436035,4373.461426,4374.487305,4379.743652,4365.128418,4344.743652,4461.666504,4521.794922,4392.692383,4429.358887,,,,,,,,,,,,,,,,,,,,,,,,,,,,,,,,,,,,,,,,,,,,,,,,,,,,,,,,,,,,,,,,,,,,,,
1768972969.836676,1768972969.836937,6.0,0.0,4364.487305,4387.179688,4356.538574,4372.820313,4373.589844,4371.666504,4370.128418,4375.256348,4360.384766,4343.333496,4454.871582,4518.077148,4384.743652,4417.563965,,,,,,,,,,,,,,,,,,,,,,,,,,,,,,,,,,,,,,,,,,,,,,,,,,,,,,,,,,,,,,,,,,,,,,
1768972969.844485,1768972969.844746,7.0,0.0,4355.128418,4376.794922,4350.128418,4369.102539,4373.205078,4373.205078,4372.563965,4373.717773,4356.922852,4340.128418,4446.794922,4517.436035,4378.333496,4412.820313,,,,,,,,,,,,,,,,,,,,,,,,,,,,,,,,,,,,,,,,,,,,,,,,,,,,,,,,,,,,,,,,,,,,,,
1768972969.852293,1768972969.852355,8.0,0.0,4358.717773,4370.641113,4354.102539,4368.846191,4371.922852,4377.05127,4377.436035,4375.769043,4361.538574,4339.230957,4450.128418,4521.410156,4382.436035,4421.153809,,,,,,,,,,,,,,,,,,,,,,,,,,,,,,,,,,,,,,,,,,,,,,,,,,,,,,,,,,,,,,,,,,,,,,
1768972969.860102,1768972969.860163,9.0,0.0,4370.641113,4383.717773,4361.922852,4376.922852,4370.641113,4377.05127,4380.512695,4378.846191,4368.077148,4350.384766,4459.102539,4529.615234,4395.512695,4429.230957,,,,,,,,,,,,,,,,,,,,,,,,,,,,,,,,,,,,,,,,,,,,,,,,,,,,,,,,,,,,,,,,,,,,,,
1768972969.86791,1768972969.868071,10.0,0.0,4372.692383,4395.897461,4361.282227,4380.0,4371.922852,4371.922852,4376.922852,4380.641113,4372.563965,4363.846191,4469.102539,4532.179688,4403.846191,4434.487305,,,,,,,,,,,,,,,,,,,,,,,,,,,,,,,,,,,,,,,,,,,,,,,,,,,,,,,,,,,,,,,,,,,,,,
1768972969.875718,1768972969.87588,11.0,0.0,4364.487305,4391.282227,4358.205078,4373.974121,4374.230957,4373.205078,4374.358887,4381.410156,4375.512695,4359.615234,4476.153809,4529.871582,4400.384766,4439.230957,,,,,,,,,,,,,,,,,,,,,,,,,,,,,,,,,,,,,,,,,,,,,,,,,,,,,,,,,,,,,,,,,,,,,,
1768972969.883527,1768972969.883888,12.0,0.0,4363.717773,4387.307617,4356.153809,4374.871582,4373.589844,4376.666504,4378.205078,4382.05127,4369.230957,4346.538574,4472.563965,4527.436035,4395.769043,4436.025879,,,,,,,,,,,,,,,,,,,,,,,,,,,,,,,,,,,,,,,,,,,,,,,,,,,,,,,,,,,,,,,,,,,,,,
1768972969.891335,1768972969.891697,13.0,0.0,4369.230957,4393.205078,4355.641113,4379.230957,4370.769043,4373.974121,4375.641113,4379.871582,4357.563965,4345.0,4463.589844,4521.666504,4397.307617,4430.769043,,,,,,,,,,,,,,,,,,,,,,,,,,,,,,,,,,,,,,,,,,,,,,,,,,,,,,,,,,,,,,,,,,,,,,
1768972969.899144,1768972969.899605,14.0,0.0,4363.205078,4392.179688,4353.333496,4373.974121,4370.897461,4372.436035,4370.641113,4375.769043,4358.846191,4349.743652,4460.0,4515.769043,4397.94873,4429.487305,0.695161,0.152724,0.103987,0.173531,0.11903,1.10099,0.240902,0.32465,0.180615,0.107435,0.664093,0.161605,0.170805,0.112592,0.095392,0.510824,0.112607,0.123502,0.121356,0.056934,0.143251,0.313386,0.071281,0.082293,0.041602,0.279925,0.880423,0.252698,0.265653,0.203796,0.431939,0.816355,0.367383,0.222347,0.197156,0.338319,0.192117,0.097222,0.090055,0.065314,0.552119,0.120733,0.233919,0.095518,0.055333,0.219821,0.196505,0.174304,0.10504,0.091354,0.497811,0.354219,0.186873,0.191036,0.173185,1.779425,0.782581,0.076715,0.188828,0.153298,0.402566,0.221625,0.198778,0.109011,0.100407,0.77639,0.257044,0.425904,0.331776,0.202455
1768972969.906952,1768972969.907413,15.0,0.0,4356.282227,4384.487305,4350.512695,4370.256348,4372.307617,4372.436035,4374.487305,4375.769043,4365.641113,4350.897461,4464.102539,4517.820313,4399.743652,4428.589844,,,,,,,,,,,,,,,,,,,,,,,,,,,,,,,,,,,,,,,,,,,,,,,,,,,,,,,,,,,,,,,,,,,,,,
1768972969.914761,1768972969.915022,16.0,0.0,4366.410156,4387.436035,4354.871582,4375.512695,4371.282227,4369.615234,4374.358887,4379.487305,4363.717773,4352.179688,4474.102539,4527.94873,4407.05127,4433.717773,,,,,,,,,,,,,,,,,,,,,,,,,,,,,,,,,,,,,,,,,,,,,,,,,,,,,,,,,,,,,,,,,,,,,,
1768972969.922569,1768972969.92283,17.0,0.0,4379.102539,4395.0,4362.307617,4375.897461,4370.128418,4366.282227,4363.461426,4379.871582,4362.179688,4353.846191,4476.282227,4530.128418,4412.563965,4442.05127,,,,,,,,,,,,,,,,,,,,,,,,,,,,,,,,,,,,,,,,,,,,,,,,,,,,,,,,,,,,,,,,,,,,,,
1768972969.930378,1768972969.930539,18.0,0.0,4376.666504,4398.077148,4362.94873,4372.820313,4372.05127,4370.0,4366.153809,4380.384766,4366.282227,4356.410156,4463.846191,4519.615234,4408.461426,4437.307617,,,,,,,,,,,,,,,,,,,,,,,,,,,,,,,,,,,,,,,,,,,,,,,,,,,,,,,,,,,,,,,,,,,,,,
1768972969.938186,1768972969.938347,19.0,0.0,4364.487305,4397.692383,4357.307617,4376.282227,4376.922852,4380.0,4381.282227,4385.0,4366.922852,4359.102539,4458.974121,4514.871582,4401.666504,4428.589844,,,,,,,,,,,,,,,,,,,,,,,,,,,,,,,,,,,,,,,,,,,,,,,,,,,,,,,,,,,,,,,,,,,,,,
1768972969.945995,1768972969.946356,20.0,0.0,4358.461426,4392.307617,4353.205078,4374.615234,4373.974121,4379.743652,4378.333496,4384.615234,4366.153809,4357.436035,4463.077148,4517.05127,4398.333496,4426.153809,,,,,,,,,,,,,,,,,,,,,,,,,,,,,,,,,,,,,,,,,,,,,,,,,,,,,,,,,,,,,,,,,,,,,,
1768972969.953803,1768972969.954164,21.0,0.0,4367.05127,4388.846191,4352.436035,4367.05127,4365.769043,4368.333496,4364.487305,4378.846191,4364.743652,4354.102539,4461.922852,4519.615234,4397.179688,4427.179688,,,,,,,,,,,,,,,,,,,,,,,,,,,,,,,,,,,,,,,,,,,,,,,,,,,,,,,,,,,,,,,,,,,,,,
1768972969.961611,1768972969.962072,22.0,0.0,4377.94873,4389.615234,4353.333496,4368.846191,4366.666504,4367.436035,4364.615234,4374.871582,4359.743652,4351.922852,4459.230957,4521.794922,4397.05127,4429.615234,,,,,,,,,,,,,,,,,,,,,,,,,,,,,,,,,,,,,,,,,,,,,,,,,,,,,,,,,,,,,,,,,,,,,,
1768972969.96942,1768972969.969881,23.0,0.0,4374.743652,4385.512695,4351.538574,4375.0,4372.563965,4375.128418,4373.717773,4373.974121,4357.179688,4352.179688,4458.717773,4516.410156,4396.153809,4427.436035,,,,,,,,,,,,,,,,,,,,,,,,,,,,,,,,,,,,,,,,,,,,,,,,,,,,,,,,,,,,,,,,,,,,,,
1768972969.977228,1768972969.977889,24.0,0.0,4365.512695,4378.461426,4347.179688,4372.94873,4373.077148,4376.922852,4374.358887,4374.230957,4358.205078,4353.846191,4457.692383,4506.794922,4393.333496,4419.358887,,,,,,,,,,,,,,,,,,,,,,,,,,,,,,,,,,,,,,,,,,,,,,,,,,,,,,,,,,,,,,,,,,,,,,
1768972969.985037,1768972969.985698,25.0,0.0,4368.333496,4382.307617,4350.384766,4371.538574,4371.025879,4377.436035,4372.307617,4375.769043,4361.538574,4354.871582,4459.102539,4511.922852,4393.205078,4419.358887,,,,,,,,,,,,,,,,,,,,,,,,,,,,,,,,,,,,,,,,,,,,,,,,,,,,,,,,,,,,,,,,,,,,,,
1768972969.992845,1768972969.993606,26.0,0.0,4379.615234,4390.897461,4359.102539,4376.666504,4372.307617,4381.025879,4379.615234,4380.384766,4365.769043,4356.025879,4462.436035,4526.025879,4397.692383,4432.05127,,,,,,,,,,,,,,,,,,,,,,,,,,,,,,,,,,,,,,,,,,,,,,,,,,,,,,,,,,,,,,,,,,,,,,
1768972970.000654,1768972970.001414,27.0,0.0,4381.410156,4388.846191,4362.692383,4380.512695,4377.179688,4377.820313,4381.025879,4381.538574,4365.128418,4356.538574,4462.692383,4523.974121,4399.102539,4439.871582,,,,,,,,,,,,,,,,,,,,,,,,,,,,,,,,,,,,,,,,,,,,,,,,,,,,,,,,,,,,,,,,,,,,,,
1768972970.008462,1768972970.009023,28.0,0.0,4376.153809,4383.461426,4356.153809,4379.615234,4379.358887,4371.538574,4367.307617,4380.512695,4366.153809,4357.179688,4461.922852,4514.615234,4398.589844,4433.461426,,,,,,,,,,,,,,,,,,,,,,,,,,,,,,,,,,,,,,,,,,,,,,,,,,,,,,,,,,,,,,,,,,,,,,
1768972970.016271,1768972970.016831,29.0,0.0,4371.538574,4380.128418,4349.230957,4376.794922,4376.282227,4371.794922,4358.717773,4380.897461,4368.333496,4360.0,4460.128418,4510.512695,4398.205078,4419.871582,,,,,,,,,,,,,,,,,,,,,,,,,,,,,,,,,,,,,,,,,,,,,,,,,,,,,,,,,,,,,,,,,,,,,,
1768972970.024079,1768972970.02454,30.0,0.0,4367.820313,4373.846191,4348.717773,4371.794922,4371.410156,4372.692383,4363.333496,4376.666504,4361.666504,4356.922852,4458.205078,4505.512695,4393.077148,4413.717773,0.770971,0.189653,0.103443,0.171457,0.101845,1.273834,0.215168,0.271721,0.177345,0.103915,0.797239,0.182809,0.201158,0.083409,0.083731,0.542753,0.115804,0.104861,0.109056,0.052167,0.149043,0.254609,0.071129,0.075007,0.038791,0.232802,0.743216,0.164533,0.2323,0.199999,0.464912,0.666411,0.279121,0.19329,0.192331,0.345847,0.161982,0.083287,0.081472,0.065362,0.470892,0.100441,0.217952,0.09815,0.058249,0.293309,0.150069,0.164149,0.118882,0.09515,0.666395,0.39831,0.153387,0.168803,0.183297,2.071886,0.880255,0.068034,0.162892,0.152233,0.455278,0.26583,0.174583,0.106327,0.091832,1.120504,0.314794,0.37922,0.324687,0.179246
1768972970.031887,1768972970.032348,31.0,0.0,4371.153809,4370.512695,4350.641113,4370.128418,4368.846191,4369.871582,4363.717773,4370.128418,4353.333496,4347.563965,4459.102539,4506.538574,4387.692383,4422.436035,,,,,,,,,,,,,,,,,,,,,,,,,,,,,,,,,,,,,,,,,,,,,,,,,,,,,,,,,,,,,,,,,,,,,,
1768972970.039696,1768972970.039957,32.0,0.0,4373.333496,4373.974121,4350.641113,4373.974121,4366.410156,4367.436035,4357.179688,4368.461426,4354.487305,4340.641113,4455.512695,4511.922852,4390.384766,4431.794922,,,,,,,,,,,,,,,,,,,,,,,,,,,,,,,,,,,,,,,,,,,,,,,,,,,,,,,,,,,,,,,,,,,,,,
1768972970.047504,1768972970.047766,33.0,0.0,4361.666504,4371.666504,4345.641113,4372.563965,4365.256348,4371.153809,4360.128418,4368.974121,4354.615234,4339.487305,4452.692383,4506.538574,4393.333496,4426.410156,,,,,,,,,,,,,,,,,,,,,,,,,,,,,,,,,,,,,,,,,,,,,,,,,,,,,,,,,,,,,,,,,,,,,,
1768972970.055313,1768972970.055474,34.0,0.0,4350.641113,4364.230957,4340.897461,4365.128418,4366.538574,4375.384766,4367.179688,4368.717773,4353.589844,4342.05127,4454.615234,4493.846191,4389.102539,4413.077148,,,,,,,,,,,,,,,,,,,,,,,,,,,,,,,,,,,,,,,,,,,,,,,,,,,,,,,,,,,,,,,,,,,,,,
1768972970.063121,1768972970.063283,35.0,0.0,4358.589844,4369.871582,4341.794922,4367.692383,4366.025879,4373.974121,4366.794922,4367.94873,4355.897461,4342.820313,4450.256348,4489.230957,4385.256348,4409.743652,,,,,,,,,,,,,,,,,,,,,,,,,,,,,,,,,,,,,,,,,,,,,,,,,,,,,,,,,,,,,,,,,,,,,,
1768972970.07093,1768972970.070891,36.0,0.0,4370.512695,4378.974121,4348.717773,4376.794922,4365.384766,4372.563965,4366.410156,4369.102539,4352.692383,4339.743652,4446.025879,4491.282227,4392.692383,4420.384766,,,,,,,,,,,,,,,,,,,,,,,,,,,,,,,,,,,,,,,,,,,,,,,,,,,,,,,,,,,,,,,,,,,,,,
1768972970.078738,1768972970.0787,37.0,0.0,4366.666504,4373.333496,4353.333496,4377.05127,4369.487305,4374.487305,4368.974121,4372.820313,4353.461426,4343.333496,4454.230957,4497.05127,4398.974121,4424.871582,,,,,,,,,,,,,,,,,,,,,,,,,,,,,,,,,,,,,,,,,,,,,,,,,,,,,,,,,,,,,,,,,,,,,,
1768972970.086547,1768972970.086608,38.0,0.0,4360.769043,4368.974121,4350.769043,4372.692383,4374.230957,4381.666504,4373.461426,4374.871582,4362.307617,4352.563965,4460.0,4505.769043,4391.153809,4418.717773,,,,,,,,,,,,,,,,,,,,,,,,,,,,,,,,,,,,,,,,,,,,,,,,,,,,,,,,,,,,,,,,,,,,,,
1768972970.094355,1768972970.094416,39.0,0.0,4368.717773,4376.666504,4347.436035,4372.692383,4371.282227,4383.717773,4372.179688,4373.205078,4362.563965,4354.358887,4456.282227,4510.256348,4387.563965,4420.128418,,,,,,,,,,,,,,,,,,,,,,,,,,,,,,,,,,,,,,,,,,,,,,,,,,,,,,,,,,,,,,,,,,,,,,
1768972970.102163,1768972970.102425,40.0,0.0,4381.794922,4381.666504,4350.0,4375.769043,4368.846191,4374.487305,4365.897461,4371.282227,4355.769043,4353.846191,4459.743652,4514.102539,4397.820313,4431.282227,,,,,,,,,,,,,,,,,,,,,,,,,,,,,,,,,,,,,,,,,,,,,,,,,,,,,,,,,,,,,,,,,,,,,,
1768972970.109972,1768972970.110233,41.0,0.0,4386.410156,4381.025879,4357.307617,4381.922852,4372.307617,4372.436035,4369.102539,4372.94873,4357.05127,4355.897461,4464.102539,4518.461426,4400.256348,4433.461426,,,,,,,,,,,,,,,,,,,,,,,,,,,,,,,,,,,,,,,,,,,,,,,,,,,,,,,,,,,,,,,,,,,,,,
1768972970.11778,1768972970.117942,42.0,0.0,4380.769043,4381.025879,4357.692383,4385.0,4370.897461,4380.128418,4374.230957,4375.641113,4359.743652,4354.871582,4460.512695,4518.589844,4391.410156,4428.461426,,,,,,,,,,,,,,,,,,,,,,,,,,,,,,,,,,,,,,,,,,,,,,,,,,,,,,,,,,,,,,,,,,,,,,
1768972970.125589,1768972970.12575,43.0,0.0,4369.743652,4373.461426,4350.641113,4379.230957,4364.615234,4373.333496,4364.871582,4374.230957,4357.05127,4352.436035,4460.128418,4517.820313,4391.025879,4428.333496,,,,,,,,,,,,,,,,,,,,,,,,,,,,,,,,,,,,,,,,,,,,,,,,,,,,,,,,,,,,,,,,,,,,,,
1768972970.133397,1768972970.133359,44.0,0.0,4362.05127,4364.871582,4346.538574,4371.538574,4363.333496,4361.922852,4358.461426,4371.922852,4357.692383,4349.615234,4462.436035,4522.94873,4395.641113,4429.358887,,,,,,,,,,,,,,,,,,,,,,,,,,,,,,,,,,,,,,,,,,,,,,,,,,,,,,,,,,,,,,,,,,,,,,
1768972970.141205,1768972970.141167,45.0,0.0,4366.153809,4370.0,4346.794922,4370.769043,4366.538574,4370.641113,4366.538574,4372.307617,4359.230957,4350.128418,4461.794922,4524.871582,4396.153809,4429.487305,,,,,,,,,,,,,,,,,,,,,,,,,,,,,,,,,,,,,,,,,,,,,,,,,,,,,,,,,,,,,,,,,,,,,,
1768972970.149014,1768972970.149076,46.0,0.0,4376.282227,4382.820313,4351.153809,4378.974121,4370.512695,4377.179688,4369.615234,4370.128418,4358.333496,4352.820313,4461.025879,4520.641113,4396.538574,4429.230957,0.82399,0.234455,0.122519,0.195514,0.101285,1.460974,0.217808,0.229368,0.185444,0.103147,0.894072,0.209177,0.225024,0.066622,0.078891,0.53661,0.123093,0.093047,0.103408,0.050289,0.16926,0.198114,0.07333,0.069477,0.036439,0.189862,0.650736,0.122638,0.199159,0.190023,0.485766,0.577084,0.231672,0.164673,0.183355,0.356801,0.166739,0.089991,0.070732,0.062368,0.409513,0.101788,0.205294,0.098157,0.060782,0.447869,0.127476,0.15933,0.127785,0.097978,0.863101,0.473498,0.140603,0.158763,0.193047,2.294894,0.911057,0.074344,0.146339,0.154345,0.621931,0.338806,0.171989,0.11641,0.0901,1.603551,0.448479,0.338984,0.330915,0.167447
1768972970.156822,1768972970.156884,47.0,0.0,4379.487305,4385.384766,4356.922852,4382.05127,4373.461426,4373.461426,4369.358887,4367.307617,4357.692383,4349.487305,4462.05127,4522.307617,4395.897461,4427.692383,,,,,,,,,,,,,,,,,,,,,,,,,,,,,,,,,,,,,,,,,,,,,,,,,,,,,,,,,,,,,,,,,,,,,,
1768972970.164631,1768972970.164892,48.0,0.0,4372.436035,4376.538574,4356.410156,4375.0,4371.794922,4378.077148,4374.102539,4370.897461,4361.410156,4346.282227,4462.692383,4523.461426,4395.256348,4428.717773,,,,,,,,,,,,,,,,,,,,,,,,,,,,,,,,,,,,,,,,,,,,,,,,,,,,,,,,,,,,,,,,,,,,,,
1768972970.172439,1768972970.172701,49.0,0.0,4364.615234,4370.256348,4351.538574,4371.794922,4368.846191,4380.384766,4372.94873,4373.846191,4366.794922,4349.102539,4462.436035,4516.282227,4396.153809,4430.641113,,,,,,,,,,,,,,,,,,,,,,,,,,,,,,,,,,,,,,,,,,,,,,,,,,,,,,,,,,,,,,,,,,,,,,
1768972970.180248,1768972970.180609,50.0,0.0,4370.641113,4370.256348,4351.025879,4375.384766,4369.358887,4372.05127,4368.974121,4372.692383,4367.563965,4351.538574,4460.641113,4514.230957,4393.461426,4430.0,,,,,,,,,,,,,,,,,,,,,,,,,,,,,,,,,,,,,,,,,,,,,,,,,,,,,,,,,,,,,,,,,,,,,,
1768972970.188056,1768972970.188417,51.0,0.0,4380.128418,4367.179688,4354.871582,4378.846191,4370.897461,4377.692383,4381.410156,4377.307617,4370.128418,4351.282227,4460.769043,4521.153809,4387.94873,4426.666504,,,,,,,,,,,,,,,,,,,,,,,,,,,,,,,,,,,,,,,,,,,,,,,,,,,,,,,,,,,,,,,,,,,,,,
1768972970.195865,1768972970.196426,52.0,0.0,4377.692383,4363.846191,4356.282227,4377.436035,4371.410156,4392.563965,4393.974121,4385.256348,4374.358887,4352.692383,4463.974121,4523.589844,4391.153809,4428.717773,,,,,,,,,,,,,,,,,,,,,,,,,,,,,,,,,,,,,,,,,,,,,,,,,,,,,,,,,,,,,,,,,,,,,,
1768972970.203673,1768972970.204234,53.0,0.0,4371.153809,4363.974121,4351.410156,4373.846191,4372.05127,4384.871582,4383.717773,4385.641113,4372.436035,4355.384766,4463.333496,4519.615234,4394.615234,4428.589844,,,,,,,,,,,,,,,,,,,,,,,,,,,,,,,,,,,,,,,,,,,,,,,,,,,,,,,,,,,,,,,,,,,,,,
1768972970.211481,1768972970.211943,54.0,0.0,4371.282227,4363.077148,4347.94873,4372.05127,4371.922852,4371.538574,4372.05127,4380.128418,4371.666504,4353.974121,4460.256348,4518.333496,4390.256348,4420.0,,,,,,,,,,,,,,,,,,,,,,,,,,,,,,,,,,,,,,,,,,,,,,,,,,,,,,,,,,,,,,,,,,,,,,
1768972970.21929,1768972970.219751,55.0,0.0,4375.512695,4361.282227,4351.025879,4373.077148,4370.256348,4375.256348,4376.794922,4377.563965,4375.0,4350.128418,4459.230957,4517.05127,4384.743652,4417.94873,,,,,,,,,,,,,,,,,,,,,,,,,,,,,,,,,,,,,,,,,,,,,,,,,,,,,,,,,,,,,,,,,,,,,,
1768972970.227098,1768972970.22736,56.0,0.0,4374.358887,4363.846191,4349.743652,4372.436035,4370.256348,4381.794922,4381.538574,4377.820313,4370.897461,4346.153809,4459.487305,4513.974121,4381.025879,4426.025879,,,,,,,,,,,,,,,,,,,,,,,,,,,,,,,,,,,,,,,,,,,,,,,,,,,,,,,,,,,,,,,,,,,,,,
1768972970.234907,1768972970.235168,57.0,0.0,4371.666504,4367.563965,4343.589844,4371.282227,4373.077148,4382.436035,4379.487305,4377.94873,4366.922852,4345.128418,4460.641113,4513.461426,4380.769043,4430.641113,,,,,,,,,,,,,,,,,,,,,,,,,,,,,,,,,,,,,,,,,,,,,,,,,,,,,,,,,,,,,,,,,,,,,,
1768972970.242715,1768972970.242877,58.0,0.0,4369.230957,4367.307617,4340.512695,4372.94873,4370.128418,4381.666504,4378.205078,4379.102539,4373.589844,4345.897461,4460.641113,4508.205078,4382.563965,4422.692383,,,,,,,,,,,,,,,,,,,,,,,,,,,,,,,,,,,,,,,,,,,,,,,,,,,,,,,,,,,,,,,,,,,,,,
1768972970.250524,1768972970.250685,59.0,0.0,4364.358887,4364.743652,4338.717773,4372.05127,4365.0,4377.179688,4373.717773,4379.743652,4372.94873,4347.94873,4458.461426,4501.922852,4382.05127,4415.641113,,,,,,,,,,,,,,,,,,,,,,,,,,,,,,,,,,,,,,,,,,,,,,,,,,,,,,,,,,,,,,,,,,,,,,
1768972970.258332,1768972970.258294,60.0,0.0,4363.205078,4367.563965,4341.282227,4370.641113,4369.230957,4371.025879,4368.974121,4379.615234,4368.589844,4351.666504,4459.615234,4506.153809,4385.256348,4423.205078,,,,,,,,,,,,,,,,,,,,,,,,,,,,,,,,,,,,,,,,,,,,,,,,,,,,,,,,,,,,,,,,,,,,,,
1768972970.266141,1768972970.266102,61.0,0.0,4365.897461,4370.641113,4345.641113,4372.179688,4374.230957,4376.282227,4371.794922,4377.820313,4372.692383,4349.615234,4462.307617,4509.230957,4390.256348,4430.641113,,,,,,,,,,,,,,,,,,,,,,,,,,,,,,,,,,,,,,,,,,,,,,,,,,,,,,,,,,,,,,,,,,,,,,
1768972970.273949,1768972970.273811,62.0,0.0,4367.94873,4366.410156,4344.487305,4374.102539,4371.538574,4379.487305,4371.538574,4374.102539,4371.410156,4343.589844,4458.974121,4501.538574,4384.615234,4422.179688,0.847617,0.281983,0.152589,0.242922,0.117641,1.593959,0.250917,0.208762,0.202985,0.105421,0.929814,0.231028,0.235563,0.06324,0.079428,0.493734,0.135765,0.090115,0.101004,0.051385,0.189074,0.155384,0.077564,0.065068,0.035416,0.158486,0.597348,0.117084,0.175675,0.17555,0.479566,0.555077,0.219171,0.14513,0.171804,0.363084,0.206398,0.11885,0.061682,0.057185,0.362633,0.124267,0.203778,0.096167,0.063331,0.655069,0.135634,0.173337,0.132065,0.100153,1.057294,0.573769,0.156831,0.166204,0.196983,2.375934,0.882192,0.09383,0.147403,0.158281,0.898752,0.441831,0.194057,0.141454,0.092802,2.156152,0.654366,0.326222,0.359862,0.164943
1768972970.281757,1768972970.281619,63.0,0.0,4369.487305,4366.282227,4345.641113,4375.384766,4370.512695,4374.230957,4370.512695,4374.487305,4365.897461,4341.538574,4455.769043,4498.717773,4378.461426,4416.410156,,,,,,,,,,,,,,,,,,,,,,,,,,,,,,,,,,,,,,,,,,,,,,,,,,,,,,,,,,,,,,,,,,,,,,
1768972970.289566,1768972970.289628,64.0,0.0,4373.205078,4368.846191,4349.871582,4372.820313,4367.820313,4369.743652,4369.743652,4375.128418,4366.794922,4343.589844,4458.974121,4506.153809,4383.205078,4425.128418,,,,,,,,,,,,,,,,,,,,,,,,,,,,,,,,,,,,,,,,,,,,,,,,,,,,,,,,,,,,,,,,,,,,,,
1768972970.297374,1768972970.297436,65.0,0.0,4372.820313,4361.025879,4347.436035,4368.077148,4360.384766,4365.384766,4365.512695,4370.769043,4364.871582,4342.307617,4460.769043,4508.077148,4388.333496,4428.589844,,,,,,,,,,,,,,,,,,,,,,,,,,,,,,,,,,,,,,,,,,,,,,,,,,,,,,,,,,,,,,,,,,,,,,
1768972970.305183,1768972970.305344,66.0,0.0,4371.025879,4358.333496,4345.256348,4368.333496,4361.922852,4366.922852,4367.179688,4370.256348,4361.282227,4342.820313,4458.589844,4508.333496,4386.794922,4427.820313,,,,,,,,,,,,,,,,,,,,,,,,,,,,,,,,,,,,,,,,,,,,,,,,,,,,,,,,,,,,,,,,,,,,,,
1768972970.312991,1768972970.313153,67.0,0.0,4373.717773,4367.94873,4351.410156,4374.743652,4370.384766,4374.358887,4375.769043,4377.436035,4367.179688,4350.512695,4459.358887,4511.922852,4383.974121,4428.589844,,,,,,,,,,,,,,,,,,,,,,,,,,,,,,,,,,,,,,,,,,,,,,,,,,,,,,,,,,,,,,,,,,,,,,
1768972970.3208,1768972970.320761,68.0,0.0,4374.358887,4370.128418,4351.922852,4375.512695,4371.282227,4375.0,4376.922852,4376.538574,4368.846191,4347.436035,4456.922852,4508.077148,4380.512695,4418.846191,,,,,,,,,,,,,,,,,,,,,,,,,,,,,,,,,,,,,,,,,,,,,,,,,,,,,,,,,,,,,,,,,,,,,,
1768972970.328608,1768972970.32857,69.0,0.0,4370.897461,4364.615234,4344.743652,4370.897461,4367.820313,4371.282227,4370.769043,4372.563965,4362.563965,4338.846191,4452.307617,4504.615234,4378.717773,4412.436035,,,,,,,,,,,,,,,,,,,,,,,,,,,,,,,,,,,,,,,,,,,,,,,,,,,,,,,,,,,,,,,,,,,,,,
1768972970.336417,1768972970.336278,70.0,0.0,4370.512695,4365.128418,4343.974121,4371.410156,4368.846191,4375.0,4372.94873,4381.282227,4365.769043,4343.717773,4458.205078,4516.538574,4387.179688,4424.358887,,,,,,,,,,,,,,,,,,,,,,,,,,,,,,,,,,,,,,,,,,,,,,,,,,,,,,,,,,,,,,,,,,,,,,
1768972970.344225,1768972970.344087,71.0,0.0,4377.05127,4369.743652,4350.128418,4377.436035,4374.102539,4375.897461,4376.025879,4385.256348,4372.563965,4353.717773,4465.128418,4525.128418,4395.512695,4433.974121,,,,,,,,,,,,,,,,,,,,,,,,,,,,,,,,,,,,,,,,,,,,,,,,,,,,,,,,,,,,,,,,,,,,,,
1768972970.352034,1768972970.352095,72.0,0.0,4380.512695,4368.077148,4355.641113,4380.384766,4376.025879,4372.179688,4374.743652,4381.410156,4371.794922,4352.179688,4460.384766,4514.743652,4392.05127,4426.538574,,,,,,,,,,,,,,,,,,,,,,,,,,,,,,,,,,,,,,,,,,,,,,,,,,,,,,,,,,,,,,,,,,,,,,
1768972970.359842,1768972970.359904,73.0,0.0,4376.282227,4361.666504,4354.743652,4376.794922,4375.0,4377.563965,4378.589844,4385.641113,4371.538574,4348.717773,4458.974121,4511.538574,4388.589844,4422.94873,,,,,,,,,,,,,,,,,,,,,,,,,,,,,,,,,,,,,,,,,,,,,,,,,,,,,,,,,,,,,,,,,,,,,,
1768972970.36765,1768972970.367812,74.0,0.0,4374.102539,4358.333496,4351.025879,4371.410156,4377.307617,4384.487305,4382.563965,4388.461426,4373.333496,4353.846191,4464.230957,4517.820313,4393.717773,4428.333496,,,,,,,,,,,,,,,,,,,,,,,,,,,,,,,,,,,,,,,,,,,,,,,,,,,,,,,,,,,,,,,,,,,,,,
1768972970.375459,1768972970.37562,75.0,0.0,4378.333496,4363.846191,4349.230957,4370.384766,4377.307617,4384.358887,4381.922852,4382.94873,4370.769043,4357.692383,4462.436035,4516.666504,4397.820313,4429.487305,,,,,,,,,,,,,,,,,,,,,,,,,,,,,,,,,,,,,,,,,,,,,,,,,,,,,,,,,,,,,,,,,,,,,,
1768972970.383267,1768972970.383629,76.0,0.0,4380.769043,4374.615234,4350.256348,4376.538574,4372.692383,4384.358887,4382.05127,4382.692383,4371.922852,4355.897461,4460.384766,4516.025879,4393.333496,4428.846191,,,,,,,,,,,,,,,,,,,,,,,,,,,,,,,,,,,,,,,,,,,,,,,,,,,,,,,,,,,,,,,,,,,,,,
1768972970.391076,1768972970.391437,77.0,0.0,4379.230957,4378.461426,4353.974121,4380.641113,4371.538574,4380.0,4379.102539,4384.871582,4373.846191,4350.897461,4459.743652,4515.769043,4388.077148,4426.666504,,,,,,,,,,,,,,,,,,,,,,,,,,,,,,,,,,,,,,,,,,,,,,,,,,,,,,,,,,,,,,,,,,,,,,
1768972970.398884,1768972970.399146,78.0,0.0,4380.769043,4376.153809,4354.230957,4380.384766,4373.461426,4373.589844,4371.025879,4380.641113,4371.538574,4352.307617,4457.05127,4512.05127,4391.538574,4424.358887,0.844372,0.328265,0.182713,0.3037,0.14891,1.641076,0.311364,0.21526,0.227001,0.111025,0.903878,0.240504,0.232511,0.071702,0.082433,0.430504,0.152166,0.093743,0.09792,0.055643,0.196259,0.13069,0.083797,0.060233,0.036168,0.137979,0.577748,0.130557,0.167159,0.160269,0.443659,0.599536,0.226505,0.140261,0.161518,0.355098,0.272273,0.165465,0.05678,0.051074,0.322256,0.163784,0.22005,0.094175,0.066278,0.859277,0.176023,0.215455,0.132903,0.102132,1.209057,0.678609,0.199719,0.190531,0.191217,2.306853,0.816406,0.124168,0.170971,0.161374,1.242123,0.56352,0.234948,0.177871,0.097978,2.666003,0.885909,0.343219,0.412849,0.168732
1768972970.406693,1768972970.406954,79.0,0.0,4383.333496,4373.205078,4350.512695,4377.94873,4374.487305,4375.256348,4373.589844,4382.436035,4374.358887,4360.128418,4464.358887,4513.846191,4398.974121,4432.692383,,,,,,,,,,,,,,,,,,,,,,,,,,,,,,,,,,,,,,,,,,,,,,,,,,,,,,,,,,,,,,,,,,,,,,
1768972970.414501,1768972970.414962,80.0,0.0,4380.0,4369.230957,4351.794922,4375.0,4374.102539,4376.794922,4379.743652,4388.461426,4380.0,4362.179688,4476.282227,4520.769043,4400.641113,4442.563965,,,,,,,,,,,,,,,,,,,,,,,,,,,,,,,,,,,,,,,,,,,,,,,,,,,,,,,,,,,,,,,,,,,,,,
1768972970.42231,1768972970.422771,81.0,0.0,4381.025879,4367.05127,4358.846191,4377.307617,4373.077148,4376.153809,4377.05127,4388.974121,4379.102539,4361.282227,4476.282227,4522.436035,4403.077148,4443.846191,,,,,,,,,,,,,,,,,,,,,,,,,,,,,,,,,,,,,,,,,,,,,,,,,,,,,,,,,,,,,,,,,,,,,,
1768972970.430118,1768972970.430479,82.0,0.0,4388.077148,4366.666504,4361.666504,4379.743652,4372.436035,4377.307617,4375.769043,4387.436035,4375.0,4362.307617,4473.589844,4518.333496,4405.769043,4443.589844,,,,,,,,,,,,,,,,,,,,,,,,,,,,,,,,,,,,,,,,,,,,,,,,,,,,,,,,,,,,,,,,,,,,,,
1768972970.437926,1768972970.438288,83.0,0.0,4387.563965,4363.077148,4357.563965,4376.410156,4372.05127,4374.871582,4378.077148,4385.256348,4373.974121,4359.743652,4476.794922,4513.589844,4400.641113,4441.538574,,,,,,,,,,,,,,,,,,,,,,,,,,,,,,,,,,,,,,,,,,,,,,,,,,,,,,,,,,,,,,,,,,,,,,
1768972970.445735,1768972970.445896,84.0,0.0,4379.230957,4355.512695,4351.025879,4370.641113,4369.871582,4373.077148,4378.461426,4382.820313,4373.974121,4354.615234,4472.05127,4509.871582,4396.410156,4437.692383,,,,,,,,,,,,,,,,,,,,,,,,,,,,,,,,,,,,,,,,,,,,,,,,,,,,,,,,,,,,,,,,,,,,,,
1768972970.453543,1768972970.453705,85.0,0.0,4379.230957,4357.563965,4351.794922,4370.641113,4369.871582,4375.897461,4379.358887,4383.846191,4373.974121,4355.897461,4466.794922,4511.282227,4397.94873,4440.256348,,,,,,,,,,,,,,,,,,,,,,,,,,,,,,,,,,,,,,,,,,,,,,,,,,,,,,,,,,,,,,,,,,,,,,
1768972970.461352,1768972970.461413,86.0,0.0,4387.820313,4365.641113,4360.769043,4376.153809,4375.128418,4375.0,4381.282227,4384.743652,4374.230957,4357.820313,4471.666504,4513.461426,4396.538574,4443.717773,,,,,,,,,,,,,,,,,,,,,,,,,,,,,,,,,,,,,,,,,,,,,,,,,,,,,,,,,,,,,,,,,,,,,,
1768972970.46916,1768972970.469222,87.0,0.0,4390.128418,4366.410156,4362.820313,4378.077148,4377.820313,4375.897461,4383.333496,4382.692383,4373.717773,4356.025879,4473.846191,4515.384766,4395.512695,4443.077148,,,,,,,,,,,,,,,,,,,,,,,,,,,,,,,,,,,,,,,,,,,,,,,,,,,,,,,,,,,,,,,,,,,,,,
1768972970.476969,1768972970.47723,88.0,0.0,4381.538574,4365.0,4352.94873,4372.05127,4373.974121,4379.230957,4380.384766,4382.307617,4374.487305,4357.820313,4468.461426,4512.563965,4398.846191,4440.256348,,,,,,,,,,,,,,,,,,,,,,,,,,,,,,,,,,,,,,,,,,,,,,,,,,,,,,,,,,,,,,,,,,,,,,
1768972970.484777,1768972970.485039,89.0,0.0,4369.102539,4363.589844,4342.692383,4360.769043,4371.410156,4378.205078,4376.538574,4384.230957,4376.410156,4358.461426,4460.512695,4503.205078,4396.538574,4430.256348,,,,,,,,,,,,,,,,,,,,,,,,,,,,,,,,,,,,,,,,,,,,,,,,,,,,,,,,,,,,,,,,,,,,,,
1768972970.492586,1768972970.492947,90.0,0.0,4367.307617,4360.512695,4343.077148,4356.666504,4372.179688,4379.358887,4383.205078,4385.128418,4380.0,4355.897461,4457.94873,4503.077148,4390.0,4423.974121,,,,,,,,,,,,,,,,,,,,,,,,,,,,,,,,,,,,,,,,,,,,,,,,,,,,,,,,,,,,,,,,,,,,,,
1768972970.500394,1768972970.500755,91.0,0.0,4378.461426,4362.05127,4349.871582,4362.692383,4366.922852,4372.436035,4382.563965,4383.846191,4380.641113,4361.282227,4465.769043,4512.179688,4394.487305,4433.589844,,,,,,,,,,,,,,,,,,,,,,,,,,,,,,,,,,,,,,,,,,,,,,,,,,,,,,,,,,,,,,,,,,,,,,
1768972970.508202,1768972970.508764,92.0,0.0,4386.282227,4370.256348,4354.615234,4369.102539,4362.692383,4354.615234,4364.743652,4379.487305,4376.666504,4371.666504,4476.410156,4514.358887,4406.794922,4442.307617,,,,,,,,,,,,,,,,,,,,,,,,,,,,,,,,,,,,,,,,,,,,,,,,,,,,,,,,,,,,,,,,,,,,,,
1768972970.516011,1768972970.516572,93.0,0.0,4385.0,4376.282227,4352.05127,4368.205078,4367.05127,4358.717773,4363.846191,4378.205078,4368.333496,4367.820313,4477.179688,4514.743652,4410.0,4441.666504,,,,,,,,,,,,,,,,,,,,,,,,,,,,,,,,,,,,,,,,,,,,,,,,,,,,,,,,,,,,,,,,,,,,,,
1768972970.523819,1768972970.524281,94.0,0.0,4382.307617,4379.358887,4349.358887,4364.743652,4370.769043,4376.922852,4377.179688,4378.461426,4355.384766,4356.282227,4471.025879,4518.846191,4402.94873,4440.512695,0.823902,0.377364,0.204218,0.36503,0.191415,1.608774,0.385612,0.24493,0.253791,0.120135,0.830198,0.238344,0.218843,0.089426,0.085856,0.365421,0.169647,0.098006,0.093002,0.063356,0.186404,0.123774,0.092326,0.054554,0.038671,0.13115,0.58629,0.146643,0.172725,0.148907,0.396852,0.696544,0.238688,0.150948,0.157057,0.333639,0.352684,0.220294,0.056329,0.045333,0.291818,0.216066,0.253797,0.093483,0.069597,1.005935,0.245086,0.282903,0.132703,0.103862,1.280275,0.757716,0.252612,0.224248,0.175492,2.147264,0.747984,0.158547,0.214515,0.16166,1.565839,0.675981,0.280254,0.216366,0.104257,2.990771,1.072342,0.373799,0.476906,0.177738
1768972970.531628,1768972970.532089,95.0,0.0,4380.897461,4378.974121,4353.461426,4365.512695,4370.0,4368.589844,4371.282227,4372.692383,4348.333496,4353.461426,4467.05127,4516.922852,4398.717773,4436.794922,,,,,,,,,,,,,,,,,,,,,,,,,,,,,,,,,,,,,,,,,,,,,,,,,,,,,,,,,,,,,,,,,,,,,,
1768972970.539436,1768972970.540097,96.0,0.0,4380.256348,4373.717773,4356.794922,4369.615234,4371.538574,4362.05127,4366.666504,4374.230957,4353.205078,4355.641113,4463.205078,4511.282227,4396.794922,4429.487305,,,,,,,,,,,,,,,,,,,,,,,,,,,,,,,,,,,,,,,,,,,,,,,,,,,,,,,,,,,,,,,,,,,,,,
1768972970.547245,1768972970.547906,97.0,0.0,4383.589844,4375.769043,4352.692383,4371.538574,4373.717773,4374.871582,4377.179688,4381.794922,4358.333496,4355.256348,4461.153809,4510.769043,4394.615234,4427.307617,,,,,,,,,,,,,,,,,,,,,,,,,,,,,,,,,,,,,,,,,,,,,,,,,,,,,,,,,,,,,,,,,,,,,,
1768972970.555053,1768972970.555814,98.0,0.0,4386.410156,4384.102539,4348.461426,4368.205078,4371.282227,4374.358887,4376.153809,4379.743652,4356.794922,4353.974121,4460.641113,4513.333496,4396.666504,4434.102539,,,,,,,,,,,,,,,,,,,,,,,,,,,,,,,,,,,,,,,,,,,,,,,,,,,,,,,,,,,,,,,,,,,,,,
1768972970.562862,1768972970.563623,99.0,0.0,4383.205078,4383.589844,4350.0,4366.025879,4371.282227,4364.743652,4369.102539,4375.769043,4355.0,4352.563965,4459.487305,4511.666504,4396.794922,4435.769043,,,,,,,,,,,,,,,,,,,,,,,,,,,,,,,,,,,,,,,,,,,,,,,,,,,,,,,,,,,,,,,,,,,,,,
1768972970.57067,1768972970.571231,100.0,0.0,4382.307617,4379.487305,4351.410156,4368.717773,4373.077148,4363.846191,4366.410156,4377.820313,4356.922852,4351.794922,4459.102539,4505.897461,4392.563965,4429.615234,,,,,,,,,,,,,,,,,,,,,,,,,,,,,,,,,,,,,,,,,,,,,,,,,,,,,,,,,,,,,,,,,,,,,,
1768972970.578478,1768972970.57904,101.0,0.0,4383.974121,4381.153809,4350.128418,4369.230957,4370.384766,4362.563965,4360.128418,4376.794922,4357.179688,4351.922852,4456.153809,4501.153809,4393.077148,4425.0,,,,,,,,,,,,,,,,,,,,,,,,,,,,,,,,,,,,,,,,,,,,,,,,,,,,,,,,,,,,,,,,,,,,,,
1768972970.586287,1768972970.586748,102.0,0.0,4377.436035,4380.897461,4346.153809,4363.589844,4365.641113,4360.769043,4357.307617,4373.077148,4356.410156,4351.538574,4456.025879,4499.358887,4394.487305,4423.974121,,,,,,,,,,,,,,,,,,,,,,,,,,,,,,,,,,,,,,,,,,,,,,,,,,,,,,,,,,,,,,,,,,,,,,
1768972970.594095,1768972970.594557,103.0,0.0,4370.128418,4379.615234,4343.205078,4359.615234,4366.538574,4367.692383,4367.563965,4375.0,4358.205078,4349.871582,4458.717773,4502.05127,4390.512695,4425.897461,,,,,,,,,,,,,,,,,,,,,,,,,,,,,,,,,,,,,,,,,,,,,,,,,,,,,,,,,,,,,,,,,,,,,,
1768972970.601904,1768972970.602165,104.0,0.0,4373.205078,4381.025879,4346.153809,4360.769043,4370.897461,4367.436035,4370.641113,4373.589844,4356.666504,4344.871582,4452.05127,4498.589844,4388.205078,4423.846191,,,,,,,,,,,,,,,,,,,,,,,,,,,,,,,,,,,,,,,,,,,,,,,,,,,,,,,,,,,,,,,,,,,,,,
1768972970.609712,1768972970.609974,105.0,0.0,4376.410156,4378.077148,4349.358887,4362.179688,4366.794922,4358.077148,4359.871582,4370.256348,4352.692383,4340.897461,4441.025879,4489.487305,4388.589844,4419.743652,,,,,,,,,,,,,,,,,,,,,,,,,,,,,,,,,,,,,,,,,,,,,,,,,,,,,,,,,,,,,,,,,,,,,,
1768972970.617521,1768972970.617882,106.0,0.0,4373.333496,4374.743652,4348.974121,4362.179688,4360.256348,4359.230957,4357.307617,4373.205078,4353.077148,4344.358887,4447.05127,4493.077148,4386.153809,4421.794922,,,,,,,,,,,,,,,,,,,,,,,,,,,,,,,,,,,,,,,,,,,,,,,,,,,,,,,,,,,,,,,,,,,,,,
1768972970.625329,1768972970.625691,107.0,0.0,4372.436035,4374.358887,4350.384766,4363.077148,4362.563965,4368.974121,4369.871582,4375.512695,4356.282227,4347.307617,4458.461426,4508.461426,4386.538574,4424.487305,,,,,,,,,,,,,,,,,,,,,,,,,,,,,,,,,,,,,,,,,,,,,,,,,,,,,,,,,,,,,,,,,,,,,,
1768972970.633138,1768972970.633299,108.0,0.0,4373.333496,4368.846191,4355.512695,4366.794922,4366.025879,4371.410156,4379.230957,4376.025879,4357.563965,4344.487305,4453.461426,4515.128418,4391.794922,4424.871582,,,,,,,,,,,,,,,,,,,,,,,,,,,,,,,,,,,,,,,,,,,,,,,,,,,,,,,,,,,,,,,,,,,,,,
1768972970.640946,1768972970.641108,109.0,0.0,4372.436035,4364.487305,4354.358887,4366.538574,4363.589844,4361.410156,4372.307617,4377.179688,4355.769043,4342.94873,4444.358887,4508.461426,4390.128418,4423.333496,,,,,,,,,,,,,,,,,,,,,,,,,,,,,,,,,,,,,,,,,,,,,,,,,,,,,,,,,,,,,,,,,,,,,,
1768972970.648754,1768972970.648816,110.0,0.0,4375.256348,4368.589844,4350.769043,4365.384766,4364.102539,4362.94873,4373.333496,4377.179688,4352.307617,4338.974121,4443.974121,4503.589844,4382.820313,4417.563965,0.786509,0.433927,0.212138,0.414593,0.23939,1.514457,0.450045,0.288708,0.279564,0.13175,0.729696,0.233269,0.199058,0.111086,0.090201,0.307219,0.183796,0.098076,0.08809,0.074637,0.166819,0.130664,0.103119,0.04948,0.042428,0.145217,0.606079,0.15602,0.186528,0.144535,0.369424,0.810573,0.24563,0.172014,0.160468,0.313451,0.429378,0.272899,0.059139,0.041136,0.281891,0.271522,0.299524,0.094351,0.072805,1.063261,0.329892,0.360401,0.133795,0.104957,1.257647,0.782894,0.292825,0.256412,0.153163,2.00188,0.705948,0.187076,0.267704,0.159592,1.776768,0.744565,0.312008,0.246563,0.110769,3.023673,1.147759,0.392661,0.529629,0.193523
1768972970.656563,1768972970.656625,111.0,0.0,4378.077148,4369.743652,4353.077148,4367.179688,4368.077148,4376.282227,4384.230957,4373.461426,4350.0,4330.384766,4443.589844,4501.794922,4379.487305,4410.641113,,,,,,,,,,,,,,,,,,,,,,,,,,,,,,,,,,,,,,,,,,,,,,,,,,,,,,,,,,,,,,,,,,,,,,
1768972970.664371,1768972970.664233,112.0,0.0,4374.871582,4367.563965,4353.974121,4366.538574,4366.153809,4368.333496,4370.512695,4366.922852,4349.871582,4330.0,4441.282227,4501.922852,4381.282227,4412.692383,,,,,,,,,,,,,,,,,,,,,,,,,,,,,,,,,,,,,,,,,,,,,,,,,,,,,,,,,,,,,,,,,,,,,,
1768972970.67218,1768972970.672042,113.0,0.0,4372.94873,4368.461426,4353.846191,4365.769043,4364.358887,4356.282227,4353.717773,4365.256348,4350.512695,4337.563965,4442.563965,4505.769043,4382.820313,4417.94873,,,,,,,,,,,,,,,,,,,,,,,,,,,,,,,,,,,,,,,,,,,,,,,,,,,,,,,,,,,,,,,,,,,,,,
1768972970.679988,1768972970.67995,114.0,0.0,4374.615234,4367.563965,4355.128418,4366.153809,4365.897461,4372.307617,4368.589844,4369.871582,4352.179688,4339.487305,4444.743652,4506.666504,4381.282227,4415.641113,,,,,,,,,,,,,,,,,,,,,,,,,,,,,,,,,,,,,,,,,,,,,,,,,,,,,,,,,,,,,,,,,,,,,,
1768972970.687797,1768972970.687758,115.0,0.0,4370.641113,4362.820313,4352.179688,4363.461426,4362.94873,4382.05127,4378.589844,4370.897461,4355.128418,4337.94873,4443.846191,4500.769043,4380.384766,4412.179688,,,,,,,,,,,,,,,,,,,,,,,,,,,,,,,,,,,,,,,,,,,,,,,,,,,,,,,,,,,,,,,,,,,,,,
1768972970.695605,1768972970.695767,116.0,0.0,4363.589844,4362.307617,4346.025879,4360.128418,4359.871582,4367.179688,4367.307617,4368.461426,4356.666504,4340.0,4443.717773,4500.769043,4381.410156,4416.794922,,,,,,,,,,,,,,,,,,,,,,,,,,,,,,,,,,,,,,,,,,,,,,,,,,,,,,,,,,,,,,,,,,,,,,
1768972970.703414,1768972970.703575,117.0,0.0,4366.538574,4362.820313,4347.692383,4364.230957,4363.589844,4370.256348,4374.358887,4371.666504,4356.538574,4341.538574,4446.666504,4506.794922,4383.205078,4422.563965,,,,,,,,,,,,,,,,,,,,,,,,,,,,,,,,,,,,,,,,,,,,,,,,,,,,,,,,,,,,,,,,,,,,,,
1768972970.711222,1768972970.711484,118.0,0.0,4371.410156,4360.641113,4351.282227,4370.512695,4369.102539,4382.307617,4384.102539,4373.717773,4358.205078,4341.025879,4448.205078,4503.846191,4383.717773,4420.641113,,,,,,,,,,,,,,,,,,,,,,,,,,,,,,,,,,,,,,,,,,,,,,,,,,,,,,,,,,,,,,,,,,,,,,
1768972970.719031,1768972970.719292,119.0,0.0,4367.179688,4360.897461,4346.794922,4368.846191,4367.563965,4373.589844,4372.563965,4370.897461,4359.743652,4340.128418,4445.0,4498.717773,4382.179688,4414.102539,,,,,,,,,,,,,,,,,,,,,,,,,,,,,,,,,,,,,,,,,,,,,,,,,,,,,,,,,,,,,,,,,,,,,,
1768972970.726839,1768972970.7273,120.0,0.0,4366.282227,4365.641113,4341.410156,4364.487305,4363.717773,4370.769043,4369.487305,4370.512695,4357.307617,4339.487305,4442.05127,4499.487305,4380.769043,4413.846191,,,,,,,,,,,,,,,,,,,,,,,,,,,,,,,,,,,,,,,,,,,,,,,,,,,,,,,,,,,,,,,,,,,,,,
1768972970.734647,1768972970.735109,121.0,0.0,4367.94873,4365.0,4342.94873,4363.846191,4366.922852,4378.461426,4376.794922,4374.102539,4360.0,4340.897461,4449.230957,4503.846191,4382.563965,4420.769043,,,,,,,,,,,,,,,,,,,,,,,,,,,,,,,,,,,,,,,,,,,,,,,,,,,,,,,,,,,,,,,,,,,,,,
1768972970.742456,1768972970.742817,122.0,0.0,4366.666504,4360.641113,4350.256348,4368.846191,4370.769043,4376.410156,4375.256348,4376.538574,4367.307617,4342.563965,4460.256348,4511.410156,4387.94873,4428.846191,,,,,,,,,,,,,,,,,,,,,,,,,,,,,,,,,,,,,,,,,,,,,,,,,,,,,,,,,,,,,,,,,,,,,,
1768972970.750264,1768972970.750626,123.0,0.0,4374.230957,4368.717773,4355.769043,4375.512695,4366.153809,4369.102539,4372.436035,4375.256348,4366.538574,4341.794922,4462.820313,4516.410156,4386.794922,4430.897461,,,,,,,,,,,,,,,,,,,,,,,,,,,,,,,,,,,,,,,,,,,,,,,,,,,,,,,,,,,,,,,,,,,,,,
1768972970.758073,1768972970.758634,124.0,0.0,4381.025879,4377.692383,4354.230957,4373.974121,4361.538574,4365.897461,4372.307617,4373.333496,4365.641113,4341.282227,4458.846191,4516.922852,4380.641113,4427.692383,,,,,,,,,,,,,,,,,,,,,,,,,,,,,,,,,,,,,,,,,,,,,,,,,,,,,,,,,,,,,,,,,,,,,,
1768972970.765881,1768972970.766442,125.0,0.0,4377.307617,4374.102539,4352.436035,4371.282227,4367.179688,4372.563965,4373.589844,4373.974121,4373.461426,4346.025879,4458.205078,4520.641113,4382.820313,4429.102539,,,,,,,,,,,,,,,,,,,,,,,,,,,,,,,,,,,,,,,,,,,,,,,,,,,,,,,,,,,,,,,,,,,,,,
1768972970.77369,1768972970.774151,126.0,0.0,4375.128418,4371.922852,4359.487305,4378.974121,4373.333496,4381.410156,4378.974121,4375.769043,4375.897461,4348.461426,4460.897461,4524.615234,4390.641113,4430.128418,0.740851,0.496239,0.205887,0.442274,0.283079,1.385984,0.481623,0.337886,0.301153,0.142898,0.635317,0.236925,0.177989,0.130487,0.097398,0.270867,0.191924,0.093254,0.086161,0.088885,0.148799,0.147645,0.115758,0.047625,0.046616,0.185098,0.613908,0.155783,0.202574,0.14808,0.388854,0.892378,0.241179,0.19622,0.170407,0.311055,0.480364,0.312934,0.063677,0.03925,0.312076,0.317266,0.350354,0.096392,0.07502,1.021284,0.410131,0.4271,0.137181,0.10499,1.13834,0.746356,0.306855,0.277812,0.129691,1.952067,0.695834,0.200528,0.31632,0.156698,1.808447,0.747052,0.320555,0.261631,0.11682,2.748404,1.088657,0.381319,0.552982,0.215401
1768972970.781498,1768972970.781959,127.0,0.0,4376.538574,4374.230957,4362.563965,4382.94873,4369.871582,4377.692383,4379.871582,4373.461426,4372.05127,4343.461426,4462.05127,4521.794922,4390.384766,4428.846191,,,,,,,,,,,,,,,,,,,,,,,,,,,,,,,,,,,,,,,,,,,,,,,,,,,,,,,,,,,,,,,,,,,,,,
1768972970.789307,1768972970.789568,0.0,0.0,4372.820313,4368.717773,4352.692383,4375.512695,4364.743652,4370.384766,4373.461426,4371.025879,4369.615234,4340.897461,4458.589844,4520.128418,4383.333496,4429.615234,,,,,,,,,,,,,,,,,,,,,,,,,,,,,,,,,,,,,,,,,,,,,,,,,,,,,,,,,,,,,,,,,,,,,,
1768972970.797115,1768972970.797376,1.0,0.0,4371.666504,4359.871582,4347.692383,4370.769043,4365.256348,4373.589844,4372.179688,4369.871582,4365.897461,4341.922852,4447.307617,4516.538574,4379.358887,4422.692383,,,,,,,,,,,,,,,,,,,,,,,,,,,,,,,,,,,,,,,,,,,,,,,,,,,,,,,,,,,,,,,,,,,,,,
1768972970.804923,1768972970.805085,2.0,0.0,4372.563965,4360.256348,4350.641113,4372.692383,4368.077148,4378.333496,4377.307617,4366.794922,4363.589844,4340.256348,4440.512695,4506.282227,4378.717773,4415.641113,,,,,,,,,,,,,,,,,,,,,,,,,,,,,,,,,,,,,,,,,,,,,,,,,,,,,,,,,,,,,,,,,,,,,,
1768972970.812732,1768972970.812893,3.0,0.0,4371.922852,4365.128418,4351.538574,4373.077148,4368.589844,4377.307617,4381.922852,4368.589844,4366.025879,4340.384766,4450.512695,4507.05127,4378.846191,4422.692383,,,,,,,,,,,,,,,,,,,,,,,,,,,,,,,,,,,,,,,,,,,,,,,,,,,,,,,,,,,,,,,,,,,,,,
1768972970.82054,1768972970.820902,4.0,0.0,4375.0,4368.717773,4351.538574,4372.692383,4368.846191,4375.641113,4382.563965,4373.589844,4368.717773,4342.692383,4457.307617,4516.666504,4380.256348,4428.333496,,,,,,,,,,,,,,,,,,,,,,,,,,,,,,,,,,,,,,,,,,,,,,,,,,,,,,,,,,,,,,,,,,,,,,
1768972970.828349,1768972970.82871,5.0,0.0,4372.307617,4371.794922,4351.282227,4372.307617,4369.871582,4371.410156,4375.128418,4371.922852,4368.974121,4341.922852,4449.743652,4513.077148,4381.282227,4420.0,,,,,,,,,,,,,,,,,,,,,,,,,,,,,,,,,,,,,,,,,,,,,,,,,,,,,,,,,,,,,,,,,,,,,,
1768972970.836157,1768972970.836419,6.0,0.0,4370.641113,4373.846191,4354.615234,4370.769043,4369.358887,4366.794922,4367.692383,4369.615234,4370.0,4341.538574,4449.487305,4507.94873,4380.384766,4418.461426,,,,,,,,,,,,,,,,,,,,,,,,,,,,,,,,,,,,,,,,,,,,,,,,,,,,,,,,,,,,,,,,,,,,,,
1768972970.843966,1768972970.844227,7.0,0.0,4380.256348,4372.94873,4362.820313,4373.589844,4368.205078,4369.743652,4375.0,4374.358887,4372.94873,4342.307617,4458.589844,4516.922852,4382.436035,4424.871582,,,,,,,,,,,,,,,,,,,,,,,,,,,,,,,,,,,,,,,,,,,,,,,,,,,,,,,,,,,,,,,,,,,,,,
1768972970.851774,1768972970.851836,8.0,0.0,4383.205078,4371.666504,4363.205078,4379.102539,4366.282227,4373.333496,4383.717773,4378.589844,4374.871582,4342.179688,4460.897461,4521.153809,4388.589844,4425.769043,,,,,,,,,,,,,,,,,,,,,,,,,,,,,,,,,,,,,,,,,,,,,,,,,,,,,,,,,,,,,,,,,,,,,,
1768972970.859583,1768972970.859644,9.0,0.0,4375.512695,4373.589844,4356.538574,4380.384766,4366.410156,4368.846191,4377.179688,4376.666504,4374.743652,4343.333496,4460.641113,4511.025879,4392.563965,4426.538574,,,,,,,,,,,,,,,,,,,,,,,,,,,,,,,,,,,,,,,,,,,,,,,,,,,,,,,,,,,,,,,,,,,,,,
1768972970.867391,1768972970.867353,10.0,0.0,4375.512695,4376.153809,4357.820313,4380.128418,4370.0,4365.512695,4371.153809,4371.410156,4373.077148,4341.794922,4456.538574,4503.717773,4386.922852,4425.512695,,,,,,,,,,,,,,,,,,,,,,,,,,,,,,,,,,,,,,,,,,,,,,,,,,,,,,,,,,,,,,,,,,,,,,
1768972970.875199,1768972970.875161,11.0,0.0,4379.358887,4375.769043,4361.282227,4381.153809,4370.256348,4370.384766,4376.410156,4369.358887,4368.205078,4335.256348,4444.230957,4503.205078,4378.974121,4419.102539,,,,,,,,,,,,,,,,,,,,,,,,,,,,,,,,,,,,,,,,,,,,,,,,,,,,,,,,,,,,,,,,,,,,,,
1768972970.883008,1768972970.883169,12.0,0.0,4375.128418,4373.077148,4356.153809,4380.512695,4368.461426,4373.589844,4378.333496,4371.794922,4366.153809,4335.128418,4440.512695,4501.025879,4382.179688,4417.05127,,,,,,,,,,,,,,,,,,,,,,,,,,,,,,,,,,,,,,,,,,,,,,,,,,,,,,,,,,,,,,,,,,,,,,
1768972970.890816,1768972970.890978,13.0,0.0,4372.436035,4367.05127,4352.563965,4377.563965,4372.05127,4373.974121,4377.820313,4372.05127,4365.641113,4337.436035,4446.025879,4496.922852,4386.153809,4418.846191,,,,,,,,,,,,,,,,,,,,,,,,,,,,,,,,,,,,,,,,,,,,,,,,,,,,,,,,,,,,,,,,,,,,,,
1768972970.898625,1768972970.898886,14.0,0.0,4371.922852,4359.743652,4355.512695,4378.205078,4374.358887,4373.974121,4377.94873,4366.922852,4360.0,4330.384766,4444.615234,4496.153809,4380.641113,4416.922852,0.686504,0.553821,0.187682,0.444706,0.311381,1.284091,0.468399,0.381514,0.314872,0.149816,0.559684,0.257607,0.159633,0.143868,0.10854,0.249867,0.195498,0.085837,0.089503,0.104349,0.140456,0.17095,0.127651,0.05051,0.050465,0.247331,0.592336,0.145359,0.216542,0.160104,0.458526,0.904824,0.222284,0.216622,0.184659,0.333463,0.489241,0.332802,0.067928,0.03973,0.396203,0.346668,0.397034,0.09896,0.075297,0.899844,0.466303,0.464281,0.143481,0.103431,0.949023,0.663437,0.294549,0.284488,0.110535,1.986645,0.701806,0.193614,0.348378,0.153897,1.647327,0.683337,0.306379,0.260613,0.121152,2.23704,0.922664,0.337975,0.54244,0.237809
1768972970.906433,1768972970.906695,15.0,0.0,4375.384766,4360.641113,4363.077148,4382.94873,4372.179688,4375.384766,4378.717773,4367.05127,4359.743652,4327.05127,4441.922852,4502.05127,4378.077148,4420.0,,,,,,,,,,,,,,,,,,,,,,,,,,,,,,,,,,,,,,,,,,,,,,,,,,,,,,,,,,,,,,,,,,,,,,
1768972970.914242,1768972970.914703,16.0,0.0,4384.358887,4367.05127,4368.717773,4384.358887,4373.077148,4382.307617,4382.563965,4373.589844,4366.922852,4334.487305,4447.94873,4512.563965,4382.563965,4427.692383,,,,,,,,,,,,,,,,,,,,,,,,,,,,,,,,,,,,,,,,,,,,,,,,,,,,,,,,,,,,,,,,,,,,,,
1768972970.92205,1768972970.922511,17.0,0.0,4383.461426,4367.436035,4362.692383,4380.512695,4373.717773,4374.615234,4375.384766,4373.717773,4368.205078,4339.487305,4453.077148,4519.615234,4383.333496,4430.641113,,,,,,,,,,,,,,,,,,,,,,,,,,,,,,,,,,,,,,,,,,,,,,,,,,,,,,,,,,,,,,,,,,,,,,
1768972970.929859,1768972970.93042,18.0,0.0,4375.256348,4363.461426,4354.743652,4378.205078,4369.871582,4361.538574,4366.538574,4371.410156,4365.128418,4340.128418,4451.794922,4516.666504,4381.922852,4427.692383,,,,,,,,,,,,,,,,,,,,,,,,,,,,,,,,,,,,,,,,,,,,,,,,,,,,,,,,,,,,,,,,,,,,,,
1768972970.937667,1768972970.938228,19.0,0.0,4378.461426,4365.0,4357.820313,4383.077148,4370.641113,4373.846191,4378.205078,4372.692383,4368.077148,4342.307617,4449.358887,4513.846191,4382.179688,4425.512695,,,,,,,,,,,,,,,,,,,,,,,,,,,,,,,,,,,,,,,,,,,,,,,,,,,,,,,,,,,,,,,,,,,,,,
1768972970.945475,1768972970.946236,20.0,0.0,4385.384766,4367.820313,4363.333496,4387.436035,4375.0,4382.436035,4386.153809,4370.384766,4368.589844,4342.820313,4447.563965,4517.436035,4380.641113,4427.179688,,,,,,,,,,,,,,,,,,,,,,,,,,,,,,,,,,,,,,,,,,,,,,,,,,,,,,,,,,,,,,,,,,,,,,
1768972970.953284,1768972970.954045,21.0,0.0,4382.563965,4368.333496,4359.871582,4382.563965,4373.461426,4363.461426,4368.846191,4366.666504,4362.692383,4341.282227,4445.641113,4521.025879,4379.615234,4427.563965,,,,,,,,,,,,,,,,,,,,,,,,,,,,,,,,,,,,,,,,,,,,,,,,,,,,,,,,,,,,,,,,,,,,,,
1768972970.961092,1768972970.961753,22.0,0.0,4376.922852,4370.0,4353.589844,4377.820313,4369.615234,4357.94873,4364.230957,4368.717773,4362.692383,4341.153809,4445.641113,4517.563965,4380.641113,4426.922852,,,,,,,,,,,,,,,,,,,,,,,,,,,,,,,,,,,,,,,,,,,,,,,,,,,,,,,,,,,,,,,,,,,,,,
1768972970.968901,1768972970.969562,23.0,0.0,4373.461426,4369.615234,4353.461426,4377.94873,4372.436035,4373.717773,4378.461426,4368.589844,4364.358887,4341.153809,4447.05127,4508.333496,4380.641113,4426.666504,,,,,,,,,,,,,,,,,,,,,,,,,,,,,,,,,,,,,,,,,,,,,,,,,,,,,,,,,,,,,,,,,,,,,,
1768972970.976709,1768972970.977171,24.0,0.0,4372.436035,4365.897461,4355.512695,4376.153809,4374.230957,4374.615234,4377.692383,4365.769043,4362.436035,4342.307617,4445.641113,4508.589844,4378.717773,4427.563965,,,,,,,,,,,,,,,,,,,,,,,,,,,,,,,,,,,,,,,,,,,,,,,,,,,,,,,,,,,,,,,,,,,,,,
1768972970.984518,1768972970.984979,25.0,0.0,4373.461426,4362.820313,4353.974121,4371.666504,4372.436035,4371.025879,4369.358887,4367.179688,4359.615234,4342.563965,4444.615234,4516.410156,4378.846191,4428.461426,,,,,,,,,,,,,,,,,,,,,,,,,,,,,,,,,,,,,,,,,,,,,,,,,,,,,,,,,,,,,,,,,,,,,,
1768972970.992326,1768972970.992688,26.0,0.0,4372.94873,4358.461426,4352.307617,4370.769043,4372.94873,4377.05127,4375.769043,4368.205078,4358.461426,4339.230957,4446.282227,4515.897461,4380.0,4429.871582,,,,,,,,,,,,,,,,,,,,,,,,,,,,,,,,,,,,,,,,,,,,,,,,,,,,,,,,,,,,,,,,,,,,,,
1768972971.000135,1768972971.000496,27.0,0.0,4369.615234,4357.692383,4354.615234,4373.077148,4374.487305,4378.846191,4383.589844,4367.820313,4362.05127,4336.922852,4445.897461,4507.563965,4378.846191,4429.230957,,,,,,,,,,,,,,,,,,,,,,,,,,,,,,,,,,,,,,,,,,,,,,,,,,,,,,,,,,,,,,,,,,,,,,
1768972971.007943,1768972971.008504,28.0,0.0,4369.743652,4361.282227,4358.589844,4372.94873,4371.153809,4374.102539,4377.307617,4367.692383,4366.025879,4338.717773,4444.102539,4507.307617,4378.717773,4426.153809,,,,,,,,,,,,,,,,,,,,,,,,,,,,,,,,,,,,,,,,,,,,,,,,,,,,,,,,,,,,,,,,,,,,,,
1768972971.015751,1768972971.016313,29.0,0.0,4375.0,4361.410156,4360.897461,4372.692383,4366.666504,4368.461426,4371.025879,4367.94873,4365.256348,4342.05127,4447.307617,4514.487305,4381.538574,4427.94873,,,,,,,,,,,,,,,,,,,,,,,,,,,,,,,,,,,,,,,,,,,,,,,,,,,,,,,,,,,,,,,,,,,,,,
1768972971.02356,1768972971.024221,30.0,0.0,4369.487305,4359.230957,4355.384766,4372.436035,4368.974121,4371.025879,4375.128418,4367.179688,4361.538574,4342.179688,4449.230957,4512.05127,4380.897461,4429.871582,0.618873,0.591798,0.162698,0.424513,0.316182,1.231283,0.422577,0.407444,0.317177,0.149778,0.501889,0.294217,0.146441,0.149068,0.12246,0.24474,0.199616,0.079153,0.097613,0.118372,0.143073,0.194648,0.134807,0.057556,0.053694,0.317596,0.539031,0.129298,0.225742,0.18154,0.556431,0.841682,0.19522,0.229544,0.202154,0.368234,0.453123,0.330332,0.070007,0.041987,0.51416,0.362971,0.431283,0.100933,0.07302,0.737342,0.484651,0.463139,0.151574,0.099881,0.723671,0.563942,0.269841,0.276936,0.099828,2.021336,0.701989,0.173316,0.357841,0.151313,1.347729,0.577154,0.277529,0.246287,0.122369,1.635628,0.710247,0.278589,0.504071,0.252581
1768972971.031368,1768972971.032029,31.0,0.0,4359.358887,4362.179688,4347.692383,4372.05127,4372.436035,4375.256348,4374.615234,4361.153809,4359.487305,4341.666504,4447.692383,4506.794922,4380.512695,4426.922852,,,,,,,,,,,,,,,,,,,,,,,,,,,,,,,,,,,,,,,,,,,,,,,,,,,,,,,,,,,,,,,,,,,,,,
1768972971.039177,1768972971.039638,32.0,0.0,4364.615234,4365.256348,4349.358887,4371.538574,4368.461426,4367.179688,4366.153809,4359.230957,4360.0,4345.128418,4453.717773,4509.230957,4386.922852,4426.025879,,,,,,,,,,,,,,,,,,,,,,,,,,,,,,,,,,,,,,,,,,,,,,,,,,,,,,,,,,,,,,,,,,,,,,
1768972971.046985,1768972971.047447,33.0,0.0,4376.538574,4365.897461,4353.461426,4372.94873,4365.769043,4359.230957,4362.692383,4364.615234,4362.563965,4350.384766,4460.384766,4512.820313,4389.871582,4430.0,,,,,,,,,,,,,,,,,,,,,,,,,,,,,,,,,,,,,,,,,,,,,,,,,,,,,,,,,,,,,,,,,,,,,,
1768972971.054794,1768972971.055155,34.0,0.0,4373.589844,4367.05127,4349.358887,4373.333496,4368.717773,4365.769043,4366.410156,4365.512695,4366.538574,4352.563965,4458.589844,4511.410156,4391.025879,4431.922852,,,,,,,,,,,,,,,,,,,,,,,,,,,,,,,,,,,,,,,,,,,,,,,,,,,,,,,,,,,,,,,,,,,,,,
1768972971.062602,1768972971.062964,35.0,0.0,4361.794922,4364.230957,4341.794922,4368.589844,4369.102539,4365.512695,4367.307617,4361.794922,4365.384766,4351.794922,4457.563965,4506.538574,4394.871582,4430.128418,,,,,,,,,,,,,,,,,,,,,,,,,,,,,,,,,,,,,,,,,,,,,,,,,,,,,,,,,,,,,,,,,,,,,,
1768972971.070411,1768972971.070572,36.0,0.0,4359.615234,4360.897461,4343.846191,4368.333496,4367.820313,4360.256348,4369.102539,4365.256348,4362.820313,4350.0,4459.358887,4508.589844,4391.153809,4428.974121,,,,,,,,,,,,,,,,,,,,,,,,,,,,,,,,,,,,,,,,,,,,,,,,,,,,,,,,,,,,,,,,,,,,,,
1768972971.078219,1768972971.078381,37.0,0.0,4366.410156,4364.743652,4353.846191,4375.256348,4370.897461,4371.666504,4376.922852,4373.846191,4366.410156,4350.897461,4457.820313,4513.717773,4384.743652,4426.410156,,,,,,,,,,,,,,,,,,,,,,,,,,,,,,,,,,,,,,,,,,,,,,,,,,,,,,,,,,,,,,,,,,,,,,
1768972971.086028,1768972971.086289,38.0,0.0,4375.128418,4374.230957,4355.641113,4376.410156,4370.897461,4376.282227,4377.179688,4371.153809,4371.282227,4352.563965,4457.179688,4509.871582,4390.128418,4428.846191,,,,,,,,,,,,,,,,,,,,,,,,,,,,,,,,,,,,,,,,,,,,,,,,,,,,,,,,,,,,,,,,,,,,,,
1768972971.093836,1768972971.094097,39.0,0.0,4378.461426,4382.05127,4347.436035,4370.897461,4368.077148,4360.384766,4366.794922,4361.922852,4368.461426,4349.743652,4459.487305,4502.436035,4397.692383,4436.282227,,,,,,,,,,,,,,,,,,,,,,,,,,,,,,,,,,,,,,,,,,,,,,,,,,,,,,,,,,,,,,,,,,,,,,
1768972971.101644,1768972971.102106,40.0,0.0,4376.666504,4383.205078,4345.641113,4374.358887,4370.512695,4357.179688,4365.897461,4363.589844,4365.128418,4348.461426,4458.589844,4506.153809,4397.820313,4435.769043,,,,,,,,,,,,,,,,,,,,,,,,,,,,,,,,,,,,,,,,,,,,,,,,,,,,,,,,,,,,,,,,,,,,,,
1768972971.109453,1768972971.109914,41.0,0.0,4373.974121,4380.128418,4351.153809,4380.128418,4372.179688,4373.205078,4377.05127,4366.410156,4365.128418,4348.077148,4451.282227,4506.922852,4393.974121,4428.461426,,,,,,,,,,,,,,,,,,,,,,,,,,,,,,,,,,,,,,,,,,,,,,,,,,,,,,,,,,,,,,,,,,,,,,
1768972971.117261,1768972971.117822,42.0,0.0,4371.794922,4375.256348,4352.563965,4375.128418,4368.333496,4373.589844,4376.282227,4359.743652,4359.871582,4340.256348,4441.922852,4494.743652,4387.563965,4424.230957,,,,,,,,,,,,,,,,,,,,,,,,,,,,,,,,,,,,,,,,,,,,,,,,,,,,,,,,,,,,,,,,,,,,,,
1768972971.12507,1768972971.125631,43.0,0.0,4370.769043,4374.615234,4350.641113,4372.307617,4367.307617,4360.512695,4364.102539,4359.102539,4357.820313,4339.358887,4442.05127,4493.205078,4386.922852,4427.307617,,,,,,,,,,,,,,,,,,,,,,,,,,,,,,,,,,,,,,,,,,,,,,,,,,,,,,,,,,,,,,,,,,,,,,
1768972971.132878,1768972971.133639,44.0,0.0,4365.384766,4370.769043,4347.436035,4371.410156,4368.589844,4360.641113,4366.666504,4368.589844,4366.153809,4348.974121,4445.384766,4502.436035,4389.102539,4429.230957,,,,,,,,,,,,,,,,,,,,,,,,,,,,,,,,,,,,,,,,,,,,,,,,,,,,,,,,,,,,,,,,,,,,,,
1768972971.140687,1768972971.141448,45.0,0.0,4360.512695,4364.230957,4345.0,4367.436035,4368.077148,4373.846191,4378.717773,4373.333496,4371.922852,4350.256348,4446.153809,4501.538574,4385.256348,4427.05127,,,,,,,,,,,,,,,,,,,,,,,,,,,,,,,,,,,,,,,,,,,,,,,,,,,,,,,,,,,,,,,,,,,,,,
1768972971.148495,1768972971.149156,46.0,0.0,4368.077148,4368.333496,4348.717773,4373.333496,4369.615234,4377.05127,4378.717773,4372.179688,4371.666504,4348.461426,4453.846191,4499.358887,4389.871582,4430.769043,0.532575,0.602456,0.137753,0.388371,0.296184,1.234328,0.37396,0.407767,0.306894,0.141838,0.453709,0.340327,0.141642,0.146673,0.136269,0.248504,0.208582,0.076132,0.107612,0.128348,0.151238,0.210882,0.133989,0.066209,0.056412,0.375657,0.469114,0.114646,0.228537,0.212046,0.644519,0.726689,0.172591,0.234691,0.223091,0.397968,0.385444,0.309645,0.068757,0.045205,0.626007,0.376276,0.449191,0.101353,0.068312,0.570483,0.464329,0.427424,0.159061,0.094329,0.509759,0.486863,0.255686,0.259999,0.099733,1.953017,0.69403,0.160721,0.34651,0.149388,0.983583,0.464957,0.247192,0.223617,0.120044,1.082408,0.515048,0.227442,0.451658,0.253406
1768972971.156303,1768972971.156965,47.0,0.0,4380.256348,4378.461426,4355.897461,4382.692383,4373.974121,4364.615234,4369.743652,4373.974121,4376.538574,4359.230957,4463.461426,4509.615234,4407.436035,4444.102539,,,,,,,,,,,,,,,,,,,,,,,,,,,,,,,,,,,,,,,,,,,,,,,,,,,,,,,,,,,,,,,,,,,,,,
1768972971.164112,1768972971.164573,48.0,0.0,4382.436035,4379.615234,4354.871582,4377.307617,4373.333496,4354.230957,4364.871582,4372.05127,4373.717773,4361.666504,4462.179688,4511.794922,4409.615234,4446.538574,,,,,,,,,,,,,,,,,,,,,,,,,,,,,,,,,,,,,,,,,,,,,,,,,,,,,,,,,,,,,,,,,,,,,,
1768972971.17192,1768972971.172382,49.0,0.0,4379.358887,4377.563965,4348.846191,4370.512695,4369.102539,4356.666504,4365.512695,4365.128418,4361.410156,4348.333496,4457.94873,4500.384766,4397.563965,4435.0,,,,,,,,,,,,,,,,,,,,,,,,,,,,,,,,,,,,,,,,,,,,,,,,,,,,,,,,,,,,,,,,,,,,,,
1768972971.179729,1768972971.18009,50.0,0.0,4377.820313,4382.05127,4349.230957,4377.179688,4367.05127,4364.230957,4369.358887,4364.230957,4359.487305,4343.717773,4457.692383,4500.512695,4395.384766,4435.769043,,,,,,,,,,,,,,,,,,,,,,,,,,,,,,,,,,,,,,,,,,,,,,,,,,,,,,,,,,,,,,,,,,,,,,
1768972971.187537,1768972971.187899,51.0,0.0,4377.307617,4381.922852,4351.282227,4381.666504,4365.384766,4363.589844,4371.538574,4370.128418,4364.743652,4347.563965,4456.282227,4508.205078,4397.563965,4443.974121,,,,,,,,,,,,,,,,,,,,,,,,,,,,,,,,,,,,,,,,,,,,,,,,,,,,,,,,,,,,,,,,,,,,,,
1768972971.195346,1768972971.195507,52.0,0.0,4377.436035,4375.128418,4349.871582,4376.153809,4364.871582,4364.487305,4375.769043,4375.897461,4364.615234,4345.0,4455.512695,4511.538574,4395.641113,4443.589844,,,,,,,,,,,,,,,,,,,,,,,,,,,,,,,,,,,,,,,,,,,,,,,,,,,,,,,,,,,,,,,,,,,,,,
1768972971.203154,1768972971.203316,53.0,0.0,4376.282227,4375.512695,4349.230957,4373.077148,4366.153809,4375.256348,4384.743652,4376.538574,4364.871582,4343.974121,4457.820313,4515.641113,4397.436035,4442.563965,,,,,,,,,,,,,,,,,,,,,,,,,,,,,,,,,,,,,,,,,,,,,,,,,,,,,,,,,,,,,,,,,,,,,,
1768972971.210962,1768972971.211224,54.0,0.0,4376.666504,4384.358887,4352.94873,4377.179688,4365.256348,4374.615234,4382.436035,4374.102539,4364.871582,4347.563965,4456.922852,4517.563965,4398.077148,4443.461426,,,,,,,,,,,,,,,,,,,,,,,,,,,,,,,,,,,,,,,,,,,,,,,,,,,,,,,,,,,,,,,,,,,,,,
1768972971.218771,1768972971.219033,55.0,0.0,4382.563965,4390.897461,4355.897461,4381.922852,4365.0,4365.512695,4374.615234,4370.256348,4358.974121,4348.974121,4455.769043,4514.230957,4395.0,4442.307617,,,,,,,,,,,,,,,,,,,,,,,,,,,,,,,,,,,,,,,,,,,,,,,,,,,,,,,,,,,,,,,,,,,,,,
1768972971.226579,1768972971.227041,56.0,0.0,4383.846191,4388.717773,4356.153809,4382.307617,4368.974121,4364.871582,4371.153809,4368.205078,4358.974121,4351.666504,4459.743652,4516.794922,4405.0,4443.589844,,,,,,,,,,,,,,,,,,,,,,,,,,,,,,,,,,,,,,,,,,,,,,,,,,,,,,,,,,,,,,,,,,,,,,
1768972971.234388,1768972971.234849,57.0,0.0,4380.128418,4383.974121,4356.538574,4379.102539,4368.974121,4364.487305,4364.102539,4366.666504,4361.666504,4353.333496,4459.615234,4522.436035,4411.666504,4443.589844,,,,,,,,,,,,,,,,,,,,,,,,,,,,,,,,,,,,,,,,,,,,,,,,,,,,,,,,,,,,,,,,,,,,,,
1768972971.242196,1768972971.242558,58.0,0.0,4380.897461,4381.538574,4355.0,4374.615234,4363.205078,4356.922852,4357.179688,4362.563965,4357.563965,4349.230957,4455.384766,4521.282227,4400.512695,4440.0,,,,,,,,,,,,,,,,,,,,,,,,,,,,,,,,,,,,,,,,,,,,,,,,,,,,,,,,,,,,,,,,,,,,,,
1768972971.250005,1768972971.250366,59.0,0.0,4383.205078,4381.922852,4355.384766,4373.333496,4362.563965,4354.743652,4357.94873,4364.358887,4356.025879,4349.871582,4458.205078,4516.794922,4395.128418,4443.589844,,,,,,,,,,,,,,,,,,,,,,,,,,,,,,,,,,,,,,,,,,,,,,,,,,,,,,,,,,,,,,,,,,,,,,
1768972971.257813,1768972971.257975,60.0,0.0,4379.358887,4380.897461,4355.384766,4373.077148,4364.615234,4359.102539,4356.538574,4367.94873,4358.205078,4353.077148,4457.05127,4513.205078,4400.897461,4443.461426,,,,,,,,,,,,,,,,,,,,,,,,,,,,,,,,,,,,,,,,,,,,,,,,,,,,,,,,,,,,,,,,,,,,,,
1768972971.265622,1768972971.265783,61.0,0.0,4374.871582,4380.769043,4351.666504,4371.410156,4363.846191,4363.205078,4358.717773,4367.692383,4360.512695,4350.0,4451.025879,4512.179688,4399.615234,4432.820313,,,,,,,,,,,,,,,,,,,,,,,,,,,,,,,,,,,,,,,,,,,,,,,,,,,,,,,,,,,,,,,,,,,,,,
1768972971.27343,1768972971.273492,62.0,0.0,4376.153809,4384.615234,4352.179688,4372.179688,4364.743652,4368.077148,4374.358887,4369.615234,4363.333496,4347.436035,4455.0,4516.410156,4394.871582,4428.974121,0.439989,0.585819,0.120223,0.343483,0.257813,1.275669,0.354632,0.385009,0.286169,0.127177,0.404008,0.385896,0.149052,0.138908,0.146903,0.261177,0.2237,0.078627,0.115385,0.132445,0.156114,0.21399,0.124417,0.073363,0.058793,0.399434,0.405522,0.106063,0.224436,0.249437,0.68288,0.597452,0.164088,0.234164,0.248316,0.405938,0.308475,0.28005,0.063825,0.048741,0.693694,0.393896,0.452564,0.099459,0.062209,0.427938,0.417938,0.369157,0.162435,0.087485,0.343886,0.458258,0.271374,0.239669,0.109428,1.773093,0.68692,0.178329,0.319818,0.149241,0.648255,0.375188,0.226283,0.197518,0.114996,0.686047,0.378636,0.201826,0.397783,0.23868
1768972971.281238,1768972971.2813,63.0,0.0,4377.179688,4384.615234,4355.256348,4373.205078,4367.179688,4368.461426,4380.897461,4372.94873,4365.897461,4348.846191,4457.179688,4521.410156,4397.692383,4434.487305,,,,,,,,,,,,,,,,,,,,,,,,,,,,,,,,,,,,,,,,,,,,,,,,,,,,,,,,,,,,,,,,,,,,,,
1768972971.289047,1768972971.289309,64.0,0.0,4372.563965,4378.846191,4354.615234,4372.436035,4369.871582,4372.563965,4377.94873,4375.897461,4366.410156,4346.282227,4448.589844,4524.358887,4397.820313,4437.692383,,,,,,,,,,,,,,,,,,,,,,,,,,,,,,,,,,,,,,,,,,,,,,,,,,,,,,,,,,,,,,,,,,,,,,
1768972971.296855,1768972971.297117,65.0,0.0,4367.05127,4373.333496,4352.820313,4372.179688,4372.05127,4380.641113,4381.282227,4374.230957,4366.025879,4344.230957,4446.538574,4524.102539,4395.128418,4434.871582,,,,,,,,,,,,,,,,,,,,,,,,,,,,,,,,,,,,,,,,,,,,,,,,,,,,,,,,,,,,,,,,,,,,,,
1768972971.304664,1768972971.305025,66.0,0.0,4367.563965,4373.077148,4352.307617,4372.307617,4370.769043,4376.538574,4379.358887,4368.589844,4365.641113,4346.794922,4449.358887,4518.333496,4397.179688,4432.307617,,,,,,,,,,,,,,,,,,,,,,,,,,,,,,,,,,,,,,,,,,,,,,,,,,,,,,,,,,,,,,,,,,,,,,
1768972971.312472,1768972971.312834,67.0,0.0,4367.307617,4373.589844,4349.487305,4370.384766,4369.743652,4372.05127,4374.487305,4368.974121,4366.282227,4345.897461,4443.974121,4512.94873,4391.153809,4422.692383,,,,,,,,,,,,,,,,,,,,,,,,,,,,,,,,,,,,,,,,,,,,,,,,,,,,,,,,,,,,,,,,,,,,,,
1768972971.320281,1768972971.320842,68.0,0.0,4359.743652,4367.820313,4347.692383,4369.358887,4370.0,4370.769043,4372.307617,4371.922852,4366.794922,4341.538574,4441.794922,4511.282227,4380.128418,4410.512695,,,,,,,,,,,,,,,,,,,,,,,,,,,,,,,,,,,,,,,,,,,,,,,,,,,,,,,,,,,,,,,,,,,,,,
1768972971.328089,1768972971.328651,69.0,0.0,4358.205078,4364.487305,4346.538574,4370.0,4365.769043,4366.794922,4367.820313,4365.384766,4362.94873,4341.282227,4445.0,4509.487305,4385.641113,4413.589844,,,,,,,,,,,,,,,,,,,,,,,,,,,,,,,,,,,,,,,,,,,,,,,,,,,,,,,,,,,,,,,,,,,,,,
1768972971.335898,1768972971.336359,70.0,0.0,4365.769043,4372.436035,4345.897461,4367.436035,4360.512695,4366.794922,4365.897461,4360.641113,4359.102539,4342.692383,4442.94873,4508.974121,4398.333496,4424.102539,,,,,,,,,,,,,,,,,,,,,,,,,,,,,,,,,,,,,,,,,,,,,,,,,,,,,,,,,,,,,,,,,,,,,,
1768972971.343706,1768972971.344168,71.0,0.0,4370.256348,4375.512695,4348.333496,4363.974121,4361.538574,4368.205078,4369.487305,4363.717773,4360.384766,4343.077148,4447.436035,4514.230957,4398.589844,4433.461426,,,,,,,,,,,,,,,,,,,,,,,,,,,,,,,,,,,,,,,,,,,,,,,,,,,,,,,,,,,,,,,,,,,,,,
1768972971.351514,1768972971.351776,72.0,0.0,4367.563965,4367.692383,4349.871582,4364.358887,4362.307617,4364.358887,4368.077148,4362.692383,4365.256348,4348.077148,4458.846191,4520.512695,4397.436035,4441.153809,,,,,,,,,,,,,,,,,,,,,,,,,,,,,,,,,,,,,,,,,,,,,,,,,,,,,,,,,,,,,,,,,,,,,,
1768972971.359323,1768972971.359585,73.0,0.0,4366.666504,4364.230957,4350.256348,4367.307617,4361.410156,4367.820313,4369.230957,4364.230957,4368.589844,4351.922852,4458.846191,4519.743652,4400.512695,4438.846191,,,,,,,,,,,,,,,,,,,,,,,,,,,,,,,,,,,,,,,,,,,,,,,,,,,,,,,,,,,,,,,,,,,,,,
1768972971.367131,1768972971.367293,74.0,0.0,4365.128418,4362.94873,4347.94873,4365.384766,4364.358887,4378.461426,4375.0,4369.358887,4367.692383,4348.974121,4452.05127,4516.282227,4396.282227,4426.794922,,,,,,,,,,,,,,,,,,,,,,,,,,,,,,,,,,,,,,,,,,,,,,,,,,,,,,,,,,,,,,,,,,,,,,
1768972971.37494,1768972971.375102,75.0,0.0,4364.871582,4362.563965,4344.487305,4363.974121,4365.512695,4373.717773,4373.333496,4368.717773,4368.974121,4350.128418,4455.769043,4521.794922,4397.05127,4430.128418,,,,,,,,,,,,,,,,,,,,,,,,,,,,,,,,,,,,,,,,,,,,,,,,,,,,,,,,,,,,,,,,,,,,,,
1768972971.382748,1768972971.38271,76.0,0.0,4372.307617,4368.974121,4349.487305,4369.743652,4364.743652,4368.077148,4371.666504,4368.333496,4375.0,4356.922852,4462.94873,4527.307617,4406.666504,4444.358887,,,,,,,,,,,,,,,,,,,,,,,,,,,,,,,,,,,,,,,,,,,,,,,,,,,,,,,,,,,,,,,,,,,,,,
1768972971.390557,1768972971.390519,77.0,0.0,4376.025879,4374.487305,4357.307617,4374.487305,4370.256348,4375.512695,4374.230957,4372.179688,4377.05127,4357.563965,4461.025879,4525.641113,4407.692383,4445.897461,,,,,,,,,,,,,,,,,,,,,,,,,,,,,,,,,,,,,,,,,,,,,,,,,,,,,,,,,,,,,,,,,,,,,,
1768972971.398365,1768972971.398227,78.0,0.0,4370.0,4375.897461,4354.743652,4373.717773,4373.717773,4379.230957,4374.230957,4370.769043,4372.436035,4352.820313,4457.94873,4523.846191,4402.563965,4436.794922,0.356423,0.548595,0.117322,0.297872,0.213395,1.286307,0.381136,0.353057,0.261258,0.108731,0.348746,0.418556,0.171058,0.128444,0.152848,0.276196,0.240397,0.086867,0.117398,0.130449,0.151164,0.201592,0.108314,0.076781,0.060731,0.378926,0.365796,0.10693,0.214333,0.290168,0.650366,0.485231,0.174473,0.23,0.277157,0.376453,0.239404,0.25409,0.056483,0.052388,0.685443,0.411475,0.447438,0.095947,0.056024,0.325692,0.371385,0.305826,0.159382,0.080397,0.266941,0.484715,0.321624,0.220814,0.12507,1.542803,0.684154,0.235857,0.284073,0.151852,0.402324,0.318588,0.217706,0.173161,0.109212,0.493781,0.304812,0.203373,0.348801,0.212125
1768972971.406174,1768972971.406036,79.0,0.0,4364.871582,4380.128418,4348.077148,4372.05127,4369.743652,4373.077148,4372.179688,4364.102539,4368.974121,4354.102539,4458.846191,4521.666504,4406.025879,4429.743652,,,,,,,,,,,,,,,,,,,,,,,,,,,,,,,,,,,,,,,,,,,,,,,,,,,,,,,,,,,,,,,,,,,,,,
1768972971.413982,1768972971.414044,80.0,0.0,4369.102539,4383.589844,4348.846191,4373.461426,4370.897461,4369.743652,4369.743652,4363.333496,4366.794922,4354.743652,4458.846191,4519.615234,4410.769043,4434.230957,,,,,,,,,,,,,,,,,,,,,,,,,,,,,,,,,,,,,,,,,,,,,,,,,,,,,,,,,,,,,,,,,,,,,,
1768972971.42179,1768972971.421852,81.0,0.0,4372.94873,4382.179688,4350.769043,4374.615234,4375.384766,4377.94873,4370.769043,4370.256348,4365.0,4348.974121,4456.922852,4520.641113,4408.589844,4438.589844,,,,,,,,,,,,,,,,,,,,,,,,,,,,,,,,,,,,,,,,,,,,,,,,,,,,,,,,,,,,,,,,,,,,,,
1768972971.429599,1768972971.429761,82.0,0.0,4370.897461,4380.256348,4352.179688,4373.333496,4373.333496,4381.410156,4375.897461,4375.384766,4368.589844,4349.230957,4457.436035,4523.589844,4409.487305,4436.153809,,,,,,,,,,,,,,,,,,,,,,,,,,,,,,,,,,,,,,,,,,,,,,,,,,,,,,,,,,,,,,,,,,,,,,
1768972971.437407,1768972971.437569,83.0,0.0,4372.179688,4382.179688,4356.794922,4374.358887,4371.666504,4376.666504,4379.102539,4376.025879,4374.615234,4357.436035,4461.410156,4523.846191,4415.0,4439.743652,,,,,,,,,,,,,,,,,,,,,,,,,,,,,,,,,,,,,,,,,,,,,,,,,,,,,,,,,,,,,,,,,,,,,,
1768972971.445216,1768972971.445178,84.0,0.0,4375.256348,4388.333496,4355.641113,4376.282227,4376.922852,4378.589844,4381.025879,4375.769043,4376.282227,4358.333496,4461.666504,4521.794922,4414.230957,4445.769043,,,,,,,,,,,,,,,,,,,,,,,,,,,,,,,,,,,,,,,,,,,,,,,,,,,,,,,,,,,,,,,,,,,,,,
1768972971.453024,1768972971.452986,85.0,0.0,4372.94873,4389.615234,4350.897461,4375.641113,4378.461426,4383.717773,4384.230957,4376.410156,4374.743652,4353.589844,4459.358887,4520.512695,4410.128418,4442.436035,,,,,,,,,,,,,,,,,,,,,,,,,,,,,,,,,,,,,,,,,,,,,,,,,,,,,,,,,,,,,,,,,,,,,,
1768972971.460833,1768972971.460695,86.0,0.0,4370.128418,4386.794922,4355.384766,4373.974121,4375.0,4383.333496,4385.897461,4376.794922,4374.358887,4352.820313,4459.358887,4521.282227,4412.692383,4439.487305,,,,,,,,,,,,,,,,,,,,,,,,,,,,,,,,,,,,,,,,,,,,,,,,,,,,,,,,,,,,,,,,,,,,,,
1768972971.468641,1768972971.468503,87.0,0.0,4370.256348,4384.871582,4359.743652,4373.974121,4370.0,4380.897461,4383.846191,4374.102539,4371.282227,4351.025879,4458.846191,4522.436035,4412.05127,4442.436035,,,,,,,,,,,,,,,,,,,,,,,,,,,,,,,,,,,,,,,,,,,,,,,,,,,,,,,,,,,,,,,,,,,,,,
1768972971.47645,1768972971.476512,88.0,0.0,4372.05127,4385.0,4356.282227,4374.230957,4365.384766,4376.025879,4374.871582,4369.615234,4367.307617,4350.256348,4459.230957,4521.538574,4405.769043,4440.384766,,,,,,,,,,,,,,,,,,,,,,,,,,,,,,,,,,,,,,,,,,,,,,,,,,,,,,,,,,,,,,,,,,,,,,
1768972971.484258,1768972971.48432,89.0,0.0,4375.256348,4392.179688,4354.230957,4374.358887,4368.333496,4371.794922,4368.974121,4367.563965,4370.384766,4353.077148,4458.461426,4518.717773,4402.179688,4434.358887,,,,,,,,,,,,,,,,,,,,,,,,,,,,,,,,,,,,,,,,,,,,,,,,,,,,,,,,,,,,,,,,,,,,,,
1768972971.492067,1768972971.492228,90.0,0.0,4373.717773,4395.897461,4356.410156,4372.05127,4373.589844,4380.384766,4377.94873,4370.128418,4372.05127,4350.128418,4451.282227,4515.0,4399.487305,4430.256348,,,,,,,,,,,,,,,,,,,,,,,,,,,,,,,,,,,,,,,,,,,,,,,,,,,,,,,,,,,,,,,,,,,,,,
1768972971.499875,1768972971.500037,91.0,0.0,4369.871582,4390.384766,4358.333496,4371.025879,4372.307617,4386.282227,4384.102539,4372.94873,4368.846191,4347.436035,4444.743652,4513.846191,4397.179688,4431.282227,,,,,,,,,,,,,,,,,,,,,,,,,,,,,,,,,,,,,,,,,,,,,,,,,,,,,,,,,,,,,,,,,,,,,,
1768972971.507683,1768972971.508045,92.0,0.0,4371.538574,4390.384766,4359.615234,4372.05127,4368.333496,4375.512695,4373.461426,4371.153809,4365.641113,4350.128418,4444.487305,4510.128418,4394.358887,4430.897461,,,,,,,,,,,,,,,,,,,,,,,,,,,,,,,,,,,,,,,,,,,,,,,,,,,,,,,,,,,,,,,,,,,,,,
1768972971.515492,1768972971.515853,93.0,0.0,4372.692383,4397.05127,4357.692383,4369.358887,4368.589844,4366.794922,4365.384766,4366.666504,4360.512695,4345.769043,4443.589844,4504.487305,4391.538574,4427.179688,,,,,,,,,,,,,,,,,,,,,,,,,,,,,,,,,,,,,,,,,,,,,,,,,,,,,,,,,,,,,,,,,,,,,,
1768972971.5233,1768972971.523762,94.0,0.0,4370.641113,4396.666504,4355.0,4368.333496,4370.384766,4372.692383,4371.666504,4366.410156,4359.871582,4340.769043,4443.205078,4506.538574,4392.307617,4426.666504,0.29839,0.499709,0.133904,0.258524,0.175629,1.211822,0.446079,0.330512,0.240095,0.09029,0.290922,0.429979,0.205939,0.117714,0.154512,0.290641,0.251872,0.099276,0.11284,0.123996,0.137378,0.176168,0.091731,0.075367,0.0617,0.321742,0.359224,0.12332,0.200154,0.329566,0.554826,0.418192,0.212532,0.223933,0.305343,0.313613,0.188171,0.24316,0.049922,0.056205,0.599304,0.418202,0.439137,0.093153,0.051058,0.267131,0.349123,0.253325,0.149679,0.074237,0.288992,0.552136,0.390569,0.204953,0.140774,1.362488,0.68596,0.323661,0.245655,0.157004,0.265193,0.289593,0.22012,0.155642,0.105579,0.473138,0.274495,0.222137,0.307474,0.181484
1768972971.531109,1768972971.53157,95.0,0.0,4375.897461,4397.05127,4357.436035,4373.974121,4369.871582,4379.487305,4376.153809,4371.153809,4367.05127,4346.666504,4448.717773,4515.256348,4396.922852,4430.256348,,,,,,,,,,,,,,,,,,,,,,,,,,,,,,,,,,,,,,,,,,,,,,,,,,,,,,,,,,,,,,,,,,,,,,
1768972971.538917,1768972971.539578,96.0,0.0,4380.512695,4401.025879,4360.641113,4375.897461,4368.589844,4375.128418,4371.410156,4369.358887,4364.102539,4347.436035,4450.641113,4517.179688,4398.461426,4431.922852,,,,,,,,,,,,,,,,,,,,,,,,,,,,,,,,,,,,,,,,,,,,,,,,,,,,,,,,,,,,,,,,,,,,,,
1768972971.546726,1768972971.547387,97.0,0.0,4373.974121,4396.538574,4359.743652,4370.512695,4367.563965,4371.922852,4370.384766,4363.717773,4355.384766,4338.333496,4445.128418,4508.461426,4394.358887,4428.205078,,,,,,,,,,,,,,,,,,,,,,,,,,,,,,,,,,,,,,,,,,,,,,,,,,,,,,,,,,,,,,,,,,,,,,
1768972971.554534,1768972971.555095,98.0,0.0,4368.589844,4392.692383,4360.128418,4366.282227,4365.512695,4373.077148,4371.666504,4363.333496,4357.692383,4335.641113,4442.563965,4504.487305,4388.974121,4425.128418,,,,,,,,,,,,,,,,,,,,,,,,,,,,,,,,,,,,,,,,,,,,,,,,,,,,,,,,,,,,,,,,,,,,,,
1768972971.562343,1768972971.562904,99.0,0.0,4372.436035,4400.897461,4360.897461,4369.102539,4364.487305,4366.410156,4363.205078,4364.102539,4358.589844,4339.871582,4445.0,4511.794922,4389.615234,4427.307617,,,,,,,,,,,,,,,,,,,,,,,,,,,,,,,,,,,,,,,,,,,,,,,,,,,,,,,,,,,,,,,,,,,,,,
1768972971.570151,1768972971.570513,100.0,0.0,4376.153809,4407.820313,4359.230957,4372.05127,4367.692383,4360.641113,4358.589844,4364.102539,4354.871582,4340.512695,4445.769043,4516.153809,4395.512695,4433.333496,,,,,,,,,,,,,,,,,,,,,,,,,,,,,,,,,,,,,,,,,,,,,,,,,,,,,,,,,,,,,,,,,,,,,,
1768972971.577959,1768972971.578321,101.0,0.0,4373.717773,4405.0,4358.077148,4368.717773,4370.384766,4370.256348,4369.102539,4366.153809,4355.769043,4335.897461,4445.0,4512.179688,4392.05127,4435.128418,,,,,,,,,,,,,,,,,,,,,,,,,,,,,,,,,,,,,,,,,,,,,,,,,,,,,,,,,,,,,,,,,,,,,,
1768972971.585768,1768972971.58603,102.0,0.0,4372.820313,4404.743652,4361.282227,4366.922852,4367.692383,4378.461426,4377.179688,4367.436035,4355.384766,4333.589844,4444.743652,4510.512695,4383.974121,4430.128418,,,,,,,,,,,,,,,,,,,,,,,,,,,,,,,,,,,,,,,,,,,,,,,,,,,,,,,,,,,,,,,,,,,,,,
1768972971.593576,1768972971.593838,103.0,0.0,4377.436035,4413.717773,4365.897461,4372.820313,4366.538574,4374.487305,4373.461426,4368.077148,4354.487305,4338.717773,4445.128418,4512.94873,4390.769043,4429.230957,,,,,,,,,,,,,,,,,,,,,,,,,,,,,,,,,,,,,,,,,,,,,,,,,,,,,,,,,,,,,,,,,,,,,,
1768972971.601385,1768972971.601447,104.0,0.0,4380.641113,4420.0,4360.384766,4374.487305,4370.769043,4372.05127,4367.179688,4370.128418,4356.794922,4341.410156,4446.282227,4509.871582,4398.461426,4432.05127,,,,,,,,,,,,,,,,,,,,,,,,,,,,,,,,,,,,,,,,,,,,,,,,,,,,,,,,,,,,,,,,,,,,,,
1768972971.609193,1768972971.609255,105.0,0.0,4372.692383,4415.897461,4350.256348,4367.307617,4372.05127,4371.025879,4366.025879,4367.820313,4356.666504,4340.128418,4445.512695,4501.282227,4394.102539,4430.128418,,,,,,,,,,,,,,,,,,,,,,,,,,,,,,,,,,,,,,,,,,,,,,,,,,,,,,,,,,,,,,,,,,,,,,
1768972971.617002,1768972971.617163,106.0,0.0,4362.94873,4409.871582,4352.563965,4364.358887,4369.743652,4368.461426,4366.153809,4363.974121,4355.897461,4339.615234,4443.974121,4498.077148,4393.717773,4427.94873,,,,,,,,,,,,,,,,,,,,,,,,,,,,,,,,,,,,,,,,,,,,,,,,,,,,,,,,,,,,,,,,,,,,,,
1768972971.62481,1768972971.624972,107.0,0.0,4365.384766,4408.333496,4358.461426,4367.692383,4367.692383,4369.743652,4365.384766,4364.230957,4356.025879,4337.94873,4444.358887,4498.333496,4396.538574,4429.871582,,,,,,,,,,,,,,,,,,,,,,,,,,,,,,,,,,,,,,,,,,,,,,,,,,,,,,,,,,,,,,,,,,,,,,
1768972971.632619,1768972971.63298,108.0,0.0,4371.538574,4407.94873,4355.641113,4367.692383,4367.05127,4370.512695,4367.692383,4367.179688,4354.358887,4337.820313,4445.512695,4494.615234,4392.692383,4429.102539,,,,,,,,,,,,,,,,,,,,,,,,,,,,,,,,,,,,,,,,,,,,,,,,,,,,,,,,,,,,,,,,,,,,,,
1768972971.640427,1768972971.640789,109.0,0.0,4371.282227,4405.897461,4351.794922,4365.0,4368.846191,4369.358887,4372.692383,4368.717773,4356.666504,4342.307617,4448.717773,4496.282227,4391.794922,4427.563965,,,,,,,,,,,,,,,,,,,,,,,,,,,,,,,,,,,,,,,,,,,,,,,,,,,,,,,,,,,,,,,,,,,,,,
1768972971.648235,1768972971.648697,110.0,0.0,4369.871582,4402.436035,4353.461426,4366.666504,4371.025879,4371.153809,4376.025879,4367.307617,4360.512695,4345.769043,4451.922852,4508.077148,4396.538574,4430.256348,0.273491,0.445505,0.167091,0.229188,0.151725,1.044664,0.520477,0.329477,0.228263,0.07521,0.231867,0.414867,0.242538,0.108123,0.152989,0.29813,0.250646,0.113061,0.103155,0.115465,0.123858,0.145868,0.08196,0.069227,0.060961,0.253388,0.386038,0.16059,0.183643,0.361799,0.436958,0.417738,0.286506,0.215841,0.325374,0.236154,0.158204,0.252544,0.04775,0.060312,0.464832,0.406179,0.430066,0.093062,0.048152,0.23438,0.360258,0.219958,0.134304,0.069777,0.374565,0.629121,0.449845,0.190071,0.150224,1.282447,0.680465,0.416716,0.209587,0.162971,0.214608,0.272628,0.229776,0.148776,0.10649,0.557821,0.263059,0.241619,0.277783,0.154847
1768972971.656044,1768972971.656505,111.0,0.0,4371.025879,4400.384766,4354.615234,4367.563965,4369.102539,4370.512695,4373.461426,4364.230957,4360.512695,4345.0,4447.307617,4512.94873,4396.410156,4429.743652,,,,,,,,,,,,,,,,,,,,,,,,,,,,,,,,,,,,,,,,,,,,,,,,,,,,,,,,,,,,,,,,,,,,,,
1768972971.663852,1768972971.664114,112.0,0.0,4372.179688,4401.922852,4353.333496,4364.743652,4367.692383,4365.0,4370.128418,4364.102539,4357.692383,4341.666504,4440.128418,4505.0,4391.410156,4428.717773,,,,,,,,,,,,,,,,,,,,,,,,,,,,,,,,,,,,,,,,,,,,,,,,,,,,,,,,,,,,,,,,,,,,,,
1768972971.671661,1768972971.671922,113.0,0.0,4373.205078,4402.307617,4353.846191,4369.102539,4372.692383,4364.743652,4370.256348,4369.102539,4356.794922,4341.666504,4441.922852,4502.179688,4391.025879,4430.897461,,,,,,,,,,,,,,,,,,,,,,,,,,,,,,,,,,,,,,,,,,,,,,,,,,,,,,,,,,,,,,,,,,,,,,
1768972971.679469,1768972971.679831,114.0,0.0,4372.820313,4402.692383,4355.512695,4373.717773,4374.487305,4365.256348,4371.410156,4368.846191,4360.641113,4349.102539,4446.282227,4507.94873,4393.589844,4431.538574,,,,,,,,,,,,,,,,,,,,,,,,,,,,,,,,,,,,,,,,,,,,,,,,,,,,,,,,,,,,,,,,,,,,,,
1768972971.687278,1768972971.687639,115.0,0.0,4371.153809,4405.641113,4356.025879,4370.641113,4370.384766,4369.487305,4376.666504,4366.153809,4363.077148,4351.153809,4444.871582,4508.589844,4394.743652,4430.0,,,,,,,,,,,,,,,,,,,,,,,,,,,,,,,,,,,,,,,,,,,,,,,,,,,,,,,,,,,,,,,,,,,,,,
1768972971.695086,1768972971.695648,116.0,0.0,4369.487305,4408.461426,4355.897461,4370.128418,4370.512695,4377.563965,4381.153809,4369.615234,4360.0,4343.333496,4446.538574,4508.717773,4395.128418,4428.461426,,,,,,,,,,,,,,,,,,,,,,,,,,,,,,,,,,,,,,,,,,,,,,,,,,,,,,,,,,,,,,,,,,,,,,
1768972971.702895,1768972971.703456,117.0,0.0,4366.794922,4406.538574,4355.0,4372.307617,4370.897461,4368.974121,4370.128418,4370.256348,4357.563965,4344.615234,4454.102539,4516.410156,4395.769043,4428.974121,,,,,,,,,,,,,,,,,,,,,,,,,,,,,,,,,,,,,,,,,,,,,,,,,,,,,,,,,,,,,,,,,,,,,,
1768972971.710703,1768972971.711364,118.0,0.0,4367.436035,4404.358887,4355.0,4371.538574,4369.102539,4354.487305,4355.769043,4365.0,4358.461426,4354.871582,4458.717773,4524.487305,4399.487305,4435.128418,,,,,,,,,,,,,,,,,,,,,,,,,,,,,,,,,,,,,,,,,,,,,,,,,,,,,,,,,,,,,,,,,,,,,,
1768972971.718511,1768972971.719173,119.0,0.0,4368.717773,4405.769043,4359.230957,4372.436035,4371.282227,4359.743652,4362.820313,4367.692383,4359.102539,4358.589844,4459.358887,4523.717773,4405.128418,4442.179688,,,,,,,,,,,,,,,,,,,,,,,,,,,,,,,,,,,,,,,,,,,,,,,,,,,,,,,,,,,,,,,,,,,,,,
1768972971.72632,1768972971.726781,120.0,0.0,4370.897461,4408.974121,4364.487305,4373.717773,4375.897461,4372.692383,4375.641113,4375.384766,4360.897461,4356.282227,4460.512695,4521.025879,4406.282227,4442.307617,,,,,,,,,,,,,,,,,,,,,,,,,,,,,,,,,,,,,,,,,,,,,,,,,,,,,,,,,,,,,,,,,,,,,,
1768972971.734128,1768972971.73459,121.0,0.0,4376.666504,4412.820313,4365.384766,4373.205078,4375.384766,4375.769043,4374.743652,4373.717773,4361.538574,4354.358887,4460.769043,4527.05127,4404.102539,4442.179688,,,,,,,,,,,,,,,,,,,,,,,,,,,,,,,,,,,,,,,,,,,,,,,,,,,,,,,,,,,,,,,,,,,,,,
1768972971.741937,1768972971.742298,122.0,0.0,4377.692383,4413.717773,4363.205078,4373.589844,4371.282227,4372.563965,4371.282227,4368.846191,4358.205078,4355.641113,4459.871582,4530.256348,4407.820313,4446.282227,,,,,,,,,,,,,,,,,,,,,,,,,,,,,,,,,,,,,,,,,,,,,,,,,,,,,,,,,,,,,,,,,,,,,,
1768972971.749745,1768972971.750107,123.0,0.0,4375.897461,4414.487305,4360.769043,4374.358887,4368.717773,4367.05127,4370.897461,4370.769043,4357.563965,4357.05127,4461.538574,4523.077148,4410.769043,4446.282227,,,,,,,,,,,,,,,,,,,,,,,,,,,,,,,,,,,,,,,,,,,,,,,,,,,,,,,,,,,,,,,,,,,,,,
1768972971.757554,1768972971.757716,124.0,0.0,4379.358887,4422.563965,4363.205078,4373.974121,4367.563965,4366.282227,4371.794922,4374.487305,4357.692383,4354.102539,4461.794922,4522.820313,4405.128418,4442.563965,,,,,,,,,,,,,,,,,,,,,,,,,,,,,,,,,,,,,,,,,,,,,,,,,,,,,,,,,,,,,,,,,,,,,,
1768972971.765362,1768972971.765524,125.0,0.0,4379.743652,4425.128418,4365.256348,4373.717773,4367.436035,4368.461426,4372.179688,4370.512695,4355.897461,4352.692383,4458.974121,4531.025879,4400.512695,4442.820313,,,,,,,,,,,,,,,,,,,,,,,,,,,,,,,,,,,,,,,,,,,,,,,,,,,,,,,,,,,,,,,,,,,,,,
1768972971.773171,1768972971.773233,126.0,0.0,4372.05127,4416.410156,4360.0,4373.333496,4367.05127,4366.153809,4373.077148,4366.922852,4357.436035,4353.717773,4459.487305,4531.153809,4397.307617,4444.487305,0.290412,0.390749,0.21024,0.21113,0.141819,0.852485,0.570329,0.348909,0.227417,0.065972,0.177794,0.373291,0.266391,0.099466,0.14899,0.30291,0.233573,0.124199,0.09056,0.106888,0.123561,0.120555,0.083057,0.060384,0.058232,0.200244,0.434967,0.218879,0.16736,0.381042,0.33998,0.485928,0.396048,0.204841,0.329844,0.174482,0.149057,0.280269,0.051592,0.064672,0.32652,0.375891,0.420031,0.096856,0.047456,0.221547,0.396111,0.204239,0.115826,0.067562,0.49499,0.686641,0.476548,0.173819,0.149417,1.296451,0.653539,0.486992,0.178889,0.166652,0.23934,0.258118,0.245434,0.153878,0.112666,0.710279,0.262115,0.253362,0.265161,0.137203
1768972971.780979,1768972971.781041,127.0,0.0,4365.769043,4411.282227,4353.333496,4370.256348,4366.794922,4370.769043,4373.461426,4373.205078,4359.487305,4351.538574,4456.282227,4523.077148,4396.410156,4439.102539,,,,,,,,,,,,,,,,,,,,,,,,,,,,,,,,,,,,,,,,,,,,,,,,,,,,,,,,,,,,,,,,,,,,,,
1768972971.788787,1768972971.78865,0.0,0.0,4360.641113,4406.410156,4348.846191,4361.666504,4363.974121,4372.436035,4367.692383,4372.179688,4356.666504,4344.487305,4442.563965,4510.256348,4393.077148,4427.179688,,,,,,,,,,,,,,,,,,,,,,,,,,,,,,,,,,,,,,,,,,,,,,,,,,,,,,,,,,,,,,,,,,,,,,
1768972971.796596,1768972971.796458,1.0,0.0,4358.077148,4397.692383,4345.256348,4356.922852,4359.487305,4362.307617,4365.512695,4367.820313,4357.820313,4343.205078,4438.077148,4503.846191,4388.589844,4425.256348,,,,,,,,,,,,,,,,,,,,,,,,,,,,,,,,,,,,,,,,,,,,,,,,,,,,,,,,,,,,,,,,,,,,,,
1768972971.804404,1768972971.804167,2.0,0.0,4368.846191,4401.794922,4350.641113,4366.153809,4361.538574,4363.461426,4372.692383,4376.922852,4368.205078,4356.282227,4453.205078,4520.256348,4399.230957,4438.333496,,,,,,,,,,,,,,,,,,,,,,,,,,,,,,,,,,,,,,,,,,,,,,,,,,,,,,,,,,,,,,,,,,,,,,
1768972971.812213,1768972971.811975,3.0,0.0,4380.0,4413.077148,4361.282227,4374.871582,4366.538574,4372.94873,4375.769043,4382.436035,4371.922852,4368.589844,4465.897461,4537.05127,4415.0,4450.641113,,,,,,,,,,,,,,,,,,,,,,,,,,,,,,,,,,,,,,,,,,,,,,,,,,,,,,,,,,,,,,,,,,,,,,
1768972971.820021,1768972971.819983,4.0,0.0,4374.230957,4410.0,4358.205078,4371.025879,4365.512695,4369.743652,4373.077148,4376.153809,4361.410156,4362.436035,4458.205078,4527.692383,4407.692383,4444.615234,,,,,,,,,,,,,,,,,,,,,,,,,,,,,,,,,,,,,,,,,,,,,,,,,,,,,,,,,,,,,,,,,,,,,,
1768972971.82783,1768972971.827792,5.0,0.0,4364.743652,4403.333496,4346.922852,4362.563965,4364.230957,4361.794922,4369.358887,4372.692383,4355.641113,4349.487305,4444.487305,4509.871582,4389.871582,4427.563965,,,,,,,,,,,,,,,,,,,,,,,,,,,,,,,,,,,,,,,,,,,,,,,,,,,,,,,,,,,,,,,,,,,,,,
1768972971.835638,1768972971.8357,6.0,0.0,4367.05127,4404.358887,4348.717773,4360.256348,4366.794922,4360.0,4363.077148,4373.333496,4360.128418,4350.897461,4441.794922,4510.897461,4389.487305,4423.205078,,,,,,,,,,,,,,,,,,,,,,,,,,,,,,,,,,,,,,,,,,,,,,,,,,,,,,,,,,,,,,,,,,,,,,
1768972971.843447,1768972971.843509,7.0,0.0,4364.615234,4398.205078,4353.717773,4362.692383,4365.769043,4359.743652,4362.563965,4371.538574,4359.102539,4355.897461,4449.487305,4520.256348,4396.025879,4430.128418,,,,,,,,,,,,,,,,,,,,,,,,,,,,,,,,,,,,,,,,,,,,,,,,,,,,,,,,,,,,,,,,,,,,,,
1768972971.851255,1768972971.851517,8.0,0.0,4357.820313,4393.589844,4352.179688,4365.128418,4363.846191,4360.641113,4368.333496,4372.94873,4356.922852,4351.538574,4452.820313,4523.461426,4399.487305,4431.538574,,,,,,,,,,,,,,,,,,,,,,,,,,,,,,,,,,,,,,,,,,,,,,,,,,,,,,,,,,,,,,,,,,,,,,
1768972971.859064,1768972971.859325,9.0,0.0,4367.692383,4402.436035,4354.358887,4369.102539,4366.538574,4364.230957,4366.538574,4374.102539,4359.230957,4347.436035,4446.538574,4521.025879,4396.410156,4426.153809,,,,,,,,,,,,,,,,,,,,,,,,,,,,,,,,,,,,,,,,,,,,,,,,,,,,,,,,,,,,,,,,,,,,,,
1768972971.866872,1768972971.867034,10.0,0.0,4379.871582,4413.589844,4359.615234,4374.487305,4368.461426,4364.615234,4364.358887,4367.692383,4352.692383,4347.307617,4443.717773,4517.436035,4389.230957,4429.102539,,,,,,,,,,,,,,,,,,,,,,,,,,,,,,,,,,,,,,,,,,,,,,,,,,,,,,,,,,,,,,,,,,,,,,
1768972971.87468,1768972971.874842,11.0,0.0,4375.256348,4411.282227,4358.717773,4375.128418,4366.153809,4363.077148,4369.358887,4369.487305,4344.871582,4347.436035,4449.102539,4520.512695,4391.922852,4438.846191,,,,,,,,,,,,,,,,,,,,,,,,,,,,,,,,,,,,,,,,,,,,,,,,,,,,,,,,,,,,,,,,,,,,,,
1768972971.882489,1768972971.88285,12.0,0.0,4367.307617,4399.871582,4355.384766,4370.256348,4366.025879,4364.230957,4370.384766,4378.077148,4349.743652,4348.846191,4450.384766,4518.205078,4396.153809,4436.922852,,,,,,,,,,,,,,,,,,,,,,,,,,,,,,,,,,,,,,,,,,,,,,,,,,,,,,,,,,,,,,,,,,,,,,
1768972971.890297,1768972971.890659,13.0,0.0,4364.102539,4393.077148,4353.333496,4365.641113,4366.282227,4365.384766,4366.025879,4373.846191,4351.794922,4349.102539,4443.717773,4506.922852,4391.282227,4425.512695,,,,,,,,,,,,,,,,,,,,,,,,,,,,,,,,,,,,,,,,,,,,,,,,,,,,,,,,,,,,,,,,,,,,,,
1768972971.898106,1768972971.898567,14.0,0.0,4362.692383,4392.94873,4351.282227,4364.743652,4361.153809,4358.717773,4360.256348,4360.384766,4343.589844,4345.641113,4440.256348,4503.333496,4386.538574,4422.820313,0.340318,0.33541,0.253647,0.201843,0.140117,0.702669,0.575746,0.375841,0.233847,0.063583,0.138627,0.309583,0.265493,0.090902,0.142285,0.305703,0.20136,0.128493,0.076948,0.099084,0.144666,0.105992,0.093921,0.051486,0.053981,0.175245,0.48577,0.291228,0.154819,0.383359,0.291012,0.599346,0.527093,0.192703,0.315558,0.145464,0.152925,0.317696,0.060851,0.068801,0.218835,0.332624,0.40546,0.104667,0.04832,0.228972,0.43418,0.198441,0.098409,0.068029,0.630892,0.705853,0.459385,0.156304,0.138106,1.354365,0.597328,0.515144,0.156331,0.165004,0.336518,0.243622,0.26147,0.167645,0.12306,0.90353,0.27467,0.253901,0.272013,0.128903
1768972971.905914,1768972971.906376,15.0,0.0,4367.563965,4392.307617,4351.922852,4367.05127,4360.384766,4353.461426,4355.512695,4357.563965,4338.589844,4342.820313,4443.205078,4507.563965,4389.871582,4429.358887,,,,,,,,,,,,,,,,,,,,,,,,,,,,,,,,,,,,,,,,,,,,,,,,,,,,,,,,,,,,,,,,,,,,,,
1768972971.913723,1768972971.913984,16.0,0.0,4370.512695,4388.846191,4354.358887,4364.358887,4364.743652,4356.153809,4355.512695,4362.05127,4339.871582,4343.717773,4443.589844,4506.922852,4393.589844,4428.077148,,,,,,,,,,,,,,,,,,,,,,,,,,,,,,,,,,,,,,,,,,,,,,,,,,,,,,,,,,,,,,,,,,,,,,
1768972971.921531,1768972971.921793,17.0,0.0,4366.410156,4390.128418,4351.538574,4360.128418,4366.538574,4358.974121,4360.128418,4360.512695,4345.641113,4347.692383,4442.563965,4504.487305,4395.641113,4424.615234,,,,,,,,,,,,,,,,,,,,,,,,,,,,,,,,,,,,,,,,,,,,,,,,,,,,,,,,,,,,,,,,,,,,,,
1768972971.92934,1768972971.929501,18.0,0.0,4364.871582,4396.282227,4346.794922,4365.128418,4367.94873,4361.538574,4359.487305,4359.615234,4349.615234,4350.897461,4444.615234,4507.179688,4398.461426,4429.230957,,,,,,,,,,,,,,,,,,,,,,,,,,,,,,,,,,,,,,,,,,,,,,,,,,,,,,,,,,,,,,,,,,,,,,
1768972971.937148,1768972971.93731,19.0,0.0,4366.282227,4399.615234,4348.589844,4372.179688,4370.0,4360.128418,4350.384766,4361.922852,4346.922852,4348.846191,4444.871582,4505.0,4397.692383,4428.205078,,,,,,,,,,,,,,,,,,,,,,,,,,,,,,,,,,,,,,,,,,,,,,,,,,,,,,,,,,,,,,,,,,,,,,
1768972971.944956,1768972971.945318,20.0,0.0,4367.307617,4395.0,4352.05127,4370.128418,4368.974121,4356.666504,4352.179688,4363.717773,4345.641113,4342.94873,4440.641113,4500.0,4394.743652,4418.846191,,,,,,,,,,,,,,,,,,,,,,,,,,,,,,,,,,,,,,,,,,,,,,,,,,,,,,,,,,,,,,,,,,,,,,
1768972971.952765,1768972971.953126,21.0,0.0,4366.794922,4389.358887,4350.384766,4365.128418,4366.922852,4362.563965,4365.769043,4368.974121,4350.769043,4342.820313,4439.487305,4503.846191,4392.436035,4418.846191,,,,,,,,,,,,,,,,,,,,,,,,,,,,,,,,,,,,,,,,,,,,,,,,,,,,,,,,,,,,,,,,,,,,,,
1768972971.960573,1768972971.960835,22.0,0.0,4366.025879,4392.05127,4349.358887,4365.0,4367.307617,4367.436035,4368.589844,4374.743652,4356.666504,4348.974121,4446.153809,4511.666504,4397.692383,4429.487305,,,,,,,,,,,,,,,,,,,,,,,,,,,,,,,,,,,,,,,,,,,,,,,,,,,,,,,,,,,,,,,,,,,,,,
1768972971.968382,1768972971.968643,23.0,0.0,4366.794922,4393.589844,4350.128418,4365.0,4365.128418,4364.358887,4362.179688,4374.487305,4357.563965,4351.538574,4447.179688,4509.230957,4400.512695,4428.333496,,,,,,,,,,,,,,,,,,,,,,,,,,,,,,,,,,,,,,,,,,,,,,,,,,,,,,,,,,,,,,,,,,,,,,
1768972971.97619,1768972971.976252,24.0,0.0,4368.974121,4390.0,4348.077148,4365.769043,4362.05127,4365.128418,4366.538574,4370.256348,4355.384766,4345.769043,4438.077148,4498.205078,4390.897461,4415.0,,,,,,,,,,,,,,,,,,,,,,,,,,,,,,,,,,,,,,,,,,,,,,,,,,,,,,,,,,,,,,,,,,,,,,
1768972971.983999,1768972971.984061,25.0,0.0,4367.179688,4391.922852,4348.205078,4369.871582,4362.692383,4368.205078,4370.384766,4368.589844,4353.333496,4339.615234,4435.641113,4493.846191,4387.563965,4409.358887,,,,,,,,,,,,,,,,,,,,,,,,,,,,,,,,,,,,,,,,,,,,,,,,,,,,,,,,,,,,,,,,,,,,,,
1768972971.991807,1768972971.991769,26.0,0.0,4362.563965,4392.94873,4347.436035,4368.205078,4362.820313,4366.025879,4364.743652,4369.102539,4352.179688,4342.05127,4444.230957,4498.717773,4397.307617,4419.230957,,,,,,,,,,,,,,,,,,,,,,,,,,,,,,,,,,,,,,,,,,,,,,,,,,,,,,,,,,,,,,,,,,,,,,
1768972971.999616,1768972971.999578,27.0,0.0,4353.589844,4381.794922,4338.974121,4359.487305,4361.153809,4363.846191,4361.666504,4367.436035,4352.820313,4343.077148,4445.769043,4505.384766,4399.230957,4423.846191,,,,,,,,,,,,,,,,,,,,,,,,,,,,,,,,,,,,,,,,,,,,,,,,,,,,,,,,,,,,,,,,,,,,,,
1768972972.007424,1768972972.007586,28.0,0.0,4344.358887,4380.897461,4333.077148,4355.897461,4362.94873,4368.846191,4366.282227,4367.94873,4355.512695,4340.0,4437.563965,4505.0,4390.128418,4415.256348,,,,,,,,,,,,,,,,,,,,,,,,,,,,,,,,,,,,,,,,,,,,,,,,,,,,,,,,,,,,,,,,,,,,,,
1768972972.015232,1768972972.015394,29.0,0.0,4348.461426,4392.436035,4339.358887,4358.974121,4366.538574,4377.94873,4372.820313,4370.512695,4356.282227,4340.897461,4431.794922,4497.692383,4388.846191,4411.410156,,,,,,,,,,,,,,,,,,,,,,,,,,,,,,,,,,,,,,,,,,,,,,,,,,,,,,,,,,,,,,,,,,,,,,
1768972972.023041,1768972972.023303,30.0,0.0,4360.897461,4391.025879,4344.615234,4360.512695,4361.410156,4371.666504,4365.641113,4365.512695,4355.512695,4341.538574,4428.077148,4490.384766,4389.871582,4411.538574,0.401847,0.27913,0.289899,0.19855,0.139194,0.640779,0.539348,0.394478,0.241377,0.067146,0.129832,0.23641,0.238656,0.084196,0.132566,0.312354,0.159954,0.124309,0.065219,0.091949,0.18672,0.101022,0.10884,0.044835,0.04928,0.178487,0.515937,0.36124,0.150781,0.368225,0.296164,0.715975,0.649837,0.184597,0.285731,0.15238,0.159082,0.351587,0.072649,0.072042,0.157809,0.285046,0.383149,0.115393,0.049795,0.243951,0.452016,0.194786,0.086897,0.071707,0.755519,0.686036,0.403445,0.143394,0.120142,1.391179,0.518619,0.496744,0.14772,0.158095,0.488982,0.235051,0.272354,0.183029,0.135019,1.088561,0.30162,0.245221,0.294854,0.126818
1768972972.030849,1768972972.031111,31.0,0.0,4365.512695,4384.102539,4343.974121,4362.05127,4354.615234,4353.717773,4354.615234,4359.102539,4356.282227,4342.05127,4429.102539,4493.589844,4387.692383,4412.179688,,,,,,,,,,,,,,,,,,,,,,,,,,,,,,,,,,,,,,,,,,,,,,,,,,,,,,,,,,,,,,,,,,,,,,
1768972972.038658,1768972972.039119,32.0,0.0,4362.05127,4387.563965,4343.846191,4366.282227,4358.461426,4355.0,4357.307617,4362.94873,4357.692383,4343.974121,4441.922852,4505.384766,4393.333496,4423.333496,,,,,,,,,,,,,,,,,,,,,,,,,,,,,,,,,,,,,,,,,,,,,,,,,,,,,,,,,,,,,,,,,,,,,,
1768972972.046466,1768972972.046928,33.0,0.0,4358.461426,4388.846191,4340.384766,4367.820313,4362.94873,4366.794922,4363.333496,4368.589844,4360.512695,4344.743652,4448.461426,4505.0,4398.974121,4430.256348,,,,,,,,,,,,,,,,,,,,,,,,,,,,,,,,,,,,,,,,,,,,,,,,,,,,,,,,,,,,,,,,,,,,,,
1768972972.054275,1768972972.054836,34.0,0.0,4356.282227,4382.563965,4336.922852,4361.922852,4359.743652,4364.487305,4364.102539,4365.897461,4363.205078,4341.153809,4440.0,4493.461426,4392.05127,4419.615234,,,,,,,,,,,,,,,,,,,,,,,,,,,,,,,,,,,,,,,,,,,,,,,,,,,,,,,,,,,,,,,,,,,,,,
1768972972.062083,1768972972.062645,35.0,0.0,4354.230957,4382.820313,4342.179688,4361.666504,4358.205078,4366.922852,4370.128418,4366.666504,4366.153809,4341.666504,4436.922852,4492.563965,4386.922852,4413.974121,,,,,,,,,,,,,,,,,,,,,,,,,,,,,,,,,,,,,,,,,,,,,,,,,,,,,,,,,,,,,,,,,,,,,,
1768972972.069892,1768972972.070653,36.0,0.0,4359.230957,4387.05127,4350.897461,4369.487305,4364.230957,4372.563965,4372.05127,4371.410156,4372.179688,4345.897461,4445.897461,4503.461426,4396.794922,4421.282227,,,,,,,,,,,,,,,,,,,,,,,,,,,,,,,,,,,,,,,,,,,,,,,,,,,,,,,,,,,,,,,,,,,,,,
1768972972.0777,1768972972.078461,37.0,0.0,4368.717773,4385.384766,4352.820313,4371.538574,4366.922852,4365.128418,4364.487305,4372.179688,4373.846191,4346.282227,4447.563965,4506.666504,4402.563965,4425.512695,,,,,,,,,,,,,,,,,,,,,,,,,,,,,,,,,,,,,,,,,,,,,,,,,,,,,,,,,,,,,,,,,,,,,,
1768972972.085508,1768972972.08617,38.0,0.0,4370.384766,4378.974121,4350.0,4365.512695,4363.333496,4364.230957,4367.436035,4372.94873,4373.461426,4346.153809,4442.94873,4503.461426,4395.897461,4425.512695,,,,,,,,,,,,,,,,,,,,,,,,,,,,,,,,,,,,,,,,,,,,,,,,,,,,,,,,,,,,,,,,,,,,,,
1768972972.093317,1768972972.093978,39.0,0.0,4364.743652,4373.974121,4345.256348,4360.384766,4363.589844,4373.333496,4374.743652,4374.358887,4385.897461,4349.743652,4445.897461,4506.538574,4394.358887,4426.666504,,,,,,,,,,,,,,,,,,,,,,,,,,,,,,,,,,,,,,,,,,,,,,,,,,,,,,,,,,,,,,,,,,,,,,
1768972972.101125,1768972972.101787,40.0,0.0,4360.641113,4373.077148,4338.846191,4358.974121,4367.563965,4375.256348,4375.512695,4375.641113,4406.666504,4356.282227,4450.512695,4506.410156,4397.563965,4422.820313,,,,,,,,,,,,,,,,,,,,,,,,,,,,,,,,,,,,,,,,,,,,,,,,,,,,,,,,,,,,,,,,,,,,,,
1768972972.108934,1768972972.109595,41.0,0.0,4358.461426,4372.692383,4338.846191,4361.666504,4366.153809,4371.538574,4375.128418,4375.512695,4412.436035,4357.05127,4448.717773,4500.897461,4394.487305,4415.769043,,,,,,,,,,,,,,,,,,,,,,,,,,,,,,,,,,,,,,,,,,,,,,,,,,,,,,,,,,,,,,,,,,,,,,
1768972972.116742,1768972972.117304,42.0,0.0,4358.333496,4372.820313,4345.0,4365.0,4364.871582,4368.461426,4371.025879,4371.538574,4405.0,4348.974121,4443.461426,4500.128418,4391.282227,4416.922852,,,,,,,,,,,,,,,,,,,,,,,,,,,,,,,,,,,,,,,,,,,,,,,,,,,,,,,,,,,,,,,,,,,,,,
1768972972.124551,1768972972.125112,43.0,0.0,4367.179688,4378.077148,4351.922852,4367.307617,4371.410156,4369.743652,4368.974121,4368.333496,4405.512695,4348.333496,4445.769043,4504.871582,4393.846191,4425.769043,,,,,,,,,,,,,,,,,,,,,,,,,,,,,,,,,,,,,,,,,,,,,,,,,,,,,,,,,,,,,,,,,,,,,,
1768972972.132359,1768972972.132721,44.0,0.0,4377.05127,4385.384766,4356.410156,4372.692383,4375.769043,4373.333496,4372.179688,4371.922852,4409.615234,4353.589844,4454.743652,4508.846191,4396.153809,4430.769043,,,,,,,,,,,,,,,,,,,,,,,,,,,,,,,,,,,,,,,,,,,,,,,,,,,,,,,,,,,,,,,,,,,,,,
1768972972.140168,1768972972.140529,45.0,0.0,4375.128418,4383.717773,4355.512695,4373.205078,4372.436035,4369.102539,4367.307617,4372.820313,4402.307617,4351.410156,4453.717773,4511.025879,4397.563965,4429.871582,,,,,,,,,,,,,,,,,,,,,,,,,,,,,,,,,,,,,,,,,,,,,,,,,,,,,,,,,,,,,,,,,,,,,,
1768972972.147976,1768972972.148438,46.0,0.0,4367.563965,4376.538574,4349.871582,4364.487305,4370.0,4364.743652,4362.307617,4368.333496,4396.538574,4345.256348,4445.128418,4507.307617,4396.153809,4427.692383,0.452794,0.227479,0.31447,0.201595,0.134719,0.680705,0.480869,0.391382,0.247426,0.074582,0.157552,0.169231,0.195106,0.083542,0.120615,0.322752,0.120895,0.114654,0.060864,0.085421,0.240252,0.101725,0.120907,0.041669,0.045347,0.193754,0.50718,0.408079,0.158296,0.338973,0.331978,0.789038,0.730211,0.186838,0.248866,0.180122,0.159582,0.370659,0.082987,0.074421,0.141431,0.240986,0.351607,0.126368,0.05181,0.256641,0.438333,0.189603,0.084673,0.079159,0.845915,0.636436,0.321991,0.142487,0.103306,1.363322,0.436236,0.44087,0.161225,0.151538,0.662789,0.239502,0.274135,0.193084,0.14645,1.215426,0.335764,0.233668,0.326133,0.128845
1768972972.155784,1768972972.156246,47.0,0.0,4360.897461,4377.05127,4345.512695,4360.256348,4368.461426,4367.563965,4368.205078,4370.0,4398.717773,4342.563965,4442.179688,4497.307617,4390.256348,4421.025879,,,,,,,,,,,,,,,,,,,,,,,,,,,,,,,,,,,,,,,,,,,,,,,,,,,,,,,,,,,,,,,,,,,,,,
1768972972.163593,1768972972.163855,48.0,0.0,4358.077148,4380.769043,4343.333496,4363.333496,4367.05127,4366.794922,4367.692383,4370.0,4396.538574,4343.205078,4443.461426,4492.692383,4390.128418,4413.846191,,,,,,,,,,,,,,,,,,,,,,,,,,,,,,,,,,,,,,,,,,,,,,,,,,,,,,,,,,,,,,,,,,,,,,
1768972972.171401,1768972972.171663,49.0,0.0,4357.05127,4380.256348,4340.641113,4364.358887,4368.077148,4365.641113,4366.025879,4367.307617,4395.0,4345.641113,4443.077148,4492.820313,4395.641113,4417.307617,,,,,,,,,,,,,,,,,,,,,,,,,,,,,,,,,,,,,,,,,,,,,,,,,,,,,,,,,,,,,,,,,,,,,,
1768972972.17921,1768972972.179372,50.0,0.0,4355.256348,4383.974121,4341.538574,4366.922852,4370.128418,4369.743652,4372.820313,4368.974121,4397.436035,4346.282227,4444.230957,4493.846191,4395.0,4423.077148,,,,,,,,,,,,,,,,,,,,,,,,,,,,,,,,,,,,,,,,,,,,,,,,,,,,,,,,,,,,,,,,,,,,,,
1768972972.187018,1768972972.18718,51.0,0.0,4359.743652,4396.153809,4347.563965,4373.974121,4372.692383,4371.666504,4373.846191,4370.641113,4396.538574,4344.230957,4445.641113,4500.512695,4393.846191,4424.230957,,,,,,,,,,,,,,,,,,,,,,,,,,,,,,,,,,,,,,,,,,,,,,,,,,,,,,,,,,,,,,,,,,,,,,
1768972972.194826,1768972972.194789,52.0,0.0,4367.436035,4401.410156,4353.717773,4377.563965,4372.94873,4369.743652,4367.307617,4371.410156,4395.512695,4344.102539,4443.461426,4506.410156,4394.743652,4424.871582,,,,,,,,,,,,,,,,,,,,,,,,,,,,,,,,,,,,,,,,,,,,,,,,,,,,,,,,,,,,,,,,,,,,,,
1768972972.202635,1768972972.202597,53.0,0.0,4368.333496,4397.563965,4355.769043,4374.615234,4372.05127,4366.538574,4365.641113,4373.333496,4396.153809,4347.179688,4445.769043,4506.922852,4395.256348,4428.333496,,,,,,,,,,,,,,,,,,,,,,,,,,,,,,,,,,,,,,,,,,,,,,,,,,,,,,,,,,,,,,,,,,,,,,
1768972972.210443,1768972972.210506,54.0,0.0,4368.846191,4397.563965,4356.282227,4373.077148,4372.692383,4367.05127,4370.0,4373.205078,4396.153809,4349.743652,4454.743652,4508.974121,4399.102539,4431.282227,,,,,,,,,,,,,,,,,,,,,,,,,,,,,,,,,,,,,,,,,,,,,,,,,,,,,,,,,,,,,,,,,,,,,,
1768972972.218252,1768972972.218314,55.0,0.0,4371.025879,4397.179688,4357.820313,4376.025879,4369.871582,4371.282227,4375.0,4371.922852,4396.666504,4346.410156,4452.563965,4509.615234,4393.077148,4427.05127,,,,,,,,,,,,,,,,,,,,,,,,,,,,,,,,,,,,,,,,,,,,,,,,,,,,,,,,,,,,,,,,,,,,,,
1768972972.22606,1768972972.226322,56.0,0.0,4369.487305,4396.153809,4356.666504,4376.922852,4365.128418,4370.0,4372.05127,4371.282227,4396.794922,4343.077148,4441.666504,4504.358887,4382.94873,4423.717773,,,,,,,,,,,,,,,,,,,,,,,,,,,,,,,,,,,,,,,,,,,,,,,,,,,,,,,,,,,,,,,,,,,,,,
1768972972.233869,1768972972.234131,57.0,0.0,4374.358887,4397.179688,4355.256348,4375.897461,4366.538574,4367.05127,4369.743652,4373.333496,4397.94873,4351.538574,4449.615234,4506.794922,4392.692383,4430.641113,,,,,,,,,,,,,,,,,,,,,,,,,,,,,,,,,,,,,,,,,,,,,,,,,,,,,,,,,,,,,,,,,,,,,,
1768972972.241677,1768972972.242039,58.0,0.0,4379.871582,4391.410156,4355.128418,4373.974121,4367.307617,4364.358887,4371.666504,4377.820313,4398.974121,4355.0,4460.512695,4511.538574,4401.794922,4432.307617,,,,,,,,,,,,,,,,,,,,,,,,,,,,,,,,,,,,,,,,,,,,,,,,,,,,,,,,,,,,,,,,,,,,,,
1768972972.249486,1768972972.249847,59.0,0.0,4373.333496,4382.692383,4353.846191,4371.538574,4359.230957,4355.0,4364.230957,4372.692383,4393.333496,4345.0,4451.922852,4505.897461,4390.128418,4427.563965,,,,,,,,,,,,,,,,,,,,,,,,,,,,,,,,,,,,,,,,,,,,,,,,,,,,,,,,,,,,,,,,,,,,,,
1768972972.257294,1768972972.257856,60.0,0.0,4373.589844,4378.077148,4357.692383,4371.922852,4359.230957,4356.025879,4361.282227,4368.205078,4388.974121,4340.897461,4444.358887,4505.641113,4388.717773,4435.769043,,,,,,,,,,,,,,,,,,,,,,,,,,,,,,,,,,,,,,,,,,,,,,,,,,,,,,,,,,,,,,,,,,,,,,
1768972972.265103,1768972972.265664,61.0,0.0,4383.205078,4375.128418,4363.077148,4373.589844,4366.794922,4370.641113,4374.743652,4374.230957,4393.077148,4345.384766,4449.102539,4514.743652,4397.179688,4441.538574,,,,,,,,,,,,,,,,,,,,,,,,,,,,,,,,,,,,,,,,,,,,,,,,,,,,,,,,,,,,,,,,,,,,,,
1768972972.272911,1768972972.273373,62.0,0.0,4380.0,4372.307617,4360.0,4370.897461,4363.589844,4369.487305,4376.410156,4376.025879,4395.769043,4348.717773,4454.102539,4520.128418,4391.922852,4432.692383,0.477122,0.187531,0.325842,0.214317,0.126647,0.786461,0.421806,0.361935,0.252414,0.083976,0.21789,0.122731,0.148542,0.0919,0.107801,0.341875,0.095767,0.104528,0.06872,0.079231,0.295639,0.104438,0.125567,0.041779,0.042965,0.206899,0.456857,0.417714,0.177733,0.302225,0.368257,0.79031,0.742464,0.201972,0.214996,0.216526,0.156121,0.368825,0.088538,0.076774,0.174859,0.204389,0.311942,0.134141,0.054981,0.264773,0.39891,0.181112,0.092579,0.089971,0.887162,0.574978,0.233292,0.156847,0.095803,1.273489,0.376078,0.363775,0.199591,0.153546,0.810284,0.260865,0.264497,0.193195,0.156984,1.249704,0.362493,0.224513,0.354123,0.135573
1768972972.280719,1768972972.281181,63.0,0.0,4375.384766,4374.102539,4359.230957,4371.153809,4361.794922,4359.615234,4368.077148,4373.974121,4397.307617,4353.589844,4455.641113,4524.102539,4390.0,4431.922852,,,,,,,,,,,,,,,,,,,,,,,,,,,,,,,,,,,,,,,,,,,,,,,,,,,,,,,,,,,,,,,,,,,,,,
1768972972.288528,1768972972.289189,64.0,0.0,4375.512695,4376.922852,4364.230957,4378.461426,4368.974121,4366.794922,4371.922852,4374.102539,4398.589844,4355.384766,4451.153809,4521.410156,4395.384766,4433.461426,,,,,,,,,,,,,,,,,,,,,,,,,,,,,,,,,,,,,,,,,,,,,,,,,,,,,,,,,,,,,,,,,,,,,,
1768972972.296336,1768972972.296998,65.0,0.0,4367.94873,4375.384766,4359.487305,4378.589844,4367.94873,4370.256348,4372.563965,4371.794922,4394.615234,4348.717773,4443.461426,4512.94873,4392.05127,4423.974121,,,,,,,,,,,,,,,,,,,,,,,,,,,,,,,,,,,,,,,,,,,,,,,,,,,,,,,,,,,,,,,,,,,,,,
1768972972.304145,1768972972.304706,66.0,0.0,4361.410156,4370.897461,4348.974121,4368.846191,4360.256348,4365.384766,4369.358887,4370.769043,4393.461426,4344.487305,4443.461426,4514.102539,4386.794922,4422.307617,,,,,,,,,,,,,,,,,,,,,,,,,,,,,,,,,,,,,,,,,,,,,,,,,,,,,,,,,,,,,,,,,,,,,,
1768972972.311953,1768972972.312515,67.0,0.0,4363.205078,4365.512695,4350.641113,4366.153809,4364.358887,4370.256348,4374.871582,4375.128418,4394.871582,4344.615234,4445.512695,4517.563965,4388.846191,4428.461426,,,,,,,,,,,,,,,,,,,,,,,,,,,,,,,,,,,,,,,,,,,,,,,,,,,,,,,,,,,,,,,,,,,,,,
1768972972.319762,1768972972.320123,68.0,0.0,4366.153809,4365.641113,4355.128418,4373.589844,4371.282227,4369.615234,4371.410156,4372.307617,4388.974121,4343.077148,4443.974121,4513.846191,4392.563965,4428.205078,,,,,,,,,,,,,,,,,,,,,,,,,,,,,,,,,,,,,,,,,,,,,,,,,,,,,,,,,,,,,,,,,,,,,,
1768972972.32757,1768972972.327932,69.0,0.0,4363.589844,4368.205078,4350.512695,4377.05127,4369.743652,4356.538574,4360.897461,4367.307617,4384.615234,4344.615234,4443.717773,4510.769043,4394.358887,4425.641113,,,,,,,,,,,,,,,,,,,,,,,,,,,,,,,,,,,,,,,,,,,,,,,,,,,,,,,,,,,,,,,,,,,,,,
1768972972.335379,1768972972.33584,70.0,0.0,4363.589844,4370.512695,4350.128418,4376.153809,4369.102539,4352.820313,4362.692383,4371.153809,4391.025879,4349.487305,4449.615234,4511.410156,4396.025879,4427.05127,,,,,,,,,,,,,,,,,,,,,,,,,,,,,,,,,,,,,,,,,,,,,,,,,,,,,,,,,,,,,,,,,,,,,,
1768972972.343187,1768972972.343649,71.0,0.0,4371.538574,4376.153809,4357.820313,4378.461426,4371.282227,4363.205078,4372.307617,4375.512695,4395.512695,4351.666504,4458.717773,4511.794922,4398.205078,4430.384766,,,,,,,,,,,,,,,,,,,,,,,,,,,,,,,,,,,,,,,,,,,,,,,,,,,,,,,,,,,,,,,,,,,,,,
1768972972.350995,1768972972.351657,72.0,0.0,4377.436035,4380.641113,4361.025879,4384.615234,4372.94873,4373.846191,4378.974121,4376.025879,4390.128418,4348.846191,4458.717773,4511.410156,4400.128418,4431.922852,,,,,,,,,,,,,,,,,,,,,,,,,,,,,,,,,,,,,,,,,,,,,,,,,,,,,,,,,,,,,,,,,,,,,,
1768972972.358804,1768972972.359465,73.0,0.0,4373.205078,4377.94873,4356.410156,4383.205078,4371.794922,4372.94873,4378.589844,4371.794922,4382.436035,4345.512695,4449.487305,4508.077148,4398.077148,4427.179688,,,,,,,,,,,,,,,,,,,,,,,,,,,,,,,,,,,,,,,,,,,,,,,,,,,,,,,,,,,,,,,,,,,,,,
1768972972.366612,1768972972.367174,74.0,0.0,4363.974121,4370.0,4348.461426,4373.589844,4369.743652,4362.820313,4365.897461,4366.153809,4380.769043,4346.410156,4442.436035,4502.179688,4396.666504,4421.410156,,,,,,,,,,,,,,,,,,,,,,,,,,,,,,,,,,,,,,,,,,,,,,,,,,,,,,,,,,,,,,,,,,,,,,
1768972972.374421,1768972972.374982,75.0,0.0,4365.769043,4370.512695,4350.512695,4374.358887,4371.153809,4362.692383,4364.487305,4366.410156,4383.461426,4347.820313,4446.538574,4504.743652,4396.410156,4421.922852,,,,,,,,,,,,,,,,,,,,,,,,,,,,,,,,,,,,,,,,,,,,,,,,,,,,,,,,,,,,,,,,,,,,,,
1768972972.382229,1768972972.382591,76.0,0.0,4377.436035,4379.102539,4361.922852,4382.436035,4372.179688,4374.743652,4380.641113,4371.153809,4381.025879,4345.769043,4456.025879,4516.282227,4400.256348,4427.94873,,,,,,,,,,,,,,,,,,,,,,,,,,,,,,,,,,,,,,,,,,,,,,,,,,,,,,,,,,,,,,,,,,,,,,
1768972972.390038,1768972972.3904,77.0,0.0,4381.153809,4381.410156,4365.128418,4382.820313,4371.410156,4371.922852,4379.230957,4370.897461,4376.153809,4345.769043,4457.179688,4523.077148,4402.692383,4430.897461,,,,,,,,,,,,,,,,,,,,,,,,,,,,,,,,,,,,,,,,,,,,,,,,,,,,,,,,,,,,,,,,,,,,,,
1768972972.397846,1768972972.398108,78.0,0.0,4374.871582,4376.153809,4359.358887,4379.487305,4371.922852,4363.205078,4366.794922,4370.128418,4379.743652,4352.307617,4453.205078,4520.769043,4396.538574,4426.282227,0.471557,0.167189,0.331331,0.244645,0.117013,0.91818,0.386334,0.315433,0.260246,0.093684,0.303906,0.105853,0.116912,0.112211,0.095651,0.361374,0.090265,0.101,0.091855,0.073434,0.344978,0.106319,0.122159,0.044464,0.042358,0.209768,0.380446,0.389444,0.20758,0.265086,0.381788,0.721202,0.680283,0.227697,0.19081,0.253,0.156878,0.345996,0.088103,0.080019,0.287054,0.178298,0.268674,0.137582,0.060187,0.269809,0.34737,0.168772,0.108383,0.102681,0.875678,0.51569,0.15769,0.184616,0.102449,1.159175,0.344384,0.287692,0.256817,0.169606,0.889434,0.294412,0.244369,0.183901,0.167397,1.18801,0.367147,0.224006,0.370358,0.148283
1768972972.405655,1768972972.405917,79.0,0.0,4372.436035,4372.307617,4356.025879,4380.512695,4374.871582,4369.743652,4371.794922,4373.077148,4386.410156,4356.282227,4455.128418,4518.461426,4400.256348,4424.487305,,,,,,,,,,,,,,,,,,,,,,,,,,,,,,,,,,,,,,,,,,,,,,,,,,,,,,,,,,,,,,,,,,,,,,
1768972972.413463,1768972972.413925,80.0,0.0,4374.615234,4372.436035,4355.384766,4378.589844,4375.512695,4370.384766,4373.974121,4372.05127,4382.692383,4352.179688,4458.077148,4519.871582,4411.282227,4430.769043,,,,,,,,,,,,,,,,,,,,,,,,,,,,,,,,,,,,,,,,,,,,,,,,,,,,,,,,,,,,,,,,,,,,,,
1768972972.421271,1768972972.421733,81.0,0.0,4373.846191,4375.769043,4356.153809,4377.692383,4372.820313,4358.205078,4363.974121,4371.538574,4376.922852,4349.743652,4459.615234,4520.384766,4410.256348,4434.487305,,,,,,,,,,,,,,,,,,,,,,,,,,,,,,,,,,,,,,,,,,,,,,,,,,,,,,,,,,,,,,,,,,,,,,
1768972972.42908,1768972972.429642,82.0,0.0,4373.974121,4377.05127,4358.717773,4379.871582,4372.179688,4357.563965,4365.512695,4374.358887,4380.0,4349.871582,4458.077148,4518.333496,4401.794922,4431.666504,,,,,,,,,,,,,,,,,,,,,,,,,,,,,,,,,,,,,,,,,,,,,,,,,,,,,,,,,,,,,,,,,,,,,,
1768972972.436888,1768972972.43745,83.0,0.0,4371.282227,4370.128418,4354.615234,4375.256348,4372.692383,4369.230957,4373.205078,4376.410156,4382.563965,4346.025879,4448.205078,4514.871582,4395.769043,4426.794922,,,,,,,,,,,,,,,,,,,,,,,,,,,,,,,,,,,,,,,,,,,,,,,,,,,,,,,,,,,,,,,,,,,,,,
1768972972.444697,1768972972.445458,84.0,0.0,4367.179688,4365.256348,4350.641113,4368.717773,4369.615234,4370.641113,4372.05127,4375.0,4380.0,4344.230957,4444.102539,4514.102539,4390.769043,4425.384766,,,,,,,,,,,,,,,,,,,,,,,,,,,,,,,,,,,,,,,,,,,,,,,,,,,,,,,,,,,,,,,,,,,,,,
1768972972.452505,1768972972.453267,85.0,0.0,4375.769043,4371.922852,4358.333496,4371.282227,4365.128418,4363.974121,4371.410156,4374.102539,4381.153809,4353.205078,4458.077148,4520.769043,4400.897461,4434.615234,,,,,,,,,,,,,,,,,,,,,,,,,,,,,,,,,,,,,,,,,,,,,,,,,,,,,,,,,,,,,,,,,,,,,,
1768972972.460314,1768972972.461075,86.0,0.0,4386.025879,4375.769043,4364.230957,4378.077148,4367.307617,4362.820313,4371.153809,4375.641113,4383.205078,4361.410156,4466.410156,4525.384766,4413.589844,4446.025879,,,,,,,,,,,,,,,,,,,,,,,,,,,,,,,,,,,,,,,,,,,,,,,,,,,,,,,,,,,,,,,,,,,,,,
1768972972.468122,1768972972.468884,87.0,0.0,4379.743652,4372.436035,4360.384766,4377.94873,4371.282227,4362.307617,4364.487305,4372.820313,4378.846191,4353.461426,4455.769043,4516.410156,4398.461426,4440.512695,,,,,,,,,,,,,,,,,,,,,,,,,,,,,,,,,,,,,,,,,,,,,,,,,,,,,,,,,,,,,,,,,,,,,,
1768972972.475931,1768972972.476492,88.0,0.0,4371.153809,4372.436035,4354.102539,4374.743652,4370.0,4365.384766,4365.384766,4371.922852,4378.333496,4347.179688,4451.025879,4511.922852,4387.307617,4430.128418,,,,,,,,,,,,,,,,,,,,,,,,,,,,,,,,,,,,,,,,,,,,,,,,,,,,,,,,,,,,,,,,,,,,,,
1768972972.483739,1768972972.484301,89.0,0.0,4373.846191,4369.358887,4353.205078,4373.717773,4369.615234,4369.871582,4376.025879,4375.897461,4383.461426,4351.410156,4455.641113,4516.153809,4395.0,4430.256348,,,,,,,,,,,,,,,,,,,,,,,,,,,,,,,,,,,,,,,,,,,,,,,,,,,,,,,,,,,,,,,,,,,,,,
1768972972.491547,1768972972.492009,90.0,0.0,4377.05127,4360.641113,4356.410156,4374.743652,4371.538574,4366.410156,4373.717773,4376.025879,4380.512695,4351.153809,4450.384766,4511.666504,4393.974121,4430.0,,,,,,,,,,,,,,,,,,,,,,,,,,,,,,,,,,,,,,,,,,,,,,,,,,,,,,,,,,,,,,,,,,,,,,
1768972972.499356,1768972972.499818,91.0,0.0,4372.820313,4360.897461,4356.410156,4374.358887,4371.538574,4359.871582,4361.025879,4372.307617,4374.487305,4346.025879,4443.717773,4505.897461,4387.820313,4426.538574,,,,,,,,,,,,,,,,,,,,,,,,,,,,,,,,,,,,,,,,,,,,,,,,,,,,,,,,,,,,,,,,,,,,,,
1768972972.507164,1768972972.507426,92.0,0.0,4373.333496,4367.307617,4352.307617,4372.563965,4370.0,4363.077148,4365.512695,4374.102539,4378.461426,4347.563965,4452.436035,4510.0,4394.358887,4426.666504,,,,,,,,,,,,,,,,,,,,,,,,,,,,,,,,,,,,,,,,,,,,,,,,,,,,,,,,,,,,,,,,,,,,,,
1768972972.514973,1768972972.515235,93.0,0.0,4379.230957,4364.743652,4353.974121,4373.333496,4369.102539,4370.512695,4377.307617,4380.641113,4380.769043,4350.641113,4461.794922,4512.307617,4398.461426,4427.436035,,,,,,,,,,,,,,,,,,,,,,,,,,,,,,,,,,,,,,,,,,,,,,,,,,,,,,,,,,,,,,,,,,,,,,
1768972972.522781,1768972972.522943,94.0,0.0,4378.461426,4360.384766,4356.282227,4373.461426,4366.538574,4364.615234,4367.94873,4378.974121,4376.153809,4351.538574,4459.358887,4510.256348,4394.230957,4430.0,0.459845,0.169619,0.342378,0.297989,0.108264,1.058624,0.386061,0.272082,0.274608,0.102232,0.395878,0.115878,0.119197,0.144907,0.085471,0.374151,0.103378,0.110953,0.128847,0.068657,0.388445,0.107403,0.114929,0.048391,0.043394,0.204344,0.303504,0.334054,0.243386,0.232025,0.368227,0.610751,0.561318,0.256828,0.177122,0.291076,0.170454,0.308335,0.082731,0.084342,0.499731,0.171034,0.230766,0.138737,0.067796,0.274985,0.296696,0.154151,0.127756,0.115339,0.824607,0.463793,0.109532,0.218376,0.12299,1.046393,0.330883,0.234119,0.319064,0.198122,0.872169,0.327358,0.218211,0.169878,0.178692,1.052535,0.341661,0.236937,0.374287,0.166327
1768972972.53059,1768972972.530752,95.0,0.0,4373.461426,4361.282227,4350.641113,4370.897461,4366.410156,4357.307617,4359.871582,4374.358887,4378.846191,4353.974121,4459.487305,4513.205078,4394.871582,4433.461426,,,,,,,,,,,,,,,,,,,,,,,,,,,,,,,,,,,,,,,,,,,,,,,,,,,,,,,,,,,,,,,,,,,,,,
1768972972.538398,1768972972.53876,96.0,0.0,4373.333496,4359.358887,4347.179688,4370.256348,4367.820313,4358.846191,4369.487305,4374.102539,4381.410156,4352.563965,4458.333496,4508.846191,4393.333496,4425.512695,,,,,,,,,,,,,,,,,,,,,,,,,,,,,,,,,,,,,,,,,,,,,,,,,,,,,,,,,,,,,,,,,,,,,,
1768972972.546207,1768972972.546568,97.0,0.0,4374.615234,4356.153809,4350.256348,4373.333496,4365.256348,4361.922852,4374.102539,4374.230957,4373.846191,4345.769043,4447.692383,4499.487305,4384.358887,4414.102539,,,,,,,,,,,,,,,,,,,,,,,,,,,,,,,,,,,,,,,,,,,,,,,,,,,,,,,,,,,,,,,,,,,,,,
1768972972.554015,1768972972.554477,98.0,0.0,4373.077148,4357.05127,4352.436035,4372.820313,4364.615234,4364.743652,4369.102539,4372.94873,4371.666504,4343.461426,4443.077148,4502.179688,4380.128418,4414.358887,,,,,,,,,,,,,,,,,,,,,,,,,,,,,,,,,,,,,,,,,,,,,,,,,,,,,,,,,,,,,,,,,,,,,,
1768972972.561823,1768972972.562285,99.0,0.0,4373.077148,4359.102539,4352.820313,4371.410156,4367.179688,4369.102539,4368.461426,4373.077148,4375.641113,4347.307617,4451.922852,4506.666504,4384.743652,4417.563965,,,,,,,,,,,,,,,,,,,,,,,,,,,,,,,,,,,,,,,,,,,,,,,,,,,,,,,,,,,,,,,,,,,,,,
1768972972.569632,1768972972.569894,100.0,0.0,4374.615234,4356.282227,4352.436035,4372.307617,4365.512695,4367.692383,4371.025879,4376.794922,4374.743652,4352.94873,4459.743652,4504.743652,4390.641113,4421.153809,,,,,,,,,,,,,,,,,,,,,,,,,,,,,,,,,,,,,,,,,,,,,,,,,,,,,,,,,,,,,,,,,,,,,,
1768972972.57744,1768972972.577702,101.0,0.0,4373.077148,4350.384766,4348.846191,4368.846191,4361.538574,4359.230957,4370.128418,4380.0,4373.589844,4350.897461,4459.102539,4505.641113,4390.512695,4425.512695,,,,,,,,,,,,,,,,,,,,,,,,,,,,,,,,,,,,,,,,,,,,,,,,,,,,,,,,,,,,,,,,,,,,,,
1768972972.585249,1768972972.585411,102.0,0.0,4371.922852,4350.769043,4348.461426,4363.205078,4362.05127,4360.384766,4370.769043,4375.128418,4372.692383,4344.871582,4455.641113,4511.025879,4386.794922,4424.358887,,,,,,,,,,,,,,,,,,,,,,,,,,,,,,,,,,,,,,,,,,,,,,,,,,,,,,,,,,,,,,,,,,,,,,
1768972972.593057,1768972972.593219,103.0,0.0,4376.153809,4357.563965,4353.974121,4365.512695,4364.871582,4367.94873,4373.077148,4371.282227,4371.538574,4346.666504,4454.743652,4513.461426,4391.025879,4429.743652,,,,,,,,,,,,,,,,,,,,,,,,,,,,,,,,,,,,,,,,,,,,,,,,,,,,,,,,,,,,,,,,,,,,,,
1768972972.600866,1768972972.600828,104.0,0.0,4380.769043,4358.846191,4355.128418,4370.897461,4365.256348,4368.846191,4368.974121,4377.307617,4374.230957,4354.230957,4457.94873,4514.743652,4399.358887,4438.461426,,,,,,,,,,,,,,,,,,,,,,,,,,,,,,,,,,,,,,,,,,,,,,,,,,,,,,,,,,,,,,,,,,,,,,
1768972972.608674,1768972972.608636,105.0,0.0,4381.282227,4353.974121,4351.922852,4370.128418,4363.846191,4362.179688,4359.230957,4378.205078,4375.128418,4356.538574,4460.769043,4519.487305,4396.282227,4432.94873,,,,,,,,,,,,,,,,,,,,,,,,,,,,,,,,,,,,,,,,,,,,,,,,,,,,,,,,,,,,,,,,,,,,,,
1768972972.616483,1768972972.616545,106.0,0.0,4378.461426,4352.05127,4350.897461,4367.692383,4363.717773,4357.05127,4357.820313,4371.538574,4372.436035,4354.487305,4457.307617,4524.615234,4391.666504,4423.717773,,,,,,,,,,,,,,,,,,,,,,,,,,,,,,,,,,,,,,,,,,,,,,,,,,,,,,,,,,,,,,,,,,,,,,
1768972972.624291,1768972972.624353,107.0,0.0,4374.487305,4351.794922,4352.307617,4367.94873,4367.436035,4361.282227,4363.974121,4372.820313,4370.769043,4355.0,4454.358887,4522.05127,4392.563965,4423.333496,,,,,,,,,,,,,,,,,,,,,,,,,,,,,,,,,,,,,,,,,,,,,,,,,,,,,,,,,,,,,,,,,,,,,,
1768972972.6321,1768972972.632361,108.0,0.0,4371.794922,4353.589844,4352.436035,4369.871582,4368.717773,4370.897461,4368.205078,4375.641113,4367.820313,4354.230957,4458.589844,4515.128418,4389.615234,4420.897461,,,,,,,,,,,,,,,,,,,,,,,,,,,,,,,,,,,,,,,,,,,,,,,,,,,,,,,,,,,,,,,,,,,,,,
1768972972.639908,1768972972.64017,109.0,0.0,4373.205078,4361.153809,4351.794922,4370.897461,4366.666504,4374.743652,4368.333496,4371.538574,4368.205078,4351.153809,4456.666504,4516.282227,4386.410156,4415.384766,,,,,,,,,,,,,,,,,,,,,,,,,,,,,,,,,,,,,,,,,,,,,,,,,,,,,,,,,,,,,,,,,,,,,,
1768972972.647716,1768972972.648078,110.0,0.0,4378.077148,4363.846191,4352.692383,4370.384766,4366.410156,4371.153809,4362.563965,4370.0,4371.410156,4349.743652,4448.077148,4518.717773,4385.641113,4418.205078,0.470074,0.191329,0.36451,0.370194,0.102907,1.221659,0.411899,0.247063,0.295054,0.108343,0.470565,0.140845,0.164575,0.186043,0.078511,0.375534,0.128098,0.136124,0.172984,0.066038,0.426606,0.10799,0.10978,0.051559,0.045795,0.192951,0.24936,0.270412,0.278449,0.205792,0.330928,0.498749,0.419191,0.280773,0.171553,0.328851,0.197803,0.265395,0.075156,0.088834,0.808393,0.192978,0.207705,0.141255,0.077423,0.280731,0.255541,0.14058,0.146924,0.125651,0.747028,0.415744,0.094211,0.24985,0.152626,0.949974,0.323646,0.21694,0.370628,0.229955,0.766845,0.344565,0.19229,0.158285,0.1908,0.881627,0.2915,0.265415,0.372138,0.185807
1768972972.655525,1768972972.655887,111.0,0.0,4379.743652,4357.436035,4355.897461,4370.512695,4367.563965,4371.666504,4361.410156,4372.05127,4369.230957,4349.743652,4450.769043,4519.615234,4387.05127,4425.384766,,,,,,,,,,,,,,,,,,,,,,,,,,,,,,,,,,,,,,,,,,,,,,,,,,,,,,,,,,,,,,,,,,,,,,
1768972972.663333,1768972972.663895,112.0,0.0,4380.0,4358.461426,4356.922852,4372.05127,4368.205078,4376.025879,4367.692383,4373.461426,4367.05127,4351.794922,4456.153809,4520.897461,4391.025879,4424.102539,,,,,,,,,,,,,,,,,,,,,,,,,,,,,,,,,,,,,,,,,,,,,,,,,,,,,,,,,,,,,,,,,,,,,,
1768972972.671142,1768972972.671703,113.0,0.0,4383.333496,4368.717773,4353.589844,4374.230957,4369.102539,4377.563965,4371.794922,4373.846191,4366.794922,4353.717773,4452.307617,4517.563965,4391.922852,4416.025879,,,,,,,,,,,,,,,,,,,,,,,,,,,,,,,,,,,,,,,,,,,,,,,,,,,,,,,,,,,,,,,,,,,,,,
1768972972.67895,1768972972.679412,114.0,0.0,4377.307617,4364.487305,4356.025879,4372.179688,4367.692383,4381.410156,4377.820313,4376.025879,4369.871582,4352.436035,4453.461426,4517.692383,4390.128418,4415.512695,,,,,,,,,,,,,,,,,,,,,,,,,,,,,,,,,,,,,,,,,,,,,,,,,,,,,,,,,,,,,,,,,,,,,,
1768972972.686759,1768972972.68722,115.0,0.0,4368.333496,4349.743652,4361.922852,4370.256348,4364.358887,4384.358887,4382.563965,4379.487305,4376.922852,4353.717773,4460.384766,4524.871582,4394.358887,4418.461426,,,,,,,,,,,,,,,,,,,,,,,,,,,,,,,,,,,,,,,,,,,,,,,,,,,,,,,,,,,,,,,,,,,,,,
1768972972.694567,1768972972.694829,116.0,0.0,4381.025879,4355.128418,4364.230957,4375.512695,4364.487305,4375.128418,4373.589844,4377.179688,4375.0,4358.205078,4457.94873,4526.025879,4397.307617,4418.717773,,,,,,,,,,,,,,,,,,,,,,,,,,,,,,,,,,,,,,,,,,,,,,,,,,,,,,,,,,,,,,,,,,,,,,
1768972972.702376,1768972972.702637,117.0,0.0,4397.692383,4374.358887,4366.410156,4382.94873,4368.205078,4368.846191,4368.077148,4374.102539,4366.282227,4357.94873,4455.897461,4524.487305,4394.358887,4424.230957,,,,,,,,,,,,,,,,,,,,,,,,,,,,,,,,,,,,,,,,,,,,,,,,,,,,,,,,,,,,,,,,,,,,,,
1768972972.710184,1768972972.710346,118.0,0.0,4393.846191,4374.871582,4365.512695,4383.333496,4369.871582,4375.256348,4373.717773,4376.666504,4369.358887,4355.641113,4460.897461,4526.538574,4398.205078,4428.461426,,,,,,,,,,,,,,,,,,,,,,,,,,,,,,,,,,,,,,,,,,,,,,,,,,,,,,,,,,,,,,,,,,,,,,
1768972972.717992,1768972972.718154,119.0,0.0,4391.666504,4365.256348,4364.230957,4380.128418,4367.436035,4378.077148,4373.974121,4377.307617,4376.153809,4359.358887,4461.410156,4528.717773,4407.307617,4432.692383,,,,,,,,,,,,,,,,,,,,,,,,,,,,,,,,,,,,,,,,,,,,,,,,,,,,,,,,,,,,,,,,,,,,,,
1768972972.725801,1768972972.725763,120.0,0.0,4398.461426,4369.871582,4363.717773,4381.666504,4367.307617,4373.461426,4367.179688,4373.589844,4373.077148,4364.358887,4461.153809,4533.461426,4414.487305,4446.410156,,,,,,,,,,,,,,,,,,,,,,,,,,,,,,,,,,,,,,,,,,,,,,,,,,,,,,,,,,,,,,,,,,,,,,
1768972972.733609,1768972972.733572,121.0,0.0,4390.128418,4370.897461,4360.641113,4380.384766,4372.179688,4373.846191,4364.358887,4373.461426,4371.153809,4364.487305,4461.410156,4536.538574,4411.666504,4445.128418,,,,,,,,,,,,,,,,,,,,,,,,,,,,,,,,,,,,,,,,,,,,,,,,,,,,,,,,,,,,,,,,,,,,,,
1768972972.741418,1768972972.74148,122.0,0.0,4375.897461,4359.743652,4356.794922,4374.487305,4374.743652,4377.94873,4369.743652,4375.128418,4372.820313,4358.974121,4458.589844,4527.179688,4399.358887,4426.666504,,,,,,,,,,,,,,,,,,,,,,,,,,,,,,,,,,,,,,,,,,,,,,,,,,,,,,,,,,,,,,,,,,,,,,
1768972972.749226,1768972972.749288,123.0,0.0,4375.0,4354.615234,4355.897461,4371.538574,4367.563965,4377.94873,4373.974121,4376.922852,4371.538574,4355.384766,4456.153809,4520.0,4395.0,4421.666504,,,,,,,,,,,,,,,,,,,,,,,,,,,,,,,,,,,,,,,,,,,,,,,,,,,,,,,,,,,,,,,,,,,,,,
1768972972.757035,1768972972.757297,124.0,0.0,4377.692383,4356.538574,4356.282227,4372.563965,4362.436035,4380.384766,4371.922852,4380.897461,4373.077148,4357.94873,4459.743652,4530.256348,4401.410156,4428.077148,,,,,,,,,,,,,,,,,,,,,,,,,,,,,,,,,,,,,,,,,,,,,,,,,,,,,,,,,,,,,,,,,,,,,,
1768972972.764843,1768972972.765105,125.0,0.0,4380.0,4358.205078,4355.384766,4374.358887,4366.922852,4382.05127,4370.384766,4378.461426,4373.461426,4359.358887,4460.256348,4533.589844,4403.077148,4430.128418,,,,,,,,,,,,,,,,,,,,,,,,,,,,,,,,,,,,,,,,,,,,,,,,,,,,,,,,,,,,,,,,,,,,,,
1768972972.772652,1768972972.773013,126.0,0.0,4378.974121,4355.384766,4356.538574,4372.94873,4367.307617,4376.922852,4371.922852,4372.179688,4367.692383,4356.538574,4450.897461,4519.102539,4396.282227,4424.487305,0.523893,0.224979,0.395938,0.444177,0.10237,1.434538,0.436899,0.242765,0.316077,0.111171,0.511339,0.165603,0.245611,0.22753,0.075525,0.362121,0.15411,0.172229,0.213217,0.066269,0.460875,0.107854,0.110425,0.052146,0.049158,0.175675,0.228905,0.215302,0.306316,0.188357,0.282367,0.418383,0.287264,0.294153,0.172203,0.360064,0.231168,0.222893,0.068004,0.091701,1.16457,0.24457,0.201088,0.147177,0.087896,0.287957,0.22397,0.130746,0.164622,0.131773,0.662213,0.364653,0.10563,0.274065,0.185078,0.874772,0.315562,0.238035,0.398995,0.253044,0.614518,0.336374,0.17019,0.155349,0.202827,0.723891,0.232326,0.30642,0.368536,0.201541
1768972972.78046,1768972972.780822,127.0,0.0,4372.820313,4346.666504,4357.820313,4372.05127,4363.717773,4378.461426,4372.436035,4374.743652,4364.615234,4354.230957,4444.230957,4511.794922,4392.436035,4414.487305,,,,,,,,,,,,,,,,,,,,,,,,,,,,,,,,,,,,,,,,,,,,,,,,,,,,,,,,,,,,,,,,,,,,,,
1768972972.788268,1768972972.788431,0.0,0.0,4372.05127,4339.743652,4356.538574,4371.922852,4362.436035,4377.692383,4368.589844,4377.692383,4366.282227,4355.641113,4448.205078,4517.307617,4394.615234,4413.846191,,,,,,,,,,,,,,,,,,,,,,,,,,,,,,,,,,,,,,,,,,,,,,,,,,,,,,,,,,,,,,,,,,,,,,
1768972972.796077,1768972972.796239,1.0,0.0,4380.641113,4342.820313,4359.230957,4372.307617,4361.153809,4361.922852,4362.94873,4374.230957,4367.307617,4357.436035,4452.307617,4524.615234,4397.05127,4424.230957,,,,,,,,,,,,,,,,,,,,,,,,,,,,,,,,,,,,,,,,,,,,,,,,,,,,,,,,,,,,,,,,,,,,,,
1768972972.803885,1768972972.803947,2.0,0.0,4386.153809,4347.05127,4365.384766,4377.05127,4361.025879,4360.256348,4367.820313,4374.871582,4367.94873,4354.487305,4449.615234,4528.974121,4397.05127,4427.820313,,,,,,,,,,,,,,,,,,,,,,,,,,,,,,,,,,,,,,,,,,,,,,,,,,,,,,,,,,,,,,,,,,,,,,
1768972972.811694,1768972972.811756,3.0,0.0,4381.538574,4349.358887,4364.358887,4381.282227,4365.512695,4378.205078,4377.436035,4379.230957,4368.205078,4352.692383,4446.282227,4524.487305,4396.666504,4425.128418,,,,,,,,,,,,,,,,,,,,,,,,,,,,,,,,,,,,,,,,,,,,,,,,,,,,,,,,,,,,,,,,,,,,,,
1768972972.819502,1768972972.819764,4.0,0.0,4377.94873,4351.282227,4358.589844,4377.692383,4369.102539,4376.666504,4371.282227,4377.05127,4365.897461,4355.128418,4444.358887,4515.512695,4396.282227,4421.666504,,,,,,,,,,,,,,,,,,,,,,,,,,,,,,,,,,,,,,,,,,,,,,,,,,,,,,,,,,,,,,,,,,,,,,
1768972972.827311,1768972972.827573,5.0,0.0,4378.077148,4350.512695,4358.846191,4373.717773,4366.922852,4367.05127,4365.128418,4374.358887,4365.512695,4355.769043,4444.615234,4514.487305,4395.128418,4415.0,,,,,,,,,,,,,,,,,,,,,,,,,,,,,,,,,,,,,,,,,,,,,,,,,,,,,,,,,,,,,,,,,,,,,,
1768972972.835119,1768972972.835481,6.0,0.0,4378.077148,4347.179688,4359.358887,4374.102539,4366.282227,4372.94873,4371.922852,4376.410156,4364.615234,4352.563965,4443.974121,4513.589844,4395.512695,4417.179688,,,,,,,,,,,,,,,,,,,,,,,,,,,,,,,,,,,,,,,,,,,,,,,,,,,,,,,,,,,,,,,,,,,,,,
1768972972.842928,1768972972.843289,7.0,0.0,4377.692383,4341.410156,4352.436035,4373.205078,4369.743652,4373.846191,4369.743652,4375.0,4360.897461,4350.641113,4441.538574,4511.410156,4397.307617,4424.615234,,,,,,,,,,,,,,,,,,,,,,,,,,,,,,,,,,,,,,,,,,,,,,,,,,,,,,,,,,,,,,,,,,,,,,
1768972972.850736,1768972972.851298,8.0,0.0,4381.282227,4339.615234,4351.153809,4375.897461,4371.666504,4371.922852,4366.538574,4373.077148,4363.205078,4353.333496,4450.128418,4520.128418,4398.077148,4425.0,,,,,,,,,,,,,,,,,,,,,,,,,,,,,,,,,,,,,,,,,,,,,,,,,,,,,,,,,,,,,,,,,,,,,,
1768972972.858544,1768972972.859106,9.0,0.0,4386.282227,4347.05127,4357.692383,4380.512695,4367.820313,4376.410156,4368.974121,4372.307617,4366.025879,4356.153809,4456.922852,4525.512695,4397.94873,4425.512695,,,,,,,,,,,,,,,,,,,,,,,,,,,,,,,,,,,,,,,,,,,,,,,,,,,,,,,,,,,,,,,,,,,,,,
1768972972.866353,1768972972.866815,10.0,0.0,4383.333496,4352.307617,4357.05127,4378.205078,4365.512695,4372.692383,4360.512695,4369.102539,4365.769043,4356.410156,4452.307617,4520.256348,4401.410156,4428.461426,,,,,,,,,,,,,,,,,,,,,,,,,,,,,,,,,,,,,,,,,,,,,,,,,,,,,,,,,,,,,,,,,,,,,,
1768972972.874161,1768972972.874623,11.0,0.0,4380.384766,4347.436035,4353.846191,4377.436035,4369.230957,4371.153809,4361.666504,4373.974121,4371.666504,4358.077148,4455.0,4523.333496,4404.743652,4427.307617,,,,,,,,,,,,,,,,,,,,,,,,,,,,,,,,,,,,,,,,,,,,,,,,,,,,,,,,,,,,,,,,,,,,,,
1768972972.88197,1768972972.882232,12.0,0.0,4383.205078,4341.153809,4358.333496,4381.025879,4368.205078,4377.436035,4373.846191,4381.538574,4375.0,4359.102539,4458.717773,4526.025879,4405.512695,4427.436035,,,,,,,,,,,,,,,,,,,,,,,,,,,,,,,,,,,,,,,,,,,,,,,,,,,,,,,,,,,,,,,,,,,,,,
1768972972.889778,1768972972.89004,13.0,0.0,4385.128418,4341.410156,4363.205078,4381.282227,4364.230957,4370.769043,4364.615234,4376.153809,4364.615234,4357.05127,4451.410156,4519.487305,4406.410156,4432.820313,,,,,,,,,,,,,,,,,,,,,,,,,,,,,,,,,,,,,,,,,,,,,,,,,,,,,,,,,,,,,,,,,,,,,,
1768972972.897587,1768972972.897749,14.0,0.0,4387.692383,4344.615234,4365.256348,4381.025879,4365.128418,4357.563965,4349.487305,4369.230957,4359.871582,4357.436035,4453.589844,4520.641113,4405.769043,4434.743652,0.617522,0.264233,0.427385,0.495735,0.106589,1.694969,0.439486,0.247808,0.329862,0.111349,0.514572,0.181163,0.340371,0.258369,0.076377,0.34074,0.173182,0.210295,0.237878,0.069023,0.487431,0.106801,0.116267,0.049268,0.052934,0.155336,0.237646,0.175326,0.323413,0.179967,0.235565,0.378357,0.187658,0.296326,0.17803,0.375064,0.257762,0.182948,0.062915,0.091335,1.480578,0.310891,0.204443,0.154241,0.097314,0.299114,0.197483,0.127288,0.180023,0.132681,0.589138,0.308339,0.134008,0.289463,0.214437,0.83091,0.307996,0.289087,0.396682,0.258282,0.473412,0.307003,0.155276,0.161635,0.213498,0.626855,0.186627,0.359152,0.361258,0.20993
1768972972.905395,1768972972.905557,15.0,0.0,4388.974121,4345.256348,4366.538574,4382.179688,4367.820313,4362.692383,4358.077148,4373.333496,4368.333496,4359.487305,4459.230957,4523.205078,4403.589844,4431.794922,,,,,,,,,,,,,,,,,,,,,,,,,,,,,,,,,,,,,,,,,,,,,,,,,,,,,,,,,,,,,,,,,,,,,,
1768972972.913204,1768972972.913166,16.0,0.0,4383.589844,4342.563965,4362.820313,4378.974121,4370.0,4374.230957,4368.461426,4376.538574,4367.307617,4356.666504,4448.589844,4517.563965,4404.102539,4427.436035,,,,,,,,,,,,,,,,,,,,,,,,,,,,,,,,,,,,,,,,,,,,,,,,,,,,,,,,,,,,,,,,,,,,,,
1768972972.921012,1768972972.920974,17.0,0.0,4377.05127,4339.487305,4358.461426,4376.538574,4370.897461,4372.820313,4365.897461,4373.974121,4360.769043,4355.512695,4446.538574,4516.794922,4404.871582,4427.05127,,,,,,,,,,,,,,,,,,,,,,,,,,,,,,,,,,,,,,,,,,,,,,,,,,,,,,,,,,,,,,,,,,,,,,
1768972972.92882,1768972972.928683,18.0,0.0,4381.922852,4339.743652,4361.410156,4378.846191,4371.025879,4370.256348,4370.256348,4374.230957,4367.307617,4360.897461,4459.743652,4524.615234,4405.641113,4430.384766,,,,,,,,,,,,,,,,,,,,,,,,,,,,,,,,,,,,,,,,,,,,,,,,,,,,,,,,,,,,,,,,,,,,,,
1768972972.936629,1768972972.936491,19.0,0.0,4392.436035,4341.794922,4366.153809,4380.897461,4372.307617,4374.615234,4374.230957,4376.794922,4373.846191,4361.153809,4461.153809,4525.641113,4405.0,4431.025879,,,,,,,,,,,,,,,,,,,,,,,,,,,,,,,,,,,,,,,,,,,,,,,,,,,,,,,,,,,,,,,,,,,,,,
1768972972.944437,1768972972.9445,20.0,0.0,4392.179688,4342.563965,4363.205078,4380.384766,4372.05127,4375.0,4367.820313,4376.666504,4371.153809,4357.436035,4455.641113,4520.641113,4402.692383,4428.461426,,,,,,,,,,,,,,,,,,,,,,,,,,,,,,,,,,,,,,,,,,,,,,,,,,,,,,,,,,,,,,,,,,,,,,
1768972972.952246,1768972972.952308,21.0,0.0,4388.717773,4348.205078,4359.743652,4380.128418,4372.179688,4372.179688,4365.769043,4375.128418,4371.410156,4359.871582,4457.307617,4522.436035,4406.410156,4426.666504,,,,,,,,,,,,,,,,,,,,,,,,,,,,,,,,,,,,,,,,,,,,,,,,,,,,,,,,,,,,,,,,,,,,,,
1768972972.960054,1768972972.960216,22.0,0.0,4394.230957,4357.94873,4363.974121,4384.230957,4375.384766,4376.153809,4372.94873,4376.025879,4375.256348,4361.025879,4459.487305,4525.512695,4410.384766,4426.666504,,,,,,,,,,,,,,,,,,,,,,,,,,,,,,,,,,,,,,,,,,,,,,,,,,,,,,,,,,,,,,,,,,,,,,
1768972972.967863,1768972972.968025,23.0,0.0,4396.282227,4358.589844,4366.538574,4387.307617,4377.05127,4379.615234,4375.128418,4375.897461,4372.820313,4356.025879,4458.846191,4523.974121,4404.487305,4428.974121,,,,,,,,,,,,,,,,,,,,,,,,,,,,,,,,,,,,,,,,,,,,,,,,,,,,,,,,,,,,,,,,,,,,,,
1768972972.975671,1768972972.976033,24.0,0.0,4388.461426,4352.94873,4362.436035,4384.358887,4373.846191,4374.102539,4369.487305,4372.94873,4367.05127,4355.769043,4459.230957,4524.102539,4402.436035,4432.179688,,,,,,,,,,,,,,,,,,,,,,,,,,,,,,,,,,,,,,,,,,,,,,,,,,,,,,,,,,,,,,,,,,,,,,
1768972972.98348,1768972972.983841,25.0,0.0,4386.922852,4353.589844,4363.205078,4382.692383,4370.384766,4375.384766,4371.794922,4375.641113,4363.974121,4357.820313,4460.128418,4523.846191,4409.487305,4432.436035,,,,,,,,,,,,,,,,,,,,,,,,,,,,,,,,,,,,,,,,,,,,,,,,,,,,,,,,,,,,,,,,,,,,,,
1768972972.991288,1768972972.99155,26.0,0.0,4396.666504,4358.077148,4368.205078,4387.179688,4371.025879,4379.871582,4378.205078,4380.128418,4365.641113,4356.153809,4459.487305,4520.897461,4412.820313,4435.512695,,,,,,,,,,,,,,,,,,,,,,,,,,,,,,,,,,,,,,,,,,,,,,,,,,,,,,,,,,,,,,,,,,,,,,
1768972972.999097,1768972972.999358,27.0,0.0,4398.589844,4359.487305,4367.05127,4391.410156,4372.692383,4373.077148,4373.333496,4377.05127,4371.153809,4360.512695,4462.179688,4521.538574,4413.717773,4442.05127,,,,,,,,,,,,,,,,,,,,,,,,,,,,,,,,,,,,,,,,,,,,,,,,,,,,,,,,,,,,,,,,,,,,,,
1768972973.006905,1768972973.007367,28.0,0.0,4390.897461,4356.794922,4362.94873,4389.487305,4370.897461,4364.615234,4365.0,4372.563965,4371.410156,4367.94873,4465.256348,4522.692383,4416.153809,4439.743652,,,,,,,,,,,,,,,,,,,,,,,,,,,,,,,,,,,,,,,,,,,,,,,,,,,,,,,,,,,,,,,,,,,,,,
1768972973.014713,1768972973.015175,29.0,0.0,4388.974121,4351.666504,4361.153809,4387.05127,4368.077148,4362.307617,4363.333496,4373.461426,4367.436035,4365.897461,4461.666504,4523.077148,4414.615234,4431.794922,,,,,,,,,,,,,,,,,,,,,,,,,,,,,,,,,,,,,,,,,,,,,,,,,,,,,,,,,,,,,,,,,,,,,,
1768972973.022522,1768972973.023083,30.0,0.0,4395.128418,4352.563965,4364.358887,4392.692383,4369.487305,4361.666504,4361.922852,4374.487305,4365.512695,4359.615234,4457.307617,4525.384766,4412.820313,4429.358887,0.721286,0.309503,0.449847,0.507339,0.114789,1.967865,0.415697,0.247306,0.33179,0.111709,0.48794,0.18861,0.419039,0.270033,0.080047,0.320388,0.180128,0.239546,0.239999,0.072822,0.49687,0.105589,0.122717,0.043182,0.056398,0.136961,0.265535,0.149096,0.329907,0.179215,0.200107,0.364443,0.126112,0.291441,0.187889,0.363556,0.263614,0.146806,0.060526,0.087339,1.654102,0.366095,0.207113,0.156668,0.103816,0.303744,0.172647,0.12961,0.191441,0.128453,0.530913,0.252111,0.169821,0.296686,0.2356,0.822507,0.3075,0.351123,0.363912,0.244089,0.373383,0.27127,0.150445,0.172472,0.221059,0.608591,0.177881,0.425567,0.344985,0.210647
1768972973.03033,1768972973.030892,31.0,0.0,4398.846191,4358.846191,4367.179688,4397.692383,4371.922852,4363.077148,4359.615234,4372.563965,4363.846191,4356.666504,4458.205078,4523.461426,4413.461426,4431.410156,,,,,,,,,,,,,,,,,,,,,,,,,,,,,,,,,,,,,,,,,,,,,,,,,,,,,,,,,,,,,,,,,,,,,,
1768972973.038139,1768972973.0389,32.0,0.0,4396.153809,4360.256348,4364.102539,4395.512695,4371.153809,4369.615234,4365.0,4372.820313,4362.820313,4358.974121,4460.384766,4522.179688,4412.563965,4436.410156,,,,,,,,,,,,,,,,,,,,,,,,,,,,,,,,,,,,,,,,,,,,,,,,,,,,,,,,,,,,,,,,,,,,,,
1768972973.045947,1768972973.046709,33.0,0.0,4392.692383,4357.05127,4360.897461,4391.282227,4371.538574,4372.179688,4368.589844,4374.871582,4364.871582,4363.205078,4461.025879,4522.692383,4413.589844,4440.769043,,,,,,,,,,,,,,,,,,,,,,,,,,,,,,,,,,,,,,,,,,,,,,,,,,,,,,,,,,,,,,,,,,,,,,
1768972973.053756,1768972973.054417,34.0,0.0,4389.487305,4355.769043,4363.077148,4390.128418,4372.307617,4369.358887,4363.974121,4375.641113,4366.538574,4361.410156,4461.025879,4518.717773,4414.743652,4434.871582,,,,,,,,,,,,,,,,,,,,,,,,,,,,,,,,,,,,,,,,,,,,,,,,,,,,,,,,,,,,,,,,,,,,,,
1768972973.061564,1768972973.062226,35.0,0.0,4388.974121,4356.794922,4366.153809,4391.666504,4371.666504,4368.589844,4363.333496,4374.358887,4366.410156,4359.743652,4460.256348,4520.256348,4412.563965,4428.461426,,,,,,,,,,,,,,,,,,,,,,,,,,,,,,,,,,,,,,,,,,,,,,,,,,,,,,,,,,,,,,,,,,,,,,
1768972973.069373,1768972973.070234,36.0,0.0,4389.230957,4355.384766,4363.205078,4392.436035,4370.769043,4367.820313,4365.256348,4374.871582,4367.436035,4364.487305,4460.641113,4527.436035,4412.436035,4430.512695,,,,,,,,,,,,,,,,,,,,,,,,,,,,,,,,,,,,,,,,,,,,,,,,,,,,,,,,,,,,,,,,,,,,,,
1768972973.077181,1768972973.078042,37.0,0.0,4385.256348,4352.307617,4362.179688,4388.846191,4369.358887,4368.717773,4368.461426,4379.230957,4364.743652,4362.94873,4461.666504,4527.563965,4412.307617,4429.615234,,,,,,,,,,,,,,,,,,,,,,,,,,,,,,,,,,,,,,,,,,,,,,,,,,,,,,,,,,,,,,,,,,,,,,
1768972973.084989,1768972973.085751,38.0,0.0,4384.230957,4351.794922,4362.05127,4384.230957,4369.358887,4369.230957,4374.102539,4379.102539,4361.025879,4356.153809,4455.128418,4523.461426,4406.410156,4426.666504,,,,,,,,,,,,,,,,,,,,,,,,,,,,,,,,,,,,,,,,,,,,,,,,,,,,,,,,,,,,,,,,,,,,,,
1768972973.092798,1768972973.093559,39.0,0.0,4377.307617,4344.102539,4356.922852,4379.743652,4366.410156,4370.512695,4375.641113,4376.794922,4364.487305,4355.128418,4447.05127,4517.94873,4396.410156,4422.179688,,,,,,,,,,,,,,,,,,,,,,,,,,,,,,,,,,,,,,,,,,,,,,,,,,,,,,,,,,,,,,,,,,,,,,
1768972973.100606,1768972973.101168,40.0,0.0,4367.94873,4335.384766,4356.025879,4377.820313,4361.410156,4369.871582,4371.282227,4378.077148,4367.436035,4356.666504,4447.94873,4510.641113,4395.384766,4416.282227,,,,,,,,,,,,,,,,,,,,,,,,,,,,,,,,,,,,,,,,,,,,,,,,,,,,,,,,,,,,,,,,,,,,,,
1768972973.108415,1768972973.108976,41.0,0.0,4381.794922,4350.769043,4367.05127,4388.333496,4363.077148,4361.538574,4363.974121,4380.256348,4365.384766,4359.230957,4456.666504,4516.666504,4405.769043,4424.743652,,,,,,,,,,,,,,,,,,,,,,,,,,,,,,,,,,,,,,,,,,,,,,,,,,,,,,,,,,,,,,,,,,,,,,
1768972973.116223,1768972973.116885,42.0,0.0,4403.077148,4373.077148,4377.179688,4399.358887,4368.461426,4358.461426,4363.589844,4383.846191,4367.307617,4367.307617,4468.974121,4535.256348,4416.666504,4443.974121,,,,,,,,,,,,,,,,,,,,,,,,,,,,,,,,,,,,,,,,,,,,,,,,,,,,,,,,,,,,,,,,,,,,,,
1768972973.124032,1768972973.124693,43.0,0.0,4397.94873,4367.05127,4373.333496,4396.794922,4371.153809,4370.641113,4372.436035,4382.179688,4369.871582,4368.461426,4472.563965,4538.589844,4415.897461,4450.641113,,,,,,,,,,,,,,,,,,,,,,,,,,,,,,,,,,,,,,,,,,,,,,,,,,,,,,,,,,,,,,,,,,,,,,
1768972973.13184,1768972973.132701,44.0,0.0,4382.179688,4354.358887,4363.974121,4390.897461,4370.0,4372.820313,4371.666504,4373.974121,4358.846191,4358.205078,4459.358887,4522.179688,4403.205078,4440.0,,,,,,,,,,,,,,,,,,,,,,,,,,,,,,,,,,,,,,,,,,,,,,,,,,,,,,,,,,,,,,,,,,,,,,
1768972973.139649,1768972973.14051,45.0,0.0,4381.538574,4362.94873,4361.794922,4389.615234,4370.384766,4362.179688,4361.410156,4371.666504,4346.794922,4352.820313,4445.641113,4513.589844,4395.256348,4430.256348,,,,,,,,,,,,,,,,,,,,,,,,,,,,,,,,,,,,,,,,,,,,,,,,,,,,,,,,,,,,,,,,,,,,,,
1768972973.147457,1768972973.148418,46.0,0.0,4383.205078,4373.205078,4364.230957,4387.692383,4373.205078,4369.615234,4366.666504,4375.128418,4345.769043,4353.333496,4443.205078,4514.871582,4395.0,4427.436035,0.807182,0.362227,0.46031,0.478336,0.125847,2.177181,0.375856,0.235071,0.323235,0.115378,0.447851,0.198075,0.454537,0.259164,0.084847,0.309222,0.17434,0.25193,0.220092,0.07561,0.477425,0.106113,0.123792,0.035291,0.058828,0.124838,0.300211,0.131667,0.328548,0.184749,0.184189,0.353358,0.09496,0.285143,0.200889,0.322092,0.24244,0.114965,0.060057,0.08091,1.623677,0.385908,0.199254,0.149375,0.10669,0.295324,0.148352,0.133244,0.196896,0.120364,0.489853,0.205528,0.201629,0.297929,0.244999,0.837105,0.318025,0.403028,0.31138,0.217191,0.340352,0.246643,0.156339,0.181902,0.223281,0.667989,0.214478,0.503138,0.317111,0.205951
1768972973.155265,1768972973.156227,47.0,0.0,4379.358887,4371.025879,4363.974121,4383.461426,4373.974121,4381.666504,4374.358887,4375.0,4346.282227,4349.230957,4445.512695,4515.512695,4396.025879,4426.922852,,,,,,,,,,,,,,,,,,,,,,,,,,,,,,,,,,,,,,,,,,,,,,,,,,,,,,,,,,,,,,,,,,,,,,
1768972973.163074,1768972973.164235,48.0,0.0,4381.538574,4370.256348,4362.179688,4385.769043,4370.897461,4373.205078,4367.563965,4373.846191,4346.025879,4346.666504,4446.153809,4518.205078,4397.436035,4426.025879,,,,,,,,,,,,,,,,,,,,,,,,,,,,,,,,,,,,,,,,,,,,,,,,,,,,,,,,,,,,,,,,,,,,,,
1768972973.170882,1768972973.172043,49.0,0.0,4386.282227,4373.589844,4363.077148,4391.025879,4367.820313,4367.94873,4364.230957,4374.487305,4349.743652,4352.820313,4447.820313,4518.589844,4398.205078,4425.641113,,,,,,,,,,,,,,,,,,,,,,,,,,,,,,,,,,,,,,,,,,,,,,,,,,,,,,,,,,,,,,,,,,,,,,
1768972973.178691,1768972973.179952,50.0,0.0,4385.256348,4374.615234,4365.512695,4390.897461,4367.436035,4373.205078,4368.333496,4377.05127,4353.974121,4358.846191,4452.820313,4515.128418,4397.307617,4427.563965,,,,,,,,,,,,,,,,,,,,,,,,,,,,,,,,,,,,,,,,,,,,,,,,,,,,,,,,,,,,,,,,,,,,,,
1768972973.186499,1768972973.18776,51.0,0.0,4381.538574,4372.179688,4365.897461,4384.487305,4366.282227,4370.0,4369.230957,4381.153809,4355.384766,4358.333496,4457.94873,4517.307617,4396.666504,4427.692383,,,,,,,,,,,,,,,,,,,,,,,,,,,,,,,,,,,,,,,,,,,,,,,,,,,,,,,,,,,,,,,,,,,,,,
1768972973.194307,1768972973.195369,52.0,0.0,4379.358887,4369.230957,4363.974121,4382.820313,4366.153809,4372.05127,4377.05127,4384.358887,4355.384766,4355.769043,4457.436035,4526.282227,4397.436035,4426.922852,,,,,,,,,,,,,,,,,,,,,,,,,,,,,,,,,,,,,,,,,,,,,,,,,,,,,,,,,,,,,,,,,,,,,,
1768972973.202116,1768972973.203177,53.0,0.0,4376.538574,4368.589844,4364.102539,4386.666504,4366.153809,4382.436035,4383.974121,4385.897461,4355.897461,4356.922852,4457.179688,4530.769043,4398.077148,4429.871582,,,,,,,,,,,,,,,,,,,,,,,,,,,,,,,,,,,,,,,,,,,,,,,,,,,,,,,,,,,,,,,,,,,,,,
1768972973.209924,1768972973.211086,54.0,0.0,4374.487305,4366.666504,4363.589844,4383.205078,4362.307617,4373.461426,4372.307617,4385.641113,4357.692383,4359.102539,4461.025879,4525.641113,4398.717773,4432.05127,,,,,,,,,,,,,,,,,,,,,,,,,,,,,,,,,,,,,,,,,,,,,,,,,,,,,,,,,,,,,,,,,,,,,,
1768972973.217733,1768972973.218894,55.0,0.0,4373.717773,4360.897461,4358.333496,4376.153809,4357.94873,4358.717773,4362.307617,4383.461426,4357.563965,4354.102539,4459.871582,4521.025879,4397.692383,4429.102539,,,,,,,,,,,,,,,,,,,,,,,,,,,,,,,,,,,,,,,,,,,,,,,,,,,,,,,,,,,,,,,,,,,,,,
1768972973.225541,1768972973.226902,56.0,0.0,4370.641113,4356.922852,4356.922852,4375.769043,4357.820313,4364.487305,4364.871582,4382.436035,4354.743652,4350.512695,4457.436035,4525.769043,4396.153809,4426.025879,,,,,,,,,,,,,,,,,,,,,,,,,,,,,,,,,,,,,,,,,,,,,,,,,,,,,,,,,,,,,,,,,,,,,,
1768972973.23335,1768972973.234711,57.0,0.0,4373.974121,4358.589844,4364.615234,4380.641113,4361.922852,4374.487305,4368.717773,4383.846191,4355.769043,4357.05127,4460.512695,4532.436035,4397.692383,4428.333496,,,,,,,,,,,,,,,,,,,,,,,,,,,,,,,,,,,,,,,,,,,,,,,,,,,,,,,,,,,,,,,,,,,,,,
1768972973.241158,1768972973.242419,58.0,0.0,4380.641113,4358.333496,4368.461426,4382.05127,4367.307617,4377.563965,4376.922852,4385.0,4360.128418,4360.512695,4462.563965,4532.94873,4398.717773,4430.384766,,,,,,,,,,,,,,,,,,,,,,,,,,,,,,,,,,,,,,,,,,,,,,,,,,,,,,,,,,,,,,,,,,,,,,
1768972973.248967,1768972973.250228,59.0,0.0,4373.589844,4354.358887,4361.794922,4379.743652,4367.692383,4382.05127,4385.769043,4384.743652,4361.794922,4356.666504,4461.922852,4531.025879,4397.692383,4429.487305,,,,,,,,,,,,,,,,,,,,,,,,,,,,,,,,,,,,,,,,,,,,,,,,,,,,,,,,,,,,,,,,,,,,,,
1768972973.256775,1768972973.257836,60.0,0.0,4365.256348,4353.077148,4356.153809,4375.384766,4360.897461,4377.692383,4378.461426,4380.769043,4361.282227,4355.641113,4460.384766,4528.974121,4397.563965,4430.0,,,,,,,,,,,,,,,,,,,,,,,,,,,,,,,,,,,,,,,,,,,,,,,,,,,,,,,,,,,,,,,,,,,,,,
1768972973.264583,1768972973.265645,61.0,0.0,4372.307617,4353.461426,4360.384766,4372.563965,4358.589844,4370.512695,4366.794922,4379.102539,4362.820313,4361.282227,4461.282227,4529.230957,4398.589844,4431.538574,,,,,,,,,,,,,,,,,,,,,,,,,,,,,,,,,,,,,,,,,,,,,,,,,,,,,,,,,,,,,,,,,,,,,,
1768972973.272392,1768972973.273353,62.0,0.0,4378.205078,4355.256348,4368.077148,4376.153809,4363.077148,4377.820313,4373.205078,4384.230957,4366.410156,4364.358887,4462.820313,4531.538574,4397.692383,4431.922852,0.845113,0.417439,0.459653,0.42428,0.138253,2.262472,0.330976,0.218284,0.312114,0.124129,0.404869,0.220415,0.434443,0.228833,0.088869,0.302789,0.160973,0.248068,0.18615,0.075972,0.425203,0.10965,0.11622,0.02754,0.059662,0.123388,0.333422,0.116661,0.322669,0.194889,0.195354,0.330567,0.081719,0.281127,0.215149,0.260708,0.200398,0.088501,0.060435,0.074429,1.400439,0.363375,0.183018,0.132467,0.106654,0.272419,0.129516,0.13442,0.193654,0.110325,0.465075,0.18066,0.217943,0.294298,0.241891,0.853085,0.337488,0.42788,0.255012,0.188632,0.359378,0.243114,0.169151,0.18596,0.218681,0.788897,0.285613,0.581647,0.280269,0.199634
1768972973.2802,1768972973.281162,63.0,0.0,4374.230957,4358.205078,4368.077148,4377.563965,4362.05127,4378.974121,4377.563965,4385.384766,4367.563965,4358.974121,4460.128418,4530.769043,4396.794922,4427.436035,,,,,,,,,,,,,,,,,,,,,,,,,,,,,,,,,,,,,,,,,,,,,,,,,,,,,,,,,,,,,,,,,,,,,,
1768972973.288009,1768972973.28877,64.0,0.0,4373.974121,4356.922852,4363.846191,4373.077148,4358.077148,4371.666504,4372.820313,4379.487305,4363.717773,4354.487305,4457.94873,4527.436035,4393.589844,4423.461426,,,,,,,,,,,,,,,,,,,,,,,,,,,,,,,,,,,,,,,,,,,,,,,,,,,,,,,,,,,,,,,,,,,,,,
1768972973.295817,1768972973.296579,65.0,0.0,4372.94873,4351.666504,4360.641113,4370.641113,4359.102539,4373.846191,4369.615234,4374.102539,4359.743652,4357.05127,4458.589844,4526.666504,4388.974121,4425.0,,,,,,,,,,,,,,,,,,,,,,,,,,,,,,,,,,,,,,,,,,,,,,,,,,,,,,,,,,,,,,,,,,,,,,
1768972973.303626,1768972973.304287,66.0,0.0,4366.922852,4352.05127,4358.974121,4376.538574,4362.307617,4375.769043,4366.282227,4374.358887,4361.025879,4357.820313,4458.974121,4525.128418,4391.410156,4425.769043,,,,,,,,,,,,,,,,,,,,,,,,,,,,,,,,,,,,,,,,,,,,,,,,,,,,,,,,,,,,,,,,,,,,,,
1768972973.311434,1768972973.312096,67.0,0.0,4368.205078,4356.666504,4363.846191,4381.153809,4364.871582,4374.615234,4371.153809,4377.307617,4366.025879,4355.641113,4458.846191,4519.487305,4397.05127,4423.333496,,,,,,,,,,,,,,,,,,,,,,,,,,,,,,,,,,,,,,,,,,,,,,,,,,,,,,,,,,,,,,,,,,,,,,
1768972973.319243,1768972973.319705,68.0,0.0,4374.358887,4358.333496,4363.846191,4376.666504,4366.025879,4376.410156,4376.794922,4376.025879,4367.05127,4357.179688,4456.538574,4514.743652,4393.589844,4421.794922,,,,,,,,,,,,,,,,,,,,,,,,,,,,,,,,,,,,,,,,,,,,,,,,,,,,,,,,,,,,,,,,,,,,,,
1768972973.327051,1768972973.327513,69.0,0.0,4375.128418,4360.512695,4353.717773,4375.897461,4368.717773,4372.692383,4368.589844,4372.94873,4367.94873,4359.871582,4458.077148,4514.102539,4395.128418,4427.436035,,,,,,,,,,,,,,,,,,,,,,,,,,,,,,,,,,,,,,,,,,,,,,,,,,,,,,,,,,,,,,,,,,,,,,
1768972973.334859,1768972973.335222,70.0,0.0,4371.153809,4361.538574,4353.461426,4381.922852,4373.717773,4373.333496,4366.794922,4376.282227,4372.94873,4360.897461,4460.384766,4518.974121,4399.358887,4427.05127,,,,,,,,,,,,,,,,,,,,,,,,,,,,,,,,,,,,,,,,,,,,,,,,,,,,,,,,,,,,,,,,,,,,,,
1768972973.342668,1768972973.34303,71.0,0.0,4366.538574,4356.410156,4359.102539,4382.692383,4373.205078,4381.410156,4376.538574,4380.256348,4371.282227,4358.205078,4449.487305,4518.461426,4384.230957,4410.384766,,,,,,,,,,,,,,,,,,,,,,,,,,,,,,,,,,,,,,,,,,,,,,,,,,,,,,,,,,,,,,,,,,,,,,
1768972973.350476,1768972973.351038,72.0,0.0,4368.461426,4355.384766,4356.282227,4379.743652,4368.077148,4377.436035,4370.128418,4375.641113,4364.102539,4354.102539,4444.871582,4514.230957,4380.256348,4409.615234,,,,,,,,,,,,,,,,,,,,,,,,,,,,,,,,,,,,,,,,,,,,,,,,,,,,,,,,,,,,,,,,,,,,,,
1768972973.358285,1768972973.358847,73.0,0.0,4378.846191,4357.94873,4357.94873,4381.794922,4367.692383,4372.94873,4366.410156,4372.692383,4365.0,4358.461426,4460.0,4518.333496,4404.871582,4432.436035,,,,,,,,,,,,,,,,,,,,,,,,,,,,,,,,,,,,,,,,,,,,,,,,,,,,,,,,,,,,,,,,,,,,,,
1768972973.366093,1768972973.366755,74.0,0.0,4383.589844,4355.384766,4364.230957,4382.692383,4372.05127,4382.05127,4379.871582,4374.615234,4372.94873,4365.641113,4468.461426,4522.820313,4411.666504,4442.94873,,,,,,,,,,,,,,,,,,,,,,,,,,,,,,,,,,,,,,,,,,,,,,,,,,,,,,,,,,,,,,,,,,,,,,
1768972973.373902,1768972973.374564,75.0,0.0,4380.897461,4357.820313,4363.717773,4384.871582,4374.487305,4381.922852,4375.384766,4374.743652,4376.282227,4362.179688,4462.563965,4523.717773,4401.153809,4437.05127,,,,,,,,,,,,,,,,,,,,,,,,,,,,,,,,,,,,,,,,,,,,,,,,,,,,,,,,,,,,,,,,,,,,,,
1768972973.38171,1768972973.382572,76.0,0.0,4383.717773,4366.666504,4363.717773,4392.820313,4371.666504,4374.487305,4363.205078,4374.487305,4372.436035,4358.461426,4464.487305,4525.641113,4408.205078,4441.282227,,,,,,,,,,,,,,,,,,,,,,,,,,,,,,,,,,,,,,,,,,,,,,,,,,,,,,,,,,,,,,,,,,,,,,
1768972973.389519,1768972973.39038,77.0,0.0,4390.897461,4370.0,4366.410156,4394.743652,4370.769043,4375.384766,4366.794922,4374.615234,4370.384766,4362.307617,4471.538574,4527.307617,4413.077148,4446.538574,,,,,,,,,,,,,,,,,,,,,,,,,,,,,,,,,,,,,,,,,,,,,,,,,,,,,,,,,,,,,,,,,,,,,,
1768972973.397327,1768972973.398089,78.0,0.0,4390.512695,4371.025879,4366.666504,4391.282227,4373.333496,4375.128418,4366.410156,4374.358887,4373.333496,4363.717773,4473.205078,4525.128418,4404.615234,4443.205078,0.831822,0.462588,0.451137,0.369355,0.150385,2.200541,0.29144,0.206332,0.30703,0.138354,0.368781,0.256355,0.368176,0.189109,0.090365,0.301998,0.147958,0.232973,0.150545,0.073644,0.350622,0.12076,0.101257,0.021597,0.058696,0.137482,0.368414,0.103089,0.314302,0.20675,0.239147,0.301229,0.080427,0.280756,0.22734,0.195636,0.152763,0.069413,0.061522,0.069893,1.064101,0.310733,0.168317,0.112008,0.105047,0.241284,0.120562,0.134402,0.181364,0.100322,0.458327,0.182422,0.220785,0.287306,0.228483,0.846686,0.3546,0.423761,0.212079,0.16811,0.411549,0.258501,0.184884,0.18565,0.20729,0.940275,0.36733,0.651671,0.244889,0.194724
1768972973.405136,1768972973.405897,79.0,0.0,4384.743652,4371.922852,4362.563965,4389.615234,4372.692383,4370.384766,4359.871582,4372.563965,4374.230957,4361.025879,4472.307617,4521.025879,4403.461426,4443.461426,,,,,,,,,,,,,,,,,,,,,,,,,,,,,,,,,,,,,,,,,,,,,,,,,,,,,,,,,,,,,,,,,,,,,,
1768972973.412944,1768972973.413905,80.0,0.0,4382.307617,4366.153809,4357.179688,4387.179688,4368.846191,4369.871582,4361.282227,4371.410156,4371.282227,4359.102539,4465.512695,4520.256348,4401.153809,4442.94873,,,,,,,,,,,,,,,,,,,,,,,,,,,,,,,,,,,,,,,,,,,,,,,,,,,,,,,,,,,,,,,,,,,,,,
1768972973.420752,1768972973.421714,81.0,0.0,4386.025879,4366.282227,4359.615234,4389.871582,4370.641113,4375.256348,4367.94873,4373.077148,4371.153809,4357.436035,4459.871582,4522.179688,4399.743652,4440.128418,,,,,,,,,,,,,,,,,,,,,,,,,,,,,,,,,,,,,,,,,,,,,,,,,,,,,,,,,,,,,,,,,,,,,,
1768972973.428561,1768972973.429422,82.0,0.0,4391.025879,4373.077148,4367.563965,4398.205078,4376.922852,4380.641113,4373.974121,4372.563965,4372.563965,4356.410156,4461.025879,4522.563965,4404.230957,4441.922852,,,,,,,,,,,,,,,,,,,,,,,,,,,,,,,,,,,,,,,,,,,,,,,,,,,,,,,,,,,,,,,,,,,,,,
1768972973.436369,1768972973.437231,83.0,0.0,4388.846191,4365.512695,4364.102539,4394.615234,4376.153809,4376.538574,4372.05127,4369.615234,4370.641113,4357.436035,4461.794922,4519.358887,4399.871582,4440.512695,,,,,,,,,,,,,,,,,,,,,,,,,,,,,,,,,,,,,,,,,,,,,,,,,,,,,,,,,,,,,,,,,,,,,,
1768972973.444178,1768972973.44484,84.0,0.0,4382.692383,4357.692383,4354.102539,4381.538574,4369.102539,4370.128418,4364.743652,4372.179688,4371.666504,4357.436035,4461.025879,4517.563965,4398.461426,4433.461426,,,,,,,,,,,,,,,,,,,,,,,,,,,,,,,,,,,,,,,,,,,,,,,,,,,,,,,,,,,,,,,,,,,,,,
1768972973.451986,1768972973.452648,85.0,0.0,4381.922852,4364.102539,4355.897461,4379.487305,4364.871582,4372.563965,4366.794922,4376.282227,4373.461426,4355.769043,4458.717773,4517.820313,4407.94873,4432.179688,,,,,,,,,,,,,,,,,,,,,,,,,,,,,,,,,,,,,,,,,,,,,,,,,,,,,,,,,,,,,,,,,,,,,,
1768972973.459795,1768972973.460556,86.0,0.0,4382.94873,4368.846191,4361.794922,4386.794922,4366.538574,4373.974121,4373.077148,4376.153809,4373.205078,4357.307617,4457.436035,4519.358887,4411.153809,4438.846191,,,,,,,,,,,,,,,,,,,,,,,,,,,,,,,,,,,,,,,,,,,,,,,,,,,,,,,,,,,,,,,,,,,,,,
1768972973.467603,1768972973.468365,87.0,0.0,4383.974121,4366.025879,4364.615234,4389.102539,4367.94873,4377.05127,4376.410156,4377.307617,4375.769043,4360.384766,4465.769043,4523.846191,4408.846191,4442.820313,,,,,,,,,,,,,,,,,,,,,,,,,,,,,,,,,,,,,,,,,,,,,,,,,,,,,,,,,,,,,,,,,,,,,,
1768972973.475412,1768972973.476373,88.0,0.0,4388.205078,4366.922852,4364.615234,4384.871582,4366.794922,4382.179688,4380.897461,4380.641113,4377.179688,4361.922852,4474.487305,4528.461426,4413.974121,4445.384766,,,,,,,,,,,,,,,,,,,,,,,,,,,,,,,,,,,,,,,,,,,,,,,,,,,,,,,,,,,,,,,,,,,,,,
1768972973.48322,1768972973.484181,89.0,0.0,4383.717773,4366.666504,4358.205078,4379.487305,4365.384766,4376.282227,4379.102539,4378.589844,4373.333496,4359.358887,4466.794922,4522.179688,4413.589844,4442.820313,,,,,,,,,,,,,,,,,,,,,,,,,,,,,,,,,,,,,,,,,,,,,,,,,,,,,,,,,,,,,,,,,,,,,,
1768972973.491028,1768972973.49189,90.0,0.0,4374.102539,4359.358887,4352.692383,4378.205078,4364.230957,4369.487305,4372.307617,4375.897461,4371.538574,4357.179688,4457.436035,4507.436035,4403.461426,4434.487305,,,,,,,,,,,,,,,,,,,,,,,,,,,,,,,,,,,,,,,,,,,,,,,,,,,,,,,,,,,,,,,,,,,,,,
1768972973.498837,1768972973.499698,91.0,0.0,4377.820313,4357.05127,4355.256348,4382.436035,4367.05127,4373.333496,4371.410156,4378.205078,4373.974121,4357.692383,4461.666504,4505.256348,4400.769043,4432.94873,,,,,,,,,,,,,,,,,,,,,,,,,,,,,,,,,,,,,,,,,,,,,,,,,,,,,,,,,,,,,,,,,,,,,,
1768972973.506645,1768972973.507307,92.0,0.0,4383.077148,4358.846191,4359.102539,4385.256348,4368.077148,4377.05127,4371.922852,4381.410156,4373.333496,4358.589844,4467.436035,4517.179688,4403.333496,4434.871582,,,,,,,,,,,,,,,,,,,,,,,,,,,,,,,,,,,,,,,,,,,,,,,,,,,,,,,,,,,,,,,,,,,,,,
1768972973.514454,1768972973.515116,93.0,0.0,4379.358887,4360.641113,4358.974121,4384.230957,4366.538574,4378.205078,4376.538574,4382.179688,4369.615234,4357.436035,4469.871582,4525.384766,4402.820313,4435.641113,,,,,,,,,,,,,,,,,,,,,,,,,,,,,,,,,,,,,,,,,,,,,,,,,,,,,,,,,,,,,,,,,,,,,,
1768972973.522262,1768972973.522824,94.0,0.0,4380.0,4361.025879,4360.512695,4387.436035,4371.794922,4380.897461,4380.128418,4379.871582,4369.615234,4357.94873,4473.461426,4524.102539,4403.846191,4435.384766,0.7784,0.484943,0.437576,0.33525,0.161144,2.064332,0.267037,0.20487,0.31083,0.156411,0.335558,0.297874,0.282887,0.153056,0.089082,0.30525,0.14285,0.215249,0.124786,0.069797,0.277429,0.144735,0.082736,0.018715,0.056291,0.166785,0.41058,0.092788,0.303647,0.217802,0.314633,0.277247,0.088535,0.284561,0.234701,0.150129,0.115446,0.059899,0.062743,0.067927,0.729897,0.24993,0.168177,0.096177,0.102584,0.211018,0.120212,0.138887,0.163499,0.091856,0.47056,0.205094,0.224885,0.279883,0.208621,0.808716,0.357501,0.400123,0.195365,0.159389,0.47918,0.27928,0.200444,0.186026,0.19008,1.083559,0.43624,0.708249,0.224124,0.192351
1768972973.530071,1768972973.530633,95.0,0.0,4383.846191,4360.256348,4359.358887,4389.358887,4377.307617,4380.128418,4373.589844,4377.307617,4371.282227,4361.410156,4474.358887,4519.358887,4410.128418,4432.563965,,,,,,,,,,,,,,,,,,,,,,,,,,,,,,,,,,,,,,,,,,,,,,,,,,,,,,,,,,,,,,,,,,,,,,
1768972973.537879,1768972973.538641,96.0,0.0,4381.282227,4357.05127,4357.820313,4383.589844,4374.230957,4379.871582,4372.820313,4378.846191,4371.282227,4361.410156,4474.743652,4513.077148,4412.563965,4433.717773,,,,,,,,,,,,,,,,,,,,,,,,,,,,,,,,,,,,,,,,,,,,,,,,,,,,,,,,,,,,,,,,,,,,,,
1768972973.545688,1768972973.546449,97.0,0.0,4381.153809,4355.769043,4360.384766,4381.922852,4371.410156,4381.538574,4378.077148,4381.282227,4371.538574,4361.666504,4476.282227,4514.487305,4408.461426,4441.666504,,,,,,,,,,,,,,,,,,,,,,,,,,,,,,,,,,,,,,,,,,,,,,,,,,,,,,,,,,,,,,,,,,,,,,
1768972973.553496,1768972973.554358,98.0,0.0,4386.410156,4361.282227,4362.05127,4385.512695,4372.179688,4375.897461,4372.563965,4380.256348,4372.307617,4365.128418,4476.538574,4523.205078,4407.307617,4445.512695,,,,,,,,,,,,,,,,,,,,,,,,,,,,,,,,,,,,,,,,,,,,,,,,,,,,,,,,,,,,,,,,,,,,,,
1768972973.561304,1768972973.562166,99.0,0.0,4388.461426,4366.282227,4363.974121,4382.94873,4372.692383,4376.922852,4373.205078,4377.692383,4372.436035,4361.666504,4476.794922,4522.94873,4406.922852,4442.94873,,,,,,,,,,,,,,,,,,,,,,,,,,,,,,,,,,,,,,,,,,,,,,,,,,,,,,,,,,,,,,,,,,,,,,
1768972973.569113,1768972973.570174,100.0,0.0,4385.384766,4368.077148,4365.384766,4379.615234,4375.512695,4386.666504,4383.717773,4376.922852,4372.307617,4355.128418,4475.256348,4516.282227,4401.282227,4441.153809,,,,,,,,,,,,,,,,,,,,,,,,,,,,,,,,,,,,,,,,,,,,,,,,,,,,,,,,,,,,,,,,,,,,,,
1768972973.576921,1768972973.577983,101.0,0.0,4384.615234,4370.384766,4365.256348,4382.436035,4378.333496,4383.333496,4381.794922,4378.461426,4373.333496,4358.974121,4472.05127,4517.692383,4397.692383,4440.641113,,,,,,,,,,,,,,,,,,,,,,,,,,,,,,,,,,,,,,,,,,,,,,,,,,,,,,,,,,,,,,,,,,,,,,
1768972973.58473,1768972973.585891,102.0,0.0,4390.897461,4374.230957,4368.077148,4383.717773,4376.538574,4376.666504,4379.230957,4381.282227,4377.179688,4366.282227,4474.743652,4522.820313,4402.692383,4442.820313,,,,,,,,,,,,,,,,,,,,,,,,,,,,,,,,,,,,,,,,,,,,,,,,,,,,,,,,,,,,,,,,,,,,,,
1768972973.592538,1768972973.5937,103.0,0.0,4391.538574,4374.871582,4371.666504,4383.205078,4374.615234,4378.333496,4382.692383,4378.717773,4377.692383,4362.692383,4475.384766,4518.461426,4402.563965,4440.512695,,,,,,,,,,,,,,,,,,,,,,,,,,,,,,,,,,,,,,,,,,,,,,,,,,,,,,,,,,,,,,,,,,,,,,
1768972973.600347,1768972973.601408,104.0,0.0,4382.692383,4369.615234,4367.436035,4383.077148,4371.922852,4378.974121,4378.205078,4375.769043,4372.820313,4358.717773,4466.410156,4509.743652,4395.384766,4430.769043,,,,,,,,,,,,,,,,,,,,,,,,,,,,,,,,,,,,,,,,,,,,,,,,,,,,,,,,,,,,,,,,,,,,,,
1768972973.608155,1768972973.609217,105.0,0.0,4380.0,4367.820313,4359.871582,4381.666504,4370.384766,4377.307617,4373.589844,4377.307617,4369.102539,4360.0,4458.333496,4503.589844,4394.743652,4428.461426,,,,,,,,,,,,,,,,,,,,,,,,,,,,,,,,,,,,,,,,,,,,,,,,,,,,,,,,,,,,,,,,,,,,,,
1768972973.615964,1768972973.616925,106.0,0.0,4384.743652,4371.538574,4359.358887,4381.410156,4372.436035,4376.922852,4374.358887,4376.538574,4369.871582,4359.615234,4460.769043,4505.512695,4398.461426,4431.410156,,,,,,,,,,,,,,,,,,,,,,,,,,,,,,,,,,,,,,,,,,,,,,,,,,,,,,,,,,,,,,,,,,,,,,
1768972973.623772,1768972973.624733,107.0,0.0,4382.436035,4372.436035,4362.436035,4383.077148,4372.307617,4375.0,4373.717773,4374.871582,4371.538574,4360.769043,4463.077148,4509.487305,4398.077148,4430.897461,,,,,,,,,,,,,,,,,,,,,,,,,,,,,,,,,,,,,,,,,,,,,,,,,,,,,,,,,,,,,,,,,,,,,,
1768972973.63158,1768972973.632342,108.0,0.0,4376.282227,4369.487305,4363.333496,4385.897461,4372.179688,4372.563965,4371.666504,4375.769043,4372.94873,4362.563965,4460.897461,4504.487305,4397.820313,4431.922852,,,,,,,,,,,,,,,,,,,,,,,,,,,,,,,,,,,,,,,,,,,,,,,,,,,,,,,,,,,,,,,,,,,,,,
1768972973.639389,1768972973.640151,109.0,0.0,4377.94873,4370.384766,4361.025879,4386.410156,4375.0,4377.179688,4372.94873,4375.512695,4373.461426,4360.641113,4465.897461,4505.256348,4398.717773,4435.384766,,,,,,,,,,,,,,,,,,,,,,,,,,,,,,,,,,,,,,,,,,,,,,,,,,,,,,,,,,,,,,,,,,,,,,
1768972973.647197,1768972973.647859,110.0,0.0,4385.0,4375.641113,4363.333496,4386.538574,4376.282227,4379.871582,4377.563965,4372.94873,4372.05127,4358.974121,4474.871582,4516.538574,4403.461426,4438.077148,0.716042,0.475039,0.419536,0.331105,0.170419,1.921093,0.259243,0.216005,0.318786,0.17498,0.302772,0.330609,0.208282,0.13097,0.08705,0.319101,0.145578,0.20265,0.11472,0.06685,0.226939,0.179461,0.065379,0.019935,0.053348,0.199054,0.456276,0.085938,0.291571,0.226591,0.405392,0.264248,0.101274,0.293925,0.237408,0.137945,0.09569,0.059086,0.063203,0.067713,0.490269,0.203659,0.190657,0.091286,0.099082,0.190074,0.123653,0.152675,0.144949,0.085577,0.505424,0.241925,0.246833,0.273928,0.18657,0.75273,0.342417,0.369114,0.207008,0.159678,0.54607,0.294055,0.216921,0.192788,0.16979,1.188674,0.483686,0.746713,0.224454,0.191408
1768972973.655006,1768972973.655668,111.0,0.0,4389.487305,4380.512695,4369.615234,4391.025879,4375.512695,4377.307617,4381.282227,4374.230957,4373.717773,4360.512695,4477.820313,4517.94873,4410.256348,4442.563965,,,,,,,,,,,,,,,,,,,,,,,,,,,,,,,,,,,,,,,,,,,,,,,,,,,,,,,,,,,,,,,,,,,,,,
1768972973.662814,1768972973.663276,112.0,0.0,4384.230957,4381.922852,4366.282227,4391.025879,4374.871582,4376.410156,4379.230957,4374.487305,4374.615234,4361.025879,4475.256348,4508.589844,4405.769043,4443.461426,,,,,,,,,,,,,,,,,,,,,,,,,,,,,,,,,,,,,,,,,,,,,,,,,,,,,,,,,,,,,,,,,,,,,,
1768972973.670623,1768972973.671085,113.0,0.0,4376.538574,4380.641113,4358.205078,4384.102539,4373.077148,4378.205078,4373.077148,4370.897461,4373.077148,4361.153809,4473.333496,4504.615234,4397.563965,4437.436035,,,,,,,,,,,,,,,,,,,,,,,,,,,,,,,,,,,,,,,,,,,,,,,,,,,,,,,,,,,,,,,,,,,,,,
1768972973.678431,1768972973.678993,114.0,0.0,4378.077148,4380.0,4358.205078,4381.922852,4370.0,4374.871582,4369.487305,4369.230957,4372.94873,4361.025879,4472.307617,4503.589844,4401.794922,4436.794922,,,,,,,,,,,,,,,,,,,,,,,,,,,,,,,,,,,,,,,,,,,,,,,,,,,,,,,,,,,,,,,,,,,,,,
1768972973.68624,1768972973.686801,115.0,0.0,4382.820313,4380.128418,4359.487305,4385.128418,4370.512695,4368.846191,4371.282227,4368.333496,4373.589844,4357.563965,4471.410156,4504.487305,4408.205078,4442.94873,,,,,,,,,,,,,,,,,,,,,,,,,,,,,,,,,,,,,,,,,,,,,,,,,,,,,,,,,,,,,,,,,,,,,,
1768972973.694048,1768972973.69481,116.0,0.0,4381.282227,4385.641113,4357.94873,4385.897461,4372.692383,4370.897461,4372.692383,4369.358887,4370.0,4356.666504,4473.974121,4509.871582,4408.846191,4445.641113,,,,,,,,,,,,,,,,,,,,,,,,,,,,,,,,,,,,,,,,,,,,,,,,,,,,,,,,,,,,,,,,,,,,,,
1768972973.701856,1768972973.702618,117.0,0.0,4379.102539,4394.358887,4357.307617,4383.717773,4371.922852,4371.153809,4367.307617,4368.846191,4366.410156,4357.436035,4470.641113,4507.820313,4409.615234,4441.410156,,,,,,,,,,,,,,,,,,,,,,,,,,,,,,,,,,,,,,,,,,,,,,,,,,,,,,,,,,,,,,,,,,,,,,
1768972973.709665,1768972973.710327,118.0,0.0,4383.974121,4395.769043,4358.717773,4385.0,4371.922852,4367.563965,4362.179688,4367.820313,4369.230957,4355.897461,4466.153809,4505.128418,4411.922852,4441.538574,,,,,,,,,,,,,,,,,,,,,,,,,,,,,,,,,,,,,,,,,,,,,,,,,,,,,,,,,,,,,,,,,,,,,,
1768972973.717473,1768972973.718135,119.0,0.0,4387.94873,4394.102539,4361.025879,4392.436035,4374.615234,4367.94873,4366.025879,4368.717773,4369.230957,4355.128418,4467.05127,4510.128418,4410.0,4445.384766,,,,,,,,,,,,,,,,,,,,,,,,,,,,,,,,,,,,,,,,,,,,,,,,,,,,,,,,,,,,,,,,,,,,,,
1768972973.725282,1768972973.725744,120.0,0.0,4381.153809,4395.256348,4357.05127,4390.256348,4373.846191,4368.589844,4366.666504,4367.94873,4363.717773,4354.487305,4463.589844,4506.794922,4400.384766,4435.128418,,,,,,,,,,,,,,,,,,,,,,,,,,,,,,,,,,,,,,,,,,,,,,,,,,,,,,,,,,,,,,,,,,,,,,
1768972973.73309,1768972973.733552,121.0,0.0,4372.307617,4389.615234,4348.461426,4375.769043,4366.922852,4365.128418,4360.0,4365.769043,4363.717773,4350.512695,4456.410156,4495.128418,4390.897461,4420.641113,,,,,,,,,,,,,,,,,,,,,,,,,,,,,,,,,,,,,,,,,,,,,,,,,,,,,,,,,,,,,,,,,,,,,,
1768972973.740899,1768972973.741461,122.0,0.0,4371.282227,4378.333496,4345.641113,4370.897461,4360.512695,4363.077148,4357.307617,4368.846191,4368.205078,4348.333496,4455.256348,4492.94873,4388.846191,4419.871582,,,,,,,,,,,,,,,,,,,,,,,,,,,,,,,,,,,,,,,,,,,,,,,,,,,,,,,,,,,,,,,,,,,,,,
1768972973.748707,1768972973.749269,123.0,0.0,4375.897461,4381.282227,4352.307617,4380.641113,4362.05127,4372.692383,4371.410156,4377.692383,4374.230957,4358.077148,4461.282227,4505.384766,4394.487305,4427.563965,,,,,,,,,,,,,,,,,,,,,,,,,,,,,,,,,,,,,,,,,,,,,,,,,,,,,,,,,,,,,,,,,,,,,,
1768972973.756516,1768972973.757277,124.0,0.0,4383.589844,4393.205078,4362.436035,4388.461426,4369.743652,4385.641113,4386.538574,4382.05127,4382.436035,4368.333496,4469.615234,4520.256348,4406.538574,4436.025879,,,,,,,,,,,,,,,,,,,,,,,,,,,,,,,,,,,,,,,,,,,,,,,,,,,,,,,,,,,,,,,,,,,,,,
1768972973.764324,1768972973.765086,125.0,0.0,4392.179688,4393.717773,4369.102539,4390.641113,4372.179688,4378.589844,4376.025879,4378.717773,4383.333496,4367.820313,4475.769043,4525.128418,4411.666504,4444.102539,,,,,,,,,,,,,,,,,,,,,,,,,,,,,,,,,,,,,,,,,,,,,,,,,,,,,,,,,,,,,,,,,,,,,,
1768972973.772133,1768972973.772994,126.0,0.0,4391.153809,4388.974121,4368.974121,4387.692383,4366.282227,4357.563965,4358.589844,4374.487305,4375.256348,4363.589844,4475.769043,4523.205078,4406.794922,4443.846191,0.667127,0.434425,0.395909,0.348583,0.178275,1.890292,0.262913,0.235849,0.321542,0.189327,0.267787,0.342013,0.162933,0.126371,0.087272,0.344206,0.152559,0.199348,0.11948,0.067382,0.214333,0.217401,0.053261,0.025714,0.050891,0.216121,0.492466,0.081429,0.280026,0.231874,0.48243,0.262452,0.113659,0.310263,0.237283,0.158629,0.092097,0.062837,0.06202,0.067614,0.376245,0.185295,0.231129,0.097335,0.093958,0.17583,0.125758,0.175477,0.129367,0.081614,0.552157,0.282834,0.293622,0.269437,0.166803,0.701593,0.314338,0.340679,0.239139,0.163019,0.590998,0.299323,0.239621,0.20878,0.15104,1.237128,0.514982,0.762289,0.242815,0.190115
1768972973.779941,1768972973.780803,127.0,0.0,4382.94873,4391.025879,4365.256348,4382.94873,4363.717773,4358.461426,4363.461426,4373.846191,4370.897461,4358.974121,4472.820313,4523.974121,4405.256348,4441.025879,,,,,,,,,,,,,,,,,,,,,,,,,,,,,,,,,,,,,,,,,,,,,,,,,,,,,,,,,,,,,,,,,,,,,,
1768972973.787749,1768972973.788811,0.0,0.0,4384.230957,4393.717773,4366.025879,4385.384766,4367.820313,4373.461426,4372.436035,4374.615234,4371.282227,4355.256348,4473.205078,4523.589844,4405.769043,4443.846191,,,,,,,,,,,,,,,,,,,,,,,,,,,,,,,,,,,,,,,,,,,,,,,,,,,,,,,,,,,,,,,,,,,,,,
1768972973.795558,1768972973.796619,1.0,0.0,4388.077148,4389.102539,4367.436035,4388.717773,4366.922852,4370.769043,4365.641113,4373.461426,4370.641113,4356.666504,4473.974121,4519.487305,4401.410156,4444.102539,,,,,,,,,,,,,,,,,,,,,,,,,,,,,,,,,,,,,,,,,,,,,,,,,,,,,,,,,,,,,,,,,,,,,,
1768972973.803366,1768972973.804328,2.0,0.0,4387.179688,4389.102539,4367.94873,4387.94873,4364.487305,4368.846191,4364.871582,4373.717773,4371.538574,4358.717773,4469.230957,4518.333496,4401.410156,4443.461426,,,,,,,,,,,,,,,,,,,,,,,,,,,,,,,,,,,,,,,,,,,,,,,,,,,,,,,,,,,,,,,,,,,,,,
1768972973.811175,1768972973.812136,3.0,0.0,4383.974121,4389.487305,4369.871582,4386.794922,4366.410156,4378.333496,4375.384766,4375.256348,4372.436035,4355.384766,4460.512695,4518.077148,4399.358887,4438.974121,,,,,,,,,,,,,,,,,,,,,,,,,,,,,,,,,,,,,,,,,,,,,,,,,,,,,,,,,,,,,,,,,,,,,,
1768972973.818983,1768972973.819745,4.0,0.0,4379.230957,4378.974121,4369.230957,4381.794922,4366.794922,4373.589844,4371.922852,4378.846191,4373.333496,4357.692383,4463.461426,4516.538574,4393.205078,4433.077148,,,,,,,,,,,,,,,,,,,,,,,,,,,,,,,,,,,,,,,,,,,,,,,,,,,,,,,,,,,,,,,,,,,,,,
1768972973.826792,1768972973.827553,5.0,0.0,4377.820313,4376.794922,4363.589844,4380.256348,4366.794922,4363.974121,4366.538574,4382.307617,4377.563965,4365.769043,4475.256348,4519.358887,4402.307617,4438.974121,,,,,,,,,,,,,,,,,,,,,,,,,,,,,,,,,,,,,,,,,,,,,,,,,,,,,,,,,,,,,,,,,,,,,,
1768972973.8346,1768972973.835262,6.0,0.0,4381.282227,4388.717773,4363.589844,4384.743652,4369.743652,4369.230957,4374.102539,4381.794922,4378.205078,4365.641113,4476.410156,4524.102539,4414.102539,4448.589844,,,,,,,,,,,,,,,,,,,,,,,,,,,,,,,,,,,,,,,,,,,,,,,,,,,,,,,,,,,,,,,,,,,,,,
1768972973.842409,1768972973.84307,7.0,0.0,4382.820313,4389.487305,4370.256348,4383.461426,4371.538574,4375.0,4379.871582,4382.436035,4374.615234,4362.436035,4473.717773,4525.0,4414.102539,4447.436035,,,,,,,,,,,,,,,,,,,,,,,,,,,,,,,,,,,,,,,,,,,,,,,,,,,,,,,,,,,,,,,,,,,,,,
1768972973.850217,1768972973.851079,8.0,0.0,4380.0,4379.358887,4364.615234,4377.692383,4367.563965,4368.205078,4371.282227,4381.025879,4370.0,4362.436035,4477.05127,4521.025879,4413.205078,4443.461426,,,,,,,,,,,,,,,,,,,,,,,,,,,,,,,,,,,,,,,,,,,,,,,,,,,,,,,,,,,,,,,,,,,,,,
1768972973.858025,1768972973.858887,9.0,0.0,4381.025879,4381.025879,4357.563965,4379.230957,4366.153809,4364.743652,4368.333496,4378.205078,4366.538574,4361.153809,4473.974121,4519.358887,4408.589844,4445.128418,,,,,,,,,,,,,,,,,,,,,,,,,,,,,,,,,,,,,,,,,,,,,,,,,,,,,,,,,,,,,,,,,,,,,,
1768972973.865834,1768972973.866795,10.0,0.0,4379.743652,4383.717773,4361.922852,4381.025879,4369.487305,4373.717773,4377.94873,4379.487305,4365.384766,4356.153809,4464.487305,4521.282227,4399.230957,4440.769043,,,,,,,,,,,,,,,,,,,,,,,,,,,,,,,,,,,,,,,,,,,,,,,,,,,,,,,,,,,,,,,,,,,,,,
1768972973.873642,1768972973.874604,11.0,0.0,4377.05127,4375.897461,4363.333496,4375.641113,4369.230957,4375.769043,4376.922852,4377.563965,4365.512695,4352.94873,4460.256348,4514.615234,4395.512695,4430.256348,,,,,,,,,,,,,,,,,,,,,,,,,,,,,,,,,,,,,,,,,,,,,,,,,,,,,,,,,,,,,,,,,,,,,,
1768972973.881451,1768972973.882612,12.0,0.0,4380.512695,4372.307617,4357.820313,4373.205078,4366.538574,4365.897461,4367.179688,4375.512695,4367.436035,4353.717773,4460.641113,4510.641113,4397.179688,4427.05127,,,,,,,,,,,,,,,,,,,,,,,,,,,,,,,,,,,,,,,,,,,,,,,,,,,,,,,,,,,,,,,,,,,,,,
1768972973.889259,1768972973.89042,13.0,0.0,4379.487305,4372.820313,4358.077148,4378.077148,4367.436035,4367.05127,4371.282227,4381.794922,4372.692383,4354.615234,4461.153809,4519.358887,4398.077148,4429.487305,,,,,,,,,,,,,,,,,,,,,,,,,,,,,,,,,,,,,,,,,,,,,,,,,,,,,,,,,,,,,,,,,,,,,,
1768972973.897068,1768972973.898329,14.0,0.0,4376.922852,4372.436035,4362.436035,4378.846191,4369.102539,4375.512695,4378.333496,4385.0,4375.0,4355.384766,4460.384766,4519.871582,4396.666504,4426.794922,0.64732,0.375538,0.368775,0.369281,0.184496,1.949048,0.271019,0.259942,0.312081,0.195106,0.237411,0.329212,0.148419,0.135947,0.091811,0.385556,0.159199,0.20299,0.133614,0.072639,0.243283,0.247839,0.048297,0.035551,0.049471,0.210937,0.503761,0.077627,0.270739,0.232944,0.514625,0.267942,0.122796,0.331639,0.236432,0.195073,0.097047,0.067286,0.059186,0.066301,0.356611,0.192393,0.275646,0.109046,0.08679,0.163318,0.124007,0.203076,0.118756,0.079787,0.613902,0.322339,0.357698,0.265681,0.152823,0.672312,0.281838,0.319009,0.281831,0.164771,0.602925,0.299633,0.278068,0.232241,0.138773,1.230984,0.535614,0.755826,0.269302,0.187663
1768972973.904876,1768972973.906137,15.0,0.0,4377.307617,4374.871582,4358.589844,4372.436035,4365.641113,4367.05127,4368.589844,4376.922852,4367.436035,4351.025879,4459.102539,4507.307617,4390.641113,4424.102539,,,,,,,,,,,,,,,,,,,,,,,,,,,,,,,,,,,,,,,,,,,,,,,,,,,,,,,,,,,,,,,,,,,,,,
1768972973.912685,1768972973.913746,16.0,0.0,4376.538574,4375.769043,4355.128418,4371.025879,4361.282227,4360.384766,4364.358887,4375.384766,4361.794922,4343.461426,4458.205078,4507.436035,4387.563965,4426.666504,,,,,,,,,,,,,,,,,,,,,,,,,,,,,,,,,,,,,,,,,,,,,,,,,,,,,,,,,,,,,,,,,,,,,,
1768972973.920493,1768972973.921554,17.0,0.0,4372.179688,4371.025879,4355.897461,4373.333496,4361.794922,4375.641113,4379.871582,4382.05127,4365.256348,4343.461426,4458.461426,4518.717773,4389.615234,4426.282227,,,,,,,,,,,,,,,,,,,,,,,,,,,,,,,,,,,,,,,,,,,,,,,,,,,,,,,,,,,,,,,,,,,,,,
1768972973.928301,1768972973.929263,18.0,0.0,4372.307617,4368.974121,4355.256348,4371.282227,4364.102539,4383.589844,4386.282227,4382.94873,4369.487305,4351.025879,4459.102539,4520.256348,4389.102539,4425.0,,,,,,,,,,,,,,,,,,,,,,,,,,,,,,,,,,,,,,,,,,,,,,,,,,,,,,,,,,,,,,,,,,,,,,
1768972973.93611,1768972973.937071,19.0,0.0,4378.974121,4373.846191,4354.487305,4370.769043,4361.410156,4370.641113,4376.153809,4380.512695,4370.0,4353.205078,4459.230957,4520.897461,4389.102539,4428.077148,,,,,,,,,,,,,,,,,,,,,,,,,,,,,,,,,,,,,,,,,,,,,,,,,,,,,,,,,,,,,,,,,,,,,,
1768972973.943918,1768972973.94508,20.0,0.0,4380.128418,4379.743652,4355.256348,4374.743652,4358.974121,4365.0,4370.256348,4379.487305,4370.512695,4350.128418,4458.461426,4523.589844,4393.974121,4431.025879,,,,,,,,,,,,,,,,,,,,,,,,,,,,,,,,,,,,,,,,,,,,,,,,,,,,,,,,,,,,,,,,,,,,,,
1768972973.951727,1768972973.952888,21.0,0.0,4374.487305,4378.846191,4356.282227,4375.0,4363.077148,4375.769043,4375.0,4381.922852,4373.333496,4352.692383,4458.461426,4521.922852,4397.05127,4430.384766,,,,,,,,,,,,,,,,,,,,,,,,,,,,,,,,,,,,,,,,,,,,,,,,,,,,,,,,,,,,,,,,,,,,,,
1768972973.959535,1768972973.960796,22.0,0.0,4371.794922,4377.05127,4354.871582,4372.179688,4366.666504,4381.794922,4380.897461,4386.410156,4375.512695,4359.615234,4461.922852,4524.487305,4398.077148,4429.230957,,,,,,,,,,,,,,,,,,,,,,,,,,,,,,,,,,,,,,,,,,,,,,,,,,,,,,,,,,,,,,,,,,,,,,
1768972973.967344,1768972973.968605,23.0,0.0,4374.487305,4380.128418,4355.384766,4374.230957,4364.871582,4380.384766,4384.871582,4387.307617,4375.0,4357.692383,4462.692383,4524.102539,4397.179688,4429.358887,,,,,,,,,,,,,,,,,,,,,,,,,,,,,,,,,,,,,,,,,,,,,,,,,,,,,,,,,,,,,,,,,,,,,,
1768972973.975152,1768972973.976513,24.0,0.0,4376.666504,4383.205078,4358.333496,4375.897461,4360.641113,4380.0,4383.461426,4381.410156,4369.102539,4348.461426,4458.589844,4515.384766,4392.563965,4428.589844,,,,,,,,,,,,,,,,,,,,,,,,,,,,,,,,,,,,,,,,,,,,,,,,,,,,,,,,,,,,,,,,,,,,,,
1768972973.982961,1768972973.984322,25.0,0.0,4379.615234,4382.563965,4360.384766,4374.487305,4360.256348,4377.692383,4374.487305,4374.871582,4366.410156,4346.538574,4457.820313,4513.589844,4392.05127,4428.589844,,,,,,,,,,,,,,,,,,,,,,,,,,,,,,,,,,,,,,,,,,,,,,,,,,,,,,,,,,,,,,,,,,,,,,
1768972973.990769,1768972973.99203,26.0,0.0,4384.102539,4380.897461,4359.871582,4376.410156,4363.077148,4374.743652,4374.358887,4374.102539,4369.743652,4350.897461,4460.128418,4519.358887,4396.410156,4428.589844,,,,,,,,,,,,,,,,,,,,,,,,,,,,,,,,,,,,,,,,,,,,,,,,,,,,,,,,,,,,,,,,,,,,,,
1768972973.998577,1768972973.999839,27.0,0.0,4378.589844,4380.897461,4361.282227,4379.487305,4365.384766,4377.436035,4381.025879,4375.769043,4367.179688,4350.256348,4458.717773,4518.333496,4396.410156,4426.794922,,,,,,,,,,,,,,,,,,,,,,,,,,,,,,,,,,,,,,,,,,,,,,,,,,,,,,,,,,,,,,,,,,,,,,
1768972974.006386,1768972974.007447,28.0,0.0,4372.563965,4381.794922,4367.179688,4380.641113,4366.153809,4377.436035,4377.436035,4377.179688,4361.794922,4351.410156,4458.461426,4516.794922,4395.641113,4429.102539,,,,,,,,,,,,,,,,,,,,,,,,,,,,,,,,,,,,,,,,,,,,,,,,,,,,,,,,,,,,,,,,,,,,,,
1768972974.014194,1768972974.015256,29.0,0.0,4376.922852,4382.94873,4366.538574,4380.0,4370.128418,4373.461426,4374.102539,4381.794922,4364.871582,4357.436035,4463.205078,4521.410156,4398.717773,4433.846191,,,,,,,,,,,,,,,,,,,,,,,,,,,,,,,,,,,,,,,,,,,,,,,,,,,,,,,,,,,,,,,,,,,,,,
1768972974.022003,1768972974.022964,30.0,0.0,4379.230957,4385.384766,4359.230957,4375.897461,4373.589844,4375.0,4379.102539,4383.461426,4369.871582,4358.205078,4463.205078,4519.743652,4398.974121,4431.410156,0.65091,0.314057,0.337543,0.376128,0.188334,2.030238,0.276816,0.28258,0.290205,0.190522,0.228213,0.299336,0.15238,0.15328,0.100186,0.434844,0.160765,0.206514,0.151924,0.081904,0.301251,0.261264,0.050648,0.048324,0.049145,0.183254,0.480835,0.074688,0.264385,0.22926,0.488897,0.280112,0.12918,0.352108,0.23587,0.229897,0.103425,0.070674,0.055527,0.063269,0.373142,0.210103,0.308947,0.119456,0.077722,0.15194,0.120814,0.229056,0.112821,0.079369,0.688033,0.36649,0.418868,0.259457,0.146195,0.668732,0.257001,0.306389,0.326038,0.163943,0.581146,0.304174,0.33931,0.257681,0.136099,1.193931,0.557225,0.729939,0.291753,0.184727
1768972974.029811,1768972974.030773,31.0,0.0,4373.205078,4386.410156,4357.307617,4373.205078,4369.615234,4377.820313,4380.256348,4377.94873,4364.615234,4351.794922,4457.94873,4512.94873,4396.153809,4426.794922,,,,,,,,,,,,,,,,,,,,,,,,,,,,,,,,,,,,,,,,,,,,,,,,,,,,,,,,,,,,,,,,,,,,,,
1768972974.03762,1768972974.038381,32.0,0.0,4370.641113,4384.743652,4360.641113,4376.410156,4366.794922,4378.974121,4378.461426,4376.538574,4358.589844,4345.641113,4456.666504,4511.538574,4395.128418,4428.461426,,,,,,,,,,,,,,,,,,,,,,,,,,,,,,,,,,,,,,,,,,,,,,,,,,,,,,,,,,,,,,,,,,,,,,
1768972974.045428,1768972974.04619,33.0,0.0,4375.128418,4384.102539,4358.205078,4374.615234,4370.384766,4380.512695,4380.128418,4378.974121,4362.94873,4347.307617,4459.743652,4509.358887,4394.743652,4429.615234,,,,,,,,,,,,,,,,,,,,,,,,,,,,,,,,,,,,,,,,,,,,,,,,,,,,,,,,,,,,,,,,,,,,,,
1768972974.053237,1768972974.053898,34.0,0.0,4373.461426,4384.230957,4353.717773,4372.563965,4372.94873,4378.333496,4378.974121,4378.589844,4370.897461,4355.512695,4461.282227,4505.897461,4396.153809,4427.563965,,,,,,,,,,,,,,,,,,,,,,,,,,,,,,,,,,,,,,,,,,,,,,,,,,,,,,,,,,,,,,,,,,,,,,
1768972974.061045,1768972974.061707,35.0,0.0,4370.0,4381.410156,4356.922852,4379.487305,4372.179688,4377.436035,4379.743652,4378.846191,4371.922852,4356.922852,4460.897461,4510.384766,4397.307617,4429.358887,,,,,,,,,,,,,,,,,,,,,,,,,,,,,,,,,,,,,,,,,,,,,,,,,,,,,,,,,,,,,,,,,,,,,,
1768972974.068854,1768972974.069715,36.0,0.0,4376.794922,4380.897461,4360.897461,4382.307617,4371.153809,4380.256348,4380.256348,4378.846191,4371.538574,4353.461426,4461.666504,4514.487305,4397.05127,4432.05127,,,,,,,,,,,,,,,,,,,,,,,,,,,,,,,,,,,,,,,,,,,,,,,,,,,,,,,,,,,,,,,,,,,,,,
1768972974.076662,1768972974.077524,37.0,0.0,4380.128418,4383.974121,4356.538574,4378.717773,4369.358887,4378.717773,4377.179688,4377.563965,4375.128418,4355.897461,4462.692383,4511.666504,4399.487305,4430.897461,,,,,,,,,,,,,,,,,,,,,,,,,,,,,,,,,,,,,,,,,,,,,,,,,,,,,,,,,,,,,,,,,,,,,,
1768972974.08447,1768972974.085432,38.0,0.0,4373.333496,4386.025879,4351.410156,4380.512695,4369.743652,4376.153809,4380.512695,4380.0,4375.512695,4358.589844,4461.410156,4511.025879,4399.230957,4427.94873,,,,,,,,,,,,,,,,,,,,,,,,,,,,,,,,,,,,,,,,,,,,,,,,,,,,,,,,,,,,,,,,,,,,,,
1768972974.092279,1768972974.09324,39.0,0.0,4371.282227,4388.205078,4354.871582,4381.538574,4371.794922,4379.615234,4384.102539,4382.692383,4372.563965,4352.179688,4458.846191,4510.897461,4396.410156,4427.820313,,,,,,,,,,,,,,,,,,,,,,,,,,,,,,,,,,,,,,,,,,,,,,,,,,,,,,,,,,,,,,,,,,,,,,
1768972974.100087,1768972974.101249,40.0,0.0,4381.410156,4390.0,4362.563965,4380.641113,4368.974121,4381.538574,4380.384766,4379.230957,4370.769043,4347.820313,4459.102539,4512.820313,4403.077148,4432.820313,,,,,,,,,,,,,,,,,,,,,,,,,,,,,,,,,,,,,,,,,,,,,,,,,,,,,,,,,,,,,,,,,,,,,,
1768972974.107896,1768972974.109057,41.0,0.0,4383.846191,4389.487305,4362.307617,4384.615234,4366.794922,4377.692383,4377.05127,4378.589844,4371.794922,4351.153809,4462.692383,4516.922852,4408.461426,4434.871582,,,,,,,,,,,,,,,,,,,,,,,,,,,,,,,,,,,,,,,,,,,,,,,,,,,,,,,,,,,,,,,,,,,,,,
1768972974.115704,1768972974.116766,42.0,0.0,4372.436035,4385.0,4353.846191,4384.358887,4368.205078,4376.538574,4380.256348,4383.461426,4371.922852,4352.692383,4461.025879,4512.307617,4400.641113,4430.384766,,,,,,,,,,,,,,,,,,,,,,,,,,,,,,,,,,,,,,,,,,,,,,,,,,,,,,,,,,,,,,,,,,,,,,
1768972974.123513,1768972974.124574,43.0,0.0,4369.871582,4381.282227,4350.512695,4379.487305,4368.717773,4375.512695,4379.230957,4383.717773,4372.436035,4351.282227,4458.205078,4507.307617,4399.743652,4427.94873,,,,,,,,,,,,,,,,,,,,,,,,,,,,,,,,,,,,,,,,,,,,,,,,,,,,,,,,,,,,,,,,,,,,,,
1768972974.131321,1768972974.132183,44.0,0.0,4380.0,4382.05127,4356.153809,4381.025879,4370.0,4378.077148,4381.282227,4382.179688,4376.538574,4354.230957,4466.282227,4516.794922,4409.871582,4430.641113,,,,,,,,,,,,,,,,,,,,,,,,,,,,,,,,,,,,,,,,,,,,,,,,,,,,,,,,,,,,,,,,,,,,,,
1768972974.13913,1768972974.139991,45.0,0.0,4383.461426,4382.179688,4361.922852,4385.769043,4374.487305,4383.717773,4390.769043,4386.794922,4381.794922,4361.666504,4476.153809,4528.205078,4415.0,4436.025879,,,,,,,,,,,,,,,,,,,,,,,,,,,,,,,,,,,,,,,,,,,,,,,,,,,,,,,,,,,,,,,,,,,,,,
1768972974.146938,1768972974.147899,46.0,0.0,4380.128418,4386.282227,4361.666504,4387.820313,4377.563965,4382.820313,4390.769043,4388.717773,4383.333496,4365.897461,4477.179688,4522.692383,4413.717773,4440.641113,0.666142,0.264202,0.298771,0.361313,0.187933,2.003969,0.277672,0.301646,0.260128,0.177385,0.262577,0.265789,0.157584,0.172716,0.109041,0.480072,0.156284,0.202275,0.170666,0.092621,0.368419,0.252635,0.059322,0.062509,0.049664,0.147617,0.424849,0.072937,0.262046,0.222287,0.41632,0.299631,0.133539,0.365283,0.236352,0.248463,0.107959,0.074411,0.052378,0.058697,0.369861,0.224459,0.322948,0.124887,0.067508,0.147279,0.121585,0.247571,0.110333,0.079094,0.779076,0.422725,0.458915,0.246984,0.144824,0.695641,0.252266,0.307225,0.36509,0.161505,0.545082,0.318225,0.425932,0.278953,0.14132,1.161486,0.589348,0.693028,0.300019,0.181286
1768972974.154746,1768972974.155708,47.0,0.0,4385.897461,4396.282227,4362.05127,4390.0,4379.871582,4382.94873,4385.512695,4382.307617,4378.589844,4361.794922,4474.102539,4515.512695,4413.589844,4442.179688,,,,,,,,,,,,,,,,,,,,,,,,,,,,,,,,,,,,,,,,,,,,,,,,,,,,,,,,,,,,,,,,,,,,,,
1768972974.162555,1768972974.163716,48.0,0.0,4390.641113,4398.589844,4364.102539,4390.128418,4380.384766,4384.871582,4382.692383,4380.384766,4376.025879,4356.922852,4474.358887,4521.153809,4418.717773,4444.102539,,,,,,,,,,,,,,,,,,,,,,,,,,,,,,,,,,,,,,,,,,,,,,,,,,,,,,,,,,,,,,,,,,,,,,
1768972974.170363,1768972974.171525,49.0,0.0,4390.256348,4394.743652,4363.077148,4387.820313,4377.563965,4377.692383,4376.794922,4383.077148,4377.05127,4359.743652,4477.563965,4527.05127,4421.410156,4447.692383,,,,,,,,,,,,,,,,,,,,,,,,,,,,,,,,,,,,,,,,,,,,,,,,,,,,,,,,,,,,,,,,,,,,,,
1768972974.178172,1768972974.179233,50.0,0.0,4393.333496,4397.692383,4362.05127,4387.94873,4377.692383,4370.897461,4372.692383,4380.0,4376.922852,4361.282227,4471.794922,4522.94873,4414.358887,4446.794922,,,,,,,,,,,,,,,,,,,,,,,,,,,,,,,,,,,,,,,,,,,,,,,,,,,,,,,,,,,,,,,,,,,,,,
1768972974.18598,1768972974.187042,51.0,0.0,4394.102539,4397.563965,4362.94873,4389.358887,4381.538574,4380.512695,4382.307617,4378.205078,4373.333496,4354.230957,4462.179688,4516.538574,4408.717773,4442.179688,,,,,,,,,,,,,,,,,,,,,,,,,,,,,,,,,,,,,,,,,,,,,,,,,,,,,,,,,,,,,,,,,,,,,,
1768972974.193789,1768972974.19465,52.0,0.0,4387.563965,4389.615234,4361.153809,4388.717773,4381.794922,4386.538574,4390.897461,4379.871582,4372.436035,4351.666504,4462.307617,4514.615234,4411.794922,4442.820313,,,,,,,,,,,,,,,,,,,,,,,,,,,,,,,,,,,,,,,,,,,,,,,,,,,,,,,,,,,,,,,,,,,,,,
1768972974.201597,1768972974.202459,53.0,0.0,4378.717773,4389.102539,4358.974121,4386.410156,4375.384766,4377.436035,4383.333496,4379.615234,4377.563965,4357.05127,4466.025879,4514.743652,4413.846191,4444.358887,,,,,,,,,,,,,,,,,,,,,,,,,,,,,,,,,,,,,,,,,,,,,,,,,,,,,,,,,,,,,,,,,,,,,,
1768972974.209406,1768972974.210167,54.0,0.0,4376.410156,4394.230957,4361.282227,4387.436035,4372.05127,4375.0,4377.436035,4378.846191,4378.846191,4356.538574,4461.410156,4514.743652,4411.410156,4438.205078,,,,,,,,,,,,,,,,,,,,,,,,,,,,,,,,,,,,,,,,,,,,,,,,,,,,,,,,,,,,,,,,,,,,,,
1768972974.217214,1768972974.217976,55.0,0.0,4380.256348,4396.922852,4358.974121,4390.641113,4374.615234,4378.077148,4379.358887,4379.230957,4374.615234,4349.615234,4457.820313,4513.205078,4408.717773,4428.589844,,,,,,,,,,,,,,,,,,,,,,,,,,,,,,,,,,,,,,,,,,,,,,,,,,,,,,,,,,,,,,,,,,,,,,
1768972974.225022,1768972974.225584,56.0,0.0,4383.589844,4397.05127,4351.410156,4391.025879,4373.974121,4377.563965,4380.769043,4378.717773,4372.692383,4350.128418,4459.487305,4510.256348,4403.974121,4426.538574,,,,,,,,,,,,,,,,,,,,,,,,,,,,,,,,,,,,,,,,,,,,,,,,,,,,,,,,,,,,,,,,,,,,,,
1768972974.232831,1768972974.233393,57.0,0.0,4382.05127,4395.897461,4353.461426,4387.94873,4372.436035,4379.102539,4380.512695,4376.025879,4373.717773,4352.820313,4458.717773,4510.641113,4402.307617,4430.897461,,,,,,,,,,,,,,,,,,,,,,,,,,,,,,,,,,,,,,,,,,,,,,,,,,,,,,,,,,,,,,,,,,,,,,
1768972974.240639,1768972974.241101,58.0,0.0,4381.025879,4391.025879,4357.179688,4384.487305,4373.589844,4378.077148,4381.410156,4376.153809,4369.358887,4345.897461,4456.153809,4508.589844,4402.692383,4428.974121,,,,,,,,,,,,,,,,,,,,,,,,,,,,,,,,,,,,,,,,,,,,,,,,,,,,,,,,,,,,,,,,,,,,,,
1768972974.248448,1768972974.24891,59.0,0.0,4381.282227,4388.333496,4352.820313,4385.0,4375.0,4375.128418,4382.820313,4378.589844,4365.384766,4340.769043,4455.0,4504.230957,4402.94873,4424.615234,,,,,,,,,,,,,,,,,,,,,,,,,,,,,,,,,,,,,,,,,,,,,,,,,,,,,,,,,,,,,,,,,,,,,,
1768972974.256256,1768972974.256518,60.0,0.0,4381.025879,4388.333496,4351.282227,4387.307617,4375.384766,4381.282227,4383.717773,4379.487305,4366.538574,4344.615234,4457.436035,4506.282227,4406.282227,4428.333496,,,,,,,,,,,,,,,,,,,,,,,,,,,,,,,,,,,,,,,,,,,,,,,,,,,,,,,,,,,,,,,,,,,,,,
1768972974.264064,1768972974.264327,61.0,0.0,4381.153809,4383.846191,4352.692383,4384.358887,4374.743652,4382.692383,4383.077148,4375.769043,4366.282227,4344.743652,4459.871582,4506.410156,4404.487305,4427.94873,,,,,,,,,,,,,,,,,,,,,,,,,,,,,,,,,,,,,,,,,,,,,,,,,,,,,,,,,,,,,,,,,,,,,,
1768972974.271873,1768972974.272235,62.0,0.0,4379.230957,4381.153809,4351.922852,4378.974121,4371.282227,4371.282227,4378.589844,4372.436035,4366.538574,4341.794922,4456.666504,4503.974121,4398.717773,4421.794922,0.668858,0.232085,0.252801,0.329343,0.181623,1.805342,0.269941,0.317724,0.227491,0.159729,0.351662,0.241783,0.154789,0.190304,0.11428,0.503016,0.14629,0.187275,0.186931,0.101569,0.426281,0.223629,0.072201,0.076304,0.050663,0.117458,0.347232,0.072213,0.264784,0.215895,0.322789,0.319675,0.133854,0.367362,0.238803,0.24685,0.110408,0.081019,0.051833,0.053498,0.341369,0.226479,0.321075,0.12676,0.05779,0.15919,0.129842,0.256236,0.111599,0.077925,0.878167,0.490733,0.470387,0.227169,0.144121,0.741456,0.273325,0.326604,0.394683,0.159,0.516301,0.337472,0.530522,0.292945,0.148269,1.149154,0.624545,0.654602,0.291479,0.175579
1768972974.279681,1768972974.280044,63.0,0.0,4379.102539,4385.512695,4353.077148,4382.563965,4370.256348,4370.641113,4377.94873,4374.871582,4370.641113,4343.717773,4456.410156,4509.102539,4402.179688,4422.820313,,,,,,,,,,,,,,,,,,,,,,,,,,,,,,,,,,,,,,,,,,,,,,,,,,,,,,,,,,,,,,,,,,,,,,
1768972974.28749,1768972974.288052,64.0,0.0,4379.358887,4383.846191,4355.128418,4388.333496,4374.487305,4380.0,4383.846191,4375.641113,4374.487305,4345.641113,4459.358887,4516.282227,4410.384766,4428.846191,,,,,,,,,,,,,,,,,,,,,,,,,,,,,,,,,,,,,,,,,,,,,,,,,,,,,,,,,,,,,,,,,,,,,,
1768972974.295298,1768972974.29586,65.0,0.0,4379.743652,4373.461426,4357.820313,4386.922852,4374.230957,4378.589844,4386.666504,4374.487305,4373.205078,4348.205078,4461.922852,4523.205078,4411.666504,4430.384766,,,,,,,,,,,,,,,,,,,,,,,,,,,,,,,,,,,,,,,,,,,,,,,,,,,,,,,,,,,,,,,,,,,,,,
1768972974.303107,1768972974.303769,66.0,0.0,4386.794922,4375.384766,4364.102539,4387.05127,4371.666504,4371.153809,4383.205078,4374.487305,4366.666504,4352.820313,4462.563965,4531.153809,4411.282227,4427.436035,,,,,,,,,,,,,,,,,,,,,,,,,,,,,,,,,,,,,,,,,,,,,,,,,,,,,,,,,,,,,,,,,,,,,,
1768972974.310915,1768972974.311577,67.0,0.0,4392.179688,4383.205078,4366.538574,4390.256348,4375.384766,4376.025879,4385.769043,4375.256348,4361.538574,4353.974121,4464.871582,4531.025879,4418.077148,4430.641113,,,,,,,,,,,,,,,,,,,,,,,,,,,,,,,,,,,,,,,,,,,,,,,,,,,,,,,,,,,,,,,,,,,,,,
1768972974.318724,1768972974.319186,68.0,0.0,4387.820313,4378.461426,4366.025879,4387.820313,4376.410156,4380.641113,4389.615234,4379.615234,4364.102539,4355.641113,4471.410156,4528.717773,4425.256348,4439.743652,,,,,,,,,,,,,,,,,,,,,,,,,,,,,,,,,,,,,,,,,,,,,,,,,,,,,,,,,,,,,,,,,,,,,,
1768972974.326532,1768972974.326994,69.0,0.0,4387.820313,4376.410156,4367.179688,4383.846191,4370.897461,4373.717773,4383.333496,4382.563965,4366.410156,4360.384766,4477.692383,4536.153809,4428.846191,4445.897461,,,,,,,,,,,,,,,,,,,,,,,,,,,,,,,,,,,,,,,,,,,,,,,,,,,,,,,,,,,,,,,,,,,,,,
1768972974.33434,1768972974.334703,70.0,0.0,4398.333496,4386.922852,4366.538574,4387.563965,4371.153809,4371.153809,4377.307617,4383.846191,4363.589844,4361.666504,4477.94873,4538.205078,4430.897461,4445.641113,,,,,,,,,,,,,,,,,,,,,,,,,,,,,,,,,,,,,,,,,,,,,,,,,,,,,,,,,,,,,,,,,,,,,,
1768972974.342149,1768972974.342511,71.0,0.0,4397.94873,4390.897461,4365.256348,4393.589844,4376.794922,4376.794922,4382.179688,4385.384766,4365.769043,4358.974121,4474.871582,4528.974121,4427.692383,4442.05127,,,,,,,,,,,,,,,,,,,,,,,,,,,,,,,,,,,,,,,,,,,,,,,,,,,,,,,,,,,,,,,,,,,,,,
1768972974.349957,1768972974.350519,72.0,0.0,4386.922852,4382.692383,4364.743652,4392.94873,4376.025879,4377.692383,4384.358887,4384.487305,4367.563965,4354.615234,4474.487305,4523.461426,4419.871582,4437.692383,,,,,,,,,,,,,,,,,,,,,,,,,,,,,,,,,,,,,,,,,,,,,,,,,,,,,,,,,,,,,,,,,,,,,,
1768972974.357766,1768972974.358328,73.0,0.0,4384.230957,4378.974121,4364.743652,4388.589844,4372.179688,4376.025879,4380.769043,4381.282227,4362.436035,4351.410156,4471.153809,4528.205078,4413.077148,4432.94873,,,,,,,,,,,,,,,,,,,,,,,,,,,,,,,,,,,,,,,,,,,,,,,,,,,,,,,,,,,,,,,,,,,,,,
1768972974.365574,1768972974.366136,74.0,0.0,4385.256348,4382.179688,4361.666504,4388.846191,4374.871582,4381.282227,4386.410156,4381.666504,4360.256348,4353.077148,4462.692383,4529.102539,4412.94873,4430.769043,,,,,,,,,,,,,,,,,,,,,,,,,,,,,,,,,,,,,,,,,,,,,,,,,,,,,,,,,,,,,,,,,,,,,,
1768972974.373383,1768972974.373945,75.0,0.0,4380.897461,4382.820313,4355.512695,4390.128418,4378.205078,4384.102539,4390.641113,4383.846191,4363.589844,4353.846191,4459.230957,4519.102539,4414.487305,4429.358887,,,,,,,,,,,,,,,,,,,,,,,,,,,,,,,,,,,,,,,,,,,,,,,,,,,,,,,,,,,,,,,,,,,,,,
1768972974.381191,1768972974.381553,76.0,0.0,4379.615234,4380.512695,4354.230957,4385.641113,4377.436035,4379.615234,4383.717773,4381.794922,4364.871582,4351.025879,4459.487305,4512.820313,4411.153809,4424.102539,,,,,,,,,,,,,,,,,,,,,,,,,,,,,,,,,,,,,,,,,,,,,,,,,,,,,,,,,,,,,,,,,,,,,,
1768972974.389,1768972974.389362,77.0,0.0,4381.410156,4382.692383,4355.897461,4383.461426,4375.384766,4376.922852,4382.179688,4381.538574,4367.436035,4351.666504,4458.077148,4517.820313,4406.666504,4420.769043,,,,,,,,,,,,,,,,,,,,,,,,,,,,,,,,,,,,,,,,,,,,,,,,,,,,,,,,,,,,,,,,,,,,,,
1768972974.396808,1768972974.39707,78.0,0.0,4378.974121,4391.282227,4357.179688,4390.128418,4375.897461,4375.0,4385.128418,4387.436035,4374.487305,4357.94873,4464.102539,4526.922852,4414.230957,4430.512695,0.64981,0.216461,0.208576,0.288761,0.169787,1.476117,0.253825,0.338986,0.197045,0.141616,0.48404,0.232342,0.14661,0.202322,0.113707,0.498288,0.133141,0.165336,0.197488,0.10619,0.462752,0.18269,0.086224,0.087682,0.05169,0.100538,0.266237,0.074197,0.271396,0.214038,0.232096,0.3324,0.130871,0.358676,0.243502,0.22288,0.112857,0.092577,0.055306,0.048853,0.307309,0.220203,0.317479,0.127871,0.050366,0.184439,0.146903,0.259997,0.11787,0.075957,0.954241,0.559317,0.461533,0.202372,0.139761,0.781789,0.309758,0.36648,0.410075,0.157388,0.512145,0.348678,0.635126,0.299271,0.150135,1.155623,0.643845,0.624296,0.269784,0.165652
1768972974.404616,1768972974.404879,79.0,0.0,4384.615234,4398.077148,4362.692383,4397.436035,4375.897461,4371.794922,4381.410156,4391.410156,4378.589844,4365.0,4477.307617,4529.358887,4428.205078,4441.538574,,,,,,,,,,,,,,,,,,,,,,,,,,,,,,,,,,,,,,,,,,,,,,,,,,,,,,,,,,,,,,,,,,,,,,
1768972974.412425,1768972974.412488,80.0,0.0,4396.922852,4395.769043,4366.794922,4397.692383,4375.256348,4375.641113,4385.512695,4388.333496,4373.589844,4364.871582,4476.025879,4525.0,4426.538574,4436.538574,,,,,,,,,,,,,,,,,,,,,,,,,,,,,,,,,,,,,,,,,,,,,,,,,,,,,,,,,,,,,,,,,,,,,,
1768972974.420233,1768972974.420296,81.0,0.0,4392.692383,4389.358887,4362.563965,4392.307617,4374.102539,4384.487305,4393.205078,4384.358887,4368.461426,4356.410156,4463.846191,4522.307617,4415.128418,4427.05127,,,,,,,,,,,,,,,,,,,,,,,,,,,,,,,,,,,,,,,,,,,,,,,,,,,,,,,,,,,,,,,,,,,,,,
1768972974.428042,1768972974.428005,82.0,0.0,4381.922852,4391.794922,4358.717773,4388.333496,4371.922852,4380.641113,4386.282227,4381.922852,4368.974121,4350.641113,4461.025879,4521.025879,4412.94873,4429.230957,,,,,,,,,,,,,,,,,,,,,,,,,,,,,,,,,,,,,,,,,,,,,,,,,,,,,,,,,,,,,,,,,,,,,,
1768972974.43585,1768972974.435813,83.0,0.0,4383.717773,4395.384766,4359.358887,4389.102539,4371.922852,4373.333496,4381.922852,4377.94873,4365.512695,4351.922852,4462.179688,4515.897461,4414.743652,4431.794922,,,,,,,,,,,,,,,,,,,,,,,,,,,,,,,,,,,,,,,,,,,,,,,,,,,,,,,,,,,,,,,,,,,,,,
1768972974.443659,1768972974.443422,84.0,0.0,4386.666504,4392.05127,4358.974121,4390.0,4372.692383,4379.358887,4386.922852,4379.358887,4360.256348,4350.897461,4458.077148,4509.871582,4411.025879,4423.205078,,,,,,,,,,,,,,,,,,,,,,,,,,,,,,,,,,,,,,,,,,,,,,,,,,,,,,,,,,,,,,,,,,,,,,
1768972974.451467,1768972974.45123,85.0,0.0,4381.666504,4390.128418,4358.846191,4388.589844,4372.307617,4379.358887,4381.282227,4381.153809,4363.205078,4348.846191,4457.436035,4510.256348,4407.307617,4416.153809,,,,,,,,,,,,,,,,,,,,,,,,,,,,,,,,,,,,,,,,,,,,,,,,,,,,,,,,,,,,,,,,,,,,,,
1768972974.459276,1768972974.458939,86.0,0.0,4380.384766,4391.666504,4358.461426,4388.846191,4372.94873,4373.589844,4376.410156,4378.846191,4364.358887,4349.487305,4459.615234,4511.666504,4408.077148,4421.538574,,,,,,,,,,,,,,,,,,,,,,,,,,,,,,,,,,,,,,,,,,,,,,,,,,,,,,,,,,,,,,,,,,,,,,
1768972974.467084,1768972974.466747,87.0,0.0,4383.589844,4388.077148,4356.794922,4390.769043,4372.179688,4371.666504,4378.717773,4376.282227,4358.077148,4350.641113,4459.487305,4511.922852,4412.820313,4430.512695,,,,,,,,,,,,,,,,,,,,,,,,,,,,,,,,,,,,,,,,,,,,,,,,,,,,,,,,,,,,,,,,,,,,,,
1768972974.474893,1768972974.474755,88.0,0.0,4382.436035,4382.563965,4356.666504,4388.461426,4368.077148,4366.794922,4375.0,4375.128418,4356.410156,4350.0,4458.333496,4512.05127,4412.05127,4426.666504,,,,,,,,,,,,,,,,,,,,,,,,,,,,,,,,,,,,,,,,,,,,,,,,,,,,,,,,,,,,,,,,,,,,,,
1768972974.482701,1768972974.482564,89.0,0.0,4378.846191,4380.897461,4353.846191,4386.153809,4366.410156,4368.974121,4376.410156,4375.384766,4361.794922,4346.922852,4458.846191,4507.692383,4404.358887,4417.692383,,,,,,,,,,,,,,,,,,,,,,,,,,,,,,,,,,,,,,,,,,,,,,,,,,,,,,,,,,,,,,,,,,,,,,
1768972974.490509,1768972974.490472,90.0,0.0,4381.538574,4384.230957,4350.512695,4388.461426,4368.589844,4375.256348,4380.769043,4375.256348,4365.512695,4346.666504,4460.256348,4506.666504,4407.692383,4423.205078,,,,,,,,,,,,,,,,,,,,,,,,,,,,,,,,,,,,,,,,,,,,,,,,,,,,,,,,,,,,,,,,,,,,,,
1768972974.498318,1768972974.498281,91.0,0.0,4379.743652,4381.282227,4348.974121,4385.641113,4367.05127,4364.487305,4372.179688,4371.538574,4363.589844,4350.512695,4461.153809,4512.179688,4414.871582,4431.922852,,,,,,,,,,,,,,,,,,,,,,,,,,,,,,,,,,,,,,,,,,,,,,,,,,,,,,,,,,,,,,,,,,,,,,
1768972974.506126,1768972974.506289,92.0,0.0,4368.589844,4371.922852,4348.333496,4379.230957,4365.512695,4356.410156,4367.94873,4368.205078,4358.205078,4351.025879,4459.743652,4509.487305,4408.974121,4421.282227,,,,,,,,,,,,,,,,,,,,,,,,,,,,,,,,,,,,,,,,,,,,,,,,,,,,,,,,,,,,,,,,,,,,,,
1768972974.513935,1768972974.514097,93.0,0.0,4374.743652,4374.102539,4351.666504,4382.307617,4368.333496,4368.333496,4376.666504,4371.025879,4355.641113,4346.794922,4457.692383,4502.05127,4403.461426,4412.179688,,,,,,,,,,,,,,,,,,,,,,,,,,,,,,,,,,,,,,,,,,,,,,,,,,,,,,,,,,,,,,,,,,,,,,
1768972974.521743,1768972974.521806,94.0,0.0,4393.333496,4385.256348,4353.589844,4389.102539,4371.794922,4373.461426,4380.769043,4372.820313,4359.743652,4347.179688,4459.615234,4506.410156,4410.641113,4423.717773,0.609581,0.212892,0.178206,0.247884,0.155357,1.115129,0.232008,0.370929,0.173608,0.126057,0.634417,0.231184,0.13779,0.206058,0.108048,0.462709,0.11912,0.142944,0.199203,0.105501,0.472115,0.141343,0.096479,0.094838,0.052198,0.097631,0.1976,0.079143,0.278443,0.218221,0.166651,0.3304,0.125737,0.343417,0.249237,0.187773,0.1182,0.109152,0.062816,0.045719,0.273411,0.211773,0.327254,0.130071,0.046523,0.226054,0.171497,0.268141,0.130245,0.074361,1.00546,0.609884,0.450343,0.17879,0.130129,0.828191,0.344473,0.417517,0.406404,0.156958,0.553804,0.340599,0.714697,0.300438,0.143436,1.177343,0.633596,0.606667,0.240662,0.150732
1768972974.529552,1768972974.529614,95.0,0.0,4394.743652,4390.0,4352.179688,4391.153809,4373.461426,4374.102539,4382.436035,4377.436035,4366.666504,4352.307617,4462.563965,4513.205078,4414.487305,4431.282227,,,,,,,,,,,,,,,,,,,,,,,,,,,,,,,,,,,,,,,,,,,,,,,,,,,,,,,,,,,,,,,,,,,,,,
1768972974.53736,1768972974.537623,96.0,0.0,4392.307617,4391.410156,4355.0,4394.743652,4375.256348,4378.333496,4382.820313,4383.461426,4367.436035,4355.256348,4462.436035,4513.333496,4411.282227,4426.282227,,,,,,,,,,,,,,,,,,,,,,,,,,,,,,,,,,,,,,,,,,,,,,,,,,,,,,,,,,,,,,,,,,,,,,
1768972974.545169,1768972974.545431,97.0,0.0,4400.384766,4391.410156,4360.0,4399.102539,4374.358887,4373.974121,4376.025879,4380.128418,4362.94873,4353.077148,4460.641113,4515.897461,4412.436035,4429.871582,,,,,,,,,,,,,,,,,,,,,,,,,,,,,,,,,,,,,,,,,,,,,,,,,,,,,,,,,,,,,,,,,,,,,,
1768972974.552977,1768972974.553339,98.0,0.0,4397.820313,4384.358887,4358.077148,4394.230957,4370.769043,4371.153809,4375.256348,4374.358887,4363.717773,4350.0,4460.128418,4515.512695,4410.256348,4430.0,,,,,,,,,,,,,,,,,,,,,,,,,,,,,,,,,,,,,,,,,,,,,,,,,,,,,,,,,,,,,,,,,,,,,,
1768972974.560785,1768972974.561148,99.0,0.0,4387.820313,4380.641113,4354.102539,4388.461426,4371.410156,4374.487305,4379.358887,4376.666504,4367.94873,4353.846191,4459.615234,4513.974121,4406.794922,4420.641113,,,,,,,,,,,,,,,,,,,,,,,,,,,,,,,,,,,,,,,,,,,,,,,,,,,,,,,,,,,,,,,,,,,,,,
1768972974.568594,1768972974.568856,100.0,0.0,4385.769043,4380.641113,4353.333496,4386.538574,4372.307617,4374.615234,4376.282227,4379.871582,4367.436035,4358.717773,4459.230957,4518.333496,4409.358887,4421.922852,,,,,,,,,,,,,,,,,,,,,,,,,,,,,,,,,,,,,,,,,,,,,,,,,,,,,,,,,,,,,,,,,,,,,,
1768972974.576402,1768972974.576665,101.0,0.0,4384.230957,4375.128418,4352.820313,4382.563965,4367.436035,4373.205078,4371.666504,4376.922852,4365.0,4353.333496,4460.384766,4519.358887,4408.974121,4428.461426,,,,,,,,,,,,,,,,,,,,,,,,,,,,,,,,,,,,,,,,,,,,,,,,,,,,,,,,,,,,,,,,,,,,,,
1768972974.584211,1768972974.584373,102.0,0.0,4381.538574,4373.461426,4352.820313,4378.974121,4366.922852,4372.692383,4372.563965,4371.922852,4362.05127,4347.179688,4456.666504,4512.436035,4400.897461,4425.769043,,,,,,,,,,,,,,,,,,,,,,,,,,,,,,,,,,,,,,,,,,,,,,,,,,,,,,,,,,,,,,,,,,,,,,
1768972974.592019,1768972974.592182,103.0,0.0,4383.461426,4378.717773,4350.384766,4380.256348,4371.666504,4369.102539,4373.205078,4371.410156,4358.717773,4347.820313,4450.641113,4508.077148,4396.538574,4419.487305,,,,,,,,,,,,,,,,,,,,,,,,,,,,,,,,,,,,,,,,,,,,,,,,,,,,,,,,,,,,,,,,,,,,,,
1768972974.599828,1768972974.60019,104.0,0.0,4382.692383,4380.512695,4345.897461,4381.025879,4369.871582,4366.538574,4367.563965,4373.333496,4358.077148,4345.641113,4448.974121,4504.615234,4400.384766,4414.358887,,,,,,,,,,,,,,,,,,,,,,,,,,,,,,,,,,,,,,,,,,,,,,,,,,,,,,,,,,,,,,,,,,,,,,
1768972974.607636,1768972974.607998,105.0,0.0,4375.128418,4378.461426,4345.384766,4377.436035,4365.128418,4369.230957,4366.538574,4372.307617,4358.077148,4341.666504,4447.820313,4499.358887,4402.436035,4409.615234,,,,,,,,,,,,,,,,,,,,,,,,,,,,,,,,,,,,,,,,,,,,,,,,,,,,,,,,,,,,,,,,,,,,,,
1768972974.615445,1768972974.615907,106.0,0.0,4373.589844,4380.769043,4349.871582,4375.641113,4363.461426,4371.538574,4374.615234,4372.692383,4358.333496,4344.487305,4448.974121,4502.563965,4401.666504,4415.128418,,,,,,,,,,,,,,,,,,,,,,,,,,,,,,,,,,,,,,,,,,,,,,,,,,,,,,,,,,,,,,,,,,,,,,
1768972974.623253,1768972974.623715,107.0,0.0,4381.025879,4381.922852,4354.358887,4378.589844,4362.436035,4370.769043,4378.974121,4375.0,4360.128418,4347.692383,4456.025879,4508.461426,4400.512695,4425.0,,,,,,,,,,,,,,,,,,,,,,,,,,,,,,,,,,,,,,,,,,,,,,,,,,,,,,,,,,,,,,,,,,,,,,
1768972974.631061,1768972974.631324,108.0,0.0,4386.153809,4379.102539,4357.307617,4384.743652,4363.974121,4373.205078,4377.05127,4377.94873,4363.205078,4347.692383,4459.615234,4508.974121,4399.102539,4424.743652,,,,,,,,,,,,,,,,,,,,,,,,,,,,,,,,,,,,,,,,,,,,,,,,,,,,,,,,,,,,,,,,,,,,,,
1768972974.63887,1768972974.639132,109.0,0.0,4388.717773,4381.025879,4358.077148,4390.128418,4369.871582,4381.025879,4380.897461,4382.94873,4366.282227,4351.025879,4458.974121,4513.205078,4402.820313,4425.256348,,,,,,,,,,,,,,,,,,,,,,,,,,,,,,,,,,,,,,,,,,,,,,,,,,,,,,,,,,,,,,,,,,,,,,
1768972974.646678,1768972974.646841,110.0,0.0,4389.615234,4385.769043,4358.077148,4390.256348,4374.743652,4385.0,4386.153809,4380.0,4365.128418,4352.692383,4461.666504,4513.846191,4405.0,4429.102539,0.56695,0.223981,0.170463,0.212227,0.142853,0.847154,0.21141,0.410273,0.159031,0.114514,0.77268,0.231975,0.131062,0.20001,0.09977,0.405786,0.106919,0.12605,0.190104,0.100099,0.459463,0.109716,0.09969,0.096764,0.051775,0.101337,0.148337,0.083982,0.280055,0.226113,0.127087,0.308942,0.118018,0.326194,0.252543,0.156695,0.125207,0.128584,0.072213,0.044334,0.258094,0.207329,0.356169,0.13232,0.046472,0.289717,0.203785,0.287398,0.145624,0.074711,1.042219,0.634194,0.453708,0.161089,0.116568,0.923256,0.371607,0.461513,0.379393,0.157376,0.658747,0.32236,0.750584,0.297207,0.13017,1.219534,0.599732,0.601938,0.209265,0.132498
1768972974.654487,1768972974.654649,111.0,0.0,4383.974121,4388.974121,4357.436035,4388.717773,4375.897461,4382.692383,4382.436035,4371.153809,4361.153809,4346.282227,4456.282227,4502.05127,4399.230957,4425.0,,,,,,,,,,,,,,,,,,,,,,,,,,,,,,,,,,,,,,,,,,,,,,,,,,,,,,,,,,,,,,,,,,,,,,
1768972974.662295,1768972974.662258,112.0,0.0,4379.230957,4391.666504,4355.769043,4389.230957,4376.666504,4382.692383,4377.820313,4371.153809,4362.563965,4343.846191,4448.333496,4496.153809,4398.461426,4417.179688,,,,,,,,,,,,,,,,,,,,,,,,,,,,,,,,,,,,,,,,,,,,,,,,,,,,,,,,,,,,,,,,,,,,,,
1768972974.670104,1768972974.670066,113.0,0.0,4387.05127,4396.666504,4356.153809,4390.0,4378.205078,4385.384766,4379.230957,4377.820313,4366.794922,4349.871582,4453.846191,4506.282227,4405.769043,4419.358887,,,,,,,,,,,,,,,,,,,,,,,,,,,,,,,,,,,,,,,,,,,,,,,,,,,,,,,,,,,,,,,,,,,,,,
1768972974.677912,1768972974.677975,114.0,0.0,4395.256348,4399.102539,4360.641113,4388.461426,4375.384766,4381.153809,4377.179688,4378.333496,4366.538574,4352.692383,4460.0,4515.128418,4407.692383,4426.025879,,,,,,,,,,,,,,,,,,,,,,,,,,,,,,,,,,,,,,,,,,,,,,,,,,,,,,,,,,,,,,,,,,,,,,
1768972974.685721,1768972974.685783,115.0,0.0,4396.666504,4401.025879,4363.974121,4388.077148,4370.128418,4372.436035,4371.153809,4373.974121,4366.666504,4351.025879,4457.820313,4510.256348,4407.692383,4426.025879,,,,,,,,,,,,,,,,,,,,,,,,,,,,,,,,,,,,,,,,,,,,,,,,,,,,,,,,,,,,,,,,,,,,,,
1768972974.693529,1768972974.693791,116.0,0.0,4396.538574,4403.974121,4366.025879,4388.717773,4372.05127,4372.94873,4371.410156,4371.410156,4370.384766,4353.974121,4457.94873,4506.794922,4412.436035,4425.0,,,,,,,,,,,,,,,,,,,,,,,,,,,,,,,,,,,,,,,,,,,,,,,,,,,,,,,,,,,,,,,,,,,,,,
1768972974.701337,1768972974.7016,117.0,0.0,4395.769043,4406.282227,4367.94873,4389.615234,4374.230957,4375.0,4373.077148,4374.102539,4371.538574,4356.538574,4461.794922,4517.307617,4413.846191,4429.358887,,,,,,,,,,,,,,,,,,,,,,,,,,,,,,,,,,,,,,,,,,,,,,,,,,,,,,,,,,,,,,,,,,,,,,
1768972974.709146,1768972974.709508,118.0,0.0,4390.256348,4405.256348,4367.179688,4389.487305,4370.897461,4370.512695,4370.0,4373.717773,4369.230957,4349.358887,4460.641113,4523.333496,4408.589844,4430.256348,,,,,,,,,,,,,,,,,,,,,,,,,,,,,,,,,,,,,,,,,,,,,,,,,,,,,,,,,,,,,,,,,,,,,,
1768972974.716954,1768972974.717317,119.0,0.0,4387.94873,4400.641113,4366.410156,4386.282227,4372.692383,4375.769043,4374.230957,4370.512695,4366.538574,4341.666504,4457.94873,4518.846191,4404.743652,4424.230957,,,,,,,,,,,,,,,,,,,,,,,,,,,,,,,,,,,,,,,,,,,,,,,,,,,,,,,,,,,,,,,,,,,,,,
1768972974.724763,1768972974.724925,120.0,0.0,4390.641113,4402.563965,4367.307617,4386.153809,4375.0,4383.205078,4379.487305,4377.307617,4368.974121,4346.666504,4456.666504,4522.692383,4406.794922,4421.282227,,,,,,,,,,,,,,,,,,,,,,,,,,,,,,,,,,,,,,,,,,,,,,,,,,,,,,,,,,,,,,,,,,,,,,
1768972974.732571,1768972974.732734,121.0,0.0,4388.077148,4407.820313,4368.461426,4388.077148,4371.538574,4377.05127,4374.871582,4383.974121,4376.666504,4358.333496,4463.461426,4533.461426,4413.461426,4428.205078,,,,,,,,,,,,,,,,,,,,,,,,,,,,,,,,,,,,,,,,,,,,,,,,,,,,,,,,,,,,,,,,,,,,,,
1768972974.74038,1768972974.740642,122.0,0.0,4390.384766,4403.974121,4370.641113,4387.05127,4372.692383,4377.94873,4376.922852,4382.179688,4378.974121,4360.0,4472.820313,4537.307617,4415.0,4437.307617,,,,,,,,,,,,,,,,,,,,,,,,,,,,,,,,,,,,,,,,,,,,,,,,,,,,,,,,,,,,,,,,,,,,,,
1768972974.748188,1768972974.748451,123.0,0.0,4398.205078,4396.794922,4370.256348,4386.538574,4377.820313,4389.230957,4386.025879,4379.615234,4373.205078,4352.692383,4470.384766,4534.102539,4411.538574,4435.641113,,,,,,,,,,,,,,,,,,,,,,,,,,,,,,,,,,,,,,,,,,,,,,,,,,,,,,,,,,,,,,,,,,,,,,
1768972974.755997,1768972974.756459,124.0,0.0,4393.333496,4394.102539,4367.692383,4388.333496,4376.153809,4384.871582,4382.820313,4383.077148,4372.436035,4350.384766,4462.307617,4528.461426,4411.025879,4429.102539,,,,,,,,,,,,,,,,,,,,,,,,,,,,,,,,,,,,,,,,,,,,,,,,,,,,,,,,,,,,,,,,,,,,,,
1768972974.763805,1768972974.764267,125.0,0.0,4385.641113,4393.205078,4366.153809,4388.333496,4371.794922,4372.692383,4374.615234,4387.820313,4379.230957,4353.205078,4462.436035,4526.794922,4411.282227,4434.358887,,,,,,,,,,,,,,,,,,,,,,,,,,,,,,,,,,,,,,,,,,,,,,,,,,,,,,,,,,,,,,,,,,,,,,
1768972974.771613,1768972974.771976,126.0,0.0,4390.512695,4393.974121,4363.461426,4386.410156,4371.538574,4374.487305,4377.692383,4387.307617,4382.05127,4356.666504,4471.538574,4532.563965,4413.077148,4444.871582,0.546149,0.258656,0.187784,0.185074,0.136171,0.720865,0.201005,0.448156,0.152166,0.107418,0.871455,0.234245,0.126843,0.184849,0.091014,0.338117,0.10115,0.119589,0.171865,0.091862,0.435166,0.094044,0.096169,0.093101,0.05037,0.108926,0.120753,0.085132,0.270949,0.232746,0.111471,0.272144,0.106219,0.310308,0.248954,0.152917,0.131832,0.147465,0.080604,0.044374,0.269527,0.212181,0.396868,0.132833,0.04941,0.377723,0.243067,0.317209,0.158428,0.077649,1.087195,0.633586,0.476798,0.150155,0.101859,1.109943,0.394807,0.481585,0.331043,0.15793,0.829316,0.316818,0.737756,0.286468,0.115983,1.288035,0.560376,0.606934,0.180105,0.115905
1768972974.779422,1768972974.779784,127.0,0.0,4396.538574,4397.94873,4363.461426,4390.256348,4375.897461,4383.974121,4379.487305,4382.436035,4380.769043,4359.230957,4477.820313,4537.307617,4415.384766,4445.0,,,,,,,,,,,,,,,,,,,,,,,,,,,,,,,,,,,,,,,,,,,,,,,,,,,,,,,,,,,,,,,,,,,,,,
1768972974.78723,1768972974.787393,0.0,0.0,4396.922852,4400.256348,4368.717773,4396.025879,4380.384766,4383.205078,4375.0,4381.538574,4379.358887,4358.974121,4473.077148,4532.94873,4414.743652,4443.461426,,,,,,,,,,,,,,,,,,,,,,,,,,,,,,,,,,,,,,,,,,,,,,,,,,,,,,,,,,,,,,,,,,,,,,
1768972974.795039,1768972974.795201,1.0,0.0,4396.922852,4400.128418,4372.94873,4394.358887,4378.974121,4374.743652,4374.102539,4383.461426,4376.025879,4356.282227,4461.794922,4527.307617,4411.794922,4445.128418,,,,,,,,,,,,,,,,,,,,,,,,,,,,,,,,,,,,,,,,,,,,,,,,,,,,,,,,,,,,,,,,,,,,,,
1768972974.802847,1768972974.80311,2.0,0.0,4393.077148,4394.487305,4370.897461,4387.563965,4372.94873,4375.897461,4375.384766,4379.743652,4372.563965,4351.410156,4457.179688,4523.846191,4402.820313,4436.794922,,,,,,,,,,,,,,,,,,,,,,,,,,,,,,,,,,,,,,,,,,,,,,,,,,,,,,,,,,,,,,,,,,,,,,
1768972974.810656,1768972974.810918,3.0,0.0,4386.794922,4386.410156,4365.897461,4387.05127,4370.641113,4382.05127,4373.846191,4374.358887,4373.205078,4347.563965,4459.230957,4522.307617,4398.589844,4430.641113,,,,,,,,,,,,,,,,,,,,,,,,,,,,,,,,,,,,,,,,,,,,,,,,,,,,,,,,,,,,,,,,,,,,,,
1768972974.818464,1768972974.818926,4.0,0.0,4386.794922,4388.717773,4364.871582,4390.897461,4375.128418,4379.487305,4374.871582,4375.512695,4373.974121,4349.615234,4459.358887,4523.333496,4406.794922,4438.461426,,,,,,,,,,,,,,,,,,,,,,,,,,,,,,,,,,,,,,,,,,,,,,,,,,,,,,,,,,,,,,,,,,,,,,
1768972974.826273,1768972974.826735,5.0,0.0,4392.820313,4395.897461,4368.205078,4391.410156,4380.897461,4376.794922,4378.974121,4379.358887,4371.025879,4353.461426,4459.358887,4523.974121,4413.461426,4444.487305,,,,,,,,,,,,,,,,,,,,,,,,,,,,,,,,,,,,,,,,,,,,,,,,,,,,,,,,,,,,,,,,,,,,,,
1768972974.834081,1768972974.834443,6.0,0.0,4398.077148,4394.358887,4370.641113,4390.769043,4379.358887,4381.666504,4381.153809,4381.153809,4372.692383,4350.897461,4460.769043,4525.0,4410.897461,4441.666504,,,,,,,,,,,,,,,,,,,,,,,,,,,,,,,,,,,,,,,,,,,,,,,,,,,,,,,,,,,,,,,,,,,,,,
1768972974.84189,1768972974.842252,7.0,0.0,4398.846191,4387.820313,4369.230957,4391.282227,4376.025879,4378.589844,4382.307617,4382.436035,4376.538574,4349.743652,4464.230957,4525.641113,4411.025879,4440.128418,,,,,,,,,,,,,,,,,,,,,,,,,,,,,,,,,,,,,,,,,,,,,,,,,,,,,,,,,,,,,,,,,,,,,,
1768972974.849698,1768972974.84986,8.0,0.0,4396.410156,4385.897461,4371.538574,4390.641113,4377.436035,4370.769043,4382.307617,4380.0,4373.589844,4349.615234,4464.487305,4524.487305,4412.94873,4442.563965,,,,,,,,,,,,,,,,,,,,,,,,,,,,,,,,,,,,,,,,,,,,,,,,,,,,,,,,,,,,,,,,,,,,,,
1768972974.857506,1768972974.857669,9.0,0.0,4397.179688,4388.974121,4375.897461,4390.256348,4378.589844,4375.128418,4381.666504,4376.282227,4369.743652,4344.487305,4460.769043,4522.05127,4405.769043,4443.461426,,,,,,,,,,,,,,,,,,,,,,,,,,,,,,,,,,,,,,,,,,,,,,,,,,,,,,,,,,,,,,,,,,,,,,
1768972974.865315,1768972974.865377,10.0,0.0,4398.974121,4391.410156,4373.333496,4388.589844,4375.769043,4376.025879,4377.820313,4376.538574,4371.025879,4343.589844,4458.717773,4519.358887,4397.05127,4437.692383,,,,,,,,,,,,,,,,,,,,,,,,,,,,,,,,,,,,,,,,,,,,,,,,,,,,,,,,,,,,,,,,,,,,,,
1768972974.873123,1768972974.873186,11.0,0.0,4396.153809,4389.871582,4368.974121,4383.974121,4373.717773,4369.102539,4374.615234,4377.436035,4372.307617,4346.538574,4459.102539,4516.153809,4395.256348,4428.333496,,,,,,,,,,,,,,,,,,,,,,,,,,,,,,,,,,,,,,,,,,,,,,,,,,,,,,,,,,,,,,,,,,,,,,
1768972974.880932,1768972974.881194,12.0,0.0,4395.0,4389.615234,4368.589844,4383.589844,4372.563965,4370.641113,4377.820313,4376.025879,4371.922852,4345.769043,4459.358887,4514.230957,4401.153809,4429.487305,,,,,,,,,,,,,,,,,,,,,,,,,,,,,,,,,,,,,,,,,,,,,,,,,,,,,,,,,,,,,,,,,,,,,,
1768972974.88874,1768972974.889003,13.0,0.0,4400.256348,4393.077148,4369.743652,4388.589844,4372.179688,4374.615234,4378.205078,4374.615234,4372.307617,4344.615234,4458.717773,4517.179688,4404.358887,4439.230957,,,,,,,,,,,,,,,,,,,,,,,,,,,,,,,,,,,,,,,,,,,,,,,,,,,,,,,,,,,,,,,,,,,,,,
1768972974.896549,1768972974.896911,14.0,0.0,4401.282227,4391.025879,4372.563965,4388.077148,4372.436035,4371.410156,4372.307617,4377.820313,4371.282227,4349.615234,4458.846191,4523.717773,4402.692383,4443.461426,0.571707,0.329797,0.224166,0.167109,0.136934,0.763586,0.208721,0.474933,0.150362,0.104267,0.910651,0.243339,0.123387,0.162795,0.082692,0.283306,0.111136,0.124814,0.149227,0.082891,0.410138,0.09585,0.08905,0.084629,0.048294,0.119619,0.11996,0.081477,0.249772,0.23322,0.111311,0.238,0.091492,0.295568,0.235142,0.187946,0.13905,0.162987,0.085465,0.045383,0.303124,0.227719,0.432033,0.12975,0.053953,0.485637,0.289004,0.348401,0.16292,0.082281,1.144777,0.61546,0.509947,0.143692,0.08882,1.38924,0.421744,0.472839,0.269764,0.157947,1.034728,0.343486,0.682981,0.264725,0.106755,1.37076,0.532595,0.611283,0.157527,0.107452
1768972974.904357,1768972974.904719,15.0,0.0,4395.641113,4381.666504,4373.333496,4383.846191,4373.205078,4371.538574,4371.794922,4379.615234,4368.205078,4354.615234,4459.615234,4525.384766,4403.974121,4440.0,,,,,,,,,,,,,,,,,,,,,,,,,,,,,,,,,,,,,,,,,,,,,,,,,,,,,,,,,,,,,,,,,,,,,,
1768972974.912166,1768972974.912728,16.0,0.0,4396.410156,4379.102539,4370.0,4384.487305,4372.436035,4370.641113,4375.384766,4377.436035,4360.769043,4351.922852,4460.384766,4521.282227,4402.94873,4436.538574,,,,,,,,,,,,,,,,,,,,,,,,,,,,,,,,,,,,,,,,,,,,,,,,,,,,,,,,,,,,,,,,,,,,,,
1768972974.919974,1768972974.920536,17.0,0.0,4398.205078,4381.666504,4367.05127,4384.487305,4370.256348,4365.769043,4374.230957,4378.077148,4356.282227,4347.436035,4459.102539,4519.230957,4399.615234,4435.128418,,,,,,,,,,,,,,,,,,,,,,,,,,,,,,,,,,,,,,,,,,,,,,,,,,,,,,,,,,,,,,,,,,,,,,
1768972974.927782,1768972974.928444,18.0,0.0,4391.538574,4380.512695,4365.641113,4379.743652,4368.205078,4369.230957,4375.641113,4380.384766,4362.436035,4348.077148,4458.589844,4521.282227,4403.077148,4432.436035,,,,,,,,,,,,,,,,,,,,,,,,,,,,,,,,,,,,,,,,,,,,,,,,,,,,,,,,,,,,,,,,,,,,,,
1768972974.935591,1768972974.936253,19.0,0.0,4388.333496,4379.358887,4364.871582,4378.333496,4367.94873,4372.692383,4380.128418,4380.769043,4365.0,4349.487305,4460.641113,4523.461426,4405.512695,4431.666504,,,,,,,,,,,,,,,,,,,,,,,,,,,,,,,,,,,,,,,,,,,,,,,,,,,,,,,,,,,,,,,,,,,,,,
1768972974.943399,1768972974.944061,20.0,0.0,4393.461426,4381.153809,4367.307617,4383.077148,4371.153809,4373.717773,4382.05127,4379.487305,4361.922852,4348.077148,4460.512695,4521.282227,4400.897461,4434.487305,,,,,,,,,,,,,,,,,,,,,,,,,,,,,,,,,,,,,,,,,,,,,,,,,,,,,,,,,,,,,,,,,,,,,,
1768972974.951208,1768972974.95187,21.0,0.0,4397.692383,4383.589844,4371.282227,4386.666504,4375.769043,4379.743652,4381.666504,4379.230957,4363.333496,4347.05127,4457.05127,4517.692383,4397.94873,4432.307617,,,,,,,,,,,,,,,,,,,,,,,,,,,,,,,,,,,,,,,,,,,,,,,,,,,,,,,,,,,,,,,,,,,,,,
1768972974.959016,1768972974.959578,22.0,0.0,4393.974121,4381.410156,4370.641113,4383.846191,4375.256348,4380.0,4379.615234,4374.358887,4361.922852,4345.384766,4455.641113,4516.025879,4399.871582,4426.666504,,,,,,,,,,,,,,,,,,,,,,,,,,,,,,,,,,,,,,,,,,,,,,,,,,,,,,,,,,,,,,,,,,,,,,
1768972974.966825,1768972974.967387,23.0,0.0,4388.589844,4380.897461,4368.205078,4380.0,4371.666504,4372.692383,4374.615234,4368.846191,4358.077148,4347.179688,4457.820313,4520.769043,4404.615234,4431.410156,,,,,,,,,,,,,,,,,,,,,,,,,,,,,,,,,,,,,,,,,,,,,,,,,,,,,,,,,,,,,,,,,,,,,,
1768972974.974633,1768972974.975395,24.0,0.0,4392.179688,4385.256348,4369.615234,4381.410156,4373.205078,4367.179688,4371.025879,4372.179688,4361.922852,4352.563965,4460.128418,4529.615234,4413.589844,4437.94873,,,,,,,,,,,,,,,,,,,,,,,,,,,,,,,,,,,,,,,,,,,,,,,,,,,,,,,,,,,,,,,,,,,,,,
1768972974.982442,1768972974.983203,25.0,0.0,4395.641113,4388.077148,4370.128418,4381.922852,4375.256348,4368.333496,4373.974121,4376.410156,4367.436035,4351.025879,4459.743652,4525.512695,4415.641113,4432.692383,,,,,,,,,,,,,,,,,,,,,,,,,,,,,,,,,,,,,,,,,,,,,,,,,,,,,,,,,,,,,,,,,,,,,,
1768972974.99025,1768972974.990912,26.0,0.0,4389.102539,4385.512695,4365.256348,4378.974121,4370.512695,4368.589844,4374.871582,4372.94873,4363.333496,4344.230957,4458.717773,4510.897461,4403.333496,4425.769043,,,,,,,,,,,,,,,,,,,,,,,,,,,,,,,,,,,,,,,,,,,,,,,,,,,,,,,,,,,,,,,,,,,,,,
1768972974.998058,1768972974.99872,27.0,0.0,4387.94873,4385.256348,4362.820313,4378.974121,4368.974121,4365.769043,4371.410156,4369.615234,4357.820313,4346.025879,4459.230957,4508.717773,4398.717773,4425.897461,,,,,,,,,,,,,,,,,,,,,,,,,,,,,,,,,,,,,,,,,,,,,,,,,,,,,,,,,,,,,,,,,,,,,,
1768972975.005867,1768972975.006729,28.0,0.0,4396.922852,4390.256348,4367.179688,4383.461426,4376.794922,4370.128418,4374.615234,4373.974121,4360.897461,4353.589844,4460.128418,4513.205078,4408.461426,4429.743652,,,,,,,,,,,,,,,,,,,,,,,,,,,,,,,,,,,,,,,,,,,,,,,,,,,,,,,,,,,,,,,,,,,,,,
1768972975.013675,1768972975.014537,29.0,0.0,4396.025879,4388.461426,4369.358887,4384.230957,4381.922852,4380.384766,4381.666504,4381.666504,4369.358887,4358.974121,4460.256348,4511.538574,4409.871582,4429.358887,,,,,,,,,,,,,,,,,,,,,,,,,,,,,,,,,,,,,,,,,,,,,,,,,,,,,,,,,,,,,,,,,,,,,,
1768972975.021484,1768972975.022445,30.0,0.0,4387.563965,4382.307617,4367.307617,4381.410156,4377.179688,4377.692383,4380.256348,4382.563965,4370.769043,4359.743652,4460.769043,4513.205078,4399.230957,4427.307617,0.644917,0.437105,0.269657,0.158958,0.143467,0.890118,0.236109,0.485379,0.152288,0.103034,0.888098,0.262889,0.119497,0.138195,0.07439,0.250648,0.144277,0.139719,0.128455,0.074643,0.388578,0.111928,0.083112,0.073375,0.046089,0.13495,0.153126,0.07529,0.219037,0.225568,0.121739,0.22876,0.076217,0.278275,0.211666,0.255361,0.149369,0.173084,0.086083,0.047234,0.343923,0.24873,0.444078,0.123685,0.058703,0.591793,0.336804,0.367624,0.158357,0.08683,1.202346,0.589085,0.538779,0.141152,0.079809,1.710896,0.456876,0.444985,0.210501,0.157269,1.224139,0.402599,0.606567,0.232662,0.105383,1.436343,0.520275,0.609126,0.145791,0.111316
1768972975.029292,1768972975.030254,31.0,0.0,4389.743652,4379.102539,4367.307617,4380.256348,4373.846191,4365.641113,4370.0,4378.205078,4364.230957,4356.025879,4462.820313,4519.743652,4396.794922,4428.974121,,,,,,,,,,,,,,,,,,,,,,,,,,,,,,,,,,,,,,,,,,,,,,,,,,,,,,,,,,,,,,,,,,,,,,
1768972975.037101,1768972975.037863,32.0,0.0,4390.641113,4373.717773,4368.974121,4377.692383,4375.384766,4370.0,4372.436035,4379.487305,4363.333496,4348.846191,4461.282227,4521.794922,4400.128418,4431.153809,,,,,,,,,,,,,,,,,,,,,,,,,,,,,,,,,,,,,,,,,,,,,,,,,,,,,,,,,,,,,,,,,,,,,,
1768972975.044909,1768972975.045671,33.0,0.0,4382.307617,4368.461426,4366.282227,4372.692383,4373.974121,4383.589844,4389.358887,4384.230957,4370.0,4345.769043,4457.820313,4518.205078,4394.743652,4428.077148,,,,,,,,,,,,,,,,,,,,,,,,,,,,,,,,,,,,,,,,,,,,,,,,,,,,,,,,,,,,,,,,,,,,,,
1768972975.052718,1768972975.05338,34.0,0.0,4382.820313,4370.769043,4365.897461,4372.436035,4371.666504,4382.05127,4392.307617,4383.333496,4375.512695,4352.563965,4458.974121,4516.410156,4394.743652,4425.256348,,,,,,,,,,,,,,,,,,,,,,,,,,,,,,,,,,,,,,,,,,,,,,,,,,,,,,,,,,,,,,,,,,,,,,
1768972975.060526,1768972975.061188,35.0,0.0,4388.974121,4374.102539,4370.0,4374.871582,4373.846191,4371.538574,4380.769043,4380.256348,4372.563965,4360.0,4461.922852,4521.410156,4401.794922,4429.615234,,,,,,,,,,,,,,,,,,,,,,,,,,,,,,,,,,,,,,,,,,,,,,,,,,,,,,,,,,,,,,,,,,,,,,
1768972975.068334,1768972975.069196,36.0,0.0,4384.358887,4375.641113,4367.820313,4371.922852,4377.179688,4368.974121,4378.717773,4377.692383,4366.153809,4355.641113,4460.0,4523.205078,4400.769043,4431.153809,,,,,,,,,,,,,,,,,,,,,,,,,,,,,,,,,,,,,,,,,,,,,,,,,,,,,,,,,,,,,,,,,,,,,,
1768972975.076143,1768972975.077005,37.0,0.0,4380.128418,4378.974121,4364.743652,4372.436035,4378.205078,4374.230957,4382.692383,4372.05127,4363.077148,4346.538574,4457.05127,4517.436035,4395.384766,4425.897461,,,,,,,,,,,,,,,,,,,,,,,,,,,,,,,,,,,,,,,,,,,,,,,,,,,,,,,,,,,,,,,,,,,,,,
1768972975.083951,1768972975.084913,38.0,0.0,4383.077148,4376.282227,4369.615234,4377.436035,4376.794922,4377.05127,4381.025879,4370.769043,4360.256348,4344.102539,4456.538574,4517.94873,4395.0,4425.128418,,,,,,,,,,,,,,,,,,,,,,,,,,,,,,,,,,,,,,,,,,,,,,,,,,,,,,,,,,,,,,,,,,,,,,
1768972975.09176,1768972975.092722,39.0,0.0,4387.179688,4371.538574,4374.358887,4376.282227,4374.230957,4372.692383,4379.615234,4374.615234,4359.615234,4349.615234,4458.717773,4526.794922,4397.820313,4431.922852,,,,,,,,,,,,,,,,,,,,,,,,,,,,,,,,,,,,,,,,,,,,,,,,,,,,,,,,,,,,,,,,,,,,,,
1768972975.099568,1768972975.10073,40.0,0.0,4387.179688,4373.589844,4372.179688,4373.205078,4372.563965,4368.717773,4380.769043,4375.384766,4365.0,4351.666504,4461.794922,4528.717773,4397.179688,4433.461426,,,,,,,,,,,,,,,,,,,,,,,,,,,,,,,,,,,,,,,,,,,,,,,,,,,,,,,,,,,,,,,,,,,,,,
1768972975.107377,1768972975.108538,41.0,0.0,4380.256348,4372.820313,4366.410156,4372.307617,4371.282227,4369.871582,4380.0,4373.333496,4367.563965,4347.94873,4455.128418,4519.743652,4393.589844,4425.512695,,,,,,,,,,,,,,,,,,,,,,,,,,,,,,,,,,,,,,,,,,,,,,,,,,,,,,,,,,,,,,,,,,,,,,
1768972975.115185,1768972975.116447,42.0,0.0,4374.487305,4371.922852,4362.820313,4372.179688,4372.94873,4372.436035,4381.538574,4373.846191,4365.0,4348.077148,4448.846191,4516.538574,4393.461426,4422.692383,,,,,,,,,,,,,,,,,,,,,,,,,,,,,,,,,,,,,,,,,,,,,,,,,,,,,,,,,,,,,,,,,,,,,,
1768972975.122994,1768972975.124255,43.0,0.0,4379.102539,4380.384766,4366.282227,4372.05127,4377.692383,4377.05127,4383.974121,4375.641113,4367.05127,4354.102539,4455.0,4525.384766,4397.179688,4426.538574,,,,,,,,,,,,,,,,,,,,,,,,,,,,,,,,,,,,,,,,,,,,,,,,,,,,,,,,,,,,,,,,,,,,,,
1768972975.130802,1768972975.131864,44.0,0.0,4385.256348,4382.94873,4371.153809,4373.205078,4379.358887,4378.974121,4381.922852,4375.641113,4369.871582,4356.025879,4457.820313,4528.333496,4396.153809,4429.487305,,,,,,,,,,,,,,,,,,,,,,,,,,,,,,,,,,,,,,,,,,,,,,,,,,,,,,,,,,,,,,,,,,,,,,
1768972975.13861,1768972975.139672,45.0,0.0,4381.794922,4373.077148,4369.102539,4373.205078,4375.256348,4373.846191,4380.384766,4376.666504,4367.05127,4349.358887,4449.358887,4521.410156,4388.974121,4427.692383,,,,,,,,,,,,,,,,,,,,,,,,,,,,,,,,,,,,,,,,,,,,,,,,,,,,,,,,,,,,,,,,,,,,,,
1768972975.146419,1768972975.147381,46.0,0.0,4372.94873,4364.615234,4361.153809,4367.563965,4371.282227,4370.256348,4382.307617,4376.666504,4364.871582,4344.871582,4443.846191,4516.282227,4387.179688,4420.769043,0.742516,0.563064,0.31192,0.161562,0.151792,1.054381,0.278689,0.47619,0.155319,0.101367,0.816344,0.288644,0.116174,0.117044,0.065231,0.247763,0.1999,0.15852,0.11428,0.067678,0.371454,0.136039,0.082454,0.062818,0.044416,0.157006,0.221263,0.071218,0.184002,0.21144,0.137155,0.261972,0.062581,0.253992,0.182582,0.333728,0.165868,0.176041,0.083689,0.050003,0.372474,0.268233,0.422825,0.117525,0.062524,0.670518,0.377208,0.364363,0.150596,0.089587,1.223178,0.560144,0.549416,0.143499,0.075721,1.998916,0.493869,0.41179,0.167309,0.156007,1.336844,0.470577,0.532068,0.19722,0.110535,1.443416,0.514663,0.60008,0.147773,0.127035
1768972975.154227,1768972975.155189,47.0,0.0,4370.384766,4363.974121,4357.436035,4363.974121,4372.436035,4373.205078,4382.692383,4375.384766,4365.897461,4348.077148,4450.128418,4514.358887,4392.05127,4416.282227,,,,,,,,,,,,,,,,,,,,,,,,,,,,,,,,,,,,,,,,,,,,,,,,,,,,,,,,,,,,,,,,,,,,,,
1768972975.162036,1768972975.162798,48.0,0.0,4378.077148,4370.512695,4363.974121,4372.307617,4372.94873,4368.974121,4377.307617,4377.563965,4367.179688,4354.230957,4457.820313,4518.846191,4395.897461,4419.871582,,,,,,,,,,,,,,,,,,,,,,,,,,,,,,,,,,,,,,,,,,,,,,,,,,,,,,,,,,,,,,,,,,,,,,
1768972975.169844,1768972975.170606,49.0,0.0,4383.717773,4376.153809,4371.025879,4381.282227,4372.94873,4362.692383,4376.153809,4378.077148,4366.410156,4354.871582,4458.974121,4527.820313,4395.641113,4426.922852,,,,,,,,,,,,,,,,,,,,,,,,,,,,,,,,,,,,,,,,,,,,,,,,,,,,,,,,,,,,,,,,,,,,,,
1768972975.177653,1768972975.178315,50.0,0.0,4380.897461,4373.717773,4369.615234,4377.563965,4374.230957,4367.307617,4380.128418,4375.128418,4365.769043,4348.077148,4456.410156,4527.820313,4395.512695,4427.05127,,,,,,,,,,,,,,,,,,,,,,,,,,,,,,,,,,,,,,,,,,,,,,,,,,,,,,,,,,,,,,,,,,,,,,
1768972975.185461,1768972975.186123,51.0,0.0,4380.897461,4369.102539,4365.769043,4372.05127,4373.333496,4372.820313,4381.025879,4376.794922,4367.563965,4345.897461,4456.282227,4521.538574,4397.94873,4424.102539,,,,,,,,,,,,,,,,,,,,,,,,,,,,,,,,,,,,,,,,,,,,,,,,,,,,,,,,,,,,,,,,,,,,,,
1768972975.19327,1768972975.193732,52.0,0.0,4381.794922,4367.820313,4367.563965,4374.743652,4373.974121,4375.128418,4384.615234,4383.333496,4373.077148,4350.256348,4459.487305,4519.358887,4395.256348,4422.436035,,,,,,,,,,,,,,,,,,,,,,,,,,,,,,,,,,,,,,,,,,,,,,,,,,,,,,,,,,,,,,,,,,,,,,
1768972975.201078,1768972975.20154,53.0,0.0,4377.436035,4365.384766,4371.410156,4376.538574,4375.384766,4377.563965,4387.179688,4385.897461,4377.179688,4351.538574,4456.794922,4518.077148,4387.179688,4416.794922,,,,,,,,,,,,,,,,,,,,,,,,,,,,,,,,,,,,,,,,,,,,,,,,,,,,,,,,,,,,,,,,,,,,,,
1768972975.208887,1768972975.209449,54.0,0.0,4374.358887,4366.282227,4368.205078,4373.461426,4373.846191,4377.820313,4377.179688,4381.410156,4371.922852,4346.410156,4449.871582,4514.487305,4388.717773,4413.461426,,,,,,,,,,,,,,,,,,,,,,,,,,,,,,,,,,,,,,,,,,,,,,,,,,,,,,,,,,,,,,,,,,,,,,
1768972975.216695,1768972975.217257,55.0,0.0,4374.230957,4369.743652,4361.922852,4372.692383,4371.410156,4372.307617,4369.230957,4377.05127,4363.974121,4343.589844,4443.717773,4508.333496,4391.025879,4413.974121,,,,,,,,,,,,,,,,,,,,,,,,,,,,,,,,,,,,,,,,,,,,,,,,,,,,,,,,,,,,,,,,,,,,,,
1768972975.224503,1768972975.225265,56.0,0.0,4370.512695,4365.384766,4363.205078,4377.05127,4372.307617,4370.641113,4377.692383,4378.205078,4365.384766,4342.94873,4439.230957,4500.769043,4375.897461,4405.256348,,,,,,,,,,,,,,,,,,,,,,,,,,,,,,,,,,,,,,,,,,,,,,,,,,,,,,,,,,,,,,,,,,,,,,
1768972975.232312,1768972975.233074,57.0,0.0,4371.410156,4361.922852,4368.461426,4380.384766,4373.333496,4375.0,4381.794922,4377.307617,4369.230957,4340.256348,4438.717773,4501.794922,4367.179688,4397.94873,,,,,,,,,,,,,,,,,,,,,,,,,,,,,,,,,,,,,,,,,,,,,,,,,,,,,,,,,,,,,,,,,,,,,,
1768972975.24012,1768972975.240782,58.0,0.0,4380.769043,4367.05127,4369.102539,4380.128418,4371.794922,4374.615234,4372.692383,4373.717773,4366.025879,4342.179688,4441.410156,4510.512695,4386.922852,4413.205078,,,,,,,,,,,,,,,,,,,,,,,,,,,,,,,,,,,,,,,,,,,,,,,,,,,,,,,,,,,,,,,,,,,,,,
1768972975.247929,1768972975.248591,59.0,0.0,4382.820313,4366.794922,4368.205078,4380.256348,4372.436035,4374.871582,4372.820313,4377.05127,4367.307617,4347.307617,4445.384766,4510.897461,4400.256348,4427.436035,,,,,,,,,,,,,,,,,,,,,,,,,,,,,,,,,,,,,,,,,,,,,,,,,,,,,,,,,,,,,,,,,,,,,,
1768972975.255737,1768972975.256599,60.0,0.0,4373.333496,4357.05127,4366.153809,4378.974121,4373.717773,4380.256348,4381.282227,4382.179688,4375.256348,4347.436035,4447.436035,4502.05127,4391.794922,4419.230957,,,,,,,,,,,,,,,,,,,,,,,,,,,,,,,,,,,,,,,,,,,,,,,,,,,,,,,,,,,,,,,,,,,,,,
1768972975.263545,1768972975.264407,61.0,0.0,4371.025879,4353.205078,4363.461426,4377.563965,4373.846191,4381.922852,4378.717773,4379.615234,4374.487305,4345.641113,4446.410156,4498.589844,4385.512695,4410.0,,,,,,,,,,,,,,,,,,,,,,,,,,,,,,,,,,,,,,,,,,,,,,,,,,,,,,,,,,,,,,,,,,,,,,
1768972975.271354,1768972975.272316,62.0,0.0,4378.846191,4361.025879,4364.615234,4380.128418,4370.641113,4377.94873,4371.538574,4373.846191,4369.871582,4345.384766,4444.487305,4505.0,4389.487305,4416.282227,0.822704,0.674823,0.339888,0.176105,0.157895,1.18456,0.327105,0.446883,0.158941,0.098373,0.713808,0.310292,0.115145,0.104508,0.05519,0.267681,0.265818,0.173253,0.109033,0.062035,0.352749,0.16013,0.086447,0.056792,0.043868,0.182213,0.313878,0.074209,0.151865,0.195803,0.150869,0.341307,0.051104,0.221733,0.154,0.396993,0.192396,0.170836,0.080423,0.053815,0.381099,0.282246,0.372032,0.115582,0.065052,0.697234,0.401771,0.33625,0.149351,0.090189,1.172606,0.53094,0.537837,0.153238,0.075555,2.176954,0.51808,0.386083,0.14967,0.154787,1.332756,0.515617,0.478021,0.170813,0.118256,1.356659,0.504477,0.588775,0.163823,0.149633
1768972975.279162,1768972975.280124,63.0,0.0,4379.102539,4369.230957,4368.461426,4380.769043,4368.846191,4375.384766,4372.563965,4373.589844,4373.205078,4345.897461,4444.743652,4510.384766,4394.871582,4426.538574,,,,,,,,,,,,,,,,,,,,,,,,,,,,,,,,,,,,,,,,,,,,,,,,,,,,,,,,,,,,,,,,,,,,,,
1768972975.286971,1768972975.288132,64.0,0.0,4372.436035,4368.717773,4364.871582,4380.0,4371.666504,4372.692383,4374.230957,4375.0,4375.256348,4346.538574,4446.410156,4505.897461,4396.666504,4423.077148,,,,,,,,,,,,,,,,,,,,,,,,,,,,,,,,,,,,,,,,,,,,,,,,,,,,,,,,,,,,,,,,,,,,,,
1768972975.294779,1768972975.295941,65.0,0.0,4371.538574,4366.282227,4358.717773,4380.641113,4369.871582,4372.307617,4372.820313,4372.820313,4372.05127,4346.794922,4448.589844,4502.307617,4394.615234,4413.205078,,,,,,,,,,,,,,,,,,,,,,,,,,,,,,,,,,,,,,,,,,,,,,,,,,,,,,,,,,,,,,,,,,,,,,
1768972975.302588,1768972975.303849,66.0,0.0,4375.128418,4369.102539,4362.179688,4377.05127,4365.769043,4376.666504,4373.717773,4371.794922,4375.512695,4346.666504,4455.769043,4508.077148,4396.025879,4414.487305,,,,,,,,,,,,,,,,,,,,,,,,,,,,,,,,,,,,,,,,,,,,,,,,,,,,,,,,,,,,,,,,,,,,,,
1768972975.310396,1768972975.311658,67.0,0.0,4374.871582,4366.666504,4367.179688,4373.461426,4367.692383,4377.563965,4374.102539,4375.128418,4380.128418,4349.615234,4458.974121,4511.794922,4397.307617,4419.487305,,,,,,,,,,,,,,,,,,,,,,,,,,,,,,,,,,,,,,,,,,,,,,,,,,,,,,,,,,,,,,,,,,,,,,
1768972975.318205,1768972975.319266,68.0,0.0,4372.05127,4361.282227,4362.820313,4373.846191,4369.358887,4374.871582,4372.692383,4374.615234,4374.743652,4352.05127,4448.461426,4505.512695,4390.897461,4413.461426,,,,,,,,,,,,,,,,,,,,,,,,,,,,,,,,,,,,,,,,,,,,,,,,,,,,,,,,,,,,,,,,,,,,,,
1768972975.326013,1768972975.327075,69.0,0.0,4370.897461,4362.05127,4354.487305,4370.641113,4366.410156,4371.410156,4372.436035,4369.871582,4372.307617,4349.102539,4440.897461,4500.897461,4389.871582,4407.563965,,,,,,,,,,,,,,,,,,,,,,,,,,,,,,,,,,,,,,,,,,,,,,,,,,,,,,,,,,,,,,,,,,,,,,
1768972975.333821,1768972975.334783,70.0,0.0,4372.436035,4360.0,4357.820313,4369.487305,4364.871582,4371.282227,4377.820313,4371.666504,4379.102539,4347.307617,4450.0,4503.846191,4395.0,4413.846191,,,,,,,,,,,,,,,,,,,,,,,,,,,,,,,,,,,,,,,,,,,,,,,,,,,,,,,,,,,,,,,,,,,,,,
1768972975.34163,1768972975.342592,71.0,0.0,4375.128418,4358.974121,4369.230957,4378.846191,4366.153809,4377.94873,4387.563965,4379.743652,4382.05127,4353.077148,4461.922852,4515.256348,4397.05127,4423.589844,,,,,,,,,,,,,,,,,,,,,,,,,,,,,,,,,,,,,,,,,,,,,,,,,,,,,,,,,,,,,,,,,,,,,,
1768972975.349438,1768972975.3502,72.0,0.0,4377.307617,4368.077148,4371.922852,4385.128418,4365.769043,4380.384766,4387.05127,4383.077148,4380.0,4356.538574,4462.179688,4521.410156,4399.743652,4430.769043,,,,,,,,,,,,,,,,,,,,,,,,,,,,,,,,,,,,,,,,,,,,,,,,,,,,,,,,,,,,,,,,,,,,,,
1768972975.357247,1768972975.358009,73.0,0.0,4379.743652,4373.717773,4368.077148,4379.358887,4364.743652,4374.487305,4378.205078,4379.743652,4378.077148,4350.512695,4458.717773,4514.102539,4399.871582,4428.077148,,,,,,,,,,,,,,,,,,,,,,,,,,,,,,,,,,,,,,,,,,,,,,,,,,,,,,,,,,,,,,,,,,,,,,
1768972975.365055,1768972975.365717,74.0,0.0,4379.358887,4366.538574,4365.0,4373.846191,4365.384766,4377.179688,4380.897461,4378.461426,4379.230957,4346.410156,4458.717773,4512.563965,4394.743652,4418.717773,,,,,,,,,,,,,,,,,,,,,,,,,,,,,,,,,,,,,,,,,,,,,,,,,,,,,,,,,,,,,,,,,,,,,,
1768972975.372864,1768972975.373526,75.0,0.0,4372.820313,4356.538574,4358.846191,4372.692383,4366.153809,4383.717773,4387.692383,4379.358887,4383.077148,4347.692383,4457.820313,4517.436035,4391.410156,4417.307617,,,,,,,,,,,,,,,,,,,,,,,,,,,,,,,,,,,,,,,,,,,,,,,,,,,,,,,,,,,,,,,,,,,,,,
1768972975.380672,1768972975.381135,76.0,0.0,4370.512695,4355.128418,4357.436035,4373.717773,4365.769043,4377.436035,4380.256348,4378.589844,4380.641113,4346.153809,4456.666504,4514.871582,4394.487305,4422.05127,,,,,,,,,,,,,,,,,,,,,,,,,,,,,,,,,,,,,,,,,,,,,,,,,,,,,,,,,,,,,,,,,,,,,,
1768972975.388481,1768972975.388943,77.0,0.0,4379.871582,4360.512695,4365.512695,4378.205078,4368.077148,4375.128418,4374.871582,4378.589844,4373.717773,4343.461426,4455.512695,4510.769043,4397.820313,4423.205078,,,,,,,,,,,,,,,,,,,,,,,,,,,,,,,,,,,,,,,,,,,,,,,,,,,,,,,,,,,,,,,,,,,,,,
1768972975.396289,1768972975.396851,78.0,0.0,4382.563965,4361.666504,4366.794922,4381.794922,4369.615234,4382.307617,4378.717773,4377.692383,4372.05127,4343.846191,4451.794922,4511.794922,4397.692383,4417.820313,0.84542,0.735008,0.34438,0.19867,0.159408,1.253938,0.366603,0.398971,0.164307,0.09411,0.597384,0.314446,0.115442,0.101587,0.046171,0.292841,0.321153,0.17792,0.110501,0.057792,0.326854,0.175585,0.090629,0.058293,0.04472,0.201932,0.407914,0.087186,0.128906,0.184231,0.158559,0.448653,0.042198,0.185467,0.132051,0.433819,0.229573,0.158157,0.077748,0.058544,0.376677,0.287333,0.307161,0.119901,0.066855,0.66537,0.405475,0.288717,0.160755,0.090078,1.048504,0.498349,0.502816,0.167208,0.077613,2.20411,0.517178,0.373227,0.155446,0.154682,1.213583,0.516323,0.446835,0.161444,0.125414,1.173138,0.479031,0.572874,0.18768,0.172344
1768972975.404097,1768972975.40466,79.0,0.0,4374.230957,4359.871582,4363.717773,4380.897461,4366.666504,4380.897461,4378.846191,4374.743652,4373.974121,4346.410156,4453.333496,4513.205078,4394.871582,4412.820313,,,,,,,,,,,,,,,,,,,,,,,,,,,,,,,,,,,,,,,,,,,,,,,,,,,,,,,,,,,,,,,,,,,,,,
1768972975.411906,1768972975.412668,80.0,0.0,4375.128418,4361.025879,4367.307617,4379.358887,4367.307617,4380.769043,4382.692383,4376.410156,4372.94873,4349.615234,4460.769043,4516.538574,4395.769043,4417.05127,,,,,,,,,,,,,,,,,,,,,,,,,,,,,,,,,,,,,,,,,,,,,,,,,,,,,,,,,,,,,,,,,,,,,,
1768972975.419714,1768972975.420476,81.0,0.0,4384.615234,4360.512695,4368.717773,4377.563965,4369.615234,4382.94873,4381.794922,4377.436035,4373.077148,4351.410156,4459.230957,4517.307617,4399.743652,4427.692383,,,,,,,,,,,,,,,,,,,,,,,,,,,,,,,,,,,,,,,,,,,,,,,,,,,,,,,,,,,,,,,,,,,,,,
1768972975.427523,1768972975.428385,82.0,0.0,4385.256348,4358.461426,4361.153809,4374.102539,4365.0,4371.153809,4368.077148,4372.436035,4376.153809,4350.641113,4450.769043,4506.153809,4398.461426,4425.641113,,,,,,,,,,,,,,,,,,,,,,,,,,,,,,,,,,,,,,,,,,,,,,,,,,,,,,,,,,,,,,,,,,,,,,
1768972975.435331,1768972975.436193,83.0,0.0,4380.256348,4359.487305,4361.666504,4373.589844,4363.717773,4365.384766,4368.333496,4372.307617,4376.794922,4351.025879,4452.820313,4503.077148,4395.769043,4416.282227,,,,,,,,,,,,,,,,,,,,,,,,,,,,,,,,,,,,,,,,,,,,,,,,,,,,,,,,,,,,,,,,,,,,,,
1768972975.44314,1768972975.443802,84.0,0.0,4382.179688,4360.641113,4371.538574,4375.769043,4369.230957,4379.615234,4384.102539,4377.94873,4375.256348,4348.974121,4460.512695,4512.307617,4396.922852,4422.436035,,,,,,,,,,,,,,,,,,,,,,,,,,,,,,,,,,,,,,,,,,,,,,,,,,,,,,,,,,,,,,,,,,,,,,
1768972975.450948,1768972975.45161,85.0,0.0,4385.0,4355.512695,4369.358887,4373.717773,4365.384766,4381.025879,4386.282227,4377.436035,4372.436035,4345.641113,4459.743652,4513.461426,4397.179688,4432.179688,,,,,,,,,,,,,,,,,,,,,,,,,,,,,,,,,,,,,,,,,,,,,,,,,,,,,,,,,,,,,,,,,,,,,,
1768972975.458757,1768972975.459319,86.0,0.0,4379.230957,4347.692383,4359.102539,4371.282227,4358.461426,4364.871582,4375.512695,4373.846191,4372.563965,4346.794922,4455.384766,4506.025879,4397.436035,4425.256348,,,,,,,,,,,,,,,,,,,,,,,,,,,,,,,,,,,,,,,,,,,,,,,,,,,,,,,,,,,,,,,,,,,,,,
1768972975.466565,1768972975.467127,87.0,0.0,4372.307617,4347.563965,4360.897461,4373.461426,4363.717773,4368.846191,4374.743652,4375.512695,4376.666504,4348.461426,4456.410156,4502.05127,4400.769043,4418.461426,,,,,,,,,,,,,,,,,,,,,,,,,,,,,,,,,,,,,,,,,,,,,,,,,,,,,,,,,,,,,,,,,,,,,,
1768972975.474373,1768972975.475136,88.0,0.0,4376.922852,4356.025879,4369.230957,4376.410156,4368.589844,4383.333496,4380.0,4377.179688,4380.384766,4347.94873,4459.102539,4505.897461,4398.205078,4423.589844,,,,,,,,,,,,,,,,,,,,,,,,,,,,,,,,,,,,,,,,,,,,,,,,,,,,,,,,,,,,,,,,,,,,,,
1768972975.482182,1768972975.482944,89.0,0.0,4388.589844,4359.487305,4368.333496,4379.615234,4366.153809,4376.666504,4377.436035,4374.487305,4381.794922,4349.102539,4459.743652,4508.589844,4400.128418,4429.487305,,,,,,,,,,,,,,,,,,,,,,,,,,,,,,,,,,,,,,,,,,,,,,,,,,,,,,,,,,,,,,,,,,,,,,
1768972975.48999,1768972975.490852,90.0,0.0,4392.692383,4361.538574,4368.333496,4383.077148,4368.846191,4369.102539,4373.717773,4372.307617,4381.282227,4353.461426,4460.512695,4507.436035,4410.641113,4430.0,,,,,,,,,,,,,,,,,,,,,,,,,,,,,,,,,,,,,,,,,,,,,,,,,,,,,,,,,,,,,,,,,,,,,,
1768972975.497799,1768972975.498661,91.0,0.0,4388.205078,4367.563965,4370.128418,4380.128418,4375.512695,4378.974121,4378.589844,4375.256348,4379.615234,4353.717773,4458.974121,4507.436035,4411.282227,4428.846191,,,,,,,,,,,,,,,,,,,,,,,,,,,,,,,,,,,,,,,,,,,,,,,,,,,,,,,,,,,,,,,,,,,,,,
1768972975.505607,1768972975.506669,92.0,0.0,4387.179688,4367.436035,4367.563965,4376.666504,4375.384766,4385.512695,4383.333496,4377.820313,4377.05127,4351.282227,4459.102539,4507.820313,4406.922852,4429.743652,,,,,,,,,,,,,,,,,,,,,,,,,,,,,,,,,,,,,,,,,,,,,,,,,,,,,,,,,,,,,,,,,,,,,,
1768972975.513416,1768972975.514478,93.0,0.0,4390.128418,4363.333496,4366.666504,4379.871582,4373.461426,4380.512695,4382.05127,4376.794922,4379.230957,4354.358887,4462.179688,4507.179688,4410.128418,4429.230957,,,,,,,,,,,,,,,,,,,,,,,,,,,,,,,,,,,,,,,,,,,,,,,,,,,,,,,,,,,,,,,,,,,,,,
1768972975.521224,1768972975.522186,94.0,0.0,4386.410156,4362.05127,4366.922852,4382.94873,4372.307617,4375.897461,4381.025879,4374.743652,4382.05127,4357.05127,4462.436035,4506.282227,4413.205078,4428.846191,0.793223,0.720297,0.323573,0.220301,0.156726,1.239552,0.387371,0.339471,0.173912,0.089291,0.480979,0.292672,0.114377,0.105395,0.041435,0.310771,0.346771,0.171779,0.114179,0.05518,0.292315,0.178015,0.090189,0.067558,0.046601,0.21008,0.47615,0.110682,0.117767,0.179309,0.157513,0.548176,0.037114,0.151458,0.120727,0.444146,0.270677,0.139584,0.075663,0.0635,0.361518,0.277838,0.245159,0.128587,0.068893,0.585554,0.385098,0.230555,0.182984,0.09114,0.86759,0.454942,0.446474,0.178987,0.080726,2.071338,0.481895,0.369101,0.173301,0.156398,1.017682,0.474804,0.428631,0.169902,0.131895,0.923001,0.436719,0.546961,0.210667,0.190246
1768972975.529033,1768972975.529995,95.0,0.0,4376.282227,4360.128418,4360.641113,4379.230957,4371.282227,4371.282227,4375.0,4374.743652,4379.358887,4350.512695,4458.589844,4505.897461,4411.410156,4427.563965,,,,,,,,,,,,,,,,,,,,,,,,,,,,,,,,,,,,,,,,,,,,,,,,,,,,,,,,,,,,,,,,,,,,,,
1768972975.536841,1768972975.538003,96.0,0.0,4370.256348,4354.743652,4356.538574,4375.256348,4373.077148,4372.307617,4371.025879,4383.205078,4379.743652,4344.358887,4457.436035,4505.128418,4406.153809,4421.666504,,,,,,,,,,,,,,,,,,,,,,,,,,,,,,,,,,,,,,,,,,,,,,,,,,,,,,,,,,,,,,,,,,,,,,
1768972975.544649,1768972975.545811,97.0,0.0,4374.230957,4355.256348,4360.897461,4377.05127,4372.05127,4376.922852,4376.538574,4387.563965,4383.077148,4346.794922,4458.846191,4505.641113,4398.205078,4417.179688,,,,,,,,,,,,,,,,,,,,,,,,,,,,,,,,,,,,,,,,,,,,,,,,,,,,,,,,,,,,,,,,,,,,,,
1768972975.552458,1768972975.55352,98.0,0.0,4377.179688,4360.641113,4362.436035,4379.615234,4365.384766,4367.820313,4371.153809,4378.205078,4379.871582,4350.769043,4457.05127,4505.512695,4397.179688,4420.641113,,,,,,,,,,,,,,,,,,,,,,,,,,,,,,,,,,,,,,,,,,,,,,,,,,,,,,,,,,,,,,,,,,,,,,
1768972975.560266,1768972975.561328,99.0,0.0,4375.0,4358.717773,4361.794922,4376.666504,4363.461426,4357.94873,4360.512695,4373.077148,4373.717773,4351.410156,4449.615234,4504.230957,4398.589844,4425.128418,,,,,,,,,,,,,,,,,,,,,,,,,,,,,,,,,,,,,,,,,,,,,,,,,,,,,,,,,,,,,,,,,,,,,,
1768972975.568075,1768972975.568937,100.0,0.0,4373.846191,4353.333496,4361.666504,4372.05127,4365.897461,4365.769043,4365.384766,4376.025879,4371.794922,4346.794922,4444.615234,4503.589844,4393.589844,4420.256348,,,,,,,,,,,,,,,,,,,,,,,,,,,,,,,,,,,,,,,,,,,,,,,,,,,,,,,,,,,,,,,,,,,,,,
1768972975.575883,1768972975.576745,101.0,0.0,4373.077148,4353.589844,4361.025879,4371.666504,4367.820313,4375.256348,4375.0,4374.743652,4371.794922,4343.205078,4447.820313,4505.769043,4394.487305,4418.077148,,,,,,,,,,,,,,,,,,,,,,,,,,,,,,,,,,,,,,,,,,,,,,,,,,,,,,,,,,,,,,,,,,,,,,
1768972975.583692,1768972975.584454,102.0,0.0,4373.589844,4358.846191,4364.743652,4374.615234,4370.0,4371.922852,4372.94873,4372.436035,4370.897461,4346.922852,4450.128418,4515.0,4399.230957,4425.512695,,,,,,,,,,,,,,,,,,,,,,,,,,,,,,,,,,,,,,,,,,,,,,,,,,,,,,,,,,,,,,,,,,,,,,
1768972975.5915,1768972975.592262,103.0,0.0,4380.641113,4362.820313,4367.94873,4378.205078,4370.512695,4369.230957,4370.128418,4374.358887,4369.230957,4350.256348,4450.897461,4522.563965,4397.179688,4430.0,,,,,,,,,,,,,,,,,,,,,,,,,,,,,,,,,,,,,,,,,,,,,,,,,,,,,,,,,,,,,,,,,,,,,,
1768972975.599309,1768972975.600271,104.0,0.0,4384.871582,4362.436035,4365.512695,4378.205078,4370.256348,4374.743652,4376.922852,4375.897461,4371.282227,4349.743652,4455.512695,4517.563965,4396.025879,4426.538574,,,,,,,,,,,,,,,,,,,,,,,,,,,,,,,,,,,,,,,,,,,,,,,,,,,,,,,,,,,,,,,,,,,,,,
1768972975.607117,1768972975.608079,105.0,0.0,4376.922852,4355.256348,4362.05127,4372.94873,4372.179688,4379.358887,4383.333496,4380.0,4379.615234,4356.153809,4459.487305,4513.974121,4401.666504,4424.230957,,,,,,,,,,,,,,,,,,,,,,,,,,,,,,,,,,,,,,,,,,,,,,,,,,,,,,,,,,,,,,,,,,,,,,
1768972975.614926,1768972975.615987,106.0,0.0,4373.205078,4353.461426,4362.179688,4373.077148,4374.487305,4380.512695,4383.461426,4385.641113,4382.179688,4360.769043,4461.794922,4522.179688,4404.102539,4429.743652,,,,,,,,,,,,,,,,,,,,,,,,,,,,,,,,,,,,,,,,,,,,,,,,,,,,,,,,,,,,,,,,,,,,,,
1768972975.622734,1768972975.623796,107.0,0.0,4379.743652,4358.846191,4360.256348,4375.641113,4374.230957,4376.282227,4381.025879,4380.128418,4374.358887,4350.897461,4457.94873,4522.179688,4398.974121,4429.102539,,,,,,,,,,,,,,,,,,,,,,,,,,,,,,,,,,,,,,,,,,,,,,,,,,,,,,,,,,,,,,,,,,,,,,
1768972975.630542,1768972975.631804,108.0,0.0,4380.641113,4357.179688,4356.666504,4374.615234,4371.282227,4365.897461,4373.974121,4371.025879,4371.538574,4346.794922,4448.077148,4507.820313,4394.743652,4419.615234,,,,,,,,,,,,,,,,,,,,,,,,,,,,,,,,,,,,,,,,,,,,,,,,,,,,,,,,,,,,,,,,,,,,,,
1768972975.638351,1768972975.639612,109.0,0.0,4376.922852,4354.102539,4356.922852,4374.358887,4366.666504,4357.05127,4365.128418,4372.692383,4374.743652,4352.179688,4447.436035,4505.897461,4395.256348,4417.436035,,,,,,,,,,,,,,,,,,,,,,,,,,,,,,,,,,,,,,,,,,,,,,,,,,,,,,,,,,,,,,,,,,,,,,
1768972975.646159,1768972975.647321,110.0,0.0,4379.102539,4357.179688,4363.205078,4375.897461,4368.077148,4358.077148,4363.077148,4373.846191,4372.05127,4350.897461,4456.794922,4518.333496,4397.307617,4425.897461,0.673628,0.628611,0.284319,0.230461,0.152449,1.140036,0.384525,0.277245,0.188685,0.085527,0.372942,0.244801,0.110502,0.111539,0.043926,0.31194,0.332704,0.15862,0.116631,0.054301,0.252983,0.1647,0.082859,0.081219,0.048557,0.205565,0.496892,0.140928,0.117086,0.179739,0.154131,0.60375,0.038808,0.125671,0.120631,0.435717,0.304944,0.118299,0.07387,0.067649,0.34219,0.252167,0.198882,0.137768,0.071858,0.480772,0.34158,0.173372,0.207173,0.09425,0.673723,0.401675,0.377449,0.183977,0.084983,1.815034,0.414945,0.364864,0.190371,0.16126,0.799469,0.412149,0.411824,0.188966,0.139905,0.661597,0.384027,0.507828,0.223804,0.20297
1768972975.653968,1768972975.655129,111.0,0.0,4384.615234,4356.025879,4370.641113,4373.717773,4371.538574,4364.487305,4364.871582,4371.025879,4368.717773,4348.333496,4461.153809,4521.025879,4396.922852,4430.769043,,,,,,,,,,,,,,,,,,,,,,,,,,,,,,,,,,,,,,,,,,,,,,,,,,,,,,,,,,,,,,,,,,,,,,
1768972975.661776,1768972975.662738,112.0,0.0,4382.05127,4351.153809,4366.538574,4373.717773,4367.820313,4366.666504,4366.025879,4374.102539,4369.358887,4352.307617,4455.128418,4512.820313,4396.282227,4425.0,,,,,,,,,,,,,,,,,,,,,,,,,,,,,,,,,,,,,,,,,,,,,,,,,,,,,,,,,,,,,,,,,,,,,,
1768972975.669585,1768972975.670547,113.0,0.0,4373.461426,4353.205078,4353.077148,4373.461426,4365.512695,4365.769043,4367.692383,4372.563965,4367.692383,4349.358887,4445.384766,4501.794922,4397.307617,4417.307617,,,,,,,,,,,,,,,,,,,,,,,,,,,,,,,,,,,,,,,,,,,,,,,,,,,,,,,,,,,,,,,,,,,,,,
1768972975.677393,1768972975.678455,114.0,0.0,4367.94873,4352.05127,4347.307617,4365.769043,4367.05127,4365.0,4362.179688,4366.282227,4364.743652,4342.05127,4441.922852,4493.077148,4394.487305,4411.794922,,,,,,,,,,,,,,,,,,,,,,,,,,,,,,,,,,,,,,,,,,,,,,,,,,,,,,,,,,,,,,,,,,,,,,
1768972975.685202,1768972975.686263,115.0,0.0,4365.128418,4341.538574,4350.641113,4358.974121,4366.922852,4365.128418,4360.384766,4370.769043,4365.641113,4342.307617,4442.692383,4495.128418,4385.256348,4410.256348,,,,,,,,,,,,,,,,,,,,,,,,,,,,,,,,,,,,,,,,,,,,,,,,,,,,,,,,,,,,,,,,,,,,,,
1768972975.69301,1768972975.694172,116.0,0.0,4362.563965,4338.974121,4353.974121,4361.794922,4363.974121,4372.05127,4374.615234,4376.666504,4368.846191,4344.743652,4442.179688,4503.846191,4383.333496,4416.410156,,,,,,,,,,,,,,,,,,,,,,,,,,,,,,,,,,,,,,,,,,,,,,,,,,,,,,,,,,,,,,,,,,,,,,
1768972975.700818,1768972975.70198,117.0,0.0,4366.538574,4347.307617,4359.102539,4371.538574,4363.333496,4378.333496,4379.871582,4374.358887,4372.820313,4346.922852,4448.846191,4508.846191,4393.846191,4424.358887,,,,,,,,,,,,,,,,,,,,,,,,,,,,,,,,,,,,,,,,,,,,,,,,,,,,,,,,,,,,,,,,,,,,,,
1768972975.708627,1768972975.709689,118.0,0.0,4376.794922,4355.641113,4366.153809,4377.436035,4368.333496,4371.153809,4368.974121,4377.05127,4376.025879,4354.615234,4461.666504,4511.666504,4402.563965,4428.077148,,,,,,,,,,,,,,,,,,,,,,,,,,,,,,,,,,,,,,,,,,,,,,,,,,,,,,,,,,,,,,,,,,,,,,
1768972975.716435,1768972975.717497,119.0,0.0,4378.974121,4358.717773,4366.538574,4375.0,4372.563965,4368.846191,4370.897461,4381.025879,4375.256348,4357.94873,4462.307617,4515.384766,4401.922852,4427.692383,,,,,,,,,,,,,,,,,,,,,,,,,,,,,,,,,,,,,,,,,,,,,,,,,,,,,,,,,,,,,,,,,,,,,,
1768972975.724244,1768972975.725106,120.0,0.0,4372.692383,4355.0,4360.897461,4370.769043,4372.307617,4382.05127,4383.077148,4378.974121,4373.333496,4352.820313,4456.025879,4514.230957,4397.692383,4429.487305,,,,,,,,,,,,,,,,,,,,,,,,,,,,,,,,,,,,,,,,,,,,,,,,,,,,,,,,,,,,,,,,,,,,,,
1768972975.732052,1768972975.732914,121.0,0.0,4373.846191,4348.589844,4360.128418,4371.794922,4371.410156,4380.769043,4378.589844,4377.692383,4370.769043,4350.0,4459.230957,4511.666504,4397.307617,4431.153809,,,,,,,,,,,,,,,,,,,,,,,,,,,,,,,,,,,,,,,,,,,,,,,,,,,,,,,,,,,,,,,,,,,,,,
1768972975.739861,1768972975.740823,122.0,0.0,4380.512695,4349.743652,4360.512695,4374.743652,4370.897461,4360.641113,4364.615234,4377.307617,4366.025879,4349.487305,4461.666504,4511.666504,4399.230957,4428.333496,,,,,,,,,,,,,,,,,,,,,,,,,,,,,,,,,,,,,,,,,,,,,,,,,,,,,,,,,,,,,,,,,,,,,,
1768972975.747669,1768972975.748631,123.0,0.0,4380.769043,4353.589844,4357.179688,4372.94873,4365.769043,4353.974121,4361.922852,4375.897461,4364.743652,4346.922852,4453.205078,4510.256348,4398.846191,4428.974121,,,,,,,,,,,,,,,,,,,,,,,,,,,,,,,,,,,,,,,,,,,,,,,,,,,,,,,,,,,,,,,,,,,,,,
1768972975.755478,1768972975.75624,124.0,0.0,4372.179688,4345.769043,4354.358887,4367.692383,4362.94873,4362.692383,4368.461426,4376.025879,4367.563965,4346.794922,4448.974121,4508.333496,4397.692383,4427.307617,,,,,,,,,,,,,,,,,,,,,,,,,,,,,,,,,,,,,,,,,,,,,,,,,,,,,,,,,,,,,,,,,,,,,,
1768972975.763286,1768972975.764048,125.0,0.0,4365.512695,4339.743652,4354.487305,4369.487305,4367.692383,4372.179688,4376.282227,4378.974121,4370.512695,4348.461426,4455.512695,4505.384766,4393.717773,4419.230957,,,,,,,,,,,,,,,,,,,,,,,,,,,,,,,,,,,,,,,,,,,,,,,,,,,,,,,,,,,,,,,,,,,,,,
1768972975.771094,1768972975.771757,126.0,0.0,4373.205078,4354.487305,4359.743652,4380.512695,4373.333496,4379.102539,4382.307617,4383.205078,4373.461426,4349.358887,4459.615234,4504.615234,4390.256348,4420.128418,0.517635,0.487156,0.24194,0.223531,0.150238,0.98463,0.36314,0.226992,0.208631,0.084582,0.278909,0.181357,0.105877,0.117902,0.0547,0.297174,0.285038,0.14457,0.117924,0.054961,0.213857,0.140512,0.0696,0.093674,0.049686,0.191633,0.465863,0.170271,0.122544,0.183329,0.155334,0.595972,0.050072,0.111333,0.129955,0.418334,0.322233,0.098579,0.072033,0.070247,0.330343,0.216478,0.173553,0.144039,0.075683,0.379598,0.283377,0.127216,0.222281,0.098547,0.514656,0.351056,0.306028,0.182751,0.090679,1.504151,0.330714,0.352381,0.198993,0.169913,0.616953,0.357801,0.38615,0.208892,0.15092,0.438017,0.338599,0.460644,0.222964,0.213594
1768972975.778903,1768972975.779565,127.0,0.0,4386.666504,4371.153809,4366.282227,4384.871582,4373.461426,4375.512695,4380.897461,4381.922852,4373.717773,4351.282227,4456.538574,4513.077148,4393.846191,4430.384766,,,,,,,,,,,,,,,,,,,,,,,,,,,,,,,,,,,,,,,,,,,,,,,,,,,,,,,,,,,,,,,,,,,,,,
1768972975.786711,1768972975.787174,0.0,0.0,4387.94873,4367.563965,4360.256348,4380.128418,4369.743652,4366.538574,4371.922852,4376.666504,4371.025879,4354.615234,4458.333496,4520.512695,4401.153809,4434.615234,,,,,,,,,,,,,,,,,,,,,,,,,,,,,,,,,,,,,,,,,,,,,,,,,,,,,,,,,,,,,,,,,,,,,,
1768972975.79452,1768972975.794982,1.0,0.0,4377.436035,4358.974121,4351.794922,4377.820313,4369.743652,4368.846191,4372.820313,4380.256348,4372.820313,4354.230957,4462.179688,4513.205078,4399.358887,4429.615234,,,,,,,,,,,,,,,,,,,,,,,,,,,,,,,,,,,,,,,,,,,,,,,,,,,,,,,,,,,,,,,,,,,,,,
1768972975.802328,1768972975.802891,2.0,0.0,4371.282227,4357.820313,4354.358887,4375.769043,4373.846191,4380.128418,4387.692383,4388.717773,4375.384766,4345.897461,4453.589844,4501.153809,4388.974121,4420.0,,,,,,,,,,,,,,,,,,,,,,,,,,,,,,,,,,,,,,,,,,,,,,,,,,,,,,,,,,,,,,,,,,,,,,
1768972975.810137,1768972975.810699,3.0,0.0,4376.410156,4357.563965,4356.282227,4373.589844,4373.077148,4386.410156,4396.922852,4388.333496,4372.820313,4338.333496,4446.922852,4502.05127,4386.025879,4416.666504,,,,,,,,,,,,,,,,,,,,,,,,,,,,,,,,,,,,,,,,,,,,,,,,,,,,,,,,,,,,,,,,,,,,,,
1768972975.817945,1768972975.818707,4.0,0.0,4385.641113,4358.589844,4351.794922,4375.128418,4368.846191,4373.589844,4383.461426,4383.205078,4372.436035,4345.641113,4456.410156,4512.436035,4393.333496,4426.538574,,,,,,,,,,,,,,,,,,,,,,,,,,,,,,,,,,,,,,,,,,,,,,,,,,,,,,,,,,,,,,,,,,,,,,
1768972975.825754,1768972975.826516,5.0,0.0,4386.153809,4360.512695,4351.282227,4373.589844,4366.794922,4354.871582,4361.666504,4378.846191,4374.102539,4353.077148,4460.897461,4512.563965,4396.794922,4428.333496,,,,,,,,,,,,,,,,,,,,,,,,,,,,,,,,,,,,,,,,,,,,,,,,,,,,,,,,,,,,,,,,,,,,,,
1768972975.833562,1768972975.834424,6.0,0.0,4379.487305,4358.077148,4351.282227,4370.0,4366.282227,4356.282227,4358.461426,4374.615234,4372.436035,4346.666504,4450.128418,4500.128418,4393.205078,4416.410156,,,,,,,,,,,,,,,,,,,,,,,,,,,,,,,,,,,,,,,,,,,,,,,,,,,,,,,,,,,,,,,,,,,,,,
1768972975.84137,1768972975.842233,7.0,0.0,4379.102539,4357.820313,4350.384766,4376.922852,4367.05127,4367.94873,4371.794922,4375.897461,4372.436035,4342.820313,4450.769043,4501.282227,4393.974121,4418.589844,,,,,,,,,,,,,,,,,,,,,,,,,,,,,,,,,,,,,,,,,,,,,,,,,,,,,,,,,,,,,,,,,,,,,,
1768972975.849179,1768972975.849841,8.0,0.0,4381.025879,4361.025879,4355.641113,4381.538574,4370.384766,4370.769043,4380.0,4381.410156,4374.230957,4350.897461,4460.897461,4516.025879,4398.077148,4430.0,,,,,,,,,,,,,,,,,,,,,,,,,,,,,,,,,,,,,,,,,,,,,,,,,,,,,,,,,,,,,,,,,,,,,,
1768972975.856987,1768972975.85765,9.0,0.0,4380.384766,4361.410156,4360.0,4377.179688,4373.846191,4376.282227,4383.589844,4386.025879,4373.205078,4353.974121,4460.641113,4518.333496,4398.205078,4430.641113,,,,,,,,,,,,,,,,,,,,,,,,,,,,,,,,,,,,,,,,,,,,,,,,,,,,,,,,,,,,,,,,,,,,,,
1768972975.864796,1768972975.865358,10.0,0.0,4378.205078,4360.256348,4356.666504,4377.692383,4374.230957,4386.794922,4389.102539,4389.230957,4376.153809,4348.846191,4459.615234,4509.358887,4397.307617,4427.179688,,,,,,,,,,,,,,,,,,,,,,,,,,,,,,,,,,,,,,,,,,,,,,,,,,,,,,,,,,,,,,,,,,,,,,
1768972975.872604,1768972975.873167,11.0,0.0,4374.230957,4356.538574,4354.358887,4378.461426,4370.0,4385.512695,4390.384766,4385.384766,4379.487305,4347.179688,4457.05127,4501.282227,4394.358887,4423.205078,,,,,,,,,,,,,,,,,,,,,,,,,,,,,,,,,,,,,,,,,,,,,,,,,,,,,,,,,,,,,,,,,,,,,,
1768972975.880413,1768972975.881175,12.0,0.0,4372.179688,4351.538574,4355.897461,4373.717773,4367.94873,4383.717773,4390.769043,4377.820313,4372.94873,4343.717773,4445.128418,4499.487305,4388.846191,4415.769043,,,,,,,,,,,,,,,,,,,,,,,,,,,,,,,,,,,,,,,,,,,,,,,,,,,,,,,,,,,,,,,,,,,,,,
1768972975.888221,1768972975.888983,13.0,0.0,4372.692383,4354.230957,4355.256348,4373.974121,4368.717773,4387.307617,4391.282227,4378.717773,4365.897461,4340.128418,4439.615234,4501.410156,4385.512695,4412.820313,,,,,,,,,,,,,,,,,,,,,,,,,,,,,,,,,,,,,,,,,,,,,,,,,,,,,,,,,,,,,,,,,,,,,,
1768972975.89603,1768972975.896692,14.0,0.0,4371.025879,4357.436035,4352.692383,4375.512695,4367.820313,4381.025879,4385.512695,4383.589844,4367.179688,4340.256348,4441.410156,4498.846191,4380.769043,4412.692383,0.367923,0.343446,0.214899,0.202179,0.152585,0.787473,0.335742,0.201957,0.230934,0.088006,0.2062,0.122212,0.107383,0.126124,0.072025,0.271266,0.222794,0.135906,0.121296,0.057088,0.179129,0.119467,0.054053,0.099705,0.049666,0.174571,0.411962,0.192958,0.130246,0.190296,0.168356,0.542995,0.071547,0.108461,0.147027,0.398408,0.318752,0.086103,0.070488,0.071526,0.331332,0.183038,0.168713,0.145762,0.07944,0.30251,0.226619,0.097311,0.22175,0.102045,0.419915,0.323245,0.241929,0.181571,0.097802,1.223324,0.260295,0.331778,0.200406,0.181484,0.505175,0.340456,0.350296,0.221587,0.163474,0.289055,0.322204,0.416331,0.21143,0.225809
1768972975.903838,1768972975.9045,15.0,0.0,4368.461426,4352.94873,4352.05127,4371.282227,4367.179688,4383.077148,4389.743652,4384.230957,4372.307617,4339.871582,4438.717773,4497.179688,4377.692383,4410.0,,,,,,,,,,,,,,,,,,,,,,,,,,,,,,,,,,,,,,,,,,,,,,,,,,,,,,,,,,,,,,,,,,,,,,
1768972975.911646,1768972975.912109,16.0,0.0,4369.743652,4345.128418,4353.461426,4366.410156,4363.461426,4393.589844,4398.077148,4383.846191,4378.461426,4343.846191,4442.05127,4503.717773,4384.102539,4412.692383,,,,,,,,,,,,,,,,,,,,,,,,,,,,,,,,,,,,,,,,,,,,,,,,,,,,,,,,,,,,,,,,,,,,,,
1768972975.919455,1768972975.919917,17.0,0.0,4373.717773,4346.794922,4353.846191,4367.05127,4358.846191,4380.769043,4383.846191,4379.743652,4380.0,4349.358887,4448.461426,4502.563965,4386.025879,4416.538574,,,,,,,,,,,,,,,,,,,,,,,,,,,,,,,,,,,,,,,,,,,,,,,,,,,,,,,,,,,,,,,,,,,,,,
1768972975.927263,1768972975.927626,18.0,0.0,4375.0,4355.128418,4352.179688,4370.512695,4363.717773,4362.05127,4366.666504,4372.307617,4372.179688,4341.794922,4442.179688,4484.615234,4374.487305,4410.0,,,,,,,,,,,,,,,,,,,,,,,,,,,,,,,,,,,,,,,,,,,,,,,,,,,,,,,,,,,,,,,,,,,,,,
1768972975.935072,1768972975.935434,19.0,0.0,4371.282227,4359.487305,4353.589844,4373.846191,4371.666504,4373.333496,4375.0,4376.282227,4370.512695,4338.461426,4438.461426,4480.769043,4371.282227,4403.461426,,,,,,,,,,,,,,,,,,,,,,,,,,,,,,,,,,,,,,,,,,,,,,,,,,,,,,,,,,,,,,,,,,,,,,
1768972975.94288,1768972975.943443,20.0,0.0,4373.717773,4357.05127,4360.256348,4376.922852,4370.769043,4386.794922,4385.897461,4385.384766,4380.128418,4353.461426,4447.820313,4498.205078,4386.153809,4411.922852,,,,,,,,,,,,,,,,,,,,,,,,,,,,,,,,,,,,,,,,,,,,,,,,,,,,,,,,,,,,,,,,,,,,,,
1768972975.950689,1768972975.951251,21.0,0.0,4381.794922,4349.743652,4362.94873,4379.615234,4367.692383,4380.641113,4385.769043,4383.846191,4382.05127,4359.230957,4453.333496,4503.461426,4395.897461,4424.615234,,,,,,,,,,,,,,,,,,,,,,,,,,,,,,,,,,,,,,,,,,,,,,,,,,,,,,,,,,,,,,,,,,,,,,
1768972975.958497,1768972975.95896,22.0,0.0,4380.384766,4343.974121,4357.179688,4376.538574,4368.974121,4381.410156,4386.794922,4380.897461,4374.487305,4352.307617,4449.102539,4495.0,4393.205078,4425.897461,,,,,,,,,,,,,,,,,,,,,,,,,,,,,,,,,,,,,,,,,,,,,,,,,,,,,,,,,,,,,,,,,,,,,,
1768972975.966306,1768972975.966768,23.0,0.0,4372.05127,4343.717773,4352.05127,4371.922852,4369.102539,4387.94873,4385.897461,4383.461426,4373.846191,4351.794922,4446.153809,4489.743652,4384.743652,4417.692383,,,,,,,,,,,,,,,,,,,,,,,,,,,,,,,,,,,,,,,,,,,,,,,,,,,,,,,,,,,,,,,,,,,,,,
1768972975.974114,1768972975.974776,24.0,0.0,4371.153809,4348.589844,4354.615234,4378.077148,4369.230957,4383.846191,4384.871582,4383.461426,4380.512695,4352.692383,4448.717773,4491.282227,4383.717773,4416.025879,,,,,,,,,,,,,,,,,,,,,,,,,,,,,,,,,,,,,,,,,,,,,,,,,,,,,,,,,,,,,,,,,,,,,,
1768972975.981923,1768972975.982585,25.0,0.0,4375.384766,4354.615234,4358.333496,4384.230957,4371.025879,4382.820313,4389.358887,4381.666504,4382.436035,4352.436035,4450.897461,4498.589844,4393.974121,4424.487305,,,,,,,,,,,,,,,,,,,,,,,,,,,,,,,,,,,,,,,,,,,,,,,,,,,,,,,,,,,,,,,,,,,,,,
1768972975.989731,1768972975.990493,26.0,0.0,4373.717773,4357.307617,4355.384766,4378.077148,4372.05127,4387.179688,4387.436035,4381.282227,4380.0,4353.717773,4447.820313,4504.615234,4395.256348,4429.230957,,,,,,,,,,,,,,,,,,,,,,,,,,,,,,,,,,,,,,,,,,,,,,,,,,,,,,,,,,,,,,,,,,,,,,
1768972975.997539,1768972975.998302,27.0,0.0,4369.871582,4353.461426,4352.436035,4371.794922,4370.897461,4379.615234,4378.717773,4377.94873,4377.94873,4352.692383,4443.717773,4498.846191,4386.666504,4426.025879,,,,,,,,,,,,,,,,,,,,,,,,,,,,,,,,,,,,,,,,,,,,,,,,,,,,,,,,,,,,,,,,,,,,,,
1768972976.005348,1768972976.00631,28.0,0.0,4371.410156,4348.205078,4352.692383,4372.94873,4370.512695,4373.461426,4378.461426,4374.230957,4375.897461,4350.128418,4446.025879,4490.0,4388.846191,4421.025879,,,,,,,,,,,,,,,,,,,,,,,,,,,,,,,,,,,,,,,,,,,,,,,,,,,,,,,,,,,,,,,,,,,,,,
1768972976.013156,1768972976.014118,29.0,0.0,4374.871582,4350.128418,4351.666504,4374.230957,4370.0,4381.153809,4383.461426,4376.666504,4373.846191,4350.384766,4450.897461,4493.846191,4396.794922,4421.666504,,,,,,,,,,,,,,,,,,,,,,,,,,,,,,,,,,,,,,,,,,,,,,,,,,,,,,,,,,,,,,,,,,,,,,
1768972976.020965,1768972976.022027,30.0,0.0,4373.974121,4353.205078,4349.358887,4370.641113,4366.153809,4380.256348,4379.102539,4373.589844,4370.0,4348.205078,4448.461426,4498.846191,4393.461426,4425.384766,0.263506,0.242741,0.219284,0.174624,0.159742,0.603328,0.314044,0.210986,0.2495,0.096866,0.16166,0.082153,0.124856,0.13937,0.091796,0.245015,0.169885,0.136842,0.128951,0.060692,0.153097,0.116739,0.040578,0.097033,0.048855,0.163505,0.387723,0.205066,0.139417,0.20385,0.202212,0.494841,0.098871,0.116304,0.171472,0.377596,0.301815,0.08476,0.070142,0.072614,0.341437,0.164189,0.177735,0.142755,0.081468,0.256912,0.188106,0.084888,0.206538,0.102814,0.388955,0.331737,0.197468,0.188703,0.105924,1.032839,0.227718,0.3103,0.202861,0.193672,0.466427,0.373111,0.308963,0.224242,0.173448,0.222188,0.345277,0.387917,0.197289,0.240134
1768972976.028773,1768972976.029835,31.0,0.0,4375.384766,4355.0,4350.769043,4374.615234,4365.0,4372.563965,4374.358887,4367.94873,4367.94873,4347.94873,4448.333496,4498.077148,4390.128418,4425.769043,,,,,,,,,,,,,,,,,,,,,,,,,,,,,,,,,,,,,,,,,,,,,,,,,,,,,,,,,,,,,,,,,,,,,,
1768972976.036582,1768972976.037843,32.0,0.0,4381.538574,4356.922852,4356.153809,4381.410156,4369.743652,4377.563965,4380.512695,4374.487305,4373.717773,4352.94873,4457.436035,4501.666504,4397.307617,4426.666504,,,,,,,,,,,,,,,,,,,,,,,,,,,,,,,,,,,,,,,,,,,,,,,,,,,,,,,,,,,,,,,,,,,,,,
1768972976.04439,1768972976.045652,33.0,0.0,4379.102539,4355.769043,4356.025879,4376.794922,4366.794922,4378.589844,4384.358887,4379.871582,4376.666504,4349.487305,4457.94873,4502.307617,4398.205078,4427.563965,,,,,,,,,,,,,,,,,,,,,,,,,,,,,,,,,,,,,,,,,,,,,,,,,,,,,,,,,,,,,,,,,,,,,,
1768972976.052199,1768972976.05356,34.0,0.0,4372.179688,4352.05127,4350.897461,4372.820313,4358.846191,4370.0,4379.743652,4373.333496,4368.717773,4343.077148,4444.743652,4493.461426,4392.307617,4424.487305,,,,,,,,,,,,,,,,,,,,,,,,,,,,,,,,,,,,,,,,,,,,,,,,,,,,,,,,,,,,,,,,,,,,,,
1768972976.060007,1768972976.061369,35.0,0.0,4372.05127,4349.871582,4349.871582,4379.102539,4361.794922,4375.512695,4384.230957,4372.179688,4362.94873,4342.563965,4443.974121,4493.717773,4390.897461,4424.871582,,,,,,,,,,,,,,,,,,,,,,,,,,,,,,,,,,,,,,,,,,,,,,,,,,,,,,,,,,,,,,,,,,,,,,
1768972976.067815,1768972976.069377,36.0,0.0,4374.743652,4352.820313,4353.333496,4384.487305,4368.589844,4384.358887,4388.077148,4377.563965,4369.743652,4342.820313,4457.94873,4502.94873,4396.153809,4431.153809,,,,,,,,,,,,,,,,,,,,,,,,,,,,,,,,,,,,,,,,,,,,,,,,,,,,,,,,,,,,,,,,,,,,,,
1768972976.075624,1768972976.077185,37.0,0.0,4376.410156,4357.563965,4355.0,4379.487305,4365.256348,4376.538574,4376.410156,4375.769043,4374.230957,4343.717773,4462.179688,4500.641113,4397.436035,4429.871582,,,,,,,,,,,,,,,,,,,,,,,,,,,,,,,,,,,,,,,,,,,,,,,,,,,,,,,,,,,,,,,,,,,,,,
1768972976.083432,1768972976.084894,38.0,0.0,4377.179688,4356.410156,4354.230957,4373.077148,4359.871582,4367.179688,4370.256348,4372.436035,4370.128418,4344.487305,4453.974121,4493.589844,4391.922852,4425.769043,,,,,,,,,,,,,,,,,,,,,,,,,,,,,,,,,,,,,,,,,,,,,,,,,,,,,,,,,,,,,,,,,,,,,,
1768972976.091241,1768972976.092702,39.0,0.0,4374.230957,4355.384766,4352.563965,4374.615234,4362.94873,4370.0,4375.769043,4372.94873,4365.641113,4341.794922,4450.256348,4494.487305,4387.692383,4426.666504,,,,,,,,,,,,,,,,,,,,,,,,,,,,,,,,,,,,,,,,,,,,,,,,,,,,,,,,,,,,,,,,,,,,,,
1768972976.099049,1768972976.100311,40.0,0.0,4372.307617,4358.205078,4350.641113,4378.077148,4365.256348,4371.025879,4374.871582,4374.615234,4366.153809,4340.897461,4455.0,4496.410156,4389.358887,4425.897461,,,,,,,,,,,,,,,,,,,,,,,,,,,,,,,,,,,,,,,,,,,,,,,,,,,,,,,,,,,,,,,,,,,,,,
1768972976.106858,1768972976.108119,41.0,0.0,4374.102539,4357.94873,4352.692383,4374.615234,4359.615234,4365.641113,4367.692383,4376.282227,4369.487305,4346.538574,4458.589844,4497.436035,4393.333496,4425.769043,,,,,,,,,,,,,,,,,,,,,,,,,,,,,,,,,,,,,,,,,,,,,,,,,,,,,,,,,,,,,,,,,,,,,,
1768972976.114666,1768972976.115828,42.0,0.0,4373.589844,4357.94873,4356.153809,4369.358887,4355.128418,4362.563965,4366.410156,4373.589844,4370.897461,4349.358887,4458.333496,4504.743652,4396.153809,4427.436035,,,,,,,,,,,,,,,,,,,,,,,,,,,,,,,,,,,,,,,,,,,,,,,,,,,,,,,,,,,,,,,,,,,,,,
1768972976.122475,1768972976.123636,43.0,0.0,4373.974121,4361.025879,4359.743652,4374.871582,4358.846191,4367.692383,4373.846191,4372.94873,4370.0,4352.436035,4460.897461,4512.94873,4398.205078,4429.358887,,,,,,,,,,,,,,,,,,,,,,,,,,,,,,,,,,,,,,,,,,,,,,,,,,,,,,,,,,,,,,,,,,,,,,
1768972976.130283,1768972976.131645,44.0,0.0,4375.512695,4360.128418,4361.794922,4380.384766,4363.846191,4379.871582,4384.615234,4376.025879,4369.358887,4352.05127,4462.179688,4513.077148,4399.230957,4431.153809,,,,,,,,,,,,,,,,,,,,,,,,,,,,,,,,,,,,,,,,,,,,,,,,,,,,,,,,,,,,,,,,,,,,,,
1768972976.138091,1768972976.139453,45.0,0.0,4373.717773,4357.820313,4356.666504,4376.282227,4362.179688,4381.153809,4383.077148,4376.282227,4370.384766,4343.077148,4459.358887,4508.461426,4396.666504,4428.974121,,,,,,,,,,,,,,,,,,,,,,,,,,,,,,,,,,,,,,,,,,,,,,,,,,,,,,,,,,,,,,,,,,,,,,
1768972976.1459,1768972976.147361,46.0,0.0,4372.94873,4363.974121,4351.410156,4374.743652,4358.589844,4369.358887,4372.05127,4374.487305,4374.743652,4348.333496,4460.256348,4506.794922,4396.922852,4428.461426,0.223722,0.20618,0.257072,0.15166,0.170334,0.471572,0.300114,0.256945,0.258852,0.110833,0.142268,0.067764,0.165301,0.158953,0.108979,0.226887,0.143957,0.149934,0.13983,0.065737,0.136271,0.13954,0.034391,0.087682,0.047934,0.163857,0.44492,0.20733,0.154765,0.227116,0.257347,0.508856,0.125874,0.138386,0.2024,0.351583,0.281655,0.094216,0.074542,0.074481,0.348327,0.165451,0.191178,0.136371,0.080586,0.233622,0.177102,0.088947,0.18449,0.100579,0.39714,0.376749,0.182042,0.209298,0.114276,0.96296,0.237352,0.298295,0.216432,0.204251,0.475082,0.446324,0.26772,0.219178,0.176557,0.221064,0.40014,0.380809,0.188964,0.252617
1768972976.153708,1768972976.15517,47.0,0.0,4373.717773,4365.0,4353.846191,4377.307617,4356.922852,4368.077148,4375.512695,4373.846191,4373.077148,4354.487305,4460.384766,4508.974121,4398.333496,4429.487305,,,,,,,,,,,,,,,,,,,,,,,,,,,,,,,,,,,,,,,,,,,,,,,,,,,,,,,,,,,,,,,,,,,,,,
1768972976.161517,1768972976.162778,48.0,0.0,4374.615234,4360.0,4356.666504,4375.769043,4358.333496,4376.794922,4383.846191,4373.589844,4367.692383,4339.871582,4456.538574,4507.307617,4396.153809,4424.487305,,,,,,,,,,,,,,,,,,,,,,,,,,,,,,,,,,,,,,,,,,,,,,,,,,,,,,,,,,,,,,,,,,,,,,
1768972976.169325,1768972976.170587,49.0,0.0,4374.230957,4359.871582,4351.794922,4372.563965,4361.410156,4371.282227,4376.666504,4373.333496,4368.333496,4336.666504,4457.94873,4503.717773,4394.743652,4422.179688,,,,,,,,,,,,,,,,,,,,,,,,,,,,,,,,,,,,,,,,,,,,,,,,,,,,,,,,,,,,,,,,,,,,,,
1768972976.177134,1768972976.178295,50.0,0.0,4370.256348,4359.743652,4346.922852,4372.05127,4361.538574,4360.897461,4369.230957,4375.384766,4367.692383,4351.153809,4458.077148,4504.487305,4396.153809,4423.461426,,,,,,,,,,,,,,,,,,,,,,,,,,,,,,,,,,,,,,,,,,,,,,,,,,,,,,,,,,,,,,,,,,,,,,
1768972976.184942,1768972976.186104,51.0,0.0,4369.743652,4360.512695,4347.05127,4371.794922,4357.05127,4363.205078,4372.820313,4372.307617,4360.512695,4351.538574,4451.666504,4507.179688,4398.205078,4418.717773,,,,,,,,,,,,,,,,,,,,,,,,,,,,,,,,,,,,,,,,,,,,,,,,,,,,,,,,,,,,,,,,,,,,,,
1768972976.192751,1768972976.194112,52.0,0.0,4373.077148,4362.05127,4345.512695,4372.307617,4355.897461,4363.974121,4371.025879,4363.974121,4358.846191,4342.820313,4444.358887,4504.743652,4395.769043,4414.743652,,,,,,,,,,,,,,,,,,,,,,,,,,,,,,,,,,,,,,,,,,,,,,,,,,,,,,,,,,,,,,,,,,,,,,
1768972976.200559,1768972976.201921,53.0,0.0,4371.282227,4360.769043,4346.025879,4374.230957,4361.922852,4358.589844,4361.794922,4363.974121,4363.717773,4344.487305,4441.410156,4498.333496,4390.128418,4418.333496,,,,,,,,,,,,,,,,,,,,,,,,,,,,,,,,,,,,,,,,,,,,,,,,,,,,,,,,,,,,,,,,,,,,,,
1768972976.208367,1768972976.209829,54.0,0.0,4370.0,4361.794922,4350.769043,4372.05127,4365.384766,4360.512695,4362.436035,4369.743652,4365.256348,4348.077148,4447.436035,4499.487305,4391.794922,4421.282227,,,,,,,,,,,,,,,,,,,,,,,,,,,,,,,,,,,,,,,,,,,,,,,,,,,,,,,,,,,,,,,,,,,,,,
1768972976.216176,1768972976.217637,55.0,0.0,4373.717773,4363.333496,4354.487305,4370.769043,4365.769043,4370.512695,4373.461426,4371.794922,4365.897461,4349.230957,4457.692383,4507.692383,4396.282227,4422.436035,,,,,,,,,,,,,,,,,,,,,,,,,,,,,,,,,,,,,,,,,,,,,,,,,,,,,,,,,,,,,,,,,,,,,,
1768972976.223984,1768972976.225646,56.0,0.0,4371.922852,4358.589844,4355.0,4372.436035,4365.384766,4373.589844,4378.333496,4371.666504,4367.94873,4346.025879,4459.358887,4509.871582,4391.538574,4420.128418,,,,,,,,,,,,,,,,,,,,,,,,,,,,,,,,,,,,,,,,,,,,,,,,,,,,,,,,,,,,,,,,,,,,,,
1768972976.231793,1768972976.233454,57.0,0.0,4375.512695,4358.717773,4356.538574,4377.94873,4365.128418,4372.179688,4378.077148,4374.230957,4368.461426,4339.358887,4455.256348,4506.025879,4388.846191,4416.538574,,,,,,,,,,,,,,,,,,,,,,,,,,,,,,,,,,,,,,,,,,,,,,,,,,,,,,,,,,,,,,,,,,,,,,
1768972976.239601,1768972976.241262,58.0,0.0,4389.358887,4370.641113,4362.820313,4384.743652,4367.820313,4375.0,4381.410156,4373.589844,4367.94873,4343.717773,4457.94873,4509.230957,4395.128418,4422.05127,,,,,,,,,,,,,,,,,,,,,,,,,,,,,,,,,,,,,,,,,,,,,,,,,,,,,,,,,,,,,,,,,,,,,,
1768972976.24741,1768972976.249071,59.0,0.0,4390.0,4379.230957,4365.384766,4384.230957,4371.153809,4374.743652,4379.871582,4368.717773,4363.974121,4351.153809,4461.666504,4515.384766,4396.794922,4430.641113,,,,,,,,,,,,,,,,,,,,,,,,,,,,,,,,,,,,,,,,,,,,,,,,,,,,,,,,,,,,,,,,,,,,,,
1768972976.255218,1768972976.256779,60.0,0.0,4378.846191,4377.436035,4361.410156,4380.897461,4368.077148,4372.05127,4375.256348,4368.846191,4363.461426,4347.94873,4458.846191,4514.230957,4395.0,4429.230957,,,,,,,,,,,,,,,,,,,,,,,,,,,,,,,,,,,,,,,,,,,,,,,,,,,,,,,,,,,,,,,,,,,,,,
1768972976.263027,1768972976.264588,61.0,0.0,4376.538574,4374.102539,4358.333496,4379.358887,4362.179688,4368.461426,4371.153809,4370.897461,4367.05127,4345.641113,4456.922852,4507.563965,4396.922852,4420.641113,,,,,,,,,,,,,,,,,,,,,,,,,,,,,,,,,,,,,,,,,,,,,,,,,,,,,,,,,,,,,,,,,,,,,,
1768972976.270835,1768972976.272296,62.0,0.0,4381.538574,4377.563965,4358.077148,4376.538574,4363.717773,4364.102539,4365.512695,4369.743652,4368.333496,4349.871582,4458.205078,4502.179688,4396.153809,4419.358887,0.242363,0.223347,0.314075,0.141358,0.181577,0.40229,0.288125,0.332885,0.258684,0.127602,0.139343,0.072863,0.226275,0.182548,0.119414,0.220054,0.148866,0.173931,0.150382,0.072087,0.12921,0.183673,0.039361,0.076703,0.047559,0.177475,0.606563,0.203664,0.183604,0.260548,0.318557,0.622577,0.148359,0.180582,0.237661,0.315695,0.26885,0.109092,0.087353,0.077442,0.343968,0.18501,0.201841,0.128989,0.077312,0.223556,0.192777,0.105756,0.165793,0.097231,0.411015,0.446005,0.197674,0.24152,0.122503,0.988818,0.275263,0.301921,0.247511,0.212865,0.499044,0.532072,0.229937,0.211897,0.172021,0.260967,0.464845,0.388902,0.192701,0.257726
1768972976.278643,1768972976.280105,63.0,0.0,4383.974121,4385.256348,4356.282227,4376.153809,4365.128418,4363.589844,4368.077148,4368.589844,4366.538574,4352.05127,4458.846191,4505.128418,4395.897461,4426.538574,,,,,,,,,,,,,,,,,,,,,,,,,,,,,,,,,,,,,,,,,,,,,,,,,,,,,,,,,,,,,,,,,,,,,,
1768972976.286452,1768972976.287714,64.0,0.0,4386.025879,4390.384766,4356.153809,4380.512695,4364.615234,4367.94873,4376.282227,4369.487305,4363.846191,4351.538574,4457.820313,4513.846191,4401.410156,4430.256348,,,,,,,,,,,,,,,,,,,,,,,,,,,,,,,,,,,,,,,,,,,,,,,,,,,,,,,,,,,,,,,,,,,,,,
1768972976.29426,1768972976.295522,65.0,0.0,4390.512695,4395.256348,4358.974121,4382.820313,4370.0,4373.333496,4378.077148,4371.538574,4364.230957,4353.589844,4458.974121,4516.410156,4405.897461,4429.487305,,,,,,,,,,,,,,,,,,,,,,,,,,,,,,,,,,,,,,,,,,,,,,,,,,,,,,,,,,,,,,,,,,,,,,
1768972976.302069,1768972976.303231,66.0,0.0,4389.230957,4399.487305,4357.563965,4384.230957,4375.256348,4375.0,4376.153809,4372.820313,4366.410156,4355.641113,4461.025879,4513.205078,4405.897461,4430.256348,,,,,,,,,,,,,,,,,,,,,,,,,,,,,,,,,,,,,,,,,,,,,,,,,,,,,,,,,,,,,,,,,,,,,,
1768972976.309877,1768972976.311039,67.0,0.0,4382.179688,4394.615234,4355.128418,4386.410156,4369.615234,4368.846191,4375.0,4370.0,4365.512695,4353.077148,4459.615234,4509.871582,4403.589844,4429.743652,,,,,,,,,,,,,,,,,,,,,,,,,,,,,,,,,,,,,,,,,,,,,,,,,,,,,,,,,,,,,,,,,,,,,,
1768972976.317685,1768972976.318648,68.0,0.0,4381.410156,4390.641113,4359.102539,4384.743652,4365.128418,4362.692383,4371.025879,4368.077148,4362.94873,4350.512695,4458.333496,4510.512695,4403.205078,4430.0,,,,,,,,,,,,,,,,,,,,,,,,,,,,,,,,,,,,,,,,,,,,,,,,,,,,,,,,,,,,,,,,,,,,,,
1768972976.325494,1768972976.326456,69.0,0.0,4382.179688,4390.641113,4359.871582,4382.307617,4370.384766,4368.589844,4373.205078,4372.563965,4367.563965,4350.512695,4458.461426,4509.871582,4402.692383,4432.05127,,,,,,,,,,,,,,,,,,,,,,,,,,,,,,,,,,,,,,,,,,,,,,,,,,,,,,,,,,,,,,,,,,,,,,
1768972976.333302,1768972976.334165,70.0,0.0,4374.102539,4380.769043,4353.333496,4376.922852,4369.615234,4375.897461,4378.846191,4375.384766,4373.846191,4351.666504,4457.307617,4504.743652,4398.205078,4428.333496,,,,,,,,,,,,,,,,,,,,,,,,,,,,,,,,,,,,,,,,,,,,,,,,,,,,,,,,,,,,,,,,,,,,,,
1768972976.341111,1768972976.341973,71.0,0.0,4373.205078,4375.384766,4353.717773,4375.897461,4365.641113,4373.589844,4377.436035,4375.384766,4375.0,4355.256348,4457.179688,4503.461426,4395.0,4424.358887,,,,,,,,,,,,,,,,,,,,,,,,,,,,,,,,,,,,,,,,,,,,,,,,,,,,,,,,,,,,,,,,,,,,,,
1768972976.348919,1768972976.349981,72.0,0.0,4383.077148,4389.102539,4363.205078,4384.358887,4369.230957,4376.282227,4386.153809,4380.641113,4376.538574,4360.0,4461.538574,4508.717773,4401.666504,4429.615234,,,,,,,,,,,,,,,,,,,,,,,,,,,,,,,,,,,,,,,,,,,,,,,,,,,,,,,,,,,,,,,,,,,,,,
