Timestamp,OriginalTimestamp,EEG.Counter,EEG.Interpolated,EEG.AF3,EEG.F7,EEG.F3,EEG.FC5,EEG.T7,EEG.P7,EEG.O1,EEG.O2,EEG.P8,EEG.T8,EEG.FC6,EEG.F4,EEG.F8,EEG.AF4,POW.AF3.Theta,POW.AF3.Alpha,POW.AF3.BetaL,POW.AF3.BetaH,POW.AF3.Gamma,POW.F7.Theta,POW.F7.Alpha,POW.F7.BetaL,POW.F7.BetaH,POW.F7.Gamma,POW.F3.Theta,POW.F3.Alpha,POW.F3.BetaL,POW.F3.BetaH,POW.F3.Gamma,POW.FC5.Theta,POW.FC5.Alpha,POW.FC5.BetaL,POW.FC5.BetaH,POW.FC5.Gamma,POW.T7.Theta,POW.T7.Alpha,POW.T7.BetaL,POW.T7.BetaH,POW.T7.Gamma,POW.P7.Theta,POW.P7.Alpha,POW.P7.BetaL,POW.P7.BetaH,POW.P7.Gamma,POW.O1.Theta,POW.O1.Alpha,POW.O1.BetaL,POW.O1.BetaH,POW.O1.Gamma,POW.O2.Theta,POW.O2.Alpha,POW.O2.BetaL,POW.O2.BetaH,POW.O2.Gamma,POW.P8.Theta,POW.P8.Alpha,POW.P8.BetaL,POW.P8.BetaH,POW.P8.Gamma,POW.T8.Theta,POW.T8.Alpha,POW.T8.BetaL,POW.T8.BetaH,POW.T8.Gamma,POW.FC6.Theta,POW.FC6.Alpha,POW.FC6.BetaL,POW.FC6.BetaH,POW.FC6.Gamma,POW.F4.Theta,POW.F4.Alpha,POW.F4.BetaL,POW.F4.BetaH,POW.F4.Gamma,POW.F8.Theta,POW.F8.Alpha,POW.F8.BetaL,POW.F8.BetaH,POW.F8.Gamma,POW.AF4.Theta,POW.AF4.Alpha,POW.AF4.BetaL,POW.AF4.BetaH,POW.AF4.Gamma
1769163806.877268,1769163806.878382,17.0,0.0,4309.615234,4305.641113,4337.94873,4317.05127,4270.0,4284.358887,4295.897461,4292.692383,4275.641113,4277.563965,4574.615234,4547.307617,4411.794922,4482.05127,,,,,,,,,,,,,,,,,,,,,,,,,,,,,,,,,,,,,,,,,,,,,,,,,,,,,,,,,,,,,,,,,,,,,,
1769163806.885076,1769163806.88629,18.0,0.0,4312.05127,4307.179688,4339.615234,4317.05127,4268.205078,4290.0,4297.05127,4292.307617,4274.102539,4274.487305,4571.282227,4547.94873,4411.538574,4478.333496,,,,,,,,,,,,,,,,,,,,,,,,,,,,,,,,,,,,,,,,,,,,,,,,,,,,,,,,,,,,,,,,,,,,,,
1769163806.892885,1769163806.894099,19.0,0.0,4311.025879,4307.307617,4341.794922,4315.769043,4264.743652,4286.666504,4297.563965,4290.769043,4276.282227,4276.666504,4571.794922,4548.077148,4412.307617,4473.974121,,,,,,,,,,,,,,,,,,,,,,,,,,,,,,,,,,,,,,,,,,,,,,,,,,,,,,,,,,,,,,,,,,,,,,
1769163806.900693,1769163806.902107,20.0,0.0,4302.820313,4305.256348,4343.333496,4316.922852,4264.487305,4283.717773,4299.743652,4292.94873,4276.025879,4277.307617,4576.282227,4548.461426,4412.94873,4478.461426,,,,,,,,,,,,,,,,,,,,,,,,,,,,,,,,,,,,,,,,,,,,,,,,,,,,,,,,,,,,,,,,,,,,,,
1769163806.908502,1769163806.909915,21.0,0.0,4291.538574,4294.615234,4340.512695,4310.897461,4263.974121,4291.153809,4303.717773,4296.410156,4276.794922,4280.897461,4587.436035,4556.410156,4416.153809,4491.025879,,,,,,,,,,,,,,,,,,,,,,,,,,,,,,,,,,,,,,,,,,,,,,,,,,,,,,,,,,,,,,,,,,,,,,
1769163806.91631,1769163806.917824,22.0,0.0,4290.384766,4292.436035,4335.769043,4309.487305,4264.358887,4293.846191,4305.512695,4294.615234,4276.538574,4283.205078,4584.743652,4553.846191,4415.256348,4484.871582,,,,,,,,,,,,,,,,,,,,,,,,,,,,,,,,,,,,,,,,,,,,,,,,,,,,,,,,,,,,,,,,,,,,,,
1769163806.924118,1769163806.925632,23.0,0.0,4294.743652,4298.205078,4333.461426,4318.846191,4266.794922,4291.025879,4302.05127,4292.94873,4277.307617,4278.205078,4571.922852,4539.487305,4410.128418,4472.94873,,,,,,,,,,,,,,,,,,,,,,,,,,,,,,,,,,,,,,,,,,,,,,,,,,,,,,,,,,,,,,,,,,,,,,
1769163806.931927,1769163806.933641,24.0,0.0,4295.128418,4298.077148,4335.384766,4319.871582,4264.615234,4290.256348,4296.025879,4295.769043,4279.487305,4279.230957,4575.641113,4542.179688,4409.871582,4480.512695,,,,,,,,,,,,,,,,,,,,,,,,,,,,,,,,,,,,,,,,,,,,,,,,,,,,,,,,,,,,,,,,,,,,,,
1769163806.939735,1769163806.941449,25.0,0.0,4294.102539,4300.128418,4339.102539,4315.256348,4265.769043,4286.410156,4298.333496,4296.282227,4281.922852,4286.666504,4589.102539,4556.794922,4418.461426,4493.461426,,,,,,,,,,,,,,,,,,,,,,,,,,,,,,,,,,,,,,,,,,,,,,,,,,,,,,,,,,,,,,,,,,,,,,
1769163806.947544,1769163806.949158,26.0,0.0,4294.743652,4308.717773,4341.410156,4320.641113,4270.384766,4283.077148,4302.307617,4297.692383,4290.384766,4288.974121,4590.384766,4556.794922,4426.538574,4492.692383,,,,,,,,,,,,,,,,,,,,,,,,,,,,,,,,,,,,,,,,,,,,,,,,,,,,,,,,,,,,,,,,,,,,,,
1769163806.955352,1769163806.956966,27.0,0.0,4294.358887,4309.487305,4342.692383,4327.179688,4269.487305,4290.256348,4301.666504,4300.512695,4294.743652,4287.436035,4585.128418,4552.307617,4422.692383,4484.358887,,,,,,,,,,,,,,,,,,,,,,,,,,,,,,,,,,,,,,,,,,,,,,,,,,,,,,,,,,,,,,,,,,,,,,
1769163806.963161,1769163806.964575,28.0,0.0,4287.307617,4301.153809,4342.820313,4321.282227,4264.615234,4292.94873,4300.256348,4298.461426,4286.410156,4287.179688,4583.461426,4555.0,4420.0,4484.487305,,,,,,,,,,,,,,,,,,,,,,,,,,,,,,,,,,,,,,,,,,,,,,,,,,,,,,,,,,,,,,,,,,,,,,
1769163806.970969,1769163806.972383,29.0,0.0,4280.0,4294.743652,4340.512695,4310.512695,4263.846191,4282.05127,4298.461426,4294.871582,4280.128418,4288.589844,4585.897461,4555.641113,4427.820313,4495.128418,,,,,,,,,,,,,,,,,,,,,,,,,,,,,,,,,,,,,,,,,,,,,,,,,,,,,,,,,,,,,,,,,,,,,,
1769163806.978778,1769163806.980291,30.0,0.0,4282.179688,4294.102539,4338.589844,4309.743652,4265.512695,4281.410156,4298.205078,4294.487305,4283.333496,4286.153809,4585.897461,4553.589844,4426.153809,4492.563965,2.069861,0.373268,0.610982,0.207171,0.260201,0.518522,0.287838,0.134421,0.188219,0.200658,0.276544,0.261815,0.246645,0.116792,0.117205,0.515193,0.33207,0.172852,0.148835,0.167029,0.182308,0.247859,0.084996,0.077808,0.072175,0.414561,0.346793,0.171371,0.244479,0.100017,0.439915,0.279479,0.082215,0.174173,0.131478,0.904775,0.187212,0.108743,0.143141,0.102883,0.83558,0.152094,0.281008,0.190248,0.118641,0.355323,0.213479,0.22555,0.121638,0.083847,0.309671,0.371814,0.347163,0.128277,0.081454,0.535447,0.244675,0.486861,0.271121,0.135112,0.377138,0.519532,0.346282,0.231703,0.185109,1.009095,0.483411,0.406872,0.268764,0.231913
1769163806.986586,1769163806.9881,31.0,0.0,4283.333496,4295.769043,4336.794922,4312.563965,4263.077148,4293.077148,4301.666504,4294.871582,4282.307617,4280.512695,4577.94873,4547.05127,4413.717773,4477.05127,,,,,,,,,,,,,,,,,,,,,,,,,,,,,,,,,,,,,,,,,,,,,,,,,,,,,,,,,,,,,,,,,,,,,,
1769163806.994394,1769163806.996108,32.0,0.0,4279.230957,4294.102539,4335.512695,4310.384766,4260.769043,4293.333496,4301.410156,4295.0,4279.230957,4278.461426,4571.922852,4538.974121,4409.102539,4473.333496,,,,,,,,,,,,,,,,,,,,,,,,,,,,,,,,,,,,,,,,,,,,,,,,,,,,,,,,,,,,,,,,,,,,,,
1769163807.002203,1769163807.003917,33.0,0.0,4277.179688,4293.846191,4337.692383,4308.077148,4262.307617,4281.410156,4295.512695,4294.358887,4281.666504,4280.256348,4577.820313,4541.410156,4413.077148,4479.358887,,,,,,,,,,,,,,,,,,,,,,,,,,,,,,,,,,,,,,,,,,,,,,,,,,,,,,,,,,,,,,,,,,,,,,
1769163807.010011,1769163807.011625,34.0,0.0,4275.256348,4295.897461,4336.282227,4309.615234,4263.205078,4277.179688,4295.256348,4290.0,4281.922852,4279.487305,4583.333496,4543.205078,4421.025879,4478.461426,,,,,,,,,,,,,,,,,,,,,,,,,,,,,,,,,,,,,,,,,,,,,,,,,,,,,,,,,,,,,,,,,,,,,,
1769163807.01782,1769163807.019434,35.0,0.0,4274.102539,4296.666504,4330.641113,4310.512695,4262.563965,4287.436035,4298.717773,4289.358887,4279.358887,4277.94873,4582.179688,4538.205078,4423.205078,4473.333496,,,,,,,,,,,,,,,,,,,,,,,,,,,,,,,,,,,,,,,,,,,,,,,,,,,,,,,,,,,,,,,,,,,,,,
1769163807.025628,1769163807.027042,36.0,0.0,4279.358887,4296.538574,4333.205078,4309.358887,4262.436035,4290.384766,4297.563965,4292.05127,4280.256348,4281.282227,4583.461426,4543.589844,4421.025879,4476.794922,,,,,,,,,,,,,,,,,,,,,,,,,,,,,,,,,,,,,,,,,,,,,,,,,,,,,,,,,,,,,,,,,,,,,,
1769163807.033437,1769163807.034851,37.0,0.0,4278.717773,4296.282227,4339.615234,4309.615234,4263.846191,4278.077148,4294.102539,4291.025879,4284.743652,4281.794922,4585.384766,4553.461426,4420.256348,4484.743652,,,,,,,,,,,,,,,,,,,,,,,,,,,,,,,,,,,,,,,,,,,,,,,,,,,,,,,,,,,,,,,,,,,,,,
1769163807.041245,1769163807.042559,38.0,0.0,4268.974121,4297.307617,4341.538574,4311.666504,4263.846191,4274.487305,4292.307617,4292.05127,4287.307617,4278.974121,4583.974121,4555.128418,4421.922852,4485.256348,,,,,,,,,,,,,,,,,,,,,,,,,,,,,,,,,,,,,,,,,,,,,,,,,,,,,,,,,,,,,,,,,,,,,,
1769163807.049054,1769163807.050368,39.0,0.0,4262.820313,4297.563965,4338.333496,4305.769043,4262.179688,4282.692383,4295.256348,4294.615234,4284.230957,4279.102539,4586.538574,4550.256348,4424.871582,4478.846191,,,,,,,,,,,,,,,,,,,,,,,,,,,,,,,,,,,,,,,,,,,,,,,,,,,,,,,,,,,,,,,,,,,,,,
1769163807.056862,1769163807.058376,40.0,0.0,4261.410156,4295.897461,4332.05127,4295.512695,4261.538574,4284.358887,4297.179688,4293.717773,4281.410156,4278.589844,4583.717773,4541.922852,4423.205078,4475.256348,,,,,,,,,,,,,,,,,,,,,,,,,,,,,,,,,,,,,,,,,,,,,,,,,,,,,,,,,,,,,,,,,,,,,,
1769163807.06467,1769163807.066184,41.0,0.0,4262.05127,4294.358887,4330.641113,4298.589844,4262.94873,4282.563965,4297.05127,4292.05127,4281.410156,4277.692383,4574.487305,4537.179688,4415.128418,4475.512695,,,,,,,,,,,,,,,,,,,,,,,,,,,,,,,,,,,,,,,,,,,,,,,,,,,,,,,,,,,,,,,,,,,,,,
1769163807.072479,1769163807.074093,42.0,0.0,4262.05127,4297.179688,4336.025879,4304.230957,4263.717773,4288.974121,4298.077148,4293.974121,4280.769043,4278.589844,4570.512695,4538.974121,4410.128418,4470.0,,,,,,,,,,,,,,,,,,,,,,,,,,,,,,,,,,,,,,,,,,,,,,,,,,,,,,,,,,,,,,,,,,,,,,
1769163807.080287,1769163807.081901,43.0,0.0,4257.94873,4300.256348,4336.153809,4297.05127,4263.205078,4291.666504,4297.820313,4292.179688,4279.871582,4278.461426,4572.05127,4537.820313,4413.205078,4463.846191,,,,,,,,,,,,,,,,,,,,,,,,,,,,,,,,,,,,,,,,,,,,,,,,,,,,,,,,,,,,,,,,,,,,,,
1769163807.088096,1769163807.089809,44.0,0.0,4256.538574,4301.794922,4334.230957,4295.512695,4263.846191,4284.615234,4294.487305,4285.641113,4280.897461,4278.717773,4572.692383,4533.717773,4414.230957,4462.05127,,,,,,,,,,,,,,,,,,,,,,,,,,,,,,,,,,,,,,,,,,,,,,,,,,,,,,,,,,,,,,,,,,,,,,
1769163807.095904,1769163807.097618,45.0,0.0,4258.461426,4304.230957,4339.102539,4305.256348,4264.230957,4280.512695,4295.0,4285.384766,4280.384766,4279.487305,4571.153809,4536.282227,4412.307617,4459.871582,,,,,,,,,,,,,,,,,,,,,,,,,,,,,,,,,,,,,,,,,,,,,,,,,,,,,,,,,,,,,,,,,,,,,,
1769163807.103713,1769163807.105326,46.0,0.0,4260.769043,4307.563965,4342.563965,4305.512695,4263.461426,4281.282227,4296.922852,4291.794922,4280.641113,4276.666504,4571.025879,4540.256348,4411.922852,4460.512695,1.864824,0.397017,0.600068,0.195955,0.283454,0.470686,0.274963,0.148278,0.191281,0.211223,0.285706,0.313337,0.232637,0.125541,0.126586,0.412881,0.332616,0.163001,0.154672,0.188211,0.162674,0.281441,0.118758,0.083705,0.084123,0.34755,0.409026,0.18907,0.2447,0.107584,0.343199,0.325771,0.088981,0.180343,0.138,0.763787,0.218355,0.172406,0.124383,0.104697,0.71065,0.165354,0.261206,0.183171,0.115832,0.267676,0.235288,0.177702,0.125337,0.092532,0.275052,0.437022,0.395616,0.129058,0.090059,0.512818,0.264837,0.426256,0.248503,0.139285,0.356747,0.612457,0.400353,0.246127,0.210797,1.008274,0.495237,0.419983,0.283762,0.239542
1769163807.111521,1769163807.113135,47.0,0.0,4265.769043,4311.794922,4342.94873,4303.974121,4264.871582,4279.230957,4293.077148,4292.436035,4282.179688,4277.307617,4577.05127,4542.307617,4412.94873,4472.307617,,,,,,,,,,,,,,,,,,,,,,,,,,,,,,,,,,,,,,,,,,,,,,,,,,,,,,,,,,,,,,,,,,,,,,
1769163807.11933,1769163807.121143,48.0,0.0,4263.717773,4310.256348,4344.230957,4309.871582,4266.666504,4278.717773,4290.256348,4286.153809,4281.410156,4280.769043,4585.384766,4544.487305,4415.512695,4478.205078,,,,,,,,,,,,,,,,,,,,,,,,,,,,,,,,,,,,,,,,,,,,,,,,,,,,,,,,,,,,,,,,,,,,,,
1769163807.127138,1769163807.128952,49.0,0.0,4249.102539,4301.025879,4340.0,4305.769043,4266.025879,4284.102539,4292.94873,4285.769043,4278.974121,4275.512695,4581.794922,4542.179688,4412.179688,4463.205078,,,,,,,,,,,,,,,,,,,,,,,,,,,,,,,,,,,,,,,,,,,,,,,,,,,,,,,,,,,,,,,,,,,,,,
1769163807.134947,1769163807.13666,50.0,0.0,4239.358887,4291.410156,4335.897461,4294.871582,4264.871582,4292.692383,4297.820313,4293.205078,4280.128418,4272.436035,4573.461426,4539.615234,4410.384766,4456.153809,,,,,,,,,,,,,,,,,,,,,,,,,,,,,,,,,,,,,,,,,,,,,,,,,,,,,,,,,,,,,,,,,,,,,,
1769163807.142755,1769163807.144469,51.0,0.0,4245.0,4291.282227,4339.358887,4293.974121,4264.230957,4295.897461,4300.512695,4296.282227,4281.922852,4277.820313,4573.077148,4540.769043,4412.820313,4463.333496,,,,,,,,,,,,,,,,,,,,,,,,,,,,,,,,,,,,,,,,,,,,,,,,,,,,,,,,,,,,,,,,,,,,,,
1769163807.150564,1769163807.152077,52.0,0.0,4247.820313,4296.282227,4345.256348,4297.179688,4262.94873,4286.922852,4297.436035,4292.179688,4278.974121,4275.0,4573.461426,4539.743652,4408.205078,4460.641113,,,,,,,,,,,,,,,,,,,,,,,,,,,,,,,,,,,,,,,,,,,,,,,,,,,,,,,,,,,,,,,,,,,,,,
1769163807.158372,1769163807.159886,53.0,0.0,4240.256348,4291.922852,4342.05127,4294.871582,4261.410156,4280.128418,4292.179688,4288.717773,4277.94873,4269.743652,4571.410156,4539.358887,4404.230957,4455.641113,,,,,,,,,,,,,,,,,,,,,,,,,,,,,,,,,,,,,,,,,,,,,,,,,,,,,,,,,,,,,,,,,,,,,,
1769163807.16618,1769163807.167594,54.0,0.0,4230.0,4285.256348,4333.077148,4292.05127,4262.692383,4287.05127,4293.974121,4287.692383,4281.538574,4275.769043,4571.538574,4539.743652,4411.282227,4459.230957,,,,,,,,,,,,,,,,,,,,,,,,,,,,,,,,,,,,,,,,,,,,,,,,,,,,,,,,,,,,,,,,,,,,,,
1769163807.173989,1769163807.175403,55.0,0.0,4229.871582,4291.282227,4335.384766,4297.436035,4265.128418,4288.589844,4296.794922,4287.179688,4278.974121,4279.615234,4575.769043,4537.436035,4418.589844,4462.307617,,,,,,,,,,,,,,,,,,,,,,,,,,,,,,,,,,,,,,,,,,,,,,,,,,,,,,,,,,,,,,,,,,,,,,
1769163807.181797,1769163807.183411,56.0,0.0,4243.717773,4299.358887,4348.974121,4307.179688,4264.102539,4280.641113,4293.333496,4290.256348,4276.282227,4277.94873,4583.846191,4545.641113,4422.05127,4468.333496,,,,,,,,,,,,,,,,,,,,,,,,,,,,,,,,,,,,,,,,,,,,,,,,,,,,,,,,,,,,,,,,,,,,,,
1769163807.189606,1769163807.191219,57.0,0.0,4247.94873,4295.256348,4352.692383,4309.615234,4261.666504,4280.641113,4293.846191,4295.128418,4287.692383,4280.256348,4587.179688,4554.871582,4426.922852,4476.025879,,,,,,,,,,,,,,,,,,,,,,,,,,,,,,,,,,,,,,,,,,,,,,,,,,,,,,,,,,,,,,,,,,,,,,
1769163807.197414,1769163807.199128,58.0,0.0,4238.205078,4293.205078,4342.820313,4309.230957,4262.692383,4282.820313,4295.769043,4295.128418,4293.077148,4280.897461,4585.256348,4546.410156,4427.94873,4474.615234,,,,,,,,,,,,,,,,,,,,,,,,,,,,,,,,,,,,,,,,,,,,,,,,,,,,,,,,,,,,,,,,,,,,,,
1769163807.205223,1769163807.206936,59.0,0.0,4231.282227,4298.077148,4339.102539,4307.94873,4263.333496,4279.230957,4293.333496,4292.436035,4283.461426,4278.717773,4584.871582,4541.025879,4426.282227,4472.94873,,,,,,,,,,,,,,,,,,,,,,,,,,,,,,,,,,,,,,,,,,,,,,,,,,,,,,,,,,,,,,,,,,,,,,
1769163807.213031,1769163807.214545,60.0,0.0,4227.563965,4292.05127,4340.897461,4300.384766,4258.589844,4278.333496,4292.179688,4292.436035,4281.410156,4278.589844,4586.666504,4552.820313,4430.641113,4476.922852,,,,,,,,,,,,,,,,,,,,,,,,,,,,,,,,,,,,,,,,,,,,,,,,,,,,,,,,,,,,,,,,,,,,,,
1769163807.22084,1769163807.222353,61.0,0.0,4224.230957,4287.563965,4339.871582,4300.384766,4258.205078,4280.384766,4295.256348,4290.128418,4286.153809,4274.743652,4583.974121,4554.102539,4425.641113,4473.589844,,,,,,,,,,,,,,,,,,,,,,,,,,,,,,,,,,,,,,,,,,,,,,,,,,,,,,,,,,,,,,,,,,,,,,
1769163807.228648,1769163807.230062,62.0,0.0,4230.641113,4300.0,4345.897461,4311.282227,4263.205078,4281.794922,4295.897461,4284.358887,4282.179688,4270.897461,4578.333496,4541.538574,4412.179688,4468.846191,1.474155,0.446477,0.560615,0.215424,0.288599,0.43805,0.290033,0.192244,0.203957,0.209202,0.327726,0.353265,0.220668,0.157701,0.132245,0.357735,0.350156,0.163371,0.164024,0.204873,0.157522,0.300205,0.16075,0.087084,0.092123,0.284763,0.451286,0.233399,0.223603,0.120524,0.239967,0.340556,0.09904,0.171005,0.134742,0.637955,0.239089,0.285241,0.118066,0.10744,0.584482,0.1854,0.250424,0.186113,0.109859,0.230648,0.281399,0.16651,0.1391,0.108198,0.253353,0.496417,0.430879,0.143106,0.107543,0.520251,0.289059,0.359116,0.23818,0.155813,0.346591,0.670744,0.485817,0.270572,0.237842,0.936668,0.520871,0.443621,0.323292,0.25021
1769163807.236457,1769163807.23787,63.0,0.0,4239.230957,4308.077148,4352.05127,4314.102539,4263.846191,4280.897461,4293.461426,4283.974121,4278.717773,4277.307617,4580.512695,4539.358887,4415.256348,4475.512695,,,,,,,,,,,,,,,,,,,,,,,,,,,,,,,,,,,,,,,,,,,,,,,,,,,,,,,,,,,,,,,,,,,,,,
1769163807.244265,1769163807.245879,64.0,0.0,4231.153809,4298.205078,4344.615234,4309.743652,4261.538574,4280.641113,4294.615234,4290.256348,4282.820313,4279.487305,4585.384766,4545.128418,4421.794922,4476.922852,,,,,,,,,,,,,,,,,,,,,,,,,,,,,,,,,,,,,,,,,,,,,,,,,,,,,,,,,,,,,,,,,,,,,,
1769163807.252073,1769163807.253687,65.0,0.0,4223.717773,4291.922852,4337.436035,4308.589844,4263.846191,4283.589844,4296.282227,4292.563965,4282.179688,4273.333496,4583.717773,4550.384766,4416.025879,4470.769043,,,,,,,,,,,,,,,,,,,,,,,,,,,,,,,,,,,,,,,,,,,,,,,,,,,,,,,,,,,,,,,,,,,,,,
1769163807.259882,1769163807.261595,66.0,0.0,4228.589844,4296.153809,4347.307617,4310.128418,4267.692383,4281.922852,4295.512695,4290.641113,4278.717773,4276.538574,4585.641113,4557.05127,4420.384766,4479.871582,,,,,,,,,,,,,,,,,,,,,,,,,,,,,,,,,,,,,,,,,,,,,,,,,,,,,,,,,,,,,,,,,,,,,,
1769163807.26769,1769163807.269404,67.0,0.0,4233.974121,4295.897461,4359.102539,4316.282227,4268.461426,4279.743652,4296.794922,4292.307617,4278.717773,4282.05127,4592.563965,4558.589844,4431.794922,4491.794922,,,,,,,,,,,,,,,,,,,,,,,,,,,,,,,,,,,,,,,,,,,,,,,,,,,,,,,,,,,,,,,,,,,,,,
1769163807.275499,1769163807.277312,68.0,0.0,4231.922852,4296.025879,4357.307617,4319.487305,4269.487305,4282.307617,4300.128418,4294.615234,4278.205078,4275.256348,4583.461426,4545.769043,4420.0,4475.769043,,,,,,,,,,,,,,,,,,,,,,,,,,,,,,,,,,,,,,,,,,,,,,,,,,,,,,,,,,,,,,,,,,,,,,
1769163807.283307,1769163807.285121,69.0,0.0,4221.666504,4293.974121,4348.589844,4311.922852,4271.922852,4282.563965,4298.589844,4294.615234,4281.025879,4271.153809,4569.871582,4537.436035,4405.256348,4456.922852,,,,,,,,,,,,,,,,,,,,,,,,,,,,,,,,,,,,,,,,,,,,,,,,,,,,,,,,,,,,,,,,,,,,,,
1769163807.291116,1769163807.292829,70.0,0.0,4210.384766,4284.871582,4344.487305,4307.436035,4274.230957,4283.205078,4296.922852,4295.641113,4292.307617,4278.077148,4577.820313,4547.94873,4415.641113,4465.256348,,,,,,,,,,,,,,,,,,,,,,,,,,,,,,,,,,,,,,,,,,,,,,,,,,,,,,,,,,,,,,,,,,,,,,
1769163807.298924,1769163807.300638,71.0,0.0,4212.436035,4286.922852,4347.307617,4311.282227,4271.410156,4288.589844,4301.410156,4295.256348,4296.538574,4283.205078,4590.0,4557.179688,4428.461426,4481.410156,,,,,,,,,,,,,,,,,,,,,,,,,,,,,,,,,,,,,,,,,,,,,,,,,,,,,,,,,,,,,,,,,,,,,,
1769163807.306733,1769163807.308246,72.0,0.0,4224.615234,4296.025879,4353.846191,4317.307617,4265.128418,4289.102539,4302.94873,4294.358887,4285.897461,4284.102539,4591.025879,4557.179688,4428.974121,4490.384766,,,,,,,,,,,,,,,,,,,,,,,,,,,,,,,,,,,,,,,,,,,,,,,,,,,,,,,,,,,,,,,,,,,,,,
1769163807.314541,1769163807.316055,73.0,0.0,4224.743652,4295.512695,4356.922852,4323.333496,4264.358887,4281.666504,4297.94873,4293.333496,4279.102539,4282.820313,4586.410156,4552.94873,4422.563965,4490.897461,,,,,,,,,,,,,,,,,,,,,,,,,,,,,,,,,,,,,,,,,,,,,,,,,,,,,,,,,,,,,,,,,,,,,,
1769163807.322349,1769163807.323763,74.0,0.0,4214.743652,4295.384766,4351.922852,4321.922852,4267.563965,4278.846191,4293.846191,4291.666504,4281.282227,4279.358887,4577.692383,4542.563965,4415.256348,4476.025879,,,,,,,,,,,,,,,,,,,,,,,,,,,,,,,,,,,,,,,,,,,,,,,,,,,,,,,,,,,,,,,,,,,,,,
1769163807.330158,1769163807.331572,75.0,0.0,4204.871582,4294.358887,4344.358887,4313.461426,4266.666504,4282.179688,4294.871582,4292.692383,4281.282227,4278.717773,4575.0,4536.282227,4411.794922,4460.641113,,,,,,,,,,,,,,,,,,,,,,,,,,,,,,,,,,,,,,,,,,,,,,,,,,,,,,,,,,,,,,,,,,,,,,
1769163807.337966,1769163807.33918,76.0,0.0,4190.769043,4281.922852,4338.846191,4308.589844,4262.94873,4286.282227,4299.743652,4295.769043,4278.717773,4280.769043,4583.717773,4544.230957,4415.769043,4464.487305,,,,,,,,,,,,,,,,,,,,,,,,,,,,,,,,,,,,,,,,,,,,,,,,,,,,,,,,,,,,,,,,,,,,,,
1769163807.345775,1769163807.346989,77.0,0.0,4185.384766,4277.436035,4337.94873,4307.692383,4262.820313,4290.128418,4300.384766,4297.05127,4284.358887,4281.922852,4589.358887,4554.743652,4424.871582,4481.153809,,,,,,,,,,,,,,,,,,,,,,,,,,,,,,,,,,,,,,,,,,,,,,,,,,,,,,,,,,,,,,,,,,,,,,
1769163807.353583,1769163807.354697,78.0,0.0,4195.641113,4283.589844,4341.410156,4307.307617,4263.846191,4292.179688,4298.846191,4296.922852,4291.025879,4282.436035,4587.820313,4556.666504,4426.922852,4487.94873,1.061115,0.505992,0.512091,0.254675,0.273937,0.424459,0.320973,0.268173,0.218925,0.195668,0.37665,0.37502,0.221725,0.205235,0.132681,0.338802,0.37732,0.182712,0.175736,0.213435,0.1529,0.302727,0.199013,0.086518,0.09378,0.232075,0.467809,0.303356,0.186479,0.139965,0.153426,0.324339,0.111383,0.148489,0.12256,0.556343,0.246163,0.433236,0.124738,0.111924,0.48342,0.223492,0.258285,0.199058,0.101031,0.221323,0.360404,0.192542,0.160904,0.125186,0.23815,0.541841,0.440418,0.168063,0.130972,0.553187,0.319818,0.312897,0.240486,0.181653,0.348504,0.687388,0.579678,0.298524,0.259941,0.833449,0.562696,0.469229,0.375791,0.261417
1769163807.361392,1769163807.362506,79.0,0.0,4199.743652,4283.077148,4344.358887,4312.563965,4263.589844,4287.820313,4299.743652,4296.025879,4285.769043,4281.538574,4586.410156,4553.077148,4418.589844,4480.897461,,,,,,,,,,,,,,,,,,,,,,,,,,,,,,,,,,,,,,,,,,,,,,,,,,,,,,,,,,,,,,,,,,,,,,
1769163807.3692,1769163807.370114,80.0,0.0,4197.563965,4285.512695,4343.589844,4318.717773,4261.025879,4280.641113,4298.846191,4296.410156,4280.769043,4276.282227,4582.94873,4549.358887,4409.230957,4470.256348,,,,,,,,,,,,,,,,,,,,,,,,,,,,,,,,,,,,,,,,,,,,,,,,,,,,,,,,,,,,,,,,,,,,,,
1769163807.377009,1769163807.377923,81.0,0.0,4199.102539,4291.666504,4342.179688,4315.641113,4258.589844,4281.153809,4297.692383,4299.358887,4288.974121,4277.436035,4582.436035,4549.487305,4408.846191,4465.769043,,,,,,,,,,,,,,,,,,,,,,,,,,,,,,,,,,,,,,,,,,,,,,,,,,,,,,,,,,,,,,,,,,,,,,
1769163807.384817,1769163807.385831,82.0,0.0,4192.94873,4287.179688,4340.897461,4309.871582,4260.641113,4283.717773,4297.563965,4298.077148,4296.153809,4287.820313,4591.282227,4551.025879,4416.282227,4469.871582,,,,,,,,,,,,,,,,,,,,,,,,,,,,,,,,,,,,,,,,,,,,,,,,,,,,,,,,,,,,,,,,,,,,,,
1769163807.392625,1769163807.39364,83.0,0.0,4185.512695,4280.641113,4335.128418,4312.436035,4262.820313,4278.974121,4294.102539,4292.179688,4287.307617,4292.179688,4597.179688,4553.205078,4426.666504,4485.0,,,,,,,,,,,,,,,,,,,,,,,,,,,,,,,,,,,,,,,,,,,,,,,,,,,,,,,,,,,,,,,,,,,,,,
1769163807.400434,1769163807.401648,84.0,0.0,4186.410156,4281.410156,4328.461426,4317.436035,4261.410156,4278.461426,4292.94873,4294.358887,4284.358887,4288.846191,4593.846191,4555.769043,4433.205078,4493.077148,,,,,,,,,,,,,,,,,,,,,,,,,,,,,,,,,,,,,,,,,,,,,,,,,,,,,,,,,,,,,,,,,,,,,,
1769163807.408242,1769163807.409456,85.0,0.0,4183.974121,4282.307617,4323.974121,4318.461426,4261.794922,4283.717773,4296.666504,4301.153809,4291.666504,4285.641113,4587.563965,4554.487305,4425.256348,4480.384766,,,,,,,,,,,,,,,,,,,,,,,,,,,,,,,,,,,,,,,,,,,,,,,,,,,,,,,,,,,,,,,,,,,,,,
1769163807.416051,1769163807.417365,86.0,0.0,4179.230957,4281.922852,4325.384766,4320.897461,4263.461426,4288.461426,4298.461426,4299.358887,4286.025879,4279.871582,4584.615234,4551.538574,4416.025879,4471.025879,,,,,,,,,,,,,,,,,,,,,,,,,,,,,,,,,,,,,,,,,,,,,,,,,,,,,,,,,,,,,,,,,,,,,,
1769163807.423859,1769163807.425173,87.0,0.0,4182.94873,4282.05127,4334.102539,4327.436035,4262.307617,4288.589844,4296.794922,4293.974121,4276.410156,4277.563965,4587.05127,4551.922852,4421.153809,4476.153809,,,,,,,,,,,,,,,,,,,,,,,,,,,,,,,,,,,,,,,,,,,,,,,,,,,,,,,,,,,,,,,,,,,,,,
1769163807.431668,1769163807.432782,88.0,0.0,4185.641113,4282.563965,4337.94873,4329.230957,4261.153809,4283.205078,4296.025879,4295.128418,4279.743652,4287.05127,4592.692383,4555.897461,4428.717773,4478.846191,,,,,,,,,,,,,,,,,,,,,,,,,,,,,,,,,,,,,,,,,,,,,,,,,,,,,,,,,,,,,,,,,,,,,,
1769163807.439476,1769163807.44059,89.0,0.0,4180.897461,4279.743652,4330.641113,4322.05127,4261.794922,4282.05127,4298.974121,4297.563965,4283.461426,4291.666504,4596.410156,4558.461426,4428.974121,4476.025879,,,,,,,,,,,,,,,,,,,,,,,,,,,,,,,,,,,,,,,,,,,,,,,,,,,,,,,,,,,,,,,,,,,,,,
1769163807.447285,1769163807.448499,90.0,0.0,4182.436035,4280.384766,4325.512695,4318.333496,4260.769043,4288.077148,4301.794922,4296.282227,4278.077148,4283.461426,4594.743652,4555.641113,4425.384766,4475.897461,,,,,,,,,,,,,,,,,,,,,,,,,,,,,,,,,,,,,,,,,,,,,,,,,,,,,,,,,,,,,,,,,,,,,,
1769163807.455093,1769163807.456307,91.0,0.0,4188.589844,4287.692383,4329.230957,4320.769043,4259.615234,4288.589844,4298.717773,4296.538574,4279.358887,4279.487305,4591.410156,4555.641113,4420.769043,4476.025879,,,,,,,,,,,,,,,,,,,,,,,,,,,,,,,,,,,,,,,,,,,,,,,,,,,,,,,,,,,,,,,,,,,,,,
1769163807.462902,1769163807.464315,92.0,0.0,4181.666504,4287.820313,4329.102539,4317.563965,4262.692383,4282.05127,4294.871582,4296.794922,4279.871582,4280.897461,4588.077148,4554.871582,4416.282227,4477.307617,,,,,,,,,,,,,,,,,,,,,,,,,,,,,,,,,,,,,,,,,,,,,,,,,,,,,,,,,,,,,,,,,,,,,,
1769163807.47071,1769163807.472124,93.0,0.0,4167.563965,4278.717773,4321.153809,4310.769043,4260.641113,4279.102539,4295.0,4295.897461,4274.743652,4280.256348,4585.0,4545.0,4413.717773,4474.871582,,,,,,,,,,,,,,,,,,,,,,,,,,,,,,,,,,,,,,,,,,,,,,,,,,,,,,,,,,,,,,,,,,,,,,
1769163807.478519,1769163807.479832,94.0,0.0,4166.538574,4276.666504,4317.94873,4309.102539,4252.307617,4283.205078,4295.641113,4300.256348,4283.589844,4281.282227,4585.384766,4541.025879,4413.205078,4466.282227,0.723677,0.553349,0.4705,0.299942,0.245783,0.437105,0.353384,0.361389,0.230029,0.175527,0.407509,0.375762,0.237248,0.254017,0.129489,0.339357,0.405081,0.222368,0.18717,0.213701,0.149363,0.290954,0.221823,0.081334,0.088378,0.192442,0.462775,0.3863,0.144818,0.164202,0.09566,0.287258,0.123501,0.119189,0.104676,0.508669,0.243651,0.581699,0.138391,0.117225,0.413891,0.286819,0.280192,0.217253,0.091371,0.220312,0.467409,0.242431,0.185503,0.137731,0.228614,0.573881,0.426367,0.199509,0.15606,0.580755,0.361149,0.308859,0.252131,0.210454,0.367954,0.674771,0.65555,0.323824,0.272305,0.744301,0.620853,0.492867,0.425557,0.27125
1769163807.486327,1769163807.487641,95.0,0.0,4170.256348,4281.025879,4319.615234,4314.487305,4254.487305,4290.641113,4299.358887,4304.871582,4290.512695,4283.333496,4587.05127,4551.025879,4412.563965,4462.307617,,,,,,,,,,,,,,,,,,,,,,,,,,,,,,,,,,,,,,,,,,,,,,,,,,,,,,,,,,,,,,,,,,,,,,
1769163807.494136,1769163807.495249,96.0,0.0,4166.922852,4280.897461,4318.589844,4315.512695,4262.692383,4290.512695,4305.897461,4305.641113,4282.05127,4280.769043,4586.922852,4556.025879,4411.794922,4462.94873,,,,,,,,,,,,,,,,,,,,,,,,,,,,,,,,,,,,,,,,,,,,,,,,,,,,,,,,,,,,,,,,,,,,,,
1769163807.501944,1769163807.503058,97.0,0.0,4160.897461,4277.436035,4309.871582,4311.153809,4262.05127,4283.461426,4303.077148,4306.538574,4283.205078,4283.077148,4586.538574,4551.410156,4411.794922,4462.05127,,,,,,,,,,,,,,,,,,,,,,,,,,,,,,,,,,,,,,,,,,,,,,,,,,,,,,,,,,,,,,,,,,,,,,
1769163807.509752,1769163807.510966,98.0,0.0,4161.153809,4278.077148,4299.230957,4311.922852,4259.743652,4284.743652,4297.436035,4303.846191,4292.692383,4290.641113,4587.563965,4550.897461,4413.717773,4462.05127,,,,,,,,,,,,,,,,,,,,,,,,,,,,,,,,,,,,,,,,,,,,,,,,,,,,,,,,,,,,,,,,,,,,,,
1769163807.517561,1769163807.518775,99.0,0.0,4168.461426,4283.717773,4300.0,4318.717773,4264.871582,4288.846191,4300.897461,4295.256348,4282.94873,4287.05127,4588.846191,4552.179688,4413.974121,4466.922852,,,,,,,,,,,,,,,,,,,,,,,,,,,,,,,,,,,,,,,,,,,,,,,,,,,,,,,,,,,,,,,,,,,,,,
1769163807.525369,1769163807.526383,100.0,0.0,4174.358887,4288.333496,4303.717773,4321.666504,4265.769043,4287.05127,4303.589844,4291.794922,4270.384766,4277.307617,4588.974121,4549.615234,4415.384766,4472.94873,,,,,,,,,,,,,,,,,,,,,,,,,,,,,,,,,,,,,,,,,,,,,,,,,,,,,,,,,,,,,,,,,,,,,,
1769163807.533178,1769163807.534192,101.0,0.0,4172.692383,4290.256348,4299.102539,4320.641113,4261.282227,4286.538574,4299.230957,4296.538574,4278.077148,4280.384766,4587.94873,4550.641113,4418.077148,4474.358887,,,,,,,,,,,,,,,,,,,,,,,,,,,,,,,,,,,,,,,,,,,,,,,,,,,,,,,,,,,,,,,,,,,,,,
1769163807.540986,1769163807.5419,102.0,0.0,4171.538574,4290.512695,4294.102539,4324.230957,4261.538574,4284.487305,4295.128418,4298.589844,4286.025879,4286.538574,4588.846191,4551.282227,4416.282227,4474.230957,,,,,,,,,,,,,,,,,,,,,,,,,,,,,,,,,,,,,,,,,,,,,,,,,,,,,,,,,,,,,,,,,,,,,,
1769163807.548795,1769163807.549709,103.0,0.0,4169.871582,4284.871582,4292.436035,4327.563965,4263.974121,4278.974121,4293.461426,4293.461426,4279.358887,4281.282227,4589.358887,4546.153809,4412.563965,4474.871582,,,,,,,,,,,,,,,,,,,,,,,,,,,,,,,,,,,,,,,,,,,,,,,,,,,,,,,,,,,,,,,,,,,,,,
1769163807.556603,1769163807.557317,104.0,0.0,4163.974121,4279.102539,4288.333496,4323.461426,4262.820313,4280.384766,4296.538574,4293.461426,4277.179688,4275.256348,4585.769043,4544.487305,4410.128418,4472.94873,,,,,,,,,,,,,,,,,,,,,,,,,,,,,,,,,,,,,,,,,,,,,,,,,,,,,,,,,,,,,,,,,,,,,,
1769163807.564412,1769163807.565126,105.0,0.0,4166.153809,4280.641113,4284.487305,4317.563965,4257.563965,4284.743652,4300.384766,4304.102539,4288.461426,4279.358887,4588.717773,4552.820313,4415.256348,4480.256348,,,,,,,,,,,,,,,,,,,,,,,,,,,,,,,,,,,,,,,,,,,,,,,,,,,,,,,,,,,,,,,,,,,,,,
1769163807.57222,1769163807.572834,106.0,0.0,4172.05127,4282.307617,4284.230957,4319.871582,4257.436035,4279.230957,4296.794922,4310.384766,4295.641113,4291.153809,4598.589844,4559.487305,4425.641113,4488.461426,,,,,,,,,,,,,,,,,,,,,,,,,,,,,,,,,,,,,,,,,,,,,,,,,,,,,,,,,,,,,,,,,,,,,,
1769163807.580028,1769163807.580643,107.0,0.0,4170.384766,4278.589844,4279.871582,4325.769043,4262.05127,4279.358887,4298.846191,4308.077148,4291.153809,4290.641113,4598.846191,4556.538574,4422.820313,4480.512695,,,,,,,,,,,,,,,,,,,,,,,,,,,,,,,,,,,,,,,,,,,,,,,,,,,,,,,,,,,,,,,,,,,,,,
1769163807.587837,1769163807.588651,108.0,0.0,4168.333496,4278.333496,4276.025879,4325.384766,4262.563965,4289.102539,4307.563965,4308.974121,4289.358887,4280.128418,4595.256348,4554.102539,4415.128418,4476.153809,,,,,,,,,,,,,,,,,,,,,,,,,,,,,,,,,,,,,,,,,,,,,,,,,,,,,,,,,,,,,,,,,,,,,,
1769163807.595645,1769163807.596459,109.0,0.0,4177.307617,4286.025879,4283.077148,4324.615234,4261.538574,4286.922852,4303.589844,4309.871582,4293.589844,4286.666504,4604.102539,4562.436035,4425.512695,4493.974121,,,,,,,,,,,,,,,,,,,,,,,,,,,,,,,,,,,,,,,,,,,,,,,,,,,,,,,,,,,,,,,,,,,,,,
1769163807.603454,1769163807.604368,110.0,0.0,4194.230957,4293.717773,4292.05127,4326.666504,4260.641113,4275.512695,4298.077148,4306.282227,4295.641113,4300.384766,4613.077148,4574.230957,4435.769043,4505.256348,0.513871,0.578673,0.449396,0.346335,0.214289,0.481325,0.378163,0.452815,0.234905,0.155016,0.402321,0.361962,0.261091,0.292751,0.125995,0.336574,0.429326,0.278794,0.197008,0.207571,0.146561,0.267348,0.222637,0.071919,0.077248,0.169998,0.446147,0.459227,0.110972,0.188335,0.065757,0.242526,0.132467,0.090431,0.085579,0.467884,0.235638,0.685181,0.149661,0.120673,0.36712,0.367675,0.299233,0.233277,0.083877,0.212863,0.577641,0.292588,0.206531,0.141703,0.228036,0.595338,0.405117,0.233463,0.177283,0.571067,0.411631,0.351707,0.271261,0.234006,0.409984,0.654149,0.698661,0.34687,0.271874,0.689906,0.689424,0.520649,0.472648,0.279147
1769163807.611262,1769163807.612176,111.0,0.0,4200.512695,4296.025879,4286.666504,4330.384766,4260.769043,4276.794922,4302.05127,4306.538574,4295.128418,4297.563965,4610.384766,4572.94873,4429.230957,4495.512695,,,,,,,,,,,,,,,,,,,,,,,,,,,,,,,,,,,,,,,,,,,,,,,,,,,,,,,,,,,,,,,,,,,,,,
1769163807.619071,1769163807.620184,112.0,0.0,4193.974121,4296.410156,4277.820313,4337.179688,4264.743652,4286.410156,4302.436035,4310.0,4294.230957,4292.307617,4607.820313,4563.077148,4426.153809,4490.512695,,,,,,,,,,,,,,,,,,,,,,,,,,,,,,,,,,,,,,,,,,,,,,,,,,,,,,,,,,,,,,,,,,,,,,
1769163807.626879,1769163807.627993,113.0,0.0,4187.563965,4290.897461,4277.05127,4336.922852,4267.307617,4294.230957,4305.512695,4310.897461,4293.717773,4296.922852,4610.256348,4560.897461,4431.282227,4492.94873,,,,,,,,,,,,,,,,,,,,,,,,,,,,,,,,,,,,,,,,,,,,,,,,,,,,,,,,,,,,,,,,,,,,,,
1769163807.634688,1769163807.635701,114.0,0.0,4185.897461,4283.461426,4271.794922,4326.666504,4263.846191,4298.077148,4311.666504,4308.589844,4294.230957,4296.794922,4612.179688,4558.717773,4432.563965,4493.333496,,,,,,,,,,,,,,,,,,,,,,,,,,,,,,,,,,,,,,,,,,,,,,,,,,,,,,,,,,,,,,,,,,,,,,
1769163807.642496,1769163807.64351,115.0,0.0,4186.153809,4288.461426,4262.307617,4326.794922,4263.205078,4289.230957,4306.794922,4305.769043,4293.846191,4291.666504,4609.615234,4555.256348,4430.641113,4490.641113,,,,,,,,,,,,,,,,,,,,,,,,,,,,,,,,,,,,,,,,,,,,,,,,,,,,,,,,,,,,,,,,,,,,,,
1769163807.650304,1769163807.651518,116.0,0.0,4188.589844,4297.692383,4262.692383,4335.384766,4265.641113,4278.974121,4300.769043,4307.94873,4294.102539,4293.077148,4608.333496,4558.974121,4431.025879,4488.974121,,,,,,,,,,,,,,,,,,,,,,,,,,,,,,,,,,,,,,,,,,,,,,,,,,,,,,,,,,,,,,,,,,,,,,
1769163807.658113,1769163807.659327,117.0,0.0,4191.410156,4296.794922,4267.179688,4337.307617,4263.589844,4281.666504,4302.94873,4311.666504,4296.794922,4295.384766,4610.128418,4561.410156,4431.282227,4493.846191,,,,,,,,,,,,,,,,,,,,,,,,,,,,,,,,,,,,,,,,,,,,,,,,,,,,,,,,,,,,,,,,,,,,,,
1769163807.665921,1769163807.667035,118.0,0.0,4190.512695,4293.333496,4266.794922,4336.538574,4261.794922,4288.589844,4307.05127,4310.384766,4297.05127,4287.179688,4605.897461,4555.641113,4425.512695,4488.846191,,,,,,,,,,,,,,,,,,,,,,,,,,,,,,,,,,,,,,,,,,,,,,,,,,,,,,,,,,,,,,,,,,,,,,
1769163807.67373,1769163807.674844,119.0,0.0,4186.153809,4293.077148,4264.230957,4337.05127,4263.077148,4287.820313,4305.128418,4307.307617,4293.205078,4277.563965,4598.461426,4551.538574,4421.922852,4477.820313,,,,,,,,,,,,,,,,,,,,,,,,,,,,,,,,,,,,,,,,,,,,,,,,,,,,,,,,,,,,,,,,,,,,,,
1769163807.681538,1769163807.682752,120.0,0.0,4187.692383,4296.410156,4264.487305,4339.743652,4262.820313,4283.589844,4298.717773,4308.717773,4293.717773,4286.410156,4601.922852,4557.179688,4426.025879,4481.538574,,,,,,,,,,,,,,,,,,,,,,,,,,,,,,,,,,,,,,,,,,,,,,,,,,,,,,,,,,,,,,,,,,,,,,
1769163807.689347,1769163807.69056,121.0,0.0,4196.282227,4301.153809,4266.666504,4340.384766,4262.692383,4283.717773,4297.820313,4311.794922,4296.538574,4295.384766,4608.205078,4560.256348,4429.102539,4493.333496,,,,,,,,,,,,,,,,,,,,,,,,,,,,,,,,,,,,,,,,,,,,,,,,,,,,,,,,,,,,,,,,,,,,,,
1769163807.697155,1769163807.698469,122.0,0.0,4197.179688,4298.717773,4264.871582,4337.179688,4263.974121,4287.563965,4304.102539,4308.974121,4292.307617,4284.230957,4602.692383,4555.897461,4428.205078,4491.410156,,,,,,,,,,,,,,,,,,,,,,,,,,,,,,,,,,,,,,,,,,,,,,,,,,,,,,,,,,,,,,,,,,,,,,
1769163807.704964,1769163807.706277,123.0,0.0,4193.717773,4296.153809,4262.94873,4337.563965,4264.230957,4293.205078,4307.307617,4306.282227,4289.487305,4277.820313,4600.512695,4558.461426,4429.230957,4486.922852,,,,,,,,,,,,,,,,,,,,,,,,,,,,,,,,,,,,,,,,,,,,,,,,,,,,,,,,,,,,,,,,,,,,,,
1769163807.712772,1769163807.714285,124.0,0.0,4197.563965,4296.922852,4263.589844,4342.436035,4264.615234,4291.794922,4306.410156,4309.230957,4294.615234,4288.846191,4609.102539,4568.077148,4431.282227,4492.436035,,,,,,,,,,,,,,,,,,,,,,,,,,,,,,,,,,,,,,,,,,,,,,,,,,,,,,,,,,,,,,,,,,,,,,
1769163807.72058,1769163807.722094,125.0,0.0,4201.025879,4296.666504,4261.153809,4343.077148,4265.256348,4282.94873,4306.025879,4310.512695,4297.563965,4297.05127,4608.717773,4565.384766,4430.512695,4494.358887,,,,,,,,,,,,,,,,,,,,,,,,,,,,,,,,,,,,,,,,,,,,,,,,,,,,,,,,,,,,,,,,,,,,,,
1769163807.728389,1769163807.729802,126.0,0.0,4198.974121,4299.102539,4263.077148,4339.871582,4264.230957,4278.589844,4304.615234,4309.230957,4295.384766,4295.641113,4605.769043,4558.077148,4429.230957,4492.05127,0.438285,0.583848,0.461694,0.397236,0.188219,0.539267,0.391462,0.5279,0.235467,0.138961,0.377319,0.344256,0.284799,0.319206,0.125408,0.324914,0.451729,0.34133,0.206792,0.197271,0.155754,0.235853,0.201684,0.060007,0.063455,0.161359,0.423086,0.499321,0.092401,0.205847,0.056112,0.201315,0.137656,0.067525,0.06941,0.415078,0.226892,0.710528,0.151713,0.119496,0.330874,0.454365,0.297491,0.240741,0.081815,0.195266,0.657947,0.320052,0.219913,0.136571,0.244777,0.606572,0.395319,0.268429,0.189861,0.522116,0.461567,0.424987,0.298482,0.24568,0.478618,0.64383,0.704416,0.374984,0.258622,0.680552,0.755353,0.555423,0.532209,0.285481
1769163807.736197,1769163807.737611,127.0,0.0,4196.666504,4298.205078,4262.94873,4338.589844,4262.94873,4283.717773,4304.358887,4310.641113,4295.256348,4290.641113,4607.563965,4564.102539,4428.461426,4491.794922,,,,,,,,,,,,,,,,,,,,,,,,,,,,,,,,,,,,,,,,,,,,,,,,,,,,,,,,,,,,,,,,,,,,,,
1769163807.744006,1769163807.74522,0.0,0.0,4200.384766,4293.846191,4254.358887,4338.717773,4262.436035,4283.974121,4301.922852,4312.05127,4295.384766,4288.461426,4606.410156,4572.05127,4428.974121,4491.794922,,,,,,,,,,,,,,,,,,,,,,,,,,,,,,,,,,,,,,,,,,,,,,,,,,,,,,,,,,,,,,,,,,,,,,
1769163807.751814,1769163807.753028,1.0,0.0,4202.563965,4295.769043,4250.0,4336.282227,4264.102539,4278.077148,4296.538574,4310.384766,4294.743652,4292.94873,4606.666504,4564.230957,4429.615234,4492.563965,,,,,,,,,,,,,,,,,,,,,,,,,,,,,,,,,,,,,,,,,,,,,,,,,,,,,,,,,,,,,,,,,,,,,,
1769163807.759623,1769163807.760737,2.0,0.0,4192.692383,4297.179688,4249.230957,4328.717773,4265.769043,4277.692383,4296.538574,4309.743652,4294.102539,4295.641113,4609.743652,4556.282227,4429.743652,4494.102539,,,,,,,,,,,,,,,,,,,,,,,,,,,,,,,,,,,,,,,,,,,,,,,,,,,,,,,,,,,,,,,,,,,,,,
1769163807.767431,1769163807.768545,3.0,0.0,4187.692383,4292.563965,4249.102539,4328.333496,4264.102539,4280.769043,4296.794922,4308.077148,4293.205078,4291.025879,4606.410156,4560.128418,4429.871582,4494.743652,,,,,,,,,,,,,,,,,,,,,,,,,,,,,,,,,,,,,,,,,,,,,,,,,,,,,,,,,,,,,,,,,,,,,,
1769163807.77524,1769163807.776553,4.0,0.0,4201.666504,4296.025879,4255.384766,4339.102539,4261.153809,4285.0,4298.205078,4308.717773,4290.0,4285.128418,4600.512695,4562.179688,4427.05127,4491.410156,,,,,,,,,,,,,,,,,,,,,,,,,,,,,,,,,,,,,,,,,,,,,,,,,,,,,,,,,,,,,,,,,,,,,,
1769163807.783048,1769163807.784362,5.0,0.0,4207.692383,4299.871582,4255.769043,4337.436035,4260.641113,4286.922852,4302.05127,4310.769043,4285.384766,4280.256348,4602.05127,4557.307617,4425.128418,4488.589844,,,,,,,,,,,,,,,,,,,,,,,,,,,,,,,,,,,,,,,,,,,,,,,,,,,,,,,,,,,,,,,,,,,,,,
1769163807.790857,1769163807.79227,6.0,0.0,4197.307617,4293.589844,4246.794922,4325.769043,4261.794922,4287.05127,4303.846191,4307.436035,4285.769043,4282.179688,4603.974121,4554.358887,4426.922852,4490.641113,,,,,,,,,,,,,,,,,,,,,,,,,,,,,,,,,,,,,,,,,,,,,,,,,,,,,,,,,,,,,,,,,,,,,,
1769163807.798665,1769163807.800078,7.0,0.0,4194.358887,4291.153809,4246.410156,4326.538574,4261.410156,4287.820313,4305.897461,4311.282227,4294.230957,4289.871582,4602.05127,4557.820313,4425.128418,4489.871582,,,,,,,,,,,,,,,,,,,,,,,,,,,,,,,,,,,,,,,,,,,,,,,,,,,,,,,,,,,,,,,,,,,,,,
1769163807.806474,1769163807.808087,8.0,0.0,4200.384766,4294.871582,4251.025879,4331.282227,4260.128418,4285.128418,4305.384766,4318.461426,4302.692383,4293.333496,4604.358887,4564.871582,4426.282227,4490.769043,,,,,,,,,,,,,,,,,,,,,,,,,,,,,,,,,,,,,,,,,,,,,,,,,,,,,,,,,,,,,,,,,,,,,,
1769163807.814282,1769163807.815895,9.0,0.0,4201.410156,4295.641113,4250.512695,4328.077148,4261.538574,4278.974121,4296.410156,4315.256348,4303.077148,4298.589844,4613.974121,4572.05127,4442.05127,4502.94873,,,,,,,,,,,,,,,,,,,,,,,,,,,,,,,,,,,,,,,,,,,,,,,,,,,,,,,,,,,,,,,,,,,,,,
1769163807.822091,1769163807.823803,10.0,0.0,4204.487305,4294.871582,4251.282227,4326.538574,4264.487305,4279.487305,4295.0,4313.461426,4302.179688,4305.256348,4621.282227,4574.358887,4452.179688,4510.384766,,,,,,,,,,,,,,,,,,,,,,,,,,,,,,,,,,,,,,,,,,,,,,,,,,,,,,,,,,,,,,,,,,,,,,
1769163807.829899,1769163807.831612,11.0,0.0,4210.641113,4297.94873,4251.538574,4328.846191,4266.538574,4283.717773,4304.230957,4316.922852,4301.538574,4301.794922,4617.179688,4572.94873,4444.871582,4504.743652,,,,,,,,,,,,,,,,,,,,,,,,,,,,,,,,,,,,,,,,,,,,,,,,,,,,,,,,,,,,,,,,,,,,,,
1769163807.837707,1769163807.839221,12.0,0.0,4208.461426,4296.025879,4249.230957,4327.436035,4265.128418,4281.025879,4304.102539,4313.589844,4296.410156,4294.743652,4613.205078,4572.179688,4444.358887,4505.0,,,,,,,,,,,,,,,,,,,,,,,,,,,,,,,,,,,,,,,,,,,,,,,,,,,,,,,,,,,,,,,,,,,,,,
1769163807.845516,1769163807.847029,13.0,0.0,4206.794922,4292.05127,4249.230957,4325.897461,4262.692383,4277.94873,4302.05127,4307.436035,4290.384766,4293.589844,4612.820313,4569.615234,4445.512695,4503.205078,,,,,,,,,,,,,,,,,,,,,,,,,,,,,,,,,,,,,,,,,,,,,,,,,,,,,,,,,,,,,,,,,,,,,,
1769163807.853324,1769163807.854937,14.0,0.0,4213.589844,4298.077148,4249.102539,4327.436035,4262.179688,4281.410156,4309.871582,4310.641113,4290.0,4292.563965,4610.256348,4568.717773,4436.282227,4492.307617,0.430428,0.573065,0.509786,0.452666,0.171689,0.591102,0.391157,0.578612,0.233762,0.12903,0.3449,0.327345,0.301588,0.335588,0.129153,0.314631,0.473265,0.394348,0.217904,0.184285,0.177815,0.203047,0.16596,0.048085,0.050742,0.165482,0.389122,0.492882,0.09056,0.211947,0.05686,0.16687,0.13925,0.052646,0.059042,0.33891,0.219943,0.653631,0.143112,0.112255,0.29143,0.530102,0.268567,0.236201,0.087811,0.175224,0.681706,0.313988,0.223871,0.126111,0.283431,0.600615,0.403704,0.301184,0.190875,0.450081,0.493584,0.499184,0.332958,0.243473,0.56492,0.645493,0.674236,0.412534,0.23546,0.69898,0.791336,0.589329,0.61567,0.289841
1769163807.861133,1769163807.862746,15.0,0.0,4217.563965,4303.589844,4249.358887,4327.436035,4264.102539,4287.05127,4311.922852,4313.333496,4293.717773,4289.871582,4608.589844,4570.256348,4435.256348,4496.538574,,,,,,,,,,,,,,,,,,,,,,,,,,,,,,,,,,,,,,,,,,,,,,,,,,,,,,,,,,,,,,,,,,,,,,
1769163807.868941,1769163807.870354,16.0,0.0,4215.897461,4299.230957,4248.333496,4326.794922,4265.256348,4288.461426,4309.487305,4310.256348,4293.077148,4290.897461,4611.410156,4570.256348,4443.077148,4506.538574,,,,,,,,,,,,,,,,,,,,,,,,,,,,,,,,,,,,,,,,,,,,,,,,,,,,,,,,,,,,,,,,,,,,,,
1769163807.87675,1769163807.878163,17.0,0.0,4211.538574,4292.692383,4242.94873,4324.358887,4264.743652,4290.128418,4310.384766,4312.436035,4292.94873,4293.333496,4610.512695,4567.94873,4438.205078,4499.358887,,,,,,,,,,,,,,,,,,,,,,,,,,,,,,,,,,,,,,,,,,,,,,,,,,,,,,,,,,,,,,,,,,,,,,
1769163807.884558,1769163807.885871,18.0,0.0,4203.846191,4290.769043,4239.487305,4321.153809,4265.769043,4296.410156,4310.897461,4319.871582,4301.282227,4291.794922,4602.692383,4564.230957,4426.794922,4489.230957,,,,,,,,,,,,,,,,,,,,,,,,,,,,,,,,,,,,,,,,,,,,,,,,,,,,,,,,,,,,,,,,,,,,,,
1769163807.892367,1769163807.89368,19.0,0.0,4199.102539,4287.563965,4242.05127,4319.102539,4265.384766,4297.563965,4310.897461,4323.589844,4312.436035,4295.512695,4602.563965,4564.615234,4431.538574,4492.692383,,,,,,,,,,,,,,,,,,,,,,,,,,,,,,,,,,,,,,,,,,,,,,,,,,,,,,,,,,,,,,,,,,,,,,
1769163807.900175,1769163807.901289,20.0,0.0,4202.692383,4281.025879,4244.615234,4315.0,4261.153809,4292.307617,4310.641113,4319.743652,4312.05127,4307.05127,4612.563965,4568.077148,4443.205078,4498.333496,,,,,,,,,,,,,,,,,,,,,,,,,,,,,,,,,,,,,,,,,,,,,,,,,,,,,,,,,,,,,,,,,,,,,,
1769163807.907983,1769163807.909097,21.0,0.0,4208.717773,4281.282227,4243.205078,4313.333496,4259.487305,4290.897461,4309.871582,4316.922852,4309.102539,4307.94873,4615.512695,4568.461426,4446.410156,4495.256348,,,,,,,,,,,,,,,,,,,,,,,,,,,,,,,,,,,,,,,,,,,,,,,,,,,,,,,,,,,,,,,,,,,,,,
1769163807.915792,1769163807.917005,22.0,0.0,4217.307617,4291.282227,4243.461426,4319.871582,4264.102539,4287.563965,4310.641113,4314.871582,4310.512695,4296.666504,4610.128418,4568.846191,4443.205078,4490.128418,,,,,,,,,,,,,,,,,,,,,,,,,,,,,,,,,,,,,,,,,,,,,,,,,,,,,,,,,,,,,,,,,,,,,,
1769163807.9236,1769163807.924814,23.0,0.0,4220.641113,4297.179688,4246.025879,4324.358887,4266.410156,4282.179688,4309.230957,4307.94873,4303.846191,4293.717773,4606.794922,4571.025879,4436.538574,4491.410156,,,,,,,,,,,,,,,,,,,,,,,,,,,,,,,,,,,,,,,,,,,,,,,,,,,,,,,,,,,,,,,,,,,,,,
1769163807.931409,1769163807.932422,24.0,0.0,4220.128418,4297.05127,4247.692383,4322.436035,4265.0,4286.794922,4305.0,4304.230957,4294.102539,4294.487305,4609.487305,4568.461426,4435.769043,4492.692383,,,,,,,,,,,,,,,,,,,,,,,,,,,,,,,,,,,,,,,,,,,,,,,,,,,,,,,,,,,,,,,,,,,,,,
1769163807.939217,1769163807.940231,25.0,0.0,4221.410156,4295.641113,4246.410156,4322.179688,4266.538574,4293.205078,4305.897461,4307.307617,4290.384766,4286.153809,4609.102539,4561.282227,4437.436035,4490.384766,,,,,,,,,,,,,,,,,,,,,,,,,,,,,,,,,,,,,,,,,,,,,,,,,,,,,,,,,,,,,,,,,,,,,,
1769163807.947026,1769163807.947939,26.0,0.0,4216.282227,4286.410156,4242.307617,4320.384766,4267.436035,4293.589844,4310.256348,4309.743652,4291.282227,4283.846191,4604.871582,4560.641113,4435.769043,4498.333496,,,,,,,,,,,,,,,,,,,,,,,,,,,,,,,,,,,,,,,,,,,,,,,,,,,,,,,,,,,,,,,,,,,,,,
1769163807.954834,1769163807.955748,27.0,0.0,4220.0,4284.487305,4245.128418,4321.794922,4265.769043,4293.589844,4311.153809,4309.743652,4294.743652,4291.666504,4604.487305,4564.358887,4431.153809,4505.128418,,,,,,,,,,,,,,,,,,,,,,,,,,,,,,,,,,,,,,,,,,,,,,,,,,,,,,,,,,,,,,,,,,,,,,
1769163807.962643,1769163807.963357,28.0,0.0,4234.487305,4298.717773,4248.077148,4327.436035,4266.538574,4292.179688,4310.256348,4311.538574,4296.410156,4295.128418,4608.333496,4557.94873,4429.615234,4496.410156,,,,,,,,,,,,,,,,,,,,,,,,,,,,,,,,,,,,,,,,,,,,,,,,,,,,,,,,,,,,,,,,,,,,,,
1769163807.970451,1769163807.971165,29.0,0.0,4229.871582,4295.897461,4239.615234,4320.769043,4265.897461,4291.666504,4310.769043,4313.974121,4298.589844,4293.333496,4608.077148,4554.743652,4431.153809,4491.025879,,,,,,,,,,,,,,,,,,,,,,,,,,,,,,,,,,,,,,,,,,,,,,,,,,,,,,,,,,,,,,,,,,,,,,
1769163807.978259,1769163807.978874,30.0,0.0,4212.563965,4278.205078,4231.666504,4309.358887,4260.256348,4293.974121,4311.794922,4314.615234,4306.025879,4292.692383,4604.102539,4563.205078,4426.282227,4492.94873,0.454728,0.559016,0.588327,0.507169,0.164124,0.606199,0.377362,0.604355,0.231363,0.124167,0.327432,0.313641,0.308961,0.345654,0.136013,0.318225,0.491187,0.422023,0.230429,0.169676,0.207245,0.174688,0.126715,0.038405,0.041958,0.175333,0.340916,0.443091,0.102881,0.206523,0.061914,0.137744,0.13954,0.04515,0.055384,0.255334,0.21888,0.540235,0.126966,0.099986,0.246126,0.580396,0.219937,0.219934,0.102543,0.164905,0.644478,0.278164,0.219413,0.117957,0.35217,0.569322,0.420569,0.326783,0.180619,0.387175,0.496713,0.544037,0.369822,0.230139,0.662024,0.643745,0.613798,0.457229,0.207534,0.738432,0.770605,0.604932,0.718636,0.291135
1769163807.986068,1769163807.986682,31.0,0.0,4215.769043,4276.922852,4232.692383,4309.230957,4257.05127,4289.230957,4308.333496,4313.333496,4306.282227,4290.512695,4600.256348,4561.025879,4418.846191,4486.922852,,,,,,,,,,,,,,,,,,,,,,,,,,,,,,,,,,,,,,,,,,,,,,,,,,,,,,,,,,,,,,,,,,,,,,
1769163807.993876,1769163807.99469,32.0,0.0,4228.974121,4282.05127,4234.743652,4311.410156,4259.871582,4281.153809,4303.846191,4309.871582,4296.794922,4289.102539,4598.846191,4555.897461,4420.128418,4486.794922,,,,,,,,,,,,,,,,,,,,,,,,,,,,,,,,,,,,,,,,,,,,,,,,,,,,,,,,,,,,,,,,,,,,,,
1769163808.001685,1769163808.002499,33.0,0.0,4230.256348,4280.897461,4242.94873,4310.641113,4262.820313,4281.025879,4303.333496,4309.102539,4294.743652,4296.666504,4605.256348,4565.256348,4429.487305,4500.0,,,,,,,,,,,,,,,,,,,,,,,,,,,,,,,,,,,,,,,,,,,,,,,,,,,,,,,,,,,,,,,,,,,,,,
1769163808.009493,1769163808.010407,34.0,0.0,4229.743652,4281.410156,4246.794922,4312.05127,4262.307617,4281.794922,4304.230957,4311.153809,4297.179688,4295.128418,4605.256348,4563.205078,4429.871582,4499.358887,,,,,,,,,,,,,,,,,,,,,,,,,,,,,,,,,,,,,,,,,,,,,,,,,,,,,,,,,,,,,,,,,,,,,,
1769163808.017302,1769163808.018215,35.0,0.0,4230.384766,4279.102539,4236.153809,4310.256348,4260.128418,4280.0,4306.538574,4309.487305,4294.358887,4282.05127,4595.769043,4549.871582,4423.846191,4488.077148,,,,,,,,,,,,,,,,,,,,,,,,,,,,,,,,,,,,,,,,,,,,,,,,,,,,,,,,,,,,,,,,,,,,,,
1769163808.02511,1769163808.026224,36.0,0.0,4235.769043,4276.538574,4237.307617,4312.94873,4261.153809,4281.025879,4307.820313,4308.333496,4291.794922,4283.589844,4597.692383,4559.230957,4426.666504,4495.769043,,,,,,,,,,,,,,,,,,,,,,,,,,,,,,,,,,,,,,,,,,,,,,,,,,,,,,,,,,,,,,,,,,,,,,
1769163808.032919,1769163808.034032,37.0,0.0,4243.205078,4282.179688,4248.717773,4321.153809,4262.692383,4281.922852,4306.666504,4311.666504,4291.666504,4294.230957,4603.974121,4573.974121,4430.128418,4506.025879,,,,,,,,,,,,,,,,,,,,,,,,,,,,,,,,,,,,,,,,,,,,,,,,,,,,,,,,,,,,,,,,,,,,,,
1769163808.040727,1769163808.041741,38.0,0.0,4239.230957,4281.025879,4242.94873,4318.846191,4261.025879,4280.641113,4306.282227,4311.794922,4292.94873,4291.794922,4600.256348,4566.153809,4428.333496,4497.179688,,,,,,,,,,,,,,,,,,,,,,,,,,,,,,,,,,,,,,,,,,,,,,,,,,,,,,,,,,,,,,,,,,,,,,
1769163808.048535,1769163808.049549,39.0,0.0,4234.615234,4276.922852,4237.563965,4316.153809,4260.897461,4279.358887,4302.692383,4307.820313,4294.743652,4289.871582,4598.333496,4555.128418,4428.461426,4490.128418,,,,,,,,,,,,,,,,,,,,,,,,,,,,,,,,,,,,,,,,,,,,,,,,,,,,,,,,,,,,,,,,,,,,,,
1769163808.056344,1769163808.057358,40.0,0.0,4246.794922,4290.128418,4248.205078,4327.94873,4261.794922,4277.94873,4299.102539,4305.0,4292.05127,4295.641113,4600.384766,4556.410156,4430.128418,4494.615234,,,,,,,,,,,,,,,,,,,,,,,,,,,,,,,,,,,,,,,,,,,,,,,,,,,,,,,,,,,,,,,,,,,,,,
1769163808.064153,1769163808.065166,41.0,0.0,4252.820313,4294.615234,4251.410156,4329.230957,4258.205078,4278.846191,4301.410156,4300.0,4289.615234,4287.179688,4593.333496,4557.307617,4422.94873,4494.871582,,,,,,,,,,,,,,,,,,,,,,,,,,,,,,,,,,,,,,,,,,,,,,,,,,,,,,,,,,,,,,,,,,,,,,
1769163808.071961,1769163808.072875,42.0,0.0,4236.922852,4280.897461,4242.563965,4315.384766,4257.692383,4281.282227,4301.282227,4293.974121,4290.128418,4274.615234,4584.487305,4546.410156,4412.179688,4487.820313,,,,,,,,,,,,,,,,,,,,,,,,,,,,,,,,,,,,,,,,,,,,,,,,,,,,,,,,,,,,,,,,,,,,,,
1769163808.079769,1769163808.080683,43.0,0.0,4234.102539,4277.436035,4241.538574,4314.743652,4262.692383,4281.410156,4300.512695,4294.358887,4293.461426,4281.538574,4585.512695,4538.589844,4411.025879,4483.974121,,,,,,,,,,,,,,,,,,,,,,,,,,,,,,,,,,,,,,,,,,,,,,,,,,,,,,,,,,,,,,,,,,,,,,
1769163808.087578,1769163808.088292,44.0,0.0,4244.487305,4282.179688,4244.743652,4320.897461,4262.692383,4279.615234,4301.922852,4297.692383,4293.333496,4289.102539,4588.717773,4539.871582,4413.846191,4485.897461,,,,,,,,,,,,,,,,,,,,,,,,,,,,,,,,,,,,,,,,,,,,,,,,,,,,,,,,,,,,,,,,,,,,,,
1769163808.095386,1769163808.0961,45.0,0.0,4247.436035,4282.179688,4246.025879,4321.025879,4259.230957,4280.128418,4301.666504,4296.282227,4286.794922,4281.794922,4586.410156,4539.358887,4413.077148,4489.743652,,,,,,,,,,,,,,,,,,,,,,,,,,,,,,,,,,,,,,,,,,,,,,,,,,,,,,,,,,,,,,,,,,,,,,
1769163808.103195,1769163808.104008,46.0,0.0,4254.358887,4287.94873,4251.666504,4325.769043,4260.897461,4281.282227,4301.410156,4292.820313,4286.922852,4279.615234,4586.538574,4541.794922,4412.94873,4491.794922,0.502397,0.550162,0.683398,0.550504,0.162147,0.575745,0.352026,0.610802,0.228359,0.122249,0.330658,0.304798,0.309397,0.350466,0.142773,0.338545,0.500312,0.416696,0.241255,0.154705,0.227768,0.15498,0.093142,0.032546,0.038001,0.190539,0.285558,0.36958,0.124417,0.19354,0.071111,0.113024,0.143214,0.043343,0.05741,0.184181,0.222251,0.414239,0.107905,0.086208,0.202034,0.598965,0.171911,0.194812,0.123427,0.180425,0.569119,0.228271,0.209326,0.11949,0.451667,0.514641,0.427203,0.339683,0.162461,0.359484,0.476343,0.544991,0.399174,0.211421,0.752369,0.626123,0.533395,0.499133,0.180725,0.807809,0.691991,0.590563,0.819022,0.288074
1769163808.111003,1769163808.111817,47.0,0.0,4261.153809,4289.102539,4259.358887,4327.94873,4263.205078,4281.410156,4303.846191,4297.05127,4292.94873,4288.846191,4590.769043,4551.282227,4416.410156,4489.487305,,,,,,,,,,,,,,,,,,,,,,,,,,,,,,,,,,,,,,,,,,,,,,,,,,,,,,,,,,,,,,,,,,,,,,
1769163808.118812,1769163808.119825,48.0,0.0,4258.333496,4281.922852,4261.538574,4321.794922,4263.077148,4281.282227,4304.615234,4306.794922,4294.358887,4292.692383,4599.615234,4555.641113,4424.102539,4490.769043,,,,,,,,,,,,,,,,,,,,,,,,,,,,,,,,,,,,,,,,,,,,,,,,,,,,,,,,,,,,,,,,,,,,,,
1769163808.12662,1769163808.127634,49.0,0.0,4258.974121,4287.692383,4262.436035,4322.820313,4263.717773,4279.230957,4303.717773,4307.05127,4294.615234,4289.615234,4605.256348,4554.487305,4433.589844,4497.820313,,,,,,,,,,,,,,,,,,,,,,,,,,,,,,,,,,,,,,,,,,,,,,,,,,,,,,,,,,,,,,,,,,,,,,
1769163808.134429,1769163808.135342,50.0,0.0,4267.563965,4297.692383,4266.410156,4329.102539,4262.692383,4279.871582,4301.282227,4297.94873,4290.384766,4284.358887,4595.384766,4554.743652,4424.743652,4496.538574,,,,,,,,,,,,,,,,,,,,,,,,,,,,,,,,,,,,,,,,,,,,,,,,,,,,,,,,,,,,,,,,,,,,,,
1769163808.142237,1769163808.143151,51.0,0.0,4267.436035,4292.179688,4267.179688,4327.05127,4262.563965,4278.717773,4295.769043,4294.230957,4282.563965,4279.358887,4585.641113,4553.333496,4409.230957,4489.615234,,,,,,,,,,,,,,,,,,,,,,,,,,,,,,,,,,,,,,,,,,,,,,,,,,,,,,,,,,,,,,,,,,,,,,
1769163808.150046,1769163808.150759,52.0,0.0,4263.333496,4280.641113,4266.794922,4324.102539,4258.974121,4271.666504,4295.128418,4294.230957,4284.102539,4279.487305,4588.717773,4549.615234,4419.230957,4493.589844,,,,,,,,,,,,,,,,,,,,,,,,,,,,,,,,,,,,,,,,,,,,,,,,,,,,,,,,,,,,,,,,,,,,,,
1769163808.157854,1769163808.158568,53.0,0.0,4269.743652,4280.256348,4268.589844,4322.820313,4252.820313,4269.743652,4295.897461,4291.538574,4290.897461,4281.410156,4590.512695,4543.717773,4429.230957,4498.333496,,,,,,,,,,,,,,,,,,,,,,,,,,,,,,,,,,,,,,,,,,,,,,,,,,,,,,,,,,,,,,,,,,,,,,
1769163808.165662,1769163808.166276,54.0,0.0,4273.333496,4287.692383,4265.641113,4321.153809,4254.743652,4275.512695,4296.410156,4291.666504,4290.769043,4279.615234,4585.128418,4536.922852,4415.128418,4491.410156,,,,,,,,,,,,,,,,,,,,,,,,,,,,,,,,,,,,,,,,,,,,,,,,,,,,,,,,,,,,,,,,,,,,,,
1769163808.173471,1769163808.174085,55.0,0.0,4266.794922,4286.153809,4265.0,4322.179688,4261.922852,4280.128418,4299.487305,4295.256348,4292.563965,4278.461426,4585.384766,4536.794922,4413.077148,4488.974121,,,,,,,,,,,,,,,,,,,,,,,,,,,,,,,,,,,,,,,,,,,,,,,,,,,,,,,,,,,,,,,,,,,,,,
1769163808.181279,1769163808.182093,56.0,0.0,4268.974121,4279.615234,4272.94873,4325.256348,4262.563965,4280.0,4301.153809,4300.641113,4296.922852,4281.153809,4586.922852,4541.666504,4429.230957,4494.230957,,,,,,,,,,,,,,,,,,,,,,,,,,,,,,,,,,,,,,,,,,,,,,,,,,,,,,,,,,,,,,,,,,,,,,
1769163808.189088,1769163808.189901,57.0,0.0,4280.256348,4281.410156,4277.94873,4325.256348,4258.846191,4278.589844,4301.922852,4304.743652,4296.282227,4282.692383,4584.615234,4541.794922,4424.743652,4491.666504,,,,,,,,,,,,,,,,,,,,,,,,,,,,,,,,,,,,,,,,,,,,,,,,,,,,,,,,,,,,,,,,,,,,,,
1769163808.196896,1769163808.19781,58.0,0.0,4280.512695,4282.436035,4274.102539,4322.94873,4259.102539,4283.077148,4304.615234,4303.461426,4294.230957,4278.333496,4584.230957,4536.538574,4412.692383,4488.333496,,,,,,,,,,,,,,,,,,,,,,,,,,,,,,,,,,,,,,,,,,,,,,,,,,,,,,,,,,,,,,,,,,,,,,
1769163808.204705,1769163808.205618,59.0,0.0,4278.205078,4280.897461,4276.410156,4326.282227,4262.436035,4287.179688,4306.666504,4302.94873,4293.589844,4278.589844,4588.333496,4543.205078,4422.436035,4497.307617,,,,,,,,,,,,,,,,,,,,,,,,,,,,,,,,,,,,,,,,,,,,,,,,,,,,,,,,,,,,,,,,,,,,,,
1769163808.212513,1769163808.213626,60.0,0.0,4285.897461,4291.666504,4286.025879,4333.974121,4265.128418,4283.077148,4301.538574,4305.641113,4295.0,4289.102539,4596.025879,4550.512695,4431.922852,4506.153809,,,,,,,,,,,,,,,,,,,,,,,,,,,,,,,,,,,,,,,,,,,,,,,,,,,,,,,,,,,,,,,,,,,,,,
1769163808.220322,1769163808.221435,61.0,0.0,4286.153809,4297.307617,4284.743652,4333.205078,4262.563965,4279.743652,4297.563965,4301.025879,4296.282227,4291.666504,4598.077148,4542.307617,4428.461426,4502.820313,,,,,,,,,,,,,,,,,,,,,,,,,,,,,,,,,,,,,,,,,,,,,,,,,,,,,,,,,,,,,,,,,,,,,,
1769163808.22813,1769163808.229343,62.0,0.0,4276.025879,4285.512695,4278.077148,4325.769043,4258.333496,4280.641113,4296.410156,4295.0,4294.358887,4283.205078,4596.922852,4541.410156,4428.205078,4502.436035,0.554572,0.562679,0.775431,0.571713,0.162459,0.506206,0.325006,0.602865,0.224582,0.12149,0.351228,0.306847,0.307277,0.347679,0.146013,0.372561,0.498757,0.37938,0.245128,0.140638,0.228496,0.145202,0.069986,0.031165,0.037641,0.207341,0.241199,0.299325,0.148234,0.178404,0.086351,0.095398,0.154552,0.045555,0.062696,0.144617,0.228994,0.32062,0.089704,0.07497,0.176247,0.601478,0.161644,0.16576,0.144787,0.219374,0.495853,0.194232,0.197019,0.133667,0.574975,0.450302,0.406945,0.334983,0.141562,0.381668,0.451516,0.505419,0.410537,0.193065,0.839894,0.598695,0.445057,0.523538,0.159916,0.908394,0.580996,0.543942,0.885421,0.280037
1769163808.235938,1769163808.237152,63.0,0.0,4276.922852,4278.846191,4284.487305,4324.871582,4256.922852,4278.589844,4294.615234,4296.282227,4292.692383,4280.0,4600.128418,4554.871582,4432.05127,4509.871582,,,,,,,,,,,,,,,,,,,,,,,,,,,,,,,,,,,,,,,,,,,,,,,,,,,,,,,,,,,,,,,,,,,,,,
1769163808.243747,1769163808.24516,64.0,0.0,4285.769043,4283.846191,4292.307617,4327.692383,4253.077148,4280.641113,4297.436035,4296.922852,4293.205078,4281.538574,4598.589844,4555.769043,4430.512695,4508.717773,,,,,,,,,,,,,,,,,,,,,,,,,,,,,,,,,,,,,,,,,,,,,,,,,,,,,,,,,,,,,,,,,,,,,,
1769163808.251555,1769163808.252968,65.0,0.0,4285.897461,4284.102539,4287.692383,4326.410156,4251.025879,4292.307617,4301.922852,4297.563965,4294.743652,4281.922852,4593.077148,4547.307617,4427.307617,4504.230957,,,,,,,,,,,,,,,,,,,,,,,,,,,,,,,,,,,,,,,,,,,,,,,,,,,,,,,,,,,,,,,,,,,,,,
1769163808.259364,1769163808.260677,66.0,0.0,4278.717773,4279.487305,4285.769043,4325.0,4251.025879,4305.256348,4302.179688,4301.025879,4294.358887,4283.974121,4593.846191,4549.871582,4427.179688,4509.487305,,,,,,,,,,,,,,,,,,,,,,,,,,,,,,,,,,,,,,,,,,,,,,,,,,,,,,,,,,,,,,,,,,,,,,
1769163808.267172,1769163808.268485,67.0,0.0,4278.717773,4279.871582,4292.94873,4326.410156,4251.282227,4312.436035,4301.153809,4305.128418,4294.871582,4286.794922,4597.307617,4553.717773,4427.692383,4506.410156,,,,,,,,,,,,,,,,,,,,,,,,,,,,,,,,,,,,,,,,,,,,,,,,,,,,,,,,,,,,,,,,,,,,,,
1769163808.274981,1769163808.276094,68.0,0.0,4285.512695,4281.538574,4297.307617,4327.436035,4253.461426,4312.436035,4305.897461,4310.512695,4298.077148,4286.538574,4597.307617,4552.94873,4427.692383,4493.333496,,,,,,,,,,,,,,,,,,,,,,,,,,,,,,,,,,,,,,,,,,,,,,,,,,,,,,,,,,,,,,,,,,,,,,
1769163808.282789,1769163808.283902,69.0,0.0,4291.666504,4279.871582,4296.538574,4324.102539,4257.05127,4310.512695,4309.487305,4310.897461,4298.461426,4282.820313,4595.897461,4552.436035,4428.333496,4494.871582,,,,,,,,,,,,,,,,,,,,,,,,,,,,,,,,,,,,,,,,,,,,,,,,,,,,,,,,,,,,,,,,,,,,,,
1769163808.290598,1769163808.291611,70.0,0.0,4293.589844,4278.333496,4294.487305,4320.0,4255.256348,4312.307617,4303.589844,4306.922852,4292.692383,4279.102539,4596.025879,4551.922852,4432.436035,4507.563965,,,,,,,,,,,,,,,,,,,,,,,,,,,,,,,,,,,,,,,,,,,,,,,,,,,,,,,,,,,,,,,,,,,,,,
1769163808.298406,1769163808.299419,71.0,0.0,4292.94873,4279.743652,4296.025879,4322.820313,4251.666504,4312.179688,4297.563965,4308.205078,4295.0,4283.974121,4601.794922,4555.769043,4435.384766,4511.410156,,,,,,,,,,,,,,,,,,,,,,,,,,,,,,,,,,,,,,,,,,,,,,,,,,,,,,,,,,,,,,,,,,,,,,
1769163808.306214,1769163808.307028,72.0,0.0,4298.974121,4282.307617,4300.641113,4326.794922,4251.922852,4308.717773,4300.512695,4305.641113,4297.820313,4287.563965,4601.410156,4553.461426,4431.794922,4503.589844,,,,,,,,,,,,,,,,,,,,,,,,,,,,,,,,,,,,,,,,,,,,,,,,,,,,,,,,,,,,,,,,,,,,,,
1769163808.314023,1769163808.314837,73.0,0.0,4306.922852,4283.461426,4304.102539,4326.794922,4252.05127,4307.05127,4302.563965,4296.666504,4287.307617,4279.230957,4590.897461,4542.179688,4427.820313,4495.512695,,,,,,,,,,,,,,,,,,,,,,,,,,,,,,,,,,,,,,,,,,,,,,,,,,,,,,,,,,,,,,,,,,,,,,
1769163808.321831,1769163808.322745,74.0,0.0,4302.05127,4281.538574,4305.897461,4325.512695,4250.384766,4310.128418,4296.282227,4300.769043,4284.230957,4274.102539,4586.666504,4537.436035,4427.05127,4491.282227,,,,,,,,,,,,,,,,,,,,,,,,,,,,,,,,,,,,,,,,,,,,,,,,,,,,,,,,,,,,,,,,,,,,,,
1769163808.32964,1769163808.330553,75.0,0.0,4293.846191,4276.794922,4304.358887,4323.461426,4250.128418,4312.563965,4296.282227,4309.358887,4295.128418,4280.512695,4590.512695,4543.205078,4425.384766,4493.205078,,,,,,,,,,,,,,,,,,,,,,,,,,,,,,,,,,,,,,,,,,,,,,,,,,,,,,,,,,,,,,,,,,,,,,
1769163808.337448,1769163808.338562,76.0,0.0,4294.871582,4274.743652,4298.846191,4319.358887,4250.769043,4309.487305,4300.384766,4306.538574,4296.282227,4282.05127,4587.179688,4543.205078,4420.512695,4496.153809,,,,,,,,,,,,,,,,,,,,,,,,,,,,,,,,,,,,,,,,,,,,,,,,,,,,,,,,,,,,,,,,,,,,,,
1769163808.345257,1769163808.34637,77.0,0.0,4297.05127,4273.974121,4297.05127,4320.0,4249.871582,4306.282227,4297.05127,4305.769043,4289.358887,4274.102539,4580.769043,4535.769043,4413.077148,4485.641113,,,,,,,,,,,,,,,,,,,,,,,,,,,,,,,,,,,,,,,,,,,,,,,,,,,,,,,,,,,,,,,,,,,,,,
1769163808.353065,1769163808.354079,78.0,0.0,4295.897461,4271.538574,4297.692383,4320.256348,4248.333496,4304.487305,4296.410156,4310.256348,4292.179688,4273.077148,4581.794922,4535.0,4410.0,4475.769043,0.579567,0.601189,0.830749,0.564456,0.164256,0.412285,0.310899,0.581488,0.221748,0.122069,0.375518,0.324706,0.30061,0.333568,0.144056,0.408421,0.491329,0.320034,0.237948,0.129268,0.204526,0.14329,0.057206,0.033623,0.03857,0.225562,0.226194,0.255241,0.167193,0.164728,0.109604,0.089528,0.175859,0.050062,0.067987,0.138932,0.236915,0.288312,0.075042,0.068344,0.172703,0.613344,0.218515,0.13779,0.159753,0.273437,0.459894,0.206323,0.186389,0.15811,0.690861,0.398498,0.358764,0.311475,0.123497,0.445033,0.450288,0.440585,0.396744,0.179372,0.905209,0.583739,0.361951,0.517877,0.148073,1.043275,0.47637,0.471612,0.888639,0.267491
1769163808.360874,1769163808.361887,79.0,0.0,4291.410156,4269.871582,4293.974121,4312.179688,4247.563965,4306.538574,4302.05127,4311.666504,4296.410156,4277.179688,4586.153809,4538.077148,4413.461426,4484.102539,,,,,,,,,,,,,,,,,,,,,,,,,,,,,,,,,,,,,,,,,,,,,,,,,,,,,,,,,,,,,,,,,,,,,,
1769163808.368682,1769163808.369496,80.0,0.0,4291.666504,4273.974121,4296.922852,4312.05127,4248.846191,4309.487305,4302.05127,4310.384766,4293.077148,4273.717773,4587.563965,4538.461426,4416.153809,4491.410156,,,,,,,,,,,,,,,,,,,,,,,,,,,,,,,,,,,,,,,,,,,,,,,,,,,,,,,,,,,,,,,,,,,,,,
1769163808.376491,1769163808.377304,81.0,0.0,4305.897461,4282.307617,4306.922852,4323.846191,4251.666504,4302.307617,4297.692383,4304.487305,4288.717773,4271.410156,4587.307617,4542.94873,4421.025879,4490.256348,,,,,,,,,,,,,,,,,,,,,,,,,,,,,,,,,,,,,,,,,,,,,,,,,,,,,,,,,,,,,,,,,,,,,,
1769163808.384299,1769163808.385212,82.0,0.0,4312.94873,4281.794922,4307.692383,4325.0,4250.641113,4293.461426,4299.487305,4302.436035,4289.743652,4276.282227,4589.230957,4551.538574,4425.128418,4496.794922,,,,,,,,,,,,,,,,,,,,,,,,,,,,,,,,,,,,,,,,,,,,,,,,,,,,,,,,,,,,,,,,,,,,,,
1769163808.392108,1769163808.393021,83.0,0.0,4305.384766,4273.589844,4304.615234,4317.563965,4247.307617,4298.846191,4302.820313,4305.384766,4290.641113,4278.077148,4587.307617,4555.0,4420.384766,4498.589844,,,,,,,,,,,,,,,,,,,,,,,,,,,,,,,,,,,,,,,,,,,,,,,,,,,,,,,,,,,,,,,,,,,,,,
1769163808.399916,1769163808.401029,84.0,0.0,4310.897461,4278.077148,4310.0,4321.922852,4247.692383,4297.436035,4297.05127,4299.871582,4283.205078,4275.384766,4587.179688,4552.436035,4418.974121,4491.666504,,,,,,,,,,,,,,,,,,,,,,,,,,,,,,,,,,,,,,,,,,,,,,,,,,,,,,,,,,,,,,,,,,,,,,
1769163808.407725,1769163808.408838,85.0,0.0,4323.077148,4288.077148,4314.743652,4330.256348,4250.0,4282.820313,4289.615234,4296.794922,4283.589844,4280.769043,4596.666504,4555.128418,4430.0,4497.94873,,,,,,,,,,,,,,,,,,,,,,,,,,,,,,,,,,,,,,,,,,,,,,,,,,,,,,,,,,,,,,,,,,,,,,
1769163808.415533,1769163808.416746,86.0,0.0,4316.153809,4283.461426,4309.615234,4326.025879,4249.615234,4284.358887,4290.384766,4301.282227,4291.922852,4283.205078,4597.563965,4555.512695,4432.179688,4500.897461,,,,,,,,,,,,,,,,,,,,,,,,,,,,,,,,,,,,,,,,,,,,,,,,,,,,,,,,,,,,,,,,,,,,,,
1769163808.423341,1769163808.424554,87.0,0.0,4306.794922,4277.563965,4305.384766,4318.205078,4247.820313,4296.153809,4294.615234,4298.589844,4285.769043,4270.128418,4583.974121,4543.717773,4420.641113,4485.384766,,,,,,,,,,,,,,,,,,,,,,,,,,,,,,,,,,,,,,,,,,,,,,,,,,,,,,,,,,,,,,,,,,,,,,
1769163808.43115,1769163808.432463,88.0,0.0,4311.922852,4280.769043,4308.205078,4318.333496,4247.692383,4294.487305,4295.641113,4293.717773,4276.922852,4261.153809,4581.282227,4535.897461,4419.487305,4488.077148,,,,,,,,,,,,,,,,,,,,,,,,,,,,,,,,,,,,,,,,,,,,,,,,,,,,,,,,,,,,,,,,,,,,,,
1769163808.438958,1769163808.440271,89.0,0.0,4312.820313,4280.769043,4310.641113,4320.641113,4249.102539,4289.230957,4294.102539,4296.794922,4284.487305,4267.179688,4589.615234,4540.641113,4426.153809,4507.820313,,,,,,,,,,,,,,,,,,,,,,,,,,,,,,,,,,,,,,,,,,,,,,,,,,,,,,,,,,,,,,,,,,,,,,
1769163808.446767,1769163808.44798,90.0,0.0,4309.102539,4276.538574,4308.589844,4318.846191,4249.102539,4293.205078,4293.589844,4295.512695,4286.922852,4268.077148,4587.563965,4542.563965,4426.282227,4502.436035,,,,,,,,,,,,,,,,,,,,,,,,,,,,,,,,,,,,,,,,,,,,,,,,,,,,,,,,,,,,,,,,,,,,,,
1769163808.454575,1769163808.455788,91.0,0.0,4317.179688,4281.153809,4308.717773,4319.871582,4247.307617,4295.128418,4295.897461,4294.487305,4276.922852,4261.666504,4582.436035,4537.563965,4423.461426,4490.0,,,,,,,,,,,,,,,,,,,,,,,,,,,,,,,,,,,,,,,,,,,,,,,,,,,,,,,,,,,,,,,,,,,,,,
1769163808.462384,1769163808.463397,92.0,0.0,4327.05127,4290.256348,4316.025879,4325.0,4248.717773,4292.692383,4298.974121,4303.717773,4282.307617,4270.256348,4587.436035,4540.128418,4428.205078,4501.153809,,,,,,,,,,,,,,,,,,,,,,,,,,,,,,,,,,,,,,,,,,,,,,,,,,,,,,,,,,,,,,,,,,,,,,
1769163808.470192,1769163808.471205,93.0,0.0,4323.846191,4288.589844,4316.538574,4321.153809,4252.563965,4296.282227,4300.512695,4308.333496,4296.025879,4281.538574,4590.769043,4543.077148,4427.94873,4504.743652,,,,,,,,,,,,,,,,,,,,,,,,,,,,,,,,,,,,,,,,,,,,,,,,,,,,,,,,,,,,,,,,,,,,,,
1769163808.478001,1769163808.478914,94.0,0.0,4315.897461,4276.666504,4308.846191,4312.05127,4252.179688,4299.743652,4298.974121,4306.538574,4290.384766,4275.897461,4583.974121,4537.692383,4416.794922,4489.230957,0.58019,0.662939,0.826604,0.529175,0.169161,0.326316,0.319571,0.543388,0.222589,0.126469,0.377097,0.360213,0.285522,0.305202,0.13777,0.428649,0.485114,0.251385,0.219145,0.122422,0.163264,0.146864,0.052009,0.03822,0.038856,0.240254,0.248822,0.253771,0.176021,0.1527,0.132931,0.097008,0.207754,0.055781,0.070629,0.154846,0.24088,0.319694,0.063593,0.065707,0.177336,0.647828,0.339672,0.114617,0.162886,0.314501,0.470613,0.273948,0.179673,0.185599,0.754517,0.381436,0.299547,0.272594,0.112184,0.518936,0.496679,0.374188,0.357285,0.172442,0.916056,0.60434,0.296811,0.477152,0.146737,1.152555,0.410799,0.390323,0.814873,0.252193
1769163808.485809,1769163808.486722,95.0,0.0,4321.794922,4276.153809,4313.974121,4314.743652,4247.94873,4289.871582,4296.794922,4308.461426,4283.077148,4272.820313,4583.077148,4540.897461,4419.102539,4494.743652,,,,,,,,,,,,,,,,,,,,,,,,,,,,,,,,,,,,,,,,,,,,,,,,,,,,,,,,,,,,,,,,,,,,,,
1769163808.493617,1769163808.494331,96.0,0.0,4335.0,4290.0,4327.179688,4323.461426,4245.512695,4281.153809,4296.538574,4311.153809,4292.307617,4281.025879,4596.153809,4553.461426,4432.436035,4514.487305,,,,,,,,,,,,,,,,,,,,,,,,,,,,,,,,,,,,,,,,,,,,,,,,,,,,,,,,,,,,,,,,,,,,,,
1769163808.501426,1769163808.502139,97.0,0.0,4339.230957,4293.461426,4328.846191,4326.410156,4247.05127,4285.384766,4296.153809,4310.256348,4295.128418,4282.692383,4597.563965,4555.384766,4429.871582,4507.820313,,,,,,,,,,,,,,,,,,,,,,,,,,,,,,,,,,,,,,,,,,,,,,,,,,,,,,,,,,,,,,,,,,,,,,
1769163808.509234,1769163808.510048,98.0,0.0,4336.153809,4282.307617,4323.974121,4322.94873,4247.692383,4284.743652,4294.871582,4309.743652,4287.307617,4277.179688,4590.128418,4548.974121,4425.128418,4501.153809,,,,,,,,,,,,,,,,,,,,,,,,,,,,,,,,,,,,,,,,,,,,,,,,,,,,,,,,,,,,,,,,,,,,,,
1769163808.517043,1769163808.517856,99.0,0.0,4336.282227,4279.358887,4324.871582,4320.128418,4246.666504,4277.563965,4295.128418,4310.897461,4287.436035,4278.589844,4596.410156,4554.487305,4442.179688,4520.384766,,,,,,,,,,,,,,,,,,,,,,,,,,,,,,,,,,,,,,,,,,,,,,,,,,,,,,,,,,,,,,,,,,,,,,
1769163808.524851,1769163808.525864,100.0,0.0,4342.05127,4287.179688,4327.692383,4323.077148,4246.666504,4277.94873,4297.05127,4311.153809,4294.102539,4281.538574,4604.743652,4563.589844,4448.846191,4525.641113,,,,,,,,,,,,,,,,,,,,,,,,,,,,,,,,,,,,,,,,,,,,,,,,,,,,,,,,,,,,,,,,,,,,,,
1769163808.53266,1769163808.533673,101.0,0.0,4342.820313,4286.794922,4327.307617,4321.666504,4247.94873,4282.05127,4298.205078,4311.794922,4291.794922,4280.641113,4600.256348,4559.487305,4431.153809,4504.615234,,,,,,,,,,,,,,,,,,,,,,,,,,,,,,,,,,,,,,,,,,,,,,,,,,,,,,,,,,,,,,,,,,,,,,
1769163808.540468,1769163808.541581,102.0,0.0,4335.384766,4278.589844,4323.077148,4311.538574,4248.846191,4282.307617,4297.563965,4311.538574,4285.128418,4278.205078,4591.666504,4550.897461,4424.487305,4497.94873,,,,,,,,,,,,,,,,,,,,,,,,,,,,,,,,,,,,,,,,,,,,,,,,,,,,,,,,,,,,,,,,,,,,,,
1769163808.548277,1769163808.54939,103.0,0.0,4332.179688,4278.077148,4322.692383,4306.922852,4248.077148,4281.922852,4297.563965,4311.666504,4282.179688,4277.307617,4588.333496,4550.769043,4429.615234,4507.692383,,,,,,,,,,,,,,,,,,,,,,,,,,,,,,,,,,,,,,,,,,,,,,,,,,,,,,,,,,,,,,,,,,,,,,
1769163808.556085,1769163808.556998,104.0,0.0,4337.179688,4282.436035,4327.307617,4309.871582,4247.179688,4281.922852,4298.846191,4311.666504,4280.641113,4273.717773,4592.179688,4555.128418,4427.820313,4509.102539,,,,,,,,,,,,,,,,,,,,,,,,,,,,,,,,,,,,,,,,,,,,,,,,,,,,,,,,,,,,,,,,,,,,,,
1769163808.563893,1769163808.564807,105.0,0.0,4335.384766,4279.743652,4325.128418,4308.077148,4246.922852,4283.461426,4303.205078,4310.256348,4280.256348,4267.563965,4595.0,4553.333496,4424.871582,4505.769043,,,,,,,,,,,,,,,,,,,,,,,,,,,,,,,,,,,,,,,,,,,,,,,,,,,,,,,,,,,,,,,,,,,,,,
1769163808.571702,1769163808.572515,106.0,0.0,4333.333496,4278.974121,4326.538574,4305.897461,4248.461426,4283.717773,4303.077148,4308.589844,4280.641113,4270.897461,4591.410156,4552.436035,4426.410156,4505.897461,,,,,,,,,,,,,,,,,,,,,,,,,,,,,,,,,,,,,,,,,,,,,,,,,,,,,,,,,,,,,,,,,,,,,,
1769163808.57951,1769163808.580324,107.0,0.0,4344.871582,4288.077148,4337.692383,4309.358887,4248.589844,4279.102539,4296.410156,4308.589844,4281.922852,4276.794922,4589.615234,4554.487305,4425.128418,4504.743652,,,,,,,,,,,,,,,,,,,,,,,,,,,,,,,,,,,,,,,,,,,,,,,,,,,,,,,,,,,,,,,,,,,,,,
1769163808.587319,1769163808.588332,108.0,0.0,4353.589844,4289.102539,4337.692383,4309.230957,4246.410156,4277.307617,4294.487305,4308.974121,4280.512695,4269.871582,4589.358887,4548.333496,4423.461426,4505.128418,,,,,,,,,,,,,,,,,,,,,,,,,,,,,,,,,,,,,,,,,,,,,,,,,,,,,,,,,,,,,,,,,,,,,,
1769163808.595127,1769163808.59614,109.0,0.0,4348.205078,4280.512695,4330.128418,4306.282227,4246.922852,4279.743652,4297.307617,4308.589844,4280.641113,4264.487305,4588.077148,4543.461426,4426.282227,4508.077148,,,,,,,,,,,,,,,,,,,,,,,,,,,,,,,,,,,,,,,,,,,,,,,,,,,,,,,,,,,,,,,,,,,,,,
1769163808.602936,1769163808.604049,110.0,0.0,4349.102539,4283.461426,4333.461426,4303.717773,4249.358887,4281.410156,4296.153809,4310.256348,4286.410156,4274.230957,4597.179688,4553.077148,4430.897461,4511.410156,0.521623,0.734882,0.747739,0.47221,0.179586,0.259529,0.351117,0.483546,0.228023,0.137231,0.344368,0.403535,0.255681,0.263851,0.130302,0.421001,0.481685,0.184635,0.191556,0.120627,0.116073,0.153553,0.052159,0.043247,0.037717,0.273602,0.302329,0.296717,0.173091,0.140616,0.150025,0.117696,0.245873,0.061641,0.069636,0.177237,0.242337,0.399426,0.05398,0.065128,0.1764,0.694394,0.490257,0.097652,0.15333,0.331468,0.50962,0.37933,0.176364,0.207455,0.746173,0.407754,0.249901,0.226052,0.108525,0.589301,0.596213,0.323521,0.298059,0.171921,0.854212,0.669418,0.257096,0.408095,0.155781,1.185571,0.39672,0.317503,0.676516,0.238409
1769163808.610744,1769163808.611857,111.0,0.0,4358.077148,4289.230957,4338.077148,4298.077148,4247.179688,4281.794922,4293.461426,4311.922852,4288.461426,4280.641113,4603.461426,4561.025879,4430.256348,4512.820313,,,,,,,,,,,,,,,,,,,,,,,,,,,,,,,,,,,,,,,,,,,,,,,,,,,,,,,,,,,,,,,,,,,,,,
1769163808.618553,1769163808.619865,112.0,0.0,4351.538574,4280.512695,4334.230957,4291.794922,4244.102539,4280.384766,4296.282227,4308.974121,4283.077148,4276.153809,4593.205078,4553.461426,4427.94873,4504.871582,,,,,,,,,,,,,,,,,,,,,,,,,,,,,,,,,,,,,,,,,,,,,,,,,,,,,,,,,,,,,,,,,,,,,,
1769163808.626361,1769163808.627674,113.0,0.0,4341.538574,4275.384766,4332.563965,4291.794922,4245.641113,4279.358887,4299.102539,4307.307617,4278.974121,4273.846191,4585.641113,4546.794922,4428.589844,4495.641113,,,,,,,,,,,,,,,,,,,,,,,,,,,,,,,,,,,,,,,,,,,,,,,,,,,,,,,,,,,,,,,,,,,,,,
1769163808.634169,1769163808.635482,114.0,0.0,4344.615234,4281.410156,4334.743652,4294.487305,4247.05127,4287.820313,4301.794922,4311.666504,4282.563965,4272.179688,4585.512695,4547.179688,4425.256348,4490.897461,,,,,,,,,,,,,,,,,,,,,,,,,,,,,,,,,,,,,,,,,,,,,,,,,,,,,,,,,,,,,,,,,,,,,,
1769163808.641978,1769163808.643291,115.0,0.0,4351.282227,4281.794922,4334.615234,4292.94873,4245.897461,4296.153809,4307.179688,4314.743652,4283.461426,4264.358887,4585.384766,4549.102539,4420.384766,4489.743652,,,,,,,,,,,,,,,,,,,,,,,,,,,,,,,,,,,,,,,,,,,,,,,,,,,,,,,,,,,,,,,,,,,,,,
1769163808.649786,1769163808.650899,116.0,0.0,4353.589844,4278.846191,4335.0,4291.410156,4246.666504,4287.692383,4303.589844,4312.05127,4278.589844,4262.307617,4592.820313,4554.102539,4426.794922,4500.128418,,,,,,,,,,,,,,,,,,,,,,,,,,,,,,,,,,,,,,,,,,,,,,,,,,,,,,,,,,,,,,,,,,,,,,
1769163808.657595,1769163808.658708,117.0,0.0,4354.358887,4279.487305,4338.333496,4292.692383,4248.205078,4275.128418,4294.487305,4311.922852,4280.897461,4273.205078,4600.0,4557.436035,4433.077148,4508.077148,,,,,,,,,,,,,,,,,,,,,,,,,,,,,,,,,,,,,,,,,,,,,,,,,,,,,,,,,,,,,,,,,,,,,,
1769163808.665403,1769163808.666416,118.0,0.0,4351.410156,4279.487305,4339.230957,4292.820313,4246.282227,4275.0,4293.461426,4314.358887,4282.820313,4274.487305,4592.436035,4552.692383,4425.256348,4497.820313,,,,,,,,,,,,,,,,,,,,,,,,,,,,,,,,,,,,,,,,,,,,,,,,,,,,,,,,,,,,,,,,,,,,,,
1769163808.673212,1769163808.674225,119.0,0.0,4349.487305,4278.461426,4335.0,4291.410156,4245.769043,4278.717773,4295.769043,4314.230957,4280.0,4266.282227,4585.384766,4548.205078,4421.025879,4486.538574,,,,,,,,,,,,,,,,,,,,,,,,,,,,,,,,,,,,,,,,,,,,,,,,,,,,,,,,,,,,,,,,,,,,,,
1769163808.68102,1769163808.681834,120.0,0.0,4356.153809,4280.512695,4335.897461,4292.436035,4248.589844,4277.692383,4297.436035,4312.94873,4282.436035,4271.794922,4589.102539,4552.05127,4427.563965,4491.025879,,,,,,,,,,,,,,,,,,,,,,,,,,,,,,,,,,,,,,,,,,,,,,,,,,,,,,,,,,,,,,,,,,,,,,
1769163808.688829,1769163808.689642,121.0,0.0,4358.589844,4282.05127,4342.692383,4293.589844,4248.717773,4278.205078,4300.384766,4311.794922,4288.589844,4278.846191,4589.102539,4555.641113,4429.102539,4500.128418,,,,,,,,,,,,,,,,,,,,,,,,,,,,,,,,,,,,,,,,,,,,,,,,,,,,,,,,,,,,,,,,,,,,,,
1769163808.696637,1769163808.697351,122.0,0.0,4358.461426,4281.282227,4343.717773,4293.717773,4248.846191,4278.589844,4300.128418,4311.666504,4291.922852,4275.256348,4589.615234,4555.512695,4427.436035,4505.128418,,,,,,,,,,,,,,,,,,,,,,,,,,,,,,,,,,,,,,,,,,,,,,,,,,,,,,,,,,,,,,,,,,,,,,
1769163808.704446,1769163808.705159,123.0,0.0,4363.461426,4280.897461,4340.897461,4291.282227,4250.641113,4280.641113,4300.0,4313.205078,4293.333496,4276.282227,4596.538574,4556.538574,4430.128418,4509.102539,,,,,,,,,,,,,,,,,,,,,,,,,,,,,,,,,,,,,,,,,,,,,,,,,,,,,,,,,,,,,,,,,,,,,,
1769163808.712254,1769163808.713167,124.0,0.0,4360.641113,4279.615234,4338.974121,4284.102539,4250.0,4285.641113,4303.077148,4312.692383,4294.615234,4281.025879,4596.922852,4556.538574,4430.897461,4503.205078,,,,,,,,,,,,,,,,,,,,,,,,,,,,,,,,,,,,,,,,,,,,,,,,,,,,,,,,,,,,,,,,,,,,,,
1769163808.720063,1769163808.720976,125.0,0.0,4353.974121,4276.410156,4337.820313,4279.230957,4247.307617,4284.230957,4301.666504,4310.641113,4294.230957,4278.077148,4594.358887,4555.128418,4428.846191,4495.128418,,,,,,,,,,,,,,,,,,,,,,,,,,,,,,,,,,,,,,,,,,,,,,,,,,,,,,,,,,,,,,,,,,,,,,
1769163808.727871,1769163808.728884,126.0,0.0,4358.077148,4277.563965,4340.384766,4281.666504,4247.692383,4278.717773,4295.897461,4310.0,4292.94873,4276.282227,4599.102539,4557.820313,4430.384766,4499.230957,0.436773,0.808725,0.612537,0.404507,0.196801,0.226488,0.396056,0.403558,0.236452,0.154755,0.283705,0.442246,0.215084,0.216238,0.125708,0.385439,0.479478,0.131093,0.161325,0.123014,0.078845,0.162574,0.055767,0.047345,0.035522,0.35733,0.371955,0.368132,0.160476,0.127776,0.152858,0.150323,0.280095,0.065805,0.065562,0.202339,0.246678,0.501817,0.045608,0.065301,0.159064,0.723695,0.614079,0.086608,0.136338,0.321804,0.544378,0.485578,0.174305,0.217905,0.678325,0.467597,0.220172,0.181768,0.111436,0.664492,0.741928,0.296141,0.23134,0.176195,0.735224,0.765472,0.241449,0.327192,0.174011,1.132858,0.424237,0.26811,0.510533,0.23307
1769163808.73568,1769163808.736692,127.0,0.0,4362.820313,4281.282227,4344.358887,4283.077148,4248.846191,4276.794922,4295.0,4311.153809,4292.94873,4276.025879,4595.384766,4559.102539,4429.871582,4502.94873,,,,,,,,,,,,,,,,,,,,,,,,,,,,,,,,,,,,,,,,,,,,,,,,,,,,,,,,,,,,,,,,,,,,,,
1769163808.743488,1769163808.744701,0.0,0.0,4358.077148,4276.153809,4341.922852,4279.615234,4248.846191,4281.025879,4300.384766,4312.820313,4292.05127,4272.563965,4586.922852,4552.820313,4427.05127,4495.897461,,,,,,,,,,,,,,,,,,,,,,,,,,,,,,,,,,,,,,,,,,,,,,,,,,,,,,,,,,,,,,,,,,,,,,
1769163808.751296,1769163808.752509,1.0,0.0,4355.256348,4271.666504,4338.461426,4278.077148,4248.974121,4284.230957,4303.077148,4310.128418,4289.230957,4271.025879,4593.077148,4551.153809,4429.615234,4489.487305,,,,,,,,,,,,,,,,,,,,,,,,,,,,,,,,,,,,,,,,,,,,,,,,,,,,,,,,,,,,,,,,,,,,,,
1769163808.759105,1769163808.760218,2.0,0.0,4357.820313,4277.436035,4339.615234,4280.256348,4248.974121,4280.897461,4298.717773,4305.769043,4289.102539,4275.384766,4596.538574,4550.0,4433.077148,4490.512695,,,,,,,,,,,,,,,,,,,,,,,,,,,,,,,,,,,,,,,,,,,,,,,,,,,,,,,,,,,,,,,,,,,,,,
1769163808.766913,1769163808.768026,3.0,0.0,4361.666504,4279.230957,4341.538574,4281.025879,4249.871582,4279.358887,4295.128418,4307.307617,4294.230957,4280.512695,4588.077148,4542.94873,4432.179688,4489.102539,,,,,,,,,,,,,,,,,,,,,,,,,,,,,,,,,,,,,,,,,,,,,,,,,,,,,,,,,,,,,,,,,,,,,,
1769163808.774722,1769163808.776034,4.0,0.0,4365.0,4275.0,4343.333496,4279.487305,4248.846191,4277.307617,4296.282227,4308.461426,4295.769043,4280.384766,4590.0,4545.384766,4434.871582,4490.769043,,,,,,,,,,,,,,,,,,,,,,,,,,,,,,,,,,,,,,,,,,,,,,,,,,,,,,,,,,,,,,,,,,,,,,
1769163808.78253,1769163808.783843,5.0,0.0,4366.922852,4276.153809,4343.461426,4276.666504,4246.025879,4271.025879,4294.743652,4303.205078,4292.563965,4279.230957,4600.0,4555.641113,4442.820313,4497.563965,,,,,,,,,,,,,,,,,,,,,,,,,,,,,,,,,,,,,,,,,,,,,,,,,,,,,,,,,,,,,,,,,,,,,,
1769163808.790339,1769163808.791751,6.0,0.0,4370.256348,4280.769043,4342.94873,4275.512695,4246.410156,4270.897461,4293.205078,4303.589844,4294.230957,4281.025879,4598.333496,4554.743652,4442.179688,4495.128418,,,,,,,,,,,,,,,,,,,,,,,,,,,,,,,,,,,,,,,,,,,,,,,,,,,,,,,,,,,,,,,,,,,,,,
1769163808.798147,1769163808.79956,7.0,0.0,4375.128418,4280.769043,4347.692383,4278.461426,4248.974121,4278.589844,4296.410156,4310.897461,4295.897461,4281.025879,4593.974121,4551.153809,4435.512695,4490.512695,,,,,,,,,,,,,,,,,,,,,,,,,,,,,,,,,,,,,,,,,,,,,,,,,,,,,,,,,,,,,,,,,,,,,,
1769163808.805956,1769163808.807568,8.0,0.0,4375.769043,4281.025879,4354.487305,4280.128418,4249.615234,4280.256348,4297.820313,4313.205078,4295.256348,4279.743652,4596.922852,4555.384766,4437.692383,4494.615234,,,,,,,,,,,,,,,,,,,,,,,,,,,,,,,,,,,,,,,,,,,,,,,,,,,,,,,,,,,,,,,,,,,,,,
1769163808.813764,1769163808.815376,9.0,0.0,4371.666504,4280.897461,4352.692383,4277.307617,4249.102539,4278.077148,4296.666504,4309.487305,4295.897461,4279.615234,4598.846191,4555.897461,4444.358887,4498.077148,,,,,,,,,,,,,,,,,,,,,,,,,,,,,,,,,,,,,,,,,,,,,,,,,,,,,,,,,,,,,,,,,,,,,,
1769163808.821572,1769163808.823085,10.0,0.0,4368.589844,4278.077148,4347.307617,4276.025879,4249.358887,4277.820313,4297.05127,4305.769043,4294.871582,4279.230957,4597.692383,4554.102539,4441.153809,4493.077148,,,,,,,,,,,,,,,,,,,,,,,,,,,,,,,,,,,,,,,,,,,,,,,,,,,,,,,,,,,,,,,,,,,,,,
1769163808.829381,1769163808.830893,11.0,0.0,4370.897461,4280.512695,4352.692383,4279.615234,4249.615234,4275.769043,4297.94873,4306.794922,4293.974121,4278.461426,4596.025879,4554.871582,4434.358887,4488.205078,,,,,,,,,,,,,,,,,,,,,,,,,,,,,,,,,,,,,,,,,,,,,,,,,,,,,,,,,,,,,,,,,,,,,,
1769163808.837189,1769163808.838502,12.0,0.0,4375.769043,4284.358887,4360.641113,4282.05127,4249.230957,4276.922852,4296.538574,4308.717773,4295.384766,4278.205078,4595.384766,4552.436035,4436.666504,4490.128418,,,,,,,,,,,,,,,,,,,,,,,,,,,,,,,,,,,,,,,,,,,,,,,,,,,,,,,,,,,,,,,,,,,,,,
1769163808.844998,1769163808.84631,13.0,0.0,4373.461426,4281.153809,4358.589844,4278.717773,4248.333496,4274.230957,4295.128418,4304.743652,4294.615234,4277.692383,4596.922852,4551.153809,4442.563965,4492.563965,,,,,,,,,,,,,,,,,,,,,,,,,,,,,,,,,,,,,,,,,,,,,,,,,,,,,,,,,,,,,,,,,,,,,,
1769163808.852806,1769163808.854019,14.0,0.0,4368.333496,4277.94873,4355.384766,4275.641113,4246.666504,4264.358887,4297.307617,4306.922852,4295.641113,4279.743652,4600.256348,4554.615234,4443.205078,4492.94873,0.33502,0.878788,0.460713,0.336656,0.21903,0.215841,0.440799,0.316876,0.244256,0.177317,0.214452,0.468876,0.174031,0.170551,0.12618,0.332269,0.479586,0.100848,0.135611,0.127601,0.055774,0.173569,0.062065,0.049835,0.03312,0.505491,0.44534,0.442239,0.143859,0.115504,0.139921,0.19297,0.298469,0.066987,0.0601,0.238973,0.257418,0.598841,0.038633,0.065824,0.13783,0.708179,0.665274,0.080679,0.120703,0.298152,0.548797,0.554687,0.17171,0.216775,0.5876,0.535975,0.209646,0.149886,0.119264,0.759914,0.908872,0.287305,0.172556,0.183457,0.599586,0.862149,0.24498,0.253564,0.199083,1.029266,0.471613,0.252342,0.362374,0.242597
1769163808.860615,1769163808.861827,15.0,0.0,4368.205078,4279.615234,4358.461426,4275.0,4243.717773,4268.077148,4299.102539,4311.025879,4295.128418,4281.410156,4602.820313,4556.410156,4440.897461,4493.461426,,,,,,,,,,,,,,,,,,,,,,,,,,,,,,,,,,,,,,,,,,,,,,,,,,,,,,,,,,,,,,,,,,,,,,
1769163808.868423,1769163808.869436,16.0,0.0,4367.94873,4278.846191,4357.692383,4273.205078,4242.179688,4276.153809,4297.307617,4301.153809,4286.025879,4276.922852,4597.820313,4553.461426,4440.256348,4493.589844,,,,,,,,,,,,,,,,,,,,,,,,,,,,,,,,,,,,,,,,,,,,,,,,,,,,,,,,,,,,,,,,,,,,,,
1769163808.876232,1769163808.877245,17.0,0.0,4366.666504,4278.077148,4356.153809,4273.589844,4244.871582,4269.230957,4295.512695,4292.05127,4282.05127,4272.436035,4589.615234,4551.282227,4440.512695,4492.94873,,,,,,,,,,,,,,,,,,,,,,,,,,,,,,,,,,,,,,,,,,,,,,,,,,,,,,,,,,,,,,,,,,,,,,
1769163808.88404,1769163808.884953,18.0,0.0,4370.769043,4281.794922,4363.077148,4276.922852,4247.307617,4265.641113,4295.512695,4296.794922,4290.897461,4276.025879,4591.153809,4553.461426,4441.282227,4492.179688,,,,,,,,,,,,,,,,,,,,,,,,,,,,,,,,,,,,,,,,,,,,,,,,,,,,,,,,,,,,,,,,,,,,,,
1769163808.891848,1769163808.892762,19.0,0.0,4373.461426,4282.05127,4364.871582,4277.820313,4244.615234,4270.769043,4295.256348,4299.102539,4295.128418,4280.769043,4599.358887,4555.641113,4441.794922,4493.077148,,,,,,,,,,,,,,,,,,,,,,,,,,,,,,,,,,,,,,,,,,,,,,,,,,,,,,,,,,,,,,,,,,,,,,
1769163808.899657,1769163808.90037,20.0,0.0,4369.487305,4278.846191,4357.179688,4275.128418,4243.717773,4267.307617,4293.846191,4294.358887,4292.05127,4279.230957,4600.897461,4553.974121,4442.94873,4493.717773,,,,,,,,,,,,,,,,,,,,,,,,,,,,,,,,,,,,,,,,,,,,,,,,,,,,,,,,,,,,,,,,,,,,,,
1769163808.907465,1769163808.908179,21.0,0.0,4366.282227,4279.230957,4357.179688,4274.102539,4247.692383,4262.94873,4293.077148,4295.0,4293.205078,4278.333496,4598.205078,4552.436035,4444.871582,4490.256348,,,,,,,,,,,,,,,,,,,,,,,,,,,,,,,,,,,,,,,,,,,,,,,,,,,,,,,,,,,,,,,,,,,,,,
1769163808.915274,1769163808.916087,22.0,0.0,4366.282227,4281.025879,4364.871582,4277.179688,4247.94873,4266.410156,4293.205078,4295.769043,4294.743652,4279.871582,4596.025879,4552.05127,4440.769043,4482.436035,,,,,,,,,,,,,,,,,,,,,,,,,,,,,,,,,,,,,,,,,,,,,,,,,,,,,,,,,,,,,,,,,,,,,,
1769163808.923082,1769163808.923895,23.0,0.0,4367.307617,4278.333496,4369.102539,4281.025879,4246.538574,4268.077148,4294.743652,4293.333496,4294.102539,4278.846191,4592.94873,4551.410156,4432.179688,4477.307617,,,,,,,,,,,,,,,,,,,,,,,,,,,,,,,,,,,,,,,,,,,,,,,,,,,,,,,,,,,,,,,,,,,,,,
1769163808.930891,1769163808.931904,24.0,0.0,4368.974121,4276.538574,4370.769043,4281.282227,4248.717773,4266.153809,4295.128418,4293.846191,4295.897461,4277.692383,4594.743652,4552.563965,4431.282227,4478.717773,,,,,,,,,,,,,,,,,,,,,,,,,,,,,,,,,,,,,,,,,,,,,,,,,,,,,,,,,,,,,,,,,,,,,,
1769163808.938699,1769163808.939712,25.0,0.0,4367.307617,4284.230957,4370.256348,4278.589844,4250.641113,4264.871582,4294.230957,4296.282227,4296.922852,4279.487305,4597.94873,4551.025879,4435.769043,4479.230957,,,,,,,,,,,,,,,,,,,,,,,,,,,,,,,,,,,,,,,,,,,,,,,,,,,,,,,,,,,,,,,,,,,,,,
1769163808.946508,1769163808.94762,26.0,0.0,4360.769043,4289.230957,4365.512695,4278.717773,4250.897461,4267.692383,4295.641113,4297.692383,4296.025879,4278.589844,4592.307617,4542.05127,4432.94873,4475.256348,,,,,,,,,,,,,,,,,,,,,,,,,,,,,,,,,,,,,,,,,,,,,,,,,,,,,,,,,,,,,,,,,,,,,,
1769163808.954316,1769163808.955429,27.0,0.0,4355.384766,4282.307617,4364.102539,4278.717773,4252.307617,4272.563965,4297.307617,4295.384766,4295.128418,4270.128418,4584.487305,4535.897461,4425.897461,4472.436035,,,,,,,,,,,,,,,,,,,,,,,,,,,,,,,,,,,,,,,,,,,,,,,,,,,,,,,,,,,,,,,,,,,,,,
1769163808.962124,1769163808.963038,28.0,0.0,4357.436035,4276.666504,4368.077148,4277.307617,4250.128418,4270.0,4297.820313,4295.769043,4296.282227,4265.256348,4589.102539,4543.589844,4427.563965,4475.512695,,,,,,,,,,,,,,,,,,,,,,,,,,,,,,,,,,,,,,,,,,,,,,,,,,,,,,,,,,,,,,,,,,,,,,
1769163808.969933,1769163808.970846,29.0,0.0,4365.128418,4283.077148,4370.897461,4280.256348,4246.410156,4264.615234,4296.282227,4298.205078,4296.666504,4273.077148,4597.692383,4553.205078,4437.94873,4480.769043,,,,,,,,,,,,,,,,,,,,,,,,,,,,,,,,,,,,,,,,,,,,,,,,,,,,,,,,,,,,,,,,,,,,,,
1769163808.977741,1769163808.978754,30.0,0.0,4367.179688,4287.307617,4371.282227,4284.230957,4246.922852,4266.410156,4294.358887,4294.230957,4295.0,4277.05127,4594.871582,4547.94873,4440.769043,4480.897461,0.233223,0.937851,0.330632,0.275935,0.241338,0.21448,0.468438,0.237001,0.245429,0.200266,0.152906,0.47994,0.141801,0.134021,0.130775,0.280353,0.477566,0.092754,0.119295,0.131719,0.04938,0.183561,0.068161,0.050335,0.031168,0.697537,0.514491,0.492445,0.130075,0.106718,0.115407,0.241904,0.295526,0.065675,0.055421,0.294202,0.274882,0.661654,0.033609,0.066369,0.130072,0.644113,0.627524,0.078723,0.113604,0.279982,0.521233,0.56804,0.16851,0.208313,0.510262,0.585796,0.210133,0.13872,0.130253,0.879479,1.058038,0.285099,0.13385,0.190757,0.489099,0.925644,0.259926,0.200526,0.225891,0.928382,0.516766,0.269163,0.267401,0.268788
1769163808.98555,1769163808.986563,31.0,0.0,4359.743652,4281.025879,4371.153809,4282.436035,4248.333496,4267.05127,4294.358887,4288.717773,4293.333496,4269.102539,4585.897461,4537.94873,4432.307617,4477.307617,,,,,,,,,,,,,,,,,,,,,,,,,,,,,,,,,,,,,,,,,,,,,,,,,,,,,,,,,,,,,,,,,,,,,,
1769163808.993358,1769163808.994571,32.0,0.0,4353.461426,4281.538574,4374.102539,4281.025879,4249.871582,4263.461426,4292.436035,4289.102539,4291.025879,4270.769043,4587.179688,4541.794922,4431.538574,4476.410156,,,,,,,,,,,,,,,,,,,,,,,,,,,,,,,,,,,,,,,,,,,,,,,,,,,,,,,,,,,,,,,,,,,,,,
1769163809.001167,1769163809.002379,33.0,0.0,4356.794922,4288.077148,4378.333496,4287.179688,4250.128418,4263.461426,4289.871582,4291.922852,4289.487305,4276.538574,4591.794922,4551.538574,4436.666504,4478.077148,,,,,,,,,,,,,,,,,,,,,,,,,,,,,,,,,,,,,,,,,,,,,,,,,,,,,,,,,,,,,,,,,,,,,,
1769163809.008975,1769163809.010088,34.0,0.0,4359.230957,4286.538574,4382.05127,4291.025879,4247.820313,4264.615234,4292.307617,4293.205078,4292.94873,4270.769043,4591.538574,4555.256348,4433.461426,4476.666504,,,,,,,,,,,,,,,,,,,,,,,,,,,,,,,,,,,,,,,,,,,,,,,,,,,,,,,,,,,,,,,,,,,,,,
1769163809.016784,1769163809.017896,35.0,0.0,4349.871582,4280.0,4380.769043,4285.256348,4247.820313,4263.589844,4296.025879,4295.384766,4296.794922,4268.589844,4591.410156,4551.794922,4427.692383,4475.897461,,,,,,,,,,,,,,,,,,,,,,,,,,,,,,,,,,,,,,,,,,,,,,,,,,,,,,,,,,,,,,,,,,,,,,
1769163809.024592,1769163809.025505,36.0,0.0,4339.487305,4279.102539,4373.461426,4278.589844,4251.410156,4262.94873,4294.102539,4295.512695,4295.128418,4273.846191,4590.384766,4543.461426,4428.205078,4476.922852,,,,,,,,,,,,,,,,,,,,,,,,,,,,,,,,,,,,,,,,,,,,,,,,,,,,,,,,,,,,,,,,,,,,,,
1769163809.032401,1769163809.033314,37.0,0.0,4340.384766,4279.871582,4369.615234,4278.589844,4251.538574,4265.256348,4293.461426,4293.846191,4294.230957,4275.384766,4590.641113,4538.974121,4431.025879,4475.769043,,,,,,,,,,,,,,,,,,,,,,,,,,,,,,,,,,,,,,,,,,,,,,,,,,,,,,,,,,,,,,,,,,,,,,
1769163809.040209,1769163809.041022,38.0,0.0,4343.846191,4277.307617,4372.692383,4279.743652,4248.974121,4268.974121,4298.461426,4295.128418,4296.282227,4270.897461,4592.563965,4542.179688,4429.102539,4475.641113,,,,,,,,,,,,,,,,,,,,,,,,,,,,,,,,,,,,,,,,,,,,,,,,,,,,,,,,,,,,,,,,,,,,,,
1769163809.048018,1769163809.048831,39.0,0.0,4343.846191,4277.94873,4375.0,4280.128418,4248.589844,4266.794922,4297.307617,4295.0,4293.717773,4265.641113,4588.717773,4542.307617,4423.717773,4475.641113,,,,,,,,,,,,,,,,,,,,,,,,,,,,,,,,,,,,,,,,,,,,,,,,,,,,,,,,,,,,,,,,,,,,,,
1769163809.055826,1769163809.056439,40.0,0.0,4337.307617,4273.974121,4371.538574,4276.922852,4248.333496,4262.94873,4294.487305,4292.820313,4288.974121,4261.922852,4582.820313,4536.538574,4420.128418,4472.179688,,,,,,,,,,,,,,,,,,,,,,,,,,,,,,,,,,,,,,,,,,,,,,,,,,,,,,,,,,,,,,,,,,,,,,
1769163809.063635,1769163809.064248,41.0,0.0,4328.333496,4264.487305,4368.333496,4268.589844,4246.410156,4268.589844,4300.641113,4293.717773,4290.641113,4264.615234,4583.717773,4535.256348,4418.205078,4470.256348,,,,,,,,,,,,,,,,,,,,,,,,,,,,,,,,,,,,,,,,,,,,,,,,,,,,,,,,,,,,,,,,,,,,,,
1769163809.071443,1769163809.071956,42.0,0.0,4329.615234,4266.282227,4370.897461,4266.922852,4245.128418,4274.871582,4305.897461,4297.563965,4294.871582,4270.0,4586.666504,4538.589844,4419.358887,4473.205078,,,,,,,,,,,,,,,,,,,,,,,,,,,,,,,,,,,,,,,,,,,,,,,,,,,,,,,,,,,,,,,,,,,,,,
1769163809.079251,1769163809.079765,43.0,0.0,4339.871582,4276.794922,4372.94873,4275.256348,4245.128418,4267.436035,4298.717773,4297.820313,4296.538574,4272.563965,4586.922852,4540.256348,4425.256348,4476.153809,,,,,,,,,,,,,,,,,,,,,,,,,,,,,,,,,,,,,,,,,,,,,,,,,,,,,,,,,,,,,,,,,,,,,,
1769163809.08706,1769163809.087373,44.0,0.0,4345.769043,4281.794922,4374.871582,4280.512695,4245.256348,4260.0,4291.794922,4292.563965,4294.102539,4272.563965,4587.94873,4539.871582,4431.410156,4481.282227,,,,,,,,,,,,,,,,,,,,,,,,,,,,,,,,,,,,,,,,,,,,,,,,,,,,,,,,,,,,,,,,,,,,,,
1769163809.094868,1769163809.095182,45.0,0.0,4342.436035,4276.794922,4377.436035,4277.563965,4245.128418,4263.333496,4294.358887,4289.743652,4289.358887,4267.05127,4585.769043,4538.717773,4430.0,4483.717773,,,,,,,,,,,,,,,,,,,,,,,,,,,,,,,,,,,,,,,,,,,,,,,,,,,,,,,,,,,,,,,,,,,,,,
1769163809.102677,1769163809.10289,46.0,0.0,4331.025879,4268.974121,4374.102539,4274.871582,4245.769043,4263.846191,4295.0,4292.436035,4288.717773,4264.871582,4584.358887,4536.538574,4425.256348,4476.794922,0.163596,0.977643,0.244701,0.224682,0.257069,0.202128,0.466309,0.17221,0.234482,0.217376,0.111251,0.476015,0.12155,0.109373,0.136272,0.245135,0.464477,0.098741,0.111717,0.13294,0.050045,0.187011,0.070187,0.048522,0.02974,0.885013,0.571619,0.499888,0.124185,0.104358,0.086365,0.289603,0.274227,0.063743,0.053026,0.364663,0.293036,0.666336,0.031305,0.066448,0.153259,0.551989,0.516736,0.078846,0.116735,0.283566,0.480831,0.528045,0.164421,0.197436,0.467117,0.603649,0.210332,0.150201,0.142751,1.005415,1.157703,0.275127,0.119069,0.194568,0.429174,0.938021,0.274591,0.169812,0.247372,0.862154,0.551407,0.304536,0.235966,0.305912
1769163809.110485,1769163809.110699,47.0,0.0,4322.436035,4266.922852,4368.589844,4275.256348,4245.0,4259.743652,4292.436035,4296.153809,4292.692383,4266.922852,4584.615234,4534.230957,4425.0,4471.794922,,,,,,,,,,,,,,,,,,,,,,,,,,,,,,,,,,,,,,,,,,,,,,,,,,,,,,,,,,,,,,,,,,,,,,
1769163809.118294,1769163809.118707,48.0,0.0,4327.179688,4275.769043,4373.589844,4278.974121,4245.512695,4262.436035,4293.589844,4295.512695,4291.666504,4265.769043,4584.358887,4535.641113,4426.794922,4475.897461,,,,,,,,,,,,,,,,,,,,,,,,,,,,,,,,,,,,,,,,,,,,,,,,,,,,,,,,,,,,,,,,,,,,,,
1769163809.126102,1769163809.126515,49.0,0.0,4339.102539,4284.358887,4382.692383,4284.487305,4249.230957,4266.282227,4294.615234,4293.717773,4288.974121,4264.743652,4585.641113,4538.846191,4428.333496,4478.077148,,,,,,,,,,,,,,,,,,,,,,,,,,,,,,,,,,,,,,,,,,,,,,,,,,,,,,,,,,,,,,,,,,,,,,
1769163809.133911,1769163809.134424,50.0,0.0,4342.436035,4284.358887,4381.410156,4283.589844,4250.512695,4265.512695,4293.717773,4295.641113,4295.256348,4266.794922,4588.974121,4538.974121,4429.230957,4477.05127,,,,,,,,,,,,,,,,,,,,,,,,,,,,,,,,,,,,,,,,,,,,,,,,,,,,,,,,,,,,,,,,,,,,,,
1769163809.141719,1769163809.142232,51.0,0.0,4332.692383,4280.897461,4373.717773,4279.102539,4247.436035,4264.487305,4294.615234,4296.410156,4294.743652,4266.282227,4588.717773,4537.179688,4430.897461,4478.717773,,,,,,,,,,,,,,,,,,,,,,,,,,,,,,,,,,,,,,,,,,,,,,,,,,,,,,,,,,,,,,,,,,,,,,
1769163809.149527,1769163809.15024,52.0,0.0,4322.179688,4276.538574,4370.0,4278.205078,4245.384766,4264.487305,4296.282227,4294.871582,4283.461426,4262.692383,4585.256348,4536.025879,4429.871582,4477.307617,,,,,,,,,,,,,,,,,,,,,,,,,,,,,,,,,,,,,,,,,,,,,,,,,,,,,,,,,,,,,,,,,,,,,,
1769163809.157336,1769163809.158049,53.0,0.0,4324.358887,4280.256348,4374.102539,4281.410156,4247.820313,4265.512695,4295.641113,4295.384766,4283.205078,4260.256348,4584.743652,4536.153809,4425.512695,4472.563965,,,,,,,,,,,,,,,,,,,,,,,,,,,,,,,,,,,,,,,,,,,,,,,,,,,,,,,,,,,,,,,,,,,,,,
1769163809.165144,1769163809.165757,54.0,0.0,4329.102539,4285.897461,4380.256348,4283.077148,4249.743652,4266.922852,4295.128418,4297.179688,4292.307617,4260.641113,4586.538574,4537.692383,4426.794922,4476.922852,,,,,,,,,,,,,,,,,,,,,,,,,,,,,,,,,,,,,,,,,,,,,,,,,,,,,,,,,,,,,,,,,,,,,,
1769163809.172953,1769163809.173566,55.0,0.0,4327.05127,4282.563965,4380.128418,4281.538574,4248.333496,4263.717773,4293.846191,4296.922852,4294.102539,4264.871582,4588.846191,4540.769043,4435.0,4485.512695,,,,,,,,,,,,,,,,,,,,,,,,,,,,,,,,,,,,,,,,,,,,,,,,,,,,,,,,,,,,,,,,,,,,,,
1769163809.180761,1769163809.181574,56.0,0.0,4325.769043,4279.743652,4375.0,4279.871582,4245.769043,4261.153809,4293.846191,4295.384766,4287.179688,4267.05127,4587.05127,4541.282227,4434.487305,4482.05127,,,,,,,,,,,,,,,,,,,,,,,,,,,,,,,,,,,,,,,,,,,,,,,,,,,,,,,,,,,,,,,,,,,,,,
1769163809.18857,1769163809.189383,57.0,0.0,4320.897461,4279.487305,4369.871582,4279.102539,4241.666504,4264.743652,4297.179688,4295.256348,4281.153809,4260.769043,4578.717773,4536.282227,4422.563965,4472.307617,,,,,,,,,,,,,,,,,,,,,,,,,,,,,,,,,,,,,,,,,,,,,,,,,,,,,,,,,,,,,,,,,,,,,,
1769163809.196378,1769163809.197091,58.0,0.0,4314.230957,4276.025879,4373.077148,4277.692383,4240.128418,4263.717773,4296.922852,4296.282227,4281.922852,4258.717773,4580.256348,4535.128418,4420.512695,4472.05127,,,,,,,,,,,,,,,,,,,,,,,,,,,,,,,,,,,,,,,,,,,,,,,,,,,,,,,,,,,,,,,,,,,,,,
1769163809.204187,1769163809.2049,59.0,0.0,4314.743652,4279.871582,4379.871582,4279.615234,4244.102539,4257.179688,4292.94873,4296.538574,4290.512695,4268.205078,4591.153809,4540.0,4430.641113,4479.230957,,,,,,,,,,,,,,,,,,,,,,,,,,,,,,,,,,,,,,,,,,,,,,,,,,,,,,,,,,,,,,,,,,,,,,
1769163809.211995,1769163809.212508,60.0,0.0,4316.538574,4291.282227,4382.179688,4288.333496,4248.333496,4258.974121,4292.307617,4295.256348,4293.461426,4276.538574,4594.358887,4542.05127,4437.05127,4481.410156,,,,,,,,,,,,,,,,,,,,,,,,,,,,,,,,,,,,,,,,,,,,,,,,,,,,,,,,,,,,,,,,,,,,,,
1769163809.219803,1769163809.220317,61.0,0.0,4323.077148,4296.025879,4384.615234,4296.282227,4248.589844,4259.358887,4292.94873,4295.128418,4285.128418,4276.410156,4592.05127,4540.0,4436.666504,4478.333496,,,,,,,,,,,,,,,,,,,,,,,,,,,,,,,,,,,,,,,,,,,,,,,,,,,,,,,,,,,,,,,,,,,,,,
1769163809.227612,1769163809.228025,62.0,0.0,4327.179688,4295.384766,4390.256348,4296.282227,4248.846191,4251.794922,4292.820313,4296.538574,4280.512695,4271.666504,4591.153809,4538.846191,4432.820313,4477.436035,0.119619,0.98723,0.202912,0.183262,0.261127,0.179002,0.430022,0.125703,0.209827,0.224045,0.091129,0.45732,0.111436,0.094693,0.139379,0.230417,0.435594,0.111139,0.108297,0.129753,0.05198,0.178939,0.06655,0.044435,0.028411,1.003235,0.607485,0.461363,0.126396,0.109273,0.059698,0.323883,0.241855,0.063212,0.053111,0.438479,0.301347,0.604873,0.032126,0.065764,0.207822,0.459824,0.371575,0.078992,0.125571,0.308892,0.44451,0.452296,0.157787,0.186864,0.4515,0.584796,0.203029,0.176969,0.154848,1.098342,1.182696,0.248804,0.123054,0.192924,0.412652,0.896384,0.280091,0.153493,0.25714,0.829597,0.573736,0.339208,0.252748,0.340876
1769163809.23542,1769163809.235834,63.0,0.0,4316.922852,4292.436035,4390.769043,4292.179688,4249.743652,4253.077148,4293.846191,4296.282227,4281.794922,4266.282227,4587.820313,4538.974121,4428.974121,4479.230957,,,,,,,,,,,,,,,,,,,,,,,,,,,,,,,,,,,,,,,,,,,,,,,,,,,,,,,,,,,,,,,,,,,,,,
1769163809.243229,1769163809.243842,64.0,0.0,4307.563965,4286.794922,4387.05127,4291.282227,4247.692383,4261.794922,4293.717773,4295.641113,4281.538574,4263.846191,4584.871582,4536.922852,4429.102539,4476.922852,,,,,,,,,,,,,,,,,,,,,,,,,,,,,,,,,,,,,,,,,,,,,,,,,,,,,,,,,,,,,,,,,,,,,,
1769163809.251037,1769163809.25165,65.0,0.0,4312.563965,4283.717773,4386.922852,4293.717773,4246.282227,4263.461426,4293.846191,4296.538574,4280.128418,4263.974121,4586.794922,4538.077148,4429.358887,4474.102539,,,,,,,,,,,,,,,,,,,,,,,,,,,,,,,,,,,,,,,,,,,,,,,,,,,,,,,,,,,,,,,,,,,,,,
1769163809.258846,1769163809.259359,66.0,0.0,4309.615234,4280.128418,4387.307617,4293.846191,4245.384766,4261.153809,4294.358887,4296.538574,4280.897461,4263.205078,4586.794922,4538.077148,4427.563965,4477.94873,,,,,,,,,,,,,,,,,,,,,,,,,,,,,,,,,,,,,,,,,,,,,,,,,,,,,,,,,,,,,,,,,,,,,,
1769163809.266654,1769163809.267167,67.0,0.0,4297.820313,4279.358887,4385.512695,4292.05127,4245.128418,4261.922852,4292.820313,4296.153809,4280.128418,4261.153809,4580.769043,4529.358887,4419.871582,4471.794922,,,,,,,,,,,,,,,,,,,,,,,,,,,,,,,,,,,,,,,,,,,,,,,,,,,,,,,,,,,,,,,,,,,,,,
1769163809.274463,1769163809.274776,68.0,0.0,4299.615234,4286.666504,4386.666504,4293.717773,4248.589844,4264.487305,4293.846191,4297.307617,4280.256348,4262.179688,4577.307617,4526.153809,4414.102539,4462.307617,,,,,,,,,,,,,,,,,,,,,,,,,,,,,,,,,,,,,,,,,,,,,,,,,,,,,,,,,,,,,,,,,,,,,,
1769163809.282271,1769163809.282584,69.0,0.0,4300.897461,4287.820313,4389.487305,4295.256348,4251.282227,4266.153809,4297.563965,4296.153809,4281.410156,4265.256348,4582.563965,4535.256348,4422.563965,4469.358887,,,,,,,,,,,,,,,,,,,,,,,,,,,,,,,,,,,,,,,,,,,,,,,,,,,,,,,,,,,,,,,,,,,,,,
1769163809.290079,1769163809.290293,70.0,0.0,4293.717773,4283.205078,4389.102539,4291.794922,4249.743652,4263.846191,4295.128418,4295.897461,4280.769043,4267.94873,4588.717773,4539.615234,4431.025879,4476.922852,,,,,,,,,,,,,,,,,,,,,,,,,,,,,,,,,,,,,,,,,,,,,,,,,,,,,,,,,,,,,,,,,,,,,,
1769163809.297888,1769163809.298101,71.0,0.0,4292.179688,4288.205078,4387.307617,4291.153809,4247.94873,4258.846191,4290.512695,4301.666504,4289.358887,4272.94873,4588.205078,4538.846191,4428.717773,4473.589844,,,,,,,,,,,,,,,,,,,,,,,,,,,,,,,,,,,,,,,,,,,,,,,,,,,,,,,,,,,,,,,,,,,,,,
1769163809.305696,1769163809.30611,72.0,0.0,4296.025879,4295.641113,4386.538574,4295.256348,4248.974121,4257.820313,4288.717773,4302.307617,4294.615234,4276.025879,4586.922852,4540.897461,4428.589844,4474.487305,,,,,,,,,,,,,,,,,,,,,,,,,,,,,,,,,,,,,,,,,,,,,,,,,,,,,,,,,,,,,,,,,,,,,,
1769163809.313505,1769163809.313918,73.0,0.0,4300.128418,4294.358887,4386.282227,4298.077148,4248.205078,4254.230957,4288.461426,4294.615234,4285.512695,4271.025879,4585.641113,4536.410156,4429.615234,4477.94873,,,,,,,,,,,,,,,,,,,,,,,,,,,,,,,,,,,,,,,,,,,,,,,,,,,,,,,,,,,,,,,,,,,,,,
1769163809.321313,1769163809.321827,74.0,0.0,4302.307617,4292.820313,4391.538574,4297.563965,4246.410156,4249.743652,4290.769043,4292.692383,4281.025879,4265.0,4583.717773,4531.538574,4427.307617,4472.692383,,,,,,,,,,,,,,,,,,,,,,,,,,,,,,,,,,,,,,,,,,,,,,,,,,,,,,,,,,,,,,,,,,,,,,
1769163809.329122,1769163809.329635,75.0,0.0,4301.153809,4293.589844,4395.512695,4296.153809,4246.794922,4256.410156,4287.94873,4296.538574,4285.512695,4265.0,4584.871582,4536.282227,4430.641113,4475.512695,,,,,,,,,,,,,,,,,,,,,,,,,,,,,,,,,,,,,,,,,,,,,,,,,,,,,,,,,,,,,,,,,,,,,,
1769163809.33693,1769163809.337643,76.0,0.0,4296.410156,4292.563965,4389.358887,4294.871582,4247.436035,4263.717773,4282.820313,4297.05127,4281.153809,4263.717773,4582.436035,4538.333496,4425.641113,4478.333496,,,,,,,,,,,,,,,,,,,,,,,,,,,,,,,,,,,,,,,,,,,,,,,,,,,,,,,,,,,,,,,,,,,,,,
1769163809.344739,1769163809.345452,77.0,0.0,4295.769043,4291.538574,4385.256348,4295.0,4245.512695,4257.307617,4286.794922,4296.794922,4280.384766,4260.641113,4577.05127,4535.769043,4411.922852,4467.563965,,,,,,,,,,,,,,,,,,,,,,,,,,,,,,,,,,,,,,,,,,,,,,,,,,,,,,,,,,,,,,,,,,,,,,
1769163809.352547,1769163809.35336,78.0,0.0,4295.384766,4287.436035,4388.461426,4294.487305,4240.128418,4250.384766,4290.256348,4297.820313,4290.0,4263.589844,4581.282227,4535.897461,4418.589844,4468.333496,0.110372,0.956706,0.192817,0.157237,0.252833,0.158263,0.368088,0.097076,0.176789,0.219516,0.085549,0.423645,0.108291,0.087309,0.138694,0.239371,0.393013,0.126391,0.105314,0.122088,0.051538,0.159225,0.057403,0.038872,0.026731,1.010351,0.612585,0.38785,0.133008,0.118847,0.041631,0.335063,0.205937,0.065087,0.054532,0.491759,0.291003,0.490015,0.036046,0.064364,0.271999,0.389918,0.236206,0.079116,0.132796,0.339181,0.420125,0.366781,0.148599,0.176652,0.432348,0.532585,0.188987,0.208117,0.164508,1.114453,1.119775,0.208891,0.137267,0.186297,0.403691,0.814822,0.272314,0.143189,0.25231,0.793332,0.582497,0.35596,0.290559,0.358853
1769163809.360356,1769163809.361168,79.0,0.0,4290.384766,4282.307617,4387.94873,4292.436035,4234.871582,4251.922852,4284.615234,4297.05127,4287.05127,4266.794922,4583.333496,4535.897461,4427.820313,4475.769043,,,,,,,,,,,,,,,,,,,,,,,,,,,,,,,,,,,,,,,,,,,,,,,,,,,,,,,,,,,,,,,,,,,,,,
1769163809.368164,1769163809.368777,80.0,0.0,4287.05127,4280.128418,4387.563965,4292.436035,4234.615234,4251.794922,4279.102539,4295.769043,4276.538574,4262.692383,4574.487305,4535.0,4414.358887,4465.256348,,,,,,,,,,,,,,,,,,,,,,,,,,,,,,,,,,,,,,,,,,,,,,,,,,,,,,,,,,,,,,,,,,,,,,
1769163809.375973,1769163809.376586,81.0,0.0,4289.230957,4280.512695,4391.666504,4294.871582,4235.0,4249.358887,4282.179688,4293.846191,4280.128418,4261.025879,4572.436035,4535.384766,4409.871582,4461.538574,,,,,,,,,,,,,,,,,,,,,,,,,,,,,,,,,,,,,,,,,,,,,,,,,,,,,,,,,,,,,,,,,,,,,,
1769163809.383781,1769163809.384494,82.0,0.0,4292.307617,4282.563965,4392.179688,4295.641113,4233.717773,4248.461426,4287.05127,4296.025879,4290.256348,4263.589844,4579.615234,4535.128418,4423.461426,4473.077148,,,,,,,,,,,,,,,,,,,,,,,,,,,,,,,,,,,,,,,,,,,,,,,,,,,,,,,,,,,,,,,,,,,,,,
1769163809.39159,1769163809.392302,83.0,0.0,4290.897461,4283.205078,4390.897461,4295.769043,4239.871582,4250.897461,4287.179688,4298.589844,4290.512695,4264.615234,4582.820313,4535.256348,4426.025879,4471.025879,,,,,,,,,,,,,,,,,,,,,,,,,,,,,,,,,,,,,,,,,,,,,,,,,,,,,,,,,,,,,,,,,,,,,,
1769163809.399398,1769163809.399911,84.0,0.0,4288.589844,4282.179688,4392.05127,4296.538574,4247.05127,4253.717773,4285.0,4294.743652,4288.717773,4268.333496,4583.205078,4536.666504,4423.077148,4462.563965,,,,,,,,,,,,,,,,,,,,,,,,,,,,,,,,,,,,,,,,,,,,,,,,,,,,,,,,,,,,,,,,,,,,,,
1769163809.407206,1769163809.407719,85.0,0.0,4286.538574,4280.384766,4392.05127,4297.436035,4242.307617,4253.846191,4285.384766,4292.94873,4292.179688,4272.05127,4583.974121,4538.333496,4428.205078,4466.153809,,,,,,,,,,,,,,,,,,,,,,,,,,,,,,,,,,,,,,,,,,,,,,,,,,,,,,,,,,,,,,,,,,,,,,
1769163809.415015,1769163809.415428,86.0,0.0,4280.256348,4282.563965,4390.641113,4297.05127,4238.974121,4256.538574,4288.461426,4296.922852,4289.102539,4270.128418,4581.922852,4539.615234,4427.563965,4468.461426,,,,,,,,,,,,,,,,,,,,,,,,,,,,,,,,,,,,,,,,,,,,,,,,,,,,,,,,,,,,,,,,,,,,,,
1769163809.422823,1769163809.423236,87.0,0.0,4276.025879,4288.077148,4392.692383,4297.692383,4247.05127,4262.820313,4288.717773,4296.922852,4279.487305,4265.0,4581.922852,4539.615234,4424.487305,4469.743652,,,,,,,,,,,,,,,,,,,,,,,,,,,,,,,,,,,,,,,,,,,,,,,,,,,,,,,,,,,,,,,,,,,,,,
1769163809.430632,1769163809.430845,88.0,0.0,4280.128418,4288.461426,4394.487305,4300.384766,4248.974121,4263.461426,4286.410156,4293.461426,4280.641113,4266.282227,4583.974121,4539.615234,4426.410156,4474.743652,,,,,,,,,,,,,,,,,,,,,,,,,,,,,,,,,,,,,,,,,,,,,,,,,,,,,,,,,,,,,,,,,,,,,,
1769163809.43844,1769163809.438654,89.0,0.0,4282.179688,4281.922852,4391.025879,4299.230957,4237.692383,4258.461426,4288.205078,4296.153809,4291.922852,4273.589844,4584.358887,4540.256348,4426.794922,4474.743652,,,,,,,,,,,,,,,,,,,,,,,,,,,,,,,,,,,,,,,,,,,,,,,,,,,,,,,,,,,,,,,,,,,,,,
1769163809.446249,1769163809.446562,90.0,0.0,4274.487305,4279.487305,4387.563965,4293.717773,4231.025879,4257.563965,4290.641113,4296.538574,4294.487305,4276.025879,4586.282227,4538.846191,4426.666504,4472.820313,,,,,,,,,,,,,,,,,,,,,,,,,,,,,,,,,,,,,,,,,,,,,,,,,,,,,,,,,,,,,,,,,,,,,,
1769163809.454057,1769163809.45437,91.0,0.0,4267.436035,4282.05127,4388.974121,4292.563965,4234.487305,4259.358887,4286.794922,4294.230957,4290.897461,4273.461426,4586.410156,4538.077148,4427.436035,4473.205078,,,,,,,,,,,,,,,,,,,,,,,,,,,,,,,,,,,,,,,,,,,,,,,,,,,,,,,,,,,,,,,,,,,,,,
1769163809.461866,1769163809.462379,92.0,0.0,4265.512695,4279.871582,4391.538574,4297.436035,4235.384766,4260.384766,4284.615234,4297.692383,4293.717773,4273.846191,4585.897461,4539.615234,4426.794922,4475.512695,,,,,,,,,,,,,,,,,,,,,,,,,,,,,,,,,,,,,,,,,,,,,,,,,,,,,,,,,,,,,,,,,,,,,,
1769163809.469674,1769163809.470187,93.0,0.0,4268.974121,4280.897461,4392.820313,4302.179688,4236.794922,4263.205078,4291.025879,4300.512695,4296.153809,4278.077148,4588.077148,4540.641113,4426.538574,4477.179688,,,,,,,,,,,,,,,,,,,,,,,,,,,,,,,,,,,,,,,,,,,,,,,,,,,,,,,,,,,,,,,,,,,,,,
1769163809.477482,1769163809.477896,94.0,0.0,4273.077148,4287.563965,4396.153809,4307.563965,4243.974121,4264.871582,4293.333496,4298.974121,4294.358887,4279.615234,4588.717773,4541.025879,4430.0,4477.05127,0.118799,0.881897,0.193966,0.158447,0.235408,0.153123,0.300388,0.084197,0.147125,0.205677,0.091011,0.377512,0.107316,0.087588,0.13473,0.264157,0.347492,0.139729,0.103311,0.110937,0.052434,0.133966,0.045518,0.033365,0.024611,0.891739,0.581891,0.302307,0.138675,0.127936,0.034425,0.320398,0.172345,0.068681,0.055504,0.504453,0.259906,0.350004,0.042356,0.062353,0.318274,0.348397,0.139994,0.081237,0.132836,0.348055,0.403144,0.294316,0.139656,0.164876,0.383157,0.454435,0.173349,0.233947,0.170085,1.026306,0.975372,0.165175,0.155271,0.176802,0.370939,0.714015,0.253232,0.136927,0.235219,0.715945,0.574648,0.344789,0.327044,0.350402
1769163809.485291,1769163809.485704,95.0,0.0,4270.0,4286.153809,4397.436035,4310.641113,4247.692383,4263.589844,4288.205078,4296.794922,4293.205078,4280.512695,4585.897461,4542.436035,4431.025879,4476.153809,,,,,,,,,,,,,,,,,,,,,,,,,,,,,,,,,,,,,,,,,,,,,,,,,,,,,,,,,,,,,,,,,,,,,,
1769163809.493099,1769163809.493313,96.0,0.0,4262.692383,4279.358887,4391.922852,4308.846191,4242.563965,4262.563965,4288.333496,4295.384766,4288.333496,4277.179688,4579.743652,4539.743652,4419.743652,4465.512695,,,,,,,,,,,,,,,,,,,,,,,,,,,,,,,,,,,,,,,,,,,,,,,,,,,,,,,,,,,,,,,,,,,,,,
1769163809.500908,1769163809.501121,97.0,0.0,4262.563965,4280.128418,4389.230957,4309.487305,4236.025879,4263.461426,4293.205078,4294.615234,4284.743652,4271.666504,4578.333496,4535.512695,4413.846191,4458.589844,,,,,,,,,,,,,,,,,,,,,,,,,,,,,,,,,,,,,,,,,,,,,,,,,,,,,,,,,,,,,,,,,,,,,,
1769163809.508716,1769163809.50883,98.0,0.0,4267.05127,4282.692383,4391.538574,4312.05127,4233.589844,4259.615234,4289.102539,4295.897461,4292.179688,4276.538574,4586.410156,4537.563965,4427.94873,4473.461426,,,,,,,,,,,,,,,,,,,,,,,,,,,,,,,,,,,,,,,,,,,,,,,,,,,,,,,,,,,,,,,,,,,,,,
1769163809.516525,1769163809.516638,99.0,0.0,4263.077148,4278.717773,4391.025879,4309.871582,4234.743652,4255.256348,4280.512695,4295.897461,4295.256348,4280.512695,4591.666504,4539.615234,4433.717773,4481.153809,,,,,,,,,,,,,,,,,,,,,,,,,,,,,,,,,,,,,,,,,,,,,,,,,,,,,,,,,,,,,,,,,,,,,,
1769163809.524333,1769163809.524646,100.0,0.0,4255.128418,4275.384766,4392.05127,4308.974121,4236.538574,4258.461426,4285.0,4295.128418,4289.615234,4275.897461,4586.282227,4538.205078,4421.153809,4464.871582,,,,,,,,,,,,,,,,,,,,,,,,,,,,,,,,,,,,,,,,,,,,,,,,,,,,,,,,,,,,,,,,,,,,,,
1769163809.532142,1769163809.532455,101.0,0.0,4256.538574,4278.717773,4396.025879,4314.743652,4235.384766,4262.820313,4296.666504,4295.512695,4290.384766,4272.692383,4584.230957,4538.589844,4419.487305,4460.897461,,,,,,,,,,,,,,,,,,,,,,,,,,,,,,,,,,,,,,,,,,,,,,,,,,,,,,,,,,,,,,,,,,,,,,
1769163809.53995,1769163809.540363,102.0,0.0,4261.538574,4280.641113,4393.461426,4319.743652,4233.717773,4263.717773,4294.615234,4295.769043,4294.230957,4270.256348,4591.153809,4542.05127,4428.589844,4475.769043,,,,,,,,,,,,,,,,,,,,,,,,,,,,,,,,,,,,,,,,,,,,,,,,,,,,,,,,,,,,,,,,,,,,,,
1769163809.547758,1769163809.548172,103.0,0.0,4253.846191,4275.897461,4387.436035,4318.077148,4233.589844,4263.974121,4290.0,4302.436035,4293.077148,4266.922852,4593.077148,4542.307617,4428.589844,4476.538574,,,,,,,,,,,,,,,,,,,,,,,,,,,,,,,,,,,,,,,,,,,,,,,,,,,,,,,,,,,,,,,,,,,,,,
1769163809.555567,1769163809.55618,104.0,0.0,4246.538574,4275.384766,4390.0,4318.846191,4233.589844,4265.128418,4294.871582,4309.487305,4293.461426,4273.333496,4588.205078,4540.769043,4427.563965,4470.128418,,,,,,,,,,,,,,,,,,,,,,,,,,,,,,,,,,,,,,,,,,,,,,,,,,,,,,,,,,,,,,,,,,,,,,
1769163809.563375,1769163809.563988,105.0,0.0,4256.282227,4280.769043,4397.05127,4324.487305,4234.615234,4266.794922,4296.410156,4307.436035,4294.743652,4280.128418,4587.307617,4545.897461,4431.410156,4473.974121,,,,,,,,,,,,,,,,,,,,,,,,,,,,,,,,,,,,,,,,,,,,,,,,,,,,,,,,,,,,,,,,,,,,,,
1769163809.571184,1769163809.571697,106.0,0.0,4264.743652,4282.05127,4401.282227,4328.974121,4236.153809,4264.102539,4292.436035,4303.333496,4294.102539,4273.077148,4595.384766,4554.871582,4432.179688,4479.871582,,,,,,,,,,,,,,,,,,,,,,,,,,,,,,,,,,,,,,,,,,,,,,,,,,,,,,,,,,,,,,,,,,,,,,
1769163809.578992,1769163809.579505,107.0,0.0,4265.512695,4286.922852,4404.102539,4332.820313,4236.282227,4259.871582,4292.307617,4301.153809,4294.230957,4273.077148,4599.230957,4554.871582,4431.538574,4480.128418,,,,,,,,,,,,,,,,,,,,,,,,,,,,,,,,,,,,,,,,,,,,,,,,,,,,,,,,,,,,,,,,,,,,,,
1769163809.586801,1769163809.587114,108.0,0.0,4262.05127,4292.436035,4402.563965,4337.94873,4235.897461,4260.641113,4291.666504,4297.179688,4294.487305,4279.102539,4590.769043,4544.871582,4431.666504,4478.205078,,,,,,,,,,,,,,,,,,,,,,,,,,,,,,,,,,,,,,,,,,,,,,,,,,,,,,,,,,,,,,,,,,,,,,
1769163809.594609,1769163809.594922,109.0,0.0,4251.666504,4285.128418,4398.846191,4339.487305,4236.666504,4264.230957,4287.436035,4295.0,4293.717773,4272.436035,4584.743652,4538.974121,4430.769043,4477.179688,,,,,,,,,,,,,,,,,,,,,,,,,,,,,,,,,,,,,,,,,,,,,,,,,,,,,,,,,,,,,,,,,,,,,,
1769163809.602418,1769163809.602631,110.0,0.0,4246.282227,4278.717773,4398.461426,4339.743652,4235.769043,4263.974121,4286.153809,4296.538574,4293.846191,4268.333496,4588.077148,4540.897461,4430.384766,4477.436035,0.149345,0.770555,0.192997,0.192789,0.213894,0.170494,0.250515,0.085987,0.132233,0.185569,0.103804,0.324916,0.106706,0.096413,0.128824,0.302731,0.310402,0.146452,0.104224,0.097743,0.060749,0.113368,0.035125,0.029887,0.022587,0.687417,0.520346,0.227874,0.138051,0.132071,0.036341,0.28585,0.143517,0.071746,0.054901,0.468139,0.215631,0.217773,0.049847,0.059851,0.326876,0.327382,0.088384,0.088525,0.125477,0.327487,0.384914,0.246681,0.134772,0.149874,0.301051,0.363932,0.161155,0.247102,0.169975,0.849861,0.779331,0.129105,0.172055,0.166275,0.302995,0.615207,0.229394,0.135779,0.212416,0.596388,0.547584,0.307038,0.345679,0.315371
1769163809.610226,1769163809.610439,111.0,0.0,4250.512695,4281.922852,4397.563965,4341.538574,4231.794922,4261.922852,4289.358887,4297.820313,4293.333496,4273.589844,4590.384766,4541.794922,4429.615234,4477.94873,,,,,,,,,,,,,,,,,,,,,,,,,,,,,,,,,,,,,,,,,,,,,,,,,,,,,,,,,,,,,,,,,,,,,,
1769163809.618034,1769163809.618048,112.0,0.0,4249.487305,4279.230957,4394.743652,4338.717773,4229.615234,4261.282227,4290.512695,4296.410156,4291.538574,4272.820313,4586.922852,4539.230957,4428.461426,4475.0,,,,,,,,,,,,,,,,,,,,,,,,,,,,,,,,,,,,,,,,,,,,,,,,,,,,,,,,,,,,,,,,,,,,,,
1769163809.625843,1769163809.625856,113.0,0.0,4247.94873,4277.307617,4396.153809,4337.307617,4229.358887,4260.384766,4290.128418,4293.974121,4292.94873,4269.743652,4585.897461,4539.487305,4428.461426,4469.487305,,,,,,,,,,,,,,,,,,,,,,,,,,,,,,,,,,,,,,,,,,,,,,,,,,,,,,,,,,,,,,,,,,,,,,
1769163809.633651,1769163809.633565,114.0,0.0,4248.461426,4280.384766,4396.794922,4342.692383,4230.0,4263.461426,4293.974121,4297.563965,4295.641113,4268.717773,4589.487305,4541.153809,4428.461426,4464.358887,,,,,,,,,,,,,,,,,,,,,,,,,,,,,,,,,,,,,,,,,,,,,,,,,,,,,,,,,,,,,,,,,,,,,,
1769163809.64146,1769163809.641373,115.0,0.0,4236.794922,4269.871582,4389.102539,4337.179688,4230.384766,4268.461426,4296.794922,4302.692383,4295.641113,4264.615234,4589.230957,4537.179688,4428.077148,4461.538574,,,,,,,,,,,,,,,,,,,,,,,,,,,,,,,,,,,,,,,,,,,,,,,,,,,,,,,,,,,,,,,,,,,,,,
1769163809.649269,1769163809.649382,116.0,0.0,4224.743652,4258.717773,4385.0,4327.307617,4226.922852,4267.820313,4295.897461,4304.615234,4294.615234,4267.692383,4584.230957,4534.615234,4425.897461,4465.384766,,,,,,,,,,,,,,,,,,,,,,,,,,,,,,,,,,,,,,,,,,,,,,,,,,,,,,,,,,,,,,,,,,,,,,
1769163809.657077,1769163809.65719,117.0,0.0,4231.153809,4269.487305,4392.179688,4333.717773,4223.589844,4261.922852,4294.102539,4308.461426,4296.282227,4280.0,4589.743652,4539.230957,4427.94873,4474.102539,,,,,,,,,,,,,,,,,,,,,,,,,,,,,,,,,,,,,,,,,,,,,,,,,,,,,,,,,,,,,,,,,,,,,,
1769163809.664885,1769163809.665098,118.0,0.0,4239.871582,4281.666504,4398.333496,4345.256348,4225.897461,4260.384766,4293.205078,4306.025879,4298.974121,4283.717773,4600.769043,4543.077148,4438.333496,4479.743652,,,,,,,,,,,,,,,,,,,,,,,,,,,,,,,,,,,,,,,,,,,,,,,,,,,,,,,,,,,,,,,,,,,,,,
1769163809.672694,1769163809.672907,119.0,0.0,4237.307617,4278.974121,4396.666504,4343.846191,4228.205078,4266.282227,4295.512695,4295.512695,4295.897461,4280.0,4596.282227,4541.153809,4441.538574,4478.589844,,,,,,,,,,,,,,,,,,,,,,,,,,,,,,,,,,,,,,,,,,,,,,,,,,,,,,,,,,,,,,,,,,,,,,
1769163809.680502,1769163809.680516,120.0,0.0,4233.974121,4276.666504,4391.153809,4341.282227,4225.512695,4266.025879,4295.256348,4292.563965,4285.769043,4274.871582,4587.179688,4538.589844,4432.436035,4476.025879,,,,,,,,,,,,,,,,,,,,,,,,,,,,,,,,,,,,,,,,,,,,,,,,,,,,,,,,,,,,,,,,,,,,,,
1769163809.688311,1769163809.688324,121.0,0.0,4233.205078,4278.077148,4388.589844,4343.461426,4225.512695,4257.436035,4289.230957,4294.871582,4280.641113,4269.743652,4587.436035,4539.615234,4428.589844,4475.512695,,,,,,,,,,,,,,,,,,,,,,,,,,,,,,,,,,,,,,,,,,,,,,,,,,,,,,,,,,,,,,,,,,,,,,
1769163809.696119,1769163809.696033,122.0,0.0,4233.589844,4277.05127,4390.128418,4341.794922,4224.102539,4256.538574,4286.538574,4294.102539,4284.487305,4268.974121,4589.102539,4538.077148,4431.153809,4475.897461,,,,,,,,,,,,,,,,,,,,,,,,,,,,,,,,,,,,,,,,,,,,,,,,,,,,,,,,,,,,,,,,,,,,,,
1769163809.703928,1769163809.703841,123.0,0.0,4231.922852,4273.205078,4389.358887,4339.487305,4221.153809,4265.512695,4292.94873,4295.128418,4285.512695,4267.820313,4582.820313,4530.641113,4426.410156,4470.256348,,,,,,,,,,,,,,,,,,,,,,,,,,,,,,,,,,,,,,,,,,,,,,,,,,,,,,,,,,,,,,,,,,,,,,
1769163809.711736,1769163809.711849,124.0,0.0,4224.230957,4267.692383,4387.563965,4343.077148,4225.512695,4267.692383,4295.512695,4294.358887,4278.333496,4262.179688,4573.461426,4521.922852,4422.307617,4458.461426,,,,,,,,,,,,,,,,,,,,,,,,,,,,,,,,,,,,,,,,,,,,,,,,,,,,,,,,,,,,,,,,,,,,,,
1769163809.719545,1769163809.719658,125.0,0.0,4222.94873,4266.025879,4388.974121,4343.974121,4226.922852,4262.179688,4288.974121,4291.410156,4278.461426,4266.153809,4573.846191,4522.307617,4427.179688,4456.153809,,,,,,,,,,,,,,,,,,,,,,,,,,,,,,,,,,,,,,,,,,,,,,,,,,,,,,,,,,,,,,,,,,,,,,
1769163809.727353,1769163809.727566,126.0,0.0,4227.179688,4273.461426,4390.0,4342.436035,4219.615234,4261.666504,4287.94873,4295.256348,4289.615234,4275.384766,4584.743652,4533.077148,4430.897461,4463.333496,0.195758,0.646268,0.185799,0.253559,0.192783,0.207086,0.240393,0.102669,0.137208,0.162787,0.126832,0.275861,0.108749,0.113397,0.12191,0.330041,0.290598,0.145133,0.109089,0.084242,0.077874,0.109625,0.03387,0.030764,0.021866,0.467466,0.44283,0.179802,0.129194,0.129306,0.044187,0.244591,0.119895,0.071406,0.053283,0.388726,0.171898,0.118584,0.057113,0.056959,0.297096,0.311486,0.071171,0.103275,0.11525,0.282278,0.363382,0.221314,0.135082,0.131965,0.20651,0.280826,0.154358,0.243192,0.163432,0.630815,0.577243,0.109025,0.183303,0.155047,0.222535,0.535243,0.208961,0.137751,0.192074,0.464605,0.503168,0.253355,0.335885,0.263764
1769163809.735161,1769163809.735374,127.0,0.0,4224.230957,4278.846191,4388.846191,4346.794922,4216.410156,4261.666504,4293.333496,4298.717773,4290.256348,4271.538574,4588.589844,4535.769043,4429.487305,4462.692383,,,,,,,,,,,,,,,,,,,,,,,,,,,,,,,,,,,,,,,,,,,,,,,,,,,,,,,,,,,,,,,,,,,,,,
1769163809.74297,1769163809.743383,0.0,0.0,4218.205078,4277.179688,4391.666504,4350.384766,4220.384766,4257.820313,4294.615234,4296.282227,4279.230957,4265.769043,4583.461426,4529.230957,4427.179688,4459.871582,,,,,,,,,,,,,,,,,,,,,,,,,,,,,,,,,,,,,,,,,,,,,,,,,,,,,,,,,,,,,,,,,,,,,,
1769163809.750778,1769163809.751191,1.0,0.0,4217.94873,4276.153809,4394.615234,4345.769043,4220.897461,4257.05127,4292.307617,4295.769043,4282.94873,4272.94873,4584.615234,4531.410156,4427.307617,4467.692383,,,,,,,,,,,,,,,,,,,,,,,,,,,,,,,,,,,,,,,,,,,,,,,,,,,,,,,,,,,,,,,,,,,,,,
1769163809.758587,1769163809.7591,2.0,0.0,4216.922852,4273.589844,4391.153809,4340.512695,4217.820313,4258.589844,4290.641113,4297.563965,4295.128418,4277.692383,4586.794922,4538.717773,4428.717773,4472.436035,,,,,,,,,,,,,,,,,,,,,,,,,,,,,,,,,,,,,,,,,,,,,,,,,,,,,,,,,,,,,,,,,,,,,,
1769163809.766395,1769163809.766908,3.0,0.0,4218.077148,4268.974121,4387.436035,4344.871582,4215.769043,4258.077148,4288.589844,4296.153809,4287.436035,4273.974121,4583.717773,4536.794922,4430.0,4463.974121,,,,,,,,,,,,,,,,,,,,,,,,,,,,,,,,,,,,,,,,,,,,,,,,,,,,,,,,,,,,,,,,,,,,,,
1769163809.774204,1769163809.774916,4.0,0.0,4220.512695,4266.282227,4388.461426,4350.256348,4215.128418,4258.333496,4289.358887,4293.077148,4276.538574,4272.436035,4582.692383,4533.077148,4428.077148,4458.077148,,,,,,,,,,,,,,,,,,,,,,,,,,,,,,,,,,,,,,,,,,,,,,,,,,,,,,,,,,,,,,,,,,,,,,
1769163809.782012,1769163809.782725,5.0,0.0,4216.794922,4266.538574,4390.769043,4346.922852,4217.820313,4261.538574,4293.846191,4295.0,4282.820313,4276.282227,4584.615234,4537.436035,4426.282227,4468.077148,,,,,,,,,,,,,,,,,,,,,,,,,,,,,,,,,,,,,,,,,,,,,,,,,,,,,,,,,,,,,,,,,,,,,,
1769163809.789821,1769163809.790433,6.0,0.0,4215.641113,4267.179688,4388.333496,4342.05127,4218.589844,4262.436035,4294.230957,4297.436035,4285.641113,4278.717773,4584.358887,4536.538574,4425.897461,4474.743652,,,,,,,,,,,,,,,,,,,,,,,,,,,,,,,,,,,,,,,,,,,,,,,,,,,,,,,,,,,,,,,,,,,,,,
1769163809.797629,1769163809.798242,7.0,0.0,4213.461426,4265.512695,4384.615234,4342.436035,4219.230957,4261.153809,4292.94873,4294.230957,4278.717773,4276.282227,4578.974121,4530.256348,4422.563965,4465.897461,,,,,,,,,,,,,,,,,,,,,,,,,,,,,,,,,,,,,,,,,,,,,,,,,,,,,,,,,,,,,,,,,,,,,,
1769163809.805437,1769163809.80585,8.0,0.0,4208.589844,4261.922852,4387.563965,4343.589844,4219.358887,4262.307617,4295.0,4292.692383,4277.179688,4266.410156,4570.384766,4523.974121,4414.743652,4457.820313,,,,,,,,,,,,,,,,,,,,,,,,,,,,,,,,,,,,,,,,,,,,,,,,,,,,,,,,,,,,,,,,,,,,,,
1769163809.813246,1769163809.813659,9.0,0.0,4211.666504,4260.641113,4393.846191,4340.512695,4217.820313,4263.589844,4296.025879,4295.256348,4280.384766,4260.384766,4568.205078,4521.282227,4407.563965,4458.846191,,,,,,,,,,,,,,,,,,,,,,,,,,,,,,,,,,,,,,,,,,,,,,,,,,,,,,,,,,,,,,,,,,,,,,
1769163809.821054,1769163809.821367,10.0,0.0,4213.974121,4262.436035,4394.102539,4340.0,4218.205078,4261.025879,4290.769043,4295.897461,4280.641113,4268.846191,4576.282227,4530.512695,4413.461426,4466.282227,,,,,,,,,,,,,,,,,,,,,,,,,,,,,,,,,,,,,,,,,,,,,,,,,,,,,,,,,,,,,,,,,,,,,,
1769163809.828863,1769163809.829176,11.0,0.0,4206.025879,4263.589844,4390.128418,4342.179688,4220.128418,4259.358887,4286.794922,4295.384766,4279.358887,4273.974121,4583.205078,4538.205078,4426.794922,4474.615234,,,,,,,,,,,,,,,,,,,,,,,,,,,,,,,,,,,,,,,,,,,,,,,,,,,,,,,,,,,,,,,,,,,,,,
1769163809.836671,1769163809.836784,12.0,0.0,4200.384766,4263.205078,4386.922852,4343.077148,4218.974121,4262.05127,4291.794922,4296.153809,4279.487305,4268.717773,4582.307617,4531.025879,4425.769043,4476.538574,,,,,,,,,,,,,,,,,,,,,,,,,,,,,,,,,,,,,,,,,,,,,,,,,,,,,,,,,,,,,,,,,,,,,,
1769163809.84448,1769163809.844593,13.0,0.0,4201.153809,4262.820313,4386.666504,4343.974121,4217.307617,4263.589844,4291.410156,4296.282227,4280.769043,4269.871582,4580.641113,4523.461426,4412.94873,4471.410156,,,,,,,,,,,,,,,,,,,,,,,,,,,,,,,,,,,,,,,,,,,,,,,,,,,,,,,,,,,,,,,,,,,,,,
1769163809.852288,1769163809.852501,14.0,0.0,4201.666504,4263.589844,4388.461426,4344.230957,4217.436035,4263.205078,4284.615234,4296.538574,4282.563965,4276.794922,4582.563965,4526.922852,4413.974121,4472.307617,0.26968,0.540654,0.173441,0.32366,0.174822,0.250106,0.280509,0.129149,0.157797,0.140473,0.143427,0.240762,0.113908,0.135016,0.113588,0.3372,0.291113,0.137494,0.116659,0.072119,0.107293,0.128981,0.04826,0.037765,0.023498,0.302914,0.365943,0.160451,0.11452,0.120701,0.057883,0.209492,0.099606,0.066613,0.052719,0.290663,0.142749,0.059462,0.06298,0.053615,0.240542,0.288632,0.071399,0.124671,0.107761,0.240045,0.346979,0.206845,0.139931,0.113937,0.132298,0.224904,0.14888,0.223311,0.152033,0.4313,0.413908,0.10306,0.187195,0.142314,0.158814,0.484166,0.196067,0.139367,0.180944,0.359438,0.453918,0.19733,0.298897,0.212602
1769163809.860097,1769163809.86031,15.0,0.0,4202.307617,4264.487305,4386.666504,4343.205078,4218.077148,4263.589844,4287.563965,4298.205078,4283.333496,4275.641113,4585.897461,4528.846191,4421.666504,4477.820313,,,,,,,,,,,,,,,,,,,,,,,,,,,,,,,,,,,,,,,,,,,,,,,,,,,,,,,,,,,,,,,,,,,,,,
1769163809.867905,1769163809.868318,16.0,0.0,4197.307617,4261.922852,4381.666504,4341.922852,4217.692383,4264.743652,4294.230957,4297.179688,4281.666504,4268.077148,4583.333496,4523.974121,4415.769043,4471.922852,,,,,,,,,,,,,,,,,,,,,,,,,,,,,,,,,,,,,,,,,,,,,,,,,,,,,,,,,,,,,,,,,,,,,,
1769163809.875713,1769163809.876126,17.0,0.0,4189.358887,4260.641113,4380.641113,4343.077148,4215.897461,4265.256348,4293.205078,4295.897461,4278.589844,4264.615234,4575.256348,4521.153809,4409.487305,4464.615234,,,,,,,,,,,,,,,,,,,,,,,,,,,,,,,,,,,,,,,,,,,,,,,,,,,,,,,,,,,,,,,,,,,,,,
1769163809.883522,1769163809.883835,18.0,0.0,4185.384766,4260.897461,4381.666504,4342.179688,4213.717773,4264.358887,4292.94873,4295.128418,4278.205078,4264.487305,4569.871582,4520.897461,4411.666504,4463.846191,,,,,,,,,,,,,,,,,,,,,,,,,,,,,,,,,,,,,,,,,,,,,,,,,,,,,,,,,,,,,,,,,,,,,,
1769163809.89133,1769163809.891643,19.0,0.0,4184.102539,4260.384766,4380.384766,4340.256348,4214.487305,4265.0,4292.05127,4293.077148,4278.846191,4264.230957,4569.102539,4516.538574,4409.743652,4460.256348,,,,,,,,,,,,,,,,,,,,,,,,,,,,,,,,,,,,,,,,,,,,,,,,,,,,,,,,,,,,,,,,,,,,,,
1769163809.899139,1769163809.899652,20.0,0.0,4189.487305,4268.589844,4379.358887,4345.897461,4217.05127,4264.743652,4288.717773,4293.846191,4279.358887,4268.589844,4574.358887,4516.025879,4415.128418,4462.179688,,,,,,,,,,,,,,,,,,,,,,,,,,,,,,,,,,,,,,,,,,,,,,,,,,,,,,,,,,,,,,,,,,,,,,
1769163809.906947,1769163809.90746,21.0,0.0,4201.282227,4281.282227,4383.717773,4355.384766,4217.436035,4263.077148,4292.307617,4297.692383,4281.922852,4274.102539,4583.717773,4528.205078,4429.743652,4475.641113,,,,,,,,,,,,,,,,,,,,,,,,,,,,,,,,,,,,,,,,,,,,,,,,,,,,,,,,,,,,,,,,,,,,,,
1769163809.914756,1769163809.915368,22.0,0.0,4203.974121,4280.512695,4391.922852,4358.717773,4216.410156,4269.230957,4294.487305,4297.05127,4281.922852,4271.282227,4583.846191,4535.0,4427.94873,4479.487305,,,,,,,,,,,,,,,,,,,,,,,,,,,,,,,,,,,,,,,,,,,,,,,,,,,,,,,,,,,,,,,,,,,,,,
1769163809.922564,1769163809.923177,23.0,0.0,4199.871582,4274.102539,4395.128418,4356.538574,4215.897461,4272.692383,4290.128418,4293.846191,4280.0,4268.461426,4578.461426,4527.307617,4419.230957,4474.358887,,,,,,,,,,,,,,,,,,,,,,,,,,,,,,,,,,,,,,,,,,,,,,,,,,,,,,,,,,,,,,,,,,,,,,
1769163809.930373,1769163809.931185,24.0,0.0,4201.025879,4276.282227,4391.666504,4356.666504,4215.897461,4265.641113,4290.641113,4294.615234,4282.692383,4274.358887,4580.128418,4522.307617,4426.282227,4480.512695,,,,,,,,,,,,,,,,,,,,,,,,,,,,,,,,,,,,,,,,,,,,,,,,,,,,,,,,,,,,,,,,,,,,,,
1769163809.938181,1769163809.938994,25.0,0.0,4196.025879,4278.205078,4386.922852,4357.94873,4216.666504,4268.717773,4295.128418,4297.179688,4283.077148,4274.102539,4580.512695,4522.307617,4427.563965,4481.666504,,,,,,,,,,,,,,,,,,,,,,,,,,,,,,,,,,,,,,,,,,,,,,,,,,,,,,,,,,,,,,,,,,,,,,
1769163809.945989,1769163809.946902,26.0,0.0,4189.743652,4274.102539,4388.974121,4357.436035,4217.692383,4279.743652,4296.666504,4300.128418,4280.0,4268.974121,4579.230957,4525.128418,4418.333496,4476.410156,,,,,,,,,,,,,,,,,,,,,,,,,,,,,,,,,,,,,,,,,,,,,,,,,,,,,,,,,,,,,,,,,,,,,,
1769163809.953798,1769163809.95471,27.0,0.0,4197.563965,4275.641113,4396.025879,4358.589844,4217.179688,4276.666504,4294.871582,4304.871582,4287.436035,4275.641113,4587.436035,4538.077148,4420.897461,4482.05127,,,,,,,,,,,,,,,,,,,,,,,,,,,,,,,,,,,,,,,,,,,,,,,,,,,,,,,,,,,,,,,,,,,,,,
1769163809.961606,1769163809.962319,28.0,0.0,4199.358887,4277.820313,4395.512695,4360.0,4215.512695,4270.897461,4293.589844,4307.692383,4295.0,4278.333496,4587.94873,4541.282227,4423.974121,4483.461426,,,,,,,,,,,,,,,,,,,,,,,,,,,,,,,,,,,,,,,,,,,,,,,,,,,,,,,,,,,,,,,,,,,,,,
1769163809.969415,1769163809.970127,29.0,0.0,4187.436035,4270.128418,4388.077148,4355.641113,4215.897461,4273.589844,4295.0,4304.230957,4288.717773,4269.230957,4575.128418,4525.641113,4415.256348,4474.743652,,,,,,,,,,,,,,,,,,,,,,,,,,,,,,,,,,,,,,,,,,,,,,,,,,,,,,,,,,,,,,,,,,,,,,
1769163809.977224,1769163809.977836,30.0,0.0,4182.436035,4262.05127,4386.025879,4351.794922,4216.410156,4276.794922,4297.307617,4297.94873,4282.94873,4264.487305,4569.230957,4520.128418,4411.025879,4472.692383,0.351911,0.475308,0.158372,0.38454,0.161593,0.28857,0.36481,0.158427,0.184704,0.121458,0.165403,0.225919,0.120323,0.155837,0.103237,0.321204,0.309285,0.126875,0.124541,0.062925,0.134392,0.167107,0.079251,0.050676,0.027837,0.228354,0.302005,0.164006,0.098255,0.109131,0.075063,0.188226,0.084533,0.058761,0.055316,0.194193,0.141529,0.035108,0.067498,0.049649,0.176101,0.262488,0.079773,0.148035,0.106943,0.213733,0.349465,0.198064,0.148005,0.099226,0.086918,0.210037,0.142958,0.194424,0.139303,0.287847,0.314763,0.102844,0.184298,0.127121,0.131509,0.465404,0.192112,0.138507,0.181245,0.289102,0.423187,0.156444,0.247126,0.177369
1769163809.985032,1769163809.985644,31.0,0.0,4186.410156,4266.410156,4388.974121,4354.487305,4214.615234,4277.820313,4295.641113,4297.307617,4285.384766,4266.282227,4573.333496,4526.025879,4412.94873,4476.666504,,,,,,,,,,,,,,,,,,,,,,,,,,,,,,,,,,,,,,,,,,,,,,,,,,,,,,,,,,,,,,,,,,,,,,
1769163809.99284,1769163809.993253,32.0,0.0,4186.922852,4273.974121,4389.230957,4357.820313,4214.358887,4271.153809,4293.589844,4304.358887,4291.282227,4270.256348,4574.743652,4525.256348,4412.94873,4476.538574,,,,,,,,,,,,,,,,,,,,,,,,,,,,,,,,,,,,,,,,,,,,,,,,,,,,,,,,,,,,,,,,,,,,,,
1769163810.000649,1769163810.001061,33.0,0.0,4187.692383,4275.769043,4388.461426,4358.589844,4216.666504,4263.589844,4294.871582,4304.743652,4292.05127,4272.563965,4571.794922,4521.666504,4411.794922,4474.487305,,,,,,,,,,,,,,,,,,,,,,,,,,,,,,,,,,,,,,,,,,,,,,,,,,,,,,,,,,,,,,,,,,,,,,
1769163810.008457,1769163810.00877,34.0,0.0,4188.461426,4272.179688,4390.512695,4358.589844,4218.077148,4268.717773,4294.743652,4296.666504,4288.589844,4274.615234,4570.512695,4523.846191,4411.794922,4473.461426,,,,,,,,,,,,,,,,,,,,,,,,,,,,,,,,,,,,,,,,,,,,,,,,,,,,,,,,,,,,,,,,,,,,,,
1769163810.016266,1769163810.016578,35.0,0.0,4185.0,4268.589844,4394.487305,4360.641113,4217.692383,4280.128418,4293.846191,4293.461426,4283.461426,4277.05127,4571.282227,4527.307617,4412.179688,4473.461426,,,,,,,,,,,,,,,,,,,,,,,,,,,,,,,,,,,,,,,,,,,,,,,,,,,,,,,,,,,,,,,,,,,,,,
1769163810.024074,1769163810.024187,36.0,0.0,4183.333496,4270.256348,4396.794922,4365.256348,4216.410156,4280.384766,4295.128418,4295.384766,4281.282227,4278.846191,4570.384766,4525.897461,4411.025879,4474.102539,,,,,,,,,,,,,,,,,,,,,,,,,,,,,,,,,,,,,,,,,,,,,,,,,,,,,,,,,,,,,,,,,,,,,,
1769163810.031883,1769163810.031996,37.0,0.0,4186.410156,4275.769043,4395.769043,4367.05127,4214.230957,4269.743652,4295.384766,4300.384766,4285.897461,4276.666504,4569.487305,4526.922852,4407.820313,4471.282227,,,,,,,,,,,,,,,,,,,,,,,,,,,,,,,,,,,,,,,,,,,,,,,,,,,,,,,,,,,,,,,,,,,,,,
1769163810.039691,1769163810.039704,38.0,0.0,4189.102539,4279.487305,4397.692383,4366.282227,4215.512695,4264.487305,4295.128418,4308.077148,4293.333496,4279.230957,4576.410156,4534.871582,4414.102539,4476.538574,,,,,,,,,,,,,,,,,,,,,,,,,,,,,,,,,,,,,,,,,,,,,,,,,,,,,,,,,,,,,,,,,,,,,,
1769163810.0475,1769163810.047513,39.0,0.0,4187.307617,4280.256348,4398.333496,4367.436035,4218.846191,4270.128418,4296.666504,4310.641113,4294.615234,4290.769043,4588.846191,4541.282227,4428.461426,4491.153809,,,,,,,,,,,,,,,,,,,,,,,,,,,,,,,,,,,,,,,,,,,,,,,,,,,,,,,,,,,,,,,,,,,,,,
1769163810.055308,1769163810.055521,40.0,0.0,4182.94873,4277.05127,4391.666504,4367.436035,4217.179688,4279.615234,4297.563965,4309.743652,4286.025879,4290.128418,4584.871582,4537.307617,4426.153809,4487.436035,,,,,,,,,,,,,,,,,,,,,,,,,,,,,,,,,,,,,,,,,,,,,,,,,,,,,,,,,,,,,,,,,,,,,,
1769163810.063116,1769163810.063329,41.0,0.0,4182.692383,4272.179688,4386.538574,4365.0,4213.333496,4278.077148,4295.512695,4310.641113,4280.512695,4278.589844,4573.461426,4532.94873,4412.436035,4474.102539,,,,,,,,,,,,,,,,,,,,,,,,,,,,,,,,,,,,,,,,,,,,,,,,,,,,,,,,,,,,,,,,,,,,,,
1769163810.070925,1769163810.071238,42.0,0.0,4186.153809,4275.897461,4388.205078,4365.0,4215.512695,4267.563965,4293.846191,4307.05127,4280.641113,4276.538574,4575.897461,4537.307617,4415.256348,4483.461426,,,,,,,,,,,,,,,,,,,,,,,,,,,,,,,,,,,,,,,,,,,,,,,,,,,,,,,,,,,,,,,,,,,,,,
1769163810.078733,1769163810.079046,43.0,0.0,4187.563965,4281.794922,4390.256348,4367.307617,4213.333496,4266.153809,4296.410156,4303.589844,4278.589844,4279.230957,4578.846191,4540.512695,4421.025879,4490.897461,,,,,,,,,,,,,,,,,,,,,,,,,,,,,,,,,,,,,,,,,,,,,,,,,,,,,,,,,,,,,,,,,,,,,,
1769163810.086542,1769163810.086655,44.0,0.0,4186.922852,4279.102539,4389.102539,4367.94873,4205.641113,4272.05127,4298.461426,4309.230957,4278.974121,4276.794922,4572.820313,4538.077148,4414.871582,4483.077148,,,,,,,,,,,,,,,,,,,,,,,,,,,,,,,,,,,,,,,,,,,,,,,,,,,,,,,,,,,,,,,,,,,,,,
1769163810.09435,1769163810.094463,45.0,0.0,4185.0,4275.769043,4388.077148,4366.922852,4206.538574,4265.897461,4292.307617,4311.410156,4281.922852,4275.256348,4571.794922,4536.153809,4413.846191,4484.615234,,,,,,,,,,,,,,,,,,,,,,,,,,,,,,,,,,,,,,,,,,,,,,,,,,,,,,,,,,,,,,,,,,,,,,
1769163810.102159,1769163810.102172,46.0,0.0,4182.820313,4277.307617,4388.077148,4365.384766,4207.307617,4254.871582,4287.436035,4308.077148,4282.563965,4272.179688,4572.563965,4534.615234,4416.922852,4487.307617,0.423495,0.456067,0.143502,0.422219,0.152746,0.324527,0.472479,0.185801,0.208743,0.107834,0.168883,0.229937,0.122014,0.17055,0.091253,0.285198,0.338424,0.116849,0.129941,0.057632,0.163517,0.211166,0.120055,0.066817,0.034235,0.232716,0.251851,0.178845,0.084006,0.097559,0.095752,0.180283,0.077095,0.050262,0.06183,0.118982,0.171411,0.034859,0.071712,0.045016,0.130384,0.246064,0.092721,0.165429,0.113715,0.217986,0.375221,0.193061,0.157019,0.090954,0.073071,0.239281,0.136558,0.166256,0.129158,0.211218,0.279928,0.102338,0.178231,0.110314,0.141776,0.471758,0.193917,0.135361,0.190599,0.25779,0.435151,0.145194,0.199281,0.166066
1769163810.109967,1769163810.10998,47.0,0.0,4182.307617,4278.717773,4386.794922,4366.025879,4205.0,4261.794922,4292.692383,4309.358887,4279.743652,4263.333496,4568.461426,4527.05127,4411.794922,4476.025879,,,,,,,,,,,,,,,,,,,,,,,,,,,,,,,,,,,,,,,,,,,,,,,,,,,,,,,,,,,,,,,,,,,,,,
1769163810.117776,1769163810.117988,48.0,0.0,4183.077148,4279.358887,4384.615234,4369.230957,4209.358887,4268.717773,4296.153809,4310.0,4280.0,4261.025879,4568.974121,4522.307617,4410.128418,4473.589844,,,,,,,,,,,,,,,,,,,,,,,,,,,,,,,,,,,,,,,,,,,,,,,,,,,,,,,,,,,,,,,,,,,,,,
1769163810.125584,1769163810.125797,49.0,0.0,4183.974121,4280.512695,4385.256348,4367.436035,4211.666504,4263.974121,4294.487305,4305.512695,4280.641113,4263.717773,4572.820313,4529.102539,4414.871582,4481.410156,,,,,,,,,,,,,,,,,,,,,,,,,,,,,,,,,,,,,,,,,,,,,,,,,,,,,,,,,,,,,,,,,,,,,,
1769163810.133392,1769163810.133705,50.0,0.0,4185.384766,4279.358887,4386.538574,4362.94873,4208.846191,4267.307617,4295.641113,4308.077148,4281.025879,4262.94873,4574.487305,4537.05127,4415.128418,4481.666504,,,,,,,,,,,,,,,,,,,,,,,,,,,,,,,,,,,,,,,,,,,,,,,,,,,,,,,,,,,,,,,,,,,,,,
1769163810.141201,1769163810.141514,51.0,0.0,4185.128418,4279.743652,4382.94873,4364.871582,4209.871582,4270.769043,4295.641113,4313.717773,4282.820313,4258.205078,4580.128418,4537.307617,4412.436035,4484.230957,,,,,,,,,,,,,,,,,,,,,,,,,,,,,,,,,,,,,,,,,,,,,,,,,,,,,,,,,,,,,,,,,,,,,,
1769163810.149009,1769163810.149522,52.0,0.0,4182.563965,4281.794922,4380.512695,4368.461426,4208.077148,4265.769043,4293.205078,4307.94873,4282.05127,4252.05127,4582.05127,4535.256348,4415.769043,4490.384766,,,,,,,,,,,,,,,,,,,,,,,,,,,,,,,,,,,,,,,,,,,,,,,,,,,,,,,,,,,,,,,,,,,,,,
1769163810.156818,1769163810.15733,53.0,0.0,4181.282227,4280.512695,4382.563965,4362.563965,4201.025879,4263.205078,4294.487305,4301.538574,4278.974121,4248.077148,4574.102539,4536.410156,4419.102539,4493.333496,,,,,,,,,,,,,,,,,,,,,,,,,,,,,,,,,,,,,,,,,,,,,,,,,,,,,,,,,,,,,,,,,,,,,,
1769163810.164626,1769163810.165039,54.0,0.0,4181.538574,4277.563965,4383.333496,4356.410156,4200.641113,4265.128418,4296.025879,4303.333496,4278.461426,4247.307617,4571.538574,4536.922852,4418.461426,4492.563965,,,,,,,,,,,,,,,,,,,,,,,,,,,,,,,,,,,,,,,,,,,,,,,,,,,,,,,,,,,,,,,,,,,,,,
1769163810.172435,1769163810.172847,55.0,0.0,4182.179688,4277.563965,4382.307617,4361.922852,4201.666504,4263.461426,4293.461426,4299.487305,4279.230957,4246.410156,4580.384766,4535.769043,4421.025879,4490.384766,,,,,,,,,,,,,,,,,,,,,,,,,,,,,,,,,,,,,,,,,,,,,,,,,,,,,,,,,,,,,,,,,,,,,,
1769163810.180243,1769163810.180456,56.0,0.0,4183.717773,4279.102539,4383.461426,4367.94873,4200.769043,4262.563965,4292.05127,4293.717773,4278.461426,4242.179688,4580.128418,4536.282227,4426.666504,4489.487305,,,,,,,,,,,,,,,,,,,,,,,,,,,,,,,,,,,,,,,,,,,,,,,,,,,,,,,,,,,,,,,,,,,,,,
1769163810.188052,1769163810.188264,57.0,0.0,4185.384766,4280.512695,4386.794922,4367.307617,4201.922852,4263.974121,4294.230957,4300.256348,4278.589844,4236.282227,4572.307617,4536.922852,4426.922852,4489.102539,,,,,,,,,,,,,,,,,,,,,,,,,,,,,,,,,,,,,,,,,,,,,,,,,,,,,,,,,,,,,,,,,,,,,,
1769163810.19586,1769163810.195973,58.0,0.0,4186.282227,4280.641113,4390.128418,4366.666504,4202.05127,4262.692383,4297.05127,4307.692383,4279.615234,4233.717773,4575.897461,4537.436035,4423.717773,4488.205078,,,,,,,,,,,,,,,,,,,,,,,,,,,,,,,,,,,,,,,,,,,,,,,,,,,,,,,,,,,,,,,,,,,,,,
1769163810.203668,1769163810.203781,59.0,0.0,4185.384766,4279.487305,4390.256348,4367.05127,4202.820313,4262.94873,4296.922852,4304.615234,4279.487305,4235.128418,4583.205078,4538.461426,4424.230957,4487.179688,,,,,,,,,,,,,,,,,,,,,,,,,,,,,,,,,,,,,,,,,,,,,,,,,,,,,,,,,,,,,,,,,,,,,,
1769163810.211477,1769163810.21139,60.0,0.0,4182.94873,4280.384766,4388.077148,4366.794922,4204.743652,4262.692383,4293.461426,4301.025879,4279.230957,4235.512695,4580.384766,4538.846191,4427.563965,4489.230957,,,,,,,,,,,,,,,,,,,,,,,,,,,,,,,,,,,,,,,,,,,,,,,,,,,,,,,,,,,,,,,,,,,,,,
1769163810.219285,1769163810.219199,61.0,0.0,4185.897461,4278.461426,4389.358887,4365.897461,4205.0,4261.025879,4294.230957,4306.153809,4282.563965,4234.487305,4581.410156,4538.846191,4428.717773,4494.102539,,,,,,,,,,,,,,,,,,,,,,,,,,,,,,,,,,,,,,,,,,,,,,,,,,,,,,,,,,,,,,,,,,,,,,
1769163810.227094,1769163810.226907,62.0,0.0,4184.102539,4269.743652,4387.05127,4362.820313,4205.0,4262.820313,4299.871582,4312.820313,4283.461426,4233.333496,4582.820313,4538.846191,4421.025879,4488.846191,0.478211,0.473627,0.130559,0.432427,0.14668,0.36038,0.572696,0.207355,0.225448,0.100156,0.181694,0.249236,0.116546,0.176352,0.079467,0.265306,0.368745,0.109312,0.131292,0.056389,0.174814,0.245376,0.158056,0.081245,0.041129,0.273234,0.209504,0.195045,0.073681,0.088615,0.114305,0.178731,0.079838,0.043099,0.070956,0.077607,0.225267,0.048697,0.077264,0.040096,0.108519,0.247469,0.106776,0.170858,0.125504,0.24087,0.419629,0.189493,0.16588,0.090867,0.077573,0.3114,0.132255,0.149251,0.124336,0.190061,0.300185,0.101474,0.176977,0.096188,0.182758,0.491507,0.198535,0.13207,0.203918,0.26095,0.504226,0.170238,0.170126,0.175883
1769163810.234902,1769163810.234716,63.0,0.0,4170.256348,4259.743652,4376.025879,4357.05127,4204.230957,4266.153809,4301.922852,4310.128418,4279.871582,4230.256348,4574.230957,4537.05127,4413.461426,4476.922852,,,,,,,,,,,,,,,,,,,,,,,,,,,,,,,,,,,,,,,,,,,,,,,,,,,,,,,,,,,,,,,,,,,,,,
1769163810.242711,1769163810.242724,64.0,0.0,4169.358887,4260.384766,4374.358887,4355.897461,4200.897461,4264.871582,4298.333496,4308.974121,4284.230957,4231.922852,4576.282227,4538.589844,4422.820313,4482.436035,,,,,,,,,,,,,,,,,,,,,,,,,,,,,,,,,,,,,,,,,,,,,,,,,,,,,,,,,,,,,,,,,,,,,,
1769163810.250519,1769163810.250532,65.0,0.0,4185.769043,4271.410156,4381.666504,4361.666504,4197.820313,4259.487305,4295.0,4312.307617,4290.0,4235.384766,4587.179688,4541.794922,4433.077148,4496.410156,,,,,,,,,,,,,,,,,,,,,,,,,,,,,,,,,,,,,,,,,,,,,,,,,,,,,,,,,,,,,,,,,,,,,,
1769163810.258328,1769163810.258441,66.0,0.0,4189.871582,4275.897461,4377.692383,4364.615234,4196.922852,4258.717773,4294.102539,4303.717773,4282.94873,4232.563965,4582.179688,4539.358887,4429.487305,4492.94873,,,,,,,,,,,,,,,,,,,,,,,,,,,,,,,,,,,,,,,,,,,,,,,,,,,,,,,,,,,,,,,,,,,,,,
1769163810.266136,1769163810.266249,67.0,0.0,4183.461426,4274.487305,4370.769043,4365.769043,4199.230957,4263.077148,4293.717773,4295.0,4276.410156,4228.846191,4575.769043,4538.205078,4427.820313,4487.05127,,,,,,,,,,,,,,,,,,,,,,,,,,,,,,,,,,,,,,,,,,,,,,,,,,,,,,,,,,,,,,,,,,,,,,
1769163810.273945,1769163810.274257,68.0,0.0,4186.922852,4278.333496,4373.974121,4370.641113,4203.461426,4265.512695,4295.0,4303.717773,4281.410156,4229.358887,4583.077148,4542.307617,4431.025879,4492.436035,,,,,,,,,,,,,,,,,,,,,,,,,,,,,,,,,,,,,,,,,,,,,,,,,,,,,,,,,,,,,,,,,,,,,,
1769163810.281753,1769163810.282066,69.0,0.0,4190.512695,4281.794922,4376.153809,4373.205078,4205.384766,4264.743652,4296.794922,4310.897461,4282.436035,4230.256348,4586.538574,4542.563965,4428.077148,4491.666504,,,,,,,,,,,,,,,,,,,,,,,,,,,,,,,,,,,,,,,,,,,,,,,,,,,,,,,,,,,,,,,,,,,,,,
1769163810.289562,1769163810.289774,70.0,0.0,4188.974121,4280.256348,4371.153809,4370.897461,4203.077148,4263.461426,4295.769043,4308.974121,4279.871582,4231.282227,4585.384766,4541.410156,4429.743652,4491.794922,,,,,,,,,,,,,,,,,,,,,,,,,,,,,,,,,,,,,,,,,,,,,,,,,,,,,,,,,,,,,,,,,,,,,,
1769163810.29737,1769163810.297583,71.0,0.0,4187.436035,4277.692383,4363.717773,4367.692383,4198.461426,4262.307617,4296.282227,4308.974121,4282.692383,4227.307617,4584.102539,4542.179688,4429.230957,4493.205078,,,,,,,,,,,,,,,,,,,,,,,,,,,,,,,,,,,,,,,,,,,,,,,,,,,,,,,,,,,,,,,,,,,,,,
1769163810.305179,1769163810.305591,72.0,0.0,4183.846191,4273.717773,4356.282227,4364.615234,4195.897461,4262.307617,4298.974121,4303.077148,4276.410156,4216.794922,4573.461426,4536.794922,4415.512695,4480.641113,,,,,,,,,,,,,,,,,,,,,,,,,,,,,,,,,,,,,,,,,,,,,,,,,,,,,,,,,,,,,,,,,,,,,,
1769163810.312987,1769163810.313399,73.0,0.0,4183.974121,4273.846191,4356.666504,4363.717773,4198.717773,4263.077148,4297.436035,4293.717773,4271.025879,4213.461426,4568.461426,4532.436035,4417.94873,4478.077148,,,,,,,,,,,,,,,,,,,,,,,,,,,,,,,,,,,,,,,,,,,,,,,,,,,,,,,,,,,,,,,,,,,,,,
1769163810.320795,1769163810.321308,74.0,0.0,4186.794922,4277.563965,4358.461426,4366.666504,4200.897461,4261.538574,4293.205078,4294.358887,4273.077148,4216.794922,4573.333496,4535.384766,4427.05127,4483.077148,,,,,,,,,,,,,,,,,,,,,,,,,,,,,,,,,,,,,,,,,,,,,,,,,,,,,,,,,,,,,,,,,,,,,,
1769163810.328604,1769163810.329116,75.0,0.0,4184.615234,4276.538574,4353.333496,4365.256348,4199.487305,4259.230957,4292.179688,4297.692383,4271.153809,4215.128418,4571.025879,4536.538574,4416.794922,4476.153809,,,,,,,,,,,,,,,,,,,,,,,,,,,,,,,,,,,,,,,,,,,,,,,,,,,,,,,,,,,,,,,,,,,,,,
1769163810.336412,1769163810.337124,76.0,0.0,4184.743652,4273.205078,4350.897461,4363.205078,4199.230957,4259.615234,4292.563965,4293.974121,4267.05127,4211.794922,4568.589844,4534.871582,4416.922852,4479.871582,,,,,,,,,,,,,,,,,,,,,,,,,,,,,,,,,,,,,,,,,,,,,,,,,,,,,,,,,,,,,,,,,,,,,,
1769163810.344221,1769163810.344933,77.0,0.0,4187.05127,4270.897461,4350.769043,4365.512695,4200.384766,4261.666504,4293.589844,4293.589844,4268.974121,4212.05127,4573.846191,4537.05127,4430.0,4491.666504,,,,,,,,,,,,,,,,,,,,,,,,,,,,,,,,,,,,,,,,,,,,,,,,,,,,,,,,,,,,,,,,,,,,,,
1769163810.352029,1769163810.352741,78.0,0.0,4178.974121,4266.153809,4344.358887,4360.769043,4200.384766,4267.94873,4296.410156,4305.128418,4274.102539,4213.333496,4574.487305,4539.871582,4425.384766,4484.230957,0.490113,0.507514,0.120733,0.41944,0.140986,0.406202,0.637687,0.220218,0.23508,0.097105,0.191691,0.278612,0.103263,0.172937,0.069999,0.255709,0.388665,0.10207,0.127985,0.05823,0.178775,0.258721,0.181473,0.089294,0.046669,0.302841,0.172647,0.204833,0.068083,0.085474,0.125959,0.176807,0.092293,0.038136,0.079957,0.063762,0.289598,0.071499,0.086382,0.03584,0.106568,0.263824,0.118372,0.164194,0.137371,0.27469,0.469541,0.183293,0.174965,0.0979,0.09136,0.419651,0.132479,0.150708,0.125108,0.21112,0.361958,0.102947,0.188087,0.08901,0.250324,0.513802,0.202718,0.131338,0.215872,0.283548,0.624843,0.22692,0.163781,0.195787
1769163810.359838,1769163810.36055,79.0,0.0,4170.641113,4255.769043,4337.436035,4352.820313,4197.94873,4264.487305,4296.538574,4311.922852,4275.256348,4215.256348,4569.102539,4536.410156,4417.436035,4473.333496,,,,,,,,,,,,,,,,,,,,,,,,,,,,,,,,,,,,,,,,,,,,,,,,,,,,,,,,,,,,,,,,,,,,,,
1769163810.367646,1769163810.368158,80.0,0.0,4172.820313,4248.589844,4338.077148,4352.05127,4195.641113,4252.436035,4293.846191,4306.922852,4273.333496,4213.589844,4568.077148,4532.307617,4416.794922,4476.282227,,,,,,,,,,,,,,,,,,,,,,,,,,,,,,,,,,,,,,,,,,,,,,,,,,,,,,,,,,,,,,,,,,,,,,
1769163810.375455,1769163810.375967,81.0,0.0,4173.846191,4253.717773,4340.512695,4352.820313,4196.410156,4253.589844,4293.205078,4306.410156,4273.717773,4211.666504,4570.256348,4534.743652,4410.641113,4481.794922,,,,,,,,,,,,,,,,,,,,,,,,,,,,,,,,,,,,,,,,,,,,,,,,,,,,,,,,,,,,,,,,,,,,,,
1769163810.383263,1769163810.383875,82.0,0.0,4176.153809,4262.307617,4339.487305,4354.358887,4198.717773,4260.0,4291.922852,4313.589844,4281.282227,4223.333496,4572.307617,4540.128418,4417.307617,4489.871582,,,,,,,,,,,,,,,,,,,,,,,,,,,,,,,,,,,,,,,,,,,,,,,,,,,,,,,,,,,,,,,,,,,,,,
1769163810.391071,1769163810.391684,83.0,0.0,4181.666504,4261.666504,4338.846191,4357.563965,4198.974121,4258.589844,4291.538574,4312.94873,4281.666504,4232.820313,4575.256348,4540.897461,4429.615234,4494.615234,,,,,,,,,,,,,,,,,,,,,,,,,,,,,,,,,,,,,,,,,,,,,,,,,,,,,,,,,,,,,,,,,,,,,,
1769163810.39888,1769163810.399292,84.0,0.0,4183.846191,4260.384766,4339.743652,4358.205078,4198.461426,4260.128418,4294.230957,4306.794922,4271.922852,4225.769043,4579.487305,4539.743652,4426.794922,4491.153809,,,,,,,,,,,,,,,,,,,,,,,,,,,,,,,,,,,,,,,,,,,,,,,,,,,,,,,,,,,,,,,,,,,,,,
1769163810.406688,1769163810.407101,85.0,0.0,4182.563965,4263.461426,4338.077148,4357.307617,4200.641113,4265.641113,4295.384766,4306.153809,4273.846191,4217.436035,4576.922852,4540.384766,4422.692383,4491.410156,,,,,,,,,,,,,,,,,,,,,,,,,,,,,,,,,,,,,,,,,,,,,,,,,,,,,,,,,,,,,,,,,,,,,,
1769163810.414497,1769163810.414809,86.0,0.0,4179.487305,4261.922852,4330.769043,4356.153809,4201.794922,4265.0,4293.974121,4308.461426,4279.615234,4217.307617,4569.871582,4540.641113,4422.820313,4493.717773,,,,,,,,,,,,,,,,,,,,,,,,,,,,,,,,,,,,,,,,,,,,,,,,,,,,,,,,,,,,,,,,,,,,,,
1769163810.422305,1769163810.422618,87.0,0.0,4178.717773,4262.307617,4327.179688,4354.615234,4201.666504,4263.589844,4293.974121,4311.794922,4277.307617,4225.769043,4576.025879,4540.256348,4424.230957,4494.615234,,,,,,,,,,,,,,,,,,,,,,,,,,,,,,,,,,,,,,,,,,,,,,,,,,,,,,,,,,,,,,,,,,,,,,
1769163810.430114,1769163810.430226,88.0,0.0,4181.410156,4263.717773,4327.820313,4353.205078,4201.922852,4263.333496,4295.897461,4310.512695,4277.05127,4231.410156,4583.717773,4540.256348,4427.436035,4494.102539,,,,,,,,,,,,,,,,,,,,,,,,,,,,,,,,,,,,,,,,,,,,,,,,,,,,,,,,,,,,,,,,,,,,,,
1769163810.437922,1769163810.438035,89.0,0.0,4183.077148,4261.410156,4326.666504,4351.282227,4202.307617,4261.538574,4295.512695,4302.94873,4277.436035,4224.102539,4576.794922,4540.256348,4424.743652,4491.153809,,,,,,,,,,,,,,,,,,,,,,,,,,,,,,,,,,,,,,,,,,,,,,,,,,,,,,,,,,,,,,,,,,,,,,
1769163810.445731,1769163810.445943,90.0,0.0,4180.769043,4259.871582,4324.230957,4350.0,4200.641113,4264.358887,4294.871582,4297.692383,4269.615234,4218.974121,4570.641113,4540.384766,4418.846191,4490.512695,,,,,,,,,,,,,,,,,,,,,,,,,,,,,,,,,,,,,,,,,,,,,,,,,,,,,,,,,,,,,,,,,,,,,,
1769163810.453539,1769163810.453752,91.0,0.0,4180.641113,4262.05127,4322.307617,4353.461426,4198.846191,4267.05127,4296.922852,4295.384766,4265.384766,4228.333496,4574.871582,4540.641113,4422.05127,4490.512695,,,,,,,,,,,,,,,,,,,,,,,,,,,,,,,,,,,,,,,,,,,,,,,,,,,,,,,,,,,,,,,,,,,,,,
1769163810.461347,1769163810.46176,92.0,0.0,4184.487305,4264.102539,4324.230957,4355.641113,4201.153809,4264.358887,4296.794922,4295.769043,4273.717773,4235.769043,4578.077148,4539.743652,4428.589844,4493.846191,,,,,,,,,,,,,,,,,,,,,,,,,,,,,,,,,,,,,,,,,,,,,,,,,,,,,,,,,,,,,,,,,,,,,,
1769163810.469156,1769163810.469568,93.0,0.0,4186.922852,4264.102539,4325.769043,4354.871582,4203.717773,4257.820313,4292.94873,4302.179688,4280.897461,4235.256348,4580.897461,4540.384766,4429.743652,4498.589844,,,,,,,,,,,,,,,,,,,,,,,,,,,,,,,,,,,,,,,,,,,,,,,,,,,,,,,,,,,,,,,,,,,,,,
1769163810.476964,1769163810.477477,94.0,0.0,4182.692383,4263.205078,4319.871582,4355.384766,4202.563965,4256.922852,4291.282227,4304.743652,4277.94873,4235.641113,4582.94873,4541.153809,4428.333496,4495.641113,0.488733,0.537788,0.113903,0.39257,0.133836,0.465867,0.656759,0.223715,0.240556,0.096052,0.227054,0.31418,0.086205,0.162254,0.06418,0.271149,0.393169,0.093374,0.120813,0.061676,0.161753,0.248148,0.18452,0.088517,0.049326,0.294868,0.142955,0.203341,0.066946,0.090489,0.126526,0.170601,0.109339,0.035194,0.086042,0.071139,0.347239,0.102013,0.100633,0.03372,0.116154,0.283843,0.124292,0.150251,0.144474,0.307848,0.510178,0.171173,0.18413,0.108556,0.108459,0.54678,0.137291,0.170206,0.129534,0.259579,0.444763,0.108112,0.214084,0.090142,0.34125,0.531919,0.205064,0.134984,0.222188,0.314333,0.773411,0.298976,0.174889,0.213742
1769163810.484773,1769163810.485285,95.0,0.0,4174.871582,4262.05127,4310.641113,4351.922852,4200.256348,4262.436035,4293.974121,4299.358887,4273.589844,4233.333496,4573.589844,4537.307617,4423.974121,4487.94873,,,,,,,,,,,,,,,,,,,,,,,,,,,,,,,,,,,,,,,,,,,,,,,,,,,,,,,,,,,,,,,,,,,,,,
1769163810.492581,1769163810.492894,96.0,0.0,4174.615234,4262.179688,4307.179688,4346.666504,4199.743652,4265.256348,4296.025879,4296.922852,4275.384766,4233.077148,4570.0,4535.256348,4424.871582,4488.333496,,,,,,,,,,,,,,,,,,,,,,,,,,,,,,,,,,,,,,,,,,,,,,,,,,,,,,,,,,,,,,,,,,,,,,
1769163810.50039,1769163810.500702,97.0,0.0,4180.128418,4263.974121,4308.717773,4346.794922,4200.384766,4264.615234,4295.384766,4297.307617,4278.717773,4236.410156,4583.077148,4538.974121,4432.05127,4493.589844,,,,,,,,,,,,,,,,,,,,,,,,,,,,,,,,,,,,,,,,,,,,,,,,,,,,,,,,,,,,,,,,,,,,,,
1769163810.508198,1769163810.508411,98.0,0.0,4184.102539,4264.487305,4310.641113,4351.025879,4201.666504,4265.256348,4293.461426,4295.256348,4277.563965,4234.230957,4586.922852,4541.922852,4433.077148,4493.974121,,,,,,,,,,,,,,,,,,,,,,,,,,,,,,,,,,,,,,,,,,,,,,,,,,,,,,,,,,,,,,,,,,,,,,
1769163810.516007,1769163810.516219,99.0,0.0,4186.282227,4265.128418,4312.436035,4353.333496,4202.436035,4265.0,4294.102539,4297.179688,4277.820313,4235.128418,4582.307617,4542.179688,4430.0,4492.94873,,,,,,,,,,,,,,,,,,,,,,,,,,,,,,,,,,,,,,,,,,,,,,,,,,,,,,,,,,,,,,,,,,,,,,
1769163810.523815,1769163810.524227,100.0,0.0,4184.102539,4266.538574,4308.974121,4349.358887,4200.512695,4263.846191,4297.563965,4299.615234,4280.512695,4236.922852,4581.153809,4540.256348,4429.358887,4491.153809,,,,,,,,,,,,,,,,,,,,,,,,,,,,,,,,,,,,,,,,,,,,,,,,,,,,,,,,,,,,,,,,,,,,,,
1769163810.531623,1769163810.532036,101.0,0.0,4180.769043,4265.897461,4301.282227,4343.205078,4200.128418,4265.641113,4297.436035,4295.256348,4278.461426,4233.974121,4576.922852,4536.794922,4428.589844,4490.0,,,,,,,,,,,,,,,,,,,,,,,,,,,,,,,,,,,,,,,,,,,,,,,,,,,,,,,,,,,,,,,,,,,,,,
1769163810.539432,1769163810.539844,102.0,0.0,4182.307617,4265.128418,4301.410156,4342.820313,4201.666504,4265.641113,4292.820313,4293.461426,4276.538574,4237.563965,4574.743652,4537.820313,4430.0,4491.666504,,,,,,,,,,,,,,,,,,,,,,,,,,,,,,,,,,,,,,,,,,,,,,,,,,,,,,,,,,,,,,,,,,,,,,
1769163810.54724,1769163810.547653,103.0,0.0,4185.128418,4266.025879,4304.743652,4344.358887,4202.179688,4263.461426,4291.282227,4298.077148,4279.102539,4246.410156,4583.077148,4543.205078,4435.897461,4493.589844,,,,,,,,,,,,,,,,,,,,,,,,,,,,,,,,,,,,,,,,,,,,,,,,,,,,,,,,,,,,,,,,,,,,,,
1769163810.555049,1769163810.555261,104.0,0.0,4183.846191,4262.820313,4299.615234,4341.538574,4201.282227,4264.743652,4292.820313,4297.94873,4280.641113,4248.205078,4586.282227,4540.641113,4434.743652,4493.846191,,,,,,,,,,,,,,,,,,,,,,,,,,,,,,,,,,,,,,,,,,,,,,,,,,,,,,,,,,,,,,,,,,,,,,
1769163810.562857,1769163810.56307,105.0,0.0,4180.769043,4259.102539,4293.461426,4341.282227,4201.666504,4266.922852,4293.846191,4296.794922,4278.333496,4245.769043,4581.666504,4539.358887,4432.692383,4492.307617,,,,,,,,,,,,,,,,,,,,,,,,,,,,,,,,,,,,,,,,,,,,,,,,,,,,,,,,,,,,,,,,,,,,,,
1769163810.570666,1769163810.570778,106.0,0.0,4183.974121,4262.820313,4296.025879,4344.358887,4203.077148,4265.128418,4294.230957,4302.94873,4277.563965,4248.077148,4586.153809,4546.410156,4441.538574,4494.230957,,,,,,,,,,,,,,,,,,,,,,,,,,,,,,,,,,,,,,,,,,,,,,,,,,,,,,,,,,,,,,,,,,,,,,
1769163810.578474,1769163810.578587,107.0,0.0,4182.692383,4261.025879,4293.717773,4340.769043,4202.563965,4262.563965,4294.230957,4303.589844,4278.974121,4249.487305,4589.102539,4544.871582,4442.307617,4495.769043,,,,,,,,,,,,,,,,,,,,,,,,,,,,,,,,,,,,,,,,,,,,,,,,,,,,,,,,,,,,,,,,,,,,,,
1769163810.586283,1769163810.586595,108.0,0.0,4173.077148,4253.974121,4287.179688,4337.05127,4201.153809,4263.589844,4293.333496,4295.0,4277.563965,4246.538574,4580.384766,4535.769043,4428.077148,4492.179688,,,,,,,,,,,,,,,,,,,,,,,,,,,,,,,,,,,,,,,,,,,,,,,,,,,,,,,,,,,,,,,,,,,,,,
1769163810.594091,1769163810.594404,109.0,0.0,4175.897461,4258.461426,4289.358887,4340.0,4202.179688,4264.230957,4293.717773,4297.307617,4277.05127,4246.538574,4577.05127,4535.641113,4426.538574,4490.769043,,,,,,,,,,,,,,,,,,,,,,,,,,,,,,,,,,,,,,,,,,,,,,,,,,,,,,,,,,,,,,,,,,,,,,
1769163810.6019,1769163810.602112,110.0,0.0,4186.922852,4266.282227,4292.179688,4342.94873,4203.717773,4263.077148,4295.0,4304.487305,4279.743652,4249.487305,4583.589844,4540.897461,4439.615234,4494.743652,0.461576,0.554843,0.11586,0.361392,0.124807,0.545467,0.639473,0.225548,0.245131,0.09469,0.283175,0.350241,0.070899,0.147958,0.062111,0.29423,0.386323,0.087599,0.111697,0.06511,0.140436,0.219456,0.17091,0.079828,0.048454,0.25831,0.126448,0.188521,0.069316,0.103552,0.117943,0.158809,0.122582,0.033792,0.087182,0.107091,0.383751,0.139988,0.12021,0.035549,0.140607,0.295067,0.123368,0.136054,0.144486,0.385729,0.533474,0.151588,0.19168,0.11873,0.128514,0.667645,0.145857,0.199748,0.135425,0.321698,0.526916,0.116435,0.249694,0.097172,0.441977,0.544664,0.210728,0.143487,0.222291,0.336883,0.912935,0.366357,0.195232,0.223449
1769163810.609708,1769163810.609921,111.0,0.0,4186.666504,4262.692383,4291.153809,4342.563965,4203.077148,4263.077148,4294.230957,4299.487305,4278.974121,4249.487305,4586.922852,4541.282227,4442.307617,4496.025879,,,,,,,,,,,,,,,,,,,,,,,,,,,,,,,,,,,,,,,,,,,,,,,,,,,,,,,,,,,,,,,,,,,,,,
1769163810.617517,1769163810.617529,112.0,0.0,4183.846191,4257.307617,4287.307617,4342.436035,4203.205078,4263.974121,4294.487305,4294.487305,4276.794922,4245.512695,4580.128418,4540.897461,4434.615234,4492.179688,,,,,,,,,,,,,,,,,,,,,,,,,,,,,,,,,,,,,,,,,,,,,,,,,,,,,,,,,,,,,,,,,,,,,,
1769163810.625325,1769163810.625338,113.0,0.0,4186.153809,4259.230957,4283.717773,4341.666504,4201.922852,4263.205078,4295.512695,4296.922852,4277.436035,4243.846191,4572.436035,4538.461426,4428.846191,4490.0,,,,,,,,,,,,,,,,,,,,,,,,,,,,,,,,,,,,,,,,,,,,,,,,,,,,,,,,,,,,,,,,,,,,,,
1769163810.633134,1769163810.633046,114.0,0.0,4186.666504,4261.282227,4283.717773,4340.128418,4202.307617,4261.922852,4291.666504,4296.538574,4276.410156,4240.384766,4570.641113,4534.358887,4427.692383,4490.128418,,,,,,,,,,,,,,,,,,,,,,,,,,,,,,,,,,,,,,,,,,,,,,,,,,,,,,,,,,,,,,,,,,,,,,
1769163810.640942,1769163810.640855,115.0,0.0,4188.589844,4262.05127,4284.743652,4341.282227,4208.717773,4261.922852,4289.487305,4294.615234,4274.743652,4238.461426,4574.102539,4538.333496,4430.641113,4492.179688,,,,,,,,,,,,,,,,,,,,,,,,,,,,,,,,,,,,,,,,,,,,,,,,,,,,,,,,,,,,,,,,,,,,,,
1769163810.64875,1769163810.648863,116.0,0.0,4191.666504,4259.743652,4282.436035,4342.436035,4208.974121,4263.333496,4294.743652,4296.153809,4278.077148,4243.717773,4573.205078,4540.512695,4427.692383,4491.025879,,,,,,,,,,,,,,,,,,,,,,,,,,,,,,,,,,,,,,,,,,,,,,,,,,,,,,,,,,,,,,,,,,,,,,
1769163810.656559,1769163810.656671,117.0,0.0,4193.589844,4257.94873,4280.384766,4341.922852,4203.077148,4263.205078,4296.538574,4299.102539,4281.153809,4247.692383,4569.358887,4537.94873,4423.846191,4488.717773,,,,,,,,,,,,,,,,,,,,,,,,,,,,,,,,,,,,,,,,,,,,,,,,,,,,,,,,,,,,,,,,,,,,,,
1769163810.664367,1769163810.66458,118.0,0.0,4198.717773,4261.922852,4281.025879,4341.922852,4201.794922,4262.307617,4293.461426,4303.589844,4280.128418,4247.307617,4577.05127,4542.820313,4432.820313,4495.128418,,,,,,,,,,,,,,,,,,,,,,,,,,,,,,,,,,,,,,,,,,,,,,,,,,,,,,,,,,,,,,,,,,,,,,
1769163810.672176,1769163810.672388,119.0,0.0,4202.307617,4265.256348,4279.871582,4341.794922,4202.563965,4262.436035,4293.717773,4311.153809,4281.025879,4248.461426,4588.205078,4554.615234,4444.358887,4504.871582,,,,,,,,,,,,,,,,,,,,,,,,,,,,,,,,,,,,,,,,,,,,,,,,,,,,,,,,,,,,,,,,,,,,,,
1769163810.679984,1769163810.680396,120.0,0.0,4201.666504,4263.717773,4278.077148,4342.307617,4203.333496,4263.205078,4294.102539,4311.410156,4282.436035,4251.410156,4589.230957,4555.641113,4446.666504,4508.205078,,,,,,,,,,,,,,,,,,,,,,,,,,,,,,,,,,,,,,,,,,,,,,,,,,,,,,,,,,,,,,,,,,,,,,
1769163810.687793,1769163810.688205,121.0,0.0,4201.153809,4263.077148,4276.794922,4342.94873,4205.384766,4265.641113,4294.230957,4300.769043,4280.769043,4252.307617,4585.0,4545.256348,4441.025879,4505.256348,,,,,,,,,,,,,,,,,,,,,,,,,,,,,,,,,,,,,,,,,,,,,,,,,,,,,,,,,,,,,,,,,,,,,,
1769163810.695601,1769163810.696113,122.0,0.0,4200.256348,4264.487305,4277.307617,4342.436035,4205.769043,4268.077148,4296.282227,4297.94873,4278.717773,4249.358887,4583.333496,4542.692383,4435.0,4503.333496,,,,,,,,,,,,,,,,,,,,,,,,,,,,,,,,,,,,,,,,,,,,,,,,,,,,,,,,,,,,,,,,,,,,,,
1769163810.70341,1769163810.703922,123.0,0.0,4201.794922,4263.077148,4280.256348,4342.692383,4208.205078,4265.897461,4295.512695,4301.922852,4278.974121,4247.563965,4584.615234,4549.358887,4438.846191,4507.179688,,,,,,,,,,,,,,,,,,,,,,,,,,,,,,,,,,,,,,,,,,,,,,,,,,,,,,,,,,,,,,,,,,,,,,
1769163810.711218,1769163810.71193,124.0,0.0,4202.94873,4261.282227,4280.0,4343.974121,4215.0,4262.05127,4293.333496,4297.307617,4280.256348,4255.128418,4588.205078,4553.717773,4447.179688,4511.666504,,,,,,,,,,,,,,,,,,,,,,,,,,,,,,,,,,,,,,,,,,,,,,,,,,,,,,,,,,,,,,,,,,,,,,
1769163810.719026,1769163810.719738,125.0,0.0,4197.820313,4262.436035,4277.307617,4341.153809,4215.0,4263.205078,4296.025879,4296.922852,4280.128418,4263.077148,4589.358887,4552.436035,4444.487305,4510.256348,,,,,,,,,,,,,,,,,,,,,,,,,,,,,,,,,,,,,,,,,,,,,,,,,,,,,,,,,,,,,,,,,,,,,,
1769163810.726835,1769163810.727447,126.0,0.0,4203.717773,4264.358887,4276.666504,4341.410156,4210.256348,4264.487305,4297.436035,4304.230957,4280.384766,4262.436035,4586.410156,4551.922852,4439.743652,4504.743652,0.44594,0.555615,0.12894,0.331403,0.115063,0.640821,0.605293,0.233584,0.249134,0.091741,0.36047,0.379276,0.063247,0.133991,0.063152,0.32708,0.374626,0.092241,0.102962,0.066916,0.111643,0.182293,0.149853,0.06691,0.044484,0.203861,0.125345,0.163699,0.074508,0.121105,0.1028,0.140226,0.126097,0.033747,0.082814,0.181603,0.392437,0.184069,0.143861,0.042497,0.183789,0.290636,0.116894,0.127727,0.13782,0.504193,0.536293,0.126994,0.196131,0.125675,0.154235,0.752883,0.156291,0.229158,0.141377,0.378709,0.583878,0.125495,0.283376,0.104978,0.53014,0.550269,0.224661,0.155107,0.218825,0.352481,1.003378,0.40786,0.219076,0.223881
1769163810.734643,1769163810.735255,127.0,0.0,4214.871582,4266.410156,4279.230957,4350.384766,4211.794922,4261.538574,4294.230957,4302.179688,4281.153809,4261.666504,4587.05127,4554.487305,4445.256348,4506.153809,,,,,,,,,,,,,,,,,,,,,,,,,,,,,,,,,,,,,,,,,,,,,,,,,,,,,,,,,,,,,,,,,,,,,,
1769163810.742452,1769163810.742864,0.0,0.0,4208.974121,4265.256348,4279.102539,4351.025879,4215.128418,4262.05127,4293.589844,4298.205078,4281.538574,4264.615234,4589.230957,4555.641113,4446.666504,4506.666504,,,,,,,,,,,,,,,,,,,,,,,,,,,,,,,,,,,,,,,,,,,,,,,,,,,,,,,,,,,,,,,,,,,,,,
1769163810.75026,1769163810.750672,1.0,0.0,4203.974121,4261.538574,4271.666504,4342.05127,4214.871582,4265.256348,4295.384766,4302.563965,4279.358887,4265.256348,4588.846191,4555.256348,4443.077148,4498.333496,,,,,,,,,,,,,,,,,,,,,,,,,,,,,,,,,,,,,,,,,,,,,,,,,,,,,,,,,,,,,,,,,,,,,,
1769163810.758069,1769163810.758381,2.0,0.0,4215.0,4263.077148,4267.94873,4344.358887,4216.282227,4264.487305,4296.794922,4306.794922,4281.794922,4263.333496,4588.846191,4555.0,4441.922852,4496.794922,,,,,,,,,,,,,,,,,,,,,,,,,,,,,,,,,,,,,,,,,,,,,,,,,,,,,,,,,,,,,,,,,,,,,,
1769163810.765877,1769163810.766189,3.0,0.0,4221.025879,4268.333496,4274.230957,4351.153809,4217.94873,4262.307617,4297.820313,4309.871582,4286.666504,4264.615234,4592.94873,4556.922852,4441.538574,4505.0,,,,,,,,,,,,,,,,,,,,,,,,,,,,,,,,,,,,,,,,,,,,,,,,,,,,,,,,,,,,,,,,,,,,,,
1769163810.773686,1769163810.774198,4.0,0.0,4217.563965,4265.897461,4278.205078,4346.538574,4216.794922,4262.692383,4297.563965,4310.769043,4284.230957,4267.692383,4600.769043,4559.230957,4446.410156,4511.410156,,,,,,,,,,,,,,,,,,,,,,,,,,,,,,,,,,,,,,,,,,,,,,,,,,,,,,,,,,,,,,,,,,,,,,
1769163810.781494,1769163810.782006,5.0,0.0,4215.512695,4260.0,4272.436035,4339.615234,4215.0,4263.077148,4296.410156,4310.128418,4279.615234,4267.05127,4598.717773,4558.333496,4443.974121,4506.282227,,,,,,,,,,,,,,,,,,,,,,,,,,,,,,,,,,,,,,,,,,,,,,,,,,,,,,,,,,,,,,,,,,,,,,
1769163810.789302,1769163810.789914,6.0,0.0,4217.692383,4262.307617,4269.102539,4342.307617,4214.615234,4264.743652,4296.153809,4306.282227,4278.974121,4261.794922,4587.94873,4555.897461,4429.615234,4496.538574,,,,,,,,,,,,,,,,,,,,,,,,,,,,,,,,,,,,,,,,,,,,,,,,,,,,,,,,,,,,,,,,,,,,,,
1769163810.797111,1769163810.797723,7.0,0.0,4225.384766,4267.179688,4274.102539,4346.794922,4214.358887,4265.384766,4296.153809,4298.846191,4279.102539,4261.025879,4588.205078,4555.0,4431.153809,4498.333496,,,,,,,,,,,,,,,,,,,,,,,,,,,,,,,,,,,,,,,,,,,,,,,,,,,,,,,,,,,,,,,,,,,,,,
1769163810.804919,1769163810.805332,8.0,0.0,4225.128418,4264.615234,4274.487305,4345.256348,4215.769043,4262.94873,4292.692383,4300.512695,4280.128418,4266.153809,4594.615234,4557.307617,4441.922852,4503.077148,,,,,,,,,,,,,,,,,,,,,,,,,,,,,,,,,,,,,,,,,,,,,,,,,,,,,,,,,,,,,,,,,,,,,,
1769163810.812728,1769163810.81314,9.0,0.0,4213.205078,4259.743652,4264.615234,4338.974121,4217.94873,4264.743652,4292.94873,4311.666504,4282.820313,4265.512695,4589.615234,4557.307617,4433.974121,4496.410156,,,,,,,,,,,,,,,,,,,,,,,,,,,,,,,,,,,,,,,,,,,,,,,,,,,,,,,,,,,,,,,,,,,,,,
1769163810.820536,1769163810.820849,10.0,0.0,4214.615234,4259.487305,4261.922852,4337.94873,4217.563965,4268.717773,4301.538574,4312.563965,4280.897461,4262.563965,4583.461426,4554.358887,4423.077148,4488.333496,,,,,,,,,,,,,,,,,,,,,,,,,,,,,,,,,,,,,,,,,,,,,,,,,,,,,,,,,,,,,,,,,,,,,,
1769163810.828345,1769163810.828657,11.0,0.0,4226.538574,4262.436035,4271.410156,4342.179688,4212.307617,4265.769043,4302.05127,4307.692383,4280.0,4268.717773,4589.358887,4558.461426,4429.743652,4492.179688,,,,,,,,,,,,,,,,,,,,,,,,,,,,,,,,,,,,,,,,,,,,,,,,,,,,,,,,,,,,,,,,,,,,,,
1769163810.836153,1769163810.836665,12.0,0.0,4229.871582,4263.333496,4271.282227,4340.897461,4212.05127,4262.436035,4297.307617,4309.487305,4285.256348,4277.820313,4596.538574,4568.077148,4439.102539,4499.487305,,,,,,,,,,,,,,,,,,,,,,,,,,,,,,,,,,,,,,,,,,,,,,,,,,,,,,,,,,,,,,,,,,,,,,
1769163810.843962,1769163810.844474,13.0,0.0,4227.94873,4260.769043,4264.615234,4338.077148,4217.307617,4265.0,4301.282227,4312.179688,4289.871582,4279.615234,4598.846191,4569.615234,4443.461426,4506.666504,,,,,,,,,,,,,,,,,,,,,,,,,,,,,,,,,,,,,,,,,,,,,,,,,,,,,,,,,,,,,,,,,,,,,,
1769163810.85177,1769163810.852382,14.0,0.0,4232.692383,4264.871582,4268.589844,4340.897461,4219.487305,4266.794922,4302.436035,4312.307617,4291.538574,4277.94873,4603.077148,4568.205078,4445.256348,4510.384766,0.438851,0.542283,0.156392,0.302883,0.10614,0.74386,0.573537,0.253364,0.248766,0.086803,0.451879,0.391504,0.067994,0.122783,0.066062,0.348646,0.361178,0.111236,0.096156,0.065787,0.090583,0.146968,0.131854,0.054671,0.038688,0.153714,0.13568,0.135717,0.082082,0.137047,0.086472,0.115426,0.11884,0.035136,0.074017,0.294711,0.373432,0.22924,0.169033,0.054382,0.243755,0.269664,0.106847,0.127403,0.126481,0.675683,0.519112,0.102774,0.196419,0.128583,0.191181,0.777997,0.165812,0.250166,0.146861,0.415195,0.595717,0.131747,0.301953,0.108119,0.585818,0.541882,0.246363,0.166798,0.21511,0.365545,1.017452,0.41139,0.24293,0.2162
1769163810.859578,1769163810.86019,15.0,0.0,4241.922852,4275.512695,4277.692383,4345.384766,4220.384766,4264.487305,4298.077148,4312.307617,4291.922852,4279.487305,4607.179688,4577.307617,4445.256348,4508.461426,,,,,,,,,,,,,,,,,,,,,,,,,,,,,,,,,,,,,,,,,,,,,,,,,,,,,,,,,,,,,,,,,,,,,,
1769163810.867387,1769163810.868199,16.0,0.0,4243.461426,4275.769043,4276.538574,4343.333496,4223.589844,4264.102539,4299.743652,4311.538574,4288.974121,4283.333496,4609.358887,4584.102539,4449.487305,4511.282227,,,,,,,,,,,,,,,,,,,,,,,,,,,,,,,,,,,,,,,,,,,,,,,,,,,,,,,,,,,,,,,,,,,,,,
1769163810.875195,1769163810.876007,17.0,0.0,4234.102539,4262.436035,4267.94873,4335.384766,4221.282227,4265.384766,4301.410156,4310.769043,4281.282227,4277.692383,4600.0,4567.820313,4441.794922,4507.307617,,,,,,,,,,,,,,,,,,,,,,,,,,,,,,,,,,,,,,,,,,,,,,,,,,,,,,,,,,,,,,,,,,,,,,
1769163810.883004,1769163810.883915,18.0,0.0,4230.769043,4257.05127,4261.922852,4331.538574,4215.512695,4265.769043,4297.436035,4308.846191,4277.179688,4265.256348,4588.077148,4551.410156,4426.794922,4499.102539,,,,,,,,,,,,,,,,,,,,,,,,,,,,,,,,,,,,,,,,,,,,,,,,,,,,,,,,,,,,,,,,,,,,,,
1769163810.890812,1769163810.891724,19.0,0.0,4234.487305,4263.205078,4262.436035,4333.846191,4218.205078,4265.641113,4296.922852,4308.461426,4279.615234,4268.717773,4591.025879,4561.410156,4434.615234,4504.102539,,,,,,,,,,,,,,,,,,,,,,,,,,,,,,,,,,,,,,,,,,,,,,,,,,,,,,,,,,,,,,,,,,,,,,
1769163810.898621,1769163810.899732,20.0,0.0,4235.256348,4264.871582,4266.282227,4335.769043,4225.897461,4266.153809,4299.358887,4309.871582,4281.025879,4277.94873,4600.0,4572.05127,4444.230957,4512.179688,,,,,,,,,,,,,,,,,,,,,,,,,,,,,,,,,,,,,,,,,,,,,,,,,,,,,,,,,,,,,,,,,,,,,,
1769163810.906429,1769163810.907541,21.0,0.0,4239.871582,4263.077148,4264.230957,4333.077148,4228.333496,4266.922852,4300.256348,4308.333496,4280.512695,4270.897461,4596.922852,4560.512695,4432.692383,4506.666504,,,,,,,,,,,,,,,,,,,,,,,,,,,,,,,,,,,,,,,,,,,,,,,,,,,,,,,,,,,,,,,,,,,,,,
1769163810.914238,1769163810.915249,22.0,0.0,4244.230957,4264.615234,4259.871582,4333.205078,4226.025879,4266.153809,4300.512695,4306.922852,4280.128418,4262.692383,4587.05127,4551.025879,4424.358887,4496.025879,,,,,,,,,,,,,,,,,,,,,,,,,,,,,,,,,,,,,,,,,,,,,,,,,,,,,,,,,,,,,,,,,,,,,,
1769163810.922046,1769163810.923058,23.0,0.0,4238.333496,4265.256348,4262.05127,4335.512695,4221.153809,4264.102539,4296.666504,4304.743652,4278.717773,4265.256348,4583.846191,4556.410156,4430.128418,4493.333496,,,,,,,,,,,,,,,,,,,,,,,,,,,,,,,,,,,,,,,,,,,,,,,,,,,,,,,,,,,,,,,,,,,,,,
1769163810.929855,1769163810.930666,24.0,0.0,4232.307617,4263.589844,4258.974121,4331.153809,4218.461426,4263.461426,4293.333496,4299.358887,4277.692383,4265.0,4584.102539,4556.410156,4429.743652,4493.077148,,,,,,,,,,,,,,,,,,,,,,,,,,,,,,,,,,,,,,,,,,,,,,,,,,,,,,,,,,,,,,,,,,,,,,
1769163810.937663,1769163810.938475,25.0,0.0,4232.563965,4262.94873,4250.512695,4324.487305,4223.846191,4265.0,4297.820313,4303.846191,4279.487305,4266.922852,4584.358887,4549.102539,4424.358887,4490.384766,,,,,,,,,,,,,,,,,,,,,,,,,,,,,,,,,,,,,,,,,,,,,,,,,,,,,,,,,,,,,,,,,,,,,,
1769163810.945472,1769163810.946183,26.0,0.0,4237.692383,4264.487305,4254.871582,4324.871582,4230.769043,4265.0,4303.589844,4313.205078,4282.563965,4275.641113,4586.666504,4552.563965,4427.05127,4489.358887,,,,,,,,,,,,,,,,,,,,,,,,,,,,,,,,,,,,,,,,,,,,,,,,,,,,,,,,,,,,,,,,,,,,,,
1769163810.95328,1769163810.953992,27.0,0.0,4244.871582,4263.589844,4263.846191,4329.230957,4229.230957,4260.256348,4297.820313,4302.692383,4282.05127,4273.974121,4583.461426,4552.94873,4424.102539,4486.282227,,,,,,,,,,,,,,,,,,,,,,,,,,,,,,,,,,,,,,,,,,,,,,,,,,,,,,,,,,,,,,,,,,,,,,
1769163810.961089,1769163810.9616,28.0,0.0,4245.897461,4262.820313,4256.153809,4327.94873,4226.410156,4259.871582,4292.692383,4292.05127,4277.820313,4264.615234,4575.256348,4543.461426,4414.487305,4479.230957,,,,,,,,,,,,,,,,,,,,,,,,,,,,,,,,,,,,,,,,,,,,,,,,,,,,,,,,,,,,,,,,,,,,,,
1769163810.968897,1769163810.969409,29.0,0.0,4242.179688,4263.717773,4245.256348,4324.230957,4227.307617,4265.641113,4300.384766,4304.743652,4278.846191,4265.128418,4570.256348,4542.563965,4411.922852,4475.512695,,,,,,,,,,,,,,,,,,,,,,,,,,,,,,,,,,,,,,,,,,,,,,,,,,,,,,,,,,,,,,,,,,,,,,
1769163810.976705,1769163810.977317,30.0,0.0,4244.871582,4264.102539,4251.282227,4325.384766,4226.153809,4266.794922,4302.179688,4308.205078,4279.230957,4270.641113,4572.692383,4547.436035,4414.487305,4478.974121,0.436184,0.515107,0.192417,0.273077,0.099431,0.829657,0.549314,0.282484,0.238655,0.080501,0.520626,0.377317,0.0863,0.114716,0.069476,0.363424,0.341903,0.142417,0.09166,0.061649,0.075436,0.119061,0.122468,0.046941,0.032685,0.116492,0.147481,0.111194,0.090556,0.14491,0.071206,0.087449,0.103502,0.037517,0.062938,0.433438,0.337059,0.267327,0.192226,0.069498,0.306835,0.237783,0.094682,0.13214,0.112924,0.844222,0.485416,0.082624,0.191681,0.127919,0.237608,0.735041,0.17263,0.258533,0.152192,0.418022,0.55373,0.131696,0.296653,0.104342,0.60093,0.508624,0.270761,0.175798,0.213863,0.385206,0.948343,0.380028,0.262215,0.202609
1769163810.984514,1769163810.985126,31.0,0.0,4250.128418,4264.230957,4258.205078,4328.846191,4222.563965,4263.333496,4294.102539,4293.589844,4270.256348,4268.205078,4574.743652,4544.230957,4414.615234,4482.05127,,,,,,,,,,,,,,,,,,,,,,,,,,,,,,,,,,,,,,,,,,,,,,,,,,,,,,,,,,,,,,,,,,,,,,
1769163810.992322,1769163810.993134,32.0,0.0,4250.0,4263.589844,4251.666504,4327.94873,4224.102539,4264.102539,4294.102539,4292.563965,4266.025879,4265.769043,4569.487305,4538.077148,4412.179688,4478.589844,,,,,,,,,,,,,,,,,,,,,,,,,,,,,,,,,,,,,,,,,,,,,,,,,,,,,,,,,,,,,,,,,,,,,,
1769163811.000131,1769163811.000942,33.0,0.0,4244.615234,4262.05127,4246.666504,4324.487305,4226.282227,4265.0,4296.794922,4302.05127,4275.512695,4273.333496,4568.461426,4540.641113,4411.794922,4476.153809,,,,,,,,,,,,,,,,,,,,,,,,,,,,,,,,,,,,,,,,,,,,,,,,,,,,,,,,,,,,,,,,,,,,,,
1769163811.007939,1769163811.008651,34.0,0.0,4247.563965,4263.589844,4252.307617,4326.794922,4227.563965,4261.794922,4294.871582,4305.384766,4283.077148,4279.871582,4576.794922,4549.102539,4416.025879,4483.974121,,,,,,,,,,,,,,,,,,,,,,,,,,,,,,,,,,,,,,,,,,,,,,,,,,,,,,,,,,,,,,,,,,,,,,
1769163811.015748,1769163811.016459,35.0,0.0,4258.333496,4266.410156,4255.769043,4328.717773,4228.589844,4262.820313,4297.179688,4306.922852,4278.589844,4277.692383,4578.846191,4553.846191,4417.692383,4492.563965,,,,,,,,,,,,,,,,,,,,,,,,,,,,,,,,,,,,,,,,,,,,,,,,,,,,,,,,,,,,,,,,,,,,,,
1769163811.023556,1769163811.024068,36.0,0.0,4256.922852,4264.743652,4248.846191,4326.666504,4227.692383,4267.563965,4299.871582,4310.128418,4276.153809,4275.769043,4574.102539,4551.538574,4418.333496,4490.0,,,,,,,,,,,,,,,,,,,,,,,,,,,,,,,,,,,,,,,,,,,,,,,,,,,,,,,,,,,,,,,,,,,,,,
1769163811.031365,1769163811.031876,37.0,0.0,4252.307617,4263.974121,4247.94873,4330.512695,4228.077148,4263.077148,4296.153809,4312.179688,4287.436035,4281.153809,4578.717773,4550.0,4422.820313,4489.615234,,,,,,,,,,,,,,,,,,,,,,,,,,,,,,,,,,,,,,,,,,,,,,,,,,,,,,,,,,,,,,,,,,,,,,
1769163811.039173,1769163811.039585,38.0,0.0,4258.974121,4266.153809,4256.282227,4335.897461,4231.153809,4261.666504,4296.794922,4312.563965,4292.563965,4284.102539,4585.769043,4554.358887,4424.102539,4492.94873,,,,,,,,,,,,,,,,,,,,,,,,,,,,,,,,,,,,,,,,,,,,,,,,,,,,,,,,,,,,,,,,,,,,,,
1769163811.046981,1769163811.047393,39.0,0.0,4266.410156,4269.358887,4261.025879,4334.615234,4234.102539,4272.820313,4302.94873,4309.102539,4281.794922,4280.512695,4584.487305,4554.743652,4421.922852,4492.307617,,,,,,,,,,,,,,,,,,,,,,,,,,,,,,,,,,,,,,,,,,,,,,,,,,,,,,,,,,,,,,,,,,,,,,
1769163811.05479,1769163811.055402,40.0,0.0,4269.358887,4274.230957,4262.436035,4337.436035,4233.461426,4273.717773,4302.692383,4306.025879,4276.538574,4280.256348,4586.153809,4555.384766,4430.128418,4499.871582,,,,,,,,,,,,,,,,,,,,,,,,,,,,,,,,,,,,,,,,,,,,,,,,,,,,,,,,,,,,,,,,,,,,,,
1769163811.062598,1769163811.06321,41.0,0.0,4270.384766,4274.102539,4264.230957,4341.666504,4231.538574,4261.922852,4296.282227,4306.794922,4282.307617,4282.179688,4588.077148,4557.436035,4433.333496,4502.94873,,,,,,,,,,,,,,,,,,,,,,,,,,,,,,,,,,,,,,,,,,,,,,,,,,,,,,,,,,,,,,,,,,,,,,
1769163811.070407,1769163811.071118,42.0,0.0,4269.615234,4268.846191,4263.717773,4335.897461,4230.897461,4260.769043,4296.153809,4307.05127,4280.256348,4278.589844,4581.153809,4553.846191,4420.641113,4492.05127,,,,,,,,,,,,,,,,,,,,,,,,,,,,,,,,,,,,,,,,,,,,,,,,,,,,,,,,,,,,,,,,,,,,,,
1769163811.078215,1769163811.078927,43.0,0.0,4273.077148,4267.307617,4260.769043,4333.205078,4230.384766,4265.641113,4299.358887,4305.769043,4277.179688,4276.794922,4580.384766,4552.692383,4420.897461,4488.846191,,,,,,,,,,,,,,,,,,,,,,,,,,,,,,,,,,,,,,,,,,,,,,,,,,,,,,,,,,,,,,,,,,,,,,
1769163811.086024,1769163811.086935,44.0,0.0,4278.589844,4269.358887,4260.769043,4334.743652,4230.641113,4262.436035,4293.589844,4306.410156,4283.077148,4281.794922,4587.94873,4558.333496,4430.384766,4495.384766,,,,,,,,,,,,,,,,,,,,,,,,,,,,,,,,,,,,,,,,,,,,,,,,,,,,,,,,,,,,,,,,,,,,,,
1769163811.093832,1769163811.094744,45.0,0.0,4276.282227,4266.282227,4262.563965,4328.333496,4230.769043,4261.025879,4291.410156,4309.358887,4283.846191,4283.589844,4586.025879,4556.666504,4422.307617,4493.589844,,,,,,,,,,,,,,,,,,,,,,,,,,,,,,,,,,,,,,,,,,,,,,,,,,,,,,,,,,,,,,,,,,,,,,
1769163811.101641,1769163811.102452,46.0,0.0,4276.025879,4263.205078,4262.05127,4323.589844,4231.538574,4264.487305,4303.333496,4311.410156,4280.769043,4278.974121,4578.461426,4552.820313,4415.256348,4486.666504,0.432715,0.475324,0.226256,0.241189,0.096917,0.877144,0.524185,0.311246,0.215966,0.074668,0.564363,0.33449,0.115173,0.109027,0.073004,0.360896,0.310545,0.17572,0.089018,0.056362,0.072001,0.099747,0.12113,0.04535,0.027962,0.096406,0.150751,0.092786,0.096846,0.140634,0.057683,0.061362,0.085279,0.040022,0.052024,0.568272,0.302642,0.290985,0.209909,0.085052,0.354091,0.205641,0.082202,0.136351,0.099128,0.973331,0.441814,0.067552,0.18226,0.125177,0.290017,0.641774,0.175622,0.255238,0.157965,0.39142,0.4697,0.123518,0.26796,0.096664,0.585533,0.453067,0.289073,0.181757,0.216685,0.441013,0.816407,0.328598,0.272895,0.185768
1769163811.109449,1769163811.110261,47.0,0.0,4286.153809,4271.538574,4262.820313,4327.692383,4233.846191,4264.871582,4304.615234,4310.512695,4282.307617,4278.461426,4581.410156,4561.025879,4424.615234,4491.025879,,,,,,,,,,,,,,,,,,,,,,,,,,,,,,,,,,,,,,,,,,,,,,,,,,,,,,,,,,,,,,,,,,,,,,
1769163811.117257,1769163811.118269,48.0,0.0,4289.615234,4275.641113,4265.769043,4329.230957,4235.128418,4264.358887,4297.307617,4309.230957,4281.666504,4284.230957,4587.307617,4568.333496,4431.282227,4501.666504,,,,,,,,,,,,,,,,,,,,,,,,,,,,,,,,,,,,,,,,,,,,,,,,,,,,,,,,,,,,,,,,,,,,,,
1769163811.125066,1769163811.126077,49.0,0.0,4284.102539,4268.077148,4265.256348,4324.871582,4234.487305,4265.897461,4303.205078,4309.230957,4283.077148,4287.820313,4586.153809,4563.974121,4428.333496,4503.077148,,,,,,,,,,,,,,,,,,,,,,,,,,,,,,,,,,,,,,,,,,,,,,,,,,,,,,,,,,,,,,,,,,,,,,
1769163811.132874,1769163811.133786,50.0,0.0,4285.384766,4268.717773,4264.358887,4324.871582,4234.487305,4266.410156,4305.769043,4312.436035,4289.358887,4288.461426,4586.922852,4562.179688,4429.487305,4500.512695,,,,,,,,,,,,,,,,,,,,,,,,,,,,,,,,,,,,,,,,,,,,,,,,,,,,,,,,,,,,,,,,,,,,,,
1769163811.140683,1769163811.141594,51.0,0.0,4295.0,4280.128418,4266.282227,4326.666504,4235.384766,4263.205078,4295.256348,4310.128418,4286.794922,4285.769043,4588.461426,4563.461426,4431.794922,4503.333496,,,,,,,,,,,,,,,,,,,,,,,,,,,,,,,,,,,,,,,,,,,,,,,,,,,,,,,,,,,,,,,,,,,,,,
1769163811.148491,1769163811.149203,52.0,0.0,4296.666504,4280.128418,4265.897461,4326.153809,4234.743652,4262.436035,4294.102539,4299.743652,4278.461426,4282.179688,4587.436035,4558.974121,4430.769043,4505.0,,,,,,,,,,,,,,,,,,,,,,,,,,,,,,,,,,,,,,,,,,,,,,,,,,,,,,,,,,,,,,,,,,,,,,
1769163811.1563,1769163811.157011,53.0,0.0,4293.974121,4274.615234,4263.589844,4325.128418,4233.333496,4265.641113,4298.974121,4297.436035,4278.974121,4282.05127,4587.692383,4554.615234,4430.769043,4500.512695,,,,,,,,,,,,,,,,,,,,,,,,,,,,,,,,,,,,,,,,,,,,,,,,,,,,,,,,,,,,,,,,,,,,,,
1769163811.164108,1769163811.16472,54.0,0.0,4300.0,4277.179688,4265.512695,4326.025879,4233.205078,4264.871582,4295.641113,4304.871582,4281.153809,4281.025879,4585.256348,4556.666504,4430.897461,4495.769043,,,,,,,,,,,,,,,,,,,,,,,,,,,,,,,,,,,,,,,,,,,,,,,,,,,,,,,,,,,,,,,,,,,,,,
1769163811.171917,1769163811.172528,55.0,0.0,4307.692383,4279.743652,4269.230957,4325.512695,4234.487305,4263.461426,4295.0,4309.487305,4283.205078,4282.179688,4584.230957,4562.179688,4430.512695,4497.94873,,,,,,,,,,,,,,,,,,,,,,,,,,,,,,,,,,,,,,,,,,,,,,,,,,,,,,,,,,,,,,,,,,,,,,
1769163811.179725,1769163811.180537,56.0,0.0,4308.974121,4279.102539,4267.692383,4324.358887,4235.512695,4266.410156,4301.025879,4311.153809,4291.153809,4289.615234,4592.436035,4568.846191,4431.410156,4505.0,,,,,,,,,,,,,,,,,,,,,,,,,,,,,,,,,,,,,,,,,,,,,,,,,,,,,,,,,,,,,,,,,,,,,,
1769163811.187534,1769163811.188345,57.0,0.0,4307.94873,4278.461426,4266.025879,4326.153809,4235.641113,4266.666504,4301.794922,4313.333496,4295.128418,4294.871582,4595.0,4572.05127,4431.794922,4505.512695,,,,,,,,,,,,,,,,,,,,,,,,,,,,,,,,,,,,,,,,,,,,,,,,,,,,,,,,,,,,,,,,,,,,,,
1769163811.195342,1769163811.196253,58.0,0.0,4310.128418,4277.94873,4267.307617,4327.692383,4235.384766,4262.820313,4299.102539,4312.94873,4293.333496,4290.384766,4588.077148,4568.717773,4430.512695,4496.794922,,,,,,,,,,,,,,,,,,,,,,,,,,,,,,,,,,,,,,,,,,,,,,,,,,,,,,,,,,,,,,,,,,,,,,
1769163811.20315,1769163811.204062,59.0,0.0,4308.974121,4278.205078,4268.205078,4322.820313,4233.205078,4263.205078,4299.615234,4310.512695,4294.358887,4287.436035,4586.410156,4564.487305,4427.563965,4490.897461,,,,,,,,,,,,,,,,,,,,,,,,,,,,,,,,,,,,,,,,,,,,,,,,,,,,,,,,,,,,,,,,,,,,,,
1769163811.210959,1769163811.21167,60.0,0.0,4303.333496,4275.641113,4268.077148,4315.128418,4230.512695,4263.974121,4298.846191,4309.743652,4292.94873,4290.128418,4588.846191,4561.794922,4426.538574,4491.538574,,,,,,,,,,,,,,,,,,,,,,,,,,,,,,,,,,,,,,,,,,,,,,,,,,,,,,,,,,,,,,,,,,,,,,
1769163811.218767,1769163811.219479,61.0,0.0,4302.692383,4269.358887,4265.0,4310.641113,4230.512695,4261.153809,4294.615234,4308.589844,4286.282227,4288.077148,4586.666504,4557.692383,4426.410156,4492.94873,,,,,,,,,,,,,,,,,,,,,,,,,,,,,,,,,,,,,,,,,,,,,,,,,,,,,,,,,,,,,,,,,,,,,,
1769163811.226576,1769163811.227187,62.0,0.0,4303.205078,4264.871582,4262.05127,4308.077148,4231.025879,4260.641113,4298.077148,4308.846191,4285.256348,4282.820313,4584.743652,4553.974121,4421.538574,4486.794922,0.412188,0.429912,0.246401,0.211337,0.100498,0.866844,0.486763,0.324816,0.183949,0.071519,0.529348,0.273306,0.147106,0.104435,0.078039,0.351537,0.265607,0.196109,0.087675,0.052866,0.076709,0.086093,0.121667,0.050075,0.025412,0.087134,0.141665,0.078929,0.097564,0.124572,0.046462,0.041955,0.068987,0.041758,0.04367,0.663356,0.285956,0.294463,0.219405,0.098622,0.365466,0.185245,0.070868,0.135798,0.086633,1.034563,0.400578,0.057631,0.170491,0.122558,0.347328,0.536707,0.174712,0.245603,0.163918,0.366191,0.374139,0.109433,0.225923,0.092436,0.570277,0.391588,0.292268,0.18667,0.22368,0.557886,0.658946,0.272822,0.273259,0.168296
1769163811.234384,1769163811.234996,63.0,0.0,4300.641113,4264.743652,4261.410156,4305.769043,4229.615234,4263.077148,4303.205078,4307.436035,4286.025879,4279.743652,4582.436035,4552.307617,4415.897461,4476.282227,,,,,,,,,,,,,,,,,,,,,,,,,,,,,,,,,,,,,,,,,,,,,,,,,,,,,,,,,,,,,,,,,,,,,,
1769163811.242193,1769163811.243004,64.0,0.0,4301.666504,4264.358887,4262.307617,4301.538574,4229.230957,4262.179688,4297.94873,4306.922852,4281.538574,4280.0,4575.384766,4552.436035,4414.230957,4476.666504,,,,,,,,,,,,,,,,,,,,,,,,,,,,,,,,,,,,,,,,,,,,,,,,,,,,,,,,,,,,,,,,,,,,,,
1769163811.250001,1769163811.250813,65.0,0.0,4306.153809,4262.94873,4262.563965,4298.333496,4230.128418,4260.769043,4293.846191,4308.461426,4279.871582,4278.717773,4570.512695,4553.333496,4412.94873,4480.897461,,,,,,,,,,,,,,,,,,,,,,,,,,,,,,,,,,,,,,,,,,,,,,,,,,,,,,,,,,,,,,,,,,,,,,
1769163811.25781,1769163811.258721,66.0,0.0,4307.563965,4262.307617,4263.974121,4299.743652,4230.0,4262.179688,4296.538574,4306.153809,4281.025879,4278.461426,4570.384766,4552.563965,4413.205078,4477.05127,,,,,,,,,,,,,,,,,,,,,,,,,,,,,,,,,,,,,,,,,,,,,,,,,,,,,,,,,,,,,,,,,,,,,,
1769163811.265618,1769163811.266529,67.0,0.0,4309.102539,4266.666504,4264.615234,4305.769043,4230.0,4261.794922,4295.512695,4304.871582,4278.717773,4279.871582,4569.615234,4550.769043,4412.820313,4473.846191,,,,,,,,,,,,,,,,,,,,,,,,,,,,,,,,,,,,,,,,,,,,,,,,,,,,,,,,,,,,,,,,,,,,,,
1769163811.273427,1769163811.274538,68.0,0.0,4310.0,4269.230957,4264.230957,4309.230957,4230.897461,4262.05127,4295.769043,4308.077148,4281.538574,4279.743652,4570.128418,4549.871582,4411.922852,4476.282227,,,,,,,,,,,,,,,,,,,,,,,,,,,,,,,,,,,,,,,,,,,,,,,,,,,,,,,,,,,,,,,,,,,,,,
1769163811.281235,1769163811.282346,69.0,0.0,4310.0,4265.769043,4270.128418,4307.94873,4232.436035,4265.641113,4298.461426,4311.153809,4291.538574,4286.153809,4580.0,4557.307617,4419.358887,4483.589844,,,,,,,,,,,,,,,,,,,,,,,,,,,,,,,,,,,,,,,,,,,,,,,,,,,,,,,,,,,,,,,,,,,,,,
1769163811.289044,1769163811.290254,70.0,0.0,4312.820313,4268.333496,4279.358887,4309.358887,4234.230957,4266.794922,4296.922852,4311.666504,4295.128418,4295.0,4591.282227,4564.358887,4428.077148,4491.282227,,,,,,,,,,,,,,,,,,,,,,,,,,,,,,,,,,,,,,,,,,,,,,,,,,,,,,,,,,,,,,,,,,,,,,
1769163811.296852,1769163811.298063,71.0,0.0,4312.307617,4272.563965,4278.205078,4308.589844,4235.384766,4263.461426,4296.153809,4311.922852,4293.077148,4294.102539,4590.384766,4560.128418,4425.897461,4489.358887,,,,,,,,,,,,,,,,,,,,,,,,,,,,,,,,,,,,,,,,,,,,,,,,,,,,,,,,,,,,,,,,,,,,,,
1769163811.30466,1769163811.306071,72.0,0.0,4312.307617,4268.974121,4269.743652,4306.025879,4233.717773,4261.538574,4296.538574,4311.153809,4293.205078,4291.153809,4586.153809,4555.384766,4424.743652,4487.820313,,,,,,,,,,,,,,,,,,,,,,,,,,,,,,,,,,,,,,,,,,,,,,,,,,,,,,,,,,,,,,,,,,,,,,
1769163811.312469,1769163811.31388,73.0,0.0,4318.846191,4270.256348,4271.922852,4308.205078,4232.436035,4265.641113,4296.794922,4308.589844,4294.102539,4294.102539,4587.307617,4556.410156,4429.871582,4492.563965,,,,,,,,,,,,,,,,,,,,,,,,,,,,,,,,,,,,,,,,,,,,,,,,,,,,,,,,,,,,,,,,,,,,,,
1769163811.320277,1769163811.321588,74.0,0.0,4325.128418,4279.487305,4280.641113,4312.436035,4237.179688,4265.384766,4300.0,4308.461426,4295.384766,4295.897461,4588.333496,4556.922852,4430.384766,4492.692383,,,,,,,,,,,,,,,,,,,,,,,,,,,,,,,,,,,,,,,,,,,,,,,,,,,,,,,,,,,,,,,,,,,,,,
1769163811.328086,1769163811.329397,75.0,0.0,4328.077148,4280.769043,4280.512695,4316.025879,4245.384766,4265.384766,4302.436035,4309.871582,4295.0,4292.94873,4585.769043,4558.589844,4427.436035,4490.769043,,,,,,,,,,,,,,,,,,,,,,,,,,,,,,,,,,,,,,,,,,,,,,,,,,,,,,,,,,,,,,,,,,,,,,
1769163811.335894,1769163811.337005,76.0,0.0,4332.820313,4277.436035,4277.820313,4319.358887,4248.205078,4272.05127,4303.205078,4310.897461,4293.461426,4291.794922,4587.692383,4565.512695,4427.94873,4492.05127,,,,,,,,,,,,,,,,,,,,,,,,,,,,,,,,,,,,,,,,,,,,,,,,,,,,,,,,,,,,,,,,,,,,,,
1769163811.343703,1769163811.344814,77.0,0.0,4335.897461,4279.230957,4278.589844,4320.384766,4245.897461,4272.05127,4303.717773,4311.794922,4295.769043,4294.102539,4593.461426,4568.333496,4429.615234,4493.846191,,,,,,,,,,,,,,,,,,,,,,,,,,,,,,,,,,,,,,,,,,,,,,,,,,,,,,,,,,,,,,,,,,,,,,
1769163811.351511,1769163811.352522,78.0,0.0,4334.358887,4279.102539,4277.94873,4319.230957,4245.256348,4262.692383,4301.282227,4311.153809,4298.333496,4297.307617,4593.717773,4563.846191,4432.436035,4494.358887,0.381102,0.388393,0.248426,0.188178,0.110472,0.795056,0.434144,0.316851,0.149792,0.072101,0.469064,0.209341,0.173857,0.099861,0.086695,0.33168,0.214566,0.197103,0.086443,0.053272,0.088201,0.073623,0.116921,0.060218,0.025133,0.081076,0.123168,0.067382,0.090988,0.101796,0.03687,0.032258,0.058474,0.042064,0.040032,0.699333,0.293152,0.277606,0.218813,0.10943,0.340584,0.186748,0.061972,0.129928,0.077119,1.012661,0.37446,0.052611,0.15863,0.121569,0.418041,0.458396,0.17143,0.235531,0.168913,0.374721,0.298558,0.096182,0.184089,0.098728,0.592794,0.342463,0.279483,0.191776,0.233603,0.760228,0.515051,0.22748,0.264159,0.152998
1769163811.35932,1769163811.360331,79.0,0.0,4338.077148,4277.436035,4279.487305,4320.897461,4245.0,4261.282227,4298.846191,4309.743652,4295.769043,4295.384766,4592.820313,4562.94873,4431.922852,4492.820313,,,,,,,,,,,,,,,,,,,,,,,,,,,,,,,,,,,,,,,,,,,,,,,,,,,,,,,,,,,,,,,,,,,,,,
1769163811.367128,1769163811.367939,80.0,0.0,4343.461426,4277.436035,4283.077148,4321.282227,4242.94873,4269.102539,4303.333496,4309.487305,4296.666504,4296.794922,4598.205078,4567.563965,4432.94873,4495.897461,,,,,,,,,,,,,,,,,,,,,,,,,,,,,,,,,,,,,,,,,,,,,,,,,,,,,,,,,,,,,,,,,,,,,,
1769163811.374936,1769163811.375748,81.0,0.0,4341.410156,4277.94873,4281.538574,4317.94873,4243.333496,4267.94873,4304.615234,4311.410156,4301.410156,4303.333496,4603.846191,4571.794922,4440.641113,4504.871582,,,,,,,,,,,,,,,,,,,,,,,,,,,,,,,,,,,,,,,,,,,,,,,,,,,,,,,,,,,,,,,,,,,,,,
1769163811.382745,1769163811.383656,82.0,0.0,4339.615234,4279.102539,4283.205078,4319.871582,4242.563965,4264.615234,4303.333496,4312.436035,4301.538574,4302.563965,4603.461426,4572.820313,4445.384766,4509.358887,,,,,,,,,,,,,,,,,,,,,,,,,,,,,,,,,,,,,,,,,,,,,,,,,,,,,,,,,,,,,,,,,,,,,,
1769163811.390553,1769163811.391465,83.0,0.0,4343.077148,4279.102539,4286.794922,4321.282227,4238.717773,4268.205078,4305.0,4309.102539,4296.794922,4295.128418,4598.333496,4567.05127,4438.333496,4502.436035,,,,,,,,,,,,,,,,,,,,,,,,,,,,,,,,,,,,,,,,,,,,,,,,,,,,,,,,,,,,,,,,,,,,,,
1769163811.398362,1769163811.399473,84.0,0.0,4342.692383,4277.820313,4284.230957,4315.256348,4238.589844,4269.871582,4300.897461,4306.153809,4294.358887,4291.025879,4590.384766,4557.94873,4429.487305,4493.333496,,,,,,,,,,,,,,,,,,,,,,,,,,,,,,,,,,,,,,,,,,,,,,,,,,,,,,,,,,,,,,,,,,,,,,
1769163811.40617,1769163811.407281,85.0,0.0,4338.717773,4276.025879,4282.179688,4311.282227,4243.461426,4266.666504,4298.846191,4308.717773,4295.384766,4289.615234,4585.512695,4553.589844,4429.102539,4491.153809,,,,,,,,,,,,,,,,,,,,,,,,,,,,,,,,,,,,,,,,,,,,,,,,,,,,,,,,,,,,,,,,,,,,,,
1769163811.413979,1769163811.41499,86.0,0.0,4340.897461,4272.307617,4286.282227,4312.436035,4246.922852,4266.794922,4303.077148,4313.461426,4295.384766,4291.153809,4585.897461,4556.666504,4428.077148,4490.897461,,,,,,,,,,,,,,,,,,,,,,,,,,,,,,,,,,,,,,,,,,,,,,,,,,,,,,,,,,,,,,,,,,,,,,
1769163811.421787,1769163811.422798,87.0,0.0,4348.589844,4269.487305,4290.641113,4311.666504,4243.461426,4268.333496,4301.922852,4314.230957,4299.102539,4296.025879,4588.461426,4564.230957,4425.128418,4488.974121,,,,,,,,,,,,,,,,,,,,,,,,,,,,,,,,,,,,,,,,,,,,,,,,,,,,,,,,,,,,,,,,,,,,,,
1769163811.429596,1769163811.430407,88.0,0.0,4355.256348,4274.230957,4293.846191,4313.205078,4239.487305,4262.436035,4298.205078,4313.461426,4305.641113,4297.05127,4596.282227,4569.487305,4433.846191,4495.641113,,,,,,,,,,,,,,,,,,,,,,,,,,,,,,,,,,,,,,,,,,,,,,,,,,,,,,,,,,,,,,,,,,,,,,
1769163811.437404,1769163811.438215,89.0,0.0,4356.666504,4279.743652,4294.871582,4320.641113,4242.94873,4259.487305,4298.974121,4314.102539,4306.282227,4294.615234,4601.666504,4568.461426,4443.717773,4504.615234,,,,,,,,,,,,,,,,,,,,,,,,,,,,,,,,,,,,,,,,,,,,,,,,,,,,,,,,,,,,,,,,,,,,,,
1769163811.445212,1769163811.446124,90.0,0.0,4359.230957,4277.307617,4296.922852,4324.871582,4247.436035,4262.820313,4297.563965,4313.589844,4305.128418,4296.922852,4602.179688,4568.205078,4444.230957,4499.615234,,,,,,,,,,,,,,,,,,,,,,,,,,,,,,,,,,,,,,,,,,,,,,,,,,,,,,,,,,,,,,,,,,,,,,
1769163811.453021,1769163811.453932,91.0,0.0,4366.025879,4276.666504,4301.410156,4325.0,4245.641113,4264.230957,4296.666504,4314.102539,4304.102539,4294.743652,4600.256348,4570.897461,4439.358887,4491.410156,,,,,,,,,,,,,,,,,,,,,,,,,,,,,,,,,,,,,,,,,,,,,,,,,,,,,,,,,,,,,,,,,,,,,,
1769163811.460829,1769163811.46194,92.0,0.0,4367.94873,4280.641113,4298.717773,4326.410156,4243.974121,4264.871582,4299.615234,4313.974121,4298.205078,4283.846191,4592.692383,4565.512695,4431.410156,4490.512695,,,,,,,,,,,,,,,,,,,,,,,,,,,,,,,,,,,,,,,,,,,,,,,,,,,,,,,,,,,,,,,,,,,,,,
1769163811.468638,1769163811.469749,93.0,0.0,4366.922852,4282.307617,4298.589844,4326.410156,4246.282227,4263.077148,4295.384766,4310.384766,4291.794922,4281.025879,4590.897461,4560.641113,4432.94873,4492.307617,,,,,,,,,,,,,,,,,,,,,,,,,,,,,,,,,,,,,,,,,,,,,,,,,,,,,,,,,,,,,,,,,,,,,,
1769163811.476446,1769163811.477457,94.0,0.0,4370.641113,4286.666504,4307.05127,4327.05127,4247.692383,4259.871582,4295.128418,4308.205078,4293.717773,4290.256348,4597.563965,4565.769043,4439.358887,4492.692383,0.345036,0.356074,0.234862,0.17224,0.124685,0.671638,0.370596,0.288044,0.119932,0.075823,0.360835,0.159003,0.190078,0.094414,0.099523,0.312966,0.169537,0.181328,0.083917,0.057529,0.10112,0.06071,0.104121,0.073519,0.026438,0.074597,0.100174,0.058114,0.078268,0.0796,0.030059,0.031802,0.055816,0.040859,0.042552,0.672618,0.318188,0.24748,0.208468,0.117967,0.291928,0.218663,0.058022,0.122348,0.072004,0.936378,0.370531,0.051699,0.148342,0.122162,0.509353,0.428922,0.167241,0.22818,0.171186,0.441817,0.265192,0.093983,0.154101,0.117616,0.67487,0.320413,0.255287,0.19529,0.243772,1.046065,0.411516,0.200555,0.248543,0.142566
1769163811.484255,1769163811.485266,95.0,0.0,4376.025879,4289.871582,4306.153809,4330.128418,4248.461426,4261.538574,4301.538574,4311.282227,4297.563965,4293.461426,4597.692383,4568.077148,4437.307617,4492.692383,,,,,,,,,,,,,,,,,,,,,,,,,,,,,,,,,,,,,,,,,,,,,,,,,,,,,,,,,,,,,,,,,,,,,,
1769163811.492063,1769163811.492874,96.0,0.0,4377.179688,4284.487305,4300.897461,4329.615234,4247.692383,4265.384766,4298.974121,4312.05127,4296.794922,4291.794922,4595.0,4566.922852,4436.794922,4499.487305,,,,,,,,,,,,,,,,,,,,,,,,,,,,,,,,,,,,,,,,,,,,,,,,,,,,,,,,,,,,,,,,,,,,,,
1769163811.499872,1769163811.500683,97.0,0.0,4372.94873,4280.641113,4304.871582,4326.666504,4246.153809,4263.461426,4294.871582,4309.743652,4294.358887,4294.743652,4598.461426,4567.563965,4438.846191,4505.384766,,,,,,,,,,,,,,,,,,,,,,,,,,,,,,,,,,,,,,,,,,,,,,,,,,,,,,,,,,,,,,,,,,,,,,
1769163811.50768,1769163811.508591,98.0,0.0,4365.128418,4280.128418,4303.717773,4325.256348,4247.179688,4262.05127,4300.641113,4311.538574,4293.205078,4293.717773,4598.974121,4567.563965,4430.0,4498.589844,,,,,,,,,,,,,,,,,,,,,,,,,,,,,,,,,,,,,,,,,,,,,,,,,,,,,,,,,,,,,,,,,,,,,,
1769163811.515489,1769163811.5164,99.0,0.0,4364.358887,4276.666504,4297.820313,4325.897461,4248.846191,4263.461426,4302.179688,4313.717773,4295.128418,4289.102539,4596.282227,4562.820313,4428.974121,4491.922852,,,,,,,,,,,,,,,,,,,,,,,,,,,,,,,,,,,,,,,,,,,,,,,,,,,,,,,,,,,,,,,,,,,,,,
1769163811.523297,1769163811.524008,100.0,0.0,4371.794922,4275.512695,4301.794922,4325.128418,4249.358887,4263.205078,4296.025879,4311.025879,4296.666504,4291.922852,4597.820313,4557.436035,4441.153809,4497.94873,,,,,,,,,,,,,,,,,,,,,,,,,,,,,,,,,,,,,,,,,,,,,,,,,,,,,,,,,,,,,,,,,,,,,,
1769163811.531105,1769163811.531817,101.0,0.0,4372.820313,4279.871582,4305.128418,4322.179688,4249.358887,4264.102539,4295.128418,4310.0,4296.794922,4295.897461,4600.0,4556.410156,4438.846191,4498.461426,,,,,,,,,,,,,,,,,,,,,,,,,,,,,,,,,,,,,,,,,,,,,,,,,,,,,,,,,,,,,,,,,,,,,,
1769163811.538914,1769163811.539525,102.0,0.0,4371.794922,4278.717773,4303.205078,4319.615234,4248.589844,4265.641113,4299.871582,4308.589844,4296.153809,4295.769043,4598.717773,4557.94873,4429.743652,4493.717773,,,,,,,,,,,,,,,,,,,,,,,,,,,,,,,,,,,,,,,,,,,,,,,,,,,,,,,,,,,,,,,,,,,,,,
1769163811.546722,1769163811.547334,103.0,0.0,4372.563965,4270.0,4302.820313,4319.102539,4247.820313,4263.974121,4304.487305,4302.94873,4292.436035,4293.333496,4591.025879,4557.436035,4428.461426,4493.205078,,,,,,,,,,,,,,,,,,,,,,,,,,,,,,,,,,,,,,,,,,,,,,,,,,,,,,,,,,,,,,,,,,,,,,
1769163811.554531,1769163811.554942,104.0,0.0,4368.205078,4261.666504,4302.179688,4318.077148,4246.794922,4263.077148,4303.846191,4301.410156,4291.025879,4290.128418,4583.461426,4553.717773,4426.410156,4487.307617,,,,,,,,,,,,,,,,,,,,,,,,,,,,,,,,,,,,,,,,,,,,,,,,,,,,,,,,,,,,,,,,,,,,,,
1769163811.562339,1769163811.562751,105.0,0.0,4366.025879,4264.358887,4301.794922,4317.563965,4246.025879,4265.128418,4301.410156,4307.179688,4293.974121,4289.487305,4585.384766,4552.94873,4424.871582,4484.358887,,,,,,,,,,,,,,,,,,,,,,,,,,,,,,,,,,,,,,,,,,,,,,,,,,,,,,,,,,,,,,,,,,,,,,
1769163811.570148,1769163811.570459,106.0,0.0,4371.282227,4273.717773,4304.615234,4321.538574,4247.05127,4264.615234,4300.641113,4310.512695,4295.0,4293.461426,4589.615234,4556.538574,4425.384766,4490.128418,,,,,,,,,,,,,,,,,,,,,,,,,,,,,,,,,,,,,,,,,,,,,,,,,,,,,,,,,,,,,,,,,,,,,,
1769163811.577956,1769163811.578268,107.0,0.0,4373.589844,4273.205078,4306.666504,4325.641113,4248.974121,4261.794922,4298.205078,4311.025879,4295.641113,4298.333496,4588.974121,4559.230957,4428.077148,4491.410156,,,,,,,,,,,,,,,,,,,,,,,,,,,,,,,,,,,,,,,,,,,,,,,,,,,,,,,,,,,,,,,,,,,,,,
1769163811.585765,1769163811.586276,108.0,0.0,4369.743652,4264.871582,4306.538574,4324.487305,4249.487305,4263.974121,4298.077148,4311.922852,4297.436035,4298.205078,4586.538574,4555.128418,4426.410156,4487.563965,,,,,,,,,,,,,,,,,,,,,,,,,,,,,,,,,,,,,,,,,,,,,,,,,,,,,,,,,,,,,,,,,,,,,,
1769163811.593573,1769163811.594085,109.0,0.0,4369.102539,4267.05127,4306.153809,4322.307617,4248.717773,4266.794922,4300.512695,4309.871582,4296.794922,4296.794922,4586.153809,4548.717773,4420.384766,4488.589844,,,,,,,,,,,,,,,,,,,,,,,,,,,,,,,,,,,,,,,,,,,,,,,,,,,,,,,,,,,,,,,,,,,,,,
1769163811.601382,1769163811.601993,110.0,0.0,4372.307617,4275.769043,4305.512695,4322.307617,4249.230957,4263.717773,4298.333496,4307.692383,4295.769043,4302.179688,4589.487305,4552.820313,4422.94873,4493.589844,0.321405,0.330539,0.211849,0.159649,0.139042,0.544069,0.300591,0.243959,0.097696,0.081074,0.293855,0.130313,0.191183,0.087872,0.114532,0.31622,0.139659,0.158624,0.07904,0.063548,0.117873,0.049181,0.088281,0.086975,0.02836,0.066484,0.07729,0.05223,0.063055,0.06406,0.027204,0.03772,0.060209,0.038954,0.051188,0.603242,0.348391,0.214177,0.190597,0.124519,0.244303,0.284177,0.063814,0.117486,0.071502,0.839912,0.385737,0.054459,0.140034,0.123007,0.635081,0.445795,0.168452,0.2219,0.169171,0.568667,0.278574,0.111283,0.140745,0.144132,0.825751,0.32705,0.227946,0.192773,0.250057,1.399311,0.354592,0.190365,0.229775,0.138686
1769163811.60919,1769163811.609801,111.0,0.0,4374.487305,4274.230957,4306.538574,4322.307617,4251.410156,4263.846191,4298.077148,4307.436035,4297.307617,4305.0,4591.794922,4559.743652,4432.179688,4495.512695,,,,,,,,,,,,,,,,,,,,,,,,,,,,,,,,,,,,,,,,,,,,,,,,,,,,,,,,,,,,,,,,,,,,,,
1769163811.616999,1769163811.61781,112.0,0.0,4373.717773,4266.794922,4308.333496,4321.794922,4252.820313,4267.05127,4303.205078,4303.846191,4296.153809,4298.205078,4587.436035,4551.538574,4428.589844,4493.589844,,,,,,,,,,,,,,,,,,,,,,,,,,,,,,,,,,,,,,,,,,,,,,,,,,,,,,,,,,,,,,,,,,,,,,
1769163811.624807,1769163811.625618,113.0,0.0,4372.436035,4265.641113,4306.666504,4319.871582,4251.538574,4267.94873,4303.333496,4302.05127,4293.461426,4293.589844,4582.563965,4542.820313,4417.179688,4487.436035,,,,,,,,,,,,,,,,,,,,,,,,,,,,,,,,,,,,,,,,,,,,,,,,,,,,,,,,,,,,,,,,,,,,,,
1769163811.632615,1769163811.633327,114.0,0.0,4370.384766,4264.743652,4302.563965,4314.743652,4251.025879,4271.025879,4303.077148,4307.05127,4298.205078,4293.589844,4583.717773,4549.487305,4417.692383,4485.641113,,,,,,,,,,,,,,,,,,,,,,,,,,,,,,,,,,,,,,,,,,,,,,,,,,,,,,,,,,,,,,,,,,,,,,
1769163811.640424,1769163811.641135,115.0,0.0,4367.436035,4265.641113,4304.358887,4311.153809,4252.436035,4271.410156,4304.615234,4311.794922,4305.897461,4294.871582,4588.077148,4559.871582,4426.922852,4491.666504,,,,,,,,,,,,,,,,,,,,,,,,,,,,,,,,,,,,,,,,,,,,,,,,,,,,,,,,,,,,,,,,,,,,,,
1769163811.648232,1769163811.649143,116.0,0.0,4367.307617,4268.461426,4309.230957,4311.666504,4253.205078,4271.666504,4304.358887,4312.179688,4306.410156,4300.512695,4590.128418,4554.230957,4429.230957,4489.871582,,,,,,,,,,,,,,,,,,,,,,,,,,,,,,,,,,,,,,,,,,,,,,,,,,,,,,,,,,,,,,,,,,,,,,
1769163811.656041,1769163811.656952,117.0,0.0,4366.538574,4267.179688,4306.282227,4311.538574,4252.179688,4278.205078,4307.563965,4312.94873,4303.205078,4303.846191,4586.538574,4542.820313,4422.436035,4476.153809,,,,,,,,,,,,,,,,,,,,,,,,,,,,,,,,,,,,,,,,,,,,,,,,,,,,,,,,,,,,,,,,,,,,,,
1769163811.663849,1769163811.66486,118.0,0.0,4368.077148,4267.94873,4303.974121,4314.230957,4250.641113,4276.666504,4306.025879,4313.077148,4307.820313,4304.358887,4584.871582,4544.871582,4418.846191,4473.077148,,,,,,,,,,,,,,,,,,,,,,,,,,,,,,,,,,,,,,,,,,,,,,,,,,,,,,,,,,,,,,,,,,,,,,
1769163811.671658,1769163811.672669,119.0,0.0,4376.794922,4276.666504,4309.615234,4322.820313,4251.410156,4263.461426,4297.436035,4309.743652,4312.94873,4310.512695,4592.179688,4557.179688,4427.05127,4489.743652,,,,,,,,,,,,,,,,,,,,,,,,,,,,,,,,,,,,,,,,,,,,,,,,,,,,,,,,,,,,,,,,,,,,,,
1769163811.679466,1769163811.680677,120.0,0.0,4383.333496,4280.769043,4313.974121,4321.666504,4252.692383,4260.256348,4294.615234,4309.871582,4304.615234,4308.717773,4595.897461,4562.05127,4432.436035,4500.0,,,,,,,,,,,,,,,,,,,,,,,,,,,,,,,,,,,,,,,,,,,,,,,,,,,,,,,,,,,,,,,,,,,,,,
1769163811.687275,1769163811.688485,121.0,0.0,4379.743652,4277.307617,4312.436035,4312.307617,4250.641113,4265.256348,4295.897461,4309.871582,4293.846191,4295.384766,4585.641113,4549.102539,4420.897461,4485.512695,,,,,,,,,,,,,,,,,,,,,,,,,,,,,,,,,,,,,,,,,,,,,,,,,,,,,,,,,,,,,,,,,,,,,,
1769163811.695083,1769163811.696194,122.0,0.0,4378.717773,4277.820313,4311.922852,4315.128418,4249.743652,4263.589844,4295.641113,4301.538574,4293.717773,4291.282227,4577.94873,4535.0,4411.282227,4472.820313,,,,,,,,,,,,,,,,,,,,,,,,,,,,,,,,,,,,,,,,,,,,,,,,,,,,,,,,,,,,,,,,,,,,,,
1769163811.702891,1769163811.704002,123.0,0.0,4382.179688,4279.358887,4312.05127,4319.871582,4252.179688,4262.05127,4296.410156,4294.230957,4295.897461,4296.025879,4583.589844,4538.589844,4420.769043,4477.692383,,,,,,,,,,,,,,,,,,,,,,,,,,,,,,,,,,,,,,,,,,,,,,,,,,,,,,,,,,,,,,,,,,,,,,
1769163811.7107,1769163811.71201,124.0,0.0,4378.205078,4276.025879,4310.384766,4311.666504,4250.384766,4262.436035,4294.230957,4294.102539,4293.205078,4294.871582,4586.922852,4548.974121,4428.589844,4483.461426,,,,,,,,,,,,,,,,,,,,,,,,,,,,,,,,,,,,,,,,,,,,,,,,,,,,,,,,,,,,,,,,,,,,,,
1769163811.718508,1769163811.719819,125.0,0.0,4378.333496,4276.666504,4313.589844,4312.179688,4248.846191,4262.307617,4289.743652,4294.871582,4292.820313,4292.307617,4585.256348,4546.538574,4426.538574,4482.179688,,,,,,,,,,,,,,,,,,,,,,,,,,,,,,,,,,,,,,,,,,,,,,,,,,,,,,,,,,,,,,,,,,,,,,
1769163811.726317,1769163811.727527,126.0,0.0,4385.384766,4279.615234,4318.846191,4320.769043,4253.205078,4264.358887,4293.717773,4294.743652,4295.384766,4293.589844,4584.230957,4536.922852,4427.94873,4477.436035,0.333657,0.309635,0.186226,0.146753,0.148875,0.467186,0.23366,0.19622,0.083803,0.08596,0.262241,0.121478,0.178974,0.081326,0.127724,0.373007,0.130931,0.140395,0.072352,0.068341,0.14528,0.04144,0.076472,0.097337,0.030062,0.061501,0.058579,0.050453,0.049821,0.05763,0.033353,0.046553,0.069111,0.037756,0.063789,0.511975,0.370581,0.189989,0.168326,0.128288,0.224302,0.374199,0.085206,0.117276,0.074295,0.761845,0.40831,0.066178,0.134557,0.122343,0.797166,0.484679,0.191785,0.214004,0.16226,0.722728,0.324488,0.154646,0.14374,0.168432,1.021667,0.351609,0.211284,0.182907,0.248025,1.77156,0.336171,0.196661,0.212996,0.141082
1769163811.734125,1769163811.735336,127.0,0.0,4384.615234,4278.589844,4319.871582,4317.307617,4254.615234,4264.743652,4297.94873,4297.05127,4298.974121,4296.025879,4585.128418,4539.102539,4427.692383,4474.487305,,,,,,,,,,,,,,,,,,,,,,,,,,,,,,,,,,,,,,,,,,,,,,,,,,,,,,,,,,,,,,,,,,,,,,
1769163811.741934,1769163811.742945,0.0,0.0,4381.666504,4277.692383,4320.641113,4315.0,4251.153809,4262.692383,4295.769043,4299.102539,4305.256348,4298.461426,4590.256348,4549.487305,4425.897461,4481.922852,,,,,,,,,,,,,,,,,,,,,,,,,,,,,,,,,,,,,,,,,,,,,,,,,,,,,,,,,,,,,,,,,,,,,,
1769163811.749742,1769163811.750753,1.0,0.0,4389.358887,4278.077148,4326.666504,4321.025879,4248.333496,4262.820313,4296.922852,4296.922852,4305.256348,4297.179688,4595.128418,4556.153809,4436.922852,4496.282227,,,,,,,,,,,,,,,,,,,,,,,,,,,,,,,,,,,,,,,,,,,,,,,,,,,,,,,,,,,,,,,,,,,,,,
1769163811.757551,1769163811.758462,2.0,0.0,4397.05127,4278.589844,4332.94873,4321.025879,4252.563965,4265.769043,4304.358887,4296.025879,4295.641113,4296.538574,4595.128418,4555.256348,4440.897461,4496.666504,,,,,,,,,,,,,,,,,,,,,,,,,,,,,,,,,,,,,,,,,,,,,,,,,,,,,,,,,,,,,,,,,,,,,,
1769163811.765359,1769163811.76627,3.0,0.0,4399.487305,4283.077148,4336.410156,4321.794922,4258.461426,4267.436035,4307.820313,4301.538574,4294.743652,4300.641113,4594.230957,4554.615234,4431.794922,4490.128418,,,,,,,,,,,,,,,,,,,,,,,,,,,,,,,,,,,,,,,,,,,,,,,,,,,,,,,,,,,,,,,,,,,,,,
1769163811.773167,1769163811.774278,4.0,0.0,4401.538574,4285.384766,4336.794922,4327.05127,4257.179688,4265.256348,4300.384766,4305.128418,4304.487305,4302.05127,4596.922852,4558.205078,4436.666504,4497.436035,,,,,,,,,,,,,,,,,,,,,,,,,,,,,,,,,,,,,,,,,,,,,,,,,,,,,,,,,,,,,,,,,,,,,,
1769163811.780976,1769163811.782087,5.0,0.0,4398.589844,4278.974121,4333.333496,4321.025879,4248.717773,4262.179688,4294.487305,4299.102539,4302.94873,4298.461426,4595.897461,4558.717773,4445.128418,4506.666504,,,,,,,,,,,,,,,,,,,,,,,,,,,,,,,,,,,,,,,,,,,,,,,,,,,,,,,,,,,,,,,,,,,,,,
1769163811.788784,1769163811.789995,6.0,0.0,4395.256348,4275.128418,4333.846191,4311.794922,4246.794922,4263.461426,4298.974121,4293.205078,4291.922852,4293.205078,4589.487305,4553.846191,4435.641113,4505.512695,,,,,,,,,,,,,,,,,,,,,,,,,,,,,,,,,,,,,,,,,,,,,,,,,,,,,,,,,,,,,,,,,,,,,,
1769163811.796593,1769163811.797803,7.0,0.0,4398.846191,4278.461426,4337.307617,4315.641113,4256.410156,4265.512695,4301.538574,4297.307617,4294.102539,4294.743652,4588.205078,4553.333496,4431.025879,4503.589844,,,,,,,,,,,,,,,,,,,,,,,,,,,,,,,,,,,,,,,,,,,,,,,,,,,,,,,,,,,,,,,,,,,,,,
1769163811.804401,1769163811.805812,8.0,0.0,4401.153809,4279.230957,4334.871582,4319.102539,4261.025879,4264.102539,4297.94873,4302.692383,4304.615234,4302.820313,4593.589844,4555.384766,4441.666504,4505.641113,,,,,,,,,,,,,,,,,,,,,,,,,,,,,,,,,,,,,,,,,,,,,,,,,,,,,,,,,,,,,,,,,,,,,,
1769163811.81221,1769163811.81362,9.0,0.0,4397.563965,4278.974121,4331.538574,4314.102539,4260.384766,4261.922852,4295.769043,4302.563965,4305.384766,4305.769043,4597.692383,4555.384766,4445.128418,4504.358887,,,,,,,,,,,,,,,,,,,,,,,,,,,,,,,,,,,,,,,,,,,,,,,,,,,,,,,,,,,,,,,,,,,,,,
1769163811.820018,1769163811.821528,10.0,0.0,4394.871582,4279.358887,4332.179688,4310.641113,4260.128418,4261.922852,4298.717773,4304.615234,4303.717773,4299.487305,4596.282227,4555.128418,4442.307617,4504.615234,,,,,,,,,,,,,,,,,,,,,,,,,,,,,,,,,,,,,,,,,,,,,,,,,,,,,,,,,,,,,,,,,,,,,,
1769163811.827827,1769163811.829337,11.0,0.0,4395.128418,4277.436035,4334.743652,4308.077148,4258.846191,4262.436035,4302.307617,4310.769043,4306.538574,4294.487305,4594.743652,4555.0,4444.358887,4504.358887,,,,,,,,,,,,,,,,,,,,,,,,,,,,,,,,,,,,,,,,,,,,,,,,,,,,,,,,,,,,,,,,,,,,,,
1769163811.835635,1769163811.837345,12.0,0.0,4394.743652,4276.153809,4336.025879,4303.461426,4255.897461,4262.563965,4301.794922,4313.589844,4308.717773,4299.102539,4595.897461,4553.461426,4446.410156,4497.179688,,,,,,,,,,,,,,,,,,,,,,,,,,,,,,,,,,,,,,,,,,,,,,,,,,,,,,,,,,,,,,,,,,,,,,
1769163811.843444,1769163811.845154,13.0,0.0,4398.333496,4278.333496,4335.641113,4306.410156,4258.461426,4263.461426,4300.897461,4309.743652,4307.05127,4301.666504,4601.153809,4551.666504,4445.384766,4495.769043,,,,,,,,,,,,,,,,,,,,,,,,,,,,,,,,,,,,,,,,,,,,,,,,,,,,,,,,,,,,,,,,,,,,,,
1769163811.851252,1769163811.852862,14.0,0.0,4403.205078,4281.922852,4337.05127,4310.641113,4261.153809,4263.461426,4301.153809,4308.717773,4302.820313,4297.179688,4600.641113,4552.179688,4446.153809,4499.743652,0.402163,0.297403,0.165556,0.132367,0.150423,0.474636,0.18277,0.157841,0.077374,0.089239,0.286425,0.12358,0.157537,0.075679,0.134806,0.504884,0.145072,0.135131,0.065759,0.069442,0.184047,0.038661,0.072046,0.10121,0.031062,0.063474,0.046608,0.052654,0.042027,0.058678,0.052454,0.055216,0.078988,0.03835,0.076681,0.423719,0.374214,0.185843,0.145128,0.127426,0.242119,0.467809,0.124788,0.120413,0.078255,0.711796,0.423525,0.094809,0.133273,0.118938,0.97038,0.512323,0.253288,0.203089,0.150906,0.859518,0.377159,0.222425,0.157786,0.18133,1.202137,0.374181,0.215691,0.168792,0.235562,2.09046,0.340522,0.220339,0.202145,0.146957
1769163811.85906,1769163811.860671,15.0,0.0,4400.128418,4281.538574,4340.769043,4306.410156,4254.615234,4262.563965,4299.102539,4310.128418,4297.436035,4292.307617,4590.897461,4553.589844,4447.94873,4499.871582,,,,,,,,,,,,,,,,,,,,,,,,,,,,,,,,,,,,,,,,,,,,,,,,,,,,,,,,,,,,,,,,,,,,,,
1769163811.866869,1769163811.868279,16.0,0.0,4396.153809,4280.128418,4341.922852,4305.256348,4252.179688,4262.05127,4296.153809,4309.487305,4294.615234,4294.871582,4590.384766,4554.615234,4446.410156,4501.410156,,,,,,,,,,,,,,,,,,,,,,,,,,,,,,,,,,,,,,,,,,,,,,,,,,,,,,,,,,,,,,,,,,,,,,
1769163811.874678,1769163811.876088,17.0,0.0,4401.666504,4281.922852,4341.025879,4308.333496,4260.0,4261.153809,4296.538574,4309.102539,4300.641113,4300.384766,4599.615234,4555.0,4444.615234,4506.282227,,,,,,,,,,,,,,,,,,,,,,,,,,,,,,,,,,,,,,,,,,,,,,,,,,,,,,,,,,,,,,,,,,,,,,
1769163811.882486,1769163811.883796,18.0,0.0,4405.256348,4282.692383,4344.358887,4306.666504,4262.563965,4258.589844,4295.897461,4309.615234,4305.897461,4298.846191,4597.307617,4554.871582,4446.538574,4502.563965,,,,,,,,,,,,,,,,,,,,,,,,,,,,,,,,,,,,,,,,,,,,,,,,,,,,,,,,,,,,,,,,,,,,,,
1769163811.890294,1769163811.891605,19.0,0.0,4403.717773,4280.384766,4349.871582,4308.461426,4257.94873,4257.692383,4293.974121,4308.846191,4301.282227,4294.102539,4588.589844,4553.461426,4443.461426,4494.743652,,,,,,,,,,,,,,,,,,,,,,,,,,,,,,,,,,,,,,,,,,,,,,,,,,,,,,,,,,,,,,,,,,,,,,
1769163811.898103,1769163811.899213,20.0,0.0,4404.615234,4278.846191,4351.282227,4310.256348,4256.794922,4262.563965,4297.563965,4307.563965,4294.230957,4290.769043,4583.589844,4550.769043,4431.282227,4491.410156,,,,,,,,,,,,,,,,,,,,,,,,,,,,,,,,,,,,,,,,,,,,,,,,,,,,,,,,,,,,,,,,,,,,,,
1769163811.905911,1769163811.907022,21.0,0.0,4402.307617,4279.615234,4348.077148,4303.205078,4256.025879,4264.487305,4297.05127,4306.025879,4295.128418,4289.615234,4578.974121,4548.589844,4425.897461,4488.974121,,,,,,,,,,,,,,,,,,,,,,,,,,,,,,,,,,,,,,,,,,,,,,,,,,,,,,,,,,,,,,,,,,,,,,
1769163811.91372,1769163811.91493,22.0,0.0,4397.179688,4280.128418,4343.589844,4298.846191,4255.384766,4259.615234,4293.717773,4305.128418,4297.820313,4290.256348,4580.641113,4545.512695,4429.102539,4492.05127,,,,,,,,,,,,,,,,,,,,,,,,,,,,,,,,,,,,,,,,,,,,,,,,,,,,,,,,,,,,,,,,,,,,,,
1769163811.921528,1769163811.922739,23.0,0.0,4394.743652,4279.871582,4340.384766,4303.205078,4260.128418,4260.128418,4298.589844,4303.333496,4295.384766,4287.05127,4582.05127,4540.0,4428.077148,4492.436035,,,,,,,,,,,,,,,,,,,,,,,,,,,,,,,,,,,,,,,,,,,,,,,,,,,,,,,,,,,,,,,,,,,,,,
1769163811.929337,1769163811.930347,24.0,0.0,4396.153809,4280.769043,4341.922852,4307.692383,4262.436035,4266.410156,4303.077148,4297.820313,4294.102539,4280.256348,4573.589844,4535.128418,4424.615234,4484.230957,,,,,,,,,,,,,,,,,,,,,,,,,,,,,,,,,,,,,,,,,,,,,,,,,,,,,,,,,,,,,,,,,,,,,,
1769163811.937145,1769163811.938156,25.0,0.0,4399.871582,4281.922852,4350.512695,4310.128418,4261.025879,4265.128418,4298.333496,4294.358887,4295.128418,4280.0,4569.487305,4535.0,4427.179688,4483.589844,,,,,,,,,,,,,,,,,,,,,,,,,,,,,,,,,,,,,,,,,,,,,,,,,,,,,,,,,,,,,,,,,,,,,,
1769163811.944954,1769163811.945864,26.0,0.0,4400.256348,4282.94873,4356.538574,4311.025879,4261.666504,4259.743652,4293.589844,4294.487305,4294.487305,4286.282227,4572.05127,4538.077148,4430.256348,4487.563965,,,,,,,,,,,,,,,,,,,,,,,,,,,,,,,,,,,,,,,,,,,,,,,,,,,,,,,,,,,,,,,,,,,,,,
1769163811.952762,1769163811.953673,27.0,0.0,4397.05127,4286.794922,4352.820313,4307.692383,4262.563965,4262.563965,4295.512695,4294.871582,4294.487305,4289.871582,4571.025879,4538.717773,4427.307617,4480.128418,,,,,,,,,,,,,,,,,,,,,,,,,,,,,,,,,,,,,,,,,,,,,,,,,,,,,,,,,,,,,,,,,,,,,,
1769163811.96057,1769163811.961681,28.0,0.0,4400.512695,4292.307617,4352.436035,4307.307617,4263.589844,4266.794922,4297.179688,4300.897461,4303.205078,4293.974121,4573.717773,4541.025879,4428.846191,4477.94873,,,,,,,,,,,,,,,,,,,,,,,,,,,,,,,,,,,,,,,,,,,,,,,,,,,,,,,,,,,,,,,,,,,,,,
1769163811.968379,1769163811.969489,29.0,0.0,4410.897461,4295.128418,4363.205078,4319.230957,4267.692383,4265.769043,4296.666504,4308.974121,4313.846191,4299.871582,4584.230957,4547.05127,4440.0,4491.922852,,,,,,,,,,,,,,,,,,,,,,,,,,,,,,,,,,,,,,,,,,,,,,,,,,,,,,,,,,,,,,,,,,,,,,
1769163811.976187,1769163811.977398,30.0,0.0,4415.641113,4298.717773,4370.897461,4325.897461,4266.666504,4265.512695,4295.641113,4302.692383,4305.897461,4297.692383,4583.333496,4544.871582,4443.333496,4497.692383,0.475198,0.296052,0.155556,0.117576,0.142296,0.565534,0.155403,0.136313,0.076281,0.090572,0.334893,0.127564,0.133877,0.071006,0.133162,0.687025,0.177921,0.144761,0.06168,0.066142,0.23166,0.039457,0.07323,0.096852,0.031552,0.075115,0.044104,0.057723,0.04045,0.063132,0.087155,0.063793,0.086454,0.040903,0.086074,0.354301,0.354763,0.204099,0.122749,0.120173,0.292227,0.539292,0.178628,0.123145,0.081678,0.686505,0.419571,0.145329,0.136958,0.113005,1.11307,0.503497,0.354109,0.189425,0.136727,0.929075,0.409881,0.301872,0.175747,0.181155,1.309683,0.375625,0.244003,0.156774,0.216032,2.279347,0.351901,0.260553,0.199841,0.155094
1769163811.983996,1769163811.985206,31.0,0.0,4411.025879,4295.256348,4364.615234,4315.641113,4262.94873,4267.563965,4299.487305,4292.692383,4294.871582,4292.307617,4573.461426,4541.153809,4432.179688,4489.487305,,,,,,,,,,,,,,,,,,,,,,,,,,,,,,,,,,,,,,,,,,,,,,,,,,,,,,,,,,,,,,,,,,,,,,
1769163811.991804,1769163811.993214,32.0,0.0,4403.846191,4285.512695,4358.077148,4307.05127,4263.333496,4266.794922,4302.436035,4300.512695,4304.358887,4293.846191,4573.589844,4548.589844,4430.384766,4486.922852,,,,,,,,,,,,,,,,,,,,,,,,,,,,,,,,,,,,,,,,,,,,,,,,,,,,,,,,,,,,,,,,,,,,,,
1769163811.999613,1769163812.001023,33.0,0.0,4405.0,4287.563965,4363.205078,4310.256348,4264.871582,4264.487305,4299.102539,4307.307617,4311.794922,4296.153809,4581.153809,4551.794922,4443.846191,4493.205078,,,,,,,,,,,,,,,,,,,,,,,,,,,,,,,,,,,,,,,,,,,,,,,,,,,,,,,,,,,,,,,,,,,,,,
1769163812.007421,1769163812.008931,34.0,0.0,4412.179688,4295.512695,4365.897461,4311.794922,4264.871582,4264.230957,4298.205078,4299.743652,4303.846191,4294.487305,4580.769043,4540.256348,4444.487305,4493.077148,,,,,,,,,,,,,,,,,,,,,,,,,,,,,,,,,,,,,,,,,,,,,,,,,,,,,,,,,,,,,,,,,,,,,,
1769163812.01523,1769163812.01674,35.0,0.0,4413.974121,4295.128418,4363.846191,4314.743652,4265.769043,4265.128418,4301.666504,4298.205078,4303.461426,4293.846191,4578.333496,4535.128418,4433.846191,4490.0,,,,,,,,,,,,,,,,,,,,,,,,,,,,,,,,,,,,,,,,,,,,,,,,,,,,,,,,,,,,,,,,,,,,,,
1769163812.023038,1769163812.024748,36.0,0.0,4415.0,4293.589844,4370.128418,4320.641113,4267.436035,4265.512695,4302.307617,4308.717773,4310.769043,4297.692383,4585.897461,4550.641113,4439.487305,4497.692383,,,,,,,,,,,,,,,,,,,,,,,,,,,,,,,,,,,,,,,,,,,,,,,,,,,,,,,,,,,,,,,,,,,,,,
1769163812.030846,1769163812.032556,37.0,0.0,4412.820313,4290.384766,4372.179688,4316.410156,4266.410156,4263.717773,4299.487305,4311.538574,4309.230957,4299.102539,4589.743652,4558.717773,4447.307617,4502.436035,,,,,,,,,,,,,,,,,,,,,,,,,,,,,,,,,,,,,,,,,,,,,,,,,,,,,,,,,,,,,,,,,,,,,,
1769163812.038655,1769163812.040265,38.0,0.0,4401.666504,4277.692383,4360.256348,4309.230957,4264.230957,4265.256348,4299.358887,4306.025879,4305.512695,4291.922852,4583.205078,4545.0,4438.077148,4491.666504,,,,,,,,,,,,,,,,,,,,,,,,,,,,,,,,,,,,,,,,,,,,,,,,,,,,,,,,,,,,,,,,,,,,,,
1769163812.046463,1769163812.048073,39.0,0.0,4397.692383,4272.307617,4356.538574,4308.717773,4262.307617,4267.563965,4299.358887,4309.230957,4307.692383,4291.282227,4583.333496,4539.615234,4434.358887,4484.743652,,,,,,,,,,,,,,,,,,,,,,,,,,,,,,,,,,,,,,,,,,,,,,,,,,,,,,,,,,,,,,,,,,,,,,
1769163812.054272,1769163812.055682,40.0,0.0,4408.461426,4284.871582,4367.179688,4310.0,4260.641113,4262.05127,4295.769043,4311.666504,4312.179688,4303.205078,4590.0,4552.692383,4445.384766,4488.205078,,,,,,,,,,,,,,,,,,,,,,,,,,,,,,,,,,,,,,,,,,,,,,,,,,,,,,,,,,,,,,,,,,,,,,
1769163812.06208,1769163812.06349,41.0,0.0,4422.820313,4297.179688,4377.563965,4316.922852,4262.436035,4258.461426,4295.769043,4302.05127,4312.820313,4306.666504,4592.179688,4551.922852,4449.743652,4498.077148,,,,,,,,,,,,,,,,,,,,,,,,,,,,,,,,,,,,,,,,,,,,,,,,,,,,,,,,,,,,,,,,,,,,,,
1769163812.069889,1769163812.071199,42.0,0.0,4429.743652,4297.05127,4378.205078,4320.128418,4267.179688,4263.589844,4298.974121,4293.717773,4301.666504,4296.922852,4587.179688,4538.205078,4445.256348,4503.717773,,,,,,,,,,,,,,,,,,,,,,,,,,,,,,,,,,,,,,,,,,,,,,,,,,,,,,,,,,,,,,,,,,,,,,
1769163812.077697,1769163812.079007,43.0,0.0,4428.077148,4292.94873,4372.05127,4311.025879,4266.153809,4266.025879,4298.461426,4296.025879,4293.589844,4291.025879,4582.307617,4541.794922,4443.461426,4499.743652,,,,,,,,,,,,,,,,,,,,,,,,,,,,,,,,,,,,,,,,,,,,,,,,,,,,,,,,,,,,,,,,,,,,,,
1769163812.085506,1769163812.086616,44.0,0.0,4426.282227,4294.230957,4374.615234,4310.769043,4263.205078,4263.846191,4299.102539,4300.897461,4301.153809,4295.256348,4585.384766,4552.307617,4443.589844,4495.769043,,,,,,,,,,,,,,,,,,,,,,,,,,,,,,,,,,,,,,,,,,,,,,,,,,,,,,,,,,,,,,,,,,,,,,
1769163812.093314,1769163812.094425,45.0,0.0,4430.128418,4295.384766,4383.717773,4321.282227,4271.666504,4264.230957,4302.179688,4304.871582,4309.615234,4300.769043,4591.666504,4553.461426,4447.436035,4496.666504,,,,,,,,,,,,,,,,,,,,,,,,,,,,,,,,,,,,,,,,,,,,,,,,,,,,,,,,,,,,,,,,,,,,,,
1769163812.101123,1769163812.102133,46.0,0.0,4432.820313,4295.384766,4383.461426,4320.256348,4278.461426,4265.641113,4298.974121,4308.333496,4310.512695,4301.282227,4592.563965,4553.974121,4452.436035,4499.487305,0.576745,0.305645,0.156145,0.105359,0.126205,0.699669,0.150965,0.129029,0.078731,0.09045,0.374606,0.129552,0.112142,0.066957,0.123001,0.869718,0.221051,0.161713,0.062123,0.060048,0.277061,0.042029,0.075427,0.086013,0.032561,0.096882,0.053071,0.063736,0.043678,0.067252,0.13772,0.076075,0.08858,0.044677,0.089761,0.324541,0.317137,0.237423,0.102536,0.106573,0.359436,0.56853,0.239883,0.122145,0.084282,0.680438,0.392728,0.214166,0.144557,0.106121,1.187466,0.452057,0.47358,0.175146,0.122566,0.929587,0.40872,0.370699,0.191821,0.174269,1.315289,0.348519,0.287899,0.152627,0.197081,2.322248,0.360035,0.308758,0.205211,0.16645
1769163812.108931,1769163812.109942,47.0,0.0,4428.846191,4296.282227,4382.692383,4309.871582,4269.358887,4266.025879,4299.358887,4304.102539,4305.512695,4295.256348,4587.179688,4553.461426,4447.05127,4503.974121,,,,,,,,,,,,,,,,,,,,,,,,,,,,,,,,,,,,,,,,,,,,,,,,,,,,,,,,,,,,,,,,,,,,,,
1769163812.116739,1769163812.11795,48.0,0.0,4432.94873,4293.846191,4392.692383,4309.615234,4261.282227,4262.692383,4303.589844,4296.153809,4298.717773,4291.794922,4585.769043,4555.384766,4442.820313,4508.205078,,,,,,,,,,,,,,,,,,,,,,,,,,,,,,,,,,,,,,,,,,,,,,,,,,,,,,,,,,,,,,,,,,,,,,
1769163812.124548,1769163812.125758,49.0,0.0,4442.820313,4293.333496,4399.230957,4316.410156,4266.410156,4257.179688,4296.666504,4293.461426,4299.102539,4299.230957,4592.436035,4562.94873,4453.846191,4510.0,,,,,,,,,,,,,,,,,,,,,,,,,,,,,,,,,,,,,,,,,,,,,,,,,,,,,,,,,,,,,,,,,,,,,,
1769163812.132356,1769163812.133467,50.0,0.0,4438.205078,4295.897461,4393.461426,4316.538574,4269.615234,4258.974121,4290.897461,4298.333496,4306.794922,4303.461426,4596.538574,4564.487305,4461.538574,4513.589844,,,,,,,,,,,,,,,,,,,,,,,,,,,,,,,,,,,,,,,,,,,,,,,,,,,,,,,,,,,,,,,,,,,,,,
1769163812.140165,1769163812.141275,51.0,0.0,4424.615234,4294.102539,4387.94873,4310.641113,4264.487305,4263.974121,4299.615234,4306.922852,4310.0,4297.692383,4591.538574,4560.641113,4450.128418,4510.0,,,,,,,,,,,,,,,,,,,,,,,,,,,,,,,,,,,,,,,,,,,,,,,,,,,,,,,,,,,,,,,,,,,,,,
1769163812.147973,1769163812.148884,52.0,0.0,4431.794922,4293.846191,4392.05127,4309.615234,4262.563965,4263.205078,4303.974121,4305.256348,4305.897461,4297.307617,4586.410156,4564.230957,4442.05127,4505.769043,,,,,,,,,,,,,,,,,,,,,,,,,,,,,,,,,,,,,,,,,,,,,,,,,,,,,,,,,,,,,,,,,,,,,,
1769163812.155782,1769163812.156692,53.0,0.0,4446.025879,4296.410156,4398.846191,4313.333496,4264.487305,4261.410156,4297.436035,4297.692383,4306.410156,4304.871582,4588.974121,4572.307617,4448.974121,4516.153809,,,,,,,,,,,,,,,,,,,,,,,,,,,,,,,,,,,,,,,,,,,,,,,,,,,,,,,,,,,,,,,,,,,,,,
1769163812.16359,1769163812.164401,54.0,0.0,4438.846191,4292.05127,4396.922852,4312.820313,4265.641113,4261.666504,4294.102539,4300.384766,4310.769043,4302.820313,4590.384766,4572.179688,4449.487305,4519.230957,,,,,,,,,,,,,,,,,,,,,,,,,,,,,,,,,,,,,,,,,,,,,,,,,,,,,,,,,,,,,,,,,,,,,,
1769163812.171399,1769163812.172209,55.0,0.0,4434.487305,4288.974121,4393.974121,4311.538574,4265.0,4260.641113,4295.0,4303.333496,4305.641113,4292.179688,4582.820313,4562.179688,4440.0,4506.153809,,,,,,,,,,,,,,,,,,,,,,,,,,,,,,,,,,,,,,,,,,,,,,,,,,,,,,,,,,,,,,,,,,,,,,
1769163812.179207,1769163812.180218,56.0,0.0,4442.94873,4293.461426,4396.282227,4314.487305,4264.487305,4259.358887,4294.358887,4294.230957,4293.205078,4291.153809,4573.461426,4552.436035,4434.743652,4497.307617,,,,,,,,,,,,,,,,,,,,,,,,,,,,,,,,,,,,,,,,,,,,,,,,,,,,,,,,,,,,,,,,,,,,,,
1769163812.187016,1769163812.188026,57.0,0.0,4439.358887,4293.589844,4397.563965,4313.717773,4265.384766,4260.128418,4294.487305,4291.666504,4292.307617,4296.538574,4569.615234,4552.436035,4432.436035,4501.922852,,,,,,,,,,,,,,,,,,,,,,,,,,,,,,,,,,,,,,,,,,,,,,,,,,,,,,,,,,,,,,,,,,,,,,
1769163812.194824,1769163812.195934,58.0,0.0,4430.384766,4287.307617,4394.487305,4310.641113,4265.384766,4260.897461,4295.769043,4298.846191,4300.641113,4296.794922,4573.461426,4555.897461,4432.436035,4507.563965,,,,,,,,,,,,,,,,,,,,,,,,,,,,,,,,,,,,,,,,,,,,,,,,,,,,,,,,,,,,,,,,,,,,,,
1769163812.202633,1769163812.203743,59.0,0.0,4436.410156,4286.922852,4396.025879,4313.846191,4263.846191,4259.102539,4293.717773,4297.563965,4298.846191,4294.871582,4580.384766,4556.666504,4436.922852,4504.358887,,,,,,,,,,,,,,,,,,,,,,,,,,,,,,,,,,,,,,,,,,,,,,,,,,,,,,,,,,,,,,,,,,,,,,
1769163812.210441,1769163812.211751,60.0,0.0,4443.717773,4289.358887,4402.307617,4319.358887,4266.794922,4259.487305,4294.358887,4295.0,4294.615234,4297.05127,4580.769043,4556.666504,4437.05127,4497.307617,,,,,,,,,,,,,,,,,,,,,,,,,,,,,,,,,,,,,,,,,,,,,,,,,,,,,,,,,,,,,,,,,,,,,,
1769163812.218249,1769163812.219559,61.0,0.0,4436.538574,4287.563965,4401.794922,4318.974121,4271.794922,4264.358887,4296.922852,4296.666504,4294.743652,4296.666504,4572.563965,4548.205078,4428.846191,4491.538574,,,,,,,,,,,,,,,,,,,,,,,,,,,,,,,,,,,,,,,,,,,,,,,,,,,,,,,,,,,,,,,,,,,,,,
1769163812.226058,1769163812.227268,62.0,0.0,4432.436035,4289.230957,4397.692383,4318.333496,4272.94873,4265.0,4294.102539,4293.846191,4292.820313,4291.025879,4566.025879,4535.256348,4425.0,4490.512695,0.622426,0.327345,0.162201,0.100555,0.10634,0.815415,0.165677,0.127009,0.085116,0.089299,0.39673,0.134396,0.093695,0.064339,0.10754,0.999144,0.265593,0.175187,0.069143,0.054632,0.304838,0.044448,0.07527,0.073605,0.035339,0.125971,0.072835,0.069108,0.048369,0.069121,0.196804,0.096851,0.084597,0.048239,0.087924,0.349305,0.275058,0.27683,0.086267,0.089636,0.419147,0.549373,0.301369,0.116937,0.087596,0.675006,0.347346,0.289565,0.153882,0.100383,1.168998,0.374806,0.578119,0.163198,0.111913,0.863782,0.384141,0.411222,0.200694,0.170355,1.218256,0.303992,0.327568,0.157555,0.186437,2.23169,0.366614,0.349708,0.21407,0.182689
1769163812.233866,1769163812.235076,63.0,0.0,4441.794922,4295.897461,4398.077148,4322.307617,4272.692383,4261.922852,4292.94873,4292.179688,4291.922852,4290.256348,4568.846191,4537.05127,4428.846191,4491.282227,,,,,,,,,,,,,,,,,,,,,,,,,,,,,,,,,,,,,,,,,,,,,,,,,,,,,,,,,,,,,,,,,,,,,,
1769163812.241675,1769163812.243085,64.0,0.0,4443.461426,4295.256348,4398.974121,4322.563965,4274.615234,4268.205078,4296.666504,4294.743652,4294.102539,4295.256348,4571.922852,4549.487305,4429.871582,4493.974121,,,,,,,,,,,,,,,,,,,,,,,,,,,,,,,,,,,,,,,,,,,,,,,,,,,,,,,,,,,,,,,,,,,,,,
1769163812.249483,1769163812.250893,65.0,0.0,4432.307617,4287.820313,4401.025879,4318.077148,4276.410156,4271.538574,4297.692383,4297.307617,4298.974121,4297.179688,4572.436035,4555.128418,4428.846191,4499.358887,,,,,,,,,,,,,,,,,,,,,,,,,,,,,,,,,,,,,,,,,,,,,,,,,,,,,,,,,,,,,,,,,,,,,,
1769163812.257292,1769163812.258602,66.0,0.0,4429.743652,4288.461426,4406.025879,4316.922852,4275.384766,4265.384766,4297.179688,4297.94873,4300.384766,4294.230957,4572.307617,4547.436035,4428.461426,4500.512695,,,,,,,,,,,,,,,,,,,,,,,,,,,,,,,,,,,,,,,,,,,,,,,,,,,,,,,,,,,,,,,,,,,,,,
1769163812.2651,1769163812.26641,67.0,0.0,4435.769043,4294.615234,4405.512695,4319.230957,4273.974121,4266.025879,4297.820313,4296.025879,4297.307617,4290.512695,4571.025879,4538.333496,4427.563965,4499.487305,,,,,,,,,,,,,,,,,,,,,,,,,,,,,,,,,,,,,,,,,,,,,,,,,,,,,,,,,,,,,,,,,,,,,,
1769163812.272909,1769163812.274019,68.0,0.0,4438.333496,4294.102539,4401.922852,4317.820313,4274.358887,4268.974121,4296.538574,4295.384766,4296.025879,4291.282227,4572.94873,4543.589844,4428.974121,4503.846191,,,,,,,,,,,,,,,,,,,,,,,,,,,,,,,,,,,,,,,,,,,,,,,,,,,,,,,,,,,,,,,,,,,,,,
1769163812.280717,1769163812.281827,69.0,0.0,4439.487305,4291.282227,4406.025879,4310.641113,4276.410156,4263.846191,4294.230957,4298.589844,4298.717773,4294.743652,4578.589844,4555.256348,4433.461426,4507.05127,,,,,,,,,,,,,,,,,,,,,,,,,,,,,,,,,,,,,,,,,,,,,,,,,,,,,,,,,,,,,,,,,,,,,,
1769163812.288525,1769163812.289536,70.0,0.0,4437.692383,4290.128418,4406.153809,4308.077148,4276.538574,4263.077148,4295.512695,4297.179688,4300.0,4294.102539,4582.05127,4554.358887,4439.743652,4508.205078,,,,,,,,,,,,,,,,,,,,,,,,,,,,,,,,,,,,,,,,,,,,,,,,,,,,,,,,,,,,,,,,,,,,,,
1769163812.296334,1769163812.297344,71.0,0.0,4431.025879,4284.871582,4398.333496,4307.436035,4274.615234,4269.102539,4299.102539,4296.025879,4304.358887,4292.307617,4583.077148,4546.282227,4444.230957,4506.538574,,,,,,,,,,,,,,,,,,,,,,,,,,,,,,,,,,,,,,,,,,,,,,,,,,,,,,,,,,,,,,,,,,,,,,
1769163812.304142,1769163812.305352,72.0,0.0,4428.077148,4284.230957,4399.487305,4300.256348,4273.974121,4266.666504,4298.461426,4301.922852,4311.794922,4296.922852,4581.282227,4542.05127,4441.538574,4500.0,,,,,,,,,,,,,,,,,,,,,,,,,,,,,,,,,,,,,,,,,,,,,,,,,,,,,,,,,,,,,,,,,,,,,,
1769163812.311951,1769163812.313161,73.0,0.0,4429.743652,4288.461426,4404.358887,4293.846191,4273.974121,4261.794922,4294.615234,4300.256348,4305.128418,4294.230957,4574.743652,4540.897461,4433.589844,4496.153809,,,,,,,,,,,,,,,,,,,,,,,,,,,,,,,,,,,,,,,,,,,,,,,,,,,,,,,,,,,,,,,,,,,,,,
1769163812.319759,1769163812.321069,74.0,0.0,4429.871582,4286.282227,4401.666504,4294.358887,4273.974121,4264.358887,4294.615234,4292.179688,4291.153809,4282.436035,4571.538574,4540.384766,4429.871582,4503.333496,,,,,,,,,,,,,,,,,,,,,,,,,,,,,,,,,,,,,,,,,,,,,,,,,,,,,,,,,,,,,,,,,,,,,,
1769163812.327568,1769163812.328878,75.0,0.0,4430.0,4286.025879,4404.487305,4295.897461,4276.538574,4265.769043,4296.410156,4292.436035,4290.512695,4283.461426,4573.333496,4540.128418,4432.05127,4508.077148,,,,,,,,,,,,,,,,,,,,,,,,,,,,,,,,,,,,,,,,,,,,,,,,,,,,,,,,,,,,,,,,,,,,,,
1769163812.335376,1769163812.336486,76.0,0.0,4429.871582,4288.974121,4410.384766,4296.153809,4277.05127,4264.102539,4294.487305,4295.0,4295.256348,4288.205078,4571.410156,4539.487305,4430.512695,4500.512695,,,,,,,,,,,,,,,,,,,,,,,,,,,,,,,,,,,,,,,,,,,,,,,,,,,,,,,,,,,,,,,,,,,,,,
1769163812.343185,1769163812.344295,77.0,0.0,4429.358887,4283.846191,4405.769043,4295.256348,4272.179688,4262.94873,4292.307617,4291.410156,4293.846191,4281.410156,4569.487305,4540.897461,4423.589844,4490.641113,,,,,,,,,,,,,,,,,,,,,,,,,,,,,,,,,,,,,,,,,,,,,,,,,,,,,,,,,,,,,,,,,,,,,,
1769163812.350993,1769163812.352003,78.0,0.0,4430.128418,4281.410156,4404.230957,4294.230957,4269.743652,4262.436035,4291.922852,4291.282227,4292.563965,4279.743652,4570.0,4540.0,4421.666504,4488.205078,0.632073,0.363521,0.170845,0.11013,0.088518,0.868134,0.195201,0.125064,0.099163,0.087231,0.403029,0.151363,0.080047,0.066224,0.092574,1.031221,0.302646,0.17751,0.08518,0.05404,0.312551,0.046511,0.073202,0.064748,0.040724,0.153888,0.098289,0.073015,0.051424,0.068458,0.253915,0.127538,0.076437,0.050273,0.082855,0.43655,0.2421,0.314713,0.076935,0.074861,0.472335,0.490795,0.355107,0.110623,0.094682,0.663515,0.294998,0.356041,0.160945,0.097951,1.087928,0.297029,0.634032,0.154773,0.107739,0.781645,0.35833,0.414623,0.197945,0.177256,1.084954,0.261807,0.343542,0.167411,0.188993,2.065916,0.381369,0.368236,0.2234,0.203491
1769163812.358801,1769163812.359812,79.0,0.0,4435.897461,4290.897461,4412.692383,4299.230957,4273.205078,4263.333496,4292.563965,4295.512695,4296.025879,4287.179688,4572.563965,4538.846191,4427.179688,4497.563965,,,,,,,,,,,,,,,,,,,,,,,,,,,,,,,,,,,,,,,,,,,,,,,,,,,,,,,,,,,,,,,,,,,,,,
1769163812.36661,1769163812.36782,80.0,0.0,4442.05127,4294.358887,4414.230957,4306.538574,4274.871582,4265.897461,4295.384766,4296.282227,4301.025879,4289.358887,4579.230957,4543.974121,4431.282227,4507.05127,,,,,,,,,,,,,,,,,,,,,,,,,,,,,,,,,,,,,,,,,,,,,,,,,,,,,,,,,,,,,,,,,,,,,,
1769163812.374418,1769163812.375629,81.0,0.0,4443.846191,4291.153809,4411.666504,4309.358887,4273.589844,4262.563965,4292.820313,4294.358887,4305.0,4291.282227,4584.230957,4547.05127,4431.410156,4505.769043,,,,,,,,,,,,,,,,,,,,,,,,,,,,,,,,,,,,,,,,,,,,,,,,,,,,,,,,,,,,,,,,,,,,,,
1769163812.382227,1769163812.383537,82.0,0.0,4443.717773,4292.820313,4415.0,4310.512695,4274.743652,4257.436035,4289.871582,4295.384766,4309.358887,4293.846191,4583.846191,4548.589844,4431.153809,4503.589844,,,,,,,,,,,,,,,,,,,,,,,,,,,,,,,,,,,,,,,,,,,,,,,,,,,,,,,,,,,,,,,,,,,,,,
1769163812.390035,1769163812.391345,83.0,0.0,4441.666504,4292.563965,4416.282227,4309.487305,4275.897461,4262.05127,4295.384766,4296.794922,4306.410156,4285.256348,4581.794922,4553.077148,4426.410156,4504.615234,,,,,,,,,,,,,,,,,,,,,,,,,,,,,,,,,,,,,,,,,,,,,,,,,,,,,,,,,,,,,,,,,,,,,,
1769163812.397844,1769163812.399354,84.0,0.0,4440.897461,4292.307617,4417.563965,4308.717773,4276.794922,4266.410156,4293.846191,4293.205078,4296.410156,4283.205078,4582.692383,4555.641113,4426.538574,4507.563965,,,,,,,,,,,,,,,,,,,,,,,,,,,,,,,,,,,,,,,,,,,,,,,,,,,,,,,,,,,,,,,,,,,,,,
1769163812.405652,1769163812.407162,85.0,0.0,4445.897461,4294.358887,4425.0,4310.512695,4277.820313,4260.128418,4283.205078,4293.846191,4298.461426,4293.717773,4586.410156,4557.05127,4437.820313,4510.897461,,,,,,,,,,,,,,,,,,,,,,,,,,,,,,,,,,,,,,,,,,,,,,,,,,,,,,,,,,,,,,,,,,,,,,
1769163812.413461,1769163812.41497,86.0,0.0,4448.974121,4297.179688,4425.897461,4311.794922,4277.94873,4258.717773,4285.128418,4298.205078,4304.102539,4291.153809,4583.077148,4551.794922,4434.871582,4504.230957,,,,,,,,,,,,,,,,,,,,,,,,,,,,,,,,,,,,,,,,,,,,,,,,,,,,,,,,,,,,,,,,,,,,,,
1769163812.421269,1769163812.422779,87.0,0.0,4443.461426,4293.717773,4417.820313,4308.846191,4278.974121,4265.256348,4293.461426,4294.230957,4294.358887,4278.077148,4570.0,4537.820313,4418.589844,4489.230957,,,,,,,,,,,,,,,,,,,,,,,,,,,,,,,,,,,,,,,,,,,,,,,,,,,,,,,,,,,,,,,,,,,,,,
1769163812.429078,1769163812.430388,88.0,0.0,4440.641113,4285.256348,4412.692383,4304.102539,4274.358887,4260.256348,4289.358887,4289.615234,4287.307617,4276.538574,4566.794922,4537.94873,4418.846191,4492.563965,,,,,,,,,,,,,,,,,,,,,,,,,,,,,,,,,,,,,,,,,,,,,,,,,,,,,,,,,,,,,,,,,,,,,,
1769163812.436886,1769163812.438196,89.0,0.0,4444.487305,4287.692383,4413.846191,4302.179688,4266.794922,4248.717773,4283.717773,4293.077148,4294.487305,4281.922852,4579.102539,4555.769043,4430.769043,4509.487305,,,,,,,,,,,,,,,,,,,,,,,,,,,,,,,,,,,,,,,,,,,,,,,,,,,,,,,,,,,,,,,,,,,,,,
1769163812.444694,1769163812.445905,90.0,0.0,4445.0,4293.333496,4420.128418,4303.846191,4268.974121,4251.153809,4288.333496,4298.205078,4298.077148,4283.333496,4587.179688,4560.897461,4430.897461,4510.641113,,,,,,,,,,,,,,,,,,,,,,,,,,,,,,,,,,,,,,,,,,,,,,,,,,,,,,,,,,,,,,,,,,,,,,
1769163812.452503,1769163812.453713,91.0,0.0,4441.922852,4289.615234,4425.769043,4306.794922,4272.05127,4259.743652,4287.692383,4299.102539,4296.794922,4286.794922,4587.692383,4555.0,4428.333496,4504.487305,,,,,,,,,,,,,,,,,,,,,,,,,,,,,,,,,,,,,,,,,,,,,,,,,,,,,,,,,,,,,,,,,,,,,,
1769163812.460311,1769163812.461322,92.0,0.0,4441.922852,4289.102539,4423.717773,4309.230957,4267.307617,4260.0,4282.563965,4303.333496,4303.333496,4293.461426,4586.282227,4554.487305,4431.666504,4505.897461,,,,,,,,,,,,,,,,,,,,,,,,,,,,,,,,,,,,,,,,,,,,,,,,,,,,,,,,,,,,,,,,,,,,,,
1769163812.46812,1769163812.46913,93.0,0.0,4443.974121,4296.025879,4418.846191,4311.153809,4269.743652,4258.589844,4286.410156,4309.615234,4306.794922,4296.922852,4584.743652,4552.436035,4430.0,4504.487305,,,,,,,,,,,,,,,,,,,,,,,,,,,,,,,,,,,,,,,,,,,,,,,,,,,,,,,,,,,,,,,,,,,,,,
1769163812.475928,1769163812.476839,94.0,0.0,4445.769043,4295.897461,4419.615234,4310.769043,4277.179688,4259.358887,4288.846191,4302.692383,4301.538574,4293.077148,4584.487305,4553.077148,4428.461426,4502.563965,0.582543,0.411431,0.17841,0.139038,0.078775,0.849745,0.233813,0.123541,0.124709,0.084212,0.40612,0.18662,0.072519,0.076416,0.083973,0.983803,0.323746,0.167617,0.110737,0.060885,0.291805,0.047876,0.072029,0.06244,0.04866,0.173357,0.121693,0.075096,0.05147,0.066254,0.29523,0.163085,0.067757,0.050284,0.07749,0.579895,0.224075,0.345996,0.078225,0.067627,0.513991,0.412963,0.394304,0.109397,0.108109,0.623056,0.248489,0.398937,0.163066,0.100691,0.992605,0.239147,0.622865,0.15076,0.111241,0.719263,0.348601,0.38359,0.186049,0.197045,0.976182,0.238764,0.327548,0.175722,0.204622,1.876516,0.405481,0.355386,0.234725,0.225234
1769163812.483737,1769163812.484647,95.0,0.0,4446.794922,4293.077148,4418.974121,4310.769043,4272.692383,4262.436035,4284.871582,4290.384766,4293.846191,4284.871582,4580.641113,4555.256348,4430.256348,4508.974121,,,,,,,,,,,,,,,,,,,,,,,,,,,,,,,,,,,,,,,,,,,,,,,,,,,,,,,,,,,,,,,,,,,,,,
1769163812.491545,1769163812.492256,96.0,0.0,4445.0,4295.769043,4412.179688,4310.641113,4268.717773,4261.794922,4282.179688,4290.128418,4288.333496,4280.0,4571.282227,4545.384766,4425.897461,4503.717773,,,,,,,,,,,,,,,,,,,,,,,,,,,,,,,,,,,,,,,,,,,,,,,,,,,,,,,,,,,,,,,,,,,,,,
1769163812.499354,1769163812.500064,97.0,0.0,4442.563965,4296.410156,4413.205078,4312.307617,4275.256348,4252.94873,4282.563965,4295.256348,4287.692383,4278.205078,4568.589844,4537.436035,4421.282227,4491.922852,,,,,,,,,,,,,,,,,,,,,,,,,,,,,,,,,,,,,,,,,,,,,,,,,,,,,,,,,,,,,,,,,,,,,,
1769163812.507162,1769163812.507973,98.0,0.0,4443.461426,4295.897461,4421.025879,4316.025879,4276.666504,4252.179688,4284.743652,4295.128418,4291.410156,4279.743652,4578.205078,4546.794922,4426.538574,4497.692383,,,,,,,,,,,,,,,,,,,,,,,,,,,,,,,,,,,,,,,,,,,,,,,,,,,,,,,,,,,,,,,,,,,,,,
1769163812.514971,1769163812.515781,99.0,0.0,4444.743652,4294.358887,4423.077148,4316.025879,4273.333496,4261.025879,4287.436035,4295.128418,4295.0,4284.871582,4585.769043,4557.692383,4430.384766,4508.717773,,,,,,,,,,,,,,,,,,,,,,,,,,,,,,,,,,,,,,,,,,,,,,,,,,,,,,,,,,,,,,,,,,,,,,
1769163812.522779,1769163812.523789,100.0,0.0,4444.102539,4296.922852,4422.94873,4312.820313,4275.641113,4260.0,4285.641113,4296.282227,4295.0,4289.871582,4585.897461,4557.179688,4429.615234,4508.461426,,,,,,,,,,,,,,,,,,,,,,,,,,,,,,,,,,,,,,,,,,,,,,,,,,,,,,,,,,,,,,,,,,,,,,
1769163812.530588,1769163812.531598,101.0,0.0,4443.205078,4302.307617,4425.0,4311.922852,4279.102539,4255.256348,4281.666504,4295.384766,4295.0,4292.179688,4585.769043,4555.769043,4433.077148,4507.94873,,,,,,,,,,,,,,,,,,,,,,,,,,,,,,,,,,,,,,,,,,,,,,,,,,,,,,,,,,,,,,,,,,,,,,
1769163812.538396,1769163812.539506,102.0,0.0,4442.307617,4298.717773,4422.820313,4311.666504,4278.333496,4261.666504,4289.102539,4297.692383,4297.179688,4292.436035,4585.512695,4556.410156,4432.307617,4507.563965,,,,,,,,,,,,,,,,,,,,,,,,,,,,,,,,,,,,,,,,,,,,,,,,,,,,,,,,,,,,,,,,,,,,,,
1769163812.546204,1769163812.547314,103.0,0.0,4443.077148,4293.077148,4419.743652,4310.769043,4277.563965,4265.897461,4292.307617,4296.282227,4296.794922,4290.256348,4584.871582,4555.641113,4432.307617,4502.179688,,,,,,,,,,,,,,,,,,,,,,,,,,,,,,,,,,,,,,,,,,,,,,,,,,,,,,,,,,,,,,,,,,,,,,
1769163812.554013,1769163812.554923,104.0,0.0,4439.871582,4296.025879,4420.128418,4310.769043,4278.846191,4261.794922,4284.871582,4294.358887,4296.794922,4290.512695,4587.820313,4556.410156,4443.589844,4504.487305,,,,,,,,,,,,,,,,,,,,,,,,,,,,,,,,,,,,,,,,,,,,,,,,,,,,,,,,,,,,,,,,,,,,,,
1769163812.561821,1769163812.562732,105.0,0.0,4428.589844,4297.436035,4416.922852,4308.717773,4279.871582,4262.307617,4288.846191,4303.717773,4296.794922,4289.615234,4587.692383,4554.615234,4442.692383,4502.563965,,,,,,,,,,,,,,,,,,,,,,,,,,,,,,,,,,,,,,,,,,,,,,,,,,,,,,,,,,,,,,,,,,,,,,
1769163812.56963,1769163812.57044,106.0,0.0,4428.333496,4293.717773,4417.179688,4305.641113,4279.358887,4265.256348,4292.692383,4308.077148,4294.871582,4281.282227,4580.128418,4549.615234,4427.179688,4492.820313,,,,,,,,,,,,,,,,,,,,,,,,,,,,,,,,,,,,,,,,,,,,,,,,,,,,,,,,,,,,,,,,,,,,,,
1769163812.577438,1769163812.578249,107.0,0.0,4445.128418,4298.974121,4424.871582,4303.589844,4280.384766,4266.282227,4286.538574,4298.333496,4293.205078,4278.461426,4579.871582,4552.436035,4426.410156,4500.256348,,,,,,,,,,,,,,,,,,,,,,,,,,,,,,,,,,,,,,,,,,,,,,,,,,,,,,,,,,,,,,,,,,,,,,
1769163812.585247,1769163812.586257,108.0,0.0,4447.94873,4305.512695,4422.436035,4300.0,4282.563965,4265.641113,4285.128418,4294.358887,4293.589844,4283.205078,4584.743652,4556.794922,4433.461426,4505.641113,,,,,,,,,,,,,,,,,,,,,,,,,,,,,,,,,,,,,,,,,,,,,,,,,,,,,,,,,,,,,,,,,,,,,,
1769163812.593055,1769163812.594065,109.0,0.0,4432.563965,4299.615234,4412.05127,4292.563965,4282.307617,4265.0,4286.282227,4302.05127,4294.615234,4282.820313,4581.282227,4547.820313,4428.717773,4490.0,,,,,,,,,,,,,,,,,,,,,,,,,,,,,,,,,,,,,,,,,,,,,,,,,,,,,,,,,,,,,,,,,,,,,,
1769163812.600864,1769163812.601974,110.0,0.0,4426.666504,4293.333496,4410.128418,4284.230957,4279.743652,4263.205078,4282.94873,4307.307617,4294.615234,4279.743652,4578.589844,4542.05127,4425.512695,4482.820313,0.505345,0.462821,0.183118,0.186246,0.080641,0.789329,0.27216,0.122964,0.161534,0.08037,0.423405,0.235871,0.072412,0.096414,0.084925,0.922819,0.326123,0.148225,0.142452,0.074576,0.266366,0.04801,0.074568,0.065891,0.057885,0.181741,0.135684,0.076406,0.04869,0.064018,0.31197,0.193202,0.061544,0.048575,0.074001,0.738908,0.21496,0.366192,0.092574,0.070193,0.553428,0.338912,0.416403,0.120289,0.127788,0.590994,0.218204,0.411666,0.159993,0.109351,0.928919,0.213104,0.552744,0.152461,0.121048,0.707986,0.361201,0.330623,0.175193,0.225085,0.946151,0.241123,0.285854,0.177803,0.227795,1.712178,0.434891,0.314628,0.252365,0.241551
1769163812.608672,1769163812.609782,111.0,0.0,4430.641113,4294.743652,4417.307617,4280.897461,4278.974121,4263.333496,4286.922852,4309.487305,4295.384766,4284.358887,4585.384766,4551.153809,4430.128418,4493.461426,,,,,,,,,,,,,,,,,,,,,,,,,,,,,,,,,,,,,,,,,,,,,,,,,,,,,,,,,,,,,,,,,,,,,,
1769163812.61648,1769163812.61779,112.0,0.0,4430.769043,4295.256348,4421.282227,4281.282227,4285.128418,4266.025879,4294.487305,4311.666504,4296.410156,4289.102539,4588.461426,4557.820313,4431.538574,4494.487305,,,,,,,,,,,,,,,,,,,,,,,,,,,,,,,,,,,,,,,,,,,,,,,,,,,,,,,,,,,,,,,,,,,,,,
1769163812.624289,1769163812.625599,113.0,0.0,4428.205078,4292.436035,4419.743652,4279.487305,4290.897461,4265.384766,4293.205078,4308.333496,4295.128418,4285.0,4582.820313,4553.077148,4427.820313,4489.230957,,,,,,,,,,,,,,,,,,,,,,,,,,,,,,,,,,,,,,,,,,,,,,,,,,,,,,,,,,,,,,,,,,,,,,
1769163812.632097,1769163812.633307,114.0,0.0,4427.563965,4294.871582,4420.641113,4278.461426,4287.179688,4262.563965,4294.358887,4306.410156,4295.128418,4279.743652,4583.077148,4551.025879,4425.128418,4493.077148,,,,,,,,,,,,,,,,,,,,,,,,,,,,,,,,,,,,,,,,,,,,,,,,,,,,,,,,,,,,,,,,,,,,,,
1769163812.639906,1769163812.641116,115.0,0.0,4429.230957,4297.436035,4421.666504,4281.025879,4284.358887,4263.077148,4292.94873,4309.871582,4296.666504,4281.410156,4587.820313,4553.846191,4426.153809,4495.0,,,,,,,,,,,,,,,,,,,,,,,,,,,,,,,,,,,,,,,,,,,,,,,,,,,,,,,,,,,,,,,,,,,,,,
1769163812.647714,1769163812.648724,116.0,0.0,4429.615234,4294.871582,4421.153809,4278.974121,4286.922852,4264.230957,4286.410156,4310.769043,4295.641113,4284.102539,4585.897461,4552.563965,4426.282227,4490.0,,,,,,,,,,,,,,,,,,,,,,,,,,,,,,,,,,,,,,,,,,,,,,,,,,,,,,,,,,,,,,,,,,,,,,
1769163812.655523,1769163812.656533,117.0,0.0,4429.615234,4295.0,4424.102539,4277.05127,4285.384766,4264.615234,4288.333496,4311.153809,4295.128418,4283.717773,4585.512695,4554.358887,4428.461426,4490.641113,,,,,,,,,,,,,,,,,,,,,,,,,,,,,,,,,,,,,,,,,,,,,,,,,,,,,,,,,,,,,,,,,,,,,,
1769163812.663331,1769163812.664241,118.0,0.0,4429.743652,4297.563965,4422.436035,4276.282227,4281.922852,4265.512695,4293.974121,4312.692383,4296.666504,4283.077148,4589.230957,4557.307617,4430.128418,4497.179688,,,,,,,,,,,,,,,,,,,,,,,,,,,,,,,,,,,,,,,,,,,,,,,,,,,,,,,,,,,,,,,,,,,,,,
1769163812.67114,1769163812.67205,119.0,0.0,4427.307617,4295.641113,4414.230957,4268.974121,4282.179688,4264.743652,4292.692383,4312.179688,4295.0,4280.897461,4582.94873,4554.615234,4421.410156,4494.230957,,,,,,,,,,,,,,,,,,,,,,,,,,,,,,,,,,,,,,,,,,,,,,,,,,,,,,,,,,,,,,,,,,,,,,
1769163812.678948,1769163812.679658,120.0,0.0,4425.128418,4292.94873,4412.05127,4264.230957,4283.077148,4263.333496,4288.077148,4311.666504,4294.230957,4280.769043,4575.0,4550.512695,4415.769043,4486.153809,,,,,,,,,,,,,,,,,,,,,,,,,,,,,,,,,,,,,,,,,,,,,,,,,,,,,,,,,,,,,,,,,,,,,,
1769163812.686756,1769163812.687467,121.0,0.0,4427.436035,4297.563965,4414.487305,4266.282227,4286.666504,4266.282227,4290.769043,4312.05127,4296.666504,4282.820313,4580.512695,4552.307617,4422.05127,4489.102539,,,,,,,,,,,,,,,,,,,,,,,,,,,,,,,,,,,,,,,,,,,,,,,,,,,,,,,,,,,,,,,,,,,,,,
1769163812.694565,1769163812.695175,122.0,0.0,4428.589844,4301.153809,4415.128418,4265.641113,4291.922852,4266.410156,4292.94873,4307.563965,4296.922852,4281.794922,4587.692383,4554.743652,4424.102539,4494.487305,,,,,,,,,,,,,,,,,,,,,,,,,,,,,,,,,,,,,,,,,,,,,,,,,,,,,,,,,,,,,,,,,,,,,,
1769163812.702373,1769163812.702984,123.0,0.0,4426.410156,4295.384766,4414.102539,4262.563965,4291.794922,4267.307617,4292.05127,4303.974121,4295.897461,4277.820313,4585.384766,4551.922852,4416.794922,4490.897461,,,,,,,,,,,,,,,,,,,,,,,,,,,,,,,,,,,,,,,,,,,,,,,,,,,,,,,,,,,,,,,,,,,,,,
1769163812.710182,1769163812.710992,124.0,0.0,4425.128418,4295.384766,4413.333496,4264.871582,4289.358887,4274.487305,4293.333496,4306.794922,4296.538574,4277.05127,4582.179688,4552.05127,4417.307617,4487.307617,,,,,,,,,,,,,,,,,,,,,,,,,,,,,,,,,,,,,,,,,,,,,,,,,,,,,,,,,,,,,,,,,,,,,,
1769163812.71799,1769163812.718801,125.0,0.0,4427.05127,4306.666504,4417.563965,4267.436035,4291.153809,4273.333496,4290.256348,4303.589844,4296.794922,4282.563965,4585.512695,4555.512695,4428.205078,4493.717773,,,,,,,,,,,,,,,,,,,,,,,,,,,,,,,,,,,,,,,,,,,,,,,,,,,,,,,,,,,,,,,,,,,,,,
1769163812.725799,1769163812.726709,126.0,0.0,4429.230957,4310.641113,4421.538574,4267.179688,4291.282227,4261.666504,4281.794922,4296.282227,4297.179688,4289.743652,4595.256348,4558.205078,4436.922852,4504.230957,0.422383,0.503571,0.179858,0.242063,0.093318,0.716168,0.300556,0.122546,0.203045,0.076144,0.445727,0.282895,0.079443,0.124292,0.094408,0.932297,0.313259,0.123567,0.173443,0.091041,0.24301,0.047376,0.081939,0.071012,0.066326,0.178634,0.135408,0.078524,0.044645,0.063393,0.301914,0.205886,0.058184,0.04606,0.073256,0.864013,0.205011,0.370515,0.118342,0.080528,0.579038,0.288709,0.424248,0.145702,0.149891,0.534068,0.20787,0.401333,0.153431,0.122308,0.915422,0.219815,0.459856,0.16,0.134072,0.7443,0.390145,0.275875,0.178231,0.253271,1.002567,0.261457,0.23589,0.171137,0.250416,1.574035,0.462659,0.26063,0.277868,0.247949
1769163812.733607,1769163812.734517,127.0,0.0,4427.179688,4305.512695,4415.128418,4267.05127,4285.0,4258.333496,4278.461426,4295.897461,4298.717773,4290.769043,4600.512695,4557.692383,4436.922852,4509.358887,,,,,,,,,,,,,,,,,,,,,,,,,,,,,,,,,,,,,,,,,,,,,,,,,,,,,,,,,,,,,,,,,,,,,,
1769163812.741416,1769163812.742526,0.0,0.0,4419.487305,4303.974121,4409.102539,4266.282227,4280.256348,4262.94873,4283.974121,4296.153809,4297.692383,4284.487305,4593.077148,4553.589844,4430.384766,4502.692383,,,,,,,,,,,,,,,,,,,,,,,,,,,,,,,,,,,,,,,,,,,,,,,,,,,,,,,,,,,,,,,,,,,,,,
1769163812.749224,1769163812.750334,1.0,0.0,4413.077148,4302.820313,4411.153809,4266.410156,4281.538574,4263.589844,4287.179688,4293.205078,4295.512695,4281.153809,4586.922852,4552.179688,4428.846191,4493.589844,,,,,,,,,,,,,,,,,,,,,,,,,,,,,,,,,,,,,,,,,,,,,,,,,,,,,,,,,,,,,,,,,,,,,,
1769163812.757033,1769163812.758043,2.0,0.0,4409.615234,4298.077148,4407.820313,4264.615234,4282.05127,4263.205078,4284.615234,4294.487305,4295.256348,4282.820313,4588.077148,4552.820313,4431.282227,4493.077148,,,,,,,,,,,,,,,,,,,,,,,,,,,,,,,,,,,,,,,,,,,,,,,,,,,,,,,,,,,,,,,,,,,,,,
1769163812.764841,1769163812.765851,3.0,0.0,4409.358887,4296.794922,4402.05127,4264.358887,4280.769043,4262.692383,4284.871582,4296.794922,4295.384766,4283.077148,4588.205078,4547.820313,4430.256348,4495.512695,,,,,,,,,,,,,,,,,,,,,,,,,,,,,,,,,,,,,,,,,,,,,,,,,,,,,,,,,,,,,,,,,,,,,,
1769163812.772649,1769163812.773859,4.0,0.0,4410.769043,4300.384766,4405.256348,4270.128418,4284.487305,4262.692383,4289.615234,4294.358887,4294.102539,4281.794922,4586.538574,4540.128418,4427.436035,4492.307617,,,,,,,,,,,,,,,,,,,,,,,,,,,,,,,,,,,,,,,,,,,,,,,,,,,,,,,,,,,,,,,,,,,,,,
1769163812.780458,1769163812.781668,5.0,0.0,4410.641113,4304.743652,4411.025879,4272.94873,4290.897461,4267.05127,4290.512695,4293.205078,4293.717773,4278.974121,4585.512695,4542.436035,4426.282227,4489.487305,,,,,,,,,,,,,,,,,,,,,,,,,,,,,,,,,,,,,,,,,,,,,,,,,,,,,,,,,,,,,,,,,,,,,,
1769163812.788266,1769163812.789576,6.0,0.0,4410.641113,4306.025879,4411.410156,4273.333496,4294.743652,4266.282227,4286.153809,4295.641113,4296.922852,4281.794922,4587.436035,4553.974121,4427.307617,4493.846191,,,,,,,,,,,,,,,,,,,,,,,,,,,,,,,,,,,,,,,,,,,,,,,,,,,,,,,,,,,,,,,,,,,,,,
1769163812.796075,1769163812.797385,7.0,0.0,4406.794922,4302.179688,4410.128418,4276.025879,4295.0,4262.820313,4286.666504,4297.692383,4297.179688,4289.358887,4589.743652,4553.205078,4430.128418,4496.666504,,,,,,,,,,,,,,,,,,,,,,,,,,,,,,,,,,,,,,,,,,,,,,,,,,,,,,,,,,,,,,,,,,,,,,
1769163812.803883,1769163812.805293,8.0,0.0,4396.794922,4296.538574,4408.846191,4273.333496,4294.615234,4268.461426,4294.102539,4297.307617,4294.358887,4289.230957,4584.615234,4543.461426,4427.563965,4489.871582,,,,,,,,,,,,,,,,,,,,,,,,,,,,,,,,,,,,,,,,,,,,,,,,,,,,,,,,,,,,,,,,,,,,,,
1769163812.811692,1769163812.813101,9.0,0.0,4392.436035,4294.102539,4411.025879,4269.871582,4296.025879,4274.487305,4294.358887,4296.922852,4298.846191,4287.820313,4584.487305,4547.563965,4425.512695,4488.205078,,,,,,,,,,,,,,,,,,,,,,,,,,,,,,,,,,,,,,,,,,,,,,,,,,,,,,,,,,,,,,,,,,,,,,
1769163812.8195,1769163812.82081,10.0,0.0,4399.743652,4299.743652,4417.94873,4277.179688,4295.897461,4267.820313,4285.128418,4297.436035,4304.615234,4296.410156,4596.922852,4558.333496,4435.641113,4497.94873,,,,,,,,,,,,,,,,,,,,,,,,,,,,,,,,,,,,,,,,,,,,,,,,,,,,,,,,,,,,,,,,,,,,,,
1769163812.827309,1769163812.828618,11.0,0.0,4402.179688,4306.410156,4418.077148,4282.820313,4293.205078,4262.94873,4282.820313,4294.102539,4299.743652,4296.025879,4597.94873,4555.0,4440.512695,4500.0,,,,,,,,,,,,,,,,,,,,,,,,,,,,,,,,,,,,,,,,,,,,,,,,,,,,,,,,,,,,,,,,,,,,,,
1769163812.835117,1769163812.836627,12.0,0.0,4392.179688,4304.487305,4411.025879,4277.692383,4292.563965,4267.94873,4286.410156,4293.717773,4293.589844,4281.153809,4586.282227,4550.512695,4428.717773,4490.256348,,,,,,,,,,,,,,,,,,,,,,,,,,,,,,,,,,,,,,,,,,,,,,,,,,,,,,,,,,,,,,,,,,,,,,
1769163812.842926,1769163812.844435,13.0,0.0,4390.512695,4304.102539,4410.256348,4276.538574,4295.384766,4267.820313,4284.102539,4294.615234,4295.512695,4275.128418,4584.102539,4552.563965,4422.436035,4489.871582,,,,,,,,,,,,,,,,,,,,,,,,,,,,,,,,,,,,,,,,,,,,,,,,,,,,,,,,,,,,,,,,,,,,,,
1769163812.850734,1769163812.852144,14.0,0.0,4398.589844,4313.077148,4414.487305,4281.282227,4297.563965,4263.077148,4280.128418,4286.153809,4294.358887,4277.563965,4585.897461,4545.512695,4429.102539,4494.743652,0.361495,0.520596,0.168525,0.292089,0.112793,0.645825,0.311428,0.121025,0.23851,0.072532,0.474949,0.309961,0.093094,0.155313,0.107877,1.056672,0.294325,0.098168,0.19517,0.104399,0.238466,0.047001,0.09285,0.07347,0.072104,0.165413,0.121307,0.082381,0.041552,0.065628,0.267912,0.194713,0.05595,0.043993,0.074975,0.912061,0.188425,0.357004,0.150283,0.09384,0.582805,0.27214,0.426774,0.180705,0.167893,0.473897,0.215969,0.38901,0.146725,0.135986,0.938888,0.256137,0.39177,0.172012,0.146251,0.814127,0.424229,0.240054,0.202982,0.273705,1.120833,0.289402,0.197728,0.158402,0.265703,1.459946,0.483679,0.215157,0.308525,0.244346
1769163812.858543,1769163812.859952,15.0,0.0,4396.410156,4312.05127,4413.846191,4281.922852,4294.230957,4263.974121,4282.692383,4278.077148,4287.94873,4275.128418,4578.974121,4535.897461,4427.05127,4492.563965,,,,,,,,,,,,,,,,,,,,,,,,,,,,,,,,,,,,,,,,,,,,,,,,,,,,,,,,,,,,,,,,,,,,,,
1769163812.866351,1769163812.867561,16.0,0.0,4386.666504,4298.461426,4412.179688,4278.205078,4289.358887,4266.794922,4288.846191,4282.820313,4284.871582,4271.410156,4574.230957,4536.025879,4415.128418,4488.717773,,,,,,,,,,,,,,,,,,,,,,,,,,,,,,,,,,,,,,,,,,,,,,,,,,,,,,,,,,,,,,,,,,,,,,
1769163812.874159,1769163812.875369,17.0,0.0,4383.333496,4297.05127,4413.077148,4276.666504,4289.743652,4266.410156,4292.307617,4291.922852,4286.538574,4273.205078,4578.717773,4541.666504,4412.179688,4488.077148,,,,,,,,,,,,,,,,,,,,,,,,,,,,,,,,,,,,,,,,,,,,,,,,,,,,,,,,,,,,,,,,,,,,,,
1769163812.881968,1769163812.883078,18.0,0.0,4382.179688,4308.077148,4412.179688,4283.974121,4293.589844,4263.077148,4285.897461,4295.641113,4291.538574,4278.461426,4584.102539,4548.589844,4420.641113,4489.615234,,,,,,,,,,,,,,,,,,,,,,,,,,,,,,,,,,,,,,,,,,,,,,,,,,,,,,,,,,,,,,,,,,,,,,
1769163812.889776,1769163812.890886,19.0,0.0,4381.025879,4310.384766,4412.179688,4290.769043,4294.230957,4263.205078,4278.461426,4294.487305,4295.128418,4282.820313,4585.641113,4552.94873,4427.820313,4492.307617,,,,,,,,,,,,,,,,,,,,,,,,,,,,,,,,,,,,,,,,,,,,,,,,,,,,,,,,,,,,,,,,,,,,,,
1769163812.897585,1769163812.898894,20.0,0.0,4381.794922,4308.589844,4411.410156,4286.666504,4293.461426,4263.461426,4278.205078,4286.794922,4292.436035,4282.820313,4585.128418,4550.897461,4428.205078,4492.563965,,,,,,,,,,,,,,,,,,,,,,,,,,,,,,,,,,,,,,,,,,,,,,,,,,,,,,,,,,,,,,,,,,,,,,
1769163812.905393,1769163812.906703,21.0,0.0,4377.179688,4307.436035,4407.307617,4279.743652,4293.717773,4261.666504,4278.974121,4279.615234,4288.717773,4279.230957,4584.871582,4547.05127,4426.410156,4489.871582,,,,,,,,,,,,,,,,,,,,,,,,,,,,,,,,,,,,,,,,,,,,,,,,,,,,,,,,,,,,,,,,,,,,,,
1769163812.913202,1769163812.914611,22.0,0.0,4369.743652,4300.256348,4402.563965,4279.230957,4294.487305,4262.563965,4283.333496,4282.436035,4289.230957,4278.846191,4583.974121,4547.05127,4425.897461,4488.333496,,,,,,,,,,,,,,,,,,,,,,,,,,,,,,,,,,,,,,,,,,,,,,,,,,,,,,,,,,,,,,,,,,,,,,
1769163812.92101,1769163812.92242,23.0,0.0,4367.820313,4299.358887,4404.102539,4281.153809,4294.743652,4265.256348,4286.538574,4290.128418,4290.512695,4280.256348,4584.230957,4549.230957,4428.333496,4489.358887,,,,,,,,,,,,,,,,,,,,,,,,,,,,,,,,,,,,,,,,,,,,,,,,,,,,,,,,,,,,,,,,,,,,,,
1769163812.928819,1769163812.930428,24.0,0.0,4369.102539,4307.05127,4407.05127,4279.743652,4293.974121,4265.0,4281.025879,4295.0,4289.230957,4277.94873,4583.077148,4552.820313,4427.94873,4490.256348,,,,,,,,,,,,,,,,,,,,,,,,,,,,,,,,,,,,,,,,,,,,,,,,,,,,,,,,,,,,,,,,,,,,,,
1769163812.936627,1769163812.938236,25.0,0.0,4368.333496,4302.820313,4406.025879,4277.05127,4293.461426,4263.461426,4280.0,4295.128418,4291.025879,4280.128418,4585.256348,4555.769043,4425.0,4490.897461,,,,,,,,,,,,,,,,,,,,,,,,,,,,,,,,,,,,,,,,,,,,,,,,,,,,,,,,,,,,,,,,,,,,,,
1769163812.944435,1769163812.946145,26.0,0.0,4368.077148,4296.666504,4408.333496,4275.897461,4292.05127,4263.974121,4287.820313,4294.743652,4292.692383,4291.153809,4591.794922,4557.179688,4433.461426,4493.205078,,,,,,,,,,,,,,,,,,,,,,,,,,,,,,,,,,,,,,,,,,,,,,,,,,,,,,,,,,,,,,,,,,,,,,
1769163812.952244,1769163812.953953,27.0,0.0,4370.256348,4301.538574,4409.487305,4276.282227,4289.487305,4266.025879,4288.846191,4293.077148,4284.743652,4294.615234,4591.666504,4557.307617,4442.179688,4495.769043,,,,,,,,,,,,,,,,,,,,,,,,,,,,,,,,,,,,,,,,,,,,,,,,,,,,,,,,,,,,,,,,,,,,,,
1769163812.960052,1769163812.961562,28.0,0.0,4366.666504,4303.461426,4406.025879,4275.897461,4290.256348,4268.333496,4281.922852,4290.769043,4281.025879,4288.205078,4586.666504,4555.641113,4434.230957,4494.615234,,,,,,,,,,,,,,,,,,,,,,,,,,,,,,,,,,,,,,,,,,,,,,,,,,,,,,,,,,,,,,,,,,,,,,
1769163812.967861,1769163812.96937,29.0,0.0,4358.846191,4298.333496,4404.487305,4271.666504,4292.307617,4264.871582,4279.615234,4293.974121,4292.05127,4289.743652,4587.563965,4555.128418,4426.538574,4492.94873,,,,,,,,,,,,,,,,,,,,,,,,,,,,,,,,,,,,,,,,,,,,,,,,,,,,,,,,,,,,,,,,,,,,,,
1769163812.975669,1769163812.977279,30.0,0.0,4355.512695,4295.769043,4403.589844,4266.153809,4291.410156,4264.230957,4282.307617,4293.461426,4289.615234,4293.461426,4586.922852,4555.769043,4428.205078,4494.743652,0.334068,0.503504,0.151439,0.323421,0.133612,0.589114,0.302215,0.119067,0.257872,0.070847,0.490318,0.307068,0.111674,0.183445,0.11985,1.234637,0.278344,0.079552,0.200896,0.109643,0.245673,0.04877,0.105667,0.071255,0.074332,0.145615,0.099462,0.088196,0.041398,0.071035,0.220068,0.162169,0.054502,0.043644,0.078299,0.869375,0.166324,0.327114,0.180379,0.10482,0.552586,0.288819,0.432133,0.214338,0.175348,0.401245,0.243201,0.395462,0.142283,0.146423,0.955075,0.318568,0.378451,0.185294,0.154408,0.879935,0.451828,0.232866,0.245761,0.282334,1.249582,0.320052,0.182985,0.145207,0.27048,1.352618,0.498682,0.19549,0.338281,0.235331
1769163812.983478,1769163812.985087,31.0,0.0,4356.025879,4295.0,4398.589844,4265.769043,4292.820313,4270.384766,4283.077148,4285.512695,4276.282227,4291.666504,4582.94873,4550.384766,4428.846191,4494.230957,,,,,,,,,,,,,,,,,,,,,,,,,,,,,,,,,,,,,,,,,,,,,,,,,,,,,,,,,,,,,,,,,,,,,,
1769163812.991286,1769163812.992696,32.0,0.0,4350.128418,4295.769043,4396.794922,4267.307617,4296.538574,4268.333496,4281.025879,4287.179688,4286.538574,4294.102539,4584.871582,4542.94873,4429.230957,4490.128418,,,,,,,,,,,,,,,,,,,,,,,,,,,,,,,,,,,,,,,,,,,,,,,,,,,,,,,,,,,,,,,,,,,,,,
1769163812.999095,1769163813.000504,33.0,0.0,4340.769043,4295.256348,4398.846191,4264.102539,4294.871582,4267.05127,4283.589844,4295.897461,4295.769043,4295.769043,4583.205078,4540.512695,4428.333496,4487.94873,,,,,,,,,,,,,,,,,,,,,,,,,,,,,,,,,,,,,,,,,,,,,,,,,,,,,,,,,,,,,,,,,,,,,,
1769163813.006903,1769163813.008213,34.0,0.0,4338.974121,4294.871582,4397.307617,4262.563965,4292.307617,4274.871582,4286.282227,4295.0,4282.692383,4291.153809,4578.461426,4541.282227,4424.871582,4491.666504,,,,,,,,,,,,,,,,,,,,,,,,,,,,,,,,,,,,,,,,,,,,,,,,,,,,,,,,,,,,,,,,,,,,,,
1769163813.014712,1769163813.016021,35.0,0.0,4341.153809,4297.436035,4396.538574,4265.0,4292.436035,4276.794922,4286.410156,4292.563965,4283.589844,4289.487305,4582.94873,4538.974121,4428.333496,4495.769043,,,,,,,,,,,,,,,,,,,,,,,,,,,,,,,,,,,,,,,,,,,,,,,,,,,,,,,,,,,,,,,,,,,,,,
1769163813.02252,1769163813.02363,36.0,0.0,4340.256348,4296.794922,4397.436035,4263.589844,4291.922852,4274.871582,4292.820313,4295.769043,4296.666504,4290.641113,4586.410156,4537.94873,4430.641113,4491.282227,,,,,,,,,,,,,,,,,,,,,,,,,,,,,,,,,,,,,,,,,,,,,,,,,,,,,,,,,,,,,,,,,,,,,,
1769163813.030328,1769163813.031438,37.0,0.0,4339.615234,4298.077148,4398.589844,4263.077148,4293.717773,4278.333496,4293.974121,4295.769043,4295.512695,4291.794922,4585.128418,4545.641113,4427.563965,4487.563965,,,,,,,,,,,,,,,,,,,,,,,,,,,,,,,,,,,,,,,,,,,,,,,,,,,,,,,,,,,,,,,,,,,,,,
1769163813.038137,1769163813.039347,38.0,0.0,4341.025879,4305.256348,4400.256348,4269.615234,4297.820313,4278.333496,4285.128418,4294.743652,4291.410156,4295.384766,4590.512695,4553.205078,4432.307617,4496.538574,,,,,,,,,,,,,,,,,,,,,,,,,,,,,,,,,,,,,,,,,,,,,,,,,,,,,,,,,,,,,,,,,,,,,,
1769163813.045945,1769163813.047155,39.0,0.0,4342.05127,4310.0,4401.538574,4276.410156,4296.153809,4275.0,4284.615234,4294.358887,4293.461426,4297.820313,4599.871582,4554.102539,4443.333496,4507.307617,,,,,,,,,,,,,,,,,,,,,,,,,,,,,,,,,,,,,,,,,,,,,,,,,,,,,,,,,,,,,,,,,,,,,,
1769163813.053754,1769163813.054764,40.0,0.0,4340.384766,4303.077148,4402.820313,4272.563965,4293.846191,4275.769043,4289.230957,4296.666504,4295.0,4296.025879,4600.128418,4553.461426,4442.94873,4507.563965,,,,,,,,,,,,,,,,,,,,,,,,,,,,,,,,,,,,,,,,,,,,,,,,,,,,,,,,,,,,,,,,,,,,,,
1769163813.061562,1769163813.062572,41.0,0.0,4335.512695,4295.0,4406.794922,4267.05127,4296.153809,4274.743652,4286.282227,4301.794922,4293.589844,4294.358887,4596.025879,4555.0,4434.615234,4504.487305,,,,,,,,,,,,,,,,,,,,,,,,,,,,,,,,,,,,,,,,,,,,,,,,,,,,,,,,,,,,,,,,,,,,,,
1769163813.069371,1769163813.070281,42.0,0.0,4335.128418,4300.0,4411.666504,4273.333496,4297.179688,4273.974121,4283.461426,4297.563965,4286.282227,4295.641113,4598.077148,4557.563965,4439.358887,4505.769043,,,,,,,,,,,,,,,,,,,,,,,,,,,,,,,,,,,,,,,,,,,,,,,,,,,,,,,,,,,,,,,,,,,,,,
1769163813.077179,1769163813.078089,43.0,0.0,4338.461426,4305.641113,4413.461426,4281.794922,4294.743652,4279.743652,4287.94873,4290.769043,4281.410156,4292.563965,4601.922852,4556.666504,4446.794922,4506.410156,,,,,,,,,,,,,,,,,,,,,,,,,,,,,,,,,,,,,,,,,,,,,,,,,,,,,,,,,,,,,,,,,,,,,,
1769163813.084988,1769163813.086097,44.0,0.0,4332.692383,4298.077148,4412.820313,4280.0,4293.974121,4279.743652,4288.974121,4295.0,4287.307617,4286.794922,4599.102539,4557.436035,4437.820313,4505.641113,,,,,,,,,,,,,,,,,,,,,,,,,,,,,,,,,,,,,,,,,,,,,,,,,,,,,,,,,,,,,,,,,,,,,,
1769163813.092796,1769163813.093906,45.0,0.0,4325.769043,4291.794922,4412.820313,4276.922852,4295.0,4269.743652,4284.230957,4298.077148,4290.769043,4287.820313,4594.358887,4562.692383,4431.666504,4505.769043,,,,,,,,,,,,,,,,,,,,,,,,,,,,,,,,,,,,,,,,,,,,,,,,,,,,,,,,,,,,,,,,,,,,,,
1769163813.100604,1769163813.101614,46.0,0.0,4327.436035,4300.384766,4412.94873,4279.358887,4294.615234,4262.307617,4280.897461,4293.717773,4291.666504,4292.436035,4597.563965,4563.205078,4441.410156,4507.436035,0.338299,0.448318,0.136487,0.330478,0.150507,0.523066,0.274099,0.119209,0.257586,0.072329,0.495348,0.277688,0.135113,0.203688,0.12642,1.406032,0.268414,0.07427,0.189003,0.105039,0.257,0.058985,0.11992,0.06509,0.073349,0.126338,0.079453,0.095169,0.044808,0.078894,0.172002,0.120774,0.057326,0.046765,0.082638,0.756082,0.146772,0.287205,0.201646,0.110451,0.489235,0.330355,0.440604,0.234132,0.169451,0.328751,0.292604,0.431274,0.140119,0.150976,0.912612,0.401311,0.418643,0.196541,0.158001,0.897048,0.465841,0.251993,0.292891,0.279851,1.316146,0.356047,0.190255,0.136538,0.26588,1.22008,0.505442,0.206829,0.358246,0.22737
1769163813.108413,1769163813.109423,47.0,0.0,4328.589844,4307.692383,4412.94873,4281.666504,4292.307617,4268.077148,4281.282227,4293.205078,4291.922852,4292.307617,4598.974121,4557.307617,4447.692383,4510.128418,,,,,,,,,,,,,,,,,,,,,,,,,,,,,,,,,,,,,,,,,,,,,,,,,,,,,,,,,,,,,,,,,,,,,,
1769163813.116221,1769163813.117431,48.0,0.0,4327.692383,4305.0,4410.641113,4283.846191,4292.307617,4274.871582,4285.0,4295.0,4284.615234,4289.102539,4591.282227,4553.589844,4438.974121,4509.487305,,,,,,,,,,,,,,,,,,,,,,,,,,,,,,,,,,,,,,,,,,,,,,,,,,,,,,,,,,,,,,,,,,,,,,
1769163813.12403,1769163813.125239,49.0,0.0,4325.897461,4302.563965,4405.0,4286.666504,4294.615234,4270.897461,4285.384766,4294.487305,4279.102539,4285.512695,4586.282227,4552.307617,4430.384766,4503.205078,,,,,,,,,,,,,,,,,,,,,,,,,,,,,,,,,,,,,,,,,,,,,,,,,,,,,,,,,,,,,,,,,,,,,,
1769163813.131838,1769163813.133148,50.0,0.0,4319.871582,4303.077148,4401.922852,4289.102539,4295.769043,4266.025879,4285.769043,4294.743652,4280.384766,4281.153809,4586.282227,4547.692383,4426.922852,4495.769043,,,,,,,,,,,,,,,,,,,,,,,,,,,,,,,,,,,,,,,,,,,,,,,,,,,,,,,,,,,,,,,,,,,,,,
1769163813.139647,1769163813.140956,51.0,0.0,4315.641113,4304.871582,4403.589844,4292.436035,4294.871582,4267.820313,4288.205078,4293.717773,4280.384766,4280.641113,4586.666504,4549.743652,4428.333496,4500.0,,,,,,,,,,,,,,,,,,,,,,,,,,,,,,,,,,,,,,,,,,,,,,,,,,,,,,,,,,,,,,,,,,,,,,
1769163813.147455,1769163813.148964,52.0,0.0,4314.102539,4302.05127,4405.897461,4293.077148,4294.358887,4268.846191,4287.563965,4294.743652,4281.025879,4282.563965,4587.05127,4553.717773,4428.846191,4506.666504,,,,,,,,,,,,,,,,,,,,,,,,,,,,,,,,,,,,,,,,,,,,,,,,,,,,,,,,,,,,,,,,,,,,,,
1769163813.155264,1769163813.156773,53.0,0.0,4311.410156,4296.922852,4404.615234,4292.94873,4293.077148,4265.512695,4283.077148,4295.0,4282.692383,4281.538574,4586.538574,4546.666504,4421.794922,4498.717773,,,,,,,,,,,,,,,,,,,,,,,,,,,,,,,,,,,,,,,,,,,,,,,,,,,,,,,,,,,,,,,,,,,,,,
1769163813.163072,1769163813.164481,54.0,0.0,4306.153809,4294.102539,4400.769043,4292.436035,4290.641113,4263.205078,4281.538574,4290.128418,4280.512695,4280.897461,4579.358887,4538.589844,4414.230957,4488.846191,,,,,,,,,,,,,,,,,,,,,,,,,,,,,,,,,,,,,,,,,,,,,,,,,,,,,,,,,,,,,,,,,,,,,,
1769163813.170881,1769163813.17229,55.0,0.0,4298.461426,4293.205078,4396.794922,4291.025879,4290.641113,4263.077148,4283.846191,4282.563965,4276.153809,4273.846191,4569.230957,4534.358887,4410.512695,4487.307617,,,,,,,,,,,,,,,,,,,,,,,,,,,,,,,,,,,,,,,,,,,,,,,,,,,,,,,,,,,,,,,,,,,,,,
1769163813.178689,1769163813.180198,56.0,0.0,4293.461426,4293.589844,4397.94873,4291.922852,4293.461426,4262.692383,4284.102539,4283.717773,4277.436035,4266.282227,4568.717773,4535.384766,4410.512695,4487.692383,,,,,,,,,,,,,,,,,,,,,,,,,,,,,,,,,,,,,,,,,,,,,,,,,,,,,,,,,,,,,,,,,,,,,,
1769163813.186498,1769163813.188007,57.0,0.0,4295.256348,4295.0,4401.666504,4296.025879,4295.0,4262.563965,4284.487305,4292.820313,4279.871582,4271.666504,4573.589844,4539.487305,4413.461426,4490.897461,,,,,,,,,,,,,,,,,,,,,,,,,,,,,,,,,,,,,,,,,,,,,,,,,,,,,,,,,,,,,,,,,,,,,,
1769163813.194306,1769163813.195715,58.0,0.0,4297.563965,4295.641113,4400.641113,4297.436035,4293.846191,4263.846191,4285.256348,4289.358887,4279.102539,4278.077148,4573.077148,4534.230957,4410.512695,4488.974121,,,,,,,,,,,,,,,,,,,,,,,,,,,,,,,,,,,,,,,,,,,,,,,,,,,,,,,,,,,,,,,,,,,,,,
1769163813.202114,1769163813.203524,59.0,0.0,4290.0,4293.846191,4398.333496,4299.230957,4292.692383,4266.794922,4285.0,4278.461426,4277.94873,4275.769043,4568.846191,4523.846191,4403.846191,4478.205078,,,,,,,,,,,,,,,,,,,,,,,,,,,,,,,,,,,,,,,,,,,,,,,,,,,,,,,,,,,,,,,,,,,,,,
1769163813.209923,1769163813.211132,60.0,0.0,4280.0,4293.846191,4395.641113,4306.410156,4293.974121,4267.05127,4287.307617,4278.846191,4277.563965,4274.615234,4569.358887,4524.615234,4405.0,4478.846191,,,,,,,,,,,,,,,,,,,,,,,,,,,,,,,,,,,,,,,,,,,,,,,,,,,,,,,,,,,,,,,,,,,,,,
1769163813.217731,1769163813.218941,61.0,0.0,4283.077148,4295.641113,4399.230957,4310.769043,4296.282227,4265.769043,4289.358887,4282.94873,4277.179688,4278.205078,4575.769043,4533.846191,4412.820313,4490.256348,,,,,,,,,,,,,,,,,,,,,,,,,,,,,,,,,,,,,,,,,,,,,,,,,,,,,,,,,,,,,,,,,,,,,,
1769163813.22554,1769163813.226649,62.0,0.0,4292.820313,4296.794922,4407.692383,4313.846191,4297.05127,4266.282227,4290.0,4280.384766,4278.205078,4280.256348,4581.922852,4537.563965,4416.410156,4492.307617,0.355861,0.366653,0.129376,0.314778,0.159687,0.453728,0.234248,0.12296,0.241038,0.0777,0.480853,0.237019,0.16149,0.212078,0.125672,1.431715,0.263568,0.085181,0.163418,0.092758,0.264492,0.084207,0.135376,0.056576,0.069887,0.118255,0.07006,0.101652,0.051055,0.087502,0.140287,0.087296,0.071628,0.054745,0.087915,0.629682,0.139118,0.247563,0.212538,0.110063,0.399757,0.379433,0.444725,0.231851,0.152967,0.276705,0.36124,0.493464,0.138031,0.148693,0.800146,0.495087,0.483665,0.201178,0.157729,0.855454,0.46761,0.288196,0.325817,0.268207,1.289938,0.404192,0.208844,0.133755,0.255536,1.051349,0.503071,0.238595,0.35889,0.22461
1769163813.233348,1769163813.234458,63.0,0.0,4290.641113,4296.794922,4406.025879,4317.563965,4296.410156,4266.282227,4291.666504,4278.974121,4280.897461,4281.025879,4586.025879,4538.974121,4418.333496,4491.538574,,,,,,,,,,,,,,,,,,,,,,,,,,,,,,,,,,,,,,,,,,,,,,,,,,,,,,,,,,,,,,,,,,,,,,
1769163813.241157,1769163813.242466,64.0,0.0,4280.769043,4293.846191,4395.512695,4314.871582,4296.153809,4266.282227,4294.102539,4284.487305,4278.077148,4279.487305,4584.743652,4540.0,4417.820313,4494.358887,,,,,,,,,,,,,,,,,,,,,,,,,,,,,,,,,,,,,,,,,,,,,,,,,,,,,,,,,,,,,,,,,,,,,,
1769163813.248965,1769163813.250274,65.0,0.0,4278.333496,4291.410156,4393.077148,4309.871582,4296.025879,4266.153809,4292.820313,4290.512695,4277.820313,4279.102539,4580.0,4538.077148,4414.615234,4492.563965,,,,,,,,,,,,,,,,,,,,,,,,,,,,,,,,,,,,,,,,,,,,,,,,,,,,,,,,,,,,,,,,,,,,,,
1769163813.256774,1769163813.257983,66.0,0.0,4278.205078,4293.717773,4398.589844,4312.179688,4294.743652,4263.846191,4292.820313,4295.0,4284.743652,4282.179688,4580.897461,4537.05127,4415.641113,4490.0,,,,,,,,,,,,,,,,,,,,,,,,,,,,,,,,,,,,,,,,,,,,,,,,,,,,,,,,,,,,,,,,,,,,,,
1769163813.264582,1769163813.265791,67.0,0.0,4276.794922,4295.897461,4398.077148,4317.436035,4293.846191,4268.589844,4293.717773,4296.153809,4286.282227,4280.128418,4585.0,4536.794922,4415.128418,4490.256348,,,,,,,,,,,,,,,,,,,,,,,,,,,,,,,,,,,,,,,,,,,,,,,,,,,,,,,,,,,,,,,,,,,,,,
1769163813.27239,1769163813.2734,68.0,0.0,4279.871582,4294.487305,4395.897461,4322.307617,4294.871582,4273.333496,4293.205078,4294.615234,4281.153809,4282.563965,4586.538574,4538.077148,4417.179688,4495.128418,,,,,,,,,,,,,,,,,,,,,,,,,,,,,,,,,,,,,,,,,,,,,,,,,,,,,,,,,,,,,,,,,,,,,,
1769163813.280199,1769163813.281209,69.0,0.0,4277.692383,4293.205078,4396.410156,4325.512695,4296.794922,4269.743652,4293.974121,4290.256348,4280.128418,4289.230957,4586.794922,4538.974121,4425.256348,4499.615234,,,,,,,,,,,,,,,,,,,,,,,,,,,,,,,,,,,,,,,,,,,,,,,,,,,,,,,,,,,,,,,,,,,,,,
1769163813.288007,1769163813.288917,70.0,0.0,4268.589844,4292.94873,4397.563965,4323.077148,4295.897461,4267.563965,4294.102539,4291.538574,4282.692383,4286.153809,4588.205078,4538.333496,4424.358887,4495.128418,,,,,,,,,,,,,,,,,,,,,,,,,,,,,,,,,,,,,,,,,,,,,,,,,,,,,,,,,,,,,,,,,,,,,,
1769163813.295816,1769163813.296726,71.0,0.0,4268.717773,4292.692383,4394.487305,4322.563965,4294.358887,4268.974121,4293.461426,4295.384766,4283.205078,4280.769043,4588.077148,4539.743652,4421.922852,4495.256348,,,,,,,,,,,,,,,,,,,,,,,,,,,,,,,,,,,,,,,,,,,,,,,,,,,,,,,,,,,,,,,,,,,,,,
1769163813.303624,1769163813.304734,72.0,0.0,4271.282227,4294.230957,4389.743652,4326.794922,4294.743652,4266.282227,4292.820313,4289.102539,4282.307617,4282.436035,4588.717773,4542.307617,4428.589844,4501.410156,,,,,,,,,,,,,,,,,,,,,,,,,,,,,,,,,,,,,,,,,,,,,,,,,,,,,,,,,,,,,,,,,,,,,,
1769163813.311433,1769163813.312542,73.0,0.0,4264.358887,4292.692383,4389.743652,4326.282227,4293.333496,4263.589844,4292.179688,4280.128418,4280.512695,4280.897461,4589.358887,4541.153809,4428.717773,4497.563965,,,,,,,,,,,,,,,,,,,,,,,,,,,,,,,,,,,,,,,,,,,,,,,,,,,,,,,,,,,,,,,,,,,,,,
1769163813.319241,1769163813.320451,74.0,0.0,4260.256348,4290.641113,4391.410156,4324.871582,4291.153809,4264.358887,4291.922852,4279.615234,4278.461426,4275.512695,4586.922852,4537.563965,4424.358887,4489.358887,,,,,,,,,,,,,,,,,,,,,,,,,,,,,,,,,,,,,,,,,,,,,,,,,,,,,,,,,,,,,,,,,,,,,,
1769163813.32705,1769163813.328259,75.0,0.0,4262.820313,4293.846191,4391.153809,4331.153809,4288.974121,4262.563965,4293.205078,4285.128418,4278.717773,4276.538574,4588.461426,4538.717773,4426.538574,4493.717773,,,,,,,,,,,,,,,,,,,,,,,,,,,,,,,,,,,,,,,,,,,,,,,,,,,,,,,,,,,,,,,,,,,,,,
1769163813.334858,1769163813.336267,76.0,0.0,4263.077148,4296.153809,4390.512695,4337.307617,4287.179688,4261.410156,4292.307617,4285.769043,4276.666504,4276.922852,4588.589844,4539.871582,4424.615234,4496.153809,,,,,,,,,,,,,,,,,,,,,,,,,,,,,,,,,,,,,,,,,,,,,,,,,,,,,,,,,,,,,,,,,,,,,,
1769163813.342667,1769163813.344076,77.0,0.0,4264.615234,4295.0,4389.743652,4338.461426,4290.897461,4262.307617,4288.461426,4280.769043,4274.615234,4275.384766,4584.358887,4538.461426,4421.282227,4491.666504,,,,,,,,,,,,,,,,,,,,,,,,,,,,,,,,,,,,,,,,,,,,,,,,,,,,,,,,,,,,,,,,,,,,,,
1769163813.350475,1769163813.351984,78.0,0.0,4265.769043,4295.384766,4388.205078,4337.179688,4295.128418,4262.05127,4290.769043,4278.974121,4276.282227,4277.179688,4585.256348,4538.717773,4426.153809,4496.410156,0.377049,0.284604,0.13261,0.283897,0.159685,0.383009,0.195831,0.130849,0.216365,0.087363,0.487815,0.205351,0.18826,0.206648,0.117756,1.327987,0.259148,0.110475,0.13237,0.078105,0.265101,0.124408,0.150885,0.047911,0.06482,0.131986,0.074191,0.105296,0.058862,0.094651,0.129818,0.073901,0.100785,0.067058,0.093909,0.531935,0.148465,0.217783,0.217133,0.104753,0.309825,0.416411,0.433132,0.208206,0.132906,0.270855,0.436351,0.564027,0.134393,0.140232,0.660672,0.586408,0.534805,0.196534,0.154435,0.787589,0.469843,0.329019,0.331819,0.248598,1.202085,0.463614,0.226232,0.135258,0.243265,0.8641,0.493085,0.271394,0.335593,0.225801
1769163813.358283,1769163813.359793,79.0,0.0,4261.538574,4296.666504,4390.256348,4337.179688,4290.641113,4263.461426,4295.641113,4278.846191,4278.077148,4279.743652,4587.692383,4539.102539,4427.436035,4499.615234,,,,,,,,,,,,,,,,,,,,,,,,,,,,,,,,,,,,,,,,,,,,,,,,,,,,,,,,,,,,,,,,,,,,,,
1769163813.366092,1769163813.367801,80.0,0.0,4261.410156,4295.0,4395.897461,4340.256348,4286.538574,4264.743652,4294.487305,4282.307617,4279.487305,4279.871582,4587.436035,4540.128418,4424.102539,4494.615234,,,,,,,,,,,,,,,,,,,,,,,,,,,,,,,,,,,,,,,,,,,,,,,,,,,,,,,,,,,,,,,,,,,,,,
1769163813.3739,1769163813.375609,81.0,0.0,4263.974121,4294.230957,4398.974121,4342.436035,4290.128418,4263.461426,4293.974121,4290.897461,4281.538574,4279.102539,4588.077148,4540.641113,4425.384766,4491.538574,,,,,,,,,,,,,,,,,,,,,,,,,,,,,,,,,,,,,,,,,,,,,,,,,,,,,,,,,,,,,,,,,,,,,,
1769163813.381709,1769163813.383318,82.0,0.0,4260.512695,4296.153809,4394.615234,4342.94873,4292.179688,4259.871582,4295.384766,4290.0,4280.769043,4279.487305,4589.358887,4539.615234,4427.692383,4493.846191,,,,,,,,,,,,,,,,,,,,,,,,,,,,,,,,,,,,,,,,,,,,,,,,,,,,,,,,,,,,,,,,,,,,,,
1769163813.389517,1769163813.391126,83.0,0.0,4253.846191,4296.025879,4388.205078,4344.102539,4289.230957,4258.717773,4294.615234,4278.589844,4276.794922,4278.717773,4587.563965,4537.94873,4428.333496,4493.846191,,,,,,,,,,,,,,,,,,,,,,,,,,,,,,,,,,,,,,,,,,,,,,,,,,,,,,,,,,,,,,,,,,,,,,
1769163813.397326,1769163813.398735,84.0,0.0,4249.871582,4294.615234,4388.589844,4349.230957,4286.538574,4259.230957,4294.871582,4279.230957,4276.666504,4279.102539,4586.922852,4537.692383,4430.128418,4491.794922,,,,,,,,,,,,,,,,,,,,,,,,,,,,,,,,,,,,,,,,,,,,,,,,,,,,,,,,,,,,,,,,,,,,,,
1769163813.405134,1769163813.406543,85.0,0.0,4251.025879,4297.563965,4390.641113,4350.641113,4287.94873,4259.102539,4295.641113,4283.077148,4278.974121,4277.692383,4587.307617,4536.538574,4428.077148,4491.922852,,,,,,,,,,,,,,,,,,,,,,,,,,,,,,,,,,,,,,,,,,,,,,,,,,,,,,,,,,,,,,,,,,,,,,
1769163813.412943,1769163813.414252,86.0,0.0,4247.563965,4296.666504,4388.974121,4344.871582,4288.077148,4261.666504,4293.333496,4280.384766,4277.307617,4271.410156,4585.384766,4534.743652,4421.410156,4491.922852,,,,,,,,,,,,,,,,,,,,,,,,,,,,,,,,,,,,,,,,,,,,,,,,,,,,,,,,,,,,,,,,,,,,,,
1769163813.420751,1769163813.42206,87.0,0.0,4236.153809,4285.641113,4383.974121,4340.0,4282.05127,4265.641113,4295.769043,4284.871582,4276.794922,4269.230957,4579.871582,4533.461426,4413.974121,4490.769043,,,,,,,,,,,,,,,,,,,,,,,,,,,,,,,,,,,,,,,,,,,,,,,,,,,,,,,,,,,,,,,,,,,,,,
1769163813.428559,1769163813.429669,88.0,0.0,4232.820313,4281.922852,4382.05127,4340.128418,4282.307617,4266.025879,4300.256348,4288.333496,4277.05127,4274.487305,4575.641113,4531.410156,4411.025879,4488.461426,,,,,,,,,,,,,,,,,,,,,,,,,,,,,,,,,,,,,,,,,,,,,,,,,,,,,,,,,,,,,,,,,,,,,,
1769163813.436368,1769163813.437477,89.0,0.0,4239.615234,4292.563965,4384.487305,4344.871582,4289.487305,4263.077148,4296.666504,4289.358887,4280.769043,4283.333496,4581.410156,4534.487305,4417.436035,4489.358887,,,,,,,,,,,,,,,,,,,,,,,,,,,,,,,,,,,,,,,,,,,,,,,,,,,,,,,,,,,,,,,,,,,,,,
1769163813.444176,1769163813.445386,90.0,0.0,4246.410156,4298.461426,4388.333496,4351.922852,4288.205078,4260.897461,4291.794922,4294.743652,4288.846191,4288.589844,4589.615234,4541.538574,4427.436035,4492.436035,,,,,,,,,,,,,,,,,,,,,,,,,,,,,,,,,,,,,,,,,,,,,,,,,,,,,,,,,,,,,,,,,,,,,,
1769163813.451985,1769163813.453194,91.0,0.0,4244.871582,4295.0,4390.641113,4357.692383,4283.461426,4261.025879,4293.589844,4290.897461,4288.333496,4285.256348,4586.922852,4542.563965,4425.128418,4491.922852,,,,,,,,,,,,,,,,,,,,,,,,,,,,,,,,,,,,,,,,,,,,,,,,,,,,,,,,,,,,,,,,,,,,,,
1769163813.459793,1769163813.460803,92.0,0.0,4237.94873,4293.461426,4389.743652,4356.538574,4287.05127,4262.94873,4297.179688,4284.743652,4278.717773,4278.205078,4580.641113,4537.05127,4413.974121,4491.153809,,,,,,,,,,,,,,,,,,,,,,,,,,,,,,,,,,,,,,,,,,,,,,,,,,,,,,,,,,,,,,,,,,,,,,
1769163813.467602,1769163813.468611,93.0,0.0,4232.820313,4295.128418,4388.077148,4355.384766,4291.025879,4262.563965,4297.05127,4290.897461,4276.538574,4276.538574,4579.871582,4534.615234,4411.025879,4489.102539,,,,,,,,,,,,,,,,,,,,,,,,,,,,,,,,,,,,,,,,,,,,,,,,,,,,,,,,,,,,,,,,,,,,,,
1769163813.47541,1769163813.47632,94.0,0.0,4233.717773,4296.794922,4389.358887,4360.641113,4291.666504,4258.717773,4295.897461,4291.153809,4281.922852,4278.205078,4582.94873,4540.0,4414.615234,4481.538574,0.407021,0.225267,0.143895,0.247918,0.151987,0.335087,0.16877,0.142543,0.192039,0.100537,0.508623,0.195813,0.20932,0.188982,0.105102,1.122573,0.247978,0.143976,0.104613,0.066639,0.258905,0.172138,0.163709,0.040607,0.058707,0.172089,0.087538,0.10491,0.066771,0.098536,0.140654,0.083466,0.140769,0.08127,0.099408,0.489193,0.17159,0.201909,0.220869,0.097166,0.240835,0.426349,0.396659,0.172157,0.116886,0.320924,0.494673,0.615591,0.12939,0.127605,0.55874,0.653833,0.543171,0.184051,0.148696,0.76537,0.479449,0.361459,0.310185,0.222095,1.107227,0.519834,0.234456,0.139724,0.231897,0.696257,0.476091,0.286884,0.293022,0.225395
1769163813.483219,1769163813.484128,95.0,0.0,4234.358887,4296.794922,4391.666504,4365.128418,4292.563965,4258.077148,4295.897461,4280.128418,4279.871582,4278.333496,4585.512695,4538.589844,4415.384766,4476.666504,,,,,,,,,,,,,,,,,,,,,,,,,,,,,,,,,,,,,,,,,,,,,,,,,,,,,,,,,,,,,,,,,,,,,,
1769163813.491027,1769163813.492137,96.0,0.0,4230.897461,4297.94873,4388.333496,4365.0,4293.077148,4261.410156,4296.794922,4284.102539,4276.922852,4276.282227,4582.05127,4527.820313,4412.692383,4478.077148,,,,,,,,,,,,,,,,,,,,,,,,,,,,,,,,,,,,,,,,,,,,,,,,,,,,,,,,,,,,,,,,,,,,,,
1769163813.498836,1769163813.499945,97.0,0.0,4231.153809,4301.153809,4386.538574,4363.077148,4293.846191,4262.692383,4296.794922,4294.230957,4280.512695,4269.743652,4575.128418,4523.205078,4409.615234,4477.436035,,,,,,,,,,,,,,,,,,,,,,,,,,,,,,,,,,,,,,,,,,,,,,,,,,,,,,,,,,,,,,,,,,,,,,
1769163813.506644,1769163813.507853,98.0,0.0,4232.179688,4304.743652,4390.769043,4366.025879,4294.102539,4262.436035,4295.128418,4286.922852,4277.692383,4265.128418,4571.794922,4525.128418,4410.769043,4473.846191,,,,,,,,,,,,,,,,,,,,,,,,,,,,,,,,,,,,,,,,,,,,,,,,,,,,,,,,,,,,,,,,,,,,,,
1769163813.514453,1769163813.515662,99.0,0.0,4234.230957,4310.641113,4391.794922,4372.820313,4292.563965,4257.692383,4294.230957,4277.436035,4269.230957,4265.641113,4572.563965,4525.769043,4413.461426,4475.128418,,,,,,,,,,,,,,,,,,,,,,,,,,,,,,,,,,,,,,,,,,,,,,,,,,,,,,,,,,,,,,,,,,,,,,
1769163813.522261,1769163813.52367,100.0,0.0,4235.128418,4310.384766,4388.974121,4374.358887,4293.589844,4252.436035,4292.692383,4278.589844,4264.230957,4263.205078,4572.94873,4525.769043,4411.410156,4477.179688,,,,,,,,,,,,,,,,,,,,,,,,,,,,,,,,,,,,,,,,,,,,,,,,,,,,,,,,,,,,,,,,,,,,,,
1769163813.530069,1769163813.531478,101.0,0.0,4224.102539,4300.641113,4380.897461,4367.692383,4295.256348,4254.487305,4293.589844,4280.256348,4265.128418,4259.615234,4570.512695,4523.974121,4404.743652,4469.871582,,,,,,,,,,,,,,,,,,,,,,,,,,,,,,,,,,,,,,,,,,,,,,,,,,,,,,,,,,,,,,,,,,,,,,
1769163813.537878,1769163813.539387,102.0,0.0,4213.077148,4294.358887,4373.589844,4362.820313,4294.743652,4256.282227,4295.128418,4279.487305,4268.461426,4262.820313,4570.897461,4521.153809,4401.666504,4462.820313,,,,,,,,,,,,,,,,,,,,,,,,,,,,,,,,,,,,,,,,,,,,,,,,,,,,,,,,,,,,,,,,,,,,,,
1769163813.545686,1769163813.547195,103.0,0.0,4215.256348,4296.410156,4376.153809,4366.025879,4293.974121,4250.512695,4295.0,4281.153809,4268.846191,4267.05127,4573.205078,4521.922852,4408.461426,4463.717773,,,,,,,,,,,,,,,,,,,,,,,,,,,,,,,,,,,,,,,,,,,,,,,,,,,,,,,,,,,,,,,,,,,,,,
1769163813.553495,1769163813.555203,104.0,0.0,4215.897461,4295.128418,4380.641113,4366.282227,4295.256348,4249.358887,4293.846191,4280.897461,4264.487305,4264.871582,4570.897461,4521.282227,4412.436035,4465.128418,,,,,,,,,,,,,,,,,,,,,,,,,,,,,,,,,,,,,,,,,,,,,,,,,,,,,,,,,,,,,,,,,,,,,,
1769163813.561303,1769163813.563012,105.0,0.0,4210.0,4291.922852,4378.589844,4364.871582,4296.538574,4255.256348,4294.102539,4279.102539,4260.769043,4262.436035,4569.230957,4518.333496,4406.025879,4462.563965,,,,,,,,,,,,,,,,,,,,,,,,,,,,,,,,,,,,,,,,,,,,,,,,,,,,,,,,,,,,,,,,,,,,,,
1769163813.569112,1769163813.57072,106.0,0.0,4212.820313,4294.487305,4378.333496,4369.871582,4297.307617,4254.615234,4294.743652,4279.871582,4261.922852,4264.358887,4571.538574,4518.461426,4404.358887,4461.282227,,,,,,,,,,,,,,,,,,,,,,,,,,,,,,,,,,,,,,,,,,,,,,,,,,,,,,,,,,,,,,,,,,,,,,
1769163813.57692,1769163813.578529,107.0,0.0,4216.282227,4296.282227,4381.538574,4373.846191,4296.922852,4249.871582,4292.820313,4280.0,4262.436035,4263.333496,4571.666504,4518.461426,4412.307617,4461.410156,,,,,,,,,,,,,,,,,,,,,,,,,,,,,,,,,,,,,,,,,,,,,,,,,,,,,,,,,,,,,,,,,,,,,,
1769163813.584729,1769163813.586138,108.0,0.0,4211.794922,4294.871582,4382.692383,4375.256348,4295.128418,4249.615234,4294.230957,4279.230957,4263.846191,4262.94873,4568.846191,4518.846191,4413.461426,4462.563965,,,,,,,,,,,,,,,,,,,,,,,,,,,,,,,,,,,,,,,,,,,,,,,,,,,,,,,,,,,,,,,,,,,,,,
1769163813.592537,1769163813.593946,109.0,0.0,4213.846191,4293.846191,4381.410156,4380.256348,4295.0,4251.282227,4296.282227,4280.0,4271.153809,4271.410156,4572.05127,4522.820313,4410.897461,4469.615234,,,,,,,,,,,,,,,,,,,,,,,,,,,,,,,,,,,,,,,,,,,,,,,,,,,,,,,,,,,,,,,,,,,,,,
1769163813.600345,1769163813.601655,110.0,0.0,4217.05127,4295.769043,4376.666504,4381.666504,4296.410156,4249.743652,4292.94873,4280.769043,4274.487305,4280.641113,4577.307617,4526.666504,4415.897461,4476.538574,0.429973,0.201614,0.15674,0.215427,0.140513,0.311525,0.156954,0.155758,0.173256,0.114847,0.582672,0.204621,0.220497,0.163894,0.0914,0.881951,0.227008,0.17744,0.086986,0.061508,0.25192,0.213649,0.17027,0.03525,0.051989,0.234096,0.101025,0.101443,0.073,0.098289,0.162864,0.10758,0.179965,0.093666,0.102475,0.482858,0.201972,0.198099,0.226877,0.090599,0.204986,0.402677,0.337609,0.136207,0.109231,0.423651,0.512727,0.629238,0.125393,0.113232,0.562319,0.675397,0.506866,0.168943,0.14061,0.836065,0.491207,0.380274,0.27263,0.190691,1.072055,0.549865,0.234721,0.147749,0.222026,0.596455,0.444376,0.277546,0.244002,0.217612
1769163813.608154,1769163813.609463,111.0,0.0,4208.589844,4296.025879,4373.077148,4374.358887,4295.384766,4246.666504,4292.05127,4280.512695,4275.512695,4281.025879,4576.666504,4526.922852,4417.307617,4478.077148,,,,,,,,,,,,,,,,,,,,,,,,,,,,,,,,,,,,,,,,,,,,,,,,,,,,,,,,,,,,,,,,,,,,,,
1769163813.615962,1769163813.617072,112.0,0.0,4196.410156,4292.820313,4372.94873,4369.871582,4293.333496,4248.461426,4296.025879,4280.769043,4276.410156,4272.179688,4572.179688,4523.974121,4413.589844,4476.153809,,,,,,,,,,,,,,,,,,,,,,,,,,,,,,,,,,,,,,,,,,,,,,,,,,,,,,,,,,,,,,,,,,,,,,
1769163813.623771,1769163813.62488,113.0,0.0,4192.179688,4292.179688,4371.282227,4372.179688,4293.461426,4251.410156,4295.769043,4281.410156,4270.641113,4264.230957,4569.615234,4519.230957,4409.743652,4473.846191,,,,,,,,,,,,,,,,,,,,,,,,,,,,,,,,,,,,,,,,,,,,,,,,,,,,,,,,,,,,,,,,,,,,,,
1769163813.631579,1769163813.632589,114.0,0.0,4196.538574,4294.743652,4372.05127,4373.589844,4294.358887,4251.410156,4293.717773,4279.743652,4263.717773,4264.230957,4570.0,4518.205078,4405.384766,4474.358887,,,,,,,,,,,,,,,,,,,,,,,,,,,,,,,,,,,,,,,,,,,,,,,,,,,,,,,,,,,,,,,,,,,,,,
1769163813.639388,1769163813.640397,115.0,0.0,4201.538574,4296.538574,4375.641113,4373.589844,4295.256348,4250.512695,4296.025879,4279.358887,4266.538574,4267.692383,4569.871582,4520.897461,4406.153809,4476.282227,,,,,,,,,,,,,,,,,,,,,,,,,,,,,,,,,,,,,,,,,,,,,,,,,,,,,,,,,,,,,,,,,,,,,,
1769163813.647196,1769163813.648405,116.0,0.0,4199.743652,4294.358887,4374.615234,4372.692383,4295.641113,4251.922852,4298.077148,4281.410156,4268.077148,4265.769043,4567.94873,4519.871582,4405.897461,4476.025879,,,,,,,,,,,,,,,,,,,,,,,,,,,,,,,,,,,,,,,,,,,,,,,,,,,,,,,,,,,,,,,,,,,,,,
1769163813.655005,1769163813.656214,117.0,0.0,4194.487305,4292.05127,4370.641113,4371.794922,4294.230957,4251.538574,4296.025879,4280.897461,4261.794922,4261.282227,4568.077148,4518.077148,4401.410156,4471.794922,,,,,,,,,,,,,,,,,,,,,,,,,,,,,,,,,,,,,,,,,,,,,,,,,,,,,,,,,,,,,,,,,,,,,,
1769163813.662813,1769163813.664122,118.0,0.0,4194.102539,4293.077148,4372.307617,4372.692383,4293.974121,4247.05127,4293.205078,4278.717773,4265.897461,4266.538574,4570.384766,4520.641113,4405.897461,4472.436035,,,,,,,,,,,,,,,,,,,,,,,,,,,,,,,,,,,,,,,,,,,,,,,,,,,,,,,,,,,,,,,,,,,,,,
1769163813.670622,1769163813.671931,119.0,0.0,4198.461426,4296.025879,4380.256348,4374.743652,4295.512695,4246.410156,4295.128418,4281.666504,4277.692383,4278.974121,4573.461426,4525.128418,4415.384766,4479.358887,,,,,,,,,,,,,,,,,,,,,,,,,,,,,,,,,,,,,,,,,,,,,,,,,,,,,,,,,,,,,,,,,,,,,,
1769163813.67843,1769163813.679539,120.0,0.0,4200.897461,4296.538574,4381.666504,4374.615234,4296.282227,4249.871582,4297.94873,4284.615234,4274.615234,4278.974121,4573.461426,4526.153809,4413.589844,4478.717773,,,,,,,,,,,,,,,,,,,,,,,,,,,,,,,,,,,,,,,,,,,,,,,,,,,,,,,,,,,,,,,,,,,,,,
1769163813.686238,1769163813.687348,121.0,0.0,4199.230957,4294.102539,4373.589844,4373.333496,4295.384766,4248.077148,4296.025879,4279.743652,4262.820313,4266.922852,4570.769043,4523.333496,4407.436035,4472.436035,,,,,,,,,,,,,,,,,,,,,,,,,,,,,,,,,,,,,,,,,,,,,,,,,,,,,,,,,,,,,,,,,,,,,,
1769163813.694047,1769163813.695056,122.0,0.0,4198.717773,4295.384766,4373.589844,4377.436035,4294.102539,4243.846191,4293.205078,4279.102539,4264.487305,4268.205078,4572.179688,4526.025879,4410.641113,4477.820313,,,,,,,,,,,,,,,,,,,,,,,,,,,,,,,,,,,,,,,,,,,,,,,,,,,,,,,,,,,,,,,,,,,,,,
1769163813.701855,1769163813.702865,123.0,0.0,4201.794922,4297.179688,4379.871582,4384.615234,4294.487305,4246.922852,4296.538574,4289.230957,4277.179688,4279.871582,4581.538574,4537.563965,4420.641113,4491.666504,,,,,,,,,,,,,,,,,,,,,,,,,,,,,,,,,,,,,,,,,,,,,,,,,,,,,,,,,,,,,,,,,,,,,,
1769163813.709664,1769163813.710873,124.0,0.0,4198.717773,4294.102539,4376.410156,4381.794922,4295.897461,4250.512695,4302.563965,4297.820313,4281.025879,4281.538574,4585.128418,4540.769043,4424.102539,4495.769043,,,,,,,,,,,,,,,,,,,,,,,,,,,,,,,,,,,,,,,,,,,,,,,,,,,,,,,,,,,,,,,,,,,,,,
1769163813.717472,1769163813.718681,125.0,0.0,4188.333496,4291.410156,4369.230957,4373.077148,4294.358887,4247.436035,4303.205078,4295.256348,4279.358887,4276.922852,4575.384766,4528.589844,4416.282227,4485.256348,,,,,,,,,,,,,,,,,,,,,,,,,,,,,,,,,,,,,,,,,,,,,,,,,,,,,,,,,,,,,,,,,,,,,,
1769163813.725281,1769163813.72659,126.0,0.0,4185.256348,4289.487305,4368.974121,4372.94873,4290.512695,4244.743652,4298.846191,4285.897461,4275.384766,4275.897461,4567.820313,4520.512695,4408.333496,4474.615234,0.467765,0.208423,0.167134,0.190405,0.129456,0.313275,0.158844,0.166442,0.159731,0.127119,0.668486,0.216651,0.21807,0.13703,0.07964,0.680954,0.198921,0.202131,0.081989,0.06246,0.241752,0.235032,0.166453,0.031704,0.045234,0.304484,0.106815,0.098008,0.075985,0.094052,0.186379,0.132479,0.204227,0.100045,0.101246,0.504662,0.234425,0.200575,0.234251,0.088044,0.204622,0.349289,0.266439,0.110429,0.109404,0.542982,0.480912,0.599597,0.125756,0.099027,0.693268,0.641897,0.441558,0.154776,0.129705,1.016983,0.490814,0.383254,0.233196,0.157602,1.12434,0.534469,0.230372,0.159424,0.212089,0.585247,0.391373,0.248053,0.201975,0.200174
1769163813.733089,1769163813.734398,127.0,0.0,4185.384766,4283.717773,4371.666504,4374.871582,4290.256348,4242.820313,4295.256348,4279.871582,4268.589844,4276.153809,4571.538574,4523.333496,4408.333496,4475.512695,,,,,,,,,,,,,,,,,,,,,,,,,,,,,,,,,,,,,,,,,,,,,,,,,,,,,,,,,,,,,,,,,,,,,,
1769163813.740898,1769163813.742207,0.0,0.0,4174.743652,4278.461426,4369.102539,4368.461426,4290.128418,4238.461426,4296.538574,4280.384766,4271.282227,4275.512695,4570.512695,4523.077148,4403.974121,4473.717773,,,,,,,,,,,,,,,,,,,,,,,,,,,,,,,,,,,,,,,,,,,,,,,,,,,,,,,,,,,,,,,,,,,,,,
1769163813.748706,1769163813.750015,1.0,0.0,4165.256348,4276.922852,4360.512695,4362.563965,4285.641113,4233.205078,4297.05127,4281.410156,4275.0,4274.102539,4560.897461,4518.461426,4397.179688,4460.641113,,,,,,,,,,,,,,,,,,,,,,,,,,,,,,,,,,,,,,,,,,,,,,,,,,,,,,,,,,,,,,,,,,,,,,
1769163813.756514,1769163813.757724,2.0,0.0,4169.230957,4280.384766,4356.666504,4364.102539,4284.871582,4231.794922,4294.230957,4279.230957,4268.974121,4272.692383,4560.769043,4518.846191,4398.717773,4456.794922,,,,,,,,,,,,,,,,,,,,,,,,,,,,,,,,,,,,,,,,,,,,,,,,,,,,,,,,,,,,,,,,,,,,,,
1769163813.764323,1769163813.765532,3.0,0.0,4173.461426,4283.974121,4364.358887,4368.077148,4289.230957,4234.743652,4294.102539,4280.0,4265.512695,4274.871582,4568.846191,4523.974121,4403.717773,4467.307617,,,,,,,,,,,,,,,,,,,,,,,,,,,,,,,,,,,,,,,,,,,,,,,,,,,,,,,,,,,,,,,,,,,,,,
1769163813.772131,1769163813.773141,4.0,0.0,4171.153809,4282.307617,4367.05127,4370.769043,4292.05127,4234.487305,4294.871582,4279.487305,4270.512695,4276.410156,4571.025879,4522.179688,4408.974121,4472.692383,,,,,,,,,,,,,,,,,,,,,,,,,,,,,,,,,,,,,,,,,,,,,,,,,,,,,,,,,,,,,,,,,,,,,,
1769163813.77994,1769163813.780949,5.0,0.0,4169.743652,4283.333496,4362.307617,4375.0,4294.743652,4230.641113,4293.846191,4278.077148,4275.384766,4277.820313,4569.358887,4519.871582,4413.717773,4474.102539,,,,,,,,,,,,,,,,,,,,,,,,,,,,,,,,,,,,,,,,,,,,,,,,,,,,,,,,,,,,,,,,,,,,,,
1769163813.787748,1769163813.788658,6.0,0.0,4169.871582,4290.128418,4366.922852,4379.487305,4297.05127,4231.538574,4294.871582,4284.358887,4278.077148,4279.358887,4572.436035,4528.846191,4414.102539,4476.538574,,,,,,,,,,,,,,,,,,,,,,,,,,,,,,,,,,,,,,,,,,,,,,,,,,,,,,,,,,,,,,,,,,,,,,
1769163813.795557,1769163813.796466,7.0,0.0,4174.358887,4291.538574,4371.922852,4382.05127,4295.769043,4235.0,4296.282227,4285.512695,4279.230957,4281.282227,4579.743652,4539.230957,4415.641113,4476.153809,,,,,,,,,,,,,,,,,,,,,,,,,,,,,,,,,,,,,,,,,,,,,,,,,,,,,,,,,,,,,,,,,,,,,,
1769163813.803365,1769163813.804075,8.0,0.0,4180.641113,4288.205078,4368.461426,4382.436035,4294.615234,4232.436035,4294.230957,4280.641113,4277.820313,4286.153809,4584.871582,4540.128418,4423.333496,4482.692383,,,,,,,,,,,,,,,,,,,,,,,,,,,,,,,,,,,,,,,,,,,,,,,,,,,,,,,,,,,,,,,,,,,,,,
1769163813.811174,1769163813.811883,9.0,0.0,4177.563965,4287.692383,4364.871582,4380.897461,4295.641113,4230.0,4294.230957,4283.461426,4278.717773,4290.0,4584.615234,4537.179688,4428.205078,4488.461426,,,,,,,,,,,,,,,,,,,,,,,,,,,,,,,,,,,,,,,,,,,,,,,,,,,,,,,,,,,,,,,,,,,,,,
1769163813.818982,1769163813.819592,10.0,0.0,4170.0,4288.846191,4362.94873,4380.384766,4294.615234,4232.692383,4295.897461,4285.512695,4279.230957,4288.205078,4580.128418,4539.102539,4425.641113,4482.94873,,,,,,,,,,,,,,,,,,,,,,,,,,,,,,,,,,,,,,,,,,,,,,,,,,,,,,,,,,,,,,,,,,,,,,
1769163813.826791,1769163813.8274,11.0,0.0,4170.384766,4290.384766,4361.922852,4381.922852,4294.487305,4232.179688,4295.0,4281.025879,4279.615234,4283.717773,4576.153809,4537.692383,4422.820313,4479.358887,,,,,,,,,,,,,,,,,,,,,,,,,,,,,,,,,,,,,,,,,,,,,,,,,,,,,,,,,,,,,,,,,,,,,,
1769163813.834599,1769163813.835408,12.0,0.0,4168.589844,4286.538574,4361.025879,4379.615234,4293.974121,4230.641113,4295.897461,4280.897461,4275.256348,4279.487305,4571.538574,4526.538574,4417.307617,4478.846191,,,,,,,,,,,,,,,,,,,,,,,,,,,,,,,,,,,,,,,,,,,,,,,,,,,,,,,,,,,,,,,,,,,,,,
1769163813.842408,1769163813.843217,13.0,0.0,4158.461426,4280.641113,4358.077148,4372.563965,4290.641113,4232.179688,4298.077148,4281.025879,4264.743652,4276.922852,4572.05127,4524.230957,4415.769043,4476.666504,,,,,,,,,,,,,,,,,,,,,,,,,,,,,,,,,,,,,,,,,,,,,,,,,,,,,,,,,,,,,,,,,,,,,,
1769163813.850216,1769163813.851125,14.0,0.0,4152.94873,4283.717773,4354.743652,4372.563965,4290.384766,4231.666504,4297.05127,4278.461426,4266.666504,4279.358887,4581.922852,4536.153809,4424.743652,4482.94873,0.512467,0.233518,0.177906,0.172713,0.122044,0.334684,0.170352,0.172438,0.14822,0.134197,0.759955,0.222091,0.203633,0.113591,0.071604,0.540216,0.174538,0.215806,0.088732,0.067008,0.230227,0.229072,0.150607,0.029539,0.039173,0.372678,0.101819,0.098571,0.075017,0.086986,0.202276,0.14673,0.204103,0.097926,0.09489,0.533181,0.266638,0.203826,0.238201,0.090896,0.240143,0.284406,0.200253,0.099625,0.113256,0.667616,0.413176,0.538212,0.133193,0.086701,0.905091,0.565393,0.370447,0.14339,0.116414,1.248353,0.470206,0.373157,0.200504,0.127281,1.23662,0.476223,0.224489,0.173594,0.200795,0.648945,0.325158,0.212414,0.174252,0.176247
1769163813.858024,1769163813.858934,15.0,0.0,4153.846191,4288.461426,4355.641113,4378.717773,4293.461426,4229.871582,4296.538574,4283.333496,4276.282227,4281.538574,4587.563965,4541.666504,4430.897461,4492.436035,,,,,,,,,,,,,,,,,,,,,,,,,,,,,,,,,,,,,,,,,,,,,,,,,,,,,,,,,,,,,,,,,,,,,,
1769163813.865833,1769163813.866942,16.0,0.0,4156.410156,4290.769043,4358.974121,4381.922852,4295.256348,4224.743652,4296.410156,4284.230957,4275.384766,4281.410156,4587.05127,4537.820313,4429.487305,4490.256348,,,,,,,,,,,,,,,,,,,,,,,,,,,,,,,,,,,,,,,,,,,,,,,,,,,,,,,,,,,,,,,,,,,,,,
1769163813.873641,1769163813.87475,17.0,0.0,4159.743652,4290.641113,4360.128418,4381.282227,4295.256348,4218.974121,4294.871582,4280.512695,4276.025879,4283.077148,4588.077148,4541.410156,4428.846191,4488.333496,,,,,,,,,,,,,,,,,,,,,,,,,,,,,,,,,,,,,,,,,,,,,,,,,,,,,,,,,,,,,,,,,,,,,,
1769163813.88145,1769163813.882459,18.0,0.0,4157.692383,4285.641113,4357.436035,4376.794922,4293.461426,4225.641113,4295.897461,4284.743652,4277.94873,4281.666504,4587.94873,4543.077148,4425.897461,4491.025879,,,,,,,,,,,,,,,,,,,,,,,,,,,,,,,,,,,,,,,,,,,,,,,,,,,,,,,,,,,,,,,,,,,,,,
1769163813.889258,1769163813.890267,19.0,0.0,4157.94873,4282.05127,4355.128418,4372.94873,4292.05127,4231.922852,4297.307617,4289.743652,4271.153809,4278.333496,4585.641113,4536.922852,4423.717773,4491.025879,,,,,,,,,,,,,,,,,,,,,,,,,,,,,,,,,,,,,,,,,,,,,,,,,,,,,,,,,,,,,,,,,,,,,,
1769163813.897067,1769163813.898276,20.0,0.0,4167.563965,4283.846191,4357.307617,4376.282227,4293.333496,4222.94873,4296.538574,4289.102539,4269.871582,4278.589844,4587.179688,4541.922852,4428.461426,4494.102539,,,,,,,,,,,,,,,,,,,,,,,,,,,,,,,,,,,,,,,,,,,,,,,,,,,,,,,,,,,,,,,,,,,,,,
1769163813.904875,1769163813.906084,21.0,0.0,4170.256348,4282.820313,4358.589844,4381.538574,4294.230957,4216.410156,4296.666504,4289.102539,4276.538574,4278.974121,4589.102539,4554.102539,4431.282227,4497.05127,,,,,,,,,,,,,,,,,,,,,,,,,,,,,,,,,,,,,,,,,,,,,,,,,,,,,,,,,,,,,,,,,,,,,,
1769163813.912684,1769163813.913992,22.0,0.0,4160.769043,4279.358887,4355.512695,4379.743652,4291.410156,4218.846191,4297.307617,4293.333496,4276.153809,4277.820313,4585.0,4551.922852,4428.461426,4493.205078,,,,,,,,,,,,,,,,,,,,,,,,,,,,,,,,,,,,,,,,,,,,,,,,,,,,,,,,,,,,,,,,,,,,,,
1769163813.920492,1769163813.921801,23.0,0.0,4155.769043,4279.615234,4351.282227,4374.230957,4288.333496,4219.487305,4297.307617,4295.512695,4270.0,4277.436035,4581.153809,4539.615234,4423.205078,4488.461426,,,,,,,,,,,,,,,,,,,,,,,,,,,,,,,,,,,,,,,,,,,,,,,,,,,,,,,,,,,,,,,,,,,,,,
1769163813.928301,1769163813.929809,24.0,0.0,4156.282227,4280.512695,4351.666504,4370.641113,4289.871582,4222.820313,4303.461426,4294.743652,4271.282227,4277.05127,4581.922852,4537.179688,4416.538574,4488.974121,,,,,,,,,,,,,,,,,,,,,,,,,,,,,,,,,,,,,,,,,,,,,,,,,,,,,,,,,,,,,,,,,,,,,,
1769163813.936109,1769163813.937618,25.0,0.0,4153.205078,4281.410156,4350.512695,4367.820313,4291.666504,4225.384766,4308.974121,4294.743652,4273.717773,4277.94873,4578.589844,4542.179688,4411.794922,4490.128418,,,,,,,,,,,,,,,,,,,,,,,,,,,,,,,,,,,,,,,,,,,,,,,,,,,,,,,,,,,,,,,,,,,,,,
1769163813.943917,1769163813.945326,26.0,0.0,4151.922852,4278.717773,4344.102539,4364.358887,4291.153809,4219.743652,4302.05127,4294.358887,4270.0,4280.512695,4574.615234,4540.641113,4412.563965,4487.94873,,,,,,,,,,,,,,,,,,,,,,,,,,,,,,,,,,,,,,,,,,,,,,,,,,,,,,,,,,,,,,,,,,,,,,
1769163813.951726,1769163813.953135,27.0,0.0,4153.717773,4279.743652,4342.692383,4363.974121,4292.563965,4217.692383,4295.0,4294.102539,4271.410156,4281.025879,4581.538574,4539.743652,4420.641113,4490.384766,,,,,,,,,,,,,,,,,,,,,,,,,,,,,,,,,,,,,,,,,,,,,,,,,,,,,,,,,,,,,,,,,,,,,,
1769163813.959534,1769163813.960743,28.0,0.0,4156.538574,4288.846191,4350.0,4369.102539,4296.153809,4221.538574,4297.820313,4295.897461,4281.153809,4281.282227,4590.0,4546.538574,4429.358887,4497.05127,,,,,,,,,,,,,,,,,,,,,,,,,,,,,,,,,,,,,,,,,,,,,,,,,,,,,,,,,,,,,,,,,,,,,,
1769163813.967343,1769163813.968552,29.0,0.0,4158.846191,4287.820313,4355.256348,4372.94873,4293.717773,4219.358887,4297.436035,4295.897461,4279.871582,4280.512695,4587.436035,4555.128418,4424.615234,4498.333496,,,,,,,,,,,,,,,,,,,,,,,,,,,,,,,,,,,,,,,,,,,,,,,,,,,,,,,,,,,,,,,,,,,,,,
1769163813.975151,1769163813.97626,30.0,0.0,4160.384766,4279.102539,4350.897461,4370.641113,4288.461426,4214.487305,4292.563965,4289.230957,4266.922852,4276.922852,4581.153809,4554.102539,4411.410156,4493.205078,0.551826,0.276897,0.195184,0.160375,0.119465,0.367215,0.186874,0.174095,0.135176,0.133744,0.802807,0.226837,0.183437,0.096526,0.067941,0.467263,0.17446,0.222053,0.102473,0.071858,0.211769,0.19975,0.125658,0.028538,0.034612,0.419441,0.088018,0.105567,0.070109,0.07855,0.206698,0.14528,0.179303,0.087565,0.084072,0.568756,0.29746,0.200454,0.233643,0.098291,0.305738,0.234974,0.153251,0.103861,0.116388,0.763269,0.345016,0.466112,0.148072,0.078391,1.111225,0.476443,0.314451,0.134713,0.102321,1.439455,0.441886,0.355866,0.176522,0.103263,1.34748,0.407701,0.222148,0.187967,0.18736,0.753574,0.275738,0.185282,0.160447,0.152293
1769163813.98296,1769163813.984069,31.0,0.0,4164.615234,4284.487305,4349.358887,4371.025879,4292.307617,4213.846191,4292.94873,4287.820313,4263.974121,4273.589844,4579.102539,4545.641113,4410.769043,4492.692383,,,,,,,,,,,,,,,,,,,,,,,,,,,,,,,,,,,,,,,,,,,,,,,,,,,,,,,,,,,,,,,,,,,,,,
1769163813.990768,1769163813.991677,32.0,0.0,4164.358887,4291.410156,4354.487305,4375.0,4296.922852,4215.384766,4295.641113,4290.256348,4266.153809,4269.615234,4576.282227,4542.436035,4414.743652,4493.717773,,,,,,,,,,,,,,,,,,,,,,,,,,,,,,,,,,,,,,,,,,,,,,,,,,,,,,,,,,,,,,,,,,,,,,
1769163813.998577,1769163813.999486,33.0,0.0,4155.512695,4284.102539,4352.94873,4373.717773,4293.974121,4217.692383,4296.282227,4283.717773,4263.846191,4263.205078,4572.307617,4541.282227,4406.666504,4484.615234,,,,,,,,,,,,,,,,,,,,,,,,,,,,,,,,,,,,,,,,,,,,,,,,,,,,,,,,,,,,,,,,,,,,,,
1769163814.006385,1769163814.007194,34.0,0.0,4146.538574,4278.717773,4344.102539,4367.820313,4290.256348,4217.820313,4297.436035,4278.846191,4261.410156,4258.077148,4568.717773,4533.717773,4400.512695,4473.461426,,,,,,,,,,,,,,,,,,,,,,,,,,,,,,,,,,,,,,,,,,,,,,,,,,,,,,,,,,,,,,,,,,,,,,
1769163814.014193,1769163814.015003,35.0,0.0,4146.666504,4281.153809,4340.512695,4366.025879,4290.641113,4215.897461,4297.179688,4286.410156,4260.512695,4262.05127,4567.307617,4530.128418,4405.897461,4474.743652,,,,,,,,,,,,,,,,,,,,,,,,,,,,,,,,,,,,,,,,,,,,,,,,,,,,,,,,,,,,,,,,,,,,,,
1769163814.022002,1769163814.022611,36.0,0.0,4150.512695,4281.025879,4344.230957,4367.820313,4292.94873,4215.128418,4294.871582,4294.487305,4265.0,4271.282227,4576.410156,4539.102539,4415.0,4483.077148,,,,,,,,,,,,,,,,,,,,,,,,,,,,,,,,,,,,,,,,,,,,,,,,,,,,,,,,,,,,,,,,,,,,,,
1769163814.02981,1769163814.03042,37.0,0.0,4146.410156,4279.230957,4345.512695,4367.692383,4294.102539,4216.794922,4296.153809,4294.358887,4267.94873,4272.436035,4581.538574,4543.333496,4416.666504,4480.128418,,,,,,,,,,,,,,,,,,,,,,,,,,,,,,,,,,,,,,,,,,,,,,,,,,,,,,,,,,,,,,,,,,,,,,
1769163814.037619,1769163814.038328,38.0,0.0,4136.922852,4277.692383,4342.436035,4365.128418,4291.922852,4216.922852,4298.461426,4294.230957,4263.461426,4265.512695,4573.846191,4535.897461,4412.179688,4473.333496,,,,,,,,,,,,,,,,,,,,,,,,,,,,,,,,,,,,,,,,,,,,,,,,,,,,,,,,,,,,,,,,,,,,,,
1769163814.045427,1769163814.046137,39.0,0.0,4138.717773,4278.205078,4342.179688,4366.666504,4290.0,4215.384766,4296.794922,4295.641113,4263.461426,4265.0,4574.615234,4533.974121,4415.512695,4482.94873,,,,,,,,,,,,,,,,,,,,,,,,,,,,,,,,,,,,,,,,,,,,,,,,,,,,,,,,,,,,,,,,,,,,,,
1769163814.053236,1769163814.054145,40.0,0.0,4153.589844,4280.897461,4350.0,4373.077148,4293.077148,4215.0,4294.871582,4293.077148,4267.436035,4272.179688,4586.666504,4541.538574,4427.05127,4497.05127,,,,,,,,,,,,,,,,,,,,,,,,,,,,,,,,,,,,,,,,,,,,,,,,,,,,,,,,,,,,,,,,,,,,,,
1769163814.061044,1769163814.061953,41.0,0.0,4158.974121,4281.410156,4355.897461,4376.666504,4295.769043,4215.897461,4296.025879,4291.025879,4266.922852,4277.05127,4588.333496,4541.794922,4427.179688,4495.256348,,,,,,,,,,,,,,,,,,,,,,,,,,,,,,,,,,,,,,,,,,,,,,,,,,,,,,,,,,,,,,,,,,,,,,
1769163814.068853,1769163814.069862,42.0,0.0,4153.077148,4279.230957,4350.512695,4374.615234,4293.974121,4216.282227,4300.0,4293.077148,4271.794922,4278.461426,4583.589844,4535.512695,4417.307617,4488.077148,,,,,,,,,,,,,,,,,,,,,,,,,,,,,,,,,,,,,,,,,,,,,,,,,,,,,,,,,,,,,,,,,,,,,,
1769163814.076661,1769163814.07767,43.0,0.0,4153.333496,4279.871582,4350.897461,4372.820313,4293.205078,4215.0,4301.538574,4295.769043,4280.256348,4279.487305,4586.410156,4542.436035,4420.641113,4490.769043,,,,,,,,,,,,,,,,,,,,,,,,,,,,,,,,,,,,,,,,,,,,,,,,,,,,,,,,,,,,,,,,,,,,,,
1769163814.084469,1769163814.085279,44.0,0.0,4155.641113,4281.666504,4356.153809,4373.205078,4295.384766,4217.563965,4303.974121,4297.307617,4278.717773,4280.128418,4588.974121,4551.282227,4428.974121,4494.743652,,,,,,,,,,,,,,,,,,,,,,,,,,,,,,,,,,,,,,,,,,,,,,,,,,,,,,,,,,,,,,,,,,,,,,
1769163814.092278,1769163814.093087,45.0,0.0,4151.282227,4280.769043,4350.256348,4373.333496,4297.692383,4224.102539,4306.282227,4296.794922,4273.974121,4278.589844,4587.94873,4544.358887,4426.282227,4492.94873,,,,,,,,,,,,,,,,,,,,,,,,,,,,,,,,,,,,,,,,,,,,,,,,,,,,,,,,,,,,,,,,,,,,,,
1769163814.100087,1769163814.100796,46.0,0.0,4149.358887,4279.487305,4345.384766,4370.512695,4297.05127,4222.179688,4303.717773,4295.769043,4275.128418,4275.256348,4587.179688,4537.05127,4424.102539,4491.025879,0.568862,0.348651,0.22016,0.152643,0.121251,0.410153,0.208242,0.172272,0.120219,0.125599,0.7798,0.240992,0.163082,0.086288,0.06857,0.442476,0.218325,0.225464,0.117328,0.074746,0.19061,0.159541,0.097862,0.028304,0.031794,0.441638,0.070225,0.117787,0.062514,0.070187,0.199362,0.130062,0.139221,0.072097,0.070707,0.612202,0.325864,0.187679,0.219211,0.107639,0.384497,0.219766,0.12856,0.120236,0.116674,0.817366,0.313093,0.399483,0.167212,0.075653,1.2205,0.409674,0.2805,0.128669,0.089905,1.49893,0.430773,0.333698,0.159534,0.087897,1.398193,0.37431,0.22304,0.200331,0.172195,0.864332,0.283759,0.175196,0.155585,0.134062
1769163814.107895,1769163814.108604,47.0,0.0,4151.153809,4279.230957,4347.563965,4366.153809,4294.102539,4214.230957,4300.512695,4293.077148,4274.615234,4274.230957,4585.641113,4541.538574,4426.025879,4488.846191,,,,,,,,,,,,,,,,,,,,,,,,,,,,,,,,,,,,,,,,,,,,,,,,,,,,,,,,,,,,,,,,,,,,,,
1769163814.115703,1769163814.116612,48.0,0.0,4151.153809,4278.974121,4349.358887,4369.615234,4294.615234,4213.846191,4299.871582,4293.205078,4274.743652,4277.307617,4588.974121,4547.94873,4428.333496,4492.820313,,,,,,,,,,,,,,,,,,,,,,,,,,,,,,,,,,,,,,,,,,,,,,,,,,,,,,,,,,,,,,,,,,,,,,
1769163814.123512,1769163814.124421,49.0,0.0,4154.615234,4280.512695,4351.666504,4375.384766,4296.410156,4218.077148,4304.615234,4300.769043,4280.512695,4281.410156,4597.307617,4553.333496,4432.307617,4503.974121,,,,,,,,,,,,,,,,,,,,,,,,,,,,,,,,,,,,,,,,,,,,,,,,,,,,,,,,,,,,,,,,,,,,,,
1769163814.13132,1769163814.132129,50.0,0.0,4155.512695,4280.769043,4351.153809,4372.563965,4295.384766,4217.94873,4305.641113,4303.974121,4283.461426,4281.794922,4597.307617,4551.410156,4432.820313,4503.333496,,,,,,,,,,,,,,,,,,,,,,,,,,,,,,,,,,,,,,,,,,,,,,,,,,,,,,,,,,,,,,,,,,,,,,
1769163814.139129,1769163814.139938,51.0,0.0,4145.897461,4278.077148,4346.922852,4369.615234,4294.358887,4216.922852,4302.692383,4296.282227,4279.487305,4278.461426,4587.820313,4540.769043,4427.820313,4491.794922,,,,,,,,,,,,,,,,,,,,,,,,,,,,,,,,,,,,,,,,,,,,,,,,,,,,,,,,,,,,,,,,,,,,,,
1769163814.146937,1769163814.147746,52.0,0.0,4142.692383,4279.102539,4351.794922,4373.333496,4295.256348,4218.461426,4303.589844,4292.94873,4277.05127,4277.820313,4586.666504,4542.692383,4427.179688,4494.743652,,,,,,,,,,,,,,,,,,,,,,,,,,,,,,,,,,,,,,,,,,,,,,,,,,,,,,,,,,,,,,,,,,,,,,
1769163814.154746,1769163814.155555,53.0,0.0,4152.563965,4281.282227,4359.743652,4375.897461,4296.025879,4217.820313,4304.743652,4298.717773,4280.512695,4285.256348,4598.333496,4555.512695,4433.717773,4509.358887,,,,,,,,,,,,,,,,,,,,,,,,,,,,,,,,,,,,,,,,,,,,,,,,,,,,,,,,,,,,,,,,,,,,,,
1769163814.162554,1769163814.163263,54.0,0.0,4156.922852,4279.487305,4356.666504,4374.615234,4296.666504,4215.769043,4300.897461,4298.974121,4282.820313,4290.641113,4605.769043,4558.461426,4436.922852,4513.717773,,,,,,,,,,,,,,,,,,,,,,,,,,,,,,,,,,,,,,,,,,,,,,,,,,,,,,,,,,,,,,,,,,,,,,
1769163814.170363,1769163814.171072,55.0,0.0,4149.487305,4278.333496,4354.102539,4373.717773,4297.563965,4217.179688,4296.794922,4294.358887,4280.897461,4289.615234,4600.256348,4553.717773,4434.358887,4504.487305,,,,,,,,,,,,,,,,,,,,,,,,,,,,,,,,,,,,,,,,,,,,,,,,,,,,,,,,,,,,,,,,,,,,,,
1769163814.178171,1769163814.17868,56.0,0.0,4141.153809,4279.230957,4356.282227,4372.94873,4296.922852,4218.077148,4297.94873,4294.615234,4278.846191,4286.666504,4593.461426,4550.384766,4430.0,4493.589844,,,,,,,,,,,,,,,,,,,,,,,,,,,,,,,,,,,,,,,,,,,,,,,,,,,,,,,,,,,,,,,,,,,,,,
1769163814.185979,1769163814.186489,57.0,0.0,4140.0,4278.589844,4353.205078,4371.153809,4295.384766,4216.794922,4301.666504,4295.128418,4278.846191,4283.974121,4595.769043,4548.333496,4429.230957,4491.922852,,,,,,,,,,,,,,,,,,,,,,,,,,,,,,,,,,,,,,,,,,,,,,,,,,,,,,,,,,,,,,,,,,,,,,
1769163814.193788,1769163814.194197,58.0,0.0,4144.871582,4277.94873,4351.282227,4368.974121,4294.615234,4219.102539,4305.384766,4295.512695,4279.743652,4282.94873,4600.0,4551.025879,4432.692383,4503.717773,,,,,,,,,,,,,,,,,,,,,,,,,,,,,,,,,,,,,,,,,,,,,,,,,,,,,,,,,,,,,,,,,,,,,,
1769163814.201596,1769163814.202006,59.0,0.0,4144.615234,4277.692383,4350.641113,4367.436035,4294.615234,4220.897461,4302.563965,4296.666504,4280.256348,4281.794922,4598.205078,4554.743652,4432.563965,4511.538574,,,,,,,,,,,,,,,,,,,,,,,,,,,,,,,,,,,,,,,,,,,,,,,,,,,,,,,,,,,,,,,,,,,,,,
1769163814.209405,1769163814.209615,60.0,0.0,4138.589844,4277.179688,4344.743652,4368.461426,4295.512695,4216.025879,4295.769043,4296.666504,4284.615234,4283.717773,4594.358887,4551.538574,4426.410156,4506.153809,,,,,,,,,,,,,,,,,,,,,,,,,,,,,,,,,,,,,,,,,,,,,,,,,,,,,,,,,,,,,,,,,,,,,,
1769163814.217213,1769163814.217423,61.0,0.0,4142.692383,4278.205078,4343.589844,4371.153809,4295.512695,4213.333496,4295.256348,4296.153809,4290.769043,4290.641113,4594.871582,4550.769043,4426.410156,4503.461426,,,,,,,,,,,,,,,,,,,,,,,,,,,,,,,,,,,,,,,,,,,,,,,,,,,,,,,,,,,,,,,,,,,,,,
1769163814.225022,1769163814.225132,62.0,0.0,4149.230957,4279.230957,4350.384766,4373.077148,4293.333496,4216.153809,4295.897461,4296.538574,4287.692383,4293.333496,4598.589844,4555.128418,4432.820313,4508.589844,0.579906,0.468994,0.252634,0.148931,0.126159,0.461543,0.23532,0.168055,0.106507,0.112429,0.696249,0.273558,0.148108,0.081078,0.073172,0.417458,0.311179,0.228257,0.128242,0.075491,0.169644,0.124368,0.074286,0.028333,0.030494,0.433017,0.054704,0.130852,0.054795,0.06326,0.182788,0.107414,0.09781,0.055884,0.057475,0.655221,0.349327,0.169992,0.198272,0.115471,0.451701,0.244574,0.121158,0.144171,0.114878,0.811085,0.339348,0.348511,0.185249,0.078763,1.194504,0.395485,0.265944,0.12585,0.081763,1.396244,0.463194,0.309003,0.149069,0.08297,1.373934,0.414193,0.22576,0.210698,0.157489,0.978431,0.380995,0.183279,0.153486,0.124545
1769163814.23283,1769163814.23294,63.0,0.0,4144.230957,4278.846191,4351.538574,4374.358887,4291.538574,4215.897461,4295.512695,4295.384766,4278.333496,4290.384766,4596.794922,4550.897461,4432.94873,4508.461426,,,,,,,,,,,,,,,,,,,,,,,,,,,,,,,,,,,,,,,,,,,,,,,,,,,,,,,,,,,,,,,,,,,,,,
1769163814.240639,1769163814.240948,64.0,0.0,4138.333496,4278.974121,4343.974121,4372.563965,4293.974121,4215.128418,4295.769043,4293.974121,4277.94873,4291.025879,4595.384766,4547.307617,4428.846191,4506.410156,,,,,,,,,,,,,,,,,,,,,,,,,,,,,,,,,,,,,,,,,,,,,,,,,,,,,,,,,,,,,,,,,,,,,,
1769163814.248447,1769163814.248757,65.0,0.0,4138.974121,4279.102539,4341.794922,4370.128418,4299.230957,4218.205078,4298.589844,4296.538574,4282.307617,4289.102539,4597.307617,4548.846191,4427.692383,4506.282227,,,,,,,,,,,,,,,,,,,,,,,,,,,,,,,,,,,,,,,,,,,,,,,,,,,,,,,,,,,,,,,,,,,,,,
1769163814.256256,1769163814.256665,66.0,0.0,4136.282227,4277.820313,4341.794922,4370.897461,4302.692383,4220.512695,4302.692383,4298.205078,4280.641113,4280.512695,4593.717773,4543.461426,4425.769043,4499.102539,,,,,,,,,,,,,,,,,,,,,,,,,,,,,,,,,,,,,,,,,,,,,,,,,,,,,,,,,,,,,,,,,,,,,,
1769163814.264064,1769163814.264473,67.0,0.0,4134.615234,4277.820313,4341.538574,4372.94873,4304.358887,4218.333496,4301.282227,4296.410156,4279.230957,4278.974121,4589.487305,4542.179688,4425.641113,4495.512695,,,,,,,,,,,,,,,,,,,,,,,,,,,,,,,,,,,,,,,,,,,,,,,,,,,,,,,,,,,,,,,,,,,,,,
1769163814.271872,1769163814.272482,68.0,0.0,4140.0,4278.333496,4347.307617,4376.282227,4304.743652,4217.179688,4296.922852,4295.641113,4280.769043,4281.922852,4592.94873,4549.230957,4427.563965,4504.102539,,,,,,,,,,,,,,,,,,,,,,,,,,,,,,,,,,,,,,,,,,,,,,,,,,,,,,,,,,,,,,,,,,,,,,
1769163814.279681,1769163814.28029,69.0,0.0,4140.897461,4277.307617,4349.230957,4378.974121,4303.333496,4220.0,4298.077148,4294.615234,4278.846191,4278.717773,4594.615234,4546.025879,4426.538574,4507.436035,,,,,,,,,,,,,,,,,,,,,,,,,,,,,,,,,,,,,,,,,,,,,,,,,,,,,,,,,,,,,,,,,,,,,,
1769163814.287489,1769163814.287999,70.0,0.0,4140.897461,4280.897461,4344.358887,4380.0,4301.922852,4219.743652,4299.358887,4294.102539,4276.153809,4275.0,4588.333496,4537.563965,4425.769043,4503.589844,,,,,,,,,,,,,,,,,,,,,,,,,,,,,,,,,,,,,,,,,,,,,,,,,,,,,,,,,,,,,,,,,,,,,,
1769163814.295298,1769163814.295807,71.0,0.0,4147.94873,4286.666504,4341.922852,4380.641113,4301.153809,4215.897461,4296.153809,4293.589844,4275.384766,4274.615234,4586.153809,4540.0,4427.820313,4505.128418,,,,,,,,,,,,,,,,,,,,,,,,,,,,,,,,,,,,,,,,,,,,,,,,,,,,,,,,,,,,,,,,,,,,,,
1769163814.303106,1769163814.303815,72.0,0.0,4149.487305,4285.256348,4342.820313,4382.94873,4298.717773,4213.333496,4293.589844,4290.512695,4273.077148,4276.666504,4587.563965,4541.666504,4428.077148,4508.846191,,,,,,,,,,,,,,,,,,,,,,,,,,,,,,,,,,,,,,,,,,,,,,,,,,,,,,,,,,,,,,,,,,,,,,
1769163814.310915,1769163814.311624,73.0,0.0,4141.282227,4279.871582,4338.589844,4382.820313,4295.641113,4214.743652,4296.794922,4289.230957,4266.922852,4274.871582,4585.0,4538.205078,4426.538574,4507.563965,,,,,,,,,,,,,,,,,,,,,,,,,,,,,,,,,,,,,,,,,,,,,,,,,,,,,,,,,,,,,,,,,,,,,,
1769163814.318723,1769163814.319532,74.0,0.0,4136.153809,4278.461426,4331.538574,4379.743652,4298.461426,4218.205078,4301.282227,4290.641113,4263.717773,4267.563965,4581.922852,4540.384766,4425.256348,4503.333496,,,,,,,,,,,,,,,,,,,,,,,,,,,,,,,,,,,,,,,,,,,,,,,,,,,,,,,,,,,,,,,,,,,,,,
1769163814.326532,1769163814.327341,75.0,0.0,4139.615234,4278.333496,4328.846191,4380.512695,4305.0,4218.717773,4297.94873,4291.666504,4272.307617,4270.0,4583.333496,4544.615234,4426.794922,4503.205078,,,,,,,,,,,,,,,,,,,,,,,,,,,,,,,,,,,,,,,,,,,,,,,,,,,,,,,,,,,,,,,,,,,,,,
1769163814.33434,1769163814.334949,76.0,0.0,4140.897461,4279.102539,4329.102539,4381.153809,4303.461426,4215.384766,4292.563965,4292.94873,4278.333496,4280.128418,4588.333496,4546.538574,4430.384766,4507.94873,,,,,,,,,,,,,,,,,,,,,,,,,,,,,,,,,,,,,,,,,,,,,,,,,,,,,,,,,,,,,,,,,,,,,,
1769163814.342148,1769163814.342758,77.0,0.0,4136.410156,4277.05127,4325.769043,4376.538574,4294.743652,4214.230957,4294.743652,4294.230957,4269.743652,4280.384766,4586.025879,4546.025879,4427.94873,4500.256348,,,,,,,,,,,,,,,,,,,,,,,,,,,,,,,,,,,,,,,,,,,,,,,,,,,,,,,,,,,,,,,,,,,,,,
1769163814.349957,1769163814.350466,78.0,0.0,4136.025879,4272.05127,4319.358887,4371.922852,4291.794922,4218.205078,4296.794922,4293.846191,4263.717773,4276.025879,4583.205078,4546.538574,4423.461426,4490.641113,0.545187,0.642738,0.288893,0.147383,0.133088,0.512607,0.265705,0.161501,0.095822,0.098326,0.559888,0.325649,0.140256,0.077247,0.080923,0.388705,0.437577,0.229982,0.131893,0.075057,0.153252,0.104879,0.058496,0.028075,0.030233,0.402343,0.046094,0.139419,0.049892,0.058812,0.164321,0.086166,0.068048,0.043077,0.046932,0.685696,0.366832,0.153891,0.176186,0.118609,0.493318,0.302542,0.123556,0.170836,0.113495,0.762604,0.418282,0.313351,0.197126,0.085982,1.052931,0.444232,0.263263,0.126902,0.079978,1.169907,0.549911,0.284134,0.148742,0.088937,1.284872,0.53315,0.231953,0.220428,0.146145,1.099507,0.571354,0.204993,0.149651,0.124339
1769163814.357765,1769163814.358275,79.0,0.0,4140.384766,4275.128418,4316.922852,4372.820313,4294.230957,4218.205078,4294.871582,4294.102539,4267.179688,4280.641113,4586.410156,4553.717773,4426.410156,4500.641113,,,,,,,,,,,,,,,,,,,,,,,,,,,,,,,,,,,,,,,,,,,,,,,,,,,,,,,,,,,,,,,,,,,,,,
1769163814.365574,1769163814.366283,80.0,0.0,4141.794922,4280.128418,4314.358887,4373.717773,4294.743652,4216.153809,4295.641113,4296.282227,4265.128418,4281.666504,4586.538574,4553.461426,4428.205078,4509.743652,,,,,,,,,,,,,,,,,,,,,,,,,,,,,,,,,,,,,,,,,,,,,,,,,,,,,,,,,,,,,,,,,,,,,,
1769163814.373382,1769163814.374091,81.0,0.0,4139.487305,4272.820313,4306.794922,4373.205078,4294.615234,4216.922852,4296.538574,4293.205078,4258.077148,4274.871582,4582.692383,4542.820313,4426.025879,4504.102539,,,,,,,,,,,,,,,,,,,,,,,,,,,,,,,,,,,,,,,,,,,,,,,,,,,,,,,,,,,,,,,,,,,,,,
1769163814.381191,1769163814.3818,82.0,0.0,4138.461426,4264.358887,4303.461426,4374.743652,4295.384766,4211.922852,4294.743652,4292.307617,4261.025879,4275.512695,4586.538574,4546.153809,4429.358887,4503.974121,,,,,,,,,,,,,,,,,,,,,,,,,,,,,,,,,,,,,,,,,,,,,,,,,,,,,,,,,,,,,,,,,,,,,,
1769163814.388999,1769163814.389608,83.0,0.0,4136.153809,4265.384766,4303.589844,4373.205078,4295.0,4207.307617,4293.077148,4294.102539,4265.897461,4279.358887,4591.153809,4553.589844,4433.333496,4511.153809,,,,,,,,,,,,,,,,,,,,,,,,,,,,,,,,,,,,,,,,,,,,,,,,,,,,,,,,,,,,,,,,,,,,,,
1769163814.396808,1769163814.397217,84.0,0.0,4136.538574,4267.05127,4297.563965,4369.230957,4295.641113,4212.563965,4293.974121,4286.538574,4262.94873,4277.820313,4587.820313,4545.256348,4429.487305,4510.512695,,,,,,,,,,,,,,,,,,,,,,,,,,,,,,,,,,,,,,,,,,,,,,,,,,,,,,,,,,,,,,,,,,,,,,
1769163814.404616,1769163814.405026,85.0,0.0,4140.641113,4266.282227,4294.102539,4371.282227,4296.922852,4218.717773,4295.897461,4280.769043,4260.512695,4276.794922,4586.153809,4538.333496,4428.205078,4508.077148,,,,,,,,,,,,,,,,,,,,,,,,,,,,,,,,,,,,,,,,,,,,,,,,,,,,,,,,,,,,,,,,,,,,,,
1769163814.412425,1769163814.412734,86.0,0.0,4133.717773,4263.205078,4293.461426,4373.974121,4295.512695,4216.538574,4295.641113,4286.794922,4263.461426,4278.589844,4589.230957,4543.205078,4430.512695,4508.589844,,,,,,,,,,,,,,,,,,,,,,,,,,,,,,,,,,,,,,,,,,,,,,,,,,,,,,,,,,,,,,,,,,,,,,
1769163814.420233,1769163814.420543,87.0,0.0,4125.256348,4262.436035,4288.846191,4371.922852,4298.461426,4217.05127,4294.743652,4291.282227,4265.641113,4276.794922,4589.615234,4541.410156,4429.743652,4507.692383,,,,,,,,,,,,,,,,,,,,,,,,,,,,,,,,,,,,,,,,,,,,,,,,,,,,,,,,,,,,,,,,,,,,,,
1769163814.428042,1769163814.428151,88.0,0.0,4133.461426,4272.692383,4287.179688,4371.794922,4305.0,4220.641113,4294.743652,4291.153809,4266.025879,4278.717773,4588.077148,4537.307617,4428.717773,4507.05127,,,,,,,,,,,,,,,,,,,,,,,,,,,,,,,,,,,,,,,,,,,,,,,,,,,,,,,,,,,,,,,,,,,,,,
1769163814.43585,1769163814.43596,89.0,0.0,4142.820313,4279.358887,4288.333496,4374.743652,4301.410156,4219.358887,4295.0,4293.717773,4266.025879,4278.077148,4587.436035,4541.153809,4428.205078,4507.307617,,,,,,,,,,,,,,,,,,,,,,,,,,,,,,,,,,,,,,,,,,,,,,,,,,,,,,,,,,,,,,,,,,,,,,
1769163814.443658,1769163814.443868,90.0,0.0,4138.846191,4275.256348,4283.974121,4374.743652,4293.974121,4218.974121,4296.794922,4292.94873,4262.563965,4268.205078,4587.307617,4541.153809,4427.179688,4507.820313,,,,,,,,,,,,,,,,,,,,,,,,,,,,,,,,,,,,,,,,,,,,,,,,,,,,,,,,,,,,,,,,,,,,,,
1769163814.451467,1769163814.451676,91.0,0.0,4136.282227,4275.384766,4278.077148,4374.102539,4299.358887,4219.230957,4293.589844,4289.615234,4260.897461,4270.0,4587.692383,4539.102539,4427.436035,4502.307617,,,,,,,,,,,,,,,,,,,,,,,,,,,,,,,,,,,,,,,,,,,,,,,,,,,,,,,,,,,,,,,,,,,,,,
1769163814.459275,1769163814.459685,92.0,0.0,4140.128418,4280.641113,4279.102539,4374.743652,4305.897461,4216.282227,4286.025879,4290.512695,4263.589844,4277.692383,4587.436035,4540.0,4422.820313,4493.333496,,,,,,,,,,,,,,,,,,,,,,,,,,,,,,,,,,,,,,,,,,,,,,,,,,,,,,,,,,,,,,,,,,,,,,
1769163814.467084,1769163814.467493,93.0,0.0,4140.384766,4279.871582,4280.128418,4373.461426,4302.307617,4215.0,4287.436035,4287.94873,4262.820313,4270.641113,4586.282227,4541.410156,4414.487305,4493.846191,,,,,,,,,,,,,,,,,,,,,,,,,,,,,,,,,,,,,,,,,,,,,,,,,,,,,,,,,,,,,,,,,,,,,,
1769163814.474892,1769163814.475401,94.0,0.0,4139.615234,4275.384766,4279.743652,4373.077148,4302.692383,4218.717773,4294.743652,4285.128418,4261.538574,4267.820313,4585.0,4542.179688,4412.820313,4499.102539,0.562057,0.849046,0.326775,0.14495,0.140758,0.550479,0.293049,0.150103,0.086906,0.08663,0.422408,0.390674,0.138646,0.071708,0.090211,0.337727,0.567383,0.229804,0.127323,0.074117,0.144004,0.102288,0.050302,0.02737,0.030332,0.356708,0.045901,0.139804,0.049726,0.057373,0.153554,0.072756,0.056133,0.036325,0.040595,0.693018,0.376155,0.143804,0.156602,0.115381,0.51042,0.373103,0.13123,0.195193,0.114247,0.697269,0.520616,0.288139,0.200314,0.093863,0.85697,0.539473,0.266397,0.132094,0.085276,0.913041,0.672006,0.262385,0.162998,0.104741,1.18875,0.698008,0.243145,0.230095,0.140155,1.228027,0.821735,0.235681,0.143781,0.13383
1769163814.482701,1769163814.48321,95.0,0.0,4138.974121,4274.358887,4278.589844,4374.358887,4307.563965,4223.205078,4296.282227,4287.692383,4264.615234,4273.846191,4582.563965,4539.871582,4415.128418,4495.0,,,,,,,,,,,,,,,,,,,,,,,,,,,,,,,,,,,,,,,,,,,,,,,,,,,,,,,,,,,,,,,,,,,,,,
1769163814.490509,1769163814.490819,96.0,0.0,4137.307617,4275.256348,4273.846191,4373.077148,4306.410156,4225.256348,4295.0,4288.333496,4265.0,4269.230957,4582.563965,4539.615234,4413.333496,4488.717773,,,,,,,,,,,,,,,,,,,,,,,,,,,,,,,,,,,,,,,,,,,,,,,,,,,,,,,,,,,,,,,,,,,,,,
1769163814.498318,1769163814.498627,97.0,0.0,4137.436035,4276.794922,4273.974121,4370.897461,4303.461426,4225.769043,4294.871582,4288.974121,4262.692383,4267.05127,4584.871582,4546.794922,4411.794922,4494.487305,,,,,,,,,,,,,,,,,,,,,,,,,,,,,,,,,,,,,,,,,,,,,,,,,,,,,,,,,,,,,,,,,,,,,,
1769163814.506126,1769163814.506535,98.0,0.0,4139.743652,4278.333496,4277.820313,4372.05127,4305.0,4222.179688,4295.641113,4293.974121,4263.205078,4277.05127,4585.641113,4554.358887,4416.153809,4503.333496,,,,,,,,,,,,,,,,,,,,,,,,,,,,,,,,,,,,,,,,,,,,,,,,,,,,,,,,,,,,,,,,,,,,,,
1769163814.513934,1769163814.514344,99.0,0.0,4138.333496,4278.974121,4274.487305,4371.794922,4306.666504,4218.205078,4296.666504,4295.897461,4265.641113,4278.077148,4585.512695,4552.692383,4418.717773,4503.461426,,,,,,,,,,,,,,,,,,,,,,,,,,,,,,,,,,,,,,,,,,,,,,,,,,,,,,,,,,,,,,,,,,,,,,
1769163814.521743,1769163814.522352,100.0,0.0,4136.025879,4278.589844,4267.179688,4372.820313,4305.641113,4221.922852,4294.230957,4293.205078,4266.794922,4275.641113,4588.077148,4548.974121,4418.333496,4501.153809,,,,,,,,,,,,,,,,,,,,,,,,,,,,,,,,,,,,,,,,,,,,,,,,,,,,,,,,,,,,,,,,,,,,,,
1769163814.529551,1769163814.53016,101.0,0.0,4145.384766,4278.461426,4267.94873,4378.205078,4307.94873,4230.897461,4293.589844,4292.820313,4266.153809,4278.974121,4590.0,4552.307617,4422.436035,4506.538574,,,,,,,,,,,,,,,,,,,,,,,,,,,,,,,,,,,,,,,,,,,,,,,,,,,,,,,,,,,,,,,,,,,,,,
1769163814.53736,1769163814.537869,102.0,0.0,4153.846191,4280.641113,4270.256348,4377.692383,4308.333496,4231.282227,4296.794922,4291.666504,4265.256348,4276.410156,4587.307617,4553.717773,4427.05127,4511.538574,,,,,,,,,,,,,,,,,,,,,,,,,,,,,,,,,,,,,,,,,,,,,,,,,,,,,,,,,,,,,,,,,,,,,,
1769163814.545168,1769163814.545677,103.0,0.0,4144.487305,4278.846191,4264.615234,4371.025879,4301.538574,4223.077148,4294.615234,4288.077148,4262.05127,4271.153809,4584.358887,4542.436035,4420.769043,4501.922852,,,,,,,,,,,,,,,,,,,,,,,,,,,,,,,,,,,,,,,,,,,,,,,,,,,,,,,,,,,,,,,,,,,,,,
1769163814.552977,1769163814.553286,104.0,0.0,4137.820313,4274.230957,4261.282227,4371.153809,4299.871582,4218.205078,4291.922852,4291.538574,4262.307617,4272.94873,4586.282227,4537.05127,4415.0,4495.384766,,,,,,,,,,,,,,,,,,,,,,,,,,,,,,,,,,,,,,,,,,,,,,,,,,,,,,,,,,,,,,,,,,,,,,
1769163814.560785,1769163814.561095,105.0,0.0,4149.230957,4275.769043,4269.615234,4373.077148,4305.256348,4218.205078,4293.846191,4298.205078,4269.102539,4277.692383,4588.461426,4549.487305,4421.922852,4505.128418,,,,,,,,,,,,,,,,,,,,,,,,,,,,,,,,,,,,,,,,,,,,,,,,,,,,,,,,,,,,,,,,,,,,,,
1769163814.568594,1769163814.569003,106.0,0.0,4155.0,4278.333496,4274.487305,4369.230957,4302.820313,4217.820313,4291.794922,4295.897461,4269.230957,4279.102539,4587.179688,4551.922852,4423.717773,4507.563965,,,,,,,,,,,,,,,,,,,,,,,,,,,,,,,,,,,,,,,,,,,,,,,,,,,,,,,,,,,,,,,,,,,,,,
1769163814.576402,1769163814.576811,107.0,0.0,4145.512695,4271.410156,4268.333496,4365.384766,4295.384766,4216.794922,4286.666504,4290.897461,4261.666504,4275.0,4587.05127,4538.333496,4415.897461,4493.589844,,,,,,,,,,,,,,,,,,,,,,,,,,,,,,,,,,,,,,,,,,,,,,,,,,,,,,,,,,,,,,,,,,,,,,
1769163814.584211,1769163814.58482,108.0,0.0,4137.94873,4263.461426,4266.282227,4359.615234,4294.743652,4217.563965,4290.512695,4292.307617,4261.153809,4268.205078,4587.94873,4534.743652,4413.717773,4485.641113,,,,,,,,,,,,,,,,,,,,,,,,,,,,,,,,,,,,,,,,,,,,,,,,,,,,,,,,,,,,,,,,,,,,,,
1769163814.592019,1769163814.592628,109.0,0.0,4139.871582,4264.102539,4273.077148,4357.820313,4296.794922,4220.384766,4296.153809,4294.871582,4265.384766,4265.512695,4586.410156,4541.410156,4415.897461,4490.897461,,,,,,,,,,,,,,,,,,,,,,,,,,,,,,,,,,,,,,,,,,,,,,,,,,,,,,,,,,,,,,,,,,,,,,
1769163814.599827,1769163814.600337,110.0,0.0,4143.333496,4266.538574,4278.333496,4362.820313,4296.666504,4220.128418,4292.820313,4293.461426,4262.436035,4265.897461,4585.769043,4543.077148,4412.94873,4492.692383,0.537549,1.039635,0.363409,0.139847,0.148137,0.560316,0.309766,0.134029,0.077349,0.078937,0.295617,0.456348,0.140297,0.064419,0.098996,0.311355,0.665223,0.225369,0.11631,0.072437,0.142535,0.11025,0.048295,0.027157,0.030521,0.305425,0.051973,0.13183,0.054257,0.058704,0.15648,0.068916,0.060487,0.036355,0.038598,0.672662,0.374746,0.142358,0.140799,0.106315,0.505197,0.428891,0.143311,0.213046,0.116812,0.642581,0.604227,0.267062,0.196021,0.098889,0.68979,0.640265,0.268957,0.139833,0.096428,0.717079,0.780411,0.245711,0.190487,0.127345,1.126312,0.84666,0.256337,0.237256,0.139397,1.339035,1.062268,0.270663,0.138979,0.152939
1769163814.607636,1769163814.608145,111.0,0.0,4140.128418,4263.461426,4276.922852,4360.769043,4295.641113,4216.922852,4290.512695,4292.05127,4260.897461,4265.256348,4586.025879,4539.871582,4409.230957,4490.769043,,,,,,,,,,,,,,,,,,,,,,,,,,,,,,,,,,,,,,,,,,,,,,,,,,,,,,,,,,,,,,,,,,,,,,
1769163814.615444,1769163814.615754,112.0,0.0,4140.641113,4263.077148,4275.256348,4357.563965,4298.717773,4216.538574,4293.974121,4293.461426,4263.589844,4268.333496,4586.025879,4538.974121,4410.769043,4489.615234,,,,,,,,,,,,,,,,,,,,,,,,,,,,,,,,,,,,,,,,,,,,,,,,,,,,,,,,,,,,,,,,,,,,,,
1769163814.623253,1769163814.623562,113.0,0.0,4151.538574,4270.256348,4283.589844,4364.487305,4305.641113,4220.128418,4292.307617,4294.358887,4262.307617,4272.179688,4586.922852,4546.538574,4412.94873,4493.333496,,,,,,,,,,,,,,,,,,,,,,,,,,,,,,,,,,,,,,,,,,,,,,,,,,,,,,,,,,,,,,,,,,,,,,
1769163814.631061,1769163814.631271,114.0,0.0,4158.333496,4275.128418,4296.410156,4368.333496,4305.384766,4218.461426,4287.94873,4293.589844,4262.05127,4267.692383,4586.410156,4555.256348,4414.230957,4499.102539,,,,,,,,,,,,,,,,,,,,,,,,,,,,,,,,,,,,,,,,,,,,,,,,,,,,,,,,,,,,,,,,,,,,,,
1769163814.63887,1769163814.639079,115.0,0.0,4154.230957,4275.769043,4291.410156,4366.025879,4304.230957,4216.538574,4291.794922,4293.717773,4262.563965,4263.717773,4587.05127,4551.282227,4413.589844,4500.256348,,,,,,,,,,,,,,,,,,,,,,,,,,,,,,,,,,,,,,,,,,,,,,,,,,,,,,,,,,,,,,,,,,,,,,
1769163814.646678,1769163814.647087,116.0,0.0,4152.563965,4278.077148,4279.487305,4366.153809,4310.128418,4226.922852,4297.94873,4295.512695,4263.717773,4270.897461,4593.205078,4547.94873,4415.897461,4500.641113,,,,,,,,,,,,,,,,,,,,,,,,,,,,,,,,,,,,,,,,,,,,,,,,,,,,,,,,,,,,,,,,,,,,,,
1769163814.654487,1769163814.654896,117.0,0.0,4155.769043,4278.461426,4284.615234,4364.358887,4311.153809,4233.589844,4292.94873,4297.820313,4274.743652,4280.0,4600.128418,4555.512695,4420.769043,4505.769043,,,,,,,,,,,,,,,,,,,,,,,,,,,,,,,,,,,,,,,,,,,,,,,,,,,,,,,,,,,,,,,,,,,,,,
1769163814.662295,1769163814.662804,118.0,0.0,4155.769043,4274.743652,4292.692383,4362.563965,4305.897461,4220.384766,4284.743652,4295.384766,4280.512695,4278.974121,4601.666504,4559.487305,4420.128418,4509.743652,,,,,,,,,,,,,,,,,,,,,,,,,,,,,,,,,,,,,,,,,,,,,,,,,,,,,,,,,,,,,,,,,,,,,,
1769163814.670103,1769163814.670613,119.0,0.0,4154.358887,4271.538574,4293.333496,4363.974121,4307.179688,4214.230957,4288.333496,4293.589844,4270.384766,4274.487305,4599.871582,4554.487305,4413.846191,4502.820313,,,,,,,,,,,,,,,,,,,,,,,,,,,,,,,,,,,,,,,,,,,,,,,,,,,,,,,,,,,,,,,,,,,,,,
1769163814.677912,1769163814.678621,120.0,0.0,4152.94873,4271.282227,4293.461426,4361.538574,4310.897461,4229.230957,4297.179688,4301.538574,4268.333496,4273.077148,4596.025879,4550.128418,4413.589844,4493.846191,,,,,,,,,,,,,,,,,,,,,,,,,,,,,,,,,,,,,,,,,,,,,,,,,,,,,,,,,,,,,,,,,,,,,,
1769163814.68572,1769163814.686429,121.0,0.0,4152.436035,4268.461426,4291.538574,4357.05127,4309.743652,4231.025879,4296.153809,4304.615234,4273.846191,4270.769043,4590.384766,4549.743652,4419.487305,4491.666504,,,,,,,,,,,,,,,,,,,,,,,,,,,,,,,,,,,,,,,,,,,,,,,,,,,,,,,,,,,,,,,,,,,,,,
1769163814.693529,1769163814.694338,122.0,0.0,4153.461426,4266.025879,4291.282227,4356.153809,4308.846191,4218.846191,4289.230957,4294.743652,4266.282227,4263.589844,4585.512695,4550.897461,4415.512695,4491.282227,,,,,,,,,,,,,,,,,,,,,,,,,,,,,,,,,,,,,,,,,,,,,,,,,,,,,,,,,,,,,,,,,,,,,,
1769163814.701337,1769163814.702146,123.0,0.0,4155.128418,4270.256348,4296.794922,4356.410156,4310.128418,4218.846191,4290.512695,4291.410156,4258.205078,4260.0,4587.05127,4551.282227,4410.897461,4492.436035,,,,,,,,,,,,,,,,,,,,,,,,,,,,,,,,,,,,,,,,,,,,,,,,,,,,,,,,,,,,,,,,,,,,,,
1769163814.709146,1769163814.710154,124.0,0.0,4156.410156,4279.871582,4298.461426,4357.820313,4312.05127,4223.333496,4291.538574,4298.589844,4267.307617,4268.974121,4593.333496,4553.846191,4420.0,4495.0,,,,,,,,,,,,,,,,,,,,,,,,,,,,,,,,,,,,,,,,,,,,,,,,,,,,,,,,,,,,,,,,,,,,,,
1769163814.716954,1769163814.717963,125.0,0.0,4154.615234,4281.025879,4296.538574,4358.589844,4313.974121,4225.0,4286.922852,4298.717773,4278.589844,4278.077148,4593.846191,4554.230957,4424.230957,4495.641113,,,,,,,,,,,,,,,,,,,,,,,,,,,,,,,,,,,,,,,,,,,,,,,,,,,,,,,,,,,,,,,,,,,,,,
1769163814.724763,1769163814.725671,126.0,0.0,4151.153809,4268.974121,4296.794922,4352.05127,4312.563965,4230.0,4290.128418,4294.615234,4276.538574,4274.358887,4586.538574,4545.0,4413.461426,4490.897461,0.571637,1.154413,0.400073,0.132093,0.155078,0.546859,0.311765,0.117841,0.065412,0.075069,0.230321,0.505192,0.141588,0.057568,0.105363,0.31682,0.703491,0.217933,0.101981,0.069146,0.15287,0.119015,0.050949,0.028854,0.031243,0.253738,0.060346,0.119188,0.062618,0.061431,0.171223,0.072031,0.074106,0.042512,0.039877,0.626697,0.360354,0.146675,0.127989,0.093801,0.48389,0.444355,0.157857,0.220918,0.11867,0.613999,0.637015,0.244644,0.186385,0.098996,0.587591,0.701252,0.262441,0.146305,0.109998,0.634404,0.823025,0.230472,0.221759,0.152024,1.106119,0.921206,0.264624,0.236841,0.14108,1.390823,1.224485,0.305912,0.137856,0.179454
1769163814.732571,1769163814.73348,127.0,0.0,4150.128418,4267.179688,4295.512695,4348.461426,4311.153809,4230.384766,4294.230957,4295.0,4268.974121,4273.717773,4582.436035,4537.436035,4408.846191,4487.563965,,,,,,,,,,,,,,,,,,,,,,,,,,,,,,,,,,,,,,,,,,,,,,,,,,,,,,,,,,,,,,,,,,,,,,
1769163814.74038,1769163814.741088,0.0,0.0,4153.333496,4279.487305,4293.974121,4355.128418,4315.384766,4228.846191,4290.897461,4295.897461,4269.230957,4278.461426,4585.641113,4539.871582,4415.0,4490.769043,,,,,,,,,,,,,,,,,,,,,,,,,,,,,,,,,,,,,,,,,,,,,,,,,,,,,,,,,,,,,,,,,,,,,,
1769163814.748188,1769163814.748897,1.0,0.0,4153.461426,4278.974121,4295.769043,4357.05127,4316.666504,4230.384766,4291.025879,4296.922852,4275.384766,4271.282227,4586.410156,4541.153809,4414.615234,4489.230957,,,,,,,,,,,,,,,,,,,,,,,,,,,,,,,,,,,,,,,,,,,,,,,,,,,,,,,,,,,,,,,,,,,,,,
1769163814.755997,1769163814.756605,2.0,0.0,4150.0,4270.0,4296.922852,4350.897461,4310.897461,4222.436035,4292.820313,4293.077148,4270.384766,4261.538574,4579.487305,4536.410156,4410.512695,4480.897461,,,,,,,,,,,,,,,,,,,,,,,,,,,,,,,,,,,,,,,,,,,,,,,,,,,,,,,,,,,,,,,,,,,,,,
1769163814.763805,1769163814.764414,3.0,0.0,4150.384766,4269.743652,4296.282227,4348.205078,4309.358887,4216.538574,4291.153809,4290.0,4262.692383,4264.871582,4577.307617,4536.282227,4411.153809,4475.769043,,,,,,,,,,,,,,,,,,,,,,,,,,,,,,,,,,,,,,,,,,,,,,,,,,,,,,,,,,,,,,,,,,,,,,
1769163814.771613,1769163814.772422,4.0,0.0,4152.436035,4269.487305,4298.205078,4348.589844,4312.436035,4224.615234,4291.538574,4293.461426,4265.0,4267.05127,4581.410156,4539.358887,4413.461426,4476.794922,,,,,,,,,,,,,,,,,,,,,,,,,,,,,,,,,,,,,,,,,,,,,,,,,,,,,,,,,,,,,,,,,,,,,,
1769163814.779422,1769163814.780231,5.0,0.0,4151.666504,4263.589844,4301.282227,4345.384766,4310.769043,4224.871582,4290.769043,4295.128418,4270.512695,4265.897461,4581.153809,4535.769043,4411.666504,4481.153809,,,,,,,,,,,,,,,,,,,,,,,,,,,,,,,,,,,,,,,,,,,,,,,,,,,,,,,,,,,,,,,,,,,,,,
1769163814.78723,1769163814.788139,6.0,0.0,4151.922852,4265.641113,4306.666504,4346.410156,4308.846191,4218.846191,4287.179688,4293.461426,4273.974121,4273.461426,4584.230957,4538.589844,4411.410156,4487.692383,,,,,,,,,,,,,,,,,,,,,,,,,,,,,,,,,,,,,,,,,,,,,,,,,,,,,,,,,,,,,,,,,,,,,,
1769163814.795039,1769163814.795947,7.0,0.0,4156.410156,4268.974121,4313.333496,4354.743652,4311.922852,4227.563965,4289.871582,4294.871582,4276.794922,4279.871582,4594.743652,4553.333496,4414.871582,4494.102539,,,,,,,,,,,,,,,,,,,,,,,,,,,,,,,,,,,,,,,,,,,,,,,,,,,,,,,,,,,,,,,,,,,,,,
1769163814.802847,1769163814.803556,8.0,0.0,4157.94873,4264.871582,4313.846191,4356.153809,4313.077148,4233.717773,4291.538574,4296.666504,4275.769043,4280.769043,4594.102539,4556.025879,4415.897461,4493.974121,,,,,,,,,,,,,,,,,,,,,,,,,,,,,,,,,,,,,,,,,,,,,,,,,,,,,,,,,,,,,,,,,,,,,,
1769163814.810656,1769163814.811364,9.0,0.0,4155.384766,4263.205078,4311.666504,4348.077148,4311.666504,4226.025879,4287.563965,4295.641113,4270.384766,4278.205078,4586.025879,4545.128418,4411.794922,4489.230957,,,,,,,,,,,,,,,,,,,,,,,,,,,,,,,,,,,,,,,,,,,,,,,,,,,,,,,,,,,,,,,,,,,,,,
1769163814.818464,1769163814.819073,10.0,0.0,4152.820313,4263.589844,4314.102539,4341.410156,4310.512695,4225.769043,4288.589844,4297.05127,4265.512695,4268.077148,4585.769043,4539.615234,4406.794922,4481.153809,,,,,,,,,,,,,,,,,,,,,,,,,,,,,,,,,,,,,,,,,,,,,,,,,,,,,,,,,,,,,,,,,,,,,,
1769163814.826273,1769163814.826881,11.0,0.0,4149.358887,4258.205078,4311.922852,4338.974121,4308.717773,4231.538574,4292.563965,4297.563965,4264.743652,4263.589844,4583.974121,4539.615234,4403.974121,4473.589844,,,,,,,,,,,,,,,,,,,,,,,,,,,,,,,,,,,,,,,,,,,,,,,,,,,,,,,,,,,,,,,,,,,,,,
1769163814.834081,1769163814.83489,12.0,0.0,4148.461426,4254.230957,4307.94873,4338.717773,4308.717773,4232.563965,4293.205078,4297.820313,4271.025879,4273.846191,4584.230957,4545.0,4408.333496,4481.666504,,,,,,,,,,,,,,,,,,,,,,,,,,,,,,,,,,,,,,,,,,,,,,,,,,,,,,,,,,,,,,,,,,,,,,
1769163814.84189,1769163814.842698,13.0,0.0,4152.692383,4258.333496,4315.128418,4340.512695,4308.974121,4228.846191,4289.102539,4304.487305,4280.512695,4282.307617,4596.538574,4556.410156,4422.179688,4497.94873,,,,,,,,,,,,,,,,,,,,,,,,,,,,,,,,,,,,,,,,,,,,,,,,,,,,,,,,,,,,,,,,,,,,,,
1769163814.849698,1769163814.850606,14.0,0.0,4155.769043,4262.179688,4322.307617,4343.717773,4303.717773,4221.922852,4282.563965,4308.974121,4280.384766,4280.641113,4602.692383,4559.615234,4431.025879,4504.230957,0.555371,1.155697,0.434879,0.123421,0.162042,0.529746,0.302154,0.106775,0.051692,0.073894,0.216118,0.519658,0.14001,0.053709,0.108884,0.362267,0.67429,0.209611,0.087031,0.063807,0.183416,0.122679,0.056801,0.033255,0.033489,0.207585,0.067769,0.106697,0.074368,0.064215,0.189345,0.077533,0.088679,0.053219,0.042972,0.560349,0.331746,0.152457,0.11609,0.080781,0.444108,0.409204,0.172044,0.216964,0.117071,0.607604,0.610074,0.219508,0.175259,0.094982,0.55372,0.692326,0.239852,0.147385,0.121337,0.662872,0.774254,0.212257,0.244142,0.174252,1.093929,0.897889,0.260591,0.224474,0.141525,1.366794,1.274266,0.33754,0.140898,0.208877
1769163814.857506,1769163814.858415,15.0,0.0,4156.025879,4260.512695,4321.538574,4343.974121,4301.666504,4217.563965,4280.256348,4301.922852,4269.487305,4277.820313,4597.436035,4554.871582,4429.102539,4504.487305,,,,,,,,,,,,,,,,,,,,,,,,,,,,,,,,,,,,,,,,,,,,,,,,,,,,,,,,,,,,,,,,,,,,,,
1769163814.865315,1769163814.866423,16.0,0.0,4155.512695,4258.846191,4321.794922,4342.94873,4306.153809,4219.102539,4280.769043,4293.589844,4262.563965,4274.358887,4598.205078,4555.641113,4427.179688,4506.666504,,,,,,,,,,,,,,,,,,,,,,,,,,,,,,,,,,,,,,,,,,,,,,,,,,,,,,,,,,,,,,,,,,,,,,
1769163814.873123,1769163814.874232,17.0,0.0,4152.436035,4259.487305,4321.666504,4340.897461,4306.410156,4220.256348,4280.384766,4300.384766,4266.666504,4274.743652,4602.307617,4557.692383,4427.692383,4505.897461,,,,,,,,,,,,,,,,,,,,,,,,,,,,,,,,,,,,,,,,,,,,,,,,,,,,,,,,,,,,,,,,,,,,,,
1769163814.880932,1769163814.88214,18.0,0.0,4152.05127,4260.897461,4320.897461,4342.179688,4304.743652,4218.461426,4280.0,4309.358887,4270.512695,4276.666504,4601.153809,4557.563965,4428.333496,4504.743652,,,,,,,,,,,,,,,,,,,,,,,,,,,,,,,,,,,,,,,,,,,,,,,,,,,,,,,,,,,,,,,,,,,,,,
1769163814.88874,1769163814.889948,19.0,0.0,4156.922852,4264.230957,4325.384766,4348.974121,4308.974121,4220.384766,4283.589844,4303.461426,4266.410156,4270.897461,4601.025879,4558.205078,4430.641113,4507.692383,,,,,,,,,,,,,,,,,,,,,,,,,,,,,,,,,,,,,,,,,,,,,,,,,,,,,,,,,,,,,,,,,,,,,,
1769163814.896549,1769163814.897557,20.0,0.0,4157.820313,4265.384766,4327.692383,4349.487305,4311.538574,4225.128418,4286.666504,4294.230957,4260.897461,4264.615234,4600.897461,4558.077148,4431.666504,4507.820313,,,,,,,,,,,,,,,,,,,,,,,,,,,,,,,,,,,,,,,,,,,,,,,,,,,,,,,,,,,,,,,,,,,,,,
1769163814.904357,1769163814.905366,21.0,0.0,4152.563965,4261.666504,4323.717773,4343.205078,4307.563965,4228.333496,4283.974121,4294.615234,4261.922852,4264.230957,4595.512695,4555.512695,4427.820313,4505.897461,,,,,,,,,,,,,,,,,,,,,,,,,,,,,,,,,,,,,,,,,,,,,,,,,,,,,,,,,,,,,,,,,,,,,,
1769163814.912166,1769163814.913274,22.0,0.0,4158.077148,4261.538574,4327.179688,4341.410156,4304.871582,4225.897461,4281.153809,4297.436035,4265.0,4265.897461,4595.384766,4555.384766,4426.794922,4506.922852,,,,,,,,,,,,,,,,,,,,,,,,,,,,,,,,,,,,,,,,,,,,,,,,,,,,,,,,,,,,,,,,,,,,,,
1769163814.919974,1769163814.921082,23.0,0.0,4168.974121,4266.025879,4336.282227,4343.461426,4306.922852,4226.794922,4284.102539,4296.666504,4265.128418,4265.512695,4598.717773,4562.436035,4428.717773,4506.410156,,,,,,,,,,,,,,,,,,,,,,,,,,,,,,,,,,,,,,,,,,,,,,,,,,,,,,,,,,,,,,,,,,,,,,
1769163814.927782,1769163814.928691,24.0,0.0,4165.897461,4266.538574,4339.358887,4343.205078,4310.897461,4231.666504,4285.128418,4295.512695,4263.205078,4264.230957,4597.179688,4565.256348,4428.846191,4504.615234,,,,,,,,,,,,,,,,,,,,,,,,,,,,,,,,,,,,,,,,,,,,,,,,,,,,,,,,,,,,,,,,,,,,,,
1769163814.935591,1769163814.936499,25.0,0.0,4159.743652,4260.897461,4337.820313,4341.794922,4310.128418,4226.794922,4280.641113,4295.512695,4263.974121,4263.205078,4593.333496,4558.205078,4427.436035,4504.230957,,,,,,,,,,,,,,,,,,,,,,,,,,,,,,,,,,,,,,,,,,,,,,,,,,,,,,,,,,,,,,,,,,,,,,
1769163814.943399,1769163814.944208,26.0,0.0,4166.282227,4258.461426,4337.436035,4340.897461,4307.307617,4227.692383,4280.0,4294.230957,4264.615234,4262.179688,4588.589844,4554.358887,4425.641113,4505.897461,,,,,,,,,,,,,,,,,,,,,,,,,,,,,,,,,,,,,,,,,,,,,,,,,,,,,,,,,,,,,,,,,,,,,,
1769163814.951208,1769163814.952016,27.0,0.0,4173.589844,4262.05127,4340.128418,4340.512695,4310.641113,4232.563965,4282.692383,4293.461426,4263.461426,4262.563965,4587.563965,4556.153809,4426.410156,4507.94873,,,,,,,,,,,,,,,,,,,,,,,,,,,,,,,,,,,,,,,,,,,,,,,,,,,,,,,,,,,,,,,,,,,,,,
1769163814.959016,1769163814.959625,28.0,0.0,4171.794922,4266.538574,4342.692383,4343.077148,4313.077148,4222.563965,4280.384766,4292.563965,4264.102539,4264.487305,4592.820313,4556.025879,4429.487305,4508.846191,,,,,,,,,,,,,,,,,,,,,,,,,,,,,,,,,,,,,,,,,,,,,,,,,,,,,,,,,,,,,,,,,,,,,,
1769163814.966825,1769163814.967434,29.0,0.0,4171.794922,4263.717773,4341.922852,4344.615234,4311.538574,4217.820313,4278.717773,4292.307617,4264.615234,4265.0,4594.230957,4555.897461,4425.256348,4508.974121,,,,,,,,,,,,,,,,,,,,,,,,,,,,,,,,,,,,,,,,,,,,,,,,,,,,,,,,,,,,,,,,,,,,,,
1769163814.974633,1769163814.975342,30.0,0.0,4171.025879,4254.102539,4339.615234,4342.94873,4311.794922,4230.641113,4282.563965,4294.615234,4262.563965,4262.820313,4587.436035,4555.769043,4414.487305,4502.692383,0.537821,1.043775,0.462826,0.115483,0.168985,0.533481,0.293945,0.106108,0.038878,0.074796,0.242725,0.491401,0.13401,0.054339,0.110643,0.409285,0.594879,0.201471,0.073448,0.057279,0.244841,0.121997,0.063749,0.039877,0.038017,0.172416,0.073561,0.099655,0.089092,0.067515,0.198316,0.081246,0.09832,0.0663,0.047171,0.476652,0.289664,0.15671,0.10435,0.069783,0.391237,0.3356,0.187788,0.202502,0.111899,0.616792,0.539178,0.202223,0.167459,0.090134,0.562236,0.614584,0.208062,0.141422,0.12619,0.773922,0.645962,0.192267,0.248806,0.190882,1.074374,0.792324,0.244432,0.198701,0.138183,1.27432,1.223699,0.367583,0.146595,0.2347
1769163814.982442,1769163814.98315,31.0,0.0,4167.307617,4249.743652,4339.615234,4340.384766,4313.846191,4234.743652,4288.974121,4296.922852,4263.077148,4264.358887,4585.512695,4553.589844,4410.512695,4493.205078,,,,,,,,,,,,,,,,,,,,,,,,,,,,,,,,,,,,,,,,,,,,,,,,,,,,,,,,,,,,,,,,,,,,,,
1769163814.99025,1769163814.991159,32.0,0.0,4167.05127,4250.641113,4340.641113,4338.846191,4313.077148,4230.641113,4292.436035,4295.769043,4265.256348,4266.282227,4587.307617,4552.820313,4412.307617,4491.282227,,,,,,,,,,,,,,,,,,,,,,,,,,,,,,,,,,,,,,,,,,,,,,,,,,,,,,,,,,,,,,,,,,,,,,
1769163814.998058,1769163814.998967,33.0,0.0,4164.487305,4250.384766,4340.512695,4336.153809,4310.512695,4234.102539,4287.692383,4295.769043,4263.589844,4264.871582,4586.282227,4552.307617,4410.897461,4492.05127,,,,,,,,,,,,,,,,,,,,,,,,,,,,,,,,,,,,,,,,,,,,,,,,,,,,,,,,,,,,,,,,,,,,,,
1769163815.005867,1769163815.006676,34.0,0.0,4161.794922,4253.205078,4342.179688,4333.077148,4313.974121,4235.128418,4283.333496,4298.205078,4262.307617,4265.512695,4586.538574,4552.820313,4409.871582,4490.512695,,,,,,,,,,,,,,,,,,,,,,,,,,,,,,,,,,,,,,,,,,,,,,,,,,,,,,,,,,,,,,,,,,,,,,
1769163815.013675,1769163815.014484,35.0,0.0,4166.410156,4260.256348,4343.974121,4335.384766,4320.384766,4234.358887,4287.05127,4298.077148,4263.589844,4265.512695,4587.692383,4549.358887,4411.666504,4493.333496,,,,,,,,,,,,,,,,,,,,,,,,,,,,,,,,,,,,,,,,,,,,,,,,,,,,,,,,,,,,,,,,,,,,,,
1769163815.021484,1769163815.022093,36.0,0.0,4171.538574,4264.230957,4345.641113,4340.128418,4320.769043,4236.922852,4287.436035,4296.025879,4263.589844,4262.05127,4587.05127,4541.538574,4411.794922,4496.538574,,,,,,,,,,,,,,,,,,,,,,,,,,,,,,,,,,,,,,,,,,,,,,,,,,,,,,,,,,,,,,,,,,,,,,
1769163815.029292,1769163815.029901,37.0,0.0,4168.333496,4264.615234,4347.563965,4341.922852,4319.871582,4233.333496,4280.0,4294.358887,4262.307617,4262.94873,4586.666504,4538.461426,4412.179688,4492.179688,,,,,,,,,,,,,,,,,,,,,,,,,,,,,,,,,,,,,,,,,,,,,,,,,,,,,,,,,,,,,,,,,,,,,,
1769163815.037101,1769163815.037809,38.0,0.0,4165.512695,4264.871582,4349.743652,4339.230957,4321.922852,4233.717773,4278.846191,4294.358887,4262.179688,4263.333496,4587.436035,4540.384766,4413.461426,4490.128418,,,,,,,,,,,,,,,,,,,,,,,,,,,,,,,,,,,,,,,,,,,,,,,,,,,,,,,,,,,,,,,,,,,,,,
1769163815.044909,1769163815.045618,39.0,0.0,4168.205078,4263.333496,4353.077148,4335.512695,4322.179688,4240.0,4283.333496,4297.05127,4262.94873,4255.256348,4586.666504,4540.256348,4412.179688,4493.077148,,,,,,,,,,,,,,,,,,,,,,,,,,,,,,,,,,,,,,,,,,,,,,,,,,,,,,,,,,,,,,,,,,,,,,
1769163815.052718,1769163815.053626,40.0,0.0,4170.256348,4263.077148,4357.179688,4336.538574,4321.666504,4238.589844,4283.589844,4297.563965,4262.05127,4249.743652,4585.384766,4540.0,4410.897461,4492.692383,,,,,,,,,,,,,,,,,,,,,,,,,,,,,,,,,,,,,,,,,,,,,,,,,,,,,,,,,,,,,,,,,,,,,,
1769163815.060526,1769163815.061435,41.0,0.0,4170.769043,4262.563965,4358.717773,4338.589844,4320.256348,4233.589844,4280.769043,4294.615234,4260.256348,4251.538574,4585.128418,4541.025879,4410.769043,4488.717773,,,,,,,,,,,,,,,,,,,,,,,,,,,,,,,,,,,,,,,,,,,,,,,,,,,,,,,,,,,,,,,,,,,,,,
1769163815.068335,1769163815.069343,42.0,0.0,4170.128418,4257.179688,4358.846191,4333.077148,4314.358887,4231.153809,4276.282227,4295.0,4262.692383,4251.538574,4584.743652,4539.871582,4410.384766,4488.846191,,,,,,,,,,,,,,,,,,,,,,,,,,,,,,,,,,,,,,,,,,,,,,,,,,,,,,,,,,,,,,,,,,,,,,
1769163815.076143,1769163815.077151,43.0,0.0,4168.205078,4252.692383,4359.230957,4326.410156,4311.153809,4232.692383,4275.641113,4295.0,4263.974121,4251.153809,4584.871582,4540.897461,4410.897461,4493.717773,,,,,,,,,,,,,,,,,,,,,,,,,,,,,,,,,,,,,,,,,,,,,,,,,,,,,,,,,,,,,,,,,,,,,,
1769163815.083952,1769163815.08506,44.0,0.0,4165.128418,4248.974121,4359.615234,4327.179688,4312.692383,4238.461426,4280.256348,4289.743652,4258.205078,4250.0,4585.384766,4541.794922,4411.666504,4490.769043,,,,,,,,,,,,,,,,,,,,,,,,,,,,,,,,,,,,,,,,,,,,,,,,,,,,,,,,,,,,,,,,,,,,,,
1769163815.09176,1769163815.092868,45.0,0.0,4165.128418,4245.512695,4361.153809,4331.538574,4311.538574,4239.615234,4282.05127,4290.769043,4256.666504,4247.692383,4584.230957,4540.128418,4410.256348,4483.589844,,,,,,,,,,,,,,,,,,,,,,,,,,,,,,,,,,,,,,,,,,,,,,,,,,,,,,,,,,,,,,,,,,,,,,
1769163815.099568,1769163815.100577,46.0,0.0,4170.769043,4250.769043,4365.897461,4337.563965,4310.641113,4231.153809,4277.563965,4295.512695,4263.846191,4254.871582,4585.0,4544.102539,4411.025879,4488.077148,0.474211,0.861278,0.475078,0.109341,0.174467,0.582856,0.301777,0.117609,0.030687,0.078102,0.297029,0.427,0.125695,0.059621,0.112087,0.45173,0.496861,0.193851,0.064014,0.05134,0.33847,0.121084,0.07019,0.046945,0.044636,0.158266,0.081867,0.102185,0.105436,0.073562,0.190086,0.080756,0.1019,0.078662,0.052395,0.382031,0.237399,0.158419,0.09412,0.062682,0.329541,0.249419,0.20716,0.184105,0.106474,0.618806,0.446759,0.20866,0.167205,0.088045,0.590737,0.489929,0.183331,0.130775,0.122328,0.931175,0.475484,0.175316,0.236206,0.20029,1.023175,0.645104,0.222403,0.163623,0.13087,1.164791,1.113247,0.402253,0.154954,0.24992
1769163815.107377,1769163815.108385,47.0,0.0,4173.461426,4256.666504,4369.871582,4341.666504,4313.333496,4228.589844,4276.922852,4292.820313,4266.153809,4264.358887,4592.692383,4552.05127,4415.769043,4495.384766,,,,,,,,,,,,,,,,,,,,,,,,,,,,,,,,,,,,,,,,,,,,,,,,,,,,,,,,,,,,,,,,,,,,,,
1769163815.115185,1769163815.115994,48.0,0.0,4169.743652,4252.307617,4367.307617,4337.179688,4313.333496,4236.794922,4282.94873,4290.384766,4264.358887,4262.692383,4597.820313,4554.615234,4420.384766,4492.307617,,,,,,,,,,,,,,,,,,,,,,,,,,,,,,,,,,,,,,,,,,,,,,,,,,,,,,,,,,,,,,,,,,,,,,
1769163815.122994,1769163815.123802,49.0,0.0,4168.461426,4249.615234,4365.256348,4334.102539,4311.025879,4235.256348,4281.922852,4294.871582,4264.487305,4261.666504,4597.179688,4552.820313,4419.487305,4489.358887,,,,,,,,,,,,,,,,,,,,,,,,,,,,,,,,,,,,,,,,,,,,,,,,,,,,,,,,,,,,,,,,,,,,,,
1769163815.130802,1769163815.131511,50.0,0.0,4172.307617,4252.436035,4371.153809,4336.794922,4311.410156,4231.153809,4276.794922,4296.538574,4266.025879,4265.897461,4596.282227,4554.743652,4415.128418,4491.794922,,,,,,,,,,,,,,,,,,,,,,,,,,,,,,,,,,,,,,,,,,,,,,,,,,,,,,,,,,,,,,,,,,,,,,
1769163815.138611,1769163815.139319,51.0,0.0,4172.820313,4251.794922,4375.384766,4335.128418,4311.282227,4241.538574,4280.384766,4294.743652,4271.282227,4265.256348,4594.358887,4555.0,4411.794922,4489.487305,,,,,,,,,,,,,,,,,,,,,,,,,,,,,,,,,,,,,,,,,,,,,,,,,,,,,,,,,,,,,,,,,,,,,,
1769163815.146419,1769163815.146928,52.0,0.0,4168.461426,4253.333496,4373.846191,4332.179688,4311.538574,4249.615234,4283.846191,4294.487305,4276.922852,4262.436035,4592.820313,4550.128418,4413.205078,4487.05127,,,,,,,,,,,,,,,,,,,,,,,,,,,,,,,,,,,,,,,,,,,,,,,,,,,,,,,,,,,,,,,,,,,,,,
1769163815.154228,1769163815.154736,53.0,0.0,4169.871582,4260.384766,4371.922852,4337.436035,4316.794922,4242.820313,4278.589844,4293.333496,4275.641113,4263.205078,4594.743652,4551.282227,4416.410156,4489.615234,,,,,,,,,,,,,,,,,,,,,,,,,,,,,,,,,,,,,,,,,,,,,,,,,,,,,,,,,,,,,,,,,,,,,,
1769163815.162036,1769163815.162445,54.0,0.0,4177.179688,4264.230957,4376.282227,4340.769043,4320.897461,4240.256348,4277.05127,4293.077148,4273.717773,4263.205078,4597.436035,4553.333496,4417.179688,4485.641113,,,,,,,,,,,,,,,,,,,,,,,,,,,,,,,,,,,,,,,,,,,,,,,,,,,,,,,,,,,,,,,,,,,,,,
1769163815.169845,1769163815.170253,55.0,0.0,4179.615234,4263.846191,4378.846191,4333.717773,4320.641113,4248.717773,4281.410156,4291.538574,4271.794922,4262.563965,4595.641113,4544.743652,4416.410156,4478.333496,,,,,,,,,,,,,,,,,,,,,,,,,,,,,,,,,,,,,,,,,,,,,,,,,,,,,,,,,,,,,,,,,,,,,,
1769163815.177653,1769163815.178262,56.0,0.0,4180.512695,4262.307617,4379.743652,4331.025879,4322.179688,4246.410156,4278.205078,4287.436035,4264.358887,4263.461426,4589.487305,4537.179688,4416.282227,4483.077148,,,,,,,,,,,,,,,,,,,,,,,,,,,,,,,,,,,,,,,,,,,,,,,,,,,,,,,,,,,,,,,,,,,,,,
1769163815.185461,1769163815.18607,57.0,0.0,4192.820313,4267.94873,4388.717773,4339.487305,4324.102539,4238.077148,4274.358887,4289.487305,4265.384766,4265.384766,4586.538574,4540.256348,4419.358887,4492.307617,,,,,,,,,,,,,,,,,,,,,,,,,,,,,,,,,,,,,,,,,,,,,,,,,,,,,,,,,,,,,,,,,,,,,,
1769163815.19327,1769163815.193978,58.0,0.0,4199.871582,4276.538574,4394.615234,4344.230957,4322.563965,4239.615234,4278.077148,4295.512695,4277.436035,4265.128418,4588.846191,4541.282227,4419.358887,4491.153809,,,,,,,,,,,,,,,,,,,,,,,,,,,,,,,,,,,,,,,,,,,,,,,,,,,,,,,,,,,,,,,,,,,,,,
1769163815.201078,1769163815.201787,59.0,0.0,4188.589844,4273.846191,4389.102539,4342.05127,4323.205078,4244.358887,4278.974121,4296.025879,4280.641113,4265.0,4590.897461,4537.436035,4419.102539,4486.538574,,,,,,,,,,,,,,,,,,,,,,,,,,,,,,,,,,,,,,,,,,,,,,,,,,,,,,,,,,,,,,,,,,,,,,
1769163815.208887,1769163815.209395,60.0,0.0,4185.641113,4264.358887,4385.641113,4341.538574,4323.461426,4246.666504,4278.077148,4294.487305,4275.641113,4264.615234,4589.487305,4538.333496,4420.256348,4483.974121,,,,,,,,,,,,,,,,,,,,,,,,,,,,,,,,,,,,,,,,,,,,,,,,,,,,,,,,,,,,,,,,,,,,,,
1769163815.216695,1769163815.217204,61.0,0.0,4194.615234,4263.077148,4390.512695,4341.410156,4319.487305,4247.94873,4278.846191,4295.128418,4274.230957,4261.282227,4587.05127,4538.461426,4416.794922,4479.871582,,,,,,,,,,,,,,,,,,,,,,,,,,,,,,,,,,,,,,,,,,,,,,,,,,,,,,,,,,,,,,,,,,,,,,
1769163815.224504,1769163815.224912,62.0,0.0,4191.666504,4264.487305,4392.307617,4340.384766,4321.922852,4248.077148,4276.538574,4294.743652,4275.256348,4261.153809,4585.128418,4536.922852,4412.563965,4479.615234,0.401245,0.66157,0.462677,0.104541,0.176145,0.671747,0.332704,0.140377,0.029351,0.084071,0.367398,0.342566,0.118129,0.067962,0.113922,0.463194,0.411734,0.186494,0.061466,0.047633,0.4524,0.123108,0.075292,0.051995,0.05208,0.163534,0.101943,0.114584,0.121488,0.085055,0.166532,0.07792,0.101599,0.087524,0.058585,0.294744,0.181733,0.156582,0.086766,0.060491,0.268041,0.175072,0.230707,0.170758,0.104907,0.610163,0.353859,0.247233,0.17615,0.090521,0.639737,0.354564,0.178895,0.120907,0.110641,1.114724,0.312134,0.166475,0.21541,0.202053,0.97505,0.504243,0.202679,0.128395,0.121513,1.107099,0.98983,0.446351,0.168929,0.24964
1769163815.232312,1769163815.232721,63.0,0.0,4183.589844,4261.538574,4392.820313,4340.384766,4326.410156,4246.282227,4275.641113,4294.230957,4272.563965,4260.641113,4586.153809,4535.769043,4413.077148,4480.641113,,,,,,,,,,,,,,,,,,,,,,,,,,,,,,,,,,,,,,,,,,,,,,,,,,,,,,,,,,,,,,,,,,,,,,
1769163815.240121,1769163815.240729,64.0,0.0,4186.153809,4261.410156,4396.794922,4337.436035,4323.461426,4249.487305,4277.692383,4293.974121,4266.666504,4253.589844,4580.641113,4530.256348,4411.025879,4475.128418,,,,,,,,,,,,,,,,,,,,,,,,,,,,,,,,,,,,,,,,,,,,,,,,,,,,,,,,,,,,,,,,,,,,,,
1769163815.247929,1769163815.248538,65.0,0.0,4187.692383,4263.333496,4397.05127,4333.461426,4319.102539,4248.333496,4270.897461,4290.641113,4263.333496,4249.615234,4572.307617,4531.922852,4405.641113,4476.922852,,,,,,,,,,,,,,,,,,,,,,,,,,,,,,,,,,,,,,,,,,,,,,,,,,,,,,,,,,,,,,,,,,,,,,
1769163815.255737,1769163815.256446,66.0,0.0,4187.692383,4260.384766,4396.282227,4337.179688,4319.871582,4237.05127,4262.436035,4285.769043,4264.871582,4251.666504,4575.256348,4538.461426,4409.743652,4487.179688,,,,,,,,,,,,,,,,,,,,,,,,,,,,,,,,,,,,,,,,,,,,,,,,,,,,,,,,,,,,,,,,,,,,,,
1769163815.263546,1769163815.264254,67.0,0.0,4197.94873,4264.487305,4401.153809,4344.102539,4319.487305,4234.743652,4264.615234,4281.153809,4264.871582,4250.769043,4577.307617,4531.794922,4412.05127,4483.717773,,,,,,,,,,,,,,,,,,,,,,,,,,,,,,,,,,,,,,,,,,,,,,,,,,,,,,,,,,,,,,,,,,,,,,
1769163815.271354,1769163815.272263,68.0,0.0,4208.205078,4276.794922,4411.153809,4345.641113,4318.974121,4243.589844,4265.897461,4277.05127,4263.077148,4250.128418,4574.615234,4526.794922,4406.153809,4476.666504,,,,,,,,,,,,,,,,,,,,,,,,,,,,,,,,,,,,,,,,,,,,,,,,,,,,,,,,,,,,,,,,,,,,,,
1769163815.279163,1769163815.280071,69.0,0.0,4205.897461,4274.102539,4411.666504,4342.436035,4318.974121,4246.794922,4263.717773,4278.077148,4268.077148,4252.05127,4579.871582,4536.410156,4406.538574,4483.717773,,,,,,,,,,,,,,,,,,,,,,,,,,,,,,,,,,,,,,,,,,,,,,,,,,,,,,,,,,,,,,,,,,,,,,
1769163815.286971,1769163815.28778,70.0,0.0,4199.743652,4261.410156,4404.358887,4340.384766,4314.615234,4246.153809,4265.512695,4282.94873,4273.205078,4250.641113,4584.230957,4539.871582,4411.410156,4490.256348,,,,,,,,,,,,,,,,,,,,,,,,,,,,,,,,,,,,,,,,,,,,,,,,,,,,,,,,,,,,,,,,,,,,,,
1769163815.29478,1769163815.295588,71.0,0.0,4202.563965,4262.820313,4407.307617,4342.307617,4312.94873,4247.94873,4266.538574,4283.461426,4274.102539,4251.410156,4583.717773,4533.846191,4413.589844,4487.436035,,,,,,,,,,,,,,,,,,,,,,,,,,,,,,,,,,,,,,,,,,,,,,,,,,,,,,,,,,,,,,,,,,,,,,
1769163815.302588,1769163815.303197,72.0,0.0,4204.743652,4267.563965,4413.974121,4341.922852,4318.717773,4245.641113,4264.102539,4279.743652,4271.410156,4253.333496,4582.179688,4533.589844,4410.384766,4481.922852,,,,,,,,,,,,,,,,,,,,,,,,,,,,,,,,,,,,,,,,,,,,,,,,,,,,,,,,,,,,,,,,,,,,,,
1769163815.310397,1769163815.311005,73.0,0.0,4200.512695,4262.179688,4411.666504,4336.922852,4320.641113,4243.974121,4264.230957,4279.615234,4270.256348,4250.641113,4576.282227,4534.358887,4404.871582,4478.333496,,,,,,,,,,,,,,,,,,,,,,,,,,,,,,,,,,,,,,,,,,,,,,,,,,,,,,,,,,,,,,,,,,,,,,
1769163815.318205,1769163815.318714,74.0,0.0,4200.384766,4259.358887,4408.974121,4333.846191,4318.077148,4248.974121,4267.692383,4282.05127,4273.077148,4248.846191,4573.717773,4535.384766,4404.871582,4482.436035,,,,,,,,,,,,,,,,,,,,,,,,,,,,,,,,,,,,,,,,,,,,,,,,,,,,,,,,,,,,,,,,,,,,,,
1769163815.326013,1769163815.326522,75.0,0.0,4205.128418,4263.205078,4413.461426,4337.820313,4320.384766,4248.717773,4267.563965,4281.282227,4276.410156,4251.922852,4583.974121,4541.282227,4413.461426,4492.436035,,,,,,,,,,,,,,,,,,,,,,,,,,,,,,,,,,,,,,,,,,,,,,,,,,,,,,,,,,,,,,,,,,,,,,
1769163815.333822,1769163815.334131,76.0,0.0,4202.94873,4262.307617,4414.102539,4340.0,4318.717773,4245.128418,4265.512695,4278.846191,4273.333496,4252.692383,4586.282227,4541.025879,4411.025879,4492.563965,,,,,,,,,,,,,,,,,,,,,,,,,,,,,,,,,,,,,,,,,,,,,,,,,,,,,,,,,,,,,,,,,,,,,,
1769163815.34163,1769163815.341939,77.0,0.0,4201.794922,4259.487305,4412.692383,4336.794922,4309.358887,4246.538574,4265.641113,4277.436035,4265.0,4248.589844,4578.846191,4537.307617,4398.205078,4487.563965,,,,,,,,,,,,,,,,,,,,,,,,,,,,,,,,,,,,,,,,,,,,,,,,,,,,,,,,,,,,,,,,,,,,,,
1769163815.349439,1769163815.349648,78.0,0.0,4211.922852,4261.025879,4420.897461,4337.179688,4307.820313,4249.230957,4265.384766,4277.05127,4263.717773,4248.205078,4580.769043,4539.102539,4401.538574,4491.025879,0.336308,0.490864,0.42225,0.100176,0.172327,0.797445,0.38189,0.169363,0.03567,0.091872,0.430571,0.258534,0.1146,0.076825,0.115529,0.454487,0.354602,0.181058,0.067439,0.046765,0.564126,0.128046,0.079018,0.052879,0.058409,0.194761,0.141671,0.133991,0.135031,0.10303,0.13965,0.077028,0.101225,0.091037,0.065389,0.236885,0.13238,0.150052,0.082827,0.063094,0.222798,0.125752,0.256112,0.168865,0.108594,0.598432,0.275818,0.313934,0.191413,0.096649,0.740291,0.244521,0.199965,0.117595,0.094692,1.319739,0.194473,0.172306,0.199111,0.196454,0.965089,0.406366,0.193025,0.102793,0.112444,1.141019,0.882497,0.49971,0.191426,0.233313
1769163815.357247,1769163815.357456,79.0,0.0,4219.230957,4265.384766,4429.743652,4342.692383,4312.436035,4247.307617,4263.333496,4277.179688,4266.538574,4251.153809,4586.666504,4542.307617,4411.794922,4495.384766,,,,,,,,,,,,,,,,,,,,,,,,,,,,,,,,,,,,,,,,,,,,,,,,,,,,,,,,,,,,,,,,,,,,,,
1769163815.365056,1769163815.365464,80.0,0.0,4215.128418,4265.0,4427.820313,4341.538574,4311.282227,4245.128418,4262.94873,4277.05127,4264.102539,4250.0,4582.179688,4540.256348,4406.153809,4490.769043,,,,,,,,,,,,,,,,,,,,,,,,,,,,,,,,,,,,,,,,,,,,,,,,,,,,,,,,,,,,,,,,,,,,,,
1769163815.372864,1769163815.373273,81.0,0.0,4212.307617,4261.410156,4423.846191,4334.230957,4309.358887,4249.102539,4265.897461,4277.307617,4261.666504,4247.692383,4577.820313,4537.563965,4396.538574,4480.897461,,,,,,,,,,,,,,,,,,,,,,,,,,,,,,,,,,,,,,,,,,,,,,,,,,,,,,,,,,,,,,,,,,,,,,
1769163815.380673,1769163815.381181,82.0,0.0,4216.538574,4262.563965,4428.974121,4336.410156,4312.05127,4252.05127,4268.077148,4277.820313,4265.384766,4249.615234,4581.153809,4541.025879,4399.487305,4478.333496,,,,,,,,,,,,,,,,,,,,,,,,,,,,,,,,,,,,,,,,,,,,,,,,,,,,,,,,,,,,,,,,,,,,,,
1769163815.388481,1769163815.38899,83.0,0.0,4220.256348,4266.282227,4435.897461,4343.461426,4312.94873,4247.563965,4265.128418,4278.205078,4268.846191,4251.282227,4579.102539,4543.974121,4402.820313,4479.358887,,,,,,,,,,,,,,,,,,,,,,,,,,,,,,,,,,,,,,,,,,,,,,,,,,,,,,,,,,,,,,,,,,,,,,
1769163815.39629,1769163815.396998,84.0,0.0,4219.615234,4265.0,4433.077148,4342.94873,4312.179688,4246.153809,4261.025879,4278.077148,4266.538574,4248.717773,4569.743652,4537.94873,4397.692383,4474.230957,,,,,,,,,,,,,,,,,,,,,,,,,,,,,,,,,,,,,,,,,,,,,,,,,,,,,,,,,,,,,,,,,,,,,,
1769163815.404098,1769163815.404806,85.0,0.0,4215.897461,4262.179688,4426.922852,4340.256348,4311.922852,4250.512695,4261.538574,4277.436035,4264.615234,4247.563965,4568.205078,4532.692383,4395.512695,4471.153809,,,,,,,,,,,,,,,,,,,,,,,,,,,,,,,,,,,,,,,,,,,,,,,,,,,,,,,,,,,,,,,,,,,,,,
1769163815.411907,1769163815.412515,86.0,0.0,4213.974121,4261.666504,4433.461426,4339.615234,4309.358887,4251.666504,4262.820313,4278.077148,4266.666504,4249.871582,4573.077148,4537.436035,4397.820313,4475.256348,,,,,,,,,,,,,,,,,,,,,,,,,,,,,,,,,,,,,,,,,,,,,,,,,,,,,,,,,,,,,,,,,,,,,,
1769163815.419715,1769163815.420323,87.0,0.0,4223.717773,4262.179688,4440.897461,4338.205078,4307.563965,4250.641113,4262.179688,4279.743652,4267.307617,4247.05127,4571.922852,4539.743652,4397.307617,4477.436035,,,,,,,,,,,,,,,,,,,,,,,,,,,,,,,,,,,,,,,,,,,,,,,,,,,,,,,,,,,,,,,,,,,,,,
1769163815.427523,1769163815.428332,88.0,0.0,4231.666504,4265.256348,4433.717773,4337.563965,4309.615234,4251.153809,4262.436035,4279.102539,4266.666504,4246.153809,4568.077148,4534.615234,4395.897461,4475.641113,,,,,,,,,,,,,,,,,,,,,,,,,,,,,,,,,,,,,,,,,,,,,,,,,,,,,,,,,,,,,,,,,,,,,,
1769163815.435332,1769163815.43614,89.0,0.0,4225.897461,4268.077148,4428.333496,4338.205078,4312.563965,4249.615234,4262.179688,4277.05127,4271.538574,4254.230957,4571.025879,4537.436035,4400.384766,4476.922852,,,,,,,,,,,,,,,,,,,,,,,,,,,,,,,,,,,,,,,,,,,,,,,,,,,,,,,,,,,,,,,,,,,,,,
1769163815.44314,1769163815.444048,90.0,0.0,4223.333496,4266.282227,4435.128418,4336.538574,4311.794922,4248.205078,4262.563965,4278.333496,4276.410156,4257.436035,4575.384766,4544.871582,4405.897461,4479.487305,,,,,,,,,,,,,,,,,,,,,,,,,,,,,,,,,,,,,,,,,,,,,,,,,,,,,,,,,,,,,,,,,,,,,,
1769163815.450949,1769163815.451857,91.0,0.0,4230.641113,4264.615234,4442.307617,4337.820313,4310.769043,4250.512695,4261.282227,4279.743652,4275.384766,4251.538574,4572.820313,4541.794922,4404.871582,4478.717773,,,,,,,,,,,,,,,,,,,,,,,,,,,,,,,,,,,,,,,,,,,,,,,,,,,,,,,,,,,,,,,,,,,,,,
1769163815.458757,1769163815.459865,92.0,0.0,4235.641113,4267.820313,4441.410156,4342.94873,4315.512695,4249.743652,4257.692383,4279.871582,4274.615234,4250.256348,4571.538574,4538.974121,4404.615234,4478.846191,,,,,,,,,,,,,,,,,,,,,,,,,,,,,,,,,,,,,,,,,,,,,,,,,,,,,,,,,,,,,,,,,,,,,,
1769163815.466566,1769163815.467674,93.0,0.0,4231.410156,4268.974121,4437.563965,4341.666504,4321.153809,4249.358887,4258.077148,4281.025879,4279.230957,4253.717773,4575.641113,4541.410156,4407.179688,4479.743652,,,,,,,,,,,,,,,,,,,,,,,,,,,,,,,,,,,,,,,,,,,,,,,,,,,,,,,,,,,,,,,,,,,,,,
1769163815.474374,1769163815.475382,94.0,0.0,4223.333496,4264.487305,4433.077148,4335.384766,4316.538574,4256.025879,4262.692383,4280.128418,4278.205078,4251.025879,4567.820313,4533.077148,4399.615234,4470.512695,0.302472,0.374082,0.365253,0.096055,0.163077,0.92745,0.435934,0.202381,0.049363,0.099636,0.472891,0.192145,0.117481,0.084623,0.115371,0.418979,0.32333,0.182012,0.082384,0.048308,0.664211,0.133089,0.083109,0.049241,0.061882,0.235466,0.199454,0.157714,0.143252,0.125786,0.125491,0.08089,0.104093,0.088712,0.072105,0.218397,0.096363,0.136676,0.081946,0.069058,0.199723,0.10282,0.277351,0.179456,0.115306,0.600574,0.223987,0.391384,0.206085,0.103177,0.88958,0.177719,0.239318,0.123962,0.07879,1.530537,0.135348,0.192888,0.19526,0.184049,1.012838,0.358054,0.198023,0.093044,0.104784,1.252711,0.787371,0.55634,0.221668,0.205021
1769163815.482183,1769163815.483191,95.0,0.0,4224.230957,4262.692383,4430.384766,4336.282227,4310.769043,4262.692383,4263.589844,4277.692383,4266.922852,4243.589844,4552.05127,4518.846191,4387.05127,4457.820313,,,,,,,,,,,,,,,,,,,,,,,,,,,,,,,,,,,,,,,,,,,,,,,,,,,,,,,,,,,,,,,,,,,,,,
1769163815.489991,1769163815.490799,96.0,0.0,4233.077148,4268.205078,4430.897461,4339.358887,4316.282227,4262.05127,4261.410156,4276.538574,4262.820313,4241.025879,4549.487305,4518.589844,4386.794922,4457.820313,,,,,,,,,,,,,,,,,,,,,,,,,,,,,,,,,,,,,,,,,,,,,,,,,,,,,,,,,,,,,,,,,,,,,,
1769163815.4978,1769163815.498608,97.0,0.0,4229.230957,4266.794922,4429.871582,4333.333496,4320.256348,4257.94873,4260.256348,4278.077148,4272.94873,4244.358887,4555.128418,4523.461426,4391.410156,4462.563965,,,,,,,,,,,,,,,,,,,,,,,,,,,,,,,,,,,,,,,,,,,,,,,,,,,,,,,,,,,,,,,,,,,,,,
1769163815.505608,1769163815.506516,98.0,0.0,4212.179688,4253.461426,4425.512695,4323.846191,4314.615234,4259.743652,4262.692383,4283.974121,4281.410156,4249.358887,4556.025879,4521.153809,4387.820313,4458.205078,,,,,,,,,,,,,,,,,,,,,,,,,,,,,,,,,,,,,,,,,,,,,,,,,,,,,,,,,,,,,,,,,,,,,,
1769163815.513416,1769163815.514324,99.0,0.0,4215.512695,4249.230957,4429.871582,4323.717773,4310.897461,4266.794922,4266.153809,4289.487305,4279.230957,4253.717773,4560.384766,4526.538574,4387.820313,4460.128418,,,,,,,,,,,,,,,,,,,,,,,,,,,,,,,,,,,,,,,,,,,,,,,,,,,,,,,,,,,,,,,,,,,,,,
1769163815.521225,1769163815.521933,100.0,0.0,4239.358887,4266.025879,4444.487305,4334.871582,4311.410156,4261.794922,4262.05127,4286.666504,4278.717773,4261.410156,4570.256348,4539.743652,4398.333496,4474.230957,,,,,,,,,,,,,,,,,,,,,,,,,,,,,,,,,,,,,,,,,,,,,,,,,,,,,,,,,,,,,,,,,,,,,,
1769163815.529033,1769163815.529742,101.0,0.0,4252.820313,4278.333496,4448.717773,4344.102539,4311.153809,4248.461426,4257.563965,4280.512695,4281.794922,4262.436035,4572.692383,4541.794922,4405.384766,4480.384766,,,,,,,,,,,,,,,,,,,,,,,,,,,,,,,,,,,,,,,,,,,,,,,,,,,,,,,,,,,,,,,,,,,,,,
1769163815.536842,1769163815.53745,102.0,0.0,4250.0,4271.922852,4443.846191,4342.563965,4312.692383,4253.717773,4258.077148,4278.846191,4277.563965,4254.102539,4570.897461,4539.230957,4402.179688,4476.794922,,,,,,,,,,,,,,,,,,,,,,,,,,,,,,,,,,,,,,,,,,,,,,,,,,,,,,,,,,,,,,,,,,,,,,
1769163815.54465,1769163815.545259,103.0,0.0,4243.461426,4266.794922,4443.589844,4336.666504,4314.102539,4265.512695,4255.0,4280.256348,4275.256348,4249.230957,4572.436035,4541.922852,4397.563965,4476.666504,,,,,,,,,,,,,,,,,,,,,,,,,,,,,,,,,,,,,,,,,,,,,,,,,,,,,,,,,,,,,,,,,,,,,,
1769163815.552459,1769163815.552867,104.0,0.0,4242.05127,4269.743652,4443.846191,4333.974121,4311.025879,4260.512695,4249.487305,4281.153809,4274.487305,4248.205078,4572.179688,4542.307617,4396.538574,4477.563965,,,,,,,,,,,,,,,,,,,,,,,,,,,,,,,,,,,,,,,,,,,,,,,,,,,,,,,,,,,,,,,,,,,,,,
1769163815.560267,1769163815.560676,105.0,0.0,4245.256348,4267.692383,4442.179688,4333.846191,4310.128418,4258.077148,4249.102539,4278.589844,4270.128418,4246.282227,4568.589844,4539.487305,4395.128418,4473.333496,,,,,,,,,,,,,,,,,,,,,,,,,,,,,,,,,,,,,,,,,,,,,,,,,,,,,,,,,,,,,,,,,,,,,,
1769163815.568076,1769163815.568584,106.0,0.0,4246.410156,4263.589844,4443.589844,4336.025879,4311.282227,4265.384766,4251.025879,4278.461426,4269.615234,4245.512695,4567.820313,4539.230957,4394.487305,4472.307617,,,,,,,,,,,,,,,,,,,,,,,,,,,,,,,,,,,,,,,,,,,,,,,,,,,,,,,,,,,,,,,,,,,,,,
1769163815.575884,1769163815.576392,107.0,0.0,4244.230957,4264.358887,4444.743652,4334.487305,4308.974121,4264.102539,4251.282227,4285.256348,4277.563965,4248.461426,4569.615234,4541.282227,4396.794922,4475.512695,,,,,,,,,,,,,,,,,,,,,,,,,,,,,,,,,,,,,,,,,,,,,,,,,,,,,,,,,,,,,,,,,,,,,,
1769163815.583692,1769163815.584401,108.0,0.0,4244.230957,4266.794922,4442.94873,4326.410156,4306.922852,4260.897461,4251.666504,4284.230957,4281.282227,4250.769043,4571.410156,4546.538574,4397.94873,4476.410156,,,,,,,,,,,,,,,,,,,,,,,,,,,,,,,,,,,,,,,,,,,,,,,,,,,,,,,,,,,,,,,,,,,,,,
1769163815.591501,1769163815.592209,109.0,0.0,4247.307617,4266.025879,4441.025879,4326.922852,4308.333496,4261.282227,4250.512695,4277.307617,4275.897461,4250.128418,4571.282227,4549.358887,4398.461426,4473.333496,,,,,,,,,,,,,,,,,,,,,,,,,,,,,,,,,,,,,,,,,,,,,,,,,,,,,,,,,,,,,,,,,,,,,,
1769163815.599309,1769163815.600117,110.0,0.0,4252.436035,4266.922852,4444.230957,4335.897461,4310.256348,4254.487305,4248.974121,4282.94873,4276.794922,4251.153809,4572.692383,4551.025879,4404.102539,4474.487305,0.310673,0.319429,0.315758,0.093049,0.150711,1.046162,0.481971,0.23842,0.068785,0.105698,0.486909,0.155114,0.127023,0.090234,0.112137,0.365256,0.304473,0.193901,0.104189,0.051438,0.734219,0.134429,0.089791,0.042603,0.061832,0.276811,0.263342,0.18448,0.143893,0.148882,0.132512,0.091329,0.111409,0.081667,0.077768,0.232493,0.076977,0.117154,0.082585,0.075567,0.20323,0.099552,0.28801,0.197757,0.120732,0.621009,0.198851,0.453754,0.212511,0.106314,1.052889,0.149765,0.281538,0.138016,0.066702,1.728515,0.121136,0.221485,0.201595,0.166236,1.076408,0.342452,0.217182,0.097858,0.099108,1.378839,0.686134,0.609127,0.252565,0.172217
1769163815.607118,1769163815.607926,111.0,0.0,4252.94873,4268.205078,4449.615234,4335.0,4307.692383,4247.05127,4247.94873,4288.461426,4280.769043,4252.179688,4574.102539,4554.358887,4407.179688,4480.641113,,,,,,,,,,,,,,,,,,,,,,,,,,,,,,,,,,,,,,,,,,,,,,,,,,,,,,,,,,,,,,,,,,,,,,
1769163815.614926,1769163815.615934,112.0,0.0,4241.025879,4261.538574,4440.256348,4326.282227,4303.461426,4250.128418,4248.205078,4279.615234,4275.384766,4248.974121,4566.922852,4548.461426,4399.743652,4473.333496,,,,,,,,,,,,,,,,,,,,,,,,,,,,,,,,,,,,,,,,,,,,,,,,,,,,,,,,,,,,,,,,,,,,,,
1769163815.622735,1769163815.623743,113.0,0.0,4229.230957,4250.0,4425.641113,4322.820313,4302.179688,4257.563965,4249.615234,4275.641113,4269.487305,4245.897461,4561.282227,4538.333496,4394.358887,4463.589844,,,,,,,,,,,,,,,,,,,,,,,,,,,,,,,,,,,,,,,,,,,,,,,,,,,,,,,,,,,,,,,,,,,,,,
1769163815.630543,1769163815.631451,114.0,0.0,4232.563965,4246.410156,4433.461426,4324.615234,4304.230957,4259.743652,4249.102539,4280.512695,4270.512695,4247.94873,4565.769043,4536.794922,4398.846191,4471.666504,,,,,,,,,,,,,,,,,,,,,,,,,,,,,,,,,,,,,,,,,,,,,,,,,,,,,,,,,,,,,,,,,,,,,,
1769163815.638352,1769163815.63926,115.0,0.0,4241.282227,4251.410156,4444.102539,4325.0,4304.487305,4256.666504,4248.846191,4279.871582,4274.102539,4248.846191,4564.102539,4538.333496,4399.615234,4474.871582,,,,,,,,,,,,,,,,,,,,,,,,,,,,,,,,,,,,,,,,,,,,,,,,,,,,,,,,,,,,,,,,,,,,,,
1769163815.64616,1769163815.647268,116.0,0.0,4241.282227,4252.307617,4436.153809,4324.615234,4302.05127,4257.563965,4249.230957,4277.692383,4271.282227,4247.94873,4556.282227,4537.307617,4390.769043,4464.871582,,,,,,,,,,,,,,,,,,,,,,,,,,,,,,,,,,,,,,,,,,,,,,,,,,,,,,,,,,,,,,,,,,,,,,
1769163815.653968,1769163815.655076,117.0,0.0,4239.230957,4249.358887,4433.846191,4325.769043,4304.230957,4262.436035,4249.358887,4277.820313,4265.128418,4248.333496,4554.615234,4538.974121,4386.538574,4466.410156,,,,,,,,,,,,,,,,,,,,,,,,,,,,,,,,,,,,,,,,,,,,,,,,,,,,,,,,,,,,,,,,,,,,,,
1769163815.661777,1769163815.662785,118.0,0.0,4242.307617,4253.077148,4440.897461,4327.436035,4308.589844,4259.615234,4248.589844,4277.179688,4262.05127,4245.769043,4557.563965,4539.358887,4392.179688,4477.179688,,,,,,,,,,,,,,,,,,,,,,,,,,,,,,,,,,,,,,,,,,,,,,,,,,,,,,,,,,,,,,,,,,,,,,
1769163815.669585,1769163815.670593,119.0,0.0,4246.538574,4260.769043,4438.205078,4328.077148,4309.358887,4254.615234,4248.077148,4278.461426,4263.589844,4246.025879,4561.794922,4539.615234,4397.307617,4475.128418,,,,,,,,,,,,,,,,,,,,,,,,,,,,,,,,,,,,,,,,,,,,,,,,,,,,,,,,,,,,,,,,,,,,,,
1769163815.677394,1769163815.678202,120.0,0.0,4247.692383,4263.846191,4439.743652,4328.205078,4309.743652,4259.358887,4249.102539,4280.256348,4265.384766,4254.102539,4568.461426,4548.205078,4399.102539,4477.179688,,,,,,,,,,,,,,,,,,,,,,,,,,,,,,,,,,,,,,,,,,,,,,,,,,,,,,,,,,,,,,,,,,,,,,
1769163815.685202,1769163815.68601,121.0,0.0,4246.794922,4259.358887,4445.128418,4328.846191,4311.153809,4265.256348,4251.025879,4280.0,4265.897461,4256.922852,4571.538574,4555.897461,4399.743652,4486.025879,,,,,,,,,,,,,,,,,,,,,,,,,,,,,,,,,,,,,,,,,,,,,,,,,,,,,,,,,,,,,,,,,,,,,,
1769163815.693011,1769163815.693719,122.0,0.0,4244.230957,4256.410156,4438.077148,4325.769043,4311.153809,4264.615234,4251.025879,4279.358887,4265.384766,4250.897461,4570.128418,4554.358887,4398.333496,4482.692383,,,,,,,,,,,,,,,,,,,,,,,,,,,,,,,,,,,,,,,,,,,,,,,,,,,,,,,,,,,,,,,,,,,,,,
1769163815.700819,1769163815.701527,123.0,0.0,4248.077148,4259.743652,4436.922852,4326.922852,4309.358887,4261.025879,4249.615234,4279.230957,4262.05127,4248.717773,4567.307617,4550.769043,4397.820313,4480.512695,,,,,,,,,,,,,,,,,,,,,,,,,,,,,,,,,,,,,,,,,,,,,,,,,,,,,,,,,,,,,,,,,,,,,,
1769163815.708628,1769163815.709536,124.0,0.0,4259.871582,4265.0,4444.102539,4334.871582,4308.717773,4259.871582,4249.487305,4278.461426,4261.410156,4252.05127,4565.128418,4547.436035,4398.589844,4487.820313,,,,,,,,,,,,,,,,,,,,,,,,,,,,,,,,,,,,,,,,,,,,,,,,,,,,,,,,,,,,,,,,,,,,,,
1769163815.716436,1769163815.717344,125.0,0.0,4259.487305,4267.179688,4438.461426,4333.461426,4310.256348,4261.282227,4248.589844,4278.974121,4265.256348,4253.846191,4568.974121,4542.563965,4399.230957,4494.615234,,,,,,,,,,,,,,,,,,,,,,,,,,,,,,,,,,,,,,,,,,,,,,,,,,,,,,,,,,,,,,,,,,,,,,
1769163815.724245,1769163815.725053,126.0,0.0,4247.563965,4257.436035,4428.717773,4323.974121,4310.512695,4264.358887,4249.487305,4280.384766,4265.512695,4248.974121,4566.282227,4540.384766,4397.179688,4487.05127,0.345018,0.329311,0.297811,0.092997,0.140298,1.120121,0.513365,0.276322,0.09037,0.109407,0.46149,0.152192,0.142132,0.093056,0.106471,0.30594,0.287588,0.220724,0.127523,0.055728,0.785461,0.129268,0.100626,0.035359,0.05894,0.3043,0.317312,0.213456,0.135589,0.166916,0.161892,0.107221,0.120089,0.071958,0.081257,0.260274,0.075576,0.095931,0.082509,0.079338,0.22978,0.10881,0.287339,0.215234,0.121405,0.662498,0.194378,0.479711,0.204816,0.103977,1.196802,0.149266,0.316541,0.154535,0.060743,1.882786,0.129572,0.25244,0.208131,0.145701,1.12227,0.34247,0.248145,0.109202,0.096191,1.457244,0.586792,0.651994,0.273412,0.143265
1769163815.732053,1769163815.732861,127.0,0.0,4245.128418,4250.384766,4427.05127,4321.922852,4307.692383,4264.487305,4250.512695,4281.282227,4262.563965,4246.282227,4556.025879,4540.769043,4394.615234,4475.128418,,,,,,,,,,,,,,,,,,,,,,,,,,,,,,,,,,,,,,,,,,,,,,,,,,,,,,,,,,,,,,,,,,,,,,
1769163815.739862,1769163815.74047,0.0,0.0,4250.641113,4258.717773,4430.128418,4327.94873,4309.102539,4263.205078,4248.846191,4280.641113,4263.205078,4253.205078,4560.897461,4538.974121,4401.538574,4479.743652,,,,,,,,,,,,,,,,,,,,,,,,,,,,,,,,,,,,,,,,,,,,,,,,,,,,,,,,,,,,,,,,,,,,,,
1769163815.74767,1769163815.748278,1.0,0.0,4251.153809,4265.769043,4430.897461,4330.384766,4312.94873,4265.0,4248.846191,4281.153809,4265.384766,4260.0,4572.692383,4538.974121,4408.205078,4491.153809,,,,,,,,,,,,,,,,,,,,,,,,,,,,,,,,,,,,,,,,,,,,,,,,,,,,,,,,,,,,,,,,,,,,,,
1769163815.755479,1769163815.755987,2.0,0.0,4248.461426,4261.410156,4428.333496,4328.205078,4308.461426,4265.384766,4249.871582,4283.333496,4263.589844,4257.820313,4572.05127,4541.025879,4405.384766,4492.05127,,,,,,,,,,,,,,,,,,,,,,,,,,,,,,,,,,,,,,,,,,,,,,,,,,,,,,,,,,,,,,,,,,,,,,
1769163815.763287,1769163815.763795,3.0,0.0,4249.487305,4260.384766,4433.717773,4327.436035,4304.743652,4263.846191,4247.820313,4282.692383,4262.94873,4256.538574,4568.974121,4542.179688,4402.307617,4487.179688,,,,,,,,,,,,,,,,,,,,,,,,,,,,,,,,,,,,,,,,,,,,,,,,,,,,,,,,,,,,,,,,,,,,,,
1769163815.771095,1769163815.771803,4.0,0.0,4255.769043,4265.256348,4442.692383,4328.461426,4311.538574,4264.102539,4247.05127,4278.333496,4263.205078,4258.461426,4571.922852,4542.05127,4405.128418,4489.102539,,,,,,,,,,,,,,,,,,,,,,,,,,,,,,,,,,,,,,,,,,,,,,,,,,,,,,,,,,,,,,,,,,,,,,
1769163815.778904,1769163815.779612,5.0,0.0,4261.410156,4264.615234,4439.615234,4326.282227,4313.589844,4265.0,4249.487305,4276.153809,4263.461426,4257.563965,4571.538574,4540.384766,4407.692383,4489.615234,,,,,,,,,,,,,,,,,,,,,,,,,,,,,,,,,,,,,,,,,,,,,,,,,,,,,,,,,,,,,,,,,,,,,,
1769163815.786712,1769163815.78752,6.0,0.0,4260.769043,4264.871582,4436.922852,4326.794922,4307.820313,4264.358887,4249.102539,4280.256348,4268.717773,4261.153809,4571.794922,4545.641113,4410.512695,4490.641113,,,,,,,,,,,,,,,,,,,,,,,,,,,,,,,,,,,,,,,,,,,,,,,,,,,,,,,,,,,,,,,,,,,,,,
1769163815.794521,1769163815.795329,7.0,0.0,4260.641113,4267.307617,4444.487305,4332.307617,4307.820313,4263.589844,4247.179688,4282.436035,4270.897461,4263.974121,4573.846191,4555.128418,4413.974121,4492.820313,,,,,,,,,,,,,,,,,,,,,,,,,,,,,,,,,,,,,,,,,,,,,,,,,,,,,,,,,,,,,,,,,,,,,,
1769163815.802329,1769163815.803337,8.0,0.0,4261.282227,4265.256348,4446.282227,4330.384766,4310.128418,4263.846191,4248.077148,4276.794922,4263.846191,4257.820313,4571.538574,4555.0,4411.922852,4490.897461,,,,,,,,,,,,,,,,,,,,,,,,,,,,,,,,,,,,,,,,,,,,,,,,,,,,,,,,,,,,,,,,,,,,,,
1769163815.810138,1769163815.811145,9.0,0.0,4260.384766,4262.820313,4443.205078,4324.487305,4306.025879,4264.615234,4250.384766,4279.102539,4262.307617,4258.461426,4576.538574,4553.589844,4411.410156,4493.461426,,,,,,,,,,,,,,,,,,,,,,,,,,,,,,,,,,,,,,,,,,,,,,,,,,,,,,,,,,,,,,,,,,,,,,
1769163815.817946,1769163815.819054,10.0,0.0,4261.794922,4263.205078,4446.025879,4326.025879,4302.563965,4265.256348,4251.025879,4288.974121,4267.563965,4264.615234,4581.410156,4556.282227,4412.820313,4496.794922,,,,,,,,,,,,,,,,,,,,,,,,,,,,,,,,,,,,,,,,,,,,,,,,,,,,,,,,,,,,,,,,,,,,,,
1769163815.825755,1769163815.826862,11.0,0.0,4264.743652,4264.743652,4444.615234,4327.820313,4303.589844,4264.487305,4250.256348,4287.179688,4265.769043,4260.256348,4575.512695,4554.230957,4411.538574,4493.974121,,,,,,,,,,,,,,,,,,,,,,,,,,,,,,,,,,,,,,,,,,,,,,,,,,,,,,,,,,,,,,,,,,,,,,
1769163815.833563,1769163815.83487,12.0,0.0,4264.358887,4264.743652,4438.205078,4326.153809,4304.743652,4263.461426,4248.846191,4277.94873,4262.436035,4254.743652,4568.589844,4553.846191,4411.410156,4492.307617,,,,,,,,,,,,,,,,,,,,,,,,,,,,,,,,,,,,,,,,,,,,,,,,,,,,,,,,,,,,,,,,,,,,,,
1769163815.841371,1769163815.842679,13.0,0.0,4262.307617,4262.307617,4435.128418,4326.410156,4303.333496,4263.333496,4249.230957,4279.743652,4264.743652,4259.358887,4572.179688,4557.179688,4412.179688,4492.692383,,,,,,,,,,,,,,,,,,,,,,,,,,,,,,,,,,,,,,,,,,,,,,,,,,,,,,,,,,,,,,,,,,,,,,
1769163815.84918,1769163815.850387,14.0,0.0,4262.820313,4260.0,4432.94873,4326.025879,4299.102539,4263.846191,4254.230957,4285.128418,4265.128418,4262.05127,4578.974121,4555.769043,4412.179688,4493.077148,0.402108,0.393747,0.319599,0.099402,0.13864,1.150899,0.525283,0.312758,0.11122,0.112116,0.436954,0.177077,0.162728,0.093845,0.101877,0.246465,0.265542,0.259728,0.146214,0.061632,0.811131,0.117927,0.114981,0.029852,0.054955,0.313904,0.347995,0.244068,0.119666,0.176498,0.205415,0.12476,0.125003,0.0616,0.081555,0.27915,0.090549,0.079065,0.080658,0.078222,0.267344,0.128631,0.281971,0.223365,0.116861,0.703161,0.206354,0.467023,0.182038,0.096637,1.30299,0.170987,0.347141,0.167002,0.061318,2.002908,0.151836,0.288464,0.204202,0.126263,1.10286,0.350411,0.288047,0.116635,0.096867,1.457578,0.517881,0.676415,0.275174,0.124968
1769163815.856988,1769163815.858196,15.0,0.0,4262.820313,4261.282227,4430.512695,4324.230957,4294.358887,4266.153809,4258.461426,4283.461426,4265.0,4260.641113,4579.102539,4557.05127,4413.461426,4492.692383,,,,,,,,,,,,,,,,,,,,,,,,,,,,,,,,,,,,,,,,,,,,,,,,,,,,,,,,,,,,,,,,,,,,,,
1769163815.864797,1769163815.865804,16.0,0.0,4260.0,4261.153809,4429.358887,4323.333496,4295.769043,4269.615234,4261.410156,4278.205078,4261.922852,4259.102539,4571.410156,4556.410156,4413.205078,4486.794922,,,,,,,,,,,,,,,,,,,,,,,,,,,,,,,,,,,,,,,,,,,,,,,,,,,,,,,,,,,,,,,,,,,,,,
1769163815.872605,1769163815.873613,17.0,0.0,4260.641113,4264.230957,4429.871582,4324.358887,4303.717773,4268.205078,4258.974121,4278.205078,4263.974121,4258.974121,4569.615234,4551.922852,4410.641113,4482.179688,,,,,,,,,,,,,,,,,,,,,,,,,,,,,,,,,,,,,,,,,,,,,,,,,,,,,,,,,,,,,,,,,,,,,,
1769163815.880414,1769163815.881321,18.0,0.0,4265.769043,4272.94873,4430.512695,4326.410156,4308.461426,4266.153809,4252.307617,4287.692383,4273.461426,4262.94873,4582.05127,4561.410156,4415.256348,4489.615234,,,,,,,,,,,,,,,,,,,,,,,,,,,,,,,,,,,,,,,,,,,,,,,,,,,,,,,,,,,,,,,,,,,,,,
1769163815.888222,1769163815.88913,19.0,0.0,4269.102539,4273.333496,4430.384766,4327.05127,4307.05127,4266.922852,4253.717773,4289.230957,4273.717773,4265.0,4589.358887,4570.128418,4421.538574,4497.436035,,,,,,,,,,,,,,,,,,,,,,,,,,,,,,,,,,,,,,,,,,,,,,,,,,,,,,,,,,,,,,,,,,,,,,
1769163815.896031,1769163815.897138,20.0,0.0,4268.205078,4264.871582,4428.461426,4327.05127,4306.282227,4266.794922,4259.871582,4282.692383,4270.897461,4265.641113,4581.922852,4560.897461,4417.436035,4490.641113,,,,,,,,,,,,,,,,,,,,,,,,,,,,,,,,,,,,,,,,,,,,,,,,,,,,,,,,,,,,,,,,,,,,,,
1769163815.903839,1769163815.904947,21.0,0.0,4264.487305,4261.666504,4426.538574,4327.307617,4305.769043,4269.358887,4264.615234,4283.846191,4275.128418,4262.05127,4574.102539,4553.333496,4408.333496,4478.205078,,,,,,,,,,,,,,,,,,,,,,,,,,,,,,,,,,,,,,,,,,,,,,,,,,,,,,,,,,,,,,,,,,,,,,
1769163815.911647,1769163815.912855,22.0,0.0,4262.436035,4263.846191,4424.487305,4326.410156,4303.333496,4272.05127,4263.974121,4285.769043,4271.153809,4254.358887,4571.666504,4554.743652,4403.589844,4474.743652,,,,,,,,,,,,,,,,,,,,,,,,,,,,,,,,,,,,,,,,,,,,,,,,,,,,,,,,,,,,,,,,,,,,,,
1769163815.919456,1769163815.920663,23.0,0.0,4267.692383,4263.974121,4421.410156,4325.897461,4303.077148,4266.538574,4255.641113,4280.256348,4261.922852,4253.333496,4572.05127,4553.974121,4403.461426,4477.05127,,,,,,,,,,,,,,,,,,,,,,,,,,,,,,,,,,,,,,,,,,,,,,,,,,,,,,,,,,,,,,,,,,,,,,
1769163815.927264,1769163815.928272,24.0,0.0,4273.589844,4262.94873,4423.461426,4326.922852,4302.05127,4262.563965,4253.461426,4276.922852,4263.717773,4256.153809,4570.897461,4554.358887,4404.487305,4477.05127,,,,,,,,,,,,,,,,,,,,,,,,,,,,,,,,,,,,,,,,,,,,,,,,,,,,,,,,,,,,,,,,,,,,,,
1769163815.935073,1769163815.936081,25.0,0.0,4272.179688,4261.922852,4427.692383,4327.563965,4297.94873,4266.282227,4263.205078,4281.410156,4265.512695,4252.179688,4568.461426,4555.128418,4401.794922,4476.025879,,,,,,,,,,,,,,,,,,,,,,,,,,,,,,,,,,,,,,,,,,,,,,,,,,,,,,,,,,,,,,,,,,,,,,
1769163815.942881,1769163815.943789,26.0,0.0,4271.153809,4263.589844,4422.820313,4326.282227,4299.615234,4265.128418,4264.102539,4285.384766,4262.563965,4248.717773,4567.692383,4551.922852,4396.794922,4476.025879,,,,,,,,,,,,,,,,,,,,,,,,,,,,,,,,,,,,,,,,,,,,,,,,,,,,,,,,,,,,,,,,,,,,,,
1769163815.95069,1769163815.951598,27.0,0.0,4275.512695,4265.128418,4417.05127,4324.871582,4305.512695,4264.871582,4258.461426,4285.641113,4265.256348,4252.05127,4568.589844,4553.205078,4400.769043,4476.410156,,,,,,,,,,,,,,,,,,,,,,,,,,,,,,,,,,,,,,,,,,,,,,,,,,,,,,,,,,,,,,,,,,,,,,
1769163815.958498,1769163815.959206,28.0,0.0,4280.384766,4266.025879,4422.94873,4326.410156,4305.256348,4266.922852,4261.153809,4280.897461,4265.0,4252.436035,4569.230957,4555.897461,4410.512695,4483.974121,,,,,,,,,,,,,,,,,,,,,,,,,,,,,,,,,,,,,,,,,,,,,,,,,,,,,,,,,,,,,,,,,,,,,,
1769163815.966307,1769163815.967015,29.0,0.0,4283.846191,4272.820313,4427.692383,4328.846191,4305.128418,4264.487305,4261.794922,4277.179688,4262.05127,4251.538574,4571.922852,4556.410156,4415.0,4489.358887,,,,,,,,,,,,,,,,,,,,,,,,,,,,,,,,,,,,,,,,,,,,,,,,,,,,,,,,,,,,,,,,,,,,,,
1769163815.974115,1769163815.974923,30.0,0.0,4281.410156,4274.230957,4417.05127,4327.05127,4307.307617,4269.358887,4260.641113,4279.487305,4262.94873,4252.692383,4570.769043,4554.487305,4409.615234,4480.256348,0.470678,0.494802,0.369737,0.116144,0.150964,1.122784,0.522553,0.345388,0.129859,0.11668,0.408391,0.221503,0.18631,0.094018,0.103253,0.197058,0.238784,0.299832,0.156285,0.069984,0.826406,0.105054,0.129456,0.02755,0.051847,0.316414,0.349875,0.273735,0.099994,0.177217,0.248255,0.138065,0.121375,0.05223,0.077996,0.27492,0.116249,0.071131,0.077023,0.07242,0.30119,0.156561,0.282501,0.218127,0.109261,0.720138,0.22777,0.432526,0.149603,0.086552,1.374199,0.217656,0.385516,0.171256,0.066986,2.077686,0.197568,0.339364,0.185626,0.111409,1.015667,0.36676,0.337361,0.113853,0.101379,1.381499,0.5107,0.676216,0.254634,0.120389
1769163815.981923,1769163815.982731,31.0,0.0,4275.641113,4266.410156,4404.358887,4323.717773,4301.794922,4272.692383,4264.102539,4281.666504,4264.615234,4251.025879,4567.05127,4549.230957,4403.333496,4471.922852,,,,,,,,,,,,,,,,,,,,,,,,,,,,,,,,,,,,,,,,,,,,,,,,,,,,,,,,,,,,,,,,,,,,,,
1769163815.989732,1769163815.99074,32.0,0.0,4277.05127,4264.358887,4404.102539,4325.512695,4294.358887,4263.717773,4262.05127,4281.666504,4264.102539,4250.512695,4570.769043,4547.436035,4404.871582,4475.897461,,,,,,,,,,,,,,,,,,,,,,,,,,,,,,,,,,,,,,,,,,,,,,,,,,,,,,,,,,,,,,,,,,,,,,
1769163815.997541,1769163815.998548,33.0,0.0,4280.384766,4266.794922,4404.615234,4324.487305,4294.743652,4260.512695,4260.512695,4278.974121,4262.179688,4250.384766,4572.94873,4544.871582,4405.384766,4477.436035,,,,,,,,,,,,,,,,,,,,,,,,,,,,,,,,,,,,,,,,,,,,,,,,,,,,,,,,,,,,,,,,,,,,,,
1769163816.005349,1769163816.006456,34.0,0.0,4277.563965,4263.974121,4397.436035,4317.820313,4296.410156,4266.538574,4263.077148,4277.94873,4261.410156,4249.743652,4564.871582,4539.615234,4401.282227,4471.410156,,,,,,,,,,,,,,,,,,,,,,,,,,,,,,,,,,,,,,,,,,,,,,,,,,,,,,,,,,,,,,,,,,,,,,
1769163816.013157,1769163816.014265,35.0,0.0,4276.922852,4263.846191,4398.333496,4319.230957,4294.743652,4262.94873,4263.589844,4280.256348,4264.487305,4250.0,4565.128418,4541.410156,4400.0,4474.102539,,,,,,,,,,,,,,,,,,,,,,,,,,,,,,,,,,,,,,,,,,,,,,,,,,,,,,,,,,,,,,,,,,,,,,
1769163816.020966,1769163816.022273,36.0,0.0,4281.666504,4267.436035,4404.230957,4326.025879,4295.384766,4263.461426,4264.230957,4281.282227,4266.410156,4250.256348,4570.128418,4545.128418,4399.743652,4477.820313,,,,,,,,,,,,,,,,,,,,,,,,,,,,,,,,,,,,,,,,,,,,,,,,,,,,,,,,,,,,,,,,,,,,,,
1769163816.028774,1769163816.030082,37.0,0.0,4281.153809,4264.102539,4398.974121,4323.077148,4297.436035,4276.794922,4265.897461,4279.102539,4261.410156,4246.025879,4559.871582,4540.512695,4395.512695,4465.641113,,,,,,,,,,,,,,,,,,,,,,,,,,,,,,,,,,,,,,,,,,,,,,,,,,,,,,,,,,,,,,,,,,,,,,
1769163816.036583,1769163816.03779,38.0,0.0,4277.307617,4261.282227,4391.794922,4318.333496,4295.769043,4275.256348,4265.256348,4278.461426,4257.563965,4242.05127,4550.512695,4535.256348,4394.230957,4456.025879,,,,,,,,,,,,,,,,,,,,,,,,,,,,,,,,,,,,,,,,,,,,,,,,,,,,,,,,,,,,,,,,,,,,,,
1769163816.044391,1769163816.045599,39.0,0.0,4278.077148,4263.333496,4395.769043,4325.0,4294.615234,4263.589844,4262.94873,4280.256348,4260.897461,4245.769043,4558.077148,4538.846191,4396.666504,4462.820313,,,,,,,,,,,,,,,,,,,,,,,,,,,,,,,,,,,,,,,,,,,,,,,,,,,,,,,,,,,,,,,,,,,,,,
1769163816.0522,1769163816.053207,40.0,0.0,4282.436035,4265.256348,4399.487305,4328.077148,4295.512695,4268.717773,4263.205078,4280.384766,4264.871582,4251.538574,4567.692383,4547.820313,4396.538574,4466.922852,,,,,,,,,,,,,,,,,,,,,,,,,,,,,,,,,,,,,,,,,,,,,,,,,,,,,,,,,,,,,,,,,,,,,,
1769163816.060008,1769163816.061016,41.0,0.0,4281.410156,4263.461426,4395.641113,4320.512695,4296.025879,4278.846191,4266.538574,4282.692383,4264.230957,4250.641113,4568.333496,4555.384766,4396.666504,4464.743652,,,,,,,,,,,,,,,,,,,,,,,,,,,,,,,,,,,,,,,,,,,,,,,,,,,,,,,,,,,,,,,,,,,,,,
1769163816.067817,1769163816.068724,42.0,0.0,4278.461426,4261.282227,4393.461426,4319.230957,4294.230957,4271.282227,4267.307617,4285.769043,4263.589844,4248.077148,4566.410156,4554.615234,4396.922852,4471.153809,,,,,,,,,,,,,,,,,,,,,,,,,,,,,,,,,,,,,,,,,,,,,,,,,,,,,,,,,,,,,,,,,,,,,,
1769163816.075625,1769163816.076533,43.0,0.0,4285.641113,4262.94873,4395.641113,4325.256348,4293.846191,4262.563965,4266.538574,4281.666504,4264.487305,4249.230957,4567.820313,4551.025879,4400.384766,4476.538574,,,,,,,,,,,,,,,,,,,,,,,,,,,,,,,,,,,,,,,,,,,,,,,,,,,,,,,,,,,,,,,,,,,,,,
1769163816.083434,1769163816.084141,44.0,0.0,4291.794922,4262.307617,4395.128418,4321.282227,4295.384766,4267.307617,4266.922852,4276.922852,4262.307617,4250.641113,4569.487305,4554.102539,4408.077148,4468.717773,,,,,,,,,,,,,,,,,,,,,,,,,,,,,,,,,,,,,,,,,,,,,,,,,,,,,,,,,,,,,,,,,,,,,,
1769163816.091242,1769163816.09195,45.0,0.0,4287.179688,4258.717773,4390.128418,4311.922852,4291.410156,4268.333496,4266.666504,4278.077148,4261.153809,4253.333496,4570.769043,4555.512695,4412.563965,4466.538574,,,,,,,,,,,,,,,,,,,,,,,,,,,,,,,,,,,,,,,,,,,,,,,,,,,,,,,,,,,,,,,,,,,,,,
1769163816.09905,1769163816.099858,46.0,0.0,4286.666504,4257.05127,4387.179688,4311.794922,4287.820313,4264.615234,4266.538574,4281.153809,4265.128418,4259.871582,4570.769043,4554.743652,4412.563965,4473.974121,0.541859,0.611679,0.430057,0.144376,0.17705,1.056526,0.513986,0.369575,0.146204,0.125271,0.432796,0.282484,0.210376,0.094971,0.113726,0.16746,0.214271,0.32814,0.157301,0.080868,0.813232,0.097477,0.139494,0.028501,0.050967,0.299933,0.325873,0.29825,0.081415,0.170947,0.282421,0.143071,0.10806,0.045217,0.070761,0.244367,0.142623,0.073477,0.07211,0.0647,0.32036,0.18688,0.294726,0.200498,0.101614,0.686018,0.250766,0.397989,0.116707,0.076738,1.405378,0.290034,0.439205,0.1679,0.075886,2.11011,0.281018,0.411757,0.157171,0.102808,0.867916,0.39198,0.39377,0.102053,0.109146,1.261783,0.574564,0.649737,0.217592,0.128163
1769163816.106859,1769163816.107667,47.0,0.0,4294.743652,4262.179688,4388.846191,4314.358887,4289.230957,4265.256348,4267.692383,4281.282227,4266.538574,4263.461426,4573.333496,4562.820313,4412.436035,4476.538574,,,,,,,,,,,,,,,,,,,,,,,,,,,,,,,,,,,,,,,,,,,,,,,,,,,,,,,,,,,,,,,,,,,,,,
1769163816.114667,1769163816.115675,48.0,0.0,4296.025879,4264.615234,4390.128418,4311.666504,4288.846191,4265.641113,4266.153809,4280.641113,4264.743652,4263.589844,4578.461426,4572.94873,4412.563965,4474.487305,,,,,,,,,,,,,,,,,,,,,,,,,,,,,,,,,,,,,,,,,,,,,,,,,,,,,,,,,,,,,,,,,,,,,,
1769163816.122476,1769163816.123483,49.0,0.0,4287.820313,4255.641113,4385.256348,4309.743652,4283.974121,4267.563965,4266.666504,4279.358887,4263.589844,4258.974121,4576.538574,4563.461426,4410.769043,4473.717773,,,,,,,,,,,,,,,,,,,,,,,,,,,,,,,,,,,,,,,,,,,,,,,,,,,,,,,,,,,,,,,,,,,,,,
1769163816.130284,1769163816.131192,50.0,0.0,4289.743652,4252.820313,4380.384766,4310.128418,4283.205078,4269.102539,4268.974121,4279.743652,4262.692383,4252.307617,4571.153809,4552.436035,4411.538574,4474.615234,,,,,,,,,,,,,,,,,,,,,,,,,,,,,,,,,,,,,,,,,,,,,,,,,,,,,,,,,,,,,,,,,,,,,,
1769163816.138093,1769163816.139,51.0,0.0,4300.769043,4262.436035,4381.025879,4310.512695,4290.128418,4266.538574,4267.05127,4281.282227,4263.717773,4253.846191,4572.436035,4564.871582,4413.717773,4477.436035,,,,,,,,,,,,,,,,,,,,,,,,,,,,,,,,,,,,,,,,,,,,,,,,,,,,,,,,,,,,,,,,,,,,,,
1769163816.145901,1769163816.146609,52.0,0.0,4303.077148,4267.563965,4382.563965,4314.615234,4296.538574,4268.333496,4268.974121,4280.512695,4265.384766,4260.256348,4575.256348,4571.282227,4413.461426,4479.743652,,,,,,,,,,,,,,,,,,,,,,,,,,,,,,,,,,,,,,,,,,,,,,,,,,,,,,,,,,,,,,,,,,,,,,
1769163816.15371,1769163816.154417,53.0,0.0,4298.974121,4263.717773,4382.94873,4317.692383,4297.692383,4274.487305,4271.538574,4277.94873,4262.179688,4258.717773,4571.538574,4556.282227,4411.538574,4474.871582,,,,,,,,,,,,,,,,,,,,,,,,,,,,,,,,,,,,,,,,,,,,,,,,,,,,,,,,,,,,,,,,,,,,,,
1769163816.161518,1769163816.162126,54.0,0.0,4303.333496,4263.077148,4383.333496,4317.05127,4295.641113,4274.102539,4267.05127,4277.05127,4259.743652,4255.384766,4568.717773,4551.153809,4409.615234,4472.179688,,,,,,,,,,,,,,,,,,,,,,,,,,,,,,,,,,,,,,,,,,,,,,,,,,,,,,,,,,,,,,,,,,,,,,
1769163816.169326,1769163816.169934,55.0,0.0,4310.384766,4264.487305,4383.205078,4320.128418,4294.743652,4274.358887,4269.358887,4280.512695,4263.205078,4258.461426,4571.410156,4564.615234,4410.256348,4476.922852,,,,,,,,,,,,,,,,,,,,,,,,,,,,,,,,,,,,,,,,,,,,,,,,,,,,,,,,,,,,,,,,,,,,,,
1769163816.177135,1769163816.177943,56.0,0.0,4310.384766,4261.794922,4379.487305,4320.384766,4295.256348,4282.05127,4279.102539,4282.05127,4267.692383,4262.692383,4571.538574,4570.897461,4410.256348,4478.717773,,,,,,,,,,,,,,,,,,,,,,,,,,,,,,,,,,,,,,,,,,,,,,,,,,,,,,,,,,,,,,,,,,,,,,
1769163816.184943,1769163816.185751,57.0,0.0,4308.077148,4261.282227,4375.0,4313.077148,4293.077148,4281.153809,4281.153809,4280.0,4272.820313,4266.794922,4573.461426,4568.461426,4411.794922,4477.179688,,,,,,,,,,,,,,,,,,,,,,,,,,,,,,,,,,,,,,,,,,,,,,,,,,,,,,,,,,,,,,,,,,,,,,
1769163816.192752,1769163816.193659,58.0,0.0,4308.077148,4262.05127,4373.077148,4314.102539,4288.333496,4272.307617,4277.307617,4287.05127,4281.410156,4269.743652,4581.538574,4569.230957,4416.666504,4476.153809,,,,,,,,,,,,,,,,,,,,,,,,,,,,,,,,,,,,,,,,,,,,,,,,,,,,,,,,,,,,,,,,,,,,,,
1769163816.20056,1769163816.201468,59.0,0.0,4310.641113,4263.589844,4373.589844,4322.436035,4287.307617,4273.205078,4276.282227,4289.102539,4278.846191,4265.512695,4580.384766,4566.666504,4415.897461,4476.666504,,,,,,,,,,,,,,,,,,,,,,,,,,,,,,,,,,,,,,,,,,,,,,,,,,,,,,,,,,,,,,,,,,,,,,
1769163816.208369,1769163816.209476,60.0,0.0,4312.563965,4264.487305,4376.282227,4321.410156,4292.692383,4280.0,4278.205078,4280.128418,4268.846191,4264.230957,4573.205078,4565.0,4412.563965,4479.102539,,,,,,,,,,,,,,,,,,,,,,,,,,,,,,,,,,,,,,,,,,,,,,,,,,,,,,,,,,,,,,,,,,,,,,
1769163816.216177,1769163816.217284,61.0,0.0,4311.025879,4260.769043,4379.743652,4319.358887,4295.641113,4278.846191,4281.410156,4283.717773,4270.0,4260.769043,4574.743652,4569.230957,4415.256348,4479.615234,,,,,,,,,,,,,,,,,,,,,,,,,,,,,,,,,,,,,,,,,,,,,,,,,,,,,,,,,,,,,,,,,,,,,,
1769163816.223986,1769163816.225193,62.0,0.0,4315.384766,4263.077148,4379.487305,4325.0,4294.487305,4272.94873,4278.077148,4289.743652,4273.077148,4250.641113,4576.538574,4571.922852,4416.282227,4478.205078,0.644516,0.710946,0.479097,0.181098,0.209955,0.954395,0.506598,0.37996,0.160397,0.137172,0.500764,0.356965,0.231812,0.097627,0.132436,0.153191,0.198078,0.336859,0.151461,0.092782,0.77657,0.100225,0.143224,0.031757,0.052339,0.291108,0.286126,0.312088,0.067742,0.160618,0.29888,0.137513,0.088113,0.042417,0.061353,0.197562,0.158265,0.08378,0.067314,0.059222,0.318856,0.211803,0.313053,0.175429,0.096037,0.595637,0.269406,0.377657,0.092012,0.06982,1.400141,0.376737,0.502602,0.160645,0.087069,2.093016,0.402832,0.498078,0.128748,0.099301,0.709205,0.419812,0.449556,0.08651,0.118348,1.150201,0.680425,0.602146,0.177999,0.143952
1769163816.231794,1769163816.233001,63.0,0.0,4324.358887,4273.974121,4373.205078,4329.358887,4295.128418,4275.256348,4274.487305,4279.102539,4263.846191,4248.974121,4571.153809,4567.307617,4411.794922,4478.461426,,,,,,,,,,,,,,,,,,,,,,,,,,,,,,,,,,,,,,,,,,,,,,,,,,,,,,,,,,,,,,,,,,,,,,
1769163816.239602,1769163816.24061,64.0,0.0,4327.94873,4277.307617,4372.563965,4327.94873,4294.358887,4279.743652,4279.487305,4272.692383,4257.692383,4255.897461,4570.384766,4566.410156,4411.153809,4477.820313,,,,,,,,,,,,,,,,,,,,,,,,,,,,,,,,,,,,,,,,,,,,,,,,,,,,,,,,,,,,,,,,,,,,,,
1769163816.247411,1769163816.248418,65.0,0.0,4328.461426,4274.615234,4375.769043,4325.769043,4292.563965,4277.179688,4282.692383,4281.025879,4264.102539,4253.717773,4573.205078,4570.769043,4413.205078,4478.333496,,,,,,,,,,,,,,,,,,,,,,,,,,,,,,,,,,,,,,,,,,,,,,,,,,,,,,,,,,,,,,,,,,,,,,
1769163816.255219,1769163816.256127,66.0,0.0,4329.487305,4272.179688,4368.974121,4324.743652,4292.179688,4274.743652,4281.282227,4280.512695,4265.128418,4246.922852,4570.641113,4569.615234,4411.153809,4477.692383,,,,,,,,,,,,,,,,,,,,,,,,,,,,,,,,,,,,,,,,,,,,,,,,,,,,,,,,,,,,,,,,,,,,,,
1769163816.263028,1769163816.263935,67.0,0.0,4325.128418,4268.205078,4361.282227,4324.230957,4291.666504,4277.563965,4281.794922,4279.102539,4261.794922,4253.589844,4570.641113,4567.692383,4410.512695,4475.641113,,,,,,,,,,,,,,,,,,,,,,,,,,,,,,,,,,,,,,,,,,,,,,,,,,,,,,,,,,,,,,,,,,,,,,
1769163816.270836,1769163816.271544,68.0,0.0,4326.153809,4268.333496,4364.615234,4323.974121,4293.974121,4280.128418,4280.641113,4289.615234,4270.0,4264.358887,4574.230957,4569.743652,4413.717773,4483.974121,,,,,,,,,,,,,,,,,,,,,,,,,,,,,,,,,,,,,,,,,,,,,,,,,,,,,,,,,,,,,,,,,,,,,,
1769163816.278645,1769163816.279352,69.0,0.0,4334.102539,4271.282227,4369.743652,4325.384766,4296.282227,4281.794922,4282.307617,4293.589844,4277.179688,4265.769043,4574.230957,4571.282227,4413.846191,4490.512695,,,,,,,,,,,,,,,,,,,,,,,,,,,,,,,,,,,,,,,,,,,,,,,,,,,,,,,,,,,,,,,,,,,,,,
1769163816.286453,1769163816.287061,70.0,0.0,4330.256348,4264.871582,4366.922852,4325.128418,4292.563965,4283.077148,4287.436035,4293.333496,4272.436035,4260.256348,4572.179688,4569.358887,4408.333496,4480.256348,,,,,,,,,,,,,,,,,,,,,,,,,,,,,,,,,,,,,,,,,,,,,,,,,,,,,,,,,,,,,,,,,,,,,,
1769163816.294262,1769163816.294869,71.0,0.0,4323.846191,4258.461426,4362.692383,4320.128418,4286.282227,4280.128418,4284.743652,4293.077148,4264.358887,4257.179688,4569.487305,4567.692383,4407.05127,4472.307617,,,,,,,,,,,,,,,,,,,,,,,,,,,,,,,,,,,,,,,,,,,,,,,,,,,,,,,,,,,,,,,,,,,,,,
1769163816.30207,1769163816.302878,72.0,0.0,4334.230957,4264.102539,4363.205078,4320.769043,4285.0,4277.436035,4278.846191,4286.794922,4264.230957,4260.769043,4570.256348,4569.871582,4409.871582,4478.461426,,,,,,,,,,,,,,,,,,,,,,,,,,,,,,,,,,,,,,,,,,,,,,,,,,,,,,,,,,,,,,,,,,,,,,
1769163816.309878,1769163816.310686,73.0,0.0,4345.128418,4267.307617,4366.410156,4327.307617,4289.358887,4279.615234,4279.102539,4279.615234,4264.743652,4260.769043,4570.512695,4571.025879,4407.307617,4479.615234,,,,,,,,,,,,,,,,,,,,,,,,,,,,,,,,,,,,,,,,,,,,,,,,,,,,,,,,,,,,,,,,,,,,,,
1769163816.317687,1769163816.318595,74.0,0.0,4341.922852,4264.743652,4364.487305,4327.436035,4291.282227,4278.846191,4279.230957,4280.384766,4262.179688,4258.461426,4569.743652,4570.0,4405.641113,4475.384766,,,,,,,,,,,,,,,,,,,,,,,,,,,,,,,,,,,,,,,,,,,,,,,,,,,,,,,,,,,,,,,,,,,,,,
1769163816.325496,1769163816.326403,75.0,0.0,4338.461426,4262.692383,4358.974121,4321.282227,4285.512695,4276.025879,4281.153809,4285.256348,4263.461426,4263.589844,4573.974121,4572.436035,4411.282227,4475.256348,,,,,,,,,,,,,,,,,,,,,,,,,,,,,,,,,,,,,,,,,,,,,,,,,,,,,,,,,,,,,,,,,,,,,,
1769163816.333304,1769163816.334012,76.0,0.0,4340.641113,4260.512695,4358.333496,4319.102539,4280.769043,4277.563965,4285.897461,4291.282227,4265.897461,4270.897461,4578.077148,4576.794922,4413.974121,4475.769043,,,,,,,,,,,,,,,,,,,,,,,,,,,,,,,,,,,,,,,,,,,,,,,,,,,,,,,,,,,,,,,,,,,,,,
1769163816.341113,1769163816.34182,77.0,0.0,4343.333496,4263.717773,4361.282227,4322.436035,4284.102539,4278.205078,4285.512695,4295.256348,4265.384766,4269.230957,4574.487305,4576.538574,4410.0,4476.794922,,,,,,,,,,,,,,,,,,,,,,,,,,,,,,,,,,,,,,,,,,,,,,,,,,,,,,,,,,,,,,,,,,,,,,
1769163816.348921,1769163816.349529,78.0,0.0,4343.974121,4262.563965,4357.179688,4319.230957,4283.717773,4276.410156,4282.436035,4287.820313,4263.461426,4263.974121,4568.589844,4564.487305,4403.589844,4471.025879,0.723667,0.757968,0.499361,0.21753,0.238459,0.843362,0.496547,0.370951,0.171713,0.148703,0.614013,0.434854,0.247512,0.101629,0.154159,0.16282,0.18825,0.321484,0.141527,0.103109,0.715499,0.116431,0.143158,0.036396,0.054717,0.271881,0.241725,0.309423,0.060381,0.149398,0.300058,0.121909,0.066547,0.045399,0.052052,0.145952,0.155007,0.096581,0.063838,0.059119,0.298867,0.226653,0.325249,0.150065,0.092924,0.458155,0.284539,0.372689,0.079589,0.066906,1.326925,0.463317,0.55833,0.154243,0.1001,2.028133,0.542811,0.57635,0.110503,0.098426,0.569375,0.449035,0.492887,0.073256,0.125595,1.057218,0.775721,0.541894,0.151613,0.162247
1769163816.356729,1769163816.357337,79.0,0.0,4340.897461,4253.077148,4349.615234,4311.538574,4279.102539,4278.461426,4283.846191,4282.563965,4261.282227,4262.05127,4567.436035,4554.358887,4397.436035,4464.743652,,,,,,,,,,,,,,,,,,,,,,,,,,,,,,,,,,,,,,,,,,,,,,,,,,,,,,,,,,,,,,,,,,,,,,
1769163816.364538,1769163816.365345,80.0,0.0,4341.025879,4252.94873,4351.922852,4312.307617,4282.436035,4280.769043,4284.358887,4291.666504,4259.871582,4260.512695,4567.563965,4561.794922,4400.641113,4470.897461,,,,,,,,,,,,,,,,,,,,,,,,,,,,,,,,,,,,,,,,,,,,,,,,,,,,,,,,,,,,,,,,,,,,,,
1769163816.372346,1769163816.373154,81.0,0.0,4350.0,4263.974121,4358.717773,4320.0,4285.897461,4280.128418,4280.769043,4296.153809,4262.05127,4262.692383,4571.666504,4574.230957,4411.025879,4479.102539,,,,,,,,,,,,,,,,,,,,,,,,,,,,,,,,,,,,,,,,,,,,,,,,,,,,,,,,,,,,,,,,,,,,,,
1769163816.380155,1769163816.381062,82.0,0.0,4357.820313,4268.846191,4359.230957,4322.94873,4282.05127,4280.384766,4281.538574,4292.436035,4266.410156,4268.974121,4582.692383,4574.871582,4414.743652,4477.94873,,,,,,,,,,,,,,,,,,,,,,,,,,,,,,,,,,,,,,,,,,,,,,,,,,,,,,,,,,,,,,,,,,,,,,
1769163816.387963,1769163816.388871,83.0,0.0,4355.384766,4264.743652,4356.538574,4321.794922,4278.461426,4282.05127,4287.820313,4293.205078,4263.974121,4268.461426,4583.461426,4569.615234,4412.94873,4476.153809,,,,,,,,,,,,,,,,,,,,,,,,,,,,,,,,,,,,,,,,,,,,,,,,,,,,,,,,,,,,,,,,,,,,,,
1769163816.395772,1769163816.396879,84.0,0.0,4351.025879,4262.179688,4357.307617,4322.179688,4280.641113,4281.538574,4287.563965,4294.230957,4258.846191,4261.922852,4575.0,4570.128418,4411.153809,4476.538574,,,,,,,,,,,,,,,,,,,,,,,,,,,,,,,,,,,,,,,,,,,,,,,,,,,,,,,,,,,,,,,,,,,,,,
1769163816.40358,1769163816.404687,85.0,0.0,4353.333496,4263.077148,4356.666504,4321.794922,4282.820313,4276.282227,4281.153809,4289.102539,4259.487305,4262.307617,4571.666504,4568.205078,4409.358887,4472.179688,,,,,,,,,,,,,,,,,,,,,,,,,,,,,,,,,,,,,,,,,,,,,,,,,,,,,,,,,,,,,,,,,,,,,,
1769163816.411389,1769163816.412396,86.0,0.0,4356.538574,4264.871582,4353.461426,4321.922852,4281.025879,4273.461426,4281.794922,4291.025879,4262.820313,4264.358887,4572.820313,4560.512695,4408.205078,4469.743652,,,,,,,,,,,,,,,,,,,,,,,,,,,,,,,,,,,,,,,,,,,,,,,,,,,,,,,,,,,,,,,,,,,,,,
1769163816.419197,1769163816.420204,87.0,0.0,4355.641113,4263.077148,4353.205078,4321.922852,4279.230957,4278.846191,4288.717773,4293.461426,4262.692383,4264.230957,4574.615234,4553.974121,4411.410156,4474.615234,,,,,,,,,,,,,,,,,,,,,,,,,,,,,,,,,,,,,,,,,,,,,,,,,,,,,,,,,,,,,,,,,,,,,,
1769163816.427005,1769163816.428212,88.0,0.0,4357.820313,4263.717773,4351.538574,4321.153809,4280.512695,4282.307617,4289.871582,4285.769043,4260.641113,4267.820313,4578.974121,4552.307617,4416.794922,4480.641113,,,,,,,,,,,,,,,,,,,,,,,,,,,,,,,,,,,,,,,,,,,,,,,,,,,,,,,,,,,,,,,,,,,,,,
1769163816.434814,1769163816.436021,89.0,0.0,4363.589844,4272.820313,4351.666504,4323.077148,4283.077148,4279.743652,4287.179688,4284.871582,4262.94873,4274.743652,4584.615234,4555.128418,4420.897461,4481.410156,,,,,,,,,,,,,,,,,,,,,,,,,,,,,,,,,,,,,,,,,,,,,,,,,,,,,,,,,,,,,,,,,,,,,,
1769163816.442622,1769163816.443729,90.0,0.0,4367.307617,4275.769043,4355.256348,4326.025879,4282.05127,4279.487305,4287.436035,4294.871582,4267.692383,4276.282227,4588.333496,4558.461426,4421.666504,4480.128418,,,,,,,,,,,,,,,,,,,,,,,,,,,,,,,,,,,,,,,,,,,,,,,,,,,,,,,,,,,,,,,,,,,,,,
1769163816.450431,1769163816.451538,91.0,0.0,4366.538574,4268.333496,4356.153809,4326.666504,4281.538574,4281.282227,4293.333496,4297.94873,4267.563965,4272.05127,4589.102539,4555.641113,4417.307617,4478.846191,,,,,,,,,,,,,,,,,,,,,,,,,,,,,,,,,,,,,,,,,,,,,,,,,,,,,,,,,,,,,,,,,,,,,,
1769163816.458239,1769163816.459147,92.0,0.0,4363.717773,4262.94873,4352.820313,4326.410156,4283.205078,4280.128418,4292.563965,4292.05127,4262.436035,4266.153809,4583.717773,4546.153809,4412.94873,4475.641113,,,,,,,,,,,,,,,,,,,,,,,,,,,,,,,,,,,,,,,,,,,,,,,,,,,,,,,,,,,,,,,,,,,,,,
1769163816.466048,1769163816.466955,93.0,0.0,4366.794922,4268.461426,4353.589844,4326.794922,4283.589844,4279.871582,4283.589844,4291.025879,4260.641113,4265.512695,4581.153809,4547.94873,4412.563965,4475.769043,,,,,,,,,,,,,,,,,,,,,,,,,,,,,,,,,,,,,,,,,,,,,,,,,,,,,,,,,,,,,,,,,,,,,,
1769163816.473856,1769163816.474664,94.0,0.0,4375.384766,4275.897461,4356.025879,4327.436035,4284.615234,4281.153809,4282.563965,4294.871582,4265.256348,4268.974121,4583.333496,4555.0,4413.205078,4478.461426,0.813457,0.724554,0.475879,0.241122,0.25215,0.727176,0.47492,0.34035,0.17826,0.155236,0.733365,0.495548,0.250979,0.105524,0.171336,0.181749,0.181139,0.283369,0.128994,0.109313,0.636867,0.145763,0.145222,0.042199,0.056558,0.267051,0.20212,0.288249,0.058045,0.139752,0.283377,0.100314,0.047779,0.053808,0.045201,0.099654,0.13378,0.108784,0.062022,0.065118,0.263522,0.232991,0.322598,0.130135,0.091237,0.309572,0.300443,0.373374,0.078926,0.067519,1.194264,0.532374,0.583063,0.151708,0.113831,1.895991,0.664143,0.617391,0.108579,0.09958,0.475948,0.476458,0.50795,0.067225,0.127106,0.984046,0.806474,0.47668,0.147679,0.177546
1769163816.481665,1769163816.482472,95.0,0.0,4376.153809,4271.282227,4353.205078,4327.820313,4288.077148,4280.512695,4288.974121,4293.205078,4263.974121,4266.153809,4577.563965,4546.666504,4411.794922,4477.307617,,,,,,,,,,,,,,,,,,,,,,,,,,,,,,,,,,,,,,,,,,,,,,,,,,,,,,,,,,,,,,,,,,,,,,
1769163816.489473,1769163816.49048,96.0,0.0,4370.897461,4264.230957,4352.563965,4326.153809,4287.05127,4280.769043,4290.769043,4289.358887,4255.769043,4260.0,4568.717773,4535.0,4408.846191,4473.846191,,,,,,,,,,,,,,,,,,,,,,,,,,,,,,,,,,,,,,,,,,,,,,,,,,,,,,,,,,,,,,,,,,,,,,
1769163816.497281,1769163816.498289,97.0,0.0,4376.538574,4271.025879,4358.205078,4327.820313,4282.179688,4282.307617,4291.025879,4290.128418,4256.794922,4262.563965,4569.358887,4537.436035,4409.230957,4476.538574,,,,,,,,,,,,,,,,,,,,,,,,,,,,,,,,,,,,,,,,,,,,,,,,,,,,,,,,,,,,,,,,,,,,,,
1769163816.50509,1769163816.506197,98.0,0.0,4385.641113,4278.846191,4361.538574,4332.307617,4282.05127,4283.077148,4293.717773,4291.153809,4259.358887,4266.666504,4573.974121,4542.05127,4408.974121,4479.487305,,,,,,,,,,,,,,,,,,,,,,,,,,,,,,,,,,,,,,,,,,,,,,,,,,,,,,,,,,,,,,,,,,,,,,
1769163816.512898,1769163816.514005,99.0,0.0,4379.358887,4270.256348,4358.717773,4329.615234,4282.05127,4282.436035,4293.717773,4290.128418,4253.846191,4264.615234,4572.436035,4533.461426,4403.461426,4472.436035,,,,,,,,,,,,,,,,,,,,,,,,,,,,,,,,,,,,,,,,,,,,,,,,,,,,,,,,,,,,,,,,,,,,,,
1769163816.520707,1769163816.522014,100.0,0.0,4369.871582,4259.871582,4354.615234,4321.153809,4279.102539,4280.0,4292.307617,4292.820313,4253.205078,4263.846191,4568.589844,4522.436035,4396.794922,4461.282227,,,,,,,,,,,,,,,,,,,,,,,,,,,,,,,,,,,,,,,,,,,,,,,,,,,,,,,,,,,,,,,,,,,,,,
1769163816.528515,1769163816.529822,101.0,0.0,4369.102539,4258.589844,4354.743652,4318.461426,4279.743652,4283.205078,4294.615234,4294.615234,4255.128418,4262.307617,4566.666504,4522.436035,4395.897461,4457.94873,,,,,,,,,,,,,,,,,,,,,,,,,,,,,,,,,,,,,,,,,,,,,,,,,,,,,,,,,,,,,,,,,,,,,,
1769163816.536324,1769163816.537531,102.0,0.0,4372.179688,4259.871582,4356.025879,4320.128418,4282.563965,4288.077148,4296.282227,4291.794922,4250.128418,4257.692383,4566.794922,4526.794922,4396.666504,4459.871582,,,,,,,,,,,,,,,,,,,,,,,,,,,,,,,,,,,,,,,,,,,,,,,,,,,,,,,,,,,,,,,,,,,,,,
1769163816.544132,1769163816.545339,103.0,0.0,4376.666504,4259.230957,4358.589844,4319.615234,4280.769043,4284.230957,4294.487305,4293.333496,4254.102539,4258.205078,4569.230957,4525.0,4394.487305,4460.0,,,,,,,,,,,,,,,,,,,,,,,,,,,,,,,,,,,,,,,,,,,,,,,,,,,,,,,,,,,,,,,,,,,,,,
1769163816.551941,1769163816.552948,104.0,0.0,4381.410156,4255.256348,4360.256348,4318.589844,4278.077148,4279.615234,4293.333496,4296.025879,4265.384766,4256.794922,4566.538574,4522.692383,4390.128418,4458.333496,,,,,,,,,,,,,,,,,,,,,,,,,,,,,,,,,,,,,,,,,,,,,,,,,,,,,,,,,,,,,,,,,,,,,,
1769163816.559749,1769163816.560756,105.0,0.0,4380.128418,4252.563965,4359.102539,4319.358887,4278.077148,4280.512695,4295.128418,4295.897461,4261.922852,4249.743652,4560.512695,4523.077148,4387.563965,4458.461426,,,,,,,,,,,,,,,,,,,,,,,,,,,,,,,,,,,,,,,,,,,,,,,,,,,,,,,,,,,,,,,,,,,,,,
1769163816.567557,1769163816.568665,106.0,0.0,4378.461426,4257.820313,4361.025879,4321.922852,4277.436035,4279.358887,4294.358887,4295.769043,4255.641113,4249.358887,4564.102539,4523.205078,4392.179688,4459.487305,,,,,,,,,,,,,,,,,,,,,,,,,,,,,,,,,,,,,,,,,,,,,,,,,,,,,,,,,,,,,,,,,,,,,,
1769163816.575366,1769163816.576473,107.0,0.0,4385.897461,4259.230957,4366.666504,4323.717773,4275.641113,4277.94873,4293.461426,4294.743652,4258.974121,4252.820313,4571.025879,4528.205078,4397.179688,4460.512695,,,,,,,,,,,,,,,,,,,,,,,,,,,,,,,,,,,,,,,,,,,,,,,,,,,,,,,,,,,,,,,,,,,,,,
1769163816.583174,1769163816.584481,108.0,0.0,4394.230957,4252.05127,4368.333496,4323.461426,4273.077148,4281.410156,4295.128418,4293.846191,4260.128418,4250.897461,4570.128418,4535.384766,4395.256348,4465.256348,,,,,,,,,,,,,,,,,,,,,,,,,,,,,,,,,,,,,,,,,,,,,,,,,,,,,,,,,,,,,,,,,,,,,,
1769163816.590983,1769163816.59229,109.0,0.0,4396.025879,4253.205078,4368.846191,4324.230957,4272.05127,4280.897461,4294.487305,4295.384766,4257.692383,4248.077148,4570.0,4537.820313,4394.102539,4470.897461,,,,,,,,,,,,,,,,,,,,,,,,,,,,,,,,,,,,,,,,,,,,,,,,,,,,,,,,,,,,,,,,,,,,,,
1769163816.598791,1769163816.599998,110.0,0.0,4399.487305,4263.333496,4375.384766,4326.410156,4275.769043,4277.05127,4292.94873,4296.025879,4255.256348,4248.717773,4574.487305,4539.102539,4397.179688,4473.974121,0.812606,0.619424,0.415867,0.241818,0.246634,0.627553,0.441099,0.291849,0.177837,0.153953,0.82425,0.52387,0.241452,0.107352,0.177807,0.22683,0.175928,0.23134,0.114172,0.110296,0.558422,0.183972,0.154291,0.049215,0.056953,0.253041,0.172146,0.251029,0.058403,0.132797,0.255158,0.078748,0.034935,0.065278,0.042485,0.065491,0.106968,0.123998,0.062655,0.075591,0.221537,0.238773,0.305307,0.117186,0.089356,0.194463,0.322389,0.365943,0.086752,0.070307,0.998903,0.570591,0.562905,0.153805,0.125772,1.739376,0.730091,0.60291,0.122652,0.10432,0.425706,0.499322,0.482951,0.071105,0.120704,0.902081,0.748193,0.407533,0.164095,0.185969
1769163816.6066,1769163816.607807,111.0,0.0,4408.205078,4265.769043,4382.307617,4327.820313,4277.307617,4277.307617,4293.461426,4294.230957,4252.820313,4252.820313,4574.230957,4542.563965,4398.717773,4474.358887,,,,,,,,,,,,,,,,,,,,,,,,,,,,,,,,,,,,,,,,,,,,,,,,,,,,,,,,,,,,,,,,,,,,,,
1769163816.614408,1769163816.615415,112.0,0.0,4410.256348,4260.384766,4378.974121,4326.153809,4273.077148,4280.512695,4295.0,4294.102539,4250.384766,4257.179688,4572.05127,4541.410156,4395.384766,4467.692383,,,,,,,,,,,,,,,,,,,,,,,,,,,,,,,,,,,,,,,,,,,,,,,,,,,,,,,,,,,,,,,,,,,,,,
1769163816.622217,1769163816.623224,113.0,0.0,4409.102539,4263.974121,4374.230957,4325.641113,4273.461426,4275.512695,4294.102539,4292.820313,4250.641113,4259.487305,4574.230957,4535.641113,4396.153809,4465.897461,,,,,,,,,,,,,,,,,,,,,,,,,,,,,,,,,,,,,,,,,,,,,,,,,,,,,,,,,,,,,,,,,,,,,,
1769163816.630025,1769163816.631132,114.0,0.0,4418.717773,4275.769043,4378.205078,4329.871582,4278.846191,4267.563965,4289.615234,4290.641113,4248.589844,4259.487305,4572.563965,4534.871582,4404.487305,4474.487305,,,,,,,,,,,,,,,,,,,,,,,,,,,,,,,,,,,,,,,,,,,,,,,,,,,,,,,,,,,,,,,,,,,,,,
1769163816.637834,1769163816.638941,115.0,0.0,4427.307617,4277.179688,4383.974121,4334.871582,4278.717773,4272.179688,4290.256348,4292.436035,4249.743652,4259.102539,4572.179688,4538.461426,4409.487305,4478.333496,,,,,,,,,,,,,,,,,,,,,,,,,,,,,,,,,,,,,,,,,,,,,,,,,,,,,,,,,,,,,,,,,,,,,,
1769163816.645642,1769163816.646549,116.0,0.0,4426.410156,4274.743652,4383.205078,4338.333496,4276.666504,4279.615234,4294.871582,4296.794922,4257.692383,4262.436035,4578.589844,4541.153809,4410.641113,4480.897461,,,,,,,,,,,,,,,,,,,,,,,,,,,,,,,,,,,,,,,,,,,,,,,,,,,,,,,,,,,,,,,,,,,,,,
1769163816.653451,1769163816.654358,117.0,0.0,4427.692383,4278.717773,4381.794922,4336.025879,4278.205078,4278.077148,4293.846191,4295.641113,4258.333496,4263.974121,4578.461426,4542.436035,4412.692383,4489.102539,,,,,,,,,,,,,,,,,,,,,,,,,,,,,,,,,,,,,,,,,,,,,,,,,,,,,,,,,,,,,,,,,,,,,,
1769163816.661259,1769163816.662066,118.0,0.0,4429.743652,4279.230957,4379.615234,4329.230957,4278.846191,4278.205078,4291.922852,4287.179688,4250.0,4255.0,4571.153809,4539.871582,4407.05127,4483.974121,,,,,,,,,,,,,,,,,,,,,,,,,,,,,,,,,,,,,,,,,,,,,,,,,,,,,,,,,,,,,,,,,,,,,,
1769163816.669068,1769163816.669875,119.0,0.0,4426.538574,4274.615234,4373.589844,4326.538574,4276.666504,4280.769043,4294.871582,4283.846191,4245.897461,4247.563965,4569.615234,4531.538574,4400.128418,4471.922852,,,,,,,,,,,,,,,,,,,,,,,,,,,,,,,,,,,,,,,,,,,,,,,,,,,,,,,,,,,,,,,,,,,,,,
1769163816.676876,1769163816.677483,120.0,0.0,4426.666504,4277.307617,4372.692383,4329.358887,4275.384766,4277.563965,4294.102539,4288.205078,4247.94873,4254.230957,4573.974121,4529.102539,4406.153809,4476.282227,,,,,,,,,,,,,,,,,,,,,,,,,,,,,,,,,,,,,,,,,,,,,,,,,,,,,,,,,,,,,,,,,,,,,,
1769163816.684684,1769163816.685292,121.0,0.0,4434.358887,4279.230957,4376.025879,4328.589844,4274.871582,4277.05127,4290.769043,4291.666504,4252.436035,4261.922852,4578.077148,4535.128418,4412.94873,4480.769043,,,,,,,,,,,,,,,,,,,,,,,,,,,,,,,,,,,,,,,,,,,,,,,,,,,,,,,,,,,,,,,,,,,,,,
1769163816.692493,1769163816.693,122.0,0.0,4440.512695,4276.410156,4375.0,4326.666504,4274.871582,4279.743652,4294.615234,4293.846191,4261.922852,4263.461426,4585.384766,4540.512695,4413.333496,4476.153809,,,,,,,,,,,,,,,,,,,,,,,,,,,,,,,,,,,,,,,,,,,,,,,,,,,,,,,,,,,,,,,,,,,,,,
1769163816.700301,1769163816.700809,123.0,0.0,4442.179688,4277.820313,4371.666504,4328.974121,4275.384766,4279.871582,4298.589844,4296.153809,4265.512695,4263.974121,4585.769043,4538.846191,4413.846191,4475.0,,,,,,,,,,,,,,,,,,,,,,,,,,,,,,,,,,,,,,,,,,,,,,,,,,,,,,,,,,,,,,,,,,,,,,
1769163816.70811,1769163816.708817,124.0,0.0,4441.922852,4280.0,4371.025879,4328.846191,4276.410156,4280.512695,4295.512695,4294.487305,4259.102539,4262.436035,4575.512695,4531.410156,4408.846191,4477.436035,,,,,,,,,,,,,,,,,,,,,,,,,,,,,,,,,,,,,,,,,,,,,,,,,,,,,,,,,,,,,,,,,,,,,,
1769163816.715918,1769163816.716626,125.0,0.0,4443.077148,4277.820313,4372.563965,4326.410156,4276.282227,4278.461426,4292.05127,4292.94873,4257.436035,4259.358887,4570.641113,4524.615234,4400.641113,4473.333496,,,,,,,,,,,,,,,,,,,,,,,,,,,,,,,,,,,,,,,,,,,,,,,,,,,,,,,,,,,,,,,,,,,,,,
1769163816.723727,1769163816.724534,126.0,0.0,4443.717773,4272.94873,4371.794922,4325.897461,4274.487305,4277.05127,4295.0,4296.153809,4260.897461,4258.846191,4572.179688,4522.94873,4397.94873,4464.871582,0.772018,0.470442,0.336819,0.217513,0.225595,0.553234,0.399586,0.236324,0.170243,0.146113,0.829629,0.510905,0.221631,0.105769,0.171807,0.278213,0.172867,0.177469,0.097091,0.106823,0.483318,0.223346,0.170465,0.05686,0.055903,0.249721,0.153173,0.206104,0.059452,0.128341,0.216951,0.062671,0.029357,0.076333,0.044591,0.04421,0.090828,0.145841,0.066701,0.087748,0.184381,0.252691,0.28055,0.109906,0.086553,0.140726,0.35511,0.34445,0.09956,0.073725,0.777303,0.572186,0.503141,0.159892,0.132848,1.584317,0.723176,0.536801,0.146822,0.115187,0.406988,0.512383,0.417584,0.085595,0.107254,0.8076,0.617133,0.331734,0.190395,0.186122
1769163816.731535,1769163816.732342,127.0,0.0,4443.205078,4272.05127,4370.128418,4325.384766,4276.666504,4281.410156,4297.179688,4294.230957,4261.666504,4259.102539,4572.820313,4523.846191,4397.05127,4465.128418,,,,,,,,,,,,,,,,,,,,,,,,,,,,,,,,,,,,,,,,,,,,,,,,,,,,,,,,,,,,,,,,,,,,,,
1769163816.739344,1769163816.739951,0.0,0.0,4443.974121,4277.05127,4371.025879,4326.922852,4278.974121,4283.077148,4293.205078,4293.589844,4256.666504,4256.025879,4571.666504,4524.743652,4396.538574,4468.077148,,,,,,,,,,,,,,,,,,,,,,,,,,,,,,,,,,,,,,,,,,,,,,,,,,,,,,,,,,,,,,,,,,,,,,
1769163816.747152,1769163816.747759,1.0,0.0,4443.205078,4276.153809,4369.487305,4326.538574,4272.820313,4282.307617,4294.230957,4293.461426,4249.102539,4248.846191,4570.256348,4520.256348,4396.794922,4461.410156,,,,,,,,,,,,,,,,,,,,,,,,,,,,,,,,,,,,,,,,,,,,,,,,,,,,,,,,,,,,,,,,,,,,,,
1769163816.75496,1769163816.755468,2.0,0.0,4440.769043,4271.666504,4364.102539,4321.538574,4265.641113,4277.94873,4296.025879,4282.436035,4244.743652,4244.615234,4566.666504,4511.666504,4393.717773,4455.897461,,,,,,,,,,,,,,,,,,,,,,,,,,,,,,,,,,,,,,,,,,,,,,,,,,,,,,,,,,,,,,,,,,,,,,
1769163816.762769,1769163816.763276,3.0,0.0,4440.384766,4275.128418,4364.615234,4321.666504,4265.512695,4268.717773,4288.077148,4275.256348,4247.820313,4248.077148,4566.282227,4513.461426,4396.794922,4461.410156,,,,,,,,,,,,,,,,,,,,,,,,,,,,,,,,,,,,,,,,,,,,,,,,,,,,,,,,,,,,,,,,,,,,,,
1769163816.770577,1769163816.771285,4.0,0.0,4445.897461,4279.743652,4370.641113,4326.538574,4268.589844,4270.641113,4287.307617,4279.871582,4249.743652,4248.589844,4568.589844,4521.538574,4401.666504,4464.230957,,,,,,,,,,,,,,,,,,,,,,,,,,,,,,,,,,,,,,,,,,,,,,,,,,,,,,,,,,,,,,,,,,,,,,
1769163816.778386,1769163816.779093,5.0,0.0,4456.794922,4278.974121,4373.717773,4326.666504,4274.102539,4282.05127,4297.179688,4281.922852,4246.025879,4245.897461,4569.871582,4521.666504,4398.717773,4464.871582,,,,,,,,,,,,,,,,,,,,,,,,,,,,,,,,,,,,,,,,,,,,,,,,,,,,,,,,,,,,,,,,,,,,,,
1769163816.786194,1769163816.787001,6.0,0.0,4462.05127,4279.615234,4377.563965,4326.794922,4274.615234,4280.769043,4299.487305,4282.179688,4247.563965,4253.589844,4577.692383,4523.333496,4402.436035,4472.820313,,,,,,,,,,,,,,,,,,,,,,,,,,,,,,,,,,,,,,,,,,,,,,,,,,,,,,,,,,,,,,,,,,,,,,
1769163816.794003,1769163816.79481,7.0,0.0,4461.153809,4280.897461,4381.410156,4328.333496,4268.077148,4274.743652,4295.0,4288.589844,4252.563965,4259.487305,4586.666504,4529.230957,4413.333496,4480.769043,,,,,,,,,,,,,,,,,,,,,,,,,,,,,,,,,,,,,,,,,,,,,,,,,,,,,,,,,,,,,,,,,,,,,,
1769163816.801811,1769163816.802518,8.0,0.0,4466.410156,4280.128418,4381.666504,4326.794922,4270.0,4277.820313,4295.128418,4290.128418,4253.846191,4254.102539,4585.769043,4531.538574,4415.384766,4479.487305,,,,,,,,,,,,,,,,,,,,,,,,,,,,,,,,,,,,,,,,,,,,,,,,,,,,,,,,,,,,,,,,,,,,,,
1769163816.80962,1769163816.810327,9.0,0.0,4475.384766,4280.384766,4383.717773,4328.589844,4275.384766,4278.846191,4296.666504,4287.179688,4250.0,4248.846191,4582.307617,4532.563965,4411.410156,4476.666504,,,,,,,,,,,,,,,,,,,,,,,,,,,,,,,,,,,,,,,,,,,,,,,,,,,,,,,,,,,,,,,,,,,,,,
1769163816.817428,1769163816.818035,10.0,0.0,4479.615234,4281.666504,4387.179688,4333.589844,4270.256348,4277.179688,4296.794922,4287.94873,4248.333496,4250.641113,4586.153809,4535.384766,4412.820313,4482.179688,,,,,,,,,,,,,,,,,,,,,,,,,,,,,,,,,,,,,,,,,,,,,,,,,,,,,,,,,,,,,,,,,,,,,,
1769163816.825236,1769163816.825844,11.0,0.0,4478.717773,4282.692383,4387.307617,4335.0,4266.538574,4280.897461,4298.461426,4288.846191,4253.717773,4255.384766,4588.077148,4535.0,4414.358887,4483.846191,,,,,,,,,,,,,,,,,,,,,,,,,,,,,,,,,,,,,,,,,,,,,,,,,,,,,,,,,,,,,,,,,,,,,,
1769163816.833045,1769163816.833852,12.0,0.0,4477.307617,4284.358887,4388.077148,4335.512695,4273.461426,4280.384766,4297.563965,4291.410156,4262.94873,4261.410156,4584.487305,4534.358887,4411.922852,4475.384766,,,,,,,,,,,,,,,,,,,,,,,,,,,,,,,,,,,,,,,,,,,,,,,,,,,,,,,,,,,,,,,,,,,,,,
1769163816.840853,1769163816.841661,13.0,0.0,4480.384766,4283.589844,4390.384766,4334.871582,4277.563965,4279.615234,4296.922852,4294.871582,4265.512695,4263.717773,4584.615234,4536.025879,4409.615234,4475.769043,,,,,,,,,,,,,,,,,,,,,,,,,,,,,,,,,,,,,,,,,,,,,,,,,,,,,,,,,,,,,,,,,,,,,,
1769163816.848662,1769163816.849369,14.0,0.0,4488.974121,4280.512695,4388.333496,4333.205078,4272.05127,4286.025879,4298.717773,4295.384766,4264.358887,4263.205078,4587.179688,4537.94873,4410.0,4486.282227,0.666929,0.324378,0.270365,0.176733,0.197984,0.542572,0.359563,0.188588,0.157773,0.136905,0.771821,0.457571,0.19835,0.101459,0.156175,0.355338,0.173918,0.136492,0.079698,0.100702,0.432766,0.2535,0.188397,0.063721,0.053961,0.237373,0.141236,0.161722,0.059609,0.125368,0.175256,0.054427,0.030617,0.083993,0.05083,0.034841,0.097137,0.173736,0.074804,0.098955,0.162959,0.280421,0.260936,0.106504,0.083794,0.147892,0.399412,0.315396,0.115241,0.076828,0.574194,0.543121,0.429148,0.169069,0.133109,1.457059,0.652694,0.446382,0.173201,0.133588,0.422496,0.506628,0.330023,0.109628,0.09043,0.719179,0.458859,0.259437,0.21528,0.178536
1769163816.85647,1769163816.857178,15.0,0.0,4491.538574,4280.512695,4385.769043,4334.871582,4265.769043,4288.974121,4302.436035,4296.538574,4270.897461,4266.282227,4588.077148,4539.358887,4413.205078,4485.0,,,,,,,,,,,,,,,,,,,,,,,,,,,,,,,,,,,,,,,,,,,,,,,,,,,,,,,,,,,,,,,,,,,,,,
1769163816.864279,1769163816.864786,16.0,0.0,4485.384766,4281.794922,4386.282227,4333.077148,4263.846191,4282.820313,4305.512695,4295.256348,4270.641113,4265.641113,4586.794922,4535.641113,4413.333496,4475.256348,,,,,,,,,,,,,,,,,,,,,,,,,,,,,,,,,,,,,,,,,,,,,,,,,,,,,,,,,,,,,,,,,,,,,,
