Timestamp,OriginalTimestamp,EEG.Counter,EEG.Interpolated,EEG.AF3,EEG.F7,EEG.F3,EEG.FC5,EEG.T7,EEG.P7,EEG.O1,EEG.O2,EEG.P8,EEG.T8,EEG.FC6,EEG.F4,EEG.F8,EEG.AF4,POW.AF3.Theta,POW.AF3.Alpha,POW.AF3.BetaL,POW.AF3.BetaH,POW.AF3.Gamma,POW.F7.Theta,POW.F7.Alpha,POW.F7.BetaL,POW.F7.BetaH,POW.F7.Gamma,POW.F3.Theta,POW.F3.Alpha,POW.F3.BetaL,POW.F3.BetaH,POW.F3.Gamma,POW.FC5.Theta,POW.FC5.Alpha,POW.FC5.BetaL,POW.FC5.BetaH,POW.FC5.Gamma,POW.T7.Theta,POW.T7.Alpha,POW.T7.BetaL,POW.T7.BetaH,POW.T7.Gamma,POW.P7.Theta,POW.P7.Alpha,POW.P7.BetaL,POW.P7.BetaH,POW.P7.Gamma,POW.O1.Theta,POW.O1.Alpha,POW.O1.BetaL,POW.O1.BetaH,POW.O1.Gamma,POW.O2.Theta,POW.O2.Alpha,POW.O2.BetaL,POW.O2.BetaH,POW.O2.Gamma,POW.P8.Theta,POW.P8.Alpha,POW.P8.BetaL,POW.P8.BetaH,POW.P8.Gamma,POW.T8.Theta,POW.T8.Alpha,POW.T8.BetaL,POW.T8.BetaH,POW.T8.Gamma,POW.FC6.Theta,POW.FC6.Alpha,POW.FC6.BetaL,POW.FC6.BetaH,POW.FC6.Gamma,POW.F4.Theta,POW.F4.Alpha,POW.F4.BetaL,POW.F4.BetaH,POW.F4.Gamma,POW.F8.Theta,POW.F8.Alpha,POW.F8.BetaL,POW.F8.BetaH,POW.F8.Gamma,POW.AF4.Theta,POW.AF4.Alpha,POW.AF4.BetaL,POW.AF4.BetaH,POW.AF4.Gamma
1768920117.08875,1768920117.089522,79.0,0.0,4358.974121,4337.436035,4349.358887,4357.563965,4333.846191,4333.846191,4336.025879,4355.128418,4343.205078,4326.025879,4509.743652,4526.666504,4412.179688,4461.922852,,,,,,,,,,,,,,,,,,,,,,,,,,,,,,,,,,,,,,,,,,,,,,,,,,,,,,,,,,,,,,,,,,,,,,
1768920117.096559,1768920117.097531,80.0,0.0,4357.307617,4340.256348,4342.179688,4357.94873,4342.307617,4340.897461,4338.461426,4353.333496,4344.487305,4329.615234,4509.743652,4523.077148,4417.692383,4458.974121,1.037267,0.83375,0.479156,0.132276,0.110904,0.487832,0.25181,0.360693,0.197764,0.099825,0.980564,0.475911,0.420573,0.209886,0.072811,0.503532,0.24283,0.372228,0.254988,0.085614,0.121019,0.119594,0.090693,0.102241,0.071651,0.165876,0.221751,0.08944,0.148995,0.193779,0.292098,0.374499,0.217048,0.278903,0.207144,0.192377,0.1512,0.181455,0.168268,0.142303,0.436525,0.275966,0.202937,0.174896,0.093027,0.254449,0.393959,0.193325,0.141591,0.091247,0.512332,0.330706,0.220259,0.334303,0.110793,1.102226,0.466132,0.356813,0.477837,0.119038,0.898033,0.500941,0.512616,0.27078,0.144862,0.482492,0.51909,0.466719,0.279015,0.192032
1768920117.104367,1768920117.105339,81.0,0.0,4354.102539,4339.871582,4343.333496,4355.256348,4340.384766,4342.179688,4345.0,4344.358887,4337.307617,4325.0,4509.230957,4523.974121,4419.487305,4459.615234,,,,,,,,,,,,,,,,,,,,,,,,,,,,,,,,,,,,,,,,,,,,,,,,,,,,,,,,,,,,,,,,,,,,,,
1768920117.112176,1768920117.113247,82.0,0.0,4352.563965,4340.0,4350.0,4355.0,4337.94873,4341.025879,4348.717773,4342.179688,4331.538574,4319.102539,4508.461426,4529.102539,4419.615234,4462.563965,,,,,,,,,,,,,,,,,,,,,,,,,,,,,,,,,,,,,,,,,,,,,,,,,,,,,,,,,,,,,,,,,,,,,,
1768920117.119984,1768920117.121056,83.0,0.0,4351.025879,4338.589844,4352.692383,4356.282227,4339.743652,4332.563965,4341.922852,4347.94873,4330.256348,4315.512695,4506.666504,4526.666504,4415.897461,4461.538574,,,,,,,,,,,,,,,,,,,,,,,,,,,,,,,,,,,,,,,,,,,,,,,,,,,,,,,,,,,,,,,,,,,,,,
1768920117.127793,1768920117.129064,84.0,0.0,4348.333496,4334.743652,4346.794922,4355.769043,4336.538574,4330.384766,4339.230957,4355.897461,4337.94873,4315.769043,4507.179688,4523.205078,4413.589844,4460.128418,,,,,,,,,,,,,,,,,,,,,,,,,,,,,,,,,,,,,,,,,,,,,,,,,,,,,,,,,,,,,,,,,,,,,,
1768920117.135601,1768920117.136873,85.0,0.0,4345.897461,4334.743652,4341.538574,4356.153809,4334.871582,4339.230957,4344.871582,4352.563965,4336.922852,4314.230957,4504.615234,4519.743652,4413.205078,4459.743652,,,,,,,,,,,,,,,,,,,,,,,,,,,,,,,,,,,,,,,,,,,,,,,,,,,,,,,,,,,,,,,,,,,,,,
1768920117.14341,1768920117.144581,86.0,0.0,4341.538574,4338.461426,4340.512695,4356.153809,4337.692383,4337.307617,4342.94873,4344.358887,4325.256348,4313.589844,4501.025879,4512.692383,4411.794922,4454.487305,,,,,,,,,,,,,,,,,,,,,,,,,,,,,,,,,,,,,,,,,,,,,,,,,,,,,,,,,,,,,,,,,,,,,,
1768920117.151218,1768920117.15239,87.0,0.0,4338.205078,4336.538574,4340.512695,4352.179688,4333.717773,4328.461426,4337.94873,4346.153809,4326.153809,4320.128418,4505.769043,4516.153809,4412.820313,4455.384766,,,,,,,,,,,,,,,,,,,,,,,,,,,,,,,,,,,,,,,,,,,,,,,,,,,,,,,,,,,,,,,,,,,,,,
1768920117.159027,1768920117.159998,88.0,0.0,4335.128418,4329.615234,4340.384766,4350.384766,4328.717773,4331.922852,4340.128418,4351.922852,4331.666504,4318.846191,4506.410156,4522.05127,4410.0,4458.077148,,,,,,,,,,,,,,,,,,,,,,,,,,,,,,,,,,,,,,,,,,,,,,,,,,,,,,,,,,,,,,,,,,,,,,
1768920117.166835,1768920117.167807,89.0,0.0,4332.692383,4325.769043,4339.743652,4352.179688,4330.769043,4336.794922,4343.077148,4351.922852,4331.153809,4308.077148,4492.94873,4514.743652,4399.102539,4450.256348,,,,,,,,,,,,,,,,,,,,,,,,,,,,,,,,,,,,,,,,,,,,,,,,,,,,,,,,,,,,,,,,,,,,,,
1768920117.174644,1768920117.175515,90.0,0.0,4335.897461,4325.384766,4340.512695,4350.256348,4330.256348,4335.128418,4343.717773,4352.179688,4333.333496,4308.846191,4488.717773,4510.384766,4390.897461,4445.128418,,,,,,,,,,,,,,,,,,,,,,,,,,,,,,,,,,,,,,,,,,,,,,,,,,,,,,,,,,,,,,,,,,,,,,
1768920117.182452,1768920117.183324,91.0,0.0,4339.230957,4328.846191,4341.794922,4347.94873,4327.94873,4335.641113,4343.205078,4356.666504,4339.615234,4321.025879,4505.641113,4519.358887,4402.94873,4453.589844,,,,,,,,,,,,,,,,,,,,,,,,,,,,,,,,,,,,,,,,,,,,,,,,,,,,,,,,,,,,,,,,,,,,,,
1768920117.190261,1768920117.191332,92.0,0.0,4339.743652,4336.025879,4339.487305,4351.794922,4330.256348,4335.256348,4343.589844,4359.358887,4343.846191,4328.846191,4517.436035,4531.794922,4422.436035,4467.94873,,,,,,,,,,,,,,,,,,,,,,,,,,,,,,,,,,,,,,,,,,,,,,,,,,,,,,,,,,,,,,,,,,,,,,
1768920117.198069,1768920117.19914,93.0,0.0,4341.922852,4340.384766,4340.641113,4356.794922,4332.307617,4331.025879,4343.205078,4358.717773,4343.974121,4327.05127,4512.05127,4536.794922,4423.461426,4472.94873,,,,,,,,,,,,,,,,,,,,,,,,,,,,,,,,,,,,,,,,,,,,,,,,,,,,,,,,,,,,,,,,,,,,,,
1768920117.205878,1768920117.207049,94.0,0.0,4342.179688,4336.153809,4348.333496,4356.025879,4331.025879,4333.077148,4341.153809,4355.128418,4339.743652,4318.589844,4506.153809,4531.025879,4409.743652,4465.384766,,,,,,,,,,,,,,,,,,,,,,,,,,,,,,,,,,,,,,,,,,,,,,,,,,,,,,,,,,,,,,,,,,,,,,
1768920117.213686,1768920117.214858,95.0,0.0,4335.769043,4330.0,4346.538574,4348.589844,4329.358887,4339.743652,4341.666504,4357.94873,4338.205078,4311.922852,4507.05127,4525.769043,4404.102539,4457.94873,,,,,,,,,,,,,,,,,,,,,,,,,,,,,,,,,,,,,,,,,,,,,,,,,,,,,,,,,,,,,,,,,,,,,,
1768920117.221495,1768920117.222466,96.0,0.0,4336.410156,4325.897461,4334.487305,4342.94873,4325.769043,4341.538574,4345.384766,4361.922852,4340.769043,4315.512695,4507.820313,4527.05127,4408.205078,4457.94873,0.933747,0.776798,0.398157,0.150735,0.113245,0.386804,0.239957,0.393006,0.220403,0.125307,1.068663,0.404775,0.411779,0.259871,0.079383,0.486939,0.200674,0.392133,0.284025,0.10001,0.127568,0.132076,0.105338,0.104516,0.070712,0.154081,0.211479,0.076987,0.167668,0.177123,0.285112,0.313803,0.203506,0.298601,0.193248,0.231347,0.171173,0.185769,0.154088,0.132855,0.428922,0.337386,0.245499,0.166969,0.084443,0.268338,0.328679,0.156483,0.137357,0.078277,0.552814,0.320469,0.20192,0.337936,0.123491,1.01563,0.411843,0.312159,0.588891,0.124449,0.887633,0.435795,0.408925,0.303068,0.14355,0.421201,0.521161,0.393284,0.323607,0.191504
1768920117.229303,1768920117.230274,97.0,0.0,4342.307617,4326.025879,4331.922852,4344.230957,4326.410156,4341.282227,4345.897461,4357.436035,4338.717773,4319.615234,4507.563965,4528.205078,4408.205078,4461.410156,,,,,,,,,,,,,,,,,,,,,,,,,,,,,,,,,,,,,,,,,,,,,,,,,,,,,,,,,,,,,,,,,,,,,,
1768920117.237112,1768920117.237983,98.0,0.0,4341.410156,4327.307617,4340.256348,4349.358887,4329.487305,4336.153809,4339.615234,4353.589844,4335.128418,4315.769043,4506.922852,4525.641113,4402.307617,4464.871582,,,,,,,,,,,,,,,,,,,,,,,,,,,,,,,,,,,,,,,,,,,,,,,,,,,,,,,,,,,,,,,,,,,,,,
1768920117.24492,1768920117.245791,99.0,0.0,4345.128418,4327.307617,4346.538574,4351.922852,4330.256348,4329.358887,4336.922852,4355.384766,4336.666504,4314.615234,4506.025879,4525.256348,4402.307617,4465.384766,,,,,,,,,,,,,,,,,,,,,,,,,,,,,,,,,,,,,,,,,,,,,,,,,,,,,,,,,,,,,,,,,,,,,,
1768920117.252729,1768920117.253399,100.0,0.0,4349.743652,4328.589844,4345.897461,4350.128418,4331.922852,4338.717773,4342.307617,4355.897461,4339.358887,4321.153809,4507.179688,4527.94873,4405.897461,4459.743652,,,,,,,,,,,,,,,,,,,,,,,,,,,,,,,,,,,,,,,,,,,,,,,,,,,,,,,,,,,,,,,,,,,,,,
1768920117.260538,1768920117.261207,101.0,0.0,4346.538574,4328.846191,4339.358887,4345.256348,4329.487305,4348.974121,4344.487305,4354.743652,4340.256348,4322.436035,4508.205078,4528.461426,4405.256348,4459.615234,,,,,,,,,,,,,,,,,,,,,,,,,,,,,,,,,,,,,,,,,,,,,,,,,,,,,,,,,,,,,,,,,,,,,,
1768920117.268346,1768920117.269116,102.0,0.0,4344.230957,4325.769043,4337.307617,4341.538574,4325.128418,4336.794922,4340.128418,4356.410156,4339.487305,4317.307617,4506.282227,4527.436035,4406.282227,4463.846191,,,,,,,,,,,,,,,,,,,,,,,,,,,,,,,,,,,,,,,,,,,,,,,,,,,,,,,,,,,,,,,,,,,,,,
1768920117.276154,1768920117.276924,103.0,0.0,4346.282227,4326.025879,4343.077148,4342.820313,4327.563965,4326.794922,4339.871582,4355.769043,4335.641113,4313.717773,4504.615234,4527.05127,4408.461426,4461.410156,,,,,,,,,,,,,,,,,,,,,,,,,,,,,,,,,,,,,,,,,,,,,,,,,,,,,,,,,,,,,,,,,,,,,,
1768920117.283963,1768920117.284932,104.0,0.0,4342.436035,4328.461426,4343.589844,4347.179688,4331.666504,4338.461426,4344.743652,4349.743652,4331.282227,4311.410156,4505.641113,4525.769043,4403.974121,4458.846191,,,,,,,,,,,,,,,,,,,,,,,,,,,,,,,,,,,,,,,,,,,,,,,,,,,,,,,,,,,,,,,,,,,,,,
1768920117.291772,1768920117.292741,105.0,0.0,4338.077148,4324.102539,4338.205078,4347.563965,4328.846191,4340.641113,4342.563965,4347.179688,4329.230957,4312.05127,4506.153809,4526.025879,4398.461426,4459.615234,,,,,,,,,,,,,,,,,,,,,,,,,,,,,,,,,,,,,,,,,,,,,,,,,,,,,,,,,,,,,,,,,,,,,,
1768920117.29958,1768920117.300649,106.0,0.0,4344.358887,4323.077148,4338.461426,4345.769043,4325.512695,4328.077148,4337.179688,4354.230957,4331.153809,4311.153809,4505.512695,4531.410156,4399.487305,4461.666504,,,,,,,,,,,,,,,,,,,,,,,,,,,,,,,,,,,,,,,,,,,,,,,,,,,,,,,,,,,,,,,,,,,,,,
1768920117.307389,1768920117.308458,107.0,0.0,4351.025879,4330.128418,4342.94873,4348.846191,4329.358887,4328.077148,4338.461426,4356.666504,4332.307617,4307.692383,4505.256348,4532.820313,4401.410156,4463.846191,,,,,,,,,,,,,,,,,,,,,,,,,,,,,,,,,,,,,,,,,,,,,,,,,,,,,,,,,,,,,,,,,,,,,,
1768920117.315197,1768920117.316466,108.0,0.0,4352.563965,4329.230957,4343.333496,4350.641113,4332.179688,4340.512695,4343.333496,4350.769043,4329.615234,4309.615234,4504.871582,4522.692383,4398.717773,4462.179688,,,,,,,,,,,,,,,,,,,,,,,,,,,,,,,,,,,,,,,,,,,,,,,,,,,,,,,,,,,,,,,,,,,,,,
1768920117.323006,1768920117.324274,109.0,0.0,4348.589844,4322.692383,4338.589844,4342.692383,4327.820313,4340.128418,4343.589844,4353.077148,4330.769043,4312.692383,4505.512695,4514.871582,4395.897461,4459.358887,,,,,,,,,,,,,,,,,,,,,,,,,,,,,,,,,,,,,,,,,,,,,,,,,,,,,,,,,,,,,,,,,,,,,,
1768920117.330814,1768920117.331983,110.0,0.0,4344.358887,4322.563965,4333.846191,4340.256348,4324.743652,4329.230957,4342.820313,4358.461426,4336.794922,4312.307617,4507.307617,4516.538574,4396.538574,4457.692383,,,,,,,,,,,,,,,,,,,,,,,,,,,,,,,,,,,,,,,,,,,,,,,,,,,,,,,,,,,,,,,,,,,,,,
1768920117.338623,1768920117.339791,111.0,0.0,4346.025879,4326.922852,4334.743652,4345.128418,4328.461426,4330.0,4343.717773,4356.282227,4336.282227,4309.487305,4503.717773,4517.436035,4397.692383,4458.077148,,,,,,,,,,,,,,,,,,,,,,,,,,,,,,,,,,,,,,,,,,,,,,,,,,,,,,,,,,,,,,,,,,,,,,
1768920117.346431,1768920117.3474,112.0,0.0,4350.897461,4328.461426,4336.794922,4343.974121,4330.384766,4338.717773,4341.025879,4351.922852,4328.077148,4303.205078,4493.846191,4512.563965,4389.487305,4458.205078,0.78786,0.685313,0.320118,0.175455,0.117148,0.313044,0.246961,0.410049,0.246123,0.151439,1.094016,0.339867,0.390962,0.301012,0.091018,0.470278,0.179652,0.413629,0.303368,0.112913,0.146144,0.141306,0.119844,0.10586,0.070568,0.148424,0.206822,0.065763,0.178146,0.159124,0.277379,0.256021,0.184952,0.318329,0.182307,0.278171,0.187653,0.180639,0.148218,0.129966,0.428777,0.379648,0.273715,0.166698,0.08239,0.309328,0.278023,0.128305,0.142575,0.069123,0.574689,0.308404,0.197218,0.349036,0.140177,0.92594,0.378587,0.285275,0.67099,0.130878,0.857087,0.369498,0.333294,0.338181,0.143671,0.358249,0.503316,0.332583,0.362126,0.194469
1768920117.35424,1768920117.355208,113.0,0.0,4357.436035,4328.717773,4334.743652,4342.94873,4328.974121,4338.461426,4340.897461,4348.077148,4326.538574,4298.589844,4490.769043,4507.179688,4386.666504,4457.94873,,,,,,,,,,,,,,,,,,,,,,,,,,,,,,,,,,,,,,,,,,,,,,,,,,,,,,,,,,,,,,,,,,,,,,
1768920117.362048,1768920117.362917,114.0,0.0,4358.589844,4328.077148,4334.743652,4342.436035,4326.410156,4326.922852,4339.743652,4343.205078,4327.05127,4302.05127,4493.717773,4509.743652,4393.846191,4457.436035,,,,,,,,,,,,,,,,,,,,,,,,,,,,,,,,,,,,,,,,,,,,,,,,,,,,,,,,,,,,,,,,,,,,,,
1768920117.369857,1768920117.370725,115.0,0.0,4354.358887,4325.128418,4340.641113,4340.256348,4324.487305,4320.256348,4330.384766,4346.153809,4323.846191,4300.512695,4492.692383,4518.717773,4393.205078,4458.589844,,,,,,,,,,,,,,,,,,,,,,,,,,,,,,,,,,,,,,,,,,,,,,,,,,,,,,,,,,,,,,,,,,,,,,
1768920117.377665,1768920117.378334,116.0,0.0,4353.589844,4327.94873,4342.179688,4345.0,4325.512695,4324.230957,4326.538574,4353.205078,4321.794922,4293.589844,4491.410156,4521.025879,4386.666504,4459.230957,,,,,,,,,,,,,,,,,,,,,,,,,,,,,,,,,,,,,,,,,,,,,,,,,,,,,,,,,,,,,,,,,,,,,,
1768920117.385474,1768920117.386142,117.0,0.0,4352.820313,4333.846191,4337.563965,4349.358887,4325.0,4325.769043,4334.102539,4351.922852,4324.358887,4297.307617,4491.922852,4511.794922,4385.641113,4453.717773,,,,,,,,,,,,,,,,,,,,,,,,,,,,,,,,,,,,,,,,,,,,,,,,,,,,,,,,,,,,,,,,,,,,,,
1768920117.393282,1768920117.394051,118.0,0.0,4353.205078,4333.589844,4335.769043,4345.0,4325.256348,4326.025879,4340.512695,4351.538574,4328.461426,4301.410156,4493.974121,4510.512695,4389.615234,4451.666504,,,,,,,,,,,,,,,,,,,,,,,,,,,,,,,,,,,,,,,,,,,,,,,,,,,,,,,,,,,,,,,,,,,,,,
1768920117.401091,1768920117.401859,119.0,0.0,4352.436035,4327.820313,4335.0,4342.692383,4328.717773,4330.769043,4342.05127,4352.692383,4327.179688,4300.897461,4496.666504,4519.615234,4393.846191,4455.384766,,,,,,,,,,,,,,,,,,,,,,,,,,,,,,,,,,,,,,,,,,,,,,,,,,,,,,,,,,,,,,,,,,,,,,
1768920117.408899,1768920117.409868,120.0,0.0,4345.512695,4325.0,4333.846191,4344.615234,4330.128418,4336.153809,4345.128418,4348.461426,4325.769043,4303.846191,4495.897461,4518.589844,4395.128418,4459.487305,,,,,,,,,,,,,,,,,,,,,,,,,,,,,,,,,,,,,,,,,,,,,,,,,,,,,,,,,,,,,,,,,,,,,,
1768920117.416708,1768920117.417676,121.0,0.0,4343.077148,4328.974121,4333.717773,4344.102539,4327.563965,4332.307617,4339.358887,4344.487305,4326.153809,4304.230957,4490.769043,4509.102539,4389.871582,4457.05127,,,,,,,,,,,,,,,,,,,,,,,,,,,,,,,,,,,,,,,,,,,,,,,,,,,,,,,,,,,,,,,,,,,,,,
1768920117.424516,1768920117.425384,122.0,0.0,4346.025879,4334.102539,4328.333496,4346.410156,4324.615234,4322.94873,4327.692383,4345.256348,4324.615234,4300.256348,4487.692383,4501.794922,4386.666504,4448.846191,,,,,,,,,,,,,,,,,,,,,,,,,,,,,,,,,,,,,,,,,,,,,,,,,,,,,,,,,,,,,,,,,,,,,,
1768920117.432325,1768920117.433193,123.0,0.0,4342.179688,4334.615234,4324.615234,4347.692383,4326.025879,4325.0,4332.179688,4352.563965,4326.282227,4303.333496,4493.589844,4503.461426,4391.666504,4446.666504,,,,,,,,,,,,,,,,,,,,,,,,,,,,,,,,,,,,,,,,,,,,,,,,,,,,,,,,,,,,,,,,,,,,,,
1768920117.440133,1768920117.440801,124.0,0.0,4341.410156,4333.846191,4334.487305,4348.205078,4332.05127,4332.94873,4343.077148,4354.358887,4329.230957,4311.410156,4502.820313,4517.307617,4399.102539,4453.846191,,,,,,,,,,,,,,,,,,,,,,,,,,,,,,,,,,,,,,,,,,,,,,,,,,,,,,,,,,,,,,,,,,,,,,
1768920117.447942,1768920117.448609,125.0,0.0,4349.230957,4339.743652,4345.897461,4353.333496,4334.230957,4332.436035,4344.871582,4346.153809,4326.025879,4314.230957,4509.615234,4527.179688,4405.769043,4468.077148,,,,,,,,,,,,,,,,,,,,,,,,,,,,,,,,,,,,,,,,,,,,,,,,,,,,,,,,,,,,,,,,,,,,,,
1768920117.45575,1768920117.456317,126.0,0.0,4348.846191,4342.179688,4343.974121,4354.615234,4328.846191,4327.05127,4340.256348,4345.0,4323.333496,4312.05127,4504.743652,4523.333496,4402.94873,4472.94873,,,,,,,,,,,,,,,,,,,,,,,,,,,,,,,,,,,,,,,,,,,,,,,,,,,,,,,,,,,,,,,,,,,,,,
1768920117.463559,1768920117.464126,127.0,0.0,4344.230957,4337.820313,4340.128418,4353.205078,4324.358887,4323.974121,4336.666504,4353.461426,4326.282227,4309.358887,4495.128418,4518.717773,4396.666504,4464.615234,,,,,,,,,,,,,,,,,,,,,,,,,,,,,,,,,,,,,,,,,,,,,,,,,,,,,,,,,,,,,,,,,,,,,,
1768920117.471367,1768920117.472134,0.0,0.0,4346.282227,4337.692383,4341.410156,4353.333496,4325.897461,4326.025879,4335.897461,4353.461426,4327.94873,4309.871582,4496.666504,4517.563965,4399.487305,4457.94873,0.650009,0.59212,0.25765,0.197244,0.122784,0.274315,0.283385,0.399479,0.264191,0.172452,1.0469,0.297024,0.358799,0.323721,0.107266,0.460314,0.182669,0.421664,0.304971,0.121338,0.172911,0.146081,0.1282,0.104862,0.070999,0.143676,0.202492,0.056791,0.17769,0.146759,0.261404,0.208292,0.163162,0.326384,0.176682,0.32511,0.196289,0.165467,0.143759,0.134149,0.427933,0.39447,0.277934,0.16692,0.087592,0.362603,0.256438,0.109758,0.153919,0.065511,0.5726,0.299938,0.199906,0.349149,0.156283,0.859854,0.390102,0.264752,0.689064,0.137514,0.811533,0.318666,0.292691,0.361322,0.145018,0.302306,0.475237,0.28947,0.380692,0.199491
1768920117.479176,1768920117.479942,1.0,0.0,4346.410156,4337.692383,4341.794922,4350.769043,4327.436035,4327.436035,4338.589844,4350.769043,4326.153809,4309.358887,4498.974121,4517.692383,4401.025879,4458.974121,,,,,,,,,,,,,,,,,,,,,,,,,,,,,,,,,,,,,,,,,,,,,,,,,,,,,,,,,,,,,,,,,,,,,,
1768920117.486984,1768920117.487851,2.0,0.0,4345.512695,4335.128418,4342.179688,4347.436035,4325.384766,4324.487305,4341.282227,4355.897461,4326.794922,4307.05127,4498.461426,4522.563965,4397.05127,4461.794922,,,,,,,,,,,,,,,,,,,,,,,,,,,,,,,,,,,,,,,,,,,,,,,,,,,,,,,,,,,,,,,,,,,,,,
1768920117.494793,1768920117.495659,3.0,0.0,4349.871582,4335.512695,4343.461426,4349.102539,4322.05127,4322.05127,4340.769043,4355.384766,4326.410156,4312.179688,4498.846191,4523.846191,4398.077148,4462.436035,,,,,,,,,,,,,,,,,,,,,,,,,,,,,,,,,,,,,,,,,,,,,,,,,,,,,,,,,,,,,,,,,,,,,,
1768920117.502602,1768920117.503667,4.0,0.0,4345.897461,4337.179688,4341.538574,4349.102539,4320.512695,4326.666504,4342.179688,4352.820313,4323.077148,4310.256348,4494.615234,4518.333496,4399.743652,4460.641113,,,,,,,,,,,,,,,,,,,,,,,,,,,,,,,,,,,,,,,,,,,,,,,,,,,,,,,,,,,,,,,,,,,,,,
1768920117.51041,1768920117.511476,5.0,0.0,4339.358887,4339.743652,4341.922852,4350.641113,4322.820313,4329.487305,4341.922852,4355.769043,4322.563965,4298.974121,4492.692383,4520.0,4394.102539,4462.692383,,,,,,,,,,,,,,,,,,,,,,,,,,,,,,,,,,,,,,,,,,,,,,,,,,,,,,,,,,,,,,,,,,,,,,
1768920117.518218,1768920117.519284,6.0,0.0,4346.538574,4343.333496,4349.743652,4359.230957,4326.153809,4322.179688,4338.589844,4355.256348,4325.256348,4306.025879,4504.102539,4526.794922,4399.615234,4472.307617,,,,,,,,,,,,,,,,,,,,,,,,,,,,,,,,,,,,,,,,,,,,,,,,,,,,,,,,,,,,,,,,,,,,,,
1768920117.526027,1768920117.527093,7.0,0.0,4352.563965,4340.769043,4351.538574,4359.743652,4326.538574,4320.897461,4338.205078,4355.128418,4327.307617,4321.538574,4512.436035,4529.615234,4409.743652,4473.589844,,,,,,,,,,,,,,,,,,,,,,,,,,,,,,,,,,,,,,,,,,,,,,,,,,,,,,,,,,,,,,,,,,,,,,
1768920117.533836,1768920117.534701,8.0,0.0,4345.256348,4336.153809,4344.743652,4351.410156,4325.0,4327.563965,4341.282227,4359.743652,4327.820313,4316.666504,4506.282227,4531.025879,4409.358887,4468.333496,,,,,,,,,,,,,,,,,,,,,,,,,,,,,,,,,,,,,,,,,,,,,,,,,,,,,,,,,,,,,,,,,,,,,,
1768920117.541644,1768920117.54251,9.0,0.0,4340.897461,4339.230957,4345.641113,4352.307617,4328.717773,4329.743652,4345.384766,4358.717773,4328.333496,4310.384766,4506.794922,4531.538574,4409.487305,4469.358887,,,,,,,,,,,,,,,,,,,,,,,,,,,,,,,,,,,,,,,,,,,,,,,,,,,,,,,,,,,,,,,,,,,,,,
1768920117.549453,1768920117.550218,10.0,0.0,4350.769043,4342.820313,4353.974121,4358.077148,4333.717773,4326.666504,4343.205078,4352.179688,4326.410156,4316.666504,4509.871582,4530.769043,4408.846191,4473.846191,,,,,,,,,,,,,,,,,,,,,,,,,,,,,,,,,,,,,,,,,,,,,,,,,,,,,,,,,,,,,,,,,,,,,,
1768920117.557261,1768920117.558027,11.0,0.0,4357.563965,4342.436035,4353.077148,4354.102539,4332.179688,4324.102539,4335.512695,4349.871582,4324.358887,4316.025879,4507.179688,4531.282227,4404.871582,4474.358887,,,,,,,,,,,,,,,,,,,,,,,,,,,,,,,,,,,,,,,,,,,,,,,,,,,,,,,,,,,,,,,,,,,,,,
1768920117.56507,1768920117.565635,12.0,0.0,4350.0,4337.563965,4344.615234,4347.820313,4328.333496,4326.538574,4333.589844,4354.230957,4327.05127,4310.0,4507.692383,4529.358887,4402.563965,4467.436035,,,,,,,,,,,,,,,,,,,,,,,,,,,,,,,,,,,,,,,,,,,,,,,,,,,,,,,,,,,,,,,,,,,,,,
1768920117.572878,1768920117.573444,13.0,0.0,4342.563965,4334.871582,4340.0,4347.820313,4327.820313,4326.282227,4336.922852,4359.615234,4327.436035,4311.538574,4507.94873,4521.025879,4400.0,4459.487305,,,,,,,,,,,,,,,,,,,,,,,,,,,,,,,,,,,,,,,,,,,,,,,,,,,,,,,,,,,,,,,,,,,,,,
1768920117.580687,1768920117.581152,14.0,0.0,4345.0,4339.615234,4345.128418,4352.307617,4327.436035,4325.128418,4339.743652,4358.589844,4329.358887,4313.846191,4506.410156,4520.641113,4396.153809,4461.282227,,,,,,,,,,,,,,,,,,,,,,,,,,,,,,,,,,,,,,,,,,,,,,,,,,,,,,,,,,,,,,,,,,,,,,
1768920117.588495,1768920117.588961,15.0,0.0,4346.922852,4337.563965,4350.897461,4353.717773,4327.692383,4333.461426,4345.128418,4359.230957,4335.641113,4313.846191,4506.282227,4528.205078,4396.153809,4464.358887,,,,,,,,,,,,,,,,,,,,,,,,,,,,,,,,,,,,,,,,,,,,,,,,,,,,,,,,,,,,,,,,,,,,,,
1768920117.596304,1768920117.596969,16.0,0.0,4338.974121,4326.922852,4345.128418,4346.794922,4325.512695,4338.974121,4345.769043,4361.922852,4332.820313,4312.563965,4505.897461,4523.077148,4396.922852,4458.589844,0.56744,0.520254,0.212696,0.209896,0.128285,0.260525,0.344838,0.35677,0.266658,0.183108,0.939826,0.279784,0.314598,0.326093,0.126176,0.451115,0.200398,0.398859,0.28706,0.122981,0.202312,0.14622,0.12626,0.100721,0.071682,0.135418,0.193508,0.051323,0.167309,0.145664,0.232985,0.176193,0.140771,0.314879,0.175474,0.364725,0.197744,0.145884,0.134903,0.14311,0.426835,0.387792,0.261629,0.159926,0.098157,0.421724,0.262844,0.100189,0.167457,0.0681,0.563995,0.304135,0.20057,0.325376,0.168369,0.842286,0.46177,0.234117,0.631217,0.143692,0.771644,0.296461,0.27788,0.365888,0.147501,0.265596,0.448621,0.257,0.375088,0.203884
1768920117.604112,1768920117.604778,17.0,0.0,4333.589844,4327.307617,4338.205078,4342.692383,4323.461426,4329.358887,4340.512695,4360.128418,4330.384766,4310.897461,4505.384766,4519.615234,4394.102539,4458.974121,,,,,,,,,,,,,,,,,,,,,,,,,,,,,,,,,,,,,,,,,,,,,,,,,,,,,,,,,,,,,,,,,,,,,,
1768920117.611921,1768920117.612686,18.0,0.0,4337.94873,4333.077148,4341.025879,4348.717773,4324.871582,4322.179688,4339.102539,4361.282227,4337.307617,4311.922852,4508.077148,4531.282227,4396.025879,4465.256348,,,,,,,,,,,,,,,,,,,,,,,,,,,,,,,,,,,,,,,,,,,,,,,,,,,,,,,,,,,,,,,,,,,,,,
1768920117.619729,1768920117.620494,19.0,0.0,4341.282227,4332.436035,4344.871582,4354.230957,4328.461426,4325.384766,4338.717773,4362.563965,4336.794922,4313.205078,4508.589844,4533.846191,4397.94873,4462.563965,,,,,,,,,,,,,,,,,,,,,,,,,,,,,,,,,,,,,,,,,,,,,,,,,,,,,,,,,,,,,,,,,,,,,,
1768920117.627538,1768920117.628103,20.0,0.0,4341.410156,4333.974121,4343.333496,4352.307617,4331.153809,4326.666504,4335.128418,4354.487305,4326.025879,4311.922852,4504.358887,4520.512695,4396.153809,4455.256348,,,,,,,,,,,,,,,,,,,,,,,,,,,,,,,,,,,,,,,,,,,,,,,,,,,,,,,,,,,,,,,,,,,,,,
1768920117.635346,1768920117.635911,21.0,0.0,4341.410156,4336.410156,4341.282227,4346.794922,4330.512695,4327.179688,4338.846191,4354.358887,4324.358887,4311.410156,4504.743652,4522.307617,4394.871582,4455.641113,,,,,,,,,,,,,,,,,,,,,,,,,,,,,,,,,,,,,,,,,,,,,,,,,,,,,,,,,,,,,,,,,,,,,,
1768920117.643155,1768920117.643619,22.0,0.0,4346.794922,4336.538574,4346.538574,4348.077148,4331.666504,4329.358887,4346.538574,4363.461426,4331.666504,4314.743652,4508.974121,4538.205078,4401.282227,4462.94873,,,,,,,,,,,,,,,,,,,,,,,,,,,,,,,,,,,,,,,,,,,,,,,,,,,,,,,,,,,,,,,,,,,,,,
1768920117.650963,1768920117.651428,23.0,0.0,4358.461426,4340.0,4353.205078,4353.974121,4333.974121,4324.743652,4337.307617,4357.820313,4332.563965,4316.282227,4509.487305,4541.410156,4405.897461,4464.615234,,,,,,,,,,,,,,,,,,,,,,,,,,,,,,,,,,,,,,,,,,,,,,,,,,,,,,,,,,,,,,,,,,,,,,
1768920117.658772,1768920117.659436,24.0,0.0,4363.461426,4341.538574,4349.487305,4354.358887,4331.153809,4322.05127,4324.871582,4351.794922,4328.205078,4314.358887,4507.94873,4531.922852,4400.256348,4461.794922,,,,,,,,,,,,,,,,,,,,,,,,,,,,,,,,,,,,,,,,,,,,,,,,,,,,,,,,,,,,,,,,,,,,,,
1768920117.66658,1768920117.667244,25.0,0.0,4360.897461,4336.410156,4345.256348,4351.410156,4327.307617,4330.128418,4335.256348,4359.102539,4325.128418,4314.230957,4508.077148,4527.692383,4398.077148,4461.153809,,,,,,,,,,,,,,,,,,,,,,,,,,,,,,,,,,,,,,,,,,,,,,,,,,,,,,,,,,,,,,,,,,,,,,
1768920117.674389,1768920117.675153,26.0,0.0,4364.102539,4331.282227,4347.563965,4352.307617,4328.846191,4334.358887,4345.512695,4358.846191,4325.641113,4312.692383,4505.769043,4528.717773,4399.871582,4460.0,,,,,,,,,,,,,,,,,,,,,,,,,,,,,,,,,,,,,,,,,,,,,,,,,,,,,,,,,,,,,,,,,,,,,,
1768920117.682197,1768920117.682961,27.0,0.0,4369.487305,4329.871582,4345.512695,4354.615234,4329.102539,4326.538574,4336.922852,4355.512695,4328.205078,4311.025879,4504.102539,4529.615234,4396.153809,4458.205078,,,,,,,,,,,,,,,,,,,,,,,,,,,,,,,,,,,,,,,,,,,,,,,,,,,,,,,,,,,,,,,,,,,,,,
1768920117.690006,1768920117.690969,28.0,0.0,4371.794922,4329.871582,4342.05127,4352.563965,4326.282227,4325.128418,4334.615234,4357.820313,4330.0,4313.846191,4507.179688,4528.461426,4395.769043,4460.641113,,,,,,,,,,,,,,,,,,,,,,,,,,,,,,,,,,,,,,,,,,,,,,,,,,,,,,,,,,,,,,,,,,,,,,
1768920117.697814,1768920117.698778,29.0,0.0,4372.563965,4329.487305,4343.333496,4348.077148,4325.769043,4330.897461,4340.641113,4356.153809,4328.846191,4313.846191,4506.794922,4525.384766,4400.384766,4462.05127,,,,,,,,,,,,,,,,,,,,,,,,,,,,,,,,,,,,,,,,,,,,,,,,,,,,,,,,,,,,,,,,,,,,,,
1768920117.705623,1768920117.706686,30.0,0.0,4368.333496,4332.820313,4342.307617,4347.94873,4324.230957,4326.794922,4336.410156,4354.358887,4325.897461,4310.256348,4502.820313,4523.333496,4398.461426,4455.897461,,,,,,,,,,,,,,,,,,,,,,,,,,,,,,,,,,,,,,,,,,,,,,,,,,,,,,,,,,,,,,,,,,,,,,
1768920117.713431,1768920117.714495,31.0,0.0,4364.871582,4337.563965,4342.179688,4355.512695,4326.410156,4322.692383,4331.282227,4356.538574,4324.743652,4311.666504,4505.128418,4521.922852,4395.0,4455.128418,,,,,,,,,,,,,,,,,,,,,,,,,,,,,,,,,,,,,,,,,,,,,,,,,,,,,,,,,,,,,,,,,,,,,,
1768920117.72124,1768920117.722403,32.0,0.0,4366.282227,4331.153809,4345.0,4356.922852,4329.615234,4327.307617,4335.384766,4353.589844,4319.871582,4309.615234,4507.307617,4522.179688,4396.794922,4455.128418,0.565609,0.475218,0.180502,0.212648,0.130989,0.260054,0.411769,0.289032,0.252865,0.181035,0.797063,0.280692,0.262227,0.31298,0.144386,0.439703,0.217386,0.339146,0.254714,0.117381,0.227617,0.143034,0.113753,0.094265,0.07237,0.123161,0.179797,0.050378,0.151975,0.15787,0.197518,0.159876,0.120329,0.285918,0.175262,0.39202,0.192657,0.130813,0.121715,0.152541,0.418252,0.371833,0.237723,0.143064,0.110015,0.463411,0.287215,0.100056,0.18051,0.076301,0.545384,0.327176,0.196182,0.281373,0.173933,0.840833,0.584736,0.191595,0.515949,0.149517,0.732295,0.305847,0.274508,0.356763,0.150749,0.24455,0.429507,0.228028,0.354342,0.205254
1768920117.729048,1768920117.730211,33.0,0.0,4364.102539,4324.743652,4342.05127,4349.358887,4326.282227,4328.205078,4341.025879,4349.102539,4315.897461,4303.589844,4504.871582,4523.077148,4397.436035,4450.0,,,,,,,,,,,,,,,,,,,,,,,,,,,,,,,,,,,,,,,,,,,,,,,,,,,,,,,,,,,,,,,,,,,,,,
1768920117.736857,1768920117.73792,34.0,0.0,4361.410156,4328.974121,4339.615234,4349.615234,4324.743652,4325.769043,4340.128418,4351.410156,4320.128418,4309.358887,4503.717773,4519.230957,4396.922852,4450.769043,,,,,,,,,,,,,,,,,,,,,,,,,,,,,,,,,,,,,,,,,,,,,,,,,,,,,,,,,,,,,,,,,,,,,,
1768920117.744666,1768920117.745728,35.0,0.0,4360.384766,4329.358887,4343.077148,4354.871582,4332.05127,4327.692383,4338.717773,4351.666504,4322.05127,4317.94873,4501.922852,4511.666504,4396.282227,4452.94873,,,,,,,,,,,,,,,,,,,,,,,,,,,,,,,,,,,,,,,,,,,,,,,,,,,,,,,,,,,,,,,,,,,,,,
1768920117.752474,1768920117.753337,36.0,0.0,4357.692383,4326.025879,4343.333496,4355.256348,4333.589844,4330.641113,4342.94873,4354.230957,4319.615234,4313.589844,4499.615234,4512.692383,4394.230957,4453.974121,,,,,,,,,,,,,,,,,,,,,,,,,,,,,,,,,,,,,,,,,,,,,,,,,,,,,,,,,,,,,,,,,,,,,,
1768920117.760282,1768920117.761145,37.0,0.0,4357.05127,4326.538574,4339.102539,4351.538574,4327.820313,4328.589844,4337.563965,4359.230957,4322.179688,4309.358887,4500.897461,4519.743652,4393.589844,4453.974121,,,,,,,,,,,,,,,,,,,,,,,,,,,,,,,,,,,,,,,,,,,,,,,,,,,,,,,,,,,,,,,,,,,,,,
1768920117.768091,1768920117.768854,38.0,0.0,4359.871582,4326.410156,4336.410156,4347.692383,4330.769043,4326.794922,4327.307617,4357.05127,4324.230957,4313.333496,4502.692383,4519.102539,4395.128418,4452.563965,,,,,,,,,,,,,,,,,,,,,,,,,,,,,,,,,,,,,,,,,,,,,,,,,,,,,,,,,,,,,,,,,,,,,,
1768920117.7759,1768920117.776662,39.0,0.0,4361.282227,4323.589844,4340.384766,4350.0,4334.743652,4330.512695,4333.846191,4356.794922,4326.922852,4317.05127,4504.743652,4522.820313,4395.384766,4452.563965,,,,,,,,,,,,,,,,,,,,,,,,,,,,,,,,,,,,,,,,,,,,,,,,,,,,,,,,,,,,,,,,,,,,,,
1768920117.783708,1768920117.784271,40.0,0.0,4362.94873,4327.179688,4347.94873,4355.641113,4331.282227,4332.436035,4341.922852,4363.205078,4335.256348,4321.025879,4515.128418,4535.128418,4399.871582,4460.128418,,,,,,,,,,,,,,,,,,,,,,,,,,,,,,,,,,,,,,,,,,,,,,,,,,,,,,,,,,,,,,,,,,,,,,
1768920117.791517,1768920117.792079,41.0,0.0,4366.538574,4335.769043,4352.436035,4358.717773,4329.743652,4331.794922,4339.102539,4367.307617,4336.153809,4326.410156,4523.846191,4541.538574,4410.384766,4471.538574,,,,,,,,,,,,,,,,,,,,,,,,,,,,,,,,,,,,,,,,,,,,,,,,,,,,,,,,,,,,,,,,,,,,,,
1768920117.799325,1768920117.799988,42.0,0.0,4366.025879,4340.384766,4350.897461,4357.436035,4336.025879,4338.461426,4341.794922,4362.05127,4330.0,4327.307617,4521.666504,4538.205078,4414.487305,4474.358887,,,,,,,,,,,,,,,,,,,,,,,,,,,,,,,,,,,,,,,,,,,,,,,,,,,,,,,,,,,,,,,,,,,,,,
1768920117.807134,1768920117.807796,43.0,0.0,4366.153809,4341.794922,4351.282227,4356.025879,4339.102539,4341.153809,4344.487305,4357.820313,4331.538574,4326.153809,4522.179688,4538.205078,4409.871582,4473.077148,,,,,,,,,,,,,,,,,,,,,,,,,,,,,,,,,,,,,,,,,,,,,,,,,,,,,,,,,,,,,,,,,,,,,,
1768920117.814942,1768920117.815805,44.0,0.0,4369.487305,4343.205078,4359.230957,4357.820313,4334.230957,4332.307617,4341.153809,4364.487305,4339.102539,4326.153809,4524.102539,4541.282227,4410.0,4472.692383,,,,,,,,,,,,,,,,,,,,,,,,,,,,,,,,,,,,,,,,,,,,,,,,,,,,,,,,,,,,,,,,,,,,,,
1768920117.822751,1768920117.823613,45.0,0.0,4365.256348,4343.846191,4359.871582,4359.358887,4333.589844,4327.820313,4338.717773,4365.897461,4337.820313,4324.230957,4514.615234,4534.358887,4413.333496,4469.230957,,,,,,,,,,,,,,,,,,,,,,,,,,,,,,,,,,,,,,,,,,,,,,,,,,,,,,,,,,,,,,,,,,,,,,
1768920117.830559,1768920117.831321,46.0,0.0,4359.102539,4342.179688,4349.487305,4358.205078,4337.436035,4333.461426,4338.205078,4353.589844,4328.461426,4324.358887,4505.384766,4527.692383,4410.128418,4466.666504,,,,,,,,,,,,,,,,,,,,,,,,,,,,,,,,,,,,,,,,,,,,,,,,,,,,,,,,,,,,,,,,,,,,,,
1768920117.838368,1768920117.839129,47.0,0.0,4358.077148,4342.436035,4347.05127,4357.307617,4338.846191,4340.641113,4344.615234,4353.077148,4329.615234,4326.282227,4513.846191,4533.205078,4408.846191,4468.717773,,,,,,,,,,,,,,,,,,,,,,,,,,,,,,,,,,,,,,,,,,,,,,,,,,,,,,,,,,,,,,,,,,,,,,
1768920117.846176,1768920117.846738,48.0,0.0,4353.846191,4342.94873,4355.0,4358.717773,4334.487305,4339.358887,4344.615234,4365.0,4338.205078,4324.615234,4523.461426,4537.436035,4412.436035,4469.230957,0.627152,0.450749,0.155496,0.207833,0.129589,0.253516,0.46191,0.213465,0.228162,0.167691,0.65135,0.287441,0.212063,0.29193,0.158415,0.413218,0.222806,0.257178,0.217045,0.106737,0.241954,0.141055,0.09437,0.087044,0.072877,0.107751,0.165366,0.055762,0.138529,0.180567,0.160336,0.154423,0.106355,0.251102,0.171883,0.396421,0.181618,0.126633,0.108539,0.158242,0.397764,0.356251,0.22082,0.120142,0.118788,0.483226,0.318891,0.112054,0.192621,0.088606,0.518474,0.369288,0.19246,0.23463,0.171953,0.825043,0.724988,0.15246,0.383492,0.155961,0.685616,0.343938,0.274431,0.343739,0.153493,0.236181,0.417544,0.204037,0.332933,0.201961
1768920117.853985,1768920117.854546,49.0,0.0,4350.256348,4341.153809,4356.538574,4358.717773,4330.641113,4328.717773,4326.410156,4360.641113,4335.512695,4323.717773,4519.230957,4531.282227,4414.871582,4466.794922,,,,,,,,,,,,,,,,,,,,,,,,,,,,,,,,,,,,,,,,,,,,,,,,,,,,,,,,,,,,,,,,,,,,,,
1768920117.861793,1768920117.862254,50.0,0.0,4350.641113,4342.563965,4348.974121,4358.333496,4328.333496,4323.205078,4318.974121,4350.256348,4324.871582,4326.666504,4510.769043,4526.025879,4412.05127,4467.692383,,,,,,,,,,,,,,,,,,,,,,,,,,,,,,,,,,,,,,,,,,,,,,,,,,,,,,,,,,,,,,,,,,,,,,
1768920117.869602,1768920117.870063,51.0,0.0,4348.846191,4342.05127,4343.461426,4357.820313,4326.538574,4325.128418,4325.897461,4353.461426,4321.922852,4325.769043,4507.94873,4527.307617,4408.846191,4464.358887,,,,,,,,,,,,,,,,,,,,,,,,,,,,,,,,,,,,,,,,,,,,,,,,,,,,,,,,,,,,,,,,,,,,,,
1768920117.87741,1768920117.878071,52.0,0.0,4343.077148,4333.974121,4342.820313,4351.282227,4327.436035,4328.717773,4327.179688,4360.0,4327.692383,4319.743652,4509.102539,4526.794922,4403.974121,4458.333496,,,,,,,,,,,,,,,,,,,,,,,,,,,,,,,,,,,,,,,,,,,,,,,,,,,,,,,,,,,,,,,,,,,,,,
1768920117.885219,1768920117.885879,53.0,0.0,4339.871582,4329.743652,4341.666504,4345.769043,4327.179688,4336.922852,4329.230957,4361.794922,4334.487305,4320.0,4506.666504,4522.692383,4396.410156,4454.743652,,,,,,,,,,,,,,,,,,,,,,,,,,,,,,,,,,,,,,,,,,,,,,,,,,,,,,,,,,,,,,,,,,,,,,
1768920117.893027,1768920117.893788,54.0,0.0,4343.974121,4339.358887,4340.512695,4352.436035,4327.94873,4336.794922,4331.153809,4360.769043,4334.230957,4325.0,4506.538574,4523.333496,4401.410156,4454.487305,,,,,,,,,,,,,,,,,,,,,,,,,,,,,,,,,,,,,,,,,,,,,,,,,,,,,,,,,,,,,,,,,,,,,,
1768920117.900836,1768920117.901596,55.0,0.0,4348.461426,4352.307617,4346.666504,4360.641113,4330.384766,4329.230957,4333.077148,4357.692383,4331.153809,4327.692383,4517.692383,4534.230957,4417.563965,4463.846191,,,,,,,,,,,,,,,,,,,,,,,,,,,,,,,,,,,,,,,,,,,,,,,,,,,,,,,,,,,,,,,,,,,,,,
1768920117.908644,1768920117.909405,56.0,0.0,4347.05127,4350.897461,4353.205078,4358.589844,4327.94873,4332.820313,4339.358887,4356.282227,4332.94873,4329.615234,4527.563965,4542.820313,4421.282227,4474.487305,,,,,,,,,,,,,,,,,,,,,,,,,,,,,,,,,,,,,,,,,,,,,,,,,,,,,,,,,,,,,,,,,,,,,,
1768920117.916453,1768920117.917213,57.0,0.0,4347.179688,4343.589844,4349.487305,4356.025879,4327.563965,4336.794922,4334.230957,4358.461426,4332.05127,4327.307617,4518.846191,4536.922852,4413.205078,4469.487305,,,,,,,,,,,,,,,,,,,,,,,,,,,,,,,,,,,,,,,,,,,,,,,,,,,,,,,,,,,,,,,,,,,,,,
1768920117.924261,1768920117.925122,58.0,0.0,4350.512695,4345.256348,4343.461426,4361.666504,4335.128418,4334.230957,4325.769043,4356.794922,4324.743652,4318.589844,4506.794922,4526.153809,4412.179688,4458.333496,,,,,,,,,,,,,,,,,,,,,,,,,,,,,,,,,,,,,,,,,,,,,,,,,,,,,,,,,,,,,,,,,,,,,,
1768920117.93207,1768920117.93293,59.0,0.0,4348.205078,4347.820313,4342.436035,4363.077148,4335.384766,4332.94873,4334.743652,4352.94873,4323.077148,4314.358887,4505.256348,4519.487305,4411.538574,4459.358887,,,,,,,,,,,,,,,,,,,,,,,,,,,,,,,,,,,,,,,,,,,,,,,,,,,,,,,,,,,,,,,,,,,,,,
1768920117.939878,1768920117.940539,60.0,0.0,4345.641113,4343.461426,4345.769043,4356.666504,4330.512695,4329.871582,4339.102539,4356.282227,4331.922852,4323.333496,4508.461426,4522.563965,4407.179688,4466.666504,,,,,,,,,,,,,,,,,,,,,,,,,,,,,,,,,,,,,,,,,,,,,,,,,,,,,,,,,,,,,,,,,,,,,,
1768920117.947687,1768920117.948347,61.0,0.0,4348.333496,4340.128418,4351.666504,4357.94873,4333.589844,4327.436035,4326.538574,4359.102539,4335.769043,4327.307617,4513.717773,4529.487305,4411.025879,4466.410156,,,,,,,,,,,,,,,,,,,,,,,,,,,,,,,,,,,,,,,,,,,,,,,,,,,,,,,,,,,,,,,,,,,,,,
1768920117.955495,1768920117.956056,62.0,0.0,4351.153809,4345.256348,4351.538574,4366.538574,4336.282227,4330.384766,4323.974121,4354.871582,4328.846191,4316.153809,4519.743652,4532.05127,4414.102539,4466.922852,,,,,,,,,,,,,,,,,,,,,,,,,,,,,,,,,,,,,,,,,,,,,,,,,,,,,,,,,,,,,,,,,,,,,,
1768920117.963304,1768920117.963864,63.0,0.0,4353.333496,4348.205078,4350.256348,4368.077148,4333.589844,4333.077148,4333.333496,4354.743652,4326.794922,4314.230957,4523.205078,4536.666504,4411.666504,4470.897461,,,,,,,,,,,,,,,,,,,,,,,,,,,,,,,,,,,,,,,,,,,,,,,,,,,,,,,,,,,,,,,,,,,,,,
1768920117.971112,1768920117.971473,64.0,0.0,4349.871582,4344.871582,4354.743652,4362.563965,4330.641113,4330.384766,4337.05127,4359.230957,4334.102539,4326.410156,4519.102539,4539.871582,4410.641113,4466.153809,0.735657,0.439999,0.134142,0.198003,0.124744,0.240141,0.482999,0.150163,0.200692,0.147524,0.525762,0.290806,0.17567,0.268478,0.165894,0.371503,0.215074,0.179155,0.182184,0.095183,0.242779,0.146131,0.072962,0.079977,0.072875,0.094,0.155788,0.068246,0.132931,0.207125,0.127454,0.153008,0.103211,0.225317,0.163742,0.374093,0.16684,0.132373,0.100011,0.157962,0.358359,0.345101,0.217944,0.098116,0.121713,0.46728,0.34847,0.134034,0.202801,0.102569,0.475218,0.423463,0.195127,0.201104,0.163087,0.768396,0.838719,0.136529,0.274909,0.16467,0.622593,0.402471,0.275953,0.332475,0.153493,0.227923,0.40985,0.191585,0.320183,0.193281
1768920117.978921,1768920117.979281,65.0,0.0,4342.692383,4342.05127,4354.102539,4358.333496,4330.128418,4329.871582,4333.974121,4359.358887,4336.794922,4331.538574,4510.897461,4535.128418,4409.358887,4457.307617,,,,,,,,,,,,,,,,,,,,,,,,,,,,,,,,,,,,,,,,,,,,,,,,,,,,,,,,,,,,,,,,,,,,,,
1768920117.98673,1768920117.986989,66.0,0.0,4343.846191,4342.307617,4347.05127,4358.974121,4332.05127,4330.0,4333.974121,4354.615234,4331.025879,4323.333496,4505.512695,4526.025879,4402.05127,4456.025879,,,,,,,,,,,,,,,,,,,,,,,,,,,,,,,,,,,,,,,,,,,,,,,,,,,,,,,,,,,,,,,,,,,,,,
1768920117.994538,1768920117.994798,67.0,0.0,4348.589844,4341.153809,4344.102539,4360.384766,4331.922852,4333.205078,4341.025879,4355.897461,4327.820313,4318.333496,4506.153809,4521.025879,4397.307617,4457.436035,,,,,,,,,,,,,,,,,,,,,,,,,,,,,,,,,,,,,,,,,,,,,,,,,,,,,,,,,,,,,,,,,,,,,,
1768920118.002346,1768920118.002806,68.0,0.0,4345.0,4337.692383,4343.077148,4356.282227,4326.282227,4333.461426,4337.307617,4356.153809,4326.922852,4322.179688,4507.307617,4520.641113,4398.333496,4457.436035,,,,,,,,,,,,,,,,,,,,,,,,,,,,,,,,,,,,,,,,,,,,,,,,,,,,,,,,,,,,,,,,,,,,,,
1768920118.010155,1768920118.010614,69.0,0.0,4342.94873,4338.077148,4342.820313,4352.307617,4325.128418,4326.282227,4326.153809,4350.128418,4324.743652,4322.94873,4505.256348,4523.717773,4397.94873,4461.794922,,,,,,,,,,,,,,,,,,,,,,,,,,,,,,,,,,,,,,,,,,,,,,,,,,,,,,,,,,,,,,,,,,,,,,
1768920118.017964,1768920118.018523,70.0,0.0,4345.0,4337.436035,4345.128418,4355.128418,4329.487305,4329.230957,4330.384766,4351.282227,4325.256348,4320.256348,4508.205078,4527.820313,4398.205078,4465.256348,,,,,,,,,,,,,,,,,,,,,,,,,,,,,,,,,,,,,,,,,,,,,,,,,,,,,,,,,,,,,,,,,,,,,,
1768920118.025772,1768920118.026331,71.0,0.0,4343.077148,4333.205078,4342.436035,4353.717773,4329.230957,4335.769043,4337.692383,4358.333496,4331.410156,4322.94873,4511.922852,4528.846191,4400.769043,4466.153809,,,,,,,,,,,,,,,,,,,,,,,,,,,,,,,,,,,,,,,,,,,,,,,,,,,,,,,,,,,,,,,,,,,,,,
1768920118.033581,1768920118.034339,72.0,0.0,4341.410156,4332.563965,4338.974121,4347.436035,4326.794922,4332.05127,4334.871582,4358.846191,4334.871582,4325.128418,4510.641113,4529.615234,4401.025879,4465.384766,,,,,,,,,,,,,,,,,,,,,,,,,,,,,,,,,,,,,,,,,,,,,,,,,,,,,,,,,,,,,,,,,,,,,,
1768920118.041389,1768920118.042148,73.0,0.0,4341.153809,4336.922852,4342.05127,4350.256348,4326.410156,4327.05127,4332.692383,4357.436035,4329.102539,4316.025879,4506.922852,4526.282227,4396.666504,4460.769043,,,,,,,,,,,,,,,,,,,,,,,,,,,,,,,,,,,,,,,,,,,,,,,,,,,,,,,,,,,,,,,,,,,,,,
1768920118.049198,1768920118.049856,74.0,0.0,4340.769043,4338.589844,4341.025879,4358.717773,4327.436035,4326.025879,4330.256348,4357.307617,4324.743652,4307.820313,4505.641113,4524.871582,4394.615234,4458.461426,,,,,,,,,,,,,,,,,,,,,,,,,,,,,,,,,,,,,,,,,,,,,,,,,,,,,,,,,,,,,,,,,,,,,,
1768920118.057006,1768920118.057664,75.0,0.0,4340.128418,4338.461426,4334.871582,4359.487305,4330.256348,4325.128418,4325.0,4351.666504,4325.256348,4310.256348,4508.974121,4528.717773,4400.256348,4465.769043,,,,,,,,,,,,,,,,,,,,,,,,,,,,,,,,,,,,,,,,,,,,,,,,,,,,,,,,,,,,,,,,,,,,,,
1768920118.064815,1768920118.065672,76.0,0.0,4337.05127,4337.94873,4331.410156,4356.025879,4331.666504,4328.589844,4330.384766,4352.436035,4327.179688,4313.205078,4506.794922,4524.615234,4402.820313,4467.179688,,,,,,,,,,,,,,,,,,,,,,,,,,,,,,,,,,,,,,,,,,,,,,,,,,,,,,,,,,,,,,,,,,,,,,
1768920118.072623,1768920118.073481,77.0,0.0,4332.179688,4330.512695,4333.717773,4355.641113,4330.0,4333.717773,4335.769043,4357.692383,4327.692383,4307.94873,4495.769043,4514.487305,4390.641113,4449.743652,,,,,,,,,,,,,,,,,,,,,,,,,,,,,,,,,,,,,,,,,,,,,,,,,,,,,,,,,,,,,,,,,,,,,,
1768920118.080432,1768920118.081389,78.0,0.0,4328.846191,4328.846191,4338.589844,4357.820313,4328.974121,4327.820313,4327.692383,4350.256348,4323.205078,4301.153809,4486.410156,4511.922852,4382.05127,4436.922852,,,,,,,,,,,,,,,,,,,,,,,,,,,,,,,,,,,,,,,,,,,,,,,,,,,,,,,,,,,,,,,,,,,,,,
1768920118.08824,1768920118.089198,79.0,0.0,4325.512695,4332.436035,4338.717773,4356.282227,4328.974121,4325.641113,4328.205078,4345.128418,4321.153809,4304.871582,4491.410156,4519.102539,4390.769043,4446.538574,,,,,,,,,,,,,,,,,,,,,,,,,,,,,,,,,,,,,,,,,,,,,,,,,,,,,,,,,,,,,,,,,,,,,,
1768920118.096049,1768920118.096806,80.0,0.0,4322.692383,4330.0,4333.974121,4351.922852,4326.410156,4329.358887,4335.0,4351.153809,4325.384766,4310.512695,4498.461426,4521.794922,4391.282227,4452.307617,0.873738,0.442707,0.114794,0.184506,0.118527,0.228306,0.474532,0.112887,0.176357,0.126331,0.439726,0.287869,0.159045,0.2429,0.166556,0.317452,0.196873,0.12589,0.154217,0.087021,0.232183,0.160389,0.053127,0.073093,0.071989,0.08776,0.153322,0.085928,0.138416,0.229123,0.1071,0.152283,0.112134,0.219449,0.152895,0.32834,0.151826,0.14023,0.097397,0.152294,0.317225,0.335657,0.224897,0.083291,0.118746,0.425636,0.366979,0.158171,0.207936,0.114938,0.43036,0.477872,0.206722,0.187647,0.149585,0.706381,0.89546,0.153395,0.211775,0.176163,0.554061,0.465367,0.275806,0.321138,0.148125,0.241278,0.403024,0.191883,0.315267,0.179389
1768920118.103857,1768920118.104615,81.0,0.0,4327.692383,4333.333496,4336.025879,4357.436035,4328.205078,4327.436035,4332.563965,4349.871582,4326.153809,4305.512695,4493.333496,4517.05127,4382.820313,4447.179688,,,,,,,,,,,,,,,,,,,,,,,,,,,,,,,,,,,,,,,,,,,,,,,,,,,,,,,,,,,,,,,,,,,,,,
1768920118.111666,1768920118.112323,82.0,0.0,4335.256348,4343.077148,4343.589844,4363.974121,4331.153809,4324.743652,4327.436035,4343.974121,4322.692383,4302.692383,4492.820313,4514.871582,4388.205078,4450.641113,,,,,,,,,,,,,,,,,,,,,,,,,,,,,,,,,,,,,,,,,,,,,,,,,,,,,,,,,,,,,,,,,,,,,,
1768920118.119474,1768920118.120132,83.0,0.0,4336.153809,4345.128418,4343.974121,4362.94873,4329.615234,4324.487305,4327.94873,4350.384766,4326.282227,4311.282227,4503.717773,4520.128418,4401.666504,4460.384766,,,,,,,,,,,,,,,,,,,,,,,,,,,,,,,,,,,,,,,,,,,,,,,,,,,,,,,,,,,,,,,,,,,,,,
1768920118.127283,1768920118.12814,84.0,0.0,4334.358887,4345.0,4342.05127,4362.94873,4331.410156,4328.974121,4334.743652,4356.282227,4333.077148,4317.436035,4511.666504,4530.897461,4407.820313,4469.743652,,,,,,,,,,,,,,,,,,,,,,,,,,,,,,,,,,,,,,,,,,,,,,,,,,,,,,,,,,,,,,,,,,,,,,
1768920118.135091,1768920118.135949,85.0,0.0,4333.205078,4348.077148,4343.077148,4364.487305,4332.563965,4331.025879,4337.563965,4349.743652,4331.922852,4316.282227,4509.871582,4537.692383,4405.641113,4476.666504,,,,,,,,,,,,,,,,,,,,,,,,,,,,,,,,,,,,,,,,,,,,,,,,,,,,,,,,,,,,,,,,,,,,,,
1768920118.1429,1768920118.143657,86.0,0.0,4333.077148,4342.820313,4342.307617,4363.333496,4326.922852,4321.666504,4326.794922,4343.461426,4326.025879,4311.794922,4503.333496,4537.05127,4397.820313,4472.563965,,,,,,,,,,,,,,,,,,,,,,,,,,,,,,,,,,,,,,,,,,,,,,,,,,,,,,,,,,,,,,,,,,,,,,
1768920118.150708,1768920118.151466,87.0,0.0,4333.589844,4338.205078,4342.436035,4362.563965,4326.153809,4318.077148,4321.025879,4346.666504,4325.0,4308.077148,4501.025879,4530.641113,4394.102539,4462.05127,,,,,,,,,,,,,,,,,,,,,,,,,,,,,,,,,,,,,,,,,,,,,,,,,,,,,,,,,,,,,,,,,,,,,,
1768920118.158517,1768920118.159074,88.0,0.0,4333.205078,4341.025879,4340.769043,4362.307617,4330.0,4326.025879,4330.769043,4351.794922,4330.128418,4314.102539,4503.846191,4523.077148,4396.410156,4457.307617,,,,,,,,,,,,,,,,,,,,,,,,,,,,,,,,,,,,,,,,,,,,,,,,,,,,,,,,,,,,,,,,,,,,,,
1768920118.166325,1768920118.166883,89.0,0.0,4329.743652,4339.358887,4333.077148,4357.436035,4330.384766,4328.974121,4332.692383,4355.128418,4334.102539,4319.871582,4506.282227,4522.307617,4396.153809,4457.94873,,,,,,,,,,,,,,,,,,,,,,,,,,,,,,,,,,,,,,,,,,,,,,,,,,,,,,,,,,,,,,,,,,,,,,
1768920118.174134,1768920118.174591,90.0,0.0,4327.307617,4335.384766,4330.512695,4355.128418,4329.102539,4323.846191,4324.358887,4355.641113,4332.563965,4315.641113,4506.025879,4528.461426,4398.205078,4464.230957,,,,,,,,,,,,,,,,,,,,,,,,,,,,,,,,,,,,,,,,,,,,,,,,,,,,,,,,,,,,,,,,,,,,,,
1768920118.181942,1768920118.182399,91.0,0.0,4327.692383,4335.128418,4338.589844,4361.410156,4327.563965,4322.179688,4326.794922,4348.589844,4329.615234,4314.102539,4508.974121,4531.282227,4402.307617,4470.0,,,,,,,,,,,,,,,,,,,,,,,,,,,,,,,,,,,,,,,,,,,,,,,,,,,,,,,,,,,,,,,,,,,,,,
1768920118.189751,1768920118.190407,92.0,0.0,4328.717773,4337.692383,4344.358887,4365.384766,4327.05127,4325.641113,4335.256348,4342.563965,4327.179688,4318.846191,4511.153809,4531.025879,4401.666504,4467.563965,,,,,,,,,,,,,,,,,,,,,,,,,,,,,,,,,,,,,,,,,,,,,,,,,,,,,,,,,,,,,,,,,,,,,,
1768920118.197559,1768920118.198216,93.0,0.0,4331.282227,4339.487305,4340.897461,4361.282227,4325.641113,4328.205078,4335.769043,4349.871582,4330.0,4320.769043,4508.974121,4534.871582,4400.256348,4465.897461,,,,,,,,,,,,,,,,,,,,,,,,,,,,,,,,,,,,,,,,,,,,,,,,,,,,,,,,,,,,,,,,,,,,,,
1768920118.205368,1768920118.206124,94.0,0.0,4329.871582,4336.410156,4336.153809,4355.769043,4321.538574,4324.358887,4329.615234,4356.922852,4335.897461,4320.641113,4508.717773,4533.333496,4400.256348,4463.717773,,,,,,,,,,,,,,,,,,,,,,,,,,,,,,,,,,,,,,,,,,,,,,,,,,,,,,,,,,,,,,,,,,,,,,
1768920118.213176,1768920118.213933,95.0,0.0,4322.692383,4332.05127,4335.128418,4355.897461,4323.717773,4320.641113,4327.436035,4350.512695,4332.692383,4318.461426,4506.922852,4522.307617,4395.897461,4455.512695,,,,,,,,,,,,,,,,,,,,,,,,,,,,,,,,,,,,,,,,,,,,,,,,,,,,,,,,,,,,,,,,,,,,,,
1768920118.220985,1768920118.221941,96.0,0.0,4319.230957,4328.461426,4334.615234,4355.641113,4327.436035,4324.487305,4330.641113,4348.077148,4326.538574,4310.641113,4499.358887,4520.128418,4390.512695,4450.769043,1.027633,0.462004,0.097262,0.167656,0.113227,0.23249,0.448446,0.102608,0.158106,0.108942,0.403982,0.277305,0.159982,0.21382,0.162381,0.267776,0.174482,0.103258,0.133363,0.085081,0.223006,0.181619,0.037469,0.065749,0.070213,0.089518,0.15708,0.10387,0.153977,0.238908,0.104352,0.155668,0.130863,0.234722,0.144392,0.274921,0.140484,0.140534,0.097633,0.143976,0.291886,0.323213,0.228567,0.078411,0.112307,0.374048,0.36767,0.172875,0.205106,0.123443,0.395102,0.521091,0.227386,0.1954,0.134784,0.677515,0.891469,0.201432,0.194317,0.188498,0.498605,0.517026,0.271039,0.306013,0.136707,0.289784,0.402501,0.201522,0.312247,0.162167
1768920118.228794,1768920118.229749,97.0,0.0,4322.563965,4326.666504,4335.512695,4352.436035,4326.153809,4329.743652,4339.102539,4357.307617,4332.05127,4308.461426,4495.0,4527.179688,4394.743652,4450.897461,,,,,,,,,,,,,,,,,,,,,,,,,,,,,,,,,,,,,,,,,,,,,,,,,,,,,,,,,,,,,,,,,,,,,,
1768920118.236602,1768920118.237658,98.0,0.0,4323.077148,4326.538574,4334.487305,4352.563965,4327.179688,4330.128418,4342.692383,4357.179688,4335.0,4311.922852,4494.230957,4520.512695,4397.94873,4447.307617,,,,,,,,,,,,,,,,,,,,,,,,,,,,,,,,,,,,,,,,,,,,,,,,,,,,,,,,,,,,,,,,,,,,,,
1768920118.24441,1768920118.245466,99.0,0.0,4319.487305,4326.025879,4331.025879,4352.94873,4328.077148,4324.358887,4333.717773,4346.538574,4326.282227,4308.333496,4490.256348,4506.025879,4390.0,4443.205078,,,,,,,,,,,,,,,,,,,,,,,,,,,,,,,,,,,,,,,,,,,,,,,,,,,,,,,,,,,,,,,,,,,,,,
1768920118.252219,1768920118.253074,100.0,0.0,4319.358887,4326.794922,4331.025879,4349.871582,4325.256348,4320.256348,4323.077148,4345.0,4322.820313,4304.102539,4487.436035,4510.128418,4386.153809,4444.102539,,,,,,,,,,,,,,,,,,,,,,,,,,,,,,,,,,,,,,,,,,,,,,,,,,,,,,,,,,,,,,,,,,,,,,
1768920118.260028,1768920118.260883,101.0,0.0,4320.128418,4326.666504,4331.153809,4345.641113,4324.358887,4323.333496,4323.974121,4347.179688,4326.025879,4306.794922,4491.282227,4518.974121,4394.230957,4447.05127,,,,,,,,,,,,,,,,,,,,,,,,,,,,,,,,,,,,,,,,,,,,,,,,,,,,,,,,,,,,,,,,,,,,,,
1768920118.267836,1768920118.268791,102.0,0.0,4320.641113,4324.615234,4329.358887,4349.102539,4325.256348,4326.794922,4331.794922,4341.794922,4323.077148,4308.974121,4493.461426,4513.205078,4397.05127,4448.333496,,,,,,,,,,,,,,,,,,,,,,,,,,,,,,,,,,,,,,,,,,,,,,,,,,,,,,,,,,,,,,,,,,,,,,
1768920118.275644,1768920118.276599,103.0,0.0,4323.077148,4325.128418,4333.846191,4357.05127,4324.230957,4325.769043,4334.230957,4344.743652,4324.487305,4306.922852,4492.05127,4510.897461,4390.256348,4445.0,,,,,,,,,,,,,,,,,,,,,,,,,,,,,,,,,,,,,,,,,,,,,,,,,,,,,,,,,,,,,,,,,,,,,,
1768920118.283453,1768920118.284608,104.0,0.0,4323.589844,4327.563965,4342.05127,4357.94873,4323.717773,4321.538574,4331.153809,4351.794922,4332.94873,4306.282227,4491.666504,4516.538574,4386.794922,4442.05127,,,,,,,,,,,,,,,,,,,,,,,,,,,,,,,,,,,,,,,,,,,,,,,,,,,,,,,,,,,,,,,,,,,,,,
1768920118.291262,1768920118.292416,105.0,0.0,4319.487305,4327.307617,4342.436035,4355.256348,4323.974121,4318.461426,4324.358887,4347.436035,4333.717773,4310.897461,4492.05127,4516.794922,4389.615234,4445.769043,,,,,,,,,,,,,,,,,,,,,,,,,,,,,,,,,,,,,,,,,,,,,,,,,,,,,,,,,,,,,,,,,,,,,,
1768920118.29907,1768920118.300125,106.0,0.0,4320.0,4330.897461,4339.230957,4357.692383,4324.358887,4321.794922,4323.846191,4344.615234,4332.307617,4314.230957,4499.743652,4520.512695,4395.384766,4456.410156,,,,,,,,,,,,,,,,,,,,,,,,,,,,,,,,,,,,,,,,,,,,,,,,,,,,,,,,,,,,,,,,,,,,,,
1768920118.306879,1768920118.307933,107.0,0.0,4328.589844,4341.025879,4340.897461,4363.205078,4325.769043,4328.333496,4337.05127,4346.666504,4332.436035,4310.384766,4506.410156,4528.717773,4399.871582,4463.205078,,,,,,,,,,,,,,,,,,,,,,,,,,,,,,,,,,,,,,,,,,,,,,,,,,,,,,,,,,,,,,,,,,,,,,
1768920118.314687,1768920118.315542,108.0,0.0,4334.358887,4345.0,4343.589844,4363.846191,4328.846191,4329.230957,4341.666504,4342.436035,4328.461426,4305.897461,4497.820313,4525.256348,4397.563965,4460.512695,,,,,,,,,,,,,,,,,,,,,,,,,,,,,,,,,,,,,,,,,,,,,,,,,,,,,,,,,,,,,,,,,,,,,,
1768920118.322496,1768920118.32335,109.0,0.0,4329.871582,4340.0,4343.846191,4358.077148,4330.641113,4324.358887,4329.743652,4339.871582,4327.05127,4307.94873,4488.077148,4518.333496,4388.846191,4452.820313,,,,,,,,,,,,,,,,,,,,,,,,,,,,,,,,,,,,,,,,,,,,,,,,,,,,,,,,,,,,,,,,,,,,,,
1768920118.330304,1768920118.331259,110.0,0.0,4323.589844,4334.871582,4342.307617,4354.871582,4327.05127,4319.230957,4322.820313,4346.794922,4330.641113,4311.794922,4493.077148,4518.205078,4386.922852,4449.102539,,,,,,,,,,,,,,,,,,,,,,,,,,,,,,,,,,,,,,,,,,,,,,,,,,,,,,,,,,,,,,,,,,,,,,
1768920118.338113,1768920118.339068,111.0,0.0,4327.692383,4336.538574,4343.589844,4360.512695,4327.94873,4321.282227,4330.128418,4349.615234,4328.333496,4311.153809,4495.256348,4522.05127,4394.230957,4448.077148,,,,,,,,,,,,,,,,,,,,,,,,,,,,,,,,,,,,,,,,,,,,,,,,,,,,,,,,,,,,,,,,,,,,,,
1768920118.345921,1768920118.346676,112.0,0.0,4334.487305,4341.282227,4344.615234,4364.871582,4333.589844,4327.436035,4330.769043,4343.589844,4324.871582,4310.769043,4492.05127,4527.179688,4399.358887,4449.871582,1.184058,0.50207,0.083033,0.147283,0.109564,0.264679,0.420024,0.115196,0.144512,0.097825,0.425471,0.259941,0.170511,0.181643,0.155931,0.241037,0.153548,0.103169,0.116842,0.089548,0.225217,0.203707,0.026939,0.057457,0.067856,0.098242,0.16407,0.116417,0.174571,0.23268,0.123735,0.168617,0.155468,0.261667,0.143703,0.231292,0.13696,0.129097,0.095792,0.136692,0.298339,0.304339,0.219219,0.082198,0.106303,0.342555,0.350565,0.170878,0.193592,0.128164,0.389111,0.551851,0.261514,0.221539,0.122222,0.719585,0.8475,0.274368,0.210226,0.197868,0.471907,0.550334,0.264467,0.285909,0.122023,0.388412,0.428794,0.217691,0.306952,0.145428
1768920118.35373,1768920118.354485,113.0,0.0,4333.461426,4339.358887,4342.94873,4359.743652,4331.666504,4324.487305,4323.461426,4341.922852,4328.589844,4312.05127,4499.487305,4525.128418,4397.307617,4456.666504,,,,,,,,,,,,,,,,,,,,,,,,,,,,,,,,,,,,,,,,,,,,,,,,,,,,,,,,,,,,,,,,,,,,,,
1768920118.361538,1768920118.362193,114.0,0.0,4326.025879,4332.692383,4342.179688,4355.0,4325.769043,4320.769043,4329.615234,4345.128418,4329.230957,4311.666504,4503.717773,4518.974121,4395.384766,4456.282227,,,,,,,,,,,,,,,,,,,,,,,,,,,,,,,,,,,,,,,,,,,,,,,,,,,,,,,,,,,,,,,,,,,,,,
1768920118.369347,1768920118.370001,115.0,0.0,4322.94873,4331.922852,4342.563965,4355.0,4325.0,4322.563965,4337.563965,4350.384766,4331.538574,4312.94873,4501.666504,4521.410156,4398.461426,4449.743652,,,,,,,,,,,,,,,,,,,,,,,,,,,,,,,,,,,,,,,,,,,,,,,,,,,,,,,,,,,,,,,,,,,,,,
1768920118.377155,1768920118.37761,116.0,0.0,4325.512695,4335.769043,4343.846191,4356.410156,4327.179688,4322.692383,4331.538574,4353.589844,4339.487305,4315.512695,4502.692383,4522.94873,4398.974121,4449.358887,,,,,,,,,,,,,,,,,,,,,,,,,,,,,,,,,,,,,,,,,,,,,,,,,,,,,,,,,,,,,,,,,,,,,,
1768920118.384964,1768920118.385418,117.0,0.0,4323.333496,4338.717773,4342.692383,4357.563965,4328.205078,4323.717773,4322.94873,4345.897461,4336.282227,4313.589844,4498.589844,4511.153809,4392.436035,4448.077148,,,,,,,,,,,,,,,,,,,,,,,,,,,,,,,,,,,,,,,,,,,,,,,,,,,,,,,,,,,,,,,,,,,,,,
1768920118.392772,1768920118.393126,118.0,0.0,4320.128418,4339.487305,4336.282227,4357.307617,4328.589844,4324.230957,4329.102539,4337.94873,4326.538574,4310.641113,4489.615234,4506.538574,4386.410156,4441.282227,,,,,,,,,,,,,,,,,,,,,,,,,,,,,,,,,,,,,,,,,,,,,,,,,,,,,,,,,,,,,,,,,,,,,,
1768920118.400581,1768920118.400934,119.0,0.0,4325.256348,4338.205078,4335.641113,4356.025879,4326.666504,4323.461426,4335.897461,4342.563965,4326.282227,4312.05127,4491.666504,4516.666504,4392.307617,4441.666504,,,,,,,,,,,,,,,,,,,,,,,,,,,,,,,,,,,,,,,,,,,,,,,,,,,,,,,,,,,,,,,,,,,,,,
1768920118.408389,1768920118.408943,120.0,0.0,4333.461426,4336.153809,4345.512695,4356.794922,4325.769043,4324.615234,4328.205078,4345.512695,4328.974121,4313.205078,4496.922852,4523.461426,4400.641113,4451.282227,,,,,,,,,,,,,,,,,,,,,,,,,,,,,,,,,,,,,,,,,,,,,,,,,,,,,,,,,,,,,,,,,,,,,,
1768920118.416198,1768920118.416751,121.0,0.0,4334.487305,4335.384766,4348.846191,4357.820313,4328.589844,4323.846191,4322.436035,4338.717773,4326.025879,4308.846191,4491.666504,4517.820313,4394.615234,4453.077148,,,,,,,,,,,,,,,,,,,,,,,,,,,,,,,,,,,,,,,,,,,,,,,,,,,,,,,,,,,,,,,,,,,,,,
1768920118.424006,1768920118.424659,122.0,0.0,4333.077148,4336.153809,4340.512695,4356.025879,4327.94873,4321.410156,4324.743652,4335.512695,4324.358887,4306.153809,4488.717773,4507.436035,4385.128418,4447.436035,,,,,,,,,,,,,,,,,,,,,,,,,,,,,,,,,,,,,,,,,,,,,,,,,,,,,,,,,,,,,,,,,,,,,,
1768920118.431815,1768920118.432468,123.0,0.0,4338.205078,4335.897461,4340.641113,4355.641113,4326.025879,4323.717773,4327.05127,4341.282227,4327.179688,4310.128418,4492.436035,4510.769043,4389.358887,4450.128418,,,,,,,,,,,,,,,,,,,,,,,,,,,,,,,,,,,,,,,,,,,,,,,,,,,,,,,,,,,,,,,,,,,,,,
1768920118.439623,1768920118.440476,124.0,0.0,4342.179688,4336.282227,4347.563965,4357.692383,4326.153809,4324.615234,4327.820313,4347.692383,4330.641113,4312.94873,4493.974121,4521.666504,4397.179688,4455.897461,,,,,,,,,,,,,,,,,,,,,,,,,,,,,,,,,,,,,,,,,,,,,,,,,,,,,,,,,,,,,,,,,,,,,,
1768920118.447432,1768920118.448284,125.0,0.0,4338.205078,4334.615234,4345.384766,4357.692383,4327.307617,4322.692383,4329.743652,4344.102539,4329.615234,4308.589844,4490.641113,4517.692383,4394.615234,4449.358887,,,,,,,,,,,,,,,,,,,,,,,,,,,,,,,,,,,,,,,,,,,,,,,,,,,,,,,,,,,,,,,,,,,,,,
1768920118.45524,1768920118.455993,126.0,0.0,4334.487305,4330.128418,4340.384766,4353.333496,4328.077148,4327.692383,4336.410156,4340.769043,4327.179688,4310.384766,4494.487305,4511.410156,4392.692383,4445.0,,,,,,,,,,,,,,,,,,,,,,,,,,,,,,,,,,,,,,,,,,,,,,,,,,,,,,,,,,,,,,,,,,,,,,
1768920118.463049,1768920118.463801,127.0,0.0,4331.410156,4329.615234,4341.282227,4349.358887,4326.794922,4330.384766,4341.538574,4347.94873,4335.0,4320.641113,4507.307617,4523.077148,4399.102539,4456.666504,,,,,,,,,,,,,,,,,,,,,,,,,,,,,,,,,,,,,,,,,,,,,,,,,,,,,,,,,,,,,,,,,,,,,,
1768920118.470858,1768920118.471809,0.0,0.0,4327.94873,4332.179688,4341.666504,4350.256348,4325.256348,4323.205078,4335.256348,4353.846191,4343.333496,4323.589844,4510.897461,4529.743652,4400.641113,4463.461426,1.33152,0.557085,0.073782,0.125119,0.105982,0.338775,0.399281,0.145778,0.133299,0.092281,0.49615,0.238879,0.181512,0.150576,0.148909,0.250568,0.138571,0.11152,0.103116,0.097814,0.24546,0.218929,0.02057,0.048538,0.065311,0.108796,0.169978,0.120463,0.192864,0.213133,0.160317,0.19405,0.181074,0.285664,0.154434,0.206587,0.142242,0.109457,0.089712,0.13366,0.332238,0.281062,0.197116,0.091052,0.104315,0.35093,0.322322,0.153353,0.175802,0.13132,0.431226,0.577081,0.314598,0.259241,0.114594,0.833976,0.791424,0.364157,0.244846,0.201202,0.475784,0.564662,0.263215,0.263347,0.109083,0.538836,0.499994,0.241146,0.302061,0.133441
1768920118.478666,1768920118.479618,1.0,0.0,4332.692383,4334.615234,4341.794922,4353.974121,4328.333496,4318.974121,4325.256348,4350.0,4336.794922,4318.974121,4499.487305,4516.794922,4396.922852,4456.025879,,,,,,,,,,,,,,,,,,,,,,,,,,,,,,,,,,,,,,,,,,,,,,,,,,,,,,,,,,,,,,,,,,,,,,
1768920118.486474,1768920118.487326,2.0,0.0,4338.205078,4339.487305,4344.615234,4357.307617,4330.769043,4324.487305,4326.538574,4344.102539,4327.820313,4318.333496,4491.794922,4508.589844,4396.794922,4450.641113,,,,,,,,,,,,,,,,,,,,,,,,,,,,,,,,,,,,,,,,,,,,,,,,,,,,,,,,,,,,,,,,,,,,,,
1768920118.494283,1768920118.495135,3.0,0.0,4337.05127,4344.871582,4343.205078,4358.205078,4325.897461,4326.922852,4331.410156,4344.230957,4327.692383,4319.102539,4499.743652,4514.615234,4398.077148,4451.538574,,,,,,,,,,,,,,,,,,,,,,,,,,,,,,,,,,,,,,,,,,,,,,,,,,,,,,,,,,,,,,,,,,,,,,
1768920118.502092,1768920118.502743,4.0,0.0,4335.897461,4341.922852,4340.384766,4356.282227,4327.820313,4324.230957,4331.794922,4345.128418,4330.512695,4320.128418,4510.256348,4523.846191,4406.410156,4458.846191,,,,,,,,,,,,,,,,,,,,,,,,,,,,,,,,,,,,,,,,,,,,,,,,,,,,,,,,,,,,,,,,,,,,,,
1768920118.5099,1768920118.510552,5.0,0.0,4336.538574,4337.05127,4347.307617,4357.179688,4336.794922,4329.871582,4339.487305,4348.717773,4335.641113,4322.692383,4511.538574,4531.538574,4413.461426,4464.102539,,,,,,,,,,,,,,,,,,,,,,,,,,,,,,,,,,,,,,,,,,,,,,,,,,,,,,,,,,,,,,,,,,,,,,
1768920118.517708,1768920118.51826,6.0,0.0,4332.692383,4337.692383,4352.436035,4359.871582,4335.128418,4334.615234,4345.641113,4352.563965,4335.0,4320.769043,4506.025879,4531.410156,4400.256348,4456.410156,,,,,,,,,,,,,,,,,,,,,,,,,,,,,,,,,,,,,,,,,,,,,,,,,,,,,,,,,,,,,,,,,,,,,,
1768920118.525517,1768920118.526069,7.0,0.0,4331.025879,4335.641113,4346.538574,4357.692383,4326.410156,4327.179688,4332.307617,4347.692383,4328.333496,4319.871582,4504.487305,4523.717773,4391.153809,4452.179688,,,,,,,,,,,,,,,,,,,,,,,,,,,,,,,,,,,,,,,,,,,,,,,,,,,,,,,,,,,,,,,,,,,,,,
1768920118.533326,1768920118.534077,8.0,0.0,4336.922852,4333.077148,4344.871582,4355.769043,4322.94873,4322.179688,4319.743652,4341.538574,4327.05127,4325.0,4507.563965,4525.384766,4406.666504,4466.410156,,,,,,,,,,,,,,,,,,,,,,,,,,,,,,,,,,,,,,,,,,,,,,,,,,,,,,,,,,,,,,,,,,,,,,
1768920118.541134,1768920118.541886,9.0,0.0,4338.974121,4336.666504,4351.410156,4358.717773,4328.589844,4325.256348,4327.820313,4346.410156,4333.589844,4327.692383,4510.512695,4537.05127,4420.769043,4474.358887,,,,,,,,,,,,,,,,,,,,,,,,,,,,,,,,,,,,,,,,,,,,,,,,,,,,,,,,,,,,,,,,,,,,,,
1768920118.548943,1768920118.549594,10.0,0.0,4336.666504,4342.692383,4353.974121,4358.846191,4334.871582,4326.538574,4338.077148,4354.102539,4338.974121,4326.282227,4511.538574,4538.077148,4412.307617,4468.205078,,,,,,,,,,,,,,,,,,,,,,,,,,,,,,,,,,,,,,,,,,,,,,,,,,,,,,,,,,,,,,,,,,,,,,
1768920118.556751,1768920118.557402,11.0,0.0,4336.410156,4343.205078,4355.384766,4358.077148,4333.589844,4327.436035,4339.358887,4352.563965,4338.846191,4327.05127,4510.256348,4534.487305,4404.743652,4465.769043,,,,,,,,,,,,,,,,,,,,,,,,,,,,,,,,,,,,,,,,,,,,,,,,,,,,,,,,,,,,,,,,,,,,,,
1768920118.56456,1768920118.565011,12.0,0.0,4340.641113,4340.512695,4359.871582,4363.077148,4332.307617,4327.307617,4335.641113,4348.717773,4335.128418,4326.922852,4509.358887,4540.0,4410.769043,4468.717773,,,,,,,,,,,,,,,,,,,,,,,,,,,,,,,,,,,,,,,,,,,,,,,,,,,,,,,,,,,,,,,,,,,,,,
1768920118.572368,1768920118.572819,13.0,0.0,4347.563965,4343.077148,4360.769043,4365.641113,4338.205078,4324.487305,4330.256348,4348.846191,4335.128418,4323.461426,4511.025879,4541.794922,4409.743652,4466.922852,,,,,,,,,,,,,,,,,,,,,,,,,,,,,,,,,,,,,,,,,,,,,,,,,,,,,,,,,,,,,,,,,,,,,,
1768920118.580177,1768920118.580527,14.0,0.0,4345.769043,4343.589844,4355.0,4360.641113,4340.641113,4327.820313,4331.025879,4349.102539,4337.820313,4325.256348,4511.282227,4532.820313,4399.230957,4463.077148,,,,,,,,,,,,,,,,,,,,,,,,,,,,,,,,,,,,,,,,,,,,,,,,,,,,,,,,,,,,,,,,,,,,,,
1768920118.587985,1768920118.588336,15.0,0.0,4333.205078,4334.743652,4346.282227,4355.769043,4334.743652,4329.487305,4335.641113,4348.205078,4332.692383,4323.333496,4502.436035,4523.846191,4390.641113,4454.871582,,,,,,,,,,,,,,,,,,,,,,,,,,,,,,,,,,,,,,,,,,,,,,,,,,,,,,,,,,,,,,,,,,,,,,
1768920118.595794,1768920118.596344,16.0,0.0,4324.743652,4324.230957,4338.846191,4350.384766,4329.743652,4325.384766,4334.871582,4348.846191,4327.692383,4313.974121,4493.205078,4520.0,4383.589844,4443.974121,1.442825,0.607786,0.072139,0.105234,0.100463,0.46151,0.391535,0.190939,0.124461,0.089794,0.600922,0.218031,0.188667,0.128717,0.141306,0.302793,0.132537,0.119312,0.093496,0.105919,0.276023,0.221117,0.017332,0.040631,0.062787,0.116545,0.169772,0.115073,0.202264,0.187457,0.208984,0.227269,0.202221,0.296027,0.176306,0.205178,0.151125,0.091118,0.082857,0.136356,0.376009,0.258296,0.174138,0.101821,0.107637,0.411916,0.290144,0.127999,0.156763,0.135349,0.535646,0.599804,0.389182,0.302329,0.112766,1.003221,0.741501,0.462572,0.291579,0.197839,0.501835,0.560351,0.274333,0.24674,0.102858,0.750518,0.614242,0.275314,0.308749,0.128303
1768920118.603602,1768920118.604152,17.0,0.0,4324.871582,4321.922852,4336.666504,4346.153809,4325.256348,4330.0,4335.0,4349.487305,4331.410156,4313.974121,4490.641113,4515.384766,4376.794922,4439.615234,,,,,,,,,,,,,,,,,,,,,,,,,,,,,,,,,,,,,,,,,,,,,,,,,,,,,,,,,,,,,,,,,,,,,,
1768920118.611411,1768920118.612061,18.0,0.0,4329.487305,4328.077148,4340.641113,4351.666504,4325.512695,4336.666504,4342.179688,4346.922852,4336.153809,4323.205078,4496.025879,4519.102539,4384.743652,4446.282227,,,,,,,,,,,,,,,,,,,,,,,,,,,,,,,,,,,,,,,,,,,,,,,,,,,,,,,,,,,,,,,,,,,,,,
1768920118.619219,1768920118.619869,19.0,0.0,4338.717773,4338.077148,4348.974121,4361.922852,4334.615234,4330.512695,4342.05127,4351.282227,4343.717773,4331.666504,4513.205078,4536.922852,4404.743652,4463.589844,,,,,,,,,,,,,,,,,,,,,,,,,,,,,,,,,,,,,,,,,,,,,,,,,,,,,,,,,,,,,,,,,,,,,,
1768920118.627028,1768920118.627877,20.0,0.0,4344.871582,4341.410156,4352.692383,4363.077148,4338.717773,4325.128418,4336.153809,4358.589844,4346.922852,4339.743652,4526.794922,4551.025879,4414.871582,4476.794922,,,,,,,,,,,,,,,,,,,,,,,,,,,,,,,,,,,,,,,,,,,,,,,,,,,,,,,,,,,,,,,,,,,,,,
1768920118.634836,1768920118.635686,21.0,0.0,4340.512695,4333.205078,4346.922852,4354.230957,4332.05127,4328.333496,4336.025879,4351.282227,4334.615234,4332.94873,4516.153809,4544.615234,4409.358887,4470.897461,,,,,,,,,,,,,,,,,,,,,,,,,,,,,,,,,,,,,,,,,,,,,,,,,,,,,,,,,,,,,,,,,,,,,,
1768920118.642645,1768920118.643594,22.0,0.0,4333.717773,4326.153809,4339.871582,4348.205078,4325.897461,4328.333496,4335.641113,4340.641113,4321.922852,4309.743652,4494.487305,4524.743652,4395.512695,4456.153809,,,,,,,,,,,,,,,,,,,,,,,,,,,,,,,,,,,,,,,,,,,,,,,,,,,,,,,,,,,,,,,,,,,,,,
1768920118.650453,1768920118.651403,23.0,0.0,4335.0,4327.692383,4338.333496,4349.487305,4326.410156,4327.05127,4332.820313,4343.717773,4323.205078,4306.410156,4488.461426,4514.487305,4385.641113,4447.436035,,,,,,,,,,,,,,,,,,,,,,,,,,,,,,,,,,,,,,,,,,,,,,,,,,,,,,,,,,,,,,,,,,,,,,
1768920118.658262,1768920118.659411,24.0,0.0,4338.974121,4329.230957,4341.410156,4351.922852,4327.692383,4327.05127,4331.794922,4347.820313,4325.769043,4325.256348,4495.641113,4519.358887,4387.563965,4451.794922,,,,,,,,,,,,,,,,,,,,,,,,,,,,,,,,,,,,,,,,,,,,,,,,,,,,,,,,,,,,,,,,,,,,,,
1768920118.66607,1768920118.667219,25.0,0.0,4336.538574,4326.666504,4344.358887,4349.230957,4326.153809,4323.974121,4335.0,4345.897461,4328.077148,4329.487305,4503.205078,4527.436035,4394.230957,4460.0,,,,,,,,,,,,,,,,,,,,,,,,,,,,,,,,,,,,,,,,,,,,,,,,,,,,,,,,,,,,,,,,,,,,,,
1768920118.673879,1768920118.674928,26.0,0.0,4332.692383,4323.717773,4342.436035,4348.205078,4324.615234,4325.512695,4338.717773,4346.794922,4331.794922,4322.307617,4505.641113,4530.512695,4392.05127,4459.230957,,,,,,,,,,,,,,,,,,,,,,,,,,,,,,,,,,,,,,,,,,,,,,,,,,,,,,,,,,,,,,,,,,,,,,
1768920118.681687,1768920118.682736,27.0,0.0,4337.820313,4327.820313,4343.333496,4356.282227,4329.487305,4333.846191,4342.307617,4348.461426,4331.410156,4324.102539,4504.871582,4533.077148,4390.512695,4457.692383,,,,,,,,,,,,,,,,,,,,,,,,,,,,,,,,,,,,,,,,,,,,,,,,,,,,,,,,,,,,,,,,,,,,,,
1768920118.689496,1768920118.690345,28.0,0.0,4346.922852,4335.769043,4352.179688,4361.153809,4334.871582,4335.0,4343.846191,4350.0,4334.358887,4327.94873,4506.666504,4537.307617,4400.128418,4468.205078,,,,,,,,,,,,,,,,,,,,,,,,,,,,,,,,,,,,,,,,,,,,,,,,,,,,,,,,,,,,,,,,,,,,,,
1768920118.697304,1768920118.698153,29.0,0.0,4348.589844,4339.487305,4354.487305,4360.769043,4330.641113,4328.974121,4340.256348,4353.589844,4338.717773,4327.820313,4510.897461,4538.333496,4406.410156,4474.102539,,,,,,,,,,,,,,,,,,,,,,,,,,,,,,,,,,,,,,,,,,,,,,,,,,,,,,,,,,,,,,,,,,,,,,
1768920118.705113,1768920118.705862,30.0,0.0,4339.230957,4333.333496,4341.538574,4356.666504,4323.461426,4325.256348,4336.666504,4347.94873,4330.384766,4324.871582,4506.410156,4531.410156,4399.358887,4464.487305,,,,,,,,,,,,,,,,,,,,,,,,,,,,,,,,,,,,,,,,,,,,,,,,,,,,,,,,,,,,,,,,,,,,,,
1768920118.712922,1768920118.71367,31.0,0.0,4328.846191,4323.974121,4333.717773,4350.384766,4323.717773,4327.179688,4337.05127,4339.487305,4322.820313,4320.384766,4498.589844,4518.717773,4393.846191,4454.358887,,,,,,,,,,,,,,,,,,,,,,,,,,,,,,,,,,,,,,,,,,,,,,,,,,,,,,,,,,,,,,,,,,,,,,
1768920118.72073,1768920118.721279,32.0,0.0,4334.102539,4327.436035,4344.487305,4354.230957,4328.589844,4334.487305,4344.871582,4347.820313,4330.256348,4322.05127,4503.205078,4520.897461,4398.077148,4458.589844,1.481996,0.633747,0.082669,0.091785,0.092497,0.62279,0.394232,0.246139,0.119124,0.088062,0.709442,0.201938,0.191054,0.12036,0.132256,0.393708,0.135623,0.125295,0.088941,0.110527,0.303523,0.208545,0.017619,0.035603,0.060296,0.116707,0.160646,0.101381,0.19963,0.163547,0.252637,0.257076,0.215507,0.292218,0.205482,0.21701,0.15733,0.083109,0.080229,0.144059,0.405286,0.241417,0.16429,0.112204,0.114618,0.508682,0.2601,0.105174,0.140787,0.141071,0.690227,0.620146,0.477117,0.34166,0.115734,1.18745,0.704448,0.553179,0.343812,0.190347,0.534286,0.540885,0.30152,0.242297,0.106984,1.005415,0.750899,0.32391,0.335076,0.129925
1768920118.728538,1768920118.729087,33.0,0.0,4345.769043,4335.384766,4354.102539,4361.922852,4330.256348,4332.307617,4342.563965,4354.230957,4334.102539,4322.94873,4509.743652,4529.102539,4399.743652,4465.256348,,,,,,,,,,,,,,,,,,,,,,,,,,,,,,,,,,,,,,,,,,,,,,,,,,,,,,,,,,,,,,,,,,,,,,
1768920118.736347,1768920118.736996,34.0,0.0,4343.333496,4330.769043,4347.436035,4358.333496,4327.179688,4320.641113,4326.666504,4343.461426,4327.692383,4315.0,4506.282227,4524.358887,4397.05127,4461.538574,,,,,,,,,,,,,,,,,,,,,,,,,,,,,,,,,,,,,,,,,,,,,,,,,,,,,,,,,,,,,,,,,,,,,,
1768920118.744156,1768920118.744804,35.0,0.0,4336.922852,4327.563965,4337.820313,4353.205078,4324.615234,4322.179688,4323.077148,4339.615234,4325.897461,4311.538574,4502.820313,4521.153809,4395.384766,4458.846191,,,,,,,,,,,,,,,,,,,,,,,,,,,,,,,,,,,,,,,,,,,,,,,,,,,,,,,,,,,,,,,,,,,,,,
1768920118.751964,1768920118.752413,36.0,0.0,4338.589844,4332.05127,4338.205078,4358.461426,4326.922852,4332.179688,4334.487305,4346.922852,4327.436035,4317.692383,4505.897461,4523.974121,4397.307617,4461.282227,,,,,,,,,,,,,,,,,,,,,,,,,,,,,,,,,,,,,,,,,,,,,,,,,,,,,,,,,,,,,,,,,,,,,,
1768920118.759772,1768920118.760221,37.0,0.0,4338.205078,4328.846191,4342.307617,4357.692383,4329.358887,4333.846191,4342.436035,4346.282227,4327.179688,4316.025879,4508.205078,4523.846191,4397.436035,4461.282227,,,,,,,,,,,,,,,,,,,,,,,,,,,,,,,,,,,,,,,,,,,,,,,,,,,,,,,,,,,,,,,,,,,,,,
1768920118.767581,1768920118.768129,38.0,0.0,4337.94873,4326.410156,4343.461426,4355.384766,4327.94873,4331.410156,4339.487305,4341.153809,4325.897461,4309.487305,4503.589844,4522.692383,4397.820313,4460.769043,,,,,,,,,,,,,,,,,,,,,,,,,,,,,,,,,,,,,,,,,,,,,,,,,,,,,,,,,,,,,,,,,,,,,,
1768920118.77539,1768920118.775938,39.0,0.0,4346.025879,4334.230957,4341.282227,4360.128418,4323.974121,4326.666504,4327.94873,4338.974121,4318.205078,4308.974121,4492.94873,4520.512695,4396.153809,4463.205078,,,,,,,,,,,,,,,,,,,,,,,,,,,,,,,,,,,,,,,,,,,,,,,,,,,,,,,,,,,,,,,,,,,,,,
1768920118.783198,1768920118.783546,40.0,0.0,4350.512695,4336.922852,4340.128418,4359.743652,4323.461426,4321.794922,4324.230957,4337.692383,4311.153809,4306.922852,4487.692383,4517.94873,4389.358887,4462.820313,,,,,,,,,,,,,,,,,,,,,,,,,,,,,,,,,,,,,,,,,,,,,,,,,,,,,,,,,,,,,,,,,,,,,,
1768920118.791007,1768920118.791354,41.0,0.0,4345.897461,4333.077148,4343.077148,4357.692383,4325.897461,4326.410156,4336.153809,4345.128418,4321.025879,4307.307617,4497.94873,4522.436035,4391.410156,4461.025879,,,,,,,,,,,,,,,,,,,,,,,,,,,,,,,,,,,,,,,,,,,,,,,,,,,,,,,,,,,,,,,,,,,,,,
1768920118.798815,1768920118.799263,42.0,0.0,4340.769043,4330.0,4344.487305,4358.974121,4325.0,4330.0,4338.589844,4352.94873,4333.205078,4312.179688,4506.666504,4526.538574,4398.846191,4461.025879,,,,,,,,,,,,,,,,,,,,,,,,,,,,,,,,,,,,,,,,,,,,,,,,,,,,,,,,,,,,,,,,,,,,,,
1768920118.806624,1768920118.807071,43.0,0.0,4340.769043,4325.897461,4342.307617,4357.05127,4323.974121,4328.333496,4327.436035,4342.05127,4322.692383,4310.384766,4504.230957,4521.538574,4395.512695,4461.153809,,,,,,,,,,,,,,,,,,,,,,,,,,,,,,,,,,,,,,,,,,,,,,,,,,,,,,,,,,,,,,,,,,,,,,
1768920118.814432,1768920118.815079,44.0,0.0,4347.94873,4325.897461,4340.512695,4353.589844,4325.641113,4323.333496,4326.153809,4330.128418,4311.282227,4307.179688,4503.461426,4520.512695,4392.179688,4463.205078,,,,,,,,,,,,,,,,,,,,,,,,,,,,,,,,,,,,,,,,,,,,,,,,,,,,,,,,,,,,,,,,,,,,,,
1768920118.822241,1768920118.822888,45.0,0.0,4356.153809,4328.333496,4341.025879,4355.897461,4324.358887,4315.0,4327.563965,4334.871582,4320.0,4311.153809,4502.563965,4524.615234,4396.922852,4462.307617,,,,,,,,,,,,,,,,,,,,,,,,,,,,,,,,,,,,,,,,,,,,,,,,,,,,,,,,,,,,,,,,,,,,,,
1768920118.830049,1768920118.830796,46.0,0.0,4352.692383,4326.025879,4341.666504,4356.282227,4321.025879,4316.922852,4322.692383,4340.641113,4327.179688,4312.436035,4498.077148,4524.743652,4396.538574,4457.692383,,,,,,,,,,,,,,,,,,,,,,,,,,,,,,,,,,,,,,,,,,,,,,,,,,,,,,,,,,,,,,,,,,,,,,
1768920118.837858,1768920118.838604,47.0,0.0,4345.512695,4326.538574,4339.487305,4351.922852,4326.666504,4329.102539,4328.846191,4340.128418,4323.717773,4310.384766,4499.487305,4522.94873,4395.384766,4460.384766,,,,,,,,,,,,,,,,,,,,,,,,,,,,,,,,,,,,,,,,,,,,,,,,,,,,,,,,,,,,,,,,,,,,,,
1768920118.845666,1768920118.846613,48.0,0.0,4349.743652,4333.205078,4339.487305,4352.179688,4335.128418,4329.487305,4338.717773,4343.077148,4326.282227,4315.897461,4505.897461,4525.897461,4399.743652,4464.487305,1.429895,0.626411,0.110887,0.088123,0.083786,0.794906,0.39947,0.305702,0.118195,0.085866,0.791897,0.196025,0.189203,0.122678,0.122078,0.503121,0.146216,0.13178,0.089335,0.110227,0.314542,0.183867,0.023361,0.034815,0.058222,0.107663,0.142899,0.082991,0.186226,0.146305,0.277792,0.26942,0.220937,0.285023,0.235409,0.22691,0.157447,0.089008,0.084552,0.154186,0.402142,0.232881,0.177754,0.121256,0.122145,0.613205,0.236399,0.095563,0.130618,0.147252,0.862766,0.63601,0.561791,0.370322,0.122625,1.345036,0.679265,0.614631,0.394002,0.185078,0.564732,0.516974,0.348948,0.251346,0.123425,1.265861,0.881587,0.39038,0.380635,0.137806
1768920118.853475,1768920118.854421,49.0,0.0,4354.102539,4336.794922,4341.282227,4354.487305,4332.179688,4322.436035,4336.666504,4347.94873,4332.692383,4322.94873,4505.769043,4531.538574,4402.94873,4461.666504,,,,,,,,,,,,,,,,,,,,,,,,,,,,,,,,,,,,,,,,,,,,,,,,,,,,,,,,,,,,,,,,,,,,,,
1768920118.861283,1768920118.862129,50.0,0.0,4350.128418,4336.922852,4342.307617,4355.0,4326.153809,4328.846191,4338.717773,4348.077148,4334.358887,4324.871582,4506.025879,4533.333496,4407.692383,4462.179688,,,,,,,,,,,,,,,,,,,,,,,,,,,,,,,,,,,,,,,,,,,,,,,,,,,,,,,,,,,,,,,,,,,,,,
1768920118.869092,1768920118.869938,51.0,0.0,4351.538574,4339.487305,4345.641113,4356.794922,4326.282227,4333.589844,4344.102539,4344.358887,4332.692383,4324.743652,4510.769043,4535.769043,4413.589844,4471.153809,,,,,,,,,,,,,,,,,,,,,,,,,,,,,,,,,,,,,,,,,,,,,,,,,,,,,,,,,,,,,,,,,,,,,,
1768920118.8769,1768920118.877546,52.0,0.0,4357.94873,4342.563965,4348.205078,4360.0,4330.769043,4326.153809,4337.179688,4341.922852,4331.538574,4324.615234,4509.615234,4536.153809,4413.846191,4475.256348,,,,,,,,,,,,,,,,,,,,,,,,,,,,,,,,,,,,,,,,,,,,,,,,,,,,,,,,,,,,,,,,,,,,,,
1768920118.884709,1768920118.885355,53.0,0.0,4354.871582,4342.307617,4344.743652,4360.0,4334.615234,4328.717773,4336.538574,4343.589844,4334.743652,4327.05127,4507.692383,4530.128418,4412.179688,4468.461426,,,,,,,,,,,,,,,,,,,,,,,,,,,,,,,,,,,,,,,,,,,,,,,,,,,,,,,,,,,,,,,,,,,,,,
1768920118.892517,1768920118.893063,54.0,0.0,4350.256348,4339.871582,4341.538574,4356.794922,4331.538574,4335.897461,4345.256348,4345.769043,4337.94873,4329.487305,4515.512695,4529.102539,4412.692383,4464.743652,,,,,,,,,,,,,,,,,,,,,,,,,,,,,,,,,,,,,,,,,,,,,,,,,,,,,,,,,,,,,,,,,,,,,,
1768920118.900326,1768920118.900872,55.0,0.0,4354.102539,4337.692383,4343.461426,4355.256348,4327.692383,4329.871582,4336.153809,4348.077148,4340.641113,4328.846191,4519.871582,4536.794922,4412.179688,4471.794922,,,,,,,,,,,,,,,,,,,,,,,,,,,,,,,,,,,,,,,,,,,,,,,,,,,,,,,,,,,,,,,,,,,,,,
1768920118.908134,1768920118.90848,56.0,0.0,4356.794922,4337.179688,4343.974121,4355.769043,4330.769043,4324.230957,4330.897461,4351.025879,4341.282227,4328.205078,4515.384766,4542.820313,4412.307617,4478.589844,,,,,,,,,,,,,,,,,,,,,,,,,,,,,,,,,,,,,,,,,,,,,,,,,,,,,,,,,,,,,,,,,,,,,,
1768920118.915943,1768920118.916289,57.0,0.0,4354.615234,4338.077148,4344.358887,4358.077148,4334.487305,4331.025879,4347.563965,4347.820313,4335.128418,4328.205078,4513.461426,4537.820313,4413.717773,4477.307617,,,,,,,,,,,,,,,,,,,,,,,,,,,,,,,,,,,,,,,,,,,,,,,,,,,,,,,,,,,,,,,,,,,,,,
1768920118.923751,1768920118.923997,58.0,0.0,4352.307617,4337.563965,4343.846191,4356.666504,4332.692383,4333.077148,4347.436035,4341.025879,4331.025879,4326.153809,4512.179688,4526.794922,4412.820313,4469.102539,,,,,,,,,,,,,,,,,,,,,,,,,,,,,,,,,,,,,,,,,,,,,,,,,,,,,,,,,,,,,,,,,,,,,,
1768920118.93156,1768920118.931805,59.0,0.0,4353.461426,4336.794922,4338.589844,4352.563965,4329.487305,4328.333496,4332.692383,4343.974121,4336.410156,4326.282227,4507.179688,4526.666504,4410.769043,4465.769043,,,,,,,,,,,,,,,,,,,,,,,,,,,,,,,,,,,,,,,,,,,,,,,,,,,,,,,,,,,,,,,,,,,,,,
1768920118.939368,1768920118.939814,60.0,0.0,4356.794922,4339.615234,4341.410156,4353.333496,4331.794922,4331.282227,4339.358887,4349.871582,4338.717773,4326.282227,4511.922852,4534.230957,4415.384766,4470.256348,,,,,,,,,,,,,,,,,,,,,,,,,,,,,,,,,,,,,,,,,,,,,,,,,,,,,,,,,,,,,,,,,,,,,,
1768920118.947177,1768920118.947622,61.0,0.0,4357.436035,4342.94873,4351.922852,4358.333496,4337.05127,4333.717773,4347.05127,4344.487305,4332.820313,4324.615234,4524.230957,4536.666504,4423.717773,4474.615234,,,,,,,,,,,,,,,,,,,,,,,,,,,,,,,,,,,,,,,,,,,,,,,,,,,,,,,,,,,,,,,,,,,,,,
1768920118.954986,1768920118.95553,62.0,0.0,4356.666504,4341.666504,4352.307617,4359.102539,4335.641113,4329.871582,4336.153809,4341.282227,4332.94873,4327.436035,4522.05127,4534.230957,4423.717773,4473.846191,,,,,,,,,,,,,,,,,,,,,,,,,,,,,,,,,,,,,,,,,,,,,,,,,,,,,,,,,,,,,,,,,,,,,,
1768920118.962794,1768920118.963339,63.0,0.0,4355.512695,4338.974121,4342.05127,4353.974121,4326.025879,4325.512695,4330.512695,4345.641113,4335.512695,4328.461426,4508.846191,4527.436035,4413.205078,4467.563965,,,,,,,,,,,,,,,,,,,,,,,,,,,,,,,,,,,,,,,,,,,,,,,,,,,,,,,,,,,,,,,,,,,,,,
1768920118.970602,1768920118.970947,64.0,0.0,4353.974121,4338.077148,4337.820313,4350.897461,4324.230957,4327.05127,4337.820313,4344.358887,4331.025879,4322.94873,4503.974121,4523.205078,4404.358887,4459.358887,1.27964,0.588995,0.159791,0.098142,0.07783,0.945696,0.393464,0.364689,0.122899,0.083431,0.831317,0.203067,0.187146,0.13162,0.113064,0.599495,0.158793,0.142889,0.094993,0.105799,0.303177,0.152259,0.035749,0.039616,0.057754,0.088815,0.119509,0.064988,0.167195,0.136521,0.271137,0.255859,0.221382,0.290225,0.259294,0.221463,0.151157,0.106762,0.095456,0.164345,0.364128,0.230733,0.217419,0.131371,0.127836,0.694743,0.218588,0.107615,0.130441,0.152308,1.009836,0.637147,0.626183,0.39619,0.133377,1.440118,0.651938,0.642342,0.44459,0.188647,0.589023,0.496455,0.425064,0.27462,0.151221,1.478866,0.973814,0.480555,0.438703,0.151459
1768920118.978411,1768920118.978756,65.0,0.0,4356.410156,4342.307617,4346.153809,4354.615234,4331.794922,4332.563965,4344.358887,4341.153809,4328.461426,4323.333496,4508.846191,4533.077148,4406.794922,4464.230957,,,,,,,,,,,,,,,,,,,,,,,,,,,,,,,,,,,,,,,,,,,,,,,,,,,,,,,,,,,,,,,,,,,,,,
1768920118.98622,1768920118.986464,66.0,0.0,4365.128418,4351.666504,4355.512695,4360.641113,4330.384766,4330.256348,4342.563965,4344.102539,4333.846191,4330.128418,4512.820313,4542.436035,4414.358887,4478.846191,,,,,,,,,,,,,,,,,,,,,,,,,,,,,,,,,,,,,,,,,,,,,,,,,,,,,,,,,,,,,,,,,,,,,,
1768920118.994028,1768920118.994272,67.0,0.0,4364.615234,4352.179688,4351.410156,4359.615234,4324.102539,4321.794922,4334.615234,4343.461426,4334.102539,4329.102539,4510.769043,4532.05127,4415.641113,4478.974121,,,,,,,,,,,,,,,,,,,,,,,,,,,,,,,,,,,,,,,,,,,,,,,,,,,,,,,,,,,,,,,,,,,,,,
1768920119.001836,1768920119.00228,68.0,0.0,4354.743652,4342.820313,4342.563965,4355.897461,4324.230957,4324.102539,4334.871582,4340.0,4328.846191,4324.743652,4509.102539,4523.205078,4414.743652,4470.256348,,,,,,,,,,,,,,,,,,,,,,,,,,,,,,,,,,,,,,,,,,,,,,,,,,,,,,,,,,,,,,,,,,,,,,
1768920119.009645,1768920119.010089,69.0,0.0,4354.358887,4341.410156,4344.102539,4357.179688,4327.820313,4332.307617,4342.563965,4343.077148,4331.794922,4326.410156,4510.512695,4526.153809,4416.410156,4471.666504,,,,,,,,,,,,,,,,,,,,,,,,,,,,,,,,,,,,,,,,,,,,,,,,,,,,,,,,,,,,,,,,,,,,,,
1768920119.017454,1768920119.017997,70.0,0.0,4357.307617,4346.410156,4343.077148,4352.820313,4327.436035,4328.974121,4341.666504,4343.333496,4332.692383,4324.743652,4505.128418,4522.820313,4408.974121,4470.0,,,,,,,,,,,,,,,,,,,,,,,,,,,,,,,,,,,,,,,,,,,,,,,,,,,,,,,,,,,,,,,,,,,,,,
1768920119.025262,1768920119.025806,71.0,0.0,4349.743652,4336.794922,4334.871582,4342.820313,4324.487305,4325.897461,4340.128418,4339.871582,4325.0,4320.256348,4498.205078,4519.358887,4399.487305,4460.641113,,,,,,,,,,,,,,,,,,,,,,,,,,,,,,,,,,,,,,,,,,,,,,,,,,,,,,,,,,,,,,,,,,,,,,
1768920119.03307,1768920119.033814,72.0,0.0,4343.333496,4327.307617,4335.512695,4340.641113,4323.846191,4325.512695,4339.615234,4339.743652,4323.205078,4316.922852,4498.461426,4521.794922,4400.128418,4456.794922,,,,,,,,,,,,,,,,,,,,,,,,,,,,,,,,,,,,,,,,,,,,,,,,,,,,,,,,,,,,,,,,,,,,,,
1768920119.040879,1768920119.041622,73.0,0.0,4350.256348,4337.94873,4339.230957,4347.94873,4324.358887,4317.307617,4331.666504,4338.717773,4325.384766,4314.102539,4495.256348,4515.897461,4398.717773,4457.179688,,,,,,,,,,,,,,,,,,,,,,,,,,,,,,,,,,,,,,,,,,,,,,,,,,,,,,,,,,,,,,,,,,,,,,
1768920119.048688,1768920119.049431,74.0,0.0,4357.307617,4347.307617,4336.922852,4353.589844,4325.641113,4315.897461,4329.230957,4336.025879,4323.333496,4316.538574,4492.692383,4510.384766,4399.487305,4458.846191,,,,,,,,,,,,,,,,,,,,,,,,,,,,,,,,,,,,,,,,,,,,,,,,,,,,,,,,,,,,,,,,,,,,,,
1768920119.056496,1768920119.057239,75.0,0.0,4358.461426,4342.820313,4340.384766,4351.794922,4325.769043,4325.769043,4341.538574,4340.897461,4327.179688,4327.307617,4503.974121,4522.94873,4411.666504,4469.230957,,,,,,,,,,,,,,,,,,,,,,,,,,,,,,,,,,,,,,,,,,,,,,,,,,,,,,,,,,,,,,,,,,,,,,
1768920119.064305,1768920119.064848,76.0,0.0,4356.538574,4339.871582,4345.384766,4348.461426,4325.256348,4327.436035,4350.128418,4348.077148,4339.358887,4335.128418,4513.461426,4535.897461,4417.179688,4479.615234,,,,,,,,,,,,,,,,,,,,,,,,,,,,,,,,,,,,,,,,,,,,,,,,,,,,,,,,,,,,,,,,,,,,,,
1768920119.072113,1768920119.072656,77.0,0.0,4353.846191,4341.794922,4342.307617,4352.05127,4324.871582,4325.256348,4346.153809,4348.461426,4343.205078,4332.563965,4510.384766,4533.205078,4412.307617,4479.230957,,,,,,,,,,,,,,,,,,,,,,,,,,,,,,,,,,,,,,,,,,,,,,,,,,,,,,,,,,,,,,,,,,,,,,
1768920119.079922,1768920119.080365,78.0,0.0,4359.230957,4342.05127,4341.922852,4357.563965,4326.410156,4328.205078,4344.102539,4342.179688,4333.077148,4327.692383,4507.94873,4526.282227,4413.077148,4472.436035,,,,,,,,,,,,,,,,,,,,,,,,,,,,,,,,,,,,,,,,,,,,,,,,,,,,,,,,,,,,,,,,,,,,,,
1768920119.08773,1768920119.088173,79.0,0.0,4363.461426,4341.666504,4343.717773,4354.358887,4324.102539,4325.0,4341.922852,4331.282227,4321.922852,4323.205078,4507.563965,4521.794922,4413.589844,4463.717773,,,,,,,,,,,,,,,,,,,,,,,,,,,,,,,,,,,,,,,,,,,,,,,,,,,,,,,,,,,,,,,,,,,,,,
1768920119.095539,1768920119.095782,80.0,0.0,4357.820313,4337.563965,4341.410156,4348.333496,4318.461426,4319.743652,4335.128418,4332.05127,4322.94873,4320.512695,4503.717773,4525.897461,4409.487305,4462.563965,1.052556,0.527158,0.22691,0.125401,0.078209,1.03156,0.366941,0.421525,0.134308,0.082333,0.824068,0.218948,0.191095,0.145041,0.108436,0.654504,0.165536,0.16098,0.105995,0.099313,0.269602,0.120732,0.053962,0.051025,0.060427,0.066655,0.096713,0.051766,0.148736,0.132248,0.241677,0.221146,0.221388,0.316348,0.273502,0.201506,0.140904,0.130182,0.110332,0.173572,0.308976,0.229528,0.275582,0.146615,0.132545,0.74233,0.203087,0.143081,0.144398,0.155599,1.095353,0.616,0.664929,0.434612,0.147112,1.44973,0.607757,0.653463,0.503012,0.203291,0.615408,0.483746,0.539808,0.311621,0.185394,1.590676,0.999876,0.594242,0.499985,0.169454
1768920119.103347,1768920119.10359,81.0,0.0,4355.512695,4335.512695,4344.615234,4348.461426,4318.846191,4325.0,4335.0,4342.179688,4329.743652,4324.102539,4506.794922,4532.94873,4408.717773,4470.512695,,,,,,,,,,,,,,,,,,,,,,,,,,,,,,,,,,,,,,,,,,,,,,,,,,,,,,,,,,,,,,,,,,,,,,
1768920119.111156,1768920119.111299,82.0,0.0,4363.205078,4344.743652,4354.487305,4354.358887,4326.922852,4333.077148,4347.94873,4342.179688,4332.05127,4326.410156,4516.410156,4533.589844,4411.922852,4474.230957,,,,,,,,,,,,,,,,,,,,,,,,,,,,,,,,,,,,,,,,,,,,,,,,,,,,,,,,,,,,,,,,,,,,,,
1768920119.118964,1768920119.119107,83.0,0.0,4362.563965,4349.615234,4356.666504,4358.974121,4330.128418,4330.128418,4351.282227,4337.436035,4329.358887,4323.974121,4516.794922,4531.025879,4414.102539,4469.102539,,,,,,,,,,,,,,,,,,,,,,,,,,,,,,,,,,,,,,,,,,,,,,,,,,,,,,,,,,,,,,,,,,,,,,
1768920119.126773,1768920119.127116,84.0,0.0,4353.333496,4344.615234,4350.256348,4355.384766,4325.128418,4321.666504,4335.0,4339.487305,4326.025879,4323.846191,4506.666504,4526.410156,4407.436035,4462.563965,,,,,,,,,,,,,,,,,,,,,,,,,,,,,,,,,,,,,,,,,,,,,,,,,,,,,,,,,,,,,,,,,,,,,,
1768920119.134581,1768920119.134924,85.0,0.0,4350.256348,4341.410156,4348.717773,4352.436035,4323.589844,4322.179688,4331.153809,4342.307617,4328.333496,4327.563965,4502.436035,4518.974121,4399.358887,4458.461426,,,,,,,,,,,,,,,,,,,,,,,,,,,,,,,,,,,,,,,,,,,,,,,,,,,,,,,,,,,,,,,,,,,,,,
1768920119.14239,1768920119.142832,86.0,0.0,4352.179688,4342.94873,4353.461426,4357.436035,4327.307617,4326.410156,4343.974121,4344.358887,4336.025879,4326.794922,4507.436035,4522.436035,4400.512695,4458.589844,,,,,,,,,,,,,,,,,,,,,,,,,,,,,,,,,,,,,,,,,,,,,,,,,,,,,,,,,,,,,,,,,,,,,,
1768920119.150198,1768920119.150641,87.0,0.0,4355.256348,4342.563965,4354.358887,4358.205078,4325.256348,4325.0,4347.563965,4349.487305,4338.846191,4323.461426,4507.94873,4534.871582,4404.102539,4465.384766,,,,,,,,,,,,,,,,,,,,,,,,,,,,,,,,,,,,,,,,,,,,,,,,,,,,,,,,,,,,,,,,,,,,,,
1768920119.158007,1768920119.158649,88.0,0.0,4356.410156,4342.563965,4348.461426,4352.820313,4319.615234,4323.333496,4342.820313,4346.153809,4332.179688,4324.871582,4505.641113,4538.717773,4406.410156,4468.077148,,,,,,,,,,,,,,,,,,,,,,,,,,,,,,,,,,,,,,,,,,,,,,,,,,,,,,,,,,,,,,,,,,,,,,
1768920119.165815,1768920119.166457,89.0,0.0,4357.436035,4345.128418,4350.128418,4353.974121,4321.794922,4327.307617,4347.179688,4340.512695,4328.461426,4328.205078,4508.974121,4535.769043,4410.0,4467.563965,,,,,,,,,,,,,,,,,,,,,,,,,,,,,,,,,,,,,,,,,,,,,,,,,,,,,,,,,,,,,,,,,,,,,,
1768920119.173624,1768920119.174166,90.0,0.0,4362.820313,4342.94873,4352.179688,4359.102539,4325.384766,4330.769043,4355.128418,4343.461426,4331.282227,4321.794922,4510.128418,4532.820313,4407.436035,4471.538574,,,,,,,,,,,,,,,,,,,,,,,,,,,,,,,,,,,,,,,,,,,,,,,,,,,,,,,,,,,,,,,,,,,,,,
1768920119.181432,1768920119.181974,91.0,0.0,4358.205078,4336.282227,4344.230957,4354.102539,4323.077148,4325.128418,4352.563965,4343.974121,4327.436035,4311.922852,4503.717773,4527.94873,4398.077148,4470.512695,,,,,,,,,,,,,,,,,,,,,,,,,,,,,,,,,,,,,,,,,,,,,,,,,,,,,,,,,,,,,,,,,,,,,,
1768920119.189241,1768920119.189582,92.0,0.0,4344.743652,4331.794922,4347.179688,4342.692383,4323.846191,4321.282227,4351.538574,4339.871582,4323.077148,4316.153809,4501.666504,4522.179688,4395.897461,4462.94873,,,,,,,,,,,,,,,,,,,,,,,,,,,,,,,,,,,,,,,,,,,,,,,,,,,,,,,,,,,,,,,,,,,,,,
1768920119.19705,1768920119.197391,93.0,0.0,4345.897461,4330.0,4346.922852,4340.128418,4325.641113,4325.256348,4355.512695,4341.025879,4326.153809,4323.077148,4506.153809,4519.743652,4398.846191,4462.307617,,,,,,,,,,,,,,,,,,,,,,,,,,,,,,,,,,,,,,,,,,,,,,,,,,,,,,,,,,,,,,,,,,,,,,
1768920119.204858,1768920119.205299,94.0,0.0,4353.205078,4327.179688,4330.0,4347.05127,4323.077148,4326.794922,4361.025879,4350.128418,4331.410156,4319.102539,4502.692383,4519.743652,4395.641113,4461.410156,,,,,,,,,,,,,,,,,,,,,,,,,,,,,,,,,,,,,,,,,,,,,,,,,,,,,,,,,,,,,,,,,,,,,,
1768920119.212666,1768920119.213107,95.0,0.0,4349.743652,4325.769043,4324.743652,4351.794922,4321.538574,4325.384766,4362.307617,4352.307617,4332.692383,4318.974121,4499.230957,4520.256348,4394.487305,4455.641113,,,,,,,,,,,,,,,,,,,,,,,,,,,,,,,,,,,,,,,,,,,,,,,,,,,,,,,,,,,,,,,,,,,,,,
1768920119.220475,1768920119.221116,96.0,0.0,4349.102539,4330.128418,4335.897461,4350.384766,4325.384766,4325.384766,4358.717773,4341.410156,4328.205078,4324.743652,4506.538574,4522.179688,4403.077148,4459.743652,0.798801,0.451943,0.301598,0.170203,0.086112,1.025077,0.327869,0.476246,0.153113,0.084281,0.778788,0.234771,0.203755,0.16362,0.110708,0.654157,0.163454,0.184626,0.122072,0.092943,0.226015,0.09544,0.075205,0.068365,0.067426,0.052296,0.081918,0.046689,0.1363,0.131499,0.211335,0.181889,0.226033,0.358779,0.27892,0.176002,0.130656,0.151154,0.125681,0.181684,0.271528,0.227704,0.337145,0.169059,0.139133,0.762984,0.189191,0.195448,0.173582,0.157138,1.106416,0.573165,0.681615,0.497664,0.162147,1.37352,0.549947,0.664833,0.573889,0.225951,0.658924,0.481419,0.692314,0.36059,0.217519,1.573783,0.954943,0.718487,0.556756,0.18976
1768920119.228284,1768920119.228924,97.0,0.0,4353.589844,4334.230957,4339.615234,4349.487305,4325.128418,4324.230957,4358.974121,4336.025879,4323.846191,4326.153809,4510.641113,4526.538574,4413.333496,4469.102539,,,,,,,,,,,,,,,,,,,,,,,,,,,,,,,,,,,,,,,,,,,,,,,,,,,,,,,,,,,,,,,,,,,,,,
1768920119.236092,1768920119.236633,98.0,0.0,4353.077148,4331.666504,4340.128418,4349.743652,4319.615234,4322.563965,4362.179688,4341.025879,4325.384766,4326.410156,4506.282227,4529.102539,4410.897461,4463.974121,,,,,,,,,,,,,,,,,,,,,,,,,,,,,,,,,,,,,,,,,,,,,,,,,,,,,,,,,,,,,,,,,,,,,,
1768920119.2439,1768920119.244441,99.0,0.0,4351.666504,4330.384766,4343.333496,4348.205078,4319.871582,4322.563965,4357.94873,4341.282227,4326.153809,4326.410156,4504.871582,4525.769043,4404.358887,4456.794922,,,,,,,,,,,,,,,,,,,,,,,,,,,,,,,,,,,,,,,,,,,,,,,,,,,,,,,,,,,,,,,,,,,,,,
1768920119.251709,1768920119.25205,100.0,0.0,4353.846191,4333.077148,4342.179688,4348.589844,4324.230957,4319.102539,4350.897461,4338.077148,4325.641113,4324.358887,4508.589844,4524.230957,4408.589844,4464.487305,,,,,,,,,,,,,,,,,,,,,,,,,,,,,,,,,,,,,,,,,,,,,,,,,,,,,,,,,,,,,,,,,,,,,,
1768920119.259518,1768920119.259858,101.0,0.0,4354.743652,4332.820313,4340.256348,4349.871582,4322.05127,4317.94873,4354.230957,4342.692383,4328.333496,4327.179688,4510.256348,4524.487305,4414.743652,4471.538574,,,,,,,,,,,,,,,,,,,,,,,,,,,,,,,,,,,,,,,,,,,,,,,,,,,,,,,,,,,,,,,,,,,,,,
1768920119.267326,1768920119.267567,102.0,0.0,4351.282227,4333.974121,4336.410156,4352.179688,4320.512695,4319.102539,4357.05127,4341.666504,4329.615234,4326.922852,4507.94873,4515.897461,4408.589844,4465.128418,,,,,,,,,,,,,,,,,,,,,,,,,,,,,,,,,,,,,,,,,,,,,,,,,,,,,,,,,,,,,,,,,,,,,,
1768920119.275134,1768920119.275375,103.0,0.0,4350.128418,4339.358887,4335.384766,4356.153809,4326.794922,4317.179688,4352.692383,4331.922852,4325.256348,4316.153809,4497.94873,4509.871582,4396.794922,4455.769043,,,,,,,,,,,,,,,,,,,,,,,,,,,,,,,,,,,,,,,,,,,,,,,,,,,,,,,,,,,,,,,,,,,,,,
1768920119.282943,1768920119.282984,104.0,0.0,4352.820313,4338.717773,4343.205078,4358.589844,4327.179688,4320.0,4352.820313,4333.077148,4321.794922,4311.538574,4492.436035,4517.820313,4392.563965,4455.769043,,,,,,,,,,,,,,,,,,,,,,,,,,,,,,,,,,,,,,,,,,,,,,,,,,,,,,,,,,,,,,,,,,,,,,
1768920119.290752,1768920119.290792,105.0,0.0,4356.025879,4336.538574,4342.563965,4356.282227,4322.05127,4323.461426,4350.769043,4336.025879,4322.307617,4317.179688,4500.256348,4524.615234,4399.230957,4461.153809,,,,,,,,,,,,,,,,,,,,,,,,,,,,,,,,,,,,,,,,,,,,,,,,,,,,,,,,,,,,,,,,,,,,,,
1768920119.29856,1768920119.298501,106.0,0.0,4356.794922,4338.077148,4331.538574,4351.922852,4323.846191,4322.692383,4348.333496,4333.717773,4322.692383,4318.589844,4505.0,4519.358887,4407.563965,4459.743652,,,,,,,,,,,,,,,,,,,,,,,,,,,,,,,,,,,,,,,,,,,,,,,,,,,,,,,,,,,,,,,,,,,,,,
1768920119.306369,1768920119.306309,107.0,0.0,4348.077148,4333.461426,4327.05127,4348.205078,4326.794922,4325.641113,4355.0,4335.769043,4322.820313,4311.410156,4494.871582,4509.871582,4400.641113,4449.230957,,,,,,,,,,,,,,,,,,,,,,,,,,,,,,,,,,,,,,,,,,,,,,,,,,,,,,,,,,,,,,,,,,,,,,
1768920119.314177,1768920119.313917,108.0,0.0,4341.538574,4330.512695,4333.333496,4346.410156,4326.666504,4326.538574,4358.077148,4337.563965,4320.641113,4306.922852,4485.512695,4506.282227,4386.922852,4445.256348,,,,,,,,,,,,,,,,,,,,,,,,,,,,,,,,,,,,,,,,,,,,,,,,,,,,,,,,,,,,,,,,,,,,,,
1768920119.321986,1768920119.321725,109.0,0.0,4357.563965,4341.794922,4345.0,4353.205078,4326.410156,4323.077148,4354.102539,4337.692383,4321.282227,4315.512695,4497.563965,4517.563965,4398.846191,4462.94873,,,,,,,,,,,,,,,,,,,,,,,,,,,,,,,,,,,,,,,,,,,,,,,,,,,,,,,,,,,,,,,,,,,,,,
1768920119.329794,1768920119.329634,110.0,0.0,4375.256348,4351.410156,4355.641113,4361.794922,4327.05127,4327.436035,4359.871582,4343.077148,4329.230957,4329.743652,4520.897461,4538.846191,4421.538574,4481.153809,,,,,,,,,,,,,,,,,,,,,,,,,,,,,,,,,,,,,,,,,,,,,,,,,,,,,,,,,,,,,,,,,,,,,,
1768920119.337603,1768920119.337442,111.0,0.0,4369.102539,4345.769043,4355.641113,4359.615234,4324.871582,4330.384766,4363.589844,4346.922852,4333.077148,4333.974121,4526.666504,4543.846191,4420.641113,4481.410156,,,,,,,,,,,,,,,,,,,,,,,,,,,,,,,,,,,,,,,,,,,,,,,,,,,,,,,,,,,,,,,,,,,,,,
1768920119.345411,1768920119.34545,112.0,0.0,4359.230957,4340.512695,4349.615234,4353.846191,4322.436035,4320.128418,4346.794922,4339.230957,4325.769043,4327.820313,4513.461426,4531.025879,4410.384766,4471.025879,0.570596,0.378051,0.363753,0.226455,0.099765,0.932917,0.290861,0.52149,0.177869,0.090157,0.712552,0.239593,0.221173,0.188584,0.120019,0.602147,0.155078,0.207875,0.141977,0.088447,0.183771,0.077984,0.094747,0.088333,0.078493,0.054071,0.078444,0.05006,0.134092,0.133825,0.200827,0.153116,0.236314,0.404255,0.280053,0.155736,0.121816,0.162573,0.139578,0.188117,0.277206,0.223243,0.386546,0.198138,0.149883,0.773309,0.178728,0.253732,0.21378,0.156906,1.05603,0.512064,0.679273,0.58475,0.176168,1.234247,0.487263,0.674902,0.653751,0.249039,0.722568,0.484159,0.856568,0.417345,0.238752,1.435208,0.857745,0.824505,0.602525,0.209115
1768920119.35322,1768920119.353259,113.0,0.0,4361.153809,4341.922852,4348.205078,4355.512695,4325.384766,4316.922852,4336.025879,4334.230957,4322.436035,4326.922852,4505.384766,4526.794922,4411.922852,4465.769043,,,,,,,,,,,,,,,,,,,,,,,,,,,,,,,,,,,,,,,,,,,,,,,,,,,,,,,,,,,,,,,,,,,,,,
1768920119.361028,1768920119.361167,114.0,0.0,4363.205078,4342.307617,4350.897461,4363.717773,4327.692383,4324.615234,4349.102539,4341.025879,4327.179688,4327.692383,4509.871582,4534.230957,4415.256348,4470.512695,,,,,,,,,,,,,,,,,,,,,,,,,,,,,,,,,,,,,,,,,,,,,,,,,,,,,,,,,,,,,,,,,,,,,,
1768920119.368837,1768920119.368976,115.0,0.0,4366.538574,4345.769043,4354.102539,4369.230957,4327.05127,4329.102539,4357.307617,4343.461426,4327.436035,4325.0,4509.871582,4538.077148,4412.820313,4477.307617,,,,,,,,,,,,,,,,,,,,,,,,,,,,,,,,,,,,,,,,,,,,,,,,,,,,,,,,,,,,,,,,,,,,,,
1768920119.376645,1768920119.376584,116.0,0.0,4373.717773,4350.641113,4358.974121,4368.717773,4326.666504,4327.436035,4352.820313,4340.641113,4326.153809,4326.410156,4506.922852,4539.102539,4411.153809,4478.717773,,,,,,,,,,,,,,,,,,,,,,,,,,,,,,,,,,,,,,,,,,,,,,,,,,,,,,,,,,,,,,,,,,,,,,
1768920119.384454,1768920119.384392,117.0,0.0,4372.820313,4344.615234,4354.743652,4364.871582,4327.05127,4324.358887,4352.179688,4338.333496,4326.025879,4323.717773,4508.589844,4535.128418,4411.282227,4469.743652,,,,,,,,,,,,,,,,,,,,,,,,,,,,,,,,,,,,,,,,,,,,,,,,,,,,,,,,,,,,,,,,,,,,,,
1768920119.392262,1768920119.392101,118.0,0.0,4361.538574,4336.153809,4342.307617,4361.282227,4327.436035,4325.769043,4359.230957,4338.589844,4325.256348,4317.436035,4508.205078,4523.846191,4410.897461,4461.153809,,,,,,,,,,,,,,,,,,,,,,,,,,,,,,,,,,,,,,,,,,,,,,,,,,,,,,,,,,,,,,,,,,,,,,
1768920119.400071,1768920119.399909,119.0,0.0,4356.410156,4337.307617,4339.871582,4361.538574,4327.05127,4330.897461,4361.666504,4342.820313,4328.461426,4322.05127,4506.794922,4522.05127,4410.769043,4464.487305,,,,,,,,,,,,,,,,,,,,,,,,,,,,,,,,,,,,,,,,,,,,,,,,,,,,,,,,,,,,,,,,,,,,,,
1768920119.407879,1768920119.407917,120.0,0.0,4363.717773,4341.153809,4346.538574,4362.436035,4325.512695,4329.487305,4350.641113,4341.282227,4330.0,4325.0,4508.205078,4531.025879,4412.820313,4472.820313,,,,,,,,,,,,,,,,,,,,,,,,,,,,,,,,,,,,,,,,,,,,,,,,,,,,,,,,,,,,,,,,,,,,,,
1768920119.415688,1768920119.415726,121.0,0.0,4367.692383,4341.410156,4348.205078,4361.025879,4325.512695,4320.897461,4343.589844,4335.128418,4324.358887,4313.333496,4509.102539,4531.794922,4413.717773,4473.974121,,,,,,,,,,,,,,,,,,,,,,,,,,,,,,,,,,,,,,,,,,,,,,,,,,,,,,,,,,,,,,,,,,,,,,
1768920119.423496,1768920119.423634,122.0,0.0,4362.05127,4339.871582,4344.487305,4360.0,4327.05127,4320.0,4355.256348,4337.179688,4322.05127,4311.538574,4508.077148,4526.538574,4410.384766,4468.974121,,,,,,,,,,,,,,,,,,,,,,,,,,,,,,,,,,,,,,,,,,,,,,,,,,,,,,,,,,,,,,,,,,,,,,
1768920119.431305,1768920119.431442,123.0,0.0,4358.717773,4336.794922,4340.769043,4360.128418,4327.307617,4327.436035,4361.282227,4341.025879,4326.922852,4322.563965,4507.436035,4523.461426,4408.717773,4467.820313,,,,,,,,,,,,,,,,,,,,,,,,,,,,,,,,,,,,,,,,,,,,,,,,,,,,,,,,,,,,,,,,,,,,,,
1768920119.439114,1768920119.439251,124.0,0.0,4359.871582,4336.410156,4342.563965,4357.820313,4326.282227,4327.820313,4346.922852,4336.666504,4327.179688,4324.102539,4508.205078,4522.307617,4410.769043,4471.282227,,,,,,,,,,,,,,,,,,,,,,,,,,,,,,,,,,,,,,,,,,,,,,,,,,,,,,,,,,,,,,,,,,,,,,
1768920119.446922,1768920119.447059,125.0,0.0,4357.436035,4338.077148,4349.487305,4356.666504,4326.282227,4323.974121,4341.922852,4335.384766,4324.871582,4319.230957,4509.102539,4525.769043,4412.05127,4475.512695,,,,,,,,,,,,,,,,,,,,,,,,,,,,,,,,,,,,,,,,,,,,,,,,,,,,,,,,,,,,,,,,,,,,,,
1768920119.45473,1768920119.454768,126.0,0.0,4353.461426,4332.692383,4349.743652,4359.230957,4325.769043,4325.384766,4352.436035,4341.153809,4326.666504,4317.436035,4508.589844,4530.897461,4409.743652,4474.615234,,,,,,,,,,,,,,,,,,,,,,,,,,,,,,,,,,,,,,,,,,,,,,,,,,,,,,,,,,,,,,,,,,,,,,
1768920119.462539,1768920119.462576,127.0,0.0,4352.692383,4328.589844,4343.461426,4357.692383,4327.179688,4326.538574,4352.94873,4343.589844,4327.563965,4317.307617,4507.436035,4530.384766,4407.94873,4471.025879,,,,,,,,,,,,,,,,,,,,,,,,,,,,,,,,,,,,,,,,,,,,,,,,,,,,,,,,,,,,,,,,,,,,,,
1768920119.470348,1768920119.470185,0.0,0.0,4354.615234,4332.179688,4341.282227,4356.410156,4329.358887,4323.077148,4347.692383,4340.256348,4324.743652,4314.615234,4505.641113,4524.358887,4404.615234,4466.153809,0.402259,0.315609,0.393043,0.281894,0.116047,0.784759,0.26786,0.54276,0.202958,0.099488,0.654723,0.2303,0.235289,0.21759,0.133929,0.5182,0.145926,0.223231,0.161783,0.0868,0.153311,0.065786,0.107233,0.105653,0.09154,0.075522,0.084889,0.058794,0.141974,0.138948,0.221317,0.142444,0.248722,0.437258,0.28138,0.149184,0.11358,0.162469,0.152347,0.191672,0.333688,0.214454,0.413801,0.228701,0.164061,0.785519,0.176979,0.304707,0.253731,0.154802,0.973806,0.441208,0.656469,0.674624,0.18685,1.064299,0.429887,0.670577,0.726027,0.26353,0.790642,0.484263,0.98781,0.471288,0.243984,1.204418,0.739311,0.881737,0.629603,0.223877
1768920119.478156,1768920119.477993,1.0,0.0,4353.717773,4335.512695,4343.589844,4358.077148,4330.128418,4327.307617,4351.922852,4337.563965,4324.743652,4312.05127,4503.461426,4519.230957,4396.794922,4458.717773,,,,,,,,,,,,,,,,,,,,,,,,,,,,,,,,,,,,,,,,,,,,,,,,,,,,,,,,,,,,,,,,,,,,,,
1768920119.485964,1768920119.485702,2.0,0.0,4351.282227,4336.922852,4343.077148,4356.538574,4332.436035,4334.871582,4358.846191,4338.205078,4325.384766,4315.128418,4504.358887,4520.128418,4398.333496,4459.358887,,,,,,,,,,,,,,,,,,,,,,,,,,,,,,,,,,,,,,,,,,,,,,,,,,,,,,,,,,,,,,,,,,,,,,
1768920119.493773,1768920119.49351,3.0,0.0,4354.871582,4339.102539,4341.410156,4356.666504,4333.205078,4330.0,4353.205078,4339.102539,4325.128418,4320.384766,4508.077148,4529.102539,4410.128418,4470.128418,,,,,,,,,,,,,,,,,,,,,,,,,,,,,,,,,,,,,,,,,,,,,,,,,,,,,,,,,,,,,,,,,,,,,,
1768920119.501582,1768920119.501118,4.0,0.0,4358.077148,4343.205078,4341.794922,4357.307617,4329.743652,4320.512695,4340.769043,4337.820313,4327.436035,4318.717773,4507.307617,4533.333496,4408.589844,4473.333496,,,,,,,,,,,,,,,,,,,,,,,,,,,,,,,,,,,,,,,,,,,,,,,,,,,,,,,,,,,,,,,,,,,,,,
1768920119.50939,1768920119.508926,5.0,0.0,4357.05127,4340.256348,4344.743652,4356.025879,4325.641113,4317.94873,4337.692383,4334.615234,4324.487305,4310.256348,4503.846191,4526.794922,4395.128418,4464.743652,,,,,,,,,,,,,,,,,,,,,,,,,,,,,,,,,,,,,,,,,,,,,,,,,,,,,,,,,,,,,,,,,,,,,,
1768920119.517198,1768920119.516635,6.0,0.0,4355.256348,4331.025879,4347.436035,4354.871582,4324.743652,4319.358887,4341.153809,4336.922852,4322.692383,4311.410156,4504.871582,4526.794922,4396.025879,4460.769043,,,,,,,,,,,,,,,,,,,,,,,,,,,,,,,,,,,,,,,,,,,,,,,,,,,,,,,,,,,,,,,,,,,,,,
1768920119.525007,1768920119.524443,7.0,0.0,4350.0,4330.641113,4343.333496,4354.871582,4329.358887,4326.025879,4345.384766,4346.282227,4331.282227,4319.487305,4507.05127,4531.794922,4399.102539,4462.820313,,,,,,,,,,,,,,,,,,,,,,,,,,,,,,,,,,,,,,,,,,,,,,,,,,,,,,,,,,,,,,,,,,,,,,
1768920119.532816,1768920119.532451,8.0,0.0,4348.461426,4342.307617,4340.641113,4357.05127,4333.333496,4331.922852,4352.436035,4346.922852,4333.461426,4318.077148,4506.794922,4534.230957,4393.846191,4465.128418,,,,,,,,,,,,,,,,,,,,,,,,,,,,,,,,,,,,,,,,,,,,,,,,,,,,,,,,,,,,,,,,,,,,,,
1768920119.540624,1768920119.54026,9.0,0.0,4354.871582,4348.461426,4346.922852,4359.487305,4331.666504,4330.0,4352.05127,4337.436035,4325.256348,4314.871582,4507.820313,4536.410156,4401.794922,4474.102539,,,,,,,,,,,,,,,,,,,,,,,,,,,,,,,,,,,,,,,,,,,,,,,,,,,,,,,,,,,,,,,,,,,,,,
1768920119.548433,1768920119.548168,10.0,0.0,4355.256348,4343.974121,4351.922852,4358.333496,4326.538574,4326.922852,4341.922852,4335.512695,4324.230957,4316.666504,4510.0,4531.666504,4411.153809,4480.0,,,,,,,,,,,,,,,,,,,,,,,,,,,,,,,,,,,,,,,,,,,,,,,,,,,,,,,,,,,,,,,,,,,,,,
1768920119.556241,1768920119.555976,11.0,0.0,4350.128418,4341.666504,4346.666504,4356.282227,4328.205078,4326.025879,4338.589844,4341.666504,4327.820313,4316.538574,4505.384766,4525.512695,4405.641113,4472.307617,,,,,,,,,,,,,,,,,,,,,,,,,,,,,,,,,,,,,,,,,,,,,,,,,,,,,,,,,,,,,,,,,,,,,,
1768920119.56405,1768920119.563985,12.0,0.0,4351.410156,4340.0,4342.820313,4357.307617,4339.358887,4327.94873,4346.922852,4341.922852,4330.769043,4317.820313,4502.820313,4532.692383,4405.384766,4469.871582,,,,,,,,,,,,,,,,,,,,,,,,,,,,,,,,,,,,,,,,,,,,,,,,,,,,,,,,,,,,,,,,,,,,,,
1768920119.571858,1768920119.571793,13.0,0.0,4352.563965,4333.077148,4348.589844,4356.025879,4341.922852,4333.589844,4351.282227,4340.0,4334.743652,4325.769043,4511.922852,4542.563965,4416.153809,4478.205078,,,,,,,,,,,,,,,,,,,,,,,,,,,,,,,,,,,,,,,,,,,,,,,,,,,,,,,,,,,,,,,,,,,,,,
1768920119.579667,1768920119.579701,14.0,0.0,4351.025879,4328.717773,4353.205078,4351.794922,4332.692383,4334.615234,4346.922852,4343.333496,4336.410156,4326.538574,4513.717773,4537.563965,4412.94873,4475.769043,,,,,,,,,,,,,,,,,,,,,,,,,,,,,,,,,,,,,,,,,,,,,,,,,,,,,,,,,,,,,,,,,,,,,,
1768920119.587475,1768920119.58751,15.0,0.0,4349.615234,4333.846191,4350.256348,4352.436035,4329.871582,4326.538574,4341.794922,4345.641113,4336.666504,4321.922852,4505.128418,4530.384766,4402.563965,4465.384766,,,,,,,,,,,,,,,,,,,,,,,,,,,,,,,,,,,,,,,,,,,,,,,,,,,,,,,,,,,,,,,,,,,,,,
1768920119.595284,1768920119.595518,16.0,0.0,4346.410156,4342.05127,4348.846191,4356.538574,4336.282227,4321.922852,4340.641113,4343.846191,4337.692383,4325.384766,4509.743652,4529.487305,4406.922852,4465.256348,0.302982,0.270498,0.38056,0.326487,0.13257,0.638858,0.263574,0.528339,0.222554,0.110379,0.642416,0.218902,0.239672,0.247598,0.148439,0.435067,0.142543,0.226746,0.178679,0.087976,0.135113,0.056502,0.10963,0.115388,0.103141,0.112527,0.09657,0.06863,0.155592,0.145312,0.271344,0.147894,0.257947,0.447916,0.28524,0.158425,0.10487,0.15514,0.164621,0.190954,0.420471,0.20063,0.41683,0.252154,0.177607,0.812855,0.198389,0.33805,0.279706,0.151067,0.902021,0.380866,0.612915,0.73616,0.194058,0.921517,0.395207,0.638439,0.772958,0.265064,0.85035,0.484071,1.044442,0.508335,0.235321,0.941559,0.642938,0.875366,0.634922,0.233268
1768920119.603092,1768920119.603327,17.0,0.0,4348.333496,4346.410156,4354.871582,4362.307617,4340.128418,4327.563965,4341.025879,4343.333496,4340.641113,4331.282227,4522.692383,4535.641113,4414.487305,4476.282227,,,,,,,,,,,,,,,,,,,,,,,,,,,,,,,,,,,,,,,,,,,,,,,,,,,,,,,,,,,,,,,,,,,,,,
1768920119.610901,1768920119.611235,18.0,0.0,4355.256348,4349.615234,4361.153809,4367.436035,4338.589844,4332.436035,4340.641113,4344.487305,4341.025879,4332.436035,4523.846191,4548.077148,4414.871582,4480.0,,,,,,,,,,,,,,,,,,,,,,,,,,,,,,,,,,,,,,,,,,,,,,,,,,,,,,,,,,,,,,,,,,,,,,
1768920119.618709,1768920119.619043,19.0,0.0,4357.436035,4348.846191,4363.333496,4364.871582,4337.820313,4330.256348,4342.563965,4341.153809,4333.717773,4328.846191,4517.820313,4550.512695,4411.410156,4476.153809,,,,,,,,,,,,,,,,,,,,,,,,,,,,,,,,,,,,,,,,,,,,,,,,,,,,,,,,,,,,,,,,,,,,,,
1768920119.626518,1768920119.626952,20.0,0.0,4350.769043,4342.692383,4355.512695,4357.436035,4337.94873,4325.128418,4343.589844,4339.102539,4327.692383,4322.179688,4512.436035,4538.461426,4407.563965,4476.282227,,,,,,,,,,,,,,,,,,,,,,,,,,,,,,,,,,,,,,,,,,,,,,,,,,,,,,,,,,,,,,,,,,,,,,
1768920119.634326,1768920119.63476,21.0,0.0,4342.05127,4341.538574,4344.358887,4357.307617,4337.436035,4322.692383,4338.333496,4342.436035,4331.153809,4319.487305,4506.922852,4531.025879,4403.205078,4475.641113,,,,,,,,,,,,,,,,,,,,,,,,,,,,,,,,,,,,,,,,,,,,,,,,,,,,,,,,,,,,,,,,,,,,,,
1768920119.642135,1768920119.642469,22.0,0.0,4338.461426,4346.153809,4344.743652,4361.282227,4337.94873,4324.487305,4335.384766,4342.563965,4330.256348,4321.538574,4505.897461,4531.922852,4401.410156,4472.94873,,,,,,,,,,,,,,,,,,,,,,,,,,,,,,,,,,,,,,,,,,,,,,,,,,,,,,,,,,,,,,,,,,,,,,
1768920119.649943,1768920119.650277,23.0,0.0,4340.256348,4348.333496,4351.282227,4360.512695,4339.358887,4330.384766,4342.820313,4337.436035,4323.461426,4325.384766,4509.615234,4529.358887,4406.666504,4473.717773,,,,,,,,,,,,,,,,,,,,,,,,,,,,,,,,,,,,,,,,,,,,,,,,,,,,,,,,,,,,,,,,,,,,,,
1768920119.657752,1768920119.658286,24.0,0.0,4342.05127,4346.538574,4348.077148,4358.717773,4335.897461,4329.615234,4345.256348,4338.717773,4328.717773,4326.153809,4508.589844,4528.717773,4412.820313,4475.128418,,,,,,,,,,,,,,,,,,,,,,,,,,,,,,,,,,,,,,,,,,,,,,,,,,,,,,,,,,,,,,,,,,,,,,
1768920119.66556,1768920119.666094,25.0,0.0,4337.692383,4342.179688,4340.769043,4357.692383,4328.461426,4320.769043,4337.692383,4347.05127,4339.615234,4326.410156,4509.358887,4537.563965,4414.102539,4475.128418,,,,,,,,,,,,,,,,,,,,,,,,,,,,,,,,,,,,,,,,,,,,,,,,,,,,,,,,,,,,,,,,,,,,,,
1768920119.673369,1768920119.673803,26.0,0.0,4331.538574,4342.179688,4345.897461,4356.922852,4330.897461,4323.205078,4340.0,4348.461426,4338.974121,4325.0,4517.05127,4542.307617,4412.307617,4476.410156,,,,,,,,,,,,,,,,,,,,,,,,,,,,,,,,,,,,,,,,,,,,,,,,,,,,,,,,,,,,,,,,,,,,,,
1768920119.681177,1768920119.681611,27.0,0.0,4331.666504,4344.487305,4353.974121,4357.563965,4338.205078,4331.153809,4345.769043,4341.794922,4329.102539,4322.563965,4516.282227,4535.128418,4408.974121,4474.615234,,,,,,,,,,,,,,,,,,,,,,,,,,,,,,,,,,,,,,,,,,,,,,,,,,,,,,,,,,,,,,,,,,,,,,
1768920119.688986,1768920119.68922,28.0,0.0,4337.05127,4342.692383,4350.897461,4356.153809,4335.0,4328.461426,4340.897461,4336.025879,4324.871582,4325.128418,4507.179688,4528.974121,4408.589844,4469.871582,,,,,,,,,,,,,,,,,,,,,,,,,,,,,,,,,,,,,,,,,,,,,,,,,,,,,,,,,,,,,,,,,,,,,,
1768920119.696794,1768920119.697028,29.0,0.0,4339.487305,4339.743652,4346.794922,4354.230957,4328.205078,4324.615234,4340.0,4337.307617,4328.077148,4326.025879,4506.025879,4531.666504,4409.615234,4470.384766,,,,,,,,,,,,,,,,,,,,,,,,,,,,,,,,,,,,,,,,,,,,,,,,,,,,,,,,,,,,,,,,,,,,,,
1768920119.704603,1768920119.704736,30.0,0.0,4338.461426,4343.077148,4351.153809,4356.666504,4329.487305,4326.410156,4344.358887,4338.717773,4328.205078,4323.333496,4511.410156,4538.846191,4410.641113,4475.256348,,,,,,,,,,,,,,,,,,,,,,,,,,,,,,,,,,,,,,,,,,,,,,,,,,,,,,,,,,,,,,,,,,,,,,
1768920119.712412,1768920119.712544,31.0,0.0,4342.563965,4348.205078,4358.333496,4360.128418,4331.025879,4326.153809,4342.692383,4337.563965,4325.384766,4322.94873,4511.282227,4542.692383,4413.077148,4478.717773,,,,,,,,,,,,,,,,,,,,,,,,,,,,,,,,,,,,,,,,,,,,,,,,,,,,,,,,,,,,,,,,,,,,,,
1768920119.72022,1768920119.720553,32.0,0.0,4345.769043,4346.153809,4359.102539,4360.128418,4332.05127,4325.384766,4339.615234,4336.025879,4322.436035,4318.077148,4506.282227,4534.230957,4407.820313,4472.179688,0.268245,0.244448,0.331186,0.356642,0.148091,0.549624,0.275191,0.474495,0.234628,0.120008,0.700471,0.228059,0.231866,0.276733,0.159609,0.380409,0.150744,0.217889,0.19168,0.090921,0.125267,0.050594,0.102128,0.11479,0.109665,0.155294,0.107532,0.076129,0.168799,0.150264,0.337364,0.161183,0.260341,0.435243,0.291748,0.183636,0.095064,0.147742,0.175089,0.185298,0.501805,0.182747,0.398467,0.260174,0.185091,0.848544,0.257991,0.346329,0.282671,0.146699,0.867423,0.355797,0.550088,0.743598,0.199509,0.857499,0.400256,0.572778,0.78496,0.255277,0.889319,0.494462,1.007713,0.518237,0.221009,0.708147,0.603433,0.810331,0.622489,0.239488
1768920119.728028,1768920119.728361,33.0,0.0,4340.897461,4341.153809,4357.94873,4360.769043,4333.846191,4328.974121,4341.282227,4335.0,4323.205078,4308.974121,4504.102539,4524.358887,4398.077148,4463.974121,,,,,,,,,,,,,,,,,,,,,,,,,,,,,,,,,,,,,,,,,,,,,,,,,,,,,,,,,,,,,,,,,,,,,,
1768920119.735837,1768920119.73627,34.0,0.0,4335.897461,4341.666504,4358.205078,4363.077148,4333.333496,4330.256348,4345.384766,4339.871582,4328.077148,4310.512695,4506.922852,4531.794922,4401.666504,4468.974121,,,,,,,,,,,,,,,,,,,,,,,,,,,,,,,,,,,,,,,,,,,,,,,,,,,,,,,,,,,,,,,,,,,,,,
1768920119.743646,1768920119.744078,35.0,0.0,4338.205078,4349.487305,4359.230957,4366.153809,4332.307617,4325.384766,4339.615234,4340.897461,4328.717773,4319.487305,4509.615234,4539.743652,4409.615234,4477.05127,,,,,,,,,,,,,,,,,,,,,,,,,,,,,,,,,,,,,,,,,,,,,,,,,,,,,,,,,,,,,,,,,,,,,,
1768920119.751454,1768920119.752086,36.0,0.0,4340.384766,4353.077148,4358.205078,4364.358887,4331.538574,4321.666504,4325.641113,4332.436035,4323.461426,4319.358887,4506.282227,4531.025879,4406.025879,4475.897461,,,,,,,,,,,,,,,,,,,,,,,,,,,,,,,,,,,,,,,,,,,,,,,,,,,,,,,,,,,,,,,,,,,,,,
1768920119.759262,1768920119.759895,37.0,0.0,4339.102539,4346.794922,4353.461426,4359.615234,4332.179688,4325.0,4326.153809,4332.05127,4323.461426,4313.717773,4505.128418,4525.128418,4401.666504,4472.692383,,,,,,,,,,,,,,,,,,,,,,,,,,,,,,,,,,,,,,,,,,,,,,,,,,,,,,,,,,,,,,,,,,,,,,
1768920119.767071,1768920119.767803,38.0,0.0,4342.563965,4343.461426,4351.153809,4358.589844,4331.794922,4327.436035,4335.769043,4338.846191,4326.794922,4313.589844,4507.179688,4529.230957,4404.487305,4472.94873,,,,,,,,,,,,,,,,,,,,,,,,,,,,,,,,,,,,,,,,,,,,,,,,,,,,,,,,,,,,,,,,,,,,,,
1768920119.77488,1768920119.775611,39.0,0.0,4349.487305,4349.487305,4356.282227,4361.025879,4332.94873,4325.128418,4335.384766,4338.077148,4325.641113,4318.846191,4508.333496,4532.307617,4407.820313,4480.769043,,,,,,,,,,,,,,,,,,,,,,,,,,,,,,,,,,,,,,,,,,,,,,,,,,,,,,,,,,,,,,,,,,,,,,
1768920119.782688,1768920119.78322,40.0,0.0,4353.205078,4353.461426,4361.282227,4361.025879,4335.0,4328.717773,4337.563965,4338.461426,4328.717773,4323.974121,4510.256348,4541.153809,4414.102539,4487.307617,,,,,,,,,,,,,,,,,,,,,,,,,,,,,,,,,,,,,,,,,,,,,,,,,,,,,,,,,,,,,,,,,,,,,,
1768920119.790497,1768920119.791028,41.0,0.0,4355.128418,4348.333496,4354.230957,4357.307617,4333.205078,4333.333496,4340.641113,4343.077148,4333.205078,4323.846191,4510.384766,4540.512695,4413.589844,4480.384766,,,,,,,,,,,,,,,,,,,,,,,,,,,,,,,,,,,,,,,,,,,,,,,,,,,,,,,,,,,,,,,,,,,,,,
1768920119.798305,1768920119.798936,42.0,0.0,4356.538574,4344.102539,4344.871582,4356.666504,4330.641113,4331.153809,4335.384766,4340.256348,4329.487305,4318.717773,4507.820313,4524.743652,4406.794922,4473.205078,,,,,,,,,,,,,,,,,,,,,,,,,,,,,,,,,,,,,,,,,,,,,,,,,,,,,,,,,,,,,,,,,,,,,,
1768920119.806114,1768920119.806745,43.0,0.0,4352.179688,4344.102539,4347.179688,4356.922852,4331.410156,4325.0,4335.128418,4336.410156,4324.615234,4311.666504,4502.563965,4520.769043,4401.794922,4470.641113,,,,,,,,,,,,,,,,,,,,,,,,,,,,,,,,,,,,,,,,,,,,,,,,,,,,,,,,,,,,,,,,,,,,,,
1768920119.813922,1768920119.814354,44.0,0.0,4349.102539,4343.205078,4352.692383,4356.922852,4333.461426,4324.615234,4340.128418,4338.846191,4326.025879,4308.333496,4500.512695,4527.563965,4396.794922,4465.384766,,,,,,,,,,,,,,,,,,,,,,,,,,,,,,,,,,,,,,,,,,,,,,,,,,,,,,,,,,,,,,,,,,,,,,
1768920119.821731,1768920119.822162,45.0,0.0,4357.563965,4342.563965,4355.512695,4361.025879,4333.589844,4335.897461,4341.794922,4342.179688,4331.666504,4316.282227,4506.025879,4531.666504,4403.333496,4469.743652,,,,,,,,,,,,,,,,,,,,,,,,,,,,,,,,,,,,,,,,,,,,,,,,,,,,,,,,,,,,,,,,,,,,,,
1768920119.829539,1768920119.829871,46.0,0.0,4361.410156,4342.94873,4354.615234,4359.230957,4332.436035,4341.025879,4341.666504,4344.358887,4336.282227,4326.282227,4512.436035,4538.077148,4416.025879,4480.384766,,,,,,,,,,,,,,,,,,,,,,,,,,,,,,,,,,,,,,,,,,,,,,,,,,,,,,,,,,,,,,,,,,,,,,
1768920119.837348,1768920119.837679,47.0,0.0,4351.282227,4341.025879,4346.666504,4349.615234,4329.487305,4332.05127,4342.820313,4346.922852,4335.256348,4321.410156,4509.871582,4536.794922,4408.077148,4471.666504,,,,,,,,,,,,,,,,,,,,,,,,,,,,,,,,,,,,,,,,,,,,,,,,,,,,,,,,,,,,,,,,,,,,,,
1768920119.845156,1768920119.845288,48.0,0.0,4348.717773,4338.846191,4341.282227,4348.717773,4329.358887,4326.922852,4337.692383,4338.974121,4327.179688,4308.333496,4500.128418,4520.384766,4393.589844,4458.205078,0.294356,0.233068,0.259645,0.373908,0.161297,0.542362,0.293143,0.390964,0.243135,0.12567,0.827398,0.277036,0.213403,0.303848,0.165014,0.366882,0.170399,0.199165,0.200823,0.09372,0.120176,0.048199,0.087665,0.105182,0.109416,0.19137,0.114457,0.080922,0.178508,0.15136,0.399078,0.174857,0.257143,0.407525,0.29895,0.21615,0.084352,0.145953,0.180464,0.175442,0.547963,0.165344,0.366308,0.249217,0.182888,0.880148,0.359582,0.328037,0.262796,0.14285,0.87224,0.380251,0.472553,0.689337,0.205,0.902261,0.449808,0.47791,0.767643,0.240576,0.907913,0.52718,0.88507,0.498501,0.210991,0.552701,0.627596,0.700475,0.599957,0.244893
1768920119.852965,1768920119.853096,49.0,0.0,4361.153809,4341.922852,4344.871582,4356.282227,4331.538574,4330.769043,4329.743652,4330.641113,4323.717773,4309.102539,4500.0,4514.743652,4397.436035,4460.0,,,,,,,,,,,,,,,,,,,,,,,,,,,,,,,,,,,,,,,,,,,,,,,,,,,,,,,,,,,,,,,,,,,,,,
1768920119.860773,1768920119.861005,50.0,0.0,4365.256348,4345.512695,4345.769043,4356.922852,4332.436035,4333.205078,4333.589844,4336.538574,4326.538574,4314.358887,4503.717773,4518.974121,4402.179688,4459.358887,,,,,,,,,,,,,,,,,,,,,,,,,,,,,,,,,,,,,,,,,,,,,,,,,,,,,,,,,,,,,,,,,,,,,,
1768920119.868582,1768920119.868813,51.0,0.0,4356.538574,4342.94873,4342.563965,4354.487305,4334.102539,4332.820313,4339.871582,4342.179688,4327.820313,4310.384766,4496.538574,4513.846191,4394.871582,4455.0,,,,,,,,,,,,,,,,,,,,,,,,,,,,,,,,,,,,,,,,,,,,,,,,,,,,,,,,,,,,,,,,,,,,,,
1768920119.87639,1768920119.876822,52.0,0.0,4355.512695,4342.05127,4344.615234,4355.384766,4335.769043,4332.94873,4333.077148,4336.410156,4325.384766,4309.358887,4489.615234,4511.538574,4393.205078,4455.769043,,,,,,,,,,,,,,,,,,,,,,,,,,,,,,,,,,,,,,,,,,,,,,,,,,,,,,,,,,,,,,,,,,,,,,
1768920119.884199,1768920119.88463,53.0,0.0,4365.384766,4350.128418,4350.641113,4359.871582,4335.897461,4328.205078,4325.384766,4334.230957,4324.615234,4313.333496,4498.717773,4523.077148,4399.871582,4460.897461,,,,,,,,,,,,,,,,,,,,,,,,,,,,,,,,,,,,,,,,,,,,,,,,,,,,,,,,,,,,,,,,,,,,,,
1768920119.892007,1768920119.892338,54.0,0.0,4369.487305,4352.94873,4356.025879,4363.589844,4333.333496,4325.128418,4329.102539,4341.666504,4329.871582,4312.307617,4508.974121,4530.256348,4402.179688,4467.307617,,,,,,,,,,,,,,,,,,,,,,,,,,,,,,,,,,,,,,,,,,,,,,,,,,,,,,,,,,,,,,,,,,,,,,
1768920119.899816,1768920119.900147,55.0,0.0,4366.025879,4345.897461,4357.94873,4363.205078,4330.897461,4333.077148,4339.358887,4343.846191,4331.922852,4314.230957,4507.179688,4526.153809,4397.179688,4467.179688,,,,,,,,,,,,,,,,,,,,,,,,,,,,,,,,,,,,,,,,,,,,,,,,,,,,,,,,,,,,,,,,,,,,,,
1768920119.907624,1768920119.907755,56.0,0.0,4367.436035,4348.974121,4354.871582,4364.487305,4333.717773,4337.820313,4343.461426,4337.179688,4326.410156,4319.102539,4505.128418,4524.743652,4395.641113,4462.05127,,,,,,,,,,,,,,,,,,,,,,,,,,,,,,,,,,,,,,,,,,,,,,,,,,,,,,,,,,,,,,,,,,,,,,
1768920119.915433,1768920119.915563,57.0,0.0,4373.077148,4360.897461,4351.538574,4366.282227,4335.384766,4330.256348,4333.846191,4335.128418,4325.256348,4315.897461,4505.769043,4522.94873,4403.717773,4466.922852,,,,,,,,,,,,,,,,,,,,,,,,,,,,,,,,,,,,,,,,,,,,,,,,,,,,,,,,,,,,,,,,,,,,,,
1768920119.923241,1768920119.923271,58.0,0.0,4372.820313,4359.871582,4349.358887,4361.025879,4327.307617,4322.307617,4326.025879,4341.410156,4332.179688,4313.333496,4508.461426,4522.179688,4412.05127,4478.589844,,,,,,,,,,,,,,,,,,,,,,,,,,,,,,,,,,,,,,,,,,,,,,,,,,,,,,,,,,,,,,,,,,,,,,
1768920119.93105,1768920119.93108,59.0,0.0,4369.871582,4345.897461,4351.282227,4355.256348,4322.436035,4323.589844,4333.589844,4343.077148,4332.563965,4320.256348,4508.589844,4527.94873,4411.538574,4477.820313,,,,,,,,,,,,,,,,,,,,,,,,,,,,,,,,,,,,,,,,,,,,,,,,,,,,,,,,,,,,,,,,,,,,,,
1768920119.938858,1768920119.939088,60.0,0.0,4370.769043,4343.717773,4356.282227,4359.102539,4326.153809,4323.461426,4338.846191,4339.230957,4330.0,4326.282227,4508.717773,4537.307617,4411.410156,4474.102539,,,,,,,,,,,,,,,,,,,,,,,,,,,,,,,,,,,,,,,,,,,,,,,,,,,,,,,,,,,,,,,,,,,,,,
1768920119.946667,1768920119.946896,61.0,0.0,4371.025879,4351.153809,4360.641113,4365.0,4323.717773,4323.333496,4333.589844,4340.128418,4335.512695,4326.666504,4511.794922,4542.436035,4415.641113,4478.077148,,,,,,,,,,,,,,,,,,,,,,,,,,,,,,,,,,,,,,,,,,,,,,,,,,,,,,,,,,,,,,,,,,,,,,
1768920119.954476,1768920119.954805,62.0,0.0,4368.589844,4349.230957,4358.974121,4363.205078,4319.230957,4328.461426,4331.538574,4340.512695,4335.641113,4324.743652,4510.0,4539.871582,4412.692383,4478.589844,,,,,,,,,,,,,,,,,,,,,,,,,,,,,,,,,,,,,,,,,,,,,,,,,,,,,,,,,,,,,,,,,,,,,,
1768920119.962284,1768920119.962613,63.0,0.0,4365.512695,4340.384766,4348.717773,4358.077148,4321.794922,4326.666504,4333.333496,4340.0,4329.358887,4324.358887,4507.692383,4533.461426,4406.922852,4473.333496,,,,,,,,,,,,,,,,,,,,,,,,,,,,,,,,,,,,,,,,,,,,,,,,,,,,,,,,,,,,,,,,,,,,,,
1768920119.970092,1768920119.970621,64.0,0.0,4362.05127,4339.871582,4340.641113,4355.384766,4325.769043,4322.179688,4331.794922,4341.538574,4328.589844,4321.282227,4508.205078,4527.307617,4410.256348,4468.717773,0.381178,0.234444,0.185024,0.382097,0.17002,0.597397,0.308821,0.297517,0.25534,0.126146,0.987417,0.367079,0.187145,0.326832,0.164835,0.384125,0.196975,0.17584,0.206994,0.094079,0.118357,0.048686,0.07108,0.09141,0.103604,0.213189,0.118085,0.084187,0.185075,0.147609,0.44058,0.188714,0.252957,0.377758,0.303448,0.250522,0.075415,0.151418,0.176982,0.163435,0.548723,0.156106,0.331206,0.222064,0.171235,0.890646,0.487252,0.288307,0.230415,0.140248,0.893853,0.446431,0.390823,0.591042,0.211327,1.026899,0.527719,0.366685,0.740589,0.227254,0.908352,0.583268,0.70838,0.459093,0.211067,0.484776,0.69158,0.564024,0.57647,0.249963
1768920119.977901,1768920119.97843,65.0,0.0,4358.461426,4343.461426,4345.0,4355.128418,4324.487305,4324.743652,4328.589844,4340.769043,4328.717773,4314.871582,4507.179688,4527.94873,4411.922852,4471.794922,,,,,,,,,,,,,,,,,,,,,,,,,,,,,,,,,,,,,,,,,,,,,,,,,,,,,,,,,,,,,,,,,,,,,,
1768920119.98571,1768920119.986138,66.0,0.0,4356.666504,4343.846191,4353.974121,4357.692383,4324.102539,4329.871582,4327.563965,4339.743652,4325.128418,4312.94873,4507.94873,4531.410156,4406.282227,4475.0,,,,,,,,,,,,,,,,,,,,,,,,,,,,,,,,,,,,,,,,,,,,,,,,,,,,,,,,,,,,,,,,,,,,,,
1768920119.993518,1768920119.993946,67.0,0.0,4353.205078,4339.487305,4351.153809,4354.230957,4325.897461,4326.282227,4326.153809,4340.0,4325.256348,4315.897461,4505.256348,4526.922852,4400.512695,4466.410156,,,,,,,,,,,,,,,,,,,,,,,,,,,,,,,,,,,,,,,,,,,,,,,,,,,,,,,,,,,,,,,,,,,,,,
1768920120.001326,1768920120.001755,68.0,0.0,4345.256348,4328.205078,4340.256348,4344.487305,4327.05127,4324.871582,4326.666504,4339.743652,4326.666504,4310.128418,4492.05127,4514.230957,4390.897461,4454.230957,,,,,,,,,,,,,,,,,,,,,,,,,,,,,,,,,,,,,,,,,,,,,,,,,,,,,,,,,,,,,,,,,,,,,,
1768920120.009135,1768920120.009563,69.0,0.0,4345.512695,4327.692383,4341.666504,4347.94873,4329.358887,4334.487305,4338.589844,4344.102539,4328.717773,4306.922852,4490.0,4516.153809,4388.846191,4456.794922,,,,,,,,,,,,,,,,,,,,,,,,,,,,,,,,,,,,,,,,,,,,,,,,,,,,,,,,,,,,,,,,,,,,,,
1768920120.016944,1768920120.017272,70.0,0.0,4361.025879,4346.794922,4355.641113,4366.794922,4332.05127,4338.846191,4345.641113,4353.333496,4339.230957,4321.666504,4506.025879,4535.769043,4405.384766,4471.538574,,,,,,,,,,,,,,,,,,,,,,,,,,,,,,,,,,,,,,,,,,,,,,,,,,,,,,,,,,,,,,,,,,,,,,
1768920120.024752,1768920120.02508,71.0,0.0,4368.846191,4358.461426,4363.461426,4374.487305,4333.461426,4334.615234,4336.794922,4352.179688,4345.641113,4331.666504,4513.846191,4541.922852,4416.153809,4474.230957,,,,,,,,,,,,,,,,,,,,,,,,,,,,,,,,,,,,,,,,,,,,,,,,,,,,,,,,,,,,,,,,,,,,,,
1768920120.03256,1768920120.033089,72.0,0.0,4357.05127,4349.615234,4356.538574,4366.410156,4332.692383,4330.769043,4336.922852,4343.846191,4336.025879,4320.256348,4508.974121,4531.922852,4410.256348,4469.615234,,,,,,,,,,,,,,,,,,,,,,,,,,,,,,,,,,,,,,,,,,,,,,,,,,,,,,,,,,,,,,,,,,,,,,
1768920120.040369,1768920120.040897,73.0,0.0,4348.717773,4342.436035,4345.512695,4359.230957,4327.179688,4330.769043,4343.461426,4343.589844,4329.358887,4313.461426,4506.794922,4526.922852,4406.666504,4467.307617,,,,,,,,,,,,,,,,,,,,,,,,,,,,,,,,,,,,,,,,,,,,,,,,,,,,,,,,,,,,,,,,,,,,,,
1768920120.048178,1768920120.048606,74.0,0.0,4350.641113,4345.128418,4342.692383,4356.922852,4322.820313,4328.846191,4337.179688,4342.563965,4332.05127,4319.358887,4506.794922,4525.256348,4404.487305,4463.846191,,,,,,,,,,,,,,,,,,,,,,,,,,,,,,,,,,,,,,,,,,,,,,,,,,,,,,,,,,,,,,,,,,,,,,
1768920120.055986,1768920120.056414,75.0,0.0,4351.025879,4345.769043,4347.820313,4357.436035,4327.563965,4330.769043,4335.641113,4336.410156,4329.487305,4322.692383,4506.666504,4520.897461,4403.077148,4464.871582,,,,,,,,,,,,,,,,,,,,,,,,,,,,,,,,,,,,,,,,,,,,,,,,,,,,,,,,,,,,,,,,,,,,,,
1768920120.063795,1768920120.064423,76.0,0.0,4347.179688,4342.692383,4348.077148,4358.333496,4334.102539,4336.153809,4342.692383,4336.025879,4325.512695,4322.05127,4506.922852,4523.589844,4404.871582,4467.820313,,,,,,,,,,,,,,,,,,,,,,,,,,,,,,,,,,,,,,,,,,,,,,,,,,,,,,,,,,,,,,,,,,,,,,
1768920120.071603,1768920120.072231,77.0,0.0,4343.205078,4340.641113,4341.794922,4356.153809,4331.282227,4331.538574,4342.563965,4341.922852,4326.410156,4315.128418,4504.358887,4523.461426,4399.358887,4465.769043,,,,,,,,,,,,,,,,,,,,,,,,,,,,,,,,,,,,,,,,,,,,,,,,,,,,,,,,,,,,,,,,,,,,,,
1768920120.079412,1768920120.080139,78.0,0.0,4346.794922,4342.179688,4342.307617,4355.641113,4326.538574,4326.410156,4339.615234,4344.487305,4329.743652,4309.615234,4505.769043,4522.692383,4399.230957,4468.077148,,,,,,,,,,,,,,,,,,,,,,,,,,,,,,,,,,,,,,,,,,,,,,,,,,,,,,,,,,,,,,,,,,,,,,
1768920120.08722,1768920120.087948,79.0,0.0,4353.205078,4344.871582,4344.615234,4355.384766,4328.846191,4331.282227,4338.333496,4341.153809,4331.410156,4318.846191,4508.205078,4526.794922,4407.94873,4475.0,,,,,,,,,,,,,,,,,,,,,,,,,,,,,,,,,,,,,,,,,,,,,,,,,,,,,,,,,,,,,,,,,,,,,,
1768920120.095029,1768920120.095556,80.0,0.0,4350.512695,4343.205078,4341.538574,4350.128418,4332.307617,4340.769043,4337.05127,4340.512695,4330.769043,4322.307617,4498.846191,4524.102539,4402.94873,4466.282227,0.506848,0.243477,0.125698,0.384345,0.172725,0.672593,0.314347,0.218176,0.274519,0.122416,1.133597,0.475679,0.159033,0.34383,0.161223,0.415349,0.222807,0.15329,0.209365,0.090435,0.121685,0.050743,0.057016,0.079206,0.095186,0.217394,0.120225,0.087089,0.190596,0.139907,0.452501,0.205546,0.251596,0.357044,0.301709,0.272912,0.070178,0.161175,0.16374,0.151636,0.508622,0.158211,0.301019,0.187474,0.153879,0.85474,0.608539,0.237694,0.201917,0.139208,0.884681,0.525856,0.321807,0.481062,0.216969,1.154316,0.604777,0.260999,0.72664,0.218848,0.881083,0.649408,0.523651,0.417767,0.220236,0.479224,0.756964,0.429414,0.558272,0.253219
1768920120.102837,1768920120.103365,81.0,0.0,4346.922852,4340.128418,4340.769043,4345.384766,4328.717773,4338.461426,4340.641113,4343.205078,4330.897461,4310.512695,4490.641113,4519.615234,4393.205078,4456.025879,,,,,,,,,,,,,,,,,,,,,,,,,,,,,,,,,,,,,,,,,,,,,,,,,,,,,,,,,,,,,,,,,,,,,,
1768920120.110646,1768920120.111073,82.0,0.0,4351.025879,4342.179688,4343.589844,4346.538574,4326.153809,4328.077148,4341.922852,4342.94873,4331.538574,4309.615234,4500.384766,4523.974121,4397.820313,4466.538574,,,,,,,,,,,,,,,,,,,,,,,,,,,,,,,,,,,,,,,,,,,,,,,,,,,,,,,,,,,,,,,,,,,,,,
1768920120.118454,1768920120.118881,83.0,0.0,4352.820313,4344.230957,4343.974121,4350.128418,4328.205078,4326.410156,4332.820313,4341.538574,4333.205078,4316.666504,4508.717773,4530.128418,4401.410156,4474.230957,,,,,,,,,,,,,,,,,,,,,,,,,,,,,,,,,,,,,,,,,,,,,,,,,,,,,,,,,,,,,,,,,,,,,,
1768920120.126263,1768920120.126889,84.0,0.0,4347.820313,4340.897461,4343.205078,4351.922852,4327.436035,4330.641113,4326.922852,4342.563965,4332.179688,4312.179688,4497.563965,4527.179688,4397.307617,4465.384766,,,,,,,,,,,,,,,,,,,,,,,,,,,,,,,,,,,,,,,,,,,,,,,,,,,,,,,,,,,,,,,,,,,,,,
1768920120.134071,1768920120.134698,85.0,0.0,4345.384766,4333.974121,4341.794922,4348.077148,4323.205078,4328.077148,4326.025879,4337.692383,4326.538574,4307.820313,4486.538574,4518.717773,4393.974121,4455.897461,,,,,,,,,,,,,,,,,,,,,,,,,,,,,,,,,,,,,,,,,,,,,,,,,,,,,,,,,,,,,,,,,,,,,,
1768920120.14188,1768920120.142606,86.0,0.0,4344.102539,4327.94873,4342.94873,4342.05127,4324.743652,4322.692383,4325.512695,4331.410156,4324.743652,4310.256348,4491.666504,4517.307617,4390.128418,4456.538574,,,,,,,,,,,,,,,,,,,,,,,,,,,,,,,,,,,,,,,,,,,,,,,,,,,,,,,,,,,,,,,,,,,,,,
1768920120.149688,1768920120.150415,87.0,0.0,4344.743652,4328.974121,4346.922852,4345.0,4328.205078,4328.333496,4332.563965,4337.692383,4329.102539,4309.102539,4503.077148,4531.794922,4391.410156,4463.717773,,,,,,,,,,,,,,,,,,,,,,,,,,,,,,,,,,,,,,,,,,,,,,,,,,,,,,,,,,,,,,,,,,,,,,
1768920120.157497,1768920120.158423,88.0,0.0,4349.743652,4335.128418,4349.230957,4354.230957,4331.538574,4337.05127,4341.666504,4344.615234,4331.153809,4310.0,4507.692383,4538.461426,4397.307617,4466.282227,,,,,,,,,,,,,,,,,,,,,,,,,,,,,,,,,,,,,,,,,,,,,,,,,,,,,,,,,,,,,,,,,,,,,,
1768920120.165305,1768920120.166231,89.0,0.0,4353.846191,4340.256348,4352.179688,4357.05127,4336.410156,4339.615234,4343.589844,4345.769043,4335.641113,4317.820313,4506.538574,4527.820313,4399.743652,4462.94873,,,,,,,,,,,,,,,,,,,,,,,,,,,,,,,,,,,,,,,,,,,,,,,,,,,,,,,,,,,,,,,,,,,,,,
1768920120.173114,1768920120.17414,90.0,0.0,4353.974121,4343.077148,4356.282227,4357.820313,4335.512695,4335.0,4342.820313,4350.256348,4344.102539,4318.846191,4505.384766,4528.077148,4395.384766,4462.820313,,,,,,,,,,,,,,,,,,,,,,,,,,,,,,,,,,,,,,,,,,,,,,,,,,,,,,,,,,,,,,,,,,,,,,
1768920120.180922,1768920120.181948,91.0,0.0,4354.102539,4343.717773,4355.769043,4359.358887,4328.974121,4332.05127,4343.077148,4349.871582,4341.410156,4312.820313,4506.153809,4539.487305,4396.282227,4470.769043,,,,,,,,,,,,,,,,,,,,,,,,,,,,,,,,,,,,,,,,,,,,,,,,,,,,,,,,,,,,,,,,,,,,,,
1768920120.188731,1768920120.189557,92.0,0.0,4357.563965,4342.307617,4352.563965,4358.974121,4327.179688,4335.384766,4341.922852,4339.358887,4334.743652,4315.512695,4511.282227,4541.153809,4407.179688,4478.077148,,,,,,,,,,,,,,,,,,,,,,,,,,,,,,,,,,,,,,,,,,,,,,,,,,,,,,,,,,,,,,,,,,,,,,
1768920120.19654,1768920120.197365,93.0,0.0,4358.077148,4341.922852,4352.179688,4356.025879,4334.871582,4334.743652,4339.102539,4332.94873,4331.794922,4315.897461,4506.538574,4532.692383,4404.358887,4471.794922,,,,,,,,,,,,,,,,,,,,,,,,,,,,,,,,,,,,,,,,,,,,,,,,,,,,,,,,,,,,,,,,,,,,,,
1768920120.204348,1768920120.205074,94.0,0.0,4354.230957,4341.410156,4351.666504,4354.743652,4338.205078,4331.153809,4339.230957,4336.410156,4326.025879,4306.153809,4492.307617,4525.641113,4389.102539,4458.077148,,,,,,,,,,,,,,,,,,,,,,,,,,,,,,,,,,,,,,,,,,,,,,,,,,,,,,,,,,,,,,,,,,,,,,
1768920120.212156,1768920120.212882,95.0,0.0,4350.897461,4340.256348,4347.179688,4353.974121,4330.384766,4332.692383,4340.128418,4339.230957,4324.743652,4306.025879,4493.717773,4522.563965,4385.256348,4453.846191,,,,,,,,,,,,,,,,,,,,,,,,,,,,,,,,,,,,,,,,,,,,,,,,,,,,,,,,,,,,,,,,,,,,,,
1768920120.219965,1768920120.220491,96.0,0.0,4347.436035,4340.512695,4340.641113,4348.717773,4327.563965,4328.205078,4330.641113,4337.94873,4328.974121,4313.333496,4501.794922,4522.436035,4391.025879,4458.077148,0.627056,0.257013,0.092926,0.379959,0.169728,0.730641,0.302547,0.166127,0.296829,0.11795,1.213444,0.565691,0.135836,0.353368,0.156868,0.443803,0.236885,0.135801,0.206521,0.083085,0.135635,0.053466,0.047056,0.07233,0.087088,0.209202,0.12129,0.088712,0.197402,0.131342,0.431816,0.228333,0.250529,0.348309,0.292018,0.276352,0.069265,0.169657,0.144041,0.141806,0.443561,0.171326,0.278317,0.155323,0.13599,0.767564,0.689997,0.188352,0.190379,0.139983,0.816281,0.584207,0.277409,0.386535,0.219063,1.209654,0.650256,0.184939,0.737695,0.215771,0.825434,0.704832,0.364091,0.388637,0.23244,0.517012,0.787995,0.318912,0.544307,0.252823
1768920120.227774,1768920120.228299,97.0,0.0,4347.436035,4339.871582,4339.743652,4345.512695,4332.179688,4320.897461,4322.692383,4337.820313,4332.307617,4310.512695,4500.0,4523.077148,4393.077148,4460.384766,,,,,,,,,,,,,,,,,,,,,,,,,,,,,,,,,,,,,,,,,,,,,,,,,,,,,,,,,,,,,,,,,,,,,,
1768920120.235582,1768920120.236008,98.0,0.0,4353.461426,4342.179688,4345.512695,4350.769043,4332.692383,4331.282227,4331.922852,4342.692383,4335.128418,4308.205078,4502.436035,4524.487305,4397.179688,4461.922852,,,,,,,,,,,,,,,,,,,,,,,,,,,,,,,,,,,,,,,,,,,,,,,,,,,,,,,,,,,,,,,,,,,,,,
1768920120.24339,1768920120.243816,99.0,0.0,4356.794922,4348.589844,4346.025879,4357.692383,4331.410156,4339.487305,4339.230957,4344.358887,4336.666504,4316.282227,4508.461426,4525.0,4399.743652,4463.717773,,,,,,,,,,,,,,,,,,,,,,,,,,,,,,,,,,,,,,,,,,,,,,,,,,,,,,,,,,,,,,,,,,,,,,
1768920120.251199,1768920120.251425,100.0,0.0,4350.641113,4346.922852,4341.153809,4354.615234,4334.358887,4328.205078,4336.025879,4340.512695,4335.128418,4316.666504,4504.615234,4520.256348,4393.589844,4457.94873,,,,,,,,,,,,,,,,,,,,,,,,,,,,,,,,,,,,,,,,,,,,,,,,,,,,,,,,,,,,,,,,,,,,,,
1768920120.259008,1768920120.259233,101.0,0.0,4347.563965,4343.333496,4341.025879,4352.307617,4333.846191,4322.820313,4344.358887,4342.692383,4337.179688,4312.179688,4503.589844,4521.666504,4395.0,4457.563965,,,,,,,,,,,,,,,,,,,,,,,,,,,,,,,,,,,,,,,,,,,,,,,,,,,,,,,,,,,,,,,,,,,,,,
1768920120.266816,1768920120.267142,102.0,0.0,4350.769043,4349.230957,4344.871582,4359.615234,4335.384766,4337.307617,4362.94873,4346.410156,4342.820313,4318.077148,4508.333496,4526.666504,4399.358887,4463.589844,,,,,,,,,,,,,,,,,,,,,,,,,,,,,,,,,,,,,,,,,,,,,,,,,,,,,,,,,,,,,,,,,,,,,,
1768920120.274624,1768920120.27495,103.0,0.0,4352.307617,4353.333496,4345.897461,4363.333496,4342.307617,4345.256348,4370.512695,4342.05127,4339.487305,4320.512695,4505.641113,4523.077148,4394.230957,4457.94873,,,,,,,,,,,,,,,,,,,,,,,,,,,,,,,,,,,,,,,,,,,,,,,,,,,,,,,,,,,,,,,,,,,,,,
1768920120.282433,1768920120.282958,104.0,0.0,4352.563965,4353.333496,4343.846191,4357.94873,4340.384766,4332.692383,4366.794922,4338.589844,4335.384766,4316.538574,4505.897461,4520.128418,4396.794922,4454.487305,,,,,,,,,,,,,,,,,,,,,,,,,,,,,,,,,,,,,,,,,,,,,,,,,,,,,,,,,,,,,,,,,,,,,,
1768920120.290242,1768920120.290767,105.0,0.0,4353.717773,4351.666504,4341.153809,4354.102539,4332.05127,4323.077148,4362.692383,4347.179688,4340.769043,4317.179688,4510.0,4525.0,4412.179688,4462.563965,,,,,,,,,,,,,,,,,,,,,,,,,,,,,,,,,,,,,,,,,,,,,,,,,,,,,,,,,,,,,,,,,,,,,,
1768920120.29805,1768920120.298475,106.0,0.0,4353.077148,4348.589844,4339.871582,4356.025879,4331.410156,4327.179688,4368.974121,4349.743652,4338.589844,4318.974121,4509.871582,4524.358887,4416.922852,4465.384766,,,,,,,,,,,,,,,,,,,,,,,,,,,,,,,,,,,,,,,,,,,,,,,,,,,,,,,,,,,,,,,,,,,,,,
1768920120.305859,1768920120.306283,107.0,0.0,4352.94873,4350.128418,4340.512695,4357.179688,4337.179688,4331.666504,4375.128418,4339.487305,4329.230957,4316.153809,4506.666504,4515.897461,4408.461426,4459.743652,,,,,,,,,,,,,,,,,,,,,,,,,,,,,,,,,,,,,,,,,,,,,,,,,,,,,,,,,,,,,,,,,,,,,,
1768920120.313667,1768920120.313892,108.0,0.0,4358.205078,4356.922852,4342.692383,4358.846191,4336.922852,4328.077148,4367.05127,4334.487305,4329.230957,4317.179688,4505.897461,4516.410156,4409.102539,4458.846191,,,,,,,,,,,,,,,,,,,,,,,,,,,,,,,,,,,,,,,,,,,,,,,,,,,,,,,,,,,,,,,,,,,,,,
1768920120.321476,1768920120.3217,109.0,0.0,4359.743652,4357.692383,4345.128418,4358.717773,4333.205078,4324.743652,4357.820313,4337.179688,4330.512695,4319.871582,4508.589844,4522.94873,4415.384766,4461.538574,,,,,,,,,,,,,,,,,,,,,,,,,,,,,,,,,,,,,,,,,,,,,,,,,,,,,,,,,,,,,,,,,,,,,,
1768920120.329284,1768920120.329608,110.0,0.0,4355.512695,4355.512695,4345.256348,4356.538574,4335.256348,4327.563965,4361.666504,4339.230957,4326.282227,4314.615234,4508.333496,4523.717773,4413.589844,4464.487305,,,,,,,,,,,,,,,,,,,,,,,,,,,,,,,,,,,,,,,,,,,,,,,,,,,,,,,,,,,,,,,,,,,,,,
1768920120.337093,1768920120.337417,111.0,0.0,4356.538574,4357.820313,4346.410156,4360.0,4337.05127,4330.897461,4370.512695,4340.256348,4326.794922,4312.436035,4504.615234,4521.538574,4408.846191,4467.692383,,,,,,,,,,,,,,,,,,,,,,,,,,,,,,,,,,,,,,,,,,,,,,,,,,,,,,,,,,,,,,,,,,,,,,
1768920120.344901,1768920120.345425,112.0,0.0,4357.563965,4358.333496,4351.153809,4363.205078,4338.589844,4328.461426,4367.436035,4340.0,4328.717773,4311.538574,4501.922852,4523.333496,4407.436035,4461.794922,0.713281,0.271286,0.09449,0.365247,0.163479,0.759907,0.272139,0.147501,0.315161,0.117715,1.203064,0.604226,0.125288,0.355445,0.154251,0.459537,0.231271,0.129675,0.200472,0.075095,0.166485,0.057775,0.040075,0.071318,0.081093,0.201809,0.120884,0.087499,0.205966,0.125723,0.390028,0.261208,0.243362,0.346859,0.275017,0.259355,0.072647,0.174664,0.123968,0.134663,0.375866,0.195052,0.266819,0.132222,0.121964,0.653386,0.71641,0.153813,0.197763,0.143081,0.696621,0.601775,0.264881,0.320691,0.214947,1.167761,0.649819,0.16232,0.767654,0.21556,0.756035,0.734615,0.252203,0.378774,0.239819,0.605671,0.763332,0.247452,0.529543,0.246719
1768920120.35271,1768920120.353233,113.0,0.0,4356.153809,4357.692383,4350.0,4360.128418,4341.794922,4325.512695,4356.410156,4338.205078,4327.436035,4313.333496,4505.256348,4528.846191,4410.897461,4459.358887,,,,,,,,,,,,,,,,,,,,,,,,,,,,,,,,,,,,,,,,,,,,,,,,,,,,,,,,,,,,,,,,,,,,,,
1768920120.360518,1768920120.361142,114.0,0.0,4355.897461,4354.615234,4343.974121,4355.641113,4337.94873,4328.717773,4356.025879,4338.205078,4328.461426,4319.102539,4506.794922,4529.102539,4413.717773,4469.487305,,,,,,,,,,,,,,,,,,,,,,,,,,,,,,,,,,,,,,,,,,,,,,,,,,,,,,,,,,,,,,,,,,,,,,
1768920120.368327,1768920120.36895,115.0,0.0,4354.102539,4352.692383,4345.641113,4354.358887,4335.641113,4331.282227,4363.077148,4340.769043,4327.563965,4317.563965,4504.102539,4530.128418,4411.922852,4475.641113,,,,,,,,,,,,,,,,,,,,,,,,,,,,,,,,,,,,,,,,,,,,,,,,,,,,,,,,,,,,,,,,,,,,,,
1768920120.376135,1768920120.376958,116.0,0.0,4351.666504,4356.153809,4353.974121,4355.128418,4341.410156,4329.102539,4360.256348,4345.256348,4328.717773,4316.794922,4505.897461,4538.077148,4413.333496,4474.102539,,,,,,,,,,,,,,,,,,,,,,,,,,,,,,,,,,,,,,,,,,,,,,,,,,,,,,,,,,,,,,,,,,,,,,
1768920120.383944,1768920120.384767,117.0,0.0,4352.563965,4357.820313,4356.282227,4357.820313,4345.0,4332.05127,4356.922852,4349.358887,4335.256348,4322.05127,4509.615234,4544.230957,4416.025879,4475.128418,,,,,,,,,,,,,,,,,,,,,,,,,,,,,,,,,,,,,,,,,,,,,,,,,,,,,,,,,,,,,,,,,,,,,,
1768920120.391752,1768920120.392475,118.0,0.0,4356.922852,4355.641113,4351.410156,4357.05127,4340.769043,4339.230957,4362.563965,4350.512695,4340.0,4326.153809,4509.358887,4541.025879,4414.102539,4477.94873,,,,,,,,,,,,,,,,,,,,,,,,,,,,,,,,,,,,,,,,,,,,,,,,,,,,,,,,,,,,,,,,,,,,,,
1768920120.399561,1768920120.400284,119.0,0.0,4361.025879,4354.102539,4351.025879,4353.846191,4331.794922,4333.717773,4359.743652,4353.717773,4341.410156,4326.410156,4510.256348,4538.717773,4413.333496,4478.333496,,,,,,,,,,,,,,,,,,,,,,,,,,,,,,,,,,,,,,,,,,,,,,,,,,,,,,,,,,,,,,,,,,,,,,
1768920120.407369,1768920120.407893,120.0,0.0,4357.820313,4350.256348,4352.94873,4353.205078,4327.179688,4326.538574,4353.846191,4356.153809,4342.820313,4324.743652,4510.897461,4540.641113,4414.871582,4479.102539,,,,,,,,,,,,,,,,,,,,,,,,,,,,,,,,,,,,,,,,,,,,,,,,,,,,,,,,,,,,,,,,,,,,,,
1768920120.415178,1768920120.415701,121.0,0.0,4349.358887,4345.256348,4346.794922,4352.692383,4335.0,4332.563965,4358.589844,4348.974121,4337.94873,4316.922852,4506.666504,4538.333496,4413.077148,4476.922852,,,,,,,,,,,,,,,,,,,,,,,,,,,,,,,,,,,,,,,,,,,,,,,,,,,,,,,,,,,,,,,,,,,,,,
1768920120.422986,1768920120.42341,122.0,0.0,4346.794922,4346.538574,4341.794922,4352.94873,4341.153809,4333.974121,4359.358887,4338.077148,4329.230957,4311.025879,4504.358887,4535.897461,4410.256348,4473.589844,,,,,,,,,,,,,,,,,,,,,,,,,,,,,,,,,,,,,,,,,,,,,,,,,,,,,,,,,,,,,,,,,,,,,,
1768920120.430795,1768920120.431218,123.0,0.0,4355.641113,4348.461426,4348.717773,4357.692383,4332.692383,4327.05127,4354.102539,4338.589844,4329.743652,4317.179688,4506.922852,4536.922852,4412.436035,4475.384766,,,,,,,,,,,,,,,,,,,,,,,,,,,,,,,,,,,,,,,,,,,,,,,,,,,,,,,,,,,,,,,,,,,,,,
1768920120.438604,1768920120.438826,124.0,0.0,4361.282227,4347.820313,4355.384766,4360.384766,4328.205078,4325.897461,4352.820313,4348.461426,4336.794922,4322.94873,4507.692383,4539.230957,4414.487305,4476.153809,,,,,,,,,,,,,,,,,,,,,,,,,,,,,,,,,,,,,,,,,,,,,,,,,,,,,,,,,,,,,,,,,,,,,,
1768920120.446412,1768920120.446635,125.0,0.0,4356.538574,4348.717773,4350.897461,4356.666504,4333.205078,4328.077148,4355.0,4351.282227,4337.05127,4324.230957,4507.307617,4538.974121,4412.94873,4475.256348,,,,,,,,,,,,,,,,,,,,,,,,,,,,,,,,,,,,,,,,,,,,,,,,,,,,,,,,,,,,,,,,,,,,,,
1768920120.45422,1768920120.454343,126.0,0.0,4354.230957,4348.333496,4347.820313,4356.538574,4337.436035,4330.641113,4362.820313,4349.358887,4334.743652,4324.615234,4509.615234,4537.436035,4415.256348,4483.461426,,,,,,,,,,,,,,,,,,,,,,,,,,,,,,,,,,,,,,,,,,,,,,,,,,,,,,,,,,,,,,,,,,,,,,
1768920120.462029,1768920120.462151,127.0,0.0,4356.794922,4346.153809,4350.641113,4362.563965,4339.871582,4336.922852,4367.692383,4349.487305,4336.282227,4323.717773,4510.769043,4538.717773,4418.077148,4488.717773,,,,,,,,,,,,,,,,,,,,,,,,,,,,,,,,,,,,,,,,,,,,,,,,,,,,,,,,,,,,,,,,,,,,,,
1768920120.469838,1768920120.470159,0.0,0.0,4354.871582,4343.974121,4351.282227,4362.179688,4335.128418,4333.974121,4359.102539,4346.666504,4333.589844,4319.230957,4508.846191,4541.666504,4414.743652,4479.615234,0.730283,0.283416,0.129243,0.336096,0.157416,0.767676,0.235641,0.157948,0.321824,0.125156,1.114917,0.582185,0.131033,0.350966,0.154062,0.471381,0.212413,0.138199,0.194925,0.07046,0.215357,0.065867,0.034965,0.073943,0.077604,0.204601,0.119485,0.084192,0.213815,0.126237,0.352214,0.318508,0.228047,0.345227,0.253552,0.228466,0.082043,0.180579,0.109927,0.129665,0.318168,0.230703,0.273001,0.120663,0.113285,0.535685,0.692351,0.14154,0.21491,0.14889,0.551635,0.58015,0.278366,0.283628,0.205064,1.053212,0.611451,0.197667,0.796535,0.216353,0.683834,0.73344,0.190663,0.385299,0.237855,0.739745,0.683628,0.212323,0.510095,0.235655
1768920120.477646,1768920120.477968,1.0,0.0,4352.94873,4343.077148,4350.641113,4356.538574,4328.846191,4327.05127,4355.641113,4345.641113,4329.487305,4315.384766,4508.333496,4539.487305,4412.307617,4473.717773,,,,,,,,,,,,,,,,,,,,,,,,,,,,,,,,,,,,,,,,,,,,,,,,,,,,,,,,,,,,,,,,,,,,,,
1768920120.485454,1768920120.485876,2.0,0.0,4356.922852,4345.641113,4350.641113,4356.794922,4331.666504,4333.461426,4369.743652,4347.820313,4330.256348,4316.153809,4507.94873,4528.974121,4412.94873,4474.743652,,,,,,,,,,,,,,,,,,,,,,,,,,,,,,,,,,,,,,,,,,,,,,,,,,,,,,,,,,,,,,,,,,,,,,
1768920120.493263,1768920120.493685,3.0,0.0,4358.333496,4348.205078,4350.0,4360.128418,4338.461426,4340.641113,4377.307617,4345.769043,4329.230957,4315.256348,4505.641113,4527.692383,4410.641113,4471.666504,,,,,,,,,,,,,,,,,,,,,,,,,,,,,,,,,,,,,,,,,,,,,,,,,,,,,,,,,,,,,,,,,,,,,,
1768920120.501072,1768920120.501293,4.0,0.0,4355.897461,4345.512695,4349.743652,4357.05127,4339.487305,4336.153809,4366.538574,4341.922852,4327.307617,4314.230957,4506.282227,4534.230957,4409.615234,4471.025879,,,,,,,,,,,,,,,,,,,,,,,,,,,,,,,,,,,,,,,,,,,,,,,,,,,,,,,,,,,,,,,,,,,,,,
1768920120.50888,1768920120.509101,5.0,0.0,4357.307617,4342.307617,4351.794922,4353.846191,4337.94873,4329.871582,4359.358887,4340.769043,4328.589844,4316.153809,4509.230957,4531.410156,4412.307617,4477.563965,,,,,,,,,,,,,,,,,,,,,,,,,,,,,,,,,,,,,,,,,,,,,,,,,,,,,,,,,,,,,,,,,,,,,,
1768920120.516688,1768920120.51681,6.0,0.0,4358.589844,4343.461426,4350.384766,4356.666504,4338.461426,4332.692383,4370.641113,4339.871582,4326.410156,4317.307617,4506.922852,4525.0,4412.436035,4478.974121,,,,,,,,,,,,,,,,,,,,,,,,,,,,,,,,,,,,,,,,,,,,,,,,,,,,,,,,,,,,,,,,,,,,,,
1768920120.524497,1768920120.524618,7.0,0.0,4351.922852,4339.358887,4345.0,4356.410156,4337.05127,4340.512695,4386.282227,4345.769043,4328.846191,4317.563965,4505.128418,4526.153809,4411.025879,4471.410156,,,,,,,,,,,,,,,,,,,,,,,,,,,,,,,,,,,,,,,,,,,,,,,,,,,,,,,,,,,,,,,,,,,,,,
1768920120.532306,1768920120.532626,8.0,0.0,4346.794922,4328.974121,4341.025879,4349.358887,4332.94873,4336.666504,4381.794922,4353.077148,4340.512695,4319.615234,4507.820313,4526.922852,4410.769043,4467.179688,,,,,,,,,,,,,,,,,,,,,,,,,,,,,,,,,,,,,,,,,,,,,,,,,,,,,,,,,,,,,,,,,,,,,,
1768920120.540114,1768920120.540434,9.0,0.0,4352.436035,4328.333496,4339.230957,4349.615234,4330.769043,4327.563965,4373.974121,4344.487305,4337.563965,4316.410156,4507.05127,4521.282227,4410.897461,4473.077148,,,,,,,,,,,,,,,,,,,,,,,,,,,,,,,,,,,,,,,,,,,,,,,,,,,,,,,,,,,,,,,,,,,,,,
1768920120.547923,1768920120.548343,10.0,0.0,4355.0,4337.692383,4344.230957,4360.769043,4333.205078,4335.0,4386.153809,4334.358887,4324.615234,4310.128418,4505.128418,4525.256348,4410.256348,4479.487305,,,,,,,,,,,,,,,,,,,,,,,,,,,,,,,,,,,,,,,,,,,,,,,,,,,,,,,,,,,,,,,,,,,,,,
1768920120.555731,1768920120.556151,11.0,0.0,4354.102539,4342.179688,4353.974121,4363.717773,4336.922852,4344.615234,4395.128418,4339.871582,4325.512695,4311.794922,4506.153809,4531.794922,4404.102539,4476.666504,,,,,,,,,,,,,,,,,,,,,,,,,,,,,,,,,,,,,,,,,,,,,,,,,,,,,,,,,,,,,,,,,,,,,,
1768920120.56354,1768920120.564159,12.0,0.0,4362.563965,4338.974121,4355.0,4358.974121,4337.820313,4336.410156,4390.0,4346.666504,4332.05127,4312.436035,4505.512695,4527.05127,4398.717773,4474.358887,,,,,,,,,,,,,,,,,,,,,,,,,,,,,,,,,,,,,,,,,,,,,,,,,,,,,,,,,,,,,,,,,,,,,,
1768920120.571348,1768920120.571968,13.0,0.0,4369.230957,4333.205078,4347.94873,4358.717773,4333.589844,4327.179688,4390.641113,4343.846191,4331.153809,4310.128418,4505.0,4525.641113,4405.256348,4480.641113,,,,,,,,,,,,,,,,,,,,,,,,,,,,,,,,,,,,,,,,,,,,,,,,,,,,,,,,,,,,,,,,,,,,,,
1768920120.579157,1768920120.579776,14.0,0.0,4365.128418,4330.0,4348.461426,4362.563965,4330.641113,4331.666504,4399.102539,4340.641113,4329.230957,4313.589844,4508.461426,4536.666504,4413.717773,4489.615234,,,,,,,,,,,,,,,,,,,,,,,,,,,,,,,,,,,,,,,,,,,,,,,,,,,,,,,,,,,,,,,,,,,,,,
1768920120.586965,1768920120.587585,15.0,0.0,4365.641113,4335.512695,4356.538574,4366.025879,4334.358887,4337.179688,4400.384766,4341.153809,4327.563965,4318.333496,4511.025879,4542.692383,4414.230957,4493.461426,,,,,,,,,,,,,,,,,,,,,,,,,,,,,,,,,,,,,,,,,,,,,,,,,,,,,,,,,,,,,,,,,,,,,,
1768920120.594774,1768920120.595393,16.0,0.0,4373.333496,4342.94873,4358.205078,4368.333496,4335.128418,4336.153809,4395.128418,4342.692383,4325.897461,4314.102539,4508.589844,4537.436035,4412.436035,4491.025879,0.700652,0.294008,0.186847,0.29187,0.153458,0.776124,0.203152,0.188541,0.311846,0.13962,1.000692,0.514053,0.150923,0.340785,0.154821,0.490941,0.192344,0.161958,0.192902,0.071826,0.276597,0.080752,0.031138,0.077092,0.076531,0.218979,0.121991,0.082572,0.216337,0.134841,0.370521,0.427026,0.209857,0.337093,0.232111,0.19622,0.101071,0.194891,0.106453,0.125572,0.278445,0.280395,0.301909,0.11925,0.108382,0.437172,0.639557,0.150695,0.22782,0.157189,0.424103,0.539454,0.302645,0.26546,0.193175,0.936633,0.561672,0.272281,0.801083,0.218073,0.631823,0.711079,0.168427,0.39687,0.228122,0.902707,0.574965,0.200052,0.482139,0.224225
1768920120.602582,1768920120.603202,17.0,0.0,4373.717773,4341.794922,4355.512695,4370.384766,4331.538574,4333.846191,4389.871582,4343.846191,4330.769043,4309.358887,4506.666504,4534.230957,4413.333496,4494.487305,,,,,,,,,,,,,,,,,,,,,,,,,,,,,,,,,,,,,,,,,,,,,,,,,,,,,,,,,,,,,,,,,,,,,,
1768920120.610391,1768920120.61111,18.0,0.0,4368.846191,4339.230957,4356.538574,4371.153809,4331.666504,4330.256348,4380.641113,4342.307617,4333.846191,4314.871582,4511.794922,4538.846191,4417.436035,4504.615234,,,,,,,,,,,,,,,,,,,,,,,,,,,,,,,,,,,,,,,,,,,,,,,,,,,,,,,,,,,,,,,,,,,,,,
1768920120.618199,1768920120.618919,19.0,0.0,4372.94873,4343.717773,4358.717773,4370.384766,4330.897461,4328.846191,4376.025879,4345.769043,4336.282227,4321.410156,4520.897461,4546.666504,4423.974121,4508.717773,,,,,,,,,,,,,,,,,,,,,,,,,,,,,,,,,,,,,,,,,,,,,,,,,,,,,,,,,,,,,,,,,,,,,,
1768920120.626008,1768920120.626527,20.0,0.0,4384.487305,4349.358887,4357.692383,4371.153809,4328.974121,4331.025879,4379.487305,4348.205078,4337.307617,4324.743652,4523.846191,4549.615234,4428.077148,4508.077148,,,,,,,,,,,,,,,,,,,,,,,,,,,,,,,,,,,,,,,,,,,,,,,,,,,,,,,,,,,,,,,,,,,,,,
1768920120.633816,1768920120.634336,21.0,0.0,4384.358887,4346.794922,4356.666504,4373.846191,4335.769043,4333.846191,4378.205078,4341.153809,4331.282227,4324.487305,4521.922852,4546.153809,4427.563965,4507.436035,,,,,,,,,,,,,,,,,,,,,,,,,,,,,,,,,,,,,,,,,,,,,,,,,,,,,,,,,,,,,,,,,,,,,,
1768920120.641625,1768920120.642044,22.0,0.0,4378.333496,4343.974121,4358.589844,4375.0,4343.974121,4339.102539,4372.05127,4335.897461,4325.641113,4319.230957,4517.05127,4543.846191,4427.05127,4507.05127,,,,,,,,,,,,,,,,,,,,,,,,,,,,,,,,,,,,,,,,,,,,,,,,,,,,,,,,,,,,,,,,,,,,,,
1768920120.649433,1768920120.649852,23.0,0.0,4384.358887,4350.769043,4358.333496,4375.641113,4343.205078,4340.512695,4370.128418,4337.692383,4326.410156,4314.615234,4511.282227,4543.461426,4427.05127,4508.333496,,,,,,,,,,,,,,,,,,,,,,,,,,,,,,,,,,,,,,,,,,,,,,,,,,,,,,,,,,,,,,,,,,,,,,
1768920120.657242,1768920120.65786,24.0,0.0,4390.256348,4352.436035,4359.230957,4375.384766,4338.461426,4337.05127,4366.025879,4339.743652,4327.05127,4313.974121,4509.615234,4541.025879,4424.358887,4507.820313,,,,,,,,,,,,,,,,,,,,,,,,,,,,,,,,,,,,,,,,,,,,,,,,,,,,,,,,,,,,,,,,,,,,,,
1768920120.66505,1768920120.665669,25.0,0.0,4380.384766,4341.794922,4357.820313,4370.897461,4336.922852,4333.589844,4358.717773,4339.743652,4323.846191,4310.256348,4509.102539,4532.820313,4420.128418,4498.461426,,,,,,,,,,,,,,,,,,,,,,,,,,,,,,,,,,,,,,,,,,,,,,,,,,,,,,,,,,,,,,,,,,,,,,
1768920120.672859,1768920120.673577,26.0,0.0,4371.025879,4339.230957,4349.102539,4367.307617,4336.153809,4334.358887,4364.358887,4339.230957,4323.205078,4306.025879,4506.538574,4527.307617,4415.0,4490.641113,,,,,,,,,,,,,,,,,,,,,,,,,,,,,,,,,,,,,,,,,,,,,,,,,,,,,,,,,,,,,,,,,,,,,,
1768920120.680667,1768920120.681386,27.0,0.0,4376.538574,4343.846191,4345.512695,4368.077148,4334.358887,4336.282227,4369.358887,4338.461426,4326.922852,4313.974121,4506.282227,4528.846191,4412.94873,4486.922852,,,,,,,,,,,,,,,,,,,,,,,,,,,,,,,,,,,,,,,,,,,,,,,,,,,,,,,,,,,,,,,,,,,,,,
1768920120.688476,1768920120.689394,28.0,0.0,4381.410156,4338.717773,4349.358887,4367.436035,4335.256348,4339.487305,4366.538574,4342.05127,4333.333496,4325.384766,4508.461426,4530.769043,4411.922852,4482.436035,,,,,,,,,,,,,,,,,,,,,,,,,,,,,,,,,,,,,,,,,,,,,,,,,,,,,,,,,,,,,,,,,,,,,,
1768920120.696284,1768920120.697202,29.0,0.0,4377.436035,4332.436035,4352.436035,4365.641113,4335.0,4346.025879,4376.538574,4350.641113,4341.538574,4325.384766,4511.794922,4534.615234,4412.94873,4481.794922,,,,,,,,,,,,,,,,,,,,,,,,,,,,,,,,,,,,,,,,,,,,,,,,,,,,,,,,,,,,,,,,,,,,,,
1768920120.704093,1768920120.704911,30.0,0.0,4378.846191,4338.974121,4358.717773,4369.871582,4331.794922,4344.615234,4382.436035,4358.589844,4351.282227,4329.102539,4523.077148,4551.410156,4429.230957,4493.589844,,,,,,,,,,,,,,,,,,,,,,,,,,,,,,,,,,,,,,,,,,,,,,,,,,,,,,,,,,,,,,,,,,,,,,
1768920120.711902,1768920120.712719,31.0,0.0,4387.563965,4347.563965,4367.179688,4373.974121,4333.717773,4331.282227,4365.256348,4360.0,4355.128418,4343.077148,4532.563965,4563.974121,4443.589844,4508.974121,,,,,,,,,,,,,,,,,,,,,,,,,,,,,,,,,,,,,,,,,,,,,,,,,,,,,,,,,,,,,,,,,,,,,,
1768920120.71971,1768920120.720327,32.0,0.0,4385.641113,4345.512695,4362.05127,4371.666504,4338.974121,4324.487305,4356.153809,4350.512695,4346.666504,4343.589844,4527.820313,4554.230957,4436.025879,4502.820313,0.638213,0.298014,0.254365,0.239751,0.151055,0.78624,0.178353,0.230799,0.286509,0.155895,0.914616,0.429072,0.179926,0.325822,0.153854,0.526073,0.180448,0.196568,0.195546,0.079047,0.332765,0.103716,0.028405,0.079634,0.078562,0.236637,0.135149,0.086985,0.209171,0.151763,0.526758,0.603521,0.1976,0.319184,0.216056,0.174236,0.131901,0.221436,0.115021,0.121514,0.261094,0.342883,0.35046,0.124905,0.104462,0.368051,0.584529,0.179482,0.226818,0.166777,0.343551,0.504703,0.324824,0.255244,0.183309,0.889207,0.527658,0.361956,0.766197,0.220376,0.61005,0.680632,0.181157,0.400078,0.215601,1.057475,0.470325,0.206456,0.444052,0.217039
1768920120.727518,1768920120.728135,33.0,0.0,4371.282227,4341.282227,4352.179688,4367.820313,4339.230957,4336.410156,4372.179688,4342.307617,4337.94873,4330.769043,4521.794922,4540.256348,4425.641113,4482.94873,,,,,,,,,,,,,,,,,,,,,,,,,,,,,,,,,,,,,,,,,,,,,,,,,,,,,,,,,,,,,,,,,,,,,,
1768920120.735327,1768920120.736044,34.0,0.0,4361.922852,4340.769043,4350.512695,4363.974121,4337.563965,4345.256348,4382.94873,4347.436035,4337.692383,4325.0,4519.487305,4539.230957,4425.128418,4476.922852,,,,,,,,,,,,,,,,,,,,,,,,,,,,,,,,,,,,,,,,,,,,,,,,,,,,,,,,,,,,,,,,,,,,,,
1768920120.743136,1768920120.743852,35.0,0.0,4362.307617,4338.846191,4346.794922,4357.820313,4338.461426,4339.743652,4380.0,4353.205078,4336.153809,4323.333496,4512.307617,4537.563965,4417.179688,4474.615234,,,,,,,,,,,,,,,,,,,,,,,,,,,,,,,,,,,,,,,,,,,,,,,,,,,,,,,,,,,,,,,,,,,,,,
1768920120.750944,1768920120.75186,36.0,0.0,4362.05127,4338.077148,4343.846191,4357.436035,4339.230957,4338.333496,4385.641113,4349.487305,4331.025879,4319.487305,4504.743652,4531.025879,4407.307617,4466.282227,,,,,,,,,,,,,,,,,,,,,,,,,,,,,,,,,,,,,,,,,,,,,,,,,,,,,,,,,,,,,,,,,,,,,,
1768920120.758752,1768920120.759669,37.0,0.0,4357.563965,4341.538574,4347.563965,4365.512695,4341.538574,4341.153809,4397.94873,4348.717773,4335.0,4320.641113,4505.897461,4528.717773,4409.487305,4463.589844,,,,,,,,,,,,,,,,,,,,,,,,,,,,,,,,,,,,,,,,,,,,,,,,,,,,,,,,,,,,,,,,,,,,,,
1768920120.766561,1768920120.767377,38.0,0.0,4355.641113,4343.205078,4352.179688,4369.871582,4345.128418,4342.436035,4405.512695,4355.897461,4344.230957,4325.769043,4510.512695,4531.410156,4415.256348,4467.563965,,,,,,,,,,,,,,,,,,,,,,,,,,,,,,,,,,,,,,,,,,,,,,,,,,,,,,,,,,,,,,,,,,,,,,
1768920120.77437,1768920120.775186,39.0,0.0,4356.794922,4343.974121,4349.487305,4365.128418,4343.846191,4342.820313,4401.282227,4355.641113,4341.153809,4329.615234,4510.0,4533.333496,4416.794922,4469.487305,,,,,,,,,,,,,,,,,,,,,,,,,,,,,,,,,,,,,,,,,,,,,,,,,,,,,,,,,,,,,,,,,,,,,,
1768920120.782178,1768920120.782795,40.0,0.0,4353.846191,4342.179688,4343.846191,4358.077148,4337.179688,4339.230957,4390.128418,4344.102539,4327.05127,4325.0,4504.358887,4531.282227,4413.205078,4467.05127,,,,,,,,,,,,,,,,,,,,,,,,,,,,,,,,,,,,,,,,,,,,,,,,,,,,,,,,,,,,,,,,,,,,,,
1768920120.789987,1768920120.790603,41.0,0.0,4353.589844,4337.563965,4345.769043,4360.128418,4336.025879,4336.282227,4385.384766,4337.692383,4323.846191,4314.102539,4500.384766,4528.846191,4409.615234,4462.179688,,,,,,,,,,,,,,,,,,,,,,,,,,,,,,,,,,,,,,,,,,,,,,,,,,,,,,,,,,,,,,,,,,,,,,
1768920120.797795,1768920120.798512,42.0,0.0,4359.743652,4339.615234,4350.0,4365.256348,4339.230957,4339.615234,4383.077148,4344.102539,4331.666504,4314.358887,4501.922852,4532.179688,4411.538574,4461.666504,,,,,,,,,,,,,,,,,,,,,,,,,,,,,,,,,,,,,,,,,,,,,,,,,,,,,,,,,,,,,,,,,,,,,,
1768920120.805604,1768920120.80632,43.0,0.0,4360.128418,4346.025879,4353.333496,4365.384766,4340.512695,4340.384766,4375.0,4349.743652,4335.641113,4325.897461,4506.794922,4538.589844,4413.589844,4464.102539,,,,,,,,,,,,,,,,,,,,,,,,,,,,,,,,,,,,,,,,,,,,,,,,,,,,,,,,,,,,,,,,,,,,,,
1768920120.813412,1768920120.813929,44.0,0.0,4357.05127,4345.641113,4354.487305,4364.615234,4341.282227,4338.077148,4372.692383,4350.897461,4338.717773,4326.538574,4509.230957,4540.128418,4412.563965,4461.153809,,,,,,,,,,,,,,,,,,,,,,,,,,,,,,,,,,,,,,,,,,,,,,,,,,,,,,,,,,,,,,,,,,,,,,
1768920120.821221,1768920120.821737,45.0,0.0,4353.589844,4337.820313,4348.077148,4360.384766,4339.102539,4337.563965,4372.692383,4351.538574,4338.717773,4316.025879,4499.615234,4535.0,4403.333496,4454.358887,,,,,,,,,,,,,,,,,,,,,,,,,,,,,,,,,,,,,,,,,,,,,,,,,,,,,,,,,,,,,,,,,,,,,,
1768920120.829029,1768920120.829446,46.0,0.0,4349.743652,4337.436035,4343.846191,4357.692383,4334.615234,4336.025879,4364.743652,4350.512695,4333.589844,4314.743652,4492.563965,4533.589844,4393.589844,4453.077148,,,,,,,,,,,,,,,,,,,,,,,,,,,,,,,,,,,,,,,,,,,,,,,,,,,,,,,,,,,,,,,,,,,,,,
1768920120.836838,1768920120.837254,47.0,0.0,4356.538574,4346.410156,4355.769043,4364.871582,4337.436035,4337.307617,4362.94873,4347.436035,4333.717773,4320.128418,4503.205078,4539.743652,4402.436035,4457.179688,,,,,,,,,,,,,,,,,,,,,,,,,,,,,,,,,,,,,,,,,,,,,,,,,,,,,,,,,,,,,,,,,,,,,,
1768920120.844646,1768920120.845262,48.0,0.0,4363.589844,4347.05127,4361.538574,4369.358887,4342.307617,4341.153809,4364.871582,4348.205078,4341.282227,4323.205078,4511.538574,4543.974121,4416.282227,4461.153809,0.597501,0.286747,0.316017,0.191845,0.148521,0.788782,0.161242,0.27407,0.253885,0.167094,0.879898,0.352618,0.209029,0.30713,0.149189,0.571601,0.182134,0.232268,0.200606,0.08934,0.365443,0.132241,0.029158,0.082642,0.084194,0.246809,0.161129,0.098099,0.191417,0.175691,0.863702,0.824819,0.195771,0.292023,0.211149,0.166843,0.171349,0.258106,0.134513,0.117702,0.267469,0.408371,0.405574,0.135499,0.099588,0.317068,0.541685,0.221591,0.211623,0.174656,0.306268,0.485529,0.336104,0.2464,0.17674,0.948226,0.51735,0.440584,0.691613,0.221908,0.605297,0.645054,0.221066,0.386463,0.204163,1.188939,0.38898,0.225787,0.399116,0.215373
1768920120.852455,1768920120.853071,49.0,0.0,4353.974121,4337.820313,4350.897461,4362.820313,4335.641113,4339.487305,4358.461426,4352.692383,4343.717773,4322.179688,4506.666504,4536.922852,4411.410156,4459.230957,,,,,,,,,,,,,,,,,,,,,,,,,,,,,,,,,,,,,,,,,,,,,,,,,,,,,,,,,,,,,,,,,,,,,,
1768920120.860263,1768920120.860979,50.0,0.0,4344.102539,4334.871582,4348.846191,4357.94873,4330.256348,4338.461426,4354.615234,4350.384766,4338.461426,4318.077148,4501.794922,4532.820313,4402.94873,4456.666504,,,,,,,,,,,,,,,,,,,,,,,,,,,,,,,,,,,,,,,,,,,,,,,,,,,,,,,,,,,,,,,,,,,,,,
1768920120.868072,1768920120.868787,51.0,0.0,4346.666504,4340.128418,4352.179688,4358.461426,4334.487305,4340.512695,4352.692383,4345.256348,4338.205078,4316.153809,4501.025879,4538.974121,4404.871582,4456.666504,,,,,,,,,,,,,,,,,,,,,,,,,,,,,,,,,,,,,,,,,,,,,,,,,,,,,,,,,,,,,,,,,,,,,,
1768920120.87588,1768920120.876796,52.0,0.0,4345.0,4341.538574,4346.153809,4356.410156,4335.0,4337.436035,4342.307617,4347.179688,4338.205078,4314.358887,4499.358887,4538.846191,4402.307617,4457.94873,,,,,,,,,,,,,,,,,,,,,,,,,,,,,,,,,,,,,,,,,,,,,,,,,,,,,,,,,,,,,,,,,,,,,,
1768920120.883689,1768920120.884604,53.0,0.0,4339.230957,4340.128418,4344.743652,4356.666504,4334.102539,4335.769043,4339.102539,4350.769043,4330.897461,4309.487305,4496.794922,4529.102539,4394.102539,4457.307617,,,,,,,,,,,,,,,,,,,,,,,,,,,,,,,,,,,,,,,,,,,,,,,,,,,,,,,,,,,,,,,,,,,,,,
1768920120.891497,1768920120.892512,54.0,0.0,4338.589844,4340.641113,4348.461426,4360.256348,4339.230957,4342.05127,4346.666504,4348.333496,4324.487305,4304.358887,4491.025879,4522.563965,4390.512695,4448.077148,,,,,,,,,,,,,,,,,,,,,,,,,,,,,,,,,,,,,,,,,,,,,,,,,,,,,,,,,,,,,,,,,,,,,,
1768920120.899306,1768920120.900321,55.0,0.0,4338.461426,4340.128418,4345.128418,4361.153809,4340.897461,4344.230957,4343.205078,4347.692383,4328.717773,4304.358887,4488.846191,4519.358887,4390.641113,4440.769043,,,,,,,,,,,,,,,,,,,,,,,,,,,,,,,,,,,,,,,,,,,,,,,,,,,,,,,,,,,,,,,,,,,,,,
1768920120.907114,1768920120.907929,56.0,0.0,4336.153809,4338.077148,4340.0,4356.538574,4335.641113,4338.589844,4333.461426,4353.589844,4338.717773,4310.512695,4492.563965,4517.05127,4393.333496,4443.205078,,,,,,,,,,,,,,,,,,,,,,,,,,,,,,,,,,,,,,,,,,,,,,,,,,,,,,,,,,,,,,,,,,,,,,
1768920120.914923,1768920120.915737,57.0,0.0,4332.179688,4336.794922,4341.794922,4351.794922,4337.563965,4335.641113,4334.230957,4356.025879,4343.717773,4320.128418,4493.717773,4519.743652,4396.666504,4445.128418,,,,,,,,,,,,,,,,,,,,,,,,,,,,,,,,,,,,,,,,,,,,,,,,,,,,,,,,,,,,,,,,,,,,,,
1768920120.922731,1768920120.923646,58.0,0.0,4328.461426,4336.922852,4343.461426,4353.717773,4342.820313,4339.358887,4343.205078,4352.179688,4342.692383,4323.333496,4493.846191,4521.794922,4399.743652,4443.846191,,,,,,,,,,,,,,,,,,,,,,,,,,,,,,,,,,,,,,,,,,,,,,,,,,,,,,,,,,,,,,,,,,,,,,
1768920120.93054,1768920120.931454,59.0,0.0,4329.743652,4332.307617,4340.769043,4354.871582,4336.282227,4344.871582,4345.0,4349.615234,4340.256348,4315.769043,4493.461426,4517.05127,4396.153809,4443.333496,,,,,,,,,,,,,,,,,,,,,,,,,,,,,,,,,,,,,,,,,,,,,,,,,,,,,,,,,,,,,,,,,,,,,,
1768920120.938348,1768920120.939462,60.0,0.0,4332.563965,4329.102539,4340.384766,4351.410156,4328.717773,4345.0,4330.897461,4353.974121,4342.179688,4311.410156,4491.538574,4516.922852,4389.102539,4443.333496,,,,,,,,,,,,,,,,,,,,,,,,,,,,,,,,,,,,,,,,,,,,,,,,,,,,,,,,,,,,,,,,,,,,,,
1768920120.946157,1768920120.947271,61.0,0.0,4328.333496,4333.205078,4345.897461,4353.461426,4334.615234,4338.974121,4321.666504,4352.563965,4342.563965,4314.487305,4492.307617,4522.563965,4391.282227,4439.871582,,,,,,,,,,,,,,,,,,,,,,,,,,,,,,,,,,,,,,,,,,,,,,,,,,,,,,,,,,,,,,,,,,,,,,
1768920120.953966,1768920120.954979,62.0,0.0,4324.102539,4337.692383,4345.897461,4358.717773,4343.461426,4341.666504,4333.333496,4341.666504,4334.102539,4313.846191,4492.820313,4522.820313,4397.563965,4436.282227,,,,,,,,,,,,,,,,,,,,,,,,,,,,,,,,,,,,,,,,,,,,,,,,,,,,,,,,,,,,,,,,,,,,,,
1768920120.961774,1768920120.962788,63.0,0.0,4331.153809,4339.487305,4342.307617,4359.487305,4342.05127,4349.871582,4337.692383,4339.871582,4329.871582,4311.025879,4490.897461,4519.358887,4396.538574,4437.563965,,,,,,,,,,,,,,,,,,,,,,,,,,,,,,,,,,,,,,,,,,,,,,,,,,,,,,,,,,,,,,,,,,,,,,
1768920120.969582,1768920120.970397,64.0,0.0,4340.897461,4341.794922,4347.692383,4363.461426,4340.641113,4350.641113,4326.538574,4350.128418,4338.205078,4313.974121,4495.256348,4524.615234,4398.333496,4443.974121,0.585731,0.256128,0.359491,0.158019,0.14473,0.759346,0.146063,0.303071,0.223229,0.168195,0.874132,0.29719,0.231896,0.285702,0.140387,0.60788,0.190259,0.256104,0.203111,0.098211,0.362582,0.160884,0.036363,0.087755,0.092673,0.241886,0.195344,0.112207,0.168337,0.203233,1.466098,1.044203,0.206538,0.26036,0.22177,0.173456,0.212593,0.297162,0.16248,0.114971,0.301233,0.467885,0.452857,0.149632,0.093788,0.275953,0.519943,0.274927,0.188082,0.176844,0.289469,0.484984,0.339952,0.233216,0.171074,1.098529,0.532394,0.489213,0.588115,0.220558,0.589481,0.610281,0.279676,0.354804,0.194135,1.310216,0.342597,0.258456,0.354168,0.216332
1768920120.977391,1768920120.978205,65.0,0.0,4343.077148,4342.307617,4352.692383,4367.692383,4342.692383,4349.358887,4329.487305,4356.794922,4346.538574,4318.333496,4505.897461,4535.769043,4406.922852,4450.384766,,,,,,,,,,,,,,,,,,,,,,,,,,,,,,,,,,,,,,,,,,,,,,,,,,,,,,,,,,,,,,,,,,,,,,
1768920120.9852,1768920120.985914,66.0,0.0,4340.0,4340.769043,4349.615234,4359.487305,4340.0,4346.922852,4335.256348,4350.769043,4342.436035,4316.922852,4507.820313,4535.384766,4407.436035,4450.256348,,,,,,,,,,,,,,,,,,,,,,,,,,,,,,,,,,,,,,,,,,,,,,,,,,,,,,,,,,,,,,,,,,,,,,
1768920120.993008,1768920120.993722,67.0,0.0,4338.846191,4340.256348,4349.487305,4352.692383,4337.179688,4340.641113,4321.666504,4346.153809,4338.077148,4319.358887,4505.897461,4530.128418,4403.974121,4447.307617,,,,,,,,,,,,,,,,,,,,,,,,,,,,,,,,,,,,,,,,,,,,,,,,,,,,,,,,,,,,,,,,,,,,,,
1768920121.000816,1768920121.001731,68.0,0.0,4338.205078,4338.589844,4351.410156,4356.025879,4337.820313,4341.666504,4317.820313,4353.205078,4344.230957,4326.153809,4506.410156,4532.436035,4403.589844,4446.922852,,,,,,,,,,,,,,,,,,,,,,,,,,,,,,,,,,,,,,,,,,,,,,,,,,,,,,,,,,,,,,,,,,,,,,
1768920121.008625,1768920121.00954,69.0,0.0,4336.025879,4337.94873,4345.256348,4356.282227,4337.94873,4346.922852,4328.974121,4356.025879,4347.436035,4319.358887,4500.384766,4529.743652,4400.256348,4445.384766,,,,,,,,,,,,,,,,,,,,,,,,,,,,,,,,,,,,,,,,,,,,,,,,,,,,,,,,,,,,,,,,,,,,,,
1768920121.016434,1768920121.017348,70.0,0.0,4336.282227,4340.512695,4339.871582,4355.0,4336.025879,4343.589844,4322.05127,4347.307617,4340.512695,4309.743652,4493.205078,4521.666504,4398.077148,4440.769043,,,,,,,,,,,,,,,,,,,,,,,,,,,,,,,,,,,,,,,,,,,,,,,,,,,,,,,,,,,,,,,,,,,,,,
1768920121.024242,1768920121.025157,71.0,0.0,4339.743652,4342.820313,4345.256348,4359.871582,4334.230957,4339.102539,4309.358887,4344.487305,4337.179688,4315.897461,4495.256348,4522.05127,4398.205078,4440.384766,,,,,,,,,,,,,,,,,,,,,,,,,,,,,,,,,,,,,,,,,,,,,,,,,,,,,,,,,,,,,,,,,,,,,,
1768920121.03205,1768920121.032765,72.0,0.0,4340.128418,4339.102539,4349.230957,4360.512695,4333.717773,4340.512695,4312.436035,4352.820313,4342.820313,4320.897461,4500.641113,4526.410156,4395.256348,4443.974121,,,,,,,,,,,,,,,,,,,,,,,,,,,,,,,,,,,,,,,,,,,,,,,,,,,,,,,,,,,,,,,,,,,,,,
1768920121.039859,1768920121.040574,73.0,0.0,4341.153809,4336.538574,4349.102539,4358.846191,4338.974121,4340.897461,4319.871582,4353.589844,4343.717773,4317.563965,4503.589844,4528.077148,4399.102539,4445.0,,,,,,,,,,,,,,,,,,,,,,,,,,,,,,,,,,,,,,,,,,,,,,,,,,,,,,,,,,,,,,,,,,,,,,
1768920121.047668,1768920121.048282,74.0,0.0,4348.333496,4342.563965,4356.282227,4363.717773,4346.538574,4340.897461,4325.641113,4345.0,4336.794922,4317.692383,4506.922852,4535.384766,4410.897461,4447.563965,,,,,,,,,,,,,,,,,,,,,,,,,,,,,,,,,,,,,,,,,,,,,,,,,,,,,,,,,,,,,,,,,,,,,,
1768920121.055476,1768920121.05609,75.0,0.0,4352.94873,4347.179688,4363.205078,4367.692383,4347.436035,4342.05127,4326.538574,4342.692383,4332.820313,4318.205078,4506.153809,4539.871582,4412.820313,4453.205078,,,,,,,,,,,,,,,,,,,,,,,,,,,,,,,,,,,,,,,,,,,,,,,,,,,,,,,,,,,,,,,,,,,,,,
1768920121.063285,1768920121.064098,76.0,0.0,4351.282227,4344.358887,4359.230957,4365.897461,4342.94873,4344.487305,4319.102539,4345.769043,4336.666504,4317.94873,4504.615234,4534.358887,4408.333496,4458.333496,,,,,,,,,,,,,,,,,,,,,,,,,,,,,,,,,,,,,,,,,,,,,,,,,,,,,,,,,,,,,,,,,,,,,,
1768920121.071093,1768920121.071907,77.0,0.0,4351.794922,4341.538574,4356.153809,4364.871582,4341.282227,4340.128418,4310.769043,4346.410156,4340.641113,4322.692383,4506.922852,4532.94873,4411.922852,4458.974121,,,,,,,,,,,,,,,,,,,,,,,,,,,,,,,,,,,,,,,,,,,,,,,,,,,,,,,,,,,,,,,,,,,,,,
1768920121.078902,1768920121.079815,78.0,0.0,4353.974121,4344.230957,4358.846191,4366.794922,4343.846191,4331.538574,4310.0,4346.794922,4338.205078,4324.102539,4507.05127,4532.436035,4414.615234,4456.282227,,,,,,,,,,,,,,,,,,,,,,,,,,,,,,,,,,,,,,,,,,,,,,,,,,,,,,,,,,,,,,,,,,,,,,
1768920121.08671,1768920121.087624,79.0,0.0,4351.025879,4346.538574,4355.641113,4365.512695,4344.743652,4335.641113,4315.256348,4351.922852,4338.846191,4324.358887,4507.436035,4530.256348,4411.922852,4456.922852,,,,,,,,,,,,,,,,,,,,,,,,,,,,,,,,,,,,,,,,,,,,,,,,,,,,,,,,,,,,,,,,,,,,,,
1768920121.094519,1768920121.095632,80.0,0.0,4344.871582,4345.641113,4349.358887,4362.94873,4341.538574,4344.871582,4319.358887,4353.589844,4343.846191,4324.487305,4508.205078,4532.179688,4410.256348,4458.974121,0.616653,0.214136,0.382189,0.141076,0.140273,0.696291,0.13057,0.307867,0.200802,0.15882,0.863415,0.265362,0.24677,0.262743,0.128697,0.618419,0.19404,0.259727,0.199479,0.10169,0.330299,0.182454,0.051774,0.095611,0.101961,0.222438,0.226648,0.12307,0.149185,0.228345,2.367617,1.207948,0.232795,0.230785,0.247166,0.192739,0.247409,0.327737,0.195603,0.114057,0.367756,0.517902,0.485518,0.168333,0.088584,0.246167,0.525804,0.341089,0.16528,0.170728,0.271271,0.505653,0.345741,0.213145,0.162045,1.288583,0.582101,0.507544,0.472909,0.214277,0.54666,0.587695,0.357605,0.311648,0.183427,1.444442,0.337437,0.313007,0.316246,0.214678
1768920121.102327,1768920121.10344,81.0,0.0,4341.538574,4342.563965,4346.410156,4361.922852,4338.077148,4341.025879,4313.974121,4344.102539,4340.256348,4315.256348,4502.307617,4528.846191,4407.94873,4450.256348,,,,,,,,,,,,,,,,,,,,,,,,,,,,,,,,,,,,,,,,,,,,,,,,,,,,,,,,,,,,,,,,,,,,,,
1768920121.110136,1768920121.111349,82.0,0.0,4342.820313,4341.282227,4342.94873,4361.922852,4339.487305,4333.846191,4307.307617,4340.128418,4335.256348,4311.666504,4497.94873,4524.230957,4402.436035,4445.384766,,,,,,,,,,,,,,,,,,,,,,,,,,,,,,,,,,,,,,,,,,,,,,,,,,,,,,,,,,,,,,,,,,,,,,
1768920121.117944,1768920121.119157,83.0,0.0,4341.410156,4342.692383,4341.538574,4360.128418,4341.538574,4337.820313,4315.512695,4346.282227,4339.102539,4321.025879,4503.974121,4527.94873,4402.05127,4452.820313,,,,,,,,,,,,,,,,,,,,,,,,,,,,,,,,,,,,,,,,,,,,,,,,,,,,,,,,,,,,,,,,,,,,,,
1768920121.125753,1768920121.127065,84.0,0.0,4337.179688,4341.538574,4343.077148,4358.333496,4341.410156,4340.769043,4323.205078,4347.307617,4342.179688,4326.025879,4510.128418,4530.769043,4410.897461,4456.666504,,,,,,,,,,,,,,,,,,,,,,,,,,,,,,,,,,,,,,,,,,,,,,,,,,,,,,,,,,,,,,,,,,,,,,
1768920121.133561,1768920121.134874,85.0,0.0,4340.769043,4336.922852,4342.820313,4357.563965,4341.153809,4333.461426,4315.512695,4347.820313,4343.589844,4325.0,4509.743652,4527.820313,4416.282227,4455.512695,,,,,,,,,,,,,,,,,,,,,,,,,,,,,,,,,,,,,,,,,,,,,,,,,,,,,,,,,,,,,,,,,,,,,,
1768920121.14137,1768920121.142582,86.0,0.0,4348.717773,4334.871582,4339.358887,4357.179688,4340.512695,4331.922852,4308.205078,4347.94873,4342.94873,4325.256348,4507.436035,4527.05127,4412.436035,4452.94873,,,,,,,,,,,,,,,,,,,,,,,,,,,,,,,,,,,,,,,,,,,,,,,,,,,,,,,,,,,,,,,,,,,,,,
1768920121.149178,1768920121.150391,87.0,0.0,4347.05127,4339.230957,4340.0,4361.666504,4341.666504,4341.794922,4314.230957,4342.05127,4337.692383,4322.563965,4507.307617,4524.358887,4411.153809,4453.333496,,,,,,,,,,,,,,,,,,,,,,,,,,,,,,,,,,,,,,,,,,,,,,,,,,,,,,,,,,,,,,,,,,,,,,
1768920121.156987,1768920121.158,88.0,0.0,4340.512695,4338.205078,4342.436035,4363.205078,4341.025879,4343.717773,4318.077148,4340.897461,4336.794922,4316.922852,4508.846191,4522.307617,4411.153809,4453.846191,,,,,,,,,,,,,,,,,,,,,,,,,,,,,,,,,,,,,,,,,,,,,,,,,,,,,,,,,,,,,,,,,,,,,,
1768920121.164795,1768920121.165808,89.0,0.0,4336.410156,4330.256348,4340.0,4355.512695,4340.256348,4338.205078,4310.769043,4345.0,4341.153809,4317.179688,4502.436035,4523.974121,4405.256348,4448.461426,,,,,,,,,,,,,,,,,,,,,,,,,,,,,,,,,,,,,,,,,,,,,,,,,,,,,,,,,,,,,,,,,,,,,,
1768920121.172604,1768920121.173517,90.0,0.0,4335.128418,4330.897461,4339.230957,4354.358887,4340.897461,4337.692383,4308.974121,4346.794922,4342.307617,4320.641113,4497.820313,4519.487305,4403.717773,4447.563965,,,,,,,,,,,,,,,,,,,,,,,,,,,,,,,,,,,,,,,,,,,,,,,,,,,,,,,,,,,,,,,,,,,,,,
1768920121.180412,1768920121.181325,91.0,0.0,4342.307617,4338.077148,4342.05127,4359.743652,4338.461426,4337.179688,4315.128418,4346.666504,4340.897461,4317.307617,4503.205078,4515.512695,4406.922852,4452.436035,,,,,,,,,,,,,,,,,,,,,,,,,,,,,,,,,,,,,,,,,,,,,,,,,,,,,,,,,,,,,,,,,,,,,,
1768920121.188221,1768920121.189333,92.0,0.0,4350.128418,4335.256348,4341.538574,4358.589844,4333.461426,4332.307617,4308.974121,4340.256348,4334.230957,4308.589844,4500.512695,4520.512695,4402.179688,4454.102539,,,,,,,,,,,,,,,,,,,,,,,,,,,,,,,,,,,,,,,,,,,,,,,,,,,,,,,,,,,,,,,,,,,,,,
1768920121.19603,1768920121.197142,93.0,0.0,4348.077148,4329.487305,4340.256348,4356.666504,4331.794922,4327.692383,4295.0,4330.256348,4326.153809,4308.717773,4490.128418,4521.794922,4396.282227,4455.128418,,,,,,,,,,,,,,,,,,,,,,,,,,,,,,,,,,,,,,,,,,,,,,,,,,,,,,,,,,,,,,,,,,,,,,
1768920121.203838,1768920121.205051,94.0,0.0,4342.436035,4332.94873,4339.743652,4358.589844,4333.974121,4326.410156,4295.128418,4335.128418,4329.487305,4315.897461,4490.384766,4517.05127,4396.410156,4455.769043,,,,,,,,,,,,,,,,,,,,,,,,,,,,,,,,,,,,,,,,,,,,,,,,,,,,,,,,,,,,,,,,,,,,,,
1768920121.211646,1768920121.212859,95.0,0.0,4342.436035,4333.077148,4339.358887,4357.307617,4331.794922,4328.461426,4305.256348,4342.307617,4330.641113,4315.512695,4494.102539,4515.769043,4395.256348,4449.487305,,,,,,,,,,,,,,,,,,,,,,,,,,,,,,,,,,,,,,,,,,,,,,,,,,,,,,,,,,,,,,,,,,,,,,
1768920121.219455,1768920121.220467,96.0,0.0,4345.128418,4330.384766,4346.153809,4358.589844,4328.974121,4329.230957,4308.974121,4341.538574,4327.820313,4310.512695,4492.820313,4522.820313,4394.358887,4452.820313,0.704702,0.181244,0.390523,0.136461,0.136721,0.615964,0.118044,0.288362,0.18789,0.143305,0.824417,0.254519,0.25569,0.240476,0.116682,0.602502,0.189117,0.244534,0.190604,0.098394,0.281887,0.190658,0.07558,0.104972,0.109347,0.193556,0.242154,0.123961,0.141708,0.244195,3.486817,1.270512,0.272467,0.209459,0.281455,0.219043,0.269005,0.344168,0.230031,0.115899,0.457651,0.558258,0.509184,0.194534,0.086465,0.23106,0.556888,0.424931,0.15237,0.157559,0.25317,0.548627,0.363654,0.188082,0.147162,1.462425,0.677826,0.510322,0.364383,0.202668,0.484455,0.590772,0.460432,0.267711,0.170657,1.6225,0.377282,0.397257,0.289244,0.205879
1768920121.227264,1768920121.228276,97.0,0.0,4342.94873,4330.0,4351.794922,4358.461426,4329.358887,4331.153809,4308.974121,4342.692383,4331.538574,4310.256348,4494.230957,4527.820313,4399.102539,4460.897461,,,,,,,,,,,,,,,,,,,,,,,,,,,,,,,,,,,,,,,,,,,,,,,,,,,,,,,,,,,,,,,,,,,,,,
1768920121.235072,1768920121.235984,98.0,0.0,4337.563965,4327.820313,4345.128418,4351.153809,4330.897461,4338.717773,4312.692383,4340.384766,4331.794922,4312.05127,4493.077148,4523.077148,4396.538574,4450.384766,,,,,,,,,,,,,,,,,,,,,,,,,,,,,,,,,,,,,,,,,,,,,,,,,,,,,,,,,,,,,,,,,,,,,,
1768920121.24288,1768920121.243792,99.0,0.0,4335.769043,4324.358887,4338.205078,4346.922852,4329.615234,4340.128418,4311.538574,4338.846191,4328.717773,4310.128418,4490.512695,4517.436035,4387.563965,4442.820313,,,,,,,,,,,,,,,,,,,,,,,,,,,,,,,,,,,,,,,,,,,,,,,,,,,,,,,,,,,,,,,,,,,,,,
1768920121.250689,1768920121.2518,100.0,0.0,4338.461426,4321.538574,4338.717773,4348.846191,4323.461426,4328.974121,4298.333496,4341.794922,4330.897461,4308.461426,4491.794922,4521.794922,4389.358887,4446.025879,,,,,,,,,,,,,,,,,,,,,,,,,,,,,,,,,,,,,,,,,,,,,,,,,,,,,,,,,,,,,,,,,,,,,,
1768920121.258498,1768920121.259609,101.0,0.0,4338.974121,4318.717773,4338.205078,4349.871582,4320.512695,4324.615234,4295.384766,4339.615234,4328.589844,4307.05127,4491.794922,4523.077148,4396.153809,4444.615234,,,,,,,,,,,,,,,,,,,,,,,,,,,,,,,,,,,,,,,,,,,,,,,,,,,,,,,,,,,,,,,,,,,,,,
1768920121.266306,1768920121.267517,102.0,0.0,4337.94873,4320.384766,4333.846191,4346.410156,4323.846191,4331.025879,4307.179688,4337.563965,4324.487305,4303.461426,4489.743652,4514.615234,4392.563965,4442.94873,,,,,,,,,,,,,,,,,,,,,,,,,,,,,,,,,,,,,,,,,,,,,,,,,,,,,,,,,,,,,,,,,,,,,,
1768920121.274114,1768920121.275326,103.0,0.0,4338.205078,4325.128418,4329.358887,4342.692383,4326.282227,4333.846191,4306.538574,4346.410156,4331.538574,4304.871582,4489.102539,4510.769043,4387.563965,4443.205078,,,,,,,,,,,,,,,,,,,,,,,,,,,,,,,,,,,,,,,,,,,,,,,,,,,,,,,,,,,,,,,,,,,,,,
1768920121.281923,1768920121.283334,104.0,0.0,4335.512695,4325.256348,4328.974121,4346.153809,4323.205078,4333.717773,4300.0,4350.641113,4339.615234,4314.358887,4491.410156,4514.358887,4391.666504,4443.077148,,,,,,,,,,,,,,,,,,,,,,,,,,,,,,,,,,,,,,,,,,,,,,,,,,,,,,,,,,,,,,,,,,,,,,
1768920121.289732,1768920121.291142,105.0,0.0,4338.077148,4326.538574,4337.05127,4353.974121,4324.358887,4332.05127,4306.538574,4344.230957,4335.0,4318.974121,4493.461426,4516.538574,4397.05127,4445.0,,,,,,,,,,,,,,,,,,,,,,,,,,,,,,,,,,,,,,,,,,,,,,,,,,,,,,,,,,,,,,,,,,,,,,
1768920121.29754,1768920121.299051,106.0,0.0,4345.769043,4331.794922,4344.487305,4355.384766,4329.230957,4329.358887,4310.256348,4341.794922,4327.436035,4312.436035,4493.205078,4520.256348,4396.922852,4448.589844,,,,,,,,,,,,,,,,,,,,,,,,,,,,,,,,,,,,,,,,,,,,,,,,,,,,,,,,,,,,,,,,,,,,,,
1768920121.305349,1768920121.306859,107.0,0.0,4346.410156,4330.384766,4343.717773,4354.102539,4326.794922,4331.538574,4304.871582,4342.436035,4329.487305,4311.153809,4492.307617,4523.717773,4394.487305,4447.05127,,,,,,,,,,,,,,,,,,,,,,,,,,,,,,,,,,,,,,,,,,,,,,,,,,,,,,,,,,,,,,,,,,,,,,
1768920121.313157,1768920121.314468,108.0,0.0,4338.461426,4327.692383,4341.794922,4355.512695,4323.589844,4335.0,4302.820313,4342.563965,4334.743652,4316.922852,4493.717773,4521.794922,4394.358887,4443.077148,,,,,,,,,,,,,,,,,,,,,,,,,,,,,,,,,,,,,,,,,,,,,,,,,,,,,,,,,,,,,,,,,,,,,,
1768920121.320966,1768920121.322276,109.0,0.0,4335.512695,4333.461426,4342.820313,4354.615234,4325.897461,4330.512695,4302.05127,4342.692383,4330.897461,4317.820313,4494.487305,4522.820313,4397.563965,4443.333496,,,,,,,,,,,,,,,,,,,,,,,,,,,,,,,,,,,,,,,,,,,,,,,,,,,,,,,,,,,,,,,,,,,,,,
1768920121.328774,1768920121.329985,110.0,0.0,4340.769043,4336.666504,4342.563965,4353.333496,4326.538574,4323.333496,4296.153809,4338.589844,4323.461426,4308.717773,4492.179688,4526.538574,4398.717773,4444.230957,,,,,,,,,,,,,,,,,,,,,,,,,,,,,,,,,,,,,,,,,,,,,,,,,,,,,,,,,,,,,,,,,,,,,,
1768920121.336583,1768920121.337793,111.0,0.0,4341.282227,4333.461426,4343.717773,4355.641113,4325.384766,4326.410156,4295.769043,4335.769043,4322.436035,4300.641113,4492.179688,4523.461426,4396.794922,4443.205078,,,,,,,,,,,,,,,,,,,,,,,,,,,,,,,,,,,,,,,,,,,,,,,,,,,,,,,,,,,,,,,,,,,,,,
1768920121.344391,1768920121.345402,112.0,0.0,4336.666504,4336.282227,4344.743652,4358.077148,4331.153809,4332.05127,4302.436035,4340.0,4330.0,4306.922852,4493.589844,4517.94873,4395.384766,4441.282227,0.842218,0.180689,0.396131,0.137668,0.135275,0.542046,0.113386,0.251861,0.180862,0.127517,0.762982,0.269988,0.264136,0.221959,0.106952,0.571975,0.17845,0.220445,0.18113,0.089938,0.236347,0.185798,0.106624,0.113249,0.112402,0.168512,0.236208,0.112764,0.147592,0.246195,4.632741,1.212771,0.319797,0.200358,0.316702,0.244264,0.273932,0.344933,0.260587,0.121614,0.549038,0.586628,0.531236,0.227621,0.089815,0.231624,0.602184,0.524769,0.15451,0.142289,0.249299,0.61208,0.398511,0.163172,0.127867,1.584979,0.822446,0.519999,0.277952,0.187654,0.423855,0.630273,0.589084,0.232372,0.156857,1.829195,0.459665,0.508843,0.272841,0.188963
1768920121.3522,1768920121.35321,113.0,0.0,4335.256348,4338.717773,4346.538574,4358.333496,4337.307617,4331.282227,4303.717773,4345.384766,4336.538574,4317.94873,4497.563965,4517.692383,4398.333496,4446.153809,,,,,,,,,,,,,,,,,,,,,,,,,,,,,,,,,,,,,,,,,,,,,,,,,,,,,,,,,,,,,,,,,,,,,,
1768920121.360008,1768920121.360919,114.0,0.0,4337.436035,4331.666504,4348.205078,4358.461426,4332.94873,4327.179688,4298.077148,4343.974121,4337.692383,4317.307617,4499.487305,4522.179688,4400.0,4452.563965,,,,,,,,,,,,,,,,,,,,,,,,,,,,,,,,,,,,,,,,,,,,,,,,,,,,,,,,,,,,,,,,,,,,,,
1768920121.367817,1768920121.368727,115.0,0.0,4338.717773,4330.384766,4346.410156,4356.153809,4325.512695,4326.153809,4295.128418,4337.820313,4336.666504,4311.025879,4497.820313,4527.05127,4397.692383,4447.692383,,,,,,,,,,,,,,,,,,,,,,,,,,,,,,,,,,,,,,,,,,,,,,,,,,,,,,,,,,,,,,,,,,,,,,
1768920121.375625,1768920121.376336,116.0,0.0,4340.641113,4337.563965,4346.153809,4353.846191,4326.153809,4327.307617,4294.743652,4337.94873,4333.717773,4313.077148,4496.794922,4529.230957,4394.871582,4442.436035,,,,,,,,,,,,,,,,,,,,,,,,,,,,,,,,,,,,,,,,,,,,,,,,,,,,,,,,,,,,,,,,,,,,,,
1768920121.383434,1768920121.384144,117.0,0.0,4342.563965,4335.769043,4349.102539,4355.769043,4328.461426,4330.0,4298.333496,4346.153809,4333.205078,4315.0,4496.666504,4528.333496,4394.743652,4445.128418,,,,,,,,,,,,,,,,,,,,,,,,,,,,,,,,,,,,,,,,,,,,,,,,,,,,,,,,,,,,,,,,,,,,,,
1768920121.391242,1768920121.392053,118.0,0.0,4336.794922,4325.769043,4345.512695,4350.897461,4326.282227,4334.487305,4304.871582,4345.641113,4332.820313,4306.025879,4489.615234,4520.512695,4387.692383,4441.025879,,,,,,,,,,,,,,,,,,,,,,,,,,,,,,,,,,,,,,,,,,,,,,,,,,,,,,,,,,,,,,,,,,,,,,
1768920121.399051,1768920121.399861,119.0,0.0,4331.922852,4319.871582,4334.871582,4341.282227,4324.230957,4329.743652,4299.358887,4335.384766,4328.717773,4299.871582,4482.436035,4514.102539,4380.256348,4435.384766,,,,,,,,,,,,,,,,,,,,,,,,,,,,,,,,,,,,,,,,,,,,,,,,,,,,,,,,,,,,,,,,,,,,,,
1768920121.406859,1768920121.407869,120.0,0.0,4337.820313,4325.512695,4337.820313,4349.102539,4324.743652,4322.94873,4290.0,4339.743652,4333.717773,4313.461426,4496.666504,4529.230957,4395.256348,4450.128418,,,,,,,,,,,,,,,,,,,,,,,,,,,,,,,,,,,,,,,,,,,,,,,,,,,,,,,,,,,,,,,,,,,,,,
1768920121.414668,1768920121.415678,121.0,0.0,4347.05127,4338.205078,4348.589844,4363.077148,4327.179688,4326.538574,4296.922852,4349.615234,4340.512695,4328.717773,4513.974121,4544.358887,4417.307617,4468.974121,,,,,,,,,,,,,,,,,,,,,,,,,,,,,,,,,,,,,,,,,,,,,,,,,,,,,,,,,,,,,,,,,,,,,,
1768920121.422476,1768920121.423386,122.0,0.0,4347.307617,4342.436035,4346.666504,4360.256348,4328.333496,4328.461426,4301.538574,4342.05127,4330.897461,4319.230957,4505.128418,4528.589844,4411.538574,4459.615234,,,,,,,,,,,,,,,,,,,,,,,,,,,,,,,,,,,,,,,,,,,,,,,,,,,,,,,,,,,,,,,,,,,,,,
1768920121.430285,1768920121.431194,123.0,0.0,4341.794922,4335.128418,4339.230957,4354.230957,4327.692383,4325.128418,4292.563965,4332.692383,4321.410156,4305.897461,4489.743652,4512.820313,4394.230957,4444.871582,,,,,,,,,,,,,,,,,,,,,,,,,,,,,,,,,,,,,,,,,,,,,,,,,,,,,,,,,,,,,,,,,,,,,,
1768920121.438094,1768920121.438803,124.0,0.0,4337.563965,4329.358887,4337.179688,4355.897461,4327.563965,4326.922852,4294.102539,4338.205078,4326.282227,4307.820313,4491.666504,4523.205078,4394.487305,4451.153809,,,,,,,,,,,,,,,,,,,,,,,,,,,,,,,,,,,,,,,,,,,,,,,,,,,,,,,,,,,,,,,,,,,,,,
1768920121.445902,1768920121.446611,125.0,0.0,4333.461426,4329.487305,4339.743652,4355.256348,4327.820313,4327.692383,4299.871582,4342.820313,4327.820313,4310.384766,4495.384766,4531.922852,4396.666504,4455.641113,,,,,,,,,,,,,,,,,,,,,,,,,,,,,,,,,,,,,,,,,,,,,,,,,,,,,,,,,,,,,,,,,,,,,,
1768920121.45371,1768920121.454519,126.0,0.0,4334.871582,4333.333496,4341.666504,4352.820313,4326.538574,4323.461426,4293.846191,4336.922852,4324.615234,4307.94873,4490.256348,4523.589844,4391.922852,4451.282227,,,,,,,,,,,,,,,,,,,,,,,,,,,,,,,,,,,,,,,,,,,,,,,,,,,,,,,,,,,,,,,,,,,,,,
1768920121.461519,1768920121.462328,127.0,0.0,4336.538574,4335.897461,4344.358887,4354.615234,4329.230957,4332.563965,4299.102539,4341.410156,4327.179688,4306.666504,4491.410156,4522.820313,4394.358887,4452.05127,,,,,,,,,,,,,,,,,,,,,,,,,,,,,,,,,,,,,,,,,,,,,,,,,,,,,,,,,,,,,,,,,,,,,,
1768920121.469328,1768920121.470336,0.0,0.0,4330.512695,4332.179688,4344.230957,4353.589844,4332.179688,4341.922852,4309.743652,4350.897461,4329.487305,4310.0,4493.974121,4526.153809,4393.589844,4453.077148,1.010331,0.222563,0.406593,0.140461,0.13568,0.491015,0.121015,0.210067,0.173643,0.115855,0.706454,0.320285,0.275693,0.208194,0.101027,0.538044,0.173366,0.199075,0.174788,0.079567,0.200459,0.172973,0.140684,0.117412,0.110059,0.155033,0.21314,0.094649,0.161679,0.23426,5.48086,1.059373,0.367638,0.204132,0.345364,0.260372,0.262891,0.331866,0.281274,0.130787,0.613829,0.597012,0.55174,0.260953,0.098947,0.240877,0.647277,0.626447,0.169254,0.131197,0.269179,0.686382,0.446904,0.145517,0.109244,1.642523,0.995937,0.545315,0.220438,0.172522,0.379848,0.705141,0.732575,0.209411,0.145134,2.013163,0.570489,0.631399,0.262166,0.167402
1768920121.477136,1768920121.478144,1.0,0.0,4327.820313,4326.410156,4343.461426,4351.025879,4330.0,4330.0,4299.102539,4345.256348,4327.179688,4307.94873,4491.025879,4522.563965,4387.692383,4451.666504,,,,,,,,,,,,,,,,,,,,,,,,,,,,,,,,,,,,,,,,,,,,,,,,,,,,,,,,,,,,,,,,,,,,,,
1768920121.484944,1768920121.486053,2.0,0.0,4334.743652,4325.512695,4344.871582,4353.205078,4327.94873,4320.512695,4285.897461,4335.641113,4323.846191,4298.077148,4490.128418,4522.94873,4391.666504,4452.436035,,,,,,,,,,,,,,,,,,,,,,,,,,,,,,,,,,,,,,,,,,,,,,,,,,,,,,,,,,,,,,,,,,,,,,
1768920121.492753,1768920121.493861,3.0,0.0,4342.563965,4328.333496,4346.025879,4356.025879,4327.94873,4327.692383,4291.794922,4334.487305,4323.974121,4298.205078,4490.512695,4525.641113,4397.436035,4455.384766,,,,,,,,,,,,,,,,,,,,,,,,,,,,,,,,,,,,,,,,,,,,,,,,,,,,,,,,,,,,,,,,,,,,,,
1768920121.500562,1768920121.501869,4.0,0.0,4342.94873,4328.333496,4344.871582,4354.871582,4327.94873,4330.512695,4296.282227,4330.641113,4322.820313,4310.0,4488.589844,4519.615234,4396.410156,4451.922852,,,,,,,,,,,,,,,,,,,,,,,,,,,,,,,,,,,,,,,,,,,,,,,,,,,,,,,,,,,,,,,,,,,,,,
1768920121.50837,1768920121.509678,5.0,0.0,4336.410156,4325.256348,4341.794922,4355.897461,4326.922852,4325.641113,4291.666504,4326.666504,4318.205078,4310.256348,4488.333496,4515.0,4394.230957,4448.974121,,,,,,,,,,,,,,,,,,,,,,,,,,,,,,,,,,,,,,,,,,,,,,,,,,,,,,,,,,,,,,,,,,,,,,
1768920121.516178,1768920121.517386,6.0,0.0,4334.615234,4328.205078,4343.717773,4360.897461,4328.077148,4325.641113,4290.769043,4333.077148,4318.974121,4302.563965,4491.666504,4521.153809,4391.538574,4452.179688,,,,,,,,,,,,,,,,,,,,,,,,,,,,,,,,,,,,,,,,,,,,,,,,,,,,,,,,,,,,,,,,,,,,,,
1768920121.523987,1768920121.525195,7.0,0.0,4339.871582,4334.743652,4350.769043,4359.871582,4329.358887,4326.538574,4290.641113,4337.820313,4323.846191,4306.666504,4493.717773,4525.769043,4390.512695,4459.230957,,,,,,,,,,,,,,,,,,,,,,,,,,,,,,,,,,,,,,,,,,,,,,,,,,,,,,,,,,,,,,,,,,,,,,
1768920121.531796,1768920121.532804,8.0,0.0,4341.922852,4333.461426,4351.025879,4358.333496,4329.615234,4327.94873,4293.717773,4337.307617,4326.025879,4310.128418,4493.461426,4522.94873,4395.128418,4460.897461,,,,,,,,,,,,,,,,,,,,,,,,,,,,,,,,,,,,,,,,,,,,,,,,,,,,,,,,,,,,,,,,,,,,,,
1768920121.539604,1768920121.540612,9.0,0.0,4338.333496,4327.94873,4342.307617,4358.077148,4328.589844,4328.333496,4296.922852,4337.436035,4323.333496,4306.410156,4492.692383,4522.94873,4397.307617,4458.205078,,,,,,,,,,,,,,,,,,,,,,,,,,,,,,,,,,,,,,,,,,,,,,,,,,,,,,,,,,,,,,,,,,,,,,
1768920121.547413,1768920121.548321,10.0,0.0,4333.974121,4327.05127,4337.820313,4349.743652,4326.282227,4328.077148,4296.922852,4336.538574,4321.282227,4306.282227,4492.820313,4525.128418,4397.05127,4461.282227,,,,,,,,,,,,,,,,,,,,,,,,,,,,,,,,,,,,,,,,,,,,,,,,,,,,,,,,,,,,,,,,,,,,,,
1768920121.555221,1768920121.556129,11.0,0.0,4333.461426,4326.794922,4340.128418,4344.358887,4325.0,4328.717773,4294.871582,4336.410156,4322.820313,4303.846191,4493.461426,4525.512695,4398.717773,4462.179688,,,,,,,,,,,,,,,,,,,,,,,,,,,,,,,,,,,,,,,,,,,,,,,,,,,,,,,,,,,,,,,,,,,,,,
1768920121.56303,1768920121.563738,12.0,0.0,4335.0,4326.153809,4343.717773,4351.538574,4327.179688,4326.538574,4293.333496,4338.205078,4323.589844,4295.641113,4489.743652,4522.692383,4393.205078,4452.436035,,,,,,,,,,,,,,,,,,,,,,,,,,,,,,,,,,,,,,,,,,,,,,,,,,,,,,,,,,,,,,,,,,,,,,
1768920121.570838,1768920121.571546,13.0,0.0,4332.179688,4328.333496,4344.871582,4353.077148,4331.410156,4330.897461,4303.846191,4341.025879,4327.94873,4297.179688,4491.282227,4519.358887,4388.589844,4447.563965,,,,,,,,,,,,,,,,,,,,,,,,,,,,,,,,,,,,,,,,,,,,,,,,,,,,,,,,,,,,,,,,,,,,,,
1768920121.578647,1768920121.579254,14.0,0.0,4329.487305,4330.0,4339.230957,4344.230957,4330.641113,4336.282227,4306.666504,4341.922852,4332.692383,4310.256348,4498.333496,4518.461426,4395.897461,4454.487305,,,,,,,,,,,,,,,,,,,,,,,,,,,,,,,,,,,,,,,,,,,,,,,,,,,,,,,,,,,,,,,,,,,,,,
1768920121.586455,1768920121.587063,15.0,0.0,4331.666504,4328.077148,4336.153809,4345.512695,4325.512695,4331.153809,4294.743652,4342.692383,4331.922852,4312.94873,4497.179688,4523.077148,4400.897461,4456.025879,,,,,,,,,,,,,,,,,,,,,,,,,,,,,,,,,,,,,,,,,,,,,,,,,,,,,,,,,,,,,,,,,,,,,,
1768920121.594264,1768920121.595071,16.0,0.0,4332.820313,4325.769043,4340.641113,4350.897461,4324.871582,4323.846191,4292.436035,4339.358887,4322.94873,4298.205078,4490.512695,4523.974121,4393.589844,4451.282227,1.154449,0.298618,0.418618,0.143183,0.136091,0.463093,0.141459,0.174939,0.160895,0.109372,0.684705,0.402311,0.291359,0.196867,0.098441,0.508476,0.185288,0.189725,0.171134,0.070464,0.178799,0.159135,0.171798,0.115795,0.103172,0.153909,0.182199,0.080811,0.176452,0.212555,5.796943,0.858506,0.410381,0.219906,0.362229,0.260249,0.238978,0.308619,0.287973,0.141553,0.630413,0.581942,0.562513,0.28556,0.111928,0.249913,0.666551,0.705321,0.190182,0.128353,0.311305,0.745659,0.494472,0.139499,0.095854,1.629027,1.151731,0.575713,0.188381,0.159697,0.352167,0.785907,0.858794,0.197864,0.13788,2.062732,0.677626,0.733766,0.251887,0.146091
1768920121.602072,1768920121.602879,17.0,0.0,4331.922852,4329.487305,4342.179688,4349.102539,4329.102539,4326.153809,4295.769043,4331.282227,4315.512695,4290.897461,4489.743652,4512.820313,4389.615234,4452.563965,,,,,,,,,,,,,,,,,,,,,,,,,,,,,,,,,,,,,,,,,,,,,,,,,,,,,,,,,,,,,,,,,,,,,,
1768920121.609881,1768920121.610788,18.0,0.0,4330.769043,4338.077148,4338.846191,4348.974121,4331.538574,4328.461426,4289.871582,4330.512695,4321.538574,4301.153809,4490.0,4505.641113,4392.820313,4449.871582,,,,,,,,,,,,,,,,,,,,,,,,,,,,,,,,,,,,,,,,,,,,,,,,,,,,,,,,,,,,,,,,,,,,,,
1768920121.617689,1768920121.618596,19.0,0.0,4329.487305,4338.461426,4338.461426,4350.512695,4328.974121,4328.077148,4290.0,4339.487305,4330.0,4307.436035,4489.230957,4514.230957,4391.794922,4440.897461,,,,,,,,,,,,,,,,,,,,,,,,,,,,,,,,,,,,,,,,,,,,,,,,,,,,,,,,,,,,,,,,,,,,,,
1768920121.625498,1768920121.626205,20.0,0.0,4334.743652,4335.256348,4342.436035,4351.282227,4327.436035,4330.512695,4300.0,4341.666504,4327.05127,4302.05127,4492.307617,4525.128418,4391.538574,4443.205078,,,,,,,,,,,,,,,,,,,,,,,,,,,,,,,,,,,,,,,,,,,,,,,,,,,,,,,,,,,,,,,,,,,,,,
1768920121.633306,1768920121.634013,21.0,0.0,4341.410156,4338.589844,4344.871582,4352.05127,4326.410156,4327.436035,4297.179688,4338.589844,4323.846191,4299.230957,4494.102539,4526.538574,4395.512695,4454.230957,,,,,,,,,,,,,,,,,,,,,,,,,,,,,,,,,,,,,,,,,,,,,,,,,,,,,,,,,,,,,,,,,,,,,,
1768920121.641115,1768920121.641721,22.0,0.0,4337.94873,4342.436035,4341.794922,4352.820313,4328.461426,4328.333496,4293.974121,4339.743652,4328.205078,4303.205078,4492.307617,4519.871582,4396.410156,4456.153809,,,,,,,,,,,,,,,,,,,,,,,,,,,,,,,,,,,,,,,,,,,,,,,,,,,,,,,,,,,,,,,,,,,,,,
1768920121.648923,1768920121.649529,23.0,0.0,4334.871582,4340.769043,4338.717773,4351.153809,4331.794922,4335.384766,4299.230957,4340.512695,4328.461426,4308.461426,4493.461426,4515.512695,4395.641113,4452.307617,,,,,,,,,,,,,,,,,,,,,,,,,,,,,,,,,,,,,,,,,,,,,,,,,,,,,,,,,,,,,,,,,,,,,,
1768920121.656732,1768920121.657538,24.0,0.0,4340.384766,4338.077148,4341.794922,4349.615234,4333.461426,4338.205078,4302.179688,4340.384766,4326.410156,4311.666504,4494.358887,4518.589844,4398.846191,4451.794922,,,,,,,,,,,,,,,,,,,,,,,,,,,,,,,,,,,,,,,,,,,,,,,,,,,,,,,,,,,,,,,,,,,,,,
1768920121.66454,1768920121.665346,25.0,0.0,4343.717773,4337.94873,4343.717773,4351.153809,4332.05127,4332.05127,4299.358887,4337.563965,4326.794922,4309.358887,4492.692383,4524.230957,4397.563965,4456.410156,,,,,,,,,,,,,,,,,,,,,,,,,,,,,,,,,,,,,,,,,,,,,,,,,,,,,,,,,,,,,,,,,,,,,,
1768920121.672349,1768920121.673255,26.0,0.0,4342.05127,4340.128418,4345.256348,4355.256348,4328.846191,4322.436035,4291.153809,4332.436035,4323.717773,4306.922852,4497.692383,4531.922852,4395.641113,4460.641113,,,,,,,,,,,,,,,,,,,,,,,,,,,,,,,,,,,,,,,,,,,,,,,,,,,,,,,,,,,,,,,,,,,,,,
1768920121.680157,1768920121.681063,27.0,0.0,4342.179688,4343.205078,4348.589844,4358.077148,4327.05127,4323.205078,4290.897461,4335.641113,4325.641113,4310.897461,4506.922852,4536.410156,4404.358887,4461.410156,,,,,,,,,,,,,,,,,,,,,,,,,,,,,,,,,,,,,,,,,,,,,,,,,,,,,,,,,,,,,,,,,,,,,,
1768920121.687966,1768920121.689071,28.0,0.0,4345.897461,4342.436035,4346.410156,4356.410156,4327.692383,4331.153809,4300.384766,4343.589844,4333.974121,4312.05127,4506.538574,4526.794922,4407.436035,4456.538574,,,,,,,,,,,,,,,,,,,,,,,,,,,,,,,,,,,,,,,,,,,,,,,,,,,,,,,,,,,,,,,,,,,,,,
1768920121.695774,1768920121.69688,29.0,0.0,4345.897461,4340.384766,4345.512695,4355.0,4328.974121,4335.0,4304.871582,4344.615234,4335.0,4308.589844,4503.077148,4521.282227,4401.538574,4455.128418,,,,,,,,,,,,,,,,,,,,,,,,,,,,,,,,,,,,,,,,,,,,,,,,,,,,,,,,,,,,,,,,,,,,,,
1768920121.703583,1768920121.704788,30.0,0.0,4344.487305,4344.102539,4353.461426,4357.94873,4327.94873,4328.461426,4296.025879,4335.641113,4327.179688,4307.563965,4506.410156,4532.94873,4399.230957,4466.410156,,,,,,,,,,,,,,,,,,,,,,,,,,,,,,,,,,,,,,,,,,,,,,,,,,,,,,,,,,,,,,,,,,,,,,
1768920121.711392,1768920121.712597,31.0,0.0,4345.128418,4348.333496,4359.487305,4357.692383,4325.641113,4320.897461,4287.820313,4329.743652,4324.102539,4309.871582,4508.717773,4543.077148,4400.897461,4470.384766,,,,,,,,,,,,,,,,,,,,,,,,,,,,,,,,,,,,,,,,,,,,,,,,,,,,,,,,,,,,,,,,,,,,,,
1768920121.7192,1768920121.720205,32.0,0.0,4341.922852,4345.897461,4352.94873,4352.692383,4327.820313,4323.589844,4289.487305,4338.333496,4330.0,4307.692383,4507.436035,4537.436035,4399.871582,4460.897461,1.228602,0.38294,0.422836,0.14574,0.134727,0.447772,0.170853,0.153264,0.143429,0.106643,0.710051,0.492157,0.308911,0.183681,0.097924,0.480858,0.213097,0.195016,0.166994,0.065085,0.171766,0.149161,0.19379,0.108947,0.094096,0.158969,0.154349,0.0809,0.184884,0.187944,5.448769,0.658891,0.439838,0.244134,0.364837,0.242513,0.207011,0.279668,0.280668,0.151779,0.599623,0.537013,0.550982,0.294889,0.125376,0.247654,0.635309,0.741029,0.211867,0.13414,0.35739,0.757281,0.521748,0.146033,0.090246,1.537566,1.23288,0.59162,0.173742,0.152449,0.335419,0.83081,0.931659,0.196725,0.135927,1.91696,0.741686,0.786517,0.239412,0.13003
1768920121.727008,1768920121.728014,33.0,0.0,4335.0,4340.512695,4342.563965,4350.641113,4330.897461,4330.769043,4294.743652,4344.487305,4331.922852,4306.410156,4505.897461,4526.410156,4399.230957,4457.436035,,,,,,,,,,,,,,,,,,,,,,,,,,,,,,,,,,,,,,,,,,,,,,,,,,,,,,,,,,,,,,,,,,,,,,
1768920121.734817,1768920121.735722,34.0,0.0,4334.871582,4341.666504,4343.461426,4353.846191,4332.05127,4332.563965,4301.794922,4337.179688,4327.05127,4312.436035,4505.128418,4525.384766,4402.820313,4460.128418,,,,,,,,,,,,,,,,,,,,,,,,,,,,,,,,,,,,,,,,,,,,,,,,,,,,,,,,,,,,,,,,,,,,,,
1768920121.742626,1768920121.743531,35.0,0.0,4337.179688,4343.589844,4355.128418,4355.512695,4331.922852,4326.410156,4301.410156,4334.487305,4325.641113,4314.358887,4508.717773,4531.922852,4408.077148,4462.692383,,,,,,,,,,,,,,,,,,,,,,,,,,,,,,,,,,,,,,,,,,,,,,,,,,,,,,,,,,,,,,,,,,,,,,
1768920121.750434,1768920121.751139,36.0,0.0,4337.820313,4339.487305,4356.794922,4354.487305,4331.153809,4322.692383,4293.205078,4340.512695,4327.436035,4310.384766,4506.666504,4535.769043,4406.282227,4464.230957,,,,,,,,,,,,,,,,,,,,,,,,,,,,,,,,,,,,,,,,,,,,,,,,,,,,,,,,,,,,,,,,,,,,,,
1768920121.758242,1768920121.758948,37.0,0.0,4344.102539,4339.102539,4346.538574,4354.102539,4328.077148,4326.153809,4293.461426,4341.410156,4327.179688,4309.487305,4496.025879,4531.922852,4398.077148,4461.538574,,,,,,,,,,,,,,,,,,,,,,,,,,,,,,,,,,,,,,,,,,,,,,,,,,,,,,,,,,,,,,,,,,,,,,
1768920121.766051,1768920121.766656,38.0,0.0,4347.307617,4341.922852,4341.666504,4349.615234,4324.743652,4326.410156,4297.94873,4338.205078,4325.384766,4311.153809,4495.512695,4526.922852,4399.358887,4458.974121,,,,,,,,,,,,,,,,,,,,,,,,,,,,,,,,,,,,,,,,,,,,,,,,,,,,,,,,,,,,,,,,,,,,,,
1768920121.77386,1768920121.774465,39.0,0.0,4339.615234,4336.922852,4341.153809,4341.282227,4322.563965,4321.794922,4294.743652,4337.692383,4326.153809,4312.692383,4506.282227,4526.282227,4407.179688,4460.512695,,,,,,,,,,,,,,,,,,,,,,,,,,,,,,,,,,,,,,,,,,,,,,,,,,,,,,,,,,,,,,,,,,,,,,
1768920121.781668,1768920121.782073,40.0,0.0,4334.358887,4331.410156,4341.025879,4342.692383,4321.282227,4321.922852,4291.922852,4339.615234,4327.692383,4314.102539,4506.922852,4527.436035,4405.641113,4461.410156,,,,,,,,,,,,,,,,,,,,,,,,,,,,,,,,,,,,,,,,,,,,,,,,,,,,,,,,,,,,,,,,,,,,,,
1768920121.789477,1768920121.789882,41.0,0.0,4338.333496,4338.205078,4343.077148,4349.615234,4321.794922,4324.230957,4295.256348,4340.256348,4327.692383,4311.922852,4495.256348,4525.0,4397.436035,4460.512695,,,,,,,,,,,,,,,,,,,,,,,,,,,,,,,,,,,,,,,,,,,,,,,,,,,,,,,,,,,,,,,,,,,,,,
1768920121.797285,1768920121.79779,42.0,0.0,4340.0,4342.820313,4343.205078,4350.897461,4322.179688,4320.256348,4293.974121,4337.94873,4326.666504,4308.974121,4489.615234,4517.179688,4393.846191,4460.128418,,,,,,,,,,,,,,,,,,,,,,,,,,,,,,,,,,,,,,,,,,,,,,,,,,,,,,,,,,,,,,,,,,,,,,
1768920121.805094,1768920121.805598,43.0,0.0,4335.384766,4338.077148,4342.179688,4350.0,4323.077148,4321.538574,4293.077148,4338.205078,4327.307617,4309.743652,4494.487305,4514.487305,4397.563965,4455.641113,,,,,,,,,,,,,,,,,,,,,,,,,,,,,,,,,,,,,,,,,,,,,,,,,,,,,,,,,,,,,,,,,,,,,,
1768920121.812902,1768920121.813607,44.0,0.0,4331.025879,4337.820313,4340.512695,4348.461426,4327.05127,4329.743652,4294.615234,4336.794922,4324.487305,4309.230957,4495.641113,4512.692383,4398.846191,4452.94873,,,,,,,,,,,,,,,,,,,,,,,,,,,,,,,,,,,,,,,,,,,,,,,,,,,,,,,,,,,,,,,,,,,,,,
1768920121.820711,1768920121.821415,45.0,0.0,4331.666504,4341.025879,4337.692383,4346.538574,4327.307617,4326.794922,4293.589844,4335.0,4321.153809,4306.922852,4489.230957,4508.333496,4397.692383,4455.0,,,,,,,,,,,,,,,,,,,,,,,,,,,,,,,,,,,,,,,,,,,,,,,,,,,,,,,,,,,,,,,,,,,,,,
1768920121.828519,1768920121.829123,46.0,0.0,4334.102539,4340.256348,4338.846191,4347.436035,4326.666504,4323.461426,4293.846191,4339.615234,4325.256348,4308.717773,4493.333496,4513.461426,4398.589844,4454.615234,,,,,,,,,,,,,,,,,,,,,,,,,,,,,,,,,,,,,,,,,,,,,,,,,,,,,,,,,,,,,,,,,,,,,,
1768920121.836328,1768920121.836932,47.0,0.0,4332.820313,4338.974121,4343.077148,4347.05127,4328.077148,4329.358887,4297.307617,4341.282227,4328.333496,4312.436035,4502.05127,4522.05127,4401.922852,4448.846191,,,,,,,,,,,,,,,,,,,,,,,,,,,,,,,,,,,,,,,,,,,,,,,,,,,,,,,,,,,,,,,,,,,,,,
1768920121.844136,1768920121.84454,48.0,0.0,4332.05127,4340.256348,4341.666504,4343.717773,4327.692383,4330.0,4297.692383,4334.615234,4324.230957,4311.794922,4495.512695,4518.589844,4406.666504,4443.333496,1.193934,0.449868,0.407651,0.148909,0.131116,0.421817,0.203858,0.143026,0.126434,0.10549,0.763901,0.557399,0.321471,0.166162,0.098625,0.446009,0.249684,0.208357,0.157983,0.064598,0.17582,0.143393,0.201689,0.098853,0.084965,0.160047,0.137371,0.096272,0.182767,0.167975,4.530233,0.493511,0.444998,0.270155,0.354744,0.21457,0.174849,0.248635,0.265074,0.160011,0.539224,0.465383,0.507276,0.288798,0.135888,0.23391,0.547482,0.720733,0.233224,0.146583,0.385804,0.700515,0.512862,0.163106,0.092065,1.358185,1.199507,0.573381,0.169703,0.1535,0.315093,0.813647,0.925369,0.206225,0.138142,1.559988,0.738703,0.770993,0.226262,0.122763
1768920121.851945,1768920121.852348,49.0,0.0,4337.05127,4342.820313,4343.589844,4346.794922,4326.922852,4325.641113,4295.256348,4333.077148,4322.563965,4310.641113,4493.974121,4512.94873,4410.512695,4449.102539,,,,,,,,,,,,,,,,,,,,,,,,,,,,,,,,,,,,,,,,,,,,,,,,,,,,,,,,,,,,,,,,,,,,,,
1768920121.859753,1768920121.860256,50.0,0.0,4342.94873,4344.487305,4349.743652,4353.205078,4326.153809,4325.512695,4295.0,4339.230957,4326.538574,4313.077148,4501.153809,4521.153809,4410.512695,4460.512695,,,,,,,,,,,,,,,,,,,,,,,,,,,,,,,,,,,,,,,,,,,,,,,,,,,,,,,,,,,,,,,,,,,,,,
1768920121.867562,1768920121.868065,51.0,0.0,4339.358887,4343.077148,4345.512695,4349.358887,4325.769043,4324.615234,4295.0,4338.461426,4326.153809,4311.153809,4496.922852,4526.538574,4410.0,4462.436035,,,,,,,,,,,,,,,,,,,,,,,,,,,,,,,,,,,,,,,,,,,,,,,,,,,,,,,,,,,,,,,,,,,,,,
1768920121.87537,1768920121.876074,52.0,0.0,4333.461426,4341.794922,4338.589844,4344.230957,4326.282227,4321.922852,4293.205078,4334.487305,4323.589844,4311.282227,4499.102539,4522.05127,4413.205078,4459.358887,,,,,,,,,,,,,,,,,,,,,,,,,,,,,,,,,,,,,,,,,,,,,,,,,,,,,,,,,,,,,,,,,,,,,,
1768920121.883179,1768920121.883883,53.0,0.0,4332.307617,4342.436035,4341.666504,4347.820313,4327.179688,4323.589844,4291.410156,4336.794922,4324.871582,4316.666504,4505.641113,4518.846191,4413.077148,4455.897461,,,,,,,,,,,,,,,,,,,,,,,,,,,,,,,,,,,,,,,,,,,,,,,,,,,,,,,,,,,,,,,,,,,,,,
1768920121.890987,1768920121.891791,54.0,0.0,4334.230957,4340.384766,4343.717773,4348.333496,4326.282227,4326.025879,4294.743652,4337.94873,4324.230957,4316.282227,4495.0,4515.256348,4408.717773,4447.94873,,,,,,,,,,,,,,,,,,,,,,,,,,,,,,,,,,,,,,,,,,,,,,,,,,,,,,,,,,,,,,,,,,,,,,
1768920121.898796,1768920121.899599,55.0,0.0,4338.077148,4339.102539,4341.153809,4346.538574,4326.153809,4328.077148,4302.94873,4337.820313,4322.179688,4311.025879,4492.307617,4516.538574,4405.0,4441.666504,,,,,,,,,,,,,,,,,,,,,,,,,,,,,,,,,,,,,,,,,,,,,,,,,,,,,,,,,,,,,,,,,,,,,,
1768920121.906604,1768920121.907208,56.0,0.0,4336.666504,4339.487305,4341.538574,4347.692383,4329.487305,4328.846191,4304.615234,4342.692383,4325.384766,4310.897461,4506.922852,4523.333496,4401.025879,4444.358887,,,,,,,,,,,,,,,,,,,,,,,,,,,,,,,,,,,,,,,,,,,,,,,,,,,,,,,,,,,,,,,,,,,,,,
1768920121.914413,1768920121.915016,57.0,0.0,4330.512695,4337.05127,4342.179688,4346.153809,4330.641113,4329.487305,4304.615234,4344.358887,4329.615234,4317.820313,4507.436035,4522.820313,4404.358887,4450.897461,,,,,,,,,,,,,,,,,,,,,,,,,,,,,,,,,,,,,,,,,,,,,,,,,,,,,,,,,,,,,,,,,,,,,,
1768920121.922221,1768920121.922725,58.0,0.0,4327.179688,4336.153809,4340.769043,4343.974121,4326.794922,4334.358887,4311.922852,4339.102539,4326.153809,4323.974121,4497.820313,4516.153809,4409.743652,4451.025879,,,,,,,,,,,,,,,,,,,,,,,,,,,,,,,,,,,,,,,,,,,,,,,,,,,,,,,,,,,,,,,,,,,,,,
1768920121.93003,1768920121.930533,59.0,0.0,4325.897461,4336.025879,4340.641113,4346.282227,4323.846191,4334.358887,4311.666504,4339.615234,4322.820313,4318.717773,4500.128418,4516.794922,4406.538574,4449.487305,,,,,,,,,,,,,,,,,,,,,,,,,,,,,,,,,,,,,,,,,,,,,,,,,,,,,,,,,,,,,,,,,,,,,,
1768920121.937838,1768920121.938142,60.0,0.0,4327.436035,4334.871582,4342.436035,4346.282227,4325.128418,4324.102539,4296.666504,4341.025879,4324.102539,4310.0,4504.871582,4520.512695,4403.461426,4455.0,,,,,,,,,,,,,,,,,,,,,,,,,,,,,,,,,,,,,,,,,,,,,,,,,,,,,,,,,,,,,,,,,,,,,,
1768920121.945647,1768920121.945951,61.0,0.0,4333.717773,4335.897461,4344.102539,4345.512695,4327.436035,4318.205078,4290.256348,4336.282227,4325.512695,4316.410156,4506.410156,4521.794922,4409.102539,4461.410156,,,,,,,,,,,,,,,,,,,,,,,,,,,,,,,,,,,,,,,,,,,,,,,,,,,,,,,,,,,,,,,,,,,,,,
1768920121.953456,1768920121.953659,62.0,0.0,4337.692383,4337.436035,4345.0,4350.769043,4327.307617,4324.743652,4301.153809,4340.0,4327.820313,4323.846191,4507.307617,4525.641113,4411.538574,4461.410156,,,,,,,,,,,,,,,,,,,,,,,,,,,,,,,,,,,,,,,,,,,,,,,,,,,,,,,,,,,,,,,,,,,,,,
1768920121.961264,1768920121.961468,63.0,0.0,4335.897461,4336.538574,4343.717773,4352.820313,4328.077148,4330.769043,4309.358887,4346.282227,4328.333496,4317.94873,4506.666504,4527.94873,4404.358887,4459.230957,,,,,,,,,,,,,,,,,,,,,,,,,,,,,,,,,,,,,,,,,,,,,,,,,,,,,,,,,,,,,,,,,,,,,,
1768920121.969072,1768920121.969476,64.0,0.0,4333.974121,4333.589844,4343.461426,4348.333496,4328.077148,4332.179688,4309.487305,4342.94873,4325.384766,4314.871582,4505.384766,4524.230957,4398.589844,4458.205078,1.048544,0.481413,0.366877,0.151835,0.126311,0.38395,0.235655,0.136468,0.115004,0.104761,0.814815,0.569064,0.319128,0.14604,0.100245,0.407356,0.282529,0.219116,0.141846,0.068598,0.185755,0.138291,0.194576,0.088119,0.076646,0.150428,0.132863,0.119852,0.170675,0.157965,3.297218,0.376366,0.419401,0.290148,0.336786,0.185901,0.151295,0.216094,0.24828,0.165484,0.467922,0.378754,0.429555,0.272794,0.141254,0.208753,0.421847,0.646889,0.256127,0.16371,0.386557,0.579806,0.462303,0.186621,0.098784,1.109549,1.051166,0.510808,0.173932,0.164282,0.291586,0.734932,0.837725,0.226201,0.14293,1.106964,0.67237,0.689852,0.216281,0.125507
1768920121.976881,1768920121.977284,65.0,0.0,4332.94873,4328.974121,4346.410156,4345.0,4328.846191,4337.563965,4311.410156,4344.230957,4328.461426,4320.256348,4504.230957,4523.974121,4399.487305,4456.025879,,,,,,,,,,,,,,,,,,,,,,,,,,,,,,,,,,,,,,,,,,,,,,,,,,,,,,,,,,,,,,,,,,,,,,
1768920121.98469,1768920121.984993,66.0,0.0,4332.563965,4325.512695,4345.897461,4346.153809,4332.179688,4338.077148,4314.615234,4345.256348,4331.794922,4322.436035,4507.179688,4526.666504,4406.794922,4458.205078,,,,,,,,,,,,,,,,,,,,,,,,,,,,,,,,,,,,,,,,,,,,,,,,,,,,,,,,,,,,,,,,,,,,,,
1768920121.992498,1768920121.992801,67.0,0.0,4333.333496,4326.282227,4342.563965,4348.589844,4331.922852,4327.563965,4306.153809,4338.717773,4327.179688,4321.025879,4508.461426,4525.384766,4411.153809,4461.410156,,,,,,,,,,,,,,,,,,,,,,,,,,,,,,,,,,,,,,,,,,,,,,,,,,,,,,,,,,,,,,,,,,,,,,
1768920122.000306,1768920122.000809,68.0,0.0,4335.512695,4330.128418,4344.102539,4348.846191,4325.641113,4323.205078,4296.538574,4341.666504,4329.102539,4323.461426,4507.307617,4526.282227,4408.974121,4461.794922,,,,,,,,,,,,,,,,,,,,,,,,,,,,,,,,,,,,,,,,,,,,,,,,,,,,,,,,,,,,,,,,,,,,,,
1768920122.008115,1768920122.008617,69.0,0.0,4336.922852,4336.282227,4349.871582,4352.307617,4328.077148,4333.461426,4305.641113,4348.333496,4336.794922,4325.769043,4509.102539,4529.615234,4412.179688,4463.589844,,,,,,,,,,,,,,,,,,,,,,,,,,,,,,,,,,,,,,,,,,,,,,,,,,,,,,,,,,,,,,,,,,,,,,
1768920122.015924,1768920122.016526,70.0,0.0,4333.717773,4339.102539,4348.974121,4354.230957,4336.153809,4334.102539,4313.333496,4340.384766,4332.307617,4324.615234,4508.974121,4526.025879,4412.820313,4463.205078,,,,,,,,,,,,,,,,,,,,,,,,,,,,,,,,,,,,,,,,,,,,,,,,,,,,,,,,,,,,,,,,,,,,,,
1768920122.023732,1768920122.024334,71.0,0.0,4330.128418,4335.384766,4342.307617,4350.0,4330.128418,4326.794922,4305.512695,4332.179688,4325.128418,4325.641113,4505.641113,4519.487305,4404.487305,4454.230957,,,,,,,,,,,,,,,,,,,,,,,,,,,,,,,,,,,,,,,,,,,,,,,,,,,,,,,,,,,,,,,,,,,,,,
1768920122.031541,1768920122.031943,72.0,0.0,4333.461426,4332.307617,4343.974121,4350.384766,4322.179688,4332.820313,4306.410156,4341.794922,4327.820313,4326.666504,4504.871582,4521.666504,4405.512695,4447.563965,,,,,,,,,,,,,,,,,,,,,,,,,,,,,,,,,,,,,,,,,,,,,,,,,,,,,,,,,,,,,,,,,,,,,,
1768920122.039349,1768920122.039751,73.0,0.0,4340.256348,4333.974121,4352.692383,4355.769043,4326.794922,4335.897461,4315.384766,4354.230957,4329.487305,4321.666504,4507.179688,4528.333496,4413.846191,4454.487305,,,,,,,,,,,,,,,,,,,,,,,,,,,,,,,,,,,,,,,,,,,,,,,,,,,,,,,,,,,,,,,,,,,,,,
1768920122.047158,1768920122.047459,74.0,0.0,4341.410156,4335.769043,4357.563965,4357.05127,4326.922852,4326.410156,4310.512695,4347.563965,4326.922852,4320.128418,4507.692383,4528.077148,4413.461426,4462.692383,,,,,,,,,,,,,,,,,,,,,,,,,,,,,,,,,,,,,,,,,,,,,,,,,,,,,,,,,,,,,,,,,,,,,,
1768920122.054966,1768920122.055267,75.0,0.0,4338.077148,4336.025879,4357.05127,4357.307617,4322.436035,4322.94873,4304.871582,4334.615234,4326.282227,4323.846191,4507.436035,4527.05127,4411.153809,4461.153809,,,,,,,,,,,,,,,,,,,,,,,,,,,,,,,,,,,,,,,,,,,,,,,,,,,,,,,,,,,,,,,,,,,,,,
1768920122.062775,1768920122.063276,76.0,0.0,4338.717773,4338.974121,4358.461426,4360.641113,4329.487305,4329.615234,4309.487305,4336.666504,4328.333496,4322.94873,4507.436035,4531.282227,4413.589844,4460.0,,,,,,,,,,,,,,,,,,,,,,,,,,,,,,,,,,,,,,,,,,,,,,,,,,,,,,,,,,,,,,,,,,,,,,
1768920122.070583,1768920122.071085,77.0,0.0,4341.282227,4338.205078,4362.05127,4359.615234,4335.512695,4330.641113,4310.641113,4346.922852,4331.153809,4319.230957,4509.102539,4537.179688,4412.820313,4464.743652,,,,,,,,,,,,,,,,,,,,,,,,,,,,,,,,,,,,,,,,,,,,,,,,,,,,,,,,,,,,,,,,,,,,,,
1768920122.078392,1768920122.078993,78.0,0.0,4331.282227,4325.0,4357.820313,4349.871582,4328.717773,4332.436035,4312.563965,4348.974121,4331.282227,4316.666504,4508.077148,4532.94873,4406.922852,4460.128418,,,,,,,,,,,,,,,,,,,,,,,,,,,,,,,,,,,,,,,,,,,,,,,,,,,,,,,,,,,,,,,,,,,,,,
1768920122.0862,1768920122.086801,79.0,0.0,4320.128418,4310.384766,4346.153809,4340.641113,4325.128418,4337.820313,4316.794922,4344.743652,4327.307617,4313.846191,4496.922852,4519.358887,4397.692383,4442.820313,,,,,,,,,,,,,,,,,,,,,,,,,,,,,,,,,,,,,,,,,,,,,,,,,,,,,,,,,,,,,,,,,,,,,,
1768920122.094009,1768920122.09481,80.0,0.0,4324.102539,4308.846191,4337.820313,4338.846191,4326.153809,4332.820313,4312.307617,4340.512695,4323.717773,4306.922852,4485.128418,4511.025879,4383.589844,4433.846191,0.826931,0.47856,0.307353,0.153179,0.121856,0.344748,0.262222,0.1264,0.111478,0.104718,0.835494,0.517729,0.296616,0.129621,0.103531,0.370967,0.300249,0.21962,0.121273,0.075527,0.194723,0.131493,0.175601,0.079037,0.068639,0.131517,0.138243,0.141127,0.153067,0.15873,2.054522,0.304147,0.364689,0.298422,0.316202,0.162204,0.141154,0.183131,0.234595,0.1681,0.396521,0.292622,0.32945,0.253504,0.140951,0.180823,0.293681,0.537082,0.279559,0.183308,0.371859,0.425266,0.379663,0.210817,0.107787,0.843995,0.828236,0.416222,0.188967,0.183849,0.271605,0.621222,0.693789,0.252421,0.148306,0.695937,0.569214,0.56751,0.213399,0.136627
1768920122.101817,1768920122.102618,81.0,0.0,4331.538574,4316.666504,4342.436035,4340.512695,4323.333496,4327.94873,4309.358887,4341.025879,4326.922852,4306.666504,4490.512695,4516.025879,4383.974121,4446.153809,,,,,,,,,,,,,,,,,,,,,,,,,,,,,,,,,,,,,,,,,,,,,,,,,,,,,,,,,,,,,,,,,,,,,,
1768920122.109626,1768920122.110327,82.0,0.0,4334.743652,4323.333496,4353.589844,4346.666504,4322.05127,4331.410156,4313.717773,4349.358887,4338.333496,4321.794922,4508.589844,4531.153809,4404.358887,4464.615234,,,,,,,,,,,,,,,,,,,,,,,,,,,,,,,,,,,,,,,,,,,,,,,,,,,,,,,,,,,,,,,,,,,,,,
1768920122.117434,1768920122.118135,83.0,0.0,4336.794922,4328.717773,4358.461426,4356.538574,4324.230957,4328.974121,4312.820313,4353.077148,4346.153809,4332.179688,4517.307617,4538.205078,4416.666504,4468.333496,,,,,,,,,,,,,,,,,,,,,,,,,,,,,,,,,,,,,,,,,,,,,,,,,,,,,,,,,,,,,,,,,,,,,,
1768920122.125243,1768920122.126144,84.0,0.0,4336.538574,4330.384766,4357.179688,4359.230957,4324.230957,4324.358887,4313.205078,4346.666504,4337.563965,4321.153809,4510.769043,4531.538574,4404.743652,4459.871582,,,,,,,,,,,,,,,,,,,,,,,,,,,,,,,,,,,,,,,,,,,,,,,,,,,,,,,,,,,,,,,,,,,,,,
1768920122.133051,1768920122.133952,85.0,0.0,4334.487305,4327.94873,4357.692383,4356.794922,4322.692383,4332.94873,4320.256348,4345.512695,4327.436035,4309.743652,4504.487305,4531.025879,4393.846191,4455.256348,,,,,,,,,,,,,,,,,,,,,,,,,,,,,,,,,,,,,,,,,,,,,,,,,,,,,,,,,,,,,,,,,,,,,,
1768920122.14086,1768920122.141661,86.0,0.0,4335.512695,4329.871582,4358.974121,4360.769043,4326.922852,4339.230957,4318.589844,4348.589844,4328.461426,4312.692383,4506.666504,4536.794922,4400.512695,4459.358887,,,,,,,,,,,,,,,,,,,,,,,,,,,,,,,,,,,,,,,,,,,,,,,,,,,,,,,,,,,,,,,,,,,,,,
1768920122.148668,1768920122.149469,87.0,0.0,4339.487305,4336.025879,4358.974121,4364.230957,4332.436035,4333.205078,4313.077148,4341.666504,4327.692383,4312.05127,4507.563965,4532.436035,4406.153809,4460.897461,,,,,,,,,,,,,,,,,,,,,,,,,,,,,,,,,,,,,,,,,,,,,,,,,,,,,,,,,,,,,,,,,,,,,,
1768920122.156477,1768920122.157078,88.0,0.0,4344.230957,4338.461426,4360.512695,4365.128418,4335.0,4336.410156,4322.436035,4337.05127,4323.589844,4310.769043,4505.897461,4525.641113,4405.897461,4458.333496,,,,,,,,,,,,,,,,,,,,,,,,,,,,,,,,,,,,,,,,,,,,,,,,,,,,,,,,,,,,,,,,,,,,,,
1768920122.164285,1768920122.164886,89.0,0.0,4343.333496,4337.563965,4360.897461,4367.307617,4338.461426,4343.974121,4328.974121,4343.205078,4327.94873,4317.563965,4508.846191,4531.794922,4409.871582,4458.717773,,,,,,,,,,,,,,,,,,,,,,,,,,,,,,,,,,,,,,,,,,,,,,,,,,,,,,,,,,,,,,,,,,,,,,
1768920122.172094,1768920122.172594,90.0,0.0,4338.333496,4334.743652,4357.692383,4364.230957,4336.410156,4336.153809,4312.94873,4343.077148,4332.94873,4319.871582,4509.743652,4532.820313,4412.179688,4461.025879,,,,,,,,,,,,,,,,,,,,,,,,,,,,,,,,,,,,,,,,,,,,,,,,,,,,,,,,,,,,,,,,,,,,,,
1768920122.179902,1768920122.180402,91.0,0.0,4338.846191,4332.692383,4357.307617,4359.615234,4331.410156,4325.769043,4303.077148,4336.153809,4327.436035,4312.692383,4504.743652,4523.589844,4407.05127,4457.820313,,,,,,,,,,,,,,,,,,,,,,,,,,,,,,,,,,,,,,,,,,,,,,,,,,,,,,,,,,,,,,,,,,,,,,
1768920122.187711,1768920122.188411,92.0,0.0,4343.974121,4338.717773,4359.615234,4366.410156,4333.846191,4328.589844,4310.641113,4337.05127,4323.974121,4308.974121,4503.974121,4521.794922,4400.897461,4452.179688,,,,,,,,,,,,,,,,,,,,,,,,,,,,,,,,,,,,,,,,,,,,,,,,,,,,,,,,,,,,,,,,,,,,,,
1768920122.19552,1768920122.196219,93.0,0.0,4346.666504,4345.256348,4359.743652,4375.0,4335.512695,4334.743652,4314.102539,4346.025879,4329.487305,4314.230957,4508.461426,4525.384766,4399.487305,4453.589844,,,,,,,,,,,,,,,,,,,,,,,,,,,,,,,,,,,,,,,,,,,,,,,,,,,,,,,,,,,,,,,,,,,,,,
1768920122.203328,1768920122.204127,94.0,0.0,4342.820313,4335.512695,4356.794922,4368.205078,4328.077148,4338.974121,4314.615234,4351.794922,4332.436035,4313.974121,4503.974121,4525.256348,4397.563965,4453.974121,,,,,,,,,,,,,,,,,,,,,,,,,,,,,,,,,,,,,,,,,,,,,,,,,,,,,,,,,,,,,,,,,,,,,,
1768920122.211136,1768920122.211936,95.0,0.0,4337.307617,4325.384766,4355.897461,4358.205078,4322.692383,4338.589844,4318.333496,4346.922852,4327.563965,4307.692383,4495.256348,4521.282227,4395.641113,4448.461426,,,,,,,,,,,,,,,,,,,,,,,,,,,,,,,,,,,,,,,,,,,,,,,,,,,,,,,,,,,,,,,,,,,,,,
1768920122.218945,1768920122.219944,96.0,0.0,4338.589844,4326.666504,4356.538574,4357.307617,4324.487305,4330.256348,4314.743652,4340.769043,4324.871582,4307.179688,4496.282227,4521.410156,4395.128418,4446.025879,0.60302,0.454666,0.244992,0.15213,0.118143,0.319745,0.280737,0.111692,0.114267,0.105367,0.813646,0.420907,0.259519,0.122401,0.10893,0.34709,0.297784,0.208761,0.102377,0.082867,0.19708,0.124486,0.151804,0.072341,0.060192,0.107353,0.149871,0.154215,0.135798,0.166501,1.074981,0.265102,0.298292,0.293573,0.295914,0.144163,0.143096,0.153717,0.223415,0.16822,0.327766,0.220371,0.229546,0.234576,0.135915,0.155458,0.197893,0.416761,0.296778,0.20206,0.363921,0.277968,0.285332,0.229583,0.117926,0.629394,0.593762,0.319726,0.216649,0.207827,0.262384,0.508187,0.537211,0.275577,0.152053,0.435651,0.462362,0.4427,0.219755,0.151762
1768920122.226754,1768920122.227752,97.0,0.0,4342.05127,4326.153809,4352.05127,4358.077148,4324.487305,4326.410156,4308.461426,4340.897461,4325.0,4308.205078,4500.0,4524.102539,4396.666504,4447.692383,,,,,,,,,,,,,,,,,,,,,,,,,,,,,,,,,,,,,,,,,,,,,,,,,,,,,,,,,,,,,,,,,,,,,,
1768920122.234562,1768920122.235661,98.0,0.0,4340.128418,4324.871582,4348.205078,4355.897461,4324.487305,4336.922852,4312.436035,4338.974121,4322.307617,4306.538574,4502.307617,4522.94873,4398.974121,4452.563965,,,,,,,,,,,,,,,,,,,,,,,,,,,,,,,,,,,,,,,,,,,,,,,,,,,,,,,,,,,,,,,,,,,,,,
1768920122.24237,1768920122.243469,99.0,0.0,4337.820313,4326.666504,4350.897461,4354.615234,4325.256348,4341.025879,4316.410156,4337.05127,4322.563965,4309.358887,4503.461426,4521.538574,4398.974121,4454.871582,,,,,,,,,,,,,,,,,,,,,,,,,,,,,,,,,,,,,,,,,,,,,,,,,,,,,,,,,,,,,,,,,,,,,,
1768920122.250179,1768920122.251078,100.0,0.0,4340.0,4327.05127,4352.179688,4356.538574,4325.0,4329.487305,4310.0,4337.692383,4323.077148,4310.0,4499.487305,4521.410156,4397.05127,4450.128418,,,,,,,,,,,,,,,,,,,,,,,,,,,,,,,,,,,,,,,,,,,,,,,,,,,,,,,,,,,,,,,,,,,,,,
1768920122.257988,1768920122.258886,101.0,0.0,4340.384766,4326.794922,4348.717773,4359.102539,4326.666504,4326.410156,4308.974121,4336.538574,4320.256348,4301.282227,4490.897461,4516.922852,4395.0,4444.102539,,,,,,,,,,,,,,,,,,,,,,,,,,,,,,,,,,,,,,,,,,,,,,,,,,,,,,,,,,,,,,,,,,,,,,
1768920122.265796,1768920122.266794,102.0,0.0,4337.563965,4326.922852,4345.384766,4359.358887,4327.563965,4334.743652,4320.0,4335.128418,4318.974121,4301.922852,4488.846191,4510.512695,4395.128418,4446.794922,,,,,,,,,,,,,,,,,,,,,,,,,,,,,,,,,,,,,,,,,,,,,,,,,,,,,,,,,,,,,,,,,,,,,,
1768920122.273605,1768920122.274603,103.0,0.0,4335.512695,4325.0,4343.333496,4353.077148,4326.153809,4334.230957,4315.0,4333.717773,4322.05127,4311.410156,4499.487305,4515.512695,4397.563965,4449.230957,,,,,,,,,,,,,,,,,,,,,,,,,,,,,,,,,,,,,,,,,,,,,,,,,,,,,,,,,,,,,,,,,,,,,,
1768920122.281413,1768920122.282511,104.0,0.0,4334.487305,4323.589844,4342.820313,4346.410156,4323.205078,4325.128418,4295.769043,4334.358887,4325.384766,4311.025879,4503.333496,4520.0,4397.563965,4445.897461,,,,,,,,,,,,,,,,,,,,,,,,,,,,,,,,,,,,,,,,,,,,,,,,,,,,,,,,,,,,,,,,,,,,,,
1768920122.289222,1768920122.290319,105.0,0.0,4332.05127,4325.0,4343.205078,4349.615234,4324.615234,4324.615234,4299.102539,4338.077148,4326.922852,4307.179688,4496.538574,4512.692383,4394.102539,4443.846191,,,,,,,,,,,,,,,,,,,,,,,,,,,,,,,,,,,,,,,,,,,,,,,,,,,,,,,,,,,,,,,,,,,,,,
1768920122.29703,1768920122.298228,106.0,0.0,4331.282227,4329.358887,4342.563965,4355.512695,4328.974121,4330.512695,4312.179688,4341.666504,4327.05127,4310.256348,4498.589844,4506.282227,4393.717773,4444.230957,,,,,,,,,,,,,,,,,,,,,,,,,,,,,,,,,,,,,,,,,,,,,,,,,,,,,,,,,,,,,,,,,,,,,,
1768920122.304839,1768920122.306037,107.0,0.0,4335.384766,4335.0,4342.307617,4356.282227,4329.102539,4333.717773,4310.769043,4341.025879,4326.282227,4311.410156,4504.871582,4508.846191,4396.153809,4445.128418,,,,,,,,,,,,,,,,,,,,,,,,,,,,,,,,,,,,,,,,,,,,,,,,,,,,,,,,,,,,,,,,,,,,,,
1768920122.312647,1768920122.313645,108.0,0.0,4335.0,4333.461426,4342.94873,4355.0,4326.410156,4334.615234,4311.282227,4337.692383,4325.384766,4309.871582,4498.077148,4514.230957,4393.461426,4448.589844,,,,,,,,,,,,,,,,,,,,,,,,,,,,,,,,,,,,,,,,,,,,,,,,,,,,,,,,,,,,,,,,,,,,,,
1768920122.320456,1768920122.321454,109.0,0.0,4332.94873,4327.94873,4341.538574,4355.0,4328.333496,4331.025879,4309.743652,4335.128418,4322.05127,4308.717773,4489.871582,4512.692383,4390.769043,4450.512695,,,,,,,,,,,,,,,,,,,,,,,,,,,,,,,,,,,,,,,,,,,,,,,,,,,,,,,,,,,,,,,,,,,,,,
1768920122.328264,1768920122.329362,110.0,0.0,4333.846191,4326.538574,4342.820313,4356.025879,4332.436035,4330.512695,4302.692383,4336.538574,4323.589844,4306.666504,4496.538574,4511.666504,4394.102539,4449.487305,,,,,,,,,,,,,,,,,,,,,,,,,,,,,,,,,,,,,,,,,,,,,,,,,,,,,,,,,,,,,,,,,,,,,,
1768920122.336073,1768920122.337171,111.0,0.0,4333.461426,4328.077148,4347.307617,4356.922852,4333.974121,4334.230957,4309.358887,4341.538574,4328.974121,4309.102539,4504.743652,4517.436035,4395.128418,4452.563965,,,,,,,,,,,,,,,,,,,,,,,,,,,,,,,,,,,,,,,,,,,,,,,,,,,,,,,,,,,,,,,,,,,,,,
1768920122.343881,1768920122.34478,112.0,0.0,4334.487305,4332.436035,4347.307617,4356.666504,4335.641113,4330.769043,4315.256348,4342.436035,4327.94873,4313.846191,4508.205078,4522.692383,4398.717773,4458.589844,0.433548,0.427108,0.193206,0.15088,0.114045,0.317511,0.293343,0.096474,0.121921,0.104875,0.752166,0.313519,0.217596,0.125929,0.115298,0.342112,0.281725,0.192793,0.09188,0.087692,0.189626,0.121293,0.130232,0.067491,0.051612,0.083706,0.165237,0.160033,0.124994,0.176049,0.464306,0.252244,0.243691,0.279955,0.276863,0.130453,0.150167,0.132294,0.212233,0.167603,0.262861,0.168756,0.150734,0.217025,0.128065,0.137707,0.151482,0.30703,0.300291,0.215563,0.385451,0.170078,0.200506,0.240323,0.129176,0.51713,0.408138,0.245352,0.255131,0.229485,0.277342,0.423395,0.408653,0.290894,0.153494,0.351875,0.381548,0.352535,0.238606,0.165762
1768920122.35169,1768920122.352588,113.0,0.0,4338.205078,4333.974121,4342.94873,4355.641113,4332.563965,4324.487305,4307.05127,4337.94873,4323.461426,4309.615234,4507.692383,4519.358887,4403.077148,4457.820313,,,,,,,,,,,,,,,,,,,,,,,,,,,,,,,,,,,,,,,,,,,,,,,,,,,,,,,,,,,,,,,,,,,,,,
1768920122.359498,1768920122.360296,114.0,0.0,4338.461426,4331.282227,4340.641113,4356.666504,4328.717773,4328.461426,4305.512695,4335.128418,4322.563965,4305.512695,4503.846191,4516.410156,4401.666504,4456.282227,,,,,,,,,,,,,,,,,,,,,,,,,,,,,,,,,,,,,,,,,,,,,,,,,,,,,,,,,,,,,,,,,,,,,,
1768920122.367307,1768920122.368104,115.0,0.0,4336.025879,4332.94873,4343.205078,4359.487305,4331.666504,4336.922852,4311.922852,4336.538574,4325.384766,4315.256348,4506.666504,4521.922852,4404.487305,4460.0,,,,,,,,,,,,,,,,,,,,,,,,,,,,,,,,,,,,,,,,,,,,,,,,,,,,,,,,,,,,,,,,,,,,,,
1768920122.375115,1768920122.375713,116.0,0.0,4340.512695,4338.205078,4347.563965,4361.025879,4333.717773,4335.128418,4312.94873,4340.128418,4327.820313,4323.333496,4509.871582,4527.820313,4414.230957,4462.563965,,,,,,,,,,,,,,,,,,,,,,,,,,,,,,,,,,,,,,,,,,,,,,,,,,,,,,,,,,,,,,,,,,,,,,
1768920122.382924,1768920122.383521,117.0,0.0,4345.512695,4339.871582,4350.128418,4359.102539,4331.282227,4327.307617,4310.897461,4341.922852,4332.436035,4321.153809,4509.358887,4526.794922,4415.0,4460.641113,,,,,,,,,,,,,,,,,,,,,,,,,,,,,,,,,,,,,,,,,,,,,,,,,,,,,,,,,,,,,,,,,,,,,,
1768920122.390732,1768920122.391429,118.0,0.0,4346.410156,4340.641113,4353.846191,4358.846191,4328.974121,4324.102539,4307.94873,4337.692383,4332.436035,4323.205078,4512.179688,4523.846191,4410.641113,4462.179688,,,,,,,,,,,,,,,,,,,,,,,,,,,,,,,,,,,,,,,,,,,,,,,,,,,,,,,,,,,,,,,,,,,,,,
1768920122.398541,1768920122.399238,119.0,0.0,4347.436035,4343.974121,4354.615234,4364.743652,4332.94873,4330.384766,4306.282227,4336.282227,4327.94873,4327.94873,4519.743652,4531.025879,4418.461426,4471.025879,,,,,,,,,,,,,,,,,,,,,,,,,,,,,,,,,,,,,,,,,,,,,,,,,,,,,,,,,,,,,,,,,,,,,,
1768920122.406349,1768920122.407246,120.0,0.0,4342.563965,4343.974121,4351.794922,4366.025879,4339.358887,4340.0,4313.846191,4344.487305,4331.025879,4327.94873,4525.384766,4534.615234,4425.384766,4475.897461,,,,,,,,,,,,,,,,,,,,,,,,,,,,,,,,,,,,,,,,,,,,,,,,,,,,,,,,,,,,,,,,,,,,,,
1768920122.414158,1768920122.415054,121.0,0.0,4333.077148,4335.769043,4349.358887,4358.589844,4337.179688,4339.102539,4320.256348,4347.307617,4333.077148,4326.794922,4518.846191,4522.820313,4417.179688,4463.974121,,,,,,,,,,,,,,,,,,,,,,,,,,,,,,,,,,,,,,,,,,,,,,,,,,,,,,,,,,,,,,,,,,,,,,
1768920122.421966,1768920122.422963,122.0,0.0,4331.922852,4329.358887,4347.563965,4356.282227,4330.256348,4333.717773,4314.871582,4341.153809,4330.769043,4324.871582,4507.436035,4516.794922,4407.436035,4451.922852,,,,,,,,,,,,,,,,,,,,,,,,,,,,,,,,,,,,,,,,,,,,,,,,,,,,,,,,,,,,,,,,,,,,,,
1768920122.429775,1768920122.430771,123.0,0.0,4342.563965,4336.922852,4347.05127,4362.94873,4330.128418,4334.743652,4309.871582,4341.282227,4330.512695,4323.589844,4510.897461,4522.820313,4412.692383,4461.025879,,,,,,,,,,,,,,,,,,,,,,,,,,,,,,,,,,,,,,,,,,,,,,,,,,,,,,,,,,,,,,,,,,,,,,
1768920122.437584,1768920122.438779,124.0,0.0,4350.897461,4345.512695,4350.384766,4368.333496,4333.077148,4332.692383,4311.153809,4342.94873,4331.025879,4327.179688,4524.358887,4527.820313,4424.615234,4475.384766,,,,,,,,,,,,,,,,,,,,,,,,,,,,,,,,,,,,,,,,,,,,,,,,,,,,,,,,,,,,,,,,,,,,,,
1768920122.445392,1768920122.446588,125.0,0.0,4349.102539,4343.205078,4351.794922,4365.769043,4331.922852,4326.666504,4308.205078,4337.436035,4329.358887,4328.846191,4520.512695,4526.666504,4421.922852,4471.666504,,,,,,,,,,,,,,,,,,,,,,,,,,,,,,,,,,,,,,,,,,,,,,,,,,,,,,,,,,,,,,,,,,,,,,
1768920122.4532,1768920122.454496,126.0,0.0,4344.487305,4341.922852,4351.410156,4360.384766,4331.666504,4333.846191,4310.384766,4338.846191,4329.358887,4325.0,4509.743652,4522.436035,4411.794922,4458.974121,,,,,,,,,,,,,,,,,,,,,,,,,,,,,,,,,,,,,,,,,,,,,,,,,,,,,,,,,,,,,,,,,,,,,,
1768920122.461009,1768920122.462305,127.0,0.0,4342.179688,4342.820313,4350.512695,4358.589844,4328.589844,4343.077148,4319.871582,4342.692383,4330.128418,4326.410156,4515.384766,4520.769043,4409.358887,4457.307617,,,,,,,,,,,,,,,,,,,,,,,,,,,,,,,,,,,,,,,,,,,,,,,,,,,,,,,,,,,,,,,,,,,,,,
1768920122.468818,1768920122.469913,0.0,0.0,4343.717773,4341.666504,4346.153809,4358.461426,4323.846191,4332.692383,4315.512695,4342.307617,4329.743652,4331.666504,4521.025879,4525.641113,4413.974121,4463.333496,0.348364,0.407286,0.157273,0.152904,0.108238,0.370147,0.309522,0.087823,0.135695,0.10136,0.666304,0.23176,0.183543,0.137293,0.120587,0.367417,0.267083,0.181963,0.09365,0.088664,0.180756,0.129202,0.115727,0.063576,0.044819,0.06536,0.180811,0.165144,0.125077,0.183803,0.185212,0.254845,0.217734,0.265899,0.259825,0.119292,0.155819,0.12039,0.199049,0.168438,0.20802,0.13723,0.100964,0.201136,0.119558,0.133121,0.146693,0.219408,0.288309,0.219789,0.451257,0.110827,0.139906,0.246812,0.141092,0.521348,0.300333,0.200831,0.297506,0.242019,0.32691,0.378532,0.324659,0.300195,0.153598,0.398506,0.339376,0.31442,0.272113,0.1744
1768920122.476626,1768920122.477722,1.0,0.0,4347.307617,4342.307617,4344.871582,4358.461426,4326.538574,4321.666504,4304.615234,4346.538574,4336.025879,4330.769043,4520.384766,4533.589844,4417.94873,4466.538574,,,,,,,,,,,,,,,,,,,,,,,,,,,,,,,,,,,,,,,,,,,,,,,,,,,,,,,,,,,,,,,,,,,,,,
1768920122.484434,1768920122.48543,2.0,0.0,4349.358887,4343.077148,4352.692383,4360.0,4332.307617,4330.128418,4312.307617,4347.563965,4340.128418,4330.0,4523.077148,4536.538574,4420.512695,4467.179688,,,,,,,,,,,,,,,,,,,,,,,,,,,,,,,,,,,,,,,,,,,,,,,,,,,,,,,,,,,,,,,,,,,,,,
1768920122.492243,1768920122.493239,3.0,0.0,4348.717773,4342.692383,4353.846191,4359.871582,4333.333496,4337.436035,4319.743652,4341.282227,4335.641113,4332.563965,4524.102539,4534.487305,4419.743652,4464.743652,,,,,,,,,,,,,,,,,,,,,,,,,,,,,,,,,,,,,,,,,,,,,,,,,,,,,,,,,,,,,,,,,,,,,,
1768920122.500052,1768920122.500847,4.0,0.0,4345.128418,4341.282227,4346.025879,4356.922852,4328.205078,4331.025879,4312.436035,4340.0,4335.128418,4330.256348,4521.922852,4529.871582,4413.589844,4459.615234,,,,,,,,,,,,,,,,,,,,,,,,,,,,,,,,,,,,,,,,,,,,,,,,,,,,,,,,,,,,,,,,,,,,,,
1768920122.50786,1768920122.508656,5.0,0.0,4342.05127,4338.461426,4344.615234,4355.384766,4321.922852,4323.589844,4306.666504,4342.563965,4334.743652,4324.871582,4521.025879,4527.05127,4412.307617,4458.974121,,,,,,,,,,,,,,,,,,,,,,,,,,,,,,,,,,,,,,,,,,,,,,,,,,,,,,,,,,,,,,,,,,,,,,
1768920122.515669,1768920122.516364,6.0,0.0,4344.615234,4337.692383,4350.384766,4358.974121,4328.717773,4327.307617,4312.307617,4345.897461,4332.692383,4325.128418,4520.0,4530.128418,4412.692383,4463.974121,,,,,,,,,,,,,,,,,,,,,,,,,,,,,,,,,,,,,,,,,,,,,,,,,,,,,,,,,,,,,,,,,,,,,,
1768920122.523477,1768920122.524173,7.0,0.0,4347.179688,4340.897461,4352.307617,4364.487305,4339.487305,4335.128418,4321.153809,4352.436035,4339.743652,4328.461426,4521.282227,4538.333496,4411.794922,4469.487305,,,,,,,,,,,,,,,,,,,,,,,,,,,,,,,,,,,,,,,,,,,,,,,,,,,,,,,,,,,,,,,,,,,,,,
1768920122.531286,1768920122.532181,8.0,0.0,4343.205078,4341.922852,4349.487305,4364.743652,4335.0,4334.358887,4321.794922,4351.922852,4346.025879,4329.358887,4523.717773,4542.820313,4413.846191,4470.0,,,,,,,,,,,,,,,,,,,,,,,,,,,,,,,,,,,,,,,,,,,,,,,,,,,,,,,,,,,,,,,,,,,,,,
1768920122.539094,1768920122.53999,9.0,0.0,4340.128418,4337.94873,4351.282227,4362.436035,4328.846191,4335.128418,4325.128418,4349.487305,4341.666504,4328.205078,4515.512695,4536.666504,4404.358887,4458.589844,,,,,,,,,,,,,,,,,,,,,,,,,,,,,,,,,,,,,,,,,,,,,,,,,,,,,,,,,,,,,,,,,,,,,,
1768920122.546903,1768920122.547698,10.0,0.0,4340.769043,4338.077148,4354.230957,4364.230957,4333.461426,4338.461426,4326.410156,4351.282227,4336.153809,4325.256348,4505.897461,4529.230957,4394.102539,4452.692383,,,,,,,,,,,,,,,,,,,,,,,,,,,,,,,,,,,,,,,,,,,,,,,,,,,,,,,,,,,,,,,,,,,,,,
1768920122.554711,1768920122.555506,11.0,0.0,4342.820313,4339.487305,4349.615234,4365.0,4333.205078,4333.589844,4317.307617,4348.974121,4335.641113,4324.487305,4511.025879,4529.487305,4406.153809,4464.871582,,,,,,,,,,,,,,,,,,,,,,,,,,,,,,,,,,,,,,,,,,,,,,,,,,,,,,,,,,,,,,,,,,,,,,
1768920122.56252,1768920122.563114,12.0,0.0,4348.974121,4332.94873,4348.461426,4359.358887,4329.743652,4329.102539,4312.820313,4345.256348,4334.871582,4329.230957,4522.179688,4535.128418,4422.692383,4476.025879,,,,,,,,,,,,,,,,,,,,,,,,,,,,,,,,,,,,,,,,,,,,,,,,,,,,,,,,,,,,,,,,,,,,,,
1768920122.570328,1768920122.570923,13.0,0.0,4348.205078,4326.282227,4351.410156,4354.743652,4332.563965,4329.615234,4316.410156,4345.256348,4336.282227,4334.615234,4525.641113,4539.230957,4426.282227,4474.871582,,,,,,,,,,,,,,,,,,,,,,,,,,,,,,,,,,,,,,,,,,,,,,,,,,,,,,,,,,,,,,,,,,,,,,
1768920122.578137,1768920122.578631,14.0,0.0,4341.666504,4327.179688,4351.153809,4355.256348,4331.410156,4329.102539,4316.922852,4344.102539,4337.307617,4332.563965,4524.230957,4538.077148,4426.666504,4474.871582,,,,,,,,,,,,,,,,,,,,,,,,,,,,,,,,,,,,,,,,,,,,,,,,,,,,,,,,,,,,,,,,,,,,,,
1768920122.585945,1768920122.58644,15.0,0.0,4346.922852,4331.153809,4352.05127,4355.512695,4328.077148,4329.230957,4316.922852,4341.922852,4335.128418,4328.077148,4523.846191,4533.589844,4423.205078,4477.307617,,,,,,,,,,,,,,,,,,,,,,,,,,,,,,,,,,,,,,,,,,,,,,,,,,,,,,,,,,,,,,,,,,,,,,
1768920122.593754,1768920122.594448,16.0,0.0,4358.077148,4336.666504,4358.205078,4357.94873,4331.538574,4335.641113,4320.384766,4344.487305,4337.94873,4328.974121,4523.974121,4532.820313,4417.05127,4474.871582,0.33853,0.396762,0.137298,0.160728,0.100044,0.481484,0.339927,0.093079,0.158746,0.094149,0.580229,0.195795,0.167958,0.150691,0.122287,0.435765,0.265403,0.185327,0.107619,0.086176,0.182153,0.153477,0.110712,0.060292,0.041928,0.055618,0.191354,0.174704,0.137452,0.188893,0.103617,0.257254,0.220621,0.260291,0.246671,0.10822,0.157718,0.117067,0.183973,0.171395,0.164073,0.123007,0.076912,0.187465,0.11155,0.145126,0.161975,0.157609,0.266327,0.213044,0.5552,0.090298,0.107658,0.257101,0.152603,0.606732,0.266507,0.182942,0.33401,0.241389,0.414317,0.37017,0.279066,0.309689,0.15342,0.497313,0.330747,0.323321,0.319249,0.175734
1768920122.601562,1768920122.602256,17.0,0.0,4356.794922,4342.94873,4361.153809,4364.102539,4331.538574,4340.0,4318.205078,4346.922852,4341.538574,4329.230957,4524.743652,4537.307617,4419.743652,4472.692383,,,,,,,,,,,,,,,,,,,,,,,,,,,,,,,,,,,,,,,,,,,,,,,,,,,,,,,,,,,,,,,,,,,,,,
1768920122.609371,1768920122.610165,18.0,0.0,4349.230957,4340.384766,4357.94873,4362.94873,4325.769043,4340.256348,4322.05127,4347.436035,4337.563965,4325.256348,4521.922852,4538.717773,4418.333496,4469.102539,,,,,,,,,,,,,,,,,,,,,,,,,,,,,,,,,,,,,,,,,,,,,,,,,,,,,,,,,,,,,,,,,,,,,,
1768920122.617179,1768920122.617973,19.0,0.0,4349.487305,4334.615234,4356.538574,4357.563965,4327.05127,4339.615234,4327.05127,4345.384766,4331.538574,4323.846191,4514.230957,4534.871582,4410.384766,4464.615234,,,,,,,,,,,,,,,,,,,,,,,,,,,,,,,,,,,,,,,,,,,,,,,,,,,,,,,,,,,,,,,,,,,,,,
1768920122.624988,1768920122.625981,20.0,0.0,4351.410156,4337.05127,4360.0,4360.128418,4332.692383,4339.102539,4323.077148,4345.0,4330.512695,4323.846191,4508.717773,4530.128418,4409.743652,4463.333496,,,,,,,,,,,,,,,,,,,,,,,,,,,,,,,,,,,,,,,,,,,,,,,,,,,,,,,,,,,,,,,,,,,,,,
1768920122.632796,1768920122.63379,21.0,0.0,4353.205078,4335.384766,4361.153809,4362.05127,4332.307617,4344.487305,4322.05127,4345.641113,4330.769043,4319.230957,4508.974121,4524.615234,4410.384766,4460.641113,,,,,,,,,,,,,,,,,,,,,,,,,,,,,,,,,,,,,,,,,,,,,,,,,,,,,,,,,,,,,,,,,,,,,,
1768920122.640605,1768920122.641698,22.0,0.0,4356.153809,4330.128418,4356.922852,4357.563965,4331.538574,4342.692383,4319.230957,4339.871582,4325.384766,4318.846191,4507.436035,4520.384766,4409.358887,4457.179688,,,,,,,,,,,,,,,,,,,,,,,,,,,,,,,,,,,,,,,,,,,,,,,,,,,,,,,,,,,,,,,,,,,,,,
1768920122.648413,1768920122.649507,23.0,0.0,4356.153809,4335.128418,4357.05127,4360.897461,4335.512695,4335.641113,4315.512695,4338.974121,4325.641113,4323.077148,4508.589844,4525.0,4411.410156,4461.538574,,,,,,,,,,,,,,,,,,,,,,,,,,,,,,,,,,,,,,,,,,,,,,,,,,,,,,,,,,,,,,,,,,,,,,
1768920122.656222,1768920122.657215,24.0,0.0,4356.410156,4340.897461,4361.282227,4366.538574,4336.153809,4338.589844,4321.025879,4346.410156,4333.461426,4321.794922,4515.512695,4533.717773,4414.487305,4468.974121,,,,,,,,,,,,,,,,,,,,,,,,,,,,,,,,,,,,,,,,,,,,,,,,,,,,,,,,,,,,,,,,,,,,,,
1768920122.66403,1768920122.665024,25.0,0.0,4357.820313,4338.846191,4359.871582,4360.897461,4332.820313,4343.589844,4326.666504,4346.538574,4335.0,4321.666504,4516.538574,4533.717773,4414.615234,4466.410156,,,,,,,,,,,,,,,,,,,,,,,,,,,,,,,,,,,,,,,,,,,,,,,,,,,,,,,,,,,,,,,,,,,,,,
1768920122.671839,1768920122.672732,26.0,0.0,4355.384766,4337.94873,4354.743652,4356.410156,4332.05127,4343.333496,4320.512695,4340.512695,4329.487305,4322.820313,4514.230957,4531.538574,4413.461426,4462.05127,,,,,,,,,,,,,,,,,,,,,,,,,,,,,,,,,,,,,,,,,,,,,,,,,,,,,,,,,,,,,,,,,,,,,,
1768920122.679647,1768920122.680541,27.0,0.0,4348.589844,4333.589844,4349.487305,4356.410156,4329.487305,4340.0,4314.102539,4342.05127,4328.205078,4316.794922,4512.179688,4530.897461,4411.922852,4461.025879,,,,,,,,,,,,,,,,,,,,,,,,,,,,,,,,,,,,,,,,,,,,,,,,,,,,,,,,,,,,,,,,,,,,,,
1768920122.687456,1768920122.688149,28.0,0.0,4347.692383,4325.128418,4343.205078,4354.871582,4326.153809,4336.410156,4314.615234,4345.128418,4331.794922,4313.717773,4508.846191,4528.333496,4410.769043,4460.897461,,,,,,,,,,,,,,,,,,,,,,,,,,,,,,,,,,,,,,,,,,,,,,,,,,,,,,,,,,,,,,,,,,,,,,
1768920122.695264,1768920122.695958,29.0,0.0,4351.794922,4329.487305,4341.153809,4355.0,4326.666504,4336.794922,4317.692383,4345.384766,4334.230957,4320.641113,4512.179688,4529.743652,4411.153809,4465.128418,,,,,,,,,,,,,,,,,,,,,,,,,,,,,,,,,,,,,,,,,,,,,,,,,,,,,,,,,,,,,,,,,,,,,,
1768920122.703073,1768920122.703666,30.0,0.0,4352.436035,4341.538574,4346.922852,4356.153809,4325.769043,4342.820313,4324.358887,4348.461426,4337.563965,4324.615234,4523.333496,4532.436035,4415.128418,4472.179688,,,,,,,,,,,,,,,,,,,,,,,,,,,,,,,,,,,,,,,,,,,,,,,,,,,,,,,,,,,,,,,,,,,,,,
1768920122.710882,1768920122.711475,31.0,0.0,4352.307617,4340.256348,4351.538574,4356.922852,4324.487305,4342.94873,4321.794922,4352.692383,4340.769043,4326.410156,4525.897461,4533.846191,4417.307617,4473.974121,,,,,,,,,,,,,,,,,,,,,,,,,,,,,,,,,,,,,,,,,,,,,,,,,,,,,,,,,,,,,,,,,,,,,,
1768920122.71869,1768920122.719483,32.0,0.0,4354.871582,4334.615234,4352.05127,4357.820313,4326.282227,4335.384766,4310.769043,4352.307617,4336.794922,4330.128418,4519.487305,4532.94873,4415.512695,4472.05127,0.38251,0.388692,0.131778,0.175216,0.090084,0.648782,0.389009,0.116948,0.192615,0.084623,0.516393,0.20396,0.175994,0.160226,0.11848,0.552416,0.281355,0.206071,0.129521,0.082093,0.206365,0.192868,0.113548,0.057273,0.043844,0.056831,0.191659,0.188419,0.161344,0.193084,0.102794,0.244748,0.236362,0.268195,0.239793,0.095255,0.157958,0.120399,0.169373,0.174822,0.128473,0.122777,0.069445,0.177147,0.104066,0.16913,0.177459,0.118933,0.243315,0.196891,0.665011,0.094279,0.097998,0.279102,0.162581,0.712573,0.280839,0.183475,0.356589,0.227899,0.538481,0.389977,0.254521,0.326332,0.153895,0.5921,0.340909,0.356255,0.375439,0.171314
1768920122.726498,1768920122.727292,33.0,0.0,4354.230957,4336.922852,4351.666504,4358.205078,4326.410156,4338.333496,4313.974121,4348.205078,4333.974121,4324.743652,4521.153809,4531.666504,4417.05127,4474.615234,,,,,,,,,,,,,,,,,,,,,,,,,,,,,,,,,,,,,,,,,,,,,,,,,,,,,,,,,,,,,,,,,,,,,,
1768920122.734307,1768920122.7352,34.0,0.0,4348.461426,4333.974121,4349.230957,4357.820313,4325.384766,4343.077148,4324.743652,4350.897461,4342.05127,4323.077148,4523.333496,4532.05127,4421.538574,4476.153809,,,,,,,,,,,,,,,,,,,,,,,,,,,,,,,,,,,,,,,,,,,,,,,,,,,,,,,,,,,,,,,,,,,,,,
1768920122.742116,1768920122.743009,35.0,0.0,4347.307617,4327.436035,4347.05127,4358.717773,4328.717773,4336.282227,4317.563965,4355.897461,4347.436035,4333.333496,4521.538574,4533.333496,4422.94873,4474.358887,,,,,,,,,,,,,,,,,,,,,,,,,,,,,,,,,,,,,,,,,,,,,,,,,,,,,,,,,,,,,,,,,,,,,,
1768920122.749924,1768920122.750617,36.0,0.0,4347.563965,4327.94873,4349.487305,4360.128418,4330.769043,4335.256348,4307.436035,4347.820313,4336.922852,4334.102539,4521.410156,4528.846191,4420.256348,4475.769043,,,,,,,,,,,,,,,,,,,,,,,,,,,,,,,,,,,,,,,,,,,,,,,,,,,,,,,,,,,,,,,,,,,,,,
1768920122.757733,1768920122.758425,37.0,0.0,4347.05127,4330.256348,4350.897461,4360.0,4329.358887,4343.205078,4311.538574,4335.0,4325.641113,4325.769043,4517.307617,4522.05127,4415.384766,4472.179688,,,,,,,,,,,,,,,,,,,,,,,,,,,,,,,,,,,,,,,,,,,,,,,,,,,,,,,,,,,,,,,,,,,,,,
1768920122.765541,1768920122.766134,38.0,0.0,4349.102539,4330.128418,4348.846191,4358.461426,4332.179688,4344.615234,4314.871582,4337.820313,4329.230957,4324.615234,4509.615234,4522.94873,4415.0,4463.846191,,,,,,,,,,,,,,,,,,,,,,,,,,,,,,,,,,,,,,,,,,,,,,,,,,,,,,,,,,,,,,,,,,,,,,
1768920122.77335,1768920122.773942,39.0,0.0,4348.589844,4332.179688,4351.153809,4358.333496,4333.333496,4338.333496,4311.666504,4345.128418,4336.666504,4327.820313,4514.615234,4526.025879,4423.717773,4465.512695,,,,,,,,,,,,,,,,,,,,,,,,,,,,,,,,,,,,,,,,,,,,,,,,,,,,,,,,,,,,,,,,,,,,,,
1768920122.781158,1768920122.78195,40.0,0.0,4348.077148,4337.436035,4357.307617,4359.102539,4328.461426,4333.974121,4308.717773,4345.384766,4335.128418,4327.307617,4523.974121,4531.153809,4430.0,4475.641113,,,,,,,,,,,,,,,,,,,,,,,,,,,,,,,,,,,,,,,,,,,,,,,,,,,,,,,,,,,,,,,,,,,,,,
1768920122.788967,1768920122.789758,41.0,0.0,4349.743652,4338.846191,4359.102539,4359.230957,4326.794922,4333.974121,4306.282227,4347.692383,4334.358887,4327.179688,4516.410156,4531.922852,4423.333496,4478.205078,,,,,,,,,,,,,,,,,,,,,,,,,,,,,,,,,,,,,,,,,,,,,,,,,,,,,,,,,,,,,,,,,,,,,,
1768920122.796775,1768920122.797667,42.0,0.0,4349.102539,4336.410156,4352.436035,4358.461426,4328.974121,4341.666504,4309.871582,4349.743652,4335.384766,4321.153809,4506.153809,4523.461426,4412.307617,4472.436035,,,,,,,,,,,,,,,,,,,,,,,,,,,,,,,,,,,,,,,,,,,,,,,,,,,,,,,,,,,,,,,,,,,,,,
1768920122.804584,1768920122.805475,43.0,0.0,4339.230957,4323.461426,4341.666504,4351.538574,4325.769043,4348.461426,4322.05127,4349.230957,4331.410156,4310.641113,4503.205078,4519.230957,4402.179688,4463.589844,,,,,,,,,,,,,,,,,,,,,,,,,,,,,,,,,,,,,,,,,,,,,,,,,,,,,,,,,,,,,,,,,,,,,,
1768920122.812392,1768920122.813484,44.0,0.0,4331.153809,4308.333496,4339.743652,4345.256348,4322.436035,4345.641113,4327.307617,4352.563965,4338.589844,4317.179688,4503.205078,4527.179688,4398.077148,4456.666504,,,,,,,,,,,,,,,,,,,,,,,,,,,,,,,,,,,,,,,,,,,,,,,,,,,,,,,,,,,,,,,,,,,,,,
1768920122.820201,1768920122.821292,45.0,0.0,4343.077148,4319.358887,4351.282227,4356.794922,4329.102539,4341.538574,4317.94873,4359.230957,4353.974121,4336.153809,4515.769043,4539.230957,4407.692383,4465.897461,,,,,,,,,,,,,,,,,,,,,,,,,,,,,,,,,,,,,,,,,,,,,,,,,,,,,,,,,,,,,,,,,,,,,,
1768920122.828009,1768920122.829201,46.0,0.0,4360.769043,4340.769043,4359.487305,4371.282227,4333.461426,4339.743652,4310.641113,4357.307617,4350.769043,4338.205078,4526.025879,4544.615234,4422.563965,4480.897461,,,,,,,,,,,,,,,,,,,,,,,,,,,,,,,,,,,,,,,,,,,,,,,,,,,,,,,,,,,,,,,,,,,,,,
1768920122.835818,1768920122.83701,47.0,0.0,4359.743652,4339.615234,4350.769043,4368.461426,4329.230957,4340.897461,4313.077148,4344.743652,4335.256348,4324.743652,4512.05127,4534.743652,4424.230957,4478.333496,,,,,,,,,,,,,,,,,,,,,,,,,,,,,,,,,,,,,,,,,,,,,,,,,,,,,,,,,,,,,,,,,,,,,,
1768920122.843626,1768920122.845018,48.0,0.0,4348.077148,4332.05127,4342.436035,4363.846191,4327.307617,4340.256348,4312.692383,4341.153809,4334.102539,4322.179688,4502.94873,4522.179688,4417.05127,4469.230957,0.445116,0.373451,0.137845,0.195488,0.080665,0.834076,0.447056,0.157111,0.233457,0.075707,0.48467,0.23626,0.204416,0.16291,0.109082,0.695808,0.309895,0.237662,0.152934,0.078638,0.252758,0.240468,0.119916,0.054758,0.050383,0.069233,0.180823,0.202851,0.192412,0.198649,0.109411,0.218105,0.252185,0.287422,0.239839,0.082977,0.161071,0.128219,0.158518,0.175373,0.103693,0.135133,0.069344,0.172125,0.096561,0.197416,0.187125,0.098414,0.226624,0.17566,0.736416,0.118842,0.101307,0.315833,0.170406,0.775869,0.31553,0.193617,0.364259,0.205826,0.674411,0.432182,0.241325,0.354998,0.156016,0.67052,0.355683,0.387449,0.434404,0.165697
1768920122.851435,1768920122.852827,49.0,0.0,4348.717773,4335.0,4350.0,4367.692383,4329.871582,4334.871582,4308.974121,4351.153809,4343.974121,4329.487305,4515.641113,4530.897461,4416.410156,4471.025879,,,,,,,,,,,,,,,,,,,,,,,,,,,,,,,,,,,,,,,,,,,,,,,,,,,,,,,,,,,,,,,,,,,,,,
1768920122.859243,1768920122.860635,50.0,0.0,4355.0,4334.871582,4359.230957,4367.436035,4329.102539,4335.769043,4310.0,4352.94873,4341.153809,4328.717773,4516.666504,4539.487305,4415.897461,4475.897461,,,,,,,,,,,,,,,,,,,,,,,,,,,,,,,,,,,,,,,,,,,,,,,,,,,,,,,,,,,,,,,,,,,,,,
1768920122.867052,1768920122.868444,51.0,0.0,4357.307617,4335.512695,4358.846191,4365.0,4327.179688,4340.897461,4309.230957,4340.641113,4327.820313,4321.153809,4503.717773,4528.589844,4410.512695,4474.871582,,,,,,,,,,,,,,,,,,,,,,,,,,,,,,,,,,,,,,,,,,,,,,,,,,,,,,,,,,,,,,,,,,,,,,
1768920122.87486,1768920122.876052,52.0,0.0,4354.871582,4342.307617,4355.897461,4366.794922,4329.102539,4341.153809,4307.692383,4337.436035,4325.384766,4320.256348,4503.974121,4522.436035,4408.846191,4475.769043,,,,,,,,,,,,,,,,,,,,,,,,,,,,,,,,,,,,,,,,,,,,,,,,,,,,,,,,,,,,,,,,,,,,,,
1768920122.882669,1768920122.883861,53.0,0.0,4348.461426,4342.307617,4352.820313,4366.922852,4328.846191,4340.128418,4311.666504,4343.974121,4333.333496,4326.025879,4510.128418,4527.05127,4410.641113,4472.307617,,,,,,,,,,,,,,,,,,,,,,,,,,,,,,,,,,,,,,,,,,,,,,,,,,,,,,,,,,,,,,,,,,,,,,
1768920122.890477,1768920122.891569,54.0,0.0,4350.512695,4337.179688,4348.974121,4362.820313,4324.487305,4338.974121,4310.128418,4343.333496,4332.05127,4321.666504,4506.153809,4523.333496,4409.102539,4466.410156,,,,,,,,,,,,,,,,,,,,,,,,,,,,,,,,,,,,,,,,,,,,,,,,,,,,,,,,,,,,,,,,,,,,,,
1768920122.898286,1768920122.899378,55.0,0.0,4356.922852,4334.487305,4348.589844,4360.641113,4325.384766,4342.307617,4313.589844,4345.128418,4326.025879,4314.743652,4502.436035,4521.282227,4405.256348,4468.333496,,,,,,,,,,,,,,,,,,,,,,,,,,,,,,,,,,,,,,,,,,,,,,,,,,,,,,,,,,,,,,,,,,,,,,
1768920122.906094,1768920122.906987,56.0,0.0,4351.922852,4333.589844,4350.0,4358.333496,4332.05127,4351.666504,4326.410156,4350.897461,4331.153809,4319.230957,4506.282227,4526.922852,4402.94873,4467.179688,,,,,,,,,,,,,,,,,,,,,,,,,,,,,,,,,,,,,,,,,,,,,,,,,,,,,,,,,,,,,,,,,,,,,,
1768920122.913903,1768920122.914795,57.0,0.0,4345.0,4332.820313,4349.743652,4355.769043,4332.820313,4348.077148,4316.538574,4346.410156,4333.077148,4319.230957,4505.384766,4522.179688,4400.384766,4461.153809,,,,,,,,,,,,,,,,,,,,,,,,,,,,,,,,,,,,,,,,,,,,,,,,,,,,,,,,,,,,,,,,,,,,,,
1768920122.921711,1768920122.922703,58.0,0.0,4350.512695,4333.846191,4352.05127,4360.641113,4326.922852,4335.512695,4303.589844,4343.461426,4327.94873,4316.410156,4503.205078,4519.743652,4403.077148,4462.179688,,,,,,,,,,,,,,,,,,,,,,,,,,,,,,,,,,,,,,,,,,,,,,,,,,,,,,,,,,,,,,,,,,,,,,
1768920122.92952,1768920122.930512,59.0,0.0,4353.974121,4334.615234,4354.615234,4365.512695,4326.410156,4338.974121,4319.102539,4352.563965,4331.922852,4322.05127,4505.769043,4524.487305,4408.077148,4467.179688,,,,,,,,,,,,,,,,,,,,,,,,,,,,,,,,,,,,,,,,,,,,,,,,,,,,,,,,,,,,,,,,,,,,,,
1768920122.937328,1768920122.93852,60.0,0.0,4348.461426,4330.897461,4349.102539,4359.102539,4328.333496,4345.641113,4324.230957,4354.358887,4335.769043,4322.692383,4506.922852,4523.205078,4407.820313,4466.282227,,,,,,,,,,,,,,,,,,,,,,,,,,,,,,,,,,,,,,,,,,,,,,,,,,,,,,,,,,,,,,,,,,,,,,
1768920122.945137,1768920122.946328,61.0,0.0,4347.05127,4327.94873,4342.307617,4353.205078,4325.256348,4339.102539,4306.282227,4344.615234,4328.846191,4311.794922,4504.487305,4521.410156,4405.128418,4463.077148,,,,,,,,,,,,,,,,,,,,,,,,,,,,,,,,,,,,,,,,,,,,,,,,,,,,,,,,,,,,,,,,,,,,,,
1768920122.952946,1768920122.954037,62.0,0.0,4352.820313,4332.307617,4345.769043,4358.077148,4324.615234,4335.384766,4305.769043,4345.256348,4325.897461,4308.205078,4503.846191,4522.563965,4405.128418,4464.487305,,,,,,,,,,,,,,,,,,,,,,,,,,,,,,,,,,,,,,,,,,,,,,,,,,,,,,,,,,,,,,,,,,,,,,
1768920122.960754,1768920122.961845,63.0,0.0,4356.794922,4334.358887,4349.871582,4359.358887,4326.922852,4341.025879,4316.794922,4348.974121,4327.307617,4314.871582,4504.743652,4522.692383,4406.025879,4467.179688,,,,,,,,,,,,,,,,,,,,,,,,,,,,,,,,,,,,,,,,,,,,,,,,,,,,,,,,,,,,,,,,,,,,,,
1768920122.968562,1768920122.969453,64.0,0.0,4352.94873,4331.025879,4345.256348,4355.641113,4325.769043,4337.820313,4311.410156,4340.512695,4325.512695,4319.230957,4507.307617,4522.94873,4404.358887,4465.0,0.497214,0.345739,0.150437,0.218091,0.074763,0.986137,0.493384,0.205803,0.273712,0.070691,0.484555,0.267673,0.239568,0.15923,0.096446,0.82062,0.33794,0.265594,0.171278,0.077344,0.31273,0.285979,0.124627,0.05324,0.060367,0.090474,0.163816,0.21371,0.222357,0.206263,0.12026,0.18925,0.261434,0.307268,0.245323,0.07718,0.173112,0.138988,0.151979,0.169826,0.096174,0.156869,0.07156,0.173347,0.088998,0.223946,0.194518,0.087843,0.217313,0.154747,0.742348,0.165662,0.10905,0.360207,0.176274,0.765489,0.350335,0.20311,0.36214,0.180844,0.79322,0.493633,0.236286,0.390284,0.159882,0.726532,0.363197,0.399311,0.485901,0.163548
1768920122.976371,1768920122.977262,65.0,0.0,4347.563965,4334.358887,4341.410156,4356.153809,4324.102539,4330.384766,4304.615234,4338.717773,4327.307617,4316.538574,4505.128418,4522.05127,4401.794922,4457.563965,,,,,,,,,,,,,,,,,,,,,,,,,,,,,,,,,,,,,,,,,,,,,,,,,,,,,,,,,,,,,,,,,,,,,,
1768920122.98418,1768920122.98497,66.0,0.0,4343.205078,4337.05127,4343.589844,4355.128418,4324.230957,4335.641113,4306.922852,4346.282227,4327.179688,4309.230957,4496.025879,4516.410156,4397.94873,4455.512695,,,,,,,,,,,,,,,,,,,,,,,,,,,,,,,,,,,,,,,,,,,,,,,,,,,,,,,,,,,,,,,,,,,,,,
1768920122.991988,1768920122.992778,67.0,0.0,4339.102539,4331.410156,4344.871582,4351.153809,4324.358887,4342.179688,4311.025879,4340.897461,4323.589844,4310.512695,4496.666504,4516.282227,4400.128418,4465.256348,,,,,,,,,,,,,,,,,,,,,,,,,,,,,,,,,,,,,,,,,,,,,,,,,,,,,,,,,,,,,,,,,,,,,,
1768920122.999797,1768920123.000786,68.0,0.0,4338.846191,4328.205078,4342.05127,4350.384766,4324.230957,4336.282227,4311.666504,4335.256348,4326.025879,4313.589844,4506.282227,4523.333496,4409.487305,4471.153809,,,,,,,,,,,,,,,,,,,,,,,,,,,,,,,,,,,,,,,,,,,,,,,,,,,,,,,,,,,,,,,,,,,,,,
1768920123.007605,1768920123.008595,69.0,0.0,4344.743652,4331.538574,4342.820313,4353.461426,4324.230957,4334.102539,4308.589844,4342.820313,4328.461426,4310.897461,4507.820313,4524.743652,4409.358887,4465.256348,,,,,,,,,,,,,,,,,,,,,,,,,,,,,,,,,,,,,,,,,,,,,,,,,,,,,,,,,,,,,,,,,,,,,,
1768920123.015414,1768920123.016503,70.0,0.0,4350.384766,4336.922852,4351.538574,4357.820313,4324.102539,4341.538574,4311.153809,4345.512695,4324.487305,4311.538574,4505.128418,4523.077148,4403.846191,4462.436035,,,,,,,,,,,,,,,,,,,,,,,,,,,,,,,,,,,,,,,,,,,,,,,,,,,,,,,,,,,,,,,,,,,,,,
1768920123.023222,1768920123.024312,71.0,0.0,4346.025879,4336.025879,4354.615234,4360.256348,4324.871582,4342.179688,4313.589844,4339.743652,4325.769043,4312.05127,4506.410156,4521.922852,4406.025879,4466.538574,,,,,,,,,,,,,,,,,,,,,,,,,,,,,,,,,,,,,,,,,,,,,,,,,,,,,,,,,,,,,,,,,,,,,,
1768920123.031031,1768920123.03232,72.0,0.0,4338.846191,4334.358887,4349.487305,4357.692383,4324.871582,4337.94873,4311.410156,4340.512695,4331.410156,4309.487305,4506.410156,4522.820313,4410.128418,4463.717773,,,,,,,,,,,,,,,,,,,,,,,,,,,,,,,,,,,,,,,,,,,,,,,,,,,,,,,,,,,,,,,,,,,,,,
1768920123.038839,1768920123.040128,73.0,0.0,4342.820313,4340.512695,4352.94873,4357.563965,4327.307617,4338.333496,4311.666504,4347.692383,4334.487305,4313.717773,4506.410156,4528.205078,4408.974121,4464.102539,,,,,,,,,,,,,,,,,,,,,,,,,,,,,,,,,,,,,,,,,,,,,,,,,,,,,,,,,,,,,,,,,,,,,,
1768920123.046648,1768920123.047837,74.0,0.0,4352.436035,4346.025879,4361.153809,4363.077148,4330.769043,4337.05127,4312.692383,4348.461426,4337.179688,4322.05127,4509.102539,4535.128418,4408.205078,4472.563965,,,,,,,,,,,,,,,,,,,,,,,,,,,,,,,,,,,,,,,,,,,,,,,,,,,,,,,,,,,,,,,,,,,,,,
1768920123.054456,1768920123.055645,75.0,0.0,4352.820313,4345.641113,4360.128418,4364.358887,4330.128418,4335.769043,4309.102539,4344.743652,4335.384766,4322.179688,4509.230957,4533.974121,4413.589844,4472.94873,,,,,,,,,,,,,,,,,,,,,,,,,,,,,,,,,,,,,,,,,,,,,,,,,,,,,,,,,,,,,,,,,,,,,,
1768920123.062265,1768920123.063254,76.0,0.0,4345.641113,4341.153809,4353.333496,4358.205078,4330.128418,4339.102539,4310.641113,4343.974121,4332.179688,4321.794922,4509.358887,4526.410156,4415.769043,4465.641113,,,,,,,,,,,,,,,,,,,,,,,,,,,,,,,,,,,,,,,,,,,,,,,,,,,,,,,,,,,,,,,,,,,,,,
1768920123.070073,1768920123.071062,77.0,0.0,4340.384766,4336.794922,4349.871582,4354.615234,4329.487305,4342.436035,4319.743652,4347.563965,4337.436035,4325.128418,4506.666504,4526.538574,4407.692383,4457.563965,,,,,,,,,,,,,,,,,,,,,,,,,,,,,,,,,,,,,,,,,,,,,,,,,,,,,,,,,,,,,,,,,,,,,,
1768920123.077882,1768920123.078771,78.0,0.0,4342.820313,4339.487305,4352.179688,4360.128418,4330.128418,4341.153809,4322.820313,4350.384766,4343.974121,4322.05127,4505.384766,4534.743652,4405.0,4457.563965,,,,,,,,,,,,,,,,,,,,,,,,,,,,,,,,,,,,,,,,,,,,,,,,,,,,,,,,,,,,,,,,,,,,,,
1768920123.08569,1768920123.086579,79.0,0.0,4354.230957,4350.384766,4356.794922,4366.794922,4335.641113,4339.871582,4319.230957,4345.641113,4341.666504,4323.077148,4515.256348,4538.333496,4421.922852,4474.487305,,,,,,,,,,,,,,,,,,,,,,,,,,,,,,,,,,,,,,,,,,,,,,,,,,,,,,,,,,,,,,,,,,,,,,
1768920123.093499,1768920123.094188,80.0,0.0,4357.563965,4351.410156,4355.769043,4366.410156,4334.615234,4341.922852,4314.230957,4344.102539,4340.897461,4331.922852,4525.128418,4535.512695,4434.102539,4488.461426,0.534034,0.307917,0.166182,0.238659,0.074694,1.053127,0.507648,0.255163,0.309867,0.07175,0.51193,0.279848,0.266721,0.152901,0.084455,0.882723,0.354517,0.276417,0.181323,0.078224,0.364418,0.319631,0.124456,0.052801,0.071682,0.115972,0.148194,0.216569,0.241775,0.213823,0.13143,0.171549,0.258872,0.315135,0.25384,0.081546,0.200381,0.150078,0.147871,0.1579,0.109141,0.18634,0.074987,0.179865,0.083778,0.243373,0.205621,0.080104,0.212212,0.138523,0.689051,0.232606,0.118417,0.399367,0.180533,0.695665,0.370076,0.203855,0.3584,0.157357,0.87674,0.567735,0.240744,0.424133,0.16289,0.771239,0.35941,0.385943,0.51815,0.166256
1768920123.101307,1768920123.101996,81.0,0.0,4352.179688,4345.769043,4356.282227,4366.922852,4327.436035,4343.205078,4312.692383,4349.102539,4345.384766,4332.692383,4524.230957,4537.820313,4429.358887,4488.461426,,,,,,,,,,,,,,,,,,,,,,,,,,,,,,,,,,,,,,,,,,,,,,,,,,,,,,,,,,,,,,,,,,,,,,
1768920123.109116,1768920123.109705,82.0,0.0,4354.102539,4348.974121,4364.358887,4371.794922,4328.205078,4339.743652,4314.871582,4348.461426,4341.025879,4325.641113,4523.077148,4543.589844,4427.820313,4491.153809,,,,,,,,,,,,,,,,,,,,,,,,,,,,,,,,,,,,,,,,,,,,,,,,,,,,,,,,,,,,,,,,,,,,,,
1768920123.116924,1768920123.117513,83.0,0.0,4355.512695,4348.077148,4365.512695,4368.589844,4330.897461,4335.897461,4315.256348,4342.307617,4336.025879,4325.641113,4526.282227,4542.436035,4430.897461,4490.512695,,,,,,,,,,,,,,,,,,,,,,,,,,,,,,,,,,,,,,,,,,,,,,,,,,,,,,,,,,,,,,,,,,,,,,
1768920123.124733,1768920123.125521,84.0,0.0,4347.436035,4342.563965,4359.358887,4361.282227,4324.487305,4337.820313,4316.922852,4343.717773,4340.128418,4331.282227,4525.512695,4540.0,4427.820313,4478.461426,,,,,,,,,,,,,,,,,,,,,,,,,,,,,,,,,,,,,,,,,,,,,,,,,,,,,,,,,,,,,,,,,,,,,,
1768920123.132541,1768920123.13333,85.0,0.0,4343.077148,4343.205078,4357.563965,4359.358887,4322.05127,4341.538574,4317.307617,4345.512695,4342.307617,4332.05127,4523.589844,4539.615234,4426.666504,4475.0,,,,,,,,,,,,,,,,,,,,,,,,,,,,,,,,,,,,,,,,,,,,,,,,,,,,,,,,,,,,,,,,,,,,,,
1768920123.14035,1768920123.141238,86.0,0.0,4347.94873,4343.717773,4357.820313,4360.769043,4325.256348,4342.94873,4314.743652,4342.692383,4343.077148,4328.461426,4524.615234,4539.358887,4429.230957,4482.563965,,,,,,,,,,,,,,,,,,,,,,,,,,,,,,,,,,,,,,,,,,,,,,,,,,,,,,,,,,,,,,,,,,,,,,
1768920123.148158,1768920123.149046,87.0,0.0,4352.692383,4344.102539,4358.461426,4362.563965,4325.384766,4339.487305,4314.230957,4345.897461,4349.230957,4326.153809,4522.692383,4540.128418,4427.692383,4480.769043,,,,,,,,,,,,,,,,,,,,,,,,,,,,,,,,,,,,,,,,,,,,,,,,,,,,,,,,,,,,,,,,,,,,,,
1768920123.155967,1768920123.157055,88.0,0.0,4350.897461,4346.666504,4355.641113,4361.794922,4326.025879,4334.743652,4318.717773,4348.717773,4354.871582,4327.307617,4521.410156,4540.128418,4424.615234,4473.974121,,,,,,,,,,,,,,,,,,,,,,,,,,,,,,,,,,,,,,,,,,,,,,,,,,,,,,,,,,,,,,,,,,,,,,
1768920123.163775,1768920123.164863,89.0,0.0,4344.230957,4343.589844,4348.846191,4357.179688,4328.205078,4341.153809,4325.384766,4347.94873,4360.769043,4328.589844,4522.563965,4532.563965,4425.769043,4475.897461,,,,,,,,,,,,,,,,,,,,,,,,,,,,,,,,,,,,,,,,,,,,,,,,,,,,,,,,,,,,,,,,,,,,,,
1768920123.171584,1768920123.172571,90.0,0.0,4342.563965,4339.102539,4344.358887,4354.102539,4326.794922,4345.769043,4323.846191,4348.717773,4363.974121,4325.384766,4521.794922,4525.0,4427.563965,4477.307617,,,,,,,,,,,,,,,,,,,,,,,,,,,,,,,,,,,,,,,,,,,,,,,,,,,,,,,,,,,,,,,,,,,,,,
1768920123.179392,1768920123.18038,91.0,0.0,4346.153809,4342.307617,4349.358887,4358.589844,4325.0,4339.743652,4319.871582,4349.102539,4363.077148,4325.512695,4521.025879,4531.282227,4428.461426,4476.153809,,,,,,,,,,,,,,,,,,,,,,,,,,,,,,,,,,,,,,,,,,,,,,,,,,,,,,,,,,,,,,,,,,,,,,
1768920123.187201,1768920123.188388,92.0,0.0,4342.692383,4343.846191,4356.794922,4364.230957,4330.128418,4340.769043,4327.94873,4351.538574,4366.025879,4333.717773,4526.922852,4543.846191,4431.153809,4480.641113,,,,,,,,,,,,,,,,,,,,,,,,,,,,,,,,,,,,,,,,,,,,,,,,,,,,,,,,,,,,,,,,,,,,,,
1768920123.19501,1768920123.196197,93.0,0.0,4337.820313,4341.282227,4351.282227,4363.205078,4331.282227,4343.205078,4326.794922,4356.025879,4368.205078,4331.666504,4525.256348,4538.461426,4428.333496,4481.025879,,,,,,,,,,,,,,,,,,,,,,,,,,,,,,,,,,,,,,,,,,,,,,,,,,,,,,,,,,,,,,,,,,,,,,
1768920123.202818,1768920123.204106,94.0,0.0,4338.974121,4341.666504,4343.333496,4356.922852,4326.025879,4336.282227,4308.077148,4351.410156,4362.94873,4321.922852,4510.512695,4521.794922,4421.410156,4470.384766,,,,,,,,,,,,,,,,,,,,,,,,,,,,,,,,,,,,,,,,,,,,,,,,,,,,,,,,,,,,,,,,,,,,,,
1768920123.210626,1768920123.211914,95.0,0.0,4342.307617,4346.538574,4347.563965,4357.179688,4327.94873,4337.05127,4312.05127,4343.461426,4361.025879,4328.846191,4510.641113,4526.666504,4421.282227,4468.461426,,,,,,,,,,,,,,,,,,,,,,,,,,,,,,,,,,,,,,,,,,,,,,,,,,,,,,,,,,,,,,,,,,,,,,
1768920123.218435,1768920123.219523,96.0,0.0,4341.794922,4344.358887,4352.307617,4359.487305,4328.333496,4340.512695,4328.846191,4348.333496,4368.077148,4337.692383,4520.897461,4539.487305,4424.358887,4475.512695,0.559733,0.267668,0.18246,0.253393,0.081541,1.014588,0.481941,0.299711,0.342197,0.0791,0.560667,0.26835,0.276602,0.148855,0.077264,0.860169,0.356856,0.262328,0.182598,0.080185,0.391458,0.335477,0.119197,0.052886,0.081504,0.1424,0.141147,0.208882,0.244462,0.217923,0.137652,0.175941,0.244458,0.304436,0.262827,0.096815,0.248618,0.158868,0.143741,0.143384,0.139206,0.224913,0.080039,0.188191,0.08526,0.251691,0.223056,0.072958,0.206633,0.129911,0.601875,0.311497,0.129324,0.420507,0.184117,0.59973,0.369839,0.192645,0.359483,0.138775,0.907818,0.646082,0.256797,0.449566,0.161291,0.822936,0.347163,0.35249,0.524192,0.17138
1768920123.226244,1768920123.227331,97.0,0.0,4337.436035,4333.846191,4344.230957,4353.333496,4321.410156,4332.563965,4317.94873,4351.025879,4370.0,4329.358887,4514.358887,4531.410156,4420.128418,4469.743652,,,,,,,,,,,,,,,,,,,,,,,,,,,,,,,,,,,,,,,,,,,,,,,,,,,,,,,,,,,,,,,,,,,,,,
1768920123.234052,1768920123.23504,98.0,0.0,4336.025879,4330.256348,4338.589844,4348.205078,4321.666504,4332.179688,4306.538574,4343.077148,4363.589844,4322.05127,4503.589844,4524.871582,4414.487305,4464.487305,,,,,,,,,,,,,,,,,,,,,,,,,,,,,,,,,,,,,,,,,,,,,,,,,,,,,,,,,,,,,,,,,,,,,,
1768920123.241861,1768920123.242848,99.0,0.0,4337.820313,4336.025879,4343.205078,4351.410156,4328.333496,4342.179688,4316.922852,4342.307617,4361.794922,4327.692383,4506.922852,4530.641113,4415.769043,4468.205078,,,,,,,,,,,,,,,,,,,,,,,,,,,,,,,,,,,,,,,,,,,,,,,,,,,,,,,,,,,,,,,,,,,,,,
1768920123.249669,1768920123.250857,100.0,0.0,4341.153809,4337.692383,4346.025879,4354.358887,4329.615234,4343.589844,4325.641113,4348.333496,4367.820313,4332.307617,4511.282227,4530.769043,4414.358887,4469.358887,,,,,,,,,,,,,,,,,,,,,,,,,,,,,,,,,,,,,,,,,,,,,,,,,,,,,,,,,,,,,,,,,,,,,,
1768920123.257478,1768920123.258665,101.0,0.0,4343.974121,4334.358887,4344.358887,4351.794922,4327.436035,4336.282227,4318.717773,4344.487305,4366.922852,4329.743652,4505.512695,4527.307617,4409.358887,4466.666504,,,,,,,,,,,,,,,,,,,,,,,,,,,,,,,,,,,,,,,,,,,,,,,,,,,,,,,,,,,,,,,,,,,,,,
1768920123.265286,1768920123.266374,102.0,0.0,4344.358887,4338.333496,4344.871582,4352.692383,4326.025879,4331.410156,4310.641113,4338.717773,4360.256348,4326.410156,4506.282227,4530.512695,4415.512695,4465.384766,,,,,,,,,,,,,,,,,,,,,,,,,,,,,,,,,,,,,,,,,,,,,,,,,,,,,,,,,,,,,,,,,,,,,,
1768920123.273095,1768920123.274182,103.0,0.0,4341.282227,4342.179688,4347.563965,4356.025879,4326.153809,4337.179688,4316.666504,4345.512695,4364.487305,4327.563965,4515.384766,4533.333496,4422.179688,4466.025879,,,,,,,,,,,,,,,,,,,,,,,,,,,,,,,,,,,,,,,,,,,,,,,,,,,,,,,,,,,,,,,,,,,,,,
1768920123.280903,1768920123.281791,104.0,0.0,4338.974121,4337.179688,4345.512695,4354.230957,4324.743652,4341.666504,4323.077148,4350.384766,4373.461426,4328.205078,4516.666504,4532.05127,4416.025879,4467.179688,,,,,,,,,,,,,,,,,,,,,,,,,,,,,,,,,,,,,,,,,,,,,,,,,,,,,,,,,,,,,,,,,,,,,,
1768920123.288712,1768920123.289599,105.0,0.0,4343.717773,4334.102539,4343.846191,4351.922852,4322.563965,4341.538574,4324.358887,4350.128418,4375.897461,4325.897461,4508.974121,4534.230957,4411.922852,4464.871582,,,,,,,,,,,,,,,,,,,,,,,,,,,,,,,,,,,,,,,,,,,,,,,,,,,,,,,,,,,,,,,,,,,,,,
1768920123.29652,1768920123.297308,106.0,0.0,4347.307617,4337.692383,4351.538574,4353.846191,4325.0,4342.436035,4328.974121,4352.94873,4377.179688,4326.410156,4506.153809,4535.512695,4411.153809,4457.307617,,,,,,,,,,,,,,,,,,,,,,,,,,,,,,,,,,,,,,,,,,,,,,,,,,,,,,,,,,,,,,,,,,,,,,
1768920123.304329,1768920123.305116,107.0,0.0,4341.538574,4339.487305,4352.436035,4356.025879,4326.282227,4338.205078,4322.05127,4350.641113,4374.871582,4326.410156,4507.436035,4528.205078,4406.282227,4456.282227,,,,,,,,,,,,,,,,,,,,,,,,,,,,,,,,,,,,,,,,,,,,,,,,,,,,,,,,,,,,,,,,,,,,,,
1768920123.312137,1768920123.313125,108.0,0.0,4336.410156,4339.230957,4342.820313,4355.897461,4324.230957,4332.563965,4309.743652,4342.179688,4367.94873,4323.974121,4505.769043,4521.025879,4408.846191,4458.717773,,,,,,,,,,,,,,,,,,,,,,,,,,,,,,,,,,,,,,,,,,,,,,,,,,,,,,,,,,,,,,,,,,,,,,
1768920123.319946,1768920123.320934,109.0,0.0,4341.666504,4340.897461,4343.461426,4356.666504,4325.769043,4334.615234,4316.282227,4340.384766,4365.256348,4325.0,4506.794922,4526.282227,4415.769043,4458.717773,,,,,,,,,,,,,,,,,,,,,,,,,,,,,,,,,,,,,,,,,,,,,,,,,,,,,,,,,,,,,,,,,,,,,,
1768920123.327754,1768920123.328842,110.0,0.0,4342.436035,4338.461426,4350.641113,4354.358887,4327.307617,4335.128418,4325.128418,4345.128418,4369.102539,4325.512695,4508.333496,4529.358887,4412.179688,4460.512695,,,,,,,,,,,,,,,,,,,,,,,,,,,,,,,,,,,,,,,,,,,,,,,,,,,,,,,,,,,,,,,,,,,,,,
1768920123.335563,1768920123.33665,111.0,0.0,4335.897461,4335.769043,4350.0,4352.307617,4325.769043,4335.897461,4319.487305,4344.615234,4370.641113,4324.871582,4506.538574,4521.410156,4409.230957,4459.871582,,,,,,,,,,,,,,,,,,,,,,,,,,,,,,,,,,,,,,,,,,,,,,,,,,,,,,,,,,,,,,,,,,,,,,
1768920123.343371,1768920123.344659,112.0,0.0,4338.077148,4339.615234,4348.461426,4354.743652,4326.410156,4341.666504,4319.102539,4344.358887,4369.358887,4326.794922,4507.563965,4520.256348,4413.077148,4460.641113,0.580801,0.234064,0.197205,0.260879,0.095416,0.896923,0.423979,0.336588,0.372755,0.091013,0.627597,0.242757,0.27058,0.151358,0.077837,0.766477,0.350056,0.227075,0.177908,0.082053,0.384906,0.330314,0.10972,0.052544,0.087258,0.168564,0.145308,0.19134,0.229866,0.216041,0.141995,0.205685,0.221849,0.277472,0.270307,0.122212,0.317196,0.162516,0.137755,0.131966,0.177151,0.277582,0.086996,0.193675,0.096472,0.254135,0.244845,0.066902,0.197274,0.130059,0.515486,0.388375,0.141536,0.416169,0.188153,0.5175,0.353081,0.17137,0.365648,0.127101,0.888395,0.717259,0.281416,0.463475,0.153148,0.880455,0.333513,0.313976,0.507074,0.175055
1768920123.35118,1768920123.352467,113.0,0.0,4342.563965,4339.230957,4348.589844,4354.102539,4323.333496,4334.487305,4321.922852,4350.128418,4372.820313,4325.897461,4508.589844,4527.563965,4412.05127,4461.282227,,,,,,,,,,,,,,,,,,,,,,,,,,,,,,,,,,,,,,,,,,,,,,,,,,,,,,,,,,,,,,,,,,,,,,
1768920123.358988,1768920123.360375,114.0,0.0,4342.436035,4335.769043,4348.461426,4354.487305,4320.769043,4328.846191,4322.05127,4352.692383,4373.205078,4323.077148,4507.820313,4530.0,4410.769043,4461.153809,,,,,,,,,,,,,,,,,,,,,,,,,,,,,,,,,,,,,,,,,,,,,,,,,,,,,,,,,,,,,,,,,,,,,,
1768920123.366797,1768920123.368184,115.0,0.0,4343.077148,4337.307617,4348.589844,4358.333496,4328.974121,4347.563965,4336.410156,4350.897461,4369.358887,4326.025879,4508.461426,4530.897461,4414.358887,4465.128418,,,,,,,,,,,,,,,,,,,,,,,,,,,,,,,,,,,,,,,,,,,,,,,,,,,,,,,,,,,,,,,,,,,,,,
1768920123.374605,1768920123.375792,116.0,0.0,4343.974121,4332.307617,4348.077148,4352.436035,4331.922852,4353.461426,4339.871582,4348.846191,4373.077148,4327.179688,4509.358887,4531.794922,4412.179688,4466.153809,,,,,,,,,,,,,,,,,,,,,,,,,,,,,,,,,,,,,,,,,,,,,,,,,,,,,,,,,,,,,,,,,,,,,,
1768920123.382414,1768920123.383601,117.0,0.0,4347.179688,4325.512695,4348.205078,4345.512695,4323.205078,4331.410156,4320.0,4347.307617,4376.410156,4325.256348,4508.333496,4527.563965,4407.179688,4461.025879,,,,,,,,,,,,,,,,,,,,,,,,,,,,,,,,,,,,,,,,,,,,,,,,,,,,,,,,,,,,,,,,,,,,,,
1768920123.390222,1768920123.391509,118.0,0.0,4351.282227,4334.230957,4350.512695,4352.820313,4321.922852,4322.563965,4314.358887,4343.717773,4367.563965,4323.205078,4507.692383,4524.615234,4406.538574,4460.769043,,,,,,,,,,,,,,,,,,,,,,,,,,,,,,,,,,,,,,,,,,,,,,,,,,,,,,,,,,,,,,,,,,,,,,
1768920123.398031,1768920123.399317,119.0,0.0,4348.846191,4342.820313,4349.743652,4360.512695,4327.692383,4334.358887,4326.538574,4342.179688,4358.846191,4316.538574,4507.307617,4525.0,4404.358887,4463.846191,,,,,,,,,,,,,,,,,,,,,,,,,,,,,,,,,,,,,,,,,,,,,,,,,,,,,,,,,,,,,,,,,,,,,,
1768920123.405839,1768920123.407326,120.0,0.0,4345.641113,4340.769043,4352.692383,4360.256348,4327.05127,4339.102539,4327.94873,4350.256348,4363.333496,4311.666504,4505.0,4527.179688,4401.025879,4461.410156,,,,,,,,,,,,,,,,,,,,,,,,,,,,,,,,,,,,,,,,,,,,,,,,,,,,,,,,,,,,,,,,,,,,,,
1768920123.413648,1768920123.415134,121.0,0.0,4350.128418,4343.333496,4364.743652,4362.307617,4324.102539,4340.769043,4324.871582,4356.922852,4368.846191,4314.230957,4506.410156,4536.153809,4405.384766,4466.538574,,,,,,,,,,,,,,,,,,,,,,,,,,,,,,,,,,,,,,,,,,,,,,,,,,,,,,,,,,,,,,,,,,,,,,
1768920123.421456,1768920123.422843,122.0,0.0,4355.0,4348.205078,4367.563965,4362.436035,4324.743652,4343.077148,4328.333496,4351.922852,4366.282227,4318.333496,4510.512695,4545.0,4410.769043,4471.794922,,,,,,,,,,,,,,,,,,,,,,,,,,,,,,,,,,,,,,,,,,,,,,,,,,,,,,,,,,,,,,,,,,,,,,
1768920123.429265,1768920123.430651,123.0,0.0,4356.153809,4345.256348,4359.743652,4358.461426,4325.769043,4339.615234,4324.487305,4345.512695,4363.846191,4322.692383,4507.563965,4541.794922,4410.641113,4467.05127,,,,,,,,,,,,,,,,,,,,,,,,,,,,,,,,,,,,,,,,,,,,,,,,,,,,,,,,,,,,,,,,,,,,,,
1768920123.437073,1768920123.43826,124.0,0.0,4357.307617,4343.974121,4356.666504,4358.846191,4328.461426,4337.94873,4324.743652,4348.717773,4367.436035,4326.538574,4507.307617,4535.769043,4413.205078,4468.846191,,,,,,,,,,,,,,,,,,,,,,,,,,,,,,,,,,,,,,,,,,,,,,,,,,,,,,,,,,,,,,,,,,,,,,
1768920123.444882,1768920123.446068,125.0,0.0,4354.230957,4343.846191,4357.94873,4357.436035,4327.94873,4340.256348,4332.436035,4352.692383,4368.974121,4325.0,4518.717773,4539.743652,4416.666504,4473.974121,,,,,,,,,,,,,,,,,,,,,,,,,,,,,,,,,,,,,,,,,,,,,,,,,,,,,,,,,,,,,,,,,,,,,,
1768920123.45269,1768920123.453777,126.0,0.0,4352.692383,4341.025879,4359.615234,4355.897461,4325.128418,4340.769043,4330.512695,4351.794922,4366.794922,4325.897461,4525.641113,4546.025879,4416.794922,4473.589844,,,,,,,,,,,,,,,,,,,,,,,,,,,,,,,,,,,,,,,,,,,,,,,,,,,,,,,,,,,,,,,,,,,,,,
1768920123.460499,1768920123.461585,127.0,0.0,4356.282227,4340.384766,4360.897461,4358.333496,4326.282227,4340.384766,4325.128418,4350.0,4367.179688,4328.589844,4521.666504,4543.974121,4414.487305,4471.410156,,,,,,,,,,,,,,,,,,,,,,,,,,,,,,,,,,,,,,,,,,,,,,,,,,,,,,,,,,,,,,,,,,,,,,
1768920123.468308,1768920123.469194,0.0,0.0,4356.538574,4341.538574,4360.641113,4358.717773,4327.307617,4335.897461,4324.615234,4346.025879,4365.0,4325.0,4518.589844,4541.025879,4412.179688,4467.692383,0.603053,0.21124,0.210449,0.263088,0.114925,0.751597,0.35248,0.363832,0.402493,0.104607,0.702446,0.217962,0.256466,0.160669,0.086897,0.644116,0.343833,0.184808,0.171702,0.083429,0.351334,0.307193,0.097754,0.051312,0.087736,0.188797,0.157422,0.167779,0.202805,0.207994,0.145721,0.254498,0.195972,0.242937,0.276782,0.154391,0.397485,0.159713,0.128932,0.12863,0.217084,0.349621,0.096805,0.192993,0.116998,0.262905,0.265052,0.062769,0.185137,0.138461,0.465838,0.44637,0.154528,0.38802,0.193131,0.473421,0.326523,0.144459,0.370233,0.124306,0.827938,0.768199,0.308873,0.467171,0.140166,0.931779,0.327296,0.290899,0.480089,0.174635
1768920123.476116,1768920123.477002,1.0,0.0,4354.230957,4341.153809,4359.102539,4358.205078,4325.0,4327.94873,4324.358887,4348.077148,4364.358887,4327.05127,4522.820313,4545.512695,4415.256348,4467.820313,,,,,,,,,,,,,,,,,,,,,,,,,,,,,,,,,,,,,,,,,,,,,,,,,,,,,,,,,,,,,,,,,,,,,,
1768920123.483925,1768920123.484711,2.0,0.0,4354.102539,4337.563965,4357.05127,4357.820313,4323.205078,4326.794922,4323.974121,4354.743652,4370.384766,4330.512695,4521.922852,4544.358887,4416.538574,4470.256348,,,,,,,,,,,,,,,,,,,,,,,,,,,,,,,,,,,,,,,,,,,,,,,,,,,,,,,,,,,,,,,,,,,,,,
1768920123.491733,1768920123.492519,3.0,0.0,4355.512695,4333.846191,4354.102539,4356.666504,4325.256348,4334.615234,4327.05127,4350.897461,4368.077148,4323.974121,4511.922852,4535.769043,4410.641113,4463.333496,,,,,,,,,,,,,,,,,,,,,,,,,,,,,,,,,,,,,,,,,,,,,,,,,,,,,,,,,,,,,,,,,,,,,,
1768920123.499542,1768920123.500127,4.0,0.0,4351.922852,4329.871582,4350.641113,4356.025879,4326.410156,4338.461426,4327.692383,4341.538574,4359.871582,4320.256348,4506.794922,4531.794922,4403.846191,4456.025879,,,,,,,,,,,,,,,,,,,,,,,,,,,,,,,,,,,,,,,,,,,,,,,,,,,,,,,,,,,,,,,,,,,,,,
1768920123.50735,1768920123.507935,5.0,0.0,4346.153809,4323.589844,4344.871582,4351.410156,4323.717773,4331.922852,4322.692383,4338.717773,4360.256348,4324.615234,4506.025879,4527.563965,4404.102539,4456.153809,,,,,,,,,,,,,,,,,,,,,,,,,,,,,,,,,,,,,,,,,,,,,,,,,,,,,,,,,,,,,,,,,,,,,,
1768920123.515159,1768920123.515844,6.0,0.0,4345.641113,4325.897461,4339.358887,4346.153809,4322.692383,4331.666504,4322.563965,4344.743652,4366.666504,4326.025879,4506.153809,4524.230957,4406.282227,4453.589844,,,,,,,,,,,,,,,,,,,,,,,,,,,,,,,,,,,,,,,,,,,,,,,,,,,,,,,,,,,,,,,,,,,,,,
1768920123.522967,1768920123.523653,7.0,0.0,4353.333496,4339.230957,4346.794922,4354.615234,4324.871582,4341.666504,4332.179688,4353.333496,4375.384766,4333.205078,4516.025879,4535.897461,4415.512695,4462.307617,,,,,,,,,,,,,,,,,,,,,,,,,,,,,,,,,,,,,,,,,,,,,,,,,,,,,,,,,,,,,,,,,,,,,,
1768920123.530776,1768920123.531661,8.0,0.0,4359.615234,4344.230957,4357.820313,4365.512695,4325.0,4336.922852,4335.384766,4353.717773,4380.769043,4343.461426,4528.974121,4549.102539,4429.871582,4480.384766,,,,,,,,,,,,,,,,,,,,,,,,,,,,,,,,,,,,,,,,,,,,,,,,,,,,,,,,,,,,,,,,,,,,,,
1768920123.538584,1768920123.53947,9.0,0.0,4358.205078,4346.153809,4358.461426,4367.05127,4325.0,4326.153809,4326.922852,4349.487305,4372.94873,4336.922852,4525.897461,4545.128418,4427.563965,4480.0,,,,,,,,,,,,,,,,,,,,,,,,,,,,,,,,,,,,,,,,,,,,,,,,,,,,,,,,,,,,,,,,,,,,,,
1768920123.546393,1768920123.547378,10.0,0.0,4358.205078,4353.077148,4357.179688,4368.589844,4328.846191,4336.025879,4326.922852,4348.077148,4363.589844,4325.641113,4516.282227,4540.0,4419.358887,4470.128418,,,,,,,,,,,,,,,,,,,,,,,,,,,,,,,,,,,,,,,,,,,,,,,,,,,,,,,,,,,,,,,,,,,,,,
1768920123.554201,1768920123.555187,11.0,0.0,4361.153809,4350.512695,4356.666504,4365.769043,4328.846191,4345.128418,4336.025879,4347.563965,4365.256348,4325.384766,4519.102539,4538.846191,4421.282227,4472.563965,,,,,,,,,,,,,,,,,,,,,,,,,,,,,,,,,,,,,,,,,,,,,,,,,,,,,,,,,,,,,,,,,,,,,,
1768920123.56201,1768920123.563195,12.0,0.0,4360.0,4347.179688,4352.692383,4360.897461,4325.512695,4339.615234,4335.769043,4348.333496,4367.692383,4328.461426,4521.538574,4536.794922,4425.641113,4476.538574,,,,,,,,,,,,,,,,,,,,,,,,,,,,,,,,,,,,,,,,,,,,,,,,,,,,,,,,,,,,,,,,,,,,,,
1768920123.569818,1768920123.571003,13.0,0.0,4354.871582,4349.230957,4351.538574,4362.179688,4326.666504,4339.743652,4329.615234,4348.846191,4363.205078,4329.102539,4512.692383,4536.538574,4422.179688,4466.282227,,,,,,,,,,,,,,,,,,,,,,,,,,,,,,,,,,,,,,,,,,,,,,,,,,,,,,,,,,,,,,,,,,,,,,
1768920123.577627,1768920123.578912,14.0,0.0,4353.461426,4346.666504,4356.025879,4360.897461,4328.717773,4339.102539,4327.436035,4348.846191,4361.410156,4328.077148,4507.94873,4536.666504,4414.102539,4459.487305,,,,,,,,,,,,,,,,,,,,,,,,,,,,,,,,,,,,,,,,,,,,,,,,,,,,,,,,,,,,,,,,,,,,,,
1768920123.585435,1768920123.58672,15.0,0.0,4360.512695,4349.615234,4358.974121,4359.358887,4326.922852,4333.461426,4325.769043,4352.820313,4368.461426,4325.897461,4516.922852,4539.615234,4415.769043,4472.563965,,,,,,,,,,,,,,,,,,,,,,,,,,,,,,,,,,,,,,,,,,,,,,,,,,,,,,,,,,,,,,,,,,,,,,
1768920123.593244,1768920123.594528,16.0,0.0,4369.102539,4358.589844,4357.436035,4364.871582,4324.487305,4331.666504,4322.436035,4352.94873,4370.256348,4326.282227,4523.846191,4547.692383,4425.769043,4483.077148,0.627977,0.197972,0.2225,0.263035,0.136793,0.627622,0.288389,0.379982,0.427945,0.116864,0.7655,0.203893,0.244527,0.172301,0.102696,0.535723,0.344398,0.152533,0.167013,0.084519,0.306491,0.271919,0.084733,0.049371,0.083488,0.201666,0.171175,0.142439,0.171606,0.196681,0.157431,0.310924,0.170156,0.210881,0.285326,0.18715,0.473695,0.150755,0.118089,0.134864,0.253328,0.438732,0.108928,0.185648,0.142024,0.280019,0.276229,0.060977,0.174938,0.15274,0.457475,0.473686,0.165262,0.345668,0.198369,0.460471,0.295936,0.119275,0.364492,0.131873,0.740832,0.78768,0.330502,0.463913,0.126429,0.951608,0.335735,0.296033,0.457644,0.169696
1768920123.601052,1768920123.602337,17.0,0.0,4368.205078,4350.641113,4352.307617,4362.179688,4324.102539,4330.641113,4322.563965,4350.512695,4364.102539,4327.307617,4520.128418,4548.717773,4427.05127,4475.897461,,,,,,,,,,,,,,,,,,,,,,,,,,,,,,,,,,,,,,,,,,,,,,,,,,,,,,,,,,,,,,,,,,,,,,
1768920123.608861,1768920123.610045,18.0,0.0,4361.666504,4338.077148,4349.615234,4354.102539,4322.307617,4330.0,4324.230957,4353.461426,4365.256348,4324.487305,4519.743652,4543.974121,4417.692383,4473.205078,,,,,,,,,,,,,,,,,,,,,,,,,,,,,,,,,,,,,,,,,,,,,,,,,,,,,,,,,,,,,,,,,,,,,,
1768920123.616669,1768920123.617854,19.0,0.0,4361.666504,4342.692383,4351.282227,4356.410156,4318.077148,4329.743652,4316.922852,4349.871582,4366.666504,4322.436035,4523.846191,4545.512695,4414.743652,4479.615234,,,,,,,,,,,,,,,,,,,,,,,,,,,,,,,,,,,,,,,,,,,,,,,,,,,,,,,,,,,,,,,,,,,,,,
1768920123.624478,1768920123.625463,20.0,0.0,4358.589844,4344.230957,4347.05127,4356.922852,4318.205078,4328.077148,4311.794922,4339.615234,4360.769043,4325.256348,4518.717773,4540.512695,4415.0,4473.205078,,,,,,,,,,,,,,,,,,,,,,,,,,,,,,,,,,,,,,,,,,,,,,,,,,,,,,,,,,,,,,,,,,,,,,
1768920123.632286,1768920123.633271,21.0,0.0,4351.666504,4333.589844,4343.333496,4351.922852,4319.230957,4328.846191,4320.256348,4343.461426,4360.897461,4322.94873,4509.358887,4532.436035,4411.666504,4462.820313,,,,,,,,,,,,,,,,,,,,,,,,,,,,,,,,,,,,,,,,,,,,,,,,,,,,,,,,,,,,,,,,,,,,,,
1768920123.640095,1768920123.64098,22.0,0.0,4352.563965,4329.102539,4347.307617,4352.563965,4315.512695,4328.333496,4324.358887,4352.436035,4362.820313,4314.871582,4507.820313,4535.0,4412.179688,4463.846191,,,,,,,,,,,,,,,,,,,,,,,,,,,,,,,,,,,,,,,,,,,,,,,,,,,,,,,,,,,,,,,,,,,,,,
1768920123.647903,1768920123.648788,23.0,0.0,4351.666504,4333.077148,4346.153809,4351.153809,4313.974121,4325.128418,4317.436035,4348.205078,4357.307617,4312.307617,4508.717773,4534.230957,4410.384766,4464.871582,,,,,,,,,,,,,,,,,,,,,,,,,,,,,,,,,,,,,,,,,,,,,,,,,,,,,,,,,,,,,,,,,,,,,,
1768920123.655712,1768920123.656797,24.0,0.0,4348.974121,4335.897461,4339.871582,4350.0,4321.922852,4334.358887,4321.025879,4343.077148,4356.538574,4314.615234,4506.025879,4527.692383,4406.794922,4462.436035,,,,,,,,,,,,,,,,,,,,,,,,,,,,,,,,,,,,,,,,,,,,,,,,,,,,,,,,,,,,,,,,,,,,,,
1768920123.66352,1768920123.664605,25.0,0.0,4354.743652,4337.05127,4342.563965,4354.871582,4329.615234,4342.436035,4329.743652,4344.102539,4361.025879,4315.128418,4505.256348,4526.666504,4406.794922,4462.436035,,,,,,,,,,,,,,,,,,,,,,,,,,,,,,,,,,,,,,,,,,,,,,,,,,,,,,,,,,,,,,,,,,,,,,
1768920123.671329,1768920123.672314,26.0,0.0,4354.102539,4332.307617,4348.461426,4354.871582,4325.769043,4331.538574,4326.153809,4347.436035,4360.384766,4313.461426,4507.563965,4527.436035,4403.461426,4459.615234,,,,,,,,,,,,,,,,,,,,,,,,,,,,,,,,,,,,,,,,,,,,,,,,,,,,,,,,,,,,,,,,,,,,,,
1768920123.679137,1768920123.680122,27.0,0.0,4347.05127,4326.922852,4349.743652,4350.512695,4323.333496,4327.05127,4325.769043,4352.563965,4360.256348,4311.153809,4506.666504,4530.769043,4398.205078,4457.820313,,,,,,,,,,,,,,,,,,,,,,,,,,,,,,,,,,,,,,,,,,,,,,,,,,,,,,,,,,,,,,,,,,,,,,
1768920123.686946,1768920123.68773,28.0,0.0,4348.974121,4334.743652,4349.102539,4351.410156,4330.128418,4341.153809,4330.641113,4352.692383,4360.384766,4310.769043,4506.153809,4532.820313,4398.077148,4457.307617,,,,,,,,,,,,,,,,,,,,,,,,,,,,,,,,,,,,,,,,,,,,,,,,,,,,,,,,,,,,,,,,,,,,,,
1768920123.694754,1768920123.695538,29.0,0.0,4351.538574,4339.615234,4346.025879,4350.384766,4332.820313,4343.717773,4327.307617,4350.0,4359.871582,4311.025879,4507.563965,4524.871582,4397.05127,4452.05127,,,,,,,,,,,,,,,,,,,,,,,,,,,,,,,,,,,,,,,,,,,,,,,,,,,,,,,,,,,,,,,,,,,,,,
1768920123.702563,1768920123.703247,30.0,0.0,4345.128418,4329.871582,4340.641113,4344.487305,4326.282227,4328.846191,4323.974121,4350.384766,4358.333496,4304.743652,4501.666504,4516.666504,4390.128418,4444.743652,,,,,,,,,,,,,,,,,,,,,,,,,,,,,,,,,,,,,,,,,,,,,,,,,,,,,,,,,,,,,,,,,,,,,,
1768920123.710372,1768920123.711055,31.0,0.0,4341.153809,4324.615234,4335.769043,4341.538574,4323.205078,4322.436035,4320.512695,4347.307617,4356.153809,4302.307617,4492.05127,4516.153809,4386.153809,4445.0,,,,,,,,,,,,,,,,,,,,,,,,,,,,,,,,,,,,,,,,,,,,,,,,,,,,,,,,,,,,,,,,,,,,,,
1768920123.71818,1768920123.719063,32.0,0.0,4339.358887,4328.974121,4335.641113,4340.641113,4324.358887,4326.153809,4311.666504,4341.025879,4355.128418,4311.794922,4490.384766,4518.077148,4389.871582,4448.205078,0.644261,0.188983,0.231255,0.260333,0.15557,0.54662,0.247812,0.385422,0.439975,0.124911,0.787737,0.201871,0.240955,0.180578,0.121401,0.462717,0.350808,0.140597,0.16411,0.085265,0.264582,0.231047,0.072335,0.04713,0.076444,0.204268,0.182381,0.120589,0.14659,0.187369,0.17064,0.364354,0.147597,0.188875,0.298812,0.213264,0.52703,0.138798,0.108539,0.147078,0.284374,0.5293,0.123609,0.17355,0.164053,0.305768,0.27519,0.062825,0.168748,0.168197,0.474644,0.473142,0.173222,0.298848,0.201473,0.461754,0.268445,0.104496,0.34365,0.148876,0.636347,0.776668,0.338069,0.451944,0.115525,0.918534,0.365392,0.326425,0.444011,0.161202
1768920123.725989,1768920123.726872,33.0,0.0,4336.666504,4326.794922,4338.205078,4340.0,4323.589844,4325.769043,4313.461426,4343.205078,4355.256348,4313.589844,4494.871582,4518.205078,4392.692383,4446.794922,,,,,,,,,,,,,,,,,,,,,,,,,,,,,,,,,,,,,,,,,,,,,,,,,,,,,,,,,,,,,,,,,,,,,,
1768920123.733797,1768920123.73478,34.0,0.0,4337.563965,4324.230957,4337.05127,4341.282227,4322.563965,4325.512695,4322.05127,4349.615234,4355.512695,4308.333496,4494.230957,4515.769043,4393.461426,4447.05127,,,,,,,,,,,,,,,,,,,,,,,,,,,,,,,,,,,,,,,,,,,,,,,,,,,,,,,,,,,,,,,,,,,,,,
1768920123.741606,1768920123.742588,35.0,0.0,4343.589844,4331.666504,4335.128418,4343.461426,4321.538574,4328.333496,4317.307617,4345.128418,4352.563965,4309.102539,4491.538574,4518.205078,4395.641113,4451.922852,,,,,,,,,,,,,,,,,,,,,,,,,,,,,,,,,,,,,,,,,,,,,,,,,,,,,,,,,,,,,,,,,,,,,,
1768920123.749414,1768920123.750597,36.0,0.0,4349.743652,4338.461426,4337.94873,4348.205078,4323.589844,4328.717773,4313.589844,4339.615234,4351.410156,4311.922852,4496.538574,4524.358887,4397.05127,4455.897461,,,,,,,,,,,,,,,,,,,,,,,,,,,,,,,,,,,,,,,,,,,,,,,,,,,,,,,,,,,,,,,,,,,,,,
1768920123.757223,1768920123.758405,37.0,0.0,4348.846191,4335.897461,4342.05127,4351.538574,4325.641113,4324.230957,4318.205078,4346.410156,4355.0,4312.05127,4502.94873,4521.666504,4395.384766,4456.538574,,,,,,,,,,,,,,,,,,,,,,,,,,,,,,,,,,,,,,,,,,,,,,,,,,,,,,,,,,,,,,,,,,,,,,
1768920123.765031,1768920123.766313,38.0,0.0,4344.230957,4333.333496,4341.153809,4348.333496,4323.461426,4327.05127,4320.256348,4356.410156,4359.358887,4312.820313,4505.897461,4520.0,4394.615234,4459.102539,,,,,,,,,,,,,,,,,,,,,,,,,,,,,,,,,,,,,,,,,,,,,,,,,,,,,,,,,,,,,,,,,,,,,,
1768920123.77284,1768920123.774122,39.0,0.0,4345.256348,4339.358887,4342.307617,4349.102539,4324.871582,4340.769043,4332.436035,4355.0,4357.692383,4312.05127,4508.333496,4527.307617,4398.589844,4460.0,,,,,,,,,,,,,,,,,,,,,,,,,,,,,,,,,,,,,,,,,,,,,,,,,,,,,,,,,,,,,,,,,,,,,,
1768920123.780648,1768920123.78173,40.0,0.0,4350.384766,4343.333496,4344.102539,4353.974121,4326.794922,4341.410156,4338.205078,4343.974121,4350.384766,4313.333496,4508.333496,4528.717773,4402.05127,4459.230957,,,,,,,,,,,,,,,,,,,,,,,,,,,,,,,,,,,,,,,,,,,,,,,,,,,,,,,,,,,,,,,,,,,,,,
1768920123.788457,1768920123.789538,41.0,0.0,4351.538574,4339.743652,4340.897461,4349.230957,4323.717773,4323.717773,4313.717773,4338.205078,4349.230957,4316.666504,4506.538574,4522.563965,4402.94873,4462.563965,,,,,,,,,,,,,,,,,,,,,,,,,,,,,,,,,,,,,,,,,,,,,,,,,,,,,,,,,,,,,,,,,,,,,,
1768920123.796265,1768920123.797447,42.0,0.0,4348.589844,4338.205078,4338.846191,4342.436035,4324.102539,4317.436035,4300.0,4341.922852,4352.179688,4317.179688,4507.307617,4520.641113,4403.846191,4461.282227,,,,,,,,,,,,,,,,,,,,,,,,,,,,,,,,,,,,,,,,,,,,,,,,,,,,,,,,,,,,,,,,,,,,,,
1768920123.804074,1768920123.805255,43.0,0.0,4345.256348,4340.128418,4342.820313,4345.769043,4327.307617,4330.128418,4318.846191,4348.077148,4353.461426,4317.563965,4508.205078,4523.333496,4400.0,4455.897461,,,,,,,,,,,,,,,,,,,,,,,,,,,,,,,,,,,,,,,,,,,,,,,,,,,,,,,,,,,,,,,,,,,,,,
1768920123.811882,1768920123.812864,44.0,0.0,4347.692383,4342.94873,4348.333496,4352.436035,4326.922852,4336.794922,4331.025879,4350.256348,4355.769043,4315.128418,4506.538574,4524.615234,4400.769043,4458.461426,,,,,,,,,,,,,,,,,,,,,,,,,,,,,,,,,,,,,,,,,,,,,,,,,,,,,,,,,,,,,,,,,,,,,,
1768920123.819691,1768920123.820672,45.0,0.0,4354.102539,4345.0,4350.256348,4353.974121,4325.769043,4333.461426,4325.897461,4352.05127,4357.436035,4314.871582,4507.563965,4523.717773,4410.641113,4465.384766,,,,,,,,,,,,,,,,,,,,,,,,,,,,,,,,,,,,,,,,,,,,,,,,,,,,,,,,,,,,,,,,,,,,,,
1768920123.827499,1768920123.828381,46.0,0.0,4353.461426,4345.384766,4348.974121,4352.436035,4325.641113,4329.743652,4321.025879,4353.077148,4356.025879,4321.410156,4507.94873,4522.563965,4411.025879,4463.589844,,,,,,,,,,,,,,,,,,,,,,,,,,,,,,,,,,,,,,,,,,,,,,,,,,,,,,,,,,,,,,,,,,,,,,
1768920123.835308,1768920123.836189,47.0,0.0,4348.846191,4345.641113,4349.615234,4351.538574,4326.666504,4325.897461,4318.461426,4353.077148,4356.282227,4326.666504,4507.692383,4527.179688,4403.333496,4457.692383,,,,,,,,,,,,,,,,,,,,,,,,,,,,,,,,,,,,,,,,,,,,,,,,,,,,,,,,,,,,,,,,,,,,,,
1768920123.843116,1768920123.843798,48.0,0.0,4346.666504,4345.0,4350.384766,4351.153809,4328.077148,4329.230957,4320.897461,4355.256348,4359.871582,4325.641113,4508.333496,4534.102539,4401.922852,4459.615234,0.653812,0.177875,0.235375,0.252313,0.165617,0.531898,0.235649,0.380573,0.42874,0.127177,0.77306,0.206503,0.245878,0.182028,0.137933,0.434059,0.353482,0.150207,0.162211,0.085271,0.231862,0.192046,0.062192,0.045033,0.068985,0.200182,0.189722,0.108093,0.136681,0.185478,0.191628,0.405689,0.130441,0.179575,0.317128,0.228116,0.541557,0.128919,0.104182,0.158796,0.305487,0.596307,0.143042,0.160099,0.17638,0.336995,0.263803,0.070661,0.165449,0.17822,0.492411,0.458719,0.190789,0.25378,0.200089,0.479666,0.247882,0.112009,0.311831,0.171285,0.542383,0.746046,0.33094,0.426956,0.108861,0.85204,0.416041,0.373758,0.433215,0.15177
1768920123.850925,1768920123.851606,49.0,0.0,4341.282227,4342.436035,4345.384766,4346.666504,4326.410156,4333.333496,4325.256348,4353.205078,4356.153809,4317.94873,4502.563965,4527.820313,4399.615234,4460.897461,,,,,,,,,,,,,,,,,,,,,,,,,,,,,,,,,,,,,,,,,,,,,,,,,,,,,,,,,,,,,,,,,,,,,,
1768920123.858733,1768920123.859515,50.0,0.0,4339.487305,4339.358887,4338.974121,4341.153809,4324.615234,4332.05127,4321.794922,4346.794922,4351.153809,4314.230957,4498.717773,4516.282227,4396.538574,4456.410156,,,,,,,,,,,,,,,,,,,,,,,,,,,,,,,,,,,,,,,,,,,,,,,,,,,,,,,,,,,,,,,,,,,,,,
1768920123.866542,1768920123.867324,51.0,0.0,4348.589844,4339.358887,4341.410156,4346.410156,4326.410156,4335.256348,4325.897461,4349.743652,4353.846191,4318.846191,4505.897461,4522.05127,4403.846191,4457.563965,,,,,,,,,,,,,,,,,,,,,,,,,,,,,,,,,,,,,,,,,,,,,,,,,,,,,,,,,,,,,,,,,,,,,,
1768920123.87435,1768920123.874933,52.0,0.0,4350.641113,4340.512695,4345.897461,4351.025879,4324.871582,4338.333496,4333.846191,4357.563965,4358.461426,4322.94873,4510.512695,4533.333496,4406.410156,4460.769043,,,,,,,,,,,,,,,,,,,,,,,,,,,,,,,,,,,,,,,,,,,,,,,,,,,,,,,,,,,,,,,,,,,,,,
1768920123.882159,1768920123.882741,53.0,0.0,4339.102539,4339.358887,4340.512695,4343.846191,4324.358887,4330.256348,4323.974121,4352.563965,4359.230957,4320.641113,4506.282227,4528.333496,4399.871582,4458.717773,,,,,,,,,,,,,,,,,,,,,,,,,,,,,,,,,,,,,,,,,,,,,,,,,,,,,,,,,,,,,,,,,,,,,,
1768920123.889967,1768920123.89045,54.0,0.0,4335.641113,4334.230957,4332.692383,4338.717773,4322.692383,4321.794922,4308.077148,4342.692383,4355.0,4318.589844,4505.512695,4523.333496,4400.128418,4460.384766,,,,,,,,,,,,,,,,,,,,,,,,,,,,,,,,,,,,,,,,,,,,,,,,,,,,,,,,,,,,,,,,,,,,,,
1768920123.897776,1768920123.898258,55.0,0.0,4342.436035,4329.358887,4332.94873,4340.769043,4318.461426,4324.358887,4308.461426,4343.461426,4349.871582,4317.307617,4506.794922,4525.769043,4400.256348,4461.282227,,,,,,,,,,,,,,,,,,,,,,,,,,,,,,,,,,,,,,,,,,,,,,,,,,,,,,,,,,,,,,,,,,,,,,
1768920123.905584,1768920123.905866,56.0,0.0,4342.05127,4332.563965,4340.897461,4345.384766,4320.512695,4326.410156,4318.846191,4345.0,4349.358887,4314.230957,4504.615234,4525.512695,4398.461426,4456.794922,,,,,,,,,,,,,,,,,,,,,,,,,,,,,,,,,,,,,,,,,,,,,,,,,,,,,,,,,,,,,,,,,,,,,,
1768920123.913393,1768920123.913674,57.0,0.0,4338.205078,4335.384766,4345.769043,4350.512695,4320.0,4325.641113,4326.025879,4346.410156,4351.794922,4318.461426,4508.333496,4529.743652,4406.282227,4465.0,,,,,,,,,,,,,,,,,,,,,,,,,,,,,,,,,,,,,,,,,,,,,,,,,,,,,,,,,,,,,,,,,,,,,,
1768920123.921201,1768920123.921583,58.0,0.0,4342.179688,4329.615234,4343.077148,4351.410156,4316.282227,4331.538574,4329.487305,4353.589844,4355.384766,4323.717773,4511.666504,4541.410156,4413.974121,4472.563965,,,,,,,,,,,,,,,,,,,,,,,,,,,,,,,,,,,,,,,,,,,,,,,,,,,,,,,,,,,,,,,,,,,,,,
1768920123.92901,1768920123.929391,59.0,0.0,4346.666504,4327.820313,4342.94873,4349.358887,4322.563965,4337.94873,4328.717773,4353.461426,4353.717773,4323.974121,4508.461426,4541.666504,4412.05127,4462.820313,,,,,,,,,,,,,,,,,,,,,,,,,,,,,,,,,,,,,,,,,,,,,,,,,,,,,,,,,,,,,,,,,,,,,,
1768920123.936818,1768920123.937399,60.0,0.0,4347.563965,4338.846191,4350.0,4357.05127,4330.641113,4337.94873,4327.179688,4350.512695,4352.307617,4328.974121,4513.589844,4536.538574,4413.846191,4463.205078,,,,,,,,,,,,,,,,,,,,,,,,,,,,,,,,,,,,,,,,,,,,,,,,,,,,,,,,,,,,,,,,,,,,,,
1768920123.944627,1768920123.945208,61.0,0.0,4345.128418,4343.974121,4355.128418,4366.410156,4327.563965,4336.153809,4331.922852,4355.512695,4356.922852,4326.410156,4520.512695,4541.153809,4417.563965,4473.589844,,,,,,,,,,,,,,,,,,,,,,,,,,,,,,,,,,,,,,,,,,,,,,,,,,,,,,,,,,,,,,,,,,,,,,
1768920123.952436,1768920123.953117,62.0,0.0,4341.666504,4335.128418,4350.128418,4363.461426,4326.153809,4338.589844,4334.615234,4354.743652,4353.077148,4314.871582,4511.282227,4539.871582,4409.871582,4466.025879,,,,,,,,,,,,,,,,,,,,,,,,,,,,,,,,,,,,,,,,,,,,,,,,,,,,,,,,,,,,,,,,,,,,,,
1768920123.960244,1768920123.960926,63.0,0.0,4340.769043,4328.717773,4342.563965,4358.333496,4328.717773,4338.333496,4328.717773,4347.692383,4345.384766,4318.461426,4502.820313,4527.94873,4404.871582,4455.256348,,,,,,,,,,,,,,,,,,,,,,,,,,,,,,,,,,,,,,,,,,,,,,,,,,,,,,,,,,,,,,,,,,,,,,
1768920123.968053,1768920123.968934,64.0,0.0,4340.512695,4328.205078,4341.282227,4357.05127,4325.512695,4334.487305,4323.846191,4350.128418,4350.769043,4330.641113,4507.05127,4525.641113,4407.563965,4459.487305,0.658432,0.159864,0.235911,0.237243,0.163987,0.607282,0.253167,0.368282,0.390195,0.124824,0.742555,0.213495,0.255479,0.176725,0.147604,0.43936,0.3465,0.175824,0.159893,0.083898,0.212029,0.163826,0.05443,0.043265,0.063231,0.194789,0.199852,0.109161,0.14623,0.194138,0.215562,0.433099,0.121231,0.182966,0.336426,0.230235,0.510357,0.125691,0.107623,0.164666,0.3139,0.616225,0.168908,0.147849,0.176124,0.368086,0.247625,0.087772,0.161739,0.17722,0.501611,0.445249,0.238848,0.212111,0.193514,0.526072,0.234264,0.152103,0.278046,0.192097,0.489271,0.707091,0.312751,0.385808,0.105928,0.794303,0.473816,0.431495,0.414655,0.144469
1768920123.975861,1768920123.976742,65.0,0.0,4336.922852,4327.94873,4347.05127,4356.794922,4325.512695,4337.692383,4329.743652,4355.641113,4351.922852,4325.512695,4507.820313,4531.666504,4405.512695,4460.897461,,,,,,,,,,,,,,,,,,,,,,,,,,,,,,,,,,,,,,,,,,,,,,,,,,,,,,,,,,,,,,,,,,,,,,
1768920123.98367,1768920123.984451,66.0,0.0,4335.897461,4332.563965,4351.794922,4360.256348,4327.692383,4335.769043,4332.05127,4352.307617,4343.589844,4318.333496,4507.436035,4530.769043,4407.179688,4457.692383,,,,,,,,,,,,,,,,,,,,,,,,,,,,,,,,,,,,,,,,,,,,,,,,,,,,,,,,,,,,,,,,,,,,,,
1768920123.991478,1768920123.992259,67.0,0.0,4339.487305,4336.282227,4346.153809,4362.05127,4326.794922,4325.897461,4322.179688,4348.461426,4344.102539,4324.743652,4511.794922,4529.871582,4411.666504,4462.05127,,,,,,,,,,,,,,,,,,,,,,,,,,,,,,,,,,,,,,,,,,,,,,,,,,,,,,,,,,,,,,,,,,,,,,
1768920123.999287,1768920123.999868,68.0,0.0,4337.692383,4330.769043,4340.256348,4357.307617,4325.256348,4328.846191,4321.153809,4349.743652,4347.307617,4325.897461,4507.563965,4530.512695,4407.436035,4463.077148,,,,,,,,,,,,,,,,,,,,,,,,,,,,,,,,,,,,,,,,,,,,,,,,,,,,,,,,,,,,,,,,,,,,,,
1768920124.007095,1768920124.007676,69.0,0.0,4334.743652,4327.94873,4345.897461,4359.102539,4326.153809,4341.282227,4332.05127,4352.820313,4347.820313,4325.256348,4507.820313,4528.461426,4406.794922,4459.743652,,,,,,,,,,,,,,,,,,,,,,,,,,,,,,,,,,,,,,,,,,,,,,,,,,,,,,,,,,,,,,,,,,,,,,
1768920124.014904,1768920124.015385,70.0,0.0,4338.461426,4330.897461,4350.897461,4365.769043,4324.230957,4337.94873,4336.922852,4355.769043,4353.717773,4330.769043,4518.717773,4533.077148,4412.05127,4464.615234,,,,,,,,,,,,,,,,,,,,,,,,,,,,,,,,,,,,,,,,,,,,,,,,,,,,,,,,,,,,,,,,,,,,,,
1768920124.022712,1768920124.023193,71.0,0.0,4340.256348,4330.128418,4347.307617,4361.025879,4320.128418,4329.230957,4332.94873,4354.743652,4352.05127,4328.461426,4514.230957,4535.128418,4406.282227,4468.846191,,,,,,,,,,,,,,,,,,,,,,,,,,,,,,,,,,,,,,,,,,,,,,,,,,,,,,,,,,,,,,,,,,,,,,
1768920124.030521,1768920124.030802,72.0,0.0,4338.205078,4328.461426,4344.230957,4355.256348,4323.205078,4329.102539,4331.153809,4352.820313,4345.769043,4322.820313,4505.512695,4530.0,4403.846191,4464.102539,,,,,,,,,,,,,,,,,,,,,,,,,,,,,,,,,,,,,,,,,,,,,,,,,,,,,,,,,,,,,,,,,,,,,,
1768920124.038329,1768920124.038611,73.0,0.0,4337.820313,4328.974121,4345.128418,4358.461426,4328.589844,4330.641113,4337.563965,4356.922852,4351.282227,4326.025879,4514.230957,4532.179688,4412.563965,4461.025879,,,,,,,,,,,,,,,,,,,,,,,,,,,,,,,,,,,,,,,,,,,,,,,,,,,,,,,,,,,,,,,,,,,,,,
1768920124.046138,1768920124.046319,74.0,0.0,4338.717773,4328.461426,4344.615234,4359.871582,4327.94873,4336.666504,4346.538574,4359.102539,4353.846191,4330.512695,4518.333496,4534.743652,4413.589844,4461.410156,,,,,,,,,,,,,,,,,,,,,,,,,,,,,,,,,,,,,,,,,,,,,,,,,,,,,,,,,,,,,,,,,,,,,,
1768920124.053946,1768920124.054127,75.0,0.0,4337.94873,4329.743652,4342.94873,4357.820313,4323.974121,4338.461426,4342.307617,4349.871582,4344.230957,4320.384766,4507.436035,4523.589844,4409.230957,4457.436035,,,,,,,,,,,,,,,,,,,,,,,,,,,,,,,,,,,,,,,,,,,,,,,,,,,,,,,,,,,,,,,,,,,,,,
1768920124.061755,1768920124.062135,76.0,0.0,4336.666504,4329.230957,4342.563965,4356.538574,4324.487305,4328.205078,4328.846191,4342.692383,4337.692383,4310.256348,4501.153809,4516.282227,4406.538574,4453.077148,,,,,,,,,,,,,,,,,,,,,,,,,,,,,,,,,,,,,,,,,,,,,,,,,,,,,,,,,,,,,,,,,,,,,,
1768920124.069563,1768920124.069944,77.0,0.0,4335.641113,4325.512695,4343.205078,4357.05127,4322.179688,4322.820313,4330.128418,4349.487305,4340.0,4318.077148,4505.384766,4525.128418,4402.692383,4458.461426,,,,,,,,,,,,,,,,,,,,,,,,,,,,,,,,,,,,,,,,,,,,,,,,,,,,,,,,,,,,,,,,,,,,,,
1768920124.077372,1768920124.077852,78.0,0.0,4334.358887,4325.512695,4342.94873,4357.563965,4318.717773,4329.230957,4341.666504,4353.846191,4342.05127,4324.102539,4506.666504,4530.256348,4400.512695,4461.153809,,,,,,,,,,,,,,,,,,,,,,,,,,,,,,,,,,,,,,,,,,,,,,,,,,,,,,,,,,,,,,,,,,,,,,
1768920124.08518,1768920124.085661,79.0,0.0,4334.358887,4326.794922,4339.102539,4353.589844,4320.384766,4331.666504,4339.743652,4343.461426,4336.794922,4312.436035,4496.282227,4519.358887,4398.205078,4450.641113,,,,,,,,,,,,,,,,,,,,,,,,,,,,,,,,,,,,,,,,,,,,,,,,,,,,,,,,,,,,,,,,,,,,,,
1768920124.092989,1768920124.093269,80.0,0.0,4335.0,4327.179688,4338.589844,4351.538574,4321.153809,4329.102539,4336.666504,4336.794922,4330.641113,4305.769043,4488.589844,4510.512695,4393.974121,4445.641113,0.674431,0.137319,0.236596,0.215128,0.151953,0.780964,0.296217,0.351217,0.330203,0.120967,0.72217,0.223638,0.265841,0.167822,0.147803,0.46014,0.331582,0.208936,0.15532,0.080839,0.204598,0.152554,0.048726,0.041415,0.060338,0.195854,0.221673,0.12488,0.174921,0.212812,0.250534,0.451475,0.124216,0.198842,0.351333,0.223951,0.440948,0.133249,0.120074,0.163577,0.30626,0.578385,0.200492,0.138465,0.165043,0.394013,0.231595,0.115005,0.156449,0.164209,0.510606,0.445257,0.331663,0.173041,0.182622,0.605716,0.226053,0.227542,0.250151,0.204359,0.502378,0.666696,0.293159,0.331085,0.105295,0.796363,0.517917,0.49384,0.380366,0.140995
1768920124.100797,1768920124.101077,81.0,0.0,4336.538574,4326.666504,4342.307617,4356.538574,4322.179688,4332.820313,4346.153809,4343.717773,4330.512695,4310.769043,4497.05127,4518.333496,4396.410156,4451.666504,,,,,,,,,,,,,,,,,,,,,,,,,,,,,,,,,,,,,,,,,,,,,,,,,,,,,,,,,,,,,,,,,,,,,,
1768920124.108606,1768920124.108785,82.0,0.0,4338.077148,4324.871582,4344.358887,4358.205078,4325.0,4336.538574,4350.256348,4350.641113,4336.153809,4312.563965,4507.692383,4530.641113,4405.897461,4456.666504,,,,,,,,,,,,,,,,,,,,,,,,,,,,,,,,,,,,,,,,,,,,,,,,,,,,,,,,,,,,,,,,,,,,,,
1768920124.116414,1768920124.116594,83.0,0.0,4338.717773,4327.05127,4345.512695,4355.769043,4326.153809,4337.436035,4348.461426,4350.512695,4340.641113,4312.179688,4508.077148,4533.205078,4408.974121,4458.461426,,,,,,,,,,,,,,,,,,,,,,,,,,,,,,,,,,,,,,,,,,,,,,,,,,,,,,,,,,,,,,,,,,,,,,
1768920124.124223,1768920124.124602,84.0,0.0,4337.436035,4333.461426,4345.0,4357.563965,4326.922852,4342.307617,4357.436035,4348.077148,4338.077148,4312.436035,4503.461426,4526.538574,4400.897461,4455.512695,,,,,,,,,,,,,,,,,,,,,,,,,,,,,,,,,,,,,,,,,,,,,,,,,,,,,,,,,,,,,,,,,,,,,,
1768920124.132031,1768920124.13241,85.0,0.0,4336.410156,4330.512695,4344.487305,4358.205078,4326.025879,4340.0,4356.922852,4350.897461,4335.641113,4308.077148,4499.743652,4525.769043,4395.0,4451.410156,,,,,,,,,,,,,,,,,,,,,,,,,,,,,,,,,,,,,,,,,,,,,,,,,,,,,,,,,,,,,,,,,,,,,,
1768920124.13984,1768920124.140319,86.0,0.0,4340.0,4328.205078,4350.769043,4356.666504,4323.589844,4328.205078,4341.025879,4354.615234,4340.512695,4309.743652,4503.717773,4535.512695,4404.487305,4457.820313,,,,,,,,,,,,,,,,,,,,,,,,,,,,,,,,,,,,,,,,,,,,,,,,,,,,,,,,,,,,,,,,,,,,,,
1768920124.147648,1768920124.148127,87.0,0.0,4339.615234,4334.358887,4352.94873,4357.05127,4326.282227,4332.179688,4347.563965,4348.461426,4340.769043,4316.794922,4509.615234,4535.128418,4411.153809,4459.230957,,,,,,,,,,,,,,,,,,,,,,,,,,,,,,,,,,,,,,,,,,,,,,,,,,,,,,,,,,,,,,,,,,,,,,
1768920124.155457,1768920124.156135,88.0,0.0,4334.358887,4333.589844,4343.205078,4356.153809,4330.769043,4343.077148,4365.128418,4342.307617,4334.487305,4316.922852,4505.0,4518.717773,4404.230957,4449.230957,,,,,,,,,,,,,,,,,,,,,,,,,,,,,,,,,,,,,,,,,,,,,,,,,,,,,,,,,,,,,,,,,,,,,,
1768920124.163265,1768920124.163944,89.0,0.0,4338.974121,4331.410156,4344.615234,4359.743652,4328.077148,4338.846191,4355.769043,4349.487305,4339.743652,4319.615234,4503.717773,4519.487305,4404.615234,4453.205078,,,,,,,,,,,,,,,,,,,,,,,,,,,,,,,,,,,,,,,,,,,,,,,,,,,,,,,,,,,,,,,,,,,,,,
1768920124.171074,1768920124.171852,90.0,0.0,4350.256348,4337.05127,4359.230957,4365.256348,4327.179688,4334.230957,4340.769043,4357.94873,4348.589844,4326.666504,4511.666504,4536.410156,4413.461426,4462.94873,,,,,,,,,,,,,,,,,,,,,,,,,,,,,,,,,,,,,,,,,,,,,,,,,,,,,,,,,,,,,,,,,,,,,,
1768920124.178882,1768920124.179661,91.0,0.0,4349.743652,4341.666504,4359.102539,4363.461426,4329.102539,4333.589844,4342.563965,4353.461426,4344.743652,4324.871582,4511.410156,4537.94873,4414.743652,4460.256348,,,,,,,,,,,,,,,,,,,,,,,,,,,,,,,,,,,,,,,,,,,,,,,,,,,,,,,,,,,,,,,,,,,,,,
1768920124.186691,1768920124.187569,92.0,0.0,4340.769043,4339.871582,4351.666504,4361.282227,4324.615234,4329.871582,4345.512695,4347.307617,4339.871582,4322.179688,4506.794922,4531.410156,4412.436035,4456.922852,,,,,,,,,,,,,,,,,,,,,,,,,,,,,,,,,,,,,,,,,,,,,,,,,,,,,,,,,,,,,,,,,,,,,,
1768920124.1945,1768920124.195377,93.0,0.0,4340.256348,4340.128418,4355.384766,4365.0,4320.256348,4331.794922,4340.512695,4347.820313,4341.538574,4325.641113,4512.307617,4532.692383,4412.692383,4457.179688,,,,,,,,,,,,,,,,,,,,,,,,,,,,,,,,,,,,,,,,,,,,,,,,,,,,,,,,,,,,,,,,,,,,,,
1768920124.202308,1768920124.203086,94.0,0.0,4345.897461,4344.615234,4361.282227,4367.307617,4324.487305,4336.666504,4340.769043,4348.717773,4338.589844,4323.974121,4517.436035,4538.589844,4412.563965,4457.05127,,,,,,,,,,,,,,,,,,,,,,,,,,,,,,,,,,,,,,,,,,,,,,,,,,,,,,,,,,,,,,,,,,,,,,
1768920124.210117,1768920124.210894,95.0,0.0,4345.384766,4342.179688,4358.077148,4363.589844,4330.0,4338.205078,4354.743652,4351.538574,4337.05127,4318.077148,4512.820313,4539.871582,4412.436035,4460.384766,,,,,,,,,,,,,,,,,,,,,,,,,,,,,,,,,,,,,,,,,,,,,,,,,,,,,,,,,,,,,,,,,,,,,,
1768920124.217925,1768920124.218503,96.0,0.0,4336.538574,4329.743652,4347.436035,4356.410156,4328.589844,4341.025879,4360.769043,4352.692383,4339.102539,4313.846191,4503.974121,4534.102539,4406.666504,4455.512695,0.703785,0.119271,0.243219,0.190148,0.134381,1.030175,0.355295,0.332965,0.264767,0.118899,0.725428,0.244848,0.276165,0.160239,0.13959,0.486996,0.318816,0.241765,0.148745,0.07689,0.210679,0.160965,0.044198,0.039382,0.060138,0.208774,0.262206,0.151714,0.217189,0.237895,0.291156,0.473948,0.140941,0.22976,0.358874,0.21239,0.35524,0.151374,0.141233,0.15898,0.280375,0.493592,0.233271,0.13362,0.148505,0.408499,0.217385,0.148918,0.152608,0.143482,0.528193,0.462701,0.464909,0.138484,0.169549,0.694762,0.225066,0.331238,0.232853,0.205373,0.583086,0.630108,0.281763,0.275139,0.105525,0.872065,0.535328,0.553913,0.330649,0.141753
1768920124.225734,1768920124.226311,97.0,0.0,4333.205078,4321.922852,4341.666504,4351.922852,4323.846191,4338.461426,4347.692383,4349.102539,4336.153809,4307.94873,4500.128418,4530.641113,4401.538574,4447.436035,,,,,,,,,,,,,,,,,,,,,,,,,,,,,,,,,,,,,,,,,,,,,,,,,,,,,,,,,,,,,,,,,,,,,,
1768920124.233542,1768920124.23402,98.0,0.0,4344.487305,4332.307617,4353.205078,4355.384766,4324.487305,4336.922852,4350.128418,4354.487305,4343.461426,4315.897461,4511.025879,4545.0,4413.205078,4459.358887,,,,,,,,,,,,,,,,,,,,,,,,,,,,,,,,,,,,,,,,,,,,,,,,,,,,,,,,,,,,,,,,,,,,,,
1768920124.241351,1768920124.241828,99.0,0.0,4353.589844,4343.205078,4365.0,4363.205078,4328.205078,4342.820313,4362.307617,4364.102539,4357.05127,4337.563965,4528.077148,4559.230957,4431.282227,4477.307617,,,,,,,,,,,,,,,,,,,,,,,,,,,,,,,,,,,,,,,,,,,,,,,,,,,,,,,,,,,,,,,,,,,,,,
1768920124.249159,1768920124.249836,100.0,0.0,4351.153809,4343.461426,4361.153809,4368.461426,4329.743652,4337.179688,4348.333496,4357.820313,4352.820313,4343.589844,4527.94873,4550.256348,4432.692383,4480.256348,,,,,,,,,,,,,,,,,,,,,,,,,,,,,,,,,,,,,,,,,,,,,,,,,,,,,,,,,,,,,,,,,,,,,,
1768920124.256968,1768920124.257645,101.0,0.0,4350.512695,4341.153809,4356.794922,4365.512695,4328.974121,4326.666504,4335.256348,4349.615234,4341.025879,4331.025879,4516.153809,4540.769043,4422.179688,4470.897461,,,,,,,,,,,,,,,,,,,,,,,,,,,,,,,,,,,,,,,,,,,,,,,,,,,,,,,,,,,,,,,,,,,,,,
1768920124.264776,1768920124.265554,102.0,0.0,4351.025879,4339.743652,4356.666504,4358.717773,4327.436035,4330.769043,4344.102539,4355.512695,4341.025879,4324.871582,4517.05127,4545.512695,4417.94873,4463.589844,,,,,,,,,,,,,,,,,,,,,,,,,,,,,,,,,,,,,,,,,,,,,,,,,,,,,,,,,,,,,,,,,,,,,,
1768920124.272585,1768920124.273362,103.0,0.0,4346.410156,4339.743652,4353.333496,4357.307617,4325.256348,4337.307617,4347.820313,4358.077148,4343.205078,4327.563965,4524.743652,4549.743652,4416.153809,4466.666504,,,,,,,,,,,,,,,,,,,,,,,,,,,,,,,,,,,,,,,,,,,,,,,,,,,,,,,,,,,,,,,,,,,,,,
1768920124.280393,1768920124.28137,104.0,0.0,4348.205078,4340.256348,4353.974121,4359.743652,4326.410156,4336.538574,4346.922852,4355.256348,4343.461426,4326.794922,4522.307617,4548.717773,4414.102539,4471.153809,,,,,,,,,,,,,,,,,,,,,,,,,,,,,,,,,,,,,,,,,,,,,,,,,,,,,,,,,,,,,,,,,,,,,,
1768920124.288202,1768920124.289179,105.0,0.0,4353.974121,4339.743652,4356.025879,4362.94873,4330.0,4337.307617,4350.641113,4357.307617,4344.871582,4324.615234,4512.307617,4543.205078,4412.179688,4462.05127,,,,,,,,,,,,,,,,,,,,,,,,,,,,,,,,,,,,,,,,,,,,,,,,,,,,,,,,,,,,,,,,,,,,,,
1768920124.29601,1768920124.296887,106.0,0.0,4351.282227,4339.102539,4352.05127,4365.897461,4329.230957,4334.743652,4347.307617,4355.641113,4337.307617,4318.846191,4505.769043,4536.282227,4406.666504,4446.282227,,,,,,,,,,,,,,,,,,,,,,,,,,,,,,,,,,,,,,,,,,,,,,,,,,,,,,,,,,,,,,,,,,,,,,
1768920124.303819,1768920124.304695,107.0,0.0,4349.230957,4339.102539,4350.384766,4365.769043,4326.025879,4328.333496,4340.769043,4349.743652,4331.666504,4313.974121,4507.563965,4537.05127,4402.307617,4443.077148,,,,,,,,,,,,,,,,,,,,,,,,,,,,,,,,,,,,,,,,,,,,,,,,,,,,,,,,,,,,,,,,,,,,,,
1768920124.311627,1768920124.312703,108.0,0.0,4351.282227,4340.384766,4354.102539,4364.615234,4326.794922,4329.743652,4338.974121,4348.205078,4334.102539,4315.641113,4510.384766,4541.025879,4405.384766,4449.487305,,,,,,,,,,,,,,,,,,,,,,,,,,,,,,,,,,,,,,,,,,,,,,,,,,,,,,,,,,,,,,,,,,,,,,
1768920124.319436,1768920124.320512,109.0,0.0,4351.025879,4340.384766,4354.871582,4365.0,4328.333496,4336.666504,4342.820313,4350.769043,4332.563965,4313.589844,4505.769043,4536.666504,4404.358887,4450.384766,,,,,,,,,,,,,,,,,,,,,,,,,,,,,,,,,,,,,,,,,,,,,,,,,,,,,,,,,,,,,,,,,,,,,,
1768920124.327244,1768920124.32842,110.0,0.0,4350.897461,4336.025879,4353.846191,4364.615234,4327.179688,4336.922852,4348.077148,4354.743652,4331.794922,4306.025879,4499.615234,4528.846191,4396.794922,4445.641113,,,,,,,,,,,,,,,,,,,,,,,,,,,,,,,,,,,,,,,,,,,,,,,,,,,,,,,,,,,,,,,,,,,,,,
1768920124.335053,1768920124.336229,111.0,0.0,4350.0,4332.94873,4351.538574,4362.307617,4324.358887,4330.384766,4339.102539,4352.820313,4332.94873,4308.717773,4499.358887,4521.922852,4398.077148,4445.0,,,,,,,,,,,,,,,,,,,,,,,,,,,,,,,,,,,,,,,,,,,,,,,,,,,,,,,,,,,,,,,,,,,,,,
1768920124.342861,1768920124.344237,112.0,0.0,4340.128418,4329.358887,4343.717773,4358.461426,4322.820313,4326.666504,4328.205078,4345.512695,4329.102539,4314.743652,4497.179688,4519.615234,4399.743652,4445.384766,0.736289,0.113911,0.257036,0.166591,0.117288,1.293955,0.414015,0.315275,0.209804,0.12033,0.741009,0.281363,0.284094,0.15556,0.127226,0.530762,0.316498,0.268134,0.141368,0.073899,0.229011,0.184268,0.040267,0.03742,0.061185,0.23205,0.31931,0.179683,0.262321,0.263871,0.331987,0.51232,0.164975,0.27543,0.360372,0.199546,0.280874,0.173989,0.167812,0.155603,0.2423,0.389842,0.258467,0.133128,0.132743,0.411799,0.203476,0.181629,0.154436,0.123373,0.558795,0.491723,0.607264,0.112153,0.157834,0.759941,0.239174,0.440182,0.224387,0.198696,0.700565,0.59898,0.280867,0.23111,0.105593,0.993566,0.524226,0.596856,0.271447,0.145814
1768920124.35067,1768920124.352045,113.0,0.0,4335.769043,4325.0,4342.436035,4355.128418,4325.256348,4327.179688,4330.512695,4347.179688,4328.333496,4312.820313,4492.05127,4523.589844,4396.153809,4442.692383,,,,,,,,,,,,,,,,,,,,,,,,,,,,,,,,,,,,,,,,,,,,,,,,,,,,,,,,,,,,,,,,,,,,,,
1768920124.358478,1768920124.359754,114.0,0.0,4348.205078,4330.0,4349.358887,4358.717773,4327.05127,4326.025879,4331.153809,4347.692383,4329.615234,4307.692383,4490.256348,4526.282227,4396.282227,4444.102539,,,,,,,,,,,,,,,,,,,,,,,,,,,,,,,,,,,,,,,,,,,,,,,,,,,,,,,,,,,,,,,,,,,,,,
1768920124.366287,1768920124.367562,115.0,0.0,4357.05127,4341.922852,4348.205078,4364.487305,4325.641113,4324.102539,4323.974121,4338.077148,4325.256348,4306.922852,4492.179688,4525.384766,4398.717773,4448.077148,,,,,,,,,,,,,,,,,,,,,,,,,,,,,,,,,,,,,,,,,,,,,,,,,,,,,,,,,,,,,,,,,,,,,,
1768920124.374095,1768920124.375171,116.0,0.0,4354.230957,4347.179688,4342.05127,4363.974121,4324.615234,4324.230957,4322.05127,4334.743652,4318.846191,4309.615234,4493.205078,4524.615234,4399.871582,4446.794922,,,,,,,,,,,,,,,,,,,,,,,,,,,,,,,,,,,,,,,,,,,,,,,,,,,,,,,,,,,,,,,,,,,,,,
1768920124.381904,1768920124.382979,117.0,0.0,4352.307617,4344.615234,4341.282227,4362.307617,4326.794922,4323.974121,4323.846191,4337.563965,4313.205078,4309.358887,4492.563965,4516.025879,4400.641113,4445.512695,,,,,,,,,,,,,,,,,,,,,,,,,,,,,,,,,,,,,,,,,,,,,,,,,,,,,,,,,,,,,,,,,,,,,,
1768920124.389712,1768920124.390688,118.0,0.0,4350.897461,4340.384766,4337.05127,4358.077148,4326.153809,4324.102539,4322.94873,4337.94873,4311.922852,4300.512695,4492.179688,4507.820313,4396.666504,4444.358887,,,,,,,,,,,,,,,,,,,,,,,,,,,,,,,,,,,,,,,,,,,,,,,,,,,,,,,,,,,,,,,,,,,,,,
1768920124.397521,1768920124.398496,119.0,0.0,4346.282227,4336.025879,4332.94873,4349.871582,4315.897461,4324.358887,4323.461426,4339.871582,4318.461426,4296.282227,4489.743652,4510.384766,4389.743652,4440.641113,,,,,,,,,,,,,,,,,,,,,,,,,,,,,,,,,,,,,,,,,,,,,,,,,,,,,,,,,,,,,,,,,,,,,,
1768920124.405329,1768920124.406105,120.0,0.0,4345.641113,4335.128418,4339.102539,4349.615234,4310.641113,4322.05127,4324.230957,4343.205078,4322.307617,4301.794922,4491.794922,4515.0,4392.307617,4444.230957,,,,,,,,,,,,,,,,,,,,,,,,,,,,,,,,,,,,,,,,,,,,,,,,,,,,,,,,,,,,,,,,,,,,,,
1768920124.413138,1768920124.413914,121.0,0.0,4346.794922,4332.820313,4339.615234,4353.589844,4319.871582,4323.717773,4326.282227,4346.282227,4324.358887,4303.205078,4500.897461,4516.410156,4398.846191,4450.0,,,,,,,,,,,,,,,,,,,,,,,,,,,,,,,,,,,,,,,,,,,,,,,,,,,,,,,,,,,,,,,,,,,,,,
1768920124.420946,1768920124.421622,122.0,0.0,4345.128418,4329.487305,4332.05127,4352.94873,4326.922852,4330.0,4329.230957,4347.563965,4327.563965,4303.717773,4503.461426,4512.563965,4399.358887,4447.05127,,,,,,,,,,,,,,,,,,,,,,,,,,,,,,,,,,,,,,,,,,,,,,,,,,,,,,,,,,,,,,,,,,,,,,
1768920124.428755,1768920124.429431,123.0,0.0,4345.384766,4335.384766,4336.282227,4352.563965,4326.153809,4332.179688,4330.384766,4348.717773,4326.538574,4310.384766,4495.384766,4514.615234,4395.0,4443.333496,,,,,,,,,,,,,,,,,,,,,,,,,,,,,,,,,,,,,,,,,,,,,,,,,,,,,,,,,,,,,,,,,,,,,,
1768920124.436563,1768920124.437039,124.0,0.0,4344.743652,4340.384766,4344.871582,4352.692383,4325.128418,4329.358887,4328.846191,4352.94873,4326.410156,4312.436035,4491.282227,4520.897461,4393.077148,4445.0,,,,,,,,,,,,,,,,,,,,,,,,,,,,,,,,,,,,,,,,,,,,,,,,,,,,,,,,,,,,,,,,,,,,,,
1768920124.444372,1768920124.444847,125.0,0.0,4341.538574,4339.102539,4336.538574,4352.820313,4323.974121,4324.743652,4323.077148,4350.256348,4327.05127,4308.717773,4494.871582,4517.05127,4392.692383,4443.589844,,,,,,,,,,,,,,,,,,,,,,,,,,,,,,,,,,,,,,,,,,,,,,,,,,,,,,,,,,,,,,,,,,,,,,
1768920124.452181,1768920124.452755,126.0,0.0,4337.94873,4339.102539,4324.615234,4353.589844,4324.102539,4325.384766,4325.0,4342.692383,4326.153809,4306.025879,4493.589844,4510.256348,4390.0,4440.256348,,,,,,,,,,,,,,,,,,,,,,,,,,,,,,,,,,,,,,,,,,,,,,,,,,,,,,,,,,,,,,,,,,,,,,
1768920124.459989,1768920124.460564,127.0,0.0,4336.153809,4340.641113,4330.641113,4353.205078,4327.307617,4328.333496,4331.538574,4340.256348,4325.641113,4307.307617,4488.589844,4510.641113,4385.128418,4437.94873,,,,,,,,,,,,,,,,,,,,,,,,,,,,,,,,,,,,,,,,,,,,,,,,,,,,,,,,,,,,,,,,,,,,,,
1768920124.467798,1768920124.468572,0.0,0.0,4334.358887,4336.794922,4336.538574,4350.769043,4325.641113,4325.256348,4328.077148,4341.410156,4322.820313,4301.538574,4489.358887,4510.384766,4380.256348,4430.256348,0.748264,0.124287,0.27401,0.147341,0.105162,1.47966,0.45158,0.296049,0.173568,0.124468,0.75461,0.328116,0.286214,0.151388,0.116668,0.59807,0.324117,0.281598,0.134481,0.073367,0.254999,0.211544,0.036944,0.036572,0.061671,0.259586,0.383572,0.195463,0.29821,0.284834,0.357435,0.574803,0.18339,0.330956,0.36157,0.187168,0.237425,0.191263,0.192874,0.156923,0.202804,0.297949,0.267945,0.1347,0.122197,0.4236,0.194693,0.206816,0.163925,0.11219,0.594853,0.519137,0.712456,0.097021,0.15173,0.76616,0.274655,0.523483,0.218648,0.193305,0.804861,0.569156,0.286044,0.205178,0.105667,1.093856,0.496742,0.608676,0.212113,0.152023
1768920124.475606,1768920124.476381,1.0,0.0,4332.436035,4334.743652,4330.128418,4348.333496,4322.563965,4323.846191,4322.436035,4344.487305,4322.563965,4295.256348,4494.102539,4508.589844,4383.077148,4431.794922,,,,,,,,,,,,,,,,,,,,,,,,,,,,,,,,,,,,,,,,,,,,,,,,,,,,,,,,,,,,,,,,,,,,,,
1768920124.483415,1768920124.484289,2.0,0.0,4332.307617,4337.563965,4323.717773,4342.820313,4323.717773,4326.794922,4324.871582,4345.897461,4328.333496,4302.820313,4490.769043,4510.384766,4386.794922,4438.974121,,,,,,,,,,,,,,,,,,,,,,,,,,,,,,,,,,,,,,,,,,,,,,,,,,,,,,,,,,,,,,,,,,,,,,
1768920124.491223,1768920124.492097,3.0,0.0,4335.512695,4336.282227,4325.641113,4340.0,4324.615234,4326.922852,4326.666504,4344.615234,4328.589844,4311.282227,4482.307617,4510.256348,4384.743652,4434.358887,,,,,,,,,,,,,,,,,,,,,,,,,,,,,,,,,,,,,,,,,,,,,,,,,,,,,,,,,,,,,,,,,,,,,,
1768920124.499032,1768920124.499706,4.0,0.0,4340.256348,4336.025879,4334.358887,4346.922852,4324.230957,4326.794922,4326.153809,4347.05127,4325.512695,4310.256348,4485.512695,4511.666504,4387.436035,4432.563965,,,,,,,,,,,,,,,,,,,,,,,,,,,,,,,,,,,,,,,,,,,,,,,,,,,,,,,,,,,,,,,,,,,,,,
1768920124.50684,1768920124.507514,5.0,0.0,4342.94873,4341.153809,4343.846191,4352.820313,4324.358887,4328.846191,4329.615234,4349.871582,4330.128418,4313.333496,4494.615234,4515.384766,4395.769043,4441.666504,,,,,,,,,,,,,,,,,,,,,,,,,,,,,,,,,,,,,,,,,,,,,,,,,,,,,,,,,,,,,,,,,,,,,,
1768920124.514649,1768920124.515422,6.0,0.0,4344.358887,4343.589844,4341.282227,4351.922852,4325.0,4326.025879,4326.153809,4346.410156,4330.128418,4316.410156,4494.230957,4513.974121,4399.615234,4449.102539,,,,,,,,,,,,,,,,,,,,,,,,,,,,,,,,,,,,,,,,,,,,,,,,,,,,,,,,,,,,,,,,,,,,,,
1768920124.522457,1768920124.523231,7.0,0.0,4342.94873,4342.692383,4333.974121,4349.871582,4327.820313,4325.897461,4321.410156,4345.512695,4326.922852,4311.025879,4491.922852,4516.410156,4398.846191,4451.794922,,,,,,,,,,,,,,,,,,,,,,,,,,,,,,,,,,,,,,,,,,,,,,,,,,,,,,,,,,,,,,,,,,,,,,
1768920124.530266,1768920124.531239,8.0,0.0,4340.641113,4343.461426,4341.025879,4354.102539,4329.358887,4332.307617,4326.410156,4348.205078,4331.922852,4309.487305,4496.282227,4522.307617,4399.487305,4447.692383,,,,,,,,,,,,,,,,,,,,,,,,,,,,,,,,,,,,,,,,,,,,,,,,,,,,,,,,,,,,,,,,,,,,,,
1768920124.538074,1768920124.539048,9.0,0.0,4340.128418,4345.128418,4352.820313,4359.615234,4328.589844,4328.717773,4325.384766,4347.05127,4335.897461,4313.461426,4497.94873,4521.153809,4395.0,4440.128418,,,,,,,,,,,,,,,,,,,,,,,,,,,,,,,,,,,,,,,,,,,,,,,,,,,,,,,,,,,,,,,,,,,,,,
1768920124.545883,1768920124.546856,10.0,0.0,4340.512695,4345.897461,4350.641113,4359.102539,4331.153809,4323.974121,4322.94873,4349.615234,4338.077148,4318.333496,4500.128418,4523.333496,4392.94873,4443.846191,,,,,,,,,,,,,,,,,,,,,,,,,,,,,,,,,,,,,,,,,,,,,,,,,,,,,,,,,,,,,,,,,,,,,,
1768920124.553691,1768920124.554664,11.0,0.0,4339.487305,4345.128418,4343.205078,4356.922852,4332.563965,4332.307617,4331.410156,4353.717773,4338.077148,4323.717773,4508.717773,4531.794922,4400.128418,4448.461426,,,,,,,,,,,,,,,,,,,,,,,,,,,,,,,,,,,,,,,,,,,,,,,,,,,,,,,,,,,,,,,,,,,,,,
1768920124.5615,1768920124.562273,12.0,0.0,4340.641113,4343.717773,4342.692383,4357.563965,4330.512695,4336.538574,4331.666504,4346.794922,4330.256348,4318.205078,4506.922852,4526.794922,4401.282227,4444.487305,,,,,,,,,,,,,,,,,,,,,,,,,,,,,,,,,,,,,,,,,,,,,,,,,,,,,,,,,,,,,,,,,,,,,,
1768920124.569308,1768920124.570082,13.0,0.0,4346.538574,4346.282227,4344.615234,4360.512695,4332.94873,4325.384766,4317.179688,4342.692383,4325.384766,4308.333496,4501.282227,4517.179688,4393.333496,4443.461426,,,,,,,,,,,,,,,,,,,,,,,,,,,,,,,,,,,,,,,,,,,,,,,,,,,,,,,,,,,,,,,,,,,,,,
1768920124.577117,1768920124.57779,14.0,0.0,4348.077148,4346.410156,4344.230957,4360.128418,4335.641113,4321.025879,4313.974121,4348.717773,4329.102539,4308.974121,4502.05127,4521.282227,4390.384766,4442.820313,,,,,,,,,,,,,,,,,,,,,,,,,,,,,,,,,,,,,,,,,,,,,,,,,,,,,,,,,,,,,,,,,,,,,,
1768920124.584925,1768920124.585599,15.0,0.0,4342.307617,4340.128418,4342.307617,4352.820313,4329.102539,4331.282227,4321.025879,4345.256348,4326.153809,4311.538574,4496.282227,4523.333496,4394.871582,4440.128418,,,,,,,,,,,,,,,,,,,,,,,,,,,,,,,,,,,,,,,,,,,,,,,,,,,,,,,,,,,,,,,,,,,,,,
1768920124.592734,1768920124.593207,16.0,0.0,4337.436035,4337.179688,4338.974121,4347.179688,4321.666504,4332.820313,4321.538574,4339.615234,4322.692383,4309.102539,4492.820313,4516.153809,4396.538574,4443.205078,0.72477,0.148814,0.28958,0.134811,0.100169,1.51531,0.456418,0.27586,0.157438,0.128507,0.749941,0.371054,0.281722,0.146088,0.113533,0.677424,0.333247,0.279706,0.130577,0.075418,0.280222,0.230786,0.035689,0.038509,0.060585,0.281914,0.439624,0.192154,0.315802,0.295046,0.366806,0.65646,0.188648,0.38494,0.367314,0.184853,0.232202,0.195217,0.209227,0.163481,0.185856,0.243965,0.259463,0.137258,0.118381,0.48144,0.207447,0.22591,0.180929,0.114276,0.645658,0.534313,0.7468,0.095853,0.154544,0.721259,0.333765,0.559329,0.213132,0.198548,0.878635,0.540908,0.297906,0.197432,0.107315,1.135802,0.474082,0.586245,0.164602,0.160589
1768920124.600542,1768920124.601016,17.0,0.0,4339.487305,4341.794922,4342.436035,4353.846191,4327.05127,4329.487305,4323.717773,4346.794922,4327.820313,4307.94873,4499.743652,4519.487305,4397.307617,4446.410156,,,,,,,,,,,,,,,,,,,,,,,,,,,,,,,,,,,,,,,,,,,,,,,,,,,,,,,,,,,,,,,,,,,,,,
1768920124.608351,1768920124.608724,18.0,0.0,4343.717773,4346.538574,4349.871582,4360.641113,4332.94873,4328.717773,4325.128418,4347.692383,4327.94873,4309.230957,4498.461426,4527.05127,4397.692383,4444.743652,,,,,,,,,,,,,,,,,,,,,,,,,,,,,,,,,,,,,,,,,,,,,,,,,,,,,,,,,,,,,,,,,,,,,,
1768920124.616159,1768920124.616533,19.0,0.0,4349.102539,4347.692383,4350.128418,4360.128418,4329.358887,4319.358887,4313.205078,4337.820313,4324.102539,4311.025879,4495.128418,4523.077148,4395.641113,4447.820313,,,,,,,,,,,,,,,,,,,,,,,,,,,,,,,,,,,,,,,,,,,,,,,,,,,,,,,,,,,,,,,,,,,,,,
1768920124.623968,1768920124.624141,20.0,0.0,4354.615234,4346.922852,4347.94873,4361.282227,4330.384766,4316.922852,4306.666504,4337.692383,4323.974121,4315.384766,4506.282227,4521.922852,4404.102539,4453.461426,,,,,,,,,,,,,,,,,,,,,,,,,,,,,,,,,,,,,,,,,,,,,,,,,,,,,,,,,,,,,,,,,,,,,,
1768920124.631776,1768920124.631949,21.0,0.0,4356.410156,4351.153809,4351.538574,4365.897461,4337.307617,4331.410156,4319.230957,4343.333496,4326.538574,4323.589844,4511.794922,4532.179688,4415.128418,4458.077148,,,,,,,,,,,,,,,,,,,,,,,,,,,,,,,,,,,,,,,,,,,,,,,,,,,,,,,,,,,,,,,,,,,,,,
1768920124.639585,1768920124.639658,22.0,0.0,4357.307617,4357.179688,4353.717773,4366.794922,4336.666504,4341.410156,4329.230957,4347.05127,4331.282227,4328.589844,4507.307617,4536.410156,4409.615234,4455.769043,,,,,,,,,,,,,,,,,,,,,,,,,,,,,,,,,,,,,,,,,,,,,,,,,,,,,,,,,,,,,,,,,,,,,,
1768920124.647393,1768920124.647466,23.0,0.0,4357.820313,4354.871582,4351.666504,4364.871582,4330.0,4335.256348,4325.641113,4350.0,4332.179688,4324.230957,4509.230957,4529.615234,4402.563965,4448.461426,,,,,,,,,,,,,,,,,,,,,,,,,,,,,,,,,,,,,,,,,,,,,,,,,,,,,,,,,,,,,,,,,,,,,,
1768920124.655202,1768920124.655474,24.0,0.0,4359.358887,4352.94873,4349.487305,4363.333496,4333.461426,4332.05127,4326.153809,4347.307617,4328.589844,4324.743652,4512.692383,4531.410156,4410.769043,4454.358887,,,,,,,,,,,,,,,,,,,,,,,,,,,,,,,,,,,,,,,,,,,,,,,,,,,,,,,,,,,,,,,,,,,,,,
1768920124.66301,1768920124.663282,25.0,0.0,4358.717773,4358.846191,4345.512695,4361.410156,4340.384766,4333.974121,4326.666504,4341.410156,4328.461426,4329.358887,4511.666504,4538.205078,4417.692383,4462.820313,,,,,,,,,,,,,,,,,,,,,,,,,,,,,,,,,,,,,,,,,,,,,,,,,,,,,,,,,,,,,,,,,,,,,,
1768920124.670819,1768920124.671191,26.0,0.0,4351.922852,4356.410156,4340.641113,4356.922852,4335.641113,4329.230957,4318.846191,4339.615234,4327.179688,4319.871582,4508.205078,4526.538574,4411.153809,4452.820313,,,,,,,,,,,,,,,,,,,,,,,,,,,,,,,,,,,,,,,,,,,,,,,,,,,,,,,,,,,,,,,,,,,,,,
1768920124.678627,1768920124.678999,27.0,0.0,4347.820313,4345.897461,4339.487305,4350.384766,4327.436035,4329.230957,4321.025879,4347.820313,4328.974121,4312.820313,4505.128418,4515.641113,4403.077148,4440.769043,,,,,,,,,,,,,,,,,,,,,,,,,,,,,,,,,,,,,,,,,,,,,,,,,,,,,,,,,,,,,,,,,,,,,,
1768920124.686436,1768920124.687007,28.0,0.0,4352.436035,4344.743652,4342.820313,4353.333496,4325.256348,4330.256348,4327.563965,4354.230957,4339.102539,4322.179688,4506.538574,4526.025879,4401.538574,4447.436035,,,,,,,,,,,,,,,,,,,,,,,,,,,,,,,,,,,,,,,,,,,,,,,,,,,,,,,,,,,,,,,,,,,,,,
1768920124.694245,1768920124.694816,29.0,0.0,4353.717773,4347.94873,4344.615234,4357.94873,4326.410156,4328.333496,4321.538574,4344.358887,4335.897461,4325.256348,4506.410156,4528.846191,4399.487305,4449.230957,,,,,,,,,,,,,,,,,,,,,,,,,,,,,,,,,,,,,,,,,,,,,,,,,,,,,,,,,,,,,,,,,,,,,,
1768920124.702053,1768920124.702524,30.0,0.0,4342.94873,4340.384766,4337.692383,4348.461426,4328.717773,4331.922852,4321.794922,4341.025879,4326.666504,4319.230957,4504.743652,4519.358887,4396.666504,4441.025879,,,,,,,,,,,,,,,,,,,,,,,,,,,,,,,,,,,,,,,,,,,,,,,,,,,,,,,,,,,,,,,,,,,,,,
1768920124.709862,1768920124.710332,31.0,0.0,4338.205078,4335.0,4333.846191,4342.05127,4331.282227,4333.589844,4326.922852,4351.282227,4334.871582,4323.077148,4506.922852,4526.922852,4397.179688,4448.205078,,,,,,,,,,,,,,,,,,,,,,,,,,,,,,,,,,,,,,,,,,,,,,,,,,,,,,,,,,,,,,,,,,,,,,
1768920124.71767,1768920124.718341,32.0,0.0,4348.717773,4340.641113,4342.563965,4351.794922,4332.94873,4331.538574,4318.717773,4346.922852,4339.230957,4331.666504,4509.487305,4537.94873,4399.743652,4461.922852,0.660367,0.182567,0.302411,0.128695,0.10168,1.383656,0.433578,0.262924,0.157531,0.129251,0.712539,0.395556,0.270255,0.139379,0.121235,0.739031,0.334744,0.265967,0.13242,0.078407,0.293177,0.234074,0.037914,0.044746,0.058295,0.291565,0.471455,0.169704,0.311386,0.291036,0.363525,0.736674,0.179049,0.423641,0.377406,0.203402,0.253997,0.184053,0.212059,0.172131,0.208905,0.234581,0.235766,0.140898,0.119294,0.589681,0.257822,0.246165,0.202971,0.127897,0.728688,0.535787,0.7055,0.108123,0.166143,0.652988,0.404431,0.540382,0.209687,0.217429,0.919937,0.524137,0.321362,0.202823,0.111772,1.128654,0.481533,0.539404,0.136554,0.171716
1768920124.725479,1768920124.726149,33.0,0.0,4356.794922,4345.641113,4352.307617,4361.666504,4335.769043,4331.922852,4312.307617,4332.436035,4325.641113,4327.692383,4509.358887,4530.512695,4404.615234,4461.025879,,,,,,,,,,,,,,,,,,,,,,,,,,,,,,,,,,,,,,,,,,,,,,,,,,,,,,,,,,,,,,,,,,,,,,
1768920124.733287,1768920124.734057,34.0,0.0,4352.820313,4341.666504,4351.153809,4358.461426,4333.461426,4332.05127,4320.0,4337.05127,4324.102539,4317.436035,4508.077148,4525.641113,4405.641113,4454.487305,,,,,,,,,,,,,,,,,,,,,,,,,,,,,,,,,,,,,,,,,,,,,,,,,,,,,,,,,,,,,,,,,,,,,,
1768920124.741096,1768920124.741866,35.0,0.0,4343.333496,4336.153809,4343.846191,4350.128418,4326.922852,4328.974121,4326.794922,4350.512695,4336.410156,4318.461426,4505.512695,4531.025879,4398.461426,4454.358887,,,,,,,,,,,,,,,,,,,,,,,,,,,,,,,,,,,,,,,,,,,,,,,,,,,,,,,,,,,,,,,,,,,,,,
1768920124.748904,1768920124.749874,36.0,0.0,4340.0,4339.871582,4341.282227,4350.897461,4330.641113,4333.589844,4327.05127,4349.102539,4335.897461,4323.589844,4504.615234,4529.102539,4398.974121,4456.666504,,,,,,,,,,,,,,,,,,,,,,,,,,,,,,,,,,,,,,,,,,,,,,,,,,,,,,,,,,,,,,,,,,,,,,
1768920124.756713,1768920124.757683,37.0,0.0,4350.641113,4350.769043,4346.410156,4363.077148,4335.128418,4339.358887,4324.358887,4342.307617,4327.563965,4318.846191,4505.769043,4525.384766,4405.512695,4458.077148,,,,,,,,,,,,,,,,,,,,,,,,,,,,,,,,,,,,,,,,,,,,,,,,,,,,,,,,,,,,,,,,,,,,,,
1768920124.764521,1768920124.765391,38.0,0.0,4362.307617,4356.025879,4353.717773,4368.974121,4327.563965,4340.256348,4325.512695,4342.436035,4325.897461,4313.974121,4504.102539,4526.794922,4401.025879,4456.153809,,,,,,,,,,,,,,,,,,,,,,,,,,,,,,,,,,,,,,,,,,,,,,,,,,,,,,,,,,,,,,,,,,,,,,
1768920124.77233,1768920124.7732,39.0,0.0,4357.179688,4350.256348,4353.589844,4359.358887,4324.615234,4339.871582,4329.358887,4347.563965,4327.820313,4312.436035,4503.205078,4525.769043,4393.333496,4452.820313,,,,,,,,,,,,,,,,,,,,,,,,,,,,,,,,,,,,,,,,,,,,,,,,,,,,,,,,,,,,,,,,,,,,,,
1768920124.780138,1768920124.781208,40.0,0.0,4348.205078,4342.820313,4345.0,4351.794922,4328.846191,4331.794922,4319.358887,4346.025879,4327.307617,4311.025879,4502.820313,4519.487305,4393.333496,4453.846191,,,,,,,,,,,,,,,,,,,,,,,,,,,,,,,,,,,,,,,,,,,,,,,,,,,,,,,,,,,,,,,,,,,,,,
1768920124.787947,1768920124.789017,41.0,0.0,4345.128418,4341.153809,4339.615234,4352.179688,4326.282227,4322.307617,4304.358887,4340.256348,4325.512695,4315.0,4495.512695,4514.487305,4392.692383,4451.410156,,,,,,,,,,,,,,,,,,,,,,,,,,,,,,,,,,,,,,,,,,,,,,,,,,,,,,,,,,,,,,,,,,,,,,
1768920124.795755,1768920124.796725,42.0,0.0,4339.358887,4339.615234,4341.025879,4350.384766,4326.410156,4326.922852,4316.282227,4342.563965,4326.666504,4311.794922,4489.615234,4512.179688,4388.333496,4442.692383,,,,,,,,,,,,,,,,,,,,,,,,,,,,,,,,,,,,,,,,,,,,,,,,,,,,,,,,,,,,,,,,,,,,,,
1768920124.803564,1768920124.804534,43.0,0.0,4335.384766,4337.820313,4341.666504,4347.692383,4331.666504,4339.230957,4339.102539,4346.794922,4326.410156,4302.94873,4491.794922,4511.666504,4382.94873,4440.512695,,,,,,,,,,,,,,,,,,,,,,,,,,,,,,,,,,,,,,,,,,,,,,,,,,,,,,,,,,,,,,,,,,,,,,
1768920124.811372,1768920124.812142,44.0,0.0,4344.615234,4339.487305,4344.358887,4351.794922,4333.205078,4341.538574,4332.94873,4344.102539,4325.769043,4313.461426,4494.230957,4515.897461,4380.384766,4445.0,,,,,,,,,,,,,,,,,,,,,,,,,,,,,,,,,,,,,,,,,,,,,,,,,,,,,,,,,,,,,,,,,,,,,,
1768920124.819181,1768920124.819951,45.0,0.0,4354.743652,4343.333496,4351.282227,4361.025879,4330.512695,4332.94873,4311.025879,4338.461426,4326.538574,4324.743652,4495.769043,4523.974121,4388.077148,4448.974121,,,,,,,,,,,,,,,,,,,,,,,,,,,,,,,,,,,,,,,,,,,,,,,,,,,,,,,,,,,,,,,,,,,,,,
1768920124.826989,1768920124.827659,46.0,0.0,4346.410156,4339.230957,4348.205078,4358.333496,4325.512695,4325.0,4309.871582,4338.205078,4325.769043,4313.333496,4493.461426,4522.820313,4390.256348,4445.897461,,,,,,,,,,,,,,,,,,,,,,,,,,,,,,,,,,,,,,,,,,,,,,,,,,,,,,,,,,,,,,,,,,,,,,
1768920124.834798,1768920124.835467,47.0,0.0,4336.153809,4332.179688,4341.153809,4346.025879,4325.128418,4322.436035,4322.05127,4342.692383,4323.846191,4306.410156,4488.077148,4517.436035,4381.922852,4437.179688,,,,,,,,,,,,,,,,,,,,,,,,,,,,,,,,,,,,,,,,,,,,,,,,,,,,,,,,,,,,,,,,,,,,,,
1768920124.842606,1768920124.843076,48.0,0.0,4339.230957,4334.230957,4346.922852,4348.717773,4329.102539,4331.538574,4330.641113,4348.461426,4328.589844,4317.05127,4496.153809,4527.436035,4384.615234,4440.256348,0.560266,0.21996,0.314621,0.127591,0.106369,1.123021,0.400323,0.267914,0.168282,0.124836,0.634097,0.396904,0.251893,0.133011,0.13964,0.745175,0.326173,0.248992,0.141399,0.080054,0.283556,0.222408,0.04407,0.05526,0.055986,0.284041,0.468868,0.133163,0.289054,0.273499,0.360581,0.791244,0.15744,0.43789,0.386851,0.248905,0.285689,0.164567,0.201533,0.178501,0.280326,0.261903,0.206533,0.147169,0.121667,0.726271,0.351478,0.275455,0.227003,0.146877,0.849084,0.528594,0.607382,0.130325,0.182919,0.589214,0.466889,0.473348,0.211501,0.244873,0.932769,0.530684,0.352502,0.213427,0.119004,1.096975,0.531813,0.478112,0.1282,0.184465
1768920124.850415,1768920124.850884,49.0,0.0,4338.974121,4333.846191,4352.820313,4356.410156,4328.205078,4342.179688,4333.461426,4353.077148,4334.230957,4324.358887,4506.666504,4539.230957,4388.846191,4446.922852,,,,,,,,,,,,,,,,,,,,,,,,,,,,,,,,,,,,,,,,,,,,,,,,,,,,,,,,,,,,,,,,,,,,,,
1768920124.858223,1768920124.858792,50.0,0.0,4337.307617,4329.102539,4350.769043,4351.025879,4325.0,4333.846191,4327.563965,4349.358887,4331.025879,4318.461426,4496.794922,4531.922852,4384.487305,4443.333496,,,,,,,,,,,,,,,,,,,,,,,,,,,,,,,,,,,,,,,,,,,,,,,,,,,,,,,,,,,,,,,,,,,,,,
1768920124.866032,1768920124.866601,51.0,0.0,4347.692383,4335.128418,4356.025879,4351.666504,4327.05127,4322.05127,4320.384766,4341.025879,4323.589844,4307.94873,4490.512695,4525.128418,4387.307617,4441.794922,,,,,,,,,,,,,,,,,,,,,,,,,,,,,,,,,,,,,,,,,,,,,,,,,,,,,,,,,,,,,,,,,,,,,,
1768920124.87384,1768920124.874609,52.0,0.0,4353.333496,4339.358887,4359.230957,4359.230957,4329.487305,4326.282227,4320.384766,4337.563965,4320.897461,4307.563965,4499.358887,4529.358887,4393.846191,4444.615234,,,,,,,,,,,,,,,,,,,,,,,,,,,,,,,,,,,,,,,,,,,,,,,,,,,,,,,,,,,,,,,,,,,,,,
1768920124.881649,1768920124.882417,53.0,0.0,4342.94873,4331.025879,4347.563965,4353.717773,4326.922852,4329.230957,4320.512695,4342.179688,4323.974121,4321.538574,4498.077148,4527.692383,4389.487305,4443.846191,,,,,,,,,,,,,,,,,,,,,,,,,,,,,,,,,,,,,,,,,,,,,,,,,,,,,,,,,,,,,,,,,,,,,,
1768920124.889457,1768920124.890326,54.0,0.0,4338.333496,4328.589844,4339.743652,4348.205078,4326.153809,4328.974121,4320.128418,4346.282227,4327.820313,4325.0,4494.230957,4522.94873,4388.461426,4443.077148,,,,,,,,,,,,,,,,,,,,,,,,,,,,,,,,,,,,,,,,,,,,,,,,,,,,,,,,,,,,,,,,,,,,,,
1768920124.897266,1768920124.898134,55.0,0.0,4341.410156,4336.922852,4342.820313,4353.717773,4327.820313,4330.769043,4317.436035,4344.230957,4327.05127,4315.128418,4502.692383,4526.666504,4395.641113,4444.102539,,,,,,,,,,,,,,,,,,,,,,,,,,,,,,,,,,,,,,,,,,,,,,,,,,,,,,,,,,,,,,,,,,,,,,
1768920124.905074,1768920124.905743,56.0,0.0,4338.846191,4338.333496,4344.358887,4355.0,4326.666504,4325.641113,4309.102539,4339.102539,4323.333496,4315.128418,4508.205078,4528.461426,4398.077148,4445.0,,,,,,,,,,,,,,,,,,,,,,,,,,,,,,,,,,,,,,,,,,,,,,,,,,,,,,,,,,,,,,,,,,,,,,
1768920124.912883,1768920124.913551,57.0,0.0,4333.461426,4332.94873,4342.307617,4355.256348,4325.128418,4322.179688,4307.563965,4339.102539,4323.846191,4321.025879,4505.769043,4524.615234,4398.077148,4446.794922,,,,,,,,,,,,,,,,,,,,,,,,,,,,,,,,,,,,,,,,,,,,,,,,,,,,,,,,,,,,,,,,,,,,,,
1768920124.920691,1768920124.921459,58.0,0.0,4330.897461,4327.563965,4339.230957,4352.820313,4326.922852,4325.256348,4311.153809,4343.205078,4327.692383,4314.871582,4498.461426,4520.641113,4390.128418,4441.153809,,,,,,,,,,,,,,,,,,,,,,,,,,,,,,,,,,,,,,,,,,,,,,,,,,,,,,,,,,,,,,,,,,,,,,
1768920124.9285,1768920124.929268,59.0,0.0,4330.897461,4323.717773,4334.230957,4341.153809,4326.025879,4328.589844,4315.128418,4343.461426,4326.025879,4305.897461,4488.461426,4515.769043,4379.358887,4431.794922,,,,,,,,,,,,,,,,,,,,,,,,,,,,,,,,,,,,,,,,,,,,,,,,,,,,,,,,,,,,,,,,,,,,,,
1768920124.936309,1768920124.936976,60.0,0.0,4332.307617,4325.897461,4336.538574,4341.025879,4320.512695,4334.615234,4324.358887,4344.102539,4326.538574,4308.974121,4492.179688,4517.94873,4385.512695,4439.615234,,,,,,,,,,,,,,,,,,,,,,,,,,,,,,,,,,,,,,,,,,,,,,,,,,,,,,,,,,,,,,,,,,,,,,
1768920124.944117,1768920124.944785,61.0,0.0,4336.153809,4330.256348,4346.025879,4351.153809,4321.666504,4336.538574,4323.333496,4348.846191,4337.05127,4320.256348,4508.589844,4532.436035,4398.717773,4456.922852,,,,,,,,,,,,,,,,,,,,,,,,,,,,,,,,,,,,,,,,,,,,,,,,,,,,,,,,,,,,,,,,,,,,,,
1768920124.951926,1768920124.952493,62.0,0.0,4338.717773,4330.0,4347.692383,4350.384766,4326.410156,4328.205078,4311.666504,4350.384766,4340.641113,4327.05127,4509.871582,4538.333496,4399.487305,4462.179688,,,,,,,,,,,,,,,,,,,,,,,,,,,,,,,,,,,,,,,,,,,,,,,,,,,,,,,,,,,,,,,,,,,,,,
1768920124.959734,1768920124.960302,63.0,0.0,4335.384766,4329.487305,4343.717773,4350.512695,4326.794922,4320.897461,4310.0,4345.641113,4330.384766,4324.358887,4500.769043,4529.743652,4396.282227,4458.846191,,,,,,,,,,,,,,,,,,,,,,,,,,,,,,,,,,,,,,,,,,,,,,,,,,,,,,,,,,,,,,,,,,,,,,
1768920124.967543,1768920124.96791,64.0,0.0,4337.94873,4337.179688,4342.563965,4359.102539,4328.333496,4322.820313,4312.179688,4341.282227,4325.128418,4322.05127,4504.102539,4524.871582,4398.846191,4457.307617,0.450343,0.262144,0.332066,0.132057,0.111237,0.810881,0.384977,0.297226,0.185157,0.11618,0.524857,0.387741,0.22969,0.130357,0.165192,0.681435,0.320985,0.238283,0.15656,0.080048,0.249289,0.205498,0.053736,0.068779,0.055295,0.258627,0.433608,0.095535,0.261849,0.247102,0.366398,0.801227,0.132924,0.429225,0.388438,0.312959,0.316803,0.148559,0.182793,0.180331,0.388807,0.311212,0.183359,0.156654,0.123727,0.848216,0.479052,0.316953,0.249339,0.16464,0.98107,0.52317,0.488612,0.156202,0.199252,0.544206,0.513892,0.382391,0.220226,0.271259,0.927485,0.569968,0.384934,0.222643,0.128126,1.070551,0.624804,0.414593,0.134221,0.197302
1768920124.975351,1768920124.975719,65.0,0.0,4345.384766,4346.282227,4343.205078,4361.410156,4329.487305,4327.436035,4309.871582,4341.025879,4328.205078,4321.794922,4507.692383,4525.0,4396.538574,4453.974121,,,,,,,,,,,,,,,,,,,,,,,,,,,,,,,,,,,,,,,,,,,,,,,,,,,,,,,,,,,,,,,,,,,,,,
1768920124.98316,1768920124.983427,66.0,0.0,4341.794922,4343.974121,4342.563965,4356.794922,4331.666504,4329.743652,4309.743652,4341.538574,4326.153809,4317.436035,4496.666504,4517.05127,4391.666504,4445.641113,,,,,,,,,,,,,,,,,,,,,,,,,,,,,,,,,,,,,,,,,,,,,,,,,,,,,,,,,,,,,,,,,,,,,,
1768920124.990968,1768920124.991236,67.0,0.0,4335.384766,4338.205078,4341.922852,4356.538574,4333.717773,4328.717773,4313.205078,4344.871582,4323.589844,4312.436035,4492.436035,4513.461426,4393.717773,4445.256348,,,,,,,,,,,,,,,,,,,,,,,,,,,,,,,,,,,,,,,,,,,,,,,,,,,,,,,,,,,,,,,,,,,,,,
1768920124.998777,1768920124.998844,68.0,0.0,4338.974121,4341.025879,4342.179688,4357.692383,4333.974121,4328.589844,4313.717773,4346.282227,4327.820313,4315.0,4504.743652,4526.153809,4398.589844,4450.0,,,,,,,,,,,,,,,,,,,,,,,,,,,,,,,,,,,,,,,,,,,,,,,,,,,,,,,,,,,,,,,,,,,,,,
1768920125.006585,1768920125.006652,69.0,0.0,4342.692383,4346.538574,4343.077148,4357.307617,4332.179688,4327.179688,4310.0,4341.025879,4327.692383,4317.692383,4509.487305,4531.538574,4398.205078,4449.230957,,,,,,,,,,,,,,,,,,,,,,,,,,,,,,,,,,,,,,,,,,,,,,,,,,,,,,,,,,,,,,,,,,,,,,
1768920125.014394,1768920125.014361,70.0,0.0,4339.743652,4346.153809,4342.94873,4357.05127,4328.333496,4328.846191,4313.589844,4342.820313,4326.153809,4313.205078,4503.974121,4521.794922,4394.230957,4448.589844,,,,,,,,,,,,,,,,,,,,,,,,,,,,,,,,,,,,,,,,,,,,,,,,,,,,,,,,,,,,,,,,,,,,,,
1768920125.022202,1768920125.022169,71.0,0.0,4335.128418,4341.153809,4340.128418,4355.641113,4328.846191,4335.897461,4323.461426,4350.769043,4330.512695,4314.358887,4502.436035,4518.077148,4394.358887,4446.153809,,,,,,,,,,,,,,,,,,,,,,,,,,,,,,,,,,,,,,,,,,,,,,,,,,,,,,,,,,,,,,,,,,,,,,
1768920125.030011,1768920125.029777,72.0,0.0,4336.922852,4340.128418,4340.897461,4356.025879,4332.05127,4330.769043,4319.743652,4344.615234,4328.717773,4318.974121,4506.538574,4526.282227,4397.307617,4446.153809,,,,,,,,,,,,,,,,,,,,,,,,,,,,,,,,,,,,,,,,,,,,,,,,,,,,,,,,,,,,,,,,,,,,,,
1768920125.037819,1768920125.037586,73.0,0.0,4346.410156,4343.717773,4347.307617,4360.128418,4333.717773,4324.358887,4310.384766,4336.153809,4322.436035,4319.102539,4507.563965,4536.666504,4400.128418,4454.487305,,,,,,,,,,,,,,,,,,,,,,,,,,,,,,,,,,,,,,,,,,,,,,,,,,,,,,,,,,,,,,,,,,,,,,
1768920125.045628,1768920125.045294,74.0,0.0,4348.589844,4343.846191,4347.436035,4360.256348,4335.641113,4331.922852,4311.282227,4339.487305,4321.794922,4316.025879,4499.487305,4532.563965,4397.179688,4455.128418,,,,,,,,,,,,,,,,,,,,,,,,,,,,,,,,,,,,,,,,,,,,,,,,,,,,,,,,,,,,,,,,,,,,,,
1768920125.053436,1768920125.053102,75.0,0.0,4335.769043,4339.230957,4340.256348,4355.769043,4335.769043,4335.641113,4313.077148,4340.512695,4318.333496,4312.563965,4488.846191,4516.282227,4388.077148,4443.077148,,,,,,,,,,,,,,,,,,,,,,,,,,,,,,,,,,,,,,,,,,,,,,,,,,,,,,,,,,,,,,,,,,,,,,
1768920125.061245,1768920125.06111,76.0,0.0,4330.897461,4337.307617,4341.153809,4355.384766,4333.717773,4331.922852,4313.717773,4340.384766,4316.153809,4310.0,4488.846191,4517.307617,4385.128418,4441.153809,,,,,,,,,,,,,,,,,,,,,,,,,,,,,,,,,,,,,,,,,,,,,,,,,,,,,,,,,,,,,,,,,,,,,,
1768920125.069053,1768920125.068919,77.0,0.0,4339.358887,4337.94873,4351.794922,4358.205078,4330.384766,4330.384766,4311.666504,4339.871582,4316.410156,4303.589844,4493.974121,4530.641113,4388.846191,4449.615234,,,,,,,,,,,,,,,,,,,,,,,,,,,,,,,,,,,,,,,,,,,,,,,,,,,,,,,,,,,,,,,,,,,,,,
1768920125.076862,1768920125.076827,78.0,0.0,4338.205078,4336.282227,4352.05127,4358.717773,4328.461426,4326.153809,4302.436035,4334.743652,4312.820313,4299.102539,4492.563965,4525.0,4384.743652,4446.282227,,,,,,,,,,,,,,,,,,,,,,,,,,,,,,,,,,,,,,,,,,,,,,,,,,,,,,,,,,,,,,,,,,,,,,
1768920125.08467,1768920125.084636,79.0,0.0,4332.436035,4336.922852,4343.333496,4361.794922,4330.512695,4326.410156,4308.461426,4337.563965,4317.692383,4303.077148,4489.743652,4515.384766,4377.436035,4440.897461,,,,,,,,,,,,,,,,,,,,,,,,,,,,,,,,,,,,,,,,,,,,,,,,,,,,,,,,,,,,,,,,,,,,,,
1768920125.092479,1768920125.092644,80.0,0.0,4336.282227,4343.205078,4346.794922,4364.615234,4334.102539,4335.512695,4321.410156,4341.922852,4323.205078,4310.256348,4493.974121,4526.153809,4385.256348,4449.102539,0.36093,0.313878,0.35664,0.147577,0.115551,0.543572,0.41014,0.341658,0.202344,0.106396,0.409425,0.391712,0.205071,0.134039,0.191702,0.567835,0.338399,0.235517,0.174388,0.081055,0.197239,0.19471,0.066151,0.082898,0.057406,0.221001,0.379346,0.068093,0.247134,0.217675,0.379404,0.761486,0.112897,0.411795,0.377968,0.377744,0.338837,0.141281,0.163281,0.178383,0.514904,0.360951,0.170237,0.166401,0.124952,0.922896,0.611844,0.363469,0.263065,0.177536,1.084068,0.525971,0.381983,0.176175,0.209066,0.518326,0.551795,0.294177,0.231147,0.287064,0.909584,0.641346,0.405874,0.223267,0.137788,1.054785,0.739469,0.356803,0.145629,0.208225
1768920125.100287,1768920125.100452,81.0,0.0,4342.05127,4343.974121,4356.153809,4359.743652,4330.769043,4328.461426,4311.025879,4336.666504,4315.384766,4309.230957,4500.256348,4537.307617,4396.666504,4458.717773,,,,,,,,,,,,,,,,,,,,,,,,,,,,,,,,,,,,,,,,,,,,,,,,,,,,,,,,,,,,,,,,,,,,,,
1768920125.108096,1768920125.108361,82.0,0.0,4342.94873,4340.897461,4352.307617,4355.512695,4326.538574,4318.333496,4302.94873,4334.102539,4313.461426,4306.538574,4503.846191,4531.922852,4396.410156,4456.538574,,,,,,,,,,,,,,,,,,,,,,,,,,,,,,,,,,,,,,,,,,,,,,,,,,,,,,,,,,,,,,,,,,,,,,
1768920125.115904,1768920125.116169,83.0,0.0,4340.897461,4341.794922,4342.436035,4357.820313,4327.94873,4324.230957,4310.256348,4338.974121,4319.487305,4310.0,4501.794922,4521.538574,4394.487305,4447.307617,,,,,,,,,,,,,,,,,,,,,,,,,,,,,,,,,,,,,,,,,,,,,,,,,,,,,,,,,,,,,,,,,,,,,,
1768920125.123713,1768920125.124177,84.0,0.0,4337.94873,4341.794922,4339.871582,4358.077148,4329.743652,4327.820313,4310.128418,4341.025879,4315.0,4308.589844,4496.153809,4520.769043,4395.641113,4442.820313,,,,,,,,,,,,,,,,,,,,,,,,,,,,,,,,,,,,,,,,,,,,,,,,,,,,,,,,,,,,,,,,,,,,,,
1768920125.131521,1768920125.131986,85.0,0.0,4336.538574,4340.128418,4341.666504,4355.384766,4334.615234,4325.897461,4308.589844,4337.436035,4308.846191,4306.410156,4497.05127,4524.230957,4396.153809,4449.358887,,,,,,,,,,,,,,,,,,,,,,,,,,,,,,,,,,,,,,,,,,,,,,,,,,,,,,,,,,,,,,,,,,,,,,
1768920125.13933,1768920125.139694,86.0,0.0,4341.922852,4340.897461,4343.589844,4355.769043,4339.487305,4326.538574,4312.94873,4334.871582,4310.769043,4308.589844,4502.692383,4524.358887,4395.769043,4455.769043,,,,,,,,,,,,,,,,,,,,,,,,,,,,,,,,,,,,,,,,,,,,,,,,,,,,,,,,,,,,,,,,,,,,,,
1768920125.147138,1768920125.147503,87.0,0.0,4342.179688,4340.769043,4342.94873,4356.025879,4337.563965,4328.589844,4312.563965,4337.563965,4315.641113,4310.897461,4502.820313,4522.436035,4397.563965,4451.666504,,,,,,,,,,,,,,,,,,,,,,,,,,,,,,,,,,,,,,,,,,,,,,,,,,,,,,,,,,,,,,,,,,,,,,
1768920125.154947,1768920125.155511,88.0,0.0,4333.205078,4338.717773,4338.846191,4353.205078,4333.077148,4332.820313,4317.179688,4341.282227,4318.077148,4310.128418,4502.692383,4519.743652,4398.974121,4445.897461,,,,,,,,,,,,,,,,,,,,,,,,,,,,,,,,,,,,,,,,,,,,,,,,,,,,,,,,,,,,,,,,,,,,,,
1768920125.162755,1768920125.16332,89.0,0.0,4331.025879,4340.256348,4339.615234,4352.94873,4329.615234,4338.333496,4326.666504,4341.025879,4316.538574,4306.282227,4503.333496,4520.769043,4394.102539,4447.820313,,,,,,,,,,,,,,,,,,,,,,,,,,,,,,,,,,,,,,,,,,,,,,,,,,,,,,,,,,,,,,,,,,,,,,
1768920125.170564,1768920125.171028,90.0,0.0,4334.871582,4340.128418,4344.743652,4357.692383,4333.846191,4333.205078,4318.717773,4339.102539,4314.615234,4309.102539,4496.025879,4526.922852,4386.794922,4447.436035,,,,,,,,,,,,,,,,,,,,,,,,,,,,,,,,,,,,,,,,,,,,,,,,,,,,,,,,,,,,,,,,,,,,,,
1768920125.178373,1768920125.178837,91.0,0.0,4333.077148,4336.025879,4342.05127,4358.333496,4335.769043,4321.282227,4301.538574,4335.256348,4314.230957,4311.282227,4487.94873,4520.384766,4387.05127,4443.461426,,,,,,,,,,,,,,,,,,,,,,,,,,,,,,,,,,,,,,,,,,,,,,,,,,,,,,,,,,,,,,,,,,,,,,
1768920125.186181,1768920125.186845,92.0,0.0,4330.512695,4337.179688,4336.410156,4355.256348,4326.666504,4321.794922,4304.102539,4332.436035,4313.717773,4307.307617,4490.512695,4507.820313,4388.333496,4443.333496,,,,,,,,,,,,,,,,,,,,,,,,,,,,,,,,,,,,,,,,,,,,,,,,,,,,,,,,,,,,,,,,,,,,,,
1768920125.19399,1768920125.194654,93.0,0.0,4335.512695,4341.025879,4341.666504,4360.128418,4327.692383,4331.153809,4316.666504,4339.871582,4318.974121,4306.153809,4498.205078,4516.794922,4388.333496,4443.589844,,,,,,,,,,,,,,,,,,,,,,,,,,,,,,,,,,,,,,,,,,,,,,,,,,,,,,,,,,,,,,,,,,,,,,
1768920125.201798,1768920125.202562,94.0,0.0,4344.230957,4345.384766,4351.410156,4371.794922,4343.333496,4332.307617,4315.897461,4347.179688,4325.256348,4310.384766,4505.769043,4532.94873,4394.230957,4445.897461,,,,,,,,,,,,,,,,,,,,,,,,,,,,,,,,,,,,,,,,,,,,,,,,,,,,,,,,,,,,,,,,,,,,,,
1768920125.209607,1768920125.21037,95.0,0.0,4347.436035,4350.256348,4353.205078,4375.256348,4342.05127,4324.230957,4308.333496,4341.153809,4320.512695,4311.410156,4504.871582,4526.794922,4396.153809,4448.589844,,,,,,,,,,,,,,,,,,,,,,,,,,,,,,,,,,,,,,,,,,,,,,,,,,,,,,,,,,,,,,,,,,,,,,
1768920125.217415,1768920125.217979,96.0,0.0,4342.05127,4350.128418,4345.897461,4369.230957,4331.025879,4321.538574,4307.307617,4331.666504,4310.384766,4303.717773,4495.256348,4516.410156,4388.589844,4443.974121,0.317206,0.381723,0.383623,0.179343,0.120168,0.379622,0.479773,0.382273,0.212853,0.099265,0.315939,0.430883,0.178681,0.145048,0.211962,0.444477,0.390543,0.237798,0.190127,0.087016,0.14251,0.19718,0.080022,0.094876,0.062191,0.178571,0.320904,0.053788,0.259171,0.189575,0.393663,0.682402,0.099898,0.406396,0.355989,0.422445,0.346829,0.141358,0.149276,0.174842,0.635233,0.391774,0.164885,0.171989,0.125278,0.941822,0.714911,0.404872,0.262107,0.186267,1.123647,0.53823,0.306319,0.185112,0.20903,0.503767,0.595156,0.227094,0.237864,0.287724,0.888593,0.731127,0.403738,0.212681,0.146972,1.037593,0.847099,0.310542,0.15705,0.215188
1768920125.225224,1768920125.225787,97.0,0.0,4340.256348,4348.205078,4342.307617,4366.153809,4336.666504,4327.94873,4311.282227,4328.717773,4307.05127,4301.025879,4491.153809,4521.153809,4389.871582,4441.538574,,,,,,,,,,,,,,,,,,,,,,,,,,,,,,,,,,,,,,,,,,,,,,,,,,,,,,,,,,,,,,,,,,,,,,
1768920125.233032,1768920125.233495,98.0,0.0,4348.077148,4348.205078,4348.717773,4367.563965,4343.333496,4331.153809,4315.256348,4334.871582,4313.461426,4310.0,4493.077148,4525.384766,4397.692383,4447.692383,,,,,,,,,,,,,,,,,,,,,,,,,,,,,,,,,,,,,,,,,,,,,,,,,,,,,,,,,,,,,,,,,,,,,,
1768920125.240841,1768920125.241303,99.0,0.0,4347.307617,4344.358887,4350.897461,4365.128418,4336.794922,4331.282227,4322.692383,4344.871582,4321.410156,4315.769043,4494.615234,4520.384766,4397.05127,4447.307617,,,,,,,,,,,,,,,,,,,,,,,,,,,,,,,,,,,,,,,,,,,,,,,,,,,,,,,,,,,,,,,,,,,,,,
1768920125.248649,1768920125.249312,100.0,0.0,4339.358887,4342.94873,4343.461426,4362.179688,4334.871582,4333.205078,4325.256348,4347.05127,4323.717773,4310.512695,4500.769043,4522.307617,4395.128418,4443.589844,,,,,,,,,,,,,,,,,,,,,,,,,,,,,,,,,,,,,,,,,,,,,,,,,,,,,,,,,,,,,,,,,,,,,,
1768920125.256458,1768920125.25712,101.0,0.0,4342.436035,4351.282227,4341.922852,4364.615234,4340.769043,4332.179688,4316.282227,4340.512695,4320.641113,4309.871582,4503.077148,4530.897461,4398.205078,4452.692383,,,,,,,,,,,,,,,,,,,,,,,,,,,,,,,,,,,,,,,,,,,,,,,,,,,,,,,,,,,,,,,,,,,,,,
1768920125.264266,1768920125.265029,102.0,0.0,4346.538574,4351.794922,4348.333496,4366.153809,4340.128418,4326.922852,4310.128418,4336.538574,4317.307617,4318.077148,4497.820313,4527.179688,4398.205078,4457.563965,,,,,,,,,,,,,,,,,,,,,,,,,,,,,,,,,,,,,,,,,,,,,,,,,,,,,,,,,,,,,,,,,,,,,,
1768920125.272075,1768920125.272837,103.0,0.0,4341.025879,4344.615234,4349.615234,4363.589844,4331.794922,4323.846191,4310.384766,4337.436035,4316.410156,4316.025879,4500.128418,4521.666504,4396.538574,4452.436035,,,,,,,,,,,,,,,,,,,,,,,,,,,,,,,,,,,,,,,,,,,,,,,,,,,,,,,,,,,,,,,,,,,,,,
1768920125.279883,1768920125.280845,104.0,0.0,4339.871582,4347.436035,4349.230957,4365.128418,4327.05127,4325.128418,4309.230957,4336.794922,4313.333496,4308.461426,4508.333496,4527.179688,4398.974121,4455.0,,,,,,,,,,,,,,,,,,,,,,,,,,,,,,,,,,,,,,,,,,,,,,,,,,,,,,,,,,,,,,,,,,,,,,
1768920125.287692,1768920125.288654,105.0,0.0,4347.692383,4353.846191,4355.256348,4371.410156,4331.153809,4331.666504,4314.615234,4335.641113,4311.922852,4311.666504,4508.717773,4533.589844,4403.333496,4462.692383,,,,,,,,,,,,,,,,,,,,,,,,,,,,,,,,,,,,,,,,,,,,,,,,,,,,,,,,,,,,,,,,,,,,,,
1768920125.2955,1768920125.296562,106.0,0.0,4349.615234,4350.897461,4360.256348,4371.538574,4339.615234,4336.666504,4328.589844,4340.0,4317.692383,4320.128418,4506.922852,4539.743652,4405.128418,4461.153809,,,,,,,,,,,,,,,,,,,,,,,,,,,,,,,,,,,,,,,,,,,,,,,,,,,,,,,,,,,,,,,,,,,,,,
1768920125.303309,1768920125.30437,107.0,0.0,4342.94873,4343.461426,4357.563965,4367.820313,4341.538574,4329.615234,4325.0,4343.333496,4324.358887,4321.282227,4510.0,4543.461426,4402.563965,4458.333496,,,,,,,,,,,,,,,,,,,,,,,,,,,,,,,,,,,,,,,,,,,,,,,,,,,,,,,,,,,,,,,,,,,,,,
1768920125.311117,1768920125.311979,108.0,0.0,4340.512695,4341.153809,4354.102539,4365.0,4334.102539,4323.717773,4308.974121,4339.487305,4324.230957,4315.897461,4508.717773,4539.487305,4397.820313,4460.0,,,,,,,,,,,,,,,,,,,,,,,,,,,,,,,,,,,,,,,,,,,,,,,,,,,,,,,,,,,,,,,,,,,,,,
1768920125.318926,1768920125.319787,109.0,0.0,4343.461426,4343.589844,4357.179688,4361.538574,4328.717773,4326.666504,4310.384766,4339.615234,4324.230957,4312.563965,4505.512695,4536.410156,4395.0,4459.487305,,,,,,,,,,,,,,,,,,,,,,,,,,,,,,,,,,,,,,,,,,,,,,,,,,,,,,,,,,,,,,,,,,,,,,
1768920125.326734,1768920125.327496,110.0,0.0,4341.922852,4341.922852,4359.871582,4358.846191,4328.077148,4327.307617,4323.077148,4344.615234,4325.897461,4312.94873,4505.897461,4537.692383,4395.641113,4454.743652,,,,,,,,,,,,,,,,,,,,,,,,,,,,,,,,,,,,,,,,,,,,,,,,,,,,,,,,,,,,,,,,,,,,,,
1768920125.334543,1768920125.335304,111.0,0.0,4336.794922,4336.025879,4354.615234,4358.461426,4328.333496,4328.077148,4328.846191,4343.589844,4326.025879,4314.358887,4505.769043,4533.974121,4396.410156,4451.153809,,,,,,,,,,,,,,,,,,,,,,,,,,,,,,,,,,,,,,,,,,,,,,,,,,,,,,,,,,,,,,,,,,,,,,
1768920125.342351,1768920125.343313,112.0,0.0,4336.794922,4337.94873,4345.384766,4357.94873,4331.666504,4329.487305,4320.512695,4339.102539,4324.102539,4311.922852,4508.077148,4533.333496,4396.666504,4455.384766,0.313406,0.461907,0.402869,0.226219,0.126785,0.330169,0.577222,0.398519,0.211268,0.097383,0.265774,0.507539,0.150406,0.161289,0.221065,0.348066,0.473063,0.239835,0.199791,0.100328,0.0988,0.213115,0.094682,0.102705,0.068179,0.142441,0.270021,0.049698,0.301835,0.166131,0.397203,0.585612,0.094992,0.429595,0.328992,0.432165,0.339812,0.143022,0.145121,0.172078,0.734321,0.392557,0.162978,0.170869,0.125403,0.919858,0.757745,0.435749,0.245149,0.194251,1.094627,0.551728,0.263517,0.185718,0.200888,0.491693,0.652341,0.188385,0.237359,0.277381,0.871046,0.814056,0.375438,0.194309,0.154794,1.005505,0.91846,0.281612,0.167897,0.217001
1768920125.35016,1768920125.351121,113.0,0.0,4340.0,4342.692383,4343.974121,4357.436035,4333.717773,4323.589844,4307.307617,4336.538574,4322.563965,4312.94873,4510.897461,4540.0,4400.897461,4461.538574,,,,,,,,,,,,,,,,,,,,,,,,,,,,,,,,,,,,,,,,,,,,,,,,,,,,,,,,,,,,,,,,,,,,,,
1768920125.357968,1768920125.35883,114.0,0.0,4339.487305,4338.717773,4347.820313,4359.230957,4329.487305,4323.205078,4310.384766,4337.179688,4323.589844,4325.256348,4509.871582,4536.538574,4405.0,4462.05127,,,,,,,,,,,,,,,,,,,,,,,,,,,,,,,,,,,,,,,,,,,,,,,,,,,,,,,,,,,,,,,,,,,,,,
1768920125.365777,1768920125.366638,115.0,0.0,4335.897461,4333.589844,4345.384766,4357.94873,4323.717773,4334.230957,4326.025879,4338.205078,4325.512695,4330.0,4507.436035,4527.05127,4402.692383,4453.077148,,,,,,,,,,,,,,,,,,,,,,,,,,,,,,,,,,,,,,,,,,,,,,,,,,,,,,,,,,,,,,,,,,,,,,
1768920125.373585,1768920125.374247,116.0,0.0,4332.692383,4335.128418,4343.077148,4354.102539,4325.641113,4335.641113,4327.563965,4336.538574,4324.487305,4318.077148,4507.307617,4525.512695,4397.692383,4446.153809,,,,,,,,,,,,,,,,,,,,,,,,,,,,,,,,,,,,,,,,,,,,,,,,,,,,,,,,,,,,,,,,,,,,,,
1768920125.381394,1768920125.382055,117.0,0.0,4332.563965,4339.871582,4349.487305,4357.94873,4332.94873,4329.230957,4324.487305,4335.512695,4321.538574,4314.743652,4507.179688,4533.846191,4397.692383,4453.077148,,,,,,,,,,,,,,,,,,,,,,,,,,,,,,,,,,,,,,,,,,,,,,,,,,,,,,,,,,,,,,,,,,,,,,
1768920125.389202,1768920125.389964,118.0,0.0,4333.333496,4342.05127,4353.077148,4361.282227,4334.102539,4330.256348,4329.230957,4337.94873,4322.94873,4320.256348,4506.410156,4539.743652,4399.230957,4460.769043,,,,,,,,,,,,,,,,,,,,,,,,,,,,,,,,,,,,,,,,,,,,,,,,,,,,,,,,,,,,,,,,,,,,,,
1768920125.397011,1768920125.397772,119.0,0.0,4337.563965,4342.05127,4348.333496,4358.589844,4330.384766,4335.897461,4329.487305,4340.0,4324.230957,4317.05127,4506.153809,4532.05127,4396.794922,4451.282227,,,,,,,,,,,,,,,,,,,,,,,,,,,,,,,,,,,,,,,,,,,,,,,,,,,,,,,,,,,,,,,,,,,,,,
1768920125.404819,1768920125.40578,120.0,0.0,4339.487305,4341.538574,4348.461426,4361.153809,4333.333496,4339.358887,4328.974121,4338.717773,4323.333496,4312.692383,4506.282227,4520.512695,4395.897461,4439.615234,,,,,,,,,,,,,,,,,,,,,,,,,,,,,,,,,,,,,,,,,,,,,,,,,,,,,,,,,,,,,,,,,,,,,,
1768920125.412628,1768920125.413589,121.0,0.0,4336.153809,4341.922852,4354.102539,4366.153809,4336.922852,4336.410156,4331.410156,4335.769043,4322.179688,4315.512695,4506.794922,4525.0,4400.512695,4451.794922,,,,,,,,,,,,,,,,,,,,,,,,,,,,,,,,,,,,,,,,,,,,,,,,,,,,,,,,,,,,,,,,,,,,,,
1768920125.420437,1768920125.421297,122.0,0.0,4336.153809,4341.922852,4351.538574,4360.512695,4327.05127,4327.563965,4325.256348,4334.871582,4321.666504,4318.077148,4507.692383,4535.769043,4404.358887,4467.692383,,,,,,,,,,,,,,,,,,,,,,,,,,,,,,,,,,,,,,,,,,,,,,,,,,,,,,,,,,,,,,,,,,,,,,
1768920125.428245,1768920125.429105,123.0,0.0,4340.641113,4341.153809,4345.0,4355.897461,4324.230957,4324.871582,4325.641113,4337.820313,4323.846191,4313.717773,4508.461426,4535.0,4401.538574,4465.897461,,,,,,,,,,,,,,,,,,,,,,,,,,,,,,,,,,,,,,,,,,,,,,,,,,,,,,,,,,,,,,,,,,,,,,
1768920125.436053,1768920125.436714,124.0,0.0,4343.333496,4341.666504,4345.897461,4357.563965,4334.102539,4336.922852,4344.743652,4338.589844,4326.538574,4310.256348,4506.666504,4529.230957,4396.922852,4458.974121,,,,,,,,,,,,,,,,,,,,,,,,,,,,,,,,,,,,,,,,,,,,,,,,,,,,,,,,,,,,,,,,,,,,,,
1768920125.443862,1768920125.444522,125.0,0.0,4341.666504,4342.05127,4352.05127,4357.05127,4331.794922,4343.589844,4349.102539,4337.179688,4328.333496,4316.922852,4503.205078,4526.794922,4396.025879,4452.820313,,,,,,,,,,,,,,,,,,,,,,,,,,,,,,,,,,,,,,,,,,,,,,,,,,,,,,,,,,,,,,,,,,,,,,
1768920125.451671,1768920125.452431,126.0,0.0,4336.794922,4341.410156,4350.769043,4353.846191,4323.205078,4332.94873,4332.436035,4337.179688,4330.256348,4327.436035,4503.974121,4523.589844,4395.384766,4445.897461,,,,,,,,,,,,,,,,,,,,,,,,,,,,,,,,,,,,,,,,,,,,,,,,,,,,,,,,,,,,,,,,,,,,,,
1768920125.459479,1768920125.460239,127.0,0.0,4335.0,4342.307617,4346.794922,4354.102539,4327.94873,4329.230957,4331.025879,4333.846191,4328.846191,4325.769043,4507.94873,4527.563965,4399.102539,4450.128418,,,,,,,,,,,,,,,,,,,,,,,,,,,,,,,,,,,,,,,,,,,,,,,,,,,,,,,,,,,,,,,,,,,,,,
1768920125.467288,1768920125.468247,0.0,0.0,4344.871582,4347.05127,4351.922852,4360.384766,4335.256348,4337.307617,4340.512695,4330.256348,4324.358887,4320.384766,4510.897461,4539.230957,4409.230957,4463.589844,0.329378,0.54138,0.402551,0.27741,0.136636,0.367951,0.671549,0.380163,0.196105,0.100648,0.264122,0.600264,0.120723,0.178579,0.218488,0.300862,0.56369,0.237993,0.201524,0.119364,0.077091,0.234856,0.110838,0.10661,0.073833,0.114943,0.232981,0.053058,0.365101,0.150179,0.378313,0.494749,0.102569,0.48061,0.306766,0.398359,0.318913,0.142121,0.151603,0.170881,0.755481,0.363852,0.163055,0.164441,0.125903,0.855295,0.727621,0.457641,0.21602,0.204019,0.997224,0.557752,0.245752,0.187718,0.189484,0.468007,0.717585,0.176497,0.232639,0.266289,0.846011,0.867463,0.33153,0.175821,0.159919,0.932553,0.931818,0.274156,0.179157,0.213783
1768920125.475096,1768920125.476056,1.0,0.0,4354.487305,4349.230957,4358.846191,4365.0,4337.436035,4342.05127,4341.153809,4336.410156,4326.538574,4326.282227,4512.179688,4543.333496,4411.153809,4466.410156,,,,,,,,,,,,,,,,,,,,,,,,,,,,,,,,,,,,,,,,,,,,,,,,,,,,,,,,,,,,,,,,,,,,,,
1768920125.482905,1768920125.483964,2.0,0.0,4348.461426,4344.102539,4355.512695,4362.820313,4340.128418,4342.820313,4344.102539,4340.0,4330.641113,4327.179688,4506.410156,4533.717773,4399.487305,4455.897461,,,,,,,,,,,,,,,,,,,,,,,,,,,,,,,,,,,,,,,,,,,,,,,,,,,,,,,,,,,,,,,,,,,,,,
1768920125.490713,1768920125.491773,3.0,0.0,4341.153809,4341.025879,4348.077148,4359.230957,4337.563965,4337.179688,4340.769043,4330.0,4324.743652,4319.615234,4498.717773,4522.179688,4391.282227,4446.025879,,,,,,,,,,,,,,,,,,,,,,,,,,,,,,,,,,,,,,,,,,,,,,,,,,,,,,,,,,,,,,,,,,,,,,
1768920125.498522,1768920125.499781,4.0,0.0,4340.128418,4342.94873,4349.871582,4359.615234,4332.692383,4329.487305,4330.128418,4327.436035,4323.717773,4320.128418,4503.205078,4526.410156,4401.410156,4450.0,,,,,,,,,,,,,,,,,,,,,,,,,,,,,,,,,,,,,,,,,,,,,,,,,,,,,,,,,,,,,,,,,,,,,,
1768920125.50633,1768920125.507589,5.0,0.0,4339.102539,4341.282227,4352.820313,4360.128418,4340.0,4335.641113,4337.179688,4338.461426,4334.358887,4326.282227,4510.769043,4539.871582,4410.897461,4459.487305,,,,,,,,,,,,,,,,,,,,,,,,,,,,,,,,,,,,,,,,,,,,,,,,,,,,,,,,,,,,,,,,,,,,,,
1768920125.514139,1768920125.515298,6.0,0.0,4343.461426,4340.0,4351.153809,4362.94873,4348.333496,4345.897461,4347.820313,4344.102539,4337.05127,4325.256348,4509.871582,4543.205078,4408.846191,4464.230957,,,,,,,,,,,,,,,,,,,,,,,,,,,,,,,,,,,,,,,,,,,,,,,,,,,,,,,,,,,,,,,,,,,,,,
1768920125.521947,1768920125.523106,7.0,0.0,4351.153809,4345.641113,4352.563965,4367.179688,4344.871582,4345.256348,4342.179688,4338.974121,4327.179688,4322.179688,4509.102539,4537.436035,4410.128418,4467.94873,,,,,,,,,,,,,,,,,,,,,,,,,,,,,,,,,,,,,,,,,,,,,,,,,,,,,,,,,,,,,,,,,,,,,,
1768920125.529756,1768920125.530715,8.0,0.0,4346.666504,4347.436035,4348.589844,4362.436035,4340.769043,4344.230957,4340.256348,4334.871582,4326.538574,4325.897461,4509.102539,4530.769043,4409.743652,4467.563965,,,,,,,,,,,,,,,,,,,,,,,,,,,,,,,,,,,,,,,,,,,,,,,,,,,,,,,,,,,,,,,,,,,,,,
1768920125.537564,1768920125.538523,9.0,0.0,4335.641113,4342.692383,4342.563965,4357.692383,4342.179688,4345.641113,4343.461426,4333.717773,4330.256348,4326.282227,4503.846191,4523.974121,4402.436035,4456.538574,,,,,,,,,,,,,,,,,,,,,,,,,,,,,,,,,,,,,,,,,,,,,,,,,,,,,,,,,,,,,,,,,,,,,,
1768920125.545373,1768920125.546232,10.0,0.0,4336.922852,4341.282227,4348.205078,4361.538574,4341.410156,4342.307617,4335.897461,4330.641113,4325.128418,4319.615234,4502.563965,4525.256348,4400.0,4447.436035,,,,,,,,,,,,,,,,,,,,,,,,,,,,,,,,,,,,,,,,,,,,,,,,,,,,,,,,,,,,,,,,,,,,,,
1768920125.553181,1768920125.55404,11.0,0.0,4346.153809,4342.563965,4355.384766,4364.487305,4341.410156,4340.0,4333.974121,4330.641113,4326.025879,4318.589844,4507.05127,4527.820313,4402.94873,4450.641113,,,,,,,,,,,,,,,,,,,,,,,,,,,,,,,,,,,,,,,,,,,,,,,,,,,,,,,,,,,,,,,,,,,,,,
1768920125.56099,1768920125.561649,12.0,0.0,4348.589844,4343.461426,4351.794922,4363.333496,4341.922852,4336.922852,4340.0,4335.769043,4336.025879,4328.205078,4506.410156,4522.05127,4404.743652,4457.563965,,,,,,,,,,,,,,,,,,,,,,,,,,,,,,,,,,,,,,,,,,,,,,,,,,,,,,,,,,,,,,,,,,,,,,
1768920125.568798,1768920125.569458,13.0,0.0,4346.153809,4345.769043,4353.974121,4365.128418,4340.384766,4336.922852,4340.512695,4341.153809,4339.487305,4337.563965,4510.641113,4527.94873,4408.717773,4462.820313,,,,,,,,,,,,,,,,,,,,,,,,,,,,,,,,,,,,,,,,,,,,,,,,,,,,,,,,,,,,,,,,,,,,,,
1768920125.576607,1768920125.577166,14.0,0.0,4345.128418,4346.282227,4360.769043,4366.794922,4342.563965,4343.077148,4351.794922,4338.589844,4335.512695,4335.641113,4518.846191,4539.615234,4414.487305,4463.589844,,,,,,,,,,,,,,,,,,,,,,,,,,,,,,,,,,,,,,,,,,,,,,,,,,,,,,,,,,,,,,,,,,,,,,
1768920125.584415,1768920125.584974,15.0,0.0,4342.179688,4342.436035,4353.717773,4363.333496,4344.743652,4344.230957,4373.077148,4332.820313,4334.358887,4331.410156,4514.743652,4533.077148,4413.461426,4458.333496,,,,,,,,,,,,,,,,,,,,,,,,,,,,,,,,,,,,,,,,,,,,,,,,,,,,,,,,,,,,,,,,,,,,,,
1768920125.592224,1768920125.592982,16.0,0.0,4336.922852,4340.384766,4344.102539,4362.692383,4341.538574,4341.153809,4381.538574,4333.846191,4333.589844,4332.307617,4504.615234,4519.358887,4405.512695,4454.102539,0.342327,0.600493,0.377033,0.316354,0.149241,0.449702,0.729968,0.334631,0.171985,0.106491,0.306115,0.680679,0.093516,0.192247,0.20745,0.303175,0.635143,0.233687,0.196329,0.138324,0.07882,0.251507,0.127296,0.109407,0.078797,0.101812,0.209628,0.063956,0.428765,0.143673,0.339618,0.423236,0.130123,0.543788,0.296711,0.332743,0.284888,0.137915,0.166964,0.170091,0.722242,0.314899,0.167307,0.158561,0.126467,0.758091,0.637175,0.473237,0.182056,0.215091,0.856251,0.549341,0.245234,0.201309,0.179486,0.44537,0.772209,0.183595,0.231564,0.264457,0.802078,0.878532,0.288856,0.164759,0.161105,0.821362,0.879434,0.289518,0.192248,0.207533
1768920125.600032,1768920125.600791,17.0,0.0,4340.128418,4346.922852,4346.794922,4368.461426,4342.820313,4342.307617,4383.589844,4331.794922,4330.384766,4329.230957,4505.512695,4517.94873,4400.512695,4457.179688,,,,,,,,,,,,,,,,,,,,,,,,,,,,,,,,,,,,,,,,,,,,,,,,,,,,,,,,,,,,,,,,,,,,,,
1768920125.607841,1768920125.608699,18.0,0.0,4348.717773,4352.05127,4356.794922,4372.820313,4348.205078,4344.102539,4402.307617,4325.512695,4330.641113,4324.743652,4508.974121,4524.871582,4408.589844,4463.717773,,,,,,,,,,,,,,,,,,,,,,,,,,,,,,,,,,,,,,,,,,,,,,,,,,,,,,,,,,,,,,,,,,,,,,
1768920125.615649,1768920125.616508,19.0,0.0,4349.615234,4347.563965,4359.358887,4370.512695,4346.025879,4340.512695,4422.820313,4326.410156,4333.205078,4325.769043,4507.563965,4528.077148,4417.436035,4463.461426,,,,,,,,,,,,,,,,,,,,,,,,,,,,,,,,,,,,,,,,,,,,,,,,,,,,,,,,,,,,,,,,,,,,,,
1768920125.623458,1768920125.624116,20.0,0.0,4344.102539,4346.538574,4351.538574,4368.974121,4340.128418,4340.769043,4427.563965,4329.487305,4330.897461,4330.0,4509.230957,4519.615234,4411.282227,4457.179688,,,,,,,,,,,,,,,,,,,,,,,,,,,,,,,,,,,,,,,,,,,,,,,,,,,,,,,,,,,,,,,,,,,,,,
1768920125.631266,1768920125.631924,21.0,0.0,4339.230957,4351.282227,4345.512695,4372.179688,4341.025879,4343.077148,4431.922852,4321.666504,4323.974121,4327.05127,4504.615234,4511.025879,4401.794922,4451.794922,,,,,,,,,,,,,,,,,,,,,,,,,,,,,,,,,,,,,,,,,,,,,,,,,,,,,,,,,,,,,,,,,,,,,,
1768920125.639075,1768920125.639633,22.0,0.0,4339.615234,4348.205078,4348.974121,4371.538574,4344.743652,4345.384766,4454.615234,4317.692383,4323.461426,4314.487305,4493.205078,4514.615234,4398.077148,4449.871582,,,,,,,,,,,,,,,,,,,,,,,,,,,,,,,,,,,,,,,,,,,,,,,,,,,,,,,,,,,,,,,,,,,,,,
1768920125.646883,1768920125.647441,23.0,0.0,4338.589844,4338.717773,4351.153809,4362.94873,4339.358887,4346.153809,4478.205078,4325.256348,4327.436035,4307.563965,4490.384766,4516.282227,4391.282227,4447.436035,,,,,,,,,,,,,,,,,,,,,,,,,,,,,,,,,,,,,,,,,,,,,,,,,,,,,,,,,,,,,,,,,,,,,,
1768920125.654692,1768920125.655449,24.0,0.0,4336.025879,4335.0,4344.871582,4357.692383,4327.436035,4337.563965,4480.512695,4324.743652,4325.512695,4314.615234,4490.641113,4513.205078,4383.205078,4445.0,,,,,,,,,,,,,,,,,,,,,,,,,,,,,,,,,,,,,,,,,,,,,,,,,,,,,,,,,,,,,,,,,,,,,,
1768920125.662501,1768920125.663257,25.0,0.0,4343.846191,4338.974121,4344.102539,4363.205078,4329.871582,4332.05127,4482.436035,4319.358887,4326.282227,4324.871582,4496.025879,4516.153809,4391.153809,4451.666504,,,,,,,,,,,,,,,,,,,,,,,,,,,,,,,,,,,,,,,,,,,,,,,,,,,,,,,,,,,,,,,,,,,,,,
1768920125.670309,1768920125.671166,26.0,0.0,4349.743652,4342.436035,4355.128418,4371.025879,4339.871582,4339.615234,4505.0,4326.025879,4338.077148,4330.512695,4513.589844,4527.436035,4409.615234,4461.794922,,,,,,,,,,,,,,,,,,,,,,,,,,,,,,,,,,,,,,,,,,,,,,,,,,,,,,,,,,,,,,,,,,,,,,
1768920125.678117,1768920125.678974,27.0,0.0,4344.358887,4339.743652,4362.692383,4368.974121,4333.589844,4342.94873,4524.743652,4332.692383,4340.256348,4331.410156,4518.974121,4533.589844,4407.94873,4459.487305,,,,,,,,,,,,,,,,,,,,,,,,,,,,,,,,,,,,,,,,,,,,,,,,,,,,,,,,,,,,,,,,,,,,,,
1768920125.685926,1768920125.686982,28.0,0.0,4346.410156,4340.0,4359.871582,4362.94873,4325.384766,4338.077148,4524.743652,4323.974121,4326.922852,4326.282227,4506.410156,4528.333496,4399.871582,4458.589844,,,,,,,,,,,,,,,,,,,,,,,,,,,,,,,,,,,,,,,,,,,,,,,,,,,,,,,,,,,,,,,,,,,,,,
1768920125.693735,1768920125.694791,29.0,0.0,4357.436035,4345.512695,4356.025879,4365.128418,4330.384766,4337.820313,4518.974121,4316.025879,4321.538574,4322.692383,4509.230957,4526.282227,4411.282227,4471.410156,,,,,,,,,,,,,,,,,,,,,,,,,,,,,,,,,,,,,,,,,,,,,,,,,,,,,,,,,,,,,,,,,,,,,,
1768920125.701543,1768920125.702499,30.0,0.0,4360.256348,4345.641113,4354.871582,4368.333496,4335.256348,4338.846191,4523.589844,4321.025879,4327.692383,4325.769043,4522.307617,4533.077148,4424.102539,4479.871582,,,,,,,,,,,,,,,,,,,,,,,,,,,,,,,,,,,,,,,,,,,,,,,,,,,,,,,,,,,,,,,,,,,,,,
1768920125.709352,1768920125.710308,31.0,0.0,4359.102539,4344.230957,4357.692383,4367.563965,4333.205078,4339.230957,4541.153809,4325.384766,4331.666504,4326.922852,4521.922852,4540.769043,4418.589844,4478.333496,,,,,,,,,,,,,,,,,,,,,,,,,,,,,,,,,,,,,,,,,,,,,,,,,,,,,,,,,,,,,,,,,,,,,,
1768920125.71716,1768920125.717917,32.0,0.0,4363.077148,4349.871582,4363.974121,4369.615234,4335.641113,4343.974121,4557.820313,4326.282227,4330.256348,4327.179688,4521.922852,4545.384766,4416.282227,4483.461426,0.347173,0.622842,0.332547,0.331267,0.162245,0.541127,0.732082,0.279371,0.146815,0.111552,0.374608,0.726191,0.074397,0.198304,0.193082,0.3342,0.666698,0.229516,0.186634,0.149956,0.101401,0.255693,0.14052,0.115465,0.084189,0.100338,0.196332,0.081248,0.468797,0.147285,0.289463,0.372607,0.180825,0.595956,0.301246,0.249032,0.241305,0.134233,0.187005,0.167549,0.617179,0.258741,0.179943,0.15955,0.125691,0.630146,0.518022,0.482615,0.153063,0.224104,0.701921,0.518389,0.256939,0.231302,0.172651,0.444452,0.789,0.199621,0.243899,0.275863,0.728984,0.843873,0.262529,0.167838,0.157939,0.69635,0.770018,0.325148,0.214222,0.202173
1768920125.724969,1768920125.725725,33.0,0.0,4366.666504,4353.589844,4363.077148,4372.94873,4340.641113,4342.94873,4562.307617,4325.384766,4326.410156,4327.436035,4525.769043,4547.179688,4426.025879,4493.846191,,,,,,,,,,,,,,,,,,,,,,,,,,,,,,,,,,,,,,,,,,,,,,,,,,,,,,,,,,,,,,,,,,,,,,
1768920125.732777,1768920125.733434,34.0,0.0,4370.0,4351.666504,4355.641113,4372.05127,4335.897461,4336.794922,4555.256348,4319.743652,4323.461426,4322.307617,4522.563965,4538.461426,4422.692383,4492.179688,,,,,,,,,,,,,,,,,,,,,,,,,,,,,,,,,,,,,,,,,,,,,,,,,,,,,,,,,,,,,,,,,,,,,,
1768920125.740586,1768920125.741242,35.0,0.0,4372.436035,4352.179688,4360.256348,4373.333496,4332.436035,4335.128418,4545.128418,4318.333496,4325.641113,4322.563965,4518.846191,4531.922852,4414.358887,4489.615234,,,,,,,,,,,,,,,,,,,,,,,,,,,,,,,,,,,,,,,,,,,,,,,,,,,,,,,,,,,,,,,,,,,,,,
1768920125.748394,1768920125.748851,36.0,0.0,4370.512695,4351.282227,4369.615234,4375.384766,4334.358887,4339.615234,4542.820313,4322.179688,4327.307617,4322.436035,4514.743652,4538.077148,4417.692383,4493.205078,,,,,,,,,,,,,,,,,,,,,,,,,,,,,,,,,,,,,,,,,,,,,,,,,,,,,,,,,,,,,,,,,,,,,,
1768920125.756203,1768920125.756659,37.0,0.0,4367.820313,4344.358887,4364.102539,4367.179688,4331.794922,4342.307617,4536.153809,4320.384766,4323.205078,4314.487305,4508.846191,4539.871582,4419.358887,4492.307617,,,,,,,,,,,,,,,,,,,,,,,,,,,,,,,,,,,,,,,,,,,,,,,,,,,,,,,,,,,,,,,,,,,,,,
1768920125.764011,1768920125.764368,38.0,0.0,4367.179688,4341.153809,4356.025879,4359.743652,4329.358887,4341.025879,4516.282227,4316.153809,4321.025879,4314.871582,4508.333496,4532.563965,4410.769043,4489.102539,,,,,,,,,,,,,,,,,,,,,,,,,,,,,,,,,,,,,,,,,,,,,,,,,,,,,,,,,,,,,,,,,,,,,,
1768920125.77182,1768920125.772176,39.0,0.0,4368.846191,4345.769043,4359.358887,4363.717773,4332.05127,4338.846191,4499.743652,4316.794922,4325.128418,4325.0,4510.384766,4529.615234,4409.871582,4491.538574,,,,,,,,,,,,,,,,,,,,,,,,,,,,,,,,,,,,,,,,,,,,,,,,,,,,,,,,,,,,,,,,,,,,,,
1768920125.779628,1768920125.780184,40.0,0.0,4368.589844,4345.897461,4365.641113,4368.077148,4332.307617,4336.282227,4491.538574,4321.538574,4329.615234,4327.307617,4510.384766,4536.410156,4413.461426,4491.282227,,,,,,,,,,,,,,,,,,,,,,,,,,,,,,,,,,,,,,,,,,,,,,,,,,,,,,,,,,,,,,,,,,,,,,
1768920125.787437,1768920125.787993,41.0,0.0,4366.282227,4341.153809,4366.666504,4364.102539,4331.538574,4336.666504,4482.307617,4325.512695,4328.077148,4320.641113,4509.102539,4542.692383,4405.384766,4482.307617,,,,,,,,,,,,,,,,,,,,,,,,,,,,,,,,,,,,,,,,,,,,,,,,,,,,,,,,,,,,,,,,,,,,,,
1768920125.795245,1768920125.795901,42.0,0.0,4364.230957,4340.641113,4359.487305,4360.512695,4335.384766,4342.563965,4474.358887,4324.230957,4325.256348,4315.897461,4507.94873,4539.743652,4397.820313,4476.922852,,,,,,,,,,,,,,,,,,,,,,,,,,,,,,,,,,,,,,,,,,,,,,,,,,,,,,,,,,,,,,,,,,,,,,
1768920125.803054,1768920125.80371,43.0,0.0,4359.230957,4339.102539,4348.205078,4358.333496,4335.384766,4344.230957,4469.615234,4319.743652,4324.871582,4316.025879,4505.512695,4529.871582,4397.179688,4476.666504,,,,,,,,,,,,,,,,,,,,,,,,,,,,,,,,,,,,,,,,,,,,,,,,,,,,,,,,,,,,,,,,,,,,,,
1768920125.810862,1768920125.811718,44.0,0.0,4354.743652,4337.307617,4346.153809,4356.794922,4335.384766,4336.410156,4458.589844,4318.589844,4321.922852,4314.102539,4506.025879,4526.666504,4399.615234,4476.410156,,,,,,,,,,,,,,,,,,,,,,,,,,,,,,,,,,,,,,,,,,,,,,,,,,,,,,,,,,,,,,,,,,,,,,
1768920125.818671,1768920125.819526,45.0,0.0,4356.025879,4340.0,4354.615234,4359.615234,4338.077148,4336.922852,4447.563965,4319.871582,4323.974121,4311.538574,4507.179688,4536.282227,4402.563965,4475.0,,,,,,,,,,,,,,,,,,,,,,,,,,,,,,,,,,,,,,,,,,,,,,,,,,,,,,,,,,,,,,,,,,,,,,
1768920125.826479,1768920125.827235,46.0,0.0,4356.153809,4341.025879,4356.922852,4359.358887,4337.05127,4347.94873,4446.153809,4322.436035,4330.769043,4316.282227,4506.794922,4540.256348,4407.820313,4468.589844,,,,,,,,,,,,,,,,,,,,,,,,,,,,,,,,,,,,,,,,,,,,,,,,,,,,,,,,,,,,,,,,,,,,,,
1768920125.834288,1768920125.835043,47.0,0.0,4351.282227,4339.615234,4350.641113,4356.153809,4338.589844,4347.563965,4439.871582,4324.743652,4330.384766,4321.410156,4509.487305,4533.846191,4412.179688,4467.307617,,,,,,,,,,,,,,,,,,,,,,,,,,,,,,,,,,,,,,,,,,,,,,,,,,,,,,,,,,,,,,,,,,,,,,
1768920125.842096,1768920125.842651,48.0,0.0,4345.641113,4339.871582,4345.512695,4358.974121,4341.922852,4336.666504,4416.666504,4316.922852,4325.384766,4317.692383,4507.179688,4528.846191,4406.025879,4468.589844,0.349392,0.5987,0.281792,0.320041,0.172191,0.614781,0.673669,0.231903,0.12578,0.113089,0.437737,0.727361,0.065638,0.193897,0.180384,0.364762,0.652102,0.227488,0.173248,0.149397,0.132103,0.249282,0.149165,0.127595,0.091887,0.101796,0.186496,0.101856,0.469626,0.159952,0.341484,0.338635,0.249804,0.619331,0.318717,0.175021,0.193232,0.135383,0.20649,0.1615,0.491944,0.208503,0.202483,0.170116,0.122122,0.487023,0.407209,0.480952,0.136417,0.226842,0.573208,0.460074,0.27366,0.272561,0.167057,0.476676,0.747679,0.216347,0.275401,0.296487,0.636435,0.759505,0.257054,0.187282,0.151245,0.608594,0.618248,0.369183,0.254053,0.20038
1768920125.849905,1768920125.850459,49.0,0.0,4341.794922,4335.769043,4343.846191,4359.871582,4336.538574,4331.666504,4397.820313,4310.641113,4325.256348,4315.769043,4498.846191,4528.589844,4399.102539,4464.743652,,,,,,,,,,,,,,,,,,,,,,,,,,,,,,,,,,,,,,,,,,,,,,,,,,,,,,,,,,,,,,,,,,,,,,
1768920125.857713,1768920125.858368,50.0,0.0,4340.769043,4329.102539,4341.282227,4350.769043,4328.333496,4332.820313,4397.436035,4315.641113,4325.769043,4315.897461,4494.487305,4523.461426,4397.820313,4456.794922,,,,,,,,,,,,,,,,,,,,,,,,,,,,,,,,,,,,,,,,,,,,,,,,,,,,,,,,,,,,,,,,,,,,,,
1768920125.865522,1768920125.866176,51.0,0.0,4340.512695,4329.102539,4334.230957,4344.487305,4329.487305,4331.666504,4397.436035,4316.282227,4323.333496,4310.256348,4492.820313,4513.077148,4391.666504,4448.846191,,,,,,,,,,,,,,,,,,,,,,,,,,,,,,,,,,,,,,,,,,,,,,,,,,,,,,,,,,,,,,,,,,,,,,
1768920125.87333,1768920125.874184,52.0,0.0,4339.743652,4333.333496,4332.692383,4350.641113,4337.436035,4339.487305,4396.153809,4314.358887,4324.102539,4309.871582,4493.077148,4511.666504,4389.743652,4448.077148,,,,,,,,,,,,,,,,,,,,,,,,,,,,,,,,,,,,,,,,,,,,,,,,,,,,,,,,,,,,,,,,,,,,,,
1768920125.881139,1768920125.881993,53.0,0.0,4343.461426,4338.333496,4343.077148,4358.461426,4341.794922,4345.0,4393.846191,4314.615234,4323.333496,4312.94873,4497.820313,4517.94873,4403.333496,4453.717773,,,,,,,,,,,,,,,,,,,,,,,,,,,,,,,,,,,,,,,,,,,,,,,,,,,,,,,,,,,,,,,,,,,,,,
1768920125.888947,1768920125.889701,54.0,0.0,4346.153809,4337.179688,4344.230957,4356.025879,4338.077148,4330.384766,4375.256348,4312.692383,4321.794922,4308.461426,4496.666504,4520.512695,4408.333496,4452.692383,,,,,,,,,,,,,,,,,,,,,,,,,,,,,,,,,,,,,,,,,,,,,,,,,,,,,,,,,,,,,,,,,,,,,,
1768920125.896756,1768920125.89751,55.0,0.0,4338.974121,4331.666504,4331.153809,4348.717773,4332.820313,4323.974121,4365.897461,4313.333496,4324.871582,4309.487305,4490.897461,4518.077148,4397.94873,4443.205078,,,,,,,,,,,,,,,,,,,,,,,,,,,,,,,,,,,,,,,,,,,,,,,,,,,,,,,,,,,,,,,,,,,,,,
1768920125.904565,1768920125.905119,56.0,0.0,4336.282227,4335.384766,4332.179688,4352.692383,4338.205078,4337.94873,4377.05127,4314.615234,4323.846191,4315.512695,4493.589844,4516.922852,4395.769043,4441.794922,,,,,,,,,,,,,,,,,,,,,,,,,,,,,,,,,,,,,,,,,,,,,,,,,,,,,,,,,,,,,,,,,,,,,,
1768920125.912373,1768920125.912927,57.0,0.0,4341.410156,4341.025879,4344.102539,4361.025879,4341.538574,4342.307617,4371.794922,4308.589844,4319.871582,4310.769043,4493.589844,4516.025879,4397.94873,4443.205078,,,,,,,,,,,,,,,,,,,,,,,,,,,,,,,,,,,,,,,,,,,,,,,,,,,,,,,,,,,,,,,,,,,,,,
1768920125.920181,1768920125.920636,58.0,0.0,4343.717773,4338.077148,4345.256348,4360.384766,4335.0,4333.205078,4354.743652,4308.846191,4322.307617,4307.307617,4491.025879,4520.897461,4396.794922,4442.692383,,,,,,,,,,,,,,,,,,,,,,,,,,,,,,,,,,,,,,,,,,,,,,,,,,,,,,,,,,,,,,,,,,,,,,
1768920125.92799,1768920125.928444,59.0,0.0,4342.179688,4338.077148,4342.692383,4355.897461,4332.820313,4332.94873,4355.128418,4319.230957,4327.179688,4321.025879,4503.333496,4528.333496,4403.461426,4448.077148,,,,,,,,,,,,,,,,,,,,,,,,,,,,,,,,,,,,,,,,,,,,,,,,,,,,,,,,,,,,,,,,,,,,,,
1768920125.935799,1768920125.936053,60.0,0.0,4340.128418,4340.769043,4343.333496,4357.179688,4338.205078,4339.871582,4360.512695,4320.384766,4327.94873,4329.615234,4507.436035,4525.384766,4409.230957,4448.077148,,,,,,,,,,,,,,,,,,,,,,,,,,,,,,,,,,,,,,,,,,,,,,,,,,,,,,,,,,,,,,,,,,,,,,
1768920125.943607,1768920125.943861,61.0,0.0,4340.0,4340.641113,4343.461426,4361.153809,4339.358887,4344.615234,4356.410156,4317.820313,4328.461426,4323.205078,4493.974121,4520.512695,4407.692383,4442.307617,,,,,,,,,,,,,,,,,,,,,,,,,,,,,,,,,,,,,,,,,,,,,,,,,,,,,,,,,,,,,,,,,,,,,,
1768920125.951416,1768920125.95157,62.0,0.0,4341.538574,4344.230957,4347.692383,4365.0,4339.871582,4344.102539,4354.487305,4320.769043,4328.205078,4321.922852,4494.615234,4522.94873,4409.871582,4446.922852,,,,,,,,,,,,,,,,,,,,,,,,,,,,,,,,,,,,,,,,,,,,,,,,,,,,,,,,,,,,,,,,,,,,,,
1768920125.959224,1768920125.959378,63.0,0.0,4348.461426,4348.205078,4351.282227,4367.05127,4343.589844,4343.077148,4357.94873,4320.256348,4330.128418,4323.077148,4506.282227,4528.717773,4413.589844,4455.128418,,,,,,,,,,,,,,,,,,,,,,,,,,,,,,,,,,,,,,,,,,,,,,,,,,,,,,,,,,,,,,,,,,,,,,
1768920125.967033,1768920125.966986,64.0,0.0,4351.282227,4347.563965,4345.897461,4365.0,4342.692383,4347.94873,4357.179688,4314.487305,4334.615234,4320.0,4507.179688,4529.487305,4413.333496,4452.563965,0.391181,0.535861,0.234803,0.291858,0.175654,0.662113,0.571815,0.199306,0.110389,0.109854,0.47809,0.689008,0.065177,0.179717,0.173047,0.381474,0.601874,0.225162,0.156603,0.137117,0.161069,0.24204,0.151284,0.144923,0.103156,0.102406,0.175328,0.122127,0.429609,0.178396,0.751341,0.323376,0.3285,0.606162,0.345556,0.120811,0.148075,0.141771,0.219703,0.152257,0.360757,0.174022,0.229471,0.1873,0.115762,0.361422,0.337242,0.458953,0.137513,0.220601,0.511221,0.39031,0.282677,0.315184,0.15921,0.557227,0.655461,0.224307,0.326032,0.317225,0.570917,0.652613,0.263228,0.222589,0.143556,0.634209,0.462712,0.401528,0.316422,0.201737
1768920125.974841,1768920125.974795,65.0,0.0,4343.846191,4347.692383,4340.897461,4362.692383,4340.897461,4346.922852,4347.692383,4313.974121,4333.461426,4323.461426,4505.384766,4523.205078,4414.230957,4444.358887,,,,,,,,,,,,,,,,,,,,,,,,,,,,,,,,,,,,,,,,,,,,,,,,,,,,,,,,,,,,,,,,,,,,,,
1768920125.98265,1768920125.982503,66.0,0.0,4342.307617,4346.282227,4342.94873,4363.205078,4342.307617,4342.692383,4341.025879,4320.897461,4333.846191,4326.922852,4508.077148,4520.897461,4414.615234,4442.307617,,,,,,,,,,,,,,,,,,,,,,,,,,,,,,,,,,,,,,,,,,,,,,,,,,,,,,,,,,,,,,,,,,,,,,
1768920125.990458,1768920125.990311,67.0,0.0,4347.436035,4343.333496,4346.666504,4362.436035,4344.871582,4346.025879,4341.538574,4321.025879,4337.820313,4325.256348,4510.769043,4530.128418,4414.230957,4450.256348,,,,,,,,,,,,,,,,,,,,,,,,,,,,,,,,,,,,,,,,,,,,,,,,,,,,,,,,,,,,,,,,,,,,,,
1768920125.998267,1768920125.998319,68.0,0.0,4342.05127,4340.512695,4343.974121,4359.358887,4343.205078,4344.358887,4335.128418,4313.846191,4333.717773,4325.384766,4506.410156,4533.846191,4413.077148,4454.615234,,,,,,,,,,,,,,,,,,,,,,,,,,,,,,,,,,,,,,,,,,,,,,,,,,,,,,,,,,,,,,,,,,,,,,
1768920126.006075,1768920126.006128,69.0,0.0,4332.179688,4337.94873,4335.641113,4358.461426,4338.077148,4338.974121,4328.333496,4308.461426,4325.769043,4325.897461,4496.666504,4520.128418,4405.641113,4446.922852,,,,,,,,,,,,,,,,,,,,,,,,,,,,,,,,,,,,,,,,,,,,,,,,,,,,,,,,,,,,,,,,,,,,,,
1768920126.013884,1768920126.014036,70.0,0.0,4335.897461,4340.0,4334.358887,4359.615234,4339.358887,4344.230957,4332.94873,4309.487305,4324.102539,4325.897461,4497.307617,4511.025879,4403.333496,4438.974121,,,,,,,,,,,,,,,,,,,,,,,,,,,,,,,,,,,,,,,,,,,,,,,,,,,,,,,,,,,,,,,,,,,,,,
1768920126.021692,1768920126.021845,71.0,0.0,4342.179688,4341.922852,4338.717773,4358.589844,4342.692383,4347.563965,4333.205078,4312.179688,4327.563965,4326.153809,4506.410156,4518.589844,4410.769043,4440.897461,,,,,,,,,,,,,,,,,,,,,,,,,,,,,,,,,,,,,,,,,,,,,,,,,,,,,,,,,,,,,,,,,,,,,,
1768920126.029501,1768920126.029454,72.0,0.0,4341.282227,4338.589844,4343.077148,4358.974121,4339.743652,4337.94873,4322.179688,4314.102539,4332.436035,4325.769043,4510.0,4528.333496,4413.846191,4450.897461,,,,,,,,,,,,,,,,,,,,,,,,,,,,,,,,,,,,,,,,,,,,,,,,,,,,,,,,,,,,,,,,,,,,,,
1768920126.037309,1768920126.037262,73.0,0.0,4341.794922,4337.692383,4347.436035,4364.358887,4336.153809,4332.563965,4319.487305,4314.743652,4332.94873,4325.256348,4505.641113,4528.333496,4410.0,4456.282227,,,,,,,,,,,,,,,,,,,,,,,,,,,,,,,,,,,,,,,,,,,,,,,,,,,,,,,,,,,,,,,,,,,,,,
1768920126.045118,1768920126.04497,74.0,0.0,4342.820313,4341.282227,4347.692383,4370.769043,4339.615234,4339.358887,4326.282227,4313.461426,4327.563965,4324.487305,4496.922852,4520.769043,4408.589844,4449.230957,,,,,,,,,,,,,,,,,,,,,,,,,,,,,,,,,,,,,,,,,,,,,,,,,,,,,,,,,,,,,,,,,,,,,,
1768920126.052926,1768920126.052778,75.0,0.0,4340.128418,4341.025879,4344.102539,4368.333496,4342.563965,4343.589844,4325.128418,4314.871582,4325.897461,4323.205078,4495.0,4515.384766,4408.205078,4441.794922,,,,,,,,,,,,,,,,,,,,,,,,,,,,,,,,,,,,,,,,,,,,,,,,,,,,,,,,,,,,,,,,,,,,,,
1768920126.060735,1768920126.060787,76.0,0.0,4341.794922,4339.615234,4347.563965,4359.871582,4340.769043,4340.0,4316.794922,4316.538574,4330.384766,4325.512695,4506.794922,4520.256348,4410.897461,4448.717773,,,,,,,,,,,,,,,,,,,,,,,,,,,,,,,,,,,,,,,,,,,,,,,,,,,,,,,,,,,,,,,,,,,,,,
1768920126.068543,1768920126.068595,77.0,0.0,4351.025879,4342.179688,4355.384766,4360.0,4340.384766,4341.025879,4320.512695,4317.692383,4333.205078,4331.794922,4513.974121,4529.358887,4418.333496,4455.641113,,,,,,,,,,,,,,,,,,,,,,,,,,,,,,,,,,,,,,,,,,,,,,,,,,,,,,,,,,,,,,,,,,,,,,
1768920126.076352,1768920126.076503,78.0,0.0,4351.282227,4343.717773,4353.461426,4365.384766,4342.563965,4346.666504,4328.846191,4316.794922,4329.743652,4331.922852,4508.205078,4526.282227,4412.436035,4449.102539,,,,,,,,,,,,,,,,,,,,,,,,,,,,,,,,,,,,,,,,,,,,,,,,,,,,,,,,,,,,,,,,,,,,,,
1768920126.08416,1768920126.084312,79.0,0.0,4340.128418,4343.717773,4345.897461,4364.743652,4345.0,4343.717773,4319.615234,4311.666504,4326.794922,4326.794922,4505.256348,4515.256348,4399.871582,4437.820313,,,,,,,,,,,,,,,,,,,,,,,,,,,,,,,,,,,,,,,,,,,,,,,,,,,,,,,,,,,,,,,,,,,,,,
1768920126.091969,1768920126.09222,80.0,0.0,4338.846191,4343.077148,4342.05127,4361.794922,4344.615234,4337.820313,4307.307617,4308.974121,4328.333496,4325.128418,4505.0,4511.922852,4405.384766,4436.538574,0.523766,0.450141,0.196296,0.262524,0.170581,0.682434,0.458192,0.178897,0.100607,0.102576,0.507688,0.6248,0.069395,0.161943,0.173178,0.387523,0.535922,0.217331,0.139696,0.119003,0.177465,0.245523,0.145484,0.163017,0.117373,0.09771,0.161735,0.13796,0.361408,0.19795,1.813122,0.341747,0.411679,0.560375,0.377675,0.104641,0.113894,0.150338,0.222845,0.142268,0.263432,0.158968,0.248727,0.204509,0.108635,0.276544,0.32402,0.411173,0.158392,0.205999,0.541678,0.340536,0.272235,0.350669,0.147101,0.700952,0.547288,0.216915,0.388163,0.329132,0.589804,0.566507,0.269818,0.270448,0.138531,0.834116,0.343037,0.404679,0.395814,0.203127
1768920126.099777,1768920126.100029,81.0,0.0,4342.820313,4342.94873,4343.589844,4364.743652,4344.487305,4340.0,4311.666504,4313.589844,4330.128418,4327.820313,4506.153809,4514.487305,4417.179688,4447.563965,,,,,,,,,,,,,,,,,,,,,,,,,,,,,,,,,,,,,,,,,,,,,,,,,,,,,,,,,,,,,,,,,,,,,,
1768920126.107586,1768920126.107937,82.0,0.0,4339.230957,4344.615234,4349.230957,4367.692383,4347.307617,4344.487305,4319.358887,4317.563965,4328.846191,4327.179688,4506.025879,4518.333496,4408.205078,4453.333496,,,,,,,,,,,,,,,,,,,,,,,,,,,,,,,,,,,,,,,,,,,,,,,,,,,,,,,,,,,,,,,,,,,,,,
1768920126.115394,1768920126.115746,83.0,0.0,4340.0,4348.333496,4351.282227,4367.563965,4347.436035,4345.512695,4315.769043,4312.436035,4326.922852,4323.205078,4495.0,4522.179688,4397.179688,4447.563965,,,,,,,,,,,,,,,,,,,,,,,,,,,,,,,,,,,,,,,,,,,,,,,,,,,,,,,,,,,,,,,,,,,,,,
1768920126.123203,1768920126.123754,84.0,0.0,4340.769043,4341.922852,4346.153809,4363.461426,4340.897461,4344.230957,4312.94873,4308.589844,4325.769043,4323.974121,4487.05127,4520.769043,4406.282227,4443.205078,,,,,,,,,,,,,,,,,,,,,,,,,,,,,,,,,,,,,,,,,,,,,,,,,,,,,,,,,,,,,,,,,,,,,,
1768920126.131011,1768920126.131563,85.0,0.0,4335.256348,4330.512695,4342.94873,4357.05127,4337.94873,4341.282227,4310.128418,4314.871582,4326.666504,4326.153809,4492.692383,4519.102539,4410.769043,4444.230957,,,,,,,,,,,,,,,,,,,,,,,,,,,,,,,,,,,,,,,,,,,,,,,,,,,,,,,,,,,,,,,,,,,,,,
1768920126.13882,1768920126.139472,86.0,0.0,4341.666504,4336.922852,4349.102539,4361.282227,4341.666504,4338.846191,4301.153809,4317.820313,4327.94873,4323.589844,4495.769043,4518.974121,4400.384766,4443.205078,,,,,,,,,,,,,,,,,,,,,,,,,,,,,,,,,,,,,,,,,,,,,,,,,,,,,,,,,,,,,,,,,,,,,,
1768920126.146629,1768920126.14728,87.0,0.0,4353.461426,4347.307617,4350.769043,4370.512695,4341.922852,4339.358887,4301.666504,4311.922852,4326.153809,4321.666504,4493.461426,4512.820313,4401.153809,4444.358887,,,,,,,,,,,,,,,,,,,,,,,,,,,,,,,,,,,,,,,,,,,,,,,,,,,,,,,,,,,,,,,,,,,,,,
1768920126.154437,1768920126.154889,88.0,0.0,4347.820313,4342.94873,4342.94873,4366.794922,4339.358887,4342.307617,4309.230957,4311.538574,4325.897461,4324.743652,4499.358887,4510.128418,4413.333496,4451.282227,,,,,,,,,,,,,,,,,,,,,,,,,,,,,,,,,,,,,,,,,,,,,,,,,,,,,,,,,,,,,,,,,,,,,,
1768920126.162245,1768920126.162697,89.0,0.0,4337.94873,4338.974121,4340.769043,4360.897461,4341.922852,4343.589844,4311.282227,4317.179688,4331.922852,4329.615234,4508.205078,4521.282227,4415.897461,4455.897461,,,,,,,,,,,,,,,,,,,,,,,,,,,,,,,,,,,,,,,,,,,,,,,,,,,,,,,,,,,,,,,,,,,,,,
1768920126.170054,1768920126.170405,90.0,0.0,4340.128418,4341.794922,4347.563965,4368.077148,4345.769043,4343.205078,4314.102539,4318.717773,4336.666504,4332.820313,4510.384766,4528.589844,4412.05127,4451.282227,,,,,,,,,,,,,,,,,,,,,,,,,,,,,,,,,,,,,,,,,,,,,,,,,,,,,,,,,,,,,,,,,,,,,,
1768920126.177863,1768920126.178213,91.0,0.0,4341.666504,4339.358887,4348.974121,4371.922852,4341.538574,4343.717773,4315.897461,4314.615234,4332.05127,4327.179688,4501.794922,4520.256348,4408.077148,4443.077148,,,,,,,,,,,,,,,,,,,,,,,,,,,,,,,,,,,,,,,,,,,,,,,,,,,,,,,,,,,,,,,,,,,,,,
1768920126.185671,1768920126.186222,92.0,0.0,4338.846191,4337.563965,4343.589844,4365.897461,4336.282227,4342.05127,4304.743652,4308.077148,4324.230957,4317.563965,4492.563965,4512.692383,4405.384766,4443.974121,,,,,,,,,,,,,,,,,,,,,,,,,,,,,,,,,,,,,,,,,,,,,,,,,,,,,,,,,,,,,,,,,,,,,,
1768920126.19348,1768920126.194031,93.0,0.0,4337.179688,4343.333496,4339.487305,4365.384766,4340.641113,4340.128418,4294.230957,4308.205078,4325.769043,4322.179688,4493.205078,4516.922852,4407.563965,4446.153809,,,,,,,,,,,,,,,,,,,,,,,,,,,,,,,,,,,,,,,,,,,,,,,,,,,,,,,,,,,,,,,,,,,,,,
1768920126.201288,1768920126.201939,94.0,0.0,4336.410156,4343.205078,4337.436035,4365.256348,4344.615234,4340.384766,4296.282227,4313.974121,4328.974121,4332.179688,4495.384766,4520.128418,4408.333496,4442.820313,,,,,,,,,,,,,,,,,,,,,,,,,,,,,,,,,,,,,,,,,,,,,,,,,,,,,,,,,,,,,,,,,,,,,,
1768920126.209097,1768920126.209747,95.0,0.0,4336.794922,4337.692383,4338.717773,4363.205078,4341.025879,4342.692383,4303.205078,4316.153809,4327.820313,4328.589844,4494.230957,4516.666504,4404.487305,4441.538574,,,,,,,,,,,,,,,,,,,,,,,,,,,,,,,,,,,,,,,,,,,,,,,,,,,,,,,,,,,,,,,,,,,,,,
1768920126.216905,1768920126.217756,96.0,0.0,4337.692383,4334.871582,4342.820313,4362.307617,4341.410156,4350.769043,4313.589844,4319.743652,4327.692383,4324.743652,4496.922852,4519.743652,4403.717773,4447.05127,0.776668,0.360011,0.166206,0.243907,0.157607,0.690441,0.363298,0.163055,0.094832,0.093277,0.555152,0.550158,0.075313,0.148873,0.180688,0.390337,0.471199,0.200312,0.125752,0.103041,0.18346,0.263674,0.131612,0.175661,0.13195,0.09512,0.146808,0.145355,0.286116,0.214753,3.595159,0.409274,0.500806,0.495255,0.410803,0.11579,0.095659,0.156127,0.214946,0.13473,0.20314,0.160613,0.249266,0.214502,0.103547,0.244829,0.360733,0.342891,0.194818,0.18691,0.666984,0.336353,0.238377,0.375457,0.132605,0.911898,0.465532,0.193313,0.448258,0.328177,0.734365,0.534957,0.271235,0.325117,0.13968,1.227307,0.285044,0.37063,0.474925,0.201741
1768920126.224714,1768920126.225564,97.0,0.0,4334.615234,4331.538574,4341.025879,4359.487305,4346.282227,4352.820313,4310.512695,4325.128418,4327.05127,4329.102539,4497.563965,4522.563965,4400.384766,4441.410156,,,,,,,,,,,,,,,,,,,,,,,,,,,,,,,,,,,,,,,,,,,,,,,,,,,,,,,,,,,,,,,,,,,,,,
1768920126.232522,1768920126.233272,98.0,0.0,4333.461426,4326.538574,4334.743652,4354.230957,4342.692383,4342.692383,4294.230957,4320.512695,4324.615234,4321.282227,4488.974121,4512.563965,4392.307617,4425.897461,,,,,,,,,,,,,,,,,,,,,,,,,,,,,,,,,,,,,,,,,,,,,,,,,,,,,,,,,,,,,,,,,,,,,,
1768920126.240331,1768920126.241081,99.0,0.0,4336.538574,4324.230957,4338.461426,4350.512695,4337.692383,4343.333496,4298.974121,4317.820313,4325.128418,4313.589844,4487.94873,4511.153809,4393.333496,4428.461426,,,,,,,,,,,,,,,,,,,,,,,,,,,,,,,,,,,,,,,,,,,,,,,,,,,,,,,,,,,,,,,,,,,,,,
1768920126.248139,1768920126.249089,100.0,0.0,4338.974121,4325.384766,4347.436035,4352.05127,4339.871582,4351.410156,4314.743652,4325.897461,4328.461426,4322.436035,4493.589844,4527.436035,4397.820313,4442.179688,,,,,,,,,,,,,,,,,,,,,,,,,,,,,,,,,,,,,,,,,,,,,,,,,,,,,,,,,,,,,,,,,,,,,,
1768920126.255948,1768920126.256897,101.0,0.0,4342.307617,4326.666504,4346.410156,4355.897461,4341.666504,4344.358887,4309.487305,4323.717773,4325.0,4320.128418,4492.692383,4531.153809,4395.384766,4443.974121,,,,,,,,,,,,,,,,,,,,,,,,,,,,,,,,,,,,,,,,,,,,,,,,,,,,,,,,,,,,,,,,,,,,,,
1768920126.263756,1768920126.264706,102.0,0.0,4347.307617,4328.461426,4342.436035,4357.94873,4339.743652,4340.384766,4302.307617,4314.487305,4320.641113,4309.230957,4488.461426,4517.436035,4393.589844,4434.871582,,,,,,,,,,,,,,,,,,,,,,,,,,,,,,,,,,,,,,,,,,,,,,,,,,,,,,,,,,,,,,,,,,,,,,
1768920126.271565,1768920126.272514,103.0,0.0,4343.717773,4327.820313,4345.128418,4357.05127,4337.563965,4346.666504,4307.436035,4314.615234,4323.333496,4317.05127,4490.256348,4514.102539,4394.743652,4431.153809,,,,,,,,,,,,,,,,,,,,,,,,,,,,,,,,,,,,,,,,,,,,,,,,,,,,,,,,,,,,,,,,,,,,,,
1768920126.279373,1768920126.280123,104.0,0.0,4341.153809,4328.717773,4350.128418,4362.307617,4338.077148,4343.974121,4306.794922,4319.743652,4328.077148,4329.871582,4500.641113,4527.563965,4396.153809,4437.563965,,,,,,,,,,,,,,,,,,,,,,,,,,,,,,,,,,,,,,,,,,,,,,,,,,,,,,,,,,,,,,,,,,,,,,
1768920126.287182,1768920126.287931,105.0,0.0,4349.615234,4338.077148,4356.410156,4370.897461,4342.563965,4345.256348,4308.461426,4322.05127,4331.410156,4330.0,4508.077148,4540.641113,4402.94873,4448.077148,,,,,,,,,,,,,,,,,,,,,,,,,,,,,,,,,,,,,,,,,,,,,,,,,,,,,,,,,,,,,,,,,,,,,,
1768920126.29499,1768920126.29564,106.0,0.0,4350.0,4343.461426,4358.717773,4367.563965,4345.512695,4351.025879,4312.94873,4322.94873,4331.025879,4329.102539,4506.282227,4543.077148,4411.410156,4453.077148,,,,,,,,,,,,,,,,,,,,,,,,,,,,,,,,,,,,,,,,,,,,,,,,,,,,,,,,,,,,,,,,,,,,,,
1768920126.302799,1768920126.303448,107.0,0.0,4341.025879,4338.333496,4352.307617,4358.846191,4341.794922,4342.05127,4301.153809,4325.0,4333.974121,4331.025879,4505.897461,4541.410156,4411.794922,4447.05127,,,,,,,,,,,,,,,,,,,,,,,,,,,,,,,,,,,,,,,,,,,,,,,,,,,,,,,,,,,,,,,,,,,,,,
1768920126.310607,1768920126.311457,108.0,0.0,4342.436035,4336.282227,4350.769043,4361.282227,4338.205078,4336.282227,4288.333496,4324.358887,4335.128418,4330.0,4508.077148,4541.410156,4409.743652,4445.641113,,,,,,,,,,,,,,,,,,,,,,,,,,,,,,,,,,,,,,,,,,,,,,,,,,,,,,,,,,,,,,,,,,,,,,
1768920126.318416,1768920126.319265,109.0,0.0,4349.871582,4342.692383,4356.794922,4370.128418,4341.282227,4344.743652,4295.0,4321.410156,4330.512695,4329.487305,4507.307617,4542.436035,4413.205078,4453.589844,,,,,,,,,,,,,,,,,,,,,,,,,,,,,,,,,,,,,,,,,,,,,,,,,,,,,,,,,,,,,,,,,,,,,,
1768920126.326224,1768920126.327174,110.0,0.0,4350.256348,4342.05127,4355.769043,4366.922852,4341.025879,4345.897461,4306.666504,4323.205078,4330.384766,4329.487305,4508.717773,4544.230957,4415.256348,4456.153809,,,,,,,,,,,,,,,,,,,,,,,,,,,,,,,,,,,,,,,,,,,,,,,,,,,,,,,,,,,,,,,,,,,,,,
1768920126.334033,1768920126.334983,111.0,0.0,4343.846191,4328.717773,4347.692383,4357.820313,4330.641113,4340.769043,4303.461426,4327.179688,4332.563965,4328.205078,4507.692383,4541.282227,4407.820313,4447.179688,,,,,,,,,,,,,,,,,,,,,,,,,,,,,,,,,,,,,,,,,,,,,,,,,,,,,,,,,,,,,,,,,,,,,,
1768920126.341841,1768920126.342591,112.0,0.0,4339.615234,4325.0,4344.743652,4357.94873,4328.846191,4340.384766,4292.820313,4322.307617,4327.307617,4322.94873,4496.922852,4532.820313,4400.384766,4439.615234,1.11023,0.283348,0.141965,0.238635,0.140737,0.688986,0.30747,0.146464,0.09188,0.084449,0.635455,0.476841,0.081414,0.146813,0.193464,0.392058,0.415213,0.175395,0.117556,0.095134,0.178015,0.290583,0.111894,0.177165,0.143137,0.104389,0.13244,0.14155,0.2238,0.226794,5.852921,0.526702,0.595361,0.42744,0.440255,0.157875,0.093201,0.154455,0.198319,0.131624,0.183599,0.172243,0.228436,0.213144,0.10209,0.262912,0.425301,0.271197,0.237933,0.167922,0.862663,0.387774,0.189174,0.390654,0.120885,1.171436,0.434266,0.161104,0.491513,0.316832,0.991313,0.565466,0.270398,0.376871,0.148482,1.764429,0.287627,0.308593,0.531377,0.198151
1768920126.34965,1768920126.350399,113.0,0.0,4340.512695,4327.94873,4344.615234,4357.179688,4338.077148,4344.743652,4295.384766,4313.333496,4321.794922,4317.820313,4491.153809,4525.256348,4394.871582,4439.230957,,,,,,,,,,,,,,,,,,,,,,,,,,,,,,,,,,,,,,,,,,,,,,,,,,,,,,,,,,,,,,,,,,,,,,
1768920126.357458,1768920126.358108,114.0,0.0,4337.307617,4318.077148,4339.358887,4346.922852,4334.615234,4351.538574,4306.922852,4315.384766,4325.769043,4320.0,4490.512695,4521.282227,4386.922852,4436.922852,,,,,,,,,,,,,,,,,,,,,,,,,,,,,,,,,,,,,,,,,,,,,,,,,,,,,,,,,,,,,,,,,,,,,,
1768920126.365267,1768920126.365916,115.0,0.0,4331.666504,4312.692383,4336.922852,4342.179688,4325.128418,4349.487305,4305.384766,4323.589844,4333.974121,4329.102539,4491.794922,4520.641113,4392.05127,4437.436035,,,,,,,,,,,,,,,,,,,,,,,,,,,,,,,,,,,,,,,,,,,,,,,,,,,,,,,,,,,,,,,,,,,,,,
1768920126.373075,1768920126.373524,116.0,0.0,4341.025879,4326.666504,4344.102539,4354.102539,4331.410156,4342.05127,4303.205078,4331.282227,4343.077148,4339.102539,4503.846191,4529.871582,4411.153809,4449.102539,,,,,,,,,,,,,,,,,,,,,,,,,,,,,,,,,,,,,,,,,,,,,,,,,,,,,,,,,,,,,,,,,,,,,,
1768920126.380884,1768920126.381332,117.0,0.0,4347.05127,4333.205078,4349.358887,4361.666504,4339.871582,4341.794922,4309.615234,4330.0,4340.128418,4336.666504,4508.077148,4536.153809,4413.461426,4452.820313,,,,,,,,,,,,,,,,,,,,,,,,,,,,,,,,,,,,,,,,,,,,,,,,,,,,,,,,,,,,,,,,,,,,,,
1768920126.388693,1768920126.389241,118.0,0.0,4339.102539,4323.717773,4347.05127,4356.666504,4333.077148,4342.692383,4302.436035,4317.94873,4325.769043,4324.743652,4498.205078,4529.358887,4398.205078,4445.512695,,,,,,,,,,,,,,,,,,,,,,,,,,,,,,,,,,,,,,,,,,,,,,,,,,,,,,,,,,,,,,,,,,,,,,
1768920126.396501,1768920126.397049,119.0,0.0,4340.512695,4322.307617,4347.820313,4356.922852,4329.615234,4340.512695,4296.410156,4314.358887,4322.94873,4321.666504,4497.436035,4526.153809,4396.794922,4446.153809,,,,,,,,,,,,,,,,,,,,,,,,,,,,,,,,,,,,,,,,,,,,,,,,,,,,,,,,,,,,,,,,,,,,,,
1768920126.404309,1768920126.405057,120.0,0.0,4344.358887,4326.410156,4351.153809,4359.743652,4335.769043,4342.436035,4309.102539,4323.846191,4328.333496,4325.0,4497.307617,4528.461426,4400.769043,4450.0,,,,,,,,,,,,,,,,,,,,,,,,,,,,,,,,,,,,,,,,,,,,,,,,,,,,,,,,,,,,,,,,,,,,,,
1768920126.412118,1768920126.412866,121.0,0.0,4341.538574,4325.256348,4348.333496,4358.205078,4336.282227,4342.820313,4311.794922,4325.384766,4326.794922,4322.436035,4491.410156,4527.820313,4396.794922,4447.94873,,,,,,,,,,,,,,,,,,,,,,,,,,,,,,,,,,,,,,,,,,,,,,,,,,,,,,,,,,,,,,,,,,,,,,
1768920126.419927,1768920126.420774,122.0,0.0,4347.436035,4329.487305,4348.077148,4362.179688,4336.153809,4338.974121,4298.333496,4321.282227,4326.282227,4319.871582,4500.512695,4535.512695,4402.94873,4455.0,,,,,,,,,,,,,,,,,,,,,,,,,,,,,,,,,,,,,,,,,,,,,,,,,,,,,,,,,,,,,,,,,,,,,,
1768920126.427735,1768920126.428583,123.0,0.0,4353.589844,4334.230957,4352.692383,4367.05127,4338.205078,4339.102539,4292.563965,4322.820313,4329.230957,4323.717773,4512.179688,4544.102539,4414.615234,4466.153809,,,,,,,,,,,,,,,,,,,,,,,,,,,,,,,,,,,,,,,,,,,,,,,,,,,,,,,,,,,,,,,,,,,,,,
1768920126.435543,1768920126.436591,124.0,0.0,4350.769043,4329.615234,4352.563965,4360.512695,4333.589844,4341.282227,4296.153809,4322.94873,4326.538574,4328.077148,4507.05127,4540.256348,4413.846191,4462.436035,,,,,,,,,,,,,,,,,,,,,,,,,,,,,,,,,,,,,,,,,,,,,,,,,,,,,,,,,,,,,,,,,,,,,,
1768920126.443352,1768920126.444399,125.0,0.0,4352.05127,4326.282227,4349.358887,4353.333496,4329.102539,4339.743652,4298.077148,4322.436035,4327.692383,4328.333496,4506.025879,4537.05127,4411.153809,4456.666504,,,,,,,,,,,,,,,,,,,,,,,,,,,,,,,,,,,,,,,,,,,,,,,,,,,,,,,,,,,,,,,,,,,,,,
1768920126.451161,1768920126.452208,126.0,0.0,4358.077148,4332.436035,4352.05127,4356.025879,4332.94873,4338.846191,4299.615234,4324.487305,4332.94873,4327.05127,4510.0,4542.820313,4414.487305,4462.436035,,,,,,,,,,,,,,,,,,,,,,,,,,,,,,,,,,,,,,,,,,,,,,,,,,,,,,,,,,,,,,,,,,,,,,
1768920126.458969,1768920126.460016,127.0,0.0,4359.487305,4337.307617,4356.153809,4358.333496,4334.230957,4345.641113,4303.205078,4319.230957,4330.641113,4327.820313,4507.94873,4545.384766,4416.025879,4469.230957,,,,,,,,,,,,,,,,,,,,,,,,,,,,,,,,,,,,,,,,,,,,,,,,,,,,,,,,,,,,,,,,,,,,,,
1768920126.466778,1768920126.467625,0.0,0.0,4357.436035,4334.615234,4353.077148,4355.641113,4332.05127,4346.410156,4304.487305,4311.666504,4323.461426,4326.410156,4507.820313,4541.025879,4413.077148,4466.538574,1.427599,0.231785,0.121454,0.239788,0.125429,0.676893,0.296389,0.130243,0.09197,0.078174,0.730068,0.413798,0.087554,0.155668,0.207819,0.390192,0.369053,0.149937,0.116285,0.096785,0.169827,0.314764,0.092705,0.165018,0.147764,0.136551,0.120077,0.12664,0.184888,0.233,8.02781,0.666728,0.682173,0.37249,0.459598,0.209585,0.103569,0.144414,0.176733,0.13225,0.189838,0.186048,0.191728,0.200706,0.103301,0.3113,0.490477,0.212987,0.275827,0.152367,1.06259,0.491121,0.143734,0.397499,0.117361,1.413775,0.452613,0.132479,0.508123,0.300687,1.275737,0.638457,0.271306,0.414043,0.163848,2.293649,0.327183,0.235238,0.547161,0.195624
1768920126.474586,1768920126.475433,1.0,0.0,4353.974121,4335.256348,4351.922852,4356.922852,4338.077148,4343.205078,4307.692383,4320.897461,4325.384766,4323.461426,4509.487305,4542.94873,4417.179688,4467.05127,,,,,,,,,,,,,,,,,,,,,,,,,,,,,,,,,,,,,,,,,,,,,,,,,,,,,,,,,,,,,,,,,,,,,,
1768920126.482395,1768920126.483142,2.0,0.0,4352.692383,4339.358887,4353.846191,4359.871582,4342.692383,4347.820313,4308.333496,4327.436035,4331.153809,4328.589844,4509.871582,4546.538574,4424.743652,4470.641113,,,,,,,,,,,,,,,,,,,,,,,,,,,,,,,,,,,,,,,,,,,,,,,,,,,,,,,,,,,,,,,,,,,,,,
1768920126.490203,1768920126.49095,3.0,0.0,4356.025879,4340.769043,4353.717773,4358.333496,4334.358887,4342.692383,4296.666504,4316.794922,4325.769043,4329.358887,4509.615234,4543.077148,4423.333496,4468.333496,,,,,,,,,,,,,,,,,,,,,,,,,,,,,,,,,,,,,,,,,,,,,,,,,,,,,,,,,,,,,,,,,,,,,,
1768920126.498012,1768920126.498559,4.0,0.0,4359.615234,4340.256348,4355.0,4356.666504,4328.589844,4329.230957,4286.922852,4311.410156,4318.077148,4318.589844,4509.358887,4541.794922,4417.563965,4469.615234,,,,,,,,,,,,,,,,,,,,,,,,,,,,,,,,,,,,,,,,,,,,,,,,,,,,,,,,,,,,,,,,,,,,,,
1768920126.50582,1768920126.506367,5.0,0.0,4359.358887,4340.384766,4358.205078,4360.897461,4331.794922,4331.794922,4291.025879,4314.230957,4320.512695,4317.307617,4509.102539,4545.512695,4415.256348,4472.692383,,,,,,,,,,,,,,,,,,,,,,,,,,,,,,,,,,,,,,,,,,,,,,,,,,,,,,,,,,,,,,,,,,,,,,
1768920126.513629,1768920126.514076,6.0,0.0,4357.436035,4341.153809,4357.94873,4366.666504,4332.179688,4339.230957,4293.589844,4316.153809,4326.922852,4327.820313,4510.128418,4548.846191,4414.743652,4469.230957,,,,,,,,,,,,,,,,,,,,,,,,,,,,,,,,,,,,,,,,,,,,,,,,,,,,,,,,,,,,,,,,,,,,,,
1768920126.521437,1768920126.521884,7.0,0.0,4355.769043,4340.641113,4353.333496,4368.461426,4330.641113,4335.0,4289.743652,4315.384766,4326.922852,4327.179688,4509.102539,4547.436035,4413.333496,4464.358887,,,,,,,,,,,,,,,,,,,,,,,,,,,,,,,,,,,,,,,,,,,,,,,,,,,,,,,,,,,,,,,,,,,,,,
1768920126.529246,1768920126.529893,8.0,0.0,4351.666504,4334.871582,4348.333496,4363.846191,4334.615234,4336.282227,4296.410156,4315.128418,4322.820313,4314.743652,4505.128418,4542.563965,4407.563965,4461.794922,,,,,,,,,,,,,,,,,,,,,,,,,,,,,,,,,,,,,,,,,,,,,,,,,,,,,,,,,,,,,,,,,,,,,,
1768920126.537054,1768920126.537701,9.0,0.0,4351.922852,4331.538574,4349.487305,4360.384766,4337.436035,4341.538574,4305.256348,4317.563965,4323.589844,4309.615234,4505.512695,4536.153809,4398.974121,4457.05127,,,,,,,,,,,,,,,,,,,,,,,,,,,,,,,,,,,,,,,,,,,,,,,,,,,,,,,,,,,,,,,,,,,,,,
1768920126.544863,1768920126.545409,10.0,0.0,4358.974121,4338.461426,4357.820313,4365.897461,4337.436035,4339.743652,4301.538574,4318.717773,4325.384766,4313.461426,4504.102539,4534.102539,4398.461426,4459.230957,,,,,,,,,,,,,,,,,,,,,,,,,,,,,,,,,,,,,,,,,,,,,,,,,,,,,,,,,,,,,,,,,,,,,,
1768920126.552671,1768920126.553218,11.0,0.0,4358.846191,4339.230957,4357.692383,4367.05127,4339.487305,4340.0,4293.717773,4314.743652,4317.436035,4307.94873,4495.128418,4533.974121,4398.461426,4462.05127,,,,,,,,,,,,,,,,,,,,,,,,,,,,,,,,,,,,,,,,,,,,,,,,,,,,,,,,,,,,,,,,,,,,,,
1768920126.56048,1768920126.560826,12.0,0.0,4352.436035,4332.692383,4350.769043,4360.128418,4341.922852,4345.641113,4300.512695,4314.102539,4313.461426,4301.922852,4489.230957,4528.846191,4389.487305,4454.871582,,,,,,,,,,,,,,,,,,,,,,,,,,,,,,,,,,,,,,,,,,,,,,,,,,,,,,,,,,,,,,,,,,,,,,
1768920126.568288,1768920126.568634,13.0,0.0,4350.0,4334.615234,4350.641113,4359.102539,4338.974121,4351.282227,4311.538574,4321.538574,4321.538574,4306.410156,4494.743652,4528.333496,4392.563965,4452.179688,,,,,,,,,,,,,,,,,,,,,,,,,,,,,,,,,,,,,,,,,,,,,,,,,,,,,,,,,,,,,,,,,,,,,,
1768920126.576097,1768920126.576343,14.0,0.0,4349.230957,4335.769043,4351.025879,4360.0,4333.974121,4346.666504,4302.563965,4321.666504,4319.743652,4307.05127,4495.256348,4529.230957,4402.436035,4454.487305,,,,,,,,,,,,,,,,,,,,,,,,,,,,,,,,,,,,,,,,,,,,,,,,,,,,,,,,,,,,,,,,,,,,,,
1768920126.583905,1768920126.584151,15.0,0.0,4348.333496,4333.077148,4349.743652,4360.256348,4336.922852,4334.743652,4290.769043,4315.0,4314.102539,4301.666504,4489.871582,4529.230957,4405.897461,4458.589844,,,,,,,,,,,,,,,,,,,,,,,,,,,,,,,,,,,,,,,,,,,,,,,,,,,,,,,,,,,,,,,,,,,,,,
1768920126.591714,1768920126.592159,16.0,0.0,4349.743652,4337.179688,4348.333496,4361.922852,4340.0,4330.897461,4294.487305,4313.461426,4316.666504,4307.05127,4496.666504,4532.307617,4406.794922,4460.512695,1.645935,0.210296,0.103898,0.235698,0.116051,0.666613,0.326118,0.116333,0.09492,0.075719,0.81234,0.369814,0.093152,0.167947,0.219732,0.387377,0.338112,0.129844,0.119861,0.105601,0.159704,0.324979,0.080603,0.141543,0.145086,0.187431,0.110589,0.105395,0.167893,0.233234,9.491926,0.783802,0.739051,0.341066,0.463411,0.259824,0.12214,0.131151,0.154498,0.134196,0.205831,0.193619,0.153535,0.181054,0.104397,0.357482,0.528422,0.178692,0.297269,0.141376,1.210275,0.625468,0.124396,0.396534,0.12404,1.573769,0.502627,0.118386,0.49872,0.285445,1.509546,0.723613,0.275169,0.427941,0.182046,2.664333,0.373714,0.166602,0.518242,0.198259
1768920126.599522,1768920126.599968,17.0,0.0,4349.871582,4340.128418,4343.205078,4359.743652,4334.102539,4336.282227,4296.025879,4316.025879,4316.153809,4315.128418,4505.769043,4532.563965,4404.871582,4457.436035,,,,,,,,,,,,,,,,,,,,,,,,,,,,,,,,,,,,,,,,,,,,,,,,,,,,,,,,,,,,,,,,,,,,,,
1768920126.607331,1768920126.607876,18.0,0.0,4348.717773,4334.871582,4341.410156,4358.461426,4333.077148,4336.410156,4294.230957,4316.282227,4316.794922,4312.94873,4505.256348,4532.692383,4404.743652,4458.205078,,,,,,,,,,,,,,,,,,,,,,,,,,,,,,,,,,,,,,,,,,,,,,,,,,,,,,,,,,,,,,,,,,,,,,
1768920126.615139,1768920126.615684,19.0,0.0,4350.641113,4336.025879,4349.230957,4363.077148,4335.641113,4334.743652,4302.05127,4316.410156,4326.666504,4311.410156,4505.769043,4538.333496,4412.307617,4467.820313,,,,,,,,,,,,,,,,,,,,,,,,,,,,,,,,,,,,,,,,,,,,,,,,,,,,,,,,,,,,,,,,,,,,,,
1768920126.622948,1768920126.623693,20.0,0.0,4351.666504,4338.974121,4352.436035,4363.974121,4330.512695,4336.282227,4303.205078,4317.820313,4327.820313,4316.538574,4509.743652,4542.820313,4415.384766,4468.589844,,,,,,,,,,,,,,,,,,,,,,,,,,,,,,,,,,,,,,,,,,,,,,,,,,,,,,,,,,,,,,,,,,,,,,
1768920126.630757,1768920126.631501,21.0,0.0,4351.025879,4336.282227,4348.333496,4360.256348,4329.487305,4333.846191,4298.717773,4318.974121,4324.102539,4316.794922,4508.717773,4538.846191,4411.153809,4461.410156,,,,,,,,,,,,,,,,,,,,,,,,,,,,,,,,,,,,,,,,,,,,,,,,,,,,,,,,,,,,,,,,,,,,,,
1768920126.638565,1768920126.639409,22.0,0.0,4352.05127,4336.794922,4348.461426,4364.487305,4336.922852,4333.333496,4303.333496,4319.743652,4326.666504,4313.717773,4506.794922,4534.871582,4411.794922,4463.717773,,,,,,,,,,,,,,,,,,,,,,,,,,,,,,,,,,,,,,,,,,,,,,,,,,,,,,,,,,,,,,,,,,,,,,
1768920126.646373,1768920126.647218,23.0,0.0,4354.487305,4339.230957,4351.282227,4369.487305,4339.230957,4338.717773,4306.538574,4316.410156,4325.512695,4316.922852,4508.333496,4534.487305,4413.974121,4466.410156,,,,,,,,,,,,,,,,,,,,,,,,,,,,,,,,,,,,,,,,,,,,,,,,,,,,,,,,,,,,,,,,,,,,,,
1768920126.654182,1768920126.654826,24.0,0.0,4354.102539,4337.436035,4348.846191,4367.563965,4332.94873,4339.358887,4302.692383,4314.358887,4326.025879,4324.871582,4508.333496,4534.230957,4413.461426,4462.436035,,,,,,,,,,,,,,,,,,,,,,,,,,,,,,,,,,,,,,,,,,,,,,,,,,,,,,,,,,,,,,,,,,,,,,
1768920126.661991,1768920126.662635,25.0,0.0,4349.871582,4333.717773,4343.205078,4364.230957,4330.384766,4340.128418,4307.436035,4322.563965,4329.743652,4321.153809,4508.461426,4536.282227,4413.077148,4460.0,,,,,,,,,,,,,,,,,,,,,,,,,,,,,,,,,,,,,,,,,,,,,,,,,,,,,,,,,,,,,,,,,,,,,,
1768920126.669799,1768920126.670343,26.0,0.0,4347.436035,4335.897461,4342.563965,4363.846191,4333.846191,4340.512695,4312.563965,4327.692383,4326.282227,4310.0,4507.307617,4533.333496,4410.256348,4458.846191,,,,,,,,,,,,,,,,,,,,,,,,,,,,,,,,,,,,,,,,,,,,,,,,,,,,,,,,,,,,,,,,,,,,,,
1768920126.677607,1768920126.678152,27.0,0.0,4352.05127,4341.538574,4348.589844,4366.282227,4337.307617,4332.436035,4298.846191,4322.563965,4324.487305,4313.974121,4506.153809,4532.436035,4410.512695,4461.538574,,,,,,,,,,,,,,,,,,,,,,,,,,,,,,,,,,,,,,,,,,,,,,,,,,,,,,,,,,,,,,,,,,,,,,
1768920126.685416,1768920126.685761,28.0,0.0,4356.538574,4343.846191,4351.666504,4365.512695,4335.0,4330.384766,4291.794922,4324.615234,4332.692383,4325.384766,4509.230957,4541.025879,4416.153809,4469.358887,,,,,,,,,,,,,,,,,,,,,,,,,,,,,,,,,,,,,,,,,,,,,,,,,,,,,,,,,,,,,,,,,,,,,,
1768920126.693225,1768920126.693569,29.0,0.0,4357.692383,4341.922852,4349.102539,4364.230957,4329.871582,4339.230957,4304.743652,4329.358887,4336.025879,4326.794922,4511.282227,4542.179688,4418.333496,4472.692383,,,,,,,,,,,,,,,,,,,,,,,,,,,,,,,,,,,,,,,,,,,,,,,,,,,,,,,,,,,,,,,,,,,,,,
1768920126.701033,1768920126.701278,30.0,0.0,4358.333496,4339.871582,4348.589844,4366.794922,4330.897461,4340.769043,4310.769043,4324.358887,4332.692383,4324.358887,4507.563965,4535.256348,4420.384766,4472.563965,,,,,,,,,,,,,,,,,,,,,,,,,,,,,,,,,,,,,,,,,,,,,,,,,,,,,,,,,,,,,,,,,,,,,,
1768920126.708842,1768920126.709086,31.0,0.0,4353.717773,4341.794922,4354.102539,4370.769043,4336.153809,4338.333496,4306.538574,4321.538574,4334.871582,4325.512695,4510.512695,4539.743652,4421.282227,4475.512695,,,,,,,,,,,,,,,,,,,,,,,,,,,,,,,,,,,,,,,,,,,,,,,,,,,,,,,,,,,,,,,,,,,,,,
1768920126.71665,1768920126.717094,32.0,0.0,4351.153809,4342.307617,4358.333496,4370.0,4339.871582,4340.897461,4309.615234,4323.589844,4335.128418,4324.358887,4514.743652,4548.589844,4417.94873,4474.358887,1.726469,0.217111,0.090992,0.2187,0.114358,0.670652,0.389756,0.104183,0.099905,0.07789,0.875279,0.350922,0.09725,0.173966,0.225565,0.392451,0.338636,0.116054,0.125066,0.117576,0.151139,0.316346,0.077912,0.113019,0.13747,0.247156,0.107979,0.085304,0.162319,0.228031,9.746573,0.837989,0.745831,0.334857,0.45103,0.285405,0.144548,0.122381,0.135962,0.135993,0.219286,0.193502,0.130909,0.16019,0.103362,0.386622,0.527043,0.173407,0.297244,0.134771,1.273757,0.754866,0.144659,0.389157,0.137843,1.643513,0.556102,0.123158,0.47233,0.273679,1.660772,0.793119,0.28151,0.419082,0.198294,2.790905,0.405988,0.114073,0.457406,0.207697
1768920126.724459,1768920126.724903,33.0,0.0,4355.384766,4338.974121,4356.025879,4365.512695,4338.461426,4340.641113,4313.589844,4325.384766,4334.871582,4325.128418,4512.179688,4545.769043,4420.384766,4471.666504,,,,,,,,,,,,,,,,,,,,,,,,,,,,,,,,,,,,,,,,,,,,,,,,,,,,,,,,,,,,,,,,,,,,,,
1768920126.732267,1768920126.732811,34.0,0.0,4350.0,4334.615234,4349.230957,4361.153809,4333.589844,4336.794922,4311.794922,4329.487305,4338.974121,4324.230957,4515.641113,4543.077148,4421.922852,4471.538574,,,,,,,,,,,,,,,,,,,,,,,,,,,,,,,,,,,,,,,,,,,,,,,,,,,,,,,,,,,,,,,,,,,,,,
1768920126.740076,1768920126.74062,35.0,0.0,4343.589844,4337.563965,4348.461426,4361.794922,4333.077148,4333.205078,4306.538574,4327.563965,4333.077148,4317.563965,4517.436035,4545.0,4418.077148,4472.307617,,,,,,,,,,,,,,,,,,,,,,,,,,,,,,,,,,,,,,,,,,,,,,,,,,,,,,,,,,,,,,,,,,,,,,
1768920126.747884,1768920126.748228,36.0,0.0,4350.769043,4344.487305,4355.641113,4369.615234,4335.256348,4335.769043,4306.538574,4318.846191,4326.282227,4320.641113,4515.641113,4545.128418,4421.922852,4476.922852,,,,,,,,,,,,,,,,,,,,,,,,,,,,,,,,,,,,,,,,,,,,,,,,,,,,,,,,,,,,,,,,,,,,,,
1768920126.755693,1768920126.756037,37.0,0.0,4352.05127,4341.922852,4358.205078,4369.871582,4333.974121,4339.615234,4313.077148,4319.230957,4331.410156,4326.794922,4517.436035,4543.846191,4427.563965,4477.179688,,,,,,,,,,,,,,,,,,,,,,,,,,,,,,,,,,,,,,,,,,,,,,,,,,,,,,,,,,,,,,,,,,,,,,
1768920126.763501,1768920126.763745,38.0,0.0,4345.897461,4337.05127,4355.769043,4364.743652,4333.717773,4330.897461,4304.615234,4323.974121,4331.666504,4324.743652,4515.897461,4542.692383,4425.256348,4471.666504,,,,,,,,,,,,,,,,,,,,,,,,,,,,,,,,,,,,,,,,,,,,,,,,,,,,,,,,,,,,,,,,,,,,,,
1768920126.77131,1768920126.771553,39.0,0.0,4347.94873,4340.0,4355.897461,4365.256348,4338.846191,4321.794922,4292.820313,4318.589844,4325.641113,4320.512695,4508.717773,4541.282227,4423.461426,4472.820313,,,,,,,,,,,,,,,,,,,,,,,,,,,,,,,,,,,,,,,,,,,,,,,,,,,,,,,,,,,,,,,,,,,,,,
1768920126.779118,1768920126.779561,40.0,0.0,4350.128418,4342.692383,4354.615234,4367.563965,4339.615234,4325.769043,4300.384766,4315.256348,4326.282227,4318.205078,4506.922852,4535.128418,4421.538574,4470.512695,,,,,,,,,,,,,,,,,,,,,,,,,,,,,,,,,,,,,,,,,,,,,,,,,,,,,,,,,,,,,,,,,,,,,,
1768920126.786927,1768920126.78737,41.0,0.0,4348.846191,4341.666504,4352.436035,4369.230957,4338.077148,4332.05127,4310.128418,4321.410156,4326.922852,4316.794922,4507.692383,4528.717773,4418.333496,4460.769043,,,,,,,,,,,,,,,,,,,,,,,,,,,,,,,,,,,,,,,,,,,,,,,,,,,,,,,,,,,,,,,,,,,,,,
1768920126.794735,1768920126.795278,42.0,0.0,4352.563965,4343.461426,4356.794922,4371.410156,4336.666504,4330.128418,4309.102539,4322.94873,4325.0,4318.717773,4506.153809,4531.538574,4421.538574,4464.615234,,,,,,,,,,,,,,,,,,,,,,,,,,,,,,,,,,,,,,,,,,,,,,,,,,,,,,,,,,,,,,,,,,,,,,
1768920126.802544,1768920126.803087,43.0,0.0,4353.333496,4342.94873,4358.846191,4368.077148,4331.410156,4323.974121,4307.179688,4322.436035,4327.179688,4323.461426,4509.102539,4540.128418,4422.05127,4476.282227,,,,,,,,,,,,,,,,,,,,,,,,,,,,,,,,,,,,,,,,,,,,,,,,,,,,,,,,,,,,,,,,,,,,,,
1768920126.810352,1768920126.811095,44.0,0.0,4345.769043,4340.769043,4354.230957,4362.820313,4330.384766,4324.230957,4308.846191,4324.871582,4327.563965,4320.641113,4510.128418,4539.487305,4420.769043,4473.717773,,,,,,,,,,,,,,,,,,,,,,,,,,,,,,,,,,,,,,,,,,,,,,,,,,,,,,,,,,,,,,,,,,,,,,
1768920126.818161,1768920126.818903,45.0,0.0,4345.0,4343.333496,4351.025879,4366.666504,4334.102539,4331.538574,4313.846191,4324.358887,4326.410156,4314.230957,4508.205078,4535.0,4422.307617,4469.871582,,,,,,,,,,,,,,,,,,,,,,,,,,,,,,,,,,,,,,,,,,,,,,,,,,,,,,,,,,,,,,,,,,,,,,
1768920126.825969,1768920126.826812,46.0,0.0,4349.102539,4342.94873,4345.897461,4367.820313,4331.538574,4331.153809,4314.230957,4322.563965,4328.974121,4316.282227,4507.307617,4535.384766,4418.333496,4470.769043,,,,,,,,,,,,,,,,,,,,,,,,,,,,,,,,,,,,,,,,,,,,,,,,,,,,,,,,,,,,,,,,,,,,,,
1768920126.833778,1768920126.83462,47.0,0.0,4347.820313,4338.077148,4342.692383,4360.641113,4327.820313,4330.128418,4310.256348,4325.897461,4333.077148,4327.692383,4515.256348,4537.05127,4421.025879,4470.384766,,,,,,,,,,,,,,,,,,,,,,,,,,,,,,,,,,,,,,,,,,,,,,,,,,,,,,,,,,,,,,,,,,,,,,
1768920126.841586,1768920126.842229,48.0,0.0,4351.153809,4341.025879,4351.410156,4362.692383,4331.282227,4337.820313,4311.538574,4326.794922,4332.179688,4329.615234,4520.128418,4537.179688,4430.641113,4471.538574,1.672128,0.239812,0.08203,0.190946,0.118949,0.70817,0.475277,0.092403,0.106315,0.084804,0.919557,0.355754,0.099477,0.16805,0.222539,0.406126,0.385006,0.105909,0.129428,0.129,0.144572,0.291743,0.082917,0.087212,0.128892,0.293791,0.119828,0.072571,0.157819,0.217527,8.750619,0.81954,0.697027,0.348271,0.427098,0.282772,0.164813,0.123497,0.124482,0.138206,0.223348,0.185847,0.135299,0.143522,0.100652,0.398308,0.492981,0.197907,0.278307,0.132895,1.254347,0.842184,0.202124,0.375432,0.152204,1.652278,0.590108,0.143304,0.440452,0.263834,1.73532,0.827054,0.290766,0.395971,0.208597,2.65765,0.415991,0.084751,0.387336,0.221403
1768920126.849395,1768920126.850037,49.0,0.0,4356.153809,4348.333496,4357.307617,4370.384766,4335.641113,4334.358887,4310.256348,4320.256348,4324.615234,4321.666504,4511.153809,4533.077148,4428.077148,4472.179688,,,,,,,,,,,,,,,,,,,,,,,,,,,,,,,,,,,,,,,,,,,,,,,,,,,,,,,,,,,,,,,,,,,,,,
1768920126.857203,1768920126.857746,50.0,0.0,4348.589844,4345.256348,4348.589844,4366.794922,4336.666504,4327.94873,4310.512695,4324.743652,4328.077148,4324.743652,4510.769043,4533.589844,4424.871582,4470.769043,,,,,,,,,,,,,,,,,,,,,,,,,,,,,,,,,,,,,,,,,,,,,,,,,,,,,,,,,,,,,,,,,,,,,,
1768920126.865012,1768920126.865554,51.0,0.0,4343.589844,4338.974121,4339.743652,4355.384766,4332.94873,4332.692383,4316.538574,4333.589844,4338.333496,4330.128418,4517.820313,4539.743652,4430.128418,4469.871582,,,,,,,,,,,,,,,,,,,,,,,,,,,,,,,,,,,,,,,,,,,,,,,,,,,,,,,,,,,,,,,,,,,,,,
1768920126.872821,1768920126.873163,52.0,0.0,4355.128418,4340.641113,4342.436035,4352.692383,4331.922852,4328.077148,4311.153809,4322.820313,4329.615234,4324.615234,4510.769043,4535.256348,4423.846191,4470.641113,,,,,,,,,,,,,,,,,,,,,,,,,,,,,,,,,,,,,,,,,,,,,,,,,,,,,,,,,,,,,,,,,,,,,,
1768920126.880629,1768920126.880971,53.0,0.0,4362.563965,4346.025879,4351.794922,4361.538574,4338.205078,4324.487305,4307.94873,4312.307617,4321.410156,4320.0,4503.205078,4532.307617,4416.153809,4469.743652,,,,,,,,,,,,,,,,,,,,,,,,,,,,,,,,,,,,,,,,,,,,,,,,,,,,,,,,,,,,,,,,,,,,,,
1768920126.888437,1768920126.88888,54.0,0.0,4354.615234,4347.179688,4351.794922,4365.128418,4339.230957,4337.820313,4323.077148,4325.769043,4335.512695,4324.871582,4517.307617,4539.743652,4422.307617,4469.743652,,,,,,,,,,,,,,,,,,,,,,,,,,,,,,,,,,,,,,,,,,,,,,,,,,,,,,,,,,,,,,,,,,,,,,
1768920126.896246,1768920126.896688,55.0,0.0,4348.333496,4341.410156,4343.589844,4355.384766,4335.256348,4338.077148,4326.666504,4336.025879,4341.666504,4330.384766,4525.128418,4541.410156,4423.205078,4472.307617,,,,,,,,,,,,,,,,,,,,,,,,,,,,,,,,,,,,,,,,,,,,,,,,,,,,,,,,,,,,,,,,,,,,,,
1768920126.904055,1768920126.904296,56.0,0.0,4353.077148,4337.179688,4346.410156,4351.794922,4336.282227,4330.897461,4318.461426,4325.641113,4330.769043,4325.256348,4511.410156,4537.179688,4418.333496,4470.512695,,,,,,,,,,,,,,,,,,,,,,,,,,,,,,,,,,,,,,,,,,,,,,,,,,,,,,,,,,,,,,,,,,,,,,
1768920126.911863,1768920126.912105,57.0,0.0,4355.769043,4341.538574,4356.538574,4362.820313,4341.025879,4340.128418,4327.307617,4328.205078,4334.487305,4321.025879,4507.307617,4540.384766,4421.410156,4468.461426,,,,,,,,,,,,,,,,,,,,,,,,,,,,,,,,,,,,,,,,,,,,,,,,,,,,,,,,,,,,,,,,,,,,,,
1768920126.919671,1768920126.920013,58.0,0.0,4350.128418,4343.333496,4352.05127,4365.641113,4340.512695,4342.436035,4335.384766,4343.333496,4348.589844,4328.205078,4521.025879,4545.128418,4422.820313,4467.563965,,,,,,,,,,,,,,,,,,,,,,,,,,,,,,,,,,,,,,,,,,,,,,,,,,,,,,,,,,,,,,,,,,,,,,
1768920126.92748,1768920126.927821,59.0,0.0,4345.384766,4335.512695,4339.230957,4353.461426,4336.922852,4333.077148,4327.179688,4337.05127,4345.128418,4333.077148,4520.897461,4541.025879,4418.717773,4463.589844,,,,,,,,,,,,,,,,,,,,,,,,,,,,,,,,,,,,,,,,,,,,,,,,,,,,,,,,,,,,,,,,,,,,,,
1768920126.935289,1768920126.93583,60.0,0.0,4345.641113,4333.205078,4341.025879,4348.205078,4336.025879,4336.410156,4322.692383,4323.589844,4335.897461,4329.358887,4509.743652,4535.512695,4417.820313,4460.769043,,,,,,,,,,,,,,,,,,,,,,,,,,,,,,,,,,,,,,,,,,,,,,,,,,,,,,,,,,,,,,,,,,,,,,
1768920126.943097,1768920126.943639,61.0,0.0,4350.128418,4337.05127,4352.179688,4353.974121,4336.153809,4341.538574,4325.384766,4326.794922,4337.94873,4326.025879,4515.769043,4535.384766,4413.974121,4464.230957,,,,,,,,,,,,,,,,,,,,,,,,,,,,,,,,,,,,,,,,,,,,,,,,,,,,,,,,,,,,,,,,,,,,,,
1768920126.950906,1768920126.951347,62.0,0.0,4356.153809,4339.102539,4355.128418,4359.487305,4341.282227,4337.94873,4322.94873,4331.410156,4341.025879,4327.307617,4523.077148,4543.077148,4414.871582,4467.563965,,,,,,,,,,,,,,,,,,,,,,,,,,,,,,,,,,,,,,,,,,,,,,,,,,,,,,,,,,,,,,,,,,,,,,
1768920126.958714,1768920126.959155,63.0,0.0,4353.589844,4341.794922,4353.077148,4359.871582,4345.897461,4335.384766,4322.05127,4331.794922,4341.025879,4327.692383,4520.512695,4550.256348,4425.897461,4469.358887,,,,,,,,,,,,,,,,,,,,,,,,,,,,,,,,,,,,,,,,,,,,,,,,,,,,,,,,,,,,,,,,,,,,,,
1768920126.966523,1768920126.966764,64.0,0.0,4346.538574,4342.179688,4353.461426,4356.922852,4342.05127,4336.794922,4329.358887,4336.282227,4340.769043,4327.692383,4521.538574,4549.102539,4426.794922,4475.0,1.519686,0.260402,0.077642,0.163136,0.125748,0.76884,0.56209,0.081411,0.113532,0.095245,0.950023,0.371376,0.102639,0.152012,0.209792,0.426507,0.47287,0.097497,0.13274,0.137349,0.138665,0.25852,0.093045,0.070089,0.12252,0.313634,0.153845,0.070233,0.152749,0.202236,6.79517,0.751873,0.60761,0.372028,0.399395,0.253203,0.178102,0.13456,0.121911,0.142091,0.219545,0.175234,0.166214,0.133932,0.098656,0.410744,0.440989,0.245801,0.248782,0.136909,1.19449,0.864976,0.278417,0.354942,0.16049,1.668488,0.597601,0.170815,0.411433,0.251549,1.789018,0.814571,0.300821,0.369669,0.210477,2.355161,0.406103,0.077971,0.330005,0.2332
1768920126.974331,1768920126.974572,65.0,0.0,4351.794922,4339.743652,4355.769043,4357.307617,4337.307617,4340.641113,4332.94873,4338.461426,4338.846191,4327.563965,4523.461426,4549.487305,4415.256348,4474.615234,,,,,,,,,,,,,,,,,,,,,,,,,,,,,,,,,,,,,,,,,,,,,,,,,,,,,,,,,,,,,,,,,,,,,,
1768920126.98214,1768920126.98248,66.0,0.0,4359.230957,4342.307617,4359.487305,4360.384766,4338.589844,4341.025879,4330.769043,4334.615234,4336.794922,4325.128418,4519.871582,4548.974121,4413.846191,4471.794922,,,,,,,,,,,,,,,,,,,,,,,,,,,,,,,,,,,,,,,,,,,,,,,,,,,,,,,,,,,,,,,,,,,,,,
1768920126.989948,1768920126.990289,67.0,0.0,4352.820313,4340.384766,4360.256348,4358.077148,4338.974121,4340.256348,4336.666504,4337.307617,4340.384766,4329.102539,4520.897461,4549.615234,4424.230957,4476.282227,,,,,,,,,,,,,,,,,,,,,,,,,,,,,,,,,,,,,,,,,,,,,,,,,,,,,,,,,,,,,,,,,,,,,,
1768920126.997757,1768920126.998297,68.0,0.0,4345.256348,4331.153809,4348.974121,4350.512695,4332.94873,4342.692383,4342.05127,4343.205078,4345.256348,4332.05127,4525.256348,4551.794922,4424.615234,4476.666504,,,,,,,,,,,,,,,,,,,,,,,,,,,,,,,,,,,,,,,,,,,,,,,,,,,,,,,,,,,,,,,,,,,,,,
1768920127.005565,1768920127.006105,69.0,0.0,4345.128418,4332.692383,4341.153809,4351.025879,4333.589844,4339.743652,4334.358887,4339.615234,4340.512695,4325.256348,4518.717773,4547.692383,4414.487305,4466.538574,,,,,,,,,,,,,,,,,,,,,,,,,,,,,,,,,,,,,,,,,,,,,,,,,,,,,,,,,,,,,,,,,,,,,,
1768920127.013374,1768920127.014014,70.0,0.0,4345.0,4342.179688,4350.384766,4359.102539,4341.153809,4333.846191,4328.077148,4331.666504,4330.0,4322.179688,4507.179688,4537.563965,4408.974121,4461.794922,,,,,,,,,,,,,,,,,,,,,,,,,,,,,,,,,,,,,,,,,,,,,,,,,,,,,,,,,,,,,,,,,,,,,,
1768920127.021182,1768920127.021822,71.0,0.0,4346.538574,4341.794922,4353.461426,4359.102539,4341.153809,4336.538574,4327.94873,4328.461426,4327.820313,4326.794922,4506.666504,4530.641113,4411.538574,4467.563965,,,,,,,,,,,,,,,,,,,,,,,,,,,,,,,,,,,,,,,,,,,,,,,,,,,,,,,,,,,,,,,,,,,,,,
1768920127.028991,1768920127.02973,72.0,0.0,4351.666504,4336.794922,4343.205078,4354.102539,4336.666504,4338.461426,4326.153809,4328.974121,4334.743652,4329.102539,4513.461426,4536.410156,4417.692383,4472.05127,,,,,,,,,,,,,,,,,,,,,,,,,,,,,,,,,,,,,,,,,,,,,,,,,,,,,,,,,,,,,,,,,,,,,,
1768920127.036799,1768920127.037539,73.0,0.0,4346.538574,4331.410156,4341.153809,4347.563965,4335.769043,4334.487305,4328.717773,4330.0,4336.538574,4324.871582,4508.846191,4535.897461,4412.05127,4465.256348,,,,,,,,,,,,,,,,,,,,,,,,,,,,,,,,,,,,,,,,,,,,,,,,,,,,,,,,,,,,,,,,,,,,,,
1768920127.044608,1768920127.045247,74.0,0.0,4335.512695,4323.461426,4347.307617,4342.179688,4338.717773,4336.794922,4334.487305,4335.641113,4336.410156,4323.333496,4500.128418,4524.871582,4398.077148,4452.692383,,,,,,,,,,,,,,,,,,,,,,,,,,,,,,,,,,,,,,,,,,,,,,,,,,,,,,,,,,,,,,,,,,,,,,
1768920127.052416,1768920127.053056,75.0,0.0,4341.666504,4327.307617,4353.974121,4349.743652,4339.358887,4342.692383,4339.487305,4342.563965,4344.358887,4330.128418,4513.846191,4531.538574,4406.538574,4458.717773,,,,,,,,,,,,,,,,,,,,,,,,,,,,,,,,,,,,,,,,,,,,,,,,,,,,,,,,,,,,,,,,,,,,,,
1768920127.060225,1768920127.060664,76.0,0.0,4354.871582,4341.410156,4358.461426,4360.256348,4336.666504,4339.102539,4342.94873,4342.436035,4346.153809,4342.179688,4533.205078,4550.897461,4431.538574,4480.512695,,,,,,,,,,,,,,,,,,,,,,,,,,,,,,,,,,,,,,,,,,,,,,,,,,,,,,,,,,,,,,,,,,,,,,
1768920127.068033,1768920127.068473,77.0,0.0,4355.384766,4343.846191,4358.461426,4358.461426,4333.974121,4331.025879,4338.974121,4340.384766,4338.846191,4345.0,4531.410156,4553.717773,4435.128418,4484.487305,,,,,,,,,,,,,,,,,,,,,,,,,,,,,,,,,,,,,,,,,,,,,,,,,,,,,,,,,,,,,,,,,,,,,,
1768920127.075842,1768920127.076181,78.0,0.0,4352.820313,4337.307617,4360.512695,4355.897461,4334.871582,4336.025879,4338.205078,4342.692383,4337.05127,4333.717773,4522.179688,4549.230957,4422.94873,4471.282227,,,,,,,,,,,,,,,,,,,,,,,,,,,,,,,,,,,,,,,,,,,,,,,,,,,,,,,,,,,,,,,,,,,,,,
