Timestamp,OriginalTimestamp,EEG.Counter,EEG.Interpolated,EEG.AF3,EEG.F7,EEG.F3,EEG.FC5,EEG.T7,EEG.P7,EEG.O1,EEG.O2,EEG.P8,EEG.T8,EEG.FC6,EEG.F4,EEG.F8,EEG.AF4,POW.AF3.Theta,POW.AF3.Alpha,POW.AF3.BetaL,POW.AF3.BetaH,POW.AF3.Gamma,POW.F7.Theta,POW.F7.Alpha,POW.F7.BetaL,POW.F7.BetaH,POW.F7.Gamma,POW.F3.Theta,POW.F3.Alpha,POW.F3.BetaL,POW.F3.BetaH,POW.F3.Gamma,POW.FC5.Theta,POW.FC5.Alpha,POW.FC5.BetaL,POW.FC5.BetaH,POW.FC5.Gamma,POW.T7.Theta,POW.T7.Alpha,POW.T7.BetaL,POW.T7.BetaH,POW.T7.Gamma,POW.P7.Theta,POW.P7.Alpha,POW.P7.BetaL,POW.P7.BetaH,POW.P7.Gamma,POW.O1.Theta,POW.O1.Alpha,POW.O1.BetaL,POW.O1.BetaH,POW.O1.Gamma,POW.O2.Theta,POW.O2.Alpha,POW.O2.BetaL,POW.O2.BetaH,POW.O2.Gamma,POW.P8.Theta,POW.P8.Alpha,POW.P8.BetaL,POW.P8.BetaH,POW.P8.Gamma,POW.T8.Theta,POW.T8.Alpha,POW.T8.BetaL,POW.T8.BetaH,POW.T8.Gamma,POW.FC6.Theta,POW.FC6.Alpha,POW.FC6.BetaL,POW.FC6.BetaH,POW.FC6.Gamma,POW.F4.Theta,POW.F4.Alpha,POW.F4.BetaL,POW.F4.BetaH,POW.F4.Gamma,POW.F8.Theta,POW.F8.Alpha,POW.F8.BetaL,POW.F8.BetaH,POW.F8.Gamma,POW.AF4.Theta,POW.AF4.Alpha,POW.AF4.BetaL,POW.AF4.BetaH,POW.AF4.Gamma
1769161669.703564,1769161669.704167,109.0,0.0,4295.641113,4279.358887,4342.563965,4248.974121,4262.563965,4271.666504,4270.512695,4280.641113,4278.333496,4280.641113,4588.077148,4557.692383,4431.153809,4524.487305,,,,,,,,,,,,,,,,,,,,,,,,,,,,,,,,,,,,,,,,,,,,,,,,,,,,,,,,,,,,,,,,,,,,,,
1769161669.711373,1769161669.711875,110.0,0.0,4296.666504,4278.717773,4344.230957,4247.94873,4265.384766,4274.615234,4277.179688,4285.512695,4282.05127,4280.897461,4586.410156,4553.205078,4428.846191,4524.487305,0.773585,0.97683,0.376587,0.097323,0.150775,0.930402,0.628013,0.290277,0.108313,0.105175,0.247122,0.334861,0.177436,0.109575,0.084559,0.179379,0.334696,0.165904,0.093765,0.065574,0.325184,0.070442,0.083841,0.115879,0.063455,0.432433,0.579004,0.097776,0.082849,0.11112,0.15906,0.397027,0.124233,0.05922,0.092378,0.567811,0.270811,0.168475,0.056748,0.095485,0.166291,0.153738,0.179299,0.082483,0.088068,0.263143,0.127234,0.165041,0.046904,0.070913,0.510552,0.336545,0.413185,0.086635,0.13474,0.416475,0.292753,0.270675,0.089584,0.165817,1.05804,0.488005,0.453949,0.15085,0.211084,0.672155,0.563265,0.40118,0.17023,0.223443
1769161669.719181,1769161669.719684,111.0,0.0,4294.358887,4271.794922,4342.179688,4244.358887,4262.436035,4281.666504,4278.846191,4281.538574,4277.94873,4270.641113,4574.487305,4547.94873,4422.307617,4524.230957,,,,,,,,,,,,,,,,,,,,,,,,,,,,,,,,,,,,,,,,,,,,,,,,,,,,,,,,,,,,,,,,,,,,,,
1769161669.72699,1769161669.727293,112.0,0.0,4294.230957,4271.666504,4348.205078,4244.871582,4260.897461,4280.897461,4271.282227,4276.666504,4275.0,4268.589844,4574.871582,4550.641113,4421.794922,4523.717773,,,,,,,,,,,,,,,,,,,,,,,,,,,,,,,,,,,,,,,,,,,,,,,,,,,,,,,,,,,,,,,,,,,,,,
1769161669.734798,1769161669.735101,113.0,0.0,4297.692383,4280.128418,4358.589844,4249.871582,4263.974121,4266.922852,4260.128418,4278.846191,4278.205078,4280.512695,4586.666504,4556.922852,4431.153809,4525.384766,,,,,,,,,,,,,,,,,,,,,,,,,,,,,,,,,,,,,,,,,,,,,,,,,,,,,,,,,,,,,,,,,,,,,,
1769161669.742607,1769161669.743009,114.0,0.0,4297.563965,4281.794922,4359.358887,4251.153809,4263.846191,4264.615234,4260.769043,4280.384766,4278.461426,4282.436035,4586.025879,4554.615234,4432.692383,4524.743652,,,,,,,,,,,,,,,,,,,,,,,,,,,,,,,,,,,,,,,,,,,,,,,,,,,,,,,,,,,,,,,,,,,,,,
1769161669.750415,1769161669.750818,115.0,0.0,4294.102539,4275.897461,4358.333496,4246.538574,4260.769043,4276.794922,4269.615234,4277.179688,4274.871582,4275.641113,4580.641113,4548.974121,4428.461426,4522.820313,,,,,,,,,,,,,,,,,,,,,,,,,,,,,,,,,,,,,,,,,,,,,,,,,,,,,,,,,,,,,,,,,,,,,,
1769161669.758223,1769161669.758826,116.0,0.0,4295.128418,4277.820313,4366.025879,4246.538574,4263.077148,4282.692383,4272.307617,4281.538574,4275.769043,4276.538574,4585.641113,4552.436035,4431.410156,4524.358887,,,,,,,,,,,,,,,,,,,,,,,,,,,,,,,,,,,,,,,,,,,,,,,,,,,,,,,,,,,,,,,,,,,,,,
1769161669.766032,1769161669.766635,117.0,0.0,4296.922852,4278.205078,4371.794922,4250.128418,4265.769043,4280.769043,4268.589844,4290.256348,4278.589844,4280.0,4590.384766,4557.692383,4434.743652,4526.153809,,,,,,,,,,,,,,,,,,,,,,,,,,,,,,,,,,,,,,,,,,,,,,,,,,,,,,,,,,,,,,,,,,,,,,
1769161669.77384,1769161669.774343,118.0,0.0,4291.025879,4269.615234,4372.05127,4248.717773,4262.307617,4278.589844,4263.205078,4291.666504,4279.487305,4279.743652,4585.384766,4552.436035,4431.410156,4524.871582,,,,,,,,,,,,,,,,,,,,,,,,,,,,,,,,,,,,,,,,,,,,,,,,,,,,,,,,,,,,,,,,,,,,,,
1769161669.781649,1769161669.782152,119.0,0.0,4283.461426,4264.871582,4371.666504,4244.102539,4261.153809,4278.333496,4266.025879,4291.922852,4277.05127,4275.384766,4574.358887,4541.410156,4421.282227,4517.94873,,,,,,,,,,,,,,,,,,,,,,,,,,,,,,,,,,,,,,,,,,,,,,,,,,,,,,,,,,,,,,,,,,,,,,
1769161669.789457,1769161669.78976,120.0,0.0,4281.153809,4265.512695,4372.307617,4238.333496,4260.128418,4278.846191,4268.717773,4295.512695,4268.846191,4266.922852,4568.717773,4536.922852,4417.820313,4514.102539,,,,,,,,,,,,,,,,,,,,,,,,,,,,,,,,,,,,,,,,,,,,,,,,,,,,,,,,,,,,,,,,,,,,,,
1769161669.797266,1769161669.797569,121.0,0.0,4282.820313,4265.128418,4374.102539,4231.922852,4252.307617,4275.0,4262.563965,4295.256348,4263.077148,4263.205078,4576.153809,4543.717773,4424.358887,4520.0,,,,,,,,,,,,,,,,,,,,,,,,,,,,,,,,,,,,,,,,,,,,,,,,,,,,,,,,,,,,,,,,,,,,,,
1769161669.805074,1769161669.805477,122.0,0.0,4288.974121,4263.589844,4377.94873,4229.743652,4248.205078,4268.974121,4261.410156,4294.102539,4264.615234,4265.897461,4583.077148,4554.871582,4426.794922,4523.846191,,,,,,,,,,,,,,,,,,,,,,,,,,,,,,,,,,,,,,,,,,,,,,,,,,,,,,,,,,,,,,,,,,,,,,
1769161669.812883,1769161669.813285,123.0,0.0,4294.871582,4266.282227,4386.410156,4231.666504,4252.307617,4267.94873,4263.717773,4300.0,4266.025879,4267.692383,4578.589844,4554.615234,4420.0,4521.538574,,,,,,,,,,,,,,,,,,,,,,,,,,,,,,,,,,,,,,,,,,,,,,,,,,,,,,,,,,,,,,,,,,,,,,
1769161669.820691,1769161669.821294,124.0,0.0,4288.846191,4266.025879,4393.077148,4230.897461,4252.436035,4273.333496,4265.384766,4303.077148,4263.461426,4265.256348,4571.410156,4541.410156,4412.94873,4520.769043,,,,,,,,,,,,,,,,,,,,,,,,,,,,,,,,,,,,,,,,,,,,,,,,,,,,,,,,,,,,,,,,,,,,,,
1769161669.828499,1769161669.829102,125.0,0.0,4281.025879,4262.94873,4394.743652,4230.128418,4251.794922,4277.179688,4271.666504,4298.717773,4262.179688,4262.179688,4570.384766,4537.820313,4413.077148,4523.589844,,,,,,,,,,,,,,,,,,,,,,,,,,,,,,,,,,,,,,,,,,,,,,,,,,,,,,,,,,,,,,,,,,,,,,
1769161669.836308,1769161669.83701,126.0,0.0,4286.153809,4265.0,4395.641113,4232.820313,4257.179688,4270.897461,4271.538574,4295.512695,4262.307617,4263.333496,4573.846191,4547.436035,4414.743652,4524.871582,0.813665,0.955346,0.426544,0.099295,0.148368,0.961344,0.660842,0.382864,0.120342,0.116189,0.231144,0.357659,0.188862,0.123248,0.08742,0.210567,0.397091,0.209241,0.100137,0.072588,0.325955,0.079806,0.104458,0.116233,0.06657,0.425148,0.473936,0.083889,0.072976,0.102236,0.13715,0.360444,0.123864,0.073877,0.090666,0.540715,0.278571,0.156591,0.060325,0.096717,0.214734,0.202821,0.172181,0.085099,0.086878,0.266813,0.128986,0.153609,0.042811,0.077059,0.612327,0.406329,0.41118,0.089456,0.132145,0.522957,0.356372,0.267966,0.093079,0.164103,1.128995,0.585216,0.445146,0.142321,0.195862,0.765182,0.547654,0.3451,0.185679,0.206832
1769161669.844117,1769161669.844819,127.0,0.0,4294.230957,4267.436035,4402.307617,4230.256348,4259.358887,4263.205078,4258.077148,4294.102539,4264.102539,4270.769043,4576.410156,4546.666504,4414.743652,4525.384766,,,,,,,,,,,,,,,,,,,,,,,,,,,,,,,,,,,,,,,,,,,,,,,,,,,,,,,,,,,,,,,,,,,,,,
1769161669.851925,1769161669.852827,0.0,0.0,4290.128418,4267.05127,4410.0,4222.05127,4258.205078,4266.922852,4254.743652,4293.589844,4266.922852,4273.846191,4574.871582,4540.0,4413.333496,4525.641113,,,,,,,,,,,,,,,,,,,,,,,,,,,,,,,,,,,,,,,,,,,,,,,,,,,,,,,,,,,,,,,,,,,,,,
1769161669.859733,1769161669.860636,1.0,0.0,4282.179688,4268.077148,4412.436035,4220.128418,4260.897461,4275.769043,4261.794922,4291.666504,4264.871582,4267.692383,4572.563965,4537.179688,4413.077148,4520.512695,,,,,,,,,,,,,,,,,,,,,,,,,,,,,,,,,,,,,,,,,,,,,,,,,,,,,,,,,,,,,,,,,,,,,,
1769161669.867542,1769161669.868344,2.0,0.0,4279.230957,4268.333496,4411.666504,4220.897461,4262.436035,4278.846191,4264.743652,4289.871582,4261.666504,4262.436035,4569.230957,4529.615234,4412.436035,4510.769043,,,,,,,,,,,,,,,,,,,,,,,,,,,,,,,,,,,,,,,,,,,,,,,,,,,,,,,,,,,,,,,,,,,,,,
1769161669.87535,1769161669.876153,3.0,0.0,4278.974121,4265.256348,4408.589844,4215.641113,4258.974121,4280.128418,4268.205078,4289.615234,4262.307617,4263.589844,4564.615234,4522.179688,4411.282227,4506.025879,,,,,,,,,,,,,,,,,,,,,,,,,,,,,,,,,,,,,,,,,,,,,,,,,,,,,,,,,,,,,,,,,,,,,,
1769161669.883159,1769161669.883761,4.0,0.0,4278.333496,4263.846191,4413.077148,4214.102539,4257.307617,4279.358887,4268.846191,4288.205078,4263.846191,4264.743652,4563.205078,4523.461426,4412.563965,4508.077148,,,,,,,,,,,,,,,,,,,,,,,,,,,,,,,,,,,,,,,,,,,,,,,,,,,,,,,,,,,,,,,,,,,,,,
1769161669.890967,1769161669.89157,5.0,0.0,4278.846191,4266.153809,4423.461426,4217.94873,4260.0,4277.05127,4262.94873,4282.307617,4263.205078,4262.179688,4564.743652,4523.205078,4412.820313,4506.538574,,,,,,,,,,,,,,,,,,,,,,,,,,,,,,,,,,,,,,,,,,,,,,,,,,,,,,,,,,,,,,,,,,,,,,
1769161669.898776,1769161669.899278,6.0,0.0,4280.128418,4272.563965,4427.307617,4217.820313,4262.05127,4277.563965,4262.820313,4278.846191,4264.102539,4262.692383,4564.230957,4519.871582,4412.179688,4503.205078,,,,,,,,,,,,,,,,,,,,,,,,,,,,,,,,,,,,,,,,,,,,,,,,,,,,,,,,,,,,,,,,,,,,,,
1769161669.906584,1769161669.907087,7.0,0.0,4279.358887,4278.974121,4429.615234,4217.05127,4262.820313,4277.179688,4268.077148,4281.025879,4265.256348,4263.846191,4565.384766,4523.333496,4411.666504,4506.794922,,,,,,,,,,,,,,,,,,,,,,,,,,,,,,,,,,,,,,,,,,,,,,,,,,,,,,,,,,,,,,,,,,,,,,
1769161669.914393,1769161669.914695,8.0,0.0,4280.0,4280.0,4439.230957,4218.077148,4264.615234,4277.307617,4267.307617,4281.025879,4263.461426,4262.563965,4570.128418,4525.512695,4413.077148,4511.666504,,,,,,,,,,,,,,,,,,,,,,,,,,,,,,,,,,,,,,,,,,,,,,,,,,,,,,,,,,,,,,,,,,,,,,
1769161669.922201,1769161669.922504,9.0,0.0,4289.487305,4279.487305,4447.563965,4219.615234,4265.769043,4280.128418,4266.282227,4280.128418,4263.589844,4264.102539,4570.769043,4524.358887,4413.846191,4510.641113,,,,,,,,,,,,,,,,,,,,,,,,,,,,,,,,,,,,,,,,,,,,,,,,,,,,,,,,,,,,,,,,,,,,,,
1769161669.930009,1769161669.930412,10.0,0.0,4294.743652,4280.769043,4444.230957,4219.871582,4264.487305,4279.743652,4267.692383,4280.769043,4266.666504,4266.794922,4571.153809,4529.743652,4413.333496,4508.205078,,,,,,,,,,,,,,,,,,,,,,,,,,,,,,,,,,,,,,,,,,,,,,,,,,,,,,,,,,,,,,,,,,,,,,
1769161669.937818,1769161669.938221,11.0,0.0,4287.820313,4278.205078,4446.282227,4217.94873,4263.077148,4278.333496,4267.436035,4281.282227,4267.692383,4267.820313,4572.307617,4538.846191,4418.974121,4513.589844,,,,,,,,,,,,,,,,,,,,,,,,,,,,,,,,,,,,,,,,,,,,,,,,,,,,,,,,,,,,,,,,,,,,,,
1769161669.945626,1769161669.946229,12.0,0.0,4286.025879,4275.897461,4454.871582,4215.384766,4263.974121,4279.615234,4267.179688,4282.307617,4265.897461,4272.179688,4573.589844,4541.153809,4427.436035,4521.666504,,,,,,,,,,,,,,,,,,,,,,,,,,,,,,,,,,,,,,,,,,,,,,,,,,,,,,,,,,,,,,,,,,,,,,
1769161669.953435,1769161669.954037,13.0,0.0,4293.717773,4282.820313,4460.769043,4219.230957,4263.974121,4277.563965,4266.153809,4280.384766,4266.282227,4278.717773,4577.05127,4537.692383,4430.0,4523.333496,,,,,,,,,,,,,,,,,,,,,,,,,,,,,,,,,,,,,,,,,,,,,,,,,,,,,,,,,,,,,,,,,,,,,,
1769161669.961243,1769161669.961946,14.0,0.0,4299.743652,4288.205078,4469.487305,4224.743652,4262.692383,4275.384766,4263.461426,4277.307617,4268.077148,4277.307617,4578.077148,4537.94873,4429.615234,4524.358887,0.869088,0.87394,0.460772,0.110793,0.147103,0.962893,0.67108,0.460046,0.139464,0.131691,0.269881,0.350086,0.197314,0.141382,0.090642,0.264764,0.44261,0.262825,0.112143,0.081504,0.303564,0.090974,0.130055,0.111964,0.069329,0.405565,0.376824,0.080948,0.071332,0.094976,0.11608,0.339769,0.1396,0.092848,0.094313,0.492563,0.287955,0.14238,0.062108,0.097767,0.291143,0.263594,0.170143,0.091451,0.094435,0.265983,0.133504,0.147992,0.039056,0.090034,0.714898,0.492944,0.385175,0.096995,0.133819,0.644286,0.435133,0.25059,0.103369,0.170591,1.171691,0.703447,0.426266,0.143468,0.182793,0.864075,0.53835,0.299551,0.208465,0.18867
1769161669.969052,1769161669.969754,15.0,0.0,4295.384766,4283.717773,4477.94873,4222.820313,4263.717773,4279.230957,4264.743652,4276.922852,4265.128418,4269.230957,4573.077148,4539.230957,4429.230957,4526.410156,,,,,,,,,,,,,,,,,,,,,,,,,,,,,,,,,,,,,,,,,,,,,,,,,,,,,,,,,,,,,,,,,,,,,,
1769161669.97686,1769161669.977363,16.0,0.0,4283.974121,4277.307617,4475.641113,4218.333496,4265.512695,4281.666504,4268.205078,4277.94873,4262.436035,4265.0,4570.0,4535.256348,4424.230957,4523.333496,,,,,,,,,,,,,,,,,,,,,,,,,,,,,,,,,,,,,,,,,,,,,,,,,,,,,,,,,,,,,,,,,,,,,,
1769161669.984669,1769161669.985171,17.0,0.0,4280.128418,4277.307617,4474.102539,4215.641113,4264.615234,4280.769043,4268.205078,4278.717773,4266.666504,4267.94873,4576.410156,4536.794922,4424.358887,4524.487305,,,,,,,,,,,,,,,,,,,,,,,,,,,,,,,,,,,,,,,,,,,,,,,,,,,,,,,,,,,,,,,,,,,,,,
1769161669.992477,1769161669.99288,18.0,0.0,4286.666504,4279.615234,4486.538574,4214.615234,4263.717773,4281.410156,4268.077148,4280.641113,4270.897461,4272.94873,4585.897461,4545.384766,4433.461426,4537.307617,,,,,,,,,,,,,,,,,,,,,,,,,,,,,,,,,,,,,,,,,,,,,,,,,,,,,,,,,,,,,,,,,,,,,,
1769161670.000286,1769161670.000688,19.0,0.0,4292.436035,4279.487305,4495.512695,4214.615234,4263.846191,4281.153809,4270.384766,4282.563965,4273.205078,4278.589844,4589.230957,4546.666504,4435.128418,4539.358887,,,,,,,,,,,,,,,,,,,,,,,,,,,,,,,,,,,,,,,,,,,,,,,,,,,,,,,,,,,,,,,,,,,,,,
1769161670.008094,1769161670.008696,20.0,0.0,4285.512695,4279.358887,4492.05127,4216.153809,4264.102539,4280.641113,4276.538574,4280.897461,4273.846191,4276.538574,4582.436035,4539.615234,4428.461426,4525.641113,,,,,,,,,,,,,,,,,,,,,,,,,,,,,,,,,,,,,,,,,,,,,,,,,,,,,,,,,,,,,,,,,,,,,,
1769161670.015902,1769161670.016505,21.0,0.0,4280.512695,4279.358887,4495.641113,4217.94873,4264.615234,4282.307617,4278.846191,4279.487305,4273.717773,4268.461426,4578.205078,4537.436035,4427.307617,4519.358887,,,,,,,,,,,,,,,,,,,,,,,,,,,,,,,,,,,,,,,,,,,,,,,,,,,,,,,,,,,,,,,,,,,,,,
1769161670.023711,1769161670.024413,22.0,0.0,4286.794922,4281.025879,4505.897461,4219.102539,4265.128418,4280.512695,4270.128418,4279.230957,4274.871582,4269.102539,4584.487305,4541.666504,4432.05127,4524.615234,,,,,,,,,,,,,,,,,,,,,,,,,,,,,,,,,,,,,,,,,,,,,,,,,,,,,,,,,,,,,,,,,,,,,,
1769161670.031519,1769161670.032222,23.0,0.0,4290.897461,4282.563965,4508.974121,4220.128418,4265.512695,4277.436035,4263.974121,4279.358887,4272.563965,4273.974121,4586.282227,4543.333496,4431.538574,4525.512695,,,,,,,,,,,,,,,,,,,,,,,,,,,,,,,,,,,,,,,,,,,,,,,,,,,,,,,,,,,,,,,,,,,,,,
1769161670.039328,1769161670.04023,24.0,0.0,4284.358887,4281.922852,4506.153809,4218.461426,4265.512695,4279.102539,4267.05127,4280.512695,4266.282227,4268.589844,4579.743652,4540.384766,4427.436035,4523.333496,,,,,,,,,,,,,,,,,,,,,,,,,,,,,,,,,,,,,,,,,,,,,,,,,,,,,,,,,,,,,,,,,,,,,,
1769161670.047136,1769161670.048038,25.0,0.0,4277.692383,4281.153809,4508.077148,4217.563965,4262.94873,4279.102539,4266.153809,4280.0,4263.717773,4262.94873,4576.794922,4538.589844,4426.794922,4522.563965,,,,,,,,,,,,,,,,,,,,,,,,,,,,,,,,,,,,,,,,,,,,,,,,,,,,,,,,,,,,,,,,,,,,,,
1769161670.054945,1769161670.055947,26.0,0.0,4279.487305,4279.487305,4508.846191,4216.666504,4260.128418,4275.0,4261.538574,4278.589844,4265.0,4270.256348,4581.410156,4538.333496,4428.846191,4519.358887,,,,,,,,,,,,,,,,,,,,,,,,,,,,,,,,,,,,,,,,,,,,,,,,,,,,,,,,,,,,,,,,,,,,,,
1769161670.062753,1769161670.063755,27.0,0.0,4279.102539,4277.94873,4508.589844,4215.0,4261.153809,4276.282227,4266.282227,4280.897461,4266.666504,4277.94873,4584.615234,4540.769043,4429.102539,4520.769043,,,,,,,,,,,,,,,,,,,,,,,,,,,,,,,,,,,,,,,,,,,,,,,,,,,,,,,,,,,,,,,,,,,,,,
1769161670.070562,1769161670.071364,28.0,0.0,4277.692383,4278.205078,4514.743652,4214.102539,4263.333496,4280.0,4270.128418,4282.94873,4272.692383,4277.692383,4586.282227,4544.487305,4427.94873,4530.641113,,,,,,,,,,,,,,,,,,,,,,,,,,,,,,,,,,,,,,,,,,,,,,,,,,,,,,,,,,,,,,,,,,,,,,
1769161670.07837,1769161670.079172,29.0,0.0,4280.641113,4279.358887,4522.307617,4217.436035,4263.205078,4277.436035,4264.615234,4280.897461,4276.794922,4278.205078,4586.666504,4543.974121,4431.794922,4535.128418,,,,,,,,,,,,,,,,,,,,,,,,,,,,,,,,,,,,,,,,,,,,,,,,,,,,,,,,,,,,,,,,,,,,,,
1769161670.086178,1769161670.086881,30.0,0.0,4282.307617,4281.922852,4526.153809,4225.769043,4263.077148,4274.743652,4263.846191,4280.0,4277.179688,4280.0,4584.871582,4539.358887,4433.333496,4526.794922,0.903603,0.761739,0.45866,0.12881,0.144934,0.931935,0.663894,0.494821,0.160792,0.145165,0.331186,0.322517,0.203922,0.160729,0.09273,0.350871,0.455949,0.305059,0.127347,0.08938,0.266979,0.105205,0.151387,0.103402,0.070382,0.387842,0.313453,0.084531,0.079271,0.091247,0.106573,0.333369,0.158437,0.112974,0.099542,0.450195,0.30431,0.129997,0.062386,0.101728,0.382845,0.313862,0.172363,0.101211,0.109253,0.261598,0.145042,0.151238,0.037686,0.111113,0.79937,0.569937,0.341774,0.110041,0.142352,0.777532,0.519732,0.218942,0.11854,0.184595,1.190197,0.803789,0.396785,0.154296,0.172216,0.954187,0.538819,0.264354,0.228414,0.167911
1769161670.093987,1769161670.094689,31.0,0.0,4280.512695,4283.333496,4524.487305,4228.205078,4265.0,4282.563965,4275.512695,4282.436035,4279.743652,4279.871582,4582.820313,4535.512695,4431.538574,4520.897461,,,,,,,,,,,,,,,,,,,,,,,,,,,,,,,,,,,,,,,,,,,,,,,,,,,,,,,,,,,,,,,,,,,,,,
1769161670.101795,1769161670.102298,32.0,0.0,4281.666504,4280.769043,4524.102539,4225.256348,4266.666504,4282.820313,4279.615234,4281.153809,4279.487305,4277.436035,4583.077148,4539.487305,4436.538574,4529.743652,,,,,,,,,,,,,,,,,,,,,,,,,,,,,,,,,,,,,,,,,,,,,,,,,,,,,,,,,,,,,,,,,,,,,,
1769161670.109604,1769161670.110106,33.0,0.0,4292.692383,4279.102539,4533.974121,4227.179688,4265.256348,4269.615234,4266.282227,4279.358887,4278.846191,4280.641113,4590.128418,4550.0,4445.641113,4543.846191,,,,,,,,,,,,,,,,,,,,,,,,,,,,,,,,,,,,,,,,,,,,,,,,,,,,,,,,,,,,,,,,,,,,,,
1769161670.117412,1769161670.117815,34.0,0.0,4298.205078,4280.897461,4541.794922,4227.692383,4262.692383,4268.461426,4260.128418,4281.666504,4281.922852,4283.205078,4594.102539,4554.358887,4447.94873,4543.461426,,,,,,,,,,,,,,,,,,,,,,,,,,,,,,,,,,,,,,,,,,,,,,,,,,,,,,,,,,,,,,,,,,,,,,
1769161670.125221,1769161670.125623,35.0,0.0,4287.179688,4280.512695,4537.05127,4219.230957,4261.922852,4278.333496,4266.794922,4282.94873,4279.230957,4280.0,4585.384766,4541.025879,4440.0,4525.512695,,,,,,,,,,,,,,,,,,,,,,,,,,,,,,,,,,,,,,,,,,,,,,,,,,,,,,,,,,,,,,,,,,,,,,
1769161670.133029,1769161670.133232,36.0,0.0,4277.05127,4278.974121,4532.820313,4214.615234,4263.333496,4278.717773,4266.538574,4280.512695,4270.256348,4278.333496,4578.589844,4523.974121,4431.666504,4515.0,,,,,,,,,,,,,,,,,,,,,,,,,,,,,,,,,,,,,,,,,,,,,,,,,,,,,,,,,,,,,,,,,,,,,,
1769161670.140838,1769161670.14104,37.0,0.0,4279.487305,4280.384766,4537.05127,4220.641113,4263.974121,4271.922852,4263.333496,4279.358887,4266.794922,4275.769043,4581.153809,4524.615234,4429.102539,4522.179688,,,,,,,,,,,,,,,,,,,,,,,,,,,,,,,,,,,,,,,,,,,,,,,,,,,,,,,,,,,,,,,,,,,,,,
1769161670.148646,1769161670.148949,38.0,0.0,4279.102539,4280.897461,4540.256348,4225.641113,4263.205078,4270.256348,4267.179688,4279.871582,4266.410156,4265.769043,4575.769043,4532.179688,4428.077148,4526.538574,,,,,,,,,,,,,,,,,,,,,,,,,,,,,,,,,,,,,,,,,,,,,,,,,,,,,,,,,,,,,,,,,,,,,,
1769161670.156454,1769161670.156757,39.0,0.0,4277.05127,4281.153809,4543.205078,4229.102539,4261.922852,4267.436035,4266.794922,4279.230957,4262.820313,4260.641113,4569.358887,4534.102539,4426.410156,4523.205078,,,,,,,,,,,,,,,,,,,,,,,,,,,,,,,,,,,,,,,,,,,,,,,,,,,,,,,,,,,,,,,,,,,,,,
1769161670.164263,1769161670.164765,40.0,0.0,4284.743652,4282.05127,4549.230957,4225.897461,4261.922852,4264.615234,4261.794922,4279.358887,4261.538574,4264.743652,4577.307617,4536.153809,4428.077148,4523.846191,,,,,,,,,,,,,,,,,,,,,,,,,,,,,,,,,,,,,,,,,,,,,,,,,,,,,,,,,,,,,,,,,,,,,,
1769161670.172071,1769161670.172574,41.0,0.0,4287.94873,4280.256348,4552.692383,4218.333496,4263.077148,4268.461426,4263.974121,4281.410156,4265.0,4267.307617,4583.205078,4541.153809,4431.410156,4527.05127,,,,,,,,,,,,,,,,,,,,,,,,,,,,,,,,,,,,,,,,,,,,,,,,,,,,,,,,,,,,,,,,,,,,,,
1769161670.17988,1769161670.180282,42.0,0.0,4281.794922,4279.358887,4555.641113,4221.025879,4264.487305,4271.025879,4265.128418,4281.025879,4266.282227,4271.153809,4581.025879,4539.230957,4430.128418,4524.102539,,,,,,,,,,,,,,,,,,,,,,,,,,,,,,,,,,,,,,,,,,,,,,,,,,,,,,,,,,,,,,,,,,,,,,
1769161670.187688,1769161670.188091,43.0,0.0,4278.846191,4279.743652,4560.0,4228.461426,4268.333496,4275.384766,4261.922852,4279.615234,4267.563965,4278.589844,4582.436035,4530.384766,4427.307617,4520.128418,,,,,,,,,,,,,,,,,,,,,,,,,,,,,,,,,,,,,,,,,,,,,,,,,,,,,,,,,,,,,,,,,,,,,,
1769161670.195497,1769161670.1957,44.0,0.0,4280.512695,4279.871582,4565.512695,4230.128418,4272.307617,4279.615234,4270.256348,4284.615234,4273.461426,4280.128418,4586.153809,4532.820313,4431.794922,4522.307617,,,,,,,,,,,,,,,,,,,,,,,,,,,,,,,,,,,,,,,,,,,,,,,,,,,,,,,,,,,,,,,,,,,,,,
1769161670.203305,1769161670.203508,45.0,0.0,4282.05127,4283.589844,4568.846191,4230.128418,4273.846191,4280.641113,4280.128418,4294.230957,4280.512695,4279.743652,4587.307617,4541.538574,4438.846191,4527.179688,,,,,,,,,,,,,,,,,,,,,,,,,,,,,,,,,,,,,,,,,,,,,,,,,,,,,,,,,,,,,,,,,,,,,,
1769161670.211114,1769161670.211416,46.0,0.0,4281.153809,4285.769043,4571.025879,4231.666504,4272.307617,4280.128418,4274.102539,4292.05127,4278.589844,4279.615234,4582.563965,4541.153809,4434.615234,4523.974121,0.890186,0.655272,0.41241,0.150069,0.142156,0.88314,0.642182,0.474266,0.178414,0.151557,0.427761,0.278261,0.196209,0.174972,0.094108,0.456046,0.433662,0.323417,0.141003,0.094054,0.232746,0.122303,0.162089,0.092012,0.069114,0.375513,0.28899,0.087276,0.096558,0.091736,0.106368,0.328851,0.164998,0.132507,0.104744,0.438713,0.327097,0.120084,0.061813,0.109049,0.467091,0.335288,0.175301,0.111246,0.125921,0.254893,0.167988,0.162956,0.040719,0.137528,0.847803,0.607115,0.293211,0.127446,0.157227,0.919566,0.595831,0.177765,0.134989,0.202804,1.198281,0.842903,0.356416,0.170241,0.164239,1.044703,0.549756,0.23192,0.235841,0.145429
1769161670.218922,1769161670.219225,47.0,0.0,4277.820313,4280.512695,4576.922852,4230.769043,4268.205078,4277.307617,4262.820313,4281.410156,4267.94873,4274.358887,4571.025879,4535.641113,4425.128418,4516.410156,,,,,,,,,,,,,,,,,,,,,,,,,,,,,,,,,,,,,,,,,,,,,,,,,,,,,,,,,,,,,,,,,,,,,,
1769161670.22673,1769161670.227233,48.0,0.0,4275.897461,4276.666504,4582.820313,4229.871582,4264.358887,4274.743652,4264.871582,4282.179688,4265.0,4272.307617,4568.717773,4536.282227,4426.538574,4519.230957,,,,,,,,,,,,,,,,,,,,,,,,,,,,,,,,,,,,,,,,,,,,,,,,,,,,,,,,,,,,,,,,,,,,,,
1769161670.234539,1769161670.235041,49.0,0.0,4278.077148,4279.358887,4584.358887,4229.615234,4263.846191,4276.153809,4274.358887,4288.717773,4268.077148,4276.922852,4578.589844,4539.871582,4431.282227,4524.358887,,,,,,,,,,,,,,,,,,,,,,,,,,,,,,,,,,,,,,,,,,,,,,,,,,,,,,,,,,,,,,,,,,,,,,
1769161670.242347,1769161670.24295,50.0,0.0,4277.436035,4279.358887,4584.615234,4229.743652,4265.512695,4279.743652,4275.128418,4290.128418,4267.94873,4279.102539,4582.94873,4539.102539,4429.102539,4521.922852,,,,,,,,,,,,,,,,,,,,,,,,,,,,,,,,,,,,,,,,,,,,,,,,,,,,,,,,,,,,,,,,,,,,,,
1769161670.250156,1769161670.250758,51.0,0.0,4271.538574,4276.410156,4585.256348,4233.333496,4266.025879,4276.410156,4265.256348,4292.05127,4271.538574,4278.205078,4584.743652,4537.820313,4427.307617,4520.769043,,,,,,,,,,,,,,,,,,,,,,,,,,,,,,,,,,,,,,,,,,,,,,,,,,,,,,,,,,,,,,,,,,,,,,
1769161670.257964,1769161670.258766,52.0,0.0,4266.794922,4278.974121,4588.846191,4235.128418,4266.922852,4272.436035,4261.794922,4295.0,4280.128418,4280.128418,4587.05127,4539.871582,4429.871582,4524.230957,,,,,,,,,,,,,,,,,,,,,,,,,,,,,,,,,,,,,,,,,,,,,,,,,,,,,,,,,,,,,,,,,,,,,,
1769161670.265773,1769161670.266575,53.0,0.0,4267.563965,4280.128418,4597.179688,4234.230957,4267.05127,4276.794922,4274.358887,4294.871582,4279.102539,4276.153809,4578.846191,4542.563965,4429.230957,4520.897461,,,,,,,,,,,,,,,,,,,,,,,,,,,,,,,,,,,,,,,,,,,,,,,,,,,,,,,,,,,,,,,,,,,,,,
1769161670.273581,1769161670.274283,54.0,0.0,4271.153809,4273.589844,4602.94873,4233.589844,4266.666504,4281.538574,4282.179688,4294.102539,4271.922852,4265.897461,4569.102539,4541.025879,4420.641113,4510.769043,,,,,,,,,,,,,,,,,,,,,,,,,,,,,,,,,,,,,,,,,,,,,,,,,,,,,,,,,,,,,,,,,,,,,,
1769161670.28139,1769161670.282092,55.0,0.0,4275.128418,4270.128418,4603.717773,4234.871582,4265.641113,4278.717773,4276.794922,4293.717773,4275.0,4268.077148,4571.794922,4539.487305,4415.0,4507.179688,,,,,,,,,,,,,,,,,,,,,,,,,,,,,,,,,,,,,,,,,,,,,,,,,,,,,,,,,,,,,,,,,,,,,,
1769161670.289198,1769161670.289701,56.0,0.0,4276.153809,4274.358887,4606.666504,4234.487305,4265.769043,4276.025879,4275.0,4291.922852,4278.205078,4277.307617,4574.230957,4540.769043,4414.871582,4510.128418,,,,,,,,,,,,,,,,,,,,,,,,,,,,,,,,,,,,,,,,,,,,,,,,,,,,,,,,,,,,,,,,,,,,,,
1769161670.297007,1769161670.297509,57.0,0.0,4270.641113,4275.128418,4611.025879,4232.692383,4266.794922,4279.102539,4276.025879,4292.307617,4274.871582,4275.897461,4570.256348,4540.256348,4411.025879,4508.974121,,,,,,,,,,,,,,,,,,,,,,,,,,,,,,,,,,,,,,,,,,,,,,,,,,,,,,,,,,,,,,,,,,,,,,
1769161670.304815,1769161670.305218,58.0,0.0,4270.0,4274.358887,4617.307617,4237.563965,4264.358887,4279.358887,4275.512695,4292.820313,4275.641113,4273.717773,4575.128418,4539.871582,4417.436035,4507.94873,,,,,,,,,,,,,,,,,,,,,,,,,,,,,,,,,,,,,,,,,,,,,,,,,,,,,,,,,,,,,,,,,,,,,,
1769161670.312624,1769161670.313026,59.0,0.0,4279.871582,4277.94873,4627.436035,4247.436035,4261.922852,4275.0,4275.384766,4289.487305,4278.205078,4279.871582,4585.384766,4540.512695,4427.563965,4512.692383,,,,,,,,,,,,,,,,,,,,,,,,,,,,,,,,,,,,,,,,,,,,,,,,,,,,,,,,,,,,,,,,,,,,,,
1769161670.320432,1769161670.320635,60.0,0.0,4282.307617,4279.230957,4633.333496,4250.769043,4263.205078,4272.94873,4269.871582,4289.615234,4279.102539,4280.0,4583.333496,4541.410156,4419.102539,4512.563965,,,,,,,,,,,,,,,,,,,,,,,,,,,,,,,,,,,,,,,,,,,,,,,,,,,,,,,,,,,,,,,,,,,,,,
1769161670.328241,1769161670.328443,61.0,0.0,4278.846191,4276.922852,4630.897461,4247.563965,4264.230957,4276.025879,4266.153809,4291.666504,4274.487305,4273.846191,4573.205078,4544.102539,4409.230957,4506.666504,,,,,,,,,,,,,,,,,,,,,,,,,,,,,,,,,,,,,,,,,,,,,,,,,,,,,,,,,,,,,,,,,,,,,,
1769161670.336049,1769161670.336152,62.0,0.0,4277.94873,4276.794922,4630.256348,4247.692383,4262.179688,4275.897461,4272.436035,4286.922852,4268.077148,4275.769043,4571.666504,4544.871582,4415.512695,4505.769043,0.857807,0.587067,0.332733,0.170405,0.141565,0.838997,0.611058,0.405481,0.18773,0.148465,0.466492,0.239962,0.182438,0.178428,0.096136,0.568824,0.387273,0.318638,0.148286,0.094557,0.216981,0.140743,0.160013,0.079814,0.065387,0.365269,0.289053,0.084899,0.120443,0.095643,0.115389,0.314475,0.15438,0.15083,0.110821,0.484657,0.347457,0.110364,0.061142,0.116851,0.524136,0.32967,0.176216,0.117051,0.13752,0.249515,0.205558,0.177438,0.04991,0.162853,0.849911,0.590027,0.252902,0.14621,0.174568,1.06271,0.651406,0.135544,0.150179,0.219348,1.204882,0.80081,0.309235,0.184569,0.158668,1.151502,0.567761,0.198337,0.226739,0.125086
1769161670.343857,1769161670.34396,63.0,0.0,4275.769043,4277.563965,4636.538574,4250.128418,4259.615234,4272.94873,4276.410156,4284.615234,4269.743652,4277.179688,4574.615234,4540.512695,4416.282227,4508.461426,,,,,,,,,,,,,,,,,,,,,,,,,,,,,,,,,,,,,,,,,,,,,,,,,,,,,,,,,,,,,,,,,,,,,,
1769161670.351666,1769161670.351968,64.0,0.0,4277.307617,4276.538574,4641.153809,4247.820313,4258.461426,4273.717773,4275.128418,4290.0,4271.410156,4271.410156,4571.410156,4537.820313,4412.563965,4508.333496,,,,,,,,,,,,,,,,,,,,,,,,,,,,,,,,,,,,,,,,,,,,,,,,,,,,,,,,,,,,,,,,,,,,,,
1769161670.359474,1769161670.359777,65.0,0.0,4281.282227,4276.153809,4644.102539,4247.563965,4259.487305,4272.563965,4274.487305,4291.410156,4268.205078,4272.307617,4574.102539,4540.512695,4422.820313,4509.743652,,,,,,,,,,,,,,,,,,,,,,,,,,,,,,,,,,,,,,,,,,,,,,,,,,,,,,,,,,,,,,,,,,,,,,
1769161670.367283,1769161670.367685,66.0,0.0,4282.436035,4275.256348,4653.205078,4254.358887,4263.077148,4266.794922,4269.487305,4285.641113,4272.179688,4279.358887,4581.025879,4542.307617,4427.436035,4511.538574,,,,,,,,,,,,,,,,,,,,,,,,,,,,,,,,,,,,,,,,,,,,,,,,,,,,,,,,,,,,,,,,,,,,,,
1769161670.375091,1769161670.375494,67.0,0.0,4284.487305,4275.128418,4660.897461,4259.358887,4263.846191,4264.487305,4264.615234,4281.794922,4273.589844,4274.230957,4577.307617,4542.179688,4416.282227,4509.743652,,,,,,,,,,,,,,,,,,,,,,,,,,,,,,,,,,,,,,,,,,,,,,,,,,,,,,,,,,,,,,,,,,,,,,
1769161670.3829,1769161670.383102,68.0,0.0,4283.717773,4278.333496,4659.743652,4256.410156,4260.897461,4265.769043,4265.256348,4279.487305,4264.358887,4262.94873,4569.487305,4540.128418,4410.512695,4507.05127,,,,,,,,,,,,,,,,,,,,,,,,,,,,,,,,,,,,,,,,,,,,,,,,,,,,,,,,,,,,,,,,,,,,,,
1769161670.390708,1769161670.390911,69.0,0.0,4280.0,4280.641113,4659.487305,4252.179688,4262.05127,4267.307617,4265.384766,4278.333496,4265.641113,4266.410156,4569.743652,4538.077148,4414.871582,4504.615234,,,,,,,,,,,,,,,,,,,,,,,,,,,,,,,,,,,,,,,,,,,,,,,,,,,,,,,,,,,,,,,,,,,,,,
1769161670.398517,1769161670.398619,70.0,0.0,4274.487305,4276.538574,4662.563965,4251.153809,4260.769043,4270.769043,4267.307617,4280.384766,4273.974121,4271.410156,4571.410156,4540.0,4414.487305,4503.461426,,,,,,,,,,,,,,,,,,,,,,,,,,,,,,,,,,,,,,,,,,,,,,,,,,,,,,,,,,,,,,,,,,,,,,
1769161670.406325,1769161670.406428,71.0,0.0,4266.538574,4272.436035,4662.307617,4254.871582,4253.974121,4267.179688,4267.179688,4279.102539,4269.743652,4266.538574,4568.717773,4536.025879,4411.025879,4502.436035,,,,,,,,,,,,,,,,,,,,,,,,,,,,,,,,,,,,,,,,,,,,,,,,,,,,,,,,,,,,,,,,,,,,,,
1769161670.414133,1769161670.414436,72.0,0.0,4263.589844,4275.256348,4661.666504,4258.974121,4254.487305,4264.871582,4264.230957,4277.307617,4263.461426,4263.589844,4568.077148,4527.307617,4413.589844,4501.794922,,,,,,,,,,,,,,,,,,,,,,,,,,,,,,,,,,,,,,,,,,,,,,,,,,,,,,,,,,,,,,,,,,,,,,
1769161670.421942,1769161670.422244,73.0,0.0,4266.666504,4276.410156,4662.563965,4253.077148,4258.461426,4275.0,4267.307617,4277.692383,4265.128418,4264.102539,4568.461426,4527.179688,4412.563965,4503.205078,,,,,,,,,,,,,,,,,,,,,,,,,,,,,,,,,,,,,,,,,,,,,,,,,,,,,,,,,,,,,,,,,,,,,,
1769161670.42975,1769161670.430153,74.0,0.0,4263.846191,4275.384766,4666.025879,4248.333496,4257.307617,4272.563965,4266.922852,4279.743652,4273.974121,4269.743652,4571.538574,4535.256348,4413.974121,4505.128418,,,,,,,,,,,,,,,,,,,,,,,,,,,,,,,,,,,,,,,,,,,,,,,,,,,,,,,,,,,,,,,,,,,,,,
1769161670.437559,1769161670.437961,75.0,0.0,4263.717773,4280.128418,4676.410156,4257.436035,4258.461426,4262.436035,4266.922852,4282.436035,4281.666504,4280.128418,4580.0,4540.128418,4425.384766,4506.794922,,,,,,,,,,,,,,,,,,,,,,,,,,,,,,,,,,,,,,,,,,,,,,,,,,,,,,,,,,,,,,,,,,,,,,
1769161670.445367,1769161670.445969,76.0,0.0,4273.846191,4285.641113,4685.384766,4264.615234,4264.615234,4270.128418,4275.897461,4282.692383,4279.615234,4283.205078,4584.102539,4540.0,4432.692383,4507.94873,,,,,,,,,,,,,,,,,,,,,,,,,,,,,,,,,,,,,,,,,,,,,,,,,,,,,,,,,,,,,,,,,,,,,,
1769161670.453176,1769161670.453778,77.0,0.0,4282.692383,4286.282227,4690.641113,4262.94873,4266.666504,4275.769043,4275.128418,4281.794922,4278.461426,4279.102539,4582.692383,4540.0,4430.897461,4512.94873,,,,,,,,,,,,,,,,,,,,,,,,,,,,,,,,,,,,,,,,,,,,,,,,,,,,,,,,,,,,,,,,,,,,,,
1769161670.460984,1769161670.461486,78.0,0.0,4282.94873,4284.230957,4695.897461,4263.077148,4265.512695,4264.871582,4262.94873,4280.897461,4280.897461,4280.641113,4581.666504,4539.230957,4429.871582,4517.436035,0.809992,0.562966,0.243841,0.185569,0.145778,0.809902,0.571864,0.311182,0.186636,0.136174,0.604366,0.210454,0.159994,0.169438,0.099852,0.66017,0.335607,0.301729,0.148153,0.091206,0.224614,0.158431,0.147253,0.068662,0.059342,0.353614,0.29539,0.078366,0.146125,0.10096,0.125134,0.288144,0.131417,0.168048,0.119843,0.581596,0.352811,0.098905,0.06086,0.12051,0.541161,0.319354,0.175651,0.116329,0.138911,0.251172,0.259987,0.188972,0.067213,0.179717,0.811828,0.524805,0.234064,0.164736,0.189001,1.192832,0.676313,0.102376,0.168603,0.228378,1.220418,0.691118,0.263969,0.192545,0.154204,1.287689,0.58405,0.166743,0.207685,0.113022
1769161670.468793,1769161670.469295,79.0,0.0,4271.794922,4280.128418,4696.794922,4263.205078,4262.179688,4258.974121,4260.0,4279.102539,4273.205078,4279.487305,4578.717773,4537.307617,4430.256348,4513.974121,,,,,,,,,,,,,,,,,,,,,,,,,,,,,,,,,,,,,,,,,,,,,,,,,,,,,,,,,,,,,,,,,,,,,,
1769161670.476601,1769161670.477303,80.0,0.0,4264.358887,4273.589844,4697.436035,4259.102539,4256.538574,4260.769043,4263.589844,4277.436035,4265.256348,4269.743652,4572.179688,4533.974121,4427.436035,4508.333496,,,,,,,,,,,,,,,,,,,,,,,,,,,,,,,,,,,,,,,,,,,,,,,,,,,,,,,,,,,,,,,,,,,,,,
1769161670.484409,1769161670.485112,81.0,0.0,4270.641113,4272.820313,4702.563965,4257.820313,4256.922852,4262.05127,4264.487305,4277.692383,4268.333496,4265.384766,4569.487305,4530.256348,4420.769043,4506.794922,,,,,,,,,,,,,,,,,,,,,,,,,,,,,,,,,,,,,,,,,,,,,,,,,,,,,,,,,,,,,,,,,,,,,,
1769161670.492218,1769161670.49282,82.0,0.0,4273.717773,4274.743652,4707.94873,4259.615234,4261.282227,4263.333496,4263.717773,4276.794922,4270.384766,4265.769043,4569.487305,4531.666504,4412.820313,4507.820313,,,,,,,,,,,,,,,,,,,,,,,,,,,,,,,,,,,,,,,,,,,,,,,,,,,,,,,,,,,,,,,,,,,,,,
1769161670.500026,1769161670.500629,83.0,0.0,4266.538574,4270.897461,4711.282227,4260.384766,4263.077148,4262.820313,4263.077148,4274.871582,4266.282227,4264.615234,4563.846191,4534.102539,4411.282227,4504.743652,,,,,,,,,,,,,,,,,,,,,,,,,,,,,,,,,,,,,,,,,,,,,,,,,,,,,,,,,,,,,,,,,,,,,,
1769161670.507835,1769161670.508237,84.0,0.0,4260.256348,4265.769043,4710.0,4262.307617,4259.615234,4267.436035,4265.512695,4275.256348,4263.589844,4262.94873,4558.205078,4531.025879,4411.153809,4496.153809,,,,,,,,,,,,,,,,,,,,,,,,,,,,,,,,,,,,,,,,,,,,,,,,,,,,,,,,,,,,,,,,,,,,,,
1769161670.515643,1769161670.516046,85.0,0.0,4257.692383,4261.922852,4706.410156,4263.717773,4258.205078,4272.436035,4267.307617,4277.436035,4264.358887,4262.307617,4555.384766,4522.820313,4404.487305,4489.615234,,,,,,,,,,,,,,,,,,,,,,,,,,,,,,,,,,,,,,,,,,,,,,,,,,,,,,,,,,,,,,,,,,,,,,
1769161670.523452,1769161670.523754,86.0,0.0,4257.820313,4261.922852,4710.897461,4263.974121,4262.692383,4265.512695,4262.820313,4276.282227,4264.102539,4262.307617,4555.769043,4520.384766,4401.538574,4488.846191,,,,,,,,,,,,,,,,,,,,,,,,,,,,,,,,,,,,,,,,,,,,,,,,,,,,,,,,,,,,,,,,,,,,,,
1769161670.53126,1769161670.531563,87.0,0.0,4262.692383,4267.94873,4719.615234,4267.94873,4265.128418,4260.256348,4262.307617,4273.717773,4260.512695,4262.307617,4561.282227,4528.717773,4407.94873,4491.025879,,,,,,,,,,,,,,,,,,,,,,,,,,,,,,,,,,,,,,,,,,,,,,,,,,,,,,,,,,,,,,,,,,,,,,
1769161670.539069,1769161670.539571,88.0,0.0,4266.410156,4273.846191,4722.05127,4273.717773,4262.820313,4265.0,4266.666504,4276.025879,4262.820313,4262.820313,4567.692383,4535.641113,4413.333496,4496.922852,,,,,,,,,,,,,,,,,,,,,,,,,,,,,,,,,,,,,,,,,,,,,,,,,,,,,,,,,,,,,,,,,,,,,,
1769161670.546877,1769161670.547379,89.0,0.0,4265.769043,4273.589844,4719.615234,4277.05127,4261.922852,4265.384766,4264.743652,4280.128418,4273.974121,4267.563965,4570.769043,4536.282227,4414.615234,4507.307617,,,,,,,,,,,,,,,,,,,,,,,,,,,,,,,,,,,,,,,,,,,,,,,,,,,,,,,,,,,,,,,,,,,,,,
1769161670.554685,1769161670.555288,90.0,0.0,4263.333496,4274.358887,4717.563965,4276.666504,4264.615234,4263.974121,4262.94873,4280.0,4273.717773,4272.692383,4571.410156,4536.153809,4414.615234,4508.717773,,,,,,,,,,,,,,,,,,,,,,,,,,,,,,,,,,,,,,,,,,,,,,,,,,,,,,,,,,,,,,,,,,,,,,
1769161670.562494,1769161670.563096,91.0,0.0,4262.179688,4278.589844,4723.461426,4279.230957,4265.0,4267.307617,4267.563965,4280.384766,4268.077148,4271.794922,4572.307617,4536.666504,4413.846191,4501.794922,,,,,,,,,,,,,,,,,,,,,,,,,,,,,,,,,,,,,,,,,,,,,,,,,,,,,,,,,,,,,,,,,,,,,,
1769161670.570302,1769161670.571104,92.0,0.0,4263.461426,4275.384766,4734.102539,4286.025879,4262.436035,4265.897461,4267.436035,4283.717773,4274.743652,4273.333496,4573.846191,4537.94873,4416.153809,4503.205078,,,,,,,,,,,,,,,,,,,,,,,,,,,,,,,,,,,,,,,,,,,,,,,,,,,,,,,,,,,,,,,,,,,,,,
1769161670.578111,1769161670.578913,93.0,0.0,4263.205078,4267.94873,4738.461426,4287.94873,4261.153809,4262.179688,4261.538574,4282.179688,4274.358887,4275.256348,4573.589844,4538.461426,4419.615234,4506.922852,,,,,,,,,,,,,,,,,,,,,,,,,,,,,,,,,,,,,,,,,,,,,,,,,,,,,,,,,,,,,,,,,,,,,,
1769161670.585919,1769161670.586621,94.0,0.0,4261.922852,4267.307617,4735.512695,4285.0,4259.615234,4263.589844,4262.820313,4278.205078,4261.794922,4267.94873,4570.0,4536.410156,4416.153809,4500.0,0.79158,0.572278,0.17186,0.193585,0.155075,0.790596,0.520234,0.220209,0.176743,0.117275,0.481878,0.202272,0.139972,0.152995,0.104995,0.708685,0.293386,0.283889,0.144341,0.085278,0.245626,0.173941,0.128704,0.060044,0.051513,0.334851,0.296804,0.072836,0.167335,0.105381,0.131085,0.260668,0.109829,0.183441,0.133447,0.707871,0.333801,0.086607,0.061315,0.116403,0.526973,0.33757,0.176608,0.111317,0.129019,0.268518,0.335874,0.195444,0.094041,0.183455,0.74561,0.445387,0.248389,0.185574,0.196364,1.289018,0.668088,0.084675,0.197156,0.226533,1.236834,0.569441,0.236932,0.195454,0.149464,1.437773,0.600552,0.147524,0.191168,0.11394
1769161670.593728,1769161670.59443,95.0,0.0,4262.307617,4269.487305,4734.358887,4287.436035,4257.307617,4265.769043,4267.692383,4279.230957,4260.384766,4261.282227,4567.563965,4534.230957,4409.871582,4489.871582,,,,,,,,,,,,,,,,,,,,,,,,,,,,,,,,,,,,,,,,,,,,,,,,,,,,,,,,,,,,,,,,,,,,,,
1769161670.601536,1769161670.602438,96.0,0.0,4262.179688,4266.794922,4741.153809,4293.717773,4259.871582,4264.743652,4267.820313,4280.384766,4268.461426,4265.769043,4571.025879,4537.179688,4412.94873,4493.974121,,,,,,,,,,,,,,,,,,,,,,,,,,,,,,,,,,,,,,,,,,,,,,,,,,,,,,,,,,,,,,,,,,,,,,
1769161670.609345,1769161670.610246,97.0,0.0,4261.538574,4264.871582,4748.205078,4294.871582,4263.717773,4266.794922,4266.666504,4279.358887,4268.333496,4269.615234,4574.358887,4539.487305,4418.589844,4502.05127,,,,,,,,,,,,,,,,,,,,,,,,,,,,,,,,,,,,,,,,,,,,,,,,,,,,,,,,,,,,,,,,,,,,,,
1769161670.617153,1769161670.618155,98.0,0.0,4258.717773,4265.128418,4749.487305,4293.077148,4258.589844,4269.871582,4267.436035,4278.205078,4261.666504,4263.333496,4571.025879,4537.820313,4414.615234,4497.179688,,,,,,,,,,,,,,,,,,,,,,,,,,,,,,,,,,,,,,,,,,,,,,,,,,,,,,,,,,,,,,,,,,,,,,
1769161670.624962,1769161670.625963,99.0,0.0,4259.743652,4265.128418,4751.153809,4297.179688,4254.358887,4268.461426,4267.307617,4279.358887,4265.512695,4263.974121,4572.05127,4540.641113,4413.974121,4497.05127,,,,,,,,,,,,,,,,,,,,,,,,,,,,,,,,,,,,,,,,,,,,,,,,,,,,,,,,,,,,,,,,,,,,,,
1769161670.63277,1769161670.633572,100.0,0.0,4264.230957,4267.820313,4753.974121,4299.487305,4260.128418,4268.846191,4266.922852,4282.179688,4274.487305,4273.589844,4575.769043,4542.820313,4416.538574,4504.871582,,,,,,,,,,,,,,,,,,,,,,,,,,,,,,,,,,,,,,,,,,,,,,,,,,,,,,,,,,,,,,,,,,,,,,
1769161670.640578,1769161670.64138,101.0,0.0,4263.974121,4271.410156,4755.128418,4299.230957,4264.102539,4271.794922,4266.282227,4282.436035,4272.307617,4273.333496,4573.333496,4538.077148,4413.717773,4505.897461,,,,,,,,,,,,,,,,,,,,,,,,,,,,,,,,,,,,,,,,,,,,,,,,,,,,,,,,,,,,,,,,,,,,,,
1769161670.648387,1769161670.649089,102.0,0.0,4267.692383,4275.641113,4762.692383,4308.461426,4263.077148,4267.307617,4262.436035,4281.153809,4269.358887,4269.871582,4576.282227,4543.589844,4418.717773,4506.153809,,,,,,,,,,,,,,,,,,,,,,,,,,,,,,,,,,,,,,,,,,,,,,,,,,,,,,,,,,,,,,,,,,,,,,
1769161670.656195,1769161670.656897,103.0,0.0,4280.512695,4281.410156,4773.333496,4318.717773,4265.769043,4260.641113,4260.256348,4281.922852,4277.563965,4275.128418,4583.205078,4555.512695,4428.205078,4511.153809,,,,,,,,,,,,,,,,,,,,,,,,,,,,,,,,,,,,,,,,,,,,,,,,,,,,,,,,,,,,,,,,,,,,,,
1769161670.664004,1769161670.664506,104.0,0.0,4279.230957,4280.897461,4772.05127,4315.128418,4267.179688,4264.743652,4264.358887,4282.436035,4278.589844,4274.743652,4579.487305,4551.410156,4422.179688,4511.922852,,,,,,,,,,,,,,,,,,,,,,,,,,,,,,,,,,,,,,,,,,,,,,,,,,,,,,,,,,,,,,,,,,,,,,
1769161670.671812,1769161670.672314,105.0,0.0,4265.128418,4272.179688,4758.589844,4308.589844,4262.307617,4269.358887,4266.025879,4279.743652,4269.487305,4264.615234,4569.487305,4535.897461,4411.410156,4504.615234,,,,,,,,,,,,,,,,,,,,,,,,,,,,,,,,,,,,,,,,,,,,,,,,,,,,,,,,,,,,,,,,,,,,,,
1769161670.679621,1769161670.680223,106.0,0.0,4261.410156,4266.025879,4747.820313,4309.230957,4263.077148,4267.436035,4263.589844,4278.077148,4265.0,4261.025879,4561.922852,4526.025879,4410.641113,4495.384766,,,,,,,,,,,,,,,,,,,,,,,,,,,,,,,,,,,,,,,,,,,,,,,,,,,,,,,,,,,,,,,,,,,,,,
1769161670.687429,1769161670.688031,107.0,0.0,4257.179688,4264.358887,4752.563965,4308.589844,4263.077148,4268.974121,4265.384766,4277.820313,4263.589844,4262.307617,4554.487305,4521.282227,4409.487305,4489.358887,,,,,,,,,,,,,,,,,,,,,,,,,,,,,,,,,,,,,,,,,,,,,,,,,,,,,,,,,,,,,,,,,,,,,,
1769161670.695238,1769161670.69564,108.0,0.0,4247.307617,4262.692383,4763.333496,4304.871582,4252.307617,4269.615234,4267.436035,4276.025879,4261.794922,4261.794922,4555.0,4525.512695,4407.563965,4491.538574,,,,,,,,,,,,,,,,,,,,,,,,,,,,,,,,,,,,,,,,,,,,,,,,,,,,,,,,,,,,,,,,,,,,,,
1769161670.703046,1769161670.703448,109.0,0.0,4251.538574,4264.487305,4763.205078,4304.615234,4250.641113,4262.692383,4261.666504,4276.922852,4263.589844,4264.487305,4565.256348,4534.743652,4412.179688,4495.128418,,,,,,,,,,,,,,,,,,,,,,,,,,,,,,,,,,,,,,,,,,,,,,,,,,,,,,,,,,,,,,,,,,,,,,
1769161670.710854,1769161670.711157,110.0,0.0,4262.307617,4266.794922,4761.025879,4308.205078,4258.333496,4258.974121,4257.436035,4277.436035,4263.717773,4265.512695,4568.077148,4530.256348,4414.358887,4493.717773,0.786579,0.601455,0.132743,0.196437,0.166451,0.76275,0.456115,0.149284,0.162335,0.095573,0.606173,0.213397,0.121958,0.13725,0.109391,0.69798,0.267243,0.270368,0.142957,0.07855,0.260567,0.187142,0.110768,0.054707,0.042922,0.305077,0.290578,0.07253,0.178123,0.107964,0.126859,0.246476,0.103233,0.195396,0.150837,0.81863,0.292084,0.076489,0.062694,0.104065,0.498606,0.405765,0.181549,0.10841,0.1117,0.307555,0.442023,0.201478,0.128972,0.174553,0.665308,0.393418,0.295041,0.212228,0.1945,1.322798,0.637597,0.081825,0.237986,0.213787,1.236291,0.504815,0.233865,0.198446,0.143934,1.55544,0.625044,0.143894,0.187339,0.127098
1769161670.718663,1769161670.718965,111.0,0.0,4262.563965,4266.410156,4765.641113,4312.179688,4255.512695,4261.922852,4260.769043,4274.358887,4262.05127,4263.205078,4562.563965,4520.512695,4412.692383,4492.179688,,,,,,,,,,,,,,,,,,,,,,,,,,,,,,,,,,,,,,,,,,,,,,,,,,,,,,,,,,,,,,,,,,,,,,
1769161670.726471,1769161670.726574,112.0,0.0,4259.615234,4270.512695,4767.94873,4311.282227,4249.230957,4263.461426,4263.974121,4272.94873,4262.307617,4264.871582,4563.333496,4522.563965,4411.282227,4490.384766,,,,,,,,,,,,,,,,,,,,,,,,,,,,,,,,,,,,,,,,,,,,,,,,,,,,,,,,,,,,,,,,,,,,,,
1769161670.73428,1769161670.734382,113.0,0.0,4264.230957,4276.025879,4769.230957,4310.512695,4251.282227,4263.077148,4261.794922,4273.974121,4264.358887,4269.102539,4569.230957,4532.820313,4413.205078,4492.05127,,,,,,,,,,,,,,,,,,,,,,,,,,,,,,,,,,,,,,,,,,,,,,,,,,,,,,,,,,,,,,,,,,,,,,
1769161670.742088,1769161670.742291,114.0,0.0,4262.436035,4272.94873,4772.94873,4313.974121,4252.563965,4261.922852,4257.820313,4275.0,4265.256348,4268.077148,4568.846191,4534.743652,4415.512695,4495.256348,,,,,,,,,,,,,,,,,,,,,,,,,,,,,,,,,,,,,,,,,,,,,,,,,,,,,,,,,,,,,,,,,,,,,,
1769161670.749897,1769161670.750099,115.0,0.0,4252.436035,4263.077148,4768.846191,4312.307617,4248.461426,4265.897461,4262.563965,4276.794922,4265.0,4262.563965,4563.846191,4527.436035,4413.333496,4491.666504,,,,,,,,,,,,,,,,,,,,,,,,,,,,,,,,,,,,,,,,,,,,,,,,,,,,,,,,,,,,,,,,,,,,,,
1769161670.757705,1769161670.758107,116.0,0.0,4252.94873,4261.410156,4764.743652,4309.230957,4247.94873,4271.922852,4272.307617,4272.307617,4261.794922,4259.487305,4562.307617,4527.307617,4409.615234,4490.769043,,,,,,,,,,,,,,,,,,,,,,,,,,,,,,,,,,,,,,,,,,,,,,,,,,,,,,,,,,,,,,,,,,,,,,
1769161670.765514,1769161670.765916,117.0,0.0,4263.589844,4274.358887,4774.358887,4316.153809,4250.0,4268.461426,4263.974121,4267.05127,4262.820313,4264.871582,4566.922852,4535.641113,4414.871582,4499.743652,,,,,,,,,,,,,,,,,,,,,,,,,,,,,,,,,,,,,,,,,,,,,,,,,,,,,,,,,,,,,,,,,,,,,,
1769161670.773322,1769161670.773824,118.0,0.0,4265.0,4280.128418,4782.94873,4325.256348,4251.410156,4261.538574,4247.820313,4273.333496,4274.230957,4275.128418,4572.179688,4538.974121,4425.384766,4504.230957,,,,,,,,,,,,,,,,,,,,,,,,,,,,,,,,,,,,,,,,,,,,,,,,,,,,,,,,,,,,,,,,,,,,,,
1769161670.781131,1769161670.781633,119.0,0.0,4259.743652,4269.230957,4778.589844,4325.769043,4251.794922,4263.589844,4254.230957,4280.256348,4281.153809,4278.205078,4571.025879,4536.153809,4423.974121,4499.871582,,,,,,,,,,,,,,,,,,,,,,,,,,,,,,,,,,,,,,,,,,,,,,,,,,,,,,,,,,,,,,,,,,,,,,
1769161670.788939,1769161670.789641,120.0,0.0,4261.282227,4266.025879,4776.538574,4326.153809,4252.05127,4267.94873,4266.794922,4278.461426,4274.487305,4275.769043,4569.358887,4538.461426,4417.563965,4499.871582,,,,,,,,,,,,,,,,,,,,,,,,,,,,,,,,,,,,,,,,,,,,,,,,,,,,,,,,,,,,,,,,,,,,,,
1769161670.796748,1769161670.797449,121.0,0.0,4263.589844,4276.666504,4783.077148,4328.205078,4252.820313,4265.128418,4259.487305,4277.692383,4270.641113,4274.743652,4573.333496,4543.077148,4423.717773,4506.538574,,,,,,,,,,,,,,,,,,,,,,,,,,,,,,,,,,,,,,,,,,,,,,,,,,,,,,,,,,,,,,,,,,,,,,
1769161670.804556,1769161670.805158,122.0,0.0,4262.692383,4277.436035,4785.128418,4328.077148,4249.230957,4265.0,4257.436035,4279.615234,4275.256348,4270.384766,4575.641113,4542.692383,4426.794922,4506.282227,,,,,,,,,,,,,,,,,,,,,,,,,,,,,,,,,,,,,,,,,,,,,,,,,,,,,,,,,,,,,,,,,,,,,,
1769161670.812364,1769161670.812966,123.0,0.0,4262.563965,4271.282227,4783.846191,4329.487305,4248.846191,4271.794922,4271.538574,4278.974121,4274.743652,4266.153809,4571.794922,4540.256348,4417.179688,4500.256348,,,,,,,,,,,,,,,,,,,,,,,,,,,,,,,,,,,,,,,,,,,,,,,,,,,,,,,,,,,,,,,,,,,,,,
1769161670.820173,1769161670.820575,124.0,0.0,4261.410156,4275.128418,4784.230957,4333.461426,4256.025879,4275.641113,4272.692383,4279.487305,4268.461426,4268.077148,4569.102539,4539.358887,4412.563965,4501.025879,,,,,,,,,,,,,,,,,,,,,,,,,,,,,,,,,,,,,,,,,,,,,,,,,,,,,,,,,,,,,,,,,,,,,,
1769161670.827981,1769161670.828383,125.0,0.0,4261.922852,4278.461426,4782.94873,4336.282227,4258.333496,4271.922852,4263.974121,4279.871582,4266.025879,4265.512695,4568.846191,4538.589844,4413.974121,4503.461426,,,,,,,,,,,,,,,,,,,,,,,,,,,,,,,,,,,,,,,,,,,,,,,,,,,,,,,,,,,,,,,,,,,,,,
1769161670.83579,1769161670.836092,126.0,0.0,4263.461426,4279.230957,4786.538574,4340.0,4252.692383,4266.794922,4264.615234,4278.461426,4267.820313,4263.333496,4568.974121,4537.307617,4412.820313,4502.94873,0.810658,0.637095,0.12822,0.198407,0.174422,0.712861,0.396382,0.103753,0.147786,0.074908,0.381218,0.240927,0.117587,0.12882,0.11015,0.61914,0.252829,0.261187,0.147888,0.072624,0.256214,0.198543,0.098562,0.052837,0.035065,0.270177,0.279772,0.079373,0.175399,0.109279,0.117168,0.251823,0.117234,0.201141,0.168345,0.868291,0.237124,0.071275,0.06487,0.086766,0.475247,0.519005,0.189173,0.113415,0.094062,0.365112,0.579559,0.212576,0.165532,0.157952,0.580444,0.393095,0.35764,0.243571,0.183197,1.253989,0.589509,0.088684,0.283969,0.192539,1.206034,0.535571,0.246177,0.204354,0.137618,1.575833,0.658622,0.153914,0.198215,0.145988
1769161670.843598,1769161670.8439,127.0,0.0,4263.461426,4279.358887,4795.769043,4341.025879,4250.384766,4263.846191,4267.436035,4278.717773,4268.077148,4269.615234,4571.153809,4539.230957,4414.615234,4505.384766,,,,,,,,,,,,,,,,,,,,,,,,,,,,,,,,,,,,,,,,,,,,,,,,,,,,,,,,,,,,,,,,,,,,,,
1769161670.851407,1769161670.851509,0.0,0.0,4264.487305,4271.025879,4794.615234,4337.05127,4252.307617,4266.538574,4271.538574,4280.256348,4267.307617,4269.358887,4571.282227,4541.922852,4414.871582,4504.102539,,,,,,,,,,,,,,,,,,,,,,,,,,,,,,,,,,,,,,,,,,,,,,,,,,,,,,,,,,,,,,,,,,,,,,
1769161670.859215,1769161670.859318,1.0,0.0,4263.333496,4263.461426,4787.563965,4336.410156,4251.153809,4273.717773,4279.230957,4279.871582,4268.333496,4263.589844,4566.153809,4538.333496,4411.922852,4496.410156,,,,,,,,,,,,,,,,,,,,,,,,,,,,,,,,,,,,,,,,,,,,,,,,,,,,,,,,,,,,,,,,,,,,,,
1769161670.867024,1769161670.867026,2.0,0.0,4260.769043,4270.256348,4792.179688,4339.358887,4250.897461,4270.897461,4273.717773,4277.563965,4270.897461,4270.128418,4569.871582,4538.205078,4420.256348,4499.615234,,,,,,,,,,,,,,,,,,,,,,,,,,,,,,,,,,,,,,,,,,,,,,,,,,,,,,,,,,,,,,,,,,,,,,
1769161670.874832,1769161670.874835,3.0,0.0,4269.871582,4280.384766,4798.589844,4342.692383,4253.205078,4259.358887,4259.358887,4278.974121,4277.94873,4280.897461,4581.666504,4547.94873,4433.077148,4510.384766,,,,,,,,,,,,,,,,,,,,,,,,,,,,,,,,,,,,,,,,,,,,,,,,,,,,,,,,,,,,,,,,,,,,,,
1769161670.88264,1769161670.882843,4.0,0.0,4277.436035,4278.846191,4797.94873,4347.179688,4252.692383,4263.974121,4258.846191,4281.282227,4279.102539,4277.692383,4579.358887,4551.025879,4427.436035,4509.871582,,,,,,,,,,,,,,,,,,,,,,,,,,,,,,,,,,,,,,,,,,,,,,,,,,,,,,,,,,,,,,,,,,,,,,
1769161670.890449,1769161670.890651,5.0,0.0,4270.769043,4275.384766,4805.128418,4350.0,4252.563965,4274.230957,4264.358887,4278.974121,4270.769043,4267.820313,4569.615234,4540.769043,4414.102539,4506.410156,,,,,,,,,,,,,,,,,,,,,,,,,,,,,,,,,,,,,,,,,,,,,,,,,,,,,,,,,,,,,,,,,,,,,,
1769161670.898257,1769161670.89836,6.0,0.0,4271.153809,4277.820313,4814.487305,4351.538574,4251.922852,4269.102539,4261.410156,4277.692383,4265.641113,4264.743652,4570.256348,4535.512695,4415.0,4507.94873,,,,,,,,,,,,,,,,,,,,,,,,,,,,,,,,,,,,,,,,,,,,,,,,,,,,,,,,,,,,,,,,,,,,,,
1769161670.906066,1769161670.906168,7.0,0.0,4282.307617,4281.282227,4812.436035,4356.153809,4251.410156,4265.384766,4257.820313,4278.974121,4269.102539,4266.794922,4573.717773,4545.128418,4421.922852,4511.282227,,,,,,,,,,,,,,,,,,,,,,,,,,,,,,,,,,,,,,,,,,,,,,,,,,,,,,,,,,,,,,,,,,,,,,
1769161670.913874,1769161670.913777,8.0,0.0,4281.025879,4280.128418,4810.641113,4359.230957,4251.410156,4272.820313,4260.512695,4279.230957,4274.871582,4267.692383,4572.692383,4550.384766,4418.333496,4514.615234,,,,,,,,,,,,,,,,,,,,,,,,,,,,,,,,,,,,,,,,,,,,,,,,,,,,,,,,,,,,,,,,,,,,,,
1769161670.921683,1769161670.921585,9.0,0.0,4276.025879,4278.333496,4814.487305,4356.025879,4250.512695,4271.922852,4264.743652,4278.205078,4277.307617,4264.615234,4571.794922,4544.102539,4411.410156,4511.666504,,,,,,,,,,,,,,,,,,,,,,,,,,,,,,,,,,,,,,,,,,,,,,,,,,,,,,,,,,,,,,,,,,,,,,
1769161670.929491,1769161670.929294,10.0,0.0,4277.692383,4280.128418,4813.974121,4355.384766,4252.179688,4267.05127,4266.794922,4279.487305,4275.512695,4262.436035,4570.128418,4538.077148,4411.794922,4505.128418,,,,,,,,,,,,,,,,,,,,,,,,,,,,,,,,,,,,,,,,,,,,,,,,,,,,,,,,,,,,,,,,,,,,,,
1769161670.9373,1769161670.937102,11.0,0.0,4267.692383,4273.974121,4807.179688,4356.282227,4260.769043,4272.94873,4266.025879,4283.717773,4275.128418,4264.358887,4569.615234,4537.436035,4412.436035,4504.358887,,,,,,,,,,,,,,,,,,,,,,,,,,,,,,,,,,,,,,,,,,,,,,,,,,,,,,,,,,,,,,,,,,,,,,
1769161670.945108,1769161670.945111,12.0,0.0,4262.692383,4263.589844,4805.256348,4353.205078,4263.717773,4277.94873,4265.256348,4288.589844,4279.102539,4267.820313,4572.436035,4543.846191,4411.538574,4508.333496,,,,,,,,,,,,,,,,,,,,,,,,,,,,,,,,,,,,,,,,,,,,,,,,,,,,,,,,,,,,,,,,,,,,,,
1769161670.952917,1769161670.952919,13.0,0.0,4274.358887,4264.871582,4810.128418,4354.102539,4253.461426,4277.179688,4272.307617,4290.512695,4279.871582,4267.05127,4572.94873,4551.922852,4412.563965,4512.436035,,,,,,,,,,,,,,,,,,,,,,,,,,,,,,,,,,,,,,,,,,,,,,,,,,,,,,,,,,,,,,,,,,,,,,
1769161670.960725,1769161670.960827,14.0,0.0,4274.743652,4271.922852,4811.153809,4357.05127,4245.256348,4278.077148,4279.871582,4287.692383,4277.05127,4265.256348,4572.436035,4552.692383,4416.282227,4510.897461,0.819705,0.672204,0.154882,0.204455,0.174091,0.63156,0.36538,0.082609,0.136053,0.058676,0.483452,0.272909,0.126051,0.131895,0.106385,0.513807,0.244537,0.25266,0.158183,0.068591,0.224867,0.208445,0.093832,0.054126,0.029818,0.233856,0.268618,0.093364,0.161137,0.110057,0.102495,0.269224,0.147615,0.198636,0.18115,0.834815,0.186173,0.070922,0.066897,0.069564,0.464077,0.652915,0.195768,0.127544,0.083327,0.424533,0.735526,0.230795,0.193901,0.140089,0.519827,0.453911,0.415425,0.274654,0.164437,1.092149,0.538839,0.099772,0.323564,0.167236,1.149951,0.656018,0.261412,0.212537,0.131477,1.467478,0.705089,0.173725,0.216888,0.161997
1769161670.968533,1769161670.968636,15.0,0.0,4268.589844,4274.358887,4809.102539,4359.487305,4252.820313,4273.589844,4273.205078,4282.94873,4277.563965,4270.128418,4574.871582,4547.820313,4422.179688,4506.922852,,,,,,,,,,,,,,,,,,,,,,,,,,,,,,,,,,,,,,,,,,,,,,,,,,,,,,,,,,,,,,,,,,,,,,
1769161670.976342,1769161670.976644,16.0,0.0,4275.769043,4277.307617,4812.692383,4363.717773,4263.589844,4264.230957,4261.794922,4280.512695,4278.205078,4277.820313,4581.153809,4550.512695,4427.563965,4513.589844,,,,,,,,,,,,,,,,,,,,,,,,,,,,,,,,,,,,,,,,,,,,,,,,,,,,,,,,,,,,,,,,,,,,,,
1769161670.98415,1769161670.984453,17.0,0.0,4282.307617,4280.256348,4817.563965,4367.820313,4260.512695,4261.282227,4263.077148,4284.230957,4278.974121,4280.512695,4586.282227,4558.333496,4430.384766,4525.769043,,,,,,,,,,,,,,,,,,,,,,,,,,,,,,,,,,,,,,,,,,,,,,,,,,,,,,,,,,,,,,,,,,,,,,
1769161670.991959,1769161670.992361,18.0,0.0,4276.538574,4280.128418,4815.384766,4366.922852,4250.512695,4264.871582,4268.846191,4290.384766,4279.102539,4274.743652,4581.282227,4551.282227,4424.102539,4521.410156,,,,,,,,,,,,,,,,,,,,,,,,,,,,,,,,,,,,,,,,,,,,,,,,,,,,,,,,,,,,,,,,,,,,,,
1769161670.999767,1769161671.000169,19.0,0.0,4273.461426,4281.538574,4812.179688,4366.025879,4250.384766,4266.538574,4269.487305,4290.512695,4277.820313,4268.077148,4571.922852,4539.358887,4413.077148,4506.025879,,,,,,,,,,,,,,,,,,,,,,,,,,,,,,,,,,,,,,,,,,,,,,,,,,,,,,,,,,,,,,,,,,,,,,
1769161671.007576,1769161671.008178,20.0,0.0,4275.641113,4281.794922,4814.487305,4370.0,4260.641113,4265.641113,4273.461426,4288.205078,4277.820313,4271.410156,4569.871582,4542.94873,4410.0,4505.897461,,,,,,,,,,,,,,,,,,,,,,,,,,,,,,,,,,,,,,,,,,,,,,,,,,,,,,,,,,,,,,,,,,,,,,
1769161671.015384,1769161671.015986,21.0,0.0,4278.589844,4279.102539,4818.717773,4371.410156,4261.666504,4267.307617,4278.461426,4290.256348,4280.769043,4277.563965,4574.230957,4553.974121,4414.871582,4516.538574,,,,,,,,,,,,,,,,,,,,,,,,,,,,,,,,,,,,,,,,,,,,,,,,,,,,,,,,,,,,,,,,,,,,,,
1769161671.023193,1769161671.023695,22.0,0.0,4277.820313,4276.025879,4816.153809,4368.205078,4251.538574,4271.794922,4277.94873,4294.743652,4280.769043,4274.743652,4574.487305,4554.102539,4413.461426,4513.846191,,,,,,,,,,,,,,,,,,,,,,,,,,,,,,,,,,,,,,,,,,,,,,,,,,,,,,,,,,,,,,,,,,,,,,
1769161671.031001,1769161671.031503,23.0,0.0,4272.436035,4274.358887,4810.0,4366.538574,4251.666504,4275.897461,4279.230957,4295.641113,4278.205078,4272.692383,4570.897461,4548.717773,4409.487305,4507.436035,,,,,,,,,,,,,,,,,,,,,,,,,,,,,,,,,,,,,,,,,,,,,,,,,,,,,,,,,,,,,,,,,,,,,,
1769161671.038809,1769161671.039112,24.0,0.0,4274.487305,4277.94873,4816.153809,4372.820313,4264.743652,4276.922852,4282.307617,4295.641113,4284.487305,4277.820313,4577.05127,4552.94873,4418.974121,4516.025879,,,,,,,,,,,,,,,,,,,,,,,,,,,,,,,,,,,,,,,,,,,,,,,,,,,,,,,,,,,,,,,,,,,,,,
1769161671.046618,1769161671.04692,25.0,0.0,4282.179688,4282.179688,4829.615234,4378.333496,4266.282227,4272.820313,4282.05127,4294.358887,4294.102539,4281.794922,4589.230957,4564.230957,4431.282227,4527.179688,,,,,,,,,,,,,,,,,,,,,,,,,,,,,,,,,,,,,,,,,,,,,,,,,,,,,,,,,,,,,,,,,,,,,,
1769161671.054426,1769161671.054629,26.0,0.0,4280.769043,4277.179688,4828.846191,4375.128418,4253.205078,4268.717773,4281.025879,4295.512695,4288.974121,4280.897461,4592.05127,4567.820313,4431.153809,4528.205078,,,,,,,,,,,,,,,,,,,,,,,,,,,,,,,,,,,,,,,,,,,,,,,,,,,,,,,,,,,,,,,,,,,,,,
1769161671.062235,1769161671.062437,27.0,0.0,4271.153809,4267.563965,4817.179688,4371.666504,4248.846191,4267.692383,4281.282227,4296.666504,4278.974121,4273.846191,4581.794922,4554.487305,4421.538574,4521.922852,,,,,,,,,,,,,,,,,,,,,,,,,,,,,,,,,,,,,,,,,,,,,,,,,,,,,,,,,,,,,,,,,,,,,,
1769161671.070043,1769161671.070445,28.0,0.0,4265.0,4263.461426,4810.641113,4370.897461,4250.512695,4263.077148,4278.846191,4287.436035,4274.743652,4264.358887,4570.0,4538.717773,4411.666504,4510.384766,,,,,,,,,,,,,,,,,,,,,,,,,,,,,,,,,,,,,,,,,,,,,,,,,,,,,,,,,,,,,,,,,,,,,,
1769161671.077852,1769161671.078254,29.0,0.0,4263.205078,4263.974121,4810.384766,4370.769043,4245.384766,4258.589844,4273.461426,4276.922852,4270.641113,4261.538574,4566.025879,4537.05127,4406.922852,4503.846191,,,,,,,,,,,,,,,,,,,,,,,,,,,,,,,,,,,,,,,,,,,,,,,,,,,,,,,,,,,,,,,,,,,,,,
1769161671.08566,1769161671.086162,30.0,0.0,4263.333496,4263.974121,4811.794922,4371.538574,4242.307617,4261.410156,4266.794922,4278.205078,4267.94873,4264.230957,4567.179688,4539.871582,4403.205078,4507.820313,0.817955,0.706032,0.201554,0.21698,0.1645,0.53196,0.390274,0.079685,0.128843,0.050363,0.347794,0.299985,0.152422,0.14654,0.100649,0.416368,0.242032,0.241093,0.16946,0.066925,0.185444,0.217852,0.094504,0.057651,0.029051,0.200005,0.258744,0.113096,0.141631,0.110835,0.095128,0.284101,0.182305,0.188464,0.186828,0.72711,0.152074,0.073654,0.067338,0.05636,0.469424,0.773892,0.199301,0.146366,0.083642,0.472802,0.885225,0.257443,0.206162,0.126005,0.516368,0.564937,0.451501,0.297631,0.142337,0.897771,0.50232,0.110831,0.346851,0.143996,1.089272,0.830176,0.268572,0.218241,0.12735,1.265235,0.771403,0.197484,0.231632,0.168766
1769161671.093469,1769161671.093971,31.0,0.0,4264.358887,4262.692383,4813.333496,4372.563965,4243.974121,4262.820313,4263.333496,4280.769043,4269.102539,4263.205078,4564.487305,4536.922852,4399.102539,4507.94873,,,,,,,,,,,,,,,,,,,,,,,,,,,,,,,,,,,,,,,,,,,,,,,,,,,,,,,,,,,,,,,,,,,,,,
1769161671.101277,1769161671.101579,32.0,0.0,4262.307617,4261.794922,4811.922852,4374.358887,4243.846191,4260.384766,4270.641113,4278.333496,4266.666504,4260.256348,4557.692383,4533.717773,4395.512695,4501.538574,,,,,,,,,,,,,,,,,,,,,,,,,,,,,,,,,,,,,,,,,,,,,,,,,,,,,,,,,,,,,,,,,,,,,,
1769161671.109085,1769161671.109388,33.0,0.0,4259.487305,4262.820313,4810.0,4379.102539,4245.256348,4261.666504,4278.077148,4278.974121,4262.563965,4260.256348,4555.897461,4537.179688,4392.179688,4500.897461,,,,,,,,,,,,,,,,,,,,,,,,,,,,,,,,,,,,,,,,,,,,,,,,,,,,,,,,,,,,,,,,,,,,,,
1769161671.116894,1769161671.117096,34.0,0.0,4260.641113,4265.512695,4811.410156,4382.05127,4250.384766,4263.077148,4271.538574,4280.256348,4263.461426,4260.897461,4557.820313,4541.282227,4391.794922,4505.512695,,,,,,,,,,,,,,,,,,,,,,,,,,,,,,,,,,,,,,,,,,,,,,,,,,,,,,,,,,,,,,,,,,,,,,
1769161671.124702,1769161671.124905,35.0,0.0,4263.333496,4266.922852,4812.307617,4383.589844,4251.410156,4262.563965,4265.384766,4278.461426,4265.0,4259.871582,4560.769043,4539.102539,4398.461426,4507.179688,,,,,,,,,,,,,,,,,,,,,,,,,,,,,,,,,,,,,,,,,,,,,,,,,,,,,,,,,,,,,,,,,,,,,,
1769161671.132511,1769161671.132513,36.0,0.0,4263.717773,4266.666504,4811.025879,4388.589844,4250.256348,4262.179688,4269.615234,4278.974121,4264.871582,4259.358887,4565.769043,4536.922852,4405.256348,4509.230957,,,,,,,,,,,,,,,,,,,,,,,,,,,,,,,,,,,,,,,,,,,,,,,,,,,,,,,,,,,,,,,,,,,,,,
1769161671.140319,1769161671.140322,37.0,0.0,4265.128418,4266.410156,4812.563965,4393.461426,4250.769043,4262.179688,4270.256348,4280.512695,4266.794922,4262.05127,4570.897461,4541.666504,4406.282227,4513.974121,,,,,,,,,,,,,,,,,,,,,,,,,,,,,,,,,,,,,,,,,,,,,,,,,,,,,,,,,,,,,,,,,,,,,,
1769161671.148128,1769161671.14823,38.0,0.0,4264.743652,4266.922852,4812.94873,4395.256348,4250.897461,4263.974121,4264.230957,4279.615234,4266.666504,4263.461426,4572.307617,4544.615234,4402.94873,4512.820313,,,,,,,,,,,,,,,,,,,,,,,,,,,,,,,,,,,,,,,,,,,,,,,,,,,,,,,,,,,,,,,,,,,,,,
1769161671.155936,1769161671.156039,39.0,0.0,4263.974121,4268.333496,4807.563965,4395.769043,4250.512695,4265.0,4262.820313,4277.179688,4264.102539,4262.436035,4567.94873,4540.0,4403.333496,4507.94873,,,,,,,,,,,,,,,,,,,,,,,,,,,,,,,,,,,,,,,,,,,,,,,,,,,,,,,,,,,,,,,,,,,,,,
1769161671.163745,1769161671.164047,40.0,0.0,4263.589844,4267.05127,4804.743652,4395.769043,4250.512695,4264.102539,4265.641113,4277.436035,4264.230957,4262.94873,4563.974121,4537.05127,4408.333496,4507.692383,,,,,,,,,,,,,,,,,,,,,,,,,,,,,,,,,,,,,,,,,,,,,,,,,,,,,,,,,,,,,,,,,,,,,,
1769161671.171553,1769161671.171855,41.0,0.0,4263.461426,4266.410156,4810.256348,4400.769043,4250.512695,4266.025879,4267.436035,4282.436035,4268.974121,4263.461426,4566.282227,4541.410156,4410.512695,4510.384766,,,,,,,,,,,,,,,,,,,,,,,,,,,,,,,,,,,,,,,,,,,,,,,,,,,,,,,,,,,,,,,,,,,,,,
1769161671.179361,1769161671.179764,42.0,0.0,4269.615234,4271.538574,4814.358887,4408.717773,4250.512695,4264.487305,4265.256348,4280.641113,4267.05127,4263.461426,4568.333496,4543.461426,4406.282227,4510.641113,,,,,,,,,,,,,,,,,,,,,,,,,,,,,,,,,,,,,,,,,,,,,,,,,,,,,,,,,,,,,,,,,,,,,,
1769161671.18717,1769161671.187572,43.0,0.0,4273.974121,4275.897461,4812.820313,4412.563965,4250.512695,4262.05127,4262.563965,4276.794922,4264.487305,4262.563965,4562.692383,4538.974121,4401.666504,4508.974121,,,,,,,,,,,,,,,,,,,,,,,,,,,,,,,,,,,,,,,,,,,,,,,,,,,,,,,,,,,,,,,,,,,,,,
1769161671.194979,1769161671.19558,44.0,0.0,4265.128418,4272.563965,4810.641113,4410.769043,4250.512695,4271.282227,4273.974121,4286.794922,4272.05127,4261.922852,4560.384766,4535.384766,4397.563965,4506.153809,,,,,,,,,,,,,,,,,,,,,,,,,,,,,,,,,,,,,,,,,,,,,,,,,,,,,,,,,,,,,,,,,,,,,,
1769161671.202787,1769161671.203389,45.0,0.0,4258.589844,4271.538574,4809.102539,4410.897461,4250.512695,4275.256348,4284.358887,4292.692383,4273.717773,4261.922852,4565.384766,4537.05127,4397.820313,4502.94873,,,,,,,,,,,,,,,,,,,,,,,,,,,,,,,,,,,,,,,,,,,,,,,,,,,,,,,,,,,,,,,,,,,,,,
1769161671.210595,1769161671.211097,46.0,0.0,4269.743652,4278.333496,4810.641113,4420.769043,4250.512695,4265.128418,4268.717773,4280.512695,4264.230957,4262.94873,4568.846191,4538.333496,4406.538574,4507.179688,0.784587,0.740879,0.262162,0.233047,0.149849,0.429712,0.482681,0.09234,0.126673,0.052616,0.455748,0.318656,0.1917,0.16799,0.0975,0.367835,0.248828,0.225607,0.175002,0.067108,0.154732,0.227004,0.096368,0.062236,0.034521,0.172996,0.250821,0.136126,0.12383,0.112158,0.10656,0.28829,0.208707,0.175045,0.187086,0.580251,0.137174,0.076573,0.065262,0.04839,0.486337,0.85096,0.20066,0.162118,0.094162,0.497343,0.996742,0.291223,0.199689,0.117897,0.577841,0.692935,0.46094,0.305693,0.121867,0.748538,0.485293,0.125488,0.349371,0.129375,1.028247,1.004395,0.27007,0.21644,0.127228,1.031556,0.856098,0.224645,0.232542,0.165226
1769161671.218404,1769161671.218906,47.0,0.0,4279.743652,4275.384766,4813.077148,4426.538574,4250.512695,4261.794922,4257.563965,4275.256348,4266.025879,4264.743652,4567.820313,4539.102539,4412.307617,4516.410156,,,,,,,,,,,,,,,,,,,,,,,,,,,,,,,,,,,,,,,,,,,,,,,,,,,,,,,,,,,,,,,,,,,,,,
1769161671.226212,1769161671.226514,48.0,0.0,4277.820313,4266.153809,4811.922852,4420.512695,4250.512695,4269.358887,4270.0,4282.820313,4276.410156,4264.358887,4569.358887,4546.410156,4411.922852,4522.436035,,,,,,,,,,,,,,,,,,,,,,,,,,,,,,,,,,,,,,,,,,,,,,,,,,,,,,,,,,,,,,,,,,,,,,
1769161671.234021,1769161671.234323,49.0,0.0,4276.666504,4270.128418,4811.282227,4420.384766,4250.512695,4268.077148,4272.692383,4282.94873,4278.589844,4267.94873,4578.077148,4555.128418,4414.615234,4524.487305,,,,,,,,,,,,,,,,,,,,,,,,,,,,,,,,,,,,,,,,,,,,,,,,,,,,,,,,,,,,,,,,,,,,,,
1769161671.241829,1769161671.242031,50.0,0.0,4279.102539,4278.333496,4811.410156,4429.871582,4250.512695,4260.897461,4260.512695,4280.128418,4278.589844,4274.102539,4582.05127,4555.256348,4417.436035,4524.358887,,,,,,,,,,,,,,,,,,,,,,,,,,,,,,,,,,,,,,,,,,,,,,,,,,,,,,,,,,,,,,,,,,,,,,
1769161671.249638,1769161671.24984,51.0,0.0,4278.589844,4275.384766,4808.717773,4429.102539,4250.512695,4261.538574,4261.666504,4282.179688,4280.0,4270.897461,4574.102539,4550.512695,4415.128418,4523.077148,,,,,,,,,,,,,,,,,,,,,,,,,,,,,,,,,,,,,,,,,,,,,,,,,,,,,,,,,,,,,,,,,,,,,,
1769161671.257446,1769161671.257448,52.0,0.0,4276.538574,4271.025879,4809.102539,4423.974121,4250.512695,4263.461426,4265.256348,4281.025879,4276.922852,4262.820313,4568.333496,4549.487305,4410.897461,4522.179688,,,,,,,,,,,,,,,,,,,,,,,,,,,,,,,,,,,,,,,,,,,,,,,,,,,,,,,,,,,,,,,,,,,,,,
1769161671.265255,1769161671.265257,53.0,0.0,4279.743652,4273.333496,4812.307617,4429.358887,4250.512695,4264.102539,4264.230957,4282.820313,4277.820313,4263.333496,4572.05127,4551.666504,4411.153809,4522.436035,,,,,,,,,,,,,,,,,,,,,,,,,,,,,,,,,,,,,,,,,,,,,,,,,,,,,,,,,,,,,,,,,,,,,,
1769161671.273063,1769161671.273165,54.0,0.0,4282.563965,4273.974121,4811.410156,4434.487305,4250.512695,4266.153809,4271.282227,4290.256348,4281.794922,4266.922852,4573.846191,4555.128418,4413.589844,4523.333496,,,,,,,,,,,,,,,,,,,,,,,,,,,,,,,,,,,,,,,,,,,,,,,,,,,,,,,,,,,,,,,,,,,,,,
1769161671.280872,1769161671.280974,55.0,0.0,4280.256348,4275.256348,4811.922852,4437.692383,4250.769043,4267.307617,4272.436035,4293.333496,4283.333496,4266.666504,4572.94873,4556.666504,4413.589844,4525.897461,,,,,,,,,,,,,,,,,,,,,,,,,,,,,,,,,,,,,,,,,,,,,,,,,,,,,,,,,,,,,,,,,,,,,,
1769161671.28868,1769161671.288982,56.0,0.0,4276.794922,4275.0,4812.05127,4436.794922,4250.512695,4264.615234,4263.974121,4287.820313,4282.307617,4265.641113,4571.666504,4550.0,4410.769043,4520.897461,,,,,,,,,,,,,,,,,,,,,,,,,,,,,,,,,,,,,,,,,,,,,,,,,,,,,,,,,,,,,,,,,,,,,,
1769161671.296488,1769161671.29679,57.0,0.0,4277.436035,4268.461426,4804.487305,4434.871582,4250.128418,4262.563965,4263.974121,4281.282227,4276.410156,4262.436035,4566.666504,4540.256348,4408.846191,4506.666504,,,,,,,,,,,,,,,,,,,,,,,,,,,,,,,,,,,,,,,,,,,,,,,,,,,,,,,,,,,,,,,,,,,,,,
1769161671.304297,1769161671.304499,58.0,0.0,4279.743652,4265.384766,4797.692383,4440.384766,4251.025879,4263.333496,4266.282227,4278.846191,4271.410156,4259.871582,4565.769043,4536.153809,4410.256348,4507.307617,,,,,,,,,,,,,,,,,,,,,,,,,,,,,,,,,,,,,,,,,,,,,,,,,,,,,,,,,,,,,,,,,,,,,,
1769161671.312105,1769161671.312307,59.0,0.0,4277.692383,4268.846191,4797.820313,4443.205078,4250.128418,4263.846191,4262.563965,4279.102539,4274.871582,4260.897461,4568.333496,4541.153809,4411.794922,4517.563965,,,,,,,,,,,,,,,,,,,,,,,,,,,,,,,,,,,,,,,,,,,,,,,,,,,,,,,,,,,,,,,,,,,,,,
1769161671.319914,1769161671.319916,60.0,0.0,4275.897461,4270.641113,4796.282227,4436.153809,4247.436035,4265.0,4263.333496,4277.820313,4278.846191,4262.179688,4567.692383,4548.846191,4412.05127,4516.666504,,,,,,,,,,,,,,,,,,,,,,,,,,,,,,,,,,,,,,,,,,,,,,,,,,,,,,,,,,,,,,,,,,,,,,
1769161671.327722,1769161671.327725,61.0,0.0,4277.820313,4273.205078,4795.128418,4435.512695,4248.717773,4262.692383,4267.436035,4280.0,4278.717773,4264.615234,4569.743652,4553.461426,4413.974121,4516.410156,,,,,,,,,,,,,,,,,,,,,,,,,,,,,,,,,,,,,,,,,,,,,,,,,,,,,,,,,,,,,,,,,,,,,,
1769161671.335531,1769161671.335433,62.0,0.0,4279.358887,4279.487305,4798.589844,4446.794922,4252.05127,4260.0,4265.0,4284.358887,4279.230957,4266.282227,4573.333496,4555.897461,4415.769043,4525.128418,0.722664,0.774527,0.332439,0.246041,0.136692,0.35555,0.624174,0.123255,0.130554,0.065267,0.490382,0.324342,0.243153,0.190452,0.100723,0.389637,0.267393,0.21397,0.171077,0.067783,0.151521,0.235097,0.096642,0.067259,0.047986,0.155037,0.249133,0.160756,0.11236,0.11423,0.15051,0.292212,0.220489,0.164535,0.186176,0.438154,0.140891,0.078976,0.061648,0.044713,0.515622,0.872705,0.20361,0.168619,0.109486,0.507168,1.047104,0.329078,0.179265,0.115169,0.68438,0.81118,0.456112,0.296531,0.107377,0.699142,0.492983,0.156737,0.334185,0.128637,0.972145,1.147597,0.281115,0.20648,0.132127,0.828727,0.946856,0.262246,0.217494,0.15662
1769161671.343339,1769161671.343242,63.0,0.0,4279.230957,4280.897461,4798.333496,4449.487305,4252.94873,4261.666504,4265.0,4283.589844,4280.641113,4265.384766,4573.974121,4557.563965,4415.0,4527.436035,,,,,,,,,,,,,,,,,,,,,,,,,,,,,,,,,,,,,,,,,,,,,,,,,,,,,,,,,,,,,,,,,,,,,,
1769161671.351148,1769161671.35125,64.0,0.0,4277.563965,4272.05127,4794.743652,4445.512695,4252.563965,4264.743652,4275.128418,4283.974121,4280.0,4264.615234,4572.820313,4555.897461,4413.333496,4524.358887,,,,,,,,,,,,,,,,,,,,,,,,,,,,,,,,,,,,,,,,,,,,,,,,,,,,,,,,,,,,,,,,,,,,,,
1769161671.358956,1769161671.359058,65.0,0.0,4274.743652,4265.512695,4793.974121,4444.743652,4251.025879,4265.128418,4280.384766,4287.820313,4278.333496,4264.743652,4572.94873,4551.922852,4411.153809,4525.641113,,,,,,,,,,,,,,,,,,,,,,,,,,,,,,,,,,,,,,,,,,,,,,,,,,,,,,,,,,,,,,,,,,,,,,
1769161671.366764,1769161671.366967,66.0,0.0,4276.153809,4269.871582,4796.922852,4443.846191,4249.102539,4263.333496,4268.589844,4289.358887,4278.333496,4265.769043,4576.794922,4554.358887,4411.410156,4525.0,,,,,,,,,,,,,,,,,,,,,,,,,,,,,,,,,,,,,,,,,,,,,,,,,,,,,,,,,,,,,,,,,,,,,,
1769161671.374573,1769161671.374775,67.0,0.0,4281.153809,4277.307617,4796.153809,4449.615234,4250.897461,4262.307617,4259.871582,4289.102539,4280.769043,4267.820313,4582.05127,4557.692383,4415.128418,4524.871582,,,,,,,,,,,,,,,,,,,,,,,,,,,,,,,,,,,,,,,,,,,,,,,,,,,,,,,,,,,,,,,,,,,,,,
1769161671.382381,1769161671.382783,68.0,0.0,4280.769043,4279.230957,4788.333496,4458.333496,4253.077148,4263.077148,4267.820313,4289.743652,4280.512695,4267.820313,4582.692383,4555.128418,4419.487305,4528.974121,,,,,,,,,,,,,,,,,,,,,,,,,,,,,,,,,,,,,,,,,,,,,,,,,,,,,,,,,,,,,,,,,,,,,,
1769161671.39019,1769161671.390592,69.0,0.0,4276.922852,4278.333496,4784.102539,4459.871582,4252.820313,4264.358887,4276.410156,4287.94873,4277.436035,4266.025879,4579.743652,4552.820313,4420.256348,4527.94873,,,,,,,,,,,,,,,,,,,,,,,,,,,,,,,,,,,,,,,,,,,,,,,,,,,,,,,,,,,,,,,,,,,,,,
1769161671.397998,1769161671.3984,70.0,0.0,4277.307617,4279.230957,4786.538574,4458.589844,4252.436035,4263.589844,4275.897461,4287.563965,4278.077148,4266.666504,4580.641113,4554.487305,4417.05127,4524.102539,,,,,,,,,,,,,,,,,,,,,,,,,,,,,,,,,,,,,,,,,,,,,,,,,,,,,,,,,,,,,,,,,,,,,,
1769161671.405807,1769161671.406209,71.0,0.0,4279.871582,4279.871582,4784.743652,4458.077148,4251.922852,4262.436035,4276.153809,4291.410156,4279.358887,4266.794922,4578.205078,4553.589844,4413.717773,4524.358887,,,,,,,,,,,,,,,,,,,,,,,,,,,,,,,,,,,,,,,,,,,,,,,,,,,,,,,,,,,,,,,,,,,,,,
1769161671.413615,1769161671.413817,72.0,0.0,4278.974121,4280.128418,4780.769043,4457.94873,4250.897461,4263.974121,4277.820313,4291.922852,4276.538574,4262.307617,4572.436035,4550.897461,4412.820313,4525.0,,,,,,,,,,,,,,,,,,,,,,,,,,,,,,,,,,,,,,,,,,,,,,,,,,,,,,,,,,,,,,,,,,,,,,
1769161671.421424,1769161671.421626,73.0,0.0,4279.871582,4278.333496,4784.102539,4459.615234,4251.025879,4263.205078,4277.692383,4292.307617,4275.769043,4264.358887,4576.153809,4553.461426,4413.205078,4523.077148,,,,,,,,,,,,,,,,,,,,,,,,,,,,,,,,,,,,,,,,,,,,,,,,,,,,,,,,,,,,,,,,,,,,,,
1769161671.429232,1769161671.429334,74.0,0.0,4275.769043,4273.205078,4783.205078,4454.230957,4251.153809,4261.410156,4279.487305,4295.641113,4280.0,4272.692383,4582.94873,4557.179688,4411.666504,4522.692383,,,,,,,,,,,,,,,,,,,,,,,,,,,,,,,,,,,,,,,,,,,,,,,,,,,,,,,,,,,,,,,,,,,,,,
1769161671.43704,1769161671.437143,75.0,0.0,4267.05127,4271.794922,4777.05127,4445.384766,4250.897461,4263.717773,4279.230957,4297.436035,4282.94873,4277.94873,4582.563965,4557.692383,4412.436035,4523.077148,,,,,,,,,,,,,,,,,,,,,,,,,,,,,,,,,,,,,,,,,,,,,,,,,,,,,,,,,,,,,,,,,,,,,,
1769161671.444849,1769161671.444751,76.0,0.0,4271.025879,4276.282227,4780.0,4453.589844,4250.769043,4262.436035,4273.333496,4295.384766,4281.538574,4274.102539,4579.615234,4556.153809,4414.743652,4522.436035,,,,,,,,,,,,,,,,,,,,,,,,,,,,,,,,,,,,,,,,,,,,,,,,,,,,,,,,,,,,,,,,,,,,,,
1769161671.452657,1769161671.45256,77.0,0.0,4278.333496,4277.820313,4780.128418,4458.589844,4250.641113,4258.461426,4274.743652,4293.333496,4279.102539,4268.333496,4577.05127,4555.128418,4408.974121,4521.282227,,,,,,,,,,,,,,,,,,,,,,,,,,,,,,,,,,,,,,,,,,,,,,,,,,,,,,,,,,,,,,,,,,,,,,
1769161671.460466,1769161671.460268,78.0,0.0,4273.461426,4274.615234,4772.563965,4448.333496,4251.025879,4260.512695,4279.487305,4293.077148,4278.717773,4268.974121,4576.282227,4555.769043,4405.384766,4521.922852,0.637035,0.793662,0.402582,0.250262,0.130066,0.320843,0.76597,0.169781,0.139773,0.084842,0.554963,0.319616,0.302005,0.209085,0.110948,0.414227,0.292234,0.212287,0.157461,0.067646,0.172533,0.241957,0.094894,0.072216,0.069486,0.148545,0.259725,0.186064,0.107138,0.116712,0.228657,0.314616,0.221088,0.161459,0.188694,0.34884,0.157292,0.084099,0.058807,0.044041,0.559415,0.846335,0.211888,0.165079,0.122819,0.520597,1.027779,0.364111,0.154022,0.115471,0.797514,0.906711,0.455455,0.273302,0.101066,0.749863,0.530293,0.211414,0.309015,0.142624,0.928341,1.261108,0.316799,0.192303,0.140794,0.694683,1.02567,0.312127,0.193021,0.150525
1769161671.468274,1769161671.468077,79.0,0.0,4272.307617,4273.461426,4775.384766,4449.358887,4252.820313,4264.230957,4274.487305,4292.563965,4280.128418,4271.538574,4581.025879,4556.794922,4410.128418,4523.461426,,,,,,,,,,,,,,,,,,,,,,,,,,,,,,,,,,,,,,,,,,,,,,,,,,,,,,,,,,,,,,,,,,,,,,
1769161671.476083,1769161671.476085,80.0,0.0,4279.615234,4273.205078,4780.384766,4460.0,4252.692383,4262.436035,4269.102539,4292.692383,4279.743652,4268.077148,4580.897461,4556.666504,4410.512695,4518.717773,,,,,,,,,,,,,,,,,,,,,,,,,,,,,,,,,,,,,,,,,,,,,,,,,,,,,,,,,,,,,,,,,,,,,,
1769161671.483891,1769161671.483893,81.0,0.0,4277.820313,4273.461426,4773.974121,4459.615234,4251.794922,4258.205078,4270.384766,4291.025879,4272.94873,4262.563965,4570.384766,4554.358887,4404.743652,4513.846191,,,,,,,,,,,,,,,,,,,,,,,,,,,,,,,,,,,,,,,,,,,,,,,,,,,,,,,,,,,,,,,,,,,,,,
1769161671.4917,1769161671.491802,82.0,0.0,4275.256348,4277.179688,4771.794922,4457.436035,4255.0,4258.461426,4272.820313,4290.384766,4271.410156,4264.230957,4571.410156,4553.717773,4408.333496,4519.871582,,,,,,,,,,,,,,,,,,,,,,,,,,,,,,,,,,,,,,,,,,,,,,,,,,,,,,,,,,,,,,,,,,,,,,
1769161671.499508,1769161671.49961,83.0,0.0,4281.666504,4281.410156,4780.897461,4462.05127,4260.128418,4262.563965,4277.05127,4294.358887,4276.153809,4266.282227,4581.153809,4557.563965,4415.128418,4529.871582,,,,,,,,,,,,,,,,,,,,,,,,,,,,,,,,,,,,,,,,,,,,,,,,,,,,,,,,,,,,,,,,,,,,,,
1769161671.507316,1769161671.507219,84.0,0.0,4282.692383,4280.769043,4780.128418,4462.563965,4260.0,4264.230957,4278.974121,4293.589844,4271.282227,4263.589844,4576.794922,4558.077148,4408.846191,4529.871582,,,,,,,,,,,,,,,,,,,,,,,,,,,,,,,,,,,,,,,,,,,,,,,,,,,,,,,,,,,,,,,,,,,,,,
1769161671.515125,1769161671.515027,85.0,0.0,4280.384766,4277.563965,4770.512695,4459.871582,4256.794922,4263.974121,4279.358887,4289.487305,4265.641113,4262.179688,4567.307617,4553.077148,4403.333496,4521.922852,,,,,,,,,,,,,,,,,,,,,,,,,,,,,,,,,,,,,,,,,,,,,,,,,,,,,,,,,,,,,,,,,,,,,,
1769161671.522933,1769161671.522736,86.0,0.0,4280.256348,4276.922852,4770.641113,4459.358887,4258.589844,4262.820313,4280.512695,4291.282227,4272.692383,4263.333496,4572.94873,4552.436035,4409.871582,4523.461426,,,,,,,,,,,,,,,,,,,,,,,,,,,,,,,,,,,,,,,,,,,,,,,,,,,,,,,,,,,,,,,,,,,,,,
1769161671.530742,1769161671.530544,87.0,0.0,4281.538574,4278.974121,4774.487305,4460.641113,4260.0,4254.615234,4270.769043,4288.333496,4277.307617,4265.0,4583.333496,4556.666504,4416.410156,4534.615234,,,,,,,,,,,,,,,,,,,,,,,,,,,,,,,,,,,,,,,,,,,,,,,,,,,,,,,,,,,,,,,,,,,,,,
1769161671.53855,1769161671.538553,88.0,0.0,4286.410156,4281.153809,4770.897461,4462.820313,4257.820313,4245.384766,4261.410156,4278.974121,4271.922852,4263.461426,4582.563965,4554.743652,4415.384766,4540.0,,,,,,,,,,,,,,,,,,,,,,,,,,,,,,,,,,,,,,,,,,,,,,,,,,,,,,,,,,,,,,,,,,,,,,
1769161671.546359,1769161671.546361,89.0,0.0,4289.487305,4281.153809,4767.307617,4463.077148,4259.230957,4248.461426,4272.307617,4279.230957,4272.563965,4264.743652,4579.487305,4551.153809,4414.102539,4535.128418,,,,,,,,,,,,,,,,,,,,,,,,,,,,,,,,,,,,,,,,,,,,,,,,,,,,,,,,,,,,,,,,,,,,,,
1769161671.554167,1769161671.554269,90.0,0.0,4284.358887,4281.025879,4766.410156,4462.179688,4262.307617,4254.358887,4275.384766,4285.0,4279.358887,4269.871582,4583.077148,4552.94873,4415.897461,4528.333496,,,,,,,,,,,,,,,,,,,,,,,,,,,,,,,,,,,,,,,,,,,,,,,,,,,,,,,,,,,,,,,,,,,,,,
1769161671.561976,1769161671.562078,91.0,0.0,4278.589844,4280.384766,4763.461426,4461.794922,4260.0,4252.05127,4265.769043,4281.666504,4280.0,4269.102539,4583.846191,4554.230957,4414.102539,4526.922852,,,,,,,,,,,,,,,,,,,,,,,,,,,,,,,,,,,,,,,,,,,,,,,,,,,,,,,,,,,,,,,,,,,,,,
1769161671.569784,1769161671.570086,92.0,0.0,4279.615234,4282.307617,4763.589844,4462.307617,4257.692383,4249.358887,4271.153809,4277.94873,4275.769043,4263.589844,4579.743652,4554.871582,4414.102539,4530.384766,,,,,,,,,,,,,,,,,,,,,,,,,,,,,,,,,,,,,,,,,,,,,,,,,,,,,,,,,,,,,,,,,,,,,,
1769161671.577592,1769161671.577894,93.0,0.0,4279.871582,4277.692383,4765.641113,4461.153809,4261.538574,4257.307617,4281.794922,4284.743652,4274.230957,4262.05127,4577.436035,4550.769043,4416.025879,4530.769043,,,,,,,,,,,,,,,,,,,,,,,,,,,,,,,,,,,,,,,,,,,,,,,,,,,,,,,,,,,,,,,,,,,,,,
1769161671.585401,1769161671.585803,94.0,0.0,4274.871582,4266.794922,4756.666504,4458.974121,4263.717773,4265.128418,4279.102539,4291.794922,4277.436035,4261.025879,4571.794922,4542.94873,4411.025879,4522.563965,0.548245,0.782117,0.456889,0.243583,0.13106,0.332239,0.852034,0.223704,0.151964,0.105462,0.606204,0.30333,0.354028,0.219304,0.124758,0.485258,0.311876,0.2201,0.137851,0.066734,0.210526,0.247229,0.090975,0.076394,0.095747,0.156846,0.285637,0.20987,0.104434,0.118551,0.324974,0.362433,0.220111,0.165495,0.197265,0.335282,0.181586,0.098782,0.05936,0.045906,0.612742,0.786267,0.226708,0.155394,0.129173,0.554849,0.946587,0.390259,0.132896,0.115961,0.877071,0.974254,0.472445,0.24261,0.102276,0.851959,0.597704,0.282909,0.282654,0.166199,0.892142,1.355479,0.382568,0.17884,0.149714,0.625819,1.075636,0.366646,0.169715,0.151807
1769161671.593209,1769161671.593611,95.0,0.0,4274.358887,4267.94873,4748.589844,4459.615234,4261.538574,4257.692383,4277.436035,4294.230957,4280.641113,4263.461426,4568.077148,4545.256348,4409.102539,4517.820313,,,,,,,,,,,,,,,,,,,,,,,,,,,,,,,,,,,,,,,,,,,,,,,,,,,,,,,,,,,,,,,,,,,,,,
1769161671.601018,1769161671.60162,96.0,0.0,4278.461426,4277.307617,4758.717773,4460.641113,4258.333496,4246.666504,4280.769043,4292.94873,4283.333496,4270.769043,4580.0,4556.025879,4421.666504,4529.230957,,,,,,,,,,,,,,,,,,,,,,,,,,,,,,,,,,,,,,,,,,,,,,,,,,,,,,,,,,,,,,,,,,,,,,
1769161671.608826,1769161671.609428,97.0,0.0,4281.410156,4278.589844,4761.794922,4460.769043,4256.922852,4248.461426,4277.436035,4286.410156,4278.205078,4271.153809,4584.358887,4557.05127,4427.563965,4537.179688,,,,,,,,,,,,,,,,,,,,,,,,,,,,,,,,,,,,,,,,,,,,,,,,,,,,,,,,,,,,,,,,,,,,,,
1769161671.616635,1769161671.617137,98.0,0.0,4279.743652,4276.153809,4744.487305,4462.436035,4259.743652,4256.025879,4275.0,4283.589844,4268.974121,4263.974121,4573.205078,4546.282227,4415.384766,4529.102539,,,,,,,,,,,,,,,,,,,,,,,,,,,,,,,,,,,,,,,,,,,,,,,,,,,,,,,,,,,,,,,,,,,,,,
1769161671.624443,1769161671.624945,99.0,0.0,4277.179688,4278.717773,4736.282227,4462.563965,4262.563965,4259.358887,4280.256348,4287.820313,4271.538574,4262.179688,4575.384766,4543.589844,4411.153809,4524.358887,,,,,,,,,,,,,,,,,,,,,,,,,,,,,,,,,,,,,,,,,,,,,,,,,,,,,,,,,,,,,,,,,,,,,,
1769161671.632252,1769161671.632554,100.0,0.0,4276.922852,4280.384766,4743.717773,4461.794922,4261.922852,4258.846191,4280.512695,4285.897461,4273.333496,4263.333496,4582.820313,4545.512695,4417.05127,4527.94873,,,,,,,,,,,,,,,,,,,,,,,,,,,,,,,,,,,,,,,,,,,,,,,,,,,,,,,,,,,,,,,,,,,,,,
1769161671.64006,1769161671.640362,101.0,0.0,4278.717773,4278.974121,4743.589844,4466.666504,4259.615234,4256.025879,4277.179688,4277.820313,4264.743652,4260.897461,4574.102539,4541.410156,4413.333496,4523.205078,,,,,,,,,,,,,,,,,,,,,,,,,,,,,,,,,,,,,,,,,,,,,,,,,,,,,,,,,,,,,,,,,,,,,,
1769161671.647869,1769161671.648071,102.0,0.0,4283.846191,4279.743652,4741.922852,4473.974121,4262.820313,4252.820313,4279.230957,4280.256348,4267.820313,4263.461426,4572.436035,4544.102539,4414.230957,4522.692383,,,,,,,,,,,,,,,,,,,,,,,,,,,,,,,,,,,,,,,,,,,,,,,,,,,,,,,,,,,,,,,,,,,,,,
1769161671.655677,1769161671.655879,103.0,0.0,4290.256348,4285.0,4747.436035,4475.897461,4265.256348,4247.692383,4275.512695,4287.05127,4281.538574,4272.563965,4588.974121,4556.153809,4428.205078,4537.94873,,,,,,,,,,,,,,,,,,,,,,,,,,,,,,,,,,,,,,,,,,,,,,,,,,,,,,,,,,,,,,,,,,,,,,
1769161671.663486,1769161671.663488,104.0,0.0,4291.282227,4290.0,4746.025879,4475.512695,4264.230957,4243.077148,4266.794922,4290.897461,4281.538574,4280.769043,4595.769043,4560.0,4433.846191,4544.230957,,,,,,,,,,,,,,,,,,,,,,,,,,,,,,,,,,,,,,,,,,,,,,,,,,,,,,,,,,,,,,,,,,,,,,
1769161671.671294,1769161671.671296,105.0,0.0,4291.153809,4289.743652,4743.077148,4477.179688,4268.205078,4245.641113,4270.769043,4292.179688,4276.153809,4280.0,4590.512695,4555.897461,4430.0,4539.615234,,,,,,,,,,,,,,,,,,,,,,,,,,,,,,,,,,,,,,,,,,,,,,,,,,,,,,,,,,,,,,,,,,,,,,
1769161671.679103,1769161671.679205,106.0,0.0,4293.077148,4287.563965,4743.205078,4476.794922,4271.410156,4250.769043,4279.487305,4285.512695,4277.820313,4269.871582,4586.025879,4556.666504,4425.641113,4538.846191,,,,,,,,,,,,,,,,,,,,,,,,,,,,,,,,,,,,,,,,,,,,,,,,,,,,,,,,,,,,,,,,,,,,,,
1769161671.686911,1769161671.687013,107.0,0.0,4287.05127,4283.717773,4738.205078,4474.358887,4267.94873,4250.512695,4278.333496,4277.692383,4277.179688,4261.025879,4581.025879,4553.846191,4417.436035,4535.0,,,,,,,,,,,,,,,,,,,,,,,,,,,,,,,,,,,,,,,,,,,,,,,,,,,,,,,,,,,,,,,,,,,,,,
1769161671.694719,1769161671.695021,108.0,0.0,4281.538574,4280.512695,4734.230957,4475.769043,4266.025879,4250.128418,4276.538574,4279.358887,4275.512695,4262.820313,4581.538574,4551.922852,4417.563965,4533.461426,,,,,,,,,,,,,,,,,,,,,,,,,,,,,,,,,,,,,,,,,,,,,,,,,,,,,,,,,,,,,,,,,,,,,,
1769161671.702528,1769161671.70283,109.0,0.0,4280.512695,4279.230957,4730.897461,4471.153809,4267.94873,4256.410156,4279.615234,4285.641113,4277.94873,4268.461426,4586.666504,4554.743652,4429.358887,4538.205078,,,,,,,,,,,,,,,,,,,,,,,,,,,,,,,,,,,,,,,,,,,,,,,,,,,,,,,,,,,,,,,,,,,,,,
1769161671.710336,1769161671.710738,110.0,0.0,4269.871582,4276.922852,4721.282227,4460.512695,4266.538574,4262.94873,4280.641113,4288.077148,4279.487305,4266.538574,4584.358887,4546.025879,4426.025879,4532.05127,0.479826,0.728845,0.480283,0.227998,0.136387,0.388568,0.848318,0.27329,0.164145,0.120991,0.584201,0.279407,0.389119,0.218922,0.136458,0.478633,0.319836,0.230448,0.117702,0.067055,0.246163,0.250133,0.085016,0.078918,0.120463,0.17457,0.319776,0.230081,0.100784,0.118347,0.418996,0.422733,0.229961,0.173052,0.211565,0.387284,0.20831,0.128746,0.064482,0.050573,0.669532,0.706455,0.238026,0.144721,0.127019,0.610506,0.822883,0.396027,0.119924,0.114429,0.903901,1.012498,0.50334,0.211538,0.108553,0.938095,0.686481,0.352026,0.261604,0.190032,0.862137,1.432096,0.464311,0.170446,0.154915,0.60762,1.088284,0.40984,0.156599,0.160211
1769161671.718145,1769161671.718546,111.0,0.0,4268.846191,4276.666504,4716.922852,4463.846191,4268.846191,4264.487305,4280.512695,4288.205078,4278.717773,4264.230957,4579.358887,4537.436035,4416.153809,4523.974121,,,,,,,,,,,,,,,,,,,,,,,,,,,,,,,,,,,,,,,,,,,,,,,,,,,,,,,,,,,,,,,,,,,,,,
1769161671.725953,1769161671.726555,112.0,0.0,4285.512695,4281.410156,4723.846191,4475.769043,4272.820313,4264.102539,4280.256348,4288.205078,4278.974121,4267.05127,4582.179688,4545.897461,4424.102539,4533.717773,,,,,,,,,,,,,,,,,,,,,,,,,,,,,,,,,,,,,,,,,,,,,,,,,,,,,,,,,,,,,,,,,,,,,,
1769161671.733762,1769161671.734363,113.0,0.0,4289.102539,4283.077148,4726.025879,4476.410156,4269.358887,4259.487305,4278.846191,4284.102539,4279.743652,4267.94873,4584.230957,4550.897461,4429.102539,4542.563965,,,,,,,,,,,,,,,,,,,,,,,,,,,,,,,,,,,,,,,,,,,,,,,,,,,,,,,,,,,,,,,,,,,,,,
1769161671.74157,1769161671.742271,114.0,0.0,4278.717773,4280.897461,4720.641113,4473.717773,4266.282227,4251.282227,4275.641113,4280.0,4280.256348,4266.153809,4580.641113,4541.794922,4420.0,4537.436035,,,,,,,,,,,,,,,,,,,,,,,,,,,,,,,,,,,,,,,,,,,,,,,,,,,,,,,,,,,,,,,,,,,,,,
1769161671.749379,1769161671.75008,115.0,0.0,4277.436035,4280.256348,4714.615234,4471.666504,4266.794922,4249.743652,4275.0,4282.436035,4278.974121,4265.897461,4581.666504,4539.358887,4419.743652,4535.512695,,,,,,,,,,,,,,,,,,,,,,,,,,,,,,,,,,,,,,,,,,,,,,,,,,,,,,,,,,,,,,,,,,,,,,
1769161671.757187,1769161671.758088,116.0,0.0,4279.102539,4277.820313,4710.641113,4462.94873,4266.538574,4253.205078,4278.974121,4283.974121,4277.05127,4266.153809,4584.230957,4544.615234,4427.179688,4539.102539,,,,,,,,,,,,,,,,,,,,,,,,,,,,,,,,,,,,,,,,,,,,,,,,,,,,,,,,,,,,,,,,,,,,,,
1769161671.764995,1769161671.765897,117.0,0.0,4278.846191,4276.282227,4710.641113,4458.589844,4265.512695,4249.615234,4278.846191,4279.743652,4277.307617,4264.102539,4583.974121,4543.974121,4423.333496,4539.487305,,,,,,,,,,,,,,,,,,,,,,,,,,,,,,,,,,,,,,,,,,,,,,,,,,,,,,,,,,,,,,,,,,,,,,
1769161671.772804,1769161671.773605,118.0,0.0,4279.743652,4276.025879,4710.256348,4461.922852,4267.05127,4248.717773,4276.153809,4278.717773,4277.820313,4262.820313,4580.128418,4540.641113,4415.256348,4536.922852,,,,,,,,,,,,,,,,,,,,,,,,,,,,,,,,,,,,,,,,,,,,,,,,,,,,,,,,,,,,,,,,,,,,,,
1769161671.780612,1769161671.781414,119.0,0.0,4276.025879,4269.102539,4704.615234,4458.717773,4267.436035,4255.128418,4279.487305,4281.410156,4276.025879,4262.563965,4573.974121,4539.743652,4412.436035,4529.743652,,,,,,,,,,,,,,,,,,,,,,,,,,,,,,,,,,,,,,,,,,,,,,,,,,,,,,,,,,,,,,,,,,,,,,
1769161671.788421,1769161671.789022,120.0,0.0,4274.871582,4262.563965,4701.794922,4455.897461,4266.282227,4256.666504,4283.333496,4283.333496,4273.589844,4260.641113,4570.512695,4537.307617,4411.153809,4522.94873,,,,,,,,,,,,,,,,,,,,,,,,,,,,,,,,,,,,,,,,,,,,,,,,,,,,,,,,,,,,,,,,,,,,,,
1769161671.796229,1769161671.796831,121.0,0.0,4278.333496,4271.282227,4705.128418,4461.922852,4267.05127,4247.820313,4280.256348,4281.282227,4272.692383,4262.94873,4571.410156,4535.0,4413.717773,4525.769043,,,,,,,,,,,,,,,,,,,,,,,,,,,,,,,,,,,,,,,,,,,,,,,,,,,,,,,,,,,,,,,,,,,,,,
1769161671.804038,1769161671.804739,122.0,0.0,4278.461426,4280.384766,4703.717773,4463.846191,4267.307617,4246.922852,4279.358887,4278.846191,4272.307617,4263.717773,4573.333496,4536.922852,4412.05127,4529.615234,,,,,,,,,,,,,,,,,,,,,,,,,,,,,,,,,,,,,,,,,,,,,,,,,,,,,,,,,,,,,,,,,,,,,,
1769161671.811846,1769161671.812547,123.0,0.0,4275.897461,4273.846191,4700.641113,4460.128418,4265.641113,4259.230957,4283.205078,4278.717773,4267.436035,4253.974121,4567.820313,4538.589844,4397.436035,4521.282227,,,,,,,,,,,,,,,,,,,,,,,,,,,,,,,,,,,,,,,,,,,,,,,,,,,,,,,,,,,,,,,,,,,,,,
1769161671.819655,1769161671.820156,124.0,0.0,4277.05127,4272.05127,4704.358887,4460.128418,4263.717773,4257.820313,4282.436035,4279.230957,4264.871582,4252.307617,4563.974121,4540.384766,4395.0,4516.282227,,,,,,,,,,,,,,,,,,,,,,,,,,,,,,,,,,,,,,,,,,,,,,,,,,,,,,,,,,,,,,,,,,,,,,
1769161671.827463,1769161671.827965,125.0,0.0,4278.589844,4279.102539,4706.538574,4461.282227,4263.333496,4246.794922,4278.205078,4278.589844,4272.307617,4263.333496,4571.922852,4544.102539,4411.538574,4529.230957,,,,,,,,,,,,,,,,,,,,,,,,,,,,,,,,,,,,,,,,,,,,,,,,,,,,,,,,,,,,,,,,,,,,,,
1769161671.835271,1769161671.835673,126.0,0.0,4278.077148,4280.0,4702.05127,4462.05127,4264.358887,4253.077148,4277.94873,4279.230957,4279.871582,4265.641113,4582.436035,4544.871582,4419.743652,4540.769043,0.453987,0.63879,0.464222,0.207865,0.141039,0.477076,0.75812,0.308019,0.174389,0.127265,0.537246,0.246592,0.396089,0.208674,0.141919,0.505814,0.317751,0.232663,0.101182,0.071244,0.269355,0.247606,0.077071,0.078601,0.136389,0.193881,0.347842,0.244,0.09604,0.115635,0.489909,0.469759,0.25655,0.180704,0.228643,0.47283,0.231766,0.175341,0.072463,0.058085,0.718486,0.616079,0.233106,0.136498,0.118303,0.674969,0.679683,0.371432,0.115283,0.109637,0.882456,1.019507,0.527663,0.186374,0.11728,0.956596,0.775406,0.395722,0.24863,0.204107,0.83575,1.474566,0.530576,0.170069,0.153968,0.615546,1.065261,0.424985,0.156878,0.171592
1769161671.84308,1769161671.843482,127.0,0.0,4286.538574,4282.692383,4703.333496,4467.692383,4266.153809,4261.794922,4279.102539,4279.615234,4278.333496,4261.410156,4584.230957,4542.94873,4420.128418,4537.820313,,,,,,,,,,,,,,,,,,,,,,,,,,,,,,,,,,,,,,,,,,,,,,,,,,,,,,,,,,,,,,,,,,,,,,
1769161671.850888,1769161671.85109,0.0,0.0,4299.487305,4289.230957,4710.128418,4474.743652,4267.436035,4253.461426,4278.205078,4278.205078,4276.410156,4264.487305,4584.230957,4546.153809,4427.179688,4536.025879,,,,,,,,,,,,,,,,,,,,,,,,,,,,,,,,,,,,,,,,,,,,,,,,,,,,,,,,,,,,,,,,,,,,,,
1769161671.858697,1769161671.858899,1.0,0.0,4296.410156,4285.512695,4705.512695,4471.153809,4265.769043,4248.589844,4278.717773,4279.358887,4278.589844,4267.692383,4587.692383,4552.307617,4430.128418,4541.153809,,,,,,,,,,,,,,,,,,,,,,,,,,,,,,,,,,,,,,,,,,,,,,,,,,,,,,,,,,,,,,,,,,,,,,
1769161671.866505,1769161671.866607,2.0,0.0,4284.358887,4278.974121,4693.205078,4462.692383,4266.153809,4251.538574,4279.743652,4280.384766,4280.384766,4266.922852,4588.974121,4555.897461,4426.922852,4542.307617,,,,,,,,,,,,,,,,,,,,,,,,,,,,,,,,,,,,,,,,,,,,,,,,,,,,,,,,,,,,,,,,,,,,,,
1769161671.874314,1769161671.874416,3.0,0.0,4280.256348,4278.461426,4689.102539,4458.974121,4271.410156,4250.0,4282.179688,4279.487305,4281.282227,4266.153809,4588.333496,4553.589844,4428.205078,4540.512695,,,,,,,,,,,,,,,,,,,,,,,,,,,,,,,,,,,,,,,,,,,,,,,,,,,,,,,,,,,,,,,,,,,,,,
1769161671.882122,1769161671.882424,4.0,0.0,4281.153809,4278.333496,4692.05127,4460.128418,4270.897461,4256.538574,4288.461426,4280.0,4279.743652,4263.846191,4583.846191,4543.589844,4426.922852,4537.563965,,,,,,,,,,,,,,,,,,,,,,,,,,,,,,,,,,,,,,,,,,,,,,,,,,,,,,,,,,,,,,,,,,,,,,
1769161671.889931,1769161671.890232,5.0,0.0,4285.641113,4281.666504,4694.743652,4467.179688,4266.153809,4263.589844,4288.461426,4281.282227,4279.487305,4264.102539,4579.102539,4538.333496,4421.153809,4532.94873,,,,,,,,,,,,,,,,,,,,,,,,,,,,,,,,,,,,,,,,,,,,,,,,,,,,,,,,,,,,,,,,,,,,,,
1769161671.897739,1769161671.898141,6.0,0.0,4294.487305,4283.205078,4695.384766,4473.589844,4269.358887,4262.436035,4282.179688,4281.025879,4280.641113,4264.358887,4578.846191,4544.615234,4413.974121,4533.589844,,,,,,,,,,,,,,,,,,,,,,,,,,,,,,,,,,,,,,,,,,,,,,,,,,,,,,,,,,,,,,,,,,,,,,
1769161671.905548,1769161671.905949,7.0,0.0,4295.897461,4280.128418,4697.179688,4473.333496,4272.307617,4262.563965,4280.769043,4279.487305,4277.692383,4263.717773,4580.897461,4551.153809,4416.282227,4537.820313,,,,,,,,,,,,,,,,,,,,,,,,,,,,,,,,,,,,,,,,,,,,,,,,,,,,,,,,,,,,,,,,,,,,,,
1769161671.913356,1769161671.913957,8.0,0.0,4293.461426,4285.512695,4696.282227,4468.846191,4265.897461,4257.692383,4283.333496,4280.0,4277.94873,4266.410156,4584.615234,4553.461426,4427.05127,4542.692383,,,,,,,,,,,,,,,,,,,,,,,,,,,,,,,,,,,,,,,,,,,,,,,,,,,,,,,,,,,,,,,,,,,,,,
1769161671.921164,1769161671.921766,9.0,0.0,4294.743652,4289.358887,4687.05127,4462.820313,4264.102539,4249.615234,4280.256348,4279.358887,4280.897461,4267.820313,4585.897461,4548.333496,4425.897461,4540.256348,,,,,,,,,,,,,,,,,,,,,,,,,,,,,,,,,,,,,,,,,,,,,,,,,,,,,,,,,,,,,,,,,,,,,,
1769161671.928973,1769161671.929474,10.0,0.0,4294.487305,4281.922852,4680.384766,4457.563965,4267.307617,4255.128418,4280.256348,4276.666504,4277.692383,4264.102539,4581.153809,4540.0,4414.358887,4529.102539,,,,,,,,,,,,,,,,,,,,,,,,,,,,,,,,,,,,,,,,,,,,,,,,,,,,,,,,,,,,,,,,,,,,,,
1769161671.936781,1769161671.937283,11.0,0.0,4292.436035,4278.589844,4686.282227,4458.846191,4264.743652,4261.922852,4284.743652,4276.794922,4275.128418,4261.153809,4577.692383,4543.333496,4411.666504,4526.153809,,,,,,,,,,,,,,,,,,,,,,,,,,,,,,,,,,,,,,,,,,,,,,,,,,,,,,,,,,,,,,,,,,,,,,
1769161671.94459,1769161671.945291,12.0,0.0,4294.487305,4283.077148,4689.487305,4462.307617,4264.358887,4258.717773,4284.358887,4278.974121,4278.846191,4263.974121,4580.769043,4553.205078,4419.230957,4534.615234,,,,,,,,,,,,,,,,,,,,,,,,,,,,,,,,,,,,,,,,,,,,,,,,,,,,,,,,,,,,,,,,,,,,,,
1769161671.952398,1769161671.9531,13.0,0.0,4295.0,4280.641113,4679.743652,4459.358887,4267.820313,4256.538574,4284.102539,4280.128418,4282.692383,4269.743652,4584.871582,4555.0,4425.512695,4539.230957,,,,,,,,,,,,,,,,,,,,,,,,,,,,,,,,,,,,,,,,,,,,,,,,,,,,,,,,,,,,,,,,,,,,,,
1769161671.960207,1769161671.961008,14.0,0.0,4291.410156,4278.077148,4671.410156,4456.538574,4265.128418,4255.128418,4287.05127,4284.230957,4284.230957,4272.179688,4584.487305,4552.692383,4425.128418,4535.128418,0.471041,0.531068,0.413349,0.188193,0.141185,0.573518,0.614012,0.321184,0.182129,0.123818,0.468018,0.211039,0.381582,0.191439,0.140682,0.496109,0.312244,0.224564,0.089841,0.080362,0.276083,0.235818,0.069078,0.074664,0.138372,0.209454,0.361148,0.249858,0.092905,0.111316,0.520571,0.481418,0.294704,0.186327,0.24333,0.552145,0.247272,0.234887,0.081122,0.067565,0.74393,0.520402,0.209815,0.131445,0.107294,0.719591,0.541698,0.321532,0.118897,0.101812,0.831377,0.990232,0.520082,0.171591,0.126809,0.891408,0.838336,0.399833,0.243304,0.202637,0.798862,1.452443,0.550155,0.178266,0.147388,0.635594,1.013065,0.404584,0.167508,0.18107
1769161671.968015,1769161671.968816,15.0,0.0,4291.153809,4285.128418,4672.307617,4458.333496,4263.589844,4251.153809,4289.743652,4290.641113,4290.897461,4276.794922,4586.666504,4553.333496,4425.384766,4535.769043,,,,,,,,,,,,,,,,,,,,,,,,,,,,,,,,,,,,,,,,,,,,,,,,,,,,,,,,,,,,,,,,,,,,,,
1769161671.975824,1769161671.976825,16.0,0.0,4296.282227,4288.974121,4676.282227,4460.897461,4269.102539,4251.666504,4289.615234,4289.487305,4296.922852,4282.820313,4593.461426,4557.563965,4431.538574,4542.179688,,,,,,,,,,,,,,,,,,,,,,,,,,,,,,,,,,,,,,,,,,,,,,,,,,,,,,,,,,,,,,,,,,,,,,
1769161671.983632,1769161671.984633,17.0,0.0,4297.563965,4283.846191,4677.179688,4460.384766,4270.128418,4251.410156,4285.897461,4281.153809,4290.769043,4274.871582,4590.256348,4555.897461,4428.461426,4540.0,,,,,,,,,,,,,,,,,,,,,,,,,,,,,,,,,,,,,,,,,,,,,,,,,,,,,,,,,,,,,,,,,,,,,,
1769161671.99144,1769161671.992342,18.0,0.0,4295.384766,4279.230957,4672.820313,4458.461426,4265.641113,4249.358887,4285.641113,4277.820313,4279.615234,4262.692383,4577.692383,4544.743652,4413.589844,4528.589844,,,,,,,,,,,,,,,,,,,,,,,,,,,,,,,,,,,,,,,,,,,,,,,,,,,,,,,,,,,,,,,,,,,,,,
1769161671.999249,1769161672.00015,19.0,0.0,4294.102539,4280.256348,4667.179688,4458.974121,4265.256348,4255.256348,4289.615234,4279.615234,4278.077148,4262.436035,4574.871582,4538.205078,4411.153809,4520.641113,,,,,,,,,,,,,,,,,,,,,,,,,,,,,,,,,,,,,,,,,,,,,,,,,,,,,,,,,,,,,,,,,,,,,,
1769161672.007057,1769161672.008158,20.0,0.0,4291.410156,4282.563965,4663.974121,4460.512695,4267.05127,4260.897461,4290.384766,4280.897461,4286.666504,4268.589844,4580.0,4539.358887,4421.922852,4522.436035,,,,,,,,,,,,,,,,,,,,,,,,,,,,,,,,,,,,,,,,,,,,,,,,,,,,,,,,,,,,,,,,,,,,,,
1769161672.014866,1769161672.015967,21.0,0.0,4290.897461,4282.692383,4662.05127,4459.102539,4267.179688,4260.641113,4291.794922,4283.205078,4292.94873,4273.461426,4582.563965,4541.410156,4427.563965,4523.589844,,,,,,,,,,,,,,,,,,,,,,,,,,,,,,,,,,,,,,,,,,,,,,,,,,,,,,,,,,,,,,,,,,,,,,
1769161672.022674,1769161672.023675,22.0,0.0,4293.974121,4280.256348,4660.769043,4456.282227,4267.179688,4262.179688,4293.846191,4285.512695,4288.717773,4275.512695,4583.846191,4547.563965,4427.307617,4521.922852,,,,,,,,,,,,,,,,,,,,,,,,,,,,,,,,,,,,,,,,,,,,,,,,,,,,,,,,,,,,,,,,,,,,,,
1769161672.030483,1769161672.031484,23.0,0.0,4296.538574,4281.922852,4663.589844,4458.077148,4266.282227,4263.333496,4286.922852,4283.205078,4282.307617,4274.487305,4586.410156,4555.897461,4427.94873,4523.846191,,,,,,,,,,,,,,,,,,,,,,,,,,,,,,,,,,,,,,,,,,,,,,,,,,,,,,,,,,,,,,,,,,,,,,
1769161672.038291,1769161672.039092,24.0,0.0,4296.794922,4286.410156,4665.256348,4460.128418,4269.102539,4260.128418,4278.589844,4278.974121,4281.666504,4276.922852,4586.410156,4554.871582,4429.230957,4525.256348,,,,,,,,,,,,,,,,,,,,,,,,,,,,,,,,,,,,,,,,,,,,,,,,,,,,,,,,,,,,,,,,,,,,,,
1769161672.0461,1769161672.046901,25.0,0.0,4292.436035,4282.436035,4656.410156,4453.205078,4273.461426,4257.307617,4278.589844,4278.205078,4281.666504,4280.384766,4584.615234,4549.358887,4428.846191,4521.282227,,,,,,,,,,,,,,,,,,,,,,,,,,,,,,,,,,,,,,,,,,,,,,,,,,,,,,,,,,,,,,,,,,,,,,
1769161672.053908,1769161672.054609,26.0,0.0,4288.974121,4277.436035,4646.794922,4445.256348,4269.230957,4258.717773,4281.282227,4280.512695,4283.589844,4276.282227,4583.589844,4549.615234,4427.436035,4517.436035,,,,,,,,,,,,,,,,,,,,,,,,,,,,,,,,,,,,,,,,,,,,,,,,,,,,,,,,,,,,,,,,,,,,,,
1769161672.061716,1769161672.062418,27.0,0.0,4293.717773,4280.128418,4648.717773,4447.820313,4264.230957,4260.769043,4283.205078,4282.94873,4290.384766,4278.333496,4585.384766,4553.846191,4431.282227,4521.025879,,,,,,,,,,,,,,,,,,,,,,,,,,,,,,,,,,,,,,,,,,,,,,,,,,,,,,,,,,,,,,,,,,,,,,
1769161672.069525,1769161672.070426,28.0,0.0,4297.436035,4282.179688,4651.282227,4454.358887,4268.974121,4263.333496,4284.871582,4281.666504,4287.307617,4281.538574,4586.538574,4555.384766,4433.461426,4525.897461,,,,,,,,,,,,,,,,,,,,,,,,,,,,,,,,,,,,,,,,,,,,,,,,,,,,,,,,,,,,,,,,,,,,,,
1769161672.077333,1769161672.078234,29.0,0.0,4292.94873,4280.641113,4647.05127,4456.538574,4273.205078,4263.589844,4280.384766,4277.94873,4277.436035,4272.563965,4581.922852,4551.282227,4428.589844,4524.615234,,,,,,,,,,,,,,,,,,,,,,,,,,,,,,,,,,,,,,,,,,,,,,,,,,,,,,,,,,,,,,,,,,,,,,
1769161672.085142,1769161672.086143,30.0,0.0,4291.410156,4281.282227,4646.538574,4458.461426,4274.743652,4262.692383,4280.256348,4278.589844,4277.563965,4266.410156,4579.743652,4547.179688,4426.025879,4517.179688,0.517349,0.435074,0.346785,0.175122,0.136678,0.648921,0.463181,0.311855,0.187723,0.113861,0.393234,0.179337,0.353869,0.17214,0.136096,0.546366,0.310371,0.207953,0.086197,0.092905,0.267082,0.211924,0.061858,0.067483,0.125677,0.220756,0.363472,0.253185,0.095787,0.107301,0.504757,0.453047,0.331115,0.188556,0.249433,0.599361,0.252677,0.297867,0.08896,0.076872,0.727238,0.425277,0.174991,0.12798,0.098216,0.717966,0.427141,0.26145,0.131275,0.092655,0.774756,0.926409,0.46948,0.167931,0.136364,0.774935,0.858299,0.368174,0.242865,0.186246,0.744869,1.346249,0.511798,0.19411,0.139124,0.662969,0.948042,0.361189,0.182474,0.186467
1769161672.09295,1769161672.093951,31.0,0.0,4292.820313,4281.794922,4647.692383,4454.743652,4277.692383,4265.769043,4289.743652,4281.794922,4279.358887,4267.563965,4577.436035,4542.179688,4422.820313,4509.102539,,,,,,,,,,,,,,,,,,,,,,,,,,,,,,,,,,,,,,,,,,,,,,,,,,,,,,,,,,,,,,,,,,,,,,
1769161672.100759,1769161672.10196,32.0,0.0,4291.666504,4281.025879,4643.846191,4448.589844,4276.025879,4268.974121,4290.256348,4282.820313,4277.307617,4266.410156,4571.025879,4538.846191,4412.820313,4505.769043,,,,,,,,,,,,,,,,,,,,,,,,,,,,,,,,,,,,,,,,,,,,,,,,,,,,,,,,,,,,,,,,,,,,,,
1769161672.108567,1769161672.109768,33.0,0.0,4293.589844,4282.05127,4642.692383,4448.974121,4275.0,4266.410156,4280.384766,4278.974121,4279.487305,4267.307617,4572.179688,4545.0,4412.692383,4509.102539,,,,,,,,,,,,,,,,,,,,,,,,,,,,,,,,,,,,,,,,,,,,,,,,,,,,,,,,,,,,,,,,,,,,,,
1769161672.116376,1769161672.117676,34.0,0.0,4293.333496,4281.410156,4641.538574,4447.179688,4273.974121,4263.333496,4282.436035,4278.717773,4280.0,4273.205078,4580.384766,4551.282227,4423.974121,4515.384766,,,,,,,,,,,,,,,,,,,,,,,,,,,,,,,,,,,,,,,,,,,,,,,,,,,,,,,,,,,,,,,,,,,,,,
1769161672.124184,1769161672.125485,35.0,0.0,4288.205078,4279.871582,4635.256348,4443.974121,4269.487305,4266.025879,4293.717773,4286.025879,4281.282227,4275.641113,4584.230957,4551.794922,4426.666504,4520.897461,,,,,,,,,,,,,,,,,,,,,,,,,,,,,,,,,,,,,,,,,,,,,,,,,,,,,,,,,,,,,,,,,,,,,,
1769161672.131993,1769161672.133493,36.0,0.0,4288.974121,4284.871582,4631.410156,4447.05127,4271.666504,4266.922852,4288.846191,4288.333496,4289.743652,4277.05127,4586.153809,4553.461426,4425.384766,4524.743652,,,,,,,,,,,,,,,,,,,,,,,,,,,,,,,,,,,,,,,,,,,,,,,,,,,,,,,,,,,,,,,,,,,,,,
1769161672.139801,1769161672.141301,37.0,0.0,4297.307617,4288.077148,4632.820313,4448.846191,4276.538574,4263.461426,4278.974121,4281.282227,4290.0,4279.871582,4588.717773,4554.358887,4427.94873,4523.589844,,,,,,,,,,,,,,,,,,,,,,,,,,,,,,,,,,,,,,,,,,,,,,,,,,,,,,,,,,,,,,,,,,,,,,
1769161672.14761,1769161672.14901,38.0,0.0,4297.563965,4283.717773,4633.717773,4445.384766,4273.589844,4262.692383,4280.641113,4276.538574,4279.871582,4278.333496,4585.897461,4550.769043,4427.307617,4520.641113,,,,,,,,,,,,,,,,,,,,,,,,,,,,,,,,,,,,,,,,,,,,,,,,,,,,,,,,,,,,,,,,,,,,,,
1769161672.155418,1769161672.156818,39.0,0.0,4293.717773,4282.692383,4633.589844,4444.871582,4272.820313,4263.717773,4282.820313,4281.922852,4281.666504,4277.820313,4584.871582,4552.436035,4426.282227,4521.794922,,,,,,,,,,,,,,,,,,,,,,,,,,,,,,,,,,,,,,,,,,,,,,,,,,,,,,,,,,,,,,,,,,,,,,
1769161672.163226,1769161672.164427,40.0,0.0,4303.205078,4287.820313,4632.436035,4447.179688,4277.307617,4263.461426,4282.436035,4288.205078,4288.077148,4279.743652,4588.333496,4558.333496,4428.461426,4525.512695,,,,,,,,,,,,,,,,,,,,,,,,,,,,,,,,,,,,,,,,,,,,,,,,,,,,,,,,,,,,,,,,,,,,,,
1769161672.171035,1769161672.172236,41.0,0.0,4309.743652,4291.538574,4631.282227,4453.974121,4277.820313,4268.461426,4282.692383,4286.794922,4284.358887,4278.589844,4586.794922,4556.922852,4428.974121,4527.692383,,,,,,,,,,,,,,,,,,,,,,,,,,,,,,,,,,,,,,,,,,,,,,,,,,,,,,,,,,,,,,,,,,,,,,
1769161672.178843,1769161672.179944,42.0,0.0,4299.487305,4293.461426,4632.692383,4457.436035,4277.307617,4272.05127,4281.794922,4284.102539,4282.179688,4276.282227,4584.487305,4553.077148,4427.820313,4524.102539,,,,,,,,,,,,,,,,,,,,,,,,,,,,,,,,,,,,,,,,,,,,,,,,,,,,,,,,,,,,,,,,,,,,,,
1769161672.186652,1769161672.187753,43.0,0.0,4299.102539,4295.0,4631.538574,4448.333496,4277.692383,4266.666504,4279.743652,4285.384766,4283.589844,4277.94873,4586.410156,4554.871582,4428.974121,4524.743652,,,,,,,,,,,,,,,,,,,,,,,,,,,,,,,,,,,,,,,,,,,,,,,,,,,,,,,,,,,,,,,,,,,,,,
1769161672.19446,1769161672.195361,44.0,0.0,4312.563965,4293.333496,4627.307617,4442.307617,4276.666504,4262.05127,4280.0,4287.820313,4282.692383,4281.025879,4589.102539,4556.922852,4430.769043,4531.025879,,,,,,,,,,,,,,,,,,,,,,,,,,,,,,,,,,,,,,,,,,,,,,,,,,,,,,,,,,,,,,,,,,,,,,
1769161672.202269,1769161672.20317,45.0,0.0,4302.05127,4290.897461,4622.692383,4444.358887,4278.077148,4262.436035,4280.256348,4287.307617,4280.384766,4278.846191,4586.282227,4552.436035,4428.589844,4526.538574,,,,,,,,,,,,,,,,,,,,,,,,,,,,,,,,,,,,,,,,,,,,,,,,,,,,,,,,,,,,,,,,,,,,,,
1769161672.210077,1769161672.211078,46.0,0.0,4287.820313,4291.666504,4621.538574,4442.94873,4277.692383,4263.974121,4280.384766,4286.794922,4278.461426,4275.641113,4583.333496,4549.230957,4428.974121,4519.230957,0.566185,0.372408,0.290528,0.174925,0.129845,0.690326,0.347189,0.285454,0.1914,0.102492,0.35565,0.157167,0.326156,0.157554,0.132532,0.608936,0.318331,0.191635,0.094437,0.104863,0.247662,0.176634,0.054431,0.058523,0.102544,0.226137,0.36648,0.263449,0.108547,0.105902,0.446137,0.398816,0.351093,0.186392,0.242677,0.59954,0.247891,0.350762,0.096054,0.083286,0.676578,0.345084,0.140426,0.125046,0.093122,0.660989,0.347039,0.209834,0.153348,0.084438,0.733347,0.842944,0.38575,0.173473,0.145515,0.653677,0.829524,0.316652,0.246944,0.161104,0.690476,1.175846,0.430852,0.21688,0.135317,0.699349,0.886054,0.316789,0.196967,0.189819
1769161672.217886,1769161672.218886,47.0,0.0,4305.128418,4295.512695,4623.077148,4442.307617,4278.077148,4266.922852,4281.794922,4287.94873,4283.974121,4281.538574,4591.153809,4554.102539,4440.641113,4528.205078,,,,,,,,,,,,,,,,,,,,,,,,,,,,,,,,,,,,,,,,,,,,,,,,,,,,,,,,,,,,,,,,,,,,,,
1769161672.225694,1769161672.226495,48.0,0.0,4309.358887,4293.077148,4620.128418,4445.256348,4284.358887,4268.205078,4283.333496,4292.05127,4293.205078,4287.179688,4594.871582,4557.563965,4442.820313,4533.077148,,,,,,,,,,,,,,,,,,,,,,,,,,,,,,,,,,,,,,,,,,,,,,,,,,,,,,,,,,,,,,,,,,,,,,
1769161672.233503,1769161672.234304,49.0,0.0,4288.974121,4285.512695,4613.589844,4442.820313,4285.128418,4263.717773,4280.0,4292.563965,4291.922852,4282.307617,4589.102539,4552.94873,4432.307617,4522.179688,,,,,,,,,,,,,,,,,,,,,,,,,,,,,,,,,,,,,,,,,,,,,,,,,,,,,,,,,,,,,,,,,,,,,,
1769161672.241311,1769161672.242012,50.0,0.0,4295.512695,4289.230957,4614.230957,4441.666504,4278.461426,4260.0,4272.820313,4288.333496,4288.589844,4282.820313,4593.846191,4554.487305,4435.512695,4527.179688,,,,,,,,,,,,,,,,,,,,,,,,,,,,,,,,,,,,,,,,,,,,,,,,,,,,,,,,,,,,,,,,,,,,,,
1769161672.249119,1769161672.249821,51.0,0.0,4317.94873,4297.179688,4620.384766,4446.025879,4280.769043,4258.717773,4273.205078,4289.615234,4297.820313,4292.692383,4606.282227,4563.717773,4450.384766,4546.282227,,,,,,,,,,,,,,,,,,,,,,,,,,,,,,,,,,,,,,,,,,,,,,,,,,,,,,,,,,,,,,,,,,,,,,
1769161672.256928,1769161672.257829,52.0,0.0,4312.820313,4294.102539,4616.794922,4446.025879,4288.974121,4265.512695,4281.922852,4293.205078,4297.563965,4289.615234,4600.256348,4563.077148,4447.307617,4542.563965,,,,,,,,,,,,,,,,,,,,,,,,,,,,,,,,,,,,,,,,,,,,,,,,,,,,,,,,,,,,,,,,,,,,,,
1769161672.264736,1769161672.265637,53.0,0.0,4306.282227,4293.461426,4607.563965,4443.589844,4290.128418,4275.512695,4285.256348,4287.94873,4282.692383,4274.230957,4585.384766,4551.666504,4430.897461,4525.128418,,,,,,,,,,,,,,,,,,,,,,,,,,,,,,,,,,,,,,,,,,,,,,,,,,,,,,,,,,,,,,,,,,,,,,
1769161672.272545,1769161672.273546,54.0,0.0,4311.538574,4292.436035,4605.128418,4442.692383,4287.94873,4270.769043,4280.0,4280.897461,4281.153809,4271.794922,4585.641113,4549.102539,4428.205078,4523.205078,,,,,,,,,,,,,,,,,,,,,,,,,,,,,,,,,,,,,,,,,,,,,,,,,,,,,,,,,,,,,,,,,,,,,,
1769161672.280353,1769161672.281354,55.0,0.0,4302.436035,4281.410156,4607.692383,4441.922852,4287.307617,4262.307617,4277.436035,4280.897461,4287.692383,4276.666504,4589.358887,4554.743652,4431.410156,4526.282227,,,,,,,,,,,,,,,,,,,,,,,,,,,,,,,,,,,,,,,,,,,,,,,,,,,,,,,,,,,,,,,,,,,,,,
1769161672.288162,1769161672.289362,56.0,0.0,4299.615234,4282.05127,4608.589844,4441.794922,4286.666504,4264.743652,4278.717773,4281.538574,4284.102539,4275.512695,4585.0,4554.743652,4425.897461,4522.05127,,,,,,,,,,,,,,,,,,,,,,,,,,,,,,,,,,,,,,,,,,,,,,,,,,,,,,,,,,,,,,,,,,,,,,
1769161672.29597,1769161672.297171,57.0,0.0,4317.94873,4297.820313,4608.846191,4443.077148,4289.487305,4268.589844,4279.743652,4281.666504,4280.0,4276.666504,4584.743652,4552.94873,4428.974121,4528.589844,,,,,,,,,,,,,,,,,,,,,,,,,,,,,,,,,,,,,,,,,,,,,,,,,,,,,,,,,,,,,,,,,,,,,,
1769161672.303779,1769161672.305079,58.0,0.0,4328.974121,4300.641113,4611.282227,4443.974121,4291.922852,4267.307617,4280.897461,4282.94873,4283.077148,4281.025879,4591.153809,4556.025879,4440.512695,4545.641113,,,,,,,,,,,,,,,,,,,,,,,,,,,,,,,,,,,,,,,,,,,,,,,,,,,,,,,,,,,,,,,,,,,,,,
1769161672.311587,1769161672.312887,59.0,0.0,4323.846191,4294.871582,4610.384766,4445.769043,4290.897461,4268.333496,4280.256348,4281.538574,4282.820313,4277.563965,4589.743652,4555.897461,4435.256348,4541.153809,,,,,,,,,,,,,,,,,,,,,,,,,,,,,,,,,,,,,,,,,,,,,,,,,,,,,,,,,,,,,,,,,,,,,,
1769161672.319395,1769161672.320896,60.0,0.0,4322.436035,4302.05127,4610.384766,4447.820313,4294.871582,4271.666504,4277.307617,4279.743652,4280.897461,4273.846191,4585.0,4553.333496,4426.538574,4528.461426,,,,,,,,,,,,,,,,,,,,,,,,,,,,,,,,,,,,,,,,,,,,,,,,,,,,,,,,,,,,,,,,,,,,,,
1769161672.327204,1769161672.328704,61.0,0.0,4321.410156,4306.794922,4610.512695,4446.410156,4298.589844,4272.692383,4279.615234,4282.179688,4282.820313,4280.256348,4588.589844,4554.358887,4434.487305,4533.333496,,,,,,,,,,,,,,,,,,,,,,,,,,,,,,,,,,,,,,,,,,,,,,,,,,,,,,,,,,,,,,,,,,,,,,
1769161672.335012,1769161672.336413,62.0,0.0,4310.0,4298.333496,4603.589844,4443.717773,4294.358887,4277.05127,4286.410156,4283.846191,4280.897461,4278.717773,4588.077148,4553.333496,4435.641113,4532.436035,0.593739,0.346964,0.26159,0.19067,0.123207,0.695418,0.282921,0.249896,0.192507,0.094129,0.338752,0.148104,0.305638,0.154079,0.13228,0.685701,0.335278,0.179327,0.119212,0.112032,0.224243,0.135459,0.046406,0.050038,0.076475,0.232025,0.377816,0.283491,0.130807,0.108215,0.366573,0.341709,0.345508,0.179434,0.222997,0.551589,0.23318,0.380685,0.10389,0.085067,0.606636,0.289914,0.114679,0.12493,0.091808,0.560058,0.30499,0.179864,0.183685,0.078877,0.712442,0.761737,0.293837,0.184667,0.153091,0.566213,0.763334,0.26348,0.256297,0.135778,0.657421,0.99499,0.336399,0.24626,0.140725,0.736384,0.834255,0.290451,0.208141,0.194302
1769161672.342821,1769161672.344221,63.0,0.0,4306.025879,4293.333496,4599.102539,4442.94873,4292.436035,4278.589844,4287.692383,4281.538574,4278.846191,4267.692383,4582.436035,4551.153809,4426.922852,4523.333496,,,,,,,,,,,,,,,,,,,,,,,,,,,,,,,,,,,,,,,,,,,,,,,,,,,,,,,,,,,,,,,,,,,,,,
1769161672.350629,1769161672.35183,64.0,0.0,4316.794922,4296.025879,4603.077148,4442.563965,4296.538574,4270.897461,4277.692383,4278.589844,4279.487305,4269.487305,4583.461426,4553.717773,4427.820313,4527.436035,,,,,,,,,,,,,,,,,,,,,,,,,,,,,,,,,,,,,,,,,,,,,,,,,,,,,,,,,,,,,,,,,,,,,,
1769161672.358438,1769161672.359638,65.0,0.0,4321.282227,4297.692383,4603.205078,4443.974121,4293.974121,4261.410156,4265.512695,4277.692383,4280.384766,4280.384766,4585.0,4553.974121,4429.615234,4530.0,,,,,,,,,,,,,,,,,,,,,,,,,,,,,,,,,,,,,,,,,,,,,,,,,,,,,,,,,,,,,,,,,,,,,,
1769161672.366246,1769161672.367347,66.0,0.0,4311.538574,4292.05127,4593.589844,4443.461426,4288.846191,4263.846191,4266.794922,4281.025879,4281.410156,4280.512695,4583.717773,4553.205078,4427.563965,4522.820313,,,,,,,,,,,,,,,,,,,,,,,,,,,,,,,,,,,,,,,,,,,,,,,,,,,,,,,,,,,,,,,,,,,,,,
1769161672.374055,1769161672.375155,67.0,0.0,4304.102539,4285.128418,4585.512695,4435.128418,4288.333496,4270.512695,4276.922852,4281.025879,4280.641113,4273.974121,4584.358887,4551.922852,4428.589844,4522.436035,,,,,,,,,,,,,,,,,,,,,,,,,,,,,,,,,,,,,,,,,,,,,,,,,,,,,,,,,,,,,,,,,,,,,,
1769161672.381863,1769161672.382764,68.0,0.0,4303.717773,4279.743652,4586.410156,4426.538574,4283.846191,4267.820313,4278.589844,4277.94873,4281.153809,4272.820313,4581.282227,4544.871582,4426.410156,4518.077148,,,,,,,,,,,,,,,,,,,,,,,,,,,,,,,,,,,,,,,,,,,,,,,,,,,,,,,,,,,,,,,,,,,,,,
1769161672.389671,1769161672.390572,69.0,0.0,4307.94873,4280.128418,4591.538574,4432.94873,4279.230957,4265.897461,4275.897461,4284.358887,4289.358887,4274.358887,4579.871582,4541.282227,4423.717773,4511.410156,,,,,,,,,,,,,,,,,,,,,,,,,,,,,,,,,,,,,,,,,,,,,,,,,,,,,,,,,,,,,,,,,,,,,,
1769161672.39748,1769161672.398281,70.0,0.0,4312.179688,4287.307617,4590.641113,4444.230957,4283.589844,4270.128418,4278.077148,4289.102539,4294.230957,4278.974121,4585.769043,4544.102539,4427.307617,4517.05127,,,,,,,,,,,,,,,,,,,,,,,,,,,,,,,,,,,,,,,,,,,,,,,,,,,,,,,,,,,,,,,,,,,,,,
1769161672.405288,1769161672.406089,71.0,0.0,4304.230957,4291.538574,4581.666504,4441.794922,4288.846191,4275.0,4279.743652,4280.384766,4284.743652,4278.974121,4583.846191,4540.512695,4427.307617,4515.897461,,,,,,,,,,,,,,,,,,,,,,,,,,,,,,,,,,,,,,,,,,,,,,,,,,,,,,,,,,,,,,,,,,,,,,
1769161672.413097,1769161672.414098,72.0,0.0,4296.538574,4288.461426,4578.846191,4434.358887,4287.820313,4274.871582,4280.0,4277.179688,4277.563965,4269.230957,4572.820313,4535.512695,4417.94873,4504.871582,,,,,,,,,,,,,,,,,,,,,,,,,,,,,,,,,,,,,,,,,,,,,,,,,,,,,,,,,,,,,,,,,,,,,,
1769161672.420905,1769161672.421906,73.0,0.0,4300.384766,4285.0,4583.974121,4431.922852,4284.871582,4268.461426,4280.641113,4283.461426,4282.179688,4268.333496,4570.384766,4537.692383,4411.538574,4504.487305,,,,,,,,,,,,,,,,,,,,,,,,,,,,,,,,,,,,,,,,,,,,,,,,,,,,,,,,,,,,,,,,,,,,,,
1769161672.428714,1769161672.429615,74.0,0.0,4296.282227,4281.922852,4582.436035,4428.717773,4283.333496,4265.769043,4277.307617,4281.025879,4282.307617,4272.563965,4573.846191,4537.436035,4412.94873,4508.461426,,,,,,,,,,,,,,,,,,,,,,,,,,,,,,,,,,,,,,,,,,,,,,,,,,,,,,,,,,,,,,,,,,,,,,
1769161672.436522,1769161672.437423,75.0,0.0,4287.05127,4280.256348,4573.461426,4426.025879,4282.692383,4272.563965,4276.410156,4276.666504,4279.358887,4266.666504,4570.384766,4534.615234,4411.153809,4503.077148,,,,,,,,,,,,,,,,,,,,,,,,,,,,,,,,,,,,,,,,,,,,,,,,,,,,,,,,,,,,,,,,,,,,,,
1769161672.444331,1769161672.445431,76.0,0.0,4291.666504,4284.102539,4568.974121,4426.666504,4281.666504,4280.128418,4280.128418,4283.717773,4284.487305,4263.717773,4566.666504,4536.410156,4407.820313,4500.641113,,,,,,,,,,,,,,,,,,,,,,,,,,,,,,,,,,,,,,,,,,,,,,,,,,,,,,,,,,,,,,,,,,,,,,
1769161672.452139,1769161672.45324,77.0,0.0,4298.717773,4290.512695,4569.230957,4425.769043,4279.871582,4279.358887,4281.025879,4290.256348,4294.230957,4273.589844,4571.410156,4537.820313,4411.666504,4505.384766,,,,,,,,,,,,,,,,,,,,,,,,,,,,,,,,,,,,,,,,,,,,,,,,,,,,,,,,,,,,,,,,,,,,,,
1769161672.459947,1769161672.460948,78.0,0.0,4295.641113,4289.230957,4569.230957,4423.846191,4279.615234,4277.436035,4278.846191,4288.846191,4293.717773,4277.05127,4574.358887,4537.05127,4417.692383,4508.589844,0.59404,0.347494,0.262428,0.219554,0.120097,0.668231,0.26143,0.215144,0.190261,0.090691,0.339503,0.150226,0.294294,0.163509,0.134184,0.752635,0.355366,0.177194,0.160544,0.111675,0.202538,0.09719,0.03897,0.04426,0.055008,0.238691,0.396143,0.310024,0.158998,0.113019,0.287412,0.300026,0.314728,0.168127,0.194257,0.469398,0.209787,0.379291,0.11336,0.082404,0.538393,0.259734,0.100413,0.131516,0.093127,0.441152,0.300615,0.173445,0.216623,0.076865,0.699181,0.701612,0.215822,0.198281,0.157267,0.519449,0.683947,0.222241,0.270243,0.116964,0.656572,0.862382,0.252691,0.281797,0.156007,0.753296,0.790598,0.288736,0.217335,0.201074
1769161672.467756,1769161672.468757,79.0,0.0,4292.94873,4284.743652,4569.358887,4424.230957,4278.461426,4276.282227,4277.94873,4282.563965,4283.461426,4272.563965,4570.897461,4537.307617,4418.717773,4507.820313,,,,,,,,,,,,,,,,,,,,,,,,,,,,,,,,,,,,,,,,,,,,,,,,,,,,,,,,,,,,,,,,,,,,,,
1769161672.475564,1769161672.476765,80.0,0.0,4294.358887,4282.692383,4570.769043,4427.179688,4277.692383,4270.256348,4278.333496,4278.974121,4282.692383,4275.256348,4574.743652,4540.256348,4423.333496,4507.307617,,,,,,,,,,,,,,,,,,,,,,,,,,,,,,,,,,,,,,,,,,,,,,,,,,,,,,,,,,,,,,,,,,,,,,
1769161672.483373,1769161672.484573,81.0,0.0,4299.102539,4281.282227,4570.256348,4425.897461,4279.615234,4265.384766,4277.94873,4285.0,4292.563965,4277.692383,4581.025879,4542.307617,4428.974121,4510.512695,,,,,,,,,,,,,,,,,,,,,,,,,,,,,,,,,,,,,,,,,,,,,,,,,,,,,,,,,,,,,,,,,,,,,,
1769161672.491181,1769161672.492482,82.0,0.0,4302.820313,4281.153809,4567.307617,4419.487305,4278.589844,4268.205078,4277.820313,4291.282227,4295.128418,4275.256348,4575.256348,4541.922852,4421.922852,4510.256348,,,,,,,,,,,,,,,,,,,,,,,,,,,,,,,,,,,,,,,,,,,,,,,,,,,,,,,,,,,,,,,,,,,,,,
1769161672.49899,1769161672.50029,83.0,0.0,4295.128418,4281.538574,4566.410156,4420.641113,4276.666504,4273.205078,4278.974121,4290.0,4292.436035,4274.358887,4568.717773,4537.94873,4415.0,4508.205078,,,,,,,,,,,,,,,,,,,,,,,,,,,,,,,,,,,,,,,,,,,,,,,,,,,,,,,,,,,,,,,,,,,,,,
1769161672.506798,1769161672.508298,84.0,0.0,4293.974121,4282.563965,4570.384766,4427.307617,4279.102539,4276.282227,4280.0,4285.769043,4295.0,4277.94873,4575.769043,4537.563965,4423.077148,4513.974121,,,,,,,,,,,,,,,,,,,,,,,,,,,,,,,,,,,,,,,,,,,,,,,,,,,,,,,,,,,,,,,,,,,,,,
1769161672.514607,1769161672.516107,85.0,0.0,4309.615234,4285.641113,4573.077148,4426.794922,4281.922852,4277.307617,4278.974121,4282.179688,4296.538574,4281.538574,4584.871582,4546.666504,4431.282227,4523.077148,,,,,,,,,,,,,,,,,,,,,,,,,,,,,,,,,,,,,,,,,,,,,,,,,,,,,,,,,,,,,,,,,,,,,,
1769161672.522415,1769161672.523815,86.0,0.0,4315.0,4289.358887,4572.307617,4426.025879,4281.025879,4277.436035,4277.692383,4282.05127,4294.487305,4280.512695,4584.487305,4548.974121,4427.820313,4522.692383,,,,,,,,,,,,,,,,,,,,,,,,,,,,,,,,,,,,,,,,,,,,,,,,,,,,,,,,,,,,,,,,,,,,,,
1769161672.530223,1769161672.531624,87.0,0.0,4307.05127,4289.615234,4571.922852,4428.846191,4277.05127,4276.794922,4278.205078,4283.846191,4294.743652,4278.333496,4584.102539,4541.794922,4425.769043,4518.846191,,,,,,,,,,,,,,,,,,,,,,,,,,,,,,,,,,,,,,,,,,,,,,,,,,,,,,,,,,,,,,,,,,,,,,
1769161672.538032,1769161672.539233,88.0,0.0,4308.974121,4284.487305,4567.94873,4420.384766,4276.922852,4276.025879,4280.0,4284.615234,4296.666504,4278.333496,4587.820313,4542.436035,4428.974121,4523.205078,,,,,,,,,,,,,,,,,,,,,,,,,,,,,,,,,,,,,,,,,,,,,,,,,,,,,,,,,,,,,,,,,,,,,,
1769161672.545841,1769161672.547041,89.0,0.0,4310.897461,4280.897461,4565.0,4414.743652,4281.153809,4274.487305,4279.102539,4283.846191,4296.794922,4277.563965,4585.128418,4546.666504,4423.846191,4524.230957,,,,,,,,,,,,,,,,,,,,,,,,,,,,,,,,,,,,,,,,,,,,,,,,,,,,,,,,,,,,,,,,,,,,,,
1769161672.553649,1769161672.55475,90.0,0.0,4299.358887,4276.794922,4564.230957,4421.538574,4277.307617,4276.410156,4277.563965,4283.846191,4289.102539,4270.641113,4573.589844,4541.666504,4413.077148,4513.974121,,,,,,,,,,,,,,,,,,,,,,,,,,,,,,,,,,,,,,,,,,,,,,,,,,,,,,,,,,,,,,,,,,,,,,
1769161672.561458,1769161672.562558,91.0,0.0,4295.256348,4273.333496,4557.820313,4419.358887,4270.0,4277.563965,4279.358887,4283.077148,4283.205078,4260.128418,4567.94873,4535.769043,4410.769043,4504.487305,,,,,,,,,,,,,,,,,,,,,,,,,,,,,,,,,,,,,,,,,,,,,,,,,,,,,,,,,,,,,,,,,,,,,,
1769161672.569266,1769161672.570167,92.0,0.0,4297.94873,4277.436035,4554.230957,4411.922852,4274.358887,4269.615234,4279.358887,4281.538574,4288.077148,4264.487305,4570.769043,4539.230957,4413.846191,4506.538574,,,,,,,,,,,,,,,,,,,,,,,,,,,,,,,,,,,,,,,,,,,,,,,,,,,,,,,,,,,,,,,,,,,,,,
1769161672.577074,1769161672.577975,93.0,0.0,4293.589844,4282.436035,4554.102539,4413.974121,4275.384766,4265.641113,4276.666504,4280.641113,4289.358887,4279.230957,4569.358887,4536.922852,4413.461426,4512.307617,,,,,,,,,,,,,,,,,,,,,,,,,,,,,,,,,,,,,,,,,,,,,,,,,,,,,,,,,,,,,,,,,,,,,,
1769161672.584883,1769161672.585684,94.0,0.0,4293.589844,4277.94873,4542.94873,4411.922852,4267.307617,4272.436035,4277.563965,4278.974121,4282.307617,4277.820313,4565.0,4527.436035,4412.563965,4508.077148,0.565473,0.355989,0.290048,0.256879,0.125185,0.619769,0.26271,0.18938,0.185251,0.09195,0.346879,0.160236,0.291987,0.181447,0.134562,0.763327,0.370409,0.18747,0.210536,0.103904,0.182696,0.070086,0.035052,0.042462,0.042725,0.248592,0.410674,0.3361,0.188036,0.117858,0.226598,0.277703,0.269951,0.155631,0.162761,0.380556,0.181747,0.346162,0.123332,0.077019,0.48872,0.252512,0.095747,0.146385,0.096257,0.33513,0.331599,0.184896,0.243372,0.078871,0.676868,0.67574,0.164887,0.210205,0.156439,0.495415,0.619753,0.198794,0.285633,0.106965,0.690729,0.815347,0.194974,0.319127,0.177289,0.733293,0.753706,0.306681,0.229793,0.20911
1769161672.592691,1769161672.593492,95.0,0.0,4296.538574,4273.205078,4535.897461,4402.179688,4268.717773,4273.333496,4279.102539,4277.307617,4279.230957,4263.846191,4565.641113,4526.410156,4411.410156,4502.692383,,,,,,,,,,,,,,,,,,,,,,,,,,,,,,,,,,,,,,,,,,,,,,,,,,,,,,,,,,,,,,,,,,,,,,
1769161672.6005,1769161672.6015,96.0,0.0,4295.0,4277.820313,4546.538574,4406.025879,4277.436035,4266.794922,4275.128418,4276.538574,4280.769043,4261.922852,4568.333496,4534.358887,4414.487305,4505.897461,,,,,,,,,,,,,,,,,,,,,,,,,,,,,,,,,,,,,,,,,,,,,,,,,,,,,,,,,,,,,,,,,,,,,,
1769161672.608308,1769161672.609309,97.0,0.0,4298.461426,4280.256348,4548.589844,4414.358887,4278.077148,4265.897461,4275.769043,4277.692383,4285.256348,4269.743652,4572.05127,4538.974121,4425.256348,4509.102539,,,,,,,,,,,,,,,,,,,,,,,,,,,,,,,,,,,,,,,,,,,,,,,,,,,,,,,,,,,,,,,,,,,,,,
1769161672.616117,1769161672.617217,98.0,0.0,4302.563965,4276.666504,4538.205078,4410.128418,4270.641113,4267.307617,4276.410156,4280.128418,4290.0,4267.05127,4580.641113,4537.563965,4433.205078,4514.487305,,,,,,,,,,,,,,,,,,,,,,,,,,,,,,,,,,,,,,,,,,,,,,,,,,,,,,,,,,,,,,,,,,,,,,
1769161672.623925,1769161672.625026,99.0,0.0,4297.692383,4276.922852,4538.717773,4407.307617,4266.410156,4264.358887,4268.589844,4280.0,4289.102539,4260.256348,4586.025879,4536.794922,4434.487305,4521.025879,,,,,,,,,,,,,,,,,,,,,,,,,,,,,,,,,,,,,,,,,,,,,,,,,,,,,,,,,,,,,,,,,,,,,,
1769161672.631734,1769161672.633034,100.0,0.0,4293.461426,4278.333496,4543.205078,4411.410156,4271.666504,4264.871582,4272.05127,4279.871582,4285.897461,4264.487305,4580.641113,4535.641113,4430.897461,4516.410156,,,,,,,,,,,,,,,,,,,,,,,,,,,,,,,,,,,,,,,,,,,,,,,,,,,,,,,,,,,,,,,,,,,,,,
1769161672.639542,1769161672.640842,101.0,0.0,4295.128418,4276.153809,4540.897461,4412.94873,4277.05127,4267.05127,4279.230957,4279.871582,4282.94873,4274.487305,4577.05127,4535.769043,4426.922852,4505.512695,,,,,,,,,,,,,,,,,,,,,,,,,,,,,,,,,,,,,,,,,,,,,,,,,,,,,,,,,,,,,,,,,,,,,,
1769161672.64735,1769161672.648551,102.0,0.0,4295.256348,4276.666504,4539.743652,4411.025879,4271.794922,4264.615234,4271.282227,4279.487305,4280.769043,4279.358887,4578.589844,4537.820313,4432.307617,4505.769043,,,,,,,,,,,,,,,,,,,,,,,,,,,,,,,,,,,,,,,,,,,,,,,,,,,,,,,,,,,,,,,,,,,,,,
1769161672.655159,1769161672.656359,103.0,0.0,4299.615234,4281.153809,4541.025879,4408.717773,4264.615234,4262.820313,4263.205078,4280.128418,4282.820313,4278.974121,4580.641113,4537.436035,4443.846191,4515.769043,,,,,,,,,,,,,,,,,,,,,,,,,,,,,,,,,,,,,,,,,,,,,,,,,,,,,,,,,,,,,,,,,,,,,,
1769161672.662967,1769161672.663968,104.0,0.0,4302.436035,4282.307617,4540.128418,4402.94873,4266.794922,4263.461426,4268.077148,4280.641113,4282.820313,4276.666504,4583.077148,4537.94873,4445.0,4522.94873,,,,,,,,,,,,,,,,,,,,,,,,,,,,,,,,,,,,,,,,,,,,,,,,,,,,,,,,,,,,,,,,,,,,,,
1769161672.670776,1769161672.671776,105.0,0.0,4296.282227,4280.769043,4541.025879,4397.820313,4267.692383,4262.820313,4273.461426,4280.0,4279.358887,4273.205078,4580.512695,4539.358887,4441.538574,4518.846191,,,,,,,,,,,,,,,,,,,,,,,,,,,,,,,,,,,,,,,,,,,,,,,,,,,,,,,,,,,,,,,,,,,,,,
1769161672.678584,1769161672.679685,106.0,0.0,4297.692383,4281.794922,4544.102539,4397.179688,4265.512695,4262.05127,4276.025879,4281.282227,4285.641113,4275.641113,4577.436035,4538.589844,4443.205078,4506.153809,,,,,,,,,,,,,,,,,,,,,,,,,,,,,,,,,,,,,,,,,,,,,,,,,,,,,,,,,,,,,,,,,,,,,,
1769161672.686393,1769161672.687493,107.0,0.0,4306.025879,4283.333496,4543.589844,4397.820313,4270.256348,4264.487305,4279.615234,4285.769043,4295.769043,4281.538574,4582.94873,4537.94873,4443.077148,4506.410156,,,,,,,,,,,,,,,,,,,,,,,,,,,,,,,,,,,,,,,,,,,,,,,,,,,,,,,,,,,,,,,,,,,,,,
1769161672.694201,1769161672.695501,108.0,0.0,4306.025879,4281.538574,4545.0,4398.205078,4277.179688,4266.666504,4278.974121,4291.538574,4295.769043,4281.025879,4592.94873,4545.512695,4448.717773,4520.641113,,,,,,,,,,,,,,,,,,,,,,,,,,,,,,,,,,,,,,,,,,,,,,,,,,,,,,,,,,,,,,,,,,,,,,
1769161672.70201,1769161672.70331,109.0,0.0,4303.846191,4280.384766,4548.589844,4396.410156,4276.025879,4264.358887,4277.692383,4294.102539,4291.922852,4280.384766,4598.974121,4556.538574,4457.94873,4527.692383,,,,,,,,,,,,,,,,,,,,,,,,,,,,,,,,,,,,,,,,,,,,,,,,,,,,,,,,,,,,,,,,,,,,,,
1769161672.709818,1769161672.711018,110.0,0.0,4309.358887,4284.358887,4546.538574,4395.0,4273.974121,4261.922852,4277.436035,4291.410156,4294.615234,4282.820313,4598.205078,4553.974121,4454.102539,4527.05127,0.536847,0.361463,0.327999,0.297232,0.142729,0.566587,0.272882,0.174751,0.179772,0.096095,0.349402,0.175213,0.29076,0.199788,0.130564,0.73484,0.375244,0.207834,0.256271,0.091975,0.173194,0.060015,0.037543,0.044463,0.03992,0.259262,0.407757,0.352275,0.213434,0.120383,0.18832,0.267266,0.226596,0.146135,0.135297,0.311126,0.154281,0.290731,0.130935,0.071654,0.471602,0.264091,0.099036,0.167398,0.101328,0.263711,0.389827,0.203213,0.255958,0.085025,0.637112,0.683264,0.140792,0.216429,0.150463,0.467123,0.587592,0.188546,0.29709,0.103546,0.748692,0.845773,0.163431,0.349897,0.197951,0.67808,0.726245,0.331284,0.250792,0.216423
1769161672.717626,1769161672.718827,111.0,0.0,4312.436035,4288.717773,4539.358887,4397.05127,4278.974121,4263.205078,4278.077148,4284.487305,4292.436035,4279.102539,4589.358887,4541.794922,4445.512695,4521.282227,,,,,,,,,,,,,,,,,,,,,,,,,,,,,,,,,,,,,,,,,,,,,,,,,,,,,,,,,,,,,,,,,,,,,,
1769161672.725435,1769161672.726435,112.0,0.0,4307.307617,4287.820313,4541.282227,4400.128418,4279.615234,4266.025879,4277.563965,4280.256348,4283.846191,4273.717773,4583.589844,4538.846191,4444.871582,4512.94873,,,,,,,,,,,,,,,,,,,,,,,,,,,,,,,,,,,,,,,,,,,,,,,,,,,,,,,,,,,,,,,,,,,,,,
1769161672.733243,1769161672.734244,113.0,0.0,4297.820313,4282.307617,4546.922852,4398.717773,4273.589844,4266.410156,4276.410156,4283.846191,4284.102539,4274.743652,4585.641113,4541.922852,4444.358887,4508.461426,,,,,,,,,,,,,,,,,,,,,,,,,,,,,,,,,,,,,,,,,,,,,,,,,,,,,,,,,,,,,,,,,,,,,,
1769161672.741052,1769161672.741952,114.0,0.0,4291.538574,4280.897461,4543.461426,4395.384766,4273.846191,4264.871582,4275.769043,4283.846191,4285.897461,4275.384766,4585.384766,4540.641113,4442.05127,4509.358887,,,,,,,,,,,,,,,,,,,,,,,,,,,,,,,,,,,,,,,,,,,,,,,,,,,,,,,,,,,,,,,,,,,,,,
1769161672.74886,1769161672.749761,115.0,0.0,4297.820313,4287.179688,4541.538574,4396.666504,4279.743652,4264.358887,4270.769043,4277.94873,4281.282227,4275.0,4583.974121,4540.512695,4444.358887,4509.487305,,,,,,,,,,,,,,,,,,,,,,,,,,,,,,,,,,,,,,,,,,,,,,,,,,,,,,,,,,,,,,,,,,,,,,
1769161672.756669,1769161672.75737,116.0,0.0,4302.179688,4290.256348,4535.769043,4394.743652,4280.384766,4260.641113,4263.717773,4277.436035,4277.05127,4277.436035,4582.436035,4538.846191,4443.461426,4505.128418,,,,,,,,,,,,,,,,,,,,,,,,,,,,,,,,,,,,,,,,,,,,,,,,,,,,,,,,,,,,,,,,,,,,,,
1769161672.764477,1769161672.765178,117.0,0.0,4295.641113,4290.0,4525.897461,4390.897461,4276.922852,4258.974121,4265.512695,4280.769043,4282.179688,4278.846191,4580.256348,4533.717773,4442.563965,4503.589844,,,,,,,,,,,,,,,,,,,,,,,,,,,,,,,,,,,,,,,,,,,,,,,,,,,,,,,,,,,,,,,,,,,,,,
1769161672.772286,1769161672.772887,118.0,0.0,4294.487305,4293.974121,4529.615234,4392.94873,4278.333496,4263.205078,4274.358887,4280.641113,4287.563965,4278.846191,4582.94873,4535.256348,4446.410156,4507.307617,,,,,,,,,,,,,,,,,,,,,,,,,,,,,,,,,,,,,,,,,,,,,,,,,,,,,,,,,,,,,,,,,,,,,,
1769161672.780094,1769161672.780695,119.0,0.0,4296.538574,4295.256348,4537.436035,4393.846191,4281.538574,4265.128418,4276.025879,4277.94873,4285.897461,4280.384766,4584.871582,4540.641113,4446.538574,4510.0,,,,,,,,,,,,,,,,,,,,,,,,,,,,,,,,,,,,,,,,,,,,,,,,,,,,,,,,,,,,,,,,,,,,,,
1769161672.787902,1769161672.788304,120.0,0.0,4294.615234,4291.153809,4535.897461,4388.077148,4280.512695,4264.487305,4274.871582,4278.205078,4285.128418,4278.846191,4580.897461,4540.256348,4445.769043,4507.179688,,,,,,,,,,,,,,,,,,,,,,,,,,,,,,,,,,,,,,,,,,,,,,,,,,,,,,,,,,,,,,,,,,,,,,
1769161672.795711,1769161672.796112,121.0,0.0,4297.436035,4292.436035,4531.794922,4387.307617,4279.615234,4266.410156,4278.333496,4282.436035,4288.717773,4275.384766,4577.692383,4538.205078,4445.641113,4504.102539,,,,,,,,,,,,,,,,,,,,,,,,,,,,,,,,,,,,,,,,,,,,,,,,,,,,,,,,,,,,,,,,,,,,,,
1769161672.803519,1769161672.80402,122.0,0.0,4300.384766,4295.769043,4529.615234,4390.512695,4281.153809,4266.025879,4276.410156,4285.641113,4292.820313,4277.563965,4578.846191,4537.307617,4443.717773,4505.769043,,,,,,,,,,,,,,,,,,,,,,,,,,,,,,,,,,,,,,,,,,,,,,,,,,,,,,,,,,,,,,,,,,,,,,
1769161672.811328,1769161672.811829,123.0,0.0,4296.538574,4293.846191,4523.077148,4388.974121,4280.769043,4263.077148,4266.794922,4282.692383,4293.974121,4281.538574,4582.692383,4537.563965,4450.128418,4507.307617,,,,,,,,,,,,,,,,,,,,,,,,,,,,,,,,,,,,,,,,,,,,,,,,,,,,,,,,,,,,,,,,,,,,,,
1769161672.819136,1769161672.819837,124.0,0.0,4294.871582,4293.205078,4522.692383,4385.128418,4278.846191,4265.128418,4265.512695,4279.230957,4291.282227,4279.871582,4585.641113,4541.410156,4456.153809,4508.717773,,,,,,,,,,,,,,,,,,,,,,,,,,,,,,,,,,,,,,,,,,,,,,,,,,,,,,,,,,,,,,,,,,,,,,
1769161672.826945,1769161672.827646,125.0,0.0,4295.769043,4293.846191,4531.282227,4385.897461,4278.974121,4266.922852,4276.153809,4279.743652,4282.94873,4275.512695,4584.743652,4542.563965,4448.461426,4510.0,,,,,,,,,,,,,,,,,,,,,,,,,,,,,,,,,,,,,,,,,,,,,,,,,,,,,,,,,,,,,,,,,,,,,,
1769161672.834753,1769161672.835554,126.0,0.0,4300.256348,4294.230957,4536.538574,4391.282227,4281.025879,4266.025879,4279.102539,4282.436035,4282.820313,4276.794922,4585.0,4540.0,4445.384766,4508.333496,0.533327,0.352015,0.35811,0.334504,0.173578,0.515765,0.282641,0.170036,0.177441,0.100936,0.358988,0.189171,0.281308,0.20985,0.122401,0.646014,0.364963,0.227725,0.285886,0.080818,0.174778,0.067016,0.04529,0.048873,0.043639,0.265181,0.379486,0.352004,0.232507,0.119224,0.16768,0.255475,0.196115,0.142611,0.116641,0.273785,0.130116,0.228464,0.134112,0.068782,0.478074,0.286001,0.110562,0.188855,0.108851,0.239438,0.453403,0.220137,0.251481,0.09569,0.590155,0.701511,0.142554,0.214303,0.141336,0.429049,0.579163,0.184277,0.298718,0.102495,0.821083,0.897559,0.156995,0.364724,0.211773,0.614047,0.695019,0.350045,0.281178,0.221456
1769161672.842562,1769161672.843362,127.0,0.0,4308.974121,4298.077148,4537.820313,4396.410156,4282.692383,4266.025879,4270.128418,4283.205078,4287.436035,4281.153809,4587.307617,4543.461426,4456.538574,4508.589844,,,,,,,,,,,,,,,,,,,,,,,,,,,,,,,,,,,,,,,,,,,,,,,,,,,,,,,,,,,,,,,,,,,,,,
1769161672.85037,1769161672.850971,0.0,0.0,4306.666504,4299.487305,4534.230957,4394.102539,4280.256348,4263.846191,4262.436035,4280.512695,4283.589844,4280.897461,4587.436035,4548.077148,4463.461426,4513.205078,,,,,,,,,,,,,,,,,,,,,,,,,,,,,,,,,,,,,,,,,,,,,,,,,,,,,,,,,,,,,,,,,,,,,,
1769161672.858179,1769161672.858779,1.0,0.0,4295.512695,4294.230957,4527.563965,4388.717773,4277.05127,4261.153809,4264.487305,4278.589844,4283.717773,4278.589844,4586.922852,4544.871582,4456.666504,4513.461426,,,,,,,,,,,,,,,,,,,,,,,,,,,,,,,,,,,,,,,,,,,,,,,,,,,,,,,,,,,,,,,,,,,,,,
1769161672.865987,1769161672.866488,2.0,0.0,4294.871582,4291.538574,4523.205078,4388.846191,4278.333496,4258.846191,4264.615234,4279.487305,4288.333496,4280.0,4586.282227,4538.846191,4447.563965,4507.94873,,,,,,,,,,,,,,,,,,,,,,,,,,,,,,,,,,,,,,,,,,,,,,,,,,,,,,,,,,,,,,,,,,,,,,
1769161672.873795,1769161672.874296,3.0,0.0,4299.102539,4291.025879,4522.436035,4390.0,4280.128418,4263.205078,4264.230957,4279.743652,4287.563965,4281.794922,4581.410156,4536.025879,4441.666504,4504.615234,,,,,,,,,,,,,,,,,,,,,,,,,,,,,,,,,,,,,,,,,,,,,,,,,,,,,,,,,,,,,,,,,,,,,,
1769161672.881604,1769161672.882305,4.0,0.0,4294.230957,4286.538574,4522.436035,4385.897461,4279.230957,4272.820313,4276.153809,4286.153809,4290.769043,4277.436035,4578.205078,4537.692383,4441.922852,4502.179688,,,,,,,,,,,,,,,,,,,,,,,,,,,,,,,,,,,,,,,,,,,,,,,,,,,,,,,,,,,,,,,,,,,,,,
1769161672.889412,1769161672.890113,5.0,0.0,4293.461426,4287.692383,4521.794922,4383.205078,4276.666504,4272.179688,4279.487305,4294.102539,4298.461426,4275.128418,4585.128418,4544.871582,4449.230957,4504.230957,,,,,,,,,,,,,,,,,,,,,,,,,,,,,,,,,,,,,,,,,,,,,,,,,,,,,,,,,,,,,,,,,,,,,,
1769161672.897221,1769161672.898022,6.0,0.0,4302.563965,4295.256348,4523.333496,4388.205078,4274.102539,4262.94873,4265.384766,4289.615234,4295.384766,4280.769043,4594.230957,4553.717773,4460.384766,4518.205078,,,,,,,,,,,,,,,,,,,,,,,,,,,,,,,,,,,,,,,,,,,,,,,,,,,,,,,,,,,,,,,,,,,,,,
1769161672.905029,1769161672.90583,7.0,0.0,4306.282227,4294.615234,4522.692383,4390.641113,4273.077148,4261.794922,4261.410156,4280.512695,4288.205078,4282.692383,4593.077148,4555.641113,4461.025879,4521.794922,,,,,,,,,,,,,,,,,,,,,,,,,,,,,,,,,,,,,,,,,,,,,,,,,,,,,,,,,,,,,,,,,,,,,,
1769161672.912838,1769161672.913539,8.0,0.0,4301.922852,4290.512695,4520.384766,4384.230957,4275.256348,4266.410156,4270.512695,4281.153809,4289.102539,4277.05127,4586.025879,4547.820313,4447.436035,4507.94873,,,,,,,,,,,,,,,,,,,,,,,,,,,,,,,,,,,,,,,,,,,,,,,,,,,,,,,,,,,,,,,,,,,,,,
1769161672.920646,1769161672.921347,9.0,0.0,4303.461426,4295.512695,4519.615234,4384.487305,4278.846191,4266.538574,4269.102539,4283.461426,4292.436035,4277.05127,4585.512695,4539.487305,4442.179688,4502.94873,,,,,,,,,,,,,,,,,,,,,,,,,,,,,,,,,,,,,,,,,,,,,,,,,,,,,,,,,,,,,,,,,,,,,,
1769161672.928455,1769161672.929056,10.0,0.0,4308.974121,4298.589844,4514.743652,4391.410156,4280.0,4263.333496,4264.358887,4281.153809,4288.077148,4280.384766,4588.717773,4539.871582,4446.410156,4506.922852,,,,,,,,,,,,,,,,,,,,,,,,,,,,,,,,,,,,,,,,,,,,,,,,,,,,,,,,,,,,,,,,,,,,,,
1769161672.936263,1769161672.936864,11.0,0.0,4305.769043,4292.820313,4507.179688,4387.94873,4278.974121,4265.512695,4272.563965,4283.974121,4281.922852,4276.794922,4585.897461,4541.153809,4443.717773,4506.153809,,,,,,,,,,,,,,,,,,,,,,,,,,,,,,,,,,,,,,,,,,,,,,,,,,,,,,,,,,,,,,,,,,,,,,
1769161672.944071,1769161672.944473,12.0,0.0,4303.461426,4291.282227,4510.897461,4384.358887,4278.333496,4272.563965,4281.666504,4286.410156,4282.820313,4272.94873,4583.205078,4541.282227,4440.897461,4504.615234,,,,,,,,,,,,,,,,,,,,,,,,,,,,,,,,,,,,,,,,,,,,,,,,,,,,,,,,,,,,,,,,,,,,,,
1769161672.95188,1769161672.952281,13.0,0.0,4310.256348,4294.871582,4517.94873,4393.333496,4280.128418,4273.077148,4277.692383,4282.692383,4287.692383,4276.666504,4587.692383,4547.820313,4444.871582,4508.717773,,,,,,,,,,,,,,,,,,,,,,,,,,,,,,,,,,,,,,,,,,,,,,,,,,,,,,,,,,,,,,,,,,,,,,
1769161672.959688,1769161672.95999,14.0,0.0,4310.641113,4295.769043,4512.820313,4397.692383,4281.794922,4266.666504,4265.769043,4280.897461,4290.897461,4279.102539,4589.230957,4550.128418,4447.05127,4510.256348,0.595908,0.327804,0.373413,0.361976,0.212778,0.472037,0.288412,0.173253,0.180248,0.104974,0.404642,0.200054,0.260195,0.206331,0.113168,0.536751,0.343775,0.240155,0.293297,0.074435,0.193581,0.086865,0.05458,0.054082,0.050343,0.263375,0.330098,0.334445,0.243304,0.114679,0.160657,0.233986,0.180263,0.145615,0.108096,0.274861,0.109522,0.174732,0.132564,0.069317,0.511728,0.306148,0.133565,0.204052,0.118576,0.273001,0.495962,0.231673,0.233757,0.111241,0.571298,0.703128,0.17172,0.203797,0.13223,0.405762,0.569438,0.18121,0.286321,0.100634,0.923615,0.907232,0.177037,0.359028,0.215532,0.599921,0.645819,0.357412,0.317103,0.223742
1769161672.967497,1769161672.967798,15.0,0.0,4300.0,4293.461426,4505.897461,4390.641113,4279.871582,4264.358887,4263.333496,4281.025879,4286.025879,4272.307617,4585.897461,4541.410156,4443.205078,4502.94873,,,,,,,,,,,,,,,,,,,,,,,,,,,,,,,,,,,,,,,,,,,,,,,,,,,,,,,,,,,,,,,,,,,,,,
1769161672.975305,1769161672.975407,16.0,0.0,4294.743652,4290.384766,4507.307617,4386.794922,4276.025879,4264.871582,4269.230957,4279.358887,4279.230957,4268.077148,4584.230957,4537.436035,4441.410156,4494.358887,,,,,,,,,,,,,,,,,,,,,,,,,,,,,,,,,,,,,,,,,,,,,,,,,,,,,,,,,,,,,,,,,,,,,,
1769161672.983114,1769161672.983215,17.0,0.0,4299.358887,4289.487305,4508.077148,4389.871582,4275.128418,4264.743652,4268.333496,4278.974121,4278.461426,4264.615234,4580.769043,4540.256348,4442.563965,4492.179688,,,,,,,,,,,,,,,,,,,,,,,,,,,,,,,,,,,,,,,,,,,,,,,,,,,,,,,,,,,,,,,,,,,,,,
1769161672.990922,1769161672.990924,18.0,0.0,4294.871582,4288.846191,4504.230957,4388.717773,4278.333496,4265.897461,4266.282227,4280.128418,4280.769043,4258.717773,4578.589844,4539.615234,4440.384766,4495.641113,,,,,,,,,,,,,,,,,,,,,,,,,,,,,,,,,,,,,,,,,,,,,,,,,,,,,,,,,,,,,,,,,,,,,,
1769161672.998731,1769161672.998732,19.0,0.0,4291.025879,4286.025879,4503.077148,4384.743652,4277.179688,4266.025879,4266.922852,4278.974121,4282.179688,4267.307617,4584.871582,4540.384766,4440.256348,4501.153809,,,,,,,,,,,,,,,,,,,,,,,,,,,,,,,,,,,,,,,,,,,,,,,,,,,,,,,,,,,,,,,,,,,,,,
1769161673.006539,1769161673.00674,20.0,0.0,4300.769043,4288.589844,4506.794922,4386.666504,4274.615234,4264.230957,4264.615234,4278.717773,4288.077148,4283.077148,4590.0,4543.589844,4443.846191,4506.922852,,,,,,,,,,,,,,,,,,,,,,,,,,,,,,,,,,,,,,,,,,,,,,,,,,,,,,,,,,,,,,,,,,,,,,
1769161673.014348,1769161673.014549,21.0,0.0,4305.128418,4294.102539,4506.410156,4389.230957,4273.846191,4265.256348,4267.692383,4282.307617,4290.256348,4281.282227,4586.666504,4541.282227,4438.461426,4506.922852,,,,,,,,,,,,,,,,,,,,,,,,,,,,,,,,,,,,,,,,,,,,,,,,,,,,,,,,,,,,,,,,,,,,,,
1769161673.022156,1769161673.022457,22.0,0.0,4296.922852,4287.820313,4497.436035,4386.538574,4270.128418,4265.512695,4275.769043,4283.846191,4283.333496,4272.94873,4584.743652,4538.974121,4428.846191,4504.743652,,,,,,,,,,,,,,,,,,,,,,,,,,,,,,,,,,,,,,,,,,,,,,,,,,,,,,,,,,,,,,,,,,,,,,
1769161673.029965,1769161673.030266,23.0,0.0,4292.436035,4277.94873,4489.487305,4378.846191,4268.205078,4262.692383,4270.0,4280.512695,4278.205078,4275.769043,4579.871582,4539.743652,4428.589844,4505.256348,,,,,,,,,,,,,,,,,,,,,,,,,,,,,,,,,,,,,,,,,,,,,,,,,,,,,,,,,,,,,,,,,,,,,,
1769161673.037773,1769161673.038274,24.0,0.0,4293.846191,4278.205078,4490.384766,4373.717773,4270.384766,4260.0,4260.641113,4277.563965,4276.922852,4273.846191,4573.846191,4539.230957,4430.384766,4504.358887,,,,,,,,,,,,,,,,,,,,,,,,,,,,,,,,,,,,,,,,,,,,,,,,,,,,,,,,,,,,,,,,,,,,,,
1769161673.045581,1769161673.046082,25.0,0.0,4293.846191,4278.717773,4492.436035,4376.025879,4271.922852,4260.897461,4264.615234,4279.743652,4277.307617,4267.179688,4577.692383,4537.563965,4426.922852,4504.871582,,,,,,,,,,,,,,,,,,,,,,,,,,,,,,,,,,,,,,,,,,,,,,,,,,,,,,,,,,,,,,,,,,,,,,
1769161673.05339,1769161673.053791,26.0,0.0,4295.384766,4276.666504,4489.102539,4380.641113,4272.307617,4262.692383,4266.666504,4281.538574,4278.205078,4266.538574,4579.871582,4536.794922,4426.794922,4504.743652,,,,,,,,,,,,,,,,,,,,,,,,,,,,,,,,,,,,,,,,,,,,,,,,,,,,,,,,,,,,,,,,,,,,,,
1769161673.061198,1769161673.061599,27.0,0.0,4290.128418,4278.717773,4482.179688,4380.512695,4275.769043,4263.589844,4262.563965,4280.641113,4278.461426,4266.666504,4578.974121,4536.666504,4429.487305,4498.077148,,,,,,,,,,,,,,,,,,,,,,,,,,,,,,,,,,,,,,,,,,,,,,,,,,,,,,,,,,,,,,,,,,,,,,
1769161673.069007,1769161673.069608,28.0,0.0,4279.615234,4276.666504,4473.974121,4375.512695,4272.820313,4263.461426,4263.846191,4279.615234,4277.307617,4265.384766,4580.256348,4536.025879,4427.692383,4490.897461,,,,,,,,,,,,,,,,,,,,,,,,,,,,,,,,,,,,,,,,,,,,,,,,,,,,,,,,,,,,,,,,,,,,,,
1769161673.076815,1769161673.077416,29.0,0.0,4282.179688,4274.871582,4475.897461,4374.102539,4266.538574,4261.922852,4265.769043,4279.871582,4276.282227,4265.641113,4577.820313,4538.846191,4426.025879,4488.846191,,,,,,,,,,,,,,,,,,,,,,,,,,,,,,,,,,,,,,,,,,,,,,,,,,,,,,,,,,,,,,,,,,,,,,
1769161673.084624,1769161673.085324,30.0,0.0,4293.333496,4279.487305,4488.846191,4377.94873,4269.615234,4264.102539,4265.641113,4279.102539,4273.333496,4265.256348,4571.153809,4536.794922,4426.794922,4493.974121,0.734092,0.30012,0.375194,0.374575,0.250719,0.4345,0.290478,0.18175,0.187503,0.106921,0.516109,0.205459,0.226934,0.192193,0.106227,0.416582,0.321221,0.238082,0.279038,0.074052,0.222785,0.113269,0.061615,0.058993,0.058064,0.25262,0.275298,0.303985,0.244887,0.107826,0.162336,0.209556,0.1725,0.155144,0.106966,0.303169,0.094971,0.140311,0.128311,0.072343,0.555285,0.322516,0.169503,0.208175,0.129066,0.354519,0.497099,0.236196,0.211179,0.130618,0.60341,0.675942,0.225152,0.188521,0.12578,0.422946,0.535814,0.177339,0.260593,0.097347,1.064161,0.842144,0.220124,0.337486,0.210236,0.667972,0.576737,0.35496,0.351878,0.224187
1769161673.092432,1769161673.093133,31.0,0.0,4296.666504,4280.512695,4493.846191,4382.05127,4272.307617,4261.410156,4264.230957,4274.871582,4267.692383,4263.461426,4571.666504,4528.589844,4426.538574,4501.922852,,,,,,,,,,,,,,,,,,,,,,,,,,,,,,,,,,,,,,,,,,,,,,,,,,,,,,,,,,,,,,,,,,,,,,
1769161673.100241,1769161673.100941,32.0,0.0,4293.846191,4283.333496,4485.769043,4381.794922,4270.384766,4253.589844,4262.307617,4272.94873,4268.589844,4264.743652,4575.769043,4526.794922,4426.282227,4507.692383,,,,,,,,,,,,,,,,,,,,,,,,,,,,,,,,,,,,,,,,,,,,,,,,,,,,,,,,,,,,,,,,,,,,,,
1769161673.108049,1769161673.10875,33.0,0.0,4291.666504,4287.563965,4476.922852,4377.179688,4269.871582,4251.025879,4261.282227,4277.05127,4274.358887,4265.0,4572.563965,4528.589844,4428.077148,4504.615234,,,,,,,,,,,,,,,,,,,,,,,,,,,,,,,,,,,,,,,,,,,,,,,,,,,,,,,,,,,,,,,,,,,,,,
1769161673.115857,1769161673.116458,34.0,0.0,4289.615234,4282.436035,4475.128418,4376.922852,4276.538574,4253.077148,4262.179688,4279.487305,4277.436035,4267.179688,4572.563965,4526.794922,4429.230957,4497.05127,,,,,,,,,,,,,,,,,,,,,,,,,,,,,,,,,,,,,,,,,,,,,,,,,,,,,,,,,,,,,,,,,,,,,,
1769161673.123666,1769161673.124267,35.0,0.0,4291.538574,4281.282227,4475.897461,4380.641113,4276.794922,4257.179688,4262.179688,4278.589844,4277.05127,4271.410156,4579.615234,4524.871582,4428.846191,4493.333496,,,,,,,,,,,,,,,,,,,,,,,,,,,,,,,,,,,,,,,,,,,,,,,,,,,,,,,,,,,,,,,,,,,,,,
1769161673.131474,1769161673.132275,36.0,0.0,4296.410156,4291.025879,4477.820313,4380.128418,4269.743652,4261.922852,4261.025879,4278.846191,4280.0,4269.615234,4583.333496,4525.641113,4428.974121,4495.256348,,,,,,,,,,,,,,,,,,,,,,,,,,,,,,,,,,,,,,,,,,,,,,,,,,,,,,,,,,,,,,,,,,,,,,
1769161673.139283,1769161673.140083,37.0,0.0,4297.563965,4288.333496,4473.717773,4374.871582,4269.487305,4259.230957,4261.153809,4278.461426,4276.538574,4265.0,4575.256348,4523.461426,4429.358887,4496.282227,,,,,,,,,,,,,,,,,,,,,,,,,,,,,,,,,,,,,,,,,,,,,,,,,,,,,,,,,,,,,,,,,,,,,,
1769161673.147091,1769161673.147792,38.0,0.0,4292.692383,4276.922852,4463.589844,4371.282227,4272.563965,4253.333496,4260.256348,4277.307617,4266.025879,4260.769043,4569.230957,4519.615234,4425.256348,4490.256348,,,,,,,,,,,,,,,,,,,,,,,,,,,,,,,,,,,,,,,,,,,,,,,,,,,,,,,,,,,,,,,,,,,,,,
1769161673.1549,1769161673.1556,39.0,0.0,4293.333496,4281.282227,4464.743652,4371.922852,4273.077148,4257.179688,4260.769043,4278.717773,4269.743652,4261.794922,4577.05127,4525.512695,4424.358887,4493.589844,,,,,,,,,,,,,,,,,,,,,,,,,,,,,,,,,,,,,,,,,,,,,,,,,,,,,,,,,,,,,,,,,,,,,,
1769161673.162708,1769161673.163209,40.0,0.0,4302.05127,4292.563965,4476.153809,4373.589844,4274.871582,4261.922852,4263.205078,4280.512695,4280.769043,4273.077148,4588.205078,4536.410156,4437.179688,4507.05127,,,,,,,,,,,,,,,,,,,,,,,,,,,,,,,,,,,,,,,,,,,,,,,,,,,,,,,,,,,,,,,,,,,,,,
1769161673.170517,1769161673.171017,41.0,0.0,4305.512695,4293.589844,4478.205078,4378.077148,4281.025879,4260.384766,4264.102539,4281.153809,4281.153809,4278.461426,4591.538574,4539.487305,4443.589844,4510.512695,,,,,,,,,,,,,,,,,,,,,,,,,,,,,,,,,,,,,,,,,,,,,,,,,,,,,,,,,,,,,,,,,,,,,,
1769161673.178325,1769161673.178726,42.0,0.0,4306.410156,4288.205078,4475.769043,4381.410156,4280.0,4260.256348,4262.307617,4280.512695,4276.538574,4264.615234,4583.717773,4535.769043,4430.0,4503.717773,,,,,,,,,,,,,,,,,,,,,,,,,,,,,,,,,,,,,,,,,,,,,,,,,,,,,,,,,,,,,,,,,,,,,,
1769161673.186134,1769161673.186534,43.0,0.0,4312.179688,4287.820313,4481.025879,4379.743652,4272.436035,4261.410156,4261.410156,4280.769043,4278.589844,4260.512695,4582.307617,4538.461426,4426.794922,4504.743652,,,,,,,,,,,,,,,,,,,,,,,,,,,,,,,,,,,,,,,,,,,,,,,,,,,,,,,,,,,,,,,,,,,,,,
1769161673.193942,1769161673.194143,44.0,0.0,4313.077148,4289.487305,4482.307617,4377.436035,4272.563965,4263.974121,4265.897461,4282.94873,4281.153809,4276.410156,4593.846191,4542.94873,4443.846191,4512.692383,,,,,,,,,,,,,,,,,,,,,,,,,,,,,,,,,,,,,,,,,,,,,,,,,,,,,,,,,,,,,,,,,,,,,,
1769161673.20175,1769161673.201952,45.0,0.0,4308.461426,4289.230957,4477.179688,4379.615234,4276.153809,4262.307617,4260.769043,4282.820313,4280.769043,4280.384766,4598.077148,4542.307617,4448.333496,4512.307617,,,,,,,,,,,,,,,,,,,,,,,,,,,,,,,,,,,,,,,,,,,,,,,,,,,,,,,,,,,,,,,,,,,,,,
1769161673.209559,1769161673.20986,46.0,0.0,4310.384766,4286.922852,4475.769043,4380.641113,4276.282227,4261.282227,4253.205078,4279.487305,4279.615234,4266.410156,4587.820313,4540.641113,4435.128418,4507.94873,0.92539,0.282593,0.368272,0.370122,0.276102,0.41323,0.288857,0.192212,0.195239,0.105448,0.678714,0.205777,0.190238,0.178031,0.103037,0.313186,0.308401,0.221543,0.249589,0.078189,0.256092,0.140609,0.064195,0.062861,0.066187,0.235105,0.230668,0.267718,0.23791,0.099934,0.172833,0.196167,0.164919,0.17102,0.109605,0.346583,0.091882,0.128387,0.124739,0.075847,0.60352,0.344954,0.213675,0.200224,0.137873,0.468776,0.450465,0.232038,0.192258,0.150616,0.699385,0.626586,0.293016,0.174314,0.122835,0.491472,0.470982,0.1742,0.229555,0.093854,1.254439,0.714148,0.276571,0.312422,0.199776,0.81007,0.497323,0.348832,0.380183,0.223535
1769161673.217367,1769161673.217668,47.0,0.0,4312.179688,4282.436035,4476.410156,4375.512695,4273.974121,4266.410156,4255.897461,4278.333496,4276.282227,4259.487305,4582.179688,4537.563965,4427.692383,4506.282227,,,,,,,,,,,,,,,,,,,,,,,,,,,,,,,,,,,,,,,,,,,,,,,,,,,,,,,,,,,,,,,,,,,,,,
1769161673.225176,1769161673.225677,48.0,0.0,4308.589844,4283.461426,4475.256348,4371.794922,4272.436035,4259.871582,4252.563965,4279.871582,4278.205078,4266.666504,4587.692383,4538.205078,4430.641113,4507.820313,,,,,,,,,,,,,,,,,,,,,,,,,,,,,,,,,,,,,,,,,,,,,,,,,,,,,,,,,,,,,,,,,,,,,,
1769161673.232984,1769161673.233485,49.0,0.0,4307.94873,4286.025879,4470.128418,4373.461426,4268.846191,4249.358887,4245.641113,4279.358887,4280.641113,4265.897461,4587.179688,4536.922852,4431.666504,4507.05127,,,,,,,,,,,,,,,,,,,,,,,,,,,,,,,,,,,,,,,,,,,,,,,,,,,,,,,,,,,,,,,,,,,,,,
1769161673.240793,1769161673.241393,50.0,0.0,4309.743652,4283.589844,4465.0,4372.820313,4265.641113,4258.077148,4252.563965,4278.333496,4279.230957,4261.538574,4582.179688,4527.179688,4426.153809,4502.820313,,,,,,,,,,,,,,,,,,,,,,,,,,,,,,,,,,,,,,,,,,,,,,,,,,,,,,,,,,,,,,,,,,,,,,
1769161673.248601,1769161673.249202,51.0,0.0,4310.769043,4283.333496,4466.538574,4371.794922,4267.05127,4261.025879,4254.102539,4279.358887,4279.102539,4271.538574,4584.102539,4523.589844,4426.025879,4506.538574,,,,,,,,,,,,,,,,,,,,,,,,,,,,,,,,,,,,,,,,,,,,,,,,,,,,,,,,,,,,,,,,,,,,,,
1769161673.25641,1769161673.25721,52.0,0.0,4305.256348,4284.102539,4464.230957,4371.025879,4266.794922,4249.487305,4247.692383,4279.102539,4276.666504,4275.256348,4584.487305,4524.743652,4431.282227,4505.769043,,,,,,,,,,,,,,,,,,,,,,,,,,,,,,,,,,,,,,,,,,,,,,,,,,,,,,,,,,,,,,,,,,,,,,
1769161673.264218,1769161673.265019,53.0,0.0,4298.717773,4278.974121,4455.384766,4365.641113,4264.487305,4253.333496,4254.230957,4279.230957,4276.538574,4266.282227,4580.0,4523.717773,4429.743652,4494.871582,,,,,,,,,,,,,,,,,,,,,,,,,,,,,,,,,,,,,,,,,,,,,,,,,,,,,,,,,,,,,,,,,,,,,,
1769161673.272026,1769161673.272927,54.0,0.0,4306.794922,4278.205078,4463.077148,4365.0,4266.282227,4257.820313,4255.769043,4281.025879,4277.820313,4266.410156,4581.666504,4529.358887,4426.666504,4495.769043,,,,,,,,,,,,,,,,,,,,,,,,,,,,,,,,,,,,,,,,,,,,,,,,,,,,,,,,,,,,,,,,,,,,,,
1769161673.279835,1769161673.280735,55.0,0.0,4314.487305,4283.846191,4473.461426,4371.410156,4268.589844,4246.666504,4242.307617,4280.641113,4272.563965,4270.641113,4586.025879,4533.589844,4428.846191,4510.256348,,,,,,,,,,,,,,,,,,,,,,,,,,,,,,,,,,,,,,,,,,,,,,,,,,,,,,,,,,,,,,,,,,,,,,
1769161673.287643,1769161673.288744,56.0,0.0,4301.666504,4281.410156,4463.205078,4370.512695,4267.307617,4250.512695,4245.384766,4279.871582,4270.128418,4267.436035,4585.256348,4526.410156,4428.333496,4509.743652,,,,,,,,,,,,,,,,,,,,,,,,,,,,,,,,,,,,,,,,,,,,,,,,,,,,,,,,,,,,,,,,,,,,,,
1769161673.295452,1769161673.296552,57.0,0.0,4293.333496,4277.820313,4454.230957,4363.846191,4267.05127,4264.871582,4258.333496,4282.307617,4275.384766,4265.512695,4581.282227,4523.333496,4427.436035,4493.589844,,,,,,,,,,,,,,,,,,,,,,,,,,,,,,,,,,,,,,,,,,,,,,,,,,,,,,,,,,,,,,,,,,,,,,
1769161673.30326,1769161673.304261,58.0,0.0,4305.384766,4279.871582,4461.922852,4365.512695,4269.358887,4265.0,4256.153809,4283.077148,4271.282227,4266.410156,4574.230957,4526.282227,4425.641113,4488.846191,,,,,,,,,,,,,,,,,,,,,,,,,,,,,,,,,,,,,,,,,,,,,,,,,,,,,,,,,,,,,,,,,,,,,,
1769161673.311069,1769161673.312069,59.0,0.0,4315.0,4281.666504,4466.922852,4370.641113,4266.538574,4259.102539,4248.205078,4279.358887,4260.256348,4265.0,4569.487305,4522.94873,4420.128418,4493.589844,,,,,,,,,,,,,,,,,,,,,,,,,,,,,,,,,,,,,,,,,,,,,,,,,,,,,,,,,,,,,,,,,,,,,,
1769161673.318877,1769161673.319678,60.0,0.0,4309.230957,4282.692383,4461.153809,4368.589844,4265.0,4257.820313,4248.461426,4278.974121,4262.179688,4258.717773,4573.077148,4519.230957,4417.820313,4494.615234,,,,,,,,,,,,,,,,,,,,,,,,,,,,,,,,,,,,,,,,,,,,,,,,,,,,,,,,,,,,,,,,,,,,,,
1769161673.326686,1769161673.327486,61.0,0.0,4295.512695,4280.256348,4456.922852,4364.615234,4269.487305,4260.769043,4250.897461,4285.384766,4268.846191,4254.102539,4571.282227,4520.641113,4416.538574,4488.846191,,,,,,,,,,,,,,,,,,,,,,,,,,,,,,,,,,,,,,,,,,,,,,,,,,,,,,,,,,,,,,,,,,,,,,
1769161673.334494,1769161673.335394,62.0,0.0,4290.769043,4276.666504,4457.307617,4363.846191,4269.615234,4264.871582,4250.256348,4290.256348,4267.563965,4259.615234,4568.589844,4520.512695,4412.05127,4483.589844,1.106495,0.285221,0.358206,0.351638,0.28092,0.402475,0.280415,0.201883,0.198583,0.100516,0.88835,0.20451,0.156639,0.17688,0.102639,0.234982,0.311488,0.193613,0.214877,0.084159,0.281871,0.163771,0.063213,0.065738,0.073536,0.215245,0.202426,0.231217,0.224211,0.092076,0.188308,0.200113,0.156177,0.191903,0.114206,0.392957,0.100952,0.133953,0.124149,0.077631,0.635526,0.38032,0.255468,0.185113,0.142606,0.580262,0.371895,0.221376,0.183093,0.166758,0.829263,0.567301,0.3592,0.167152,0.122019,0.598537,0.38661,0.174046,0.206623,0.090918,1.450427,0.56052,0.330654,0.296889,0.188118,0.978765,0.42565,0.346683,0.401053,0.220603
1769161673.342302,1769161673.343203,63.0,0.0,4303.333496,4283.717773,4460.0,4365.384766,4268.461426,4265.384766,4250.512695,4290.0,4267.94873,4266.025879,4578.077148,4523.846191,4415.384766,4493.717773,,,,,,,,,,,,,,,,,,,,,,,,,,,,,,,,,,,,,,,,,,,,,,,,,,,,,,,,,,,,,,,,,,,,,,
1769161673.350111,1769161673.350812,64.0,0.0,4314.871582,4295.128418,4461.410156,4371.282227,4273.205078,4264.230957,4251.538574,4287.436035,4274.487305,4266.538574,4586.153809,4533.333496,4432.94873,4509.230957,,,,,,,,,,,,,,,,,,,,,,,,,,,,,,,,,,,,,,,,,,,,,,,,,,,,,,,,,,,,,,,,,,,,,,
1769161673.357919,1769161673.35862,65.0,0.0,4314.102539,4294.487305,4461.538574,4376.794922,4277.436035,4264.358887,4247.692383,4287.179688,4280.512695,4265.128418,4583.333496,4536.282227,4442.820313,4510.512695,,,,,,,,,,,,,,,,,,,,,,,,,,,,,,,,,,,,,,,,,,,,,,,,,,,,,,,,,,,,,,,,,,,,,,
1769161673.365728,1769161673.366329,66.0,0.0,4311.153809,4287.436035,4461.153809,4372.563965,4273.077148,4263.717773,4246.666504,4290.256348,4279.871582,4265.641113,4580.897461,4533.974121,4431.794922,4502.692383,,,,,,,,,,,,,,,,,,,,,,,,,,,,,,,,,,,,,,,,,,,,,,,,,,,,,,,,,,,,,,,,,,,,,,
1769161673.373536,1769161673.374137,67.0,0.0,4308.974121,4284.743652,4458.333496,4364.358887,4266.538574,4263.589844,4250.384766,4293.333496,4278.077148,4273.077148,4586.025879,4534.230957,4422.436035,4508.205078,,,,,,,,,,,,,,,,,,,,,,,,,,,,,,,,,,,,,,,,,,,,,,,,,,,,,,,,,,,,,,,,,,,,,,
1769161673.381345,1769161673.381746,68.0,0.0,4308.717773,4285.512695,4458.333496,4363.589844,4267.436035,4263.846191,4251.666504,4292.820313,4278.461426,4280.128418,4588.333496,4530.641113,4428.974121,4512.820313,,,,,,,,,,,,,,,,,,,,,,,,,,,,,,,,,,,,,,,,,,,,,,,,,,,,,,,,,,,,,,,,,,,,,,
1769161673.389153,1769161673.389554,69.0,0.0,4310.128418,4286.410156,4458.974121,4366.282227,4274.743652,4264.230957,4248.461426,4289.743652,4276.410156,4272.179688,4577.563965,4522.307617,4429.743652,4500.0,,,,,,,,,,,,,,,,,,,,,,,,,,,,,,,,,,,,,,,,,,,,,,,,,,,,,,,,,,,,,,,,,,,,,,
1769161673.396962,1769161673.397263,70.0,0.0,4305.512695,4286.922852,4457.179688,4365.897461,4278.717773,4266.666504,4248.589844,4288.846191,4274.358887,4264.230957,4568.974121,4520.0,4419.871582,4487.436035,,,,,,,,,,,,,,,,,,,,,,,,,,,,,,,,,,,,,,,,,,,,,,,,,,,,,,,,,,,,,,,,,,,,,,
1769161673.40477,1769161673.405071,71.0,0.0,4303.461426,4288.846191,4457.05127,4365.128418,4275.769043,4265.128418,4252.94873,4290.641113,4273.589844,4268.077148,4575.897461,4524.102539,4423.589844,4490.769043,,,,,,,,,,,,,,,,,,,,,,,,,,,,,,,,,,,,,,,,,,,,,,,,,,,,,,,,,,,,,,,,,,,,,,
1769161673.412578,1769161673.413079,72.0,0.0,4309.102539,4293.589844,4460.128418,4369.615234,4276.282227,4265.0,4259.487305,4291.922852,4271.666504,4262.436035,4579.102539,4524.743652,4432.307617,4500.256348,,,,,,,,,,,,,,,,,,,,,,,,,,,,,,,,,,,,,,,,,,,,,,,,,,,,,,,,,,,,,,,,,,,,,,
1769161673.420387,1769161673.420888,73.0,0.0,4313.461426,4296.282227,4461.538574,4375.512695,4281.410156,4272.307617,4263.077148,4293.077148,4269.615234,4259.358887,4571.410156,4524.102539,4428.846191,4498.846191,,,,,,,,,,,,,,,,,,,,,,,,,,,,,,,,,,,,,,,,,,,,,,,,,,,,,,,,,,,,,,,,,,,,,,
1769161673.428195,1769161673.428796,74.0,0.0,4309.487305,4293.589844,4458.974121,4374.487305,4281.025879,4273.461426,4260.128418,4294.358887,4269.102539,4273.846191,4573.974121,4524.358887,4426.794922,4489.871582,,,,,,,,,,,,,,,,,,,,,,,,,,,,,,,,,,,,,,,,,,,,,,,,,,,,,,,,,,,,,,,,,,,,,,
1769161673.436004,1769161673.436605,75.0,0.0,4300.897461,4288.717773,4455.641113,4368.846191,4279.743652,4265.769043,4259.230957,4293.589844,4265.512695,4276.153809,4581.025879,4525.769043,4428.717773,4488.974121,,,,,,,,,,,,,,,,,,,,,,,,,,,,,,,,,,,,,,,,,,,,,,,,,,,,,,,,,,,,,,,,,,,,,,
1769161673.443812,1769161673.444613,76.0,0.0,4302.179688,4288.717773,4456.538574,4369.102539,4284.487305,4266.282227,4260.384766,4292.563965,4264.358887,4265.769043,4581.282227,4528.717773,4430.512695,4500.641113,,,,,,,,,,,,,,,,,,,,,,,,,,,,,,,,,,,,,,,,,,,,,,,,,,,,,,,,,,,,,,,,,,,,,,
1769161673.451621,1769161673.452421,77.0,0.0,4313.717773,4294.358887,4461.410156,4373.846191,4286.794922,4275.641113,4260.384766,4295.384766,4273.461426,4272.94873,4585.0,4532.692383,4438.461426,4509.487305,,,,,,,,,,,,,,,,,,,,,,,,,,,,,,,,,,,,,,,,,,,,,,,,,,,,,,,,,,,,,,,,,,,,,,
1769161673.459429,1769161673.46013,78.0,0.0,4312.179688,4296.666504,4462.94873,4375.769043,4282.94873,4277.179688,4261.538574,4299.358887,4279.615234,4282.563965,4587.05127,4535.897461,4446.538574,4504.871582,1.217402,0.306994,0.345783,0.324139,0.264849,0.402534,0.260854,0.206307,0.193117,0.093847,1.037542,0.211769,0.133347,0.19552,0.103621,0.191085,0.327675,0.158694,0.182991,0.089822,0.292568,0.177725,0.05974,0.068625,0.078398,0.198513,0.18602,0.196048,0.20612,0.085241,0.202463,0.217844,0.149743,0.214712,0.120974,0.424191,0.117582,0.146231,0.126668,0.076115,0.639959,0.426103,0.282784,0.171426,0.14193,0.656039,0.293191,0.208542,0.185296,0.176202,0.955785,0.507292,0.404595,0.169337,0.121802,0.714527,0.308811,0.179004,0.202497,0.088206,1.599455,0.420187,0.364516,0.296079,0.178483,1.101682,0.38254,0.357517,0.413941,0.213736
1769161673.467238,1769161673.467938,79.0,0.0,4302.692383,4292.436035,4459.615234,4374.743652,4280.897461,4272.307617,4262.820313,4297.436035,4274.615234,4266.410156,4575.641113,4533.589844,4439.230957,4500.641113,,,,,,,,,,,,,,,,,,,,,,,,,,,,,,,,,,,,,,,,,,,,,,,,,,,,,,,,,,,,,,,,,,,,,,
1769161673.475046,1769161673.475847,80.0,0.0,4306.410156,4288.717773,4457.820313,4373.589844,4281.153809,4273.077148,4261.025879,4292.94873,4272.307617,4256.410156,4569.615234,4530.384766,4429.102539,4504.871582,,,,,,,,,,,,,,,,,,,,,,,,,,,,,,,,,,,,,,,,,,,,,,,,,,,,,,,,,,,,,,,,,,,,,,
1769161673.482855,1769161673.483655,81.0,0.0,4309.230957,4289.487305,4458.846191,4373.717773,4280.641113,4278.974121,4261.666504,4297.820313,4278.205078,4273.077148,4577.94873,4531.410156,4433.333496,4510.512695,,,,,,,,,,,,,,,,,,,,,,,,,,,,,,,,,,,,,,,,,,,,,,,,,,,,,,,,,,,,,,,,,,,,,,
1769161673.490663,1769161673.491563,82.0,0.0,4306.794922,4291.666504,4459.230957,4373.077148,4279.358887,4280.128418,4265.897461,4301.025879,4280.897461,4281.153809,4584.230957,4530.769043,4436.025879,4508.077148,,,,,,,,,,,,,,,,,,,,,,,,,,,,,,,,,,,,,,,,,,,,,,,,,,,,,,,,,,,,,,,,,,,,,,
1769161673.498472,1769161673.499372,83.0,0.0,4310.512695,4291.922852,4457.179688,4372.179688,4277.94873,4274.871582,4258.717773,4295.128418,4278.205078,4274.102539,4580.384766,4528.974121,4429.487305,4505.641113,,,,,,,,,,,,,,,,,,,,,,,,,,,,,,,,,,,,,,,,,,,,,,,,,,,,,,,,,,,,,,,,,,,,,,
1769161673.50628,1769161673.50698,84.0,0.0,4307.05127,4292.563965,4459.102539,4374.230957,4278.461426,4272.307617,4250.512695,4299.358887,4278.333496,4273.974121,4578.333496,4534.230957,4430.128418,4507.820313,,,,,,,,,,,,,,,,,,,,,,,,,,,,,,,,,,,,,,,,,,,,,,,,,,,,,,,,,,,,,,,,,,,,,,
1769161673.514089,1769161673.514789,85.0,0.0,4296.922852,4292.436035,4460.769043,4374.358887,4280.897461,4276.794922,4256.538574,4307.563965,4280.128418,4276.410156,4582.179688,4538.589844,4433.461426,4503.333496,,,,,,,,,,,,,,,,,,,,,,,,,,,,,,,,,,,,,,,,,,,,,,,,,,,,,,,,,,,,,,,,,,,,,,
1769161673.521897,1769161673.522497,86.0,0.0,4293.974121,4287.05127,4451.153809,4368.589844,4278.589844,4280.128418,4264.743652,4299.358887,4279.230957,4270.512695,4578.974121,4529.615234,4427.307617,4490.256348,,,,,,,,,,,,,,,,,,,,,,,,,,,,,,,,,,,,,,,,,,,,,,,,,,,,,,,,,,,,,,,,,,,,,,
1769161673.529705,1769161673.530306,87.0,0.0,4291.025879,4280.0,4441.282227,4361.666504,4277.94873,4279.230957,4262.692383,4295.128418,4276.922852,4261.922852,4570.384766,4520.0,4420.897461,4487.692383,,,,,,,,,,,,,,,,,,,,,,,,,,,,,,,,,,,,,,,,,,,,,,,,,,,,,,,,,,,,,,,,,,,,,,
1769161673.537514,1769161673.538314,88.0,0.0,4284.487305,4277.05127,4441.282227,4359.487305,4277.436035,4274.871582,4257.692383,4303.461426,4276.666504,4259.743652,4568.717773,4527.820313,4425.256348,4501.410156,,,,,,,,,,,,,,,,,,,,,,,,,,,,,,,,,,,,,,,,,,,,,,,,,,,,,,,,,,,,,,,,,,,,,,
1769161673.545322,1769161673.546123,89.0,0.0,4287.692383,4279.487305,4446.410156,4361.282227,4270.0,4267.436035,4260.256348,4301.025879,4278.717773,4270.769043,4578.846191,4539.871582,4437.94873,4509.487305,,,,,,,,,,,,,,,,,,,,,,,,,,,,,,,,,,,,,,,,,,,,,,,,,,,,,,,,,,,,,,,,,,,,,,
1769161673.553131,1769161673.553831,90.0,0.0,4295.128418,4285.512695,4453.974121,4365.384766,4265.0,4266.794922,4262.179688,4295.512695,4281.410156,4283.205078,4585.384766,4541.410156,4445.0,4507.436035,,,,,,,,,,,,,,,,,,,,,,,,,,,,,,,,,,,,,,,,,,,,,,,,,,,,,,,,,,,,,,,,,,,,,,
1769161673.560939,1769161673.56164,91.0,0.0,4296.538574,4288.846191,4459.871582,4367.820313,4267.692383,4269.615234,4255.897461,4298.205078,4279.230957,4273.077148,4578.205078,4537.179688,4434.358887,4507.820313,,,,,,,,,,,,,,,,,,,,,,,,,,,,,,,,,,,,,,,,,,,,,,,,,,,,,,,,,,,,,,,,,,,,,,
1769161673.568748,1769161673.569248,92.0,0.0,4296.410156,4290.0,4459.102539,4365.897461,4268.205078,4267.563965,4249.743652,4295.897461,4276.025879,4263.205078,4573.461426,4536.666504,4425.0,4505.897461,,,,,,,,,,,,,,,,,,,,,,,,,,,,,,,,,,,,,,,,,,,,,,,,,,,,,,,,,,,,,,,,,,,,,,
1769161673.576556,1769161673.577057,93.0,0.0,4297.307617,4292.563965,4453.717773,4366.538574,4265.897461,4268.333496,4249.230957,4294.358887,4277.436035,4275.128418,4575.897461,4536.282227,4432.179688,4496.794922,,,,,,,,,,,,,,,,,,,,,,,,,,,,,,,,,,,,,,,,,,,,,,,,,,,,,,,,,,,,,,,,,,,,,,
1769161673.584365,1769161673.584765,94.0,0.0,4295.769043,4289.102539,4447.692383,4367.563965,4266.538574,4274.102539,4251.794922,4297.94873,4272.563965,4278.333496,4575.512695,4530.384766,4434.743652,4490.512695,1.229563,0.337713,0.330629,0.293027,0.236592,0.412335,0.230267,0.203081,0.177444,0.088476,1.132761,0.238911,0.121821,0.229766,0.106046,0.171367,0.346839,0.122389,0.157104,0.094317,0.289036,0.179842,0.055782,0.072961,0.079493,0.192713,0.17202,0.163772,0.1871,0.080554,0.217201,0.239481,0.148771,0.234722,0.130349,0.430917,0.13315,0.154218,0.129214,0.07082,0.614222,0.473817,0.287004,0.165659,0.136199,0.670573,0.249402,0.198029,0.19605,0.179727,1.034728,0.451979,0.414722,0.178564,0.122477,0.823544,0.260748,0.189191,0.216645,0.084856,1.642354,0.320711,0.368238,0.305034,0.17363,1.140923,0.383316,0.388226,0.416687,0.204208
1769161673.592173,1769161673.592574,95.0,0.0,4292.05127,4281.410156,4443.461426,4362.436035,4266.410156,4274.230957,4255.897461,4295.384766,4262.436035,4261.410156,4569.743652,4522.563965,4427.179688,4489.102539,,,,,,,,,,,,,,,,,,,,,,,,,,,,,,,,,,,,,,,,,,,,,,,,,,,,,,,,,,,,,,,,,,,,,,
1769161673.599981,1769161673.600582,96.0,0.0,4291.282227,4280.769043,4443.717773,4356.282227,4264.230957,4270.0,4260.512695,4291.282227,4263.974121,4255.256348,4565.641113,4520.512695,4425.256348,4487.436035,,,,,,,,,,,,,,,,,,,,,,,,,,,,,,,,,,,,,,,,,,,,,,,,,,,,,,,,,,,,,,,,,,,,,,
1769161673.60779,1769161673.60839,97.0,0.0,4291.025879,4280.769043,4446.410156,4355.512695,4264.615234,4276.282227,4263.077148,4295.641113,4269.230957,4268.077148,4565.897461,4529.358887,4426.794922,4485.641113,,,,,,,,,,,,,,,,,,,,,,,,,,,,,,,,,,,,,,,,,,,,,,,,,,,,,,,,,,,,,,,,,,,,,,
1769161673.615598,1769161673.616299,98.0,0.0,4288.717773,4281.153809,4448.846191,4361.025879,4267.436035,4279.487305,4261.153809,4298.589844,4267.692383,4273.846191,4570.128418,4538.333496,4427.563965,4486.922852,,,,,,,,,,,,,,,,,,,,,,,,,,,,,,,,,,,,,,,,,,,,,,,,,,,,,,,,,,,,,,,,,,,,,,
1769161673.623407,1769161673.624107,99.0,0.0,4286.282227,4287.436035,4448.333496,4365.512695,4267.05127,4270.769043,4259.871582,4295.512695,4270.512695,4266.922852,4573.333496,4534.358887,4428.461426,4490.256348,,,,,,,,,,,,,,,,,,,,,,,,,,,,,,,,,,,,,,,,,,,,,,,,,,,,,,,,,,,,,,,,,,,,,,
1769161673.631215,1769161673.632115,100.0,0.0,4286.922852,4291.922852,4445.641113,4365.128418,4265.128418,4267.94873,4260.897461,4300.128418,4279.230957,4270.256348,4573.717773,4529.487305,4429.615234,4493.077148,,,,,,,,,,,,,,,,,,,,,,,,,,,,,,,,,,,,,,,,,,,,,,,,,,,,,,,,,,,,,,,,,,,,,,
1769161673.639024,1769161673.639924,101.0,0.0,4293.974121,4292.692383,4446.153809,4365.128418,4266.794922,4271.025879,4256.410156,4303.205078,4280.128418,4277.94873,4573.846191,4535.128418,4431.153809,4493.333496,,,,,,,,,,,,,,,,,,,,,,,,,,,,,,,,,,,,,,,,,,,,,,,,,,,,,,,,,,,,,,,,,,,,,,
1769161673.646832,1769161673.647832,102.0,0.0,4296.153809,4292.307617,4446.538574,4365.256348,4262.05127,4268.589844,4249.871582,4298.077148,4275.769043,4271.410156,4573.589844,4541.666504,4431.153809,4493.333496,,,,,,,,,,,,,,,,,,,,,,,,,,,,,,,,,,,,,,,,,,,,,,,,,,,,,,,,,,,,,,,,,,,,,,
1769161673.654641,1769161673.655641,103.0,0.0,4285.384766,4286.153809,4443.205078,4361.025879,4251.922852,4264.230957,4255.256348,4298.846191,4274.102539,4265.897461,4575.384766,4538.077148,4428.461426,4494.615234,,,,,,,,,,,,,,,,,,,,,,,,,,,,,,,,,,,,,,,,,,,,,,,,,,,,,,,,,,,,,,,,,,,,,,
1769161673.662449,1769161673.663249,104.0,0.0,4277.94873,4281.538574,4442.179688,4357.94873,4252.05127,4265.128418,4258.846191,4301.025879,4271.666504,4274.102539,4576.922852,4530.897461,4427.436035,4494.102539,,,,,,,,,,,,,,,,,,,,,,,,,,,,,,,,,,,,,,,,,,,,,,,,,,,,,,,,,,,,,,,,,,,,,,
1769161673.670257,1769161673.671058,105.0,0.0,4280.769043,4285.641113,4442.436035,4360.128418,4259.358887,4264.230957,4251.794922,4295.256348,4267.94873,4280.384766,4573.717773,4524.743652,4428.974121,4491.538574,,,,,,,,,,,,,,,,,,,,,,,,,,,,,,,,,,,,,,,,,,,,,,,,,,,,,,,,,,,,,,,,,,,,,,
1769161673.678066,1769161673.678766,106.0,0.0,4281.794922,4288.205078,4441.410156,4359.102539,4260.897461,4264.487305,4252.94873,4291.794922,4265.0,4273.846191,4571.153809,4522.563965,4428.589844,4490.0,,,,,,,,,,,,,,,,,,,,,,,,,,,,,,,,,,,,,,,,,,,,,,,,,,,,,,,,,,,,,,,,,,,,,,
1769161673.685874,1769161673.686575,107.0,0.0,4283.846191,4290.641113,4444.487305,4358.077148,4262.05127,4266.538574,4255.0,4293.974121,4263.974121,4263.333496,4571.794922,4529.487305,4427.94873,4491.410156,,,,,,,,,,,,,,,,,,,,,,,,,,,,,,,,,,,,,,,,,,,,,,,,,,,,,,,,,,,,,,,,,,,,,,
1769161673.693683,1769161673.694183,108.0,0.0,4288.846191,4292.94873,4448.846191,4359.230957,4264.871582,4263.205078,4250.128418,4293.077148,4269.102539,4268.077148,4572.179688,4534.615234,4428.717773,4494.871582,,,,,,,,,,,,,,,,,,,,,,,,,,,,,,,,,,,,,,,,,,,,,,,,,,,,,,,,,,,,,,,,,,,,,,
1769161673.701491,1769161673.701992,109.0,0.0,4281.922852,4283.846191,4445.641113,4356.153809,4263.205078,4264.230957,4256.538574,4293.589844,4274.743652,4280.769043,4568.589844,4529.487305,4425.384766,4492.05127,,,,,,,,,,,,,,,,,,,,,,,,,,,,,,,,,,,,,,,,,,,,,,,,,,,,,,,,,,,,,,,,,,,,,,
1769161673.7093,1769161673.7097,110.0,0.0,4272.692383,4277.94873,4440.897461,4355.0,4262.307617,4270.256348,4264.615234,4296.794922,4275.384766,4282.05127,4569.743652,4528.333496,4422.820313,4487.563965,1.166456,0.360634,0.310407,0.264097,0.209898,0.437732,0.193679,0.193809,0.155251,0.087177,1.083752,0.289256,0.122393,0.265999,0.111206,0.179102,0.357162,0.092958,0.13657,0.097399,0.27844,0.170832,0.053,0.079758,0.07673,0.205106,0.153048,0.136516,0.170303,0.079588,0.230166,0.254587,0.151618,0.245247,0.141445,0.408262,0.14027,0.151344,0.127936,0.06291,0.568726,0.512303,0.267403,0.169534,0.12736,0.621578,0.258143,0.19466,0.211383,0.182039,1.048806,0.405691,0.390432,0.189857,0.126231,0.912399,0.254411,0.204262,0.23825,0.080613,1.559259,0.2767,0.345997,0.313897,0.175691,1.085446,0.433106,0.437616,0.406109,0.197081
1769161673.717108,1769161673.717509,111.0,0.0,4280.256348,4287.436035,4443.846191,4358.077148,4265.256348,4270.512695,4262.05127,4295.641113,4274.102539,4278.205078,4577.692383,4530.384766,4427.94873,4494.871582,,,,,,,,,,,,,,,,,,,,,,,,,,,,,,,,,,,,,,,,,,,,,,,,,,,,,,,,,,,,,,,,,,,,,,
1769161673.724917,1769161673.725117,112.0,0.0,4290.897461,4294.487305,4446.025879,4358.717773,4267.179688,4265.128418,4260.512695,4295.0,4271.794922,4280.384766,4577.692383,4526.922852,4431.666504,4506.025879,,,,,,,,,,,,,,,,,,,,,,,,,,,,,,,,,,,,,,,,,,,,,,,,,,,,,,,,,,,,,,,,,,,,,,
1769161673.732725,1769161673.732926,113.0,0.0,4290.384766,4291.538574,4443.846191,4358.461426,4266.794922,4262.692383,4262.436035,4293.205078,4266.025879,4280.384766,4573.846191,4527.94873,4429.230957,4502.436035,,,,,,,,,,,,,,,,,,,,,,,,,,,,,,,,,,,,,,,,,,,,,,,,,,,,,,,,,,,,,,,,,,,,,,
1769161673.740533,1769161673.740834,114.0,0.0,4282.692383,4286.410156,4445.897461,4358.205078,4266.282227,4263.461426,4259.615234,4289.871582,4264.230957,4280.256348,4577.436035,4532.436035,4427.179688,4491.922852,,,,,,,,,,,,,,,,,,,,,,,,,,,,,,,,,,,,,,,,,,,,,,,,,,,,,,,,,,,,,,,,,,,,,,
1769161673.748342,1769161673.748643,115.0,0.0,4280.0,4285.769043,4451.025879,4356.025879,4268.205078,4266.153809,4258.589844,4290.512695,4267.307617,4282.563965,4576.410156,4525.641113,4425.769043,4491.025879,,,,,,,,,,,,,,,,,,,,,,,,,,,,,,,,,,,,,,,,,,,,,,,,,,,,,,,,,,,,,,,,,,,,,,
1769161673.75615,1769161673.756651,116.0,0.0,4285.0,4289.743652,4450.384766,4355.512695,4274.487305,4269.358887,4261.410156,4294.487305,4265.897461,4275.384766,4570.384766,4522.563965,4425.0,4492.820313,,,,,,,,,,,,,,,,,,,,,,,,,,,,,,,,,,,,,,,,,,,,,,,,,,,,,,,,,,,,,,,,,,,,,,
1769161673.763959,1769161673.764459,117.0,0.0,4283.077148,4289.487305,4445.384766,4354.358887,4277.563965,4268.974121,4263.077148,4294.230957,4267.94873,4271.025879,4572.436035,4534.102539,4425.897461,4490.256348,,,,,,,,,,,,,,,,,,,,,,,,,,,,,,,,,,,,,,,,,,,,,,,,,,,,,,,,,,,,,,,,,,,,,,
1769161673.771767,1769161673.772168,118.0,0.0,4280.0,4284.487305,4443.589844,4349.487305,4272.179688,4265.641113,4261.025879,4292.94873,4275.384766,4278.717773,4574.358887,4540.0,4425.128418,4489.487305,,,,,,,,,,,,,,,,,,,,,,,,,,,,,,,,,,,,,,,,,,,,,,,,,,,,,,,,,,,,,,,,,,,,,,
1769161673.779576,1769161673.779976,119.0,0.0,4289.230957,4287.820313,4446.538574,4347.94873,4268.077148,4264.358887,4260.641113,4294.230957,4272.692383,4283.077148,4571.666504,4533.589844,4425.256348,4490.256348,,,,,,,,,,,,,,,,,,,,,,,,,,,,,,,,,,,,,,,,,,,,,,,,,,,,,,,,,,,,,,,,,,,,,,
1769161673.787384,1769161673.787585,120.0,0.0,4293.077148,4293.974121,4447.05127,4351.666504,4268.461426,4265.256348,4263.846191,4291.153809,4265.641113,4277.436035,4572.563965,4528.717773,4426.538574,4487.436035,,,,,,,,,,,,,,,,,,,,,,,,,,,,,,,,,,,,,,,,,,,,,,,,,,,,,,,,,,,,,,,,,,,,,,
1769161673.795193,1769161673.795394,121.0,0.0,4282.563965,4289.102539,4445.897461,4349.487305,4266.410156,4263.589844,4260.512695,4288.846191,4269.743652,4277.820313,4572.820313,4534.102539,4426.794922,4488.333496,,,,,,,,,,,,,,,,,,,,,,,,,,,,,,,,,,,,,,,,,,,,,,,,,,,,,,,,,,,,,,,,,,,,,,
1769161673.803001,1769161673.803302,122.0,0.0,4278.333496,4281.922852,4446.025879,4344.743652,4265.641113,4260.897461,4256.282227,4293.461426,4277.436035,4283.846191,4572.820313,4539.102539,4429.230957,4491.922852,,,,,,,,,,,,,,,,,,,,,,,,,,,,,,,,,,,,,,,,,,,,,,,,,,,,,,,,,,,,,,,,,,,,,,
1769161673.810809,1769161673.81111,123.0,0.0,4282.820313,4281.025879,4443.205078,4346.025879,4266.922852,4262.05127,4259.871582,4293.974121,4276.153809,4279.487305,4572.820313,4530.128418,4426.794922,4486.410156,,,,,,,,,,,,,,,,,,,,,,,,,,,,,,,,,,,,,,,,,,,,,,,,,,,,,,,,,,,,,,,,,,,,,,
1769161673.818618,1769161673.819119,124.0,0.0,4277.94873,4283.333496,4440.769043,4350.641113,4266.538574,4263.717773,4259.871582,4287.307617,4274.230957,4279.487305,4572.05127,4520.897461,4421.153809,4476.538574,,,,,,,,,,,,,,,,,,,,,,,,,,,,,,,,,,,,,,,,,,,,,,,,,,,,,,,,,,,,,,,,,,,,,,
1769161673.826426,1769161673.826927,125.0,0.0,4266.666504,4283.333496,4442.563965,4349.743652,4269.871582,4262.436035,4258.461426,4286.025879,4272.179688,4280.128418,4571.922852,4524.102539,4420.897461,4474.487305,,,,,,,,,,,,,,,,,,,,,,,,,,,,,,,,,,,,,,,,,,,,,,,,,,,,,,,,,,,,,,,,,,,,,,
1769161673.834235,1769161673.834835,126.0,0.0,4264.871582,4278.846191,4441.794922,4344.358887,4271.794922,4264.871582,4266.282227,4290.897461,4264.743652,4267.307617,4570.769043,4526.025879,4418.461426,4476.410156,1.082457,0.366711,0.28842,0.242807,0.196214,0.482488,0.157512,0.186079,0.134574,0.090713,0.977496,0.354451,0.130044,0.29018,0.119279,0.204231,0.349213,0.078243,0.120658,0.098898,0.277333,0.155156,0.052254,0.088721,0.071319,0.238408,0.130734,0.116017,0.156841,0.083921,0.24353,0.256236,0.154769,0.241262,0.152091,0.358565,0.135869,0.137836,0.121564,0.054955,0.526005,0.534791,0.234275,0.1791,0.117721,0.525541,0.312484,0.20165,0.22926,0.190774,1.004675,0.374357,0.348013,0.198439,0.135229,0.985829,0.290952,0.224023,0.253726,0.076849,1.366842,0.291871,0.310163,0.315163,0.185595,0.974941,0.533849,0.493438,0.381441,0.198057
1769161673.842043,1769161673.842644,127.0,0.0,4275.128418,4278.846191,4440.128418,4345.641113,4268.717773,4269.358887,4265.897461,4289.230957,4264.358887,4268.461426,4570.128418,4521.666504,4416.794922,4476.153809,,,,,,,,,,,,,,,,,,,,,,,,,,,,,,,,,,,,,,,,,,,,,,,,,,,,,,,,,,,,,,,,,,,,,,
1769161673.849852,1769161673.850652,0.0,0.0,4281.538574,4285.769043,4442.05127,4350.256348,4272.05127,4262.307617,4250.897461,4286.282227,4273.846191,4287.820313,4570.128418,4523.077148,4424.102539,4475.384766,,,,,,,,,,,,,,,,,,,,,,,,,,,,,,,,,,,,,,,,,,,,,,,,,,,,,,,,,,,,,,,,,,,,,,
1769161673.85766,1769161673.85846,1.0,0.0,4278.974121,4292.436035,4442.692383,4351.538574,4277.436035,4253.846191,4245.897461,4289.230957,4282.05127,4289.230957,4574.230957,4527.179688,4428.974121,4476.538574,,,,,,,,,,,,,,,,,,,,,,,,,,,,,,,,,,,,,,,,,,,,,,,,,,,,,,,,,,,,,,,,,,,,,,
1769161673.865469,1769161673.866169,2.0,0.0,4276.153809,4289.743652,4442.563965,4350.897461,4275.256348,4258.589844,4252.563965,4288.717773,4279.871582,4276.282227,4578.205078,4525.128418,4424.615234,4478.077148,,,,,,,,,,,,,,,,,,,,,,,,,,,,,,,,,,,,,,,,,,,,,,,,,,,,,,,,,,,,,,,,,,,,,,
1769161673.873277,1769161673.873977,3.0,0.0,4273.717773,4283.974121,4441.410156,4346.025879,4273.205078,4266.025879,4250.897461,4285.512695,4270.512695,4279.230957,4574.487305,4523.077148,4423.974121,4477.94873,,,,,,,,,,,,,,,,,,,,,,,,,,,,,,,,,,,,,,,,,,,,,,,,,,,,,,,,,,,,,,,,,,,,,,
1769161673.881086,1769161673.881586,4.0,0.0,4273.205078,4285.0,4437.692383,4343.333496,4274.358887,4267.05127,4248.205078,4285.384766,4268.717773,4284.102539,4570.384766,4524.358887,4428.205078,4476.538574,,,,,,,,,,,,,,,,,,,,,,,,,,,,,,,,,,,,,,,,,,,,,,,,,,,,,,,,,,,,,,,,,,,,,,
1769161673.888894,1769161673.889395,5.0,0.0,4278.077148,4288.205078,4438.205078,4345.512695,4273.077148,4264.615234,4258.589844,4280.897461,4270.769043,4276.666504,4570.897461,4521.025879,4424.615234,4475.256348,,,,,,,,,,,,,,,,,,,,,,,,,,,,,,,,,,,,,,,,,,,,,,,,,,,,,,,,,,,,,,,,,,,,,,
1769161673.896703,1769161673.897103,6.0,0.0,4280.512695,4288.461426,4441.794922,4349.615234,4273.846191,4261.538574,4260.897461,4277.94873,4269.102539,4277.436035,4570.512695,4519.615234,4421.025879,4475.0,,,,,,,,,,,,,,,,,,,,,,,,,,,,,,,,,,,,,,,,,,,,,,,,,,,,,,,,,,,,,,,,,,,,,,
1769161673.904511,1769161673.904912,7.0,0.0,4280.0,4292.05127,4443.846191,4352.692383,4277.563965,4259.358887,4250.128418,4284.102539,4272.692383,4279.487305,4573.461426,4533.205078,4426.538574,4482.563965,,,,,,,,,,,,,,,,,,,,,,,,,,,,,,,,,,,,,,,,,,,,,,,,,,,,,,,,,,,,,,,,,,,,,,
1769161673.91232,1769161673.91252,8.0,0.0,4281.153809,4296.538574,4444.743652,4355.641113,4277.820313,4265.384766,4256.025879,4285.641113,4277.563965,4269.230957,4580.512695,4539.230957,4426.025879,4487.820313,,,,,,,,,,,,,,,,,,,,,,,,,,,,,,,,,,,,,,,,,,,,,,,,,,,,,,,,,,,,,,,,,,,,,,
1769161673.920128,1769161673.920329,9.0,0.0,4280.769043,4294.743652,4443.333496,4352.820313,4276.025879,4265.0,4263.717773,4278.717773,4273.589844,4267.307617,4581.025879,4527.692383,4416.794922,4479.230957,,,,,,,,,,,,,,,,,,,,,,,,,,,,,,,,,,,,,,,,,,,,,,,,,,,,,,,,,,,,,,,,,,,,,,
1769161673.927936,1769161673.928037,10.0,0.0,4281.282227,4292.94873,4440.512695,4349.743652,4276.025879,4252.436035,4251.153809,4279.358887,4272.307617,4280.512695,4579.487305,4528.461426,4421.538574,4473.461426,,,,,,,,,,,,,,,,,,,,,,,,,,,,,,,,,,,,,,,,,,,,,,,,,,,,,,,,,,,,,,,,,,,,,,
1769161673.935745,1769161673.935846,11.0,0.0,4282.436035,4295.641113,4441.410156,4353.974121,4277.94873,4252.563965,4249.871582,4285.0,4278.461426,4280.769043,4577.179688,4535.897461,4424.230957,4477.692383,,,,,,,,,,,,,,,,,,,,,,,,,,,,,,,,,,,,,,,,,,,,,,,,,,,,,,,,,,,,,,,,,,,,,,
1769161673.943553,1769161673.943854,12.0,0.0,4279.487305,4294.487305,4443.333496,4355.897461,4278.589844,4263.974121,4263.205078,4285.128418,4278.589844,4271.794922,4573.974121,4528.846191,4414.615234,4474.871582,,,,,,,,,,,,,,,,,,,,,,,,,,,,,,,,,,,,,,,,,,,,,,,,,,,,,,,,,,,,,,,,,,,,,,
1769161673.951362,1769161673.951662,13.0,0.0,4277.563965,4292.05127,4441.410156,4352.563965,4278.589844,4265.0,4261.025879,4281.922852,4277.436035,4276.538574,4573.846191,4521.025879,4419.615234,4471.666504,,,,,,,,,,,,,,,,,,,,,,,,,,,,,,,,,,,,,,,,,,,,,,,,,,,,,,,,,,,,,,,,,,,,,,
1769161673.95917,1769161673.959571,14.0,0.0,4277.94873,4292.692383,4440.0,4349.102539,4277.94873,4260.769043,4257.94873,4282.820313,4278.589844,4280.512695,4574.102539,4522.94873,4431.794922,4482.563965,1.019363,0.357382,0.271877,0.233149,0.198411,0.538688,0.127465,0.190007,0.124406,0.097229,0.795614,0.416643,0.145951,0.295535,0.127823,0.256022,0.319426,0.084675,0.110073,0.098382,0.289215,0.139096,0.054186,0.098355,0.065139,0.285979,0.111887,0.102141,0.146489,0.093665,0.252775,0.244799,0.155796,0.22246,0.158999,0.298232,0.120627,0.116763,0.110144,0.049529,0.505465,0.538095,0.205173,0.186473,0.108885,0.412907,0.384406,0.218509,0.248113,0.21305,0.920868,0.363938,0.306509,0.200655,0.148935,1.033289,0.360887,0.250189,0.253929,0.076269,1.118406,0.35872,0.27368,0.307351,0.20156,0.864468,0.680742,0.53956,0.345539,0.20934
1769161673.966979,1769161673.967379,15.0,0.0,4280.128418,4293.717773,4440.897461,4348.846191,4276.922852,4262.436035,4264.743652,4288.333496,4277.692383,4276.282227,4577.94873,4528.205078,4430.0,4492.563965,,,,,,,,,,,,,,,,,,,,,,,,,,,,,,,,,,,,,,,,,,,,,,,,,,,,,,,,,,,,,,,,,,,,,,
1769161673.974787,1769161673.974988,16.0,0.0,4288.333496,4297.820313,4443.717773,4355.0,4281.410156,4266.282227,4263.461426,4289.871582,4277.436035,4278.846191,4585.897461,4537.179688,4427.820313,4493.846191,,,,,,,,,,,,,,,,,,,,,,,,,,,,,,,,,,,,,,,,,,,,,,,,,,,,,,,,,,,,,,,,,,,,,,
1769161673.982596,1769161673.982796,17.0,0.0,4296.666504,4302.05127,4444.743652,4360.512695,4285.769043,4269.230957,4260.256348,4287.820313,4278.077148,4277.94873,4586.794922,4537.94873,4431.025879,4493.461426,,,,,,,,,,,,,,,,,,,,,,,,,,,,,,,,,,,,,,,,,,,,,,,,,,,,,,,,,,,,,,,,,,,,,,
1769161673.990404,1769161673.990505,18.0,0.0,4292.436035,4298.974121,4443.333496,4357.94873,4284.102539,4269.871582,4262.820313,4288.846191,4278.205078,4267.820313,4580.0,4527.05127,4429.871582,4492.563965,,,,,,,,,,,,,,,,,,,,,,,,,,,,,,,,,,,,,,,,,,,,,,,,,,,,,,,,,,,,,,,,,,,,,,
1769161673.998212,1769161673.998313,19.0,0.0,4283.205078,4294.615234,4442.307617,4354.230957,4283.717773,4266.282227,4262.820313,4291.794922,4279.358887,4271.410156,4579.487305,4524.743652,4428.333496,4491.538574,,,,,,,,,,,,,,,,,,,,,,,,,,,,,,,,,,,,,,,,,,,,,,,,,,,,,,,,,,,,,,,,,,,,,,
1769161674.006021,1769161674.006321,20.0,0.0,4280.512695,4293.461426,4440.512695,4356.538574,4286.282227,4266.666504,4262.179688,4292.820313,4280.0,4275.512695,4582.563965,4528.846191,4428.717773,4488.461426,,,,,,,,,,,,,,,,,,,,,,,,,,,,,,,,,,,,,,,,,,,,,,,,,,,,,,,,,,,,,,,,,,,,,,
1769161674.013829,1769161674.01413,21.0,0.0,4280.512695,4291.410156,4435.384766,4354.743652,4283.974121,4267.94873,4261.025879,4290.384766,4278.974121,4264.743652,4580.128418,4526.410156,4428.974121,4483.077148,,,,,,,,,,,,,,,,,,,,,,,,,,,,,,,,,,,,,,,,,,,,,,,,,,,,,,,,,,,,,,,,,,,,,,
1769161674.021638,1769161674.022038,22.0,0.0,4278.589844,4289.102539,4429.615234,4345.512695,4280.128418,4266.794922,4260.384766,4289.102539,4277.94873,4264.358887,4572.692383,4520.897461,4427.307617,4476.538574,,,,,,,,,,,,,,,,,,,,,,,,,,,,,,,,,,,,,,,,,,,,,,,,,,,,,,,,,,,,,,,,,,,,,,
1769161674.029446,1769161674.029847,23.0,0.0,4276.538574,4291.025879,4427.563965,4342.05127,4283.717773,4267.436035,4263.974121,4289.358887,4277.94873,4275.256348,4567.436035,4517.94873,4422.307617,4473.846191,,,,,,,,,,,,,,,,,,,,,,,,,,,,,,,,,,,,,,,,,,,,,,,,,,,,,,,,,,,,,,,,,,,,,,
1769161674.037255,1769161674.037855,24.0,0.0,4278.589844,4294.743652,4429.358887,4345.384766,4288.974121,4267.179688,4264.871582,4290.897461,4278.205078,4278.717773,4576.025879,4521.922852,4423.717773,4481.153809,,,,,,,,,,,,,,,,,,,,,,,,,,,,,,,,,,,,,,,,,,,,,,,,,,,,,,,,,,,,,,,,,,,,,,
1769161674.045063,1769161674.045663,25.0,0.0,4281.025879,4292.436035,4432.179688,4345.256348,4287.563965,4266.410156,4263.846191,4293.333496,4278.461426,4273.333496,4583.974121,4527.692383,4429.230957,4493.077148,,,,,,,,,,,,,,,,,,,,,,,,,,,,,,,,,,,,,,,,,,,,,,,,,,,,,,,,,,,,,,,,,,,,,,
1769161674.052872,1769161674.053372,26.0,0.0,4276.282227,4282.307617,4429.487305,4337.563965,4285.256348,4267.307617,4264.743652,4293.461426,4277.820313,4268.974121,4577.436035,4525.512695,4421.666504,4491.538574,,,,,,,,,,,,,,,,,,,,,,,,,,,,,,,,,,,,,,,,,,,,,,,,,,,,,,,,,,,,,,,,,,,,,,
1769161674.06068,1769161674.06118,27.0,0.0,4275.769043,4279.743652,4426.282227,4333.077148,4286.282227,4265.769043,4263.717773,4289.615234,4277.179688,4264.358887,4569.743652,4521.794922,4414.743652,4488.461426,,,,,,,,,,,,,,,,,,,,,,,,,,,,,,,,,,,,,,,,,,,,,,,,,,,,,,,,,,,,,,,,,,,,,,
1769161674.068488,1769161674.068789,28.0,0.0,4284.230957,4291.153809,4428.589844,4338.205078,4287.94873,4264.102539,4261.282227,4287.179688,4277.563965,4260.128418,4570.897461,4522.820313,4421.922852,4502.820313,,,,,,,,,,,,,,,,,,,,,,,,,,,,,,,,,,,,,,,,,,,,,,,,,,,,,,,,,,,,,,,,,,,,,,
1769161674.076297,1769161674.076598,29.0,0.0,4285.641113,4294.743652,4430.641113,4341.922852,4288.974121,4264.102539,4261.538574,4290.512695,4278.205078,4262.179688,4576.794922,4525.769043,4426.666504,4510.769043,,,,,,,,,,,,,,,,,,,,,,,,,,,,,,,,,,,,,,,,,,,,,,,,,,,,,,,,,,,,,,,,,,,,,,
1769161674.084105,1769161674.084306,30.0,0.0,4280.384766,4289.871582,4433.077148,4338.205078,4290.256348,4264.102539,4262.563965,4293.461426,4278.589844,4270.384766,4581.153809,4530.641113,4424.871582,4504.358887,0.984466,0.335515,0.266938,0.235841,0.210274,0.58638,0.106545,0.211093,0.130267,0.103397,0.654498,0.453271,0.166879,0.284287,0.132591,0.31977,0.2733,0.109927,0.105557,0.095294,0.309673,0.129139,0.060403,0.106488,0.059926,0.332552,0.102612,0.091611,0.137721,0.106389,0.262191,0.228796,0.15228,0.19432,0.159729,0.237066,0.099934,0.093672,0.094815,0.048084,0.5171,0.52362,0.197823,0.186472,0.101171,0.306433,0.439694,0.247018,0.265951,0.25098,0.823329,0.370858,0.277924,0.195842,0.163117,1.044125,0.445069,0.282781,0.238609,0.081984,0.867638,0.455174,0.243366,0.293398,0.217892,0.811346,0.847194,0.56072,0.30565,0.227159
1769161674.091914,1769161674.092114,31.0,0.0,4283.461426,4291.922852,4435.641113,4337.820313,4292.05127,4268.589844,4262.05127,4293.846191,4280.0,4274.615234,4584.615234,4534.230957,4428.589844,4504.358887,,,,,,,,,,,,,,,,,,,,,,,,,,,,,,,,,,,,,,,,,,,,,,,,,,,,,,,,,,,,,,,,,,,,,,
1769161674.099722,1769161674.099723,32.0,0.0,4293.461426,4296.794922,4431.538574,4342.94873,4294.487305,4275.0,4263.846191,4295.256348,4281.794922,4268.461426,4588.077148,4535.512695,4432.820313,4509.102539,,,,,,,,,,,,,,,,,,,,,,,,,,,,,,,,,,,,,,,,,,,,,,,,,,,,,,,,,,,,,,,,,,,,,,
1769161674.107531,1769161674.107532,33.0,0.0,4292.692383,4296.025879,4428.077148,4341.922852,4294.487305,4273.077148,4266.666504,4295.897461,4281.538574,4266.794922,4589.743652,4534.615234,4431.410156,4510.384766,,,,,,,,,,,,,,,,,,,,,,,,,,,,,,,,,,,,,,,,,,,,,,,,,,,,,,,,,,,,,,,,,,,,,,
1769161674.115339,1769161674.11524,34.0,0.0,4281.922852,4290.0,4430.512695,4337.563965,4292.307617,4266.922852,4267.307617,4294.358887,4278.333496,4266.282227,4582.692383,4529.487305,4426.153809,4505.128418,,,,,,,,,,,,,,,,,,,,,,,,,,,,,,,,,,,,,,,,,,,,,,,,,,,,,,,,,,,,,,,,,,,,,,
1769161674.123148,1769161674.123049,35.0,0.0,4278.461426,4284.615234,4430.256348,4339.487305,4292.94873,4267.179688,4265.512695,4292.179688,4278.333496,4260.128418,4576.410156,4523.461426,4421.282227,4496.410156,,,,,,,,,,,,,,,,,,,,,,,,,,,,,,,,,,,,,,,,,,,,,,,,,,,,,,,,,,,,,,,,,,,,,,
1769161674.130956,1769161674.131057,36.0,0.0,4281.282227,4282.94873,4428.205078,4338.717773,4294.871582,4268.205078,4264.871582,4291.794922,4277.692383,4260.897461,4580.897461,4525.256348,4419.487305,4493.846191,,,,,,,,,,,,,,,,,,,,,,,,,,,,,,,,,,,,,,,,,,,,,,,,,,,,,,,,,,,,,,,,,,,,,,
1769161674.138765,1769161674.138865,37.0,0.0,4281.025879,4279.615234,4428.333496,4330.769043,4293.077148,4264.615234,4266.538574,4289.230957,4268.589844,4264.102539,4579.487305,4524.487305,4415.897461,4494.615234,,,,,,,,,,,,,,,,,,,,,,,,,,,,,,,,,,,,,,,,,,,,,,,,,,,,,,,,,,,,,,,,,,,,,,
1769161674.146573,1769161674.146774,38.0,0.0,4283.846191,4281.153809,4429.102539,4330.641113,4293.461426,4262.820313,4264.230957,4283.974121,4264.615234,4257.307617,4575.0,4520.128418,4415.769043,4493.461426,,,,,,,,,,,,,,,,,,,,,,,,,,,,,,,,,,,,,,,,,,,,,,,,,,,,,,,,,,,,,,,,,,,,,,
1769161674.154381,1769161674.154582,39.0,0.0,4289.743652,4291.153809,4432.94873,4339.743652,4297.563965,4263.077148,4259.615234,4282.94873,4274.230957,4258.974121,4582.820313,4530.769043,4428.589844,4504.230957,,,,,,,,,,,,,,,,,,,,,,,,,,,,,,,,,,,,,,,,,,,,,,,,,,,,,,,,,,,,,,,,,,,,,,
1769161674.16219,1769161674.16259,40.0,0.0,4284.487305,4290.897461,4433.461426,4337.94873,4297.179688,4262.307617,4260.256348,4288.974121,4280.641113,4271.794922,4588.974121,4537.436035,4428.589844,4511.282227,,,,,,,,,,,,,,,,,,,,,,,,,,,,,,,,,,,,,,,,,,,,,,,,,,,,,,,,,,,,,,,,,,,,,,
1769161674.169998,1769161674.170399,41.0,0.0,4273.461426,4278.333496,4428.077148,4328.205078,4292.94873,4267.179688,4264.230957,4295.0,4278.461426,4270.256348,4584.102539,4529.615234,4415.641113,4498.077148,,,,,,,,,,,,,,,,,,,,,,,,,,,,,,,,,,,,,,,,,,,,,,,,,,,,,,,,,,,,,,,,,,,,,,
1769161674.177807,1769161674.178107,42.0,0.0,4271.794922,4273.846191,4426.153809,4325.384766,4293.077148,4274.230957,4266.794922,4296.666504,4278.461426,4260.512695,4582.307617,4530.641113,4419.102539,4494.358887,,,,,,,,,,,,,,,,,,,,,,,,,,,,,,,,,,,,,,,,,,,,,,,,,,,,,,,,,,,,,,,,,,,,,,
1769161674.185615,1769161674.185916,43.0,0.0,4277.94873,4278.846191,4427.820313,4327.692383,4295.897461,4270.512695,4265.256348,4296.410156,4278.974121,4267.179688,4587.05127,4540.128418,4431.153809,4507.436035,,,,,,,,,,,,,,,,,,,,,,,,,,,,,,,,,,,,,,,,,,,,,,,,,,,,,,,,,,,,,,,,,,,,,,
1769161674.193424,1769161674.193524,44.0,0.0,4281.410156,4282.179688,4427.179688,4326.538574,4294.230957,4260.897461,4259.102539,4294.743652,4279.615234,4274.871582,4589.358887,4539.230957,4428.974121,4506.666504,,,,,,,,,,,,,,,,,,,,,,,,,,,,,,,,,,,,,,,,,,,,,,,,,,,,,,,,,,,,,,,,,,,,,,
1769161674.201232,1769161674.201333,45.0,0.0,4277.179688,4278.461426,4426.282227,4324.743652,4291.794922,4263.846191,4261.153809,4293.077148,4281.538574,4267.563965,4587.692383,4534.743652,4421.538574,4491.410156,,,,,,,,,,,,,,,,,,,,,,,,,,,,,,,,,,,,,,,,,,,,,,,,,,,,,,,,,,,,,,,,,,,,,,
1769161674.209041,1769161674.209241,46.0,0.0,4273.077148,4276.410156,4426.794922,4329.615234,4296.410156,4271.153809,4271.153809,4294.871582,4279.615234,4263.717773,4583.589844,4537.05127,4420.128418,4486.794922,0.957637,0.308688,0.276355,0.248337,0.220966,0.605054,0.09454,0.246681,0.151753,0.106145,0.509168,0.449299,0.189962,0.264273,0.129527,0.378228,0.223935,0.145531,0.106499,0.089639,0.327368,0.127989,0.072682,0.111107,0.056523,0.363445,0.105258,0.082815,0.128209,0.118352,0.26705,0.21864,0.145225,0.165903,0.154907,0.187981,0.081259,0.073843,0.078065,0.050696,0.544821,0.494966,0.220132,0.180387,0.094305,0.228483,0.45601,0.286965,0.279055,0.299555,0.721204,0.384721,0.263651,0.186658,0.171647,0.99733,0.518519,0.319458,0.215095,0.096161,0.658295,0.549129,0.219141,0.277315,0.22696,0.809993,1.000527,0.55084,0.27056,0.242987
1769161674.216849,1769161674.21705,47.0,0.0,4280.128418,4285.384766,4428.205078,4339.871582,4305.769043,4268.077148,4267.94873,4295.256348,4278.589844,4267.563965,4584.871582,4539.230957,4426.282227,4493.205078,,,,,,,,,,,,,,,,,,,,,,,,,,,,,,,,,,,,,,,,,,,,,,,,,,,,,,,,,,,,,,,,,,,,,,
1769161674.224657,1769161674.225058,48.0,0.0,4287.563965,4290.897461,4429.615234,4343.205078,4310.897461,4265.769043,4262.563965,4294.102539,4281.538574,4267.05127,4586.922852,4539.358887,4427.563965,4494.358887,,,,,,,,,,,,,,,,,,,,,,,,,,,,,,,,,,,,,,,,,,,,,,,,,,,,,,,,,,,,,,,,,,,,,,
1769161674.232466,1769161674.232866,49.0,0.0,4284.487305,4288.205078,4429.102539,4341.153809,4310.384766,4270.0,4270.384766,4296.794922,4281.666504,4265.384766,4583.974121,4539.615234,4420.384766,4492.179688,,,,,,,,,,,,,,,,,,,,,,,,,,,,,,,,,,,,,,,,,,,,,,,,,,,,,,,,,,,,,,,,,,,,,,
1769161674.240274,1769161674.240775,50.0,0.0,4281.025879,4294.487305,4427.820313,4343.589844,4310.0,4269.871582,4269.871582,4293.205078,4279.743652,4266.410156,4585.384766,4536.666504,4422.692383,4494.615234,,,,,,,,,,,,,,,,,,,,,,,,,,,,,,,,,,,,,,,,,,,,,,,,,,,,,,,,,,,,,,,,,,,,,,
1769161674.248083,1769161674.248583,51.0,0.0,4280.0,4294.871582,4422.05127,4337.820313,4310.769043,4268.333496,4261.922852,4283.333496,4278.205078,4265.0,4583.589844,4528.333496,4425.769043,4495.128418,,,,,,,,,,,,,,,,,,,,,,,,,,,,,,,,,,,,,,,,,,,,,,,,,,,,,,,,,,,,,,,,,,,,,,
1769161674.255891,1769161674.256192,52.0,0.0,4275.256348,4281.538574,4413.333496,4326.025879,4310.128418,4272.692383,4267.692383,4284.230957,4274.871582,4262.179688,4573.846191,4520.641113,4415.897461,4488.717773,,,,,,,,,,,,,,,,,,,,,,,,,,,,,,,,,,,,,,,,,,,,,,,,,,,,,,,,,,,,,,,,,,,,,,
1769161674.2637,1769161674.264,53.0,0.0,4273.974121,4281.794922,4412.692383,4328.461426,4309.358887,4275.256348,4270.897461,4290.769043,4275.0,4263.077148,4573.974121,4521.153809,4415.769043,4487.307617,,,,,,,,,,,,,,,,,,,,,,,,,,,,,,,,,,,,,,,,,,,,,,,,,,,,,,,,,,,,,,,,,,,,,,
1769161674.271508,1769161674.271709,54.0,0.0,4278.461426,4291.666504,4417.05127,4336.410156,4310.384766,4273.333496,4266.153809,4290.256348,4278.205078,4259.871582,4581.282227,4522.436035,4425.0,4489.743652,,,,,,,,,,,,,,,,,,,,,,,,,,,,,,,,,,,,,,,,,,,,,,,,,,,,,,,,,,,,,,,,,,,,,,
1769161674.279317,1769161674.279517,55.0,0.0,4278.717773,4289.743652,4416.153809,4333.717773,4310.128418,4275.769043,4272.94873,4289.358887,4278.333496,4259.102539,4580.769043,4521.153809,4420.512695,4489.230957,,,,,,,,,,,,,,,,,,,,,,,,,,,,,,,,,,,,,,,,,,,,,,,,,,,,,,,,,,,,,,,,,,,,,,
1769161674.287125,1769161674.287126,56.0,0.0,4276.410156,4287.820313,4413.205078,4332.179688,4308.974121,4280.512695,4281.410156,4292.436035,4277.307617,4270.0,4580.384766,4526.538574,4415.0,4489.487305,,,,,,,,,,,,,,,,,,,,,,,,,,,,,,,,,,,,,,,,,,,,,,,,,,,,,,,,,,,,,,,,,,,,,,
1769161674.294933,1769161674.294934,57.0,0.0,4275.769043,4293.589844,4414.102539,4338.717773,4313.461426,4280.128418,4275.512695,4294.102539,4280.512695,4277.179688,4586.282227,4534.230957,4424.358887,4491.538574,,,,,,,,,,,,,,,,,,,,,,,,,,,,,,,,,,,,,,,,,,,,,,,,,,,,,,,,,,,,,,,,,,,,,,
1769161674.302742,1769161674.302643,58.0,0.0,4273.846191,4295.769043,4413.589844,4340.384766,4321.666504,4274.102539,4264.871582,4295.512695,4285.256348,4277.307617,4588.333496,4534.615234,4432.05127,4492.05127,,,,,,,,,,,,,,,,,,,,,,,,,,,,,,,,,,,,,,,,,,,,,,,,,,,,,,,,,,,,,,,,,,,,,,
1769161674.31055,1769161674.310451,59.0,0.0,4275.256348,4289.358887,4410.384766,4335.256348,4320.0,4271.282227,4266.922852,4296.922852,4286.153809,4277.94873,4585.256348,4531.025879,4427.692383,4492.179688,,,,,,,,,,,,,,,,,,,,,,,,,,,,,,,,,,,,,,,,,,,,,,,,,,,,,,,,,,,,,,,,,,,,,,
1769161674.318359,1769161674.31806,60.0,0.0,4277.563965,4284.102539,4411.025879,4334.230957,4311.025879,4275.384766,4276.666504,4296.666504,4281.794922,4272.179688,4582.307617,4527.94873,4420.769043,4492.05127,,,,,,,,,,,,,,,,,,,,,,,,,,,,,,,,,,,,,,,,,,,,,,,,,,,,,,,,,,,,,,,,,,,,,,
1769161674.326167,1769161674.325868,61.0,0.0,4273.974121,4285.0,4411.025879,4336.922852,4310.128418,4276.410156,4272.436035,4293.846191,4277.307617,4265.769043,4581.538574,4525.769043,4419.615234,4493.205078,,,,,,,,,,,,,,,,,,,,,,,,,,,,,,,,,,,,,,,,,,,,,,,,,,,,,,,,,,,,,,,,,,,,,,
1769161674.333976,1769161674.333777,62.0,0.0,4266.538574,4285.897461,4406.153809,4337.05127,4312.820313,4271.922852,4262.307617,4292.05127,4278.077148,4267.563965,4579.871582,4524.487305,4420.0,4494.871582,0.907032,0.289154,0.298571,0.2672,0.221922,0.57681,0.090039,0.284915,0.182902,0.104628,0.448401,0.402327,0.209733,0.242813,0.116924,0.431149,0.185459,0.179662,0.110497,0.082308,0.329603,0.133752,0.090492,0.110981,0.054544,0.367746,0.118647,0.07755,0.116604,0.126526,0.274642,0.217983,0.139162,0.145437,0.147756,0.156387,0.071501,0.061107,0.062518,0.056166,0.562702,0.45407,0.267621,0.172824,0.088052,0.181729,0.430112,0.3336,0.282308,0.348128,0.617392,0.396228,0.258359,0.177558,0.170208,0.903776,0.562113,0.35764,0.193492,0.118646,0.495801,0.613175,0.199389,0.260965,0.223827,0.834291,1.125914,0.519469,0.247316,0.248939
1769161674.341784,1769161674.341585,63.0,0.0,4264.358887,4281.025879,4403.589844,4334.615234,4308.589844,4274.615234,4268.461426,4291.666504,4275.769043,4265.128418,4573.205078,4523.333496,4416.153809,4492.179688,,,,,,,,,,,,,,,,,,,,,,,,,,,,,,,,,,,,,,,,,,,,,,,,,,,,,,,,,,,,,,,,,,,,,,
1769161674.349593,1769161674.349593,64.0,0.0,4272.179688,4278.077148,4405.128418,4333.461426,4303.333496,4278.846191,4273.077148,4289.615234,4269.871582,4261.153809,4570.769043,4522.820313,4413.974121,4489.871582,,,,,,,,,,,,,,,,,,,,,,,,,,,,,,,,,,,,,,,,,,,,,,,,,,,,,,,,,,,,,,,,,,,,,,
1769161674.357401,1769161674.357402,65.0,0.0,4274.230957,4279.871582,4405.512695,4334.230957,4304.487305,4274.871582,4265.897461,4288.974121,4270.0,4264.102539,4573.077148,4523.974121,4414.102539,4491.538574,,,,,,,,,,,,,,,,,,,,,,,,,,,,,,,,,,,,,,,,,,,,,,,,,,,,,,,,,,,,,,,,,,,,,,
1769161674.36521,1769161674.36531,66.0,0.0,4263.077148,4279.358887,4403.846191,4336.153809,4306.666504,4272.820313,4269.102539,4288.974121,4274.230957,4264.487305,4572.179688,4522.820313,4412.307617,4489.487305,,,,,,,,,,,,,,,,,,,,,,,,,,,,,,,,,,,,,,,,,,,,,,,,,,,,,,,,,,,,,,,,,,,,,,
1769161674.373018,1769161674.373119,67.0,0.0,4261.282227,4281.538574,4403.846191,4336.794922,4305.128418,4275.256348,4277.820313,4289.102539,4276.025879,4261.794922,4571.153809,4522.436035,4412.05127,4488.077148,,,,,,,,,,,,,,,,,,,,,,,,,,,,,,,,,,,,,,,,,,,,,,,,,,,,,,,,,,,,,,,,,,,,,,
1769161674.380827,1769161674.381127,68.0,0.0,4265.897461,4279.615234,4400.512695,4331.666504,4303.974121,4277.692383,4277.436035,4292.05127,4276.922852,4263.333496,4573.333496,4524.871582,4414.615234,4487.307617,,,,,,,,,,,,,,,,,,,,,,,,,,,,,,,,,,,,,,,,,,,,,,,,,,,,,,,,,,,,,,,,,,,,,,
1769161674.388635,1769161674.388935,69.0,0.0,4255.641113,4268.333496,4392.94873,4323.717773,4303.717773,4282.692383,4280.769043,4295.769043,4278.077148,4263.205078,4571.025879,4523.333496,4412.436035,4479.358887,,,,,,,,,,,,,,,,,,,,,,,,,,,,,,,,,,,,,,,,,,,,,,,,,,,,,,,,,,,,,,,,,,,,,,
1769161674.396443,1769161674.396644,70.0,0.0,4247.820313,4268.333496,4391.153809,4326.282227,4306.410156,4287.05127,4279.487305,4294.230957,4277.436035,4262.436035,4569.358887,4520.256348,4410.897461,4478.333496,,,,,,,,,,,,,,,,,,,,,,,,,,,,,,,,,,,,,,,,,,,,,,,,,,,,,,,,,,,,,,,,,,,,,,
1769161674.404252,1769161674.404452,71.0,0.0,4260.256348,4280.0,4396.153809,4335.256348,4308.077148,4277.179688,4268.333496,4292.692383,4276.410156,4265.128418,4577.307617,4522.436035,4416.666504,4490.897461,,,,,,,,,,,,,,,,,,,,,,,,,,,,,,,,,,,,,,,,,,,,,,,,,,,,,,,,,,,,,,,,,,,,,,
1769161674.41206,1769161674.412461,72.0,0.0,4269.230957,4280.256348,4395.256348,4333.461426,4304.743652,4265.0,4268.461426,4293.717773,4276.153809,4265.769043,4578.589844,4524.358887,4418.333496,4493.974121,,,,,,,,,,,,,,,,,,,,,,,,,,,,,,,,,,,,,,,,,,,,,,,,,,,,,,,,,,,,,,,,,,,,,,
1769161674.419869,1769161674.420269,73.0,0.0,4260.384766,4270.769043,4388.717773,4325.641113,4299.615234,4268.461426,4274.615234,4293.333496,4277.307617,4262.94873,4573.589844,4523.077148,4413.974121,4487.05127,,,,,,,,,,,,,,,,,,,,,,,,,,,,,,,,,,,,,,,,,,,,,,,,,,,,,,,,,,,,,,,,,,,,,,
1769161674.427677,1769161674.428177,74.0,0.0,4255.384766,4272.05127,4388.846191,4327.307617,4297.436035,4278.589844,4274.230957,4293.333496,4278.846191,4263.205078,4577.307617,4525.128418,4414.230957,4487.05127,,,,,,,,,,,,,,,,,,,,,,,,,,,,,,,,,,,,,,,,,,,,,,,,,,,,,,,,,,,,,,,,,,,,,,
1769161674.435486,1769161674.435986,75.0,0.0,4261.794922,4276.922852,4392.307617,4330.384766,4297.179688,4281.410156,4275.897461,4292.307617,4278.589844,4263.974121,4582.563965,4526.666504,4417.307617,4489.743652,,,,,,,,,,,,,,,,,,,,,,,,,,,,,,,,,,,,,,,,,,,,,,,,,,,,,,,,,,,,,,,,,,,,,,
1769161674.443294,1769161674.443894,76.0,0.0,4264.743652,4273.333496,4390.256348,4328.461426,4297.692383,4278.077148,4277.820313,4291.153809,4278.205078,4260.897461,4582.820313,4526.666504,4419.615234,4490.641113,,,,,,,,,,,,,,,,,,,,,,,,,,,,,,,,,,,,,,,,,,,,,,,,,,,,,,,,,,,,,,,,,,,,,,
1769161674.451103,1769161674.451703,77.0,0.0,4263.589844,4273.846191,4387.692383,4332.563965,4299.230957,4277.94873,4275.384766,4292.692383,4277.94873,4262.820313,4583.717773,4532.692383,4420.512695,4492.820313,,,,,,,,,,,,,,,,,,,,,,,,,,,,,,,,,,,,,,,,,,,,,,,,,,,,,,,,,,,,,,,,,,,,,,
1769161674.458911,1769161674.459411,78.0,0.0,4265.384766,4277.436035,4385.128418,4335.512695,4298.461426,4282.820313,4277.692383,4294.743652,4278.077148,4261.153809,4582.94873,4535.897461,4416.025879,4492.436035,0.818223,0.287872,0.326347,0.290941,0.210671,0.508336,0.092078,0.31421,0.215485,0.10115,0.383097,0.328674,0.221658,0.222908,0.096834,0.440199,0.169818,0.204812,0.114804,0.075588,0.319594,0.141367,0.110576,0.105989,0.052912,0.344508,0.137298,0.079094,0.10347,0.12993,0.277446,0.22176,0.139779,0.135749,0.14184,0.14482,0.075339,0.057668,0.050901,0.06213,0.541563,0.401641,0.327749,0.16831,0.082179,0.151036,0.374973,0.380834,0.272755,0.384272,0.506643,0.395825,0.255036,0.17272,0.158835,0.774903,0.568734,0.393275,0.180405,0.145957,0.364722,0.63262,0.18461,0.242776,0.209576,0.827474,1.223106,0.483577,0.236134,0.242634
1769161674.46672,1769161674.46722,79.0,0.0,4264.871582,4275.897461,4382.94873,4329.230957,4298.717773,4284.487305,4280.256348,4294.743652,4280.384766,4257.179688,4581.282227,4534.743652,4411.410156,4491.922852,,,,,,,,,,,,,,,,,,,,,,,,,,,,,,,,,,,,,,,,,,,,,,,,,,,,,,,,,,,,,,,,,,,,,,
1769161674.474528,1769161674.474828,80.0,0.0,4262.307617,4275.769043,4382.820313,4326.538574,4299.871582,4281.282227,4276.153809,4293.846191,4281.794922,4264.615234,4585.769043,4535.0,4416.410156,4494.230957,,,,,,,,,,,,,,,,,,,,,,,,,,,,,,,,,,,,,,,,,,,,,,,,,,,,,,,,,,,,,,,,,,,,,,
1769161674.482336,1769161674.482637,81.0,0.0,4261.282227,4277.692383,4376.666504,4327.436035,4295.769043,4278.717773,4277.05127,4293.974121,4279.743652,4270.641113,4585.641113,4529.487305,4418.333496,4493.589844,,,,,,,,,,,,,,,,,,,,,,,,,,,,,,,,,,,,,,,,,,,,,,,,,,,,,,,,,,,,,,,,,,,,,,
1769161674.490145,1769161674.490345,82.0,0.0,4260.641113,4274.871582,4372.820313,4325.256348,4291.794922,4278.461426,4276.410156,4291.410156,4277.563965,4263.461426,4580.128418,4523.461426,4414.743652,4490.769043,,,,,,,,,,,,,,,,,,,,,,,,,,,,,,,,,,,,,,,,,,,,,,,,,,,,,,,,,,,,,,,,,,,,,,
1769161674.497953,1769161674.498154,83.0,0.0,4267.94873,4276.153809,4385.384766,4328.589844,4294.615234,4277.307617,4265.641113,4288.846191,4277.307617,4261.025879,4582.307617,4532.820313,4422.05127,4493.205078,,,,,,,,,,,,,,,,,,,,,,,,,,,,,,,,,,,,,,,,,,,,,,,,,,,,,,,,,,,,,,,,,,,,,,
1769161674.505762,1769161674.505762,84.0,0.0,4273.846191,4282.05127,4393.461426,4336.538574,4296.794922,4276.922852,4261.025879,4293.589844,4278.461426,4265.128418,4586.282227,4541.153809,4428.846191,4495.256348,,,,,,,,,,,,,,,,,,,,,,,,,,,,,,,,,,,,,,,,,,,,,,,,,,,,,,,,,,,,,,,,,,,,,,
1769161674.51357,1769161674.513571,85.0,0.0,4269.230957,4280.769043,4386.025879,4338.461426,4296.666504,4282.179688,4274.487305,4294.743652,4276.794922,4262.436035,4581.794922,4531.794922,4421.794922,4491.922852,,,,,,,,,,,,,,,,,,,,,,,,,,,,,,,,,,,,,,,,,,,,,,,,,,,,,,,,,,,,,,,,,,,,,,
1769161674.521379,1769161674.521279,86.0,0.0,4270.897461,4282.94873,4387.307617,4340.769043,4301.282227,4284.358887,4278.461426,4287.692383,4273.974121,4261.538574,4581.666504,4530.512695,4419.615234,4494.487305,,,,,,,,,,,,,,,,,,,,,,,,,,,,,,,,,,,,,,,,,,,,,,,,,,,,,,,,,,,,,,,,,,,,,,
1769161674.529187,1769161674.529088,87.0,0.0,4282.692383,4289.102539,4397.436035,4344.102539,4301.666504,4276.282227,4263.717773,4287.179688,4277.05127,4266.025879,4591.538574,4543.077148,4430.256348,4507.563965,,,,,,,,,,,,,,,,,,,,,,,,,,,,,,,,,,,,,,,,,,,,,,,,,,,,,,,,,,,,,,,,,,,,,,
1769161674.536996,1769161674.537096,88.0,0.0,4282.307617,4285.256348,4398.589844,4341.153809,4294.743652,4273.205078,4257.05127,4292.05127,4281.282227,4268.461426,4595.0,4545.0,4434.358887,4510.512695,,,,,,,,,,,,,,,,,,,,,,,,,,,,,,,,,,,,,,,,,,,,,,,,,,,,,,,,,,,,,,,,,,,,,,
1769161674.544804,1769161674.544905,89.0,0.0,4269.358887,4278.717773,4394.743652,4339.102539,4294.871582,4279.615234,4266.666504,4290.128418,4277.436035,4265.897461,4586.666504,4536.922852,4426.410156,4496.666504,,,,,,,,,,,,,,,,,,,,,,,,,,,,,,,,,,,,,,,,,,,,,,,,,,,,,,,,,,,,,,,,,,,,,,
1769161674.552612,1769161674.552813,90.0,0.0,4262.307617,4279.230957,4391.538574,4340.641113,4298.333496,4281.666504,4274.743652,4288.333496,4275.0,4260.512695,4580.769043,4533.461426,4422.05127,4487.820313,,,,,,,,,,,,,,,,,,,,,,,,,,,,,,,,,,,,,,,,,,,,,,,,,,,,,,,,,,,,,,,,,,,,,,
1769161674.560421,1769161674.560621,91.0,0.0,4263.589844,4279.743652,4388.846191,4338.846191,4297.179688,4280.0,4268.974121,4290.897461,4280.769043,4261.922852,4585.128418,4537.692383,4423.461426,4492.05127,,,,,,,,,,,,,,,,,,,,,,,,,,,,,,,,,,,,,,,,,,,,,,,,,,,,,,,,,,,,,,,,,,,,,,
1769161674.568229,1769161674.56863,92.0,0.0,4266.025879,4276.666504,4389.871582,4335.897461,4294.871582,4281.794922,4265.897461,4289.743652,4275.769043,4265.128418,4583.589844,4540.897461,4422.94873,4495.512695,,,,,,,,,,,,,,,,,,,,,,,,,,,,,,,,,,,,,,,,,,,,,,,,,,,,,,,,,,,,,,,,,,,,,,
1769161674.576038,1769161674.576438,93.0,0.0,4261.666504,4276.153809,4389.230957,4336.410156,4294.871582,4282.563965,4272.94873,4285.384766,4263.333496,4263.077148,4571.794922,4533.589844,4419.230957,4492.307617,,,,,,,,,,,,,,,,,,,,,,,,,,,,,,,,,,,,,,,,,,,,,,,,,,,,,,,,,,,,,,,,,,,,,,
1769161674.583846,1769161674.584147,94.0,0.0,4260.384766,4280.384766,4387.436035,4338.717773,4297.94873,4280.769043,4271.922852,4282.692383,4270.0,4262.94873,4569.871582,4523.846191,4417.94873,4488.589844,0.731866,0.304356,0.349394,0.316758,0.190114,0.432131,0.101105,0.330214,0.241881,0.099418,0.381292,0.250959,0.223571,0.202979,0.07436,0.449065,0.181978,0.222259,0.118269,0.072445,0.302408,0.146267,0.129914,0.097174,0.050926,0.303867,0.157142,0.088829,0.09117,0.129517,0.279125,0.221547,0.149336,0.133534,0.139994,0.145424,0.095739,0.061748,0.045468,0.066181,0.476571,0.341456,0.378603,0.168411,0.076556,0.129059,0.314979,0.420574,0.252113,0.398108,0.404751,0.383664,0.248489,0.173836,0.141603,0.660157,0.547641,0.42215,0.176049,0.171624,0.264099,0.609623,0.175591,0.219416,0.19044,0.804681,1.296312,0.451803,0.230958,0.227582
1769161674.591655,1769161674.591955,95.0,0.0,4271.410156,4282.692383,4390.897461,4341.666504,4304.615234,4278.974121,4266.794922,4281.410156,4280.641113,4266.025879,4578.846191,4529.230957,4421.794922,4488.077148,,,,,,,,,,,,,,,,,,,,,,,,,,,,,,,,,,,,,,,,,,,,,,,,,,,,,,,,,,,,,,,,,,,,,,
1769161674.599463,1769161674.599963,96.0,0.0,4277.94873,4280.641113,4394.230957,4341.410156,4304.358887,4277.692383,4273.205078,4280.128418,4271.410156,4263.333496,4581.025879,4537.692383,4425.384766,4491.922852,,,,,,,,,,,,,,,,,,,,,,,,,,,,,,,,,,,,,,,,,,,,,,,,,,,,,,,,,,,,,,,,,,,,,,
1769161674.607272,1769161674.607772,97.0,0.0,4273.589844,4283.717773,4395.384766,4339.487305,4297.692383,4279.615234,4276.153809,4279.871582,4263.589844,4259.358887,4578.333496,4534.871582,4426.025879,4497.820313,,,,,,,,,,,,,,,,,,,,,,,,,,,,,,,,,,,,,,,,,,,,,,,,,,,,,,,,,,,,,,,,,,,,,,
1769161674.61508,1769161674.61568,98.0,0.0,4273.974121,4290.641113,4397.179688,4345.897461,4296.153809,4274.615234,4266.025879,4280.641113,4270.128418,4262.307617,4580.897461,4535.384766,4425.0,4496.922852,,,,,,,,,,,,,,,,,,,,,,,,,,,,,,,,,,,,,,,,,,,,,,,,,,,,,,,,,,,,,,,,,,,,,,
1769161674.622888,1769161674.623488,99.0,0.0,4281.410156,4293.589844,4398.461426,4351.794922,4298.461426,4265.769043,4262.692383,4280.769043,4277.820313,4267.692383,4583.589844,4543.333496,4427.179688,4490.769043,,,,,,,,,,,,,,,,,,,,,,,,,,,,,,,,,,,,,,,,,,,,,,,,,,,,,,,,,,,,,,,,,,,,,,
1769161674.630697,1769161674.631197,100.0,0.0,4283.589844,4293.974121,4398.846191,4345.512695,4298.205078,4270.384766,4269.358887,4282.820313,4276.025879,4263.846191,4583.974121,4543.589844,4425.384766,4494.743652,,,,,,,,,,,,,,,,,,,,,,,,,,,,,,,,,,,,,,,,,,,,,,,,,,,,,,,,,,,,,,,,,,,,,,
1769161674.638505,1769161674.639005,101.0,0.0,4281.410156,4289.358887,4399.358887,4340.512695,4297.05127,4277.820313,4274.102539,4287.820313,4268.333496,4257.436035,4583.333496,4541.025879,4421.410156,4503.077148,,,,,,,,,,,,,,,,,,,,,,,,,,,,,,,,,,,,,,,,,,,,,,,,,,,,,,,,,,,,,,,,,,,,,,
1769161674.646314,1769161674.646714,102.0,0.0,4276.794922,4281.922852,4397.692383,4346.153809,4296.794922,4275.897461,4271.794922,4292.307617,4270.0,4262.05127,4580.769043,4543.846191,4424.230957,4500.0,,,,,,,,,,,,,,,,,,,,,,,,,,,,,,,,,,,,,,,,,,,,,,,,,,,,,,,,,,,,,,,,,,,,,,
1769161674.654122,1769161674.654522,103.0,0.0,4274.743652,4284.487305,4394.743652,4349.230957,4298.589844,4274.230957,4265.128418,4291.025879,4277.436035,4267.820313,4580.641113,4541.666504,4424.102539,4497.94873,,,,,,,,,,,,,,,,,,,,,,,,,,,,,,,,,,,,,,,,,,,,,,,,,,,,,,,,,,,,,,,,,,,,,,
1769161674.661931,1769161674.662531,104.0,0.0,4280.0,4292.307617,4395.0,4347.307617,4298.333496,4277.307617,4265.128418,4287.436035,4275.512695,4264.230957,4580.512695,4536.282227,4420.641113,4506.410156,,,,,,,,,,,,,,,,,,,,,,,,,,,,,,,,,,,,,,,,,,,,,,,,,,,,,,,,,,,,,,,,,,,,,,
1769161674.669739,1769161674.670339,105.0,0.0,4284.230957,4287.820313,4398.205078,4349.615234,4296.666504,4281.025879,4274.615234,4289.102539,4273.461426,4263.205078,4581.153809,4537.05127,4424.102539,4509.487305,,,,,,,,,,,,,,,,,,,,,,,,,,,,,,,,,,,,,,,,,,,,,,,,,,,,,,,,,,,,,,,,,,,,,,
1769161674.677548,1769161674.678248,106.0,0.0,4281.025879,4279.230957,4396.794922,4350.384766,4300.256348,4283.077148,4282.307617,4294.230957,4278.846191,4266.153809,4583.205078,4539.358887,4428.589844,4503.974121,,,,,,,,,,,,,,,,,,,,,,,,,,,,,,,,,,,,,,,,,,,,,,,,,,,,,,,,,,,,,,,,,,,,,,
1769161674.685356,1769161674.686056,107.0,0.0,4278.077148,4282.820313,4389.615234,4348.077148,4305.0,4280.769043,4278.461426,4294.743652,4278.077148,4263.974121,4583.461426,4536.410156,4425.769043,4505.384766,,,,,,,,,,,,,,,,,,,,,,,,,,,,,,,,,,,,,,,,,,,,,,,,,,,,,,,,,,,,,,,,,,,,,,
1769161674.693164,1769161674.693665,108.0,0.0,4279.615234,4293.333496,4391.410156,4350.641113,4303.974121,4276.282227,4268.077148,4291.794922,4276.538574,4265.128418,4584.102539,4534.230957,4425.512695,4504.615234,,,,,,,,,,,,,,,,,,,,,,,,,,,,,,,,,,,,,,,,,,,,,,,,,,,,,,,,,,,,,,,,,,,,,,
1769161674.700973,1769161674.701473,109.0,0.0,4279.230957,4293.333496,4395.384766,4351.538574,4301.410156,4280.128418,4272.94873,4292.436035,4279.358887,4267.436035,4582.94873,4535.641113,4427.05127,4492.179688,,,,,,,,,,,,,,,,,,,,,,,,,,,,,,,,,,,,,,,,,,,,,,,,,,,,,,,,,,,,,,,,,,,,,,
1769161674.708781,1769161674.709182,110.0,0.0,4278.589844,4285.512695,4392.179688,4346.282227,4303.461426,4282.692383,4280.128418,4293.589844,4276.794922,4265.769043,4580.0,4535.769043,4424.871582,4492.179688,0.642564,0.329283,0.35764,0.339239,0.16698,0.379861,0.11471,0.336198,0.256933,0.102345,0.348351,0.191568,0.215882,0.179398,0.055293,0.411017,0.218601,0.237176,0.121462,0.074767,0.301493,0.147679,0.147801,0.08659,0.048935,0.261893,0.176016,0.104116,0.083916,0.127371,0.27558,0.212794,0.163773,0.132709,0.143394,0.15153,0.133928,0.069542,0.046692,0.066561,0.379622,0.284757,0.401481,0.169968,0.070943,0.110315,0.276222,0.446716,0.225685,0.385437,0.327225,0.372535,0.239634,0.178654,0.124194,0.579738,0.520515,0.442593,0.175491,0.188781,0.187897,0.563835,0.173209,0.188929,0.174116,0.753509,1.348144,0.423267,0.224187,0.210385
1769161674.71659,1769161674.71699,111.0,0.0,4280.384766,4288.846191,4392.436035,4347.820313,4305.769043,4275.512695,4268.974121,4293.717773,4277.179688,4272.179688,4584.358887,4538.333496,4428.974121,4509.230957,,,,,,,,,,,,,,,,,,,,,,,,,,,,,,,,,,,,,,,,,,,,,,,,,,,,,,,,,,,,,,,,,,,,,,
1769161674.724398,1769161674.724599,112.0,0.0,4279.487305,4294.743652,4394.230957,4352.820313,4304.230957,4278.717773,4269.615234,4295.769043,4280.512695,4280.769043,4589.743652,4540.641113,4429.871582,4509.615234,,,,,,,,,,,,,,,,,,,,,,,,,,,,,,,,,,,,,,,,,,,,,,,,,,,,,,,,,,,,,,,,,,,,,,
1769161674.732207,1769161674.732407,113.0,0.0,4277.692383,4288.846191,4392.179688,4348.846191,4301.922852,4288.974121,4281.794922,4295.897461,4277.94873,4277.307617,4586.153809,4537.563965,4424.102539,4492.692383,,,,,,,,,,,,,,,,,,,,,,,,,,,,,,,,,,,,,,,,,,,,,,,,,,,,,,,,,,,,,,,,,,,,,,
1769161674.740015,1769161674.740315,114.0,0.0,4281.153809,4289.615234,4393.846191,4346.794922,4304.102539,4281.666504,4269.615234,4294.615234,4276.666504,4274.871582,4583.717773,4536.410156,4425.256348,4496.538574,,,,,,,,,,,,,,,,,,,,,,,,,,,,,,,,,,,,,,,,,,,,,,,,,,,,,,,,,,,,,,,,,,,,,,
1769161674.747824,1769161674.748124,115.0,0.0,4281.666504,4295.256348,4397.820313,4350.641113,4305.641113,4272.436035,4258.589844,4293.077148,4278.974121,4279.102539,4587.820313,4540.0,4430.128418,4510.769043,,,,,,,,,,,,,,,,,,,,,,,,,,,,,,,,,,,,,,,,,,,,,,,,,,,,,,,,,,,,,,,,,,,,,,
1769161674.755632,1769161674.756132,116.0,0.0,4273.589844,4287.94873,4393.077148,4345.384766,4298.205078,4281.153809,4275.641113,4292.692383,4277.692383,4275.384766,4588.974121,4541.025879,4429.230957,4509.487305,,,,,,,,,,,,,,,,,,,,,,,,,,,,,,,,,,,,,,,,,,,,,,,,,,,,,,,,,,,,,,,,,,,,,,
1769161674.76344,1769161674.763941,117.0,0.0,4273.717773,4285.0,4388.846191,4341.922852,4294.102539,4283.717773,4280.384766,4293.333496,4276.794922,4274.487305,4588.333496,4539.102539,4428.461426,4506.153809,,,,,,,,,,,,,,,,,,,,,,,,,,,,,,,,,,,,,,,,,,,,,,,,,,,,,,,,,,,,,,,,,,,,,,
1769161674.771249,1769161674.771849,118.0,0.0,4281.538574,4294.615234,4390.641113,4348.717773,4303.077148,4274.615234,4269.871582,4293.205078,4280.641113,4280.897461,4586.922852,4539.871582,4428.205078,4505.512695,,,,,,,,,,,,,,,,,,,,,,,,,,,,,,,,,,,,,,,,,,,,,,,,,,,,,,,,,,,,,,,,,,,,,,
1769161674.779058,1769161674.779657,119.0,0.0,4278.974121,4295.512695,4389.230957,4348.205078,4306.794922,4277.307617,4274.358887,4290.641113,4278.205078,4275.128418,4581.282227,4539.102539,4423.333496,4501.410156,,,,,,,,,,,,,,,,,,,,,,,,,,,,,,,,,,,,,,,,,,,,,,,,,,,,,,,,,,,,,,,,,,,,,,
1769161674.786866,1769161674.787666,120.0,0.0,4273.461426,4291.794922,4388.974121,4344.358887,4299.102539,4281.025879,4278.974121,4286.922852,4273.461426,4270.0,4579.743652,4536.538574,4424.358887,4502.692383,,,,,,,,,,,,,,,,,,,,,,,,,,,,,,,,,,,,,,,,,,,,,,,,,,,,,,,,,,,,,,,,,,,,,,
1769161674.794675,1769161674.795474,121.0,0.0,4281.153809,4297.307617,4393.205078,4350.0,4294.102539,4274.871582,4272.436035,4287.179688,4278.333496,4278.205078,4583.846191,4537.94873,4431.794922,4509.871582,,,,,,,,,,,,,,,,,,,,,,,,,,,,,,,,,,,,,,,,,,,,,,,,,,,,,,,,,,,,,,,,,,,,,,
1769161674.802483,1769161674.803382,122.0,0.0,4291.282227,4297.94873,4394.230957,4353.205078,4297.94873,4274.102539,4269.871582,4289.743652,4283.589844,4278.589844,4583.717773,4540.128418,4431.025879,4508.461426,,,,,,,,,,,,,,,,,,,,,,,,,,,,,,,,,,,,,,,,,,,,,,,,,,,,,,,,,,,,,,,,,,,,,,
1769161674.810291,1769161674.811191,123.0,0.0,4291.282227,4293.205078,4390.641113,4350.384766,4304.102539,4280.384766,4274.358887,4292.179688,4281.794922,4269.487305,4584.487305,4540.897461,4428.333496,4508.333496,,,,,,,,,,,,,,,,,,,,,,,,,,,,,,,,,,,,,,,,,,,,,,,,,,,,,,,,,,,,,,,,,,,,,,
1769161674.8181,1769161674.8188,124.0,0.0,4288.461426,4295.769043,4389.743652,4348.205078,4304.615234,4281.410156,4277.692383,4292.692383,4279.358887,4268.205078,4588.205078,4540.0,4431.153809,4509.358887,,,,,,,,,,,,,,,,,,,,,,,,,,,,,,,,,,,,,,,,,,,,,,,,,,,,,,,,,,,,,,,,,,,,,,
1769161674.825908,1769161674.826608,125.0,0.0,4282.563965,4293.974121,4391.282227,4343.717773,4298.461426,4280.384766,4279.871582,4289.102539,4279.743652,4265.256348,4579.615234,4538.589844,4426.666504,4500.512695,,,,,,,,,,,,,,,,,,,,,,,,,,,,,,,,,,,,,,,,,,,,,,,,,,,,,,,,,,,,,,,,,,,,,,
1769161674.833717,1769161674.834317,126.0,0.0,4272.94873,4285.769043,4388.333496,4341.410156,4294.871582,4282.05127,4279.487305,4288.077148,4277.436035,4260.256348,4566.410156,4535.0,4411.538574,4489.230957,0.585535,0.353587,0.348643,0.351958,0.148998,0.374629,0.129242,0.337663,0.257952,0.110492,0.348295,0.163447,0.203162,0.151007,0.044121,0.384325,0.269283,0.256152,0.125436,0.08216,0.304488,0.146024,0.165088,0.07658,0.047967,0.2262,0.190746,0.119571,0.085388,0.125272,0.269039,0.197914,0.176492,0.130031,0.152361,0.156349,0.187366,0.076572,0.052506,0.062905,0.286237,0.246606,0.38785,0.166296,0.066173,0.105541,0.272628,0.454177,0.199599,0.348855,0.284102,0.378089,0.233217,0.182112,0.111536,0.539875,0.507265,0.454307,0.172098,0.193812,0.142751,0.520314,0.17553,0.153896,0.165985,0.693068,1.370276,0.391025,0.214407,0.19749
1769161674.841525,1769161674.842125,127.0,0.0,4273.846191,4283.974121,4387.692383,4344.358887,4296.538574,4280.897461,4280.256348,4293.974121,4277.94873,4267.563965,4573.461426,4534.615234,4407.94873,4489.358887,,,,,,,,,,,,,,,,,,,,,,,,,,,,,,,,,,,,,,,,,,,,,,,,,,,,,,,,,,,,,,,,,,,,,,
1769161674.849334,1769161674.849734,0.0,0.0,4282.307617,4290.641113,4393.461426,4343.589844,4295.769043,4281.025879,4290.0,4300.256348,4285.384766,4273.077148,4588.333496,4546.282227,4422.692383,4500.0,,,,,,,,,,,,,,,,,,,,,,,,,,,,,,,,,,,,,,,,,,,,,,,,,,,,,,,,,,,,,,,,,,,,,,
1769161674.857142,1769161674.857542,1.0,0.0,4280.641113,4292.05127,4395.897461,4343.846191,4293.333496,4282.94873,4296.538574,4300.0,4289.102539,4273.077148,4588.846191,4555.128418,4431.410156,4505.384766,,,,,,,,,,,,,,,,,,,,,,,,,,,,,,,,,,,,,,,,,,,,,,,,,,,,,,,,,,,,,,,,,,,,,,
1769161674.864951,1769161674.86545,2.0,0.0,4278.589844,4291.538574,4396.666504,4350.769043,4295.769043,4280.0,4286.410156,4296.025879,4288.461426,4280.897461,4586.538574,4545.897461,4427.05127,4503.077148,,,,,,,,,,,,,,,,,,,,,,,,,,,,,,,,,,,,,,,,,,,,,,,,,,,,,,,,,,,,,,,,,,,,,,
1769161674.872759,1769161674.873259,3.0,0.0,4284.358887,4295.769043,4400.256348,4355.0,4297.692383,4279.102539,4276.666504,4295.128418,4286.282227,4285.384766,4588.461426,4537.05127,4425.0,4502.820313,,,,,,,,,,,,,,,,,,,,,,,,,,,,,,,,,,,,,,,,,,,,,,,,,,,,,,,,,,,,,,,,,,,,,,
1769161674.880567,1769161674.881267,4.0,0.0,4285.512695,4298.077148,4401.025879,4353.205078,4297.436035,4282.436035,4280.897461,4296.666504,4283.974121,4278.846191,4586.794922,4544.615234,4428.974121,4507.179688,,,,,,,,,,,,,,,,,,,,,,,,,,,,,,,,,,,,,,,,,,,,,,,,,,,,,,,,,,,,,,,,,,,,,,
1769161674.888376,1769161674.889076,5.0,0.0,4282.820313,4296.922852,4402.563965,4352.94873,4300.0,4280.256348,4282.94873,4295.897461,4283.077148,4277.94873,4587.820313,4553.333496,4431.538574,4508.333496,,,,,,,,,,,,,,,,,,,,,,,,,,,,,,,,,,,,,,,,,,,,,,,,,,,,,,,,,,,,,,,,,,,,,,
1769161674.896184,1769161674.896784,6.0,0.0,4290.0,4295.641113,4407.692383,4355.256348,4306.538574,4276.410156,4278.461426,4293.461426,4284.487305,4282.692383,4594.615234,4554.743652,4430.512695,4505.512695,,,,,,,,,,,,,,,,,,,,,,,,,,,,,,,,,,,,,,,,,,,,,,,,,,,,,,,,,,,,,,,,,,,,,,
1769161674.903993,1769161674.904593,7.0,0.0,4293.846191,4294.358887,4406.410156,4351.794922,4304.358887,4279.871582,4279.487305,4294.102539,4283.589844,4280.384766,4592.307617,4552.692383,4430.384766,4506.025879,,,,,,,,,,,,,,,,,,,,,,,,,,,,,,,,,,,,,,,,,,,,,,,,,,,,,,,,,,,,,,,,,,,,,,
1769161674.911801,1769161674.912201,8.0,0.0,4285.0,4292.692383,4402.05127,4346.025879,4295.384766,4281.025879,4285.512695,4295.128418,4279.615234,4277.820313,4583.205078,4547.436035,4428.205078,4503.717773,,,,,,,,,,,,,,,,,,,,,,,,,,,,,,,,,,,,,,,,,,,,,,,,,,,,,,,,,,,,,,,,,,,,,,
1769161674.91961,1769161674.92001,9.0,0.0,4282.05127,4294.102539,4407.94873,4350.128418,4296.922852,4277.563965,4287.692383,4295.512695,4279.871582,4278.717773,4584.102539,4548.974121,4427.436035,4503.333496,,,,,,,,,,,,,,,,,,,,,,,,,,,,,,,,,,,,,,,,,,,,,,,,,,,,,,,,,,,,,,,,,,,,,,
1769161674.927418,1769161674.927718,10.0,0.0,4292.307617,4295.769043,4413.461426,4356.410156,4303.717773,4277.436035,4287.179688,4296.538574,4281.410156,4279.743652,4589.230957,4557.179688,4430.0,4507.820313,,,,,,,,,,,,,,,,,,,,,,,,,,,,,,,,,,,,,,,,,,,,,,,,,,,,,,,,,,,,,,,,,,,,,,
1769161674.935227,1769161674.935527,11.0,0.0,4293.717773,4294.230957,4412.820313,4352.820313,4303.846191,4280.0,4286.666504,4294.102539,4280.128418,4278.846191,4586.538574,4553.589844,4428.333496,4503.974121,,,,,,,,,,,,,,,,,,,,,,,,,,,,,,,,,,,,,,,,,,,,,,,,,,,,,,,,,,,,,,,,,,,,,,
1769161674.943035,1769161674.943535,12.0,0.0,4281.666504,4292.436035,4412.436035,4349.487305,4301.666504,4282.820313,4285.0,4291.538574,4276.794922,4276.282227,4582.179688,4540.256348,4425.128418,4491.666504,,,,,,,,,,,,,,,,,,,,,,,,,,,,,,,,,,,,,,,,,,,,,,,,,,,,,,,,,,,,,,,,,,,,,,
1769161674.950843,1769161674.951343,13.0,0.0,4277.94873,4288.846191,4410.641113,4351.282227,4298.974121,4279.743652,4279.358887,4292.820313,4278.461426,4278.461426,4585.0,4537.179688,4428.717773,4488.846191,,,,,,,,,,,,,,,,,,,,,,,,,,,,,,,,,,,,,,,,,,,,,,,,,,,,,,,,,,,,,,,,,,,,,,
1769161674.958652,1769161674.959252,14.0,0.0,4283.205078,4287.179688,4408.974121,4350.256348,4293.717773,4271.282227,4277.692383,4289.743652,4280.256348,4277.692383,4584.615234,4544.102539,4426.922852,4493.077148,0.5469,0.37337,0.329398,0.349163,0.141572,0.414228,0.144345,0.338444,0.245487,0.12197,0.321678,0.167364,0.192626,0.121154,0.042157,0.339098,0.316787,0.28098,0.129794,0.091993,0.321306,0.141824,0.181855,0.068787,0.048803,0.205638,0.201575,0.130133,0.09643,0.124129,0.256442,0.184714,0.18139,0.127796,0.167399,0.164708,0.248342,0.079742,0.059724,0.056435,0.21926,0.234767,0.342717,0.151919,0.064475,0.115529,0.299086,0.439815,0.177732,0.296376,0.28005,0.404802,0.23538,0.178694,0.105864,0.520067,0.518011,0.45679,0.161753,0.18776,0.12143,0.492909,0.180652,0.119934,0.166302,0.626067,1.34223,0.353924,0.203501,0.192862
1769161674.96646,1769161674.96706,15.0,0.0,4281.922852,4290.512695,4409.743652,4349.615234,4290.897461,4272.692383,4280.897461,4280.897461,4270.0,4266.282227,4573.077148,4544.487305,4415.384766,4490.512695,,,,,,,,,,,,,,,,,,,,,,,,,,,,,,,,,,,,,,,,,,,,,,,,,,,,,,,,,,,,,,,,,,,,,,
1769161674.974269,1769161674.975068,16.0,0.0,4279.102539,4293.717773,4410.897461,4351.410156,4292.05127,4277.94873,4281.410156,4280.641113,4263.333496,4265.0,4569.358887,4541.410156,4415.0,4486.410156,,,,,,,,,,,,,,,,,,,,,,,,,,,,,,,,,,,,,,,,,,,,,,,,,,,,,,,,,,,,,,,,,,,,,,
1769161674.982077,1769161674.982877,17.0,0.0,4281.153809,4292.179688,4410.384766,4351.538574,4292.179688,4271.282227,4280.128418,4291.410156,4275.512695,4276.153809,4578.589844,4546.153809,4423.333496,4491.794922,,,,,,,,,,,,,,,,,,,,,,,,,,,,,,,,,,,,,,,,,,,,,,,,,,,,,,,,,,,,,,,,,,,,,,
1769161674.989886,1769161674.990785,18.0,0.0,4281.025879,4291.025879,4410.256348,4349.487305,4292.307617,4265.384766,4278.717773,4295.256348,4282.820313,4274.230957,4579.102539,4547.94873,4422.692383,4502.307617,,,,,,,,,,,,,,,,,,,,,,,,,,,,,,,,,,,,,,,,,,,,,,,,,,,,,,,,,,,,,,,,,,,,,,
1769161674.997694,1769161674.998594,19.0,0.0,4276.794922,4292.436035,4410.641113,4348.974121,4291.538574,4274.102539,4281.538574,4290.384766,4269.871582,4262.307617,4570.384766,4538.846191,4415.512695,4500.0,,,,,,,,,,,,,,,,,,,,,,,,,,,,,,,,,,,,,,,,,,,,,,,,,,,,,,,,,,,,,,,,,,,,,,
1769161675.005503,1769161675.006602,20.0,0.0,4277.563965,4294.615234,4411.538574,4353.077148,4293.333496,4281.153809,4284.487305,4289.102539,4262.05127,4262.94873,4570.128418,4537.563965,4413.846191,4488.205078,,,,,,,,,,,,,,,,,,,,,,,,,,,,,,,,,,,,,,,,,,,,,,,,,,,,,,,,,,,,,,,,,,,,,,
1769161675.013311,1769161675.01441,21.0,0.0,4282.05127,4295.384766,4413.974121,4357.563965,4297.563965,4277.563965,4281.410156,4289.871582,4268.717773,4271.666504,4576.922852,4551.025879,4420.512695,4493.974121,,,,,,,,,,,,,,,,,,,,,,,,,,,,,,,,,,,,,,,,,,,,,,,,,,,,,,,,,,,,,,,,,,,,,,
1769161675.021119,1769161675.022119,22.0,0.0,4282.307617,4294.358887,4413.717773,4352.436035,4297.820313,4277.307617,4277.436035,4286.922852,4272.94873,4271.794922,4581.153809,4555.897461,4423.717773,4511.410156,,,,,,,,,,,,,,,,,,,,,,,,,,,,,,,,,,,,,,,,,,,,,,,,,,,,,,,,,,,,,,,,,,,,,,
1769161675.028928,1769161675.029927,23.0,0.0,4279.487305,4293.461426,4409.102539,4344.230957,4293.461426,4279.871582,4280.641113,4285.897461,4274.102539,4267.307617,4581.153809,4546.282227,4419.871582,4510.0,,,,,,,,,,,,,,,,,,,,,,,,,,,,,,,,,,,,,,,,,,,,,,,,,,,,,,,,,,,,,,,,,,,,,,
1769161675.036736,1769161675.037536,24.0,0.0,4275.641113,4289.743652,4405.384766,4340.384766,4287.820313,4278.846191,4286.282227,4287.436035,4270.897461,4263.205078,4572.436035,4538.333496,4413.333496,4492.692383,,,,,,,,,,,,,,,,,,,,,,,,,,,,,,,,,,,,,,,,,,,,,,,,,,,,,,,,,,,,,,,,,,,,,,
1769161675.044545,1769161675.045344,25.0,0.0,4274.358887,4287.94873,4406.794922,4339.871582,4287.563965,4279.102539,4284.487305,4285.256348,4266.025879,4259.743652,4566.025879,4534.871582,4410.641113,4487.307617,,,,,,,,,,,,,,,,,,,,,,,,,,,,,,,,,,,,,,,,,,,,,,,,,,,,,,,,,,,,,,,,,,,,,,
1769161675.052353,1769161675.053053,26.0,0.0,4279.230957,4293.589844,4411.153809,4347.692383,4292.692383,4278.205078,4277.05127,4281.025879,4271.794922,4263.974121,4576.153809,4542.05127,4419.358887,4500.384766,,,,,,,,,,,,,,,,,,,,,,,,,,,,,,,,,,,,,,,,,,,,,,,,,,,,,,,,,,,,,,,,,,,,,,
1769161675.060162,1769161675.060861,27.0,0.0,4280.512695,4296.538574,4414.102539,4352.05127,4293.846191,4276.025879,4278.717773,4279.102539,4280.256348,4270.0,4580.256348,4552.179688,4427.563965,4508.589844,,,,,,,,,,,,,,,,,,,,,,,,,,,,,,,,,,,,,,,,,,,,,,,,,,,,,,,,,,,,,,,,,,,,,,
1769161675.06797,1769161675.06887,28.0,0.0,4275.641113,4291.538574,4412.563965,4343.589844,4292.436035,4277.307617,4288.589844,4281.922852,4279.230957,4268.717773,4571.794922,4547.307617,4424.871582,4502.179688,,,,,,,,,,,,,,,,,,,,,,,,,,,,,,,,,,,,,,,,,,,,,,,,,,,,,,,,,,,,,,,,,,,,,,
1769161675.075779,1769161675.076678,29.0,0.0,4277.436035,4288.717773,4411.025879,4343.589844,4294.102539,4277.692383,4286.410156,4284.871582,4277.94873,4265.384766,4573.205078,4539.615234,4419.230957,4500.0,,,,,,,,,,,,,,,,,,,,,,,,,,,,,,,,,,,,,,,,,,,,,,,,,,,,,,,,,,,,,,,,,,,,,,
1769161675.083587,1769161675.084586,30.0,0.0,4282.179688,4288.333496,4413.077148,4350.512695,4291.922852,4275.641113,4287.307617,4283.461426,4277.692383,4265.641113,4580.769043,4547.436035,4414.487305,4500.512695,0.534986,0.39423,0.308953,0.328162,0.145221,0.471954,0.164508,0.336409,0.222095,0.133892,0.312185,0.196673,0.18895,0.09455,0.047327,0.304309,0.347485,0.306402,0.132073,0.100789,0.323442,0.136858,0.19552,0.064335,0.051794,0.193708,0.209321,0.133394,0.113697,0.124193,0.239165,0.178738,0.178035,0.131006,0.189124,0.183118,0.30281,0.078094,0.065837,0.049141,0.190261,0.240993,0.282798,0.127214,0.067916,0.147174,0.334747,0.40652,0.160698,0.239112,0.309604,0.442172,0.245198,0.166705,0.106052,0.494882,0.544698,0.448081,0.146091,0.175324,0.131044,0.48203,0.185126,0.093848,0.170507,0.562221,1.247832,0.317503,0.195368,0.19681
1769161675.091396,1769161675.092395,31.0,0.0,4281.153809,4287.179688,4413.846191,4345.897461,4287.820313,4278.974121,4297.692383,4286.282227,4276.282227,4266.794922,4580.897461,4555.512695,4413.077148,4500.256348,,,,,,,,,,,,,,,,,,,,,,,,,,,,,,,,,,,,,,,,,,,,,,,,,,,,,,,,,,,,,,,,,,,,,,
1769161675.099204,1769161675.100004,32.0,0.0,4280.512695,4287.307617,4415.0,4341.922852,4291.666504,4280.256348,4290.384766,4293.846191,4280.256348,4274.102539,4583.461426,4554.871582,4425.128418,4506.282227,,,,,,,,,,,,,,,,,,,,,,,,,,,,,,,,,,,,,,,,,,,,,,,,,,,,,,,,,,,,,,,,,,,,,,
1769161675.107012,1769161675.107812,33.0,0.0,4280.0,4282.563965,4414.487305,4343.974121,4294.615234,4276.666504,4279.615234,4295.384766,4282.179688,4280.641113,4586.282227,4553.974121,4427.563965,4504.615234,,,,,,,,,,,,,,,,,,,,,,,,,,,,,,,,,,,,,,,,,,,,,,,,,,,,,,,,,,,,,,,,,,,,,,
1769161675.114821,1769161675.115521,34.0,0.0,4281.410156,4279.102539,4412.307617,4341.538574,4290.897461,4276.922852,4288.717773,4291.410156,4277.94873,4277.307617,4581.538574,4553.974121,4412.94873,4496.666504,,,,,,,,,,,,,,,,,,,,,,,,,,,,,,,,,,,,,,,,,,,,,,,,,,,,,,,,,,,,,,,,,,,,,,
1769161675.122629,1769161675.123329,35.0,0.0,4289.743652,4285.256348,4419.487305,4340.512695,4289.615234,4276.922852,4294.358887,4292.563965,4278.205078,4276.922852,4581.153809,4555.512695,4416.282227,4501.025879,,,,,,,,,,,,,,,,,,,,,,,,,,,,,,,,,,,,,,,,,,,,,,,,,,,,,,,,,,,,,,,,,,,,,,
1769161675.130438,1769161675.131337,36.0,0.0,4293.717773,4288.077148,4425.256348,4343.846191,4291.794922,4275.384766,4285.256348,4293.846191,4280.384766,4280.512695,4586.666504,4558.974121,4428.974121,4511.794922,,,,,,,,,,,,,,,,,,,,,,,,,,,,,,,,,,,,,,,,,,,,,,,,,,,,,,,,,,,,,,,,,,,,,,
1769161675.138246,1769161675.139146,37.0,0.0,4290.512695,4285.384766,4419.871582,4343.077148,4292.307617,4275.384766,4280.0,4291.538574,4279.871582,4278.461426,4586.282227,4556.410156,4426.538574,4508.461426,,,,,,,,,,,,,,,,,,,,,,,,,,,,,,,,,,,,,,,,,,,,,,,,,,,,,,,,,,,,,,,,,,,,,,
1769161675.146055,1769161675.147054,38.0,0.0,4285.769043,4286.666504,4419.871582,4341.153809,4292.179688,4274.871582,4280.384766,4288.846191,4278.717773,4275.128418,4580.128418,4549.871582,4417.94873,4494.743652,,,,,,,,,,,,,,,,,,,,,,,,,,,,,,,,,,,,,,,,,,,,,,,,,,,,,,,,,,,,,,,,,,,,,,
1769161675.153863,1769161675.154862,39.0,0.0,4283.974121,4290.512695,4424.743652,4346.025879,4292.179688,4276.794922,4283.846191,4287.436035,4278.333496,4274.743652,4576.538574,4549.487305,4414.871582,4491.153809,,,,,,,,,,,,,,,,,,,,,,,,,,,,,,,,,,,,,,,,,,,,,,,,,,,,,,,,,,,,,,,,,,,,,,
1769161675.161672,1769161675.162871,40.0,0.0,4290.384766,4292.05127,4422.820313,4349.743652,4290.897461,4280.0,4288.205078,4292.179688,4278.717773,4273.205078,4582.94873,4554.615234,4416.922852,4503.589844,,,,,,,,,,,,,,,,,,,,,,,,,,,,,,,,,,,,,,,,,,,,,,,,,,,,,,,,,,,,,,,,,,,,,,
1769161675.16948,1769161675.170679,41.0,0.0,4293.077148,4288.846191,4423.333496,4346.153809,4290.128418,4280.512695,4291.666504,4292.307617,4278.205078,4269.102539,4583.205078,4554.358887,4419.487305,4506.666504,,,,,,,,,,,,,,,,,,,,,,,,,,,,,,,,,,,,,,,,,,,,,,,,,,,,,,,,,,,,,,,,,,,,,,
1769161675.177288,1769161675.178388,42.0,0.0,4283.974121,4285.512695,4426.538574,4340.512695,4291.538574,4280.384766,4294.871582,4285.512695,4276.410156,4265.128418,4574.615234,4549.358887,4417.94873,4494.230957,,,,,,,,,,,,,,,,,,,,,,,,,,,,,,,,,,,,,,,,,,,,,,,,,,,,,,,,,,,,,,,,,,,,,,
1769161675.185097,1769161675.186196,43.0,0.0,4278.589844,4286.153809,4420.0,4339.487305,4291.282227,4278.717773,4290.769043,4285.641113,4274.743652,4264.743652,4573.077148,4544.743652,4413.717773,4489.615234,,,,,,,,,,,,,,,,,,,,,,,,,,,,,,,,,,,,,,,,,,,,,,,,,,,,,,,,,,,,,,,,,,,,,,
1769161675.192905,1769161675.193805,44.0,0.0,4281.922852,4289.358887,4413.461426,4340.256348,4289.230957,4277.94873,4282.820313,4289.871582,4274.102539,4264.230957,4575.128418,4542.692383,4412.179688,4491.282227,,,,,,,,,,,,,,,,,,,,,,,,,,,,,,,,,,,,,,,,,,,,,,,,,,,,,,,,,,,,,,,,,,,,,,
1769161675.200714,1769161675.201613,45.0,0.0,4280.897461,4285.769043,4410.897461,4337.563965,4288.589844,4274.743652,4281.153809,4286.922852,4272.563965,4261.794922,4569.615234,4546.922852,4411.538574,4489.358887,,,,,,,,,,,,,,,,,,,,,,,,,,,,,,,,,,,,,,,,,,,,,,,,,,,,,,,,,,,,,,,,,,,,,,
1769161675.208522,1769161675.209322,46.0,0.0,4281.794922,4282.436035,4411.282227,4337.179688,4287.307617,4266.666504,4278.589844,4286.025879,4272.179688,4264.102539,4570.384766,4552.94873,4415.128418,4491.282227,0.53056,0.422207,0.293586,0.291785,0.156067,0.514908,0.193928,0.325291,0.191846,0.143438,0.290594,0.239742,0.190678,0.07455,0.055865,0.260898,0.355158,0.323644,0.129374,0.10572,0.311232,0.134034,0.201132,0.064528,0.056923,0.188708,0.215285,0.130074,0.130626,0.12506,0.230574,0.182475,0.172708,0.141993,0.216246,0.221775,0.335089,0.072466,0.06953,0.04294,0.191252,0.246294,0.226524,0.099565,0.077188,0.209364,0.355188,0.363173,0.14669,0.187815,0.3642,0.469635,0.256716,0.150759,0.109429,0.449929,0.56517,0.422163,0.131381,0.163091,0.155056,0.47573,0.187234,0.080339,0.172526,0.511047,1.093569,0.290281,0.192813,0.206532
1769161675.216331,1769161675.21713,47.0,0.0,4289.102539,4287.563965,4421.538574,4341.282227,4289.102539,4270.256348,4276.538574,4293.077148,4277.692383,4267.563965,4580.512695,4553.974121,4418.589844,4493.077148,,,,,,,,,,,,,,,,,,,,,,,,,,,,,,,,,,,,,,,,,,,,,,,,,,,,,,,,,,,,,,,,,,,,,,
1769161675.224139,1769161675.224739,48.0,0.0,4291.282227,4291.410156,4425.897461,4343.846191,4292.179688,4278.974121,4281.153809,4295.897461,4276.025879,4264.615234,4580.641113,4552.563965,4414.615234,4490.512695,,,,,,,,,,,,,,,,,,,,,,,,,,,,,,,,,,,,,,,,,,,,,,,,,,,,,,,,,,,,,,,,,,,,,,
1769161675.231948,1769161675.232547,49.0,0.0,4288.205078,4288.205078,4415.128418,4339.871582,4286.922852,4269.102539,4281.410156,4293.333496,4266.410156,4262.563965,4571.410156,4552.94873,4410.897461,4489.487305,,,,,,,,,,,,,,,,,,,,,,,,,,,,,,,,,,,,,,,,,,,,,,,,,,,,,,,,,,,,,,,,,,,,,,
1769161675.239756,1769161675.240256,50.0,0.0,4288.717773,4286.282227,4410.128418,4335.897461,4282.563965,4260.384766,4274.615234,4292.307617,4268.974121,4265.641113,4571.922852,4553.461426,4415.256348,4491.666504,,,,,,,,,,,,,,,,,,,,,,,,,,,,,,,,,,,,,,,,,,,,,,,,,,,,,,,,,,,,,,,,,,,,,,
1769161675.247565,1769161675.248064,51.0,0.0,4291.025879,4288.333496,4415.512695,4338.974121,4287.94873,4270.897461,4279.230957,4293.717773,4279.871582,4267.179688,4574.871582,4550.897461,4417.05127,4491.410156,,,,,,,,,,,,,,,,,,,,,,,,,,,,,,,,,,,,,,,,,,,,,,,,,,,,,,,,,,,,,,,,,,,,,,
1769161675.255373,1769161675.256073,52.0,0.0,4291.538574,4288.846191,4417.307617,4341.922852,4292.307617,4278.846191,4290.256348,4294.230957,4281.666504,4268.333496,4573.077148,4549.230957,4412.307617,4489.871582,,,,,,,,,,,,,,,,,,,,,,,,,,,,,,,,,,,,,,,,,,,,,,,,,,,,,,,,,,,,,,,,,,,,,,
1769161675.263182,1769161675.263881,53.0,0.0,4294.615234,4292.94873,4416.025879,4342.179688,4291.282227,4274.230957,4285.641113,4293.205078,4279.743652,4272.05127,4576.025879,4552.94873,4418.205078,4492.692383,,,,,,,,,,,,,,,,,,,,,,,,,,,,,,,,,,,,,,,,,,,,,,,,,,,,,,,,,,,,,,,,,,,,,,
1769161675.27099,1769161675.271789,54.0,0.0,4297.307617,4295.512695,4413.077148,4341.794922,4291.794922,4273.974121,4281.794922,4293.205078,4281.538574,4268.461426,4577.179688,4555.512695,4424.487305,4494.743652,,,,,,,,,,,,,,,,,,,,,,,,,,,,,,,,,,,,,,,,,,,,,,,,,,,,,,,,,,,,,,,,,,,,,,
1769161675.278798,1769161675.279598,55.0,0.0,4293.589844,4289.871582,4404.615234,4340.128418,4292.307617,4278.846191,4291.025879,4291.282227,4279.102539,4262.563965,4573.846191,4549.230957,4418.077148,4491.410156,,,,,,,,,,,,,,,,,,,,,,,,,,,,,,,,,,,,,,,,,,,,,,,,,,,,,,,,,,,,,,,,,,,,,,
1769161675.286607,1769161675.287606,56.0,0.0,4292.692383,4290.769043,4403.205078,4338.974121,4290.512695,4278.205078,4289.102539,4289.230957,4277.05127,4266.922852,4575.384766,4546.538574,4415.769043,4490.128418,,,,,,,,,,,,,,,,,,,,,,,,,,,,,,,,,,,,,,,,,,,,,,,,,,,,,,,,,,,,,,,,,,,,,,
1769161675.294415,1769161675.295414,57.0,0.0,4295.897461,4295.897461,4406.153809,4340.641113,4290.0,4274.358887,4278.461426,4289.358887,4280.128418,4273.974121,4576.538574,4552.05127,4420.0,4493.461426,,,,,,,,,,,,,,,,,,,,,,,,,,,,,,,,,,,,,,,,,,,,,,,,,,,,,,,,,,,,,,,,,,,,,,
1769161675.302224,1769161675.303123,58.0,0.0,4297.563965,4294.358887,4400.769043,4343.205078,4291.666504,4276.922852,4287.436035,4290.512695,4278.461426,4273.589844,4576.282227,4554.871582,4419.358887,4494.358887,,,,,,,,,,,,,,,,,,,,,,,,,,,,,,,,,,,,,,,,,,,,,,,,,,,,,,,,,,,,,,,,,,,,,,
1769161675.310032,1769161675.310931,59.0,0.0,4300.512695,4293.333496,4395.384766,4342.563965,4292.05127,4279.743652,4296.794922,4290.256348,4274.871582,4271.666504,4580.128418,4552.94873,4421.666504,4492.563965,,,,,,,,,,,,,,,,,,,,,,,,,,,,,,,,,,,,,,,,,,,,,,,,,,,,,,,,,,,,,,,,,,,,,,
1769161675.317841,1769161675.31894,60.0,0.0,4304.743652,4295.769043,4396.922852,4342.436035,4290.384766,4277.820313,4287.179688,4288.846191,4275.769043,4276.282227,4584.615234,4553.717773,4429.230957,4499.358887,,,,,,,,,,,,,,,,,,,,,,,,,,,,,,,,,,,,,,,,,,,,,,,,,,,,,,,,,,,,,,,,,,,,,,
1769161675.325649,1769161675.326748,61.0,0.0,4305.256348,4294.743652,4395.641113,4343.461426,4293.333496,4278.205078,4283.333496,4288.717773,4278.077148,4279.743652,4584.615234,4556.538574,4428.333496,4507.94873,,,,,,,,,,,,,,,,,,,,,,,,,,,,,,,,,,,,,,,,,,,,,,,,,,,,,,,,,,,,,,,,,,,,,,
1769161675.333458,1769161675.334657,62.0,0.0,4301.025879,4293.974121,4388.846191,4341.794922,4296.410156,4275.128418,4283.846191,4288.974121,4277.94873,4279.487305,4585.897461,4555.0,4427.307617,4503.589844,0.531609,0.460604,0.282667,0.247351,0.168194,0.5191,0.232868,0.297961,0.15907,0.148437,0.273263,0.284298,0.191407,0.061721,0.064073,0.223366,0.34362,0.325234,0.120703,0.105852,0.282328,0.135333,0.194862,0.070336,0.063527,0.185064,0.220801,0.12221,0.139871,0.12634,0.239231,0.194423,0.1752,0.158044,0.244296,0.282756,0.337493,0.065816,0.071117,0.039195,0.210805,0.231966,0.183413,0.078444,0.091646,0.310793,0.346912,0.319679,0.133033,0.150083,0.435205,0.470097,0.264247,0.138953,0.114415,0.392194,0.56065,0.375869,0.126359,0.156971,0.193162,0.460178,0.189303,0.081635,0.169869,0.482221,0.911823,0.275185,0.19667,0.220657
1769161675.341266,1769161675.342465,63.0,0.0,4296.666504,4293.589844,4384.615234,4341.794922,4293.974121,4271.410156,4278.974121,4288.974121,4278.205078,4278.974121,4583.077148,4551.538574,4426.794922,4493.589844,,,,,,,,,,,,,,,,,,,,,,,,,,,,,,,,,,,,,,,,,,,,,,,,,,,,,,,,,,,,,,,,,,,,,,
1769161675.349074,1769161675.350473,64.0,0.0,4295.512695,4290.384766,4383.205078,4342.820313,4292.179688,4276.538574,4277.563965,4290.512695,4277.692383,4272.563965,4575.384766,4550.512695,4419.615234,4491.153809,,,,,,,,,,,,,,,,,,,,,,,,,,,,,,,,,,,,,,,,,,,,,,,,,,,,,,,,,,,,,,,,,,,,,,
1769161675.356883,1769161675.358282,65.0,0.0,4296.794922,4289.615234,4378.846191,4340.512695,4294.615234,4280.256348,4279.487305,4292.179688,4274.871582,4263.974121,4572.05127,4548.974121,4411.922852,4491.410156,,,,,,,,,,,,,,,,,,,,,,,,,,,,,,,,,,,,,,,,,,,,,,,,,,,,,,,,,,,,,,,,,,,,,,
1769161675.364691,1769161675.36599,66.0,0.0,4294.230957,4288.077148,4371.282227,4337.436035,4295.897461,4279.230957,4280.641113,4291.025879,4275.769043,4268.846191,4570.384766,4546.025879,4411.666504,4491.282227,,,,,,,,,,,,,,,,,,,,,,,,,,,,,,,,,,,,,,,,,,,,,,,,,,,,,,,,,,,,,,,,,,,,,,
1769161675.3725,1769161675.373799,67.0,0.0,4288.461426,4281.025879,4364.871582,4335.256348,4295.256348,4280.256348,4283.461426,4290.384766,4278.717773,4276.538574,4571.282227,4545.769043,4415.128418,4491.282227,,,,,,,,,,,,,,,,,,,,,,,,,,,,,,,,,,,,,,,,,,,,,,,,,,,,,,,,,,,,,,,,,,,,,,
1769161675.380308,1769161675.381407,68.0,0.0,4289.487305,4278.461426,4362.692383,4333.461426,4293.717773,4282.05127,4283.077148,4290.641113,4276.538574,4269.230957,4575.512695,4548.717773,4413.974121,4491.538574,,,,,,,,,,,,,,,,,,,,,,,,,,,,,,,,,,,,,,,,,,,,,,,,,,,,,,,,,,,,,,,,,,,,,,
1769161675.388117,1769161675.389216,69.0,0.0,4295.769043,4286.153809,4364.615234,4336.666504,4293.077148,4285.0,4281.794922,4290.384766,4276.666504,4265.256348,4578.846191,4553.974121,4416.666504,4499.615234,,,,,,,,,,,,,,,,,,,,,,,,,,,,,,,,,,,,,,,,,,,,,,,,,,,,,,,,,,,,,,,,,,,,,,
1769161675.395925,1769161675.396924,70.0,0.0,4297.94873,4292.179688,4368.077148,4341.410156,4295.128418,4290.128418,4287.307617,4291.025879,4285.512695,4275.641113,4577.692383,4557.94873,4425.256348,4507.179688,,,,,,,,,,,,,,,,,,,,,,,,,,,,,,,,,,,,,,,,,,,,,,,,,,,,,,,,,,,,,,,,,,,,,,
1769161675.403734,1769161675.404733,71.0,0.0,4293.589844,4292.94873,4364.358887,4340.769043,4295.897461,4290.641113,4285.897461,4294.358887,4295.128418,4282.05127,4580.769043,4557.307617,4429.230957,4505.0,,,,,,,,,,,,,,,,,,,,,,,,,,,,,,,,,,,,,,,,,,,,,,,,,,,,,,,,,,,,,,,,,,,,,,
1769161675.411542,1769161675.412341,72.0,0.0,4294.102539,4293.589844,4356.410156,4340.384766,4294.743652,4287.692383,4279.871582,4294.102539,4298.846191,4279.487305,4586.666504,4555.384766,4427.05127,4504.230957,,,,,,,,,,,,,,,,,,,,,,,,,,,,,,,,,,,,,,,,,,,,,,,,,,,,,,,,,,,,,,,,,,,,,,
1769161675.419351,1769161675.42015,73.0,0.0,4304.230957,4294.230957,4359.358887,4342.94873,4294.230957,4284.615234,4281.153809,4285.256348,4295.384766,4278.461426,4584.871582,4556.666504,4428.077148,4509.743652,,,,,,,,,,,,,,,,,,,,,,,,,,,,,,,,,,,,,,,,,,,,,,,,,,,,,,,,,,,,,,,,,,,,,,
1769161675.427159,1769161675.427858,74.0,0.0,4313.333496,4294.743652,4366.538574,4343.717773,4293.461426,4278.717773,4281.538574,4279.871582,4285.769043,4280.641113,4585.769043,4565.0,4430.769043,4511.794922,,,,,,,,,,,,,,,,,,,,,,,,,,,,,,,,,,,,,,,,,,,,,,,,,,,,,,,,,,,,,,,,,,,,,,
1769161675.434967,1769161675.435667,75.0,0.0,4309.230957,4293.717773,4360.0,4343.717773,4294.102539,4276.922852,4280.512695,4287.307617,4279.743652,4279.743652,4590.641113,4569.102539,4429.230957,4509.358887,,,,,,,,,,,,,,,,,,,,,,,,,,,,,,,,,,,,,,,,,,,,,,,,,,,,,,,,,,,,,,,,,,,,,,
1769161675.442776,1769161675.443276,76.0,0.0,4298.077148,4292.94873,4350.384766,4343.589844,4295.256348,4280.256348,4281.922852,4290.128418,4285.512695,4277.692383,4586.153809,4560.897461,4427.94873,4505.641113,,,,,,,,,,,,,,,,,,,,,,,,,,,,,,,,,,,,,,,,,,,,,,,,,,,,,,,,,,,,,,,,,,,,,,
1769161675.450584,1769161675.451084,77.0,0.0,4294.487305,4293.205078,4354.102539,4342.05127,4296.282227,4281.922852,4282.563965,4281.282227,4292.692383,4279.230957,4580.384766,4554.358887,4426.538574,4502.563965,,,,,,,,,,,,,,,,,,,,,,,,,,,,,,,,,,,,,,,,,,,,,,,,,,,,,,,,,,,,,,,,,,,,,,
1769161675.458393,1769161675.458792,78.0,0.0,4296.153809,4291.538574,4354.615234,4340.384766,4296.025879,4284.487305,4284.487305,4280.641113,4286.794922,4278.974121,4582.94873,4556.666504,4421.666504,4506.666504,0.532571,0.499502,0.269853,0.204486,0.176713,0.486042,0.274103,0.253225,0.127529,0.147546,0.272754,0.314278,0.184169,0.055432,0.069603,0.185444,0.318887,0.309183,0.107739,0.102159,0.249788,0.139888,0.176711,0.081037,0.070149,0.183684,0.22556,0.113216,0.136796,0.127831,0.267895,0.212808,0.195301,0.173735,0.267237,0.360052,0.316274,0.061295,0.0719,0.038503,0.246051,0.193302,0.153208,0.06913,0.109126,0.46575,0.315335,0.282144,0.118393,0.12839,0.519947,0.439857,0.262674,0.137045,0.121099,0.352452,0.529942,0.309986,0.137092,0.159563,0.24527,0.426648,0.19357,0.096643,0.165387,0.487311,0.74646,0.269737,0.204875,0.240445
1769161675.466201,1769161675.466601,79.0,0.0,4295.512695,4289.615234,4344.102539,4340.384766,4293.846191,4288.589844,4286.922852,4283.717773,4276.922852,4273.333496,4582.820313,4557.94873,4415.897461,4507.436035,,,,,,,,,,,,,,,,,,,,,,,,,,,,,,,,,,,,,,,,,,,,,,,,,,,,,,,,,,,,,,,,,,,,,,
1769161675.47401,1769161675.474609,80.0,0.0,4293.846191,4291.282227,4339.615234,4340.0,4293.717773,4289.743652,4284.230957,4280.641113,4278.846191,4271.282227,4575.512695,4557.05127,4414.358887,4496.922852,,,,,,,,,,,,,,,,,,,,,,,,,,,,,,,,,,,,,,,,,,,,,,,,,,,,,,,,,,,,,,,,,,,,,,
1769161675.481818,1769161675.482418,81.0,0.0,4291.666504,4292.05127,4339.102539,4338.205078,4293.974121,4288.974121,4280.0,4283.974121,4287.692383,4275.0,4570.0,4555.128418,4411.794922,4486.538574,,,,,,,,,,,,,,,,,,,,,,,,,,,,,,,,,,,,,,,,,,,,,,,,,,,,,,,,,,,,,,,,,,,,,,
1769161675.489627,1769161675.490326,82.0,0.0,4290.641113,4288.717773,4335.769043,4335.0,4292.820313,4288.461426,4279.487305,4291.410156,4292.05127,4277.94873,4569.615234,4551.666504,4408.974121,4488.333496,,,,,,,,,,,,,,,,,,,,,,,,,,,,,,,,,,,,,,,,,,,,,,,,,,,,,,,,,,,,,,,,,,,,,,
1769161675.497435,1769161675.498134,83.0,0.0,4292.692383,4285.512695,4332.563965,4333.717773,4290.0,4289.102539,4285.128418,4294.871582,4294.102539,4282.179688,4577.820313,4559.871582,4418.077148,4499.358887,,,,,,,,,,,,,,,,,,,,,,,,,,,,,,,,,,,,,,,,,,,,,,,,,,,,,,,,,,,,,,,,,,,,,,
1769161675.505243,1769161675.505743,84.0,0.0,4294.743652,4287.436035,4330.641113,4336.794922,4287.436035,4287.563965,4289.487305,4294.102539,4295.512695,4288.461426,4589.230957,4571.538574,4431.666504,4510.128418,,,,,,,,,,,,,,,,,,,,,,,,,,,,,,,,,,,,,,,,,,,,,,,,,,,,,,,,,,,,,,,,,,,,,,
1769161675.513052,1769161675.513552,85.0,0.0,4293.589844,4290.897461,4329.615234,4339.615234,4288.846191,4279.615234,4282.436035,4287.436035,4291.282227,4291.538574,4588.205078,4565.256348,4432.436035,4508.333496,,,,,,,,,,,,,,,,,,,,,,,,,,,,,,,,,,,,,,,,,,,,,,,,,,,,,,,,,,,,,,,,,,,,,,
1769161675.52086,1769161675.52126,86.0,0.0,4295.384766,4290.384766,4334.743652,4339.743652,4293.589844,4278.461426,4278.461426,4283.717773,4283.077148,4280.897461,4578.461426,4552.692383,4420.512695,4495.384766,,,,,,,,,,,,,,,,,,,,,,,,,,,,,,,,,,,,,,,,,,,,,,,,,,,,,,,,,,,,,,,,,,,,,,
1769161675.528669,1769161675.529069,87.0,0.0,4301.794922,4288.333496,4340.0,4341.922852,4295.897461,4289.358887,4285.641113,4288.589844,4276.666504,4269.743652,4576.538574,4554.102539,4413.333496,4494.871582,,,,,,,,,,,,,,,,,,,,,,,,,,,,,,,,,,,,,,,,,,,,,,,,,,,,,,,,,,,,,,,,,,,,,,
1769161675.536477,1769161675.537077,88.0,0.0,4302.94873,4288.717773,4333.717773,4343.077148,4293.205078,4288.717773,4282.307617,4289.871582,4278.333496,4277.692383,4581.153809,4563.846191,4420.128418,4507.05127,,,,,,,,,,,,,,,,,,,,,,,,,,,,,,,,,,,,,,,,,,,,,,,,,,,,,,,,,,,,,,,,,,,,,,
1769161675.544286,1769161675.544885,89.0,0.0,4294.102539,4291.025879,4325.128418,4337.436035,4290.384766,4280.512695,4276.153809,4288.205078,4281.025879,4287.307617,4582.820313,4563.974121,4426.538574,4507.05127,,,,,,,,,,,,,,,,,,,,,,,,,,,,,,,,,,,,,,,,,,,,,,,,,,,,,,,,,,,,,,,,,,,,,,
1769161675.552094,1769161675.552794,90.0,0.0,4289.102539,4287.179688,4326.538574,4335.128418,4291.538574,4288.846191,4284.102539,4292.179688,4278.333496,4281.666504,4576.410156,4557.436035,4418.205078,4494.615234,,,,,,,,,,,,,,,,,,,,,,,,,,,,,,,,,,,,,,,,,,,,,,,,,,,,,,,,,,,,,,,,,,,,,,
1769161675.559903,1769161675.560602,91.0,0.0,4298.333496,4282.307617,4334.102539,4338.846191,4292.94873,4294.487305,4285.641113,4294.230957,4282.179688,4277.563965,4571.282227,4555.256348,4410.897461,4489.358887,,,,,,,,,,,,,,,,,,,,,,,,,,,,,,,,,,,,,,,,,,,,,,,,,,,,,,,,,,,,,,,,,,,,,,
1769161675.567711,1769161675.56861,92.0,0.0,4303.077148,4286.794922,4339.102539,4340.128418,4290.769043,4284.743652,4277.179688,4293.333496,4293.205078,4283.077148,4577.692383,4556.794922,4420.512695,4496.025879,,,,,,,,,,,,,,,,,,,,,,,,,,,,,,,,,,,,,,,,,,,,,,,,,,,,,,,,,,,,,,,,,,,,,,
1769161675.575519,1769161675.576419,93.0,0.0,4295.128418,4292.179688,4338.333496,4340.0,4290.128418,4282.820313,4283.974121,4295.641113,4295.0,4281.922852,4582.05127,4558.846191,4429.230957,4501.538574,,,,,,,,,,,,,,,,,,,,,,,,,,,,,,,,,,,,,,,,,,,,,,,,,,,,,,,,,,,,,,,,,,,,,,
1769161675.583328,1769161675.584127,94.0,0.0,4298.846191,4291.538574,4339.102539,4342.563965,4293.333496,4286.153809,4292.307617,4294.358887,4291.666504,4279.487305,4583.461426,4567.692383,4430.0,4505.512695,0.535019,0.524912,0.247821,0.171086,0.178484,0.428847,0.304623,0.198503,0.099994,0.140393,0.280171,0.316606,0.166923,0.056304,0.07193,0.154719,0.287191,0.28075,0.093974,0.09651,0.22202,0.144477,0.151078,0.093891,0.075014,0.182947,0.229399,0.105502,0.121506,0.129197,0.31206,0.236747,0.2345,0.18347,0.279396,0.435802,0.286657,0.060663,0.073225,0.040687,0.297857,0.141526,0.129747,0.070826,0.126319,0.671775,0.277767,0.251791,0.104308,0.120835,0.619282,0.386313,0.250058,0.145999,0.129896,0.348567,0.483174,0.231989,0.163576,0.168454,0.315111,0.380177,0.199947,0.120972,0.164182,0.5305,0.631716,0.268348,0.213731,0.266192
1769161675.591136,1769161675.591936,95.0,0.0,4317.436035,4293.974121,4345.769043,4348.205078,4292.563965,4282.179688,4281.794922,4291.794922,4292.820313,4281.794922,4586.922852,4571.282227,4428.333496,4507.307617,,,,,,,,,,,,,,,,,,,,,,,,,,,,,,,,,,,,,,,,,,,,,,,,,,,,,,,,,,,,,,,,,,,,,,
1769161675.598945,1769161675.599944,96.0,0.0,4321.794922,4300.512695,4349.358887,4352.307617,4293.461426,4280.897461,4275.256348,4290.0,4287.436035,4278.974121,4579.487305,4559.615234,4420.128418,4499.102539,,,,,,,,,,,,,,,,,,,,,,,,,,,,,,,,,,,,,,,,,,,,,,,,,,,,,,,,,,,,,,,,,,,,,,
1769161675.606753,1769161675.607752,97.0,0.0,4311.794922,4299.615234,4344.102539,4348.333496,4295.256348,4281.666504,4279.102539,4284.615234,4278.589844,4277.179688,4570.128418,4554.743652,4416.153809,4488.461426,,,,,,,,,,,,,,,,,,,,,,,,,,,,,,,,,,,,,,,,,,,,,,,,,,,,,,,,,,,,,,,,,,,,,,
1769161675.614562,1769161675.615461,98.0,0.0,4306.794922,4293.589844,4340.512695,4341.538574,4290.897461,4279.358887,4277.307617,4281.282227,4282.436035,4281.410156,4581.794922,4567.94873,4426.538574,4497.179688,,,,,,,,,,,,,,,,,,,,,,,,,,,,,,,,,,,,,,,,,,,,,,,,,,,,,,,,,,,,,,,,,,,,,,
1769161675.62237,1769161675.623269,99.0,0.0,4302.436035,4289.230957,4342.563965,4340.128418,4287.307617,4279.871582,4275.384766,4282.563965,4287.692383,4282.05127,4589.358887,4572.179688,4429.230957,4507.307617,,,,,,,,,,,,,,,,,,,,,,,,,,,,,,,,,,,,,,,,,,,,,,,,,,,,,,,,,,,,,,,,,,,,,,
1769161675.630179,1769161675.630878,100.0,0.0,4301.025879,4287.05127,4345.0,4341.794922,4288.846191,4280.512695,4278.461426,4282.179688,4282.307617,4276.282227,4573.717773,4559.615234,4416.666504,4495.897461,,,,,,,,,,,,,,,,,,,,,,,,,,,,,,,,,,,,,,,,,,,,,,,,,,,,,,,,,,,,,,,,,,,,,,
1769161675.637987,1769161675.638686,101.0,0.0,4304.102539,4288.333496,4348.333496,4340.769043,4288.461426,4277.820313,4277.820313,4280.897461,4278.077148,4276.025879,4565.384766,4554.615234,4412.05127,4488.461426,,,,,,,,,,,,,,,,,,,,,,,,,,,,,,,,,,,,,,,,,,,,,,,,,,,,,,,,,,,,,,,,,,,,,,
1769161675.645795,1769161675.646395,102.0,0.0,4300.897461,4285.897461,4351.922852,4337.179688,4284.871582,4279.871582,4276.794922,4281.153809,4279.230957,4275.0,4572.436035,4557.94873,4414.871582,4493.333496,,,,,,,,,,,,,,,,,,,,,,,,,,,,,,,,,,,,,,,,,,,,,,,,,,,,,,,,,,,,,,,,,,,,,,
1769161675.653604,1769161675.654203,103.0,0.0,4294.487305,4281.538574,4352.179688,4335.384766,4284.743652,4283.205078,4280.0,4280.256348,4278.589844,4267.94873,4568.461426,4556.153809,4411.666504,4487.179688,,,,,,,,,,,,,,,,,,,,,,,,,,,,,,,,,,,,,,,,,,,,,,,,,,,,,,,,,,,,,,,,,,,,,,
1769161675.661412,1769161675.662212,104.0,0.0,4296.025879,4282.563965,4353.205078,4337.94873,4286.538574,4281.153809,4277.692383,4279.102539,4277.94873,4265.384766,4559.102539,4552.94873,4409.487305,4475.641113,,,,,,,,,,,,,,,,,,,,,,,,,,,,,,,,,,,,,,,,,,,,,,,,,,,,,,,,,,,,,,,,,,,,,,
1769161675.669221,1769161675.67002,105.0,0.0,4298.589844,4284.230957,4354.358887,4335.384766,4284.358887,4277.436035,4272.436035,4279.102539,4276.410156,4266.538574,4561.666504,4553.077148,4411.025879,4476.538574,,,,,,,,,,,,,,,,,,,,,,,,,,,,,,,,,,,,,,,,,,,,,,,,,,,,,,,,,,,,,,,,,,,,,,
1769161675.677029,1769161675.677928,106.0,0.0,4294.743652,4281.282227,4353.077148,4327.179688,4281.153809,4280.384766,4275.256348,4278.205078,4272.563965,4263.974121,4562.05127,4552.05127,4404.487305,4478.333496,,,,,,,,,,,,,,,,,,,,,,,,,,,,,,,,,,,,,,,,,,,,,,,,,,,,,,,,,,,,,,,,,,,,,,
1769161675.684838,1769161675.685737,107.0,0.0,4293.333496,4278.589844,4356.153809,4329.102539,4284.102539,4283.333496,4279.487305,4277.436035,4273.205078,4261.410156,4555.0,4551.153809,4396.282227,4474.743652,,,,,,,,,,,,,,,,,,,,,,,,,,,,,,,,,,,,,,,,,,,,,,,,,,,,,,,,,,,,,,,,,,,,,,
1769161675.692646,1769161675.693745,108.0,0.0,4299.358887,4280.256348,4363.205078,4338.077148,4288.461426,4279.871582,4276.794922,4279.102539,4277.179688,4262.94873,4558.589844,4555.512695,4400.512695,4476.922852,,,,,,,,,,,,,,,,,,,,,,,,,,,,,,,,,,,,,,,,,,,,,,,,,,,,,,,,,,,,,,,,,,,,,,
1769161675.700455,1769161675.701554,109.0,0.0,4304.230957,4281.282227,4364.102539,4336.025879,4287.436035,4278.077148,4274.871582,4279.358887,4277.820313,4264.487305,4567.436035,4556.538574,4405.641113,4480.769043,,,,,,,,,,,,,,,,,,,,,,,,,,,,,,,,,,,,,,,,,,,,,,,,,,,,,,,,,,,,,,,,,,,,,,
1769161675.708263,1769161675.709262,110.0,0.0,4299.358887,4279.615234,4360.256348,4327.436035,4286.538574,4280.897461,4278.333496,4279.230957,4278.717773,4266.025879,4566.153809,4555.128418,4405.128418,4479.358887,0.544531,0.533001,0.215684,0.150878,0.172733,0.372022,0.315974,0.148776,0.079097,0.127631,0.310431,0.291642,0.144424,0.065516,0.072617,0.133692,0.254577,0.249727,0.083442,0.090254,0.201151,0.145277,0.124754,0.104599,0.076484,0.181298,0.236336,0.100851,0.098842,0.129574,0.353758,0.263642,0.28444,0.182957,0.277222,0.490763,0.264385,0.064701,0.075837,0.045022,0.362233,0.098375,0.113685,0.08018,0.140041,0.898734,0.255495,0.227686,0.094544,0.123037,0.719663,0.331544,0.228855,0.162688,0.139927,0.380915,0.438196,0.156265,0.20002,0.178548,0.397882,0.342568,0.208168,0.148888,0.169352,0.599015,0.579838,0.264318,0.219962,0.29379
1769161675.716072,1769161675.717071,111.0,0.0,4292.436035,4277.436035,4362.436035,4326.666504,4283.717773,4280.769043,4280.128418,4283.333496,4281.025879,4267.820313,4561.025879,4554.615234,4408.077148,4478.974121,,,,,,,,,,,,,,,,,,,,,,,,,,,,,,,,,,,,,,,,,,,,,,,,,,,,,,,,,,,,,,,,,,,,,,
1769161675.72388,1769161675.724679,112.0,0.0,4293.974121,4275.512695,4369.615234,4329.358887,4279.743652,4279.615234,4278.589844,4284.487305,4281.410156,4270.641113,4562.436035,4557.307617,4411.538574,4480.512695,,,,,,,,,,,,,,,,,,,,,,,,,,,,,,,,,,,,,,,,,,,,,,,,,,,,,,,,,,,,,,,,,,,,,,
1769161675.731689,1769161675.732488,113.0,0.0,4296.538574,4276.538574,4373.077148,4328.077148,4279.615234,4280.641113,4278.333496,4282.692383,4282.05127,4274.871582,4566.794922,4558.974121,4409.487305,4478.205078,,,,,,,,,,,,,,,,,,,,,,,,,,,,,,,,,,,,,,,,,,,,,,,,,,,,,,,,,,,,,,,,,,,,,,
1769161675.739497,1769161675.740396,114.0,0.0,4293.461426,4279.487305,4372.307617,4327.820313,4280.769043,4279.230957,4279.743652,4284.230957,4282.179688,4273.717773,4568.589844,4556.922852,4408.974121,4476.282227,,,,,,,,,,,,,,,,,,,,,,,,,,,,,,,,,,,,,,,,,,,,,,,,,,,,,,,,,,,,,,,,,,,,,,
1769161675.747306,1769161675.748205,115.0,0.0,4292.05127,4278.717773,4373.205078,4326.153809,4279.358887,4278.589844,4280.641113,4289.358887,4279.487305,4267.692383,4567.94873,4558.205078,4413.077148,4477.307617,,,,,,,,,,,,,,,,,,,,,,,,,,,,,,,,,,,,,,,,,,,,,,,,,,,,,,,,,,,,,,,,,,,,,,
1769161675.755114,1769161675.755813,116.0,0.0,4292.820313,4274.102539,4376.153809,4323.717773,4278.333496,4281.666504,4279.743652,4288.205078,4277.307617,4263.846191,4567.05127,4563.205078,4409.487305,4476.153809,,,,,,,,,,,,,,,,,,,,,,,,,,,,,,,,,,,,,,,,,,,,,,,,,,,,,,,,,,,,,,,,,,,,,,
1769161675.762922,1769161675.763622,117.0,0.0,4292.692383,4273.333496,4381.282227,4330.512695,4279.230957,4283.077148,4281.025879,4281.666504,4277.307617,4266.538574,4565.641113,4566.282227,4403.974121,4479.358887,,,,,,,,,,,,,,,,,,,,,,,,,,,,,,,,,,,,,,,,,,,,,,,,,,,,,,,,,,,,,,,,,,,,,,
1769161675.770731,1769161675.77133,118.0,0.0,4298.846191,4281.282227,4387.820313,4338.077148,4280.512695,4279.358887,4279.871582,4279.871582,4279.358887,4265.769043,4569.358887,4567.563965,4409.358887,4492.820313,,,,,,,,,,,,,,,,,,,,,,,,,,,,,,,,,,,,,,,,,,,,,,,,,,,,,,,,,,,,,,,,,,,,,,
1769161675.778539,1769161675.779139,119.0,0.0,4295.384766,4278.333496,4388.333496,4331.282227,4279.871582,4278.205078,4276.666504,4286.410156,4280.769043,4264.487305,4573.846191,4570.769043,4416.794922,4493.717773,,,,,,,,,,,,,,,,,,,,,,,,,,,,,,,,,,,,,,,,,,,,,,,,,,,,,,,,,,,,,,,,,,,,,,
1769161675.786348,1769161675.786747,120.0,0.0,4279.230957,4261.025879,4384.358887,4321.282227,4277.436035,4282.94873,4278.974121,4291.666504,4280.0,4273.461426,4571.282227,4570.128418,4414.358887,4477.692383,,,,,,,,,,,,,,,,,,,,,,,,,,,,,,,,,,,,,,,,,,,,,,,,,,,,,,,,,,,,,,,,,,,,,,
1769161675.794156,1769161675.794556,121.0,0.0,4290.897461,4267.692383,4394.358887,4327.179688,4276.794922,4283.717773,4280.256348,4287.307617,4281.538574,4281.538574,4573.846191,4569.743652,4411.794922,4478.333496,,,,,,,,,,,,,,,,,,,,,,,,,,,,,,,,,,,,,,,,,,,,,,,,,,,,,,,,,,,,,,,,,,,,,,
1769161675.801965,1769161675.802464,122.0,0.0,4319.487305,4290.641113,4410.769043,4339.743652,4280.384766,4279.615234,4276.922852,4285.897461,4289.615234,4280.641113,4582.05127,4577.692383,4414.358887,4494.358887,,,,,,,,,,,,,,,,,,,,,,,,,,,,,,,,,,,,,,,,,,,,,,,,,,,,,,,,,,,,,,,,,,,,,,
1769161675.809773,1769161675.810273,123.0,0.0,4315.128418,4287.307617,4408.461426,4337.563965,4281.794922,4278.589844,4276.794922,4288.846191,4295.512695,4279.358887,4580.384766,4577.307617,4416.410156,4496.666504,,,,,,,,,,,,,,,,,,,,,,,,,,,,,,,,,,,,,,,,,,,,,,,,,,,,,,,,,,,,,,,,,,,,,,
1769161675.817582,1769161675.817881,124.0,0.0,4297.05127,4274.230957,4401.666504,4328.077148,4278.717773,4283.077148,4279.871582,4289.871582,4294.487305,4282.692383,4579.743652,4571.282227,4422.94873,4494.102539,,,,,,,,,,,,,,,,,,,,,,,,,,,,,,,,,,,,,,,,,,,,,,,,,,,,,,,,,,,,,,,,,,,,,,
1769161675.82539,1769161675.82569,125.0,0.0,4305.0,4278.205078,4408.205078,4329.487305,4277.05127,4289.615234,4281.153809,4295.641113,4295.0,4283.205078,4584.230957,4576.666504,4424.358887,4497.307617,,,,,,,,,,,,,,,,,,,,,,,,,,,,,,,,,,,,,,,,,,,,,,,,,,,,,,,,,,,,,,,,,,,,,,
1769161675.833198,1769161675.833398,126.0,0.0,4314.743652,4279.871582,4418.077148,4338.333496,4279.358887,4291.153809,4280.512695,4294.615234,4292.563965,4278.974121,4576.282227,4580.0,4413.461426,4493.846191,0.570098,0.528787,0.174783,0.143872,0.161831,0.337897,0.30676,0.113323,0.065675,0.111256,0.35968,0.251886,0.122788,0.082753,0.074475,0.127807,0.226543,0.221502,0.078242,0.083699,0.189583,0.139545,0.104485,0.109075,0.07384,0.178256,0.253136,0.102421,0.076185,0.128202,0.383105,0.290213,0.330072,0.171998,0.261591,0.512152,0.258219,0.07395,0.079645,0.050261,0.430438,0.087308,0.118709,0.095654,0.14809,1.096172,0.26278,0.207932,0.092893,0.129793,0.800075,0.3034,0.203829,0.181905,0.149712,0.427312,0.411588,0.096563,0.235423,0.185721,0.485626,0.337378,0.218773,0.175232,0.180532,0.670113,0.576472,0.253908,0.224215,0.316875
1769161675.841007,1769161675.841207,127.0,0.0,4306.538574,4276.794922,4420.128418,4338.589844,4281.282227,4287.179688,4279.615234,4282.94873,4282.94873,4272.436035,4567.563965,4572.05127,4411.282227,4489.615234,,,,,,,,,,,,,,,,,,,,,,,,,,,,,,,,,,,,,,,,,,,,,,,,,,,,,,,,,,,,,,,,,,,,,,
1769161675.848815,1769161675.848815,0.0,0.0,4295.769043,4276.282227,4414.102539,4329.102539,4280.384766,4290.641113,4282.436035,4281.794922,4277.563965,4265.128418,4568.846191,4569.487305,4411.666504,4492.05127,,,,,,,,,,,,,,,,,,,,,,,,,,,,,,,,,,,,,,,,,,,,,,,,,,,,,,,,,,,,,,,,,,,,,,
1769161675.856624,1769161675.856624,1.0,0.0,4294.743652,4274.102539,4415.512695,4325.512695,4278.333496,4291.922852,4282.820313,4287.436035,4280.128418,4264.615234,4567.05127,4575.512695,4403.846191,4489.615234,,,,,,,,,,,,,,,,,,,,,,,,,,,,,,,,,,,,,,,,,,,,,,,,,,,,,,,,,,,,,,,,,,,,,,
1769161675.864432,1769161675.864532,2.0,0.0,4304.871582,4275.512695,4426.410156,4332.179688,4274.615234,4282.94873,4278.205078,4281.922852,4280.641113,4266.794922,4563.461426,4573.205078,4402.692383,4485.897461,,,,,,,,,,,,,,,,,,,,,,,,,,,,,,,,,,,,,,,,,,,,,,,,,,,,,,,,,,,,,,,,,,,,,,
1769161675.872241,1769161675.87234,3.0,0.0,4313.717773,4278.205078,4433.717773,4338.974121,4274.743652,4281.922852,4280.769043,4278.205078,4276.794922,4265.128418,4566.538574,4568.717773,4409.871582,4490.512695,,,,,,,,,,,,,,,,,,,,,,,,,,,,,,,,,,,,,,,,,,,,,,,,,,,,,,,,,,,,,,,,,,,,,,
1769161675.880049,1769161675.880349,4.0,0.0,4309.615234,4280.128418,4434.358887,4340.641113,4280.256348,4284.487305,4281.538574,4281.666504,4277.307617,4264.487305,4570.256348,4574.358887,4411.922852,4496.538574,,,,,,,,,,,,,,,,,,,,,,,,,,,,,,,,,,,,,,,,,,,,,,,,,,,,,,,,,,,,,,,,,,,,,,
1769161675.887858,1769161675.888157,5.0,0.0,4296.922852,4277.05127,4432.692383,4334.358887,4279.743652,4278.846191,4277.179688,4280.128418,4277.692383,4265.256348,4569.102539,4577.436035,4404.358887,4495.0,,,,,,,,,,,,,,,,,,,,,,,,,,,,,,,,,,,,,,,,,,,,,,,,,,,,,,,,,,,,,,,,,,,,,,
1769161675.895666,1769161675.896066,6.0,0.0,4294.487305,4268.333496,4433.461426,4326.666504,4273.333496,4278.333496,4280.641113,4283.717773,4275.512695,4264.487305,4566.922852,4574.871582,4398.717773,4489.615234,,,,,,,,,,,,,,,,,,,,,,,,,,,,,,,,,,,,,,,,,,,,,,,,,,,,,,,,,,,,,,,,,,,,,,
1769161675.903474,1769161675.903874,7.0,0.0,4304.615234,4268.461426,4440.256348,4332.05127,4275.128418,4283.589844,4284.487305,4293.333496,4277.94873,4264.871582,4568.846191,4574.230957,4405.897461,4490.641113,,,,,,,,,,,,,,,,,,,,,,,,,,,,,,,,,,,,,,,,,,,,,,,,,,,,,,,,,,,,,,,,,,,,,,
1769161675.911283,1769161675.911882,8.0,0.0,4306.410156,4277.05127,4444.743652,4338.717773,4279.102539,4283.589844,4281.922852,4286.153809,4279.871582,4264.615234,4569.871582,4573.589844,4412.05127,4492.179688,,,,,,,,,,,,,,,,,,,,,,,,,,,,,,,,,,,,,,,,,,,,,,,,,,,,,,,,,,,,,,,,,,,,,,
1769161675.919091,1769161675.919691,9.0,0.0,4300.769043,4275.256348,4441.025879,4329.102539,4273.974121,4282.436035,4278.589844,4276.282227,4277.436035,4270.512695,4569.102539,4574.487305,4410.769043,4490.256348,,,,,,,,,,,,,,,,,,,,,,,,,,,,,,,,,,,,,,,,,,,,,,,,,,,,,,,,,,,,,,,,,,,,,,
1769161675.9269,1769161675.927399,10.0,0.0,4303.974121,4273.589844,4441.666504,4324.871582,4272.820313,4281.922852,4280.256348,4284.487305,4279.743652,4282.436035,4576.025879,4583.205078,4418.077148,4498.461426,,,,,,,,,,,,,,,,,,,,,,,,,,,,,,,,,,,,,,,,,,,,,,,,,,,,,,,,,,,,,,,,,,,,,,
1769161675.934708,1769161675.935208,11.0,0.0,4307.94873,4279.102539,4445.641113,4332.05127,4278.974121,4279.871582,4285.128418,4290.384766,4283.205078,4276.153809,4580.128418,4583.846191,4423.589844,4509.743652,,,,,,,,,,,,,,,,,,,,,,,,,,,,,,,,,,,,,,,,,,,,,,,,,,,,,,,,,,,,,,,,,,,,,,
1769161675.942517,1769161675.943216,12.0,0.0,4298.589844,4270.769043,4444.102539,4328.974121,4276.922852,4282.05127,4287.179688,4282.179688,4275.769043,4258.974121,4570.256348,4569.743652,4409.871582,4503.461426,,,,,,,,,,,,,,,,,,,,,,,,,,,,,,,,,,,,,,,,,,,,,,,,,,,,,,,,,,,,,,,,,,,,,,
1769161675.950325,1769161675.951024,13.0,0.0,4292.179688,4263.205078,4443.461426,4324.358887,4271.666504,4281.153809,4282.820313,4279.230957,4271.666504,4266.282227,4562.179688,4565.897461,4403.846191,4493.205078,,,,,,,,,,,,,,,,,,,,,,,,,,,,,,,,,,,,,,,,,,,,,,,,,,,,,,,,,,,,,,,,,,,,,,
1769161675.958134,1769161675.958733,14.0,0.0,4301.794922,4272.436035,4443.717773,4328.589844,4277.436035,4278.205078,4281.025879,4282.820313,4278.077148,4281.538574,4570.0,4571.538574,4412.94873,4499.615234,0.620154,0.523179,0.132771,0.146748,0.151046,0.335576,0.283088,0.095121,0.057999,0.09447,0.425765,0.21261,0.107839,0.104269,0.07996,0.141708,0.206325,0.196578,0.077924,0.077055,0.180152,0.127043,0.092395,0.104951,0.067523,0.1712,0.281357,0.112155,0.059646,0.124939,0.388192,0.310796,0.356302,0.153821,0.237233,0.504407,0.263726,0.088693,0.083664,0.054947,0.486166,0.120983,0.160891,0.117862,0.149637,1.214002,0.296823,0.191356,0.100037,0.136256,0.853415,0.318438,0.179397,0.198329,0.158438,0.464417,0.40545,0.060215,0.257479,0.189378,0.576444,0.377871,0.233431,0.196902,0.194312,0.738955,0.591984,0.238933,0.229457,0.330347
1769161675.965942,1769161675.966541,15.0,0.0,4306.922852,4279.743652,4443.205078,4329.743652,4278.205078,4278.589844,4284.487305,4281.794922,4279.615234,4277.692383,4577.94873,4571.538574,4416.282227,4510.0,,,,,,,,,,,,,,,,,,,,,,,,,,,,,,,,,,,,,,,,,,,,,,,,,,,,,,,,,,,,,,,,,,,,,,
1769161675.97375,1769161675.97415,16.0,0.0,4298.333496,4273.974121,4444.871582,4326.666504,4270.128418,4278.846191,4281.794922,4280.384766,4278.205078,4274.358887,4575.641113,4571.025879,4413.333496,4506.666504,,,,,,,,,,,,,,,,,,,,,,,,,,,,,,,,,,,,,,,,,,,,,,,,,,,,,,,,,,,,,,,,,,,,,,
1769161675.981559,1769161675.981958,17.0,0.0,4296.153809,4266.538574,4443.077148,4326.666504,4272.563965,4281.025879,4278.717773,4282.307617,4283.717773,4280.0,4575.0,4570.512695,4412.307617,4495.384766,,,,,,,,,,,,,,,,,,,,,,,,,,,,,,,,,,,,,,,,,,,,,,,,,,,,,,,,,,,,,,,,,,,,,,
1769161675.989367,1769161675.989867,18.0,0.0,4303.205078,4270.0,4441.666504,4326.794922,4280.128418,4287.179688,4281.666504,4286.922852,4286.282227,4281.282227,4577.436035,4569.487305,4412.179688,4492.307617,,,,,,,,,,,,,,,,,,,,,,,,,,,,,,,,,,,,,,,,,,,,,,,,,,,,,,,,,,,,,,,,,,,,,,
1769161675.997176,1769161675.997675,19.0,0.0,4307.94873,4276.666504,4452.94873,4327.307617,4280.0,4291.025879,4282.05127,4290.769043,4282.436035,4278.461426,4576.153809,4572.820313,4412.436035,4501.282227,,,,,,,,,,,,,,,,,,,,,,,,,,,,,,,,,,,,,,,,,,,,,,,,,,,,,,,,,,,,,,,,,,,,,,
1769161676.004984,1769161676.005683,20.0,0.0,4303.846191,4273.589844,4458.846191,4327.307617,4272.820313,4288.077148,4280.512695,4288.077148,4280.384766,4276.282227,4570.769043,4575.512695,4410.384766,4502.307617,,,,,,,,,,,,,,,,,,,,,,,,,,,,,,,,,,,,,,,,,,,,,,,,,,,,,,,,,,,,,,,,,,,,,,
1769161676.012793,1769161676.013492,21.0,0.0,4298.846191,4267.563965,4450.641113,4326.153809,4269.358887,4283.974121,4284.871582,4286.153809,4279.615234,4274.615234,4571.410156,4571.153809,4406.538574,4493.461426,,,,,,,,,,,,,,,,,,,,,,,,,,,,,,,,,,,,,,,,,,,,,,,,,,,,,,,,,,,,,,,,,,,,,,
1769161676.020601,1769161676.0212,22.0,0.0,4301.666504,4272.94873,4451.153809,4329.358887,4271.410156,4280.769043,4287.820313,4287.820313,4278.589844,4276.025879,4578.717773,4569.615234,4409.102539,4489.871582,,,,,,,,,,,,,,,,,,,,,,,,,,,,,,,,,,,,,,,,,,,,,,,,,,,,,,,,,,,,,,,,,,,,,,
1769161676.02841,1769161676.029009,23.0,0.0,4306.794922,4280.0,4462.05127,4333.589844,4273.333496,4278.974121,4281.410156,4285.897461,4277.94873,4278.717773,4582.563965,4576.922852,4417.307617,4494.102539,,,,,,,,,,,,,,,,,,,,,,,,,,,,,,,,,,,,,,,,,,,,,,,,,,,,,,,,,,,,,,,,,,,,,,
1769161676.036218,1769161676.036618,24.0,0.0,4309.615234,4278.717773,4464.487305,4332.820313,4270.641113,4278.589844,4277.436035,4281.025879,4277.179688,4281.025879,4583.077148,4582.820313,4422.307617,4500.897461,,,,,,,,,,,,,,,,,,,,,,,,,,,,,,,,,,,,,,,,,,,,,,,,,,,,,,,,,,,,,,,,,,,,,,
1769161676.044026,1769161676.044426,25.0,0.0,4308.205078,4277.820313,4460.512695,4329.230957,4271.794922,4278.717773,4279.743652,4279.615234,4276.794922,4281.410156,4580.384766,4579.487305,4420.769043,4501.666504,,,,,,,,,,,,,,,,,,,,,,,,,,,,,,,,,,,,,,,,,,,,,,,,,,,,,,,,,,,,,,,,,,,,,,
1769161676.051835,1769161676.052135,26.0,0.0,4302.692383,4278.333496,4461.025879,4326.538574,4275.256348,4279.615234,4280.384766,4285.256348,4277.179688,4278.974121,4574.102539,4572.692383,4415.256348,4492.563965,,,,,,,,,,,,,,,,,,,,,,,,,,,,,,,,,,,,,,,,,,,,,,,,,,,,,,,,,,,,,,,,,,,,,,
1769161676.059643,1769161676.059943,27.0,0.0,4301.538574,4278.333496,4461.666504,4326.666504,4271.666504,4278.077148,4279.358887,4290.128418,4277.05127,4279.102539,4571.282227,4571.025879,4409.743652,4486.922852,,,,,,,,,,,,,,,,,,,,,,,,,,,,,,,,,,,,,,,,,,,,,,,,,,,,,,,,,,,,,,,,,,,,,,
1769161676.067452,1769161676.067951,28.0,0.0,4302.692383,4278.205078,4461.794922,4326.922852,4268.589844,4278.077148,4279.102539,4288.589844,4278.461426,4281.922852,4577.05127,4575.897461,4412.692383,4491.794922,,,,,,,,,,,,,,,,,,,,,,,,,,,,,,,,,,,,,,,,,,,,,,,,,,,,,,,,,,,,,,,,,,,,,,
1769161676.07526,1769161676.07576,29.0,0.0,4299.615234,4278.077148,4462.179688,4326.538574,4267.94873,4278.717773,4278.461426,4289.487305,4278.974121,4280.256348,4578.846191,4581.410156,4419.487305,4495.897461,,,,,,,,,,,,,,,,,,,,,,,,,,,,,,,,,,,,,,,,,,,,,,,,,,,,,,,,,,,,,,,,,,,,,,
1769161676.083069,1769161676.083668,30.0,0.0,4300.128418,4275.897461,4462.05127,4326.410156,4268.589844,4274.871582,4279.487305,4293.077148,4275.897461,4276.282227,4571.666504,4579.743652,4417.563965,4489.487305,0.704878,0.532433,0.102722,0.156409,0.148498,0.36315,0.256531,0.093499,0.054504,0.081932,0.504713,0.186905,0.102871,0.123814,0.090326,0.176229,0.192758,0.172995,0.080474,0.072392,0.168872,0.109394,0.086044,0.092488,0.058936,0.162364,0.31503,0.129061,0.051002,0.120346,0.372429,0.317059,0.354372,0.132375,0.210131,0.491433,0.268916,0.107725,0.086434,0.058546,0.520597,0.199607,0.245454,0.145655,0.144856,1.226085,0.347493,0.179795,0.113465,0.139255,0.887718,0.37588,0.158935,0.208332,0.166316,0.488998,0.410821,0.044869,0.258234,0.191618,0.67433,0.46124,0.253302,0.21319,0.205967,0.808138,0.601598,0.224815,0.240073,0.332823
1769161676.090877,1769161676.091476,31.0,0.0,4306.666504,4271.666504,4461.153809,4326.410156,4270.641113,4273.461426,4279.358887,4291.922852,4275.897461,4278.077148,4568.717773,4572.179688,4410.512695,4478.717773,,,,,,,,,,,,,,,,,,,,,,,,,,,,,,,,,,,,,,,,,,,,,,,,,,,,,,,,,,,,,,,,,,,,,,
1769161676.098686,1769161676.099485,32.0,0.0,4304.615234,4271.538574,4460.256348,4326.922852,4268.846191,4275.897461,4278.333496,4289.871582,4278.461426,4280.512695,4571.666504,4569.615234,4410.384766,4480.384766,,,,,,,,,,,,,,,,,,,,,,,,,,,,,,,,,,,,,,,,,,,,,,,,,,,,,,,,,,,,,,,,,,,,,,
1769161676.106494,1769161676.107293,33.0,0.0,4297.820313,4273.205078,4462.563965,4328.974121,4265.769043,4275.769043,4278.974121,4291.025879,4278.205078,4279.102539,4575.256348,4574.358887,4416.538574,4491.794922,,,,,,,,,,,,,,,,,,,,,,,,,,,,,,,,,,,,,,,,,,,,,,,,,,,,,,,,,,,,,,,,,,,,,,
1769161676.114303,1769161676.115202,34.0,0.0,4293.205078,4266.410156,4460.897461,4326.025879,4264.487305,4273.461426,4280.897461,4291.794922,4277.05127,4277.436035,4568.846191,4573.077148,4410.641113,4484.102539,,,,,,,,,,,,,,,,,,,,,,,,,,,,,,,,,,,,,,,,,,,,,,,,,,,,,,,,,,,,,,,,,,,,,,
1769161676.122111,1769161676.12301,35.0,0.0,4290.641113,4259.230957,4458.461426,4321.794922,4265.256348,4275.769043,4282.179688,4292.179688,4276.794922,4274.102539,4555.128418,4563.717773,4393.846191,4464.358887,,,,,,,,,,,,,,,,,,,,,,,,,,,,,,,,,,,,,,,,,,,,,,,,,,,,,,,,,,,,,,,,,,,,,,
1769161676.12992,1769161676.131018,36.0,0.0,4295.256348,4262.179688,4466.666504,4325.0,4265.128418,4276.666504,4280.641113,4289.102539,4277.820313,4276.153809,4556.282227,4559.615234,4394.743652,4466.025879,,,,,,,,,,,,,,,,,,,,,,,,,,,,,,,,,,,,,,,,,,,,,,,,,,,,,,,,,,,,,,,,,,,,,,
1769161676.137728,1769161676.138827,37.0,0.0,4296.922852,4265.641113,4474.871582,4327.05127,4263.461426,4274.102539,4278.717773,4282.563965,4277.436035,4279.743652,4567.94873,4564.487305,4410.128418,4476.538574,,,,,,,,,,,,,,,,,,,,,,,,,,,,,,,,,,,,,,,,,,,,,,,,,,,,,,,,,,,,,,,,,,,,,,
1769161676.145537,1769161676.146535,38.0,0.0,4294.615234,4268.205078,4475.0,4327.05127,4261.922852,4273.589844,4277.820313,4279.871582,4273.461426,4270.641113,4568.077148,4569.487305,4414.102539,4477.179688,,,,,,,,,,,,,,,,,,,,,,,,,,,,,,,,,,,,,,,,,,,,,,,,,,,,,,,,,,,,,,,,,,,,,,
1769161676.153345,1769161676.154344,39.0,0.0,4302.179688,4277.563965,4475.641113,4332.05127,4263.974121,4276.025879,4278.077148,4280.256348,4272.05127,4263.589844,4566.410156,4571.025879,4409.487305,4478.461426,,,,,,,,,,,,,,,,,,,,,,,,,,,,,,,,,,,,,,,,,,,,,,,,,,,,,,,,,,,,,,,,,,,,,,
1769161676.161153,1769161676.161952,40.0,0.0,4311.025879,4281.922852,4477.307617,4336.538574,4267.563965,4276.282227,4279.743652,4278.333496,4274.230957,4271.410156,4570.769043,4570.256348,4412.179688,4480.128418,,,,,,,,,,,,,,,,,,,,,,,,,,,,,,,,,,,,,,,,,,,,,,,,,,,,,,,,,,,,,,,,,,,,,,
1769161676.168962,1769161676.169761,41.0,0.0,4311.794922,4280.641113,4478.846191,4338.846191,4270.256348,4272.307617,4277.692383,4277.563965,4278.974121,4274.615234,4570.897461,4568.589844,4414.487305,4478.846191,,,,,,,,,,,,,,,,,,,,,,,,,,,,,,,,,,,,,,,,,,,,,,,,,,,,,,,,,,,,,,,,,,,,,,
1769161676.17677,1769161676.177469,42.0,0.0,4310.512695,4281.666504,4484.615234,4336.794922,4270.897461,4271.025879,4275.128418,4279.102539,4277.94873,4267.307617,4569.102539,4568.589844,4413.077148,4475.897461,,,,,,,,,,,,,,,,,,,,,,,,,,,,,,,,,,,,,,,,,,,,,,,,,,,,,,,,,,,,,,,,,,,,,,
1769161676.184579,1769161676.185278,43.0,0.0,4308.846191,4279.487305,4490.0,4328.205078,4266.153809,4273.077148,4277.94873,4278.846191,4269.102539,4262.692383,4569.615234,4571.153809,4413.333496,4479.102539,,,,,,,,,,,,,,,,,,,,,,,,,,,,,,,,,,,,,,,,,,,,,,,,,,,,,,,,,,,,,,,,,,,,,,
1769161676.192387,1769161676.193286,44.0,0.0,4303.846191,4275.897461,4489.358887,4328.077148,4265.641113,4275.512695,4280.641113,4278.461426,4268.333496,4264.358887,4570.641113,4572.179688,4412.563965,4485.897461,,,,,,,,,,,,,,,,,,,,,,,,,,,,,,,,,,,,,,,,,,,,,,,,,,,,,,,,,,,,,,,,,,,,,,
1769161676.200196,1769161676.201094,45.0,0.0,4302.307617,4278.846191,4489.871582,4334.871582,4274.487305,4276.410156,4277.563965,4279.743652,4278.205078,4270.641113,4571.794922,4568.717773,4413.589844,4484.102539,,,,,,,,,,,,,,,,,,,,,,,,,,,,,,,,,,,,,,,,,,,,,,,,,,,,,,,,,,,,,,,,,,,,,,
1769161676.208004,1769161676.209003,46.0,0.0,4305.256348,4282.179688,4491.538574,4332.307617,4277.692383,4275.256348,4277.179688,4281.153809,4281.538574,4280.641113,4572.692383,4566.282227,4417.94873,4476.153809,0.809224,0.56716,0.09288,0.172409,0.163356,0.406931,0.24006,0.103932,0.055943,0.079621,0.575067,0.181711,0.106094,0.135367,0.105561,0.232747,0.184064,0.148297,0.083502,0.07428,0.151443,0.089937,0.080254,0.075133,0.050543,0.151781,0.342537,0.148988,0.047744,0.114895,0.335574,0.301428,0.323592,0.110542,0.184573,0.493805,0.267237,0.128008,0.087214,0.062191,0.53577,0.312182,0.358078,0.174806,0.13474,1.158408,0.408455,0.176873,0.130629,0.138583,0.922662,0.461427,0.143395,0.211793,0.17375,0.499215,0.414812,0.04196,0.237142,0.194105,0.789277,0.568937,0.275338,0.225712,0.21216,0.875476,0.60386,0.214885,0.25672,0.327174
1769161676.215813,1769161676.216811,47.0,0.0,4307.436035,4279.487305,4491.282227,4326.410156,4269.615234,4274.102539,4280.384766,4281.153809,4277.307617,4279.743652,4572.307617,4569.230957,4418.846191,4475.769043,,,,,,,,,,,,,,,,,,,,,,,,,,,,,,,,,,,,,,,,,,,,,,,,,,,,,,,,,,,,,,,,,,,,,,
1769161676.223621,1769161676.22442,48.0,0.0,4311.282227,4279.871582,4496.153809,4328.461426,4263.205078,4274.487305,4280.0,4280.384766,4278.333496,4268.461426,4572.307617,4574.102539,4414.615234,4480.769043,,,,,,,,,,,,,,,,,,,,,,,,,,,,,,,,,,,,,,,,,,,,,,,,,,,,,,,,,,,,,,,,,,,,,,
1769161676.231429,1769161676.232228,49.0,0.0,4314.743652,4285.769043,4501.538574,4331.410156,4264.230957,4276.153809,4277.820313,4279.358887,4279.743652,4269.615234,4573.589844,4575.512695,4413.589844,4481.922852,,,,,,,,,,,,,,,,,,,,,,,,,,,,,,,,,,,,,,,,,,,,,,,,,,,,,,,,,,,,,,,,,,,,,,
1769161676.239238,1769161676.239937,50.0,0.0,4306.666504,4285.256348,4495.897461,4329.871582,4264.871582,4277.820313,4278.461426,4279.871582,4277.436035,4275.256348,4570.897461,4566.922852,4415.256348,4478.077148,,,,,,,,,,,,,,,,,,,,,,,,,,,,,,,,,,,,,,,,,,,,,,,,,,,,,,,,,,,,,,,,,,,,,,
1769161676.247046,1769161676.247745,51.0,0.0,4294.615234,4279.102539,4486.666504,4326.666504,4263.589844,4282.05127,4282.179688,4281.153809,4275.769043,4266.538574,4565.769043,4554.743652,4408.589844,4464.230957,,,,,,,,,,,,,,,,,,,,,,,,,,,,,,,,,,,,,,,,,,,,,,,,,,,,,,,,,,,,,,,,,,,,,,
1769161676.254855,1769161676.255354,52.0,0.0,4297.179688,4277.94873,4495.128418,4326.025879,4263.974121,4278.333496,4280.384766,4280.256348,4276.410156,4263.461426,4566.153809,4556.538574,4403.333496,4455.0,,,,,,,,,,,,,,,,,,,,,,,,,,,,,,,,,,,,,,,,,,,,,,,,,,,,,,,,,,,,,,,,,,,,,,
1769161676.262663,1769161676.263162,53.0,0.0,4303.589844,4280.897461,4506.666504,4327.94873,4264.358887,4269.230957,4276.666504,4278.974121,4277.94873,4274.102539,4570.769043,4570.128418,4410.384766,4467.307617,,,,,,,,,,,,,,,,,,,,,,,,,,,,,,,,,,,,,,,,,,,,,,,,,,,,,,,,,,,,,,,,,,,,,,
1769161676.270472,1769161676.271071,54.0,0.0,4298.717773,4278.077148,4498.846191,4326.025879,4264.358887,4268.717773,4275.897461,4276.538574,4269.871582,4273.077148,4571.025879,4570.256348,4416.025879,4479.871582,,,,,,,,,,,,,,,,,,,,,,,,,,,,,,,,,,,,,,,,,,,,,,,,,,,,,,,,,,,,,,,,,,,,,,
1769161676.27828,1769161676.278879,55.0,0.0,4294.102539,4276.410156,4489.615234,4325.256348,4264.358887,4270.512695,4269.743652,4274.230957,4262.307617,4269.487305,4567.563965,4556.922852,4412.820313,4475.256348,,,,,,,,,,,,,,,,,,,,,,,,,,,,,,,,,,,,,,,,,,,,,,,,,,,,,,,,,,,,,,,,,,,,,,
1769161676.286089,1769161676.286887,56.0,0.0,4293.333496,4280.641113,4492.436035,4327.692383,4264.358887,4270.256348,4268.717773,4275.641113,4267.307617,4276.153809,4565.0,4552.05127,4409.871582,4463.077148,,,,,,,,,,,,,,,,,,,,,,,,,,,,,,,,,,,,,,,,,,,,,,,,,,,,,,,,,,,,,,,,,,,,,,
1769161676.293897,1769161676.294696,57.0,0.0,4293.205078,4276.666504,4494.487305,4327.94873,4264.358887,4270.641113,4278.461426,4277.179688,4270.641113,4273.717773,4565.641113,4555.897461,4411.538574,4460.384766,,,,,,,,,,,,,,,,,,,,,,,,,,,,,,,,,,,,,,,,,,,,,,,,,,,,,,,,,,,,,,,,,,,,,,
1769161676.301705,1769161676.302604,58.0,0.0,4294.102539,4266.666504,4492.692383,4328.205078,4264.358887,4269.230957,4281.794922,4277.436035,4265.897461,4267.307617,4568.461426,4557.307617,4411.538574,4469.743652,,,,,,,,,,,,,,,,,,,,,,,,,,,,,,,,,,,,,,,,,,,,,,,,,,,,,,,,,,,,,,,,,,,,,,
1769161676.309514,1769161676.310413,59.0,0.0,4290.384766,4266.153809,4492.05127,4327.563965,4264.230957,4265.897461,4278.205078,4277.179688,4263.333496,4267.307617,4564.102539,4556.025879,4406.410156,4478.717773,,,,,,,,,,,,,,,,,,,,,,,,,,,,,,,,,,,,,,,,,,,,,,,,,,,,,,,,,,,,,,,,,,,,,,
1769161676.317322,1769161676.318421,60.0,0.0,4287.05127,4272.692383,4490.0,4325.384766,4263.974121,4265.256348,4279.871582,4276.410156,4264.615234,4264.358887,4557.179688,4553.333496,4403.974121,4475.384766,,,,,,,,,,,,,,,,,,,,,,,,,,,,,,,,,,,,,,,,,,,,,,,,,,,,,,,,,,,,,,,,,,,,,,
1769161676.325131,1769161676.326229,61.0,0.0,4293.461426,4276.410156,4488.589844,4326.282227,4264.871582,4265.384766,4282.05127,4277.820313,4265.897461,4262.94873,4555.128418,4551.538574,4403.717773,4464.487305,,,,,,,,,,,,,,,,,,,,,,,,,,,,,,,,,,,,,,,,,,,,,,,,,,,,,,,,,,,,,,,,,,,,,,
1769161676.332939,1769161676.333938,62.0,0.0,4297.692383,4278.205078,4490.384766,4328.333496,4263.846191,4267.563965,4280.769043,4280.641113,4267.692383,4265.641113,4554.743652,4551.922852,4400.256348,4458.461426,0.910444,0.618833,0.104335,0.19553,0.199657,0.451867,0.23985,0.120932,0.064014,0.091752,0.628284,0.190797,0.112635,0.135844,0.124041,0.301355,0.178126,0.124721,0.085458,0.086502,0.127051,0.074258,0.072149,0.058424,0.045082,0.148458,0.351783,0.166868,0.046167,0.10837,0.285007,0.262911,0.27075,0.090154,0.161855,0.52121,0.262012,0.14555,0.086398,0.067763,0.544467,0.435729,0.469425,0.198529,0.120955,1.070329,0.473033,0.186423,0.148043,0.13645,0.97806,0.547413,0.131834,0.211758,0.180941,0.513363,0.406301,0.042936,0.202052,0.197666,0.917471,0.669262,0.293363,0.238294,0.213078,0.933622,0.599096,0.208382,0.275346,0.319957
1769161676.340748,1769161676.341746,63.0,0.0,4292.05127,4276.922852,4490.128418,4327.179688,4263.205078,4271.538574,4280.512695,4280.512695,4266.282227,4261.025879,4559.230957,4554.230957,4401.794922,4463.077148,,,,,,,,,,,,,,,,,,,,,,,,,,,,,,,,,,,,,,,,,,,,,,,,,,,,,,,,,,,,,,,,,,,,,,
1769161676.348556,1769161676.349355,64.0,0.0,4289.743652,4272.05127,4488.589844,4324.743652,4268.205078,4264.871582,4276.794922,4277.692383,4265.512695,4262.692383,4568.205078,4559.871582,4411.153809,4473.846191,,,,,,,,,,,,,,,,,,,,,,,,,,,,,,,,,,,,,,,,,,,,,,,,,,,,,,,,,,,,,,,,,,,,,,
1769161676.356365,1769161676.357163,65.0,0.0,4292.436035,4273.077148,4488.846191,4323.205078,4269.743652,4262.563965,4277.94873,4276.025879,4271.666504,4273.974121,4568.205078,4563.205078,4412.692383,4478.333496,,,,,,,,,,,,,,,,,,,,,,,,,,,,,,,,,,,,,,,,,,,,,,,,,,,,,,,,,,,,,,,,,,,,,,
1769161676.364173,1769161676.364872,66.0,0.0,4296.153809,4279.743652,4492.05127,4329.871582,4265.769043,4270.384766,4281.666504,4274.871582,4277.179688,4276.794922,4564.487305,4558.717773,4410.256348,4478.205078,,,,,,,,,,,,,,,,,,,,,,,,,,,,,,,,,,,,,,,,,,,,,,,,,,,,,,,,,,,,,,,,,,,,,,
1769161676.371982,1769161676.37268,67.0,0.0,4295.769043,4280.897461,4492.05127,4335.641113,4269.230957,4268.589844,4278.205078,4275.256348,4276.538574,4273.717773,4566.922852,4553.461426,4411.153809,4475.0,,,,,,,,,,,,,,,,,,,,,,,,,,,,,,,,,,,,,,,,,,,,,,,,,,,,,,,,,,,,,,,,,,,,,,
1769161676.37979,1769161676.380289,68.0,0.0,4287.94873,4277.307617,4489.358887,4328.589844,4272.179688,4263.461426,4276.025879,4276.922852,4275.256348,4276.410156,4568.461426,4558.846191,4408.974121,4473.589844,,,,,,,,,,,,,,,,,,,,,,,,,,,,,,,,,,,,,,,,,,,,,,,,,,,,,,,,,,,,,,,,,,,,,,
1769161676.387598,1769161676.388098,69.0,0.0,4289.358887,4276.666504,4490.0,4326.666504,4268.717773,4266.025879,4277.94873,4277.179688,4275.897461,4279.615234,4573.461426,4570.0,4416.025879,4483.974121,,,,,,,,,,,,,,,,,,,,,,,,,,,,,,,,,,,,,,,,,,,,,,,,,,,,,,,,,,,,,,,,,,,,,,
1769161676.395407,1769161676.396006,70.0,0.0,4301.794922,4278.717773,4490.641113,4334.230957,4268.717773,4266.153809,4278.461426,4277.820313,4278.717773,4278.589844,4580.256348,4574.615234,4427.307617,4492.94873,,,,,,,,,,,,,,,,,,,,,,,,,,,,,,,,,,,,,,,,,,,,,,,,,,,,,,,,,,,,,,,,,,,,,,
1769161676.403215,1769161676.403814,71.0,0.0,4308.461426,4279.743652,4490.256348,4337.820313,4269.358887,4266.410156,4277.179688,4278.717773,4280.128418,4278.589844,4577.179688,4572.692383,4423.333496,4492.436035,,,,,,,,,,,,,,,,,,,,,,,,,,,,,,,,,,,,,,,,,,,,,,,,,,,,,,,,,,,,,,,,,,,,,,
1769161676.411024,1769161676.411823,72.0,0.0,4306.666504,4280.512695,4487.692383,4337.179688,4266.153809,4272.692383,4276.282227,4278.717773,4272.94873,4273.333496,4570.769043,4568.589844,4414.487305,4488.333496,,,,,,,,,,,,,,,,,,,,,,,,,,,,,,,,,,,,,,,,,,,,,,,,,,,,,,,,,,,,,,,,,,,,,,
1769161676.418832,1769161676.419631,73.0,0.0,4309.871582,4279.615234,4481.410156,4333.974121,4265.641113,4273.205078,4279.230957,4277.692383,4264.230957,4266.922852,4569.615234,4565.512695,4412.307617,4484.615234,,,,,,,,,,,,,,,,,,,,,,,,,,,,,,,,,,,,,,,,,,,,,,,,,,,,,,,,,,,,,,,,,,,,,,
1769161676.426641,1769161676.42734,74.0,0.0,4311.282227,4276.538574,4476.282227,4330.512695,4267.307617,4266.794922,4277.692383,4276.922852,4263.974121,4266.794922,4570.384766,4566.538574,4412.94873,4482.820313,,,,,,,,,,,,,,,,,,,,,,,,,,,,,,,,,,,,,,,,,,,,,,,,,,,,,,,,,,,,,,,,,,,,,,
1769161676.434449,1769161676.435148,75.0,0.0,4301.153809,4276.153809,4476.153809,4333.717773,4270.256348,4263.974121,4269.487305,4276.666504,4268.461426,4263.205078,4570.641113,4571.282227,4417.05127,4481.282227,,,,,,,,,,,,,,,,,,,,,,,,,,,,,,,,,,,,,,,,,,,,,,,,,,,,,,,,,,,,,,,,,,,,,,
1769161676.442258,1769161676.442757,76.0,0.0,4295.256348,4278.589844,4474.871582,4338.333496,4275.897461,4263.717773,4269.230957,4277.05127,4272.307617,4264.358887,4571.025879,4567.820313,4421.153809,4478.205078,,,,,,,,,,,,,,,,,,,,,,,,,,,,,,,,,,,,,,,,,,,,,,,,,,,,,,,,,,,,,,,,,,,,,,
1769161676.450066,1769161676.450565,77.0,0.0,4300.0,4278.974121,4472.94873,4337.820313,4276.666504,4265.0,4279.615234,4277.436035,4272.179688,4274.102539,4569.743652,4555.769043,4416.410156,4475.256348,,,,,,,,,,,,,,,,,,,,,,,,,,,,,,,,,,,,,,,,,,,,,,,,,,,,,,,,,,,,,,,,,,,,,,
1769161676.457874,1769161676.458274,78.0,0.0,4305.256348,4275.0,4476.410156,4337.94873,4273.333496,4266.538574,4280.0,4275.384766,4265.256348,4272.820313,4567.563965,4553.974121,4410.384766,4478.077148,0.969775,0.659582,0.131887,0.224189,0.251457,0.494514,0.250979,0.139027,0.079429,0.117163,0.648871,0.201447,0.116945,0.12598,0.142679,0.366333,0.170042,0.108185,0.086021,0.108545,0.10815,0.066942,0.062646,0.047652,0.04443,0.157159,0.335385,0.179463,0.044121,0.100121,0.226639,0.210459,0.207804,0.072417,0.141135,0.561508,0.263441,0.157324,0.084488,0.076193,0.559531,0.541003,0.545168,0.209617,0.105665,1.015157,0.530292,0.205448,0.162003,0.135786,1.065729,0.603694,0.122336,0.211316,0.18695,0.541381,0.380461,0.044214,0.165003,0.201879,1.044018,0.728843,0.298175,0.252844,0.211066,0.983264,0.581817,0.200544,0.289059,0.317402
1769161676.465683,1769161676.466082,79.0,0.0,4303.717773,4273.205078,4475.0,4338.333496,4270.641113,4263.974121,4270.769043,4273.589844,4262.307617,4263.717773,4567.563965,4560.769043,4413.461426,4487.05127,,,,,,,,,,,,,,,,,,,,,,,,,,,,,,,,,,,,,,,,,,,,,,,,,,,,,,,,,,,,,,,,,,,,,,
1769161676.473491,1769161676.47409,80.0,0.0,4297.05127,4271.666504,4463.846191,4337.05127,4267.563965,4265.128418,4274.358887,4278.974121,4267.820313,4264.102539,4569.615234,4560.769043,4416.025879,4491.794922,,,,,,,,,,,,,,,,,,,,,,,,,,,,,,,,,,,,,,,,,,,,,,,,,,,,,,,,,,,,,,,,,,,,,,
1769161676.4813,1769161676.481899,81.0,0.0,4291.538574,4268.077148,4455.384766,4338.077148,4267.307617,4270.512695,4282.179688,4281.922852,4265.897461,4264.743652,4567.05127,4551.922852,4410.128418,4478.077148,,,,,,,,,,,,,,,,,,,,,,,,,,,,,,,,,,,,,,,,,,,,,,,,,,,,,,,,,,,,,,,,,,,,,,
1769161676.489108,1769161676.489807,82.0,0.0,4295.769043,4272.820313,4458.461426,4341.025879,4267.820313,4267.179688,4276.538574,4273.846191,4260.384766,4261.153809,4562.307617,4548.846191,4406.794922,4466.922852,,,,,,,,,,,,,,,,,,,,,,,,,,,,,,,,,,,,,,,,,,,,,,,,,,,,,,,,,,,,,,,,,,,,,,
1769161676.496917,1769161676.497616,83.0,0.0,4304.615234,4280.897461,4464.358887,4343.333496,4266.282227,4260.384766,4271.922852,4269.230957,4263.846191,4265.769043,4566.153809,4560.641113,4413.333496,4482.692383,,,,,,,,,,,,,,,,,,,,,,,,,,,,,,,,,,,,,,,,,,,,,,,,,,,,,,,,,,,,,,,,,,,,,,
1769161676.504725,1769161676.505624,84.0,0.0,4306.538574,4279.102539,4462.436035,4340.897461,4265.897461,4261.922852,4275.256348,4272.563965,4267.692383,4270.512695,4570.0,4569.102539,4416.538574,4491.794922,,,,,,,,,,,,,,,,,,,,,,,,,,,,,,,,,,,,,,,,,,,,,,,,,,,,,,,,,,,,,,,,,,,,,,
1769161676.512534,1769161676.513432,85.0,0.0,4303.461426,4276.922852,4457.692383,4340.256348,4267.563965,4265.128418,4275.384766,4274.487305,4265.256348,4268.461426,4566.666504,4561.666504,4413.077148,4479.615234,,,,,,,,,,,,,,,,,,,,,,,,,,,,,,,,,,,,,,,,,,,,,,,,,,,,,,,,,,,,,,,,,,,,,,
1769161676.520342,1769161676.521341,86.0,0.0,4298.589844,4280.512695,4457.820313,4341.282227,4268.205078,4262.94873,4273.846191,4275.128418,4265.0,4265.641113,4564.615234,4553.717773,4412.692383,4474.615234,,,,,,,,,,,,,,,,,,,,,,,,,,,,,,,,,,,,,,,,,,,,,,,,,,,,,,,,,,,,,,,,,,,,,,
1769161676.52815,1769161676.529149,87.0,0.0,4296.282227,4278.589844,4459.871582,4336.666504,4266.666504,4262.820313,4278.974121,4276.666504,4265.384766,4264.358887,4563.077148,4557.05127,4413.461426,4476.794922,,,,,,,,,,,,,,,,,,,,,,,,,,,,,,,,,,,,,,,,,,,,,,,,,,,,,,,,,,,,,,,,,,,,,,
1769161676.535959,1769161676.536758,88.0,0.0,4300.256348,4271.794922,4458.589844,4334.358887,4264.358887,4265.256348,4281.922852,4276.538574,4263.589844,4265.128418,4561.666504,4562.179688,4410.641113,4472.94873,,,,,,,,,,,,,,,,,,,,,,,,,,,,,,,,,,,,,,,,,,,,,,,,,,,,,,,,,,,,,,,,,,,,,,
1769161676.543767,1769161676.544566,89.0,0.0,4306.282227,4274.615234,4459.358887,4340.0,4264.615234,4264.487305,4280.384766,4277.05127,4267.692383,4266.922852,4566.153809,4566.025879,4411.410156,4477.692383,,,,,,,,,,,,,,,,,,,,,,,,,,,,,,,,,,,,,,,,,,,,,,,,,,,,,,,,,,,,,,,,,,,,,,
1769161676.551576,1769161676.552275,90.0,0.0,4311.025879,4284.615234,4463.333496,4343.974121,4267.820313,4263.974121,4280.512695,4280.384766,4272.436035,4267.692383,4572.307617,4571.922852,4416.410156,4490.128418,,,,,,,,,,,,,,,,,,,,,,,,,,,,,,,,,,,,,,,,,,,,,,,,,,,,,,,,,,,,,,,,,,,,,,
1769161676.559384,1769161676.560083,91.0,0.0,4312.692383,4287.563965,4463.589844,4342.820313,4268.077148,4264.871582,4279.871582,4281.922852,4268.589844,4265.769043,4567.94873,4567.436035,4414.871582,4488.846191,,,,,,,,,,,,,,,,,,,,,,,,,,,,,,,,,,,,,,,,,,,,,,,,,,,,,,,,,,,,,,,,,,,,,,
1769161676.567193,1769161676.567692,92.0,0.0,4310.128418,4281.025879,4461.410156,4341.922852,4264.358887,4265.0,4281.282227,4278.717773,4263.974121,4264.230957,4558.205078,4558.461426,4406.666504,4476.282227,,,,,,,,,,,,,,,,,,,,,,,,,,,,,,,,,,,,,,,,,,,,,,,,,,,,,,,,,,,,,,,,,,,,,,
1769161676.575001,1769161676.5755,93.0,0.0,4312.436035,4277.820313,4460.641113,4341.025879,4262.05127,4258.974121,4277.94873,4272.94873,4264.871582,4262.692383,4558.974121,4563.589844,4407.436035,4471.666504,,,,,,,,,,,,,,,,,,,,,,,,,,,,,,,,,,,,,,,,,,,,,,,,,,,,,,,,,,,,,,,,,,,,,,
1769161676.58281,1769161676.583209,94.0,0.0,4321.666504,4282.179688,4460.512695,4342.94873,4262.820313,4252.05127,4267.05127,4273.974121,4266.538574,4261.538574,4569.871582,4573.333496,4415.384766,4484.615234,0.986859,0.664579,0.167171,0.254431,0.304059,0.537317,0.266716,0.152752,0.100869,0.148573,0.647608,0.205025,0.115224,0.109966,0.158312,0.407145,0.15556,0.102058,0.085152,0.134595,0.099268,0.069393,0.053648,0.045031,0.048691,0.182167,0.296519,0.18646,0.043229,0.089682,0.168751,0.158289,0.149084,0.058085,0.121038,0.591723,0.27626,0.160779,0.081308,0.086055,0.58695,0.597353,0.55971,0.20345,0.091313,1.006472,0.563029,0.22796,0.170791,0.139024,1.172094,0.609847,0.113777,0.212228,0.189298,0.587572,0.339267,0.046089,0.138214,0.205537,1.137178,0.730146,0.284813,0.269334,0.208323,1.015845,0.55251,0.186546,0.296225,0.323032
1769161676.590618,1769161676.591017,95.0,0.0,4320.384766,4284.358887,4459.871582,4346.153809,4263.974121,4255.897461,4268.205078,4274.871582,4265.641113,4264.487305,4572.307617,4570.384766,4415.0,4491.025879,,,,,,,,,,,,,,,,,,,,,,,,,,,,,,,,,,,,,,,,,,,,,,,,,,,,,,,,,,,,,,,,,,,,,,
1769161676.598427,1769161676.599026,96.0,0.0,4312.179688,4281.153809,4457.563965,4343.589844,4264.230957,4263.077148,4279.358887,4270.0,4263.333496,4266.794922,4568.717773,4563.589844,4413.077148,4479.358887,,,,,,,,,,,,,,,,,,,,,,,,,,,,,,,,,,,,,,,,,,,,,,,,,,,,,,,,,,,,,,,,,,,,,,
1769161676.606235,1769161676.606834,97.0,0.0,4311.538574,4279.102539,4456.025879,4340.256348,4263.717773,4262.692383,4280.256348,4272.307617,4261.538574,4264.615234,4567.05127,4567.563965,4411.153809,4473.205078,,,,,,,,,,,,,,,,,,,,,,,,,,,,,,,,,,,,,,,,,,,,,,,,,,,,,,,,,,,,,,,,,,,,,,
1769161676.614044,1769161676.614742,98.0,0.0,4310.384766,4279.358887,4460.128418,4340.128418,4264.102539,4261.538574,4276.538574,4279.358887,4264.358887,4263.333496,4560.512695,4570.128418,4398.974121,4474.871582,,,,,,,,,,,,,,,,,,,,,,,,,,,,,,,,,,,,,,,,,,,,,,,,,,,,,,,,,,,,,,,,,,,,,,
1769161676.621852,1769161676.622551,99.0,0.0,4303.461426,4278.077148,4455.897461,4335.0,4264.743652,4264.615234,4278.846191,4278.461426,4264.102539,4263.077148,4557.820313,4564.743652,4397.436035,4473.333496,,,,,,,,,,,,,,,,,,,,,,,,,,,,,,,,,,,,,,,,,,,,,,,,,,,,,,,,,,,,,,,,,,,,,,
1769161676.62966,1769161676.630159,100.0,0.0,4301.153809,4275.256348,4445.769043,4326.025879,4263.077148,4264.487305,4278.846191,4277.05127,4263.205078,4263.589844,4569.102539,4563.974121,4412.820313,4477.563965,,,,,,,,,,,,,,,,,,,,,,,,,,,,,,,,,,,,,,,,,,,,,,,,,,,,,,,,,,,,,,,,,,,,,,
1769161676.637469,1769161676.637968,101.0,0.0,4305.897461,4277.692383,4450.256348,4324.871582,4262.179688,4261.410156,4276.025879,4281.153809,4271.922852,4271.153809,4575.769043,4569.102539,4417.820313,4488.461426,,,,,,,,,,,,,,,,,,,,,,,,,,,,,,,,,,,,,,,,,,,,,,,,,,,,,,,,,,,,,,,,,,,,,,
1769161676.645277,1769161676.645676,102.0,0.0,4308.205078,4281.922852,4460.512695,4329.871582,4264.102539,4262.563965,4278.461426,4281.922852,4280.769043,4277.563965,4571.794922,4570.128418,4416.153809,4490.897461,,,,,,,,,,,,,,,,,,,,,,,,,,,,,,,,,,,,,,,,,,,,,,,,,,,,,,,,,,,,,,,,,,,,,,
1769161676.653086,1769161676.653485,103.0,0.0,4306.794922,4282.692383,4459.615234,4332.05127,4264.743652,4262.692383,4278.717773,4281.282227,4280.641113,4276.666504,4574.743652,4568.461426,4425.384766,4492.05127,,,,,,,,,,,,,,,,,,,,,,,,,,,,,,,,,,,,,,,,,,,,,,,,,,,,,,,,,,,,,,,,,,,,,,
1769161676.660894,1769161676.661493,104.0,0.0,4310.897461,4282.436035,4458.461426,4330.0,4263.077148,4260.512695,4276.922852,4282.692383,4281.666504,4276.282227,4583.333496,4571.794922,4432.307617,4497.05127,,,,,,,,,,,,,,,,,,,,,,,,,,,,,,,,,,,,,,,,,,,,,,,,,,,,,,,,,,,,,,,,,,,,,,
1769161676.668703,1769161676.669302,105.0,0.0,4310.512695,4278.717773,4460.641113,4326.410156,4262.820313,4263.077148,4279.487305,4281.922852,4279.230957,4271.538574,4578.974121,4571.282227,4423.333496,4495.256348,,,,,,,,,,,,,,,,,,,,,,,,,,,,,,,,,,,,,,,,,,,,,,,,,,,,,,,,,,,,,,,,,,,,,,
1769161676.676511,1769161676.67721,106.0,0.0,4300.384766,4275.128418,4456.282227,4325.256348,4263.846191,4266.538574,4282.05127,4279.743652,4267.820313,4263.205078,4569.358887,4566.153809,4413.205078,4491.666504,,,,,,,,,,,,,,,,,,,,,,,,,,,,,,,,,,,,,,,,,,,,,,,,,,,,,,,,,,,,,,,,,,,,,,
1769161676.68432,1769161676.685018,107.0,0.0,4300.128418,4277.436035,4456.153809,4325.769043,4264.230957,4260.256348,4277.820313,4277.692383,4265.256348,4262.563965,4569.871582,4564.743652,4411.922852,4490.897461,,,,,,,,,,,,,,,,,,,,,,,,,,,,,,,,,,,,,,,,,,,,,,,,,,,,,,,,,,,,,,,,,,,,,,
1769161676.692128,1769161676.693027,108.0,0.0,4311.922852,4279.871582,4462.307617,4326.410156,4263.846191,4254.743652,4273.589844,4276.538574,4270.897461,4265.897461,4573.717773,4560.769043,4413.974121,4488.205078,,,,,,,,,,,,,,,,,,,,,,,,,,,,,,,,,,,,,,,,,,,,,,,,,,,,,,,,,,,,,,,,,,,,,,
1769161676.699937,1769161676.700835,109.0,0.0,4311.538574,4279.487305,4464.230957,4325.512695,4260.0,4261.666504,4277.05127,4276.922852,4267.820313,4261.922852,4568.589844,4555.641113,4411.666504,4485.0,,,,,,,,,,,,,,,,,,,,,,,,,,,,,,,,,,,,,,,,,,,,,,,,,,,,,,,,,,,,,,,,,,,,,,
1769161676.707745,1769161676.708743,110.0,0.0,4304.358887,4279.487305,4461.282227,4323.333496,4256.922852,4266.922852,4281.410156,4277.692383,4262.436035,4259.230957,4566.282227,4555.512695,4409.615234,4487.94873,0.966705,0.627837,0.203326,0.280773,0.339921,0.589096,0.283706,0.157962,0.125039,0.175184,0.642569,0.200203,0.106091,0.09388,0.168472,0.411184,0.134836,0.104655,0.082603,0.15578,0.108472,0.079869,0.047141,0.049443,0.055909,0.221382,0.243969,0.188457,0.046518,0.077529,0.119952,0.117797,0.103528,0.047975,0.101857,0.587513,0.295621,0.154911,0.076288,0.093899,0.626437,0.589513,0.510451,0.181466,0.08086,1.017134,0.559836,0.248021,0.174249,0.146485,1.265092,0.566488,0.107051,0.215508,0.185405,0.646466,0.289341,0.049923,0.130746,0.208799,1.171943,0.680011,0.256196,0.286534,0.205807,1.036376,0.51726,0.165912,0.303531,0.337015
1769161676.715553,1769161676.716552,111.0,0.0,4309.102539,4280.769043,4459.230957,4325.256348,4261.282227,4262.05127,4279.487305,4277.05127,4270.897461,4263.717773,4573.589844,4557.94873,4414.487305,4493.333496,,,,,,,,,,,,,,,,,,,,,,,,,,,,,,,,,,,,,,,,,,,,,,,,,,,,,,,,,,,,,,,,,,,,,,
1769161676.723362,1769161676.72456,112.0,0.0,4311.282227,4280.769043,4460.512695,4326.538574,4266.153809,4258.333496,4275.384766,4276.666504,4279.871582,4267.307617,4576.538574,4556.410156,4415.384766,4492.820313,,,,,,,,,,,,,,,,,,,,,,,,,,,,,,,,,,,,,,,,,,,,,,,,,,,,,,,,,,,,,,,,,,,,,,
1769161676.73117,1769161676.732369,113.0,0.0,4304.615234,4278.974121,4461.410156,4321.153809,4262.820313,4263.974121,4279.487305,4278.974121,4271.153809,4263.846191,4568.589844,4552.94873,4409.102539,4488.846191,,,,,,,,,,,,,,,,,,,,,,,,,,,,,,,,,,,,,,,,,,,,,,,,,,,,,,,,,,,,,,,,,,,,,,
1769161676.738979,1769161676.740077,114.0,0.0,4305.384766,4279.102539,4462.563965,4319.743652,4257.820313,4268.589844,4283.333496,4280.0,4265.256348,4260.641113,4567.179688,4559.230957,4407.179688,4488.589844,,,,,,,,,,,,,,,,,,,,,,,,,,,,,,,,,,,,,,,,,,,,,,,,,,,,,,,,,,,,,,,,,,,,,,
1769161676.746787,1769161676.747886,115.0,0.0,4309.871582,4278.589844,4464.487305,4321.666504,4259.358887,4261.922852,4279.615234,4282.563965,4274.487305,4268.461426,4580.641113,4572.820313,4414.615234,4497.05127,,,,,,,,,,,,,,,,,,,,,,,,,,,,,,,,,,,,,,,,,,,,,,,,,,,,,,,,,,,,,,,,,,,,,,
1769161676.754596,1769161676.755494,116.0,0.0,4302.179688,4270.769043,4465.769043,4314.743652,4263.717773,4260.0,4283.205078,4288.461426,4283.333496,4278.333496,4583.333496,4570.897461,4417.820313,4497.179688,,,,,,,,,,,,,,,,,,,,,,,,,,,,,,,,,,,,,,,,,,,,,,,,,,,,,,,,,,,,,,,,,,,,,,
1769161676.762404,1769161676.763303,117.0,0.0,4293.077148,4261.922852,4468.205078,4307.563965,4263.974121,4274.230957,4298.205078,4296.025879,4286.153809,4276.025879,4569.358887,4554.743652,4409.615234,4478.333496,,,,,,,,,,,,,,,,,,,,,,,,,,,,,,,,,,,,,,,,,,,,,,,,,,,,,,,,,,,,,,,,,,,,,,
1769161676.770213,1769161676.771011,118.0,0.0,4300.897461,4266.538574,4475.384766,4313.589844,4262.05127,4277.94873,4297.820313,4297.820313,4287.94873,4272.820313,4571.282227,4557.179688,4411.666504,4478.077148,,,,,,,,,,,,,,,,,,,,,,,,,,,,,,,,,,,,,,,,,,,,,,,,,,,,,,,,,,,,,,,,,,,,,,
1769161676.778021,1769161676.77882,119.0,0.0,4312.692383,4278.077148,4479.487305,4322.05127,4262.94873,4263.846191,4278.846191,4287.307617,4284.358887,4278.205078,4588.077148,4572.563965,4428.205078,4501.538574,,,,,,,,,,,,,,,,,,,,,,,,,,,,,,,,,,,,,,,,,,,,,,,,,,,,,,,,,,,,,,,,,,,,,,
1769161676.785829,1769161676.786428,120.0,0.0,4309.615234,4280.512695,4477.436035,4323.205078,4265.0,4258.333496,4274.743652,4278.717773,4282.820313,4283.205078,4589.102539,4575.128418,4433.077148,4503.461426,,,,,,,,,,,,,,,,,,,,,,,,,,,,,,,,,,,,,,,,,,,,,,,,,,,,,,,,,,,,,,,,,,,,,,
1769161676.793638,1769161676.794237,121.0,0.0,4300.384766,4275.0,4480.512695,4323.077148,4265.384766,4267.179688,4293.461426,4285.641113,4287.307617,4275.256348,4576.025879,4565.0,4420.256348,4482.820313,,,,,,,,,,,,,,,,,,,,,,,,,,,,,,,,,,,,,,,,,,,,,,,,,,,,,,,,,,,,,,,,,,,,,,
1769161676.801446,1769161676.802145,122.0,0.0,4301.153809,4274.487305,4488.461426,4322.05127,4265.897461,4270.769043,4297.436035,4293.974121,4283.846191,4265.769043,4569.230957,4554.615234,4411.282227,4479.743652,,,,,,,,,,,,,,,,,,,,,,,,,,,,,,,,,,,,,,,,,,,,,,,,,,,,,,,,,,,,,,,,,,,,,,
1769161676.809255,1769161676.809953,123.0,0.0,4308.333496,4278.589844,4491.410156,4320.512695,4267.179688,4267.820313,4282.820313,4287.94873,4279.102539,4270.0,4573.717773,4558.846191,4413.846191,4491.922852,,,,,,,,,,,,,,,,,,,,,,,,,,,,,,,,,,,,,,,,,,,,,,,,,,,,,,,,,,,,,,,,,,,,,,
1769161676.817063,1769161676.817962,124.0,0.0,4310.769043,4279.871582,4491.025879,4321.153809,4267.307617,4266.282227,4282.692383,4281.538574,4280.641113,4276.538574,4578.205078,4571.153809,4416.538574,4495.0,,,,,,,,,,,,,,,,,,,,,,,,,,,,,,,,,,,,,,,,,,,,,,,,,,,,,,,,,,,,,,,,,,,,,,
1769161676.824872,1769161676.82577,125.0,0.0,4309.487305,4280.256348,4493.589844,4323.333496,4267.307617,4265.256348,4288.846191,4288.461426,4281.282227,4275.897461,4580.0,4568.461426,4417.436035,4491.025879,,,,,,,,,,,,,,,,,,,,,,,,,,,,,,,,,,,,,,,,,,,,,,,,,,,,,,,,,,,,,,,,,,,,,,
1769161676.83268,1769161676.833479,126.0,0.0,4309.871582,4281.794922,4494.358887,4325.128418,4267.436035,4264.230957,4281.410156,4293.974121,4281.025879,4276.025879,4580.897461,4559.358887,4419.615234,4492.436035,0.966443,0.559625,0.236909,0.299699,0.345998,0.651926,0.298143,0.15439,0.148637,0.187882,0.659254,0.190032,0.09215,0.083455,0.171653,0.378716,0.1122,0.110828,0.079183,0.164259,0.12895,0.094221,0.043945,0.057535,0.062935,0.264496,0.188409,0.186065,0.055376,0.065594,0.086897,0.094974,0.07542,0.042774,0.086286,0.540332,0.311621,0.141821,0.069471,0.096137,0.670937,0.524526,0.418199,0.150493,0.076452,1.004096,0.523231,0.261557,0.173567,0.155611,1.309083,0.49243,0.10297,0.222597,0.174065,0.733008,0.243239,0.057349,0.144799,0.21252,1.139637,0.605238,0.222526,0.302989,0.202833,1.041688,0.489403,0.142663,0.324087,0.356586
1769161676.840489,1769161676.841287,127.0,0.0,4310.256348,4280.0,4493.333496,4323.333496,4265.384766,4264.743652,4278.333496,4287.05127,4280.256348,4276.025879,4575.641113,4562.179688,4415.641113,4493.589844,,,,,,,,,,,,,,,,,,,,,,,,,,,,,,,,,,,,,,,,,,,,,,,,,,,,,,,,,,,,,,,,,,,,,,
1769161676.848297,1769161676.848896,0.0,0.0,4307.563965,4276.922852,4498.974121,4318.589844,4263.205078,4265.0,4283.589844,4279.615234,4278.205078,4273.589844,4571.153809,4566.538574,4410.897461,4490.512695,,,,,,,,,,,,,,,,,,,,,,,,,,,,,,,,,,,,,,,,,,,,,,,,,,,,,,,,,,,,,,,,,,,,,,
1769161676.856105,1769161676.856704,1.0,0.0,4305.384766,4279.358887,4506.153809,4317.692383,4262.563965,4262.436035,4281.410156,4281.025879,4278.974121,4276.794922,4581.922852,4569.743652,4421.025879,4499.358887,,,,,,,,,,,,,,,,,,,,,,,,,,,,,,,,,,,,,,,,,,,,,,,,,,,,,,,,,,,,,,,,,,,,,,
1769161676.863914,1769161676.864613,2.0,0.0,4306.025879,4282.179688,4508.846191,4320.769043,4263.461426,4262.820313,4277.436035,4280.897461,4280.0,4279.230957,4589.230957,4572.436035,4428.461426,4507.563965,,,,,,,,,,,,,,,,,,,,,,,,,,,,,,,,,,,,,,,,,,,,,,,,,,,,,,,,,,,,,,,,,,,,,,
1769161676.871722,1769161676.872421,3.0,0.0,4309.615234,4279.871582,4509.358887,4319.487305,4263.205078,4266.025879,4285.897461,4279.102539,4278.846191,4273.846191,4577.94873,4566.538574,4416.282227,4494.487305,,,,,,,,,,,,,,,,,,,,,,,,,,,,,,,,,,,,,,,,,,,,,,,,,,,,,,,,,,,,,,,,,,,,,,
1769161676.879531,1769161676.880429,4.0,0.0,4311.538574,4279.230957,4509.487305,4315.384766,4262.436035,4265.641113,4294.743652,4282.692383,4278.589844,4272.820313,4573.333496,4562.692383,4409.102539,4485.256348,,,,,,,,,,,,,,,,,,,,,,,,,,,,,,,,,,,,,,,,,,,,,,,,,,,,,,,,,,,,,,,,,,,,,,
1769161676.887339,1769161676.888238,5.0,0.0,4310.641113,4280.641113,4507.692383,4314.102539,4264.102539,4263.717773,4288.589844,4283.461426,4278.077148,4276.410156,4581.922852,4564.102539,4416.538574,4494.615234,,,,,,,,,,,,,,,,,,,,,,,,,,,,,,,,,,,,,,,,,,,,,,,,,,,,,,,,,,,,,,,,,,,,,,
1769161676.895148,1769161676.895946,6.0,0.0,4310.512695,4282.94873,4509.230957,4313.077148,4266.153809,4263.846191,4281.666504,4281.153809,4278.077148,4279.358887,4582.307617,4559.743652,4417.692383,4498.461426,,,,,,,,,,,,,,,,,,,,,,,,,,,,,,,,,,,,,,,,,,,,,,,,,,,,,,,,,,,,,,,,,,,,,,
1769161676.902956,1769161676.903755,7.0,0.0,4305.641113,4278.589844,4513.205078,4311.153809,4265.128418,4265.769043,4289.230957,4285.641113,4276.666504,4276.666504,4572.05127,4554.230957,4411.794922,4489.871582,,,,,,,,,,,,,,,,,,,,,,,,,,,,,,,,,,,,,,,,,,,,,,,,,,,,,,,,,,,,,,,,,,,,,,
1769161676.910765,1769161676.911663,8.0,0.0,4296.153809,4268.461426,4509.743652,4308.461426,4263.717773,4267.436035,4291.794922,4287.05127,4269.743652,4267.692383,4565.128418,4553.461426,4409.743652,4485.641113,,,,,,,,,,,,,,,,,,,,,,,,,,,,,,,,,,,,,,,,,,,,,,,,,,,,,,,,,,,,,,,,,,,,,,
1769161676.918573,1769161676.919472,9.0,0.0,4294.487305,4269.230957,4507.692383,4307.179688,4263.461426,4264.743652,4279.615234,4279.615234,4263.846191,4263.333496,4568.974121,4552.820313,4410.769043,4488.205078,,,,,,,,,,,,,,,,,,,,,,,,,,,,,,,,,,,,,,,,,,,,,,,,,,,,,,,,,,,,,,,,,,,,,,
1769161676.926381,1769161676.92718,10.0,0.0,4298.333496,4276.794922,4517.563965,4310.256348,4263.461426,4258.974121,4273.974121,4275.256348,4264.743652,4266.410156,4573.077148,4555.641113,4413.846191,4492.94873,,,,,,,,,,,,,,,,,,,,,,,,,,,,,,,,,,,,,,,,,,,,,,,,,,,,,,,,,,,,,,,,,,,,,,
1769161676.93419,1769161676.934989,11.0,0.0,4296.282227,4271.666504,4524.871582,4310.384766,4263.205078,4259.102539,4280.0,4278.589844,4265.769043,4265.0,4567.563965,4552.05127,4410.769043,4488.589844,,,,,,,,,,,,,,,,,,,,,,,,,,,,,,,,,,,,,,,,,,,,,,,,,,,,,,,,,,,,,,,,,,,,,,
1769161676.941998,1769161676.942597,12.0,0.0,4293.717773,4263.077148,4520.641113,4305.512695,4262.307617,4264.358887,4281.794922,4280.769043,4264.743652,4263.333496,4563.205078,4541.410156,4403.974121,4478.717773,,,,,,,,,,,,,,,,,,,,,,,,,,,,,,,,,,,,,,,,,,,,,,,,,,,,,,,,,,,,,,,,,,,,,,
1769161676.949807,1769161676.950406,13.0,0.0,4295.128418,4268.974121,4520.256348,4307.05127,4261.410156,4265.0,4279.358887,4279.871582,4265.897461,4268.717773,4568.205078,4544.871582,4407.05127,4477.692383,,,,,,,,,,,,,,,,,,,,,,,,,,,,,,,,,,,,,,,,,,,,,,,,,,,,,,,,,,,,,,,,,,,,,,
1769161676.957615,1769161676.958114,14.0,0.0,4295.128418,4274.615234,4524.743652,4309.743652,4262.436035,4261.538574,4277.05127,4279.102539,4266.153809,4269.743652,4568.205078,4554.743652,4413.461426,4479.487305,1.003042,0.478764,0.26794,0.310786,0.320535,0.715646,0.302796,0.146595,0.167863,0.182619,0.692407,0.177542,0.076897,0.081579,0.16773,0.333077,0.095673,0.115726,0.076368,0.156782,0.157592,0.108763,0.044659,0.06543,0.066952,0.295877,0.13963,0.179885,0.068599,0.057113,0.0721,0.088452,0.067359,0.042353,0.078236,0.463143,0.315203,0.126507,0.061743,0.091043,0.716662,0.428214,0.314485,0.119979,0.078251,0.946727,0.46855,0.266638,0.170884,0.162026,1.288912,0.413103,0.102653,0.234893,0.15855,0.846944,0.214132,0.067707,0.174773,0.218783,1.060614,0.535815,0.201033,0.316722,0.199118,1.043543,0.482689,0.125862,0.365709,0.377763
1769161676.965424,1769161676.965923,15.0,0.0,4293.717773,4270.384766,4523.846191,4307.563965,4262.436035,4262.179688,4278.077148,4278.461426,4263.205078,4265.128418,4565.128418,4552.692383,4407.692383,4475.256348,,,,,,,,,,,,,,,,,,,,,,,,,,,,,,,,,,,,,,,,,,,,,,,,,,,,,,,,,,,,,,,,,,,,,,
1769161676.973232,1769161676.973531,16.0,0.0,4295.512695,4268.077148,4522.05127,4307.692383,4260.512695,4265.384766,4284.615234,4282.94873,4263.205078,4267.179688,4569.487305,4549.615234,4402.05127,4475.128418,,,,,,,,,,,,,,,,,,,,,,,,,,,,,,,,,,,,,,,,,,,,,,,,,,,,,,,,,,,,,,,,,,,,,,
1769161676.981041,1769161676.98134,17.0,0.0,4295.512695,4267.436035,4523.974121,4308.846191,4260.384766,4265.769043,4289.102539,4285.512695,4268.589844,4271.922852,4569.871582,4552.179688,4407.820313,4475.769043,,,,,,,,,,,,,,,,,,,,,,,,,,,,,,,,,,,,,,,,,,,,,,,,,,,,,,,,,,,,,,,,,,,,,,
1769161676.988849,1769161676.989048,18.0,0.0,4293.205078,4266.794922,4530.0,4306.794922,4263.846191,4266.666504,4288.717773,4284.487305,4273.974121,4276.538574,4566.025879,4551.922852,4412.05127,4472.307617,,,,,,,,,,,,,,,,,,,,,,,,,,,,,,,,,,,,,,,,,,,,,,,,,,,,,,,,,,,,,,,,,,,,,,
1769161676.996657,1769161676.996857,19.0,0.0,4300.128418,4271.282227,4538.077148,4309.102539,4266.410156,4267.436035,4285.769043,4285.384766,4276.282227,4281.025879,4569.230957,4552.307617,4410.769043,4478.717773,,,,,,,,,,,,,,,,,,,,,,,,,,,,,,,,,,,,,,,,,,,,,,,,,,,,,,,,,,,,,,,,,,,,,,
1769161677.004466,1769161677.004865,20.0,0.0,4311.922852,4275.897461,4540.384766,4312.820313,4262.820313,4264.615234,4283.205078,4284.102539,4273.846191,4272.692383,4570.641113,4554.358887,4411.666504,4491.666504,,,,,,,,,,,,,,,,,,,,,,,,,,,,,,,,,,,,,,,,,,,,,,,,,,,,,,,,,,,,,,,,,,,,,,
1769161677.012274,1769161677.012673,21.0,0.0,4312.05127,4270.128418,4538.205078,4309.358887,4258.077148,4261.410156,4280.384766,4280.0,4270.256348,4264.615234,4568.333496,4554.102539,4414.871582,4493.717773,,,,,,,,,,,,,,,,,,,,,,,,,,,,,,,,,,,,,,,,,,,,,,,,,,,,,,,,,,,,,,,,,,,,,,
1769161677.020083,1769161677.020582,22.0,0.0,4304.230957,4263.717773,4537.94873,4307.692383,4256.794922,4262.94873,4279.487305,4280.256348,4268.717773,4272.692383,4571.153809,4555.128418,4414.230957,4488.717773,,,,,,,,,,,,,,,,,,,,,,,,,,,,,,,,,,,,,,,,,,,,,,,,,,,,,,,,,,,,,,,,,,,,,,
1769161677.027892,1769161677.02839,23.0,0.0,4303.205078,4266.794922,4541.282227,4309.871582,4254.487305,4264.487305,4281.538574,4281.153809,4266.282227,4273.589844,4573.077148,4557.563965,4411.025879,4488.077148,,,,,,,,,,,,,,,,,,,,,,,,,,,,,,,,,,,,,,,,,,,,,,,,,,,,,,,,,,,,,,,,,,,,,,
1769161677.0357,1769161677.036398,24.0,0.0,4308.717773,4270.0,4544.487305,4309.615234,4250.384766,4263.461426,4279.871582,4276.922852,4263.205078,4263.077148,4570.256348,4558.205078,4412.563965,4492.307617,,,,,,,,,,,,,,,,,,,,,,,,,,,,,,,,,,,,,,,,,,,,,,,,,,,,,,,,,,,,,,,,,,,,,,
1769161677.043508,1769161677.044207,25.0,0.0,4310.256348,4269.102539,4542.05127,4308.846191,4249.871582,4264.615234,4278.846191,4276.794922,4264.102539,4264.230957,4568.717773,4555.384766,4411.410156,4492.94873,,,,,,,,,,,,,,,,,,,,,,,,,,,,,,,,,,,,,,,,,,,,,,,,,,,,,,,,,,,,,,,,,,,,,,
1769161677.051317,1769161677.051915,26.0,0.0,4308.333496,4273.333496,4542.307617,4307.820313,4256.153809,4266.794922,4280.256348,4280.256348,4265.512695,4271.794922,4568.717773,4552.179688,4406.922852,4488.589844,,,,,,,,,,,,,,,,,,,,,,,,,,,,,,,,,,,,,,,,,,,,,,,,,,,,,,,,,,,,,,,,,,,,,,
1769161677.059125,1769161677.059724,27.0,0.0,4308.846191,4279.230957,4553.461426,4310.128418,4262.179688,4266.025879,4278.589844,4278.717773,4267.05127,4275.256348,4570.0,4554.102539,4409.871582,4489.358887,,,,,,,,,,,,,,,,,,,,,,,,,,,,,,,,,,,,,,,,,,,,,,,,,,,,,,,,,,,,,,,,,,,,,,
1769161677.066934,1769161677.067732,28.0,0.0,4312.436035,4280.128418,4559.487305,4317.94873,4264.487305,4263.717773,4277.436035,4278.589844,4273.589844,4280.0,4573.461426,4557.05127,4417.05127,4495.256348,,,,,,,,,,,,,,,,,,,,,,,,,,,,,,,,,,,,,,,,,,,,,,,,,,,,,,,,,,,,,,,,,,,,,,
1769161677.074742,1769161677.075541,29.0,0.0,4312.692383,4281.282227,4556.025879,4324.487305,4264.871582,4263.846191,4278.974121,4281.153809,4275.641113,4278.589844,4575.128418,4557.05127,4416.410156,4496.153809,,,,,,,,,,,,,,,,,,,,,,,,,,,,,,,,,,,,,,,,,,,,,,,,,,,,,,,,,,,,,,,,,,,,,,
1769161677.082551,1769161677.083449,30.0,0.0,4310.256348,4279.743652,4556.410156,4320.512695,4259.487305,4266.410156,4281.794922,4281.410156,4266.282227,4264.743652,4571.922852,4555.128418,4408.461426,4492.436035,1.080661,0.401818,0.294926,0.315841,0.274427,0.757442,0.290453,0.141783,0.180468,0.162147,0.749318,0.162897,0.064481,0.088038,0.157832,0.282775,0.092846,0.117138,0.076602,0.136248,0.181648,0.120128,0.048437,0.070314,0.066369,0.30422,0.103387,0.170983,0.082897,0.055659,0.075343,0.094127,0.079064,0.046296,0.081957,0.375382,0.307435,0.115658,0.055103,0.080853,0.761991,0.3461,0.229972,0.099075,0.085257,0.857687,0.426243,0.263867,0.168562,0.162014,1.207035,0.351122,0.106372,0.250152,0.1465,0.992832,0.210853,0.078154,0.210397,0.230627,0.961921,0.49377,0.208254,0.324527,0.19598,1.03869,0.503275,0.123449,0.421922,0.397991
1769161677.090359,1769161677.091257,31.0,0.0,4307.820313,4273.205078,4559.230957,4312.179688,4254.871582,4267.94873,4286.922852,4279.615234,4261.025879,4258.717773,4568.205078,4552.692383,4405.128418,4488.974121,,,,,,,,,,,,,,,,,,,,,,,,,,,,,,,,,,,,,,,,,,,,,,,,,,,,,,,,,,,,,,,,,,,,,,
1769161677.098168,1769161677.099266,32.0,0.0,4306.538574,4275.384766,4556.410156,4311.282227,4260.0,4264.743652,4285.897461,4279.487305,4265.0,4269.871582,4570.128418,4553.077148,4411.666504,4491.282227,,,,,,,,,,,,,,,,,,,,,,,,,,,,,,,,,,,,,,,,,,,,,,,,,,,,,,,,,,,,,,,,,,,,,,
1769161677.105976,1769161677.107074,33.0,0.0,4307.692383,4280.512695,4554.615234,4312.436035,4265.128418,4261.922852,4279.615234,4281.025879,4268.717773,4276.666504,4573.205078,4554.615234,4416.025879,4492.307617,,,,,,,,,,,,,,,,,,,,,,,,,,,,,,,,,,,,,,,,,,,,,,,,,,,,,,,,,,,,,,,,,,,,,,
1769161677.113784,1769161677.114982,34.0,0.0,4307.94873,4272.436035,4559.615234,4310.128418,4258.717773,4264.487305,4283.333496,4280.128418,4266.538574,4266.025879,4567.94873,4550.897461,4408.589844,4480.384766,,,,,,,,,,,,,,,,,,,,,,,,,,,,,,,,,,,,,,,,,,,,,,,,,,,,,,,,,,,,,,,,,,,,,,
1769161677.121593,1769161677.122791,35.0,0.0,4311.922852,4269.102539,4566.666504,4310.769043,4254.358887,4265.128418,4287.436035,4275.512695,4261.410156,4258.717773,4558.846191,4548.205078,4401.410156,4471.922852,,,,,,,,,,,,,,,,,,,,,,,,,,,,,,,,,,,,,,,,,,,,,,,,,,,,,,,,,,,,,,,,,,,,,,
1769161677.129401,1769161677.130799,36.0,0.0,4319.230957,4277.820313,4568.589844,4314.358887,4259.487305,4261.538574,4278.717773,4273.717773,4260.0,4264.102539,4556.025879,4555.128418,4403.846191,4482.05127,,,,,,,,,,,,,,,,,,,,,,,,,,,,,,,,,,,,,,,,,,,,,,,,,,,,,,,,,,,,,,,,,,,,,,
1769161677.13721,1769161677.138608,37.0,0.0,4317.94873,4277.94873,4567.436035,4312.692383,4259.230957,4260.897461,4276.025879,4277.820313,4264.871582,4265.512695,4557.692383,4557.307617,4405.0,4487.692383,,,,,,,,,,,,,,,,,,,,,,,,,,,,,,,,,,,,,,,,,,,,,,,,,,,,,,,,,,,,,,,,,,,,,,
1769161677.145018,1769161677.146316,38.0,0.0,4310.769043,4271.666504,4567.307617,4310.128418,4255.769043,4265.256348,4283.717773,4277.307617,4261.666504,4260.641113,4556.410156,4545.769043,4399.871582,4479.871582,,,,,,,,,,,,,,,,,,,,,,,,,,,,,,,,,,,,,,,,,,,,,,,,,,,,,,,,,,,,,,,,,,,,,,
1769161677.152827,1769161677.154125,39.0,0.0,4309.615234,4274.615234,4570.641113,4315.769043,4259.102539,4266.410156,4283.846191,4270.256348,4252.307617,4261.794922,4555.512695,4543.205078,4399.743652,4480.641113,,,,,,,,,,,,,,,,,,,,,,,,,,,,,,,,,,,,,,,,,,,,,,,,,,,,,,,,,,,,,,,,,,,,,,
1769161677.160635,1769161677.161733,40.0,0.0,4312.692383,4279.487305,4575.897461,4321.282227,4262.692383,4263.333496,4278.717773,4268.846191,4255.256348,4264.358887,4562.307617,4552.94873,4408.333496,4489.358887,,,,,,,,,,,,,,,,,,,,,,,,,,,,,,,,,,,,,,,,,,,,,,,,,,,,,,,,,,,,,,,,,,,,,,
1769161677.168444,1769161677.169542,41.0,0.0,4313.333496,4279.615234,4576.666504,4318.333496,4260.256348,4261.666504,4276.794922,4275.769043,4265.128418,4266.922852,4569.615234,4559.102539,4414.487305,4492.179688,,,,,,,,,,,,,,,,,,,,,,,,,,,,,,,,,,,,,,,,,,,,,,,,,,,,,,,,,,,,,,,,,,,,,,
1769161677.176252,1769161677.17725,42.0,0.0,4311.794922,4276.794922,4573.974121,4315.512695,4259.358887,4261.410156,4278.974121,4281.666504,4266.410156,4271.410156,4572.307617,4561.922852,4413.717773,4491.666504,,,,,,,,,,,,,,,,,,,,,,,,,,,,,,,,,,,,,,,,,,,,,,,,,,,,,,,,,,,,,,,,,,,,,,
1769161677.18406,1769161677.185059,43.0,0.0,4309.487305,4274.230957,4571.666504,4316.922852,4259.743652,4262.563965,4282.436035,4279.871582,4262.692383,4272.307617,4572.179688,4562.179688,4413.589844,4492.307617,,,,,,,,,,,,,,,,,,,,,,,,,,,,,,,,,,,,,,,,,,,,,,,,,,,,,,,,,,,,,,,,,,,,,,
1769161677.191869,1769161677.193067,44.0,0.0,4311.282227,4277.820313,4572.94873,4321.153809,4259.102539,4258.717773,4277.179688,4274.358887,4261.025879,4267.307617,4570.512695,4556.410156,4414.358887,4492.05127,,,,,,,,,,,,,,,,,,,,,,,,,,,,,,,,,,,,,,,,,,,,,,,,,,,,,,,,,,,,,,,,,,,,,,
1769161677.199677,1769161677.200875,45.0,0.0,4313.461426,4281.153809,4575.384766,4323.589844,4260.769043,4252.307617,4270.384766,4272.563965,4261.922852,4264.743652,4570.512695,4554.102539,4412.179688,4490.897461,,,,,,,,,,,,,,,,,,,,,,,,,,,,,,,,,,,,,,,,,,,,,,,,,,,,,,,,,,,,,,,,,,,,,,
1769161677.207486,1769161677.208784,46.0,0.0,4312.307617,4278.333496,4574.358887,4318.205078,4262.436035,4253.333496,4275.128418,4276.538574,4264.230957,4268.333496,4573.205078,4557.820313,4411.410156,4490.512695,1.160775,0.338214,0.314014,0.315881,0.224844,0.763826,0.260397,0.145268,0.185928,0.134982,0.790235,0.148843,0.058708,0.100379,0.144008,0.256853,0.107165,0.115278,0.081649,0.110072,0.194075,0.125528,0.052882,0.070881,0.061279,0.284662,0.081709,0.160289,0.094249,0.063137,0.091853,0.112562,0.10409,0.054434,0.100338,0.302353,0.297637,0.114867,0.051467,0.070891,0.802296,0.320063,0.179647,0.092609,0.095364,0.76992,0.422654,0.253384,0.168188,0.154828,1.08181,0.319357,0.113266,0.262141,0.146879,1.142437,0.238412,0.0857,0.240741,0.249054,0.869015,0.485424,0.247943,0.323485,0.196519,1.032603,0.542986,0.136823,0.473041,0.416918
1769161677.215294,1769161677.216592,47.0,0.0,4313.333496,4275.897461,4573.461426,4314.743652,4258.461426,4260.769043,4280.384766,4275.641113,4263.974121,4267.94873,4571.922852,4555.256348,4412.307617,4491.666504,,,,,,,,,,,,,,,,,,,,,,,,,,,,,,,,,,,,,,,,,,,,,,,,,,,,,,,,,,,,,,,,,,,,,,
1769161677.223103,1769161677.2246,48.0,0.0,4315.0,4278.974121,4576.538574,4318.461426,4253.205078,4262.307617,4275.512695,4266.794922,4261.538574,4262.692383,4567.307617,4551.538574,4412.05127,4492.563965,,,,,,,,,,,,,,,,,,,,,,,,,,,,,,,,,,,,,,,,,,,,,,,,,,,,,,,,,,,,,,,,,,,,,,
1769161677.230911,1769161677.232409,49.0,0.0,4313.461426,4278.846191,4577.563965,4316.153809,4251.410156,4260.0,4273.077148,4268.974121,4262.563965,4262.179688,4568.461426,4552.307617,4411.538574,4490.128418,,,,,,,,,,,,,,,,,,,,,,,,,,,,,,,,,,,,,,,,,,,,,,,,,,,,,,,,,,,,,,,,,,,,,,
1769161677.23872,1769161677.240317,50.0,0.0,4309.743652,4273.846191,4575.769043,4310.384766,4250.769043,4264.230957,4279.358887,4275.769043,4261.666504,4264.615234,4569.358887,4553.077148,4411.153809,4486.666504,,,,,,,,,,,,,,,,,,,,,,,,,,,,,,,,,,,,,,,,,,,,,,,,,,,,,,,,,,,,,,,,,,,,,,
1769161677.246528,1769161677.248126,51.0,0.0,4307.94873,4275.384766,4578.974121,4316.025879,4251.153809,4261.153809,4281.025879,4271.538574,4259.615234,4265.384766,4567.05127,4554.871582,4411.153809,4486.794922,,,,,,,,,,,,,,,,,,,,,,,,,,,,,,,,,,,,,,,,,,,,,,,,,,,,,,,,,,,,,,,,,,,,,,
1769161677.254336,1769161677.255734,52.0,0.0,4308.461426,4280.384766,4581.410156,4321.666504,4251.538574,4253.846191,4277.05127,4269.871582,4262.563965,4264.358887,4567.692383,4552.05127,4411.410156,4488.589844,,,,,,,,,,,,,,,,,,,,,,,,,,,,,,,,,,,,,,,,,,,,,,,,,,,,,,,,,,,,,,,,,,,,,,
1769161677.262145,1769161677.263543,53.0,0.0,4310.641113,4279.230957,4578.717773,4320.384766,4251.666504,4256.538574,4277.692383,4278.205078,4265.256348,4264.615234,4570.256348,4547.436035,4412.563965,4487.820313,,,,,,,,,,,,,,,,,,,,,,,,,,,,,,,,,,,,,,,,,,,,,,,,,,,,,,,,,,,,,,,,,,,,,,
1769161677.269953,1769161677.271251,54.0,0.0,4315.641113,4280.769043,4581.282227,4323.717773,4254.102539,4259.102539,4279.743652,4279.615234,4264.102539,4266.922852,4570.512695,4550.384766,4414.615234,4486.794922,,,,,,,,,,,,,,,,,,,,,,,,,,,,,,,,,,,,,,,,,,,,,,,,,,,,,,,,,,,,,,,,,,,,,,
1769161677.277762,1769161677.27906,55.0,0.0,4319.487305,4287.179688,4587.692383,4326.025879,4258.077148,4258.205078,4278.333496,4274.871582,4263.589844,4266.922852,4570.0,4556.282227,4415.128418,4489.102539,,,,,,,,,,,,,,,,,,,,,,,,,,,,,,,,,,,,,,,,,,,,,,,,,,,,,,,,,,,,,,,,,,,,,,
1769161677.28557,1769161677.286668,56.0,0.0,4319.615234,4287.563965,4587.820313,4322.820313,4260.256348,4260.897461,4277.692383,4277.307617,4265.384766,4266.153809,4572.307617,4553.589844,4416.538574,4489.102539,,,,,,,,,,,,,,,,,,,,,,,,,,,,,,,,,,,,,,,,,,,,,,,,,,,,,,,,,,,,,,,,,,,,,,
1769161677.293379,1769161677.294477,57.0,0.0,4319.487305,4281.666504,4584.743652,4321.794922,4257.05127,4263.846191,4278.846191,4279.743652,4264.487305,4266.794922,4572.692383,4547.05127,4416.025879,4485.384766,,,,,,,,,,,,,,,,,,,,,,,,,,,,,,,,,,,,,,,,,,,,,,,,,,,,,,,,,,,,,,,,,,,,,,
1769161677.301187,1769161677.302185,58.0,0.0,4324.615234,4281.025879,4589.743652,4323.974121,4256.538574,4261.410156,4279.230957,4278.589844,4262.692383,4266.153809,4570.512695,4547.05127,4413.717773,4485.0,,,,,,,,,,,,,,,,,,,,,,,,,,,,,,,,,,,,,,,,,,,,,,,,,,,,,,,,,,,,,,,,,,,,,,
1769161677.308996,1769161677.309994,59.0,0.0,4327.05127,4289.358887,4600.897461,4326.410156,4263.205078,4262.436035,4278.589844,4279.871582,4265.256348,4267.820313,4570.384766,4553.461426,4416.794922,4490.512695,,,,,,,,,,,,,,,,,,,,,,,,,,,,,,,,,,,,,,,,,,,,,,,,,,,,,,,,,,,,,,,,,,,,,,
1769161677.316804,1769161677.317602,60.0,0.0,4319.230957,4295.769043,4600.384766,4327.307617,4261.666504,4265.256348,4278.077148,4280.641113,4267.94873,4270.897461,4572.307617,4556.410156,4419.487305,4488.846191,,,,,,,,,,,,,,,,,,,,,,,,,,,,,,,,,,,,,,,,,,,,,,,,,,,,,,,,,,,,,,,,,,,,,,
1769161677.324613,1769161677.325411,61.0,0.0,4311.025879,4291.538574,4590.128418,4326.025879,4251.410156,4262.05127,4277.307617,4278.589844,4266.282227,4268.461426,4570.641113,4547.94873,4415.0,4479.358887,,,,,,,,,,,,,,,,,,,,,,,,,,,,,,,,,,,,,,,,,,,,,,,,,,,,,,,,,,,,,,,,,,,,,,
1769161677.332421,1769161677.333319,62.0,0.0,4311.666504,4283.205078,4587.94873,4325.512695,4253.077148,4260.512695,4276.922852,4276.794922,4264.102539,4263.077148,4565.769043,4543.077148,4411.538574,4475.897461,1.222436,0.289371,0.319734,0.310845,0.186294,0.730509,0.21976,0.157053,0.18449,0.111382,0.810089,0.13674,0.063714,0.114224,0.128805,0.257913,0.13718,0.111986,0.090734,0.086194,0.191559,0.125904,0.057271,0.06785,0.053566,0.244641,0.073446,0.147321,0.099562,0.078196,0.116308,0.14951,0.132733,0.066153,0.132143,0.25686,0.294185,0.125243,0.051466,0.066493,0.828414,0.36434,0.157813,0.099158,0.105397,0.711016,0.45816,0.232489,0.170658,0.143582,0.93647,0.314289,0.119979,0.264444,0.163932,1.26493,0.29024,0.088681,0.256211,0.270573,0.794608,0.499029,0.307856,0.312085,0.20311,1.037952,0.580276,0.161986,0.495209,0.434609
1769161677.340229,1769161677.341128,63.0,0.0,4313.077148,4279.615234,4592.563965,4325.384766,4261.410156,4263.589844,4276.922852,4278.717773,4264.743652,4261.410156,4564.487305,4548.974121,4411.538574,4476.538574,,,,,,,,,,,,,,,,,,,,,,,,,,,,,,,,,,,,,,,,,,,,,,,,,,,,,,,,,,,,,,,,,,,,,,
1769161677.348038,1769161677.348736,64.0,0.0,4308.717773,4282.820313,4596.410156,4326.025879,4260.769043,4265.384766,4278.461426,4280.384766,4265.0,4264.743652,4567.563965,4552.692383,4411.794922,4479.487305,,,,,,,,,,,,,,,,,,,,,,,,,,,,,,,,,,,,,,,,,,,,,,,,,,,,,,,,,,,,,,,,,,,,,,
1769161677.355846,1769161677.356545,65.0,0.0,4311.794922,4287.436035,4599.743652,4329.871582,4261.282227,4261.410156,4278.717773,4279.871582,4264.871582,4268.589844,4571.025879,4551.794922,4415.512695,4486.666504,,,,,,,,,,,,,,,,,,,,,,,,,,,,,,,,,,,,,,,,,,,,,,,,,,,,,,,,,,,,,,,,,,,,,,
1769161677.363655,1769161677.364253,66.0,0.0,4319.871582,4288.461426,4603.077148,4332.307617,4265.897461,4261.153809,4277.692383,4279.871582,4265.128418,4267.307617,4571.410156,4553.205078,4418.077148,4491.794922,,,,,,,,,,,,,,,,,,,,,,,,,,,,,,,,,,,,,,,,,,,,,,,,,,,,,,,,,,,,,,,,,,,,,,
1769161677.371463,1769161677.372062,67.0,0.0,4315.897461,4284.743652,4601.025879,4328.077148,4263.974121,4266.538574,4280.256348,4280.128418,4263.333496,4263.589844,4569.743652,4555.0,4411.794922,4491.794922,,,,,,,,,,,,,,,,,,,,,,,,,,,,,,,,,,,,,,,,,,,,,,,,,,,,,,,,,,,,,,,,,,,,,,
1769161677.379272,1769161677.37967,68.0,0.0,4306.153809,4283.205078,4599.102539,4324.358887,4260.256348,4264.358887,4280.0,4279.487305,4262.94873,4266.153809,4568.974121,4554.230957,4407.692383,4488.461426,,,,,,,,,,,,,,,,,,,,,,,,,,,,,,,,,,,,,,,,,,,,,,,,,,,,,,,,,,,,,,,,,,,,,,
1769161677.38708,1769161677.387479,69.0,0.0,4305.384766,4282.307617,4600.897461,4326.666504,4258.846191,4263.717773,4280.897461,4281.282227,4264.358887,4266.794922,4570.641113,4553.333496,4409.871582,4480.256348,,,,,,,,,,,,,,,,,,,,,,,,,,,,,,,,,,,,,,,,,,,,,,,,,,,,,,,,,,,,,,,,,,,,,,
1769161677.394889,1769161677.395387,70.0,0.0,4311.025879,4281.538574,4601.410156,4327.307617,4257.307617,4270.897461,4284.871582,4282.820313,4263.205078,4265.0,4572.307617,4552.307617,4410.128418,4473.974121,,,,,,,,,,,,,,,,,,,,,,,,,,,,,,,,,,,,,,,,,,,,,,,,,,,,,,,,,,,,,,,,,,,,,,
1769161677.402697,1769161677.403196,71.0,0.0,4312.436035,4286.025879,4603.077148,4327.179688,4260.769043,4268.717773,4276.025879,4280.512695,4263.974121,4273.205078,4569.871582,4554.615234,4408.461426,4480.641113,,,,,,,,,,,,,,,,,,,,,,,,,,,,,,,,,,,,,,,,,,,,,,,,,,,,,,,,,,,,,,,,,,,,,,
1769161677.410505,1769161677.411204,72.0,0.0,4312.179688,4290.256348,4606.666504,4331.666504,4264.487305,4262.692383,4270.512695,4282.05127,4268.333496,4281.282227,4572.307617,4557.692383,4413.846191,4489.615234,,,,,,,,,,,,,,,,,,,,,,,,,,,,,,,,,,,,,,,,,,,,,,,,,,,,,,,,,,,,,,,,,,,,,,
1769161677.418314,1769161677.419012,73.0,0.0,4312.307617,4289.358887,4611.666504,4336.025879,4260.0,4265.384766,4280.641113,4286.153809,4271.922852,4280.512695,4580.128418,4557.179688,4424.102539,4490.128418,,,,,,,,,,,,,,,,,,,,,,,,,,,,,,,,,,,,,,,,,,,,,,,,,,,,,,,,,,,,,,,,,,,,,,
1769161677.426122,1769161677.426921,74.0,0.0,4311.282227,4288.974121,4614.358887,4336.538574,4256.282227,4265.512695,4278.205078,4283.589844,4272.307617,4280.512695,4580.512695,4556.666504,4424.871582,4487.94873,,,,,,,,,,,,,,,,,,,,,,,,,,,,,,,,,,,,,,,,,,,,,,,,,,,,,,,,,,,,,,,,,,,,,,
1769161677.433931,1769161677.434729,75.0,0.0,4314.487305,4293.077148,4612.563965,4339.102539,4262.820313,4262.692383,4267.179688,4277.94873,4267.307617,4277.05127,4572.692383,4557.563965,4417.820313,4488.589844,,,,,,,,,,,,,,,,,,,,,,,,,,,,,,,,,,,,,,,,,,,,,,,,,,,,,,,,,,,,,,,,,,,,,,
1769161677.441739,1769161677.442737,76.0,0.0,4317.94873,4295.256348,4611.025879,4340.0,4261.153809,4265.128418,4274.358887,4278.205078,4260.512695,4266.538574,4567.436035,4549.871582,4414.358887,4490.0,,,,,,,,,,,,,,,,,,,,,,,,,,,,,,,,,,,,,,,,,,,,,,,,,,,,,,,,,,,,,,,,,,,,,,
1769161677.449548,1769161677.450546,77.0,0.0,4317.94873,4293.589844,4612.563965,4335.256348,4250.256348,4265.0,4281.153809,4279.487305,4260.128418,4260.0,4566.538574,4538.589844,4410.641113,4488.589844,,,,,,,,,,,,,,,,,,,,,,,,,,,,,,,,,,,,,,,,,,,,,,,,,,,,,,,,,,,,,,,,,,,,,,
1769161677.457356,1769161677.458254,78.0,0.0,4321.282227,4293.717773,4615.512695,4336.538574,4254.615234,4261.025879,4273.461426,4278.333496,4264.358887,4264.230957,4567.692383,4543.333496,4410.769043,4489.743652,1.243414,0.24754,0.307824,0.299431,0.164384,0.673305,0.183048,0.171153,0.176957,0.09868,0.774024,0.128684,0.080815,0.124249,0.114463,0.287308,0.178215,0.108786,0.101314,0.069642,0.176605,0.126839,0.062318,0.063394,0.04607,0.192628,0.075694,0.133625,0.098363,0.09629,0.142239,0.207584,0.154905,0.079292,0.171065,0.241598,0.299812,0.141129,0.053965,0.070237,0.829769,0.460736,0.149915,0.113148,0.112486,0.684134,0.517573,0.201982,0.176186,0.134339,0.797726,0.327884,0.123162,0.253073,0.19291,1.323539,0.347454,0.086362,0.252724,0.287839,0.737598,0.51458,0.36486,0.29019,0.214228,1.070404,0.590805,0.192423,0.472583,0.447327
1769161677.465165,1769161677.466063,79.0,0.0,4320.256348,4294.743652,4615.641113,4342.692383,4265.256348,4262.820313,4273.461426,4281.153809,4265.897461,4269.230957,4571.538574,4555.769043,4423.461426,4494.102539,,,,,,,,,,,,,,,,,,,,,,,,,,,,,,,,,,,,,,,,,,,,,,,,,,,,,,,,,,,,,,,,,,,,,,
1769161677.472973,1769161677.473771,80.0,0.0,4311.794922,4295.0,4615.384766,4342.05127,4263.846191,4266.025879,4278.974121,4285.256348,4265.128418,4268.589844,4574.487305,4556.666504,4428.589844,4495.512695,,,,,,,,,,,,,,,,,,,,,,,,,,,,,,,,,,,,,,,,,,,,,,,,,,,,,,,,,,,,,,,,,,,,,,
1769161677.480782,1769161677.48158,81.0,0.0,4312.436035,4294.743652,4614.743652,4338.974121,4263.461426,4265.641113,4278.717773,4283.205078,4262.94873,4263.717773,4573.077148,4552.563965,4418.205078,4492.820313,,,,,,,,,,,,,,,,,,,,,,,,,,,,,,,,,,,,,,,,,,,,,,,,,,,,,,,,,,,,,,,,,,,,,,
1769161677.48859,1769161677.489288,82.0,0.0,4319.102539,4293.974121,4613.974121,4339.358887,4267.179688,4263.589844,4277.307617,4278.333496,4262.436035,4261.282227,4571.153809,4554.230957,4417.05127,4491.153809,,,,,,,,,,,,,,,,,,,,,,,,,,,,,,,,,,,,,,,,,,,,,,,,,,,,,,,,,,,,,,,,,,,,,,
1769161677.496399,1769161677.497097,83.0,0.0,4319.102539,4293.846191,4617.820313,4341.153809,4265.512695,4262.820313,4277.307617,4280.128418,4265.641113,4269.743652,4576.666504,4557.436035,4427.692383,4495.0,,,,,,,,,,,,,,,,,,,,,,,,,,,,,,,,,,,,,,,,,,,,,,,,,,,,,,,,,,,,,,,,,,,,,,
1769161677.504207,1769161677.504705,84.0,0.0,4314.871582,4293.974121,4619.615234,4340.512695,4265.0,4265.0,4277.94873,4283.333496,4264.743652,4277.692383,4581.538574,4556.666504,4425.0,4493.974121,,,,,,,,,,,,,,,,,,,,,,,,,,,,,,,,,,,,,,,,,,,,,,,,,,,,,,,,,,,,,,,,,,,,,,
1769161677.512015,1769161677.512514,85.0,0.0,4312.820313,4292.692383,4615.256348,4343.846191,4267.307617,4266.282227,4276.153809,4279.871582,4263.846191,4275.128418,4576.666504,4553.717773,4417.563965,4488.974121,,,,,,,,,,,,,,,,,,,,,,,,,,,,,,,,,,,,,,,,,,,,,,,,,,,,,,,,,,,,,,,,,,,,,,
1769161677.519824,1769161677.520422,86.0,0.0,4317.05127,4294.102539,4617.563965,4348.589844,4266.410156,4266.025879,4276.153809,4281.153809,4271.025879,4274.358887,4576.410156,4554.487305,4422.179688,4496.410156,,,,,,,,,,,,,,,,,,,,,,,,,,,,,,,,,,,,,,,,,,,,,,,,,,,,,,,,,,,,,,,,,,,,,,
1769161677.527632,1769161677.528231,87.0,0.0,4321.410156,4296.282227,4624.743652,4346.794922,4265.512695,4266.410156,4278.077148,4290.769043,4276.922852,4278.205078,4585.0,4560.256348,4428.717773,4504.358887,,,,,,,,,,,,,,,,,,,,,,,,,,,,,,,,,,,,,,,,,,,,,,,,,,,,,,,,,,,,,,,,,,,,,,
1769161677.535441,1769161677.536239,88.0,0.0,4314.487305,4291.922852,4621.794922,4341.538574,4266.410156,4266.666504,4277.179688,4289.615234,4271.794922,4280.897461,4585.897461,4559.487305,4428.589844,4496.153809,,,,,,,,,,,,,,,,,,,,,,,,,,,,,,,,,,,,,,,,,,,,,,,,,,,,,,,,,,,,,,,,,,,,,,
1769161677.543249,1769161677.544047,89.0,0.0,4309.871582,4287.436035,4614.102539,4342.436035,4266.666504,4266.025879,4276.410156,4281.025879,4264.358887,4277.820313,4578.077148,4554.358887,4427.05127,4489.230957,,,,,,,,,,,,,,,,,,,,,,,,,,,,,,,,,,,,,,,,,,,,,,,,,,,,,,,,,,,,,,,,,,,,,,
1769161677.551058,1769161677.551756,90.0,0.0,4314.358887,4290.0,4615.641113,4345.128418,4265.128418,4267.05127,4280.128418,4285.256348,4264.102539,4270.641113,4574.102539,4555.769043,4421.153809,4494.871582,,,,,,,,,,,,,,,,,,,,,,,,,,,,,,,,,,,,,,,,,,,,,,,,,,,,,,,,,,,,,,,,,,,,,,
1769161677.558866,1769161677.559564,91.0,0.0,4312.307617,4289.615234,4617.436035,4342.692383,4263.717773,4266.282227,4281.153809,4288.461426,4265.256348,4264.358887,4572.436035,4555.256348,4412.692383,4491.538574,,,,,,,,,,,,,,,,,,,,,,,,,,,,,,,,,,,,,,,,,,,,,,,,,,,,,,,,,,,,,,,,,,,,,,
1769161677.566675,1769161677.567173,92.0,0.0,4307.179688,4284.230957,4613.461426,4341.666504,4263.717773,4264.871582,4276.794922,4281.153809,4263.846191,4264.615234,4571.282227,4546.922852,4413.205078,4480.641113,,,,,,,,,,,,,,,,,,,,,,,,,,,,,,,,,,,,,,,,,,,,,,,,,,,,,,,,,,,,,,,,,,,,,,
1769161677.574483,1769161677.574981,93.0,0.0,4304.743652,4281.282227,4611.666504,4342.436035,4263.974121,4268.077148,4275.897461,4280.897461,4262.307617,4264.743652,4569.743652,4539.230957,4408.461426,4476.025879,,,,,,,,,,,,,,,,,,,,,,,,,,,,,,,,,,,,,,,,,,,,,,,,,,,,,,,,,,,,,,,,,,,,,,
1769161677.582291,1769161677.58269,94.0,0.0,4301.410156,4280.512695,4615.0,4341.410156,4263.717773,4269.743652,4279.102539,4285.769043,4263.461426,4261.538574,4565.897461,4538.589844,4397.820313,4472.179688,1.221257,0.206168,0.281269,0.279627,0.155211,0.61225,0.163243,0.178935,0.164724,0.098156,0.723985,0.122773,0.107573,0.127482,0.102714,0.328541,0.222807,0.106877,0.110136,0.061102,0.158641,0.134258,0.068836,0.060052,0.041385,0.143649,0.082706,0.122798,0.092291,0.11115,0.163605,0.278948,0.163158,0.090121,0.20706,0.239078,0.311419,0.154954,0.05682,0.080752,0.795464,0.566338,0.142107,0.128268,0.114961,0.670926,0.576521,0.166366,0.184286,0.132209,0.687336,0.356105,0.122768,0.228468,0.222122,1.296956,0.389996,0.080628,0.233348,0.293689,0.685054,0.516682,0.397339,0.260182,0.224865,1.131687,0.564787,0.219287,0.406092,0.447893
1769161677.5901,1769161677.590498,95.0,0.0,4303.205078,4280.769043,4619.615234,4340.256348,4263.846191,4267.179688,4281.922852,4282.179688,4264.358887,4261.666504,4567.820313,4546.794922,4403.589844,4477.05127,,,,,,,,,,,,,,,,,,,,,,,,,,,,,,,,,,,,,,,,,,,,,,,,,,,,,,,,,,,,,,,,,,,,,,
1769161677.597908,1769161677.598507,96.0,0.0,4307.307617,4281.282227,4619.102539,4339.358887,4263.846191,4266.922852,4280.769043,4278.205078,4261.922852,4263.333496,4573.846191,4552.436035,4416.153809,4494.743652,,,,,,,,,,,,,,,,,,,,,,,,,,,,,,,,,,,,,,,,,,,,,,,,,,,,,,,,,,,,,,,,,,,,,,
1769161677.605717,1769161677.606315,97.0,0.0,4304.230957,4278.974121,4614.743652,4337.820313,4263.846191,4266.282227,4276.282227,4279.102539,4261.410156,4261.794922,4572.820313,4544.102539,4415.641113,4495.641113,,,,,,,,,,,,,,,,,,,,,,,,,,,,,,,,,,,,,,,,,,,,,,,,,,,,,,,,,,,,,,,,,,,,,,
1769161677.613525,1769161677.614224,98.0,0.0,4301.666504,4279.102539,4615.256348,4335.769043,4263.846191,4262.692383,4276.410156,4278.461426,4263.077148,4261.153809,4567.307617,4535.641113,4408.333496,4478.461426,,,,,,,,,,,,,,,,,,,,,,,,,,,,,,,,,,,,,,,,,,,,,,,,,,,,,,,,,,,,,,,,,,,,,,
1769161677.621334,1769161677.622032,99.0,0.0,4305.384766,4281.538574,4617.94873,4336.538574,4263.846191,4267.692383,4280.512695,4278.846191,4264.743652,4264.487305,4567.94873,4540.769043,4407.94873,4480.641113,,,,,,,,,,,,,,,,,,,,,,,,,,,,,,,,,,,,,,,,,,,,,,,,,,,,,,,,,,,,,,,,,,,,,,
1769161677.629142,1769161677.63004,100.0,0.0,4306.025879,4280.897461,4618.205078,4339.615234,4263.846191,4274.743652,4280.128418,4278.589844,4263.333496,4264.487305,4570.384766,4544.358887,4408.846191,4490.897461,,,,,,,,,,,,,,,,,,,,,,,,,,,,,,,,,,,,,,,,,,,,,,,,,,,,,,,,,,,,,,,,,,,,,,
1769161677.636951,1769161677.637849,101.0,0.0,4304.871582,4282.94873,4620.0,4340.897461,4263.846191,4270.641113,4277.820313,4277.692383,4263.717773,4262.692383,4566.666504,4539.230957,4408.205078,4486.025879,,,,,,,,,,,,,,,,,,,,,,,,,,,,,,,,,,,,,,,,,,,,,,,,,,,,,,,,,,,,,,,,,,,,,,
1769161677.644759,1769161677.645757,102.0,0.0,4310.384766,4293.589844,4625.256348,4343.974121,4263.974121,4266.922852,4280.0,4283.205078,4270.897461,4270.897461,4567.94873,4538.333496,4410.512695,4486.153809,,,,,,,,,,,,,,,,,,,,,,,,,,,,,,,,,,,,,,,,,,,,,,,,,,,,,,,,,,,,,,,,,,,,,,
1769161677.652568,1769161677.653565,103.0,0.0,4314.615234,4294.358887,4628.461426,4346.410156,4263.974121,4272.179688,4281.538574,4290.512695,4275.641113,4280.641113,4578.461426,4541.025879,4416.153809,4493.589844,,,,,,,,,,,,,,,,,,,,,,,,,,,,,,,,,,,,,,,,,,,,,,,,,,,,,,,,,,,,,,,,,,,,,,
1769161677.660376,1769161677.661174,104.0,0.0,4310.0,4285.512695,4627.820313,4344.871582,4263.717773,4275.769043,4282.307617,4290.897461,4274.871582,4280.384766,4582.179688,4542.05127,4418.077148,4491.410156,,,,,,,,,,,,,,,,,,,,,,,,,,,,,,,,,,,,,,,,,,,,,,,,,,,,,,,,,,,,,,,,,,,,,,
1769161677.668184,1769161677.668983,105.0,0.0,4306.922852,4285.256348,4626.922852,4345.256348,4264.230957,4269.743652,4282.820313,4288.846191,4276.538574,4279.615234,4579.743652,4543.461426,4419.487305,4488.589844,,,,,,,,,,,,,,,,,,,,,,,,,,,,,,,,,,,,,,,,,,,,,,,,,,,,,,,,,,,,,,,,,,,,,,
1769161677.675993,1769161677.676691,106.0,0.0,4309.487305,4290.128418,4627.820313,4349.871582,4263.846191,4261.922852,4277.436035,4290.512695,4279.743652,4283.461426,4583.333496,4547.05127,4426.922852,4492.563965,,,,,,,,,,,,,,,,,,,,,,,,,,,,,,,,,,,,,,,,,,,,,,,,,,,,,,,,,,,,,,,,,,,,,,
1769161677.683801,1769161677.6845,107.0,0.0,4313.077148,4292.692383,4631.025879,4353.461426,4262.436035,4264.615234,4277.307617,4293.077148,4279.230957,4282.179688,4587.436035,4551.794922,4429.743652,4493.333496,,,,,,,,,,,,,,,,,,,,,,,,,,,,,,,,,,,,,,,,,,,,,,,,,,,,,,,,,,,,,,,,,,,,,,
1769161677.69161,1769161677.692108,108.0,0.0,4314.487305,4293.205078,4634.743652,4355.384766,4261.794922,4269.615234,4286.410156,4294.102539,4278.333496,4278.077148,4581.922852,4550.769043,4422.563965,4493.333496,,,,,,,,,,,,,,,,,,,,,,,,,,,,,,,,,,,,,,,,,,,,,,,,,,,,,,,,,,,,,,,,,,,,,,
1769161677.699418,1769161677.699917,109.0,0.0,4310.897461,4288.589844,4633.461426,4354.871582,4262.05127,4267.563965,4286.282227,4292.05127,4278.205078,4278.077148,4580.769043,4543.461426,4419.230957,4493.461426,,,,,,,,,,,,,,,,,,,,,,,,,,,,,,,,,,,,,,,,,,,,,,,,,,,,,,,,,,,,,,,,,,,,,,
1769161677.707227,1769161677.707625,110.0,0.0,4306.282227,4280.769043,4630.128418,4350.641113,4262.692383,4269.743652,4277.692383,4292.436035,4278.461426,4280.641113,4583.717773,4538.461426,4419.358887,4491.410156,1.171898,0.165354,0.252354,0.25246,0.149778,0.566451,0.165028,0.174666,0.150729,0.105269,0.606082,0.116526,0.138533,0.12528,0.094265,0.366982,0.262272,0.107082,0.114933,0.05806,0.14871,0.151428,0.078205,0.059995,0.041263,0.102013,0.089312,0.116129,0.083685,0.117797,0.176657,0.345619,0.155504,0.095012,0.230393,0.23786,0.319935,0.159864,0.058054,0.093319,0.724547,0.635757,0.128804,0.139754,0.112606,0.646466,0.61824,0.13283,0.194582,0.138393,0.615963,0.395678,0.121037,0.194665,0.238469,1.189801,0.405442,0.074883,0.206026,0.28471,0.633568,0.497692,0.395624,0.227789,0.229166,1.209873,0.508662,0.238408,0.31622,0.429898
1769161677.715035,1769161677.715434,111.0,0.0,4312.692383,4281.538574,4634.615234,4350.384766,4263.077148,4273.717773,4278.846191,4292.820313,4278.461426,4279.102539,4576.282227,4541.025879,4415.256348,4490.256348,,,,,,,,,,,,,,,,,,,,,,,,,,,,,,,,,,,,,,,,,,,,,,,,,,,,,,,,,,,,,,,,,,,,,,
1769161677.722844,1769161677.723442,112.0,0.0,4325.512695,4286.410156,4645.128418,4356.025879,4261.410156,4269.358887,4284.615234,4285.384766,4275.0,4274.358887,4570.128418,4544.230957,4411.538574,4492.307617,,,,,,,,,,,,,,,,,,,,,,,,,,,,,,,,,,,,,,,,,,,,,,,,,,,,,,,,,,,,,,,,,,,,,,
1769161677.730652,1769161677.73125,113.0,0.0,4322.436035,4284.102539,4647.563965,4356.282227,4261.153809,4268.589844,4282.05127,4284.358887,4274.358887,4275.384766,4573.077148,4542.563965,4411.794922,4494.230957,,,,,,,,,,,,,,,,,,,,,,,,,,,,,,,,,,,,,,,,,,,,,,,,,,,,,,,,,,,,,,,,,,,,,,
1769161677.73846,1769161677.739159,114.0,0.0,4309.615234,4281.410156,4641.538574,4353.333496,4264.102539,4273.974121,4279.871582,4294.487305,4278.846191,4280.897461,4574.358887,4540.128418,4413.717773,4492.307617,,,,,,,,,,,,,,,,,,,,,,,,,,,,,,,,,,,,,,,,,,,,,,,,,,,,,,,,,,,,,,,,,,,,,,
1769161677.746269,1769161677.746967,115.0,0.0,4311.282227,4283.846191,4643.717773,4354.230957,4261.794922,4272.436035,4283.077148,4291.922852,4277.94873,4275.769043,4571.282227,4538.846191,4411.282227,4490.897461,,,,,,,,,,,,,,,,,,,,,,,,,,,,,,,,,,,,,,,,,,,,,,,,,,,,,,,,,,,,,,,,,,,,,,
1769161677.754077,1769161677.754576,116.0,0.0,4320.897461,4289.230957,4653.461426,4357.307617,4257.179688,4266.410156,4283.589844,4279.230957,4272.692383,4265.641113,4572.307617,4538.461426,4408.077148,4489.743652,,,,,,,,,,,,,,,,,,,,,,,,,,,,,,,,,,,,,,,,,,,,,,,,,,,,,,,,,,,,,,,,,,,,,,
1769161677.761886,1769161677.762384,117.0,0.0,4320.0,4290.384766,4658.717773,4358.589844,4260.769043,4263.974121,4280.641113,4283.205078,4275.769043,4270.256348,4574.615234,4540.128418,4412.179688,4490.0,,,,,,,,,,,,,,,,,,,,,,,,,,,,,,,,,,,,,,,,,,,,,,,,,,,,,,,,,,,,,,,,,,,,,,
1769161677.769694,1769161677.770093,118.0,0.0,4311.666504,4284.871582,4657.179688,4358.333496,4263.333496,4263.077148,4279.358887,4290.512695,4277.05127,4274.743652,4571.282227,4539.871582,4412.436035,4492.307617,,,,,,,,,,,,,,,,,,,,,,,,,,,,,,,,,,,,,,,,,,,,,,,,,,,,,,,,,,,,,,,,,,,,,,
1769161677.777503,1769161677.777901,119.0,0.0,4308.205078,4278.974121,4657.563965,4357.436035,4260.512695,4262.94873,4278.589844,4284.102539,4268.974121,4265.128418,4568.717773,4536.794922,4404.615234,4487.179688,,,,,,,,,,,,,,,,,,,,,,,,,,,,,,,,,,,,,,,,,,,,,,,,,,,,,,,,,,,,,,,,,,,,,,
1769161677.785311,1769161677.78551,120.0,0.0,4310.512695,4280.0,4663.333496,4357.05127,4262.563965,4260.256348,4277.179688,4277.05127,4264.102539,4261.922852,4569.871582,4534.358887,4406.410156,4477.179688,,,,,,,,,,,,,,,,,,,,,,,,,,,,,,,,,,,,,,,,,,,,,,,,,,,,,,,,,,,,,,,,,,,,,,
1769161677.79312,1769161677.793318,121.0,0.0,4311.538574,4281.410156,4665.256348,4357.307617,4264.615234,4260.897461,4280.0,4280.128418,4266.410156,4267.307617,4568.717773,4531.666504,4411.794922,4473.461426,,,,,,,,,,,,,,,,,,,,,,,,,,,,,,,,,,,,,,,,,,,,,,,,,,,,,,,,,,,,,,,,,,,,,,
1769161677.800928,1769161677.801227,122.0,0.0,4307.94873,4277.436035,4661.666504,4357.05127,4259.871582,4266.538574,4282.820313,4288.333496,4269.871582,4265.512695,4566.666504,4530.128418,4405.897461,4474.615234,,,,,,,,,,,,,,,,,,,,,,,,,,,,,,,,,,,,,,,,,,,,,,,,,,,,,,,,,,,,,,,,,,,,,,
1769161677.808736,1769161677.809035,123.0,0.0,4306.538574,4277.820313,4664.743652,4358.461426,4260.0,4266.410156,4280.769043,4289.615234,4272.692383,4267.436035,4569.743652,4534.102539,4405.0,4477.563965,,,,,,,,,,,,,,,,,,,,,,,,,,,,,,,,,,,,,,,,,,,,,,,,,,,,,,,,,,,,,,,,,,,,,,
1769161677.816545,1769161677.817043,124.0,0.0,4310.641113,4280.897461,4675.512695,4361.025879,4263.846191,4264.230957,4278.205078,4285.641113,4274.615234,4276.282227,4573.461426,4539.358887,4412.563965,4486.025879,,,,,,,,,,,,,,,,,,,,,,,,,,,,,,,,,,,,,,,,,,,,,,,,,,,,,,,,,,,,,,,,,,,,,,
1769161677.824353,1769161677.824852,125.0,0.0,4312.563965,4280.256348,4679.615234,4359.743652,4261.410156,4264.102539,4279.102539,4286.153809,4273.461426,4274.487305,4572.692383,4539.358887,4412.692383,4491.666504,,,,,,,,,,,,,,,,,,,,,,,,,,,,,,,,,,,,,,,,,,,,,,,,,,,,,,,,,,,,,,,,,,,,,,
1769161677.832162,1769161677.83276,126.0,0.0,4308.846191,4276.153809,4673.974121,4356.153809,4260.512695,4265.128418,4280.512695,4290.384766,4275.0,4271.282227,4572.307617,4536.538574,4410.512695,4486.025879,1.113727,0.13562,0.23456,0.221624,0.140954,0.540069,0.185905,0.158326,0.138842,0.113054,0.521678,0.109094,0.165528,0.121216,0.088852,0.384828,0.291326,0.108591,0.115466,0.057357,0.154915,0.176914,0.090882,0.063753,0.045993,0.07456,0.092729,0.112863,0.074543,0.114487,0.179198,0.386232,0.134948,0.091515,0.235241,0.230027,0.316685,0.153179,0.056741,0.102684,0.626105,0.641095,0.111814,0.144737,0.106345,0.597581,0.642811,0.107248,0.205312,0.149064,0.587137,0.443525,0.120361,0.15842,0.23399,1.026987,0.391213,0.074449,0.181141,0.262119,0.600315,0.465875,0.364402,0.199636,0.223261,1.285158,0.444388,0.250656,0.23391,0.391282
1769161677.83997,1769161677.840569,127.0,0.0,4306.538574,4270.128418,4675.256348,4353.205078,4256.794922,4269.358887,4281.538574,4291.538574,4278.974121,4275.128418,4571.922852,4537.307617,4413.205078,4484.615234,,,,,,,,,,,,,,,,,,,,,,,,,,,,,,,,,,,,,,,,,,,,,,,,,,,,,,,,,,,,,,,,,,,,,,
1769161677.847779,1769161677.848277,0.0,0.0,4308.205078,4265.641113,4683.589844,4352.563965,4248.846191,4271.538574,4281.922852,4291.794922,4278.333496,4274.615234,4571.794922,4538.077148,4411.282227,4487.820313,,,,,,,,,,,,,,,,,,,,,,,,,,,,,,,,,,,,,,,,,,,,,,,,,,,,,,,,,,,,,,,,,,,,,,
1769161677.855587,1769161677.856086,1.0,0.0,4314.230957,4273.589844,4690.512695,4360.0,4255.512695,4266.025879,4279.230957,4294.102539,4280.0,4274.615234,4578.333496,4538.461426,4411.153809,4491.025879,,,,,,,,,,,,,,,,,,,,,,,,,,,,,,,,,,,,,,,,,,,,,,,,,,,,,,,,,,,,,,,,,,,,,,
1769161677.863396,1769161677.863994,2.0,0.0,4315.512695,4284.871582,4694.358887,4367.307617,4265.769043,4261.538574,4277.563965,4294.102539,4282.563965,4281.025879,4584.487305,4538.846191,4416.153809,4491.538574,,,,,,,,,,,,,,,,,,,,,,,,,,,,,,,,,,,,,,,,,,,,,,,,,,,,,,,,,,,,,,,,,,,,,,
1769161677.871204,1769161677.871802,3.0,0.0,4311.410156,4282.692383,4695.128418,4361.282227,4258.846191,4264.743652,4280.384766,4291.410156,4280.256348,4278.333496,4581.922852,4537.179688,4415.897461,4484.358887,,,,,,,,,,,,,,,,,,,,,,,,,,,,,,,,,,,,,,,,,,,,,,,,,,,,,,,,,,,,,,,,,,,,,,
1769161677.879012,1769161677.879811,4.0,0.0,4314.743652,4282.307617,4696.153809,4358.846191,4255.641113,4270.512695,4282.563965,4290.128418,4278.077148,4273.717773,4580.512695,4537.692383,4413.205078,4484.615234,,,,,,,,,,,,,,,,,,,,,,,,,,,,,,,,,,,,,,,,,,,,,,,,,,,,,,,,,,,,,,,,,,,,,,
1769161677.886821,1769161677.887619,5.0,0.0,4320.641113,4288.717773,4699.230957,4369.487305,4264.615234,4272.436035,4280.641113,4292.94873,4281.538574,4278.974121,4582.94873,4539.487305,4414.102539,4491.666504,,,,,,,,,,,,,,,,,,,,,,,,,,,,,,,,,,,,,,,,,,,,,,,,,,,,,,,,,,,,,,,,,,,,,,
1769161677.894629,1769161677.895328,6.0,0.0,4314.615234,4284.615234,4695.641113,4368.077148,4262.563965,4273.717773,4279.487305,4288.974121,4280.256348,4275.128418,4575.384766,4530.897461,4413.717773,4484.487305,,,,,,,,,,,,,,,,,,,,,,,,,,,,,,,,,,,,,,,,,,,,,,,,,,,,,,,,,,,,,,,,,,,,,,
1769161677.902438,1769161677.903136,7.0,0.0,4303.333496,4275.256348,4689.230957,4354.615234,4256.666504,4275.512695,4281.410156,4281.025879,4272.820313,4261.153809,4567.05127,4517.436035,4409.487305,4470.769043,,,,,,,,,,,,,,,,,,,,,,,,,,,,,,,,,,,,,,,,,,,,,,,,,,,,,,,,,,,,,,,,,,,,,,
1769161677.910246,1769161677.910745,8.0,0.0,4307.692383,4279.871582,4698.077148,4360.0,4262.307617,4273.205078,4282.179688,4284.743652,4274.487305,4261.794922,4571.666504,4524.487305,4410.769043,4475.384766,,,,,,,,,,,,,,,,,,,,,,,,,,,,,,,,,,,,,,,,,,,,,,,,,,,,,,,,,,,,,,,,,,,,,,
1769161677.918055,1769161677.918553,9.0,0.0,4319.487305,4288.589844,4710.512695,4375.769043,4267.692383,4265.512695,4278.205078,4288.717773,4278.974121,4269.102539,4576.025879,4537.307617,4413.589844,4484.615234,,,,,,,,,,,,,,,,,,,,,,,,,,,,,,,,,,,,,,,,,,,,,,,,,,,,,,,,,,,,,,,,,,,,,,
1769161677.925863,1769161677.926462,10.0,0.0,4318.846191,4281.410156,4706.282227,4370.256348,4265.512695,4266.922852,4279.358887,4279.230957,4275.512695,4265.0,4570.384766,4528.717773,4411.666504,4478.077148,,,,,,,,,,,,,,,,,,,,,,,,,,,,,,,,,,,,,,,,,,,,,,,,,,,,,,,,,,,,,,,,,,,,,,
1769161677.933672,1769161677.93427,11.0,0.0,4307.563965,4271.282227,4699.743652,4357.05127,4262.307617,4278.205078,4290.641113,4278.077148,4273.846191,4260.384766,4564.871582,4516.025879,4408.461426,4473.589844,,,,,,,,,,,,,,,,,,,,,,,,,,,,,,,,,,,,,,,,,,,,,,,,,,,,,,,,,,,,,,,,,,,,,,
1769161677.94148,1769161677.942278,12.0,0.0,4304.871582,4272.692383,4703.077148,4359.487305,4261.922852,4277.563965,4291.538574,4290.256348,4279.487305,4264.487305,4569.615234,4524.743652,4408.589844,4482.05127,,,,,,,,,,,,,,,,,,,,,,,,,,,,,,,,,,,,,,,,,,,,,,,,,,,,,,,,,,,,,,,,,,,,,,
1769161677.949289,1769161677.950087,13.0,0.0,4312.94873,4279.358887,4710.641113,4370.0,4263.077148,4266.666504,4278.846191,4290.256348,4282.05127,4274.358887,4584.230957,4540.897461,4420.256348,4496.666504,,,,,,,,,,,,,,,,,,,,,,,,,,,,,,,,,,,,,,,,,,,,,,,,,,,,,,,,,,,,,,,,,,,,,,
1769161677.957097,1769161677.957995,14.0,0.0,4313.974121,4279.615234,4711.025879,4371.666504,4263.461426,4263.461426,4275.256348,4281.666504,4279.615234,4278.461426,4589.487305,4538.589844,4429.230957,4496.153809,1.05099,0.122997,0.232174,0.191868,0.12872,0.529089,0.212843,0.132946,0.132521,0.116485,0.392276,0.100072,0.180616,0.118398,0.086173,0.377275,0.303596,0.108749,0.112659,0.057109,0.175986,0.202838,0.104634,0.069447,0.054079,0.05852,0.093201,0.112609,0.066377,0.103559,0.170789,0.385567,0.107766,0.079903,0.221779,0.21952,0.296404,0.135735,0.05345,0.10644,0.523722,0.581827,0.095386,0.142669,0.097603,0.560837,0.660984,0.094748,0.213097,0.157799,0.605071,0.488794,0.124135,0.126895,0.208931,0.85657,0.350782,0.084678,0.167574,0.230726,0.614304,0.427763,0.325724,0.182022,0.20723,1.326593,0.387575,0.262484,0.18682,0.336744
1769161677.964906,1769161677.965803,15.0,0.0,4306.153809,4273.589844,4704.358887,4364.487305,4260.0,4267.179688,4280.641113,4280.897461,4278.461426,4268.846191,4575.128418,4522.820313,4418.077148,4480.384766,,,,,,,,,,,,,,,,,,,,,,,,,,,,,,,,,,,,,,,,,,,,,,,,,,,,,,,,,,,,,,,,,,,,,,
1769161677.972714,1769161677.973412,16.0,0.0,4304.230957,4272.179688,4704.487305,4362.563965,4257.94873,4268.461426,4280.256348,4281.282227,4278.333496,4265.384766,4570.256348,4519.102539,4409.102539,4478.589844,,,,,,,,,,,,,,,,,,,,,,,,,,,,,,,,,,,,,,,,,,,,,,,,,,,,,,,,,,,,,,,,,,,,,,
1769161677.980523,1769161677.981221,17.0,0.0,4311.282227,4278.461426,4715.512695,4370.641113,4259.871582,4267.820313,4279.615234,4279.487305,4279.358887,4275.384766,4581.025879,4533.717773,4421.666504,4490.641113,,,,,,,,,,,,,,,,,,,,,,,,,,,,,,,,,,,,,,,,,,,,,,,,,,,,,,,,,,,,,,,,,,,,,,
1769161677.988331,1769161677.988929,18.0,0.0,4314.487305,4282.179688,4721.410156,4372.692383,4260.384766,4267.820313,4282.94873,4280.384766,4280.512695,4274.871582,4580.128418,4537.692383,4427.692383,4495.512695,,,,,,,,,,,,,,,,,,,,,,,,,,,,,,,,,,,,,,,,,,,,,,,,,,,,,,,,,,,,,,,,,,,,,,
1769161677.996139,1769161677.996738,19.0,0.0,4309.358887,4277.820313,4714.871582,4365.0,4257.179688,4266.666504,4281.794922,4281.410156,4276.282227,4264.487305,4569.358887,4524.871582,4415.128418,4486.153809,,,,,,,,,,,,,,,,,,,,,,,,,,,,,,,,,,,,,,,,,,,,,,,,,,,,,,,,,,,,,,,,,,,,,,
1769161678.003948,1769161678.004746,20.0,0.0,4306.410156,4273.333496,4709.102539,4365.128418,4257.94873,4274.487305,4283.205078,4280.256348,4275.0,4262.94873,4565.769043,4517.94873,4408.717773,4477.179688,,,,,,,,,,,,,,,,,,,,,,,,,,,,,,,,,,,,,,,,,,,,,,,,,,,,,,,,,,,,,,,,,,,,,,
1769161678.011756,1769161678.012554,21.0,0.0,4312.436035,4279.230957,4713.461426,4372.94873,4263.333496,4281.538574,4286.153809,4280.128418,4276.666504,4266.794922,4569.102539,4521.538574,4411.922852,4480.641113,,,,,,,,,,,,,,,,,,,,,,,,,,,,,,,,,,,,,,,,,,,,,,,,,,,,,,,,,,,,,,,,,,,,,,
1769161678.019565,1769161678.020463,22.0,0.0,4322.94873,4287.563965,4725.641113,4377.307617,4263.333496,4271.922852,4283.333496,4280.0,4270.897461,4270.128418,4573.077148,4529.487305,4413.333496,4489.358887,,,,,,,,,,,,,,,,,,,,,,,,,,,,,,,,,,,,,,,,,,,,,,,,,,,,,,,,,,,,,,,,,,,,,,
1769161678.027373,1769161678.028271,23.0,0.0,4328.077148,4286.282227,4736.282227,4377.820313,4259.743652,4260.0,4277.307617,4278.717773,4263.461426,4270.641113,4573.974121,4532.820313,4413.333496,4492.692383,,,,,,,,,,,,,,,,,,,,,,,,,,,,,,,,,,,,,,,,,,,,,,,,,,,,,,,,,,,,,,,,,,,,,,
1769161678.035182,1769161678.036279,24.0,0.0,4325.256348,4280.512695,4737.179688,4375.769043,4260.256348,4262.692383,4276.538574,4279.358887,4265.384766,4266.666504,4571.538574,4529.871582,4412.94873,4491.794922,,,,,,,,,,,,,,,,,,,,,,,,,,,,,,,,,,,,,,,,,,,,,,,,,,,,,,,,,,,,,,,,,,,,,,
1769161678.04299,1769161678.044088,25.0,0.0,4318.461426,4277.820313,4734.743652,4370.641113,4262.179688,4269.230957,4281.538574,4284.871582,4272.05127,4269.743652,4571.410156,4524.230957,4410.769043,4491.410156,,,,,,,,,,,,,,,,,,,,,,,,,,,,,,,,,,,,,,,,,,,,,,,,,,,,,,,,,,,,,,,,,,,,,,
1769161678.050799,1769161678.051796,26.0,0.0,4313.717773,4276.025879,4732.94873,4366.666504,4258.461426,4266.922852,4282.05127,4289.615234,4275.128418,4279.358887,4569.871582,4522.436035,4407.820313,4484.358887,,,,,,,,,,,,,,,,,,,,,,,,,,,,,,,,,,,,,,,,,,,,,,,,,,,,,,,,,,,,,,,,,,,,,,
1769161678.058607,1769161678.059605,27.0,0.0,4311.025879,4273.717773,4733.333496,4364.615234,4252.94873,4265.128418,4277.94873,4290.641113,4278.846191,4281.666504,4569.871582,4527.436035,4409.743652,4482.820313,,,,,,,,,,,,,,,,,,,,,,,,,,,,,,,,,,,,,,,,,,,,,,,,,,,,,,,,,,,,,,,,,,,,,,
1769161678.066415,1769161678.067213,28.0,0.0,4313.846191,4274.743652,4737.94873,4365.769043,4250.641113,4267.820313,4279.743652,4294.230957,4281.153809,4280.641113,4580.0,4538.077148,4421.410156,4499.487305,,,,,,,,,,,,,,,,,,,,,,,,,,,,,,,,,,,,,,,,,,,,,,,,,,,,,,,,,,,,,,,,,,,,,,
1769161678.074224,1769161678.075022,29.0,0.0,4322.94873,4277.820313,4742.692383,4370.384766,4249.615234,4265.769043,4281.922852,4294.358887,4278.589844,4282.179688,4589.358887,4538.589844,4427.307617,4507.307617,,,,,,,,,,,,,,,,,,,,,,,,,,,,,,,,,,,,,,,,,,,,,,,,,,,,,,,,,,,,,,,,,,,,,,
1769161678.082032,1769161678.08273,30.0,0.0,4326.666504,4278.461426,4743.974121,4372.436035,4254.871582,4264.358887,4277.436035,4286.282227,4276.794922,4278.205078,4583.077148,4526.922852,4418.589844,4495.897461,0.986034,0.128991,0.236677,0.167418,0.118536,0.534026,0.236097,0.105191,0.133324,0.114356,0.32093,0.09275,0.178961,0.117958,0.086022,0.355607,0.297899,0.104937,0.108125,0.056766,0.201296,0.218252,0.115139,0.074042,0.0632,0.051079,0.095452,0.114357,0.059681,0.089939,0.153645,0.342143,0.080539,0.063272,0.195773,0.223965,0.259624,0.110899,0.049859,0.106235,0.447625,0.481533,0.083522,0.134898,0.087907,0.590823,0.679664,0.095769,0.214601,0.159966,0.665281,0.520572,0.132427,0.105459,0.171639,0.708512,0.296104,0.105683,0.168023,0.19803,0.700681,0.389254,0.30203,0.178249,0.185662,1.310248,0.350441,0.277746,0.184103,0.27722
1769161678.089841,1769161678.090539,31.0,0.0,4322.05127,4276.794922,4743.846191,4372.94873,4262.436035,4272.179688,4277.563965,4284.358887,4274.871582,4273.974121,4572.436035,4526.794922,4415.897461,4489.743652,,,,,,,,,,,,,,,,,,,,,,,,,,,,,,,,,,,,,,,,,,,,,,,,,,,,,,,,,,,,,,,,,,,,,,
1769161678.097649,1769161678.098147,32.0,0.0,4320.641113,4280.641113,4745.256348,4377.820313,4263.717773,4277.563965,4283.205078,4291.410156,4275.384766,4277.563965,4576.410156,4536.153809,4424.487305,4500.0,,,,,,,,,,,,,,,,,,,,,,,,,,,,,,,,,,,,,,,,,,,,,,,,,,,,,,,,,,,,,,,,,,,,,,
1769161678.105458,1769161678.105956,33.0,0.0,4326.922852,4288.077148,4749.102539,4385.128418,4262.179688,4270.256348,4280.769043,4290.512695,4278.589844,4279.871582,4585.769043,4538.205078,4429.230957,4508.589844,,,,,,,,,,,,,,,,,,,,,,,,,,,,,,,,,,,,,,,,,,,,,,,,,,,,,,,,,,,,,,,,,,,,,,
1769161678.113266,1769161678.113664,34.0,0.0,4329.230957,4284.230957,4750.512695,4381.538574,4262.436035,4263.205078,4277.820313,4282.563965,4275.384766,4273.974121,4581.410156,4533.461426,4425.897461,4507.820313,,,,,,,,,,,,,,,,,,,,,,,,,,,,,,,,,,,,,,,,,,,,,,,,,,,,,,,,,,,,,,,,,,,,,,
1769161678.121075,1769161678.121473,35.0,0.0,4324.871582,4276.410156,4745.897461,4371.794922,4259.871582,4264.102539,4280.256348,4279.871582,4270.0,4269.871582,4575.0,4527.563965,4423.846191,4503.717773,,,,,,,,,,,,,,,,,,,,,,,,,,,,,,,,,,,,,,,,,,,,,,,,,,,,,,,,,,,,,,,,,,,,,,
1769161678.128883,1769161678.129481,36.0,0.0,4318.846191,4278.077148,4744.871582,4374.743652,4256.922852,4264.358887,4279.871582,4281.282227,4271.538574,4270.641113,4577.179688,4525.128418,4420.256348,4497.307617,,,,,,,,,,,,,,,,,,,,,,,,,,,,,,,,,,,,,,,,,,,,,,,,,,,,,,,,,,,,,,,,,,,,,,
1769161678.136691,1769161678.13729,37.0,0.0,4317.563965,4280.0,4751.922852,4383.077148,4259.615234,4264.743652,4278.205078,4280.641113,4271.538574,4270.897461,4575.897461,4522.820313,4414.358887,4490.769043,,,,,,,,,,,,,,,,,,,,,,,,,,,,,,,,,,,,,,,,,,,,,,,,,,,,,,,,,,,,,,,,,,,,,,
1769161678.1445,1769161678.145198,38.0,0.0,4321.922852,4278.974121,4753.846191,4383.846191,4261.922852,4266.025879,4279.358887,4281.666504,4272.179688,4273.077148,4575.128418,4523.846191,4417.692383,4495.384766,,,,,,,,,,,,,,,,,,,,,,,,,,,,,,,,,,,,,,,,,,,,,,,,,,,,,,,,,,,,,,,,,,,,,,
1769161678.152308,1769161678.153006,39.0,0.0,4320.897461,4280.641113,4749.615234,4381.282227,4260.769043,4265.256348,4281.922852,4288.205078,4278.974121,4276.025879,4581.410156,4530.384766,4427.179688,4504.102539,,,,,,,,,,,,,,,,,,,,,,,,,,,,,,,,,,,,,,,,,,,,,,,,,,,,,,,,,,,,,,,,,,,,,,
1769161678.160117,1769161678.161015,40.0,0.0,4311.922852,4277.94873,4748.717773,4376.794922,4260.0,4265.0,4283.205078,4288.717773,4277.436035,4275.256348,4578.589844,4530.897461,4423.717773,4498.461426,,,,,,,,,,,,,,,,,,,,,,,,,,,,,,,,,,,,,,,,,,,,,,,,,,,,,,,,,,,,,,,,,,,,,,
1769161678.167925,1769161678.168823,41.0,0.0,4306.922852,4271.794922,4748.717773,4369.487305,4259.102539,4264.230957,4281.794922,4282.436035,4271.922852,4275.0,4570.641113,4523.974121,4412.820313,4488.077148,,,,,,,,,,,,,,,,,,,,,,,,,,,,,,,,,,,,,,,,,,,,,,,,,,,,,,,,,,,,,,,,,,,,,,
1769161678.175734,1769161678.176532,42.0,0.0,4310.512695,4273.589844,4748.077148,4370.897461,4254.615234,4261.538574,4279.230957,4283.589844,4275.769043,4277.94873,4571.666504,4523.717773,4413.077148,4489.871582,,,,,,,,,,,,,,,,,,,,,,,,,,,,,,,,,,,,,,,,,,,,,,,,,,,,,,,,,,,,,,,,,,,,,,
1769161678.183542,1769161678.18434,43.0,0.0,4310.256348,4273.077148,4748.717773,4375.128418,4249.615234,4260.897461,4279.743652,4285.384766,4273.589844,4274.487305,4572.94873,4525.769043,4416.666504,4493.717773,,,,,,,,,,,,,,,,,,,,,,,,,,,,,,,,,,,,,,,,,,,,,,,,,,,,,,,,,,,,,,,,,,,,,,
1769161678.191351,1769161678.192348,44.0,0.0,4302.05127,4266.794922,4747.307617,4373.205078,4252.436035,4264.102539,4280.512695,4279.871582,4263.077148,4263.846191,4568.589844,4522.179688,4411.666504,4491.538574,,,,,,,,,,,,,,,,,,,,,,,,,,,,,,,,,,,,,,,,,,,,,,,,,,,,,,,,,,,,,,,,,,,,,,
1769161678.199159,1769161678.200157,45.0,0.0,4302.692383,4270.897461,4747.179688,4375.384766,4259.230957,4259.230957,4271.538574,4277.820313,4264.871582,4261.794922,4568.077148,4521.666504,4407.820313,4489.743652,,,,,,,,,,,,,,,,,,,,,,,,,,,,,,,,,,,,,,,,,,,,,,,,,,,,,,,,,,,,,,,,,,,,,,
1769161678.206967,1769161678.208065,46.0,0.0,4310.769043,4277.307617,4750.256348,4381.025879,4258.589844,4249.102539,4263.717773,4280.512695,4270.128418,4270.512695,4570.256348,4524.615234,4410.512695,4491.538574,0.920088,0.147031,0.234975,0.14901,0.116687,0.557058,0.253476,0.082292,0.139848,0.109176,0.221736,0.090652,0.160676,0.119547,0.088927,0.333112,0.277193,0.096997,0.103617,0.058025,0.220473,0.214641,0.117311,0.075161,0.071261,0.052102,0.103797,0.115159,0.055823,0.079015,0.13093,0.26944,0.058437,0.046866,0.165773,0.267326,0.214783,0.084726,0.04767,0.105964,0.422131,0.372296,0.079288,0.12373,0.07861,0.718837,0.692015,0.106595,0.20724,0.155633,0.756179,0.531253,0.143131,0.095276,0.135088,0.616137,0.243798,0.133698,0.178164,0.173205,0.860353,0.352455,0.303695,0.184037,0.166021,1.231443,0.343055,0.296731,0.213259,0.22665
1769161678.214776,1769161678.215874,47.0,0.0,4311.538574,4274.871582,4751.794922,4380.384766,4253.846191,4252.436035,4271.666504,4279.615234,4266.282227,4271.666504,4573.461426,4523.589844,4414.615234,4498.589844,,,,,,,,,,,,,,,,,,,,,,,,,,,,,,,,,,,,,,,,,,,,,,,,,,,,,,,,,,,,,,,,,,,,,,
1769161678.222584,1769161678.223482,48.0,0.0,4308.461426,4271.410156,4751.538574,4378.077148,4250.384766,4262.820313,4279.487305,4277.692383,4261.410156,4262.436035,4571.922852,4521.025879,4412.05127,4502.436035,,,,,,,,,,,,,,,,,,,,,,,,,,,,,,,,,,,,,,,,,,,,,,,,,,,,,,,,,,,,,,,,,,,,,,
1769161678.230393,1769161678.231291,49.0,0.0,4308.589844,4268.717773,4753.077148,4379.871582,4250.0,4263.461426,4274.230957,4277.436035,4261.794922,4259.743652,4561.282227,4519.358887,4402.179688,4494.871582,,,,,,,,,,,,,,,,,,,,,,,,,,,,,,,,,,,,,,,,,,,,,,,,,,,,,,,,,,,,,,,,,,,,,,
1769161678.238201,1769161678.238999,50.0,0.0,4307.692383,4266.922852,4754.615234,4381.922852,4256.922852,4260.256348,4270.128418,4276.666504,4261.922852,4264.358887,4558.974121,4521.025879,4401.410156,4491.153809,,,,,,,,,,,,,,,,,,,,,,,,,,,,,,,,,,,,,,,,,,,,,,,,,,,,,,,,,,,,,,,,,,,,,,
1769161678.24601,1769161678.246808,51.0,0.0,4308.589844,4272.307617,4754.743652,4382.307617,4263.974121,4262.563965,4272.94873,4277.94873,4261.666504,4266.282227,4568.461426,4524.871582,4410.256348,4495.512695,,,,,,,,,,,,,,,,,,,,,,,,,,,,,,,,,,,,,,,,,,,,,,,,,,,,,,,,,,,,,,,,,,,,,,
1769161678.253818,1769161678.254816,52.0,0.0,4311.153809,4274.487305,4754.358887,4380.897461,4261.794922,4264.615234,4274.487305,4278.461426,4263.589844,4264.102539,4569.230957,4523.333496,4409.358887,4495.128418,,,,,,,,,,,,,,,,,,,,,,,,,,,,,,,,,,,,,,,,,,,,,,,,,,,,,,,,,,,,,,,,,,,,,,
1769161678.261627,1769161678.262624,53.0,0.0,4308.589844,4265.128418,4753.461426,4379.487305,4256.282227,4266.282227,4277.94873,4278.205078,4262.563965,4261.794922,4561.666504,4517.820313,4402.179688,4490.384766,,,,,,,,,,,,,,,,,,,,,,,,,,,,,,,,,,,,,,,,,,,,,,,,,,,,,,,,,,,,,,,,,,,,,,
1769161678.269435,1769161678.270333,54.0,0.0,4307.94873,4264.358887,4754.358887,4380.256348,4254.871582,4266.410156,4280.769043,4279.358887,4260.641113,4262.563965,4564.743652,4519.871582,4404.743652,4491.666504,,,,,,,,,,,,,,,,,,,,,,,,,,,,,,,,,,,,,,,,,,,,,,,,,,,,,,,,,,,,,,,,,,,,,,
1769161678.277244,1769161678.278141,55.0,0.0,4310.897461,4269.230957,4755.128418,4379.871582,4251.410156,4261.922852,4273.589844,4277.563965,4261.410156,4262.436035,4567.436035,4523.461426,4407.05127,4493.589844,,,,,,,,,,,,,,,,,,,,,,,,,,,,,,,,,,,,,,,,,,,,,,,,,,,,,,,,,,,,,,,,,,,,,,
1769161678.285052,1769161678.28575,56.0,0.0,4308.077148,4267.563965,4751.025879,4376.538574,4248.846191,4262.436035,4267.05127,4274.358887,4260.897461,4257.94873,4557.94873,4519.102539,4401.922852,4492.05127,,,,,,,,,,,,,,,,,,,,,,,,,,,,,,,,,,,,,,,,,,,,,,,,,,,,,,,,,,,,,,,,,,,,,,
1769161678.29286,1769161678.293558,57.0,0.0,4310.384766,4271.538574,4750.128418,4381.666504,4257.436035,4266.025879,4272.307617,4275.641113,4262.436035,4260.128418,4558.205078,4518.205078,4405.384766,4494.743652,,,,,,,,,,,,,,,,,,,,,,,,,,,,,,,,,,,,,,,,,,,,,,,,,,,,,,,,,,,,,,,,,,,,,,
1769161678.300669,1769161678.301267,58.0,0.0,4317.307617,4281.410156,4756.922852,4391.538574,4265.128418,4266.282227,4279.871582,4277.820313,4263.333496,4264.743652,4566.153809,4521.538574,4412.94873,4495.769043,,,,,,,,,,,,,,,,,,,,,,,,,,,,,,,,,,,,,,,,,,,,,,,,,,,,,,,,,,,,,,,,,,,,,,
1769161678.308477,1769161678.309075,59.0,0.0,4318.846191,4283.461426,4763.717773,4391.922852,4263.461426,4269.487305,4277.820313,4277.692383,4262.436035,4263.846191,4567.307617,4520.769043,4411.282227,4493.589844,,,,,,,,,,,,,,,,,,,,,,,,,,,,,,,,,,,,,,,,,,,,,,,,,,,,,,,,,,,,,,,,,,,,,,
1769161678.316286,1769161678.316684,60.0,0.0,4319.871582,4280.897461,4766.538574,4387.692383,4262.307617,4273.205078,4274.102539,4280.641113,4269.102539,4268.717773,4568.333496,4522.820313,4412.05127,4502.05127,,,,,,,,,,,,,,,,,,,,,,,,,,,,,,,,,,,,,,,,,,,,,,,,,,,,,,,,,,,,,,,,,,,,,,
1769161678.324094,1769161678.324493,61.0,0.0,4317.436035,4280.897461,4759.615234,4387.820313,4262.436035,4268.846191,4276.538574,4283.077148,4273.974121,4276.153809,4572.820313,4527.05127,4417.05127,4506.538574,,,,,,,,,,,,,,,,,,,,,,,,,,,,,,,,,,,,,,,,,,,,,,,,,,,,,,,,,,,,,,,,,,,,,,
1769161678.331903,1769161678.332401,62.0,0.0,4311.538574,4277.436035,4750.641113,4389.743652,4260.256348,4262.94873,4276.410156,4279.743652,4268.205078,4278.333496,4572.820313,4526.025879,4419.743652,4500.769043,0.85654,0.16993,0.221295,0.136304,0.126814,0.596526,0.273437,0.071436,0.148878,0.105453,0.199262,0.094914,0.13236,0.124274,0.096105,0.325931,0.248432,0.087873,0.100818,0.064477,0.226379,0.193485,0.110909,0.07282,0.076975,0.061965,0.123493,0.112572,0.058434,0.074925,0.106391,0.190017,0.044288,0.036341,0.139423,0.363885,0.177076,0.063677,0.048282,0.108947,0.458693,0.287497,0.082232,0.112126,0.070764,0.933222,0.693635,0.122804,0.190202,0.149208,0.861038,0.523773,0.153436,0.094243,0.111686,0.569793,0.208901,0.162229,0.190242,0.165018,1.061223,0.319709,0.324924,0.190865,0.155222,1.116399,0.36776,0.313551,0.253948,0.196931
1769161678.339711,1769161678.340209,63.0,0.0,4315.128418,4275.641113,4753.077148,4390.384766,4259.615234,4263.205078,4274.871582,4278.077148,4267.05127,4278.077148,4571.282227,4523.974121,4421.538574,4501.794922,,,,,,,,,,,,,,,,,,,,,,,,,,,,,,,,,,,,,,,,,,,,,,,,,,,,,,,,,,,,,,,,,,,,,,
1769161678.34752,1769161678.348218,64.0,0.0,4320.0,4278.717773,4755.641113,4387.94873,4257.05127,4265.128418,4277.820313,4280.769043,4270.384766,4272.563965,4573.717773,4525.384766,4420.256348,4503.974121,,,,,,,,,,,,,,,,,,,,,,,,,,,,,,,,,,,,,,,,,,,,,,,,,,,,,,,,,,,,,,,,,,,,,,
1769161678.355328,1769161678.356026,65.0,0.0,4313.333496,4276.025879,4748.974121,4381.153809,4251.025879,4264.358887,4280.384766,4281.922852,4267.692383,4265.0,4572.563965,4524.487305,4413.846191,4494.102539,,,,,,,,,,,,,,,,,,,,,,,,,,,,,,,,,,,,,,,,,,,,,,,,,,,,,,,,,,,,,,,,,,,,,,
1769161678.363137,1769161678.363934,66.0,0.0,4307.307617,4271.794922,4746.025879,4380.256348,4249.871582,4262.563965,4276.794922,4278.846191,4264.230957,4266.410156,4571.538574,4521.153809,4412.307617,4490.384766,,,,,,,,,,,,,,,,,,,,,,,,,,,,,,,,,,,,,,,,,,,,,,,,,,,,,,,,,,,,,,,,,,,,,,
1769161678.370945,1769161678.371743,67.0,0.0,4310.897461,4273.846191,4749.358887,4386.538574,4250.128418,4261.794922,4275.256348,4276.666504,4264.871582,4266.282227,4570.641113,4519.871582,4415.769043,4498.974121,,,,,,,,,,,,,,,,,,,,,,,,,,,,,,,,,,,,,,,,,,,,,,,,,,,,,,,,,,,,,,,,,,,,,,
1769161678.378754,1769161678.379351,68.0,0.0,4317.820313,4279.487305,4749.230957,4389.358887,4253.205078,4263.846191,4279.102539,4279.230957,4271.410156,4265.128418,4570.0,4522.307617,4419.230957,4505.512695,,,,,,,,,,,,,,,,,,,,,,,,,,,,,,,,,,,,,,,,,,,,,,,,,,,,,,,,,,,,,,,,,,,,,,
1769161678.386562,1769161678.38716,69.0,0.0,4323.205078,4281.153809,4750.897461,4390.641113,4260.641113,4266.538574,4279.743652,4281.922852,4278.205078,4275.384766,4572.820313,4525.256348,4420.512695,4507.820313,,,,,,,,,,,,,,,,,,,,,,,,,,,,,,,,,,,,,,,,,,,,,,,,,,,,,,,,,,,,,,,,,,,,,,
1769161678.39437,1769161678.395068,70.0,0.0,4321.922852,4277.563965,4752.179688,4390.0,4256.153809,4268.589844,4280.256348,4279.871582,4270.128418,4272.563965,4571.794922,4522.05127,4415.256348,4502.94873,,,,,,,,,,,,,,,,,,,,,,,,,,,,,,,,,,,,,,,,,,,,,,,,,,,,,,,,,,,,,,,,,,,,,,
1769161678.402179,1769161678.402877,71.0,0.0,4319.871582,4276.794922,4750.0,4389.230957,4248.333496,4266.794922,4280.897461,4277.436035,4261.794922,4261.666504,4567.94873,4519.743652,4411.025879,4497.94873,,,,,,,,,,,,,,,,,,,,,,,,,,,,,,,,,,,,,,,,,,,,,,,,,,,,,,,,,,,,,,,,,,,,,,
1769161678.409987,1769161678.410885,72.0,0.0,4324.487305,4281.153809,4751.410156,4392.94873,4255.0,4264.615234,4277.563965,4279.230957,4273.205078,4273.333496,4569.871582,4521.410156,4415.897461,4499.102539,,,,,,,,,,,,,,,,,,,,,,,,,,,,,,,,,,,,,,,,,,,,,,,,,,,,,,,,,,,,,,,,,,,,,,
1769161678.417796,1769161678.418693,73.0,0.0,4323.333496,4282.692383,4752.692383,4396.794922,4260.256348,4271.666504,4280.0,4279.743652,4275.897461,4278.205078,4570.641113,4519.871582,4416.538574,4493.589844,,,,,,,,,,,,,,,,,,,,,,,,,,,,,,,,,,,,,,,,,,,,,,,,,,,,,,,,,,,,,,,,,,,,,,
1769161678.425604,1769161678.426402,74.0,0.0,4317.563965,4280.256348,4751.538574,4396.410156,4259.102539,4278.205078,4285.0,4278.846191,4266.282227,4267.05127,4568.461426,4520.384766,4416.153809,4490.256348,,,,,,,,,,,,,,,,,,,,,,,,,,,,,,,,,,,,,,,,,,,,,,,,,,,,,,,,,,,,,,,,,,,,,,
1769161678.433413,1769161678.43421,75.0,0.0,4321.538574,4280.384766,4753.461426,4395.769043,4259.102539,4272.179688,4278.589844,4280.128418,4270.641113,4270.0,4572.05127,4526.410156,4421.538574,4499.230957,,,,,,,,,,,,,,,,,,,,,,,,,,,,,,,,,,,,,,,,,,,,,,,,,,,,,,,,,,,,,,,,,,,,,,
1769161678.441221,1769161678.441819,76.0,0.0,4321.666504,4280.512695,4752.820313,4396.410156,4255.0,4265.384766,4273.461426,4280.769043,4274.487305,4273.846191,4573.846191,4526.410156,4419.230957,4501.025879,,,,,,,,,,,,,,,,,,,,,,,,,,,,,,,,,,,,,,,,,,,,,,,,,,,,,,,,,,,,,,,,,,,,,,
1769161678.44903,1769161678.449627,77.0,0.0,4312.307617,4276.282227,4746.794922,4395.0,4250.512695,4267.820313,4278.205078,4279.743652,4266.282227,4263.846191,4568.077148,4519.615234,4410.512695,4493.846191,,,,,,,,,,,,,,,,,,,,,,,,,,,,,,,,,,,,,,,,,,,,,,,,,,,,,,,,,,,,,,,,,,,,,,
1769161678.456838,1769161678.457536,78.0,0.0,4315.897461,4277.94873,4746.538574,4395.897461,4248.974121,4267.436035,4276.538574,4279.487305,4264.871582,4263.077148,4566.666504,4520.384766,4410.128418,4498.974121,0.79494,0.19252,0.197747,0.129299,0.147819,0.639563,0.304892,0.076364,0.15665,0.106994,0.179094,0.104826,0.102529,0.133733,0.108144,0.33054,0.223494,0.081395,0.101416,0.079143,0.221185,0.166632,0.100944,0.07017,0.079941,0.085587,0.154982,0.107368,0.071525,0.07894,0.084586,0.124999,0.038664,0.035633,0.120931,0.501567,0.158879,0.050516,0.051924,0.115718,0.548317,0.246098,0.089278,0.102275,0.065187,1.172922,0.68181,0.139626,0.165042,0.146288,0.960975,0.507301,0.160139,0.099743,0.10791,0.554705,0.196036,0.183717,0.200354,0.177232,1.252307,0.292825,0.345237,0.191675,0.156211,1.000828,0.417896,0.318245,0.29233,0.193267
1769161678.464646,1769161678.465344,79.0,0.0,4324.358887,4285.128418,4750.128418,4399.230957,4251.538574,4265.897461,4272.692383,4278.461426,4267.820313,4267.05127,4567.820313,4522.820313,4412.179688,4501.666504,,,,,,,,,,,,,,,,,,,,,,,,,,,,,,,,,,,,,,,,,,,,,,,,,,,,,,,,,,,,,,,,,,,,,,
1769161678.472455,1769161678.472953,80.0,0.0,4315.512695,4284.871582,4744.487305,4397.820313,4257.94873,4270.769043,4277.692383,4276.666504,4263.717773,4263.717773,4567.820313,4517.179688,4412.692383,4493.077148,,,,,,,,,,,,,,,,,,,,,,,,,,,,,,,,,,,,,,,,,,,,,,,,,,,,,,,,,,,,,,,,,,,,,,
1769161678.480263,1769161678.480761,81.0,0.0,4305.897461,4278.205078,4735.897461,4390.641113,4257.563965,4272.692383,4279.743652,4278.077148,4262.94873,4262.94873,4565.384766,4510.512695,4411.794922,4490.256348,,,,,,,,,,,,,,,,,,,,,,,,,,,,,,,,,,,,,,,,,,,,,,,,,,,,,,,,,,,,,,,,,,,,,,
1769161678.488072,1769161678.48847,82.0,0.0,4309.358887,4277.05127,4735.512695,4387.436035,4249.230957,4262.820313,4276.666504,4278.077148,4264.743652,4261.666504,4557.563965,4507.436035,4405.512695,4489.358887,,,,,,,,,,,,,,,,,,,,,,,,,,,,,,,,,,,,,,,,,,,,,,,,,,,,,,,,,,,,,,,,,,,,,,
1769161678.49588,1769161678.496278,83.0,0.0,4312.692383,4281.282227,4738.589844,4393.717773,4247.179688,4250.0,4276.153809,4274.871582,4263.846191,4259.615234,4558.077148,4513.333496,4404.743652,4489.743652,,,,,,,,,,,,,,,,,,,,,,,,,,,,,,,,,,,,,,,,,,,,,,,,,,,,,,,,,,,,,,,,,,,,,,
1769161678.503689,1769161678.503887,84.0,0.0,4311.794922,4281.410156,4738.077148,4395.128418,4254.871582,4251.153809,4278.846191,4276.282227,4264.871582,4262.563965,4568.205078,4522.692383,4413.461426,4498.974121,,,,,,,,,,,,,,,,,,,,,,,,,,,,,,,,,,,,,,,,,,,,,,,,,,,,,,,,,,,,,,,,,,,,,,
1769161678.511497,1769161678.511695,85.0,0.0,4308.333496,4277.307617,4735.256348,4389.871582,4258.077148,4261.025879,4281.410156,4279.871582,4265.256348,4263.974121,4571.153809,4523.333496,4414.615234,4498.205078,,,,,,,,,,,,,,,,,,,,,,,,,,,,,,,,,,,,,,,,,,,,,,,,,,,,,,,,,,,,,,,,,,,,,,
1769161678.519306,1769161678.519404,86.0,0.0,4306.538574,4276.282227,4733.205078,4392.563965,4254.487305,4263.974121,4281.666504,4278.846191,4265.128418,4263.717773,4568.974121,4520.384766,4411.666504,4488.974121,,,,,,,,,,,,,,,,,,,,,,,,,,,,,,,,,,,,,,,,,,,,,,,,,,,,,,,,,,,,,,,,,,,,,,
1769161678.527114,1769161678.527212,87.0,0.0,4311.538574,4280.897461,4736.025879,4399.102539,4253.589844,4262.307617,4279.487305,4277.436035,4266.538574,4263.717773,4571.153809,4522.94873,4416.025879,4496.538574,,,,,,,,,,,,,,,,,,,,,,,,,,,,,,,,,,,,,,,,,,,,,,,,,,,,,,,,,,,,,,,,,,,,,,
1769161678.534922,1769161678.535221,88.0,0.0,4313.717773,4283.333496,4735.512695,4397.94873,4257.436035,4264.358887,4278.205078,4278.974121,4270.0,4263.461426,4571.666504,4522.94873,4417.94873,4507.94873,,,,,,,,,,,,,,,,,,,,,,,,,,,,,,,,,,,,,,,,,,,,,,,,,,,,,,,,,,,,,,,,,,,,,,
1769161678.542731,1769161678.543029,89.0,0.0,4312.179688,4280.384766,4729.230957,4395.384766,4259.743652,4266.153809,4278.333496,4280.128418,4278.717773,4265.769043,4570.641113,4520.897461,4418.461426,4506.025879,,,,,,,,,,,,,,,,,,,,,,,,,,,,,,,,,,,,,,,,,,,,,,,,,,,,,,,,,,,,,,,,,,,,,,
1769161678.550539,1769161678.550937,90.0,0.0,4316.538574,4282.563965,4726.794922,4398.077148,4258.205078,4266.025879,4278.717773,4280.512695,4279.358887,4267.307617,4571.666504,4523.846191,4421.538574,4504.871582,,,,,,,,,,,,,,,,,,,,,,,,,,,,,,,,,,,,,,,,,,,,,,,,,,,,,,,,,,,,,,,,,,,,,,
1769161678.558348,1769161678.558746,91.0,0.0,4323.846191,4285.384766,4728.717773,4397.692383,4258.717773,4268.333496,4279.615234,4279.871582,4269.102539,4265.769043,4570.128418,4522.563965,4422.436035,4508.333496,,,,,,,,,,,,,,,,,,,,,,,,,,,,,,,,,,,,,,,,,,,,,,,,,,,,,,,,,,,,,,,,,,,,,,
1769161678.566156,1769161678.566754,92.0,0.0,4326.538574,4282.692383,4726.282227,4395.512695,4258.205078,4266.922852,4279.358887,4277.563965,4269.358887,4270.897461,4570.641113,4518.205078,4423.717773,4505.0,,,,,,,,,,,,,,,,,,,,,,,,,,,,,,,,,,,,,,,,,,,,,,,,,,,,,,,,,,,,,,,,,,,,,,
1769161678.573965,1769161678.574563,93.0,0.0,4325.384766,4281.025879,4720.769043,4396.922852,4259.871582,4262.307617,4275.897461,4278.333496,4276.794922,4277.179688,4574.615234,4522.307617,4421.666504,4503.077148,,,,,,,,,,,,,,,,,,,,,,,,,,,,,,,,,,,,,,,,,,,,,,,,,,,,,,,,,,,,,,,,,,,,,,
1769161678.581773,1769161678.582271,94.0,0.0,4324.743652,4282.179688,4719.102539,4398.077148,4262.307617,4262.563965,4274.358887,4282.179688,4277.436035,4275.512695,4573.846191,4525.128418,4414.743652,4507.436035,0.733996,0.213048,0.171582,0.12758,0.173659,0.661413,0.346411,0.093377,0.160015,0.114729,0.221548,0.11723,0.080012,0.147988,0.123352,0.33195,0.215717,0.080874,0.106378,0.101867,0.209857,0.147585,0.095409,0.073418,0.080412,0.122228,0.190229,0.104722,0.095794,0.08889,0.07004,0.085438,0.041688,0.04527,0.1106,0.642666,0.164536,0.044751,0.057699,0.123486,0.657236,0.24789,0.09773,0.095395,0.062405,1.354806,0.662964,0.152221,0.136826,0.149946,1.034847,0.490491,0.161722,0.110516,0.122103,0.540938,0.19914,0.192104,0.206953,0.205842,1.383908,0.271164,0.343103,0.185017,0.167394,0.90098,0.479929,0.303983,0.320889,0.211956
1769161678.589582,1769161678.59008,95.0,0.0,4323.205078,4280.769043,4720.0,4397.179688,4258.974121,4268.974121,4277.05127,4281.153809,4275.512695,4274.743652,4568.717773,4513.717773,4412.179688,4503.717773,,,,,,,,,,,,,,,,,,,,,,,,,,,,,,,,,,,,,,,,,,,,,,,,,,,,,,,,,,,,,,,,,,,,,,
1769161678.59739,1769161678.598088,96.0,0.0,4319.743652,4278.846191,4718.461426,4396.410156,4257.436035,4271.410156,4279.102539,4277.94873,4277.179688,4274.743652,4566.538574,4507.05127,4413.717773,4493.205078,,,,,,,,,,,,,,,,,,,,,,,,,,,,,,,,,,,,,,,,,,,,,,,,,,,,,,,,,,,,,,,,,,,,,,
1769161678.605199,1769161678.605896,97.0,0.0,4319.743652,4281.025879,4716.410156,4395.641113,4258.205078,4268.974121,4278.846191,4281.410156,4278.846191,4269.358887,4569.230957,4514.871582,4411.410156,4490.128418,,,,,,,,,,,,,,,,,,,,,,,,,,,,,,,,,,,,,,,,,,,,,,,,,,,,,,,,,,,,,,,,,,,,,,
1769161678.613007,1769161678.613605,98.0,0.0,4323.846191,4282.563965,4717.05127,4396.410156,4257.692383,4266.794922,4278.077148,4283.205078,4275.384766,4265.384766,4572.05127,4515.641113,4412.307617,4493.717773,,,,,,,,,,,,,,,,,,,,,,,,,,,,,,,,,,,,,,,,,,,,,,,,,,,,,,,,,,,,,,,,,,,,,,
1769161678.620815,1769161678.621413,99.0,0.0,4321.282227,4280.641113,4715.384766,4398.461426,4258.205078,4265.641113,4277.692383,4278.077148,4268.846191,4265.897461,4570.641113,4507.563965,4413.974121,4493.077148,,,,,,,,,,,,,,,,,,,,,,,,,,,,,,,,,,,,,,,,,,,,,,,,,,,,,,,,,,,,,,,,,,,,,,
1769161678.628624,1769161678.629422,100.0,0.0,4312.307617,4278.589844,4706.794922,4397.692383,4259.102539,4270.641113,4277.563965,4277.563965,4264.487305,4264.230957,4564.230957,4507.692383,4410.641113,4490.641113,,,,,,,,,,,,,,,,,,,,,,,,,,,,,,,,,,,,,,,,,,,,,,,,,,,,,,,,,,,,,,,,,,,,,,
1769161678.636432,1769161678.63723,101.0,0.0,4309.487305,4279.102539,4701.794922,4394.871582,4259.358887,4276.282227,4278.461426,4280.384766,4266.666504,4262.94873,4559.871582,4509.230957,4410.128418,4489.230957,,,,,,,,,,,,,,,,,,,,,,,,,,,,,,,,,,,,,,,,,,,,,,,,,,,,,,,,,,,,,,,,,,,,,,
1769161678.644241,1769161678.644939,102.0,0.0,4315.256348,4281.025879,4703.461426,4394.871582,4261.153809,4271.666504,4279.743652,4277.94873,4271.922852,4265.0,4564.102539,4506.922852,4411.410156,4491.922852,,,,,,,,,,,,,,,,,,,,,,,,,,,,,,,,,,,,,,,,,,,,,,,,,,,,,,,,,,,,,,,,,,,,,,
1769161678.652049,1769161678.652747,103.0,0.0,4321.282227,4281.666504,4705.512695,4397.436035,4262.179688,4260.512695,4276.410156,4276.025879,4277.820313,4269.615234,4571.282227,4515.0,4414.230957,4502.05127,,,,,,,,,,,,,,,,,,,,,,,,,,,,,,,,,,,,,,,,,,,,,,,,,,,,,,,,,,,,,,,,,,,,,,
1769161678.659858,1769161678.660755,104.0,0.0,4321.025879,4279.743652,4704.358887,4396.025879,4260.256348,4261.282227,4275.769043,4279.487305,4277.307617,4273.717773,4572.820313,4525.512695,4417.05127,4508.846191,,,,,,,,,,,,,,,,,,,,,,,,,,,,,,,,,,,,,,,,,,,,,,,,,,,,,,,,,,,,,,,,,,,,,,
1769161678.667666,1769161678.668564,105.0,0.0,4318.461426,4282.307617,4703.077148,4394.102539,4261.410156,4274.358887,4284.743652,4280.256348,4268.717773,4274.230957,4570.897461,4517.94873,4415.128418,4506.410156,,,,,,,,,,,,,,,,,,,,,,,,,,,,,,,,,,,,,,,,,,,,,,,,,,,,,,,,,,,,,,,,,,,,,,
1769161678.675475,1769161678.676272,106.0,0.0,4322.05127,4289.487305,4706.153809,4400.769043,4264.358887,4275.384766,4286.666504,4279.102539,4265.384766,4275.897461,4571.538574,4508.333496,4414.743652,4505.256348,,,,,,,,,,,,,,,,,,,,,,,,,,,,,,,,,,,,,,,,,,,,,,,,,,,,,,,,,,,,,,,,,,,,,,
1769161678.683283,1769161678.684081,107.0,0.0,4324.743652,4288.974121,4708.461426,4405.897461,4265.0,4265.897461,4276.922852,4279.487305,4269.102539,4277.436035,4572.692383,4512.692383,4419.230957,4506.922852,,,,,,,,,,,,,,,,,,,,,,,,,,,,,,,,,,,,,,,,,,,,,,,,,,,,,,,,,,,,,,,,,,,,,,
1769161678.691091,1769161678.691689,108.0,0.0,4320.641113,4285.384766,4700.897461,4398.717773,4265.0,4269.743652,4277.179688,4282.179688,4271.282227,4274.487305,4571.922852,4516.410156,4418.333496,4505.512695,,,,,,,,,,,,,,,,,,,,,,,,,,,,,,,,,,,,,,,,,,,,,,,,,,,,,,,,,,,,,,,,,,,,,,
1769161678.6989,1769161678.699498,109.0,0.0,4318.205078,4286.922852,4691.282227,4394.230957,4265.384766,4281.794922,4283.589844,4283.077148,4270.0,4273.974121,4571.794922,4511.025879,4414.743652,4504.230957,,,,,,,,,,,,,,,,,,,,,,,,,,,,,,,,,,,,,,,,,,,,,,,,,,,,,,,,,,,,,,,,,,,,,,
1769161678.706708,1769161678.707206,110.0,0.0,4316.153809,4285.512695,4687.820313,4399.230957,4266.666504,4283.077148,4281.538574,4281.025879,4269.487305,4275.256348,4569.871582,4505.641113,4413.589844,4503.846191,0.676151,0.232417,0.151402,0.130835,0.196342,0.64155,0.387857,0.114892,0.157633,0.126024,0.262426,0.129952,0.068633,0.164459,0.137834,0.321141,0.232581,0.08697,0.115144,0.128224,0.202394,0.146218,0.100701,0.088705,0.079034,0.170528,0.216939,0.110766,0.127967,0.100275,0.066585,0.071064,0.052451,0.062305,0.105754,0.737621,0.189939,0.043615,0.06403,0.127642,0.741375,0.278441,0.105113,0.091545,0.063087,1.41257,0.647574,0.158446,0.111779,0.158823,1.06164,0.477394,0.158206,0.124951,0.145892,0.511033,0.210967,0.185314,0.209122,0.239624,1.427335,0.256842,0.30793,0.174546,0.183018,0.821062,0.53464,0.273966,0.338506,0.241731
1769161678.714517,1769161678.715015,111.0,0.0,4311.025879,4279.230957,4687.692383,4399.102539,4268.333496,4279.615234,4285.384766,4287.05127,4272.692383,4273.461426,4567.436035,4506.538574,4409.615234,4501.025879,,,,,,,,,,,,,,,,,,,,,,,,,,,,,,,,,,,,,,,,,,,,,,,,,,,,,,,,,,,,,,,,,,,,,,
1769161678.722325,1769161678.723023,112.0,0.0,4314.102539,4277.563965,4689.743652,4394.615234,4265.641113,4280.128418,4292.563965,4292.820313,4276.666504,4275.256348,4574.358887,4514.230957,4415.128418,4503.461426,,,,,,,,,,,,,,,,,,,,,,,,,,,,,,,,,,,,,,,,,,,,,,,,,,,,,,,,,,,,,,,,,,,,,,
1769161678.730134,1769161678.730831,113.0,0.0,4325.128418,4282.05127,4692.692383,4395.769043,4260.897461,4277.307617,4286.410156,4285.897461,4279.230957,4279.358887,4585.769043,4523.589844,4431.025879,4517.563965,,,,,,,,,,,,,,,,,,,,,,,,,,,,,,,,,,,,,,,,,,,,,,,,,,,,,,,,,,,,,,,,,,,,,,
1769161678.737942,1769161678.73874,114.0,0.0,4327.692383,4287.563965,4691.666504,4400.897461,4261.153809,4270.897461,4278.717773,4278.717773,4276.922852,4278.974121,4588.077148,4524.871582,4433.974121,4523.205078,,,,,,,,,,,,,,,,,,,,,,,,,,,,,,,,,,,,,,,,,,,,,,,,,,,,,,,,,,,,,,,,,,,,,,
1769161678.745751,1769161678.746548,115.0,0.0,4323.205078,4290.769043,4687.179688,4404.871582,4264.358887,4265.0,4278.717773,4279.230957,4273.717773,4276.025879,4581.666504,4518.333496,4425.128418,4511.538574,,,,,,,,,,,,,,,,,,,,,,,,,,,,,,,,,,,,,,,,,,,,,,,,,,,,,,,,,,,,,,,,,,,,,,
1769161678.753559,1769161678.754556,116.0,0.0,4324.871582,4292.563965,4686.538574,4406.410156,4265.384766,4266.410156,4279.615234,4280.128418,4274.358887,4276.794922,4580.769043,4518.077148,4425.769043,4509.871582,,,,,,,,,,,,,,,,,,,,,,,,,,,,,,,,,,,,,,,,,,,,,,,,,,,,,,,,,,,,,,,,,,,,,,
1769161678.761367,1769161678.762365,117.0,0.0,4329.487305,4293.974121,4687.692383,4404.871582,4266.666504,4272.94873,4276.282227,4278.333496,4273.077148,4278.589844,4585.897461,4524.743652,4430.769043,4520.897461,,,,,,,,,,,,,,,,,,,,,,,,,,,,,,,,,,,,,,,,,,,,,,,,,,,,,,,,,,,,,,,,,,,,,,
1769161678.769176,1769161678.770273,118.0,0.0,4323.846191,4289.102539,4682.436035,4398.589844,4266.025879,4275.512695,4279.102539,4277.94873,4268.974121,4271.794922,4578.846191,4520.384766,4421.282227,4514.615234,,,,,,,,,,,,,,,,,,,,,,,,,,,,,,,,,,,,,,,,,,,,,,,,,,,,,,,,,,,,,,,,,,,,,,
1769161678.776984,1769161678.778082,119.0,0.0,4319.615234,4287.179688,4676.538574,4395.512695,4266.410156,4276.410156,4288.077148,4282.05127,4270.769043,4265.256348,4568.461426,4510.897461,4413.717773,4502.05127,,,,,,,,,,,,,,,,,,,,,,,,,,,,,,,,,,,,,,,,,,,,,,,,,,,,,,,,,,,,,,,,,,,,,,
1769161678.784793,1769161678.78569,120.0,0.0,4331.153809,4293.846191,4678.461426,4404.871582,4272.179688,4275.0,4287.692383,4286.282227,4277.307617,4272.563965,4577.307617,4517.179688,4422.179688,4513.077148,,,,,,,,,,,,,,,,,,,,,,,,,,,,,,,,,,,,,,,,,,,,,,,,,,,,,,,,,,,,,,,,,,,,,,
1769161678.792601,1769161678.793499,121.0,0.0,4336.922852,4295.641113,4681.922852,4412.179688,4274.230957,4271.410156,4280.256348,4286.282227,4278.205078,4281.538574,4588.846191,4526.410156,4427.94873,4524.102539,,,,,,,,,,,,,,,,,,,,,,,,,,,,,,,,,,,,,,,,,,,,,,,,,,,,,,,,,,,,,,,,,,,,,,
1769161678.80041,1769161678.801207,122.0,0.0,4328.717773,4293.846191,4679.358887,4406.922852,4270.641113,4273.846191,4281.538574,4288.974121,4277.05127,4279.615234,4587.05127,4525.128418,4426.410156,4520.512695,,,,,,,,,,,,,,,,,,,,,,,,,,,,,,,,,,,,,,,,,,,,,,,,,,,,,,,,,,,,,,,,,,,,,,
1769161678.808218,1769161678.809016,123.0,0.0,4325.897461,4295.641113,4673.846191,4403.589844,4272.563965,4277.563965,4286.153809,4291.153809,4278.717773,4278.974121,4587.179688,4523.589844,4426.922852,4521.922852,,,,,,,,,,,,,,,,,,,,,,,,,,,,,,,,,,,,,,,,,,,,,,,,,,,,,,,,,,,,,,,,,,,,,,
1769161678.816027,1769161678.816624,124.0,0.0,4329.487305,4295.512695,4670.769043,4405.128418,4277.436035,4274.102539,4280.897461,4283.846191,4279.230957,4281.153809,4586.538574,4522.94873,4424.871582,4523.205078,,,,,,,,,,,,,,,,,,,,,,,,,,,,,,,,,,,,,,,,,,,,,,,,,,,,,,,,,,,,,,,,,,,,,,
1769161678.823835,1769161678.824433,125.0,0.0,4329.102539,4295.897461,4672.05127,4405.641113,4274.615234,4270.384766,4277.307617,4278.974121,4276.153809,4278.461426,4579.615234,4522.05127,4420.769043,4517.436035,,,,,,,,,,,,,,,,,,,,,,,,,,,,,,,,,,,,,,,,,,,,,,,,,,,,,,,,,,,,,,,,,,,,,,
1769161678.831644,1769161678.832141,126.0,0.0,4327.179688,4294.743652,4668.846191,4402.94873,4267.820313,4274.871582,4284.871582,4281.410156,4274.102539,4277.692383,4582.05127,4525.769043,4424.358887,4517.94873,0.63888,0.252541,0.140956,0.13583,0.209433,0.57679,0.41534,0.134681,0.150587,0.135846,0.340413,0.144621,0.068741,0.177891,0.146911,0.282237,0.270934,0.098309,0.125633,0.150849,0.203606,0.163087,0.117265,0.117583,0.076559,0.228977,0.225156,0.127543,0.163166,0.109026,0.074543,0.073596,0.067074,0.082026,0.102939,0.75313,0.22381,0.043365,0.068841,0.124217,0.772658,0.318088,0.109821,0.090739,0.068114,1.332974,0.646528,0.160327,0.095065,0.16832,1.029706,0.465539,0.150984,0.13972,0.168768,0.461178,0.226419,0.168351,0.205688,0.264804,1.386549,0.256263,0.246104,0.166282,0.195692,0.75497,0.568664,0.238796,0.344886,0.26913
1769161678.839452,1769161678.83995,127.0,0.0,4326.025879,4285.512695,4657.179688,4396.922852,4265.769043,4279.743652,4287.179688,4279.743652,4275.0,4279.230957,4585.0,4525.0,4426.025879,4519.615234,,,,,,,,,,,,,,,,,,,,,,,,,,,,,,,,,,,,,,,,,,,,,,,,,,,,,,,,,,,,,,,,,,,,,,
1769161678.847261,1769161678.847559,0.0,0.0,4324.871582,4279.871582,4650.897461,4398.077148,4266.410156,4275.256348,4280.512695,4277.563965,4271.922852,4275.256348,4576.282227,4519.230957,4419.743652,4511.282227,,,,,,,,,,,,,,,,,,,,,,,,,,,,,,,,,,,,,,,,,,,,,,,,,,,,,,,,,,,,,,,,,,,,,,
1769161678.855069,1769161678.855367,1.0,0.0,4326.025879,4282.05127,4656.410156,4404.230957,4266.153809,4265.0,4280.769043,4277.563965,4265.0,4269.358887,4570.384766,4517.820313,4415.0,4505.512695,,,,,,,,,,,,,,,,,,,,,,,,,,,,,,,,,,,,,,,,,,,,,,,,,,,,,,,,,,,,,,,,,,,,,,
1769161678.862877,1769161678.863275,2.0,0.0,4327.563965,4279.487305,4659.487305,4400.769043,4264.743652,4262.436035,4289.102539,4275.897461,4260.512695,4264.358887,4570.769043,4518.974121,4412.563965,4507.563965,,,,,,,,,,,,,,,,,,,,,,,,,,,,,,,,,,,,,,,,,,,,,,,,,,,,,,,,,,,,,,,,,,,,,,
1769161678.870686,1769161678.871084,3.0,0.0,4322.563965,4275.256348,4651.794922,4393.589844,4265.128418,4270.897461,4291.922852,4275.512695,4260.128418,4262.692383,4568.846191,4519.230957,4411.922852,4508.461426,,,,,,,,,,,,,,,,,,,,,,,,,,,,,,,,,,,,,,,,,,,,,,,,,,,,,,,,,,,,,,,,,,,,,,
1769161678.878494,1769161678.879092,4.0,0.0,4313.333496,4277.820313,4644.743652,4395.769043,4265.641113,4272.692383,4286.410156,4279.102539,4263.974121,4265.128418,4566.666504,4514.743652,4413.077148,4506.410156,,,,,,,,,,,,,,,,,,,,,,,,,,,,,,,,,,,,,,,,,,,,,,,,,,,,,,,,,,,,,,,,,,,,,,
1769161678.886303,1769161678.8869,5.0,0.0,4311.666504,4281.025879,4647.692383,4397.94873,4265.0,4266.666504,4281.794922,4280.897461,4266.025879,4265.0,4566.666504,4509.230957,4413.077148,4504.615234,,,,,,,,,,,,,,,,,,,,,,,,,,,,,,,,,,,,,,,,,,,,,,,,,,,,,,,,,,,,,,,,,,,,,,
1769161678.894111,1769161678.894609,6.0,0.0,4319.615234,4280.384766,4651.794922,4397.563965,4265.384766,4268.717773,4286.025879,4277.820313,4264.487305,4264.102539,4567.563965,4513.461426,4412.179688,4504.487305,,,,,,,,,,,,,,,,,,,,,,,,,,,,,,,,,,,,,,,,,,,,,,,,,,,,,,,,,,,,,,,,,,,,,,
1769161678.90192,1769161678.902417,7.0,0.0,4325.897461,4280.769043,4648.717773,4401.794922,4266.025879,4276.666504,4292.94873,4276.282227,4267.94873,4272.436035,4570.769043,4524.871582,4415.0,4507.94873,,,,,,,,,,,,,,,,,,,,,,,,,,,,,,,,,,,,,,,,,,,,,,,,,,,,,,,,,,,,,,,,,,,,,,
1769161678.909728,1769161678.910026,8.0,0.0,4324.615234,4282.179688,4644.230957,4403.461426,4264.358887,4278.333496,4288.077148,4277.563965,4277.94873,4277.820313,4573.846191,4524.487305,4420.0,4510.0,,,,,,,,,,,,,,,,,,,,,,,,,,,,,,,,,,,,,,,,,,,,,,,,,,,,,,,,,,,,,,,,,,,,,,
1769161678.917537,1769161678.917835,9.0,0.0,4323.846191,4280.897461,4641.410156,4401.025879,4265.641113,4273.717773,4278.589844,4277.94873,4278.589844,4270.769043,4572.05127,4512.05127,4418.333496,4510.384766,,,,,,,,,,,,,,,,,,,,,,,,,,,,,,,,,,,,,,,,,,,,,,,,,,,,,,,,,,,,,,,,,,,,,,
1769161678.925345,1769161678.925743,10.0,0.0,4322.563965,4278.205078,4637.436035,4403.077148,4270.128418,4274.871582,4282.692383,4275.641113,4269.871582,4265.641113,4568.589844,4505.256348,4411.538574,4505.897461,,,,,,,,,,,,,,,,,,,,,,,,,,,,,,,,,,,,,,,,,,,,,,,,,,,,,,,,,,,,,,,,,,,,,,
1769161678.933154,1769161678.933551,11.0,0.0,4315.128418,4279.487305,4630.641113,4404.743652,4270.641113,4279.615234,4291.282227,4275.0,4265.512695,4265.641113,4567.692383,4507.820313,4408.846191,4498.077148,,,,,,,,,,,,,,,,,,,,,,,,,,,,,,,,,,,,,,,,,,,,,,,,,,,,,,,,,,,,,,,,,,,,,,
1769161678.940962,1769161678.94156,12.0,0.0,4310.128418,4279.358887,4623.974121,4400.384766,4266.410156,4273.846191,4296.153809,4277.05127,4262.563965,4264.230957,4568.717773,4513.333496,4409.102539,4500.256348,,,,,,,,,,,,,,,,,,,,,,,,,,,,,,,,,,,,,,,,,,,,,,,,,,,,,,,,,,,,,,,,,,,,,,
1769161678.94877,1769161678.949368,13.0,0.0,4315.128418,4277.436035,4624.871582,4402.05127,4265.512695,4264.871582,4293.974121,4278.205078,4265.897461,4268.077148,4575.0,4520.256348,4415.512695,4510.128418,,,,,,,,,,,,,,,,,,,,,,,,,,,,,,,,,,,,,,,,,,,,,,,,,,,,,,,,,,,,,,,,,,,,,,
1769161678.956579,1769161678.957276,14.0,0.0,4325.0,4286.153809,4632.307617,4412.05127,4273.974121,4270.128418,4285.256348,4278.461426,4275.0,4277.820313,4582.94873,4527.179688,4427.307617,4512.563965,0.648024,0.276877,0.137546,0.139225,0.210379,0.486056,0.421647,0.148681,0.14092,0.139198,0.38435,0.162517,0.077875,0.182704,0.147184,0.245002,0.316295,0.109659,0.1346,0.162494,0.213203,0.190051,0.139577,0.154734,0.073465,0.292039,0.212543,0.152501,0.196722,0.114025,0.091029,0.081975,0.079097,0.100376,0.100564,0.686613,0.251438,0.042458,0.070549,0.112476,0.757176,0.347227,0.113068,0.093447,0.077591,1.159759,0.662297,0.164341,0.087445,0.172747,0.946157,0.446247,0.141217,0.150353,0.18241,0.40593,0.244587,0.151575,0.196337,0.272164,1.292214,0.272319,0.173614,0.164446,0.199503,0.712059,0.577661,0.208959,0.339512,0.284511
1769161678.964387,1769161678.965085,15.0,0.0,4329.487305,4297.307617,4630.897461,4412.692383,4279.358887,4281.538574,4285.641113,4276.666504,4272.692383,4275.384766,4578.974121,4521.025879,4426.025879,4508.077148,,,,,,,,,,,,,,,,,,,,,,,,,,,,,,,,,,,,,,,,,,,,,,,,,,,,,,,,,,,,,,,,,,,,,,
1769161678.972196,1769161678.973093,16.0,0.0,4327.436035,4290.256348,4620.512695,4406.282227,4271.794922,4278.077148,4296.538574,4275.512695,4265.512695,4265.641113,4568.461426,4510.256348,4412.436035,4506.153809,,,,,,,,,,,,,,,,,,,,,,,,,,,,,,,,,,,,,,,,,,,,,,,,,,,,,,,,,,,,,,,,,,,,,,
1769161678.980004,1769161678.980902,17.0,0.0,4323.077148,4277.307617,4621.410156,4402.563965,4263.846191,4267.563965,4296.025879,4278.461426,4272.94873,4269.358887,4571.410156,4516.666504,4413.717773,4507.05127,,,,,,,,,,,,,,,,,,,,,,,,,,,,,,,,,,,,,,,,,,,,,,,,,,,,,,,,,,,,,,,,,,,,,,
1769161678.987813,1769161678.98861,18.0,0.0,4324.230957,4282.436035,4628.077148,4399.230957,4266.153809,4263.846191,4285.641113,4280.128418,4278.077148,4278.077148,4577.94873,4526.922852,4426.410156,4508.717773,,,,,,,,,,,,,,,,,,,,,,,,,,,,,,,,,,,,,,,,,,,,,,,,,,,,,,,,,,,,,,,,,,,,,,
1769161678.995621,1769161678.996419,19.0,0.0,4327.307617,4289.487305,4618.717773,4397.563965,4267.179688,4264.743652,4285.769043,4276.153809,4268.846191,4277.563965,4572.94873,4520.256348,4424.358887,4508.461426,,,,,,,,,,,,,,,,,,,,,,,,,,,,,,,,,,,,,,,,,,,,,,,,,,,,,,,,,,,,,,,,,,,,,,
1769161679.00343,1769161679.004427,20.0,0.0,4324.358887,4282.563965,4602.307617,4397.436035,4265.256348,4268.717773,4294.102539,4274.743652,4266.538574,4273.717773,4569.102539,4511.922852,4411.153809,4504.871582,,,,,,,,,,,,,,,,,,,,,,,,,,,,,,,,,,,,,,,,,,,,,,,,,,,,,,,,,,,,,,,,,,,,,,
1769161679.011238,1769161679.012235,21.0,0.0,4325.0,4282.179688,4600.769043,4397.307617,4268.077148,4274.743652,4294.743652,4280.0,4273.077148,4274.358887,4572.692383,4518.205078,4409.615234,4504.743652,,,,,,,,,,,,,,,,,,,,,,,,,,,,,,,,,,,,,,,,,,,,,,,,,,,,,,,,,,,,,,,,,,,,,,
1769161679.019046,1769161679.019944,22.0,0.0,4328.333496,4291.153809,4607.94873,4397.820313,4267.94873,4277.563965,4292.820313,4280.769043,4275.128418,4276.025879,4575.0,4526.538574,4418.717773,4511.153809,,,,,,,,,,,,,,,,,,,,,,,,,,,,,,,,,,,,,,,,,,,,,,,,,,,,,,,,,,,,,,,,,,,,,,
1769161679.026855,1769161679.027752,23.0,0.0,4326.410156,4288.461426,4605.384766,4397.563965,4264.230957,4275.641113,4293.461426,4276.282227,4269.743652,4271.666504,4572.820313,4521.794922,4417.692383,4513.846191,,,,,,,,,,,,,,,,,,,,,,,,,,,,,,,,,,,,,,,,,,,,,,,,,,,,,,,,,,,,,,,,,,,,,,
1769161679.034663,1769161679.035361,24.0,0.0,4324.102539,4277.94873,4597.820313,4395.769043,4263.589844,4270.769043,4287.563965,4275.641113,4265.0,4266.282227,4567.820313,4511.025879,4408.077148,4505.641113,,,,,,,,,,,,,,,,,,,,,,,,,,,,,,,,,,,,,,,,,,,,,,,,,,,,,,,,,,,,,,,,,,,,,,
1769161679.042472,1769161679.043169,25.0,0.0,4326.922852,4281.922852,4597.692383,4396.794922,4264.102539,4265.0,4280.384766,4277.179688,4270.384766,4271.025879,4570.641113,4513.333496,4413.974121,4504.102539,,,,,,,,,,,,,,,,,,,,,,,,,,,,,,,,,,,,,,,,,,,,,,,,,,,,,,,,,,,,,,,,,,,,,,
1769161679.05028,1769161679.050878,26.0,0.0,4328.717773,4290.769043,4601.922852,4398.589844,4264.615234,4264.487305,4286.922852,4276.666504,4281.794922,4280.897461,4584.358887,4525.256348,4430.769043,4520.512695,,,,,,,,,,,,,,,,,,,,,,,,,,,,,,,,,,,,,,,,,,,,,,,,,,,,,,,,,,,,,,,,,,,,,,
1769161679.058089,1769161679.058686,27.0,0.0,4327.05127,4289.871582,4595.384766,4397.563965,4266.666504,4269.743652,4296.410156,4276.153809,4279.230957,4279.230957,4585.128418,4526.538574,4428.461426,4524.230957,,,,,,,,,,,,,,,,,,,,,,,,,,,,,,,,,,,,,,,,,,,,,,,,,,,,,,,,,,,,,,,,,,,,,,
1769161679.065897,1769161679.066695,28.0,0.0,4327.436035,4288.589844,4586.153809,4397.179688,4267.563965,4271.538574,4295.384766,4277.179688,4267.436035,4273.205078,4571.666504,4515.897461,4414.230957,4509.102539,,,,,,,,,,,,,,,,,,,,,,,,,,,,,,,,,,,,,,,,,,,,,,,,,,,,,,,,,,,,,,,,,,,,,,
1769161679.073706,1769161679.074503,29.0,0.0,4325.769043,4286.025879,4588.333496,4394.615234,4266.282227,4274.615234,4292.820313,4278.589844,4271.538574,4276.025879,4575.384766,4517.563965,4418.589844,4510.641113,,,,,,,,,,,,,,,,,,,,,,,,,,,,,,,,,,,,,,,,,,,,,,,,,,,,,,,,,,,,,,,,,,,,,,
1769161679.081514,1769161679.082411,30.0,0.0,4321.538574,4277.179688,4591.153809,4389.743652,4265.0,4278.077148,4294.871582,4281.025879,4281.922852,4281.794922,4591.282227,4533.205078,4431.153809,4525.512695,0.714185,0.306496,0.136927,0.139776,0.200869,0.39657,0.406069,0.157562,0.129153,0.133591,0.419518,0.183572,0.097691,0.175708,0.138719,0.202276,0.348989,0.116441,0.138886,0.159881,0.227924,0.215515,0.158348,0.189196,0.069883,0.352765,0.191091,0.180946,0.225006,0.116688,0.108008,0.089735,0.084797,0.114603,0.098882,0.560671,0.262922,0.042199,0.068116,0.094955,0.719969,0.356868,0.120116,0.09931,0.089701,0.964617,0.687637,0.181822,0.086094,0.168263,0.836258,0.413631,0.138289,0.154013,0.183639,0.365519,0.26509,0.147952,0.182724,0.260853,1.182223,0.301916,0.115016,0.169414,0.192461,0.704234,0.572357,0.198344,0.321747,0.284978
1769161679.089322,1769161679.09022,31.0,0.0,4324.358887,4278.717773,4584.871582,4387.692383,4263.846191,4274.615234,4294.743652,4281.922852,4282.05127,4283.077148,4592.692383,4536.794922,4431.282227,4523.461426,,,,,,,,,,,,,,,,,,,,,,,,,,,,,,,,,,,,,,,,,,,,,,,,,,,,,,,,,,,,,,,,,,,,,,
1769161679.097131,1769161679.097828,32.0,0.0,4330.256348,4290.128418,4579.615234,4388.333496,4263.974121,4273.205078,4293.333496,4280.256348,4278.077148,4279.615234,4584.102539,4523.461426,4424.487305,4514.487305,,,,,,,,,,,,,,,,,,,,,,,,,,,,,,,,,,,,,,,,,,,,,,,,,,,,,,,,,,,,,,,,,,,,,,
1769161679.104939,1769161679.105637,33.0,0.0,4331.025879,4294.615234,4582.563965,4391.794922,4264.102539,4275.897461,4293.205078,4279.230957,4280.128418,4278.846191,4583.461426,4516.538574,4427.05127,4519.871582,,,,,,,,,,,,,,,,,,,,,,,,,,,,,,,,,,,,,,,,,,,,,,,,,,,,,,,,,,,,,,,,,,,,,,
1769161679.112748,1769161679.113345,34.0,0.0,4333.077148,4291.410156,4586.666504,4394.230957,4262.563965,4276.025879,4295.0,4278.846191,4277.307617,4278.717773,4586.282227,4524.615234,4431.025879,4527.307617,,,,,,,,,,,,,,,,,,,,,,,,,,,,,,,,,,,,,,,,,,,,,,,,,,,,,,,,,,,,,,,,,,,,,,
1769161679.120556,1769161679.121154,35.0,0.0,4337.820313,4285.384766,4583.974121,4390.641113,4263.205078,4278.205078,4297.05127,4278.974121,4272.05127,4274.743652,4585.0,4527.94873,4425.384766,4525.897461,,,,,,,,,,,,,,,,,,,,,,,,,,,,,,,,,,,,,,,,,,,,,,,,,,,,,,,,,,,,,,,,,,,,,,
1769161679.128365,1769161679.129162,36.0,0.0,4334.743652,4285.0,4575.256348,4387.307617,4267.05127,4279.102539,4294.871582,4280.256348,4277.692383,4275.641113,4583.333496,4525.512695,4423.461426,4523.589844,,,,,,,,,,,,,,,,,,,,,,,,,,,,,,,,,,,,,,,,,,,,,,,,,,,,,,,,,,,,,,,,,,,,,,
1769161679.136173,1769161679.136971,37.0,0.0,4327.563965,4286.025879,4566.025879,4385.897461,4269.358887,4275.897461,4292.563965,4279.871582,4281.025879,4279.487305,4581.666504,4521.666504,4425.256348,4521.666504,,,,,,,,,,,,,,,,,,,,,,,,,,,,,,,,,,,,,,,,,,,,,,,,,,,,,,,,,,,,,,,,,,,,,,
1769161679.143982,1769161679.144879,38.0,0.0,4323.974121,4283.589844,4562.820313,4385.641113,4269.615234,4277.692383,4291.794922,4278.974121,4277.94873,4278.205078,4582.307617,4517.436035,4423.333496,4519.230957,,,,,,,,,,,,,,,,,,,,,,,,,,,,,,,,,,,,,,,,,,,,,,,,,,,,,,,,,,,,,,,,,,,,,,
1769161679.15179,1769161679.152687,39.0,0.0,4329.615234,4288.461426,4568.846191,4393.717773,4273.974121,4276.153809,4289.615234,4281.025879,4278.974121,4277.692383,4587.436035,4526.666504,4425.769043,4521.025879,,,,,,,,,,,,,,,,,,,,,,,,,,,,,,,,,,,,,,,,,,,,,,,,,,,,,,,,,,,,,,,,,,,,,,
1769161679.159598,1769161679.160696,40.0,0.0,4338.974121,4294.358887,4570.641113,4397.94873,4279.487305,4266.666504,4288.205078,4283.846191,4282.563965,4281.282227,4590.384766,4536.794922,4432.179688,4526.282227,,,,,,,,,,,,,,,,,,,,,,,,,,,,,,,,,,,,,,,,,,,,,,,,,,,,,,,,,,,,,,,,,,,,,,
1769161679.167407,1769161679.168504,41.0,0.0,4335.641113,4284.743652,4559.743652,4388.974121,4278.205078,4267.179688,4289.615234,4281.282227,4278.974121,4277.436035,4586.153809,4530.256348,4427.94873,4524.102539,,,,,,,,,,,,,,,,,,,,,,,,,,,,,,,,,,,,,,,,,,,,,,,,,,,,,,,,,,,,,,,,,,,,,,
1769161679.175215,1769161679.176213,42.0,0.0,4332.436035,4275.384766,4553.333496,4385.384766,4272.94873,4275.256348,4291.282227,4279.358887,4276.025879,4271.666504,4582.179688,4518.589844,4422.307617,4520.769043,,,,,,,,,,,,,,,,,,,,,,,,,,,,,,,,,,,,,,,,,,,,,,,,,,,,,,,,,,,,,,,,,,,,,,
1769161679.183024,1769161679.184021,43.0,0.0,4340.384766,4281.538574,4558.461426,4391.025879,4271.794922,4276.025879,4291.922852,4284.102539,4279.487305,4276.282227,4584.358887,4522.307617,4426.794922,4524.871582,,,,,,,,,,,,,,,,,,,,,,,,,,,,,,,,,,,,,,,,,,,,,,,,,,,,,,,,,,,,,,,,,,,,,,
1769161679.190832,1769161679.19163,44.0,0.0,4339.743652,4281.794922,4559.102539,4389.871582,4274.615234,4273.974121,4292.94873,4289.358887,4279.743652,4279.358887,4585.769043,4532.692383,4428.077148,4526.538574,,,,,,,,,,,,,,,,,,,,,,,,,,,,,,,,,,,,,,,,,,,,,,,,,,,,,,,,,,,,,,,,,,,,,,
1769161679.198641,1769161679.199438,45.0,0.0,4331.922852,4278.974121,4553.589844,4386.410156,4277.563965,4275.0,4295.769043,4292.179688,4278.461426,4275.128418,4584.102539,4534.743652,4424.487305,4524.358887,,,,,,,,,,,,,,,,,,,,,,,,,,,,,,,,,,,,,,,,,,,,,,,,,,,,,,,,,,,,,,,,,,,,,,
1769161679.206449,1769161679.207147,46.0,0.0,4335.384766,4285.384766,4552.307617,4390.897461,4280.256348,4275.128418,4295.128418,4294.487305,4282.563965,4276.025879,4583.846191,4536.922852,4424.230957,4525.512695,0.815515,0.336168,0.136734,0.14098,0.185392,0.342937,0.373721,0.168032,0.115831,0.120679,0.399237,0.203218,0.131274,0.158877,0.12561,0.189007,0.353471,0.117299,0.137555,0.145464,0.246814,0.23153,0.165158,0.209374,0.06602,0.399588,0.179086,0.207032,0.246971,0.119905,0.117948,0.093525,0.084523,0.123513,0.099603,0.415417,0.258687,0.044915,0.061617,0.076087,0.689384,0.34843,0.136081,0.107868,0.102156,0.810586,0.704209,0.218568,0.088109,0.155242,0.742186,0.368096,0.151675,0.150392,0.174076,0.357937,0.28515,0.166353,0.168138,0.237912,1.087354,0.334713,0.089953,0.178068,0.177226,0.749612,0.56899,0.215975,0.29083,0.273462
1769161679.214258,1769161679.214955,47.0,0.0,4342.820313,4292.05127,4556.025879,4396.153809,4280.769043,4276.794922,4293.974121,4295.0,4287.820313,4281.153809,4584.871582,4537.563965,4427.436035,4525.769043,,,,,,,,,,,,,,,,,,,,,,,,,,,,,,,,,,,,,,,,,,,,,,,,,,,,,,,,,,,,,,,,,,,,,,
1769161679.222066,1769161679.222564,48.0,0.0,4341.282227,4291.410156,4552.692383,4397.436035,4279.615234,4281.410156,4299.358887,4295.512695,4287.179688,4280.641113,4584.615234,4529.871582,4425.641113,4524.743652,,,,,,,,,,,,,,,,,,,,,,,,,,,,,,,,,,,,,,,,,,,,,,,,,,,,,,,,,,,,,,,,,,,,,,
1769161679.229874,1769161679.230372,49.0,0.0,4331.153809,4286.666504,4542.692383,4393.461426,4281.153809,4282.692383,4303.461426,4296.666504,4282.94873,4277.820313,4583.589844,4521.410156,4418.846191,4524.358887,,,,,,,,,,,,,,,,,,,,,,,,,,,,,,,,,,,,,,,,,,,,,,,,,,,,,,,,,,,,,,,,,,,,,,
1769161679.237683,1769161679.238081,50.0,0.0,4324.871582,4287.436035,4537.692383,4392.05127,4281.794922,4279.102539,4296.153809,4292.94873,4280.256348,4278.333496,4584.230957,4524.487305,4415.641113,4521.282227,,,,,,,,,,,,,,,,,,,,,,,,,,,,,,,,,,,,,,,,,,,,,,,,,,,,,,,,,,,,,,,,,,,,,,
1769161679.245491,1769161679.245889,51.0,0.0,4332.307617,4293.461426,4543.205078,4397.692383,4280.0,4277.563965,4290.384766,4290.384766,4284.102539,4280.128418,4587.179688,4529.102539,4416.153809,4520.256348,,,,,,,,,,,,,,,,,,,,,,,,,,,,,,,,,,,,,,,,,,,,,,,,,,,,,,,,,,,,,,,,,,,,,,
1769161679.2533,1769161679.253897,52.0,0.0,4337.05127,4295.897461,4545.128418,4401.025879,4280.769043,4281.153809,4294.358887,4293.333496,4286.410156,4277.563965,4584.102539,4525.128418,4413.974121,4523.077148,,,,,,,,,,,,,,,,,,,,,,,,,,,,,,,,,,,,,,,,,,,,,,,,,,,,,,,,,,,,,,,,,,,,,,
1769161679.261109,1769161679.261706,53.0,0.0,4326.538574,4293.077148,4532.94873,4397.563965,4281.666504,4282.05127,4295.128418,4292.820313,4282.307617,4274.230957,4575.0,4521.025879,4412.307617,4518.589844,,,,,,,,,,,,,,,,,,,,,,,,,,,,,,,,,,,,,,,,,,,,,,,,,,,,,,,,,,,,,,,,,,,,,,
1769161679.268917,1769161679.269614,54.0,0.0,4318.717773,4293.205078,4521.538574,4396.025879,4279.743652,4277.307617,4290.897461,4290.512695,4279.615234,4274.358887,4570.384766,4520.256348,4413.461426,4511.153809,,,,,,,,,,,,,,,,,,,,,,,,,,,,,,,,,,,,,,,,,,,,,,,,,,,,,,,,,,,,,,,,,,,,,,
1769161679.276725,1769161679.277423,55.0,0.0,4321.410156,4295.641113,4522.307617,4397.692383,4279.358887,4276.666504,4292.436035,4292.94873,4281.666504,4272.05127,4572.307617,4519.871582,4412.820313,4511.794922,,,,,,,,,,,,,,,,,,,,,,,,,,,,,,,,,,,,,,,,,,,,,,,,,,,,,,,,,,,,,,,,,,,,,,
1769161679.284534,1769161679.285431,56.0,0.0,4323.461426,4288.846191,4520.641113,4393.974121,4278.205078,4280.0,4296.922852,4293.461426,4279.871582,4263.717773,4572.563965,4518.846191,4410.0,4509.487305,,,,,,,,,,,,,,,,,,,,,,,,,,,,,,,,,,,,,,,,,,,,,,,,,,,,,,,,,,,,,,,,,,,,,,
1769161679.292342,1769161679.293239,57.0,0.0,4322.307617,4283.461426,4511.538574,4387.820313,4275.769043,4279.743652,4296.410156,4290.897461,4277.436035,4262.94873,4572.307617,4520.0,4408.077148,4507.436035,,,,,,,,,,,,,,,,,,,,,,,,,,,,,,,,,,,,,,,,,,,,,,,,,,,,,,,,,,,,,,,,,,,,,,
1769161679.300151,1769161679.300948,58.0,0.0,4322.436035,4288.846191,4509.871582,4389.230957,4277.179688,4279.743652,4293.333496,4293.589844,4280.384766,4272.179688,4577.692383,4525.128418,4413.846191,4518.461426,,,,,,,,,,,,,,,,,,,,,,,,,,,,,,,,,,,,,,,,,,,,,,,,,,,,,,,,,,,,,,,,,,,,,,
1769161679.307959,1769161679.308756,59.0,0.0,4325.0,4291.666504,4512.05127,4395.384766,4278.461426,4281.666504,4294.871582,4295.256348,4281.282227,4276.153809,4582.563965,4523.974121,4421.538574,4524.743652,,,,,,,,,,,,,,,,,,,,,,,,,,,,,,,,,,,,,,,,,,,,,,,,,,,,,,,,,,,,,,,,,,,,,,
1769161679.315768,1769161679.316365,60.0,0.0,4325.384766,4290.256348,4508.077148,4396.538574,4277.563965,4280.256348,4294.871582,4291.282227,4281.538574,4275.256348,4583.589844,4520.0,4423.077148,4520.0,,,,,,,,,,,,,,,,,,,,,,,,,,,,,,,,,,,,,,,,,,,,,,,,,,,,,,,,,,,,,,,,,,,,,,
1769161679.323576,1769161679.324173,61.0,0.0,4325.769043,4293.846191,4506.666504,4395.641113,4280.128418,4278.846191,4291.666504,4292.179688,4285.641113,4276.794922,4585.128418,4526.153809,4425.512695,4521.025879,,,,,,,,,,,,,,,,,,,,,,,,,,,,,,,,,,,,,,,,,,,,,,,,,,,,,,,,,,,,,,,,,,,,,,
1769161679.331385,1769161679.332082,62.0,0.0,4331.794922,4298.077148,4509.615234,4399.230957,4282.436035,4281.922852,4292.05127,4296.282227,4291.282227,4282.307617,4592.179688,4538.333496,4431.282227,4526.025879,0.915479,0.356579,0.138137,0.148717,0.168561,0.342382,0.332123,0.187266,0.104575,0.10591,0.347602,0.215628,0.17845,0.138591,0.114685,0.19727,0.327673,0.112811,0.132902,0.12586,0.269906,0.236718,0.156368,0.208522,0.062361,0.425552,0.188796,0.226349,0.264629,0.126039,0.118993,0.091291,0.081857,0.128172,0.105155,0.286711,0.247229,0.052169,0.052601,0.060373,0.679286,0.333086,0.16384,0.118547,0.113573,0.723253,0.694563,0.271249,0.092019,0.13777,0.696603,0.317597,0.184616,0.142706,0.160191,0.377581,0.299276,0.205204,0.158336,0.216618,1.016528,0.358816,0.103855,0.186399,0.161623,0.827859,0.571833,0.257621,0.248541,0.256955
1769161679.339193,1769161679.33989,63.0,0.0,4334.615234,4295.0,4505.384766,4399.743652,4281.282227,4282.179688,4293.461426,4294.358887,4294.358887,4288.717773,4598.461426,4537.692383,4432.05127,4524.230957,,,,,,,,,,,,,,,,,,,,,,,,,,,,,,,,,,,,,,,,,,,,,,,,,,,,,,,,,,,,,,,,,,,,,,
1769161679.347001,1769161679.347899,64.0,0.0,4329.230957,4292.179688,4495.769043,4397.692383,4278.846191,4281.794922,4293.974121,4292.563965,4292.820313,4286.153809,4593.205078,4526.282227,4428.205078,4521.153809,,,,,,,,,,,,,,,,,,,,,,,,,,,,,,,,,,,,,,,,,,,,,,,,,,,,,,,,,,,,,,,,,,,,,,
1769161679.35481,1769161679.355707,65.0,0.0,4320.897461,4294.102539,4491.922852,4399.102539,4275.0,4287.179688,4295.256348,4296.282227,4292.307617,4280.512695,4587.692383,4527.563965,4428.974121,4522.436035,,,,,,,,,,,,,,,,,,,,,,,,,,,,,,,,,,,,,,,,,,,,,,,,,,,,,,,,,,,,,,,,,,,,,,
1769161679.362618,1769161679.363416,66.0,0.0,4312.307617,4289.615234,4488.333496,4394.743652,4275.384766,4286.794922,4294.102539,4294.871582,4295.384766,4284.102539,4589.358887,4533.974121,4430.769043,4518.589844,,,,,,,,,,,,,,,,,,,,,,,,,,,,,,,,,,,,,,,,,,,,,,,,,,,,,,,,,,,,,,,,,,,,,,
1769161679.370427,1769161679.371224,67.0,0.0,4312.563965,4282.179688,4479.102539,4386.794922,4278.589844,4281.794922,4293.974121,4294.230957,4298.589844,4291.025879,4588.205078,4530.512695,4425.128418,4510.769043,,,,,,,,,,,,,,,,,,,,,,,,,,,,,,,,,,,,,,,,,,,,,,,,,,,,,,,,,,,,,,,,,,,,,,
1769161679.378235,1769161679.378833,68.0,0.0,4323.589844,4287.820313,4475.256348,4390.384766,4278.589844,4282.563965,4295.897461,4301.794922,4297.563965,4291.153809,4588.461426,4531.538574,4426.922852,4513.589844,,,,,,,,,,,,,,,,,,,,,,,,,,,,,,,,,,,,,,,,,,,,,,,,,,,,,,,,,,,,,,,,,,,,,,
1769161679.386044,1769161679.386641,69.0,0.0,4328.077148,4297.94873,4479.743652,4397.307617,4274.358887,4281.282227,4292.692383,4303.333496,4296.282227,4294.230957,4599.615234,4540.512695,4441.666504,4524.230957,,,,,,,,,,,,,,,,,,,,,,,,,,,,,,,,,,,,,,,,,,,,,,,,,,,,,,,,,,,,,,,,,,,,,,
1769161679.393852,1769161679.39435,70.0,0.0,4324.102539,4296.025879,4479.230957,4396.666504,4268.846191,4276.922852,4290.769043,4296.666504,4298.461426,4296.666504,4605.128418,4542.436035,4443.846191,4524.743652,,,,,,,,,,,,,,,,,,,,,,,,,,,,,,,,,,,,,,,,,,,,,,,,,,,,,,,,,,,,,,,,,,,,,,
1769161679.401661,1769161679.402158,71.0,0.0,4325.641113,4292.436035,4476.410156,4394.871582,4269.230957,4277.692383,4293.077148,4294.358887,4295.256348,4288.205078,4594.615234,4541.025879,4432.179688,4521.153809,,,,,,,,,,,,,,,,,,,,,,,,,,,,,,,,,,,,,,,,,,,,,,,,,,,,,,,,,,,,,,,,,,,,,,
1769161679.409469,1769161679.409767,72.0,0.0,4329.230957,4296.153809,4473.077148,4392.692383,4271.538574,4279.230957,4291.153809,4293.077148,4284.358887,4277.820313,4585.512695,4539.102539,4426.538574,4519.871582,,,,,,,,,,,,,,,,,,,,,,,,,,,,,,,,,,,,,,,,,,,,,,,,,,,,,,,,,,,,,,,,,,,,,,
1769161679.417277,1769161679.417575,73.0,0.0,4324.102539,4291.410156,4463.974121,4387.692383,4267.563965,4277.563965,4287.692383,4287.94873,4277.05127,4272.307617,4584.102539,4526.410156,4421.410156,4510.641113,,,,,,,,,,,,,,,,,,,,,,,,,,,,,,,,,,,,,,,,,,,,,,,,,,,,,,,,,,,,,,,,,,,,,,
1769161679.425086,1769161679.425284,74.0,0.0,4317.692383,4282.692383,4458.846191,4387.179688,4266.794922,4278.974121,4290.256348,4288.333496,4280.384766,4271.538574,4583.846191,4520.769043,4416.538574,4503.846191,,,,,,,,,,,,,,,,,,,,,,,,,,,,,,,,,,,,,,,,,,,,,,,,,,,,,,,,,,,,,,,,,,,,,,
1769161679.432894,1769161679.433092,75.0,0.0,4321.666504,4288.461426,4460.256348,4388.846191,4271.538574,4278.461426,4293.589844,4291.410156,4283.589844,4275.256348,4584.358887,4530.641113,4425.0,4514.743652,,,,,,,,,,,,,,,,,,,,,,,,,,,,,,,,,,,,,,,,,,,,,,,,,,,,,,,,,,,,,,,,,,,,,,
1769161679.440703,1769161679.440701,76.0,0.0,4326.794922,4297.692383,4461.282227,4387.179688,4267.436035,4275.897461,4291.282227,4285.512695,4280.641113,4273.846191,4585.641113,4532.820313,4427.563965,4523.717773,,,,,,,,,,,,,,,,,,,,,,,,,,,,,,,,,,,,,,,,,,,,,,,,,,,,,,,,,,,,,,,,,,,,,,
1769161679.448511,1769161679.448509,77.0,0.0,4324.871582,4294.615234,4459.871582,4389.615234,4263.461426,4278.974121,4292.307617,4280.769043,4277.820313,4265.384766,4583.077148,4524.230957,4412.94873,4515.256348,,,,,,,,,,,,,,,,,,,,,,,,,,,,,,,,,,,,,,,,,,,,,,,,,,,,,,,,,,,,,,,,,,,,,,
1769161679.45632,1769161679.456218,78.0,0.0,4324.358887,4295.897461,4457.692383,4395.897461,4271.666504,4281.794922,4292.307617,4283.846191,4278.717773,4265.256348,4579.230957,4521.666504,4412.436035,4512.179688,0.963453,0.358466,0.147869,0.166947,0.15366,0.392744,0.287034,0.216164,0.102273,0.095726,0.278239,0.216357,0.23342,0.122033,0.112249,0.238176,0.28026,0.105332,0.129016,0.10819,0.298406,0.232373,0.135358,0.187562,0.059471,0.423241,0.219881,0.236327,0.280803,0.134811,0.1123,0.085424,0.081318,0.131097,0.116515,0.195639,0.237875,0.063951,0.043447,0.05033,0.674885,0.322627,0.200432,0.130794,0.123459,0.680789,0.65468,0.328733,0.097996,0.121156,0.69841,0.276554,0.231697,0.13598,0.150036,0.408997,0.303958,0.25276,0.160173,0.210032,0.956535,0.36945,0.146431,0.19213,0.154947,0.897937,0.571211,0.308768,0.201408,0.242984
1769161679.464128,1769161679.464026,79.0,0.0,4327.692383,4304.871582,4455.897461,4396.282227,4276.153809,4279.615234,4286.666504,4288.589844,4280.897461,4273.846191,4581.410156,4527.179688,4427.563965,4519.743652,,,,,,,,,,,,,,,,,,,,,,,,,,,,,,,,,,,,,,,,,,,,,,,,,,,,,,,,,,,,,,,,,,,,,,
1769161679.471937,1769161679.472035,80.0,0.0,4327.179688,4302.692383,4458.846191,4395.0,4276.538574,4278.589844,4287.436035,4291.282227,4281.538574,4277.05127,4586.538574,4529.358887,4430.641113,4517.179688,,,,,,,,,,,,,,,,,,,,,,,,,,,,,,,,,,,,,,,,,,,,,,,,,,,,,,,,,,,,,,,,,,,,,,
1769161679.479745,1769161679.479843,81.0,0.0,4326.025879,4295.769043,4457.05127,4394.615234,4277.94873,4279.871582,4290.769043,4288.205078,4278.974121,4273.589844,4581.922852,4525.641113,4418.846191,4507.05127,,,,,,,,,,,,,,,,,,,,,,,,,,,,,,,,,,,,,,,,,,,,,,,,,,,,,,,,,,,,,,,,,,,,,,
1769161679.487553,1769161679.487751,82.0,0.0,4327.05127,4297.436035,4447.563965,4390.641113,4272.94873,4277.94873,4283.461426,4281.282227,4273.846191,4268.205078,4572.563965,4521.794922,4411.794922,4506.794922,,,,,,,,,,,,,,,,,,,,,,,,,,,,,,,,,,,,,,,,,,,,,,,,,,,,,,,,,,,,,,,,,,,,,,
1769161679.495362,1769161679.49556,83.0,0.0,4324.358887,4297.05127,4444.230957,4388.205078,4272.692383,4275.641113,4276.282227,4278.846191,4271.794922,4265.128418,4572.563965,4521.282227,4416.922852,4511.282227,,,,,,,,,,,,,,,,,,,,,,,,,,,,,,,,,,,,,,,,,,,,,,,,,,,,,,,,,,,,,,,,,,,,,,
1769161679.50317,1769161679.503168,84.0,0.0,4321.025879,4293.333496,4444.358887,4387.179688,4276.410156,4274.358887,4282.563965,4281.025879,4274.487305,4264.487305,4575.128418,4520.897461,4418.461426,4507.05127,,,,,,,,,,,,,,,,,,,,,,,,,,,,,,,,,,,,,,,,,,,,,,,,,,,,,,,,,,,,,,,,,,,,,,
1769161679.510979,1769161679.510977,85.0,0.0,4321.538574,4293.717773,4440.512695,4381.153809,4269.871582,4270.384766,4286.153809,4280.769043,4276.538574,4263.333496,4572.692383,4519.230957,4411.538574,4505.512695,,,,,,,,,,,,,,,,,,,,,,,,,,,,,,,,,,,,,,,,,,,,,,,,,,,,,,,,,,,,,,,,,,,,,,
1769161679.518787,1769161679.518685,86.0,0.0,4323.205078,4294.743652,4439.358887,4380.0,4266.538574,4269.358887,4278.717773,4280.384766,4276.538574,4263.589844,4574.743652,4522.05127,4414.487305,4516.025879,,,,,,,,,,,,,,,,,,,,,,,,,,,,,,,,,,,,,,,,,,,,,,,,,,,,,,,,,,,,,,,,,,,,,,
1769161679.526596,1769161679.526494,87.0,0.0,4322.563965,4293.205078,4443.846191,4385.512695,4274.358887,4276.282227,4280.0,4279.358887,4276.666504,4266.282227,4581.282227,4525.769043,4423.589844,4525.769043,,,,,,,,,,,,,,,,,,,,,,,,,,,,,,,,,,,,,,,,,,,,,,,,,,,,,,,,,,,,,,,,,,,,,,
1769161679.534404,1769161679.534502,88.0,0.0,4322.307617,4294.871582,4442.05127,4383.461426,4277.05127,4281.538574,4290.128418,4279.743652,4277.179688,4266.922852,4581.025879,4525.897461,4418.974121,4525.128418,,,,,,,,,,,,,,,,,,,,,,,,,,,,,,,,,,,,,,,,,,,,,,,,,,,,,,,,,,,,,,,,,,,,,,
1769161679.542213,1769161679.542311,89.0,0.0,4323.589844,4295.256348,4433.333496,4378.974121,4275.256348,4280.769043,4291.794922,4287.820313,4278.205078,4266.025879,4574.615234,4525.769043,4411.922852,4518.077148,,,,,,,,,,,,,,,,,,,,,,,,,,,,,,,,,,,,,,,,,,,,,,,,,,,,,,,,,,,,,,,,,,,,,,
1769161679.550021,1769161679.550219,90.0,0.0,4319.487305,4289.615234,4426.666504,4377.94873,4273.974121,4279.871582,4283.589844,4287.05127,4277.563965,4262.820313,4571.025879,4522.05127,4411.538574,4512.436035,,,,,,,,,,,,,,,,,,,,,,,,,,,,,,,,,,,,,,,,,,,,,,,,,,,,,,,,,,,,,,,,,,,,,,
1769161679.55783,1769161679.558027,91.0,0.0,4316.025879,4288.974121,4425.769043,4378.077148,4268.077148,4280.128418,4279.615234,4279.230957,4276.794922,4262.94873,4575.512695,4522.307617,4412.94873,4514.230957,,,,,,,,,,,,,,,,,,,,,,,,,,,,,,,,,,,,,,,,,,,,,,,,,,,,,,,,,,,,,,,,,,,,,,
1769161679.565638,1769161679.565836,92.0,0.0,4322.820313,4295.256348,4428.077148,4380.641113,4268.077148,4279.615234,4283.077148,4287.179688,4278.717773,4270.897461,4585.0,4532.307617,4420.384766,4524.358887,,,,,,,,,,,,,,,,,,,,,,,,,,,,,,,,,,,,,,,,,,,,,,,,,,,,,,,,,,,,,,,,,,,,,,
1769161679.573446,1769161679.573644,93.0,0.0,4325.769043,4292.94873,4428.846191,4380.512695,4273.717773,4276.922852,4284.871582,4295.769043,4279.743652,4272.436035,4587.05127,4534.358887,4423.589844,4526.666504,,,,,,,,,,,,,,,,,,,,,,,,,,,,,,,,,,,,,,,,,,,,,,,,,,,,,,,,,,,,,,,,,,,,,,
1769161679.581255,1769161679.581353,94.0,0.0,4314.871582,4283.846191,4424.487305,4373.974121,4269.743652,4274.230957,4282.94873,4286.922852,4278.333496,4265.769043,4580.0,4524.102539,4415.641113,4515.512695,0.943653,0.341627,0.170665,0.19656,0.142393,0.472094,0.244539,0.248893,0.115018,0.094239,0.206068,0.207985,0.285162,0.114852,0.121123,0.287031,0.227558,0.098141,0.129572,0.096749,0.329745,0.221921,0.110154,0.154614,0.057486,0.397065,0.259792,0.235217,0.295062,0.142866,0.104377,0.082085,0.086383,0.134051,0.131703,0.151999,0.234427,0.078413,0.036306,0.045689,0.659866,0.317954,0.234428,0.143422,0.131556,0.654553,0.585464,0.372432,0.107139,0.109452,0.727902,0.25242,0.281289,0.134499,0.148828,0.430977,0.296281,0.293855,0.178674,0.223922,0.895809,0.362357,0.19857,0.195042,0.162984,0.918581,0.551585,0.352483,0.158947,0.235766
1769161679.589063,1769161679.589161,95.0,0.0,4307.94873,4282.820313,4420.0,4371.410156,4267.05127,4277.692383,4283.846191,4282.692383,4278.205078,4263.974121,4573.974121,4520.128418,4410.384766,4507.436035,,,,,,,,,,,,,,,,,,,,,,,,,,,,,,,,,,,,,,,,,,,,,,,,,,,,,,,,,,,,,,,,,,,,,,
1769161679.596872,1769161679.59677,96.0,0.0,4312.563965,4290.256348,4422.179688,4375.0,4274.743652,4279.871582,4284.358887,4288.333496,4277.436035,4265.641113,4571.794922,4523.846191,4414.102539,4509.102539,,,,,,,,,,,,,,,,,,,,,,,,,,,,,,,,,,,,,,,,,,,,,,,,,,,,,,,,,,,,,,,,,,,,,,
1769161679.60468,1769161679.604578,97.0,0.0,4314.230957,4293.846191,4422.307617,4375.384766,4276.025879,4277.563965,4285.641113,4285.641113,4275.897461,4263.333496,4569.871582,4524.230957,4413.333496,4512.436035,,,,,,,,,,,,,,,,,,,,,,,,,,,,,,,,,,,,,,,,,,,,,,,,,,,,,,,,,,,,,,,,,,,,,,
1769161679.612489,1769161679.612287,98.0,0.0,4311.153809,4287.307617,4415.256348,4373.077148,4265.769043,4279.615234,4287.436035,4279.871582,4276.794922,4261.922852,4569.358887,4524.230957,4407.436035,4511.410156,,,,,,,,,,,,,,,,,,,,,,,,,,,,,,,,,,,,,,,,,,,,,,,,,,,,,,,,,,,,,,,,,,,,,,
1769161679.620297,1769161679.620095,99.0,0.0,4310.384766,4281.153809,4411.025879,4371.794922,4261.153809,4276.794922,4283.974121,4278.846191,4279.615234,4263.205078,4570.0,4522.820313,4405.897461,4506.666504,,,,,,,,,,,,,,,,,,,,,,,,,,,,,,,,,,,,,,,,,,,,,,,,,,,,,,,,,,,,,,,,,,,,,,
1769161679.628106,1769161679.627704,100.0,0.0,4311.794922,4285.512695,4412.563965,4373.077148,4265.512695,4267.179688,4278.077148,4281.025879,4280.128418,4264.358887,4570.769043,4520.769043,4409.743652,4507.179688,,,,,,,,,,,,,,,,,,,,,,,,,,,,,,,,,,,,,,,,,,,,,,,,,,,,,,,,,,,,,,,,,,,,,,
1769161679.635914,1769161679.635512,101.0,0.0,4312.94873,4290.897461,4412.94873,4374.871582,4267.436035,4266.282227,4277.692383,4282.94873,4278.589844,4266.153809,4575.897461,4529.615234,4415.128418,4516.282227,,,,,,,,,,,,,,,,,,,,,,,,,,,,,,,,,,,,,,,,,,,,,,,,,,,,,,,,,,,,,,,,,,,,,,
1769161679.643722,1769161679.643221,102.0,0.0,4312.307617,4287.820313,4409.487305,4373.717773,4266.666504,4274.871582,4282.563965,4282.179688,4278.589844,4265.512695,4583.717773,4539.615234,4416.538574,4523.333496,,,,,,,,,,,,,,,,,,,,,,,,,,,,,,,,,,,,,,,,,,,,,,,,,,,,,,,,,,,,,,,,,,,,,,
1769161679.651531,1769161679.651029,103.0,0.0,4310.384766,4281.922852,4406.025879,4372.436035,4267.307617,4279.487305,4286.025879,4281.538574,4279.871582,4263.461426,4583.846191,4538.589844,4415.512695,4522.563965,,,,,,,,,,,,,,,,,,,,,,,,,,,,,,,,,,,,,,,,,,,,,,,,,,,,,,,,,,,,,,,,,,,,,,
1769161679.659339,1769161679.659038,104.0,0.0,4308.846191,4280.0,4402.94873,4372.307617,4266.410156,4278.077148,4288.077148,4282.692383,4279.230957,4262.563965,4574.743652,4529.102539,4412.820313,4519.102539,,,,,,,,,,,,,,,,,,,,,,,,,,,,,,,,,,,,,,,,,,,,,,,,,,,,,,,,,,,,,,,,,,,,,,
1769161679.667148,1769161679.666846,105.0,0.0,4312.94873,4283.846191,4404.615234,4375.256348,4265.384766,4274.102539,4284.358887,4281.922852,4279.358887,4264.358887,4571.153809,4526.282227,4413.077148,4515.0,,,,,,,,,,,,,,,,,,,,,,,,,,,,,,,,,,,,,,,,,,,,,,,,,,,,,,,,,,,,,,,,,,,,,,
1769161679.674956,1769161679.674754,106.0,0.0,4316.922852,4286.666504,4408.717773,4377.692383,4266.922852,4273.461426,4277.94873,4281.282227,4280.512695,4266.153809,4574.871582,4530.641113,4414.358887,4509.487305,,,,,,,,,,,,,,,,,,,,,,,,,,,,,,,,,,,,,,,,,,,,,,,,,,,,,,,,,,,,,,,,,,,,,,
1769161679.682765,1769161679.682563,107.0,0.0,4313.461426,4282.307617,4406.922852,4376.153809,4268.461426,4276.153809,4278.717773,4281.666504,4278.077148,4263.333496,4574.615234,4527.692383,4407.563965,4505.897461,,,,,,,,,,,,,,,,,,,,,,,,,,,,,,,,,,,,,,,,,,,,,,,,,,,,,,,,,,,,,,,,,,,,,,
1769161679.690573,1769161679.690571,108.0,0.0,4310.0,4280.384766,4399.615234,4370.256348,4267.563965,4272.94873,4278.717773,4279.230957,4275.769043,4261.794922,4571.153809,4522.436035,4402.179688,4507.692383,,,,,,,,,,,,,,,,,,,,,,,,,,,,,,,,,,,,,,,,,,,,,,,,,,,,,,,,,,,,,,,,,,,,,,
