Timestamp,OriginalTimestamp,EEG.Counter,EEG.Interpolated,EEG.AF3,EEG.F7,EEG.F3,EEG.FC5,EEG.T7,EEG.P7,EEG.O1,EEG.O2,EEG.P8,EEG.T8,EEG.FC6,EEG.F4,EEG.F8,EEG.AF4,POW.AF3.Theta,POW.AF3.Alpha,POW.AF3.BetaL,POW.AF3.BetaH,POW.AF3.Gamma,POW.F7.Theta,POW.F7.Alpha,POW.F7.BetaL,POW.F7.BetaH,POW.F7.Gamma,POW.F3.Theta,POW.F3.Alpha,POW.F3.BetaL,POW.F3.BetaH,POW.F3.Gamma,POW.FC5.Theta,POW.FC5.Alpha,POW.FC5.BetaL,POW.FC5.BetaH,POW.FC5.Gamma,POW.T7.Theta,POW.T7.Alpha,POW.T7.BetaL,POW.T7.BetaH,POW.T7.Gamma,POW.P7.Theta,POW.P7.Alpha,POW.P7.BetaL,POW.P7.BetaH,POW.P7.Gamma,POW.O1.Theta,POW.O1.Alpha,POW.O1.BetaL,POW.O1.BetaH,POW.O1.Gamma,POW.O2.Theta,POW.O2.Alpha,POW.O2.BetaL,POW.O2.BetaH,POW.O2.Gamma,POW.P8.Theta,POW.P8.Alpha,POW.P8.BetaL,POW.P8.BetaH,POW.P8.Gamma,POW.T8.Theta,POW.T8.Alpha,POW.T8.BetaL,POW.T8.BetaH,POW.T8.Gamma,POW.FC6.Theta,POW.FC6.Alpha,POW.FC6.BetaL,POW.FC6.BetaH,POW.FC6.Gamma,POW.F4.Theta,POW.F4.Alpha,POW.F4.BetaL,POW.F4.BetaH,POW.F4.Gamma,POW.F8.Theta,POW.F8.Alpha,POW.F8.BetaL,POW.F8.BetaH,POW.F8.Gamma,POW.AF4.Theta,POW.AF4.Alpha,POW.AF4.BetaL,POW.AF4.BetaH,POW.AF4.Gamma
1769162112.067947,1769162112.068803,57.0,0.0,4315.512695,4302.436035,4305.128418,4338.974121,4281.153809,4286.410156,4274.102539,4277.94873,4278.333496,4276.282227,4579.743652,4556.538574,4427.94873,4530.128418,,,,,,,,,,,,,,,,,,,,,,,,,,,,,,,,,,,,,,,,,,,,,,,,,,,,,,,,,,,,,,,,,,,,,,
1769162112.075756,1769162112.076512,58.0,0.0,4322.307617,4301.666504,4305.897461,4338.846191,4282.436035,4282.94873,4268.205078,4278.077148,4280.512695,4278.589844,4578.461426,4556.153809,4427.05127,4530.0,,,,,,,,,,,,,,,,,,,,,,,,,,,,,,,,,,,,,,,,,,,,,,,,,,,,,,,,,,,,,,,,,,,,,,
1769162112.083564,1769162112.08432,59.0,0.0,4316.025879,4292.692383,4302.692383,4331.922852,4282.563965,4281.794922,4263.077148,4276.794922,4280.897461,4277.563965,4575.128418,4552.94873,4427.307617,4523.333496,,,,,,,,,,,,,,,,,,,,,,,,,,,,,,,,,,,,,,,,,,,,,,,,,,,,,,,,,,,,,,,,,,,,,,
1769162112.091373,1769162112.091929,60.0,0.0,4308.333496,4292.94873,4307.05127,4332.307617,4282.820313,4286.153809,4267.563965,4275.512695,4280.384766,4277.94873,4579.487305,4555.128418,4430.0,4524.358887,,,,,,,,,,,,,,,,,,,,,,,,,,,,,,,,,,,,,,,,,,,,,,,,,,,,,,,,,,,,,,,,,,,,,,
1769162112.099181,1769162112.099737,61.0,0.0,4314.871582,4302.94873,4316.153809,4340.128418,4281.410156,4284.102539,4268.589844,4278.205078,4281.794922,4277.820313,4583.077148,4564.358887,4429.743652,4528.077148,,,,,,,,,,,,,,,,,,,,,,,,,,,,,,,,,,,,,,,,,,,,,,,,,,,,,,,,,,,,,,,,,,,,,,
1769162112.10699,1769162112.107446,62.0,0.0,4321.538574,4302.94873,4321.538574,4338.205078,4279.871582,4278.974121,4262.94873,4279.358887,4281.282227,4277.94873,4580.641113,4564.487305,4428.461426,4527.05127,1.176979,0.495962,0.238951,0.444248,0.236018,0.649582,0.213646,0.161488,0.232336,0.151273,0.9026,0.152859,0.166124,0.192024,0.197211,0.63139,0.108603,0.135328,0.195657,0.119855,0.254043,0.090581,0.116921,0.113121,0.052668,0.208298,0.049835,0.068673,0.070941,0.08015,0.287827,0.402984,0.123438,0.140624,0.088708,0.549548,0.271195,0.147666,0.24228,0.116849,0.304578,0.244851,0.060694,0.09835,0.086988,0.23628,0.347356,0.10065,0.16078,0.266228,0.582121,0.626991,0.300275,0.086426,0.110023,1.018512,0.791826,0.266955,0.325117,0.237866,0.593959,0.713067,0.407942,0.110592,0.164686,1.620987,1.014592,0.453061,0.160165,0.302742
1769162112.114798,1769162112.115254,63.0,0.0,4321.153809,4296.922852,4322.179688,4328.846191,4279.487305,4278.974121,4261.410156,4275.128418,4277.820313,4278.717773,4580.897461,4555.512695,4428.974121,4526.282227,,,,,,,,,,,,,,,,,,,,,,,,,,,,,,,,,,,,,,,,,,,,,,,,,,,,,,,,,,,,,,,,,,,,,,
1769162112.122606,1769162112.123262,64.0,0.0,4315.128418,4296.666504,4319.230957,4325.769043,4278.974121,4279.871582,4264.487305,4275.128418,4277.436035,4278.846191,4581.922852,4555.0,4426.410156,4525.641113,,,,,,,,,,,,,,,,,,,,,,,,,,,,,,,,,,,,,,,,,,,,,,,,,,,,,,,,,,,,,,,,,,,,,,
1769162112.130415,1769162112.131071,65.0,0.0,4310.384766,4298.077148,4319.358887,4328.333496,4280.256348,4280.512695,4268.205078,4279.230957,4280.769043,4278.589844,4577.94873,4559.102539,4425.384766,4522.563965,,,,,,,,,,,,,,,,,,,,,,,,,,,,,,,,,,,,,,,,,,,,,,,,,,,,,,,,,,,,,,,,,,,,,,
1769162112.138223,1769162112.138979,66.0,0.0,4313.974121,4297.436035,4321.410156,4330.256348,4282.436035,4282.307617,4273.205078,4277.692383,4280.0,4278.589844,4574.102539,4556.282227,4427.820313,4521.153809,,,,,,,,,,,,,,,,,,,,,,,,,,,,,,,,,,,,,,,,,,,,,,,,,,,,,,,,,,,,,,,,,,,,,,
1769162112.146032,1769162112.146788,67.0,0.0,4317.179688,4296.666504,4316.538574,4326.922852,4281.666504,4281.025879,4275.0,4275.769043,4277.436035,4278.205078,4570.512695,4552.307617,4427.307617,4521.922852,,,,,,,,,,,,,,,,,,,,,,,,,,,,,,,,,,,,,,,,,,,,,,,,,,,,,,,,,,,,,,,,,,,,,,
1769162112.15384,1769162112.154796,68.0,0.0,4310.641113,4294.358887,4309.615234,4323.333496,4280.897461,4280.256348,4268.077148,4278.846191,4279.358887,4279.871582,4571.666504,4552.692383,4425.641113,4522.563965,,,,,,,,,,,,,,,,,,,,,,,,,,,,,,,,,,,,,,,,,,,,,,,,,,,,,,,,,,,,,,,,,,,,,,
1769162112.161649,1769162112.162604,69.0,0.0,4308.205078,4291.794922,4311.538574,4324.615234,4283.205078,4281.282227,4265.128418,4277.05127,4281.153809,4279.871582,4580.256348,4559.358887,4428.077148,4523.974121,,,,,,,,,,,,,,,,,,,,,,,,,,,,,,,,,,,,,,,,,,,,,,,,,,,,,,,,,,,,,,,,,,,,,,
1769162112.169457,1769162112.170313,70.0,0.0,4316.666504,4295.0,4319.615234,4328.974121,4283.589844,4281.025879,4268.077148,4273.205078,4278.974121,4279.102539,4585.256348,4566.282227,4429.615234,4527.692383,,,,,,,,,,,,,,,,,,,,,,,,,,,,,,,,,,,,,,,,,,,,,,,,,,,,,,,,,,,,,,,,,,,,,,
1769162112.177266,1769162112.178121,71.0,0.0,4318.974121,4297.436035,4319.743652,4328.461426,4279.871582,4277.179688,4263.461426,4276.538574,4278.589844,4287.05127,4583.974121,4564.487305,4429.358887,4533.077148,,,,,,,,,,,,,,,,,,,,,,,,,,,,,,,,,,,,,,,,,,,,,,,,,,,,,,,,,,,,,,,,,,,,,,
1769162112.185074,1769162112.18593,72.0,0.0,4312.05127,4295.128418,4310.512695,4323.461426,4278.205078,4280.256348,4265.769043,4279.871582,4281.025879,4288.333496,4583.717773,4557.179688,4429.230957,4530.641113,,,,,,,,,,,,,,,,,,,,,,,,,,,,,,,,,,,,,,,,,,,,,,,,,,,,,,,,,,,,,,,,,,,,,,
1769162112.192882,1769162112.193738,73.0,0.0,4307.820313,4290.641113,4304.230957,4321.153809,4279.230957,4286.922852,4277.307617,4279.615234,4281.666504,4278.077148,4581.282227,4555.256348,4427.307617,4524.615234,,,,,,,,,,,,,,,,,,,,,,,,,,,,,,,,,,,,,,,,,,,,,,,,,,,,,,,,,,,,,,,,,,,,,,
1769162112.200691,1769162112.201447,74.0,0.0,4312.94873,4289.102539,4309.487305,4324.102539,4278.974121,4281.794922,4271.538574,4279.102539,4279.743652,4285.0,4580.769043,4562.94873,4427.436035,4529.358887,,,,,,,,,,,,,,,,,,,,,,,,,,,,,,,,,,,,,,,,,,,,,,,,,,,,,,,,,,,,,,,,,,,,,,
1769162112.208499,1769162112.209255,75.0,0.0,4323.974121,4294.743652,4322.94873,4327.820313,4277.692383,4273.717773,4260.0,4278.846191,4278.461426,4298.077148,4585.641113,4572.436035,4430.384766,4539.230957,,,,,,,,,,,,,,,,,,,,,,,,,,,,,,,,,,,,,,,,,,,,,,,,,,,,,,,,,,,,,,,,,,,,,,
1769162112.216308,1769162112.216864,76.0,0.0,4328.461426,4298.333496,4326.794922,4328.077148,4278.461426,4274.743652,4265.256348,4276.922852,4280.0,4287.820313,4582.179688,4573.461426,4430.128418,4538.974121,,,,,,,,,,,,,,,,,,,,,,,,,,,,,,,,,,,,,,,,,,,,,,,,,,,,,,,,,,,,,,,,,,,,,,
1769162112.224116,1769162112.224672,77.0,0.0,4321.410156,4294.230957,4317.436035,4326.410156,4277.692383,4276.282227,4268.461426,4274.358887,4279.102539,4276.153809,4572.307617,4563.077148,4426.794922,4530.128418,,,,,,,,,,,,,,,,,,,,,,,,,,,,,,,,,,,,,,,,,,,,,,,,,,,,,,,,,,,,,,,,,,,,,,
1769162112.231925,1769162112.232381,78.0,0.0,4311.666504,4289.615234,4308.077148,4325.0,4276.538574,4276.410156,4265.897461,4275.256348,4280.512695,4281.282227,4570.0,4554.358887,4425.384766,4523.205078,0.850301,0.519881,0.25531,0.49787,0.252296,0.615011,0.25255,0.159168,0.274853,0.153933,0.969668,0.173359,0.180353,0.236538,0.194969,0.631006,0.117808,0.13561,0.210393,0.135377,0.21972,0.087417,0.104656,0.099087,0.044511,0.213833,0.066443,0.09265,0.086173,0.079151,0.285484,0.371326,0.1056,0.135456,0.076605,0.597338,0.255998,0.178982,0.224706,0.109024,0.392191,0.272697,0.066591,0.097555,0.084046,0.227638,0.353781,0.116583,0.164465,0.259836,0.517157,0.686743,0.245974,0.080281,0.114012,1.013649,0.951502,0.216405,0.335647,0.220457,0.449927,0.726673,0.31832,0.116193,0.157371,0.944161,1.108721,0.378685,0.162869,0.334329
1769162112.239733,1769162112.240189,79.0,0.0,4310.641113,4288.333496,4306.410156,4324.743652,4282.692383,4281.410156,4276.282227,4278.846191,4286.025879,4282.307617,4571.922852,4553.717773,4425.256348,4522.820313,,,,,,,,,,,,,,,,,,,,,,,,,,,,,,,,,,,,,,,,,,,,,,,,,,,,,,,,,,,,,,,,,,,,,,
1769162112.247542,1769162112.248198,80.0,0.0,4313.205078,4289.615234,4308.333496,4327.436035,4287.05127,4283.333496,4278.589844,4278.846191,4285.384766,4278.846191,4571.666504,4555.256348,4421.922852,4521.153809,,,,,,,,,,,,,,,,,,,,,,,,,,,,,,,,,,,,,,,,,,,,,,,,,,,,,,,,,,,,,,,,,,,,,,
1769162112.25535,1769162112.256006,81.0,0.0,4311.922852,4288.974121,4307.820313,4328.461426,4281.025879,4280.769043,4271.538574,4276.282227,4279.102539,4277.05127,4569.358887,4554.615234,4414.358887,4510.384766,,,,,,,,,,,,,,,,,,,,,,,,,,,,,,,,,,,,,,,,,,,,,,,,,,,,,,,,,,,,,,,,,,,,,,
1769162112.263158,1769162112.263914,82.0,0.0,4309.871582,4287.820313,4303.974121,4326.666504,4280.128418,4280.512695,4271.153809,4277.307617,4280.128418,4278.205078,4567.692383,4552.94873,4410.128418,4504.102539,,,,,,,,,,,,,,,,,,,,,,,,,,,,,,,,,,,,,,,,,,,,,,,,,,,,,,,,,,,,,,,,,,,,,,
1769162112.270967,1769162112.271723,83.0,0.0,4314.230957,4291.922852,4302.820313,4330.384766,4288.717773,4279.358887,4268.205078,4279.487305,4288.589844,4288.077148,4574.230957,4555.769043,4421.025879,4516.282227,,,,,,,,,,,,,,,,,,,,,,,,,,,,,,,,,,,,,,,,,,,,,,,,,,,,,,,,,,,,,,,,,,,,,,
1769162112.278775,1769162112.279331,84.0,0.0,4320.897461,4296.282227,4304.487305,4335.641113,4289.487305,4278.077148,4266.538574,4279.487305,4290.769043,4287.563965,4583.333496,4558.717773,4432.436035,4527.436035,,,,,,,,,,,,,,,,,,,,,,,,,,,,,,,,,,,,,,,,,,,,,,,,,,,,,,,,,,,,,,,,,,,,,,
1769162112.286584,1769162112.28714,85.0,0.0,4321.922852,4296.025879,4301.410156,4335.512695,4285.256348,4279.358887,4269.358887,4278.333496,4286.666504,4276.153809,4581.410156,4555.769043,4429.358887,4523.974121,,,,,,,,,,,,,,,,,,,,,,,,,,,,,,,,,,,,,,,,,,,,,,,,,,,,,,,,,,,,,,,,,,,,,,
1769162112.294392,1769162112.294848,86.0,0.0,4318.589844,4294.615234,4296.410156,4332.307617,4285.897461,4279.615234,4267.94873,4278.461426,4286.922852,4281.666504,4578.589844,4553.589844,4425.897461,4521.282227,,,,,,,,,,,,,,,,,,,,,,,,,,,,,,,,,,,,,,,,,,,,,,,,,,,,,,,,,,,,,,,,,,,,,,
1769162112.302201,1769162112.302657,87.0,0.0,4317.05127,4291.922852,4296.794922,4328.461426,4285.128418,4277.05127,4268.717773,4279.871582,4291.922852,4291.922852,4581.922852,4560.897461,4429.358887,4524.743652,,,,,,,,,,,,,,,,,,,,,,,,,,,,,,,,,,,,,,,,,,,,,,,,,,,,,,,,,,,,,,,,,,,,,,
1769162112.310009,1769162112.310665,88.0,0.0,4318.461426,4287.94873,4297.94873,4325.256348,4282.05127,4278.974121,4277.94873,4282.307617,4290.769043,4284.230957,4582.05127,4565.0,4429.487305,4525.256348,,,,,,,,,,,,,,,,,,,,,,,,,,,,,,,,,,,,,,,,,,,,,,,,,,,,,,,,,,,,,,,,,,,,,,
1769162112.317818,1769162112.318474,89.0,0.0,4318.333496,4290.0,4295.512695,4325.0,4280.769043,4277.94873,4277.692383,4278.846191,4283.205078,4278.461426,4582.179688,4559.230957,4427.179688,4523.717773,,,,,,,,,,,,,,,,,,,,,,,,,,,,,,,,,,,,,,,,,,,,,,,,,,,,,,,,,,,,,,,,,,,,,,
1769162112.325626,1769162112.326382,90.0,0.0,4314.871582,4292.563965,4293.077148,4326.666504,4279.230957,4266.666504,4272.692383,4268.846191,4279.102539,4283.077148,4580.641113,4555.641113,4428.589844,4523.974121,,,,,,,,,,,,,,,,,,,,,,,,,,,,,,,,,,,,,,,,,,,,,,,,,,,,,,,,,,,,,,,,,,,,,,
1769162112.333435,1769162112.33419,91.0,0.0,4310.897461,4286.794922,4296.153809,4325.641113,4276.794922,4264.487305,4277.563965,4267.436035,4276.794922,4280.0,4573.974121,4558.461426,4428.461426,4523.717773,,,,,,,,,,,,,,,,,,,,,,,,,,,,,,,,,,,,,,,,,,,,,,,,,,,,,,,,,,,,,,,,,,,,,,
1769162112.341243,1769162112.342199,92.0,0.0,4312.307617,4282.563965,4300.897461,4323.974121,4277.05127,4269.487305,4273.461426,4277.307617,4275.769043,4277.436035,4575.128418,4564.487305,4426.922852,4521.538574,,,,,,,,,,,,,,,,,,,,,,,,,,,,,,,,,,,,,,,,,,,,,,,,,,,,,,,,,,,,,,,,,,,,,,
1769162112.349052,1769162112.350007,93.0,0.0,4321.666504,4286.922852,4303.974121,4325.641113,4279.487305,4268.205078,4263.974121,4282.307617,4278.974121,4281.794922,4584.487305,4569.871582,4428.077148,4524.743652,,,,,,,,,,,,,,,,,,,,,,,,,,,,,,,,,,,,,,,,,,,,,,,,,,,,,,,,,,,,,,,,,,,,,,
1769162112.35686,1769162112.357716,94.0,0.0,4325.769043,4291.025879,4305.128418,4327.436035,4281.666504,4271.538574,4266.794922,4279.358887,4280.769043,4279.743652,4586.666504,4570.769043,4430.897461,4530.384766,0.708062,0.567448,0.33518,0.529885,0.271319,0.570233,0.295161,0.185527,0.307022,0.155838,1.014041,0.218593,0.208339,0.268978,0.192821,0.586374,0.123509,0.136362,0.204648,0.146463,0.175665,0.086982,0.097856,0.086983,0.037715,0.217707,0.102468,0.123679,0.095285,0.078429,0.298002,0.341116,0.098308,0.128467,0.068752,0.623577,0.233993,0.201871,0.208103,0.103567,0.468423,0.278506,0.069983,0.093495,0.08327,0.227187,0.362515,0.134022,0.160263,0.259449,0.485912,0.760294,0.246423,0.080432,0.124401,1.055646,1.066498,0.208729,0.32321,0.210969,0.386052,0.741844,0.272755,0.122871,0.153307,0.661156,1.267994,0.400826,0.173717,0.357567
1769162112.364668,1769162112.365524,95.0,0.0,4315.128418,4287.692383,4301.538574,4326.153809,4282.692383,4279.743652,4278.461426,4282.820313,4279.615234,4280.256348,4583.461426,4570.256348,4430.256348,4529.230957,,,,,,,,,,,,,,,,,,,,,,,,,,,,,,,,,,,,,,,,,,,,,,,,,,,,,,,,,,,,,,,,,,,,,,
1769162112.372477,1769162112.373432,96.0,0.0,4303.717773,4281.666504,4295.769043,4322.307617,4287.05127,4280.641113,4282.820313,4290.897461,4283.077148,4281.794922,4582.563965,4571.666504,4424.871582,4523.974121,,,,,,,,,,,,,,,,,,,,,,,,,,,,,,,,,,,,,,,,,,,,,,,,,,,,,,,,,,,,,,,,,,,,,,
1769162112.380285,1769162112.381241,97.0,0.0,4303.717773,4277.820313,4290.512695,4319.102539,4290.128418,4281.666504,4280.0,4294.230957,4288.589844,4271.025879,4578.077148,4568.205078,4422.179688,4521.025879,,,,,,,,,,,,,,,,,,,,,,,,,,,,,,,,,,,,,,,,,,,,,,,,,,,,,,,,,,,,,,,,,,,,,,
1769162112.388094,1769162112.388949,98.0,0.0,4307.820313,4280.128418,4291.282227,4320.256348,4284.230957,4282.563965,4280.384766,4292.94873,4290.384766,4272.307617,4576.794922,4564.487305,4423.333496,4520.384766,,,,,,,,,,,,,,,,,,,,,,,,,,,,,,,,,,,,,,,,,,,,,,,,,,,,,,,,,,,,,,,,,,,,,,
1769162112.395902,1769162112.396758,99.0,0.0,4311.538574,4289.102539,4301.922852,4326.153809,4278.974121,4275.769043,4282.436035,4293.333496,4293.974121,4291.153809,4586.025879,4570.769043,4428.461426,4521.666504,,,,,,,,,,,,,,,,,,,,,,,,,,,,,,,,,,,,,,,,,,,,,,,,,,,,,,,,,,,,,,,,,,,,,,
1769162112.403711,1769162112.404367,100.0,0.0,4312.692383,4295.128418,4311.410156,4328.974121,4281.153809,4272.692383,4280.641113,4294.230957,4295.641113,4291.794922,4588.589844,4572.563965,4432.820313,4524.102539,,,,,,,,,,,,,,,,,,,,,,,,,,,,,,,,,,,,,,,,,,,,,,,,,,,,,,,,,,,,,,,,,,,,,,
1769162112.411519,1769162112.412175,101.0,0.0,4310.769043,4294.743652,4308.974121,4326.922852,4282.94873,4273.205078,4276.666504,4284.487305,4285.897461,4276.666504,4580.769043,4561.282227,4424.230957,4518.461426,,,,,,,,,,,,,,,,,,,,,,,,,,,,,,,,,,,,,,,,,,,,,,,,,,,,,,,,,,,,,,,,,,,,,,
1769162112.419328,1769162112.419884,102.0,0.0,4309.358887,4292.307617,4303.717773,4326.025879,4279.743652,4270.512695,4275.641113,4275.512695,4277.820313,4275.0,4574.615234,4553.205078,4408.717773,4508.205078,,,,,,,,,,,,,,,,,,,,,,,,,,,,,,,,,,,,,,,,,,,,,,,,,,,,,,,,,,,,,,,,,,,,,,
1769162112.427136,1769162112.427692,103.0,0.0,4311.922852,4294.102539,4306.282227,4325.769043,4280.641113,4274.615234,4276.794922,4277.820313,4279.615234,4280.769043,4575.384766,4555.769043,4409.358887,4507.307617,,,,,,,,,,,,,,,,,,,,,,,,,,,,,,,,,,,,,,,,,,,,,,,,,,,,,,,,,,,,,,,,,,,,,,
1769162112.434945,1769162112.4357,104.0,0.0,4315.256348,4297.179688,4309.102539,4325.769043,4285.512695,4276.794922,4279.102539,4279.102539,4280.128418,4276.794922,4579.230957,4560.641113,4424.487305,4512.179688,,,,,,,,,,,,,,,,,,,,,,,,,,,,,,,,,,,,,,,,,,,,,,,,,,,,,,,,,,,,,,,,,,,,,,
1769162112.442753,1769162112.443509,105.0,0.0,4314.487305,4296.282227,4309.615234,4327.820313,4285.0,4268.846191,4276.153809,4276.025879,4278.589844,4272.692383,4582.05127,4564.102539,4427.692383,4514.871582,,,,,,,,,,,,,,,,,,,,,,,,,,,,,,,,,,,,,,,,,,,,,,,,,,,,,,,,,,,,,,,,,,,,,,
1769162112.450561,1769162112.451417,106.0,0.0,4312.563965,4293.846191,4308.846191,4327.563965,4279.102539,4266.794922,4270.128418,4276.922852,4280.256348,4277.05127,4580.256348,4567.179688,4416.153809,4516.666504,,,,,,,,,,,,,,,,,,,,,,,,,,,,,,,,,,,,,,,,,,,,,,,,,,,,,,,,,,,,,,,,,,,,,,
1769162112.45837,1769162112.459225,107.0,0.0,4313.846191,4294.230957,4309.102539,4326.538574,4283.846191,4274.358887,4272.692383,4279.743652,4282.179688,4283.589844,4581.153809,4570.0,4415.897461,4521.922852,,,,,,,,,,,,,,,,,,,,,,,,,,,,,,,,,,,,,,,,,,,,,,,,,,,,,,,,,,,,,,,,,,,,,,
1769162112.466178,1769162112.467234,108.0,0.0,4313.461426,4293.589844,4310.641113,4326.025879,4292.307617,4277.179688,4278.974121,4279.102539,4282.436035,4280.897461,4584.358887,4570.897461,4426.794922,4523.589844,,,,,,,,,,,,,,,,,,,,,,,,,,,,,,,,,,,,,,,,,,,,,,,,,,,,,,,,,,,,,,,,,,,,,,
1769162112.473987,1769162112.475042,109.0,0.0,4314.871582,4292.05127,4310.256348,4324.487305,4287.94873,4276.282227,4279.102539,4277.563965,4282.05127,4276.538574,4582.692383,4569.487305,4424.102539,4521.794922,,,,,,,,,,,,,,,,,,,,,,,,,,,,,,,,,,,,,,,,,,,,,,,,,,,,,,,,,,,,,,,,,,,,,,
1769162112.481795,1769162112.482751,110.0,0.0,4321.794922,4291.153809,4313.717773,4327.563965,4283.589844,4277.692383,4278.205078,4276.025879,4279.871582,4278.461426,4579.230957,4569.615234,4415.769043,4521.153809,0.666989,0.623603,0.463115,0.522918,0.287687,0.500885,0.336152,0.234232,0.321318,0.156943,1.014309,0.279826,0.24702,0.279721,0.193329,0.502126,0.122793,0.135947,0.180663,0.151729,0.131912,0.088374,0.094078,0.076689,0.033168,0.2183,0.153232,0.153704,0.097041,0.078886,0.301542,0.31275,0.100714,0.12609,0.066457,0.614695,0.211082,0.20849,0.190855,0.098991,0.505412,0.260031,0.071286,0.08563,0.082183,0.239154,0.361251,0.148361,0.149287,0.256018,0.459096,0.821225,0.292834,0.083739,0.137015,1.065995,1.097507,0.247313,0.290916,0.21411,0.363738,0.739707,0.268951,0.127758,0.14966,0.619986,1.447895,0.498392,0.185299,0.370687
1769162112.489604,1769162112.490559,111.0,0.0,4322.05127,4291.282227,4318.846191,4335.384766,4288.589844,4277.179688,4279.871582,4277.179688,4279.615234,4277.307617,4580.256348,4572.05127,4424.615234,4520.641113,,,,,,,,,,,,,,,,,,,,,,,,,,,,,,,,,,,,,,,,,,,,,,,,,,,,,,,,,,,,,,,,,,,,,,
1769162112.497412,1769162112.498168,112.0,0.0,4313.974121,4291.410156,4316.153809,4334.743652,4287.820313,4276.025879,4278.846191,4279.615234,4281.538574,4279.230957,4582.436035,4571.153809,4428.589844,4520.384766,,,,,,,,,,,,,,,,,,,,,,,,,,,,,,,,,,,,,,,,,,,,,,,,,,,,,,,,,,,,,,,,,,,,,,
1769162112.505221,1769162112.505976,113.0,0.0,4308.589844,4287.692383,4310.128418,4326.538574,4282.179688,4278.974121,4278.077148,4280.384766,4281.922852,4278.333496,4583.333496,4568.717773,4416.410156,4519.102539,,,,,,,,,,,,,,,,,,,,,,,,,,,,,,,,,,,,,,,,,,,,,,,,,,,,,,,,,,,,,,,,,,,,,,
1769162112.513029,1769162112.513885,114.0,0.0,4306.282227,4283.589844,4309.871582,4324.871582,4281.666504,4280.384766,4281.025879,4280.128418,4281.153809,4266.922852,4577.436035,4567.307617,4409.743652,4518.846191,,,,,,,,,,,,,,,,,,,,,,,,,,,,,,,,,,,,,,,,,,,,,,,,,,,,,,,,,,,,,,,,,,,,,,
1769162112.520837,1769162112.521693,115.0,0.0,4307.563965,4287.436035,4311.794922,4328.461426,4281.153809,4276.282227,4280.384766,4277.94873,4280.641113,4268.205078,4571.410156,4566.922852,4414.102539,4520.256348,,,,,,,,,,,,,,,,,,,,,,,,,,,,,,,,,,,,,,,,,,,,,,,,,,,,,,,,,,,,,,,,,,,,,,
1769162112.528646,1769162112.529701,116.0,0.0,4312.820313,4293.333496,4312.94873,4327.820313,4280.0,4274.230957,4275.897461,4276.153809,4280.0,4283.077148,4577.05127,4569.871582,4419.102539,4523.717773,,,,,,,,,,,,,,,,,,,,,,,,,,,,,,,,,,,,,,,,,,,,,,,,,,,,,,,,,,,,,,,,,,,,,,
1769162112.536454,1769162112.53751,117.0,0.0,4314.102539,4289.871582,4313.846191,4325.641113,4281.153809,4278.461426,4272.820313,4272.436035,4277.94873,4279.743652,4578.974121,4568.077148,4419.102539,4521.153809,,,,,,,,,,,,,,,,,,,,,,,,,,,,,,,,,,,,,,,,,,,,,,,,,,,,,,,,,,,,,,,,,,,,,,
1769162112.544263,1769162112.545418,118.0,0.0,4310.128418,4288.717773,4312.563965,4325.256348,4280.641113,4278.461426,4273.333496,4267.692383,4274.615234,4264.615234,4568.846191,4557.179688,4412.820313,4511.410156,,,,,,,,,,,,,,,,,,,,,,,,,,,,,,,,,,,,,,,,,,,,,,,,,,,,,,,,,,,,,,,,,,,,,,
1769162112.552071,1769162112.553227,119.0,0.0,4311.153809,4293.846191,4310.384766,4326.153809,4280.256348,4274.358887,4275.512695,4270.769043,4275.384766,4270.769043,4568.205078,4552.820313,4411.153809,4508.974121,,,,,,,,,,,,,,,,,,,,,,,,,,,,,,,,,,,,,,,,,,,,,,,,,,,,,,,,,,,,,,,,,,,,,,
1769162112.55988,1769162112.560835,120.0,0.0,4310.769043,4289.871582,4309.102539,4326.153809,4281.153809,4275.512695,4278.333496,4276.922852,4280.0,4279.743652,4573.589844,4558.077148,4415.256348,4509.487305,,,,,,,,,,,,,,,,,,,,,,,,,,,,,,,,,,,,,,,,,,,,,,,,,,,,,,,,,,,,,,,,,,,,,,
1769162112.567688,1769162112.568644,121.0,0.0,4300.897461,4278.717773,4307.820313,4322.179688,4277.563965,4277.179688,4280.128418,4270.641113,4275.641113,4269.615234,4562.307617,4551.666504,4407.307617,4496.410156,,,,,,,,,,,,,,,,,,,,,,,,,,,,,,,,,,,,,,,,,,,,,,,,,,,,,,,,,,,,,,,,,,,,,,
1769162112.575497,1769162112.576352,122.0,0.0,4296.153809,4275.769043,4305.512695,4317.94873,4273.974121,4270.769043,4279.230957,4263.589844,4269.743652,4260.512695,4550.128418,4538.205078,4397.436035,4485.256348,,,,,,,,,,,,,,,,,,,,,,,,,,,,,,,,,,,,,,,,,,,,,,,,,,,,,,,,,,,,,,,,,,,,,,
1769162112.583305,1769162112.584161,123.0,0.0,4305.512695,4281.666504,4305.769043,4320.641113,4276.153809,4264.487305,4278.717773,4272.179688,4275.641113,4262.563965,4558.974121,4543.333496,4405.128418,4497.436035,,,,,,,,,,,,,,,,,,,,,,,,,,,,,,,,,,,,,,,,,,,,,,,,,,,,,,,,,,,,,,,,,,,,,,
1769162112.591113,1769162112.591769,124.0,0.0,4312.179688,4283.205078,4309.230957,4326.282227,4280.128418,4264.487305,4278.974121,4280.512695,4282.179688,4266.538574,4571.410156,4557.94873,4415.384766,4512.307617,,,,,,,,,,,,,,,,,,,,,,,,,,,,,,,,,,,,,,,,,,,,,,,,,,,,,,,,,,,,,,,,,,,,,,
1769162112.598922,1769162112.599578,125.0,0.0,4309.615234,4280.256348,4311.410156,4326.666504,4279.102539,4263.717773,4277.692383,4280.256348,4280.641113,4266.538574,4572.692383,4559.615234,4414.871582,4510.512695,,,,,,,,,,,,,,,,,,,,,,,,,,,,,,,,,,,,,,,,,,,,,,,,,,,,,,,,,,,,,,,,,,,,,,
1769162112.60673,1769162112.607286,126.0,0.0,4307.563965,4279.487305,4311.025879,4324.230957,4274.615234,4264.487305,4277.179688,4279.230957,4277.692383,4260.641113,4568.205078,4555.0,4405.128418,4505.512695,0.619838,0.6577,0.597596,0.477207,0.295198,0.414682,0.363916,0.287632,0.315536,0.156597,0.937925,0.342951,0.288267,0.269568,0.196368,0.405829,0.115197,0.133865,0.14666,0.151133,0.09758,0.094739,0.0893,0.066638,0.03118,0.217007,0.208026,0.174201,0.09401,0.08044,0.284318,0.2835,0.111185,0.133049,0.069785,0.571174,0.191009,0.196024,0.170778,0.094745,0.490388,0.228009,0.071285,0.075498,0.079637,0.257857,0.345503,0.156247,0.134834,0.244049,0.420777,0.846934,0.354978,0.088729,0.146875,1.010314,1.028787,0.313714,0.250689,0.22862,0.346759,0.701128,0.290635,0.13196,0.144049,0.665735,1.573411,0.622803,0.19224,0.372489
1769162112.614539,1769162112.615095,127.0,0.0,4308.846191,4280.384766,4310.128418,4324.230957,4274.615234,4270.384766,4277.692383,4276.538574,4277.05127,4255.897461,4564.871582,4555.0,4397.179688,4505.769043,,,,,,,,,,,,,,,,,,,,,,,,,,,,,,,,,,,,,,,,,,,,,,,,,,,,,,,,,,,,,,,,,,,,,,
1769162112.622347,1769162112.622703,0.0,0.0,4310.256348,4279.358887,4308.205078,4323.461426,4277.820313,4279.615234,4280.641113,4276.794922,4276.794922,4261.794922,4564.358887,4553.974121,4402.436035,4505.384766,,,,,,,,,,,,,,,,,,,,,,,,,,,,,,,,,,,,,,,,,,,,,,,,,,,,,,,,,,,,,,,,,,,,,,
1769162112.630156,1769162112.630512,1.0,0.0,4311.794922,4281.025879,4309.615234,4322.94873,4278.717773,4280.384766,4282.820313,4276.282227,4277.563965,4266.794922,4568.717773,4553.589844,4412.436035,4508.974121,,,,,,,,,,,,,,,,,,,,,,,,,,,,,,,,,,,,,,,,,,,,,,,,,,,,,,,,,,,,,,,,,,,,,,
1769162112.637964,1769162112.63822,2.0,0.0,4314.487305,4289.230957,4317.05127,4325.641113,4278.589844,4271.025879,4277.820313,4271.153809,4278.589844,4268.717773,4574.743652,4562.94873,4417.179688,4520.256348,,,,,,,,,,,,,,,,,,,,,,,,,,,,,,,,,,,,,,,,,,,,,,,,,,,,,,,,,,,,,,,,,,,,,,
1769162112.645773,1769162112.646029,3.0,0.0,4318.846191,4294.871582,4322.94873,4326.538574,4279.871582,4268.077148,4276.922852,4271.666504,4280.512695,4272.820313,4575.641113,4566.282227,4420.128418,4526.153809,,,,,,,,,,,,,,,,,,,,,,,,,,,,,,,,,,,,,,,,,,,,,,,,,,,,,,,,,,,,,,,,,,,,,,
1769162112.653581,1769162112.654037,4.0,0.0,4322.307617,4294.230957,4325.641113,4324.487305,4279.615234,4275.769043,4287.05127,4278.461426,4283.333496,4268.205078,4571.410156,4559.358887,4416.282227,4523.333496,,,,,,,,,,,,,,,,,,,,,,,,,,,,,,,,,,,,,,,,,,,,,,,,,,,,,,,,,,,,,,,,,,,,,,
1769162112.661389,1769162112.661845,5.0,0.0,4324.487305,4293.205078,4329.230957,4325.0,4278.717773,4278.461426,4288.974121,4278.589844,4287.307617,4263.589844,4570.128418,4558.461426,4411.282227,4520.512695,,,,,,,,,,,,,,,,,,,,,,,,,,,,,,,,,,,,,,,,,,,,,,,,,,,,,,,,,,,,,,,,,,,,,,
1769162112.669198,1769162112.669754,6.0,0.0,4321.282227,4294.871582,4328.333496,4325.384766,4280.384766,4273.461426,4280.641113,4277.94873,4295.0,4272.436035,4573.974121,4562.05127,4423.846191,4523.589844,,,,,,,,,,,,,,,,,,,,,,,,,,,,,,,,,,,,,,,,,,,,,,,,,,,,,,,,,,,,,,,,,,,,,,
1769162112.677006,1769162112.677562,7.0,0.0,4314.102539,4294.358887,4321.794922,4321.666504,4280.897461,4273.846191,4283.077148,4280.897461,4293.846191,4274.358887,4574.743652,4557.179688,4431.538574,4524.358887,,,,,,,,,,,,,,,,,,,,,,,,,,,,,,,,,,,,,,,,,,,,,,,,,,,,,,,,,,,,,,,,,,,,,,
1769162112.684815,1769162112.685171,8.0,0.0,4312.436035,4291.922852,4318.333496,4321.538574,4279.487305,4277.436035,4288.589844,4278.846191,4286.153809,4263.333496,4569.230957,4550.512695,4417.94873,4515.128418,,,,,,,,,,,,,,,,,,,,,,,,,,,,,,,,,,,,,,,,,,,,,,,,,,,,,,,,,,,,,,,,,,,,,,
1769162112.692623,1769162112.692979,9.0,0.0,4316.282227,4292.307617,4321.410156,4324.871582,4278.461426,4276.282227,4283.974121,4277.05127,4284.871582,4260.128418,4566.025879,4551.794922,4407.05127,4502.307617,,,,,,,,,,,,,,,,,,,,,,,,,,,,,,,,,,,,,,,,,,,,,,,,,,,,,,,,,,,,,,,,,,,,,,
1769162112.700432,1769162112.700888,10.0,0.0,4323.333496,4297.307617,4325.769043,4325.641113,4279.615234,4275.256348,4279.358887,4277.820313,4283.461426,4264.871582,4568.589844,4554.615234,4412.307617,4505.641113,,,,,,,,,,,,,,,,,,,,,,,,,,,,,,,,,,,,,,,,,,,,,,,,,,,,,,,,,,,,,,,,,,,,,,
1769162112.70824,1769162112.708696,11.0,0.0,4329.358887,4297.179688,4328.077148,4326.025879,4278.589844,4275.128418,4280.128418,4277.436035,4282.820313,4265.641113,4571.794922,4556.282227,4419.358887,4522.05127,,,,,,,,,,,,,,,,,,,,,,,,,,,,,,,,,,,,,,,,,,,,,,,,,,,,,,,,,,,,,,,,,,,,,,
1769162112.716049,1769162112.716704,12.0,0.0,4322.563965,4287.692383,4326.794922,4324.230957,4274.871582,4275.512695,4287.692383,4278.461426,4286.025879,4261.025879,4572.307617,4556.794922,4416.282227,4521.666504,,,,,,,,,,,,,,,,,,,,,,,,,,,,,,,,,,,,,,,,,,,,,,,,,,,,,,,,,,,,,,,,,,,,,,
1769162112.723857,1769162112.724513,13.0,0.0,4311.410156,4285.0,4322.436035,4319.615234,4275.769043,4276.666504,4291.538574,4279.743652,4283.974121,4260.384766,4572.05127,4556.410156,4410.641113,4508.077148,,,,,,,,,,,,,,,,,,,,,,,,,,,,,,,,,,,,,,,,,,,,,,,,,,,,,,,,,,,,,,,,,,,,,,
1769162112.731665,1769162112.732421,14.0,0.0,4311.922852,4289.743652,4322.05127,4320.512695,4279.102539,4278.717773,4286.538574,4280.897461,4279.871582,4270.512695,4572.307617,4557.05127,4410.769043,4506.538574,0.542814,0.646643,0.697769,0.410818,0.289465,0.335932,0.370825,0.325821,0.292783,0.153571,0.820769,0.394174,0.324306,0.248741,0.199013,0.33588,0.102914,0.131183,0.112916,0.14524,0.08105,0.110724,0.081337,0.055947,0.031908,0.214381,0.256214,0.180172,0.090848,0.082273,0.242717,0.254555,0.129917,0.149634,0.077533,0.518307,0.18516,0.1689,0.147285,0.090645,0.433971,0.205615,0.072361,0.066057,0.076204,0.272241,0.317845,0.156864,0.121554,0.226071,0.37818,0.829617,0.40066,0.096742,0.150893,0.918134,0.875162,0.379682,0.216826,0.246794,0.333514,0.621088,0.315959,0.13909,0.137446,0.729167,1.575158,0.72878,0.193329,0.36152
1769162112.739474,1769162112.74023,15.0,0.0,4316.025879,4287.692383,4326.666504,4326.153809,4280.384766,4277.94873,4284.743652,4278.974121,4280.897461,4277.05127,4570.897461,4554.743652,4413.205078,4510.0,,,,,,,,,,,,,,,,,,,,,,,,,,,,,,,,,,,,,,,,,,,,,,,,,,,,,,,,,,,,,,,,,,,,,,
1769162112.747282,1769162112.748038,16.0,0.0,4313.205078,4286.410156,4326.922852,4323.846191,4280.128418,4275.641113,4290.897461,4281.153809,4283.205078,4270.897461,4571.282227,4553.333496,4411.025879,4506.794922,,,,,,,,,,,,,,,,,,,,,,,,,,,,,,,,,,,,,,,,,,,,,,,,,,,,,,,,,,,,,,,,,,,,,,
1769162112.755091,1769162112.755847,17.0,0.0,4309.102539,4286.282227,4322.05127,4316.153809,4275.128418,4278.974121,4294.102539,4288.333496,4284.358887,4263.333496,4578.077148,4558.333496,4410.0,4511.538574,,,,,,,,,,,,,,,,,,,,,,,,,,,,,,,,,,,,,,,,,,,,,,,,,,,,,,,,,,,,,,,,,,,,,,
1769162112.7629,1769162112.763555,18.0,0.0,4309.487305,4282.94873,4322.563965,4320.0,4272.307617,4277.563965,4287.692383,4286.794922,4283.333496,4263.974121,4582.179688,4567.179688,4417.436035,4525.897461,,,,,,,,,,,,,,,,,,,,,,,,,,,,,,,,,,,,,,,,,,,,,,,,,,,,,,,,,,,,,,,,,,,,,,
1769162112.770708,1769162112.771364,19.0,0.0,4312.436035,4286.410156,4326.538574,4327.563965,4277.94873,4268.333496,4279.358887,4277.820313,4279.871582,4272.05127,4576.282227,4567.307617,4420.641113,4525.384766,,,,,,,,,,,,,,,,,,,,,,,,,,,,,,,,,,,,,,,,,,,,,,,,,,,,,,,,,,,,,,,,,,,,,,
1769162112.778516,1769162112.779372,20.0,0.0,4312.179688,4290.0,4322.94873,4318.333496,4281.282227,4269.102539,4281.538574,4277.05127,4280.0,4276.794922,4568.717773,4557.179688,4413.077148,4510.0,,,,,,,,,,,,,,,,,,,,,,,,,,,,,,,,,,,,,,,,,,,,,,,,,,,,,,,,,,,,,,,,,,,,,,
1769162112.786325,1769162112.78718,21.0,0.0,4307.307617,4281.153809,4317.820313,4308.717773,4277.820313,4278.333496,4291.538574,4280.641113,4281.794922,4271.410156,4568.974121,4550.384766,4413.974121,4500.641113,,,,,,,,,,,,,,,,,,,,,,,,,,,,,,,,,,,,,,,,,,,,,,,,,,,,,,,,,,,,,,,,,,,,,,
1769162112.794133,1769162112.794889,22.0,0.0,4307.05127,4276.666504,4321.025879,4318.974121,4277.820313,4276.410156,4289.358887,4280.384766,4281.794922,4273.461426,4573.589844,4553.333496,4423.974121,4503.717773,,,,,,,,,,,,,,,,,,,,,,,,,,,,,,,,,,,,,,,,,,,,,,,,,,,,,,,,,,,,,,,,,,,,,,
1769162112.801942,1769162112.802697,23.0,0.0,4315.128418,4285.512695,4325.0,4328.589844,4279.230957,4271.025879,4283.589844,4281.410156,4282.692383,4280.769043,4574.358887,4555.769043,4419.871582,4508.205078,,,,,,,,,,,,,,,,,,,,,,,,,,,,,,,,,,,,,,,,,,,,,,,,,,,,,,,,,,,,,,,,,,,,,,
1769162112.80975,1769162112.810306,24.0,0.0,4320.128418,4292.692383,4323.077148,4324.358887,4279.102539,4278.077148,4291.153809,4283.077148,4286.410156,4269.358887,4570.0,4553.461426,4409.743652,4505.384766,,,,,,,,,,,,,,,,,,,,,,,,,,,,,,,,,,,,,,,,,,,,,,,,,,,,,,,,,,,,,,,,,,,,,,
1769162112.817559,1769162112.818114,25.0,0.0,4318.974121,4292.94873,4321.794922,4325.256348,4280.128418,4280.256348,4294.871582,4283.333496,4289.230957,4260.641113,4568.717773,4550.897461,4411.282227,4501.666504,,,,,,,,,,,,,,,,,,,,,,,,,,,,,,,,,,,,,,,,,,,,,,,,,,,,,,,,,,,,,,,,,,,,,,
1769162112.825367,1769162112.825823,26.0,0.0,4318.333496,4286.025879,4324.487305,4328.205078,4278.205078,4274.102539,4291.025879,4281.538574,4283.717773,4273.205078,4569.230957,4553.461426,4411.666504,4511.153809,,,,,,,,,,,,,,,,,,,,,,,,,,,,,,,,,,,,,,,,,,,,,,,,,,,,,,,,,,,,,,,,,,,,,,
1769162112.833176,1769162112.833631,27.0,0.0,4322.692383,4279.743652,4327.436035,4323.589844,4277.05127,4275.256348,4291.410156,4278.846191,4280.897461,4280.512695,4573.333496,4561.538574,4415.0,4522.307617,,,,,,,,,,,,,,,,,,,,,,,,,,,,,,,,,,,,,,,,,,,,,,,,,,,,,,,,,,,,,,,,,,,,,,
1769162112.840984,1769162112.84164,28.0,0.0,4321.794922,4282.179688,4326.922852,4320.897461,4280.128418,4278.333496,4293.333496,4285.641113,4290.0,4275.384766,4580.641113,4562.563965,4426.666504,4517.05127,,,,,,,,,,,,,,,,,,,,,,,,,,,,,,,,,,,,,,,,,,,,,,,,,,,,,,,,,,,,,,,,,,,,,,
1769162112.848792,1769162112.849448,29.0,0.0,4311.282227,4279.358887,4323.333496,4320.641113,4279.102539,4278.461426,4294.230957,4292.436035,4290.0,4270.128418,4578.077148,4555.512695,4424.358887,4505.0,,,,,,,,,,,,,,,,,,,,,,,,,,,,,,,,,,,,,,,,,,,,,,,,,,,,,,,,,,,,,,,,,,,,,,
1769162112.856601,1769162112.857356,30.0,0.0,4311.025879,4276.666504,4326.666504,4321.666504,4276.666504,4282.179688,4296.666504,4286.025879,4279.871582,4265.384766,4572.307617,4558.077148,4413.589844,4503.589844,0.463638,0.587936,0.735417,0.3484,0.269889,0.297358,0.35907,0.33484,0.259524,0.147022,0.712855,0.421918,0.348315,0.231761,0.197034,0.314427,0.088883,0.129637,0.087596,0.134874,0.081951,0.138271,0.071068,0.04561,0.035215,0.216608,0.293345,0.174168,0.092139,0.083517,0.188781,0.232365,0.156702,0.170952,0.0874,0.476058,0.209039,0.139256,0.122758,0.086449,0.361652,0.212623,0.07713,0.059964,0.072952,0.27174,0.286804,0.150675,0.113571,0.211548,0.346624,0.777823,0.407244,0.111278,0.149163,0.854144,0.685422,0.419383,0.199845,0.258076,0.332462,0.517976,0.324558,0.153682,0.134521,0.825546,1.441068,0.784649,0.19482,0.33752
1769162112.864409,1769162112.865165,31.0,0.0,4324.743652,4284.102539,4337.436035,4327.307617,4282.563965,4279.230957,4290.128418,4280.512695,4284.102539,4267.307617,4577.563965,4570.256348,4413.589844,4508.333496,,,,,,,,,,,,,,,,,,,,,,,,,,,,,,,,,,,,,,,,,,,,,,,,,,,,,,,,,,,,,,,,,,,,,,
1769162112.872218,1769162112.873173,32.0,0.0,4329.871582,4286.922852,4337.436035,4330.0,4289.487305,4266.410156,4278.974121,4284.743652,4295.384766,4273.589844,4580.641113,4572.820313,4415.641113,4508.846191,,,,,,,,,,,,,,,,,,,,,,,,,,,,,,,,,,,,,,,,,,,,,,,,,,,,,,,,,,,,,,,,,,,,,,
1769162112.880026,1769162112.880981,33.0,0.0,4318.333496,4279.871582,4326.922852,4325.769043,4290.0,4268.077148,4282.307617,4283.846191,4294.102539,4268.461426,4572.436035,4562.179688,4411.922852,4506.538574,,,,,,,,,,,,,,,,,,,,,,,,,,,,,,,,,,,,,,,,,,,,,,,,,,,,,,,,,,,,,,,,,,,,,,
1769162112.887835,1769162112.88869,34.0,0.0,4307.563965,4275.384766,4321.922852,4322.692383,4291.025879,4278.974121,4291.794922,4283.205078,4288.077148,4263.974121,4570.897461,4554.487305,4410.641113,4502.692383,,,,,,,,,,,,,,,,,,,,,,,,,,,,,,,,,,,,,,,,,,,,,,,,,,,,,,,,,,,,,,,,,,,,,,
1769162112.895643,1769162112.896498,35.0,0.0,4307.307617,4276.666504,4323.589844,4322.692383,4289.358887,4278.205078,4292.94873,4290.641113,4289.615234,4274.743652,4579.487305,4556.794922,4413.205078,4500.769043,,,,,,,,,,,,,,,,,,,,,,,,,,,,,,,,,,,,,,,,,,,,,,,,,,,,,,,,,,,,,,,,,,,,,,
1769162112.903452,1769162112.904507,36.0,0.0,4309.743652,4278.589844,4322.94873,4322.820313,4282.563965,4274.871582,4292.307617,4289.102539,4291.666504,4278.077148,4581.153809,4558.589844,4413.846191,4497.436035,,,,,,,,,,,,,,,,,,,,,,,,,,,,,,,,,,,,,,,,,,,,,,,,,,,,,,,,,,,,,,,,,,,,,,
1769162112.91126,1769162112.912315,37.0,0.0,4310.128418,4279.230957,4323.205078,4324.615234,4279.615234,4277.820313,4292.94873,4280.128418,4290.0,4264.871582,4572.820313,4553.333496,4413.461426,4491.922852,,,,,,,,,,,,,,,,,,,,,,,,,,,,,,,,,,,,,,,,,,,,,,,,,,,,,,,,,,,,,,,,,,,,,,
1769162112.919068,1769162112.920224,38.0,0.0,4310.641113,4279.102539,4326.538574,4326.794922,4282.05127,4276.538574,4290.0,4278.717773,4287.563965,4262.179688,4567.94873,4555.512695,4412.820313,4496.666504,,,,,,,,,,,,,,,,,,,,,,,,,,,,,,,,,,,,,,,,,,,,,,,,,,,,,,,,,,,,,,,,,,,,,,
1769162112.926877,1769162112.928032,39.0,0.0,4313.333496,4280.256348,4328.589844,4327.436035,4281.922852,4273.333496,4290.384766,4285.512695,4288.461426,4275.384766,4578.333496,4568.077148,4413.077148,4507.179688,,,,,,,,,,,,,,,,,,,,,,,,,,,,,,,,,,,,,,,,,,,,,,,,,,,,,,,,,,,,,,,,,,,,,,
1769162112.934685,1769162112.935641,40.0,0.0,4309.615234,4278.589844,4326.025879,4323.461426,4280.384766,4277.436035,4295.256348,4290.641113,4290.512695,4280.512695,4582.563965,4570.256348,4413.461426,4508.205078,,,,,,,,,,,,,,,,,,,,,,,,,,,,,,,,,,,,,,,,,,,,,,,,,,,,,,,,,,,,,,,,,,,,,,
1769162112.942494,1769162112.943449,41.0,0.0,4303.461426,4272.94873,4323.333496,4321.794922,4282.05127,4281.025879,4295.769043,4289.871582,4290.512695,4276.794922,4574.615234,4564.230957,4413.461426,4503.461426,,,,,,,,,,,,,,,,,,,,,,,,,,,,,,,,,,,,,,,,,,,,,,,,,,,,,,,,,,,,,,,,,,,,,,
1769162112.950302,1769162112.951158,42.0,0.0,4305.512695,4273.077148,4325.512695,4325.641113,4283.077148,4281.410156,4294.102539,4289.487305,4290.641113,4277.436035,4574.871582,4563.717773,4413.846191,4504.230957,,,,,,,,,,,,,,,,,,,,,,,,,,,,,,,,,,,,,,,,,,,,,,,,,,,,,,,,,,,,,,,,,,,,,,
1769162112.958111,1769162112.958966,43.0,0.0,4308.846191,4277.820313,4328.717773,4327.05127,4282.692383,4280.897461,4294.102539,4293.077148,4290.769043,4278.717773,4579.743652,4567.820313,4413.205078,4506.025879,,,,,,,,,,,,,,,,,,,,,,,,,,,,,,,,,,,,,,,,,,,,,,,,,,,,,,,,,,,,,,,,,,,,,,
1769162112.965919,1769162112.966575,44.0,0.0,4305.641113,4279.487305,4328.974121,4325.512695,4281.794922,4278.589844,4294.102539,4296.794922,4293.333496,4277.820313,4584.743652,4571.153809,4413.461426,4507.94873,,,,,,,,,,,,,,,,,,,,,,,,,,,,,,,,,,,,,,,,,,,,,,,,,,,,,,,,,,,,,,,,,,,,,,
1769162112.973728,1769162112.974383,45.0,0.0,4303.461426,4277.05127,4325.769043,4324.871582,4280.897461,4275.384766,4293.461426,4295.0,4294.358887,4276.666504,4585.641113,4569.102539,4412.307617,4508.846191,,,,,,,,,,,,,,,,,,,,,,,,,,,,,,,,,,,,,,,,,,,,,,,,,,,,,,,,,,,,,,,,,,,,,,
1769162112.981536,1769162112.982292,46.0,0.0,4307.05127,4275.384766,4323.461426,4323.077148,4280.0,4276.922852,4293.974121,4293.077148,4291.153809,4277.820313,4578.589844,4562.563965,4407.94873,4501.794922,0.41432,0.495548,0.704075,0.31023,0.240484,0.317631,0.337288,0.311475,0.223797,0.137168,0.643319,0.421294,0.358052,0.228574,0.186942,0.338835,0.076029,0.129179,0.073845,0.121357,0.099795,0.1738,0.061379,0.037855,0.04036,0.230848,0.322059,0.163789,0.099859,0.084062,0.139196,0.224616,0.189064,0.189387,0.097283,0.460381,0.271835,0.120449,0.101906,0.082266,0.305924,0.256381,0.089391,0.058731,0.070369,0.255105,0.265211,0.142508,0.111665,0.210505,0.334299,0.70554,0.372059,0.134148,0.144359,0.858345,0.513435,0.421506,0.201901,0.255151,0.350689,0.417189,0.310091,0.180287,0.141537,0.976302,1.206724,0.781885,0.208951,0.304136
1769162112.989344,1769162112.9901,47.0,0.0,4305.0,4273.717773,4325.512695,4320.641113,4279.615234,4275.384766,4295.0,4293.461426,4288.974121,4278.589844,4571.025879,4557.692383,4400.256348,4492.692383,,,,,,,,,,,,,,,,,,,,,,,,,,,,,,,,,,,,,,,,,,,,,,,,,,,,,,,,,,,,,,,,,,,,,,
1769162112.997153,1769162112.997709,48.0,0.0,4294.871582,4267.179688,4325.512695,4316.025879,4279.102539,4268.333496,4294.230957,4292.820313,4291.410156,4267.436035,4571.922852,4556.282227,4394.871582,4489.743652,,,,,,,,,,,,,,,,,,,,,,,,,,,,,,,,,,,,,,,,,,,,,,,,,,,,,,,,,,,,,,,,,,,,,,
1769162113.004961,1769162113.005517,49.0,0.0,4293.974121,4263.461426,4323.974121,4313.205078,4275.769043,4265.769043,4293.333496,4293.205078,4294.230957,4267.436035,4578.974121,4561.025879,4402.820313,4496.666504,,,,,,,,,,,,,,,,,,,,,,,,,,,,,,,,,,,,,,,,,,,,,,,,,,,,,,,,,,,,,,,,,,,,,,
1769162113.01277,1769162113.013226,50.0,0.0,4302.436035,4271.410156,4325.769043,4318.974121,4272.692383,4265.512695,4293.333496,4295.128418,4295.897461,4289.871582,4587.692383,4571.922852,4415.769043,4508.846191,,,,,,,,,,,,,,,,,,,,,,,,,,,,,,,,,,,,,,,,,,,,,,,,,,,,,,,,,,,,,,,,,,,,,,
1769162113.020578,1769162113.021034,51.0,0.0,4299.871582,4278.974121,4327.94873,4323.205078,4273.077148,4267.05127,4294.743652,4295.897461,4294.358887,4293.205078,4591.153809,4569.615234,4416.922852,4510.641113,,,,,,,,,,,,,,,,,,,,,,,,,,,,,,,,,,,,,,,,,,,,,,,,,,,,,,,,,,,,,,,,,,,,,,
1769162113.028387,1769162113.028643,52.0,0.0,4292.436035,4280.256348,4324.871582,4322.179688,4276.538574,4271.410156,4293.846191,4293.333496,4286.282227,4275.641113,4579.743652,4556.153809,4410.769043,4500.512695,,,,,,,,,,,,,,,,,,,,,,,,,,,,,,,,,,,,,,,,,,,,,,,,,,,,,,,,,,,,,,,,,,,,,,
1769162113.036195,1769162113.036451,53.0,0.0,4300.512695,4283.717773,4325.641113,4324.230957,4279.230957,4275.384766,4294.230957,4292.436035,4281.410156,4273.333496,4570.897461,4553.461426,4410.256348,4497.94873,,,,,,,,,,,,,,,,,,,,,,,,,,,,,,,,,,,,,,,,,,,,,,,,,,,,,,,,,,,,,,,,,,,,,,
1769162113.044004,1769162113.044359,54.0,0.0,4312.820313,4289.102539,4334.487305,4329.358887,4281.794922,4277.179688,4292.436035,4293.205078,4286.410156,4281.282227,4572.94873,4559.102539,4412.692383,4504.358887,,,,,,,,,,,,,,,,,,,,,,,,,,,,,,,,,,,,,,,,,,,,,,,,,,,,,,,,,,,,,,,,,,,,,,
1769162113.051812,1769162113.052168,55.0,0.0,4311.538574,4289.102539,4340.256348,4334.102539,4284.358887,4276.538574,4286.282227,4291.794922,4288.717773,4276.410156,4572.94873,4561.794922,4411.538574,4504.230957,,,,,,,,,,,,,,,,,,,,,,,,,,,,,,,,,,,,,,,,,,,,,,,,,,,,,,,,,,,,,,,,,,,,,,
1769162113.059621,1769162113.060176,56.0,0.0,4305.256348,4287.307617,4338.846191,4336.538574,4284.230957,4275.128418,4288.974121,4290.128418,4281.410156,4268.077148,4573.205078,4563.717773,4409.743652,4502.94873,,,,,,,,,,,,,,,,,,,,,,,,,,,,,,,,,,,,,,,,,,,,,,,,,,,,,,,,,,,,,,,,,,,,,,
1769162113.067429,1769162113.067985,57.0,0.0,4307.94873,4290.384766,4338.589844,4336.153809,4281.025879,4276.153809,4293.333496,4291.410156,4279.871582,4269.102539,4578.974121,4568.205078,4410.256348,4505.512695,,,,,,,,,,,,,,,,,,,,,,,,,,,,,,,,,,,,,,,,,,,,,,,,,,,,,,,,,,,,,,,,,,,,,,
1769162113.075237,1769162113.075893,58.0,0.0,4313.589844,4293.589844,4342.94873,4337.94873,4279.487305,4277.179688,4290.769043,4294.102539,4288.077148,4274.743652,4583.846191,4571.025879,4413.846191,4506.538574,,,,,,,,,,,,,,,,,,,,,,,,,,,,,,,,,,,,,,,,,,,,,,,,,,,,,,,,,,,,,,,,,,,,,,
1769162113.083046,1769162113.083701,59.0,0.0,4314.102539,4294.487305,4340.641113,4337.820313,4280.641113,4275.512695,4291.410156,4294.615234,4294.871582,4283.077148,4585.128418,4568.461426,4415.256348,4505.128418,,,,,,,,,,,,,,,,,,,,,,,,,,,,,,,,,,,,,,,,,,,,,,,,,,,,,,,,,,,,,,,,,,,,,,
1769162113.090854,1769162113.09171,60.0,0.0,4311.922852,4294.487305,4331.025879,4330.0,4281.538574,4279.487305,4295.897461,4295.128418,4293.717773,4279.230957,4584.743652,4565.256348,4415.0,4504.871582,,,,,,,,,,,,,,,,,,,,,,,,,,,,,,,,,,,,,,,,,,,,,,,,,,,,,,,,,,,,,,,,,,,,,,
1769162113.098663,1769162113.099518,61.0,0.0,4310.384766,4290.641113,4330.512695,4326.282227,4281.410156,4283.846191,4295.641113,4296.922852,4286.794922,4266.282227,4580.512695,4569.230957,4413.589844,4508.333496,,,,,,,,,,,,,,,,,,,,,,,,,,,,,,,,,,,,,,,,,,,,,,,,,,,,,,,,,,,,,,,,,,,,,,
1769162113.106471,1769162113.107227,62.0,0.0,4309.358887,4286.153809,4336.538574,4329.102539,4280.384766,4279.230957,4293.717773,4296.025879,4284.102539,4267.692383,4578.077148,4570.897461,4413.717773,4510.384766,0.42624,0.393083,0.620639,0.303075,0.207835,0.401265,0.317107,0.265005,0.193763,0.125588,0.621172,0.395093,0.355179,0.238837,0.168222,0.37345,0.067171,0.12905,0.07073,0.107332,0.128415,0.209597,0.05567,0.034249,0.046264,0.259629,0.342915,0.155666,0.112695,0.084934,0.10255,0.232885,0.218887,0.198023,0.106167,0.460467,0.365948,0.120245,0.089681,0.078862,0.288435,0.324603,0.110345,0.062146,0.068761,0.231299,0.260246,0.135718,0.115885,0.22741,0.34418,0.625309,0.308066,0.164636,0.14019,0.940657,0.40559,0.392727,0.218213,0.238541,0.393436,0.336745,0.276951,0.221069,0.162172,1.178579,0.944904,0.731636,0.248875,0.26939
1769162113.11428,1769162113.115035,63.0,0.0,4309.358887,4284.487305,4335.128418,4328.717773,4277.563965,4275.512695,4294.615234,4292.692383,4281.153809,4273.974121,4576.538574,4560.384766,4412.94873,4501.410156,,,,,,,,,,,,,,,,,,,,,,,,,,,,,,,,,,,,,,,,,,,,,,,,,,,,,,,,,,,,,,,,,,,,,,
1769162113.122088,1769162113.122844,64.0,0.0,4310.512695,4283.846191,4329.743652,4326.282227,4276.153809,4279.358887,4295.128418,4292.05127,4279.102539,4268.333496,4570.512695,4553.205078,4406.666504,4489.743652,,,,,,,,,,,,,,,,,,,,,,,,,,,,,,,,,,,,,,,,,,,,,,,,,,,,,,,,,,,,,,,,,,,,,,
1769162113.129897,1769162113.130652,65.0,0.0,4310.384766,4281.282227,4326.666504,4326.025879,4276.666504,4279.487305,4291.282227,4292.179688,4284.358887,4262.820313,4567.820313,4554.230957,4404.743652,4492.436035,,,,,,,,,,,,,,,,,,,,,,,,,,,,,,,,,,,,,,,,,,,,,,,,,,,,,,,,,,,,,,,,,,,,,,
1769162113.137705,1769162113.138361,66.0,0.0,4306.794922,4280.897461,4324.230957,4324.871582,4274.871582,4273.974121,4284.230957,4285.256348,4285.256348,4266.538574,4568.717773,4553.461426,4409.743652,4496.153809,,,,,,,,,,,,,,,,,,,,,,,,,,,,,,,,,,,,,,,,,,,,,,,,,,,,,,,,,,,,,,,,,,,,,,
1769162113.145513,1769162113.146169,67.0,0.0,4306.282227,4284.743652,4326.794922,4326.025879,4273.846191,4273.846191,4281.153809,4278.589844,4277.179688,4271.538574,4568.974121,4552.563965,4413.461426,4491.153809,,,,,,,,,,,,,,,,,,,,,,,,,,,,,,,,,,,,,,,,,,,,,,,,,,,,,,,,,,,,,,,,,,,,,,
1769162113.153322,1769162113.154177,68.0,0.0,4312.05127,4289.743652,4338.077148,4334.102539,4276.410156,4274.615234,4281.922852,4282.563965,4276.794922,4276.025879,4571.922852,4556.538574,4413.077148,4497.179688,,,,,,,,,,,,,,,,,,,,,,,,,,,,,,,,,,,,,,,,,,,,,,,,,,,,,,,,,,,,,,,,,,,,,,
1769162113.16113,1769162113.161986,69.0,0.0,4314.871582,4287.692383,4343.077148,4336.025879,4270.897461,4270.641113,4284.615234,4291.666504,4283.205078,4273.461426,4573.589844,4558.974121,4412.307617,4507.179688,,,,,,,,,,,,,,,,,,,,,,,,,,,,,,,,,,,,,,,,,,,,,,,,,,,,,,,,,,,,,,,,,,,,,,
1769162113.168939,1769162113.169694,70.0,0.0,4310.256348,4279.102539,4334.871582,4327.692383,4265.0,4273.461426,4291.538574,4294.615234,4279.358887,4263.205078,4570.128418,4557.05127,4411.666504,4500.384766,,,,,,,,,,,,,,,,,,,,,,,,,,,,,,,,,,,,,,,,,,,,,,,,,,,,,,,,,,,,,,,,,,,,,,
1769162113.176747,1769162113.177503,71.0,0.0,4304.743652,4277.563965,4326.153809,4324.487305,4271.025879,4280.384766,4295.0,4295.128418,4275.512695,4263.589844,4570.128418,4556.025879,4411.538574,4490.384766,,,,,,,,,,,,,,,,,,,,,,,,,,,,,,,,,,,,,,,,,,,,,,,,,,,,,,,,,,,,,,,,,,,,,,
1769162113.184556,1769162113.185511,72.0,0.0,4302.692383,4280.384766,4325.897461,4327.179688,4274.358887,4279.743652,4293.333496,4297.563965,4278.461426,4266.410156,4568.974121,4553.589844,4406.794922,4491.410156,,,,,,,,,,,,,,,,,,,,,,,,,,,,,,,,,,,,,,,,,,,,,,,,,,,,,,,,,,,,,,,,,,,,,,
1769162113.192364,1769162113.193319,73.0,0.0,4302.820313,4279.487305,4330.384766,4324.230957,4269.871582,4278.589844,4292.820313,4296.538574,4278.333496,4265.0,4566.153809,4551.153809,4398.717773,4493.077148,,,,,,,,,,,,,,,,,,,,,,,,,,,,,,,,,,,,,,,,,,,,,,,,,,,,,,,,,,,,,,,,,,,,,,
1769162113.200173,1769162113.201028,74.0,0.0,4305.897461,4279.358887,4333.077148,4321.794922,4272.179688,4279.230957,4289.871582,4294.487305,4278.461426,4263.077148,4568.333496,4554.358887,4403.717773,4495.128418,,,,,,,,,,,,,,,,,,,,,,,,,,,,,,,,,,,,,,,,,,,,,,,,,,,,,,,,,,,,,,,,,,,,,,
1769162113.207981,1769162113.208836,75.0,0.0,4308.589844,4279.230957,4333.461426,4323.846191,4276.666504,4276.410156,4288.077148,4295.128418,4279.102539,4258.077148,4568.461426,4556.922852,4411.666504,4500.512695,,,,,,,,,,,,,,,,,,,,,,,,,,,,,,,,,,,,,,,,,,,,,,,,,,,,,,,,,,,,,,,,,,,,,,
1769162113.215789,1769162113.216445,76.0,0.0,4311.153809,4281.794922,4335.769043,4325.384766,4273.205078,4278.333496,4295.641113,4296.025879,4277.94873,4261.922852,4566.025879,4556.538574,4412.05127,4503.589844,,,,,,,,,,,,,,,,,,,,,,,,,,,,,,,,,,,,,,,,,,,,,,,,,,,,,,,,,,,,,,,,,,,,,,
1769162113.223598,1769162113.224253,77.0,0.0,4316.794922,4290.256348,4338.974121,4330.0,4274.358887,4277.820313,4294.743652,4294.871582,4279.230957,4273.333496,4568.846191,4559.102539,4412.820313,4505.641113,,,,,,,,,,,,,,,,,,,,,,,,,,,,,,,,,,,,,,,,,,,,,,,,,,,,,,,,,,,,,,,,,,,,,,
1769162113.231407,1769162113.231962,78.0,0.0,4323.077148,4296.410156,4341.025879,4335.897461,4280.384766,4269.230957,4281.666504,4294.102539,4280.384766,4275.769043,4571.153809,4565.0,4413.717773,4505.769043,0.5144,0.304838,0.512275,0.320554,0.178999,0.533576,0.30842,0.212151,0.175949,0.114721,0.63408,0.350749,0.342472,0.253733,0.143614,0.393442,0.065049,0.127256,0.075267,0.096009,0.163018,0.236823,0.056652,0.034776,0.051593,0.299062,0.354824,0.152579,0.127519,0.087269,0.079451,0.251029,0.234305,0.19387,0.113662,0.459025,0.463831,0.136184,0.088148,0.077197,0.308698,0.388118,0.136213,0.068822,0.068567,0.213827,0.267438,0.13079,0.1265,0.259272,0.370046,0.544394,0.235671,0.19987,0.139681,1.06128,0.378218,0.349653,0.241284,0.215417,0.457697,0.284831,0.23853,0.272852,0.193733,1.396834,0.727143,0.653624,0.320771,0.242348
1769162113.239215,1769162113.23977,79.0,0.0,4326.153809,4295.897461,4346.282227,4339.615234,4280.769043,4265.128418,4278.846191,4294.615234,4278.846191,4275.512695,4571.922852,4569.358887,4415.897461,4510.0,,,,,,,,,,,,,,,,,,,,,,,,,,,,,,,,,,,,,,,,,,,,,,,,,,,,,,,,,,,,,,,,,,,,,,
1769162113.247023,1769162113.247779,80.0,0.0,4327.94873,4294.230957,4350.769043,4340.384766,4279.487305,4271.153809,4288.717773,4294.230957,4280.384766,4280.128418,4582.05127,4572.820313,4423.717773,4522.307617,,,,,,,,,,,,,,,,,,,,,,,,,,,,,,,,,,,,,,,,,,,,,,,,,,,,,,,,,,,,,,,,,,,,,,
1769162113.254832,1769162113.255587,81.0,0.0,4326.538574,4296.025879,4345.769043,4335.512695,4281.666504,4277.436035,4291.025879,4293.974121,4283.333496,4281.025879,4588.846191,4573.717773,4428.974121,4523.846191,,,,,,,,,,,,,,,,,,,,,,,,,,,,,,,,,,,,,,,,,,,,,,,,,,,,,,,,,,,,,,,,,,,,,,
1769162113.26264,1769162113.263495,82.0,0.0,4323.846191,4293.846191,4340.0,4328.461426,4282.436035,4276.538574,4286.410156,4294.102539,4280.512695,4275.0,4577.05127,4569.487305,4421.410156,4510.128418,,,,,,,,,,,,,,,,,,,,,,,,,,,,,,,,,,,,,,,,,,,,,,,,,,,,,,,,,,,,,,,,,,,,,,
1769162113.270449,1769162113.271304,83.0,0.0,4321.410156,4284.487305,4340.897461,4326.153809,4276.538574,4274.487305,4286.153809,4293.974121,4277.820313,4273.974121,4568.589844,4566.410156,4414.230957,4502.563965,,,,,,,,,,,,,,,,,,,,,,,,,,,,,,,,,,,,,,,,,,,,,,,,,,,,,,,,,,,,,,,,,,,,,,
1769162113.278257,1769162113.279312,84.0,0.0,4318.077148,4279.358887,4340.256348,4325.897461,4273.589844,4276.282227,4287.94873,4294.102539,4282.307617,4274.358887,4577.436035,4569.230957,4420.256348,4508.717773,,,,,,,,,,,,,,,,,,,,,,,,,,,,,,,,,,,,,,,,,,,,,,,,,,,,,,,,,,,,,,,,,,,,,,
1769162113.286066,1769162113.287121,85.0,0.0,4316.282227,4279.871582,4338.461426,4323.717773,4276.025879,4279.487305,4287.820313,4297.05127,4284.230957,4266.666504,4582.307617,4571.666504,4427.820313,4515.0,,,,,,,,,,,,,,,,,,,,,,,,,,,,,,,,,,,,,,,,,,,,,,,,,,,,,,,,,,,,,,,,,,,,,,
1769162113.293874,1769162113.295029,86.0,0.0,4317.436035,4280.641113,4339.230957,4324.230957,4275.769043,4281.153809,4290.384766,4297.307617,4280.256348,4264.102539,4577.563965,4568.974121,4426.025879,4517.820313,,,,,,,,,,,,,,,,,,,,,,,,,,,,,,,,,,,,,,,,,,,,,,,,,,,,,,,,,,,,,,,,,,,,,,
1769162113.301683,1769162113.302837,87.0,0.0,4320.256348,4284.230957,4338.461426,4326.794922,4273.077148,4281.794922,4291.666504,4286.666504,4279.102539,4276.282227,4579.102539,4567.692383,4424.487305,4519.615234,,,,,,,,,,,,,,,,,,,,,,,,,,,,,,,,,,,,,,,,,,,,,,,,,,,,,,,,,,,,,,,,,,,,,,
1769162113.309491,1769162113.310646,88.0,0.0,4323.974121,4288.589844,4339.615234,4327.05127,4273.846191,4276.025879,4283.333496,4279.871582,4280.897461,4282.692383,4585.641113,4572.05127,4432.179688,4523.846191,,,,,,,,,,,,,,,,,,,,,,,,,,,,,,,,,,,,,,,,,,,,,,,,,,,,,,,,,,,,,,,,,,,,,,
1769162113.317299,1769162113.318454,89.0,0.0,4326.410156,4287.94873,4343.205078,4326.922852,4276.410156,4269.487305,4278.333496,4284.615234,4281.410156,4276.153809,4585.256348,4573.846191,4433.461426,4525.897461,,,,,,,,,,,,,,,,,,,,,,,,,,,,,,,,,,,,,,,,,,,,,,,,,,,,,,,,,,,,,,,,,,,,,,
1769162113.325108,1769162113.326163,90.0,0.0,4322.179688,4288.846191,4342.94873,4327.436035,4277.436035,4274.743652,4285.769043,4284.487305,4280.769043,4274.615234,4578.846191,4569.743652,4422.563965,4518.461426,,,,,,,,,,,,,,,,,,,,,,,,,,,,,,,,,,,,,,,,,,,,,,,,,,,,,,,,,,,,,,,,,,,,,,
1769162113.332916,1769162113.333971,91.0,0.0,4320.897461,4291.922852,4341.153809,4327.436035,4277.692383,4279.743652,4287.307617,4279.871582,4280.897461,4278.077148,4577.436035,4568.077148,4421.794922,4515.256348,,,,,,,,,,,,,,,,,,,,,,,,,,,,,,,,,,,,,,,,,,,,,,,,,,,,,,,,,,,,,,,,,,,,,,
1769162113.340725,1769162113.34158,92.0,0.0,4326.025879,4289.615234,4341.538574,4326.922852,4278.589844,4277.179688,4287.179688,4285.128418,4281.410156,4275.512695,4586.538574,4572.563965,4430.769043,4525.256348,,,,,,,,,,,,,,,,,,,,,,,,,,,,,,,,,,,,,,,,,,,,,,,,,,,,,,,,,,,,,,,,,,,,,,
1769162113.348533,1769162113.349388,93.0,0.0,4326.025879,4287.563965,4340.384766,4329.487305,4280.256348,4278.717773,4294.230957,4289.487305,4281.153809,4275.512695,4585.897461,4568.589844,4429.487305,4524.102539,,,,,,,,,,,,,,,,,,,,,,,,,,,,,,,,,,,,,,,,,,,,,,,,,,,,,,,,,,,,,,,,,,,,,,
1769162113.356342,1769162113.357097,94.0,0.0,4324.871582,4290.384766,4339.230957,4334.871582,4279.615234,4280.256348,4290.384766,4287.820313,4280.769043,4277.94873,4574.487305,4556.666504,4422.563965,4509.487305,0.664748,0.240756,0.402755,0.349295,0.158886,0.682843,0.308177,0.166457,0.173298,0.106257,0.664862,0.301266,0.320937,0.263416,0.117763,0.387994,0.074955,0.121471,0.08481,0.089382,0.199721,0.250567,0.065392,0.038491,0.054896,0.341074,0.355556,0.15557,0.140691,0.091374,0.067254,0.269034,0.226177,0.178634,0.119115,0.431818,0.531729,0.158317,0.094904,0.077293,0.344286,0.418765,0.162292,0.076496,0.070252,0.213168,0.274369,0.130925,0.143393,0.297919,0.391875,0.466204,0.179562,0.236518,0.143141,1.147658,0.416394,0.312779,0.264865,0.194202,0.525593,0.257671,0.209701,0.32721,0.226825,1.561851,0.592638,0.574684,0.417728,0.228102
1769162113.36415,1769162113.364905,95.0,0.0,4326.666504,4293.333496,4341.666504,4334.102539,4278.077148,4275.256348,4278.205078,4290.641113,4281.153809,4270.128418,4573.974121,4556.153809,4420.897461,4504.615234,,,,,,,,,,,,,,,,,,,,,,,,,,,,,,,,,,,,,,,,,,,,,,,,,,,,,,,,,,,,,,,,,,,,,,
1769162113.371959,1769162113.372914,96.0,0.0,4327.692383,4295.769043,4342.563965,4329.487305,4279.487305,4274.102539,4279.615234,4287.563965,4280.256348,4260.128418,4579.743652,4566.153809,4420.897461,4510.384766,,,,,,,,,,,,,,,,,,,,,,,,,,,,,,,,,,,,,,,,,,,,,,,,,,,,,,,,,,,,,,,,,,,,,,
1769162113.379767,1769162113.380722,97.0,0.0,4325.512695,4295.0,4339.487305,4328.077148,4279.230957,4277.563965,4284.358887,4279.487305,4277.820313,4263.974121,4577.179688,4567.692383,4417.307617,4510.128418,,,,,,,,,,,,,,,,,,,,,,,,,,,,,,,,,,,,,,,,,,,,,,,,,,,,,,,,,,,,,,,,,,,,,,
1769162113.387576,1769162113.38863,98.0,0.0,4323.461426,4291.153809,4337.307617,4327.436035,4276.282227,4275.769043,4279.230957,4278.974121,4275.256348,4268.461426,4571.025879,4557.563965,4414.871582,4505.769043,,,,,,,,,,,,,,,,,,,,,,,,,,,,,,,,,,,,,,,,,,,,,,,,,,,,,,,,,,,,,,,,,,,,,,
1769162113.395384,1769162113.396439,99.0,0.0,4321.153809,4291.538574,4338.846191,4327.436035,4278.333496,4275.0,4280.256348,4284.487305,4276.922852,4267.05127,4572.94873,4552.692383,4419.487305,4505.256348,,,,,,,,,,,,,,,,,,,,,,,,,,,,,,,,,,,,,,,,,,,,,,,,,,,,,,,,,,,,,,,,,,,,,,
1769162113.403192,1769162113.404048,100.0,0.0,4318.846191,4293.333496,4340.897461,4329.102539,4282.94873,4280.769043,4292.307617,4289.871582,4284.358887,4273.589844,4582.307617,4559.743652,4427.692383,4506.025879,,,,,,,,,,,,,,,,,,,,,,,,,,,,,,,,,,,,,,,,,,,,,,,,,,,,,,,,,,,,,,,,,,,,,,
1769162113.411001,1769162113.411856,101.0,0.0,4320.128418,4291.666504,4341.666504,4327.820313,4282.820313,4284.487305,4295.256348,4296.538574,4288.077148,4281.153809,4587.436035,4569.102539,4429.358887,4507.307617,,,,,,,,,,,,,,,,,,,,,,,,,,,,,,,,,,,,,,,,,,,,,,,,,,,,,,,,,,,,,,,,,,,,,,
1769162113.418809,1769162113.419565,102.0,0.0,4319.871582,4290.0,4339.871582,4326.153809,4280.384766,4279.743652,4284.871582,4295.256348,4282.94873,4279.871582,4584.487305,4566.282227,4425.256348,4506.410156,,,,,,,,,,,,,,,,,,,,,,,,,,,,,,,,,,,,,,,,,,,,,,,,,,,,,,,,,,,,,,,,,,,,,,
1769162113.426618,1769162113.427373,103.0,0.0,4314.358887,4288.077148,4334.358887,4326.153809,4280.256348,4275.128418,4277.179688,4283.717773,4277.563965,4277.05127,4579.615234,4556.153809,4427.820313,4501.410156,,,,,,,,,,,,,,,,,,,,,,,,,,,,,,,,,,,,,,,,,,,,,,,,,,,,,,,,,,,,,,,,,,,,,,
1769162113.434426,1769162113.434982,104.0,0.0,4306.794922,4279.743652,4327.692383,4322.307617,4280.128418,4278.205078,4285.384766,4286.410156,4278.717773,4266.153809,4573.974121,4552.307617,4425.769043,4492.436035,,,,,,,,,,,,,,,,,,,,,,,,,,,,,,,,,,,,,,,,,,,,,,,,,,,,,,,,,,,,,,,,,,,,,,
1769162113.442235,1769162113.44279,105.0,0.0,4307.692383,4276.794922,4324.871582,4319.487305,4279.102539,4282.820313,4294.487305,4295.0,4280.897461,4256.025879,4569.871582,4553.717773,4416.153809,4489.871582,,,,,,,,,,,,,,,,,,,,,,,,,,,,,,,,,,,,,,,,,,,,,,,,,,,,,,,,,,,,,,,,,,,,,,
1769162113.450043,1769162113.450698,106.0,0.0,4317.307617,4289.102539,4330.641113,4324.615234,4279.615234,4279.871582,4286.922852,4289.615234,4280.256348,4269.230957,4578.205078,4557.307617,4420.897461,4500.384766,,,,,,,,,,,,,,,,,,,,,,,,,,,,,,,,,,,,,,,,,,,,,,,,,,,,,,,,,,,,,,,,,,,,,,
1769162113.457852,1769162113.458507,107.0,0.0,4321.922852,4297.563965,4336.922852,4328.974121,4279.487305,4278.077148,4282.307617,4283.333496,4279.743652,4283.717773,4583.077148,4558.461426,4429.743652,4509.871582,,,,,,,,,,,,,,,,,,,,,,,,,,,,,,,,,,,,,,,,,,,,,,,,,,,,,,,,,,,,,,,,,,,,,,
1769162113.46566,1769162113.466515,108.0,0.0,4316.025879,4291.538574,4332.307617,4325.0,4278.717773,4283.205078,4291.922852,4290.256348,4280.384766,4276.282227,4574.358887,4555.897461,4422.563965,4507.179688,,,,,,,,,,,,,,,,,,,,,,,,,,,,,,,,,,,,,,,,,,,,,,,,,,,,,,,,,,,,,,,,,,,,,,
1769162113.473468,1769162113.474324,109.0,0.0,4310.769043,4287.692383,4323.974121,4320.769043,4277.05127,4284.102539,4291.410156,4294.358887,4281.282227,4270.384766,4570.0,4554.871582,4417.179688,4502.179688,,,,,,,,,,,,,,,,,,,,,,,,,,,,,,,,,,,,,,,,,,,,,,,,,,,,,,,,,,,,,,,,,,,,,,
1769162113.481277,1769162113.482232,110.0,0.0,4315.0,4290.769043,4324.871582,4323.205078,4273.333496,4276.794922,4280.0,4288.589844,4281.538574,4273.461426,4572.436035,4556.410156,4423.846191,4504.743652,0.846361,0.208602,0.305128,0.372888,0.148516,0.827988,0.311862,0.135243,0.182044,0.100239,0.689597,0.264146,0.290263,0.262728,0.095431,0.376123,0.108224,0.112692,0.096473,0.087051,0.239513,0.249896,0.079625,0.044142,0.055234,0.37609,0.345716,0.162154,0.148837,0.096542,0.060708,0.284644,0.195293,0.157869,0.122089,0.374734,0.549727,0.176794,0.104945,0.078021,0.365953,0.404974,0.184,0.083445,0.074025,0.232448,0.272776,0.143012,0.163921,0.333452,0.392704,0.394519,0.158743,0.270095,0.147779,1.144508,0.483003,0.296126,0.28367,0.179574,0.581526,0.247942,0.202943,0.370643,0.249188,1.619159,0.542212,0.516649,0.517559,0.224134
1769162113.489085,1769162113.49004,111.0,0.0,4321.282227,4288.974121,4329.871582,4326.538574,4273.589844,4272.307617,4278.589844,4286.410156,4280.897461,4269.102539,4572.692383,4556.282227,4422.05127,4508.846191,,,,,,,,,,,,,,,,,,,,,,,,,,,,,,,,,,,,,,,,,,,,,,,,,,,,,,,,,,,,,,,,,,,,,,
1769162113.496894,1769162113.498049,112.0,0.0,4323.974121,4287.820313,4329.102539,4325.0,4276.922852,4273.205078,4281.282227,4285.897461,4277.820313,4265.0,4571.538574,4554.743652,4415.512695,4508.974121,,,,,,,,,,,,,,,,,,,,,,,,,,,,,,,,,,,,,,,,,,,,,,,,,,,,,,,,,,,,,,,,,,,,,,
1769162113.504702,1769162113.505857,113.0,0.0,4324.743652,4291.410156,4327.05127,4323.077148,4271.410156,4273.205078,4282.179688,4289.615234,4277.820313,4264.358887,4572.436035,4555.641113,4420.897461,4505.897461,,,,,,,,,,,,,,,,,,,,,,,,,,,,,,,,,,,,,,,,,,,,,,,,,,,,,,,,,,,,,,,,,,,,,,
1769162113.512511,1769162113.513566,114.0,0.0,4323.205078,4285.769043,4323.846191,4323.333496,4265.256348,4275.384766,4288.461426,4293.333496,4280.769043,4259.230957,4576.666504,4558.974121,4426.410156,4506.922852,,,,,,,,,,,,,,,,,,,,,,,,,,,,,,,,,,,,,,,,,,,,,,,,,,,,,,,,,,,,,,,,,,,,,,
1769162113.520319,1769162113.521374,115.0,0.0,4321.794922,4280.128418,4321.922852,4324.230957,4271.025879,4277.179688,4287.05127,4290.0,4281.153809,4265.897461,4581.922852,4564.743652,4429.358887,4518.205078,,,,,,,,,,,,,,,,,,,,,,,,,,,,,,,,,,,,,,,,,,,,,,,,,,,,,,,,,,,,,,,,,,,,,,
1769162113.528128,1769162113.528983,116.0,0.0,4323.461426,4287.692383,4326.025879,4325.769043,4275.128418,4278.717773,4283.974121,4289.743652,4280.512695,4277.436035,4582.179688,4567.692383,4428.333496,4522.820313,,,,,,,,,,,,,,,,,,,,,,,,,,,,,,,,,,,,,,,,,,,,,,,,,,,,,,,,,,,,,,,,,,,,,,
1769162113.535936,1769162113.536791,117.0,0.0,4328.333496,4294.358887,4328.205078,4326.794922,4273.846191,4286.282227,4294.615234,4294.102539,4280.897461,4269.743652,4580.128418,4563.077148,4418.717773,4511.410156,,,,,,,,,,,,,,,,,,,,,,,,,,,,,,,,,,,,,,,,,,,,,,,,,,,,,,,,,,,,,,,,,,,,,,
1769162113.543744,1769162113.5445,118.0,0.0,4325.512695,4294.102539,4325.641113,4325.256348,4276.666504,4288.717773,4295.769043,4298.205078,4285.769043,4263.205078,4582.94873,4561.538574,4417.563965,4505.384766,,,,,,,,,,,,,,,,,,,,,,,,,,,,,,,,,,,,,,,,,,,,,,,,,,,,,,,,,,,,,,,,,,,,,,
1769162113.551553,1769162113.552308,119.0,0.0,4315.512695,4293.333496,4324.615234,4325.0,4274.358887,4278.717773,4280.641113,4297.179688,4287.820313,4271.410156,4585.641113,4566.538574,4427.94873,4516.153809,,,,,,,,,,,,,,,,,,,,,,,,,,,,,,,,,,,,,,,,,,,,,,,,,,,,,,,,,,,,,,,,,,,,,,
1769162113.559361,1769162113.560316,120.0,0.0,4314.615234,4291.410156,4326.153809,4326.794922,4266.410156,4273.461426,4276.282227,4292.820313,4281.410156,4271.282227,4584.102539,4565.128418,4431.025879,4521.153809,,,,,,,,,,,,,,,,,,,,,,,,,,,,,,,,,,,,,,,,,,,,,,,,,,,,,,,,,,,,,,,,,,,,,,
1769162113.56717,1769162113.568125,121.0,0.0,4320.769043,4288.974121,4325.769043,4326.794922,4265.769043,4279.230957,4285.256348,4290.384766,4276.794922,4263.589844,4580.128418,4559.871582,4427.179688,4513.974121,,,,,,,,,,,,,,,,,,,,,,,,,,,,,,,,,,,,,,,,,,,,,,,,,,,,,,,,,,,,,,,,,,,,,,
1769162113.574978,1769162113.576033,122.0,0.0,4320.897461,4289.615234,4322.692383,4325.384766,4267.820313,4280.0,4287.307617,4286.153809,4276.794922,4265.128418,4572.05127,4551.025879,4426.153809,4506.538574,,,,,,,,,,,,,,,,,,,,,,,,,,,,,,,,,,,,,,,,,,,,,,,,,,,,,,,,,,,,,,,,,,,,,,
1769162113.582787,1769162113.583842,123.0,0.0,4317.692383,4289.743652,4319.743652,4324.743652,4268.077148,4275.897461,4280.384766,4280.641113,4275.512695,4263.589844,4566.025879,4540.769043,4424.743652,4502.94873,,,,,,,,,,,,,,,,,,,,,,,,,,,,,,,,,,,,,,,,,,,,,,,,,,,,,,,,,,,,,,,,,,,,,,
1769162113.590595,1769162113.59185,124.0,0.0,4317.307617,4286.025879,4322.436035,4325.769043,4270.128418,4275.128418,4278.846191,4285.0,4277.820313,4262.05127,4573.205078,4545.0,4423.333496,4505.512695,,,,,,,,,,,,,,,,,,,,,,,,,,,,,,,,,,,,,,,,,,,,,,,,,,,,,,,,,,,,,,,,,,,,,,
1769162113.598404,1769162113.599658,125.0,0.0,4313.205078,4280.256348,4326.153809,4325.384766,4268.717773,4277.307617,4289.743652,4294.102539,4282.563965,4269.102539,4579.358887,4557.307617,4423.461426,4506.025879,,,,,,,,,,,,,,,,,,,,,,,,,,,,,,,,,,,,,,,,,,,,,,,,,,,,,,,,,,,,,,,,,,,,,,
1769162113.606212,1769162113.607367,126.0,0.0,4309.102539,4280.256348,4323.077148,4323.717773,4263.589844,4280.641113,4294.102539,4291.153809,4280.384766,4270.769043,4573.589844,4554.358887,4423.077148,4502.94873,1.022012,0.210665,0.227051,0.378234,0.144827,0.953863,0.318574,0.125717,0.19473,0.095519,0.702677,0.254791,0.254251,0.254303,0.079957,0.380543,0.174879,0.107183,0.108067,0.086785,0.28529,0.238979,0.094721,0.050164,0.052714,0.396356,0.330253,0.168448,0.15074,0.101248,0.059857,0.302587,0.154287,0.140102,0.123015,0.301207,0.520083,0.189124,0.114455,0.078263,0.359889,0.353965,0.197931,0.088666,0.079394,0.265256,0.267092,0.180263,0.18477,0.358133,0.367208,0.334486,0.180992,0.296549,0.150604,1.048053,0.542748,0.303509,0.294331,0.171215,0.615962,0.247863,0.223562,0.391211,0.252184,1.546761,0.542654,0.494286,0.595781,0.223454
1769162113.61402,1769162113.615175,127.0,0.0,4318.461426,4290.512695,4322.94873,4325.512695,4263.846191,4279.871582,4285.128418,4286.794922,4280.769043,4267.05127,4571.666504,4549.743652,4427.820313,4505.384766,,,,,,,,,,,,,,,,,,,,,,,,,,,,,,,,,,,,,,,,,,,,,,,,,,,,,,,,,,,,,,,,,,,,,,
1769162113.621829,1769162113.622784,0.0,0.0,4325.512695,4295.256348,4327.820313,4327.94873,4265.256348,4276.666504,4283.846191,4291.666504,4283.846191,4266.922852,4574.615234,4552.692383,4426.922852,4504.615234,,,,,,,,,,,,,,,,,,,,,,,,,,,,,,,,,,,,,,,,,,,,,,,,,,,,,,,,,,,,,,,,,,,,,,
1769162113.629637,1769162113.630592,1.0,0.0,4316.025879,4288.589844,4325.897461,4326.666504,4262.820313,4275.769043,4288.205078,4290.512695,4280.512695,4265.384766,4570.641113,4545.0,4413.589844,4492.05127,,,,,,,,,,,,,,,,,,,,,,,,,,,,,,,,,,,,,,,,,,,,,,,,,,,,,,,,,,,,,,,,,,,,,,
1769162113.637446,1769162113.638501,2.0,0.0,4310.256348,4289.230957,4321.410156,4325.256348,4265.0,4277.94873,4282.820313,4281.794922,4277.94873,4263.461426,4568.333496,4537.307617,4411.666504,4489.358887,,,,,,,,,,,,,,,,,,,,,,,,,,,,,,,,,,,,,,,,,,,,,,,,,,,,,,,,,,,,,,,,,,,,,,
1769162113.645254,1769162113.646309,3.0,0.0,4320.128418,4296.153809,4323.974121,4327.05127,4271.922852,4278.974121,4278.974121,4277.436035,4278.461426,4263.077148,4572.05127,4543.205078,4424.871582,4502.05127,,,,,,,,,,,,,,,,,,,,,,,,,,,,,,,,,,,,,,,,,,,,,,,,,,,,,,,,,,,,,,,,,,,,,,
1769162113.653063,1769162113.654317,4.0,0.0,4326.538574,4295.641113,4330.641113,4327.94873,4273.846191,4275.0,4282.307617,4275.769043,4278.717773,4261.153809,4571.538574,4550.641113,4429.102539,4507.179688,,,,,,,,,,,,,,,,,,,,,,,,,,,,,,,,,,,,,,,,,,,,,,,,,,,,,,,,,,,,,,,,,,,,,,
1769162113.660871,1769162113.662126,5.0,0.0,4324.358887,4293.077148,4336.410156,4327.05127,4271.666504,4272.307617,4282.692383,4276.538574,4276.666504,4262.692383,4575.128418,4554.871582,4425.0,4505.0,,,,,,,,,,,,,,,,,,,,,,,,,,,,,,,,,,,,,,,,,,,,,,,,,,,,,,,,,,,,,,,,,,,,,,
1769162113.66868,1769162113.670034,6.0,0.0,4326.410156,4289.358887,4335.512695,4326.538574,4271.794922,4275.384766,4287.307617,4285.641113,4278.205078,4267.94873,4580.769043,4557.692383,4426.282227,4507.05127,,,,,,,,,,,,,,,,,,,,,,,,,,,,,,,,,,,,,,,,,,,,,,,,,,,,,,,,,,,,,,,,,,,,,,
1769162113.676488,1769162113.677843,7.0,0.0,4322.179688,4283.974121,4329.230957,4326.538574,4274.230957,4278.205078,4291.410156,4293.974121,4285.512695,4266.153809,4577.307617,4555.641113,4421.538574,4508.589844,,,,,,,,,,,,,,,,,,,,,,,,,,,,,,,,,,,,,,,,,,,,,,,,,,,,,,,,,,,,,,,,,,,,,,
1769162113.684297,1769162113.685451,8.0,0.0,4311.922852,4287.05127,4329.487305,4327.05127,4273.589844,4276.538574,4285.769043,4290.897461,4287.436035,4266.666504,4571.282227,4550.897461,4414.102539,4503.717773,,,,,,,,,,,,,,,,,,,,,,,,,,,,,,,,,,,,,,,,,,,,,,,,,,,,,,,,,,,,,,,,,,,,,,
1769162113.692105,1769162113.69326,9.0,0.0,4314.230957,4288.461426,4338.589844,4326.922852,4268.717773,4277.94873,4290.641113,4290.128418,4282.820313,4270.128418,4572.563965,4551.410156,4415.512695,4497.307617,,,,,,,,,,,,,,,,,,,,,,,,,,,,,,,,,,,,,,,,,,,,,,,,,,,,,,,,,,,,,,,,,,,,,,
1769162113.699914,1769162113.700968,10.0,0.0,4319.871582,4281.410156,4339.102539,4326.153809,4265.0,4282.307617,4296.794922,4292.563965,4280.512695,4261.410156,4573.846191,4554.102539,4415.897461,4499.358887,,,,,,,,,,,,,,,,,,,,,,,,,,,,,,,,,,,,,,,,,,,,,,,,,,,,,,,,,,,,,,,,,,,,,,
1769162113.707722,1769162113.708777,11.0,0.0,4315.0,4283.589844,4330.0,4325.897461,4266.922852,4281.538574,4284.358887,4285.128418,4280.0,4257.436035,4571.153809,4552.692383,4413.846191,4503.077148,,,,,,,,,,,,,,,,,,,,,,,,,,,,,,,,,,,,,,,,,,,,,,,,,,,,,,,,,,,,,,,,,,,,,,
1769162113.715531,1769162113.716385,12.0,0.0,4308.589844,4288.461426,4328.846191,4326.410156,4269.743652,4277.179688,4280.897461,4279.487305,4279.102539,4267.563965,4571.538574,4549.743652,4413.333496,4499.230957,,,,,,,,,,,,,,,,,,,,,,,,,,,,,,,,,,,,,,,,,,,,,,,,,,,,,,,,,,,,,,,,,,,,,,
1769162113.723339,1769162113.724194,13.0,0.0,4314.615234,4283.974121,4336.794922,4327.563965,4268.846191,4274.102539,4291.410156,4282.563965,4280.128418,4269.743652,4572.05127,4551.153809,4414.358887,4497.563965,,,,,,,,,,,,,,,,,,,,,,,,,,,,,,,,,,,,,,,,,,,,,,,,,,,,,,,,,,,,,,,,,,,,,,
1769162113.731147,1769162113.731902,14.0,0.0,4321.025879,4281.025879,4341.410156,4327.94873,4268.589844,4275.0,4288.077148,4281.666504,4280.897461,4263.974121,4572.307617,4553.974121,4417.307617,4506.025879,1.159774,0.240425,0.172367,0.360111,0.143329,1.051951,0.332935,0.144771,0.203439,0.091263,0.698947,0.275683,0.220784,0.245084,0.072069,0.416164,0.273277,0.111193,0.11737,0.085768,0.335468,0.224342,0.106231,0.05501,0.04845,0.396724,0.317516,0.175183,0.147169,0.103881,0.063169,0.325238,0.120288,0.133472,0.123972,0.246771,0.464153,0.20047,0.122244,0.078086,0.322892,0.283163,0.201945,0.09142,0.085017,0.300553,0.266287,0.252869,0.202968,0.36918,0.326474,0.292482,0.239024,0.313016,0.151085,0.917976,0.572207,0.330513,0.295715,0.166352,0.62757,0.251657,0.26408,0.383762,0.235502,1.393043,0.549838,0.508972,0.633727,0.220826
1769162113.738956,1769162113.739711,15.0,0.0,4313.846191,4282.05127,4335.384766,4326.666504,4270.128418,4277.05127,4281.794922,4280.0,4279.487305,4263.589844,4572.05127,4553.461426,4418.205078,4508.974121,,,,,,,,,,,,,,,,,,,,,,,,,,,,,,,,,,,,,,,,,,,,,,,,,,,,,,,,,,,,,,,,,,,,,,
1769162113.746764,1769162113.74732,16.0,0.0,4310.641113,4282.436035,4328.589844,4326.025879,4272.05127,4275.769043,4288.461426,4286.025879,4279.230957,4264.102539,4570.384766,4551.922852,4416.410156,4506.922852,,,,,,,,,,,,,,,,,,,,,,,,,,,,,,,,,,,,,,,,,,,,,,,,,,,,,,,,,,,,,,,,,,,,,,
1769162113.754573,1769162113.755128,17.0,0.0,4319.358887,4287.179688,4333.974121,4327.94873,4274.102539,4275.0,4290.769043,4291.538574,4278.717773,4264.230957,4577.179688,4551.538574,4418.461426,4511.538574,,,,,,,,,,,,,,,,,,,,,,,,,,,,,,,,,,,,,,,,,,,,,,,,,,,,,,,,,,,,,,,,,,,,,,
1769162113.762381,1769162113.762837,18.0,0.0,4319.615234,4292.307617,4339.743652,4329.102539,4270.641113,4279.871582,4290.128418,4287.820313,4276.538574,4267.436035,4581.794922,4553.077148,4423.205078,4514.487305,,,,,,,,,,,,,,,,,,,,,,,,,,,,,,,,,,,,,,,,,,,,,,,,,,,,,,,,,,,,,,,,,,,,,,
1769162113.77019,1769162113.770645,19.0,0.0,4308.974121,4288.974121,4331.282227,4326.538574,4263.717773,4282.05127,4292.820313,4280.769043,4273.717773,4261.153809,4575.641113,4554.102539,4420.897461,4511.538574,,,,,,,,,,,,,,,,,,,,,,,,,,,,,,,,,,,,,,,,,,,,,,,,,,,,,,,,,,,,,,,,,,,,,,
1769162113.777998,1769162113.778653,20.0,0.0,4307.563965,4283.333496,4322.436035,4325.641113,4262.820313,4276.153809,4289.615234,4281.282227,4275.256348,4257.05127,4575.897461,4552.94873,4416.922852,4510.512695,,,,,,,,,,,,,,,,,,,,,,,,,,,,,,,,,,,,,,,,,,,,,,,,,,,,,,,,,,,,,,,,,,,,,,
1769162113.785807,1769162113.786462,21.0,0.0,4312.05127,4281.282227,4326.538574,4327.692383,4265.128418,4272.307617,4287.692383,4290.128418,4281.538574,4268.846191,4581.922852,4552.307617,4416.025879,4509.102539,,,,,,,,,,,,,,,,,,,,,,,,,,,,,,,,,,,,,,,,,,,,,,,,,,,,,,,,,,,,,,,,,,,,,,
1769162113.793615,1769162113.79437,22.0,0.0,4314.102539,4282.05127,4329.102539,4327.307617,4263.461426,4275.384766,4292.692383,4294.487305,4283.589844,4272.307617,4575.897461,4552.94873,4414.230957,4505.128418,,,,,,,,,,,,,,,,,,,,,,,,,,,,,,,,,,,,,,,,,,,,,,,,,,,,,,,,,,,,,,,,,,,,,,
1769162113.801423,1769162113.802178,23.0,0.0,4310.512695,4281.922852,4326.666504,4324.487305,4262.94873,4277.820313,4293.846191,4294.358887,4280.641113,4262.563965,4567.179688,4549.358887,4410.897461,4504.871582,,,,,,,,,,,,,,,,,,,,,,,,,,,,,,,,,,,,,,,,,,,,,,,,,,,,,,,,,,,,,,,,,,,,,,
1769162113.809232,1769162113.809787,24.0,0.0,4301.410156,4280.384766,4325.512695,4322.436035,4264.487305,4273.589844,4290.384766,4293.717773,4279.615234,4260.512695,4567.307617,4541.410156,4405.897461,4505.897461,,,,,,,,,,,,,,,,,,,,,,,,,,,,,,,,,,,,,,,,,,,,,,,,,,,,,,,,,,,,,,,,,,,,,,
1769162113.81704,1769162113.817596,25.0,0.0,4299.871582,4280.384766,4324.615234,4322.820313,4263.333496,4266.538574,4287.436035,4287.436035,4276.922852,4262.307617,4565.512695,4537.94873,4402.94873,4504.102539,,,,,,,,,,,,,,,,,,,,,,,,,,,,,,,,,,,,,,,,,,,,,,,,,,,,,,,,,,,,,,,,,,,,,,
1769162113.824849,1769162113.825304,26.0,0.0,4305.256348,4280.897461,4324.871582,4323.461426,4261.922852,4265.256348,4283.205078,4281.922852,4272.692383,4259.615234,4565.641113,4540.128418,4407.94873,4506.794922,,,,,,,,,,,,,,,,,,,,,,,,,,,,,,,,,,,,,,,,,,,,,,,,,,,,,,,,,,,,,,,,,,,,,,
1769162113.832657,1769162113.833113,27.0,0.0,4304.615234,4282.179688,4326.153809,4322.436035,4261.922852,4264.102539,4278.461426,4280.897461,4272.820313,4263.077148,4570.641113,4541.922852,4416.410156,4511.410156,,,,,,,,,,,,,,,,,,,,,,,,,,,,,,,,,,,,,,,,,,,,,,,,,,,,,,,,,,,,,,,,,,,,,,
1769162113.840466,1769162113.841121,28.0,0.0,4300.897461,4280.769043,4325.256348,4321.666504,4262.692383,4265.256348,4283.974121,4282.179688,4277.563965,4264.230957,4569.743652,4541.025879,4416.922852,4509.358887,,,,,,,,,,,,,,,,,,,,,,,,,,,,,,,,,,,,,,,,,,,,,,,,,,,,,,,,,,,,,,,,,,,,,,
1769162113.848274,1769162113.848929,29.0,0.0,4302.05127,4277.692383,4324.743652,4321.922852,4263.846191,4271.025879,4293.589844,4287.307617,4280.769043,4259.743652,4568.717773,4539.871582,4411.025879,4505.897461,,,,,,,,,,,,,,,,,,,,,,,,,,,,,,,,,,,,,,,,,,,,,,,,,,,,,,,,,,,,,,,,,,,,,,
1769162113.856083,1769162113.856838,30.0,0.0,4307.692383,4278.077148,4328.333496,4322.692383,4263.461426,4270.384766,4296.922852,4292.692383,4280.128418,4268.205078,4571.538574,4541.153809,4411.538574,4509.487305,1.24636,0.283906,0.143441,0.322368,0.140154,1.112184,0.357836,0.19554,0.203072,0.087538,0.672545,0.312067,0.197582,0.239871,0.069443,0.472349,0.383205,0.125654,0.12202,0.081557,0.381548,0.210462,0.109368,0.058104,0.044128,0.377303,0.313878,0.185659,0.139935,0.103778,0.06918,0.351894,0.112004,0.140778,0.128784,0.234791,0.407973,0.222336,0.127809,0.079183,0.263142,0.212703,0.197695,0.091213,0.089096,0.329337,0.276554,0.359266,0.216535,0.367292,0.29465,0.27286,0.31302,0.317279,0.150561,0.815548,0.55943,0.366088,0.288366,0.16235,0.624943,0.257341,0.311653,0.354046,0.206913,1.258589,0.53276,0.549267,0.624229,0.215286
1769162113.863891,1769162113.864646,31.0,0.0,4313.077148,4281.922852,4331.794922,4324.871582,4261.282227,4267.820313,4292.436035,4290.128418,4279.230957,4273.974121,4572.436035,4542.436035,4418.205078,4511.282227,,,,,,,,,,,,,,,,,,,,,,,,,,,,,,,,,,,,,,,,,,,,,,,,,,,,,,,,,,,,,,,,,,,,,,
1769162113.871699,1769162113.872654,32.0,0.0,4313.461426,4285.897461,4332.05127,4326.794922,4262.94873,4274.743652,4286.025879,4282.94873,4276.410156,4264.487305,4570.512695,4540.512695,4421.025879,4507.436035,,,,,,,,,,,,,,,,,,,,,,,,,,,,,,,,,,,,,,,,,,,,,,,,,,,,,,,,,,,,,,,,,,,,,,
1769162113.879508,1769162113.880463,33.0,0.0,4314.743652,4288.589844,4332.692383,4324.615234,4267.05127,4278.077148,4286.410156,4279.487305,4274.615234,4260.897461,4568.589844,4537.94873,4417.94873,4506.666504,,,,,,,,,,,,,,,,,,,,,,,,,,,,,,,,,,,,,,,,,,,,,,,,,,,,,,,,,,,,,,,,,,,,,,
1769162113.887316,1769162113.888171,34.0,0.0,4319.871582,4290.256348,4331.922852,4324.102539,4267.820313,4275.641113,4290.769043,4280.128418,4276.666504,4264.871582,4565.897461,4539.102539,4412.436035,4508.077148,,,,,,,,,,,,,,,,,,,,,,,,,,,,,,,,,,,,,,,,,,,,,,,,,,,,,,,,,,,,,,,,,,,,,,
1769162113.895125,1769162113.89598,35.0,0.0,4317.436035,4293.717773,4331.025879,4327.436035,4264.102539,4275.256348,4286.666504,4282.692383,4279.358887,4263.589844,4567.307617,4541.025879,4411.282227,4508.974121,,,,,,,,,,,,,,,,,,,,,,,,,,,,,,,,,,,,,,,,,,,,,,,,,,,,,,,,,,,,,,,,,,,,,,
1769162113.902933,1769162113.903988,36.0,0.0,4309.358887,4297.179688,4331.922852,4327.436035,4262.94873,4269.102539,4277.820313,4280.384766,4278.333496,4262.563965,4572.05127,4540.0,4419.102539,4508.077148,,,,,,,,,,,,,,,,,,,,,,,,,,,,,,,,,,,,,,,,,,,,,,,,,,,,,,,,,,,,,,,,,,,,,,
1769162113.910742,1769162113.911796,37.0,0.0,4310.128418,4296.410156,4332.436035,4326.410156,4271.153809,4264.871582,4280.897461,4279.743652,4277.179688,4261.025879,4573.077148,4538.077148,4426.538574,4508.717773,,,,,,,,,,,,,,,,,,,,,,,,,,,,,,,,,,,,,,,,,,,,,,,,,,,,,,,,,,,,,,,,,,,,,,
1769162113.91855,1769162113.919505,38.0,0.0,4321.282227,4298.974121,4336.794922,4332.692383,4275.641113,4270.0,4286.666504,4285.384766,4280.128418,4261.922852,4576.025879,4539.871582,4429.615234,4516.538574,,,,,,,,,,,,,,,,,,,,,,,,,,,,,,,,,,,,,,,,,,,,,,,,,,,,,,,,,,,,,,,,,,,,,,
1769162113.926359,1769162113.927313,39.0,0.0,4330.0,4304.871582,4343.974121,4338.205078,4269.487305,4268.717773,4282.307617,4287.436035,4281.794922,4274.615234,4586.282227,4547.05127,4431.153809,4525.128418,,,,,,,,,,,,,,,,,,,,,,,,,,,,,,,,,,,,,,,,,,,,,,,,,,,,,,,,,,,,,,,,,,,,,,
1769162113.934167,1769162113.934922,40.0,0.0,4329.102539,4303.589844,4338.589844,4333.077148,4265.384766,4265.128418,4282.05127,4287.563965,4279.358887,4279.615234,4588.589844,4553.717773,4431.666504,4526.922852,,,,,,,,,,,,,,,,,,,,,,,,,,,,,,,,,,,,,,,,,,,,,,,,,,,,,,,,,,,,,,,,,,,,,,
1769162113.941975,1769162113.94273,41.0,0.0,4319.871582,4297.94873,4327.436035,4327.179688,4267.94873,4267.436035,4288.333496,4288.717773,4278.846191,4269.358887,4576.794922,4551.282227,4432.179688,4521.410156,,,,,,,,,,,,,,,,,,,,,,,,,,,,,,,,,,,,,,,,,,,,,,,,,,,,,,,,,,,,,,,,,,,,,,
1769162113.949784,1769162113.950439,42.0,0.0,4311.666504,4295.769043,4324.358887,4326.538574,4267.307617,4267.563965,4291.153809,4284.358887,4279.487305,4262.94873,4569.102539,4542.436035,4423.205078,4512.307617,,,,,,,,,,,,,,,,,,,,,,,,,,,,,,,,,,,,,,,,,,,,,,,,,,,,,,,,,,,,,,,,,,,,,,
1769162113.957592,1769162113.958247,43.0,0.0,4311.538574,4295.512695,4322.820313,4325.641113,4264.487305,4267.94873,4288.077148,4278.333496,4275.897461,4262.307617,4568.333496,4536.410156,4410.256348,4504.743652,,,,,,,,,,,,,,,,,,,,,,,,,,,,,,,,,,,,,,,,,,,,,,,,,,,,,,,,,,,,,,,,,,,,,,
1769162113.965401,1769162113.966256,44.0,0.0,4314.871582,4296.153809,4319.871582,4325.897461,4266.282227,4274.102539,4290.128418,4282.94873,4275.128418,4262.820313,4572.563965,4538.333496,4416.666504,4508.333496,,,,,,,,,,,,,,,,,,,,,,,,,,,,,,,,,,,,,,,,,,,,,,,,,,,,,,,,,,,,,,,,,,,,,,
1769162113.973209,1769162113.974064,45.0,0.0,4310.897461,4297.179688,4321.153809,4327.820313,4268.205078,4278.717773,4294.230957,4288.846191,4280.128418,4264.230957,4577.436035,4540.384766,4430.769043,4513.974121,,,,,,,,,,,,,,,,,,,,,,,,,,,,,,,,,,,,,,,,,,,,,,,,,,,,,,,,,,,,,,,,,,,,,,
1769162113.981018,1769162113.981973,46.0,0.0,4308.333496,4296.666504,4322.94873,4327.307617,4267.179688,4276.153809,4287.436035,4284.102539,4279.358887,4263.333496,4576.666504,4538.717773,4428.717773,4513.205078,1.279319,0.326494,0.13766,0.275122,0.134552,1.121333,0.390304,0.268833,0.193065,0.085218,0.636862,0.340889,0.186845,0.237588,0.069593,0.51998,0.471676,0.14431,0.120422,0.073176,0.411954,0.200016,0.104491,0.059807,0.041234,0.340616,0.323185,0.204422,0.130493,0.101641,0.073616,0.379033,0.138283,0.157341,0.141244,0.258632,0.371003,0.268604,0.131489,0.083475,0.196385,0.157205,0.19032,0.088126,0.089745,0.337312,0.295608,0.483161,0.224343,0.354095,0.294349,0.279318,0.378277,0.308885,0.150355,0.807589,0.509457,0.399094,0.275415,0.15775,0.610414,0.268565,0.349032,0.316208,0.178402,1.226954,0.491938,0.593277,0.574774,0.209511
1769162113.988826,1769162113.989781,47.0,0.0,4316.410156,4296.922852,4325.769043,4327.436035,4265.897461,4270.641113,4279.358887,4276.538574,4273.333496,4264.743652,4576.282227,4542.94873,4424.102539,4518.717773,,,,,,,,,,,,,,,,,,,,,,,,,,,,,,,,,,,,,,,,,,,,,,,,,,,,,,,,,,,,,,,,,,,,,,
1769162113.996635,1769162113.997789,48.0,0.0,4317.563965,4296.666504,4325.128418,4328.846191,4265.641113,4267.05127,4282.307617,4282.436035,4274.102539,4264.743652,4581.922852,4550.897461,4428.974121,4523.333496,,,,,,,,,,,,,,,,,,,,,,,,,,,,,,,,,,,,,,,,,,,,,,,,,,,,,,,,,,,,,,,,,,,,,,
1769162114.004443,1769162114.005598,49.0,0.0,4310.769043,4294.358887,4314.102539,4325.512695,4265.897461,4269.102539,4287.692383,4292.05127,4279.615234,4262.563965,4583.589844,4545.641113,4430.128418,4514.615234,,,,,,,,,,,,,,,,,,,,,,,,,,,,,,,,,,,,,,,,,,,,,,,,,,,,,,,,,,,,,,,,,,,,,,
1769162114.012252,1769162114.013506,50.0,0.0,4309.487305,4294.358887,4308.077148,4323.717773,4265.384766,4271.666504,4283.589844,4285.512695,4280.641113,4269.487305,4572.563965,4534.487305,4428.461426,4505.128418,,,,,,,,,,,,,,,,,,,,,,,,,,,,,,,,,,,,,,,,,,,,,,,,,,,,,,,,,,,,,,,,,,,,,,
1769162114.02006,1769162114.021314,51.0,0.0,4311.282227,4298.205078,4315.769043,4327.692383,4266.538574,4271.666504,4279.358887,4280.641113,4279.358887,4280.512695,4570.641113,4535.769043,4427.692383,4506.922852,,,,,,,,,,,,,,,,,,,,,,,,,,,,,,,,,,,,,,,,,,,,,,,,,,,,,,,,,,,,,,,,,,,,,,
1769162114.027868,1769162114.028923,52.0,0.0,4312.179688,4298.461426,4318.589844,4328.461426,4266.794922,4272.692383,4282.820313,4287.179688,4279.230957,4277.307617,4577.820313,4541.410156,4427.436035,4511.025879,,,,,,,,,,,,,,,,,,,,,,,,,,,,,,,,,,,,,,,,,,,,,,,,,,,,,,,,,,,,,,,,,,,,,,
1769162114.035677,1769162114.036732,53.0,0.0,4317.436035,4296.025879,4312.94873,4324.871582,4265.256348,4275.0,4287.94873,4283.846191,4278.461426,4266.153809,4576.282227,4540.769043,4429.102539,4509.487305,,,,,,,,,,,,,,,,,,,,,,,,,,,,,,,,,,,,,,,,,,,,,,,,,,,,,,,,,,,,,,,,,,,,,,
1769162114.043485,1769162114.04464,54.0,0.0,4321.666504,4296.794922,4310.0,4327.05127,4271.538574,4277.179688,4289.615234,4275.769043,4277.820313,4265.384766,4576.794922,4538.846191,4428.717773,4508.589844,,,,,,,,,,,,,,,,,,,,,,,,,,,,,,,,,,,,,,,,,,,,,,,,,,,,,,,,,,,,,,,,,,,,,,
1769162114.051294,1769162114.052448,55.0,0.0,4319.743652,4296.666504,4309.743652,4329.230957,4274.743652,4277.436035,4288.461426,4285.384766,4279.358887,4272.05127,4583.846191,4540.384766,4428.589844,4510.384766,,,,,,,,,,,,,,,,,,,,,,,,,,,,,,,,,,,,,,,,,,,,,,,,,,,,,,,,,,,,,,,,,,,,,,
1769162114.059102,1769162114.060457,56.0,0.0,4322.436035,4297.05127,4311.794922,4325.897461,4267.563965,4277.94873,4289.615234,4291.025879,4279.743652,4274.743652,4586.666504,4547.820313,4430.128418,4517.307617,,,,,,,,,,,,,,,,,,,,,,,,,,,,,,,,,,,,,,,,,,,,,,,,,,,,,,,,,,,,,,,,,,,,,,
1769162114.066911,1769162114.068265,57.0,0.0,4328.205078,4302.179688,4314.871582,4330.897461,4269.615234,4280.256348,4288.846191,4282.307617,4277.563965,4269.615234,4585.769043,4550.256348,4430.897461,4525.0,,,,,,,,,,,,,,,,,,,,,,,,,,,,,,,,,,,,,,,,,,,,,,,,,,,,,,,,,,,,,,,,,,,,,,
1769162114.074719,1769162114.075974,58.0,0.0,4324.358887,4303.846191,4314.487305,4340.897461,4280.897461,4281.282227,4285.512695,4281.410156,4276.666504,4260.769043,4582.05127,4543.333496,4430.256348,4520.128418,,,,,,,,,,,,,,,,,,,,,,,,,,,,,,,,,,,,,,,,,,,,,,,,,,,,,,,,,,,,,,,,,,,,,,
1769162114.082528,1769162114.083782,59.0,0.0,4313.333496,4298.077148,4309.358887,4335.512695,4280.256348,4279.615234,4286.282227,4286.410156,4276.794922,4261.794922,4571.922852,4537.05127,4424.871582,4508.333496,,,,,,,,,,,,,,,,,,,,,,,,,,,,,,,,,,,,,,,,,,,,,,,,,,,,,,,,,,,,,,,,,,,,,,
1769162114.090336,1769162114.091391,60.0,0.0,4309.358887,4294.230957,4305.128418,4325.384766,4275.769043,4278.974121,4292.563965,4292.436035,4277.94873,4274.102539,4573.077148,4537.179688,4426.922852,4505.897461,,,,,,,,,,,,,,,,,,,,,,,,,,,,,,,,,,,,,,,,,,,,,,,,,,,,,,,,,,,,,,,,,,,,,,
1769162114.098144,1769162114.099199,61.0,0.0,4313.205078,4294.743652,4306.922852,4326.538574,4278.846191,4280.384766,4293.589844,4295.0,4278.461426,4278.589844,4583.461426,4538.846191,4438.205078,4510.384766,,,,,,,,,,,,,,,,,,,,,,,,,,,,,,,,,,,,,,,,,,,,,,,,,,,,,,,,,,,,,,,,,,,,,,
1769162114.105953,1769162114.107107,62.0,0.0,4311.794922,4294.871582,4310.128418,4327.307617,4278.077148,4278.077148,4286.538574,4285.641113,4275.384766,4266.666504,4576.410156,4539.487305,4436.666504,4509.487305,1.265948,0.352213,0.146934,0.232081,0.128653,1.071077,0.423329,0.344361,0.177512,0.085159,0.579334,0.340356,0.184574,0.233421,0.072148,0.53039,0.507674,0.157598,0.112687,0.061658,0.415741,0.192676,0.096831,0.060902,0.040396,0.29071,0.340046,0.228461,0.119716,0.098962,0.073703,0.402577,0.193351,0.174433,0.162349,0.303308,0.359433,0.34728,0.136794,0.091229,0.137965,0.121014,0.18605,0.083891,0.085771,0.327099,0.313991,0.596538,0.224686,0.331863,0.33201,0.307552,0.416299,0.28839,0.150686,0.900726,0.438095,0.421603,0.260958,0.152369,0.583801,0.293234,0.362593,0.282969,0.158904,1.326762,0.442449,0.615368,0.500885,0.205953
1769162114.113761,1769162114.114916,63.0,0.0,4311.153809,4295.384766,4308.333496,4323.333496,4276.666504,4276.538574,4281.794922,4276.794922,4273.461426,4263.077148,4567.436035,4538.333496,4425.769043,4507.05127,,,,,,,,,,,,,,,,,,,,,,,,,,,,,,,,,,,,,,,,,,,,,,,,,,,,,,,,,,,,,,,,,,,,,,
1769162114.12157,1769162114.122525,64.0,0.0,4318.461426,4294.743652,4305.769043,4323.846191,4279.102539,4276.282227,4280.769043,4285.641113,4276.666504,4270.897461,4576.410156,4538.205078,4430.384766,4507.692383,,,,,,,,,,,,,,,,,,,,,,,,,,,,,,,,,,,,,,,,,,,,,,,,,,,,,,,,,,,,,,,,,,,,,,
1769162114.129378,1769162114.130333,65.0,0.0,4319.102539,4296.025879,4307.692383,4326.153809,4278.333496,4276.153809,4281.922852,4291.025879,4281.538574,4271.025879,4582.94873,4542.307617,4439.615234,4509.102539,,,,,,,,,,,,,,,,,,,,,,,,,,,,,,,,,,,,,,,,,,,,,,,,,,,,,,,,,,,,,,,,,,,,,,
1769162114.137187,1769162114.138042,66.0,0.0,4311.666504,4295.897461,4306.538574,4326.282227,4278.589844,4280.128418,4289.230957,4283.077148,4279.102539,4263.589844,4575.897461,4540.0,4432.563965,4510.0,,,,,,,,,,,,,,,,,,,,,,,,,,,,,,,,,,,,,,,,,,,,,,,,,,,,,,,,,,,,,,,,,,,,,,
1769162114.144995,1769162114.14585,67.0,0.0,4312.563965,4293.846191,4303.461426,4326.153809,4281.025879,4282.436035,4291.410156,4283.333496,4272.436035,4260.769043,4567.94873,4532.05127,4422.692383,4506.153809,,,,,,,,,,,,,,,,,,,,,,,,,,,,,,,,,,,,,,,,,,,,,,,,,,,,,,,,,,,,,,,,,,,,,,
1769162114.152804,1769162114.153459,68.0,0.0,4319.230957,4299.871582,4305.769043,4326.666504,4280.769043,4279.871582,4283.589844,4288.589844,4273.461426,4266.025879,4571.282227,4535.128418,4427.05127,4506.538574,,,,,,,,,,,,,,,,,,,,,,,,,,,,,,,,,,,,,,,,,,,,,,,,,,,,,,,,,,,,,,,,,,,,,,
1769162114.160612,1769162114.161267,69.0,0.0,4322.692383,4305.384766,4310.384766,4328.205078,4278.974121,4279.230957,4280.128418,4290.641113,4280.897461,4266.538574,4582.307617,4546.153809,4435.384766,4518.461426,,,,,,,,,,,,,,,,,,,,,,,,,,,,,,,,,,,,,,,,,,,,,,,,,,,,,,,,,,,,,,,,,,,,,,
1769162114.168421,1769162114.168976,70.0,0.0,4327.820313,4300.256348,4311.282227,4327.563965,4276.922852,4277.692383,4283.974121,4292.692383,4277.820313,4261.794922,4587.563965,4547.94873,4432.94873,4522.05127,,,,,,,,,,,,,,,,,,,,,,,,,,,,,,,,,,,,,,,,,,,,,,,,,,,,,,,,,,,,,,,,,,,,,,
1769162114.176229,1769162114.176784,71.0,0.0,4329.615234,4294.743652,4304.358887,4326.153809,4274.230957,4274.102539,4285.641113,4294.871582,4268.205078,4263.461426,4580.0,4541.153809,4426.666504,4509.615234,,,,,,,,,,,,,,,,,,,,,,,,,,,,,,,,,,,,,,,,,,,,,,,,,,,,,,,,,,,,,,,,,,,,,,
1769162114.184038,1769162114.184792,72.0,0.0,4318.589844,4296.025879,4292.563965,4326.153809,4276.666504,4277.436035,4287.05127,4294.615234,4268.846191,4267.05127,4573.205078,4537.436035,4428.846191,4503.461426,,,,,,,,,,,,,,,,,,,,,,,,,,,,,,,,,,,,,,,,,,,,,,,,,,,,,,,,,,,,,,,,,,,,,,
1769162114.191846,1769162114.192601,73.0,0.0,4309.358887,4293.974121,4287.307617,4320.512695,4278.717773,4279.615234,4285.512695,4291.922852,4267.436035,4265.256348,4575.384766,4536.282227,4429.743652,4507.692383,,,,,,,,,,,,,,,,,,,,,,,,,,,,,,,,,,,,,,,,,,,,,,,,,,,,,,,,,,,,,,,,,,,,,,
1769162114.199654,1769162114.200509,74.0,0.0,4311.794922,4285.897461,4289.358887,4311.794922,4276.153809,4271.794922,4279.230957,4291.794922,4265.897461,4266.025879,4575.641113,4532.94873,4422.05127,4508.461426,,,,,,,,,,,,,,,,,,,,,,,,,,,,,,,,,,,,,,,,,,,,,,,,,,,,,,,,,,,,,,,,,,,,,,
1769162114.207463,1769162114.208318,75.0,0.0,4311.153809,4279.102539,4288.205078,4311.922852,4274.871582,4272.692383,4280.641113,4295.384766,4272.692383,4264.743652,4569.615234,4532.179688,4413.205078,4504.358887,,,,,,,,,,,,,,,,,,,,,,,,,,,,,,,,,,,,,,,,,,,,,,,,,,,,,,,,,,,,,,,,,,,,,,
1769162114.215271,1769162114.216326,76.0,0.0,4309.102539,4281.153809,4288.205078,4318.461426,4272.307617,4281.538574,4282.94873,4297.307617,4275.384766,4261.794922,4567.94873,4534.230957,4415.256348,4502.94873,,,,,,,,,,,,,,,,,,,,,,,,,,,,,,,,,,,,,,,,,,,,,,,,,,,,,,,,,,,,,,,,,,,,,,
1769162114.22308,1769162114.224134,77.0,0.0,4316.282227,4291.666504,4291.922852,4319.615234,4265.641113,4273.846191,4281.153809,4294.871582,4275.512695,4271.410156,4579.358887,4538.589844,4425.769043,4513.717773,,,,,,,,,,,,,,,,,,,,,,,,,,,,,,,,,,,,,,,,,,,,,,,,,,,,,,,,,,,,,,,,,,,,,,
1769162114.230888,1769162114.231843,78.0,0.0,4318.974121,4296.025879,4288.589844,4317.307617,4265.128418,4263.717773,4284.487305,4294.230957,4277.563965,4272.436035,4588.333496,4542.94873,4432.692383,4526.410156,1.223072,0.350258,0.163457,0.204436,0.126036,0.96839,0.443057,0.397624,0.160757,0.087259,0.531306,0.305968,0.185931,0.222205,0.078113,0.490939,0.478234,0.159164,0.099996,0.049637,0.395842,0.186541,0.092882,0.062107,0.041415,0.23475,0.358304,0.248194,0.108926,0.096759,0.07058,0.42075,0.259435,0.184007,0.188778,0.339631,0.363029,0.452135,0.148136,0.100896,0.09659,0.098612,0.187292,0.081406,0.077413,0.293189,0.318301,0.673569,0.218313,0.303856,0.393762,0.344991,0.427196,0.258717,0.150382,1.039423,0.363273,0.432953,0.248812,0.146492,0.541466,0.332434,0.353256,0.261139,0.150851,1.48151,0.402338,0.607727,0.421638,0.204439
1769162114.238697,1769162114.239651,79.0,0.0,4309.102539,4290.0,4283.461426,4317.307617,4267.179688,4271.410156,4285.769043,4295.384766,4275.897461,4262.436035,4581.025879,4540.512695,4428.589844,4518.461426,,,,,,,,,,,,,,,,,,,,,,,,,,,,,,,,,,,,,,,,,,,,,,,,,,,,,,,,,,,,,,,,,,,,,,
1769162114.246505,1769162114.247659,80.0,0.0,4309.743652,4286.922852,4287.179688,4320.641113,4265.384766,4274.230957,4280.0,4293.717773,4274.615234,4268.846191,4574.358887,4537.179688,4421.922852,4505.0,,,,,,,,,,,,,,,,,,,,,,,,,,,,,,,,,,,,,,,,,,,,,,,,,,,,,,,,,,,,,,,,,,,,,,
1769162114.254314,1769162114.255468,81.0,0.0,4321.666504,4291.410156,4289.487305,4321.538574,4269.102539,4266.410156,4280.0,4293.077148,4278.205078,4278.205078,4578.974121,4541.153809,4419.615234,4507.94873,,,,,,,,,,,,,,,,,,,,,,,,,,,,,,,,,,,,,,,,,,,,,,,,,,,,,,,,,,,,,,,,,,,,,,
1769162114.262122,1769162114.263176,82.0,0.0,4320.0,4293.974121,4282.307617,4319.102539,4276.153809,4272.436035,4289.743652,4294.230957,4277.563965,4275.897461,4583.205078,4543.974121,4420.769043,4511.538574,,,,,,,,,,,,,,,,,,,,,,,,,,,,,,,,,,,,,,,,,,,,,,,,,,,,,,,,,,,,,,,,,,,,,,
1769162114.26993,1769162114.270985,83.0,0.0,4310.128418,4286.666504,4278.205078,4318.846191,4276.282227,4282.692383,4294.358887,4294.743652,4277.179688,4275.0,4581.794922,4540.128418,4420.384766,4505.0,,,,,,,,,,,,,,,,,,,,,,,,,,,,,,,,,,,,,,,,,,,,,,,,,,,,,,,,,,,,,,,,,,,,,,
1769162114.277739,1769162114.278594,84.0,0.0,4308.077148,4280.384766,4279.615234,4320.256348,4274.743652,4278.974121,4291.794922,4293.717773,4279.871582,4273.974121,4581.025879,4539.102539,4419.615234,4503.589844,,,,,,,,,,,,,,,,,,,,,,,,,,,,,,,,,,,,,,,,,,,,,,,,,,,,,,,,,,,,,,,,,,,,,,
1769162114.285547,1769162114.286402,85.0,0.0,4309.358887,4283.846191,4278.846191,4320.641113,4272.820313,4278.974121,4288.846191,4293.077148,4278.461426,4268.077148,4578.461426,4541.153809,4416.282227,4507.563965,,,,,,,,,,,,,,,,,,,,,,,,,,,,,,,,,,,,,,,,,,,,,,,,,,,,,,,,,,,,,,,,,,,,,,
1769162114.293356,1769162114.294111,86.0,0.0,4313.717773,4290.897461,4278.333496,4323.461426,4269.871582,4280.384766,4285.641113,4294.615234,4278.974121,4271.666504,4580.256348,4540.769043,4412.05127,4508.077148,,,,,,,,,,,,,,,,,,,,,,,,,,,,,,,,,,,,,,,,,,,,,,,,,,,,,,,,,,,,,,,,,,,,,,
1769162114.301164,1769162114.301919,87.0,0.0,4322.05127,4295.769043,4284.358887,4329.102539,4271.538574,4271.410156,4281.410156,4291.666504,4281.153809,4283.205078,4587.05127,4541.410156,4419.487305,4508.333496,,,,,,,,,,,,,,,,,,,,,,,,,,,,,,,,,,,,,,,,,,,,,,,,,,,,,,,,,,,,,,,,,,,,,,
1769162114.308973,1769162114.309927,88.0,0.0,4321.666504,4295.384766,4288.205078,4326.666504,4275.641113,4269.358887,4279.487305,4287.307617,4280.128418,4279.230957,4584.743652,4541.538574,4426.410156,4509.230957,,,,,,,,,,,,,,,,,,,,,,,,,,,,,,,,,,,,,,,,,,,,,,,,,,,,,,,,,,,,,,,,,,,,,,
1769162114.316781,1769162114.317736,89.0,0.0,4312.563965,4290.384766,4280.769043,4319.871582,4275.128418,4278.589844,4283.461426,4287.820313,4279.487305,4264.230957,4578.974121,4539.615234,4419.487305,4508.974121,,,,,,,,,,,,,,,,,,,,,,,,,,,,,,,,,,,,,,,,,,,,,,,,,,,,,,,,,,,,,,,,,,,,,,
1769162114.32459,1769162114.325444,90.0,0.0,4310.897461,4288.974121,4278.333496,4322.94873,4273.333496,4282.820313,4287.436035,4290.128418,4279.230957,4267.307617,4580.256348,4539.358887,4415.641113,4510.128418,,,,,,,,,,,,,,,,,,,,,,,,,,,,,,,,,,,,,,,,,,,,,,,,,,,,,,,,,,,,,,,,,,,,,,
1769162114.332398,1769162114.333253,91.0,0.0,4312.692383,4288.077148,4284.615234,4326.153809,4273.974121,4280.769043,4289.230957,4292.179688,4279.358887,4278.717773,4579.743652,4538.205078,4416.794922,4509.230957,,,,,,,,,,,,,,,,,,,,,,,,,,,,,,,,,,,,,,,,,,,,,,,,,,,,,,,,,,,,,,,,,,,,,,
1769162114.340207,1769162114.340861,92.0,0.0,4309.102539,4281.153809,4283.846191,4321.025879,4273.974121,4279.102539,4287.563965,4286.410156,4277.94873,4271.922852,4572.05127,4534.615234,4409.871582,4503.205078,,,,,,,,,,,,,,,,,,,,,,,,,,,,,,,,,,,,,,,,,,,,,,,,,,,,,,,,,,,,,,,,,,,,,,
1769162114.348015,1769162114.34867,93.0,0.0,4308.846191,4279.487305,4278.333496,4321.666504,4275.384766,4275.641113,4282.820313,4280.512695,4273.205078,4261.794922,4569.102539,4534.487305,4408.333496,4501.794922,,,,,,,,,,,,,,,,,,,,,,,,,,,,,,,,,,,,,,,,,,,,,,,,,,,,,,,,,,,,,,,,,,,,,,
1769162114.355823,1769162114.356378,94.0,0.0,4312.820313,4285.128418,4279.871582,4328.974121,4278.461426,4272.94873,4280.641113,4286.282227,4272.436035,4266.153809,4573.077148,4540.0,4413.333496,4505.641113,1.172618,0.322939,0.183149,0.197888,0.129488,0.841341,0.439246,0.410351,0.145585,0.089772,0.519108,0.249457,0.188529,0.204556,0.0883,0.415045,0.393801,0.149595,0.085071,0.040137,0.365503,0.180019,0.094852,0.063528,0.043886,0.181913,0.375601,0.254065,0.09994,0.094707,0.062034,0.434141,0.314364,0.184064,0.213272,0.345394,0.363327,0.560537,0.168028,0.110738,0.072104,0.083602,0.190852,0.08309,0.066582,0.250098,0.302558,0.699574,0.207538,0.275069,0.45933,0.379544,0.429254,0.226078,0.14844,1.161848,0.303361,0.438404,0.242099,0.139757,0.48532,0.380469,0.336417,0.250961,0.151132,1.599368,0.3843,0.58501,0.354912,0.201863
1769162114.363632,1769162114.364187,95.0,0.0,4311.153809,4287.820313,4279.615234,4326.922852,4277.179688,4276.153809,4281.282227,4287.820313,4273.846191,4265.769043,4572.820313,4537.692383,4406.922852,4505.641113,,,,,,,,,,,,,,,,,,,,,,,,,,,,,,,,,,,,,,,,,,,,,,,,,,,,,,,,,,,,,,,,,,,,,,
1769162114.37144,1769162114.372195,96.0,0.0,4309.358887,4286.410156,4275.641113,4323.717773,4275.897461,4278.461426,4281.153809,4278.461426,4271.794922,4263.205078,4569.615234,4526.794922,4405.512695,4503.974121,,,,,,,,,,,,,,,,,,,,,,,,,,,,,,,,,,,,,,,,,,,,,,,,,,,,,,,,,,,,,,,,,,,,,,
1769162114.379249,1769162114.380004,97.0,0.0,4311.282227,4283.846191,4277.820313,4324.871582,4278.077148,4279.230957,4283.077148,4282.307617,4274.871582,4268.333496,4569.487305,4523.974121,4411.025879,4501.282227,,,,,,,,,,,,,,,,,,,,,,,,,,,,,,,,,,,,,,,,,,,,,,,,,,,,,,,,,,,,,,,,,,,,,,
1769162114.387057,1769162114.387912,98.0,0.0,4311.538574,4279.102539,4281.410156,4322.179688,4275.0,4280.128418,4287.692383,4293.333496,4281.025879,4265.641113,4570.0,4528.846191,4405.769043,4498.077148,,,,,,,,,,,,,,,,,,,,,,,,,,,,,,,,,,,,,,,,,,,,,,,,,,,,,,,,,,,,,,,,,,,,,,
1769162114.394866,1769162114.39572,99.0,0.0,4314.615234,4278.333496,4281.922852,4321.666504,4269.615234,4279.615234,4290.0,4286.922852,4278.974121,4264.102539,4571.025879,4527.179688,4399.871582,4500.128418,,,,,,,,,,,,,,,,,,,,,,,,,,,,,,,,,,,,,,,,,,,,,,,,,,,,,,,,,,,,,,,,,,,,,,
1769162114.402674,1769162114.403729,100.0,0.0,4318.717773,4287.05127,4280.641113,4326.025879,4273.589844,4277.94873,4285.512695,4279.230957,4277.820313,4275.641113,4574.230957,4522.307617,4407.692383,4506.025879,,,,,,,,,,,,,,,,,,,,,,,,,,,,,,,,,,,,,,,,,,,,,,,,,,,,,,,,,,,,,,,,,,,,,,
1769162114.410483,1769162114.411537,101.0,0.0,4314.487305,4292.94873,4278.974121,4326.282227,4275.769043,4276.922852,4282.563965,4281.538574,4278.589844,4272.94873,4575.512695,4524.102539,4415.641113,4508.205078,,,,,,,,,,,,,,,,,,,,,,,,,,,,,,,,,,,,,,,,,,,,,,,,,,,,,,,,,,,,,,,,,,,,,,
1769162114.418291,1769162114.419445,102.0,0.0,4309.743652,4285.256348,4282.307617,4322.692383,4267.94873,4278.333496,4288.717773,4282.179688,4270.512695,4252.307617,4570.0,4524.102539,4408.974121,4505.897461,,,,,,,,,,,,,,,,,,,,,,,,,,,,,,,,,,,,,,,,,,,,,,,,,,,,,,,,,,,,,,,,,,,,,,
1769162114.426099,1769162114.427254,103.0,0.0,4317.179688,4278.205078,4286.538574,4320.641113,4264.871582,4278.077148,4289.743652,4279.615234,4261.282227,4251.922852,4567.179688,4520.897461,4403.717773,4503.589844,,,,,,,,,,,,,,,,,,,,,,,,,,,,,,,,,,,,,,,,,,,,,,,,,,,,,,,,,,,,,,,,,,,,,,
1769162114.433908,1769162114.435262,104.0,0.0,4322.692383,4282.307617,4284.102539,4320.128418,4268.077148,4273.974121,4279.871582,4278.717773,4262.94873,4267.820313,4575.512695,4528.461426,4411.410156,4508.589844,,,,,,,,,,,,,,,,,,,,,,,,,,,,,,,,,,,,,,,,,,,,,,,,,,,,,,,,,,,,,,,,,,,,,,
1769162114.441716,1769162114.44307,105.0,0.0,4315.897461,4283.461426,4279.102539,4320.641113,4267.436035,4273.077148,4280.384766,4286.410156,4272.179688,4267.05127,4581.538574,4535.256348,4416.025879,4511.922852,,,,,,,,,,,,,,,,,,,,,,,,,,,,,,,,,,,,,,,,,,,,,,,,,,,,,,,,,,,,,,,,,,,,,,
1769162114.449525,1769162114.450779,106.0,0.0,4308.077148,4277.563965,4279.743652,4320.769043,4267.05127,4278.077148,4287.94873,4293.589844,4279.615234,4260.897461,4576.025879,4527.820313,4412.179688,4499.102539,,,,,,,,,,,,,,,,,,,,,,,,,,,,,,,,,,,,,,,,,,,,,,,,,,,,,,,,,,,,,,,,,,,,,,
1769162114.457333,1769162114.458587,107.0,0.0,4310.897461,4276.282227,4288.077148,4320.897461,4268.846191,4280.0,4283.205078,4287.692383,4277.436035,4262.820313,4568.717773,4519.743652,4408.205078,4487.692383,,,,,,,,,,,,,,,,,,,,,,,,,,,,,,,,,,,,,,,,,,,,,,,,,,,,,,,,,,,,,,,,,,,,,,
1769162114.465142,1769162114.466196,108.0,0.0,4320.384766,4279.743652,4293.333496,4321.282227,4269.871582,4276.282227,4278.717773,4277.05127,4273.077148,4264.871582,4569.358887,4523.205078,4409.358887,4496.666504,,,,,,,,,,,,,,,,,,,,,,,,,,,,,,,,,,,,,,,,,,,,,,,,,,,,,,,,,,,,,,,,,,,,,,
1769162114.47295,1769162114.474005,109.0,0.0,4324.230957,4285.0,4287.307617,4319.615234,4273.974121,4274.615234,4279.743652,4279.615234,4277.692383,4271.282227,4577.692383,4532.05127,4419.615234,4510.769043,,,,,,,,,,,,,,,,,,,,,,,,,,,,,,,,,,,,,,,,,,,,,,,,,,,,,,,,,,,,,,,,,,,,,,
1769162114.480759,1769162114.481713,110.0,0.0,4314.743652,4283.589844,4281.538574,4312.692383,4276.282227,4277.307617,4282.692383,4291.410156,4282.820313,4277.94873,4583.077148,4537.563965,4425.128418,4509.487305,1.130538,0.291992,0.207423,0.212365,0.138794,0.727158,0.415992,0.38169,0.133414,0.090841,0.565043,0.190521,0.194055,0.186292,0.101256,0.334302,0.287151,0.136249,0.071587,0.035184,0.349039,0.172581,0.100891,0.064829,0.047463,0.142662,0.393073,0.242856,0.094666,0.091981,0.054202,0.443877,0.342145,0.179252,0.22703,0.32613,0.34722,0.639403,0.193343,0.119882,0.060861,0.075106,0.19079,0.089132,0.056161,0.202616,0.271699,0.673746,0.195353,0.251203,0.503685,0.399274,0.445985,0.197349,0.146366,1.19499,0.264271,0.444637,0.241603,0.131788,0.419386,0.42547,0.335091,0.24694,0.155238,1.578959,0.386447,0.575436,0.309707,0.195326
1769162114.488567,1769162114.489522,111.0,0.0,4305.641113,4276.538574,4288.461426,4308.205078,4273.846191,4280.897461,4291.794922,4297.179688,4279.743652,4275.512695,4580.897461,4535.256348,4419.358887,4504.230957,,,,,,,,,,,,,,,,,,,,,,,,,,,,,,,,,,,,,,,,,,,,,,,,,,,,,,,,,,,,,,,,,,,,,,
1769162114.496375,1769162114.49753,112.0,0.0,4319.358887,4286.025879,4297.05127,4316.794922,4276.922852,4279.487305,4290.128418,4288.205078,4277.436035,4275.769043,4583.205078,4530.769043,4423.717773,4513.717773,,,,,,,,,,,,,,,,,,,,,,,,,,,,,,,,,,,,,,,,,,,,,,,,,,,,,,,,,,,,,,,,,,,,,,
1769162114.504184,1769162114.505338,113.0,0.0,4337.05127,4302.563965,4298.461426,4326.282227,4281.025879,4268.974121,4277.179688,4278.333496,4279.615234,4281.153809,4586.922852,4533.974121,4434.358887,4523.461426,,,,,,,,,,,,,,,,,,,,,,,,,,,,,,,,,,,,,,,,,,,,,,,,,,,,,,,,,,,,,,,,,,,,,,
1769162114.511992,1769162114.513247,114.0,0.0,4333.205078,4301.025879,4296.153809,4323.077148,4275.897461,4264.102539,4275.769043,4283.205078,4280.256348,4275.897461,4577.05127,4538.077148,4426.794922,4520.384766,,,,,,,,,,,,,,,,,,,,,,,,,,,,,,,,,,,,,,,,,,,,,,,,,,,,,,,,,,,,,,,,,,,,,,
1769162114.519801,1769162114.521055,115.0,0.0,4325.512695,4295.0,4293.717773,4319.487305,4273.846191,4272.563965,4281.025879,4288.205078,4278.205078,4260.128418,4570.128418,4537.94873,4419.487305,4519.743652,,,,,,,,,,,,,,,,,,,,,,,,,,,,,,,,,,,,,,,,,,,,,,,,,,,,,,,,,,,,,,,,,,,,,,
1769162114.527609,1769162114.528664,116.0,0.0,4328.846191,4298.974121,4293.589844,4321.153809,4278.589844,4279.871582,4280.384766,4288.717773,4283.589844,4260.128418,4581.538574,4538.717773,4428.461426,4525.256348,,,,,,,,,,,,,,,,,,,,,,,,,,,,,,,,,,,,,,,,,,,,,,,,,,,,,,,,,,,,,,,,,,,,,,
1769162114.535418,1769162114.536472,117.0,0.0,4329.102539,4298.717773,4295.256348,4319.358887,4276.922852,4278.974121,4281.282227,4295.0,4290.512695,4277.94873,4588.205078,4537.179688,4431.153809,4522.692383,,,,,,,,,,,,,,,,,,,,,,,,,,,,,,,,,,,,,,,,,,,,,,,,,,,,,,,,,,,,,,,,,,,,,,
1769162114.543226,1769162114.544181,118.0,0.0,4325.641113,4293.205078,4297.563965,4319.230957,4274.743652,4277.436035,4281.794922,4296.153809,4285.769043,4284.871582,4582.94873,4535.769043,4427.563965,4518.717773,,,,,,,,,,,,,,,,,,,,,,,,,,,,,,,,,,,,,,,,,,,,,,,,,,,,,,,,,,,,,,,,,,,,,,
1769162114.551035,1769162114.551989,119.0,0.0,4326.538574,4294.487305,4298.846191,4319.358887,4277.563965,4276.666504,4278.589844,4290.641113,4278.205078,4275.512695,4580.641113,4537.05127,4425.641113,4517.692383,,,,,,,,,,,,,,,,,,,,,,,,,,,,,,,,,,,,,,,,,,,,,,,,,,,,,,,,,,,,,,,,,,,,,,
1769162114.558843,1769162114.559598,120.0,0.0,4319.102539,4295.512695,4293.974121,4313.333496,4277.563965,4276.794922,4281.282227,4292.179688,4279.615234,4272.179688,4577.563965,4533.589844,4420.256348,4510.897461,,,,,,,,,,,,,,,,,,,,,,,,,,,,,,,,,,,,,,,,,,,,,,,,,,,,,,,,,,,,,,,,,,,,,,
1769162114.566651,1769162114.567406,121.0,0.0,4310.256348,4290.128418,4287.94873,4312.94873,4277.05127,4279.487305,4280.769043,4296.153809,4282.820313,4275.641113,4574.358887,4524.743652,4414.358887,4504.102539,,,,,,,,,,,,,,,,,,,,,,,,,,,,,,,,,,,,,,,,,,,,,,,,,,,,,,,,,,,,,,,,,,,,,,
1769162114.57446,1769162114.575315,122.0,0.0,4315.897461,4286.922852,4291.666504,4318.846191,4279.487305,4279.487305,4280.128418,4294.743652,4279.871582,4273.589844,4577.436035,4522.05127,4415.256348,4507.05127,,,,,,,,,,,,,,,,,,,,,,,,,,,,,,,,,,,,,,,,,,,,,,,,,,,,,,,,,,,,,,,,,,,,,,
1769162114.582268,1769162114.583123,123.0,0.0,4325.512695,4290.897461,4304.102539,4321.794922,4280.641113,4277.820313,4289.102539,4294.230957,4278.717773,4275.0,4581.282227,4530.641113,4422.692383,4516.666504,,,,,,,,,,,,,,,,,,,,,,,,,,,,,,,,,,,,,,,,,,,,,,,,,,,,,,,,,,,,,,,,,,,,,,
1769162114.590077,1769162114.591131,124.0,0.0,4326.282227,4294.358887,4311.153809,4323.333496,4279.487305,4277.820313,4290.128418,4295.0,4281.922852,4278.717773,4583.846191,4540.128418,4428.589844,4525.256348,,,,,,,,,,,,,,,,,,,,,,,,,,,,,,,,,,,,,,,,,,,,,,,,,,,,,,,,,,,,,,,,,,,,,,
1769162114.597885,1769162114.59894,125.0,0.0,4323.974121,4293.461426,4309.871582,4325.641113,4280.641113,4274.487305,4277.436035,4295.769043,4279.871582,4278.205078,4585.384766,4542.436035,4428.974121,4525.384766,,,,,,,,,,,,,,,,,,,,,,,,,,,,,,,,,,,,,,,,,,,,,,,,,,,,,,,,,,,,,,,,,,,,,,
1769162114.605694,1769162114.606848,126.0,0.0,4326.410156,4294.102539,4308.461426,4323.205078,4282.820313,4273.717773,4280.0,4297.820313,4281.538574,4280.256348,4583.846191,4541.025879,4427.563965,4519.743652,1.097901,0.283511,0.237408,0.242034,0.150446,0.654366,0.388746,0.329665,0.124723,0.089883,0.657721,0.147294,0.205393,0.174375,0.113296,0.277715,0.194957,0.126367,0.062679,0.035337,0.359216,0.16577,0.107206,0.065951,0.051718,0.123769,0.409367,0.218006,0.09499,0.088589,0.050247,0.447945,0.334024,0.177453,0.223806,0.294197,0.313735,0.663677,0.216914,0.128466,0.061838,0.075309,0.182699,0.097843,0.04881,0.170245,0.23617,0.607083,0.184065,0.237329,0.517674,0.394387,0.489315,0.178725,0.147393,1.136615,0.241192,0.453799,0.245219,0.122638,0.353042,0.451928,0.365901,0.244271,0.160801,1.397953,0.398039,0.600527,0.286748,0.184474
1769162114.613502,1769162114.614656,127.0,0.0,4326.410156,4292.820313,4307.820313,4321.025879,4281.666504,4279.358887,4296.025879,4298.461426,4290.512695,4273.974121,4579.102539,4539.358887,4427.179688,4518.974121,,,,,,,,,,,,,,,,,,,,,,,,,,,,,,,,,,,,,,,,,,,,,,,,,,,,,,,,,,,,,,,,,,,,,,
1769162114.621311,1769162114.622665,0.0,0.0,4324.230957,4291.666504,4306.410156,4323.974121,4279.358887,4281.025879,4290.897461,4297.05127,4287.179688,4264.487305,4578.205078,4537.563965,4427.179688,4521.410156,,,,,,,,,,,,,,,,,,,,,,,,,,,,,,,,,,,,,,,,,,,,,,,,,,,,,,,,,,,,,,,,,,,,,,
1769162114.629119,1769162114.630473,1.0,0.0,4328.717773,4295.641113,4308.461426,4327.436035,4281.282227,4278.589844,4278.717773,4293.717773,4279.230957,4273.077148,4581.794922,4537.307617,4427.563965,4522.05127,,,,,,,,,,,,,,,,,,,,,,,,,,,,,,,,,,,,,,,,,,,,,,,,,,,,,,,,,,,,,,,,,,,,,,
1769162114.636928,1769162114.638182,2.0,0.0,4334.358887,4296.922852,4314.230957,4327.307617,4283.333496,4280.769043,4287.179688,4294.871582,4286.153809,4285.0,4582.307617,4539.102539,4427.692383,4521.794922,,,,,,,,,,,,,,,,,,,,,,,,,,,,,,,,,,,,,,,,,,,,,,,,,,,,,,,,,,,,,,,,,,,,,,
1769162114.644736,1769162114.64599,3.0,0.0,4332.820313,4293.974121,4316.538574,4325.128418,4281.282227,4285.128418,4299.102539,4302.94873,4295.128418,4280.256348,4581.666504,4540.384766,4427.820313,4521.794922,,,,,,,,,,,,,,,,,,,,,,,,,,,,,,,,,,,,,,,,,,,,,,,,,,,,,,,,,,,,,,,,,,,,,,
1769162114.652545,1769162114.653799,4.0,0.0,4328.077148,4293.333496,4315.0,4325.384766,4284.358887,4288.846191,4297.05127,4305.0,4292.307617,4276.153809,4581.794922,4540.256348,4424.871582,4517.692383,,,,,,,,,,,,,,,,,,,,,,,,,,,,,,,,,,,,,,,,,,,,,,,,,,,,,,,,,,,,,,,,,,,,,,
1769162114.660353,1769162114.661607,5.0,0.0,4325.512695,4293.333496,4312.820313,4323.461426,4287.563965,4288.333496,4292.692383,4297.94873,4285.128418,4279.230957,4578.205078,4536.666504,4415.256348,4510.0,,,,,,,,,,,,,,,,,,,,,,,,,,,,,,,,,,,,,,,,,,,,,,,,,,,,,,,,,,,,,,,,,,,,,,
1769162114.668162,1769162114.669316,6.0,0.0,4325.128418,4289.743652,4311.538574,4320.128418,4283.333496,4280.512695,4294.102539,4295.128418,4281.538574,4274.487305,4571.153809,4533.974121,4410.384766,4506.794922,,,,,,,,,,,,,,,,,,,,,,,,,,,,,,,,,,,,,,,,,,,,,,,,,,,,,,,,,,,,,,,,,,,,,,
1769162114.67597,1769162114.677124,7.0,0.0,4323.974121,4286.282227,4312.307617,4320.897461,4280.0,4281.410156,4295.641113,4298.974121,4285.512695,4271.666504,4569.615234,4536.794922,4412.436035,4508.205078,,,,,,,,,,,,,,,,,,,,,,,,,,,,,,,,,,,,,,,,,,,,,,,,,,,,,,,,,,,,,,,,,,,,,,
1769162114.683778,1769162114.684733,8.0,0.0,4325.897461,4289.487305,4314.743652,4327.307617,4283.205078,4287.820313,4292.563965,4298.846191,4291.794922,4277.179688,4576.922852,4539.230957,4413.205078,4513.974121,,,,,,,,,,,,,,,,,,,,,,,,,,,,,,,,,,,,,,,,,,,,,,,,,,,,,,,,,,,,,,,,,,,,,,
1769162114.691587,1769162114.692541,9.0,0.0,4334.487305,4296.153809,4321.666504,4334.487305,4286.282227,4281.153809,4283.077148,4296.025879,4293.205078,4280.256348,4585.256348,4538.846191,4420.128418,4521.538574,,,,,,,,,,,,,,,,,,,,,,,,,,,,,,,,,,,,,,,,,,,,,,,,,,,,,,,,,,,,,,,,,,,,,,
1769162114.699395,1769162114.70025,10.0,0.0,4343.461426,4298.846191,4329.615234,4335.641113,4287.179688,4273.846191,4280.512695,4294.487305,4292.563965,4278.333496,4587.563965,4540.0,4427.94873,4525.512695,,,,,,,,,,,,,,,,,,,,,,,,,,,,,,,,,,,,,,,,,,,,,,,,,,,,,,,,,,,,,,,,,,,,,,
1769162114.707204,1769162114.708058,11.0,0.0,4345.512695,4298.589844,4332.692383,4336.153809,4290.256348,4278.974121,4289.358887,4293.461426,4285.897461,4280.128418,4584.871582,4543.205078,4423.333496,4525.384766,,,,,,,,,,,,,,,,,,,,,,,,,,,,,,,,,,,,,,,,,,,,,,,,,,,,,,,,,,,,,,,,,,,,,,
1769162114.715012,1769162114.716066,12.0,0.0,4343.589844,4296.922852,4328.205078,4335.512695,4287.820313,4282.179688,4295.128418,4294.358887,4278.717773,4277.436035,4583.717773,4541.794922,4417.692383,4524.743652,,,,,,,,,,,,,,,,,,,,,,,,,,,,,,,,,,,,,,,,,,,,,,,,,,,,,,,,,,,,,,,,,,,,,,
1769162114.722821,1769162114.723875,13.0,0.0,4339.102539,4293.846191,4324.743652,4329.487305,4277.820313,4277.94873,4291.282227,4296.282227,4279.358887,4267.692383,4583.333496,4539.358887,4419.358887,4522.179688,,,,,,,,,,,,,,,,,,,,,,,,,,,,,,,,,,,,,,,,,,,,,,,,,,,,,,,,,,,,,,,,,,,,,,
1769162114.730629,1769162114.731583,14.0,0.0,4343.077148,4294.871582,4332.94873,4326.282227,4273.461426,4275.384766,4284.102539,4297.436035,4281.922852,4272.05127,4585.897461,4546.666504,4419.615234,4521.922852,1.059683,0.316031,0.269065,0.277314,0.160593,0.628325,0.377833,0.278434,0.119801,0.088571,0.773672,0.129514,0.220571,0.173178,0.120615,0.258554,0.142385,0.124264,0.060242,0.039861,0.402741,0.160884,0.108794,0.0667,0.055968,0.123081,0.41772,0.188785,0.101823,0.085628,0.052861,0.439648,0.294705,0.184608,0.203709,0.263426,0.267327,0.621596,0.231607,0.137693,0.076897,0.0854,0.170125,0.106574,0.046113,0.168916,0.208645,0.519346,0.176695,0.236755,0.511942,0.363191,0.54806,0.17361,0.154207,0.99374,0.224649,0.457041,0.249493,0.113822,0.308057,0.448722,0.42312,0.239986,0.16808,1.114708,0.414484,0.653955,0.280159,0.173361
1769162114.738438,1769162114.739392,15.0,0.0,4345.128418,4292.692383,4336.025879,4327.179688,4275.384766,4276.282227,4285.128418,4297.436035,4283.846191,4284.358887,4589.615234,4552.05127,4420.641113,4528.077148,,,,,,,,,,,,,,,,,,,,,,,,,,,,,,,,,,,,,,,,,,,,,,,,,,,,,,,,,,,,,,,,,,,,,,
1769162114.746246,1769162114.747001,16.0,0.0,4327.692383,4278.717773,4325.512695,4323.077148,4275.384766,4278.461426,4292.563965,4296.410156,4283.589844,4282.307617,4580.128418,4542.820313,4417.563965,4518.846191,,,,,,,,,,,,,,,,,,,,,,,,,,,,,,,,,,,,,,,,,,,,,,,,,,,,,,,,,,,,,,,,,,,,,,
1769162114.754054,1769162114.754809,17.0,0.0,4326.025879,4276.666504,4324.487305,4321.666504,4274.102539,4276.922852,4294.871582,4295.641113,4278.974121,4276.153809,4571.282227,4535.769043,4410.128418,4503.461426,,,,,,,,,,,,,,,,,,,,,,,,,,,,,,,,,,,,,,,,,,,,,,,,,,,,,,,,,,,,,,,,,,,,,,
1769162114.761863,1769162114.762717,18.0,0.0,4348.461426,4292.692383,4336.410156,4327.692383,4275.769043,4274.871582,4291.666504,4297.436035,4278.589844,4278.589844,4579.615234,4540.769043,4418.333496,4511.538574,,,,,,,,,,,,,,,,,,,,,,,,,,,,,,,,,,,,,,,,,,,,,,,,,,,,,,,,,,,,,,,,,,,,,,
1769162114.769671,1769162114.770526,19.0,0.0,4351.153809,4297.820313,4338.333496,4328.205078,4277.05127,4277.179688,4291.922852,4298.461426,4283.717773,4281.153809,4589.487305,4543.974121,4432.436035,4527.94873,,,,,,,,,,,,,,,,,,,,,,,,,,,,,,,,,,,,,,,,,,,,,,,,,,,,,,,,,,,,,,,,,,,,,,
1769162114.77748,1769162114.778534,20.0,0.0,4337.179688,4288.974121,4332.179688,4324.487305,4276.922852,4277.563965,4294.487305,4294.102539,4281.282227,4279.615234,4587.436035,4541.410156,4430.897461,4524.230957,,,,,,,,,,,,,,,,,,,,,,,,,,,,,,,,,,,,,,,,,,,,,,,,,,,,,,,,,,,,,,,,,,,,,,
1769162114.785288,1769162114.786342,21.0,0.0,4339.230957,4286.025879,4333.717773,4325.256348,4277.05127,4274.358887,4290.512695,4292.179688,4277.307617,4275.769043,4584.358887,4540.769043,4424.743652,4517.94873,,,,,,,,,,,,,,,,,,,,,,,,,,,,,,,,,,,,,,,,,,,,,,,,,,,,,,,,,,,,,,,,,,,,,,
1769162114.793097,1769162114.794251,22.0,0.0,4345.512695,4288.205078,4339.102539,4327.307617,4277.563965,4272.179688,4282.436035,4296.794922,4280.512695,4278.205078,4586.922852,4543.077148,4428.333496,4522.05127,,,,,,,,,,,,,,,,,,,,,,,,,,,,,,,,,,,,,,,,,,,,,,,,,,,,,,,,,,,,,,,,,,,,,,
1769162114.800905,1769162114.802059,23.0,0.0,4338.333496,4284.743652,4337.179688,4324.871582,4277.820313,4272.307617,4281.410156,4297.436035,4282.94873,4283.461426,4585.641113,4542.436035,4426.025879,4517.820313,,,,,,,,,,,,,,,,,,,,,,,,,,,,,,,,,,,,,,,,,,,,,,,,,,,,,,,,,,,,,,,,,,,,,,
1769162114.808714,1769162114.810067,24.0,0.0,4326.922852,4277.563965,4329.743652,4317.692383,4277.05127,4276.153809,4290.641113,4293.461426,4284.230957,4273.846191,4579.230957,4536.666504,4414.102539,4505.641113,,,,,,,,,,,,,,,,,,,,,,,,,,,,,,,,,,,,,,,,,,,,,,,,,,,,,,,,,,,,,,,,,,,,,,
1769162114.816522,1769162114.817876,25.0,0.0,4325.256348,4277.692383,4330.128418,4315.641113,4277.436035,4281.282227,4296.410156,4297.307617,4289.615234,4271.922852,4578.974121,4534.487305,4414.871582,4501.922852,,,,,,,,,,,,,,,,,,,,,,,,,,,,,,,,,,,,,,,,,,,,,,,,,,,,,,,,,,,,,,,,,,,,,,
1769162114.82433,1769162114.825584,26.0,0.0,4336.794922,4285.641113,4339.102539,4324.615234,4278.333496,4280.384766,4293.589844,4305.512695,4294.102539,4292.94873,4587.692383,4539.358887,4428.205078,4513.974121,,,,,,,,,,,,,,,,,,,,,,,,,,,,,,,,,,,,,,,,,,,,,,,,,,,,,,,,,,,,,,,,,,,,,,
1769162114.832139,1769162114.833393,27.0,0.0,4340.384766,4287.436035,4342.820313,4328.589844,4275.384766,4278.333496,4291.666504,4309.102539,4296.282227,4300.384766,4590.512695,4542.692383,4433.333496,4523.974121,,,,,,,,,,,,,,,,,,,,,,,,,,,,,,,,,,,,,,,,,,,,,,,,,,,,,,,,,,,,,,,,,,,,,,
1769162114.839947,1769162114.841201,28.0,0.0,4332.436035,4278.461426,4338.589844,4322.05127,4274.358887,4282.179688,4298.461426,4307.94873,4293.846191,4280.512695,4584.358887,4542.307617,4422.436035,4513.333496,,,,,,,,,,,,,,,,,,,,,,,,,,,,,,,,,,,,,,,,,,,,,,,,,,,,,,,,,,,,,,,,,,,,,,
1769162114.847756,1769162114.84901,29.0,0.0,4334.102539,4277.436035,4337.307617,4319.743652,4277.436035,4283.589844,4297.692383,4297.820313,4284.230957,4271.153809,4580.897461,4539.487305,4415.0,4503.974121,,,,,,,,,,,,,,,,,,,,,,,,,,,,,,,,,,,,,,,,,,,,,,,,,,,,,,,,,,,,,,,,,,,,,,
1769162114.855564,1769162114.856718,30.0,0.0,4344.102539,4288.717773,4344.743652,4328.333496,4278.589844,4278.333496,4286.153809,4296.025879,4284.230957,4282.692383,4585.641113,4542.307617,4421.922852,4515.128418,0.993969,0.386539,0.294929,0.309436,0.168092,0.631757,0.39345,0.24638,0.119156,0.090129,0.849896,0.135586,0.232095,0.18342,0.121442,0.264925,0.133256,0.129422,0.065094,0.047314,0.469844,0.157873,0.102572,0.066693,0.059283,0.131571,0.408783,0.164055,0.114294,0.084788,0.060946,0.411777,0.240861,0.200465,0.17448,0.227059,0.215144,0.521542,0.234176,0.148604,0.109571,0.102928,0.162634,0.113899,0.048644,0.201468,0.198458,0.428387,0.176588,0.24959,0.492911,0.310135,0.589992,0.181757,0.166304,0.824115,0.209528,0.440348,0.252819,0.107577,0.295166,0.415965,0.474876,0.233469,0.17791,0.809543,0.442821,0.696722,0.283025,0.168206
1769162114.863373,1769162114.864527,31.0,0.0,4345.384766,4294.358887,4350.256348,4334.487305,4275.897461,4273.205078,4283.846191,4309.358887,4296.410156,4288.333496,4591.025879,4553.846191,4430.769043,4527.820313,,,,,,,,,,,,,,,,,,,,,,,,,,,,,,,,,,,,,,,,,,,,,,,,,,,,,,,,,,,,,,,,,,,,,,
1769162114.871181,1769162114.872135,32.0,0.0,4339.230957,4290.128418,4345.384766,4330.384766,4274.487305,4271.410156,4286.794922,4306.666504,4292.05127,4279.487305,4588.589844,4554.230957,4430.769043,4523.717773,,,,,,,,,,,,,,,,,,,,,,,,,,,,,,,,,,,,,,,,,,,,,,,,,,,,,,,,,,,,,,,,,,,,,,
1769162114.87899,1769162114.879944,33.0,0.0,4340.256348,4286.410156,4339.743652,4326.025879,4277.179688,4272.307617,4285.0,4290.897461,4278.974121,4274.743652,4585.128418,4541.538574,4428.205078,4514.487305,,,,,,,,,,,,,,,,,,,,,,,,,,,,,,,,,,,,,,,,,,,,,,,,,,,,,,,,,,,,,,,,,,,,,,
1769162114.886798,1769162114.887652,34.0,0.0,4341.410156,4285.897461,4341.666504,4325.897461,4278.589844,4272.563965,4281.282227,4292.436035,4278.333496,4281.025879,4584.358887,4537.436035,4428.077148,4508.846191,,,,,,,,,,,,,,,,,,,,,,,,,,,,,,,,,,,,,,,,,,,,,,,,,,,,,,,,,,,,,,,,,,,,,,
1769162114.894606,1769162114.895461,35.0,0.0,4334.743652,4286.410156,4342.05127,4324.615234,4277.179688,4270.256348,4281.153809,4299.102539,4281.410156,4274.102539,4580.512695,4540.641113,4425.897461,4508.846191,,,,,,,,,,,,,,,,,,,,,,,,,,,,,,,,,,,,,,,,,,,,,,,,,,,,,,,,,,,,,,,,,,,,,,
1769162114.902415,1769162114.903469,36.0,0.0,4333.589844,4290.128418,4341.025879,4325.0,4277.692383,4271.538574,4287.05127,4295.256348,4281.153809,4266.153809,4580.897461,4539.871582,4425.897461,4510.897461,,,,,,,,,,,,,,,,,,,,,,,,,,,,,,,,,,,,,,,,,,,,,,,,,,,,,,,,,,,,,,,,,,,,,,
1769162114.910223,1769162114.911278,37.0,0.0,4338.205078,4294.743652,4343.077148,4327.692383,4279.487305,4275.769043,4292.179688,4295.256348,4280.769043,4277.179688,4584.358887,4539.743652,4428.205078,4510.256348,,,,,,,,,,,,,,,,,,,,,,,,,,,,,,,,,,,,,,,,,,,,,,,,,,,,,,,,,,,,,,,,,,,,,,
1769162114.918032,1769162114.919186,38.0,0.0,4336.025879,4292.307617,4342.820313,4326.794922,4278.717773,4273.205078,4287.692383,4297.820313,4278.205078,4277.94873,4581.025879,4539.615234,4424.615234,4509.743652,,,,,,,,,,,,,,,,,,,,,,,,,,,,,,,,,,,,,,,,,,,,,,,,,,,,,,,,,,,,,,,,,,,,,,
1769162114.92584,1769162114.926994,39.0,0.0,4332.94873,4289.102539,4340.641113,4325.256348,4278.205078,4272.05127,4284.871582,4296.538574,4277.94873,4266.538574,4578.333496,4537.563965,4421.410156,4509.230957,,,,,,,,,,,,,,,,,,,,,,,,,,,,,,,,,,,,,,,,,,,,,,,,,,,,,,,,,,,,,,,,,,,,,,
1769162114.933649,1769162114.934603,40.0,0.0,4334.358887,4291.794922,4339.358887,4326.666504,4280.769043,4280.769043,4295.384766,4295.128418,4281.025879,4269.487305,4579.487305,4537.94873,4420.512695,4506.153809,,,,,,,,,,,,,,,,,,,,,,,,,,,,,,,,,,,,,,,,,,,,,,,,,,,,,,,,,,,,,,,,,,,,,,
1769162114.941457,1769162114.942411,41.0,0.0,4330.897461,4292.307617,4339.230957,4326.282227,4282.05127,4283.205078,4293.589844,4295.769043,4280.128418,4276.538574,4573.846191,4537.563965,4418.589844,4505.384766,,,,,,,,,,,,,,,,,,,,,,,,,,,,,,,,,,,,,,,,,,,,,,,,,,,,,,,,,,,,,,,,,,,,,,
1769162114.949266,1769162114.95012,42.0,0.0,4324.871582,4286.153809,4342.307617,4326.410156,4280.0,4278.205078,4284.615234,4300.897461,4279.102539,4275.256348,4570.384766,4536.922852,4421.282227,4505.769043,,,,,,,,,,,,,,,,,,,,,,,,,,,,,,,,,,,,,,,,,,,,,,,,,,,,,,,,,,,,,,,,,,,,,,
1769162114.957074,1769162114.957928,43.0,0.0,4329.230957,4287.820313,4349.102539,4328.461426,4278.589844,4278.974121,4287.563965,4299.102539,4278.461426,4274.871582,4577.179688,4538.846191,4429.358887,4505.897461,,,,,,,,,,,,,,,,,,,,,,,,,,,,,,,,,,,,,,,,,,,,,,,,,,,,,,,,,,,,,,,,,,,,,,
1769162114.964882,1769162114.965537,44.0,0.0,4338.589844,4291.794922,4352.05127,4327.307617,4279.615234,4281.153809,4289.358887,4296.410156,4278.461426,4274.102539,4584.615234,4540.256348,4431.025879,4508.205078,,,,,,,,,,,,,,,,,,,,,,,,,,,,,,,,,,,,,,,,,,,,,,,,,,,,,,,,,,,,,,,,,,,,,,
1769162114.972691,1769162114.973346,45.0,0.0,4339.487305,4284.358887,4346.794922,4324.358887,4279.871582,4277.05127,4283.717773,4306.410156,4285.769043,4277.05127,4585.641113,4541.666504,4428.974121,4511.410156,,,,,,,,,,,,,,,,,,,,,,,,,,,,,,,,,,,,,,,,,,,,,,,,,,,,,,,,,,,,,,,,,,,,,,
1769162114.980499,1769162114.981254,46.0,0.0,4332.563965,4277.692383,4341.666504,4324.871582,4278.589844,4276.025879,4281.025879,4306.282227,4282.307617,4282.563965,4579.487305,4536.794922,4427.94873,4506.410156,0.882494,0.484318,0.308305,0.332353,0.175237,0.634736,0.432744,0.237562,0.123251,0.097365,0.84378,0.158623,0.232864,0.202364,0.116939,0.273197,0.155576,0.138964,0.077101,0.055797,0.536087,0.157832,0.090982,0.066269,0.060813,0.139958,0.378962,0.148445,0.129764,0.087393,0.075502,0.365911,0.192151,0.219992,0.148729,0.190862,0.167096,0.389726,0.227121,0.16029,0.158729,0.121366,0.168732,0.122173,0.05575,0.262789,0.206432,0.34485,0.188133,0.272193,0.472578,0.25098,0.583436,0.201124,0.179449,0.665547,0.201383,0.395235,0.255399,0.105267,0.310536,0.373787,0.489497,0.227193,0.189012,0.551258,0.505733,0.688599,0.290519,0.172628
1769162114.988308,1769162114.989062,47.0,0.0,4326.666504,4279.358887,4339.871582,4325.384766,4277.692383,4277.94873,4282.563965,4289.743652,4266.922852,4274.487305,4570.641113,4526.794922,4421.282227,4494.871582,,,,,,,,,,,,,,,,,,,,,,,,,,,,,,,,,,,,,,,,,,,,,,,,,,,,,,,,,,,,,,,,,,,,,,
1769162114.996116,1769162114.997071,48.0,0.0,4324.743652,4280.384766,4337.94873,4322.307617,4276.794922,4274.743652,4281.282227,4287.05127,4267.692383,4266.794922,4567.436035,4521.922852,4414.487305,4492.436035,,,,,,,,,,,,,,,,,,,,,,,,,,,,,,,,,,,,,,,,,,,,,,,,,,,,,,,,,,,,,,,,,,,,,,
1769162115.003925,1769162115.004879,49.0,0.0,4325.512695,4278.461426,4338.205078,4319.230957,4277.436035,4271.153809,4278.589844,4295.256348,4279.358887,4269.230957,4569.487305,4522.692383,4413.974121,4500.384766,,,,,,,,,,,,,,,,,,,,,,,,,,,,,,,,,,,,,,,,,,,,,,,,,,,,,,,,,,,,,,,,,,,,,,
1769162115.011733,1769162115.012588,50.0,0.0,4326.025879,4279.102539,4338.974121,4320.128418,4278.974121,4275.128418,4281.410156,4293.846191,4280.256348,4273.205078,4572.179688,4528.717773,4414.487305,4506.025879,,,,,,,,,,,,,,,,,,,,,,,,,,,,,,,,,,,,,,,,,,,,,,,,,,,,,,,,,,,,,,,,,,,,,,
1769162115.019542,1769162115.020396,51.0,0.0,4324.358887,4280.128418,4339.615234,4322.05127,4277.94873,4280.0,4286.538574,4292.820313,4277.179688,4274.871582,4572.05127,4535.384766,4413.205078,4506.410156,,,,,,,,,,,,,,,,,,,,,,,,,,,,,,,,,,,,,,,,,,,,,,,,,,,,,,,,,,,,,,,,,,,,,,
1769162115.02735,1769162115.028005,52.0,0.0,4325.897461,4279.871582,4346.794922,4323.205078,4276.153809,4278.077148,4283.974121,4295.128418,4277.94873,4272.307617,4569.743652,4533.846191,4410.512695,4508.205078,,,,,,,,,,,,,,,,,,,,,,,,,,,,,,,,,,,,,,,,,,,,,,,,,,,,,,,,,,,,,,,,,,,,,,
1769162115.035159,1769162115.035813,53.0,0.0,4330.512695,4281.025879,4350.769043,4325.384766,4277.436035,4276.282227,4281.666504,4293.333496,4277.94873,4264.230957,4570.769043,4532.307617,4415.384766,4509.615234,,,,,,,,,,,,,,,,,,,,,,,,,,,,,,,,,,,,,,,,,,,,,,,,,,,,,,,,,,,,,,,,,,,,,,
1769162115.042967,1769162115.043522,54.0,0.0,4327.820313,4282.05127,4342.307617,4324.487305,4278.461426,4279.102539,4288.717773,4293.461426,4279.743652,4263.333496,4573.077148,4538.077148,4425.897461,4506.410156,,,,,,,,,,,,,,,,,,,,,,,,,,,,,,,,,,,,,,,,,,,,,,,,,,,,,,,,,,,,,,,,,,,,,,
1769162115.050776,1769162115.05133,55.0,0.0,4326.666504,4280.641113,4340.512695,4322.436035,4276.794922,4278.846191,4287.94873,4295.384766,4280.512695,4273.461426,4570.256348,4537.563965,4427.820313,4503.333496,,,,,,,,,,,,,,,,,,,,,,,,,,,,,,,,,,,,,,,,,,,,,,,,,,,,,,,,,,,,,,,,,,,,,,
1769162115.058584,1769162115.058939,56.0,0.0,4337.820313,4283.589844,4352.05127,4325.384766,4276.794922,4275.0,4279.743652,4293.717773,4278.205078,4280.384766,4569.615234,4535.256348,4423.589844,4506.153809,,,,,,,,,,,,,,,,,,,,,,,,,,,,,,,,,,,,,,,,,,,,,,,,,,,,,,,,,,,,,,,,,,,,,,
1769162115.066393,1769162115.066747,57.0,0.0,4346.025879,4292.307617,4354.102539,4327.94873,4280.897461,4275.0,4280.0,4293.461426,4277.94873,4278.461426,4572.563965,4536.153809,4426.025879,4509.743652,,,,,,,,,,,,,,,,,,,,,,,,,,,,,,,,,,,,,,,,,,,,,,,,,,,,,,,,,,,,,,,,,,,,,,
1769162115.074201,1769162115.074456,58.0,0.0,4342.563965,4293.846191,4345.512695,4326.666504,4287.94873,4276.538574,4282.692383,4291.410156,4277.307617,4277.05127,4571.025879,4527.820313,4429.230957,4506.922852,,,,,,,,,,,,,,,,,,,,,,,,,,,,,,,,,,,,,,,,,,,,,,,,,,,,,,,,,,,,,,,,,,,,,,
1769162115.082009,1769162115.082264,59.0,0.0,4339.615234,4288.717773,4345.256348,4326.282227,4289.230957,4276.538574,4285.0,4284.358887,4274.358887,4275.641113,4566.922852,4524.230957,4423.077148,4504.743652,,,,,,,,,,,,,,,,,,,,,,,,,,,,,,,,,,,,,,,,,,,,,,,,,,,,,,,,,,,,,,,,,,,,,,
1769162115.089818,1769162115.089873,60.0,0.0,4342.820313,4287.436035,4351.153809,4325.256348,4282.307617,4277.436035,4286.666504,4284.487305,4273.205078,4269.358887,4568.589844,4533.589844,4412.307617,4508.205078,,,,,,,,,,,,,,,,,,,,,,,,,,,,,,,,,,,,,,,,,,,,,,,,,,,,,,,,,,,,,,,,,,,,,,
1769162115.097626,1769162115.097681,61.0,0.0,4346.922852,4289.871582,4354.743652,4324.743652,4280.897461,4278.717773,4281.282227,4292.563965,4276.282227,4270.128418,4570.384766,4538.077148,4412.692383,4508.333496,,,,,,,,,,,,,,,,,,,,,,,,,,,,,,,,,,,,,,,,,,,,,,,,,,,,,,,,,,,,,,,,,,,,,,
1769162115.105435,1769162115.10559,62.0,0.0,4351.538574,4292.94873,4354.615234,4327.436035,4287.94873,4281.025879,4285.128418,4295.512695,4279.102539,4280.0,4571.025879,4536.922852,4424.743652,4508.974121,0.734087,0.587996,0.313131,0.341799,0.187003,0.618909,0.482291,0.247471,0.132231,0.111073,0.742956,0.191045,0.220041,0.224249,0.110897,0.26697,0.192576,0.150822,0.094152,0.063474,0.574059,0.162784,0.080047,0.065982,0.059947,0.14846,0.333154,0.140395,0.143856,0.093081,0.098389,0.313646,0.161926,0.235646,0.137177,0.15335,0.132057,0.259991,0.215901,0.170416,0.225295,0.133766,0.191773,0.136264,0.06629,0.332515,0.225285,0.274464,0.214291,0.299409,0.449174,0.202746,0.519863,0.229024,0.188039,0.563234,0.210027,0.325879,0.257052,0.106751,0.339003,0.34761,0.454829,0.226851,0.198345,0.374889,0.623479,0.619143,0.29925,0.18627
1769162115.113243,1769162115.113398,63.0,0.0,4352.179688,4296.922852,4352.436035,4327.692383,4292.436035,4282.307617,4291.025879,4293.461426,4280.641113,4280.128418,4575.128418,4540.384766,4432.179688,4515.641113,,,,,,,,,,,,,,,,,,,,,,,,,,,,,,,,,,,,,,,,,,,,,,,,,,,,,,,,,,,,,,,,,,,,,,
1769162115.121052,1769162115.121406,64.0,0.0,4347.179688,4297.179688,4349.743652,4328.205078,4288.974121,4279.230957,4284.102539,4294.102539,4282.563965,4274.487305,4575.256348,4540.384766,4429.743652,4515.769043,,,,,,,,,,,,,,,,,,,,,,,,,,,,,,,,,,,,,,,,,,,,,,,,,,,,,,,,,,,,,,,,,,,,,,
1769162115.12886,1769162115.129215,65.0,0.0,4347.307617,4294.358887,4351.410156,4333.077148,4281.922852,4280.256348,4285.256348,4295.897461,4280.769043,4275.897461,4571.538574,4536.282227,4426.282227,4506.538574,,,,,,,,,,,,,,,,,,,,,,,,,,,,,,,,,,,,,,,,,,,,,,,,,,,,,,,,,,,,,,,,,,,,,,
1769162115.136669,1769162115.137123,66.0,0.0,4352.94873,4296.282227,4360.128418,4334.358887,4281.153809,4279.487305,4290.897461,4296.538574,4280.0,4280.641113,4576.153809,4538.974121,4425.897461,4506.666504,,,,,,,,,,,,,,,,,,,,,,,,,,,,,,,,,,,,,,,,,,,,,,,,,,,,,,,,,,,,,,,,,,,,,,
1769162115.144477,1769162115.144932,67.0,0.0,4350.128418,4297.307617,4361.922852,4330.384766,4285.256348,4270.897461,4283.077148,4296.025879,4288.461426,4280.897461,4585.769043,4542.94873,4428.846191,4517.820313,,,,,,,,,,,,,,,,,,,,,,,,,,,,,,,,,,,,,,,,,,,,,,,,,,,,,,,,,,,,,,,,,,,,,,
1769162115.152285,1769162115.15254,68.0,0.0,4340.769043,4293.205078,4352.307617,4326.794922,4285.0,4269.743652,4279.358887,4295.769043,4294.487305,4280.897461,4584.358887,4542.307617,4431.538574,4522.820313,,,,,,,,,,,,,,,,,,,,,,,,,,,,,,,,,,,,,,,,,,,,,,,,,,,,,,,,,,,,,,,,,,,,,,
1769162115.160094,1769162115.160349,69.0,0.0,4343.461426,4296.410156,4349.358887,4328.717773,4284.102539,4275.641113,4282.692383,4295.256348,4286.025879,4278.974121,4574.358887,4539.615234,4429.615234,4522.05127,,,,,,,,,,,,,,,,,,,,,,,,,,,,,,,,,,,,,,,,,,,,,,,,,,,,,,,,,,,,,,,,,,,,,,
1769162115.167902,1769162115.168257,70.0,0.0,4352.820313,4303.333496,4357.436035,4334.871582,4287.179688,4275.0,4279.487305,4293.333496,4276.794922,4273.974121,4569.615234,4538.589844,4427.692383,4518.717773,,,,,,,,,,,,,,,,,,,,,,,,,,,,,,,,,,,,,,,,,,,,,,,,,,,,,,,,,,,,,,,,,,,,,,
1769162115.175711,1769162115.176065,71.0,0.0,4353.333496,4301.025879,4360.128418,4333.974121,4285.384766,4274.358887,4284.743652,4295.769043,4281.922852,4273.589844,4571.282227,4540.897461,4427.563965,4514.230957,,,,,,,,,,,,,,,,,,,,,,,,,,,,,,,,,,,,,,,,,,,,,,,,,,,,,,,,,,,,,,,,,,,,,,
1769162115.183519,1769162115.184074,72.0,0.0,4350.256348,4293.461426,4354.230957,4325.897461,4279.487305,4279.102539,4294.358887,4298.589844,4288.589844,4276.922852,4571.538574,4542.179688,4425.897461,4510.641113,,,,,,,,,,,,,,,,,,,,,,,,,,,,,,,,,,,,,,,,,,,,,,,,,,,,,,,,,,,,,,,,,,,,,,
1769162115.191328,1769162115.191882,73.0,0.0,4345.641113,4289.871582,4350.0,4323.333496,4277.692383,4278.846191,4288.974121,4296.538574,4287.820313,4276.794922,4568.205078,4538.589844,4424.230957,4506.922852,,,,,,,,,,,,,,,,,,,,,,,,,,,,,,,,,,,,,,,,,,,,,,,,,,,,,,,,,,,,,,,,,,,,,,
1769162115.199136,1769162115.199791,74.0,0.0,4342.179688,4290.769043,4350.384766,4326.025879,4279.871582,4275.256348,4280.0,4292.692383,4288.333496,4278.846191,4569.615234,4537.05127,4426.153809,4512.307617,,,,,,,,,,,,,,,,,,,,,,,,,,,,,,,,,,,,,,,,,,,,,,,,,,,,,,,,,,,,,,,,,,,,,,
1769162115.206945,1769162115.207599,75.0,0.0,4346.282227,4292.94873,4354.102539,4329.102539,4281.282227,4274.615234,4280.0,4295.256348,4293.717773,4282.179688,4578.974121,4540.897461,4430.897461,4520.641113,,,,,,,,,,,,,,,,,,,,,,,,,,,,,,,,,,,,,,,,,,,,,,,,,,,,,,,,,,,,,,,,,,,,,,
1769162115.214753,1769162115.215607,76.0,0.0,4354.230957,4295.512695,4359.358887,4335.769043,4280.256348,4274.871582,4285.897461,4303.589844,4298.333496,4281.538574,4584.615234,4541.282227,4433.333496,4515.897461,,,,,,,,,,,,,,,,,,,,,,,,,,,,,,,,,,,,,,,,,,,,,,,,,,,,,,,,,,,,,,,,,,,,,,
1769162115.222561,1769162115.223416,77.0,0.0,4352.436035,4298.077148,4358.846191,4337.94873,4279.230957,4275.0,4289.230957,4304.102539,4294.615234,4280.256348,4578.846191,4538.717773,4430.512695,4506.282227,,,,,,,,,,,,,,,,,,,,,,,,,,,,,,,,,,,,,,,,,,,,,,,,,,,,,,,,,,,,,,,,,,,,,,
1769162115.23037,1769162115.231124,78.0,0.0,4344.102539,4292.05127,4352.179688,4330.128418,4279.358887,4274.743652,4285.769043,4296.025879,4284.358887,4273.333496,4571.025879,4540.128418,4424.358887,4508.077148,0.572365,0.674582,0.320842,0.335706,0.20694,0.58954,0.52135,0.265583,0.144915,0.12902,0.577164,0.227227,0.197335,0.243444,0.107816,0.245466,0.230179,0.163728,0.112008,0.069132,0.569378,0.170781,0.073995,0.066325,0.056723,0.162984,0.285781,0.134228,0.151922,0.099656,0.129191,0.273811,0.152713,0.240457,0.14376,0.122222,0.115467,0.15871,0.20516,0.176998,0.308431,0.138429,0.226752,0.158757,0.079221,0.386279,0.244346,0.220654,0.252994,0.326608,0.416928,0.175577,0.419304,0.261993,0.187514,0.503722,0.240261,0.25033,0.258496,0.110285,0.365651,0.358571,0.386761,0.237083,0.202642,0.286222,0.786106,0.510608,0.309633,0.205336
1769162115.238178,1769162115.238933,79.0,0.0,4340.0,4281.794922,4350.384766,4325.0,4277.692383,4272.820313,4279.102539,4293.077148,4278.077148,4259.358887,4569.615234,4540.0,4421.794922,4510.384766,,,,,,,,,,,,,,,,,,,,,,,,,,,,,,,,,,,,,,,,,,,,,,,,,,,,,,,,,,,,,,,,,,,,,,
1769162115.245987,1769162115.246541,80.0,0.0,4343.333496,4285.769043,4355.128418,4327.05127,4276.666504,4271.410156,4278.077148,4296.410156,4280.256348,4261.922852,4568.717773,4536.025879,4417.179688,4507.94873,,,,,,,,,,,,,,,,,,,,,,,,,,,,,,,,,,,,,,,,,,,,,,,,,,,,,,,,,,,,,,,,,,,,,,
1769162115.253795,1769162115.25435,81.0,0.0,4348.461426,4295.641113,4356.922852,4329.102539,4279.487305,4268.846191,4281.025879,4294.615234,4280.128418,4274.743652,4566.410156,4534.871582,4411.794922,4507.692383,,,,,,,,,,,,,,,,,,,,,,,,,,,,,,,,,,,,,,,,,,,,,,,,,,,,,,,,,,,,,,,,,,,,,,
1769162115.261604,1769162115.262058,82.0,0.0,4348.589844,4293.846191,4355.0,4328.846191,4282.307617,4266.025879,4277.820313,4292.05127,4278.205078,4273.717773,4568.589844,4537.436035,4419.615234,4509.102539,,,,,,,,,,,,,,,,,,,,,,,,,,,,,,,,,,,,,,,,,,,,,,,,,,,,,,,,,,,,,,,,,,,,,,
1769162115.269412,1769162115.269867,83.0,0.0,4350.512695,4292.436035,4356.794922,4328.717773,4281.153809,4271.922852,4278.077148,4294.487305,4281.666504,4267.692383,4570.512695,4539.230957,4429.230957,4515.0,,,,,,,,,,,,,,,,,,,,,,,,,,,,,,,,,,,,,,,,,,,,,,,,,,,,,,,,,,,,,,,,,,,,,,
1769162115.277221,1769162115.277475,84.0,0.0,4353.205078,4296.666504,4359.871582,4328.205078,4279.230957,4278.717773,4285.512695,4295.0,4280.897461,4269.358887,4570.641113,4539.358887,4428.846191,4522.436035,,,,,,,,,,,,,,,,,,,,,,,,,,,,,,,,,,,,,,,,,,,,,,,,,,,,,,,,,,,,,,,,,,,,,,
1769162115.285029,1769162115.285284,85.0,0.0,4344.871582,4293.974121,4358.846191,4327.179688,4279.358887,4275.256348,4284.487305,4294.102539,4280.0,4274.358887,4577.307617,4541.794922,4428.589844,4518.717773,,,,,,,,,,,,,,,,,,,,,,,,,,,,,,,,,,,,,,,,,,,,,,,,,,,,,,,,,,,,,,,,,,,,,,
1769162115.292838,1769162115.292992,86.0,0.0,4339.743652,4290.0,4355.256348,4326.922852,4279.743652,4269.358887,4279.358887,4295.769043,4285.384766,4279.615234,4581.538574,4541.922852,4431.410156,4509.487305,,,,,,,,,,,,,,,,,,,,,,,,,,,,,,,,,,,,,,,,,,,,,,,,,,,,,,,,,,,,,,,,,,,,,,
1769162115.300646,1769162115.300801,87.0,0.0,4349.358887,4292.436035,4355.384766,4326.922852,4279.871582,4275.0,4285.128418,4298.461426,4286.282227,4278.717773,4575.0,4537.692383,4427.436035,4507.179688,,,,,,,,,,,,,,,,,,,,,,,,,,,,,,,,,,,,,,,,,,,,,,,,,,,,,,,,,,,,,,,,,,,,,,
1769162115.308454,1769162115.308809,88.0,0.0,4356.538574,4295.128418,4356.282227,4326.922852,4281.410156,4278.589844,4288.974121,4296.410156,4279.871582,4273.205078,4569.871582,4536.410156,4424.871582,4510.769043,,,,,,,,,,,,,,,,,,,,,,,,,,,,,,,,,,,,,,,,,,,,,,,,,,,,,,,,,,,,,,,,,,,,,,
1769162115.316263,1769162115.316618,89.0,0.0,4352.94873,4295.641113,4352.692383,4326.282227,4280.769043,4269.230957,4280.769043,4292.307617,4278.077148,4274.358887,4572.692383,4538.205078,4428.589844,4514.743652,,,,,,,,,,,,,,,,,,,,,,,,,,,,,,,,,,,,,,,,,,,,,,,,,,,,,,,,,,,,,,,,,,,,,,
1769162115.324071,1769162115.324526,90.0,0.0,4354.358887,4293.846191,4351.538574,4325.897461,4278.077148,4266.794922,4278.461426,4293.205078,4280.769043,4279.487305,4572.94873,4538.461426,4428.846191,4518.077148,,,,,,,,,,,,,,,,,,,,,,,,,,,,,,,,,,,,,,,,,,,,,,,,,,,,,,,,,,,,,,,,,,,,,,
1769162115.33188,1769162115.332334,91.0,0.0,4356.025879,4291.794922,4350.769043,4324.615234,4277.436035,4273.717773,4284.743652,4295.769043,4281.153809,4278.461426,4571.666504,4537.94873,4428.205078,4518.846191,,,,,,,,,,,,,,,,,,,,,,,,,,,,,,,,,,,,,,,,,,,,,,,,,,,,,,,,,,,,,,,,,,,,,,
1769162115.339688,1769162115.340343,92.0,0.0,4354.230957,4296.282227,4347.179688,4325.128418,4277.307617,4275.256348,4283.974121,4297.692383,4281.282227,4277.05127,4576.794922,4538.077148,4428.333496,4521.538574,,,,,,,,,,,,,,,,,,,,,,,,,,,,,,,,,,,,,,,,,,,,,,,,,,,,,,,,,,,,,,,,,,,,,,
1769162115.347497,1769162115.348151,93.0,0.0,4359.487305,4300.384766,4347.563965,4328.589844,4276.794922,4275.128418,4279.102539,4296.666504,4278.974121,4277.94873,4582.436035,4537.436035,4428.077148,4522.307617,,,,,,,,,,,,,,,,,,,,,,,,,,,,,,,,,,,,,,,,,,,,,,,,,,,,,,,,,,,,,,,,,,,,,,
1769162115.355305,1769162115.35586,94.0,0.0,4366.410156,4300.769043,4352.307617,4331.410156,4279.102539,4280.641113,4279.615234,4295.0,4282.436035,4280.769043,4584.743652,4543.333496,4433.333496,4525.128418,0.44092,0.733275,0.340987,0.315382,0.23321,0.572956,0.53399,0.279211,0.158268,0.14648,0.405813,0.26335,0.17327,0.255648,0.110952,0.221111,0.260961,0.176714,0.125568,0.072467,0.530301,0.17671,0.072868,0.067142,0.052052,0.187687,0.253095,0.124979,0.150101,0.104104,0.163951,0.263521,0.156341,0.231264,0.163907,0.103984,0.118571,0.096851,0.196107,0.179206,0.395604,0.139633,0.260374,0.186938,0.093511,0.401222,0.257419,0.186466,0.29622,0.349081,0.369295,0.172322,0.314757,0.292872,0.176639,0.480936,0.290444,0.19062,0.25761,0.113338,0.373435,0.414522,0.320072,0.255895,0.20026,0.259684,0.950409,0.403749,0.324037,0.223839
1769162115.363114,1769162115.363668,95.0,0.0,4367.820313,4304.102539,4353.717773,4327.436035,4278.589844,4280.256348,4284.487305,4300.897461,4292.179688,4283.077148,4587.820313,4554.358887,4442.820313,4534.615234,,,,,,,,,,,,,,,,,,,,,,,,,,,,,,,,,,,,,,,,,,,,,,,,,,,,,,,,,,,,,,,,,,,,,,
1769162115.370922,1769162115.371676,96.0,0.0,4371.282227,4305.897461,4352.692383,4322.94873,4274.487305,4277.436035,4291.922852,4305.384766,4287.563965,4280.641113,4589.358887,4551.410156,4446.666504,4540.512695,,,,,,,,,,,,,,,,,,,,,,,,,,,,,,,,,,,,,,,,,,,,,,,,,,,,,,,,,,,,,,,,,,,,,,
1769162115.37873,1769162115.379485,97.0,0.0,4380.769043,4306.410156,4353.077148,4330.897461,4277.307617,4282.436035,4294.615234,4298.205078,4274.615234,4276.282227,4586.153809,4544.102539,4444.102539,4545.512695,,,,,,,,,,,,,,,,,,,,,,,,,,,,,,,,,,,,,,,,,,,,,,,,,,,,,,,,,,,,,,,,,,,,,,
1769162115.386539,1769162115.387393,98.0,0.0,4382.820313,4311.538574,4355.128418,4337.307617,4282.692383,4281.025879,4285.897461,4294.102539,4280.641113,4281.025879,4584.615234,4551.794922,4443.974121,4554.230957,,,,,,,,,,,,,,,,,,,,,,,,,,,,,,,,,,,,,,,,,,,,,,,,,,,,,,,,,,,,,,,,,,,,,,
1769162115.394347,1769162115.395201,99.0,0.0,4375.512695,4309.743652,4357.563965,4331.025879,4279.871582,4274.230957,4278.974121,4297.692383,4290.256348,4280.384766,4586.282227,4554.615234,4445.641113,4549.743652,,,,,,,,,,,,,,,,,,,,,,,,,,,,,,,,,,,,,,,,,,,,,,,,,,,,,,,,,,,,,,,,,,,,,,
1769162115.402156,1769162115.40321,100.0,0.0,4374.487305,4301.153809,4352.179688,4324.743652,4276.153809,4275.769043,4288.333496,4295.512695,4281.025879,4265.512695,4581.282227,4540.256348,4440.384766,4535.641113,,,,,,,,,,,,,,,,,,,,,,,,,,,,,,,,,,,,,,,,,,,,,,,,,,,,,,,,,,,,,,,,,,,,,,
1769162115.409964,1769162115.411018,101.0,0.0,4371.794922,4294.102539,4343.589844,4320.128418,4275.128418,4280.769043,4296.922852,4296.153809,4278.333496,4264.615234,4574.230957,4534.871582,4429.871582,4534.743652,,,,,,,,,,,,,,,,,,,,,,,,,,,,,,,,,,,,,,,,,,,,,,,,,,,,,,,,,,,,,,,,,,,,,,
1769162115.417773,1769162115.418727,102.0,0.0,4358.717773,4283.205078,4338.589844,4310.897461,4270.897461,4281.666504,4293.461426,4305.897461,4291.794922,4279.743652,4576.282227,4540.897461,4428.333496,4538.846191,,,,,,,,,,,,,,,,,,,,,,,,,,,,,,,,,,,,,,,,,,,,,,,,,,,,,,,,,,,,,,,,,,,,,,
1769162115.425581,1769162115.426535,103.0,0.0,4351.410156,4279.102539,4337.179688,4306.922852,4265.641113,4279.871582,4293.077148,4310.641113,4298.846191,4283.846191,4582.820313,4541.282227,4435.641113,4538.974121,,,,,,,,,,,,,,,,,,,,,,,,,,,,,,,,,,,,,,,,,,,,,,,,,,,,,,,,,,,,,,,,,,,,,,
1769162115.43339,1769162115.434543,104.0,0.0,4356.025879,4290.512695,4340.128418,4314.487305,4264.743652,4274.230957,4296.282227,4308.461426,4293.974121,4279.743652,4585.769043,4539.871582,4435.512695,4537.307617,,,,,,,,,,,,,,,,,,,,,,,,,,,,,,,,,,,,,,,,,,,,,,,,,,,,,,,,,,,,,,,,,,,,,,
1769162115.441198,1769162115.442352,105.0,0.0,4361.282227,4295.769043,4342.563965,4320.769043,4271.153809,4266.666504,4290.0,4300.641113,4282.436035,4276.794922,4580.128418,4537.179688,4430.897461,4526.666504,,,,,,,,,,,,,,,,,,,,,,,,,,,,,,,,,,,,,,,,,,,,,,,,,,,,,,,,,,,,,,,,,,,,,,
1769162115.449006,1769162115.45006,106.0,0.0,4363.461426,4294.230957,4343.333496,4323.077148,4277.307617,4265.769043,4282.05127,4294.743652,4277.307617,4271.794922,4571.922852,4536.538574,4432.436035,4521.153809,,,,,,,,,,,,,,,,,,,,,,,,,,,,,,,,,,,,,,,,,,,,,,,,,,,,,,,,,,,,,,,,,,,,,,
1769162115.456815,1769162115.457869,107.0,0.0,4361.410156,4296.922852,4347.563965,4325.128418,4274.102539,4265.897461,4281.666504,4299.871582,4285.384766,4277.436035,4577.05127,4545.512695,4432.436035,4526.666504,,,,,,,,,,,,,,,,,,,,,,,,,,,,,,,,,,,,,,,,,,,,,,,,,,,,,,,,,,,,,,,,,,,,,,
1769162115.464623,1769162115.465478,108.0,0.0,4358.077148,4295.0,4350.256348,4326.025879,4270.769043,4265.384766,4283.077148,4302.563965,4287.436035,4280.769043,4584.102539,4546.922852,4428.333496,4527.692383,,,,,,,,,,,,,,,,,,,,,,,,,,,,,,,,,,,,,,,,,,,,,,,,,,,,,,,,,,,,,,,,,,,,,,
1769162115.472432,1769162115.473286,109.0,0.0,4359.487305,4293.077148,4344.743652,4326.538574,4275.512695,4270.641113,4279.743652,4294.358887,4276.666504,4263.974121,4577.179688,4536.410156,4427.179688,4520.641113,,,,,,,,,,,,,,,,,,,,,,,,,,,,,,,,,,,,,,,,,,,,,,,,,,,,,,,,,,,,,,,,,,,,,,
1769162115.48024,1769162115.480995,110.0,0.0,4353.589844,4300.897461,4340.384766,4325.769043,4279.743652,4277.307617,4277.820313,4292.05127,4274.102539,4262.692383,4570.0,4535.0,4427.94873,4511.666504,0.384544,0.758111,0.372597,0.286759,0.258517,0.5964,0.509944,0.281202,0.169936,0.158341,0.271896,0.294566,0.157554,0.257832,0.120464,0.209381,0.282879,0.188993,0.132365,0.073771,0.472945,0.174787,0.073348,0.068284,0.0473,0.220704,0.243948,0.110676,0.137067,0.104072,0.197027,0.286722,0.159284,0.210505,0.187828,0.10513,0.139963,0.071608,0.187263,0.177716,0.470663,0.145141,0.279229,0.213915,0.108377,0.375755,0.263301,0.172939,0.333283,0.36229,0.306855,0.187506,0.243982,0.315886,0.158646,0.45455,0.351826,0.165032,0.25263,0.114156,0.357725,0.506091,0.292553,0.277921,0.191755,0.266403,1.060107,0.336098,0.346306,0.235876
1769162115.488049,1769162115.488803,111.0,0.0,4341.282227,4303.205078,4341.153809,4323.717773,4277.692383,4280.256348,4285.0,4301.282227,4280.128418,4281.153809,4572.692383,4541.282227,4427.563965,4506.410156,,,,,,,,,,,,,,,,,,,,,,,,,,,,,,,,,,,,,,,,,,,,,,,,,,,,,,,,,,,,,,,,,,,,,,
1769162115.495857,1769162115.496412,112.0,0.0,4343.846191,4299.615234,4340.769043,4323.333496,4274.871582,4276.922852,4290.256348,4304.102539,4279.358887,4282.179688,4574.487305,4541.153809,4426.794922,4507.307617,,,,,,,,,,,,,,,,,,,,,,,,,,,,,,,,,,,,,,,,,,,,,,,,,,,,,,,,,,,,,,,,,,,,,,
1769162115.503666,1769162115.50422,113.0,0.0,4355.0,4302.563965,4339.615234,4325.256348,4274.743652,4275.384766,4283.333496,4296.025879,4276.922852,4271.666504,4572.436035,4537.307617,4426.666504,4507.563965,,,,,,,,,,,,,,,,,,,,,,,,,,,,,,,,,,,,,,,,,,,,,,,,,,,,,,,,,,,,,,,,,,,,,,
1769162115.511474,1769162115.512128,114.0,0.0,4355.641113,4304.358887,4341.153809,4324.102539,4277.94873,4275.641113,4277.563965,4292.436035,4277.820313,4273.589844,4571.282227,4536.538574,4428.717773,4505.128418,,,,,,,,,,,,,,,,,,,,,,,,,,,,,,,,,,,,,,,,,,,,,,,,,,,,,,,,,,,,,,,,,,,,,,
1769162115.519283,1769162115.519937,115.0,0.0,4347.05127,4296.922852,4342.563965,4321.666504,4275.897461,4270.769043,4280.512695,4294.743652,4276.282227,4276.922852,4573.333496,4538.589844,4430.641113,4506.666504,,,,,,,,,,,,,,,,,,,,,,,,,,,,,,,,,,,,,,,,,,,,,,,,,,,,,,,,,,,,,,,,,,,,,,
1769162115.527091,1769162115.527945,116.0,0.0,4341.153809,4292.563965,4336.153809,4317.307617,4267.94873,4269.615234,4279.871582,4297.179688,4279.358887,4280.897461,4583.717773,4541.922852,4429.615234,4510.641113,,,,,,,,,,,,,,,,,,,,,,,,,,,,,,,,,,,,,,,,,,,,,,,,,,,,,,,,,,,,,,,,,,,,,,
1769162115.5349,1769162115.535754,117.0,0.0,4340.897461,4293.717773,4326.794922,4312.820313,4267.436035,4277.307617,4281.922852,4303.974121,4286.410156,4280.384766,4585.897461,4542.05127,4426.025879,4513.077148,,,,,,,,,,,,,,,,,,,,,,,,,,,,,,,,,,,,,,,,,,,,,,,,,,,,,,,,,,,,,,,,,,,,,,
1769162115.542708,1769162115.543662,118.0,0.0,4341.666504,4294.230957,4327.94873,4316.538574,4273.461426,4280.384766,4289.615234,4307.05127,4285.769043,4267.179688,4573.717773,4539.615234,4424.615234,4505.512695,,,,,,,,,,,,,,,,,,,,,,,,,,,,,,,,,,,,,,,,,,,,,,,,,,,,,,,,,,,,,,,,,,,,,,
1769162115.550516,1769162115.55147,119.0,0.0,4342.94873,4295.769043,4334.743652,4324.358887,4276.538574,4278.717773,4287.436035,4298.974121,4278.717773,4266.153809,4568.717773,4538.077148,4426.538574,4495.0,,,,,,,,,,,,,,,,,,,,,,,,,,,,,,,,,,,,,,,,,,,,,,,,,,,,,,,,,,,,,,,,,,,,,,
1769162115.558325,1769162115.559079,120.0,0.0,4346.794922,4295.769043,4333.077148,4326.153809,4275.128418,4282.179688,4279.358887,4300.256348,4281.538574,4284.743652,4576.666504,4540.769043,4427.179688,4498.717773,,,,,,,,,,,,,,,,,,,,,,,,,,,,,,,,,,,,,,,,,,,,,,,,,,,,,,,,,,,,,,,,,,,,,,
1769162115.566133,1769162115.566887,121.0,0.0,4346.538574,4295.256348,4328.589844,4323.333496,4274.102539,4279.487305,4279.230957,4305.769043,4287.05127,4288.205078,4579.102539,4542.94873,4418.589844,4503.333496,,,,,,,,,,,,,,,,,,,,,,,,,,,,,,,,,,,,,,,,,,,,,,,,,,,,,,,,,,,,,,,,,,,,,,
1769162115.573942,1769162115.574796,122.0,0.0,4337.179688,4295.512695,4326.410156,4320.641113,4271.794922,4276.025879,4282.692383,4296.282227,4273.589844,4268.461426,4564.615234,4534.102539,4404.871582,4492.563965,,,,,,,,,,,,,,,,,,,,,,,,,,,,,,,,,,,,,,,,,,,,,,,,,,,,,,,,,,,,,,,,,,,,,,
1769162115.58175,1769162115.582604,123.0,0.0,4337.436035,4292.436035,4321.282227,4320.0,4267.563965,4278.717773,4282.436035,4289.743652,4261.922852,4260.0,4556.922852,4522.820313,4402.94873,4485.897461,,,,,,,,,,,,,,,,,,,,,,,,,,,,,,,,,,,,,,,,,,,,,,,,,,,,,,,,,,,,,,,,,,,,,,
1769162115.589559,1769162115.590612,124.0,0.0,4342.94873,4291.538574,4320.128418,4319.230957,4269.230957,4275.512695,4279.358887,4295.384766,4269.743652,4266.282227,4565.769043,4522.94873,4412.563965,4491.538574,,,,,,,,,,,,,,,,,,,,,,,,,,,,,,,,,,,,,,,,,,,,,,,,,,,,,,,,,,,,,,,,,,,,,,
1769162115.597367,1769162115.598421,125.0,0.0,4335.641113,4290.897461,4322.436035,4314.230957,4271.025879,4273.846191,4284.102539,4295.641113,4277.563965,4267.820313,4564.230957,4525.641113,4412.179688,4486.666504,,,,,,,,,,,,,,,,,,,,,,,,,,,,,,,,,,,,,,,,,,,,,,,,,,,,,,,,,,,,,,,,,,,,,,
1769162115.605176,1769162115.606129,126.0,0.0,4325.256348,4284.102539,4316.666504,4308.974121,4267.692383,4280.384766,4291.282227,4291.538574,4274.615234,4261.794922,4552.307617,4521.794922,4402.436035,4478.974121,0.431655,0.748661,0.403325,0.260313,0.273805,0.673383,0.453992,0.270781,0.180827,0.161245,0.196527,0.318114,0.154007,0.248986,0.133394,0.215979,0.295786,0.197231,0.134359,0.073449,0.415773,0.16106,0.072038,0.070186,0.04369,0.253945,0.253839,0.094183,0.115528,0.099558,0.221884,0.333511,0.151096,0.184209,0.206048,0.122094,0.170062,0.073411,0.174834,0.173921,0.521655,0.161749,0.280013,0.23022,0.123101,0.330713,0.261548,0.178597,0.355565,0.363288,0.247194,0.213212,0.234757,0.325811,0.138973,0.417524,0.414803,0.178152,0.242339,0.112516,0.330195,0.612474,0.326402,0.29707,0.179027,0.298084,1.078427,0.321085,0.377903,0.237914
1769162115.612984,1769162115.613938,127.0,0.0,4327.94873,4281.538574,4310.256348,4308.461426,4269.102539,4282.307617,4287.692383,4295.384766,4274.615234,4258.333496,4558.077148,4525.641113,4406.666504,4486.282227,,,,,,,,,,,,,,,,,,,,,,,,,,,,,,,,,,,,,,,,,,,,,,,,,,,,,,,,,,,,,,,,,,,,,,
1769162115.620793,1769162115.621547,0.0,0.0,4334.871582,4288.205078,4312.307617,4307.692383,4274.615234,4279.615234,4285.128418,4302.94873,4284.871582,4271.666504,4573.717773,4538.205078,4417.94873,4495.384766,,,,,,,,,,,,,,,,,,,,,,,,,,,,,,,,,,,,,,,,,,,,,,,,,,,,,,,,,,,,,,,,,,,,,,
1769162115.628601,1769162115.629355,1.0,0.0,4336.025879,4291.922852,4313.333496,4306.282227,4274.358887,4279.487305,4292.563965,4309.358887,4293.717773,4286.153809,4575.128418,4544.102539,4417.820313,4495.512695,,,,,,,,,,,,,,,,,,,,,,,,,,,,,,,,,,,,,,,,,,,,,,,,,,,,,,,,,,,,,,,,,,,,,,
1769162115.636409,1769162115.637263,2.0,0.0,4334.743652,4288.974121,4310.256348,4306.794922,4273.846191,4278.846191,4295.256348,4311.025879,4295.0,4285.0,4570.897461,4541.153809,4416.153809,4493.717773,,,,,,,,,,,,,,,,,,,,,,,,,,,,,,,,,,,,,,,,,,,,,,,,,,,,,,,,,,,,,,,,,,,,,,
1769162115.644218,1769162115.645072,3.0,0.0,4333.461426,4289.230957,4312.94873,4308.077148,4276.153809,4283.589844,4293.077148,4303.077148,4286.922852,4275.384766,4568.205078,4534.102539,4418.846191,4492.307617,,,,,,,,,,,,,,,,,,,,,,,,,,,,,,,,,,,,,,,,,,,,,,,,,,,,,,,,,,,,,,,,,,,,,,
1769162115.652026,1769162115.65268,4.0,0.0,4334.871582,4289.743652,4318.846191,4304.871582,4274.871582,4287.94873,4294.487305,4295.256348,4279.102539,4275.256348,4565.128418,4534.230957,4416.794922,4489.871582,,,,,,,,,,,,,,,,,,,,,,,,,,,,,,,,,,,,,,,,,,,,,,,,,,,,,,,,,,,,,,,,,,,,,,
1769162115.659835,1769162115.660489,5.0,0.0,4335.769043,4285.128418,4317.307617,4297.05127,4274.358887,4283.461426,4295.0,4300.641113,4282.692383,4277.179688,4566.153809,4538.717773,4411.410156,4491.282227,,,,,,,,,,,,,,,,,,,,,,,,,,,,,,,,,,,,,,,,,,,,,,,,,,,,,,,,,,,,,,,,,,,,,,
1769162115.667643,1769162115.668197,6.0,0.0,4331.666504,4280.512695,4311.538574,4293.461426,4274.487305,4282.94873,4293.846191,4305.0,4285.769043,4270.256348,4566.282227,4532.05127,4411.282227,4489.102539,,,,,,,,,,,,,,,,,,,,,,,,,,,,,,,,,,,,,,,,,,,,,,,,,,,,,,,,,,,,,,,,,,,,,,
1769162115.675452,1769162115.676006,7.0,0.0,4329.487305,4280.897461,4308.717773,4294.230957,4273.205078,4288.846191,4297.692383,4295.897461,4281.153809,4267.563965,4562.820313,4520.256348,4412.307617,4479.743652,,,,,,,,,,,,,,,,,,,,,,,,,,,,,,,,,,,,,,,,,,,,,,,,,,,,,,,,,,,,,,,,,,,,,,
1769162115.68326,1769162115.683615,8.0,0.0,4326.538574,4282.436035,4308.846191,4293.077148,4272.820313,4286.282227,4294.871582,4291.538574,4277.563965,4273.333496,4563.846191,4519.743652,4412.563965,4476.025879,,,,,,,,,,,,,,,,,,,,,,,,,,,,,,,,,,,,,,,,,,,,,,,,,,,,,,,,,,,,,,,,,,,,,,
1769162115.691069,1769162115.691423,9.0,0.0,4327.05127,4281.282227,4310.0,4293.589844,4270.769043,4275.897461,4283.846191,4296.922852,4280.128418,4279.487305,4569.230957,4524.102539,4415.0,4483.846191,,,,,,,,,,,,,,,,,,,,,,,,,,,,,,,,,,,,,,,,,,,,,,,,,,,,,,,,,,,,,,,,,,,,,,
1769162115.698877,1769162115.699132,10.0,0.0,4332.307617,4284.487305,4309.615234,4294.615234,4271.666504,4279.615234,4283.589844,4297.436035,4281.410156,4279.487305,4571.153809,4522.692383,4420.0,4490.384766,,,,,,,,,,,,,,,,,,,,,,,,,,,,,,,,,,,,,,,,,,,,,,,,,,,,,,,,,,,,,,,,,,,,,,
1769162115.706685,1769162115.70694,11.0,0.0,4336.282227,4288.461426,4307.05127,4292.436035,4277.05127,4293.077148,4296.666504,4296.282227,4281.282227,4276.025879,4571.025879,4523.461426,4425.641113,4490.384766,,,,,,,,,,,,,,,,,,,,,,,,,,,,,,,,,,,,,,,,,,,,,,,,,,,,,,,,,,,,,,,,,,,,,,
1769162115.714494,1769162115.714948,12.0,0.0,4337.307617,4287.820313,4307.820313,4292.436035,4277.05127,4292.179688,4296.538574,4298.589844,4283.717773,4281.410156,4574.743652,4527.563965,4429.615234,4492.05127,,,,,,,,,,,,,,,,,,,,,,,,,,,,,,,,,,,,,,,,,,,,,,,,,,,,,,,,,,,,,,,,,,,,,,
1769162115.722302,1769162115.722757,13.0,0.0,4339.230957,4289.230957,4311.282227,4294.743652,4272.94873,4279.743652,4283.974121,4298.205078,4283.846191,4280.641113,4577.820313,4526.410156,4429.230957,4493.461426,,,,,,,,,,,,,,,,,,,,,,,,,,,,,,,,,,,,,,,,,,,,,,,,,,,,,,,,,,,,,,,,,,,,,,
1769162115.730111,1769162115.730665,14.0,0.0,4342.94873,4294.871582,4312.692383,4296.025879,4273.846191,4278.461426,4285.128418,4296.666504,4280.641113,4268.077148,4573.974121,4525.769043,4427.692383,4492.05127,0.582494,0.709771,0.419857,0.24609,0.27288,0.791914,0.392629,0.251226,0.194005,0.154743,0.165867,0.33496,0.161256,0.230271,0.144986,0.234636,0.306802,0.198361,0.136771,0.071739,0.371411,0.13859,0.06782,0.07342,0.042011,0.281949,0.269767,0.08615,0.091465,0.09259,0.237266,0.382386,0.134427,0.159808,0.21295,0.146451,0.197528,0.094387,0.157341,0.169151,0.544282,0.194988,0.275379,0.229713,0.138539,0.293912,0.252826,0.202913,0.357194,0.353086,0.213225,0.24274,0.292168,0.318794,0.123285,0.370939,0.470949,0.218157,0.225384,0.109651,0.312806,0.706289,0.419934,0.307424,0.164362,0.388602,1.004145,0.343372,0.413765,0.229667
1769162115.737919,1769162115.738473,15.0,0.0,4345.256348,4297.820313,4314.615234,4296.794922,4277.179688,4285.256348,4295.769043,4296.410156,4277.820313,4268.461426,4570.641113,4529.358887,4428.077148,4493.205078,,,,,,,,,,,,,,,,,,,,,,,,,,,,,,,,,,,,,,,,,,,,,,,,,,,,,,,,,,,,,,,,,,,,,,
1769162115.745728,1769162115.746482,16.0,0.0,4344.615234,4295.769043,4313.717773,4296.410156,4277.05127,4281.410156,4293.717773,4296.794922,4279.230957,4283.077148,4572.692383,4530.384766,4427.94873,4492.820313,,,,,,,,,,,,,,,,,,,,,,,,,,,,,,,,,,,,,,,,,,,,,,,,,,,,,,,,,,,,,,,,,,,,,,
1769162115.753536,1769162115.75429,17.0,0.0,4341.410156,4294.615234,4307.692383,4294.358887,4274.487305,4275.897461,4282.94873,4297.436035,4281.666504,4284.230957,4572.307617,4523.333496,4427.05127,4488.461426,,,,,,,,,,,,,,,,,,,,,,,,,,,,,,,,,,,,,,,,,,,,,,,,,,,,,,,,,,,,,,,,,,,,,,
1769162115.761345,1769162115.761999,18.0,0.0,4341.410156,4295.0,4307.307617,4292.307617,4272.179688,4278.589844,4279.102539,4297.05127,4281.025879,4276.153809,4568.205078,4520.128418,4426.794922,4488.077148,,,,,,,,,,,,,,,,,,,,,,,,,,,,,,,,,,,,,,,,,,,,,,,,,,,,,,,,,,,,,,,,,,,,,,
1769162115.769153,1769162115.769807,19.0,0.0,4344.358887,4293.717773,4312.179688,4292.436035,4273.077148,4282.307617,4283.077148,4296.538574,4282.692383,4279.871582,4569.743652,4531.666504,4427.05127,4491.282227,,,,,,,,,,,,,,,,,,,,,,,,,,,,,,,,,,,,,,,,,,,,,,,,,,,,,,,,,,,,,,,,,,,,,,
1769162115.776961,1769162115.777815,20.0,0.0,4342.563965,4289.743652,4311.282227,4293.717773,4272.94873,4278.974121,4283.717773,4295.384766,4283.205078,4281.282227,4572.94873,4538.205078,4427.05127,4492.307617,,,,,,,,,,,,,,,,,,,,,,,,,,,,,,,,,,,,,,,,,,,,,,,,,,,,,,,,,,,,,,,,,,,,,,
1769162115.78477,1769162115.785624,21.0,0.0,4340.897461,4290.128418,4308.333496,4294.871582,4273.077148,4277.307617,4280.384766,4292.820313,4278.077148,4278.846191,4570.0,4528.717773,4426.922852,4488.077148,,,,,,,,,,,,,,,,,,,,,,,,,,,,,,,,,,,,,,,,,,,,,,,,,,,,,,,,,,,,,,,,,,,,,,
1769162115.792578,1769162115.793332,22.0,0.0,4341.282227,4294.487305,4308.717773,4296.282227,4275.0,4285.512695,4277.94873,4293.205078,4276.410156,4278.205078,4567.307617,4520.0,4426.922852,4480.641113,,,,,,,,,,,,,,,,,,,,,,,,,,,,,,,,,,,,,,,,,,,,,,,,,,,,,,,,,,,,,,,,,,,,,,
1769162115.800387,1769162115.801141,23.0,0.0,4340.769043,4295.897461,4308.974121,4297.307617,4270.641113,4287.820313,4278.974121,4296.153809,4279.487305,4270.641113,4568.846191,4522.94873,4426.922852,4480.641113,,,,,,,,,,,,,,,,,,,,,,,,,,,,,,,,,,,,,,,,,,,,,,,,,,,,,,,,,,,,,,,,,,,,,,
1769162115.808195,1769162115.808749,24.0,0.0,4342.307617,4295.769043,4308.846191,4296.153809,4265.256348,4280.512695,4279.487305,4295.897461,4278.461426,4271.666504,4571.282227,4526.922852,4427.692383,4490.128418,,,,,,,,,,,,,,,,,,,,,,,,,,,,,,,,,,,,,,,,,,,,,,,,,,,,,,,,,,,,,,,,,,,,,,
1769162115.816004,1769162115.816558,25.0,0.0,4343.589844,4294.358887,4308.846191,4295.0,4268.333496,4278.205078,4280.256348,4293.205078,4275.769043,4280.769043,4571.538574,4524.102539,4427.563965,4493.846191,,,,,,,,,,,,,,,,,,,,,,,,,,,,,,,,,,,,,,,,,,,,,,,,,,,,,,,,,,,,,,,,,,,,,,
1769162115.823812,1769162115.824266,26.0,0.0,4341.794922,4294.358887,4308.974121,4299.871582,4275.256348,4281.538574,4281.666504,4293.846191,4277.563965,4283.205078,4570.512695,4522.820313,4425.769043,4491.025879,,,,,,,,,,,,,,,,,,,,,,,,,,,,,,,,,,,,,,,,,,,,,,,,,,,,,,,,,,,,,,,,,,,,,,
1769162115.831621,1769162115.832075,27.0,0.0,4342.563965,4300.512695,4308.717773,4307.436035,4280.128418,4284.358887,4281.153809,4296.794922,4282.307617,4285.256348,4571.666504,4524.871582,4428.589844,4491.794922,,,,,,,,,,,,,,,,,,,,,,,,,,,,,,,,,,,,,,,,,,,,,,,,,,,,,,,,,,,,,,,,,,,,,,
1769162115.839429,1769162115.840083,28.0,0.0,4343.589844,4302.820313,4309.230957,4309.230957,4280.641113,4287.820313,4279.487305,4297.94873,4284.358887,4288.717773,4572.307617,4527.05127,4430.897461,4493.589844,,,,,,,,,,,,,,,,,,,,,,,,,,,,,,,,,,,,,,,,,,,,,,,,,,,,,,,,,,,,,,,,,,,,,,
1769162115.847237,1769162115.847892,29.0,0.0,4339.358887,4296.410156,4309.102539,4306.025879,4277.94873,4288.077148,4281.922852,4296.153809,4280.769043,4282.692383,4569.358887,4524.102539,4420.128418,4491.794922,,,,,,,,,,,,,,,,,,,,,,,,,,,,,,,,,,,,,,,,,,,,,,,,,,,,,,,,,,,,,,,,,,,,,,
1769162115.855046,1769162115.8556,30.0,0.0,4335.128418,4290.769043,4307.307617,4304.743652,4276.922852,4283.589844,4283.589844,4294.487305,4277.05127,4275.128418,4567.692383,4520.512695,4412.436035,4484.487305,0.805551,0.65471,0.41688,0.248267,0.255533,0.922291,0.359647,0.226501,0.211504,0.141024,0.158489,0.348275,0.172063,0.205533,0.150954,0.25236,0.32851,0.192324,0.1451,0.068591,0.34718,0.116933,0.063026,0.078157,0.042579,0.30195,0.278397,0.098245,0.072686,0.085923,0.248187,0.412906,0.118442,0.144836,0.208323,0.170033,0.218484,0.131052,0.138355,0.163951,0.543975,0.250867,0.283622,0.212433,0.156157,0.279142,0.242355,0.247776,0.338745,0.338473,0.220626,0.27681,0.396805,0.29436,0.116112,0.336797,0.522733,0.26454,0.201463,0.107999,0.321347,0.770589,0.54596,0.304667,0.149899,0.574321,0.878789,0.369192,0.443925,0.213927
1769162115.862854,1769162115.863409,31.0,0.0,4334.358887,4290.0,4307.307617,4305.384766,4278.717773,4279.871582,4278.461426,4296.153809,4279.871582,4278.589844,4570.256348,4523.205078,4422.692383,4480.769043,,,,,,,,,,,,,,,,,,,,,,,,,,,,,,,,,,,,,,,,,,,,,,,,,,,,,,,,,,,,,,,,,,,,,,
1769162115.870663,1769162115.871017,32.0,0.0,4336.153809,4290.128418,4306.922852,4305.641113,4278.846191,4280.0,4275.641113,4298.077148,4282.94873,4281.025879,4571.922852,4525.256348,4429.230957,4487.563965,,,,,,,,,,,,,,,,,,,,,,,,,,,,,,,,,,,,,,,,,,,,,,,,,,,,,,,,,,,,,,,,,,,,,,
1769162115.878471,1769162115.878826,33.0,0.0,4340.128418,4292.692383,4305.128418,4307.563965,4277.94873,4284.230957,4280.256348,4296.794922,4280.512695,4277.94873,4569.487305,4522.94873,4418.846191,4492.05127,,,,,,,,,,,,,,,,,,,,,,,,,,,,,,,,,,,,,,,,,,,,,,,,,,,,,,,,,,,,,,,,,,,,,,
1769162115.88628,1769162115.886534,34.0,0.0,4342.94873,4296.282227,4306.282227,4310.769043,4279.230957,4285.512695,4281.666504,4294.358887,4277.692383,4274.230957,4567.820313,4521.538574,4413.846191,4490.641113,,,,,,,,,,,,,,,,,,,,,,,,,,,,,,,,,,,,,,,,,,,,,,,,,,,,,,,,,,,,,,,,,,,,,,
1769162115.894088,1769162115.894343,35.0,0.0,4340.897461,4295.897461,4309.358887,4313.077148,4279.358887,4280.256348,4277.05127,4294.230957,4278.205078,4276.794922,4568.974121,4523.461426,4421.666504,4492.692383,,,,,,,,,,,,,,,,,,,,,,,,,,,,,,,,,,,,,,,,,,,,,,,,,,,,,,,,,,,,,,,,,,,,,,
1769162115.901897,1769162115.902351,36.0,0.0,4338.846191,4294.615234,4306.025879,4311.410156,4277.692383,4281.282227,4277.307617,4295.256348,4278.077148,4276.410156,4568.333496,4521.922852,4419.102539,4493.717773,,,,,,,,,,,,,,,,,,,,,,,,,,,,,,,,,,,,,,,,,,,,,,,,,,,,,,,,,,,,,,,,,,,,,,
1769162115.909705,1769162115.910159,37.0,0.0,4343.333496,4295.128418,4301.153809,4308.717773,4278.717773,4289.871582,4283.589844,4295.897461,4277.692383,4266.025879,4567.94873,4523.717773,4411.153809,4493.846191,,,,,,,,,,,,,,,,,,,,,,,,,,,,,,,,,,,,,,,,,,,,,,,,,,,,,,,,,,,,,,,,,,,,,,
1769162115.917513,1769162115.918068,38.0,0.0,4351.025879,4297.179688,4306.282227,4313.589844,4282.179688,4289.871582,4284.487305,4295.641113,4280.0,4268.589844,4571.666504,4530.512695,4420.384766,4504.230957,,,,,,,,,,,,,,,,,,,,,,,,,,,,,,,,,,,,,,,,,,,,,,,,,,,,,,,,,,,,,,,,,,,,,,
1769162115.925322,1769162115.925876,39.0,0.0,4352.179688,4297.307617,4310.256348,4319.102539,4281.794922,4282.436035,4279.487305,4295.0,4279.358887,4282.692383,4572.563965,4529.358887,4427.820313,4508.205078,,,,,,,,,,,,,,,,,,,,,,,,,,,,,,,,,,,,,,,,,,,,,,,,,,,,,,,,,,,,,,,,,,,,,,
1769162115.93313,1769162115.933884,40.0,0.0,4348.333496,4295.384766,4305.512695,4319.230957,4278.846191,4280.384766,4276.922852,4294.615234,4276.538574,4280.128418,4568.333496,4522.436035,4418.846191,4501.282227,,,,,,,,,,,,,,,,,,,,,,,,,,,,,,,,,,,,,,,,,,,,,,,,,,,,,,,,,,,,,,,,,,,,,,
1769162115.940939,1769162115.941693,41.0,0.0,4349.358887,4295.256348,4303.846191,4319.871582,4280.0,4282.179688,4280.769043,4295.256348,4278.077148,4273.333496,4567.563965,4523.333496,4419.230957,4503.205078,,,,,,,,,,,,,,,,,,,,,,,,,,,,,,,,,,,,,,,,,,,,,,,,,,,,,,,,,,,,,,,,,,,,,,
1769162115.948747,1769162115.949601,42.0,0.0,4352.436035,4296.666504,4309.743652,4320.384766,4282.05127,4280.256348,4282.179688,4294.230957,4279.743652,4280.384766,4571.794922,4527.179688,4430.256348,4509.102539,,,,,,,,,,,,,,,,,,,,,,,,,,,,,,,,,,,,,,,,,,,,,,,,,,,,,,,,,,,,,,,,,,,,,,
1769162115.956556,1769162115.95741,43.0,0.0,4354.230957,4297.436035,4314.230957,4319.358887,4279.871582,4276.410156,4279.615234,4293.077148,4278.077148,4275.256348,4572.820313,4525.256348,4424.615234,4508.717773,,,,,,,,,,,,,,,,,,,,,,,,,,,,,,,,,,,,,,,,,,,,,,,,,,,,,,,,,,,,,,,,,,,,,,
1769162115.964364,1769162115.965418,44.0,0.0,4353.461426,4295.128418,4312.179688,4318.461426,4277.179688,4275.128418,4282.307617,4297.05127,4278.205078,4258.846191,4568.077148,4523.333496,4411.794922,4506.025879,,,,,,,,,,,,,,,,,,,,,,,,,,,,,,,,,,,,,,,,,,,,,,,,,,,,,,,,,,,,,,,,,,,,,,
1769162115.972173,1769162115.973226,45.0,0.0,4349.871582,4293.974121,4311.538574,4318.717773,4279.615234,4278.077148,4284.615234,4298.717773,4279.358887,4263.589844,4563.205078,4524.102539,4411.538574,4501.666504,,,,,,,,,,,,,,,,,,,,,,,,,,,,,,,,,,,,,,,,,,,,,,,,,,,,,,,,,,,,,,,,,,,,,,
1769162115.979981,1769162115.980935,46.0,0.0,4351.410156,4296.922852,4317.820313,4321.153809,4283.589844,4280.384766,4280.128418,4293.333496,4276.666504,4273.461426,4564.743652,4524.487305,4414.102539,4497.179688,1.030815,0.596955,0.397452,0.262916,0.227138,1.028163,0.378408,0.200304,0.231476,0.123455,0.162172,0.359532,0.178724,0.180316,0.148812,0.272884,0.371344,0.18212,0.161463,0.063916,0.33446,0.106613,0.060987,0.083643,0.045197,0.314488,0.272518,0.134047,0.065556,0.082343,0.264381,0.414114,0.111156,0.143437,0.19701,0.186029,0.236941,0.178295,0.124161,0.158601,0.528635,0.330363,0.315069,0.184431,0.176647,0.290076,0.238002,0.318532,0.306563,0.329001,0.269679,0.319744,0.512046,0.255793,0.119522,0.33633,0.578798,0.302775,0.172151,0.110348,0.364111,0.803627,0.661447,0.286848,0.137235,0.853956,0.757486,0.370224,0.456781,0.19514
1769162115.98779,1769162115.988743,47.0,0.0,4356.282227,4298.589844,4319.871582,4323.461426,4283.461426,4272.307617,4277.692383,4290.769043,4274.358887,4267.692383,4565.512695,4523.717773,4412.05127,4495.128418,,,,,,,,,,,,,,,,,,,,,,,,,,,,,,,,,,,,,,,,,,,,,,,,,,,,,,,,,,,,,,,,,,,,,,
1769162115.995598,1769162115.996352,48.0,0.0,4354.615234,4296.794922,4312.05127,4321.922852,4283.589844,4265.512695,4280.641113,4294.102539,4274.871582,4261.410156,4561.282227,4522.563965,4408.333496,4495.128418,,,,,,,,,,,,,,,,,,,,,,,,,,,,,,,,,,,,,,,,,,,,,,,,,,,,,,,,,,,,,,,,,,,,,,
1769162116.003407,1769162116.00416,49.0,0.0,4352.563965,4295.897461,4310.769043,4322.820313,4286.922852,4272.94873,4281.410156,4295.897461,4275.769043,4266.410156,4563.205078,4525.256348,4410.769043,4498.717773,,,,,,,,,,,,,,,,,,,,,,,,,,,,,,,,,,,,,,,,,,,,,,,,,,,,,,,,,,,,,,,,,,,,,,
1769162116.011215,1769162116.011869,50.0,0.0,4350.512695,4293.589844,4313.846191,4325.256348,4289.358887,4280.384766,4280.641113,4295.0,4274.743652,4267.94873,4564.102539,4525.641113,4414.487305,4498.846191,,,,,,,,,,,,,,,,,,,,,,,,,,,,,,,,,,,,,,,,,,,,,,,,,,,,,,,,,,,,,,,,,,,,,,
1769162116.019024,1769162116.019677,51.0,0.0,4343.589844,4289.871582,4308.205078,4322.05127,4291.025879,4278.333496,4282.307617,4297.05127,4276.153809,4262.94873,4557.307617,4519.615234,4410.512695,4488.846191,,,,,,,,,,,,,,,,,,,,,,,,,,,,,,,,,,,,,,,,,,,,,,,,,,,,,,,,,,,,,,,,,,,,,,
1769162116.026832,1769162116.027286,52.0,0.0,4344.102539,4289.871582,4309.230957,4322.05127,4292.179688,4277.820313,4282.820313,4302.692383,4285.0,4269.230957,4562.179688,4524.230957,4413.846191,4487.94873,,,,,,,,,,,,,,,,,,,,,,,,,,,,,,,,,,,,,,,,,,,,,,,,,,,,,,,,,,,,,,,,,,,,,,
1769162116.03464,1769162116.035095,53.0,0.0,4354.230957,4292.179688,4320.128418,4326.410156,4288.077148,4278.589844,4282.05127,4305.256348,4289.487305,4282.563965,4575.128418,4539.487305,4425.512695,4503.205078,,,,,,,,,,,,,,,,,,,,,,,,,,,,,,,,,,,,,,,,,,,,,,,,,,,,,,,,,,,,,,,,,,,,,,
1769162116.042449,1769162116.043003,54.0,0.0,4358.461426,4292.820313,4323.461426,4326.410156,4283.974121,4274.487305,4280.128418,4300.128418,4281.922852,4275.128418,4573.589844,4541.153809,4425.256348,4507.820313,,,,,,,,,,,,,,,,,,,,,,,,,,,,,,,,,,,,,,,,,,,,,,,,,,,,,,,,,,,,,,,,,,,,,,
1769162116.050257,1769162116.050811,55.0,0.0,4356.922852,4295.641113,4321.666504,4325.384766,4290.256348,4274.743652,4280.512695,4293.589844,4275.897461,4257.692383,4566.794922,4526.794922,4416.025879,4495.512695,,,,,,,,,,,,,,,,,,,,,,,,,,,,,,,,,,,,,,,,,,,,,,,,,,,,,,,,,,,,,,,,,,,,,,
1769162116.058066,1769162116.05882,56.0,0.0,4354.487305,4298.333496,4321.666504,4325.512695,4296.794922,4277.692383,4282.179688,4294.230957,4278.205078,4265.769043,4568.717773,4520.512695,4415.897461,4490.0,,,,,,,,,,,,,,,,,,,,,,,,,,,,,,,,,,,,,,,,,,,,,,,,,,,,,,,,,,,,,,,,,,,,,,
1769162116.065874,1769162116.066628,57.0,0.0,4354.615234,4296.153809,4321.410156,4326.666504,4291.538574,4276.153809,4279.102539,4298.205078,4283.717773,4284.615234,4572.820313,4531.282227,4420.897461,4502.307617,,,,,,,,,,,,,,,,,,,,,,,,,,,,,,,,,,,,,,,,,,,,,,,,,,,,,,,,,,,,,,,,,,,,,,
1769162116.073683,1769162116.074337,58.0,0.0,4353.717773,4293.461426,4319.358887,4324.871582,4284.487305,4279.102539,4277.820313,4297.692383,4279.230957,4279.102539,4570.897461,4535.384766,4417.179688,4507.307617,,,,,,,,,,,,,,,,,,,,,,,,,,,,,,,,,,,,,,,,,,,,,,,,,,,,,,,,,,,,,,,,,,,,,,
1769162116.081491,1769162116.082145,59.0,0.0,4347.94873,4293.077148,4314.230957,4320.512695,4285.384766,4284.487305,4282.307617,4292.94873,4269.487305,4264.743652,4562.436035,4523.589844,4407.05127,4492.563965,,,,,,,,,,,,,,,,,,,,,,,,,,,,,,,,,,,,,,,,,,,,,,,,,,,,,,,,,,,,,,,,,,,,,,
1769162116.0893,1769162116.089754,60.0,0.0,4346.794922,4294.230957,4308.589844,4319.871582,4288.974121,4278.846191,4280.0,4291.025879,4271.025879,4266.153809,4559.102539,4516.922852,4404.871582,4485.512695,,,,,,,,,,,,,,,,,,,,,,,,,,,,,,,,,,,,,,,,,,,,,,,,,,,,,,,,,,,,,,,,,,,,,,
1769162116.097108,1769162116.097562,61.0,0.0,4350.641113,4294.487305,4311.282227,4321.025879,4287.436035,4272.179688,4271.666504,4293.205078,4279.230957,4275.512695,4568.205078,4527.692383,4415.641113,4499.487305,,,,,,,,,,,,,,,,,,,,,,,,,,,,,,,,,,,,,,,,,,,,,,,,,,,,,,,,,,,,,,,,,,,,,,
1769162116.104916,1769162116.10547,62.0,0.0,4348.974121,4291.538574,4316.153809,4321.794922,4281.922852,4276.922852,4273.461426,4296.410156,4281.410156,4280.641113,4576.794922,4538.333496,4422.563965,4514.358887,1.204523,0.548101,0.373462,0.280255,0.195423,1.084522,0.450226,0.178031,0.2482,0.105242,0.171317,0.370407,0.17975,0.15935,0.138204,0.288534,0.43584,0.173449,0.1831,0.057897,0.324397,0.113073,0.063443,0.088455,0.049118,0.328776,0.250822,0.185546,0.072476,0.083828,0.290052,0.388568,0.113485,0.153523,0.18579,0.194615,0.259018,0.227698,0.11776,0.152907,0.505276,0.428721,0.365457,0.15341,0.197849,0.317631,0.24794,0.416926,0.270067,0.331461,0.340999,0.37488,0.600656,0.210272,0.13182,0.366307,0.647024,0.327005,0.141776,0.118502,0.435472,0.814346,0.730886,0.256366,0.128147,1.157027,0.685272,0.341169,0.446594,0.177886
1769162116.112725,1769162116.113279,63.0,0.0,4347.05127,4290.128418,4315.641113,4324.615234,4278.333496,4280.641113,4280.641113,4296.282227,4279.102539,4276.025879,4567.436035,4531.153809,4416.282227,4506.922852,,,,,,,,,,,,,,,,,,,,,,,,,,,,,,,,,,,,,,,,,,,,,,,,,,,,,,,,,,,,,,,,,,,,,,
1769162116.120533,1769162116.121287,64.0,0.0,4351.794922,4292.692383,4311.922852,4327.179688,4278.333496,4278.077148,4279.743652,4293.205078,4277.436035,4268.717773,4556.025879,4518.846191,4409.615234,4490.641113,,,,,,,,,,,,,,,,,,,,,,,,,,,,,,,,,,,,,,,,,,,,,,,,,,,,,,,,,,,,,,,,,,,,,,
1769162116.128342,1769162116.129096,65.0,0.0,4350.641113,4296.282227,4308.717773,4327.179688,4281.410156,4279.487305,4279.615234,4294.102539,4278.974121,4270.769043,4564.487305,4522.820313,4412.820313,4493.974121,,,,,,,,,,,,,,,,,,,,,,,,,,,,,,,,,,,,,,,,,,,,,,,,,,,,,,,,,,,,,,,,,,,,,,
1769162116.13615,1769162116.137004,66.0,0.0,4345.0,4296.410156,4310.128418,4327.692383,4282.820313,4281.922852,4282.94873,4297.820313,4282.820313,4278.717773,4575.256348,4538.717773,4420.769043,4511.153809,,,,,,,,,,,,,,,,,,,,,,,,,,,,,,,,,,,,,,,,,,,,,,,,,,,,,,,,,,,,,,,,,,,,,,
1769162116.143959,1769162116.144812,67.0,0.0,4348.461426,4294.358887,4313.333496,4327.179688,4280.512695,4278.846191,4282.436035,4296.153809,4282.179688,4279.487305,4574.358887,4539.871582,4421.922852,4509.358887,,,,,,,,,,,,,,,,,,,,,,,,,,,,,,,,,,,,,,,,,,,,,,,,,,,,,,,,,,,,,,,,,,,,,,
1769162116.151767,1769162116.152821,68.0,0.0,4352.692383,4293.461426,4312.563965,4325.769043,4277.179688,4277.05127,4280.769043,4292.05127,4276.666504,4267.820313,4566.282227,4526.282227,4412.179688,4493.077148,,,,,,,,,,,,,,,,,,,,,,,,,,,,,,,,,,,,,,,,,,,,,,,,,,,,,,,,,,,,,,,,,,,,,,
1769162116.159576,1769162116.160629,69.0,0.0,4351.282227,4295.128418,4310.256348,4326.922852,4278.461426,4280.384766,4280.384766,4291.794922,4274.230957,4257.307617,4558.333496,4520.128418,4400.769043,4486.025879,,,,,,,,,,,,,,,,,,,,,,,,,,,,,,,,,,,,,,,,,,,,,,,,,,,,,,,,,,,,,,,,,,,,,,
1769162116.167384,1769162116.168338,70.0,0.0,4349.230957,4294.615234,4307.94873,4327.307617,4280.256348,4280.128418,4279.615234,4294.743652,4274.615234,4263.077148,4557.563965,4526.153809,4400.384766,4491.666504,,,,,,,,,,,,,,,,,,,,,,,,,,,,,,,,,,,,,,,,,,,,,,,,,,,,,,,,,,,,,,,,,,,,,,
1769162116.175192,1769162116.176146,71.0,0.0,4348.974121,4290.769043,4310.256348,4326.666504,4278.333496,4274.487305,4279.743652,4295.897461,4277.820313,4276.282227,4566.282227,4537.05127,4410.128418,4501.794922,,,,,,,,,,,,,,,,,,,,,,,,,,,,,,,,,,,,,,,,,,,,,,,,,,,,,,,,,,,,,,,,,,,,,,
1769162116.183001,1769162116.183755,72.0,0.0,4348.846191,4287.94873,4320.0,4327.692383,4276.666504,4274.487305,4279.487305,4293.205078,4278.461426,4276.666504,4571.538574,4538.205078,4414.230957,4502.307617,,,,,,,,,,,,,,,,,,,,,,,,,,,,,,,,,,,,,,,,,,,,,,,,,,,,,,,,,,,,,,,,,,,,,,
1769162116.190809,1769162116.191563,73.0,0.0,4346.538574,4283.205078,4325.128418,4327.307617,4276.922852,4280.384766,4280.641113,4293.846191,4275.256348,4265.641113,4565.769043,4527.179688,4404.487305,4491.410156,,,,,,,,,,,,,,,,,,,,,,,,,,,,,,,,,,,,,,,,,,,,,,,,,,,,,,,,,,,,,,,,,,,,,,
1769162116.198618,1769162116.199272,74.0,0.0,4344.615234,4280.512695,4321.410156,4326.025879,4278.461426,4281.282227,4284.743652,4295.384766,4275.256348,4261.794922,4562.436035,4521.153809,4399.102539,4488.333496,,,,,,,,,,,,,,,,,,,,,,,,,,,,,,,,,,,,,,,,,,,,,,,,,,,,,,,,,,,,,,,,,,,,,,
1769162116.206426,1769162116.20708,75.0,0.0,4344.230957,4284.358887,4317.692383,4327.436035,4278.846191,4280.0,4284.230957,4288.333496,4276.282227,4267.563965,4566.153809,4524.230957,4408.974121,4499.230957,,,,,,,,,,,,,,,,,,,,,,,,,,,,,,,,,,,,,,,,,,,,,,,,,,,,,,,,,,,,,,,,,,,,,,
1769162116.214235,1769162116.214689,76.0,0.0,4346.410156,4283.846191,4314.743652,4327.820313,4276.410156,4279.487305,4279.102539,4283.205078,4277.436035,4271.794922,4570.769043,4524.871582,4417.436035,4503.717773,,,,,,,,,,,,,,,,,,,,,,,,,,,,,,,,,,,,,,,,,,,,,,,,,,,,,,,,,,,,,,,,,,,,,,
1769162116.222043,1769162116.222497,77.0,0.0,4339.102539,4277.307617,4310.769043,4323.589844,4274.230957,4278.461426,4280.384766,4288.846191,4283.717773,4266.794922,4572.179688,4523.333496,4416.153809,4497.563965,,,,,,,,,,,,,,,,,,,,,,,,,,,,,,,,,,,,,,,,,,,,,,,,,,,,,,,,,,,,,,,,,,,,,,
1769162116.229852,1769162116.230206,78.0,0.0,4327.179688,4277.179688,4310.256348,4321.282227,4273.589844,4278.077148,4284.743652,4296.538574,4287.179688,4261.153809,4568.205078,4524.743652,4408.974121,4489.615234,1.260367,0.51667,0.353779,0.288364,0.166568,1.073436,0.551981,0.164449,0.254274,0.088589,0.181931,0.376924,0.178193,0.143372,0.121418,0.298622,0.50684,0.170074,0.202582,0.051094,0.304022,0.132687,0.06941,0.091101,0.053223,0.34562,0.217732,0.234905,0.090611,0.090782,0.323799,0.346178,0.118762,0.167237,0.179177,0.190577,0.28753,0.26884,0.117358,0.146493,0.473818,0.531938,0.418168,0.125618,0.215141,0.339575,0.275925,0.530741,0.239024,0.346792,0.404996,0.43829,0.636112,0.166571,0.14859,0.414395,0.724239,0.340678,0.115605,0.132186,0.51025,0.814741,0.73691,0.219235,0.125317,1.416089,0.680465,0.29821,0.414053,0.165971
1769162116.23766,1769162116.238014,79.0,0.0,4329.230957,4280.641113,4311.282227,4320.256348,4272.179688,4279.102539,4282.820313,4292.820313,4282.436035,4262.05127,4559.487305,4519.102539,4399.615234,4479.487305,,,,,,,,,,,,,,,,,,,,,,,,,,,,,,,,,,,,,,,,,,,,,,,,,,,,,,,,,,,,,,,,,,,,,,
1769162116.245469,1769162116.246023,80.0,0.0,4339.230957,4278.461426,4310.256348,4318.461426,4271.922852,4278.974121,4279.358887,4282.436035,4277.820313,4262.179688,4552.692383,4512.436035,4395.641113,4478.717773,,,,,,,,,,,,,,,,,,,,,,,,,,,,,,,,,,,,,,,,,,,,,,,,,,,,,,,,,,,,,,,,,,,,,,
1769162116.253277,1769162116.253831,81.0,0.0,4343.717773,4278.077148,4312.179688,4320.128418,4274.615234,4279.871582,4279.615234,4281.794922,4278.333496,4263.077148,4560.384766,4520.256348,4402.94873,4489.615234,,,,,,,,,,,,,,,,,,,,,,,,,,,,,,,,,,,,,,,,,,,,,,,,,,,,,,,,,,,,,,,,,,,,,,
1769162116.261085,1769162116.261739,82.0,0.0,4342.563965,4280.512695,4312.94873,4323.461426,4271.794922,4281.922852,4280.384766,4292.436035,4281.538574,4270.384766,4571.282227,4527.820313,4409.743652,4495.512695,,,,,,,,,,,,,,,,,,,,,,,,,,,,,,,,,,,,,,,,,,,,,,,,,,,,,,,,,,,,,,,,,,,,,,
1769162116.268894,1769162116.269548,83.0,0.0,4343.077148,4281.666504,4310.897461,4323.974121,4268.461426,4278.205078,4279.615234,4294.358887,4285.769043,4273.077148,4569.358887,4523.077148,4409.743652,4490.128418,,,,,,,,,,,,,,,,,,,,,,,,,,,,,,,,,,,,,,,,,,,,,,,,,,,,,,,,,,,,,,,,,,,,,,
1769162116.276702,1769162116.277156,84.0,0.0,4348.717773,4284.871582,4313.077148,4324.358887,4271.666504,4273.589844,4278.461426,4286.794922,4288.846191,4270.256348,4567.820313,4521.153809,4412.05127,4494.615234,,,,,,,,,,,,,,,,,,,,,,,,,,,,,,,,,,,,,,,,,,,,,,,,,,,,,,,,,,,,,,,,,,,,,,
1769162116.284511,1769162116.284965,85.0,0.0,4348.205078,4289.487305,4318.717773,4325.897461,4273.974121,4275.128418,4278.717773,4287.563965,4288.589844,4269.487305,4571.794922,4525.256348,4413.974121,4507.692383,,,,,,,,,,,,,,,,,,,,,,,,,,,,,,,,,,,,,,,,,,,,,,,,,,,,,,,,,,,,,,,,,,,,,,
1769162116.292319,1769162116.292873,86.0,0.0,4344.871582,4290.0,4321.794922,4326.153809,4270.769043,4277.05127,4278.589844,4287.692383,4286.666504,4266.410156,4569.487305,4523.589844,4410.512695,4507.179688,,,,,,,,,,,,,,,,,,,,,,,,,,,,,,,,,,,,,,,,,,,,,,,,,,,,,,,,,,,,,,,,,,,,,,
1769162116.300128,1769162116.300682,87.0,0.0,4347.179688,4291.025879,4319.230957,4325.769043,4268.077148,4276.025879,4277.820313,4284.102539,4288.461426,4265.128418,4565.0,4521.666504,4408.589844,4497.820313,,,,,,,,,,,,,,,,,,,,,,,,,,,,,,,,,,,,,,,,,,,,,,,,,,,,,,,,,,,,,,,,,,,,,,
1769162116.307936,1769162116.30869,88.0,0.0,4347.692383,4291.410156,4315.256348,4325.897461,4267.307617,4276.794922,4278.589844,4288.974121,4294.615234,4269.230957,4565.897461,4524.102539,4412.05127,4491.538574,,,,,,,,,,,,,,,,,,,,,,,,,,,,,,,,,,,,,,,,,,,,,,,,,,,,,,,,,,,,,,,,,,,,,,
1769162116.315745,1769162116.316498,89.0,0.0,4343.846191,4286.794922,4312.563965,4326.410156,4264.230957,4278.589844,4281.538574,4294.743652,4294.102539,4268.461426,4567.307617,4524.743652,4411.794922,4492.94873,,,,,,,,,,,,,,,,,,,,,,,,,,,,,,,,,,,,,,,,,,,,,,,,,,,,,,,,,,,,,,,,,,,,,,
1769162116.323553,1769162116.324407,90.0,0.0,4347.820313,4284.615234,4311.922852,4326.666504,4262.563965,4277.820313,4282.820313,4288.461426,4285.512695,4263.974121,4564.230957,4523.205078,4404.615234,4496.666504,,,,,,,,,,,,,,,,,,,,,,,,,,,,,,,,,,,,,,,,,,,,,,,,,,,,,,,,,,,,,,,,,,,,,,
1769162116.331361,1769162116.332215,91.0,0.0,4352.436035,4288.077148,4310.897461,4325.384766,4263.461426,4280.0,4281.538574,4280.641113,4281.410156,4263.077148,4558.333496,4520.769043,4400.256348,4497.05127,,,,,,,,,,,,,,,,,,,,,,,,,,,,,,,,,,,,,,,,,,,,,,,,,,,,,,,,,,,,,,,,,,,,,,
1769162116.33917,1769162116.340223,92.0,0.0,4347.94873,4292.179688,4308.461426,4327.563965,4266.538574,4280.512695,4280.0,4279.230957,4279.487305,4261.922852,4553.205078,4517.820313,4404.487305,4490.128418,,,,,,,,,,,,,,,,,,,,,,,,,,,,,,,,,,,,,,,,,,,,,,,,,,,,,,,,,,,,,,,,,,,,,,
1769162116.346978,1769162116.348032,93.0,0.0,4348.205078,4295.769043,4308.077148,4330.897461,4269.487305,4274.230957,4273.077148,4277.307617,4279.358887,4266.025879,4557.179688,4518.461426,4410.512695,4490.0,,,,,,,,,,,,,,,,,,,,,,,,,,,,,,,,,,,,,,,,,,,,,,,,,,,,,,,,,,,,,,,,,,,,,,
1769162116.354787,1769162116.35594,94.0,0.0,4356.794922,4297.692383,4310.641113,4330.256348,4268.717773,4271.025879,4267.94873,4278.333496,4287.436035,4272.820313,4569.871582,4525.0,4414.102539,4504.102539,1.206668,0.499518,0.343146,0.28018,0.143357,0.989948,0.643199,0.165085,0.244741,0.074469,0.193847,0.373353,0.181337,0.130056,0.102832,0.299022,0.558338,0.171122,0.211749,0.044206,0.277918,0.156331,0.07635,0.090586,0.056533,0.364328,0.181311,0.26304,0.114075,0.101964,0.352612,0.298497,0.118168,0.174857,0.176838,0.177591,0.318299,0.291732,0.117675,0.138671,0.434088,0.619298,0.452584,0.104158,0.223486,0.344805,0.315719,0.634796,0.220333,0.371633,0.431936,0.500609,0.610848,0.131146,0.165565,0.453169,0.790146,0.344975,0.097614,0.151398,0.551789,0.815964,0.684953,0.181195,0.131704,1.546427,0.724333,0.261315,0.364619,0.164816
1769162116.362595,1769162116.363749,95.0,0.0,4357.692383,4294.358887,4307.436035,4327.436035,4265.769043,4276.538574,4273.846191,4277.436035,4285.769043,4264.230957,4572.820313,4526.666504,4413.974121,4505.128418,,,,,,,,,,,,,,,,,,,,,,,,,,,,,,,,,,,,,,,,,,,,,,,,,,,,,,,,,,,,,,,,,,,,,,
1769162116.370404,1769162116.371357,96.0,0.0,4351.794922,4292.05127,4297.94873,4325.384766,4264.615234,4281.538574,4280.256348,4278.205078,4276.153809,4258.205078,4565.512695,4522.179688,4410.256348,4491.666504,,,,,,,,,,,,,,,,,,,,,,,,,,,,,,,,,,,,,,,,,,,,,,,,,,,,,,,,,,,,,,,,,,,,,,
1769162116.378212,1769162116.379166,97.0,0.0,4350.0,4294.743652,4295.256348,4325.897461,4266.922852,4279.487305,4278.333496,4288.589844,4285.0,4275.256348,4567.436035,4523.077148,4408.974121,4488.846191,,,,,,,,,,,,,,,,,,,,,,,,,,,,,,,,,,,,,,,,,,,,,,,,,,,,,,,,,,,,,,,,,,,,,,
1769162116.386021,1769162116.386874,98.0,0.0,4351.922852,4293.717773,4296.538574,4327.563965,4267.563965,4275.0,4275.769043,4290.256348,4291.153809,4282.179688,4572.436035,4525.384766,4411.282227,4493.974121,,,,,,,,,,,,,,,,,,,,,,,,,,,,,,,,,,,,,,,,,,,,,,,,,,,,,,,,,,,,,,,,,,,,,,
1769162116.393829,1769162116.394683,99.0,0.0,4348.333496,4289.487305,4289.871582,4326.025879,4265.897461,4273.846191,4278.846191,4282.05127,4282.820313,4268.461426,4568.589844,4523.461426,4412.820313,4491.922852,,,,,,,,,,,,,,,,,,,,,,,,,,,,,,,,,,,,,,,,,,,,,,,,,,,,,,,,,,,,,,,,,,,,,,
1769162116.401637,1769162116.402291,100.0,0.0,4347.179688,4289.871582,4287.94873,4325.641113,4265.512695,4275.512695,4278.077148,4282.820313,4287.05127,4265.384766,4565.897461,4522.563965,4413.461426,4492.307617,,,,,,,,,,,,,,,,,,,,,,,,,,,,,,,,,,,,,,,,,,,,,,,,,,,,,,,,,,,,,,,,,,,,,,
1769162116.409446,1769162116.4101,101.0,0.0,4354.615234,4294.358887,4292.436035,4329.615234,4266.282227,4272.820313,4270.641113,4284.487305,4291.025879,4271.153809,4568.461426,4522.94873,4413.333496,4500.384766,,,,,,,,,,,,,,,,,,,,,,,,,,,,,,,,,,,,,,,,,,,,,,,,,,,,,,,,,,,,,,,,,,,,,,
1769162116.417255,1769162116.417808,102.0,0.0,4358.846191,4294.743652,4294.487305,4330.512695,4266.025879,4265.0,4265.512695,4277.436035,4280.384766,4267.307617,4568.717773,4522.307617,4411.922852,4505.256348,,,,,,,,,,,,,,,,,,,,,,,,,,,,,,,,,,,,,,,,,,,,,,,,,,,,,,,,,,,,,,,,,,,,,,
1769162116.425063,1769162116.425617,103.0,0.0,4357.436035,4293.974121,4291.794922,4327.436035,4265.0,4266.025879,4272.05127,4276.538574,4277.820313,4264.743652,4569.743652,4524.615234,4413.077148,4508.077148,,,,,,,,,,,,,,,,,,,,,,,,,,,,,,,,,,,,,,,,,,,,,,,,,,,,,,,,,,,,,,,,,,,,,,
1769162116.432871,1769162116.433625,104.0,0.0,4355.641113,4295.384766,4285.128418,4327.05127,4265.769043,4273.717773,4276.282227,4280.128418,4282.179688,4267.05127,4570.641113,4527.05127,4415.0,4507.563965,,,,,,,,,,,,,,,,,,,,,,,,,,,,,,,,,,,,,,,,,,,,,,,,,,,,,,,,,,,,,,,,,,,,,,
1769162116.44068,1769162116.441433,105.0,0.0,4355.769043,4294.871582,4283.205078,4329.230957,4267.05127,4275.897461,4269.102539,4276.794922,4277.692383,4265.641113,4566.922852,4521.922852,4410.512695,4503.846191,,,,,,,,,,,,,,,,,,,,,,,,,,,,,,,,,,,,,,,,,,,,,,,,,,,,,,,,,,,,,,,,,,,,,,
1769162116.448488,1769162116.449342,106.0,0.0,4361.025879,4297.307617,4287.563965,4332.820313,4266.153809,4273.461426,4269.743652,4277.05127,4277.436035,4269.615234,4566.922852,4521.666504,4409.743652,4505.897461,,,,,,,,,,,,,,,,,,,,,,,,,,,,,,,,,,,,,,,,,,,,,,,,,,,,,,,,,,,,,,,,,,,,,,
1769162116.456297,1769162116.45715,107.0,0.0,4367.436035,4303.846191,4285.769043,4333.846191,4265.769043,4270.512695,4276.025879,4280.512695,4281.794922,4280.384766,4573.205078,4534.102539,4422.436035,4512.436035,,,,,,,,,,,,,,,,,,,,,,,,,,,,,,,,,,,,,,,,,,,,,,,,,,,,,,,,,,,,,,,,,,,,,,
1769162116.464105,1769162116.465159,108.0,0.0,4367.436035,4301.666504,4280.0,4330.384766,4266.282227,4271.025879,4273.205078,4279.743652,4280.641113,4277.05127,4575.384766,4538.461426,4432.436035,4513.333496,,,,,,,,,,,,,,,,,,,,,,,,,,,,,,,,,,,,,,,,,,,,,,,,,,,,,,,,,,,,,,,,,,,,,,
1769162116.471914,1769162116.472967,109.0,0.0,4359.743652,4296.410156,4280.897461,4330.256348,4266.538574,4278.589844,4273.974121,4278.333496,4279.615234,4262.94873,4571.410156,4525.769043,4423.205078,4508.717773,,,,,,,,,,,,,,,,,,,,,,,,,,,,,,,,,,,,,,,,,,,,,,,,,,,,,,,,,,,,,,,,,,,,,,
1769162116.479722,1769162116.480676,110.0,0.0,4358.461426,4300.128418,4277.692383,4336.025879,4269.615234,4283.333496,4280.641113,4279.871582,4278.333496,4266.666504,4568.717773,4523.974121,4412.05127,4506.282227,1.052335,0.482194,0.332866,0.255771,0.125191,0.852401,0.682636,0.175691,0.219309,0.062985,0.216076,0.356175,0.194601,0.116956,0.08678,0.285717,0.564041,0.169435,0.205373,0.03779,0.256372,0.173233,0.081415,0.086585,0.058688,0.376438,0.148444,0.259133,0.136377,0.114479,0.365437,0.253114,0.108279,0.169501,0.174628,0.160742,0.340344,0.290008,0.114329,0.129169,0.382727,0.671665,0.454,0.089639,0.21922,0.333122,0.35553,0.699313,0.214289,0.400427,0.418303,0.546714,0.53865,0.108358,0.17957,0.471037,0.816312,0.340572,0.08991,0.177167,0.545568,0.820787,0.598042,0.148564,0.149441,1.530594,0.774116,0.244251,0.306373,0.181591
1769162116.487531,1769162116.488484,111.0,0.0,4358.077148,4300.256348,4266.666504,4335.128418,4272.05127,4278.077148,4279.871582,4282.307617,4282.820313,4282.94873,4571.410156,4537.692383,4416.666504,4507.94873,,,,,,,,,,,,,,,,,,,,,,,,,,,,,,,,,,,,,,,,,,,,,,,,,,,,,,,,,,,,,,,,,,,,,,
1769162116.495339,1769162116.496093,112.0,0.0,4347.94873,4292.05127,4261.282227,4325.897461,4266.538574,4274.487305,4276.025879,4283.333496,4290.384766,4282.692383,4573.717773,4535.769043,4421.410156,4509.743652,,,,,,,,,,,,,,,,,,,,,,,,,,,,,,,,,,,,,,,,,,,,,,,,,,,,,,,,,,,,,,,,,,,,,,
1769162116.503147,1769162116.503901,113.0,0.0,4344.487305,4291.538574,4261.538574,4324.102539,4262.307617,4277.563965,4276.666504,4281.922852,4285.897461,4273.077148,4567.563965,4521.666504,4413.461426,4501.538574,,,,,,,,,,,,,,,,,,,,,,,,,,,,,,,,,,,,,,,,,,,,,,,,,,,,,,,,,,,,,,,,,,,,,,
1769162116.510956,1769162116.511809,114.0,0.0,4352.820313,4296.410156,4263.333496,4332.94873,4267.563965,4277.820313,4276.538574,4278.461426,4277.563965,4271.666504,4560.641113,4520.0,4407.05127,4493.205078,,,,,,,,,,,,,,,,,,,,,,,,,,,,,,,,,,,,,,,,,,,,,,,,,,,,,,,,,,,,,,,,,,,,,,
1769162116.518764,1769162116.519618,115.0,0.0,4355.0,4296.410156,4263.589844,4337.563965,4270.897461,4276.538574,4277.05127,4277.692383,4279.102539,4275.128418,4565.512695,4525.0,4409.615234,4500.0,,,,,,,,,,,,,,,,,,,,,,,,,,,,,,,,,,,,,,,,,,,,,,,,,,,,,,,,,,,,,,,,,,,,,,
1769162116.526573,1769162116.527626,116.0,0.0,4352.05127,4300.128418,4262.563965,4335.769043,4268.846191,4275.897461,4271.025879,4277.820313,4281.153809,4274.871582,4572.05127,4526.025879,4413.589844,4510.256348,,,,,,,,,,,,,,,,,,,,,,,,,,,,,,,,,,,,,,,,,,,,,,,,,,,,,,,,,,,,,,,,,,,,,,
1769162116.534381,1769162116.535435,117.0,0.0,4356.153809,4302.692383,4258.846191,4337.179688,4269.102539,4276.025879,4264.615234,4275.769043,4277.94873,4269.743652,4570.128418,4525.641113,4414.743652,4509.615234,,,,,,,,,,,,,,,,,,,,,,,,,,,,,,,,,,,,,,,,,,,,,,,,,,,,,,,,,,,,,,,,,,,,,,
1769162116.54219,1769162116.543143,118.0,0.0,4358.974121,4300.0,4252.820313,4335.641113,4268.846191,4276.666504,4271.666504,4274.743652,4278.205078,4266.538574,4567.179688,4522.820313,4413.333496,4507.179688,,,,,,,,,,,,,,,,,,,,,,,,,,,,,,,,,,,,,,,,,,,,,,,,,,,,,,,,,,,,,,,,,,,,,,
1769162116.549998,1769162116.550952,119.0,0.0,4357.563965,4302.05127,4250.641113,4326.666504,4266.410156,4275.897461,4277.563965,4275.641113,4280.641113,4272.563965,4568.974121,4521.410156,4415.0,4508.589844,,,,,,,,,,,,,,,,,,,,,,,,,,,,,,,,,,,,,,,,,,,,,,,,,,,,,,,,,,,,,,,,,,,,,,
1769162116.557807,1769162116.55896,120.0,0.0,4360.128418,4304.871582,4251.538574,4327.563965,4266.282227,4273.589844,4272.820313,4275.897461,4280.897461,4277.563965,4571.794922,4526.538574,4424.487305,4510.769043,,,,,,,,,,,,,,,,,,,,,,,,,,,,,,,,,,,,,,,,,,,,,,,,,,,,,,,,,,,,,,,,,,,,,,
1769162116.565615,1769162116.566768,121.0,0.0,4357.563965,4299.230957,4250.897461,4335.128418,4266.410156,4273.589844,4272.692383,4277.563965,4280.384766,4274.102539,4572.179688,4529.358887,4428.717773,4514.230957,,,,,,,,,,,,,,,,,,,,,,,,,,,,,,,,,,,,,,,,,,,,,,,,,,,,,,,,,,,,,,,,,,,,,,
1769162116.573424,1769162116.574677,122.0,0.0,4350.769043,4293.077148,4248.077148,4331.922852,4264.230957,4275.769043,4277.563965,4279.615234,4277.692383,4270.128418,4569.358887,4524.230957,4419.102539,4505.256348,,,,,,,,,,,,,,,,,,,,,,,,,,,,,,,,,,,,,,,,,,,,,,,,,,,,,,,,,,,,,,,,,,,,,,
1769162116.581232,1769162116.582485,123.0,0.0,4353.461426,4295.769043,4246.410156,4325.897461,4264.487305,4274.743652,4276.282227,4278.333496,4277.307617,4264.871582,4566.282227,4519.487305,4414.358887,4491.666504,,,,,,,,,,,,,,,,,,,,,,,,,,,,,,,,,,,,,,,,,,,,,,,,,,,,,,,,,,,,,,,,,,,,,,
1769162116.58904,1769162116.590094,124.0,0.0,4358.205078,4297.05127,4246.794922,4326.282227,4264.615234,4276.282227,4276.794922,4277.179688,4278.589844,4264.102539,4567.307617,4520.0,4419.743652,4495.256348,,,,,,,,,,,,,,,,,,,,,,,,,,,,,,,,,,,,,,,,,,,,,,,,,,,,,,,,,,,,,,,,,,,,,,
1769162116.596849,1769162116.597902,125.0,0.0,4357.820313,4295.512695,4249.102539,4328.589844,4265.0,4280.641113,4280.897461,4276.025879,4278.589844,4274.743652,4570.897461,4523.717773,4425.256348,4508.205078,,,,,,,,,,,,,,,,,,,,,,,,,,,,,,,,,,,,,,,,,,,,,,,,,,,,,,,,,,,,,,,,,,,,,,
1769162116.604657,1769162116.60581,126.0,0.0,4356.538574,4296.538574,4248.589844,4329.230957,4268.333496,4277.307617,4274.871582,4272.820313,4279.230957,4282.05127,4573.077148,4527.179688,4431.410156,4508.846191,0.875872,0.45274,0.312591,0.221376,0.110439,0.699962,0.649347,0.186205,0.18281,0.053674,0.241596,0.327168,0.219019,0.103828,0.076041,0.257856,0.512486,0.159117,0.183289,0.032052,0.247221,0.174105,0.082331,0.079691,0.059886,0.372566,0.122502,0.224605,0.152384,0.124365,0.345444,0.212422,0.091951,0.150057,0.167575,0.144532,0.343366,0.264416,0.107806,0.119253,0.326492,0.677537,0.418728,0.082024,0.202563,0.311759,0.384827,0.703306,0.219777,0.427178,0.370951,0.563483,0.448497,0.10125,0.189649,0.460564,0.782533,0.326053,0.093498,0.209756,0.496574,0.823327,0.509726,0.128265,0.177512,1.389171,0.787919,0.254978,0.247976,0.221364
1769162116.612466,1769162116.613619,127.0,0.0,4349.615234,4293.974121,4240.769043,4326.538574,4270.769043,4272.94873,4265.897461,4273.333496,4281.794922,4279.615234,4570.256348,4522.563965,4426.025879,4497.436035,,,,,,,,,,,,,,,,,,,,,,,,,,,,,,,,,,,,,,,,,,,,,,,,,,,,,,,,,,,,,,,,,,,,,,
1769162116.620274,1769162116.621228,0.0,0.0,4338.333496,4290.256348,4232.307617,4321.538574,4274.358887,4277.94873,4274.102539,4279.743652,4286.282227,4277.436035,4566.282227,4516.666504,4411.025879,4487.307617,,,,,,,,,,,,,,,,,,,,,,,,,,,,,,,,,,,,,,,,,,,,,,,,,,,,,,,,,,,,,,,,,,,,,,
1769162116.628083,1769162116.629036,1.0,0.0,4341.666504,4293.461426,4234.743652,4323.333496,4275.897461,4283.717773,4286.025879,4283.077148,4294.615234,4280.128418,4568.974121,4526.666504,4415.384766,4489.358887,,,,,,,,,,,,,,,,,,,,,,,,,,,,,,,,,,,,,,,,,,,,,,,,,,,,,,,,,,,,,,,,,,,,,,
1769162116.635891,1769162116.636944,2.0,0.0,4353.205078,4296.794922,4242.05127,4327.94873,4269.871582,4280.769043,4280.641113,4280.0,4296.153809,4281.922852,4572.94873,4537.820313,4432.307617,4501.282227,,,,,,,,,,,,,,,,,,,,,,,,,,,,,,,,,,,,,,,,,,,,,,,,,,,,,,,,,,,,,,,,,,,,,,
1769162116.6437,1769162116.644753,3.0,0.0,4352.563965,4295.384766,4237.563965,4326.282227,4264.230957,4274.743652,4276.282227,4277.94873,4286.025879,4279.487305,4570.384766,4529.871582,4429.487305,4506.410156,,,,,,,,,,,,,,,,,,,,,,,,,,,,,,,,,,,,,,,,,,,,,,,,,,,,,,,,,,,,,,,,,,,,,,
1769162116.651508,1769162116.652761,4.0,0.0,4348.974121,4299.871582,4233.846191,4326.025879,4266.666504,4274.615234,4282.179688,4277.05127,4281.922852,4273.589844,4567.307617,4518.717773,4419.871582,4503.077148,,,,,,,,,,,,,,,,,,,,,,,,,,,,,,,,,,,,,,,,,,,,,,,,,,,,,,,,,,,,,,,,,,,,,,
1769162116.659316,1769162116.660569,5.0,0.0,4349.487305,4304.615234,4238.846191,4328.333496,4269.743652,4276.410156,4281.794922,4278.589844,4289.487305,4272.692383,4570.0,4526.538574,4424.743652,4505.512695,,,,,,,,,,,,,,,,,,,,,,,,,,,,,,,,,,,,,,,,,,,,,,,,,,,,,,,,,,,,,,,,,,,,,,
1769162116.667125,1769162116.668478,6.0,0.0,4350.384766,4302.179688,4239.615234,4327.820313,4271.794922,4272.94873,4276.410156,4280.0,4290.641113,4278.974121,4573.717773,4535.128418,4430.769043,4510.384766,,,,,,,,,,,,,,,,,,,,,,,,,,,,,,,,,,,,,,,,,,,,,,,,,,,,,,,,,,,,,,,,,,,,,,
1769162116.674933,1769162116.676286,7.0,0.0,4351.153809,4305.512695,4237.436035,4326.153809,4278.205078,4271.922852,4276.538574,4274.487305,4282.94873,4271.922852,4573.077148,4529.358887,4429.871582,4510.769043,,,,,,,,,,,,,,,,,,,,,,,,,,,,,,,,,,,,,,,,,,,,,,,,,,,,,,,,,,,,,,,,,,,,,,
1769162116.682742,1769162116.683895,8.0,0.0,4346.282227,4306.410156,4237.563965,4325.769043,4274.615234,4279.358887,4279.230957,4273.333496,4280.384766,4262.692383,4571.538574,4522.179688,4426.538574,4506.922852,,,,,,,,,,,,,,,,,,,,,,,,,,,,,,,,,,,,,,,,,,,,,,,,,,,,,,,,,,,,,,,,,,,,,,
1769162116.69055,1769162116.691703,9.0,0.0,4341.153809,4296.922852,4233.974121,4325.0,4265.256348,4282.563965,4279.615234,4274.102539,4280.256348,4272.179688,4570.384766,4521.794922,4424.615234,4502.820313,,,,,,,,,,,,,,,,,,,,,,,,,,,,,,,,,,,,,,,,,,,,,,,,,,,,,,,,,,,,,,,,,,,,,,
1769162116.698359,1769162116.699612,10.0,0.0,4346.153809,4297.179688,4235.0,4324.871582,4271.153809,4278.461426,4276.666504,4268.974121,4282.820313,4283.589844,4571.794922,4530.256348,4432.563965,4509.615234,,,,,,,,,,,,,,,,,,,,,,,,,,,,,,,,,,,,,,,,,,,,,,,,,,,,,,,,,,,,,,,,,,,,,,
1769162116.706167,1769162116.70742,11.0,0.0,4353.077148,4309.871582,4246.025879,4327.307617,4281.538574,4277.179688,4274.230957,4271.025879,4289.487305,4280.641113,4575.128418,4538.589844,4444.102539,4521.025879,,,,,,,,,,,,,,,,,,,,,,,,,,,,,,,,,,,,,,,,,,,,,,,,,,,,,,,,,,,,,,,,,,,,,,
1769162116.713976,1769162116.715428,12.0,0.0,4348.846191,4310.0,4242.692383,4328.461426,4279.358887,4276.922852,4276.025879,4279.871582,4286.410156,4276.538574,4574.871582,4532.05127,4440.384766,4515.0,,,,,,,,,,,,,,,,,,,,,,,,,,,,,,,,,,,,,,,,,,,,,,,,,,,,,,,,,,,,,,,,,,,,,,
1769162116.721784,1769162116.723237,13.0,0.0,4341.666504,4298.333496,4230.512695,4325.769043,4273.077148,4275.0,4278.077148,4278.461426,4277.563965,4278.333496,4570.641113,4521.153809,4428.461426,4503.205078,,,,,,,,,,,,,,,,,,,,,,,,,,,,,,,,,,,,,,,,,,,,,,,,,,,,,,,,,,,,,,,,,,,,,,
1769162116.729592,1769162116.730945,14.0,0.0,4342.820313,4297.179688,4237.436035,4325.897461,4273.205078,4276.153809,4277.692383,4274.743652,4277.692383,4278.077148,4569.871582,4528.717773,4428.077148,4507.692383,0.715115,0.414168,0.279746,0.186783,0.098224,0.565573,0.55269,0.188659,0.143176,0.046139,0.27129,0.296066,0.251594,0.094262,0.070892,0.218725,0.414611,0.140698,0.151047,0.027334,0.248707,0.157455,0.078384,0.071185,0.060295,0.348617,0.103971,0.171148,0.159507,0.128807,0.296783,0.17834,0.075232,0.122185,0.153819,0.131713,0.325221,0.222864,0.101599,0.110754,0.271732,0.64035,0.355325,0.081135,0.178151,0.287094,0.398253,0.643728,0.232216,0.446474,0.308058,0.548142,0.370243,0.110178,0.196206,0.421936,0.687246,0.298625,0.105701,0.246709,0.418583,0.814535,0.444947,0.125672,0.210562,1.199632,0.759192,0.29405,0.196211,0.281856
1769162116.737401,1769162116.738754,15.0,0.0,4345.769043,4302.692383,4250.769043,4327.94873,4274.743652,4277.94873,4278.589844,4281.025879,4283.077148,4276.153809,4573.717773,4542.179688,4431.282227,4513.974121,,,,,,,,,,,,,,,,,,,,,,,,,,,,,,,,,,,,,,,,,,,,,,,,,,,,,,,,,,,,,,,,,,,,,,
1769162116.745209,1769162116.746362,16.0,0.0,4344.358887,4302.692383,4250.384766,4327.05127,4275.256348,4277.563965,4279.743652,4283.974121,4281.922852,4277.692383,4574.615234,4538.589844,4425.897461,4506.922852,,,,,,,,,,,,,,,,,,,,,,,,,,,,,,,,,,,,,,,,,,,,,,,,,,,,,,,,,,,,,,,,,,,,,,
1769162116.753018,1769162116.754171,17.0,0.0,4343.846191,4304.487305,4245.256348,4327.05127,4271.410156,4277.692383,4277.820313,4281.153809,4279.615234,4277.179688,4570.384766,4533.717773,4423.589844,4506.282227,,,,,,,,,,,,,,,,,,,,,,,,,,,,,,,,,,,,,,,,,,,,,,,,,,,,,,,,,,,,,,,,,,,,,,
1769162116.760826,1769162116.761879,18.0,0.0,4342.179688,4302.563965,4245.0,4327.05127,4265.256348,4276.153809,4275.384766,4279.871582,4278.846191,4271.025879,4571.153809,4535.384766,4424.230957,4511.538574,,,,,,,,,,,,,,,,,,,,,,,,,,,,,,,,,,,,,,,,,,,,,,,,,,,,,,,,,,,,,,,,,,,,,,
1769162116.768635,1769162116.769688,19.0,0.0,4336.794922,4293.717773,4246.538574,4324.487305,4265.384766,4273.333496,4276.666504,4278.846191,4275.256348,4264.743652,4569.358887,4531.538574,4413.589844,4499.358887,,,,,,,,,,,,,,,,,,,,,,,,,,,,,,,,,,,,,,,,,,,,,,,,,,,,,,,,,,,,,,,,,,,,,,
1769162116.776443,1769162116.777297,20.0,0.0,4341.794922,4296.794922,4249.487305,4327.692383,4267.436035,4272.94873,4277.692383,4279.230957,4271.922852,4263.589844,4557.94873,4526.282227,4402.179688,4486.025879,,,,,,,,,,,,,,,,,,,,,,,,,,,,,,,,,,,,,,,,,,,,,,,,,,,,,,,,,,,,,,,,,,,,,,
1769162116.784252,1769162116.785105,21.0,0.0,4353.333496,4305.641113,4251.410156,4335.128418,4266.538574,4272.692383,4275.641113,4279.358887,4275.512695,4265.384766,4557.820313,4530.512695,4410.897461,4496.153809,,,,,,,,,,,,,,,,,,,,,,,,,,,,,,,,,,,,,,,,,,,,,,,,,,,,,,,,,,,,,,,,,,,,,,
1769162116.79206,1769162116.792814,22.0,0.0,4351.410156,4300.641113,4249.102539,4332.179688,4266.666504,4272.94873,4273.589844,4278.717773,4276.410156,4268.461426,4571.025879,4535.641113,4427.692383,4511.794922,,,,,,,,,,,,,,,,,,,,,,,,,,,,,,,,,,,,,,,,,,,,,,,,,,,,,,,,,,,,,,,,,,,,,,
1769162116.799868,1769162116.800622,23.0,0.0,4343.846191,4292.563965,4249.230957,4324.358887,4267.179688,4270.384766,4274.487305,4280.0,4270.0,4267.05127,4570.641113,4535.256348,4429.230957,4510.769043,,,,,,,,,,,,,,,,,,,,,,,,,,,,,,,,,,,,,,,,,,,,,,,,,,,,,,,,,,,,,,,,,,,,,,
1769162116.807677,1769162116.808231,24.0,0.0,4347.436035,4293.846191,4255.769043,4329.358887,4266.153809,4263.846191,4276.153809,4280.641113,4270.769043,4266.410156,4563.717773,4535.897461,4425.384766,4506.025879,,,,,,,,,,,,,,,,,,,,,,,,,,,,,,,,,,,,,,,,,,,,,,,,,,,,,,,,,,,,,,,,,,,,,,
1769162116.815485,1769162116.816039,25.0,0.0,4352.307617,4300.0,4262.436035,4337.05127,4268.333496,4264.743652,4276.666504,4278.333496,4277.563965,4267.307617,4568.846191,4537.563965,4424.615234,4507.179688,,,,,,,,,,,,,,,,,,,,,,,,,,,,,,,,,,,,,,,,,,,,,,,,,,,,,,,,,,,,,,,,,,,,,,
1769162116.823294,1769162116.823748,26.0,0.0,4346.410156,4302.05127,4263.717773,4332.05127,4271.922852,4273.461426,4278.205078,4282.820313,4278.077148,4265.641113,4572.307617,4538.077148,4420.384766,4507.94873,,,,,,,,,,,,,,,,,,,,,,,,,,,,,,,,,,,,,,,,,,,,,,,,,,,,,,,,,,,,,,,,,,,,,,
1769162116.831102,1769162116.831556,27.0,0.0,4339.230957,4296.666504,4262.820313,4324.102539,4272.436035,4270.0,4278.974121,4291.538574,4277.820313,4268.846191,4571.025879,4541.282227,4421.922852,4509.743652,,,,,,,,,,,,,,,,,,,,,,,,,,,,,,,,,,,,,,,,,,,,,,,,,,,,,,,,,,,,,,,,,,,,,,
1769162116.838911,1769162116.839564,28.0,0.0,4339.102539,4293.077148,4264.871582,4325.769043,4271.538574,4260.384766,4276.538574,4288.205078,4278.846191,4272.692383,4570.769043,4541.410156,4426.666504,4509.871582,,,,,,,,,,,,,,,,,,,,,,,,,,,,,,,,,,,,,,,,,,,,,,,,,,,,,,,,,,,,,,,,,,,,,,
1769162116.846719,1769162116.847373,29.0,0.0,4338.717773,4295.256348,4264.230957,4328.589844,4273.205078,4267.820313,4275.0,4277.94873,4274.230957,4267.179688,4562.692383,4535.769043,4418.846191,4506.410156,,,,,,,,,,,,,,,,,,,,,,,,,,,,,,,,,,,,,,,,,,,,,,,,,,,,,,,,,,,,,,,,,,,,,,
1769162116.854528,1769162116.855281,30.0,0.0,4337.820313,4294.743652,4264.615234,4326.282227,4275.128418,4274.743652,4278.846191,4276.666504,4271.025879,4264.358887,4558.717773,4535.128418,4413.974121,4507.05127,0.603585,0.383869,0.24087,0.161385,0.089789,0.467994,0.42748,0.181123,0.108847,0.040852,0.329611,0.272756,0.283349,0.092517,0.069974,0.18064,0.29834,0.119758,0.117328,0.024735,0.25245,0.130293,0.071979,0.063189,0.059864,0.307697,0.090593,0.115411,0.157665,0.12696,0.228999,0.154198,0.065588,0.096006,0.135904,0.119286,0.295046,0.179038,0.099224,0.104861,0.225503,0.578813,0.281969,0.087603,0.153308,0.262599,0.396457,0.533945,0.246218,0.455756,0.244055,0.507815,0.318441,0.131495,0.200069,0.361087,0.553985,0.256098,0.121139,0.283424,0.333935,0.789803,0.4093,0.144074,0.241597,1.025012,0.70788,0.352897,0.157891,0.352385
1769162116.862336,1769162116.86309,31.0,0.0,4345.0,4297.820313,4273.333496,4327.563965,4276.282227,4267.179688,4279.871582,4279.102539,4275.256348,4268.461426,4564.871582,4538.461426,4423.717773,4510.897461,,,,,,,,,,,,,,,,,,,,,,,,,,,,,,,,,,,,,,,,,,,,,,,,,,,,,,,,,,,,,,,,,,,,,,
1769162116.870145,1769162116.871098,32.0,0.0,4350.769043,4303.077148,4274.358887,4330.384766,4276.666504,4265.256348,4274.102539,4278.205078,4277.436035,4268.974121,4565.641113,4530.769043,4421.794922,4504.487305,,,,,,,,,,,,,,,,,,,,,,,,,,,,,,,,,,,,,,,,,,,,,,,,,,,,,,,,,,,,,,,,,,,,,,
1769162116.877953,1769162116.878906,33.0,0.0,4343.461426,4298.974121,4267.05127,4328.077148,4275.384766,4272.820313,4274.102539,4278.333496,4276.666504,4270.769043,4561.025879,4520.641113,4414.358887,4493.717773,,,,,,,,,,,,,,,,,,,,,,,,,,,,,,,,,,,,,,,,,,,,,,,,,,,,,,,,,,,,,,,,,,,,,,
1769162116.885762,1769162116.886615,34.0,0.0,4335.0,4295.128418,4264.230957,4324.615234,4273.589844,4273.205078,4278.717773,4280.128418,4282.692383,4278.333496,4567.94873,4528.846191,4423.717773,4498.846191,,,,,,,,,,,,,,,,,,,,,,,,,,,,,,,,,,,,,,,,,,,,,,,,,,,,,,,,,,,,,,,,,,,,,,
1769162116.89357,1769162116.894423,35.0,0.0,4333.461426,4296.153809,4265.897461,4325.641113,4270.641113,4271.538574,4279.743652,4282.563965,4289.615234,4277.820313,4576.410156,4540.128418,4430.769043,4511.794922,,,,,,,,,,,,,,,,,,,,,,,,,,,,,,,,,,,,,,,,,,,,,,,,,,,,,,,,,,,,,,,,,,,,,,
1769162116.901379,1769162116.902432,36.0,0.0,4334.358887,4293.846191,4270.256348,4326.666504,4271.794922,4275.0,4279.615234,4282.94873,4283.974121,4274.358887,4567.436035,4530.0,4424.487305,4507.05127,,,,,,,,,,,,,,,,,,,,,,,,,,,,,,,,,,,,,,,,,,,,,,,,,,,,,,,,,,,,,,,,,,,,,,
1769162116.909187,1769162116.91024,37.0,0.0,4338.846191,4293.974121,4277.179688,4326.025879,4274.871582,4273.846191,4280.128418,4279.871582,4279.230957,4274.743652,4560.256348,4519.487305,4425.512695,4491.794922,,,,,,,,,,,,,,,,,,,,,,,,,,,,,,,,,,,,,,,,,,,,,,,,,,,,,,,,,,,,,,,,,,,,,,
1769162116.916995,1769162116.918148,38.0,0.0,4340.128418,4294.230957,4278.077148,4324.102539,4270.256348,4272.94873,4280.897461,4280.0,4284.358887,4268.974121,4567.820313,4531.025879,4428.077148,4494.230957,,,,,,,,,,,,,,,,,,,,,,,,,,,,,,,,,,,,,,,,,,,,,,,,,,,,,,,,,,,,,,,,,,,,,,
1769162116.924804,1769162116.925957,39.0,0.0,4330.512695,4286.410156,4273.205078,4320.512695,4265.0,4275.0,4280.769043,4280.769043,4284.102539,4263.461426,4572.436035,4542.05127,4418.333496,4506.410156,,,,,,,,,,,,,,,,,,,,,,,,,,,,,,,,,,,,,,,,,,,,,,,,,,,,,,,,,,,,,,,,,,,,,,
1769162116.932612,1769162116.933565,40.0,0.0,4327.05127,4282.05127,4274.871582,4318.974121,4265.0,4273.333496,4279.358887,4277.692383,4277.436035,4270.128418,4567.436035,4535.384766,4416.794922,4506.153809,,,,,,,,,,,,,,,,,,,,,,,,,,,,,,,,,,,,,,,,,,,,,,,,,,,,,,,,,,,,,,,,,,,,,,
1769162116.940421,1769162116.941374,41.0,0.0,4332.692383,4288.717773,4279.487305,4323.077148,4268.717773,4273.974121,4279.871582,4277.563965,4283.974121,4278.974121,4568.205078,4535.0,4429.358887,4502.692383,,,,,,,,,,,,,,,,,,,,,,,,,,,,,,,,,,,,,,,,,,,,,,,,,,,,,,,,,,,,,,,,,,,,,,
1769162116.948229,1769162116.949082,42.0,0.0,4331.794922,4293.205078,4282.179688,4326.666504,4273.717773,4278.589844,4282.94873,4281.025879,4293.333496,4280.128418,4575.256348,4543.589844,4428.333496,4502.94873,,,,,,,,,,,,,,,,,,,,,,,,,,,,,,,,,,,,,,,,,,,,,,,,,,,,,,,,,,,,,,,,,,,,,,
1769162116.956038,1769162116.956891,43.0,0.0,4324.743652,4287.436035,4280.512695,4322.563965,4275.128418,4279.102539,4282.820313,4279.871582,4287.05127,4276.666504,4571.410156,4537.563965,4414.358887,4497.05127,,,,,,,,,,,,,,,,,,,,,,,,,,,,,,,,,,,,,,,,,,,,,,,,,,,,,,,,,,,,,,,,,,,,,,
1769162116.963846,1769162116.964899,44.0,0.0,4323.333496,4284.102539,4277.307617,4317.563965,4273.974121,4278.589844,4279.743652,4277.179688,4278.846191,4271.153809,4560.769043,4525.641113,4409.615234,4490.0,,,,,,,,,,,,,,,,,,,,,,,,,,,,,,,,,,,,,,,,,,,,,,,,,,,,,,,,,,,,,,,,,,,,,,
1769162116.971655,1769162116.972708,45.0,0.0,4328.974121,4291.922852,4283.077148,4319.743652,4277.307617,4277.692383,4278.461426,4280.128418,4282.692383,4268.589844,4556.025879,4531.538574,4413.461426,4491.410156,,,,,,,,,,,,,,,,,,,,,,,,,,,,,,,,,,,,,,,,,,,,,,,,,,,,,,,,,,,,,,,,,,,,,,
1769162116.979463,1769162116.980616,46.0,0.0,4336.282227,4299.358887,4290.512695,4323.333496,4281.538574,4270.641113,4277.692383,4280.384766,4284.102539,4269.102539,4558.589844,4538.333496,4414.743652,4494.871582,0.54063,0.38156,0.211904,0.149481,0.087406,0.415439,0.316536,0.170056,0.08563,0.039578,0.367467,0.261525,0.306137,0.099719,0.072113,0.156071,0.195201,0.104641,0.089816,0.025665,0.250037,0.104055,0.067257,0.058096,0.058701,0.262898,0.081367,0.073157,0.148665,0.120007,0.167736,0.144178,0.068236,0.079663,0.118808,0.108074,0.269667,0.145504,0.101852,0.101702,0.200257,0.518569,0.217747,0.100176,0.134422,0.241388,0.389481,0.400534,0.255991,0.454271,0.192458,0.4565,0.29137,0.156971,0.201057,0.294611,0.416345,0.201946,0.133761,0.31507,0.26476,0.757296,0.393332,0.179731,0.265531,0.917622,0.656942,0.420645,0.137551,0.417628
1769162116.987271,1769162116.988424,47.0,0.0,4335.128418,4297.05127,4290.641113,4322.94873,4274.615234,4267.94873,4278.846191,4270.897461,4277.179688,4265.256348,4559.102539,4526.538574,4413.461426,4495.0,,,,,,,,,,,,,,,,,,,,,,,,,,,,,,,,,,,,,,,,,,,,,,,,,,,,,,,,,,,,,,,,,,,,,,
1769162116.99508,1769162116.996033,48.0,0.0,4326.153809,4291.282227,4289.230957,4322.307617,4268.846191,4273.461426,4280.641113,4267.436035,4278.205078,4265.0,4556.153809,4520.769043,4412.820313,4494.871582,,,,,,,,,,,,,,,,,,,,,,,,,,,,,,,,,,,,,,,,,,,,,,,,,,,,,,,,,,,,,,,,,,,,,,
1769162117.002888,1769162117.003841,49.0,0.0,4327.692383,4290.256348,4293.589844,4324.102539,4272.307617,4271.922852,4280.384766,4275.384766,4284.102539,4266.025879,4556.666504,4531.282227,4413.974121,4495.512695,,,,,,,,,,,,,,,,,,,,,,,,,,,,,,,,,,,,,,,,,,,,,,,,,,,,,,,,,,,,,,,,,,,,,,
1769162117.010697,1769162117.01155,50.0,0.0,4336.153809,4292.436035,4297.307617,4324.743652,4271.282227,4265.769043,4279.871582,4275.384766,4281.666504,4261.794922,4557.692383,4532.436035,4409.743652,4494.743652,,,,,,,,,,,,,,,,,,,,,,,,,,,,,,,,,,,,,,,,,,,,,,,,,,,,,,,,,,,,,,,,,,,,,,
1769162117.018505,1769162117.019358,51.0,0.0,4333.077148,4292.05127,4294.230957,4320.897461,4265.128418,4264.743652,4277.94873,4267.307617,4278.461426,4263.846191,4557.820313,4523.205078,4404.230957,4491.153809,,,,,,,,,,,,,,,,,,,,,,,,,,,,,,,,,,,,,,,,,,,,,,,,,,,,,,,,,,,,,,,,,,,,,,
1769162117.026314,1769162117.026967,52.0,0.0,4322.563965,4285.256348,4289.102539,4313.333496,4266.410156,4265.641113,4276.538574,4264.487305,4278.461426,4267.94873,4555.256348,4519.358887,4406.922852,4487.563965,,,,,,,,,,,,,,,,,,,,,,,,,,,,,,,,,,,,,,,,,,,,,,,,,,,,,,,,,,,,,,,,,,,,,,
1769162117.034122,1769162117.034776,53.0,0.0,4319.102539,4282.05127,4289.743652,4310.641113,4273.205078,4264.102539,4277.692383,4266.282227,4279.615234,4265.769043,4555.897461,4526.538574,4413.077148,4489.871582,,,,,,,,,,,,,,,,,,,,,,,,,,,,,,,,,,,,,,,,,,,,,,,,,,,,,,,,,,,,,,,,,,,,,,
1769162117.041931,1769162117.042684,54.0,0.0,4325.384766,4289.487305,4299.487305,4316.410156,4271.538574,4264.743652,4279.871582,4267.436035,4280.512695,4263.846191,4562.179688,4531.666504,4413.589844,4494.871582,,,,,,,,,,,,,,,,,,,,,,,,,,,,,,,,,,,,,,,,,,,,,,,,,,,,,,,,,,,,,,,,,,,,,,
1769162117.049739,1769162117.050492,55.0,0.0,4333.333496,4295.641113,4309.102539,4322.94873,4266.282227,4271.922852,4280.384766,4269.615234,4280.512695,4263.077148,4560.769043,4525.769043,4409.871582,4496.538574,,,,,,,,,,,,,,,,,,,,,,,,,,,,,,,,,,,,,,,,,,,,,,,,,,,,,,,,,,,,,,,,,,,,,,
1769162117.057547,1769162117.058501,56.0,0.0,4333.589844,4295.384766,4307.820313,4323.589844,4265.769043,4276.794922,4281.410156,4273.589844,4279.230957,4262.179688,4554.871582,4525.0,4409.102539,4493.589844,,,,,,,,,,,,,,,,,,,,,,,,,,,,,,,,,,,,,,,,,,,,,,,,,,,,,,,,,,,,,,,,,,,,,,
1769162117.065356,1769162117.066309,57.0,0.0,4326.922852,4293.461426,4303.205078,4319.871582,4267.05127,4273.589844,4281.922852,4277.820313,4280.0,4266.410156,4560.384766,4535.128418,4410.384766,4492.436035,,,,,,,,,,,,,,,,,,,,,,,,,,,,,,,,,,,,,,,,,,,,,,,,,,,,,,,,,,,,,,,,,,,,,,
1769162117.073164,1769162117.074217,58.0,0.0,4321.025879,4291.025879,4305.128418,4317.307617,4268.846191,4272.94873,4281.153809,4278.974121,4281.282227,4267.94873,4570.0,4538.333496,4410.641113,4498.077148,,,,,,,,,,,,,,,,,,,,,,,,,,,,,,,,,,,,,,,,,,,,,,,,,,,,,,,,,,,,,,,,,,,,,,
1769162117.080973,1769162117.082026,59.0,0.0,4325.512695,4295.512695,4311.410156,4321.794922,4272.692383,4274.487305,4280.256348,4277.820313,4279.487305,4264.230957,4569.743652,4535.512695,4411.153809,4505.641113,,,,,,,,,,,,,,,,,,,,,,,,,,,,,,,,,,,,,,,,,,,,,,,,,,,,,,,,,,,,,,,,,,,,,,
1769162117.088781,1769162117.090034,60.0,0.0,4334.230957,4303.717773,4316.794922,4328.846191,4276.025879,4269.743652,4280.128418,4278.589844,4280.256348,4271.153809,4567.692383,4538.717773,4414.230957,4508.205078,,,,,,,,,,,,,,,,,,,,,,,,,,,,,,,,,,,,,,,,,,,,,,,,,,,,,,,,,,,,,,,,,,,,,,
1769162117.09659,1769162117.097843,61.0,0.0,4331.794922,4300.897461,4317.05127,4327.436035,4272.692383,4264.358887,4280.128418,4278.461426,4287.307617,4279.230957,4570.384766,4540.512695,4415.897461,4502.820313,,,,,,,,,,,,,,,,,,,,,,,,,,,,,,,,,,,,,,,,,,,,,,,,,,,,,,,,,,,,,,,,,,,,,,
1769162117.104398,1769162117.105551,62.0,0.0,4325.0,4292.436035,4314.615234,4320.0,4266.410156,4267.307617,4279.230957,4280.128418,4293.077148,4268.589844,4571.922852,4539.615234,4413.205078,4495.641113,0.50794,0.411401,0.200848,0.149501,0.092218,0.406821,0.248373,0.1594,0.074623,0.044656,0.416409,0.256229,0.312443,0.113663,0.077134,0.14796,0.125303,0.098037,0.072633,0.031093,0.240794,0.089838,0.066077,0.057872,0.05734,0.227844,0.076549,0.052342,0.134977,0.110838,0.127476,0.149396,0.081562,0.074707,0.106938,0.098478,0.262821,0.129283,0.10773,0.100396,0.197756,0.4772,0.17576,0.115431,0.124799,0.226035,0.392484,0.277497,0.258714,0.441237,0.158754,0.41077,0.275316,0.176884,0.198275,0.236033,0.309275,0.144744,0.13908,0.33818,0.235534,0.737702,0.378108,0.223897,0.281158,0.888408,0.623659,0.478299,0.138332,0.462891
1769162117.112207,1769162117.11336,63.0,0.0,4325.897461,4292.05127,4317.563965,4319.358887,4265.256348,4269.615234,4278.461426,4276.666504,4286.538574,4263.333496,4570.512695,4540.256348,4412.05127,4492.307617,,,,,,,,,,,,,,,,,,,,,,,,,,,,,,,,,,,,,,,,,,,,,,,,,,,,,,,,,,,,,,,,,,,,,,
1769162117.120015,1769162117.120968,64.0,0.0,4330.0,4295.384766,4326.282227,4323.717773,4270.128418,4269.358887,4279.871582,4265.512695,4278.974121,4277.692383,4567.436035,4539.871582,4413.717773,4496.794922,,,,,,,,,,,,,,,,,,,,,,,,,,,,,,,,,,,,,,,,,,,,,,,,,,,,,,,,,,,,,,,,,,,,,,
1769162117.127823,1769162117.128777,65.0,0.0,4324.102539,4293.717773,4326.538574,4321.282227,4271.025879,4267.05127,4280.769043,4267.94873,4281.282227,4283.333496,4567.179688,4534.615234,4415.769043,4502.692383,,,,,,,,,,,,,,,,,,,,,,,,,,,,,,,,,,,,,,,,,,,,,,,,,,,,,,,,,,,,,,,,,,,,,,
1769162117.135632,1769162117.136485,66.0,0.0,4316.666504,4290.256348,4315.641113,4313.461426,4266.025879,4264.230957,4279.358887,4278.333496,4282.05127,4271.666504,4568.974121,4527.436035,4415.384766,4499.871582,,,,,,,,,,,,,,,,,,,,,,,,,,,,,,,,,,,,,,,,,,,,,,,,,,,,,,,,,,,,,,,,,,,,,,
1769162117.14344,1769162117.144294,67.0,0.0,4318.333496,4285.641113,4310.384766,4309.102539,4264.102539,4268.205078,4279.230957,4276.794922,4282.563965,4263.205078,4565.769043,4527.820313,4411.538574,4492.820313,,,,,,,,,,,,,,,,,,,,,,,,,,,,,,,,,,,,,,,,,,,,,,,,,,,,,,,,,,,,,,,,,,,,,,
1769162117.151249,1769162117.151902,68.0,0.0,4317.94873,4283.333496,4315.384766,4312.307617,4269.358887,4271.025879,4281.282227,4273.205078,4287.307617,4266.025879,4563.333496,4533.846191,4410.641113,4491.153809,,,,,,,,,,,,,,,,,,,,,,,,,,,,,,,,,,,,,,,,,,,,,,,,,,,,,,,,,,,,,,,,,,,,,,
1769162117.159057,1769162117.159711,69.0,0.0,4310.769043,4289.102539,4321.153809,4319.487305,4274.615234,4271.794922,4280.897461,4280.256348,4290.384766,4273.846191,4567.307617,4536.153809,4411.794922,4494.358887,,,,,,,,,,,,,,,,,,,,,,,,,,,,,,,,,,,,,,,,,,,,,,,,,,,,,,,,,,,,,,,,,,,,,,
1769162117.166866,1769162117.167619,70.0,0.0,4312.05127,4294.871582,4321.666504,4323.461426,4274.487305,4278.846191,4280.512695,4281.282227,4291.410156,4275.897461,4570.897461,4535.897461,4413.461426,4497.94873,,,,,,,,,,,,,,,,,,,,,,,,,,,,,,,,,,,,,,,,,,,,,,,,,,,,,,,,,,,,,,,,,,,,,,
1769162117.174674,1769162117.175427,71.0,0.0,4323.717773,4295.769043,4323.205078,4323.077148,4275.128418,4279.102539,4281.025879,4271.922852,4291.153809,4273.846191,4570.256348,4536.794922,4418.846191,4504.358887,,,,,,,,,,,,,,,,,,,,,,,,,,,,,,,,,,,,,,,,,,,,,,,,,,,,,,,,,,,,,,,,,,,,,,
1769162117.182483,1769162117.183436,72.0,0.0,4326.794922,4295.897461,4330.512695,4323.205078,4276.282227,4266.794922,4280.128418,4268.846191,4285.512695,4274.102539,4570.128418,4536.538574,4424.358887,4508.589844,,,,,,,,,,,,,,,,,,,,,,,,,,,,,,,,,,,,,,,,,,,,,,,,,,,,,,,,,,,,,,,,,,,,,,
1769162117.190291,1769162117.191244,73.0,0.0,4325.256348,4298.077148,4336.922852,4326.794922,4278.205078,4266.922852,4279.230957,4273.846191,4279.871582,4272.179688,4569.102539,4537.692383,4421.794922,4503.461426,,,,,,,,,,,,,,,,,,,,,,,,,,,,,,,,,,,,,,,,,,,,,,,,,,,,,,,,,,,,,,,,,,,,,,
1769162117.198099,1769162117.198953,74.0,0.0,4327.179688,4297.94873,4338.077148,4328.461426,4277.563965,4278.717773,4281.410156,4278.846191,4281.282227,4264.743652,4566.922852,4538.846191,4413.974121,4495.769043,,,,,,,,,,,,,,,,,,,,,,,,,,,,,,,,,,,,,,,,,,,,,,,,,,,,,,,,,,,,,,,,,,,,,,
1769162117.205908,1769162117.206761,75.0,0.0,4323.333496,4291.282227,4336.153809,4321.666504,4271.922852,4275.897461,4281.153809,4277.692383,4285.0,4262.307617,4569.615234,4540.128418,4411.666504,4493.846191,,,,,,,,,,,,,,,,,,,,,,,,,,,,,,,,,,,,,,,,,,,,,,,,,,,,,,,,,,,,,,,,,,,,,,
1769162117.213716,1769162117.21437,76.0,0.0,4314.102539,4282.05127,4332.179688,4312.820313,4268.846191,4274.871582,4283.077148,4277.307617,4284.230957,4264.743652,4565.512695,4536.538574,4412.692383,4494.102539,,,,,,,,,,,,,,,,,,,,,,,,,,,,,,,,,,,,,,,,,,,,,,,,,,,,,,,,,,,,,,,,,,,,,,
1769162117.221525,1769162117.222178,77.0,0.0,4305.641113,4277.94873,4328.077148,4311.538574,4269.358887,4277.820313,4288.717773,4278.974121,4281.153809,4267.05127,4553.974121,4525.641113,4408.717773,4488.205078,,,,,,,,,,,,,,,,,,,,,,,,,,,,,,,,,,,,,,,,,,,,,,,,,,,,,,,,,,,,,,,,,,,,,,
1769162117.229333,1769162117.229887,78.0,0.0,4304.230957,4279.358887,4325.897461,4312.692383,4269.871582,4268.974121,4287.563965,4278.717773,4286.922852,4272.179688,4558.589844,4525.897461,4410.897461,4486.282227,0.4809,0.457076,0.205934,0.155545,0.104162,0.417115,0.225335,0.14818,0.072344,0.057867,0.425377,0.245341,0.299238,0.1294,0.085791,0.147526,0.089387,0.096093,0.065555,0.040895,0.233492,0.094856,0.067889,0.063388,0.056603,0.213962,0.07722,0.050545,0.119423,0.1028,0.108737,0.164645,0.098586,0.077133,0.101646,0.088668,0.275233,0.129978,0.113372,0.099087,0.208543,0.451536,0.159055,0.129549,0.123619,0.227179,0.412172,0.19362,0.253201,0.413998,0.148356,0.37572,0.25723,0.18349,0.191212,0.197148,0.253831,0.094864,0.135941,0.352025,0.266969,0.741307,0.352421,0.266351,0.290673,0.91032,0.606928,0.504465,0.159008,0.479173
1769162117.237142,1769162117.237695,79.0,0.0,4307.94873,4278.974121,4327.05127,4311.025879,4268.205078,4267.436035,4285.769043,4280.128418,4295.384766,4279.615234,4572.307617,4536.794922,4425.512695,4500.0,,,,,,,,,,,,,,,,,,,,,,,,,,,,,,,,,,,,,,,,,,,,,,,,,,,,,,,,,,,,,,,,,,,,,,
1769162117.24495,1769162117.245704,80.0,0.0,4312.563965,4285.384766,4331.922852,4312.436035,4269.487305,4272.563965,4284.743652,4279.615234,4288.077148,4280.512695,4575.0,4542.179688,4433.717773,4507.94873,,,,,,,,,,,,,,,,,,,,,,,,,,,,,,,,,,,,,,,,,,,,,,,,,,,,,,,,,,,,,,,,,,,,,,
1769162117.252759,1769162117.253512,81.0,0.0,4315.0,4290.512695,4339.743652,4313.589844,4275.128418,4267.563965,4280.897461,4276.666504,4279.615234,4272.563965,4566.025879,4535.897461,4422.820313,4497.307617,,,,,,,,,,,,,,,,,,,,,,,,,,,,,,,,,,,,,,,,,,,,,,,,,,,,,,,,,,,,,,,,,,,,,,
1769162117.260567,1769162117.26142,82.0,0.0,4309.102539,4282.692383,4340.897461,4310.512695,4278.205078,4268.846191,4281.153809,4278.333496,4281.410156,4264.230957,4556.410156,4525.384766,4408.461426,4485.128418,,,,,,,,,,,,,,,,,,,,,,,,,,,,,,,,,,,,,,,,,,,,,,,,,,,,,,,,,,,,,,,,,,,,,,
1769162117.268376,1769162117.269229,83.0,0.0,4304.358887,4284.102539,4338.333496,4314.102539,4278.205078,4274.230957,4277.563965,4276.794922,4280.128418,4262.94873,4558.974121,4525.512695,4411.153809,4487.05127,,,,,,,,,,,,,,,,,,,,,,,,,,,,,,,,,,,,,,,,,,,,,,,,,,,,,,,,,,,,,,,,,,,,,,
1769162117.276184,1769162117.277237,84.0,0.0,4314.871582,4298.589844,4343.974121,4323.717773,4279.615234,4263.333496,4270.641113,4267.179688,4279.487305,4273.205078,4571.538574,4538.333496,4426.282227,4501.025879,,,,,,,,,,,,,,,,,,,,,,,,,,,,,,,,,,,,,,,,,,,,,,,,,,,,,,,,,,,,,,,,,,,,,,
1769162117.283992,1769162117.285045,85.0,0.0,4323.717773,4299.487305,4346.282227,4324.615234,4280.0,4259.358887,4274.615234,4267.692383,4281.538574,4278.589844,4575.128418,4543.974121,4431.025879,4506.282227,,,,,,,,,,,,,,,,,,,,,,,,,,,,,,,,,,,,,,,,,,,,,,,,,,,,,,,,,,,,,,,,,,,,,,
1769162117.291801,1769162117.292954,86.0,0.0,4314.871582,4291.282227,4341.666504,4320.0,4276.666504,4271.153809,4284.358887,4278.846191,4282.179688,4267.436035,4569.615234,4537.307617,4424.487305,4496.538574,,,,,,,,,,,,,,,,,,,,,,,,,,,,,,,,,,,,,,,,,,,,,,,,,,,,,,,,,,,,,,,,,,,,,,
1769162117.299609,1769162117.300762,87.0,0.0,4309.102539,4296.282227,4345.256348,4322.307617,4278.461426,4275.256348,4283.846191,4280.897461,4287.307617,4266.922852,4570.897461,4537.179688,4425.256348,4488.461426,,,,,,,,,,,,,,,,,,,,,,,,,,,,,,,,,,,,,,,,,,,,,,,,,,,,,,,,,,,,,,,,,,,,,,
1769162117.307418,1769162117.308371,88.0,0.0,4312.179688,4298.846191,4351.666504,4324.358887,4279.743652,4274.487305,4281.922852,4277.692383,4295.256348,4280.641113,4573.205078,4539.615234,4430.512695,4493.589844,,,,,,,,,,,,,,,,,,,,,,,,,,,,,,,,,,,,,,,,,,,,,,,,,,,,,,,,,,,,,,,,,,,,,,
1769162117.315226,1769162117.316179,89.0,0.0,4306.794922,4288.461426,4348.589844,4319.358887,4275.256348,4275.128418,4282.05127,4280.641113,4295.256348,4282.820313,4571.794922,4539.615234,4429.615234,4493.717773,,,,,,,,,,,,,,,,,,,,,,,,,,,,,,,,,,,,,,,,,,,,,,,,,,,,,,,,,,,,,,,,,,,,,,
1769162117.323035,1769162117.323888,90.0,0.0,4304.871582,4287.05127,4347.05127,4320.0,4273.846191,4275.128418,4280.128418,4285.0,4291.153809,4275.769043,4570.897461,4545.0,4428.461426,4489.487305,,,,,,,,,,,,,,,,,,,,,,,,,,,,,,,,,,,,,,,,,,,,,,,,,,,,,,,,,,,,,,,,,,,,,,
1769162117.330843,1769162117.331696,91.0,0.0,4320.256348,4295.641113,4354.615234,4326.794922,4272.94873,4276.666504,4282.05127,4287.563965,4293.974121,4278.205078,4571.794922,4550.256348,4428.333496,4501.538574,,,,,,,,,,,,,,,,,,,,,,,,,,,,,,,,,,,,,,,,,,,,,,,,,,,,,,,,,,,,,,,,,,,,,,
1769162117.338652,1769162117.339305,92.0,0.0,4329.743652,4297.94873,4358.461426,4326.282227,4266.922852,4272.307617,4282.05127,4284.743652,4295.256348,4279.743652,4573.717773,4545.769043,4429.230957,4510.512695,,,,,,,,,,,,,,,,,,,,,,,,,,,,,,,,,,,,,,,,,,,,,,,,,,,,,,,,,,,,,,,,,,,,,,
1769162117.34646,1769162117.347113,93.0,0.0,4319.102539,4289.743652,4357.05127,4320.641113,4263.846191,4264.230957,4279.102539,4277.436035,4287.436035,4274.358887,4571.666504,4537.94873,4429.487305,4500.641113,,,,,,,,,,,,,,,,,,,,,,,,,,,,,,,,,,,,,,,,,,,,,,,,,,,,,,,,,,,,,,,,,,,,,,
1769162117.354269,1769162117.354822,94.0,0.0,4307.820313,4282.307617,4356.282227,4319.871582,4266.153809,4268.077148,4279.871582,4275.769043,4280.897461,4273.205078,4568.333496,4536.922852,4424.743652,4488.717773,0.446234,0.49444,0.220748,0.161433,0.122572,0.418427,0.234845,0.132956,0.073776,0.079161,0.415303,0.22555,0.270209,0.141886,0.09861,0.143944,0.079729,0.093705,0.066135,0.054029,0.238269,0.12121,0.071267,0.07398,0.057277,0.22461,0.084981,0.058584,0.104675,0.098148,0.104096,0.1797,0.111791,0.080275,0.100545,0.083226,0.299878,0.142664,0.115086,0.096108,0.23133,0.425289,0.162338,0.138457,0.126862,0.257071,0.439034,0.159606,0.240518,0.371362,0.173004,0.346742,0.233072,0.173845,0.180417,0.187003,0.255252,0.059405,0.126131,0.358211,0.361149,0.75889,0.314022,0.298223,0.296198,0.942337,0.596602,0.486877,0.194699,0.466098
1769162117.362077,1769162117.36263,95.0,0.0,4309.358887,4281.025879,4355.384766,4321.666504,4266.538574,4277.05127,4281.282227,4278.461426,4281.153809,4276.666504,4568.846191,4538.717773,4420.769043,4490.256348,,,,,,,,,,,,,,,,,,,,,,,,,,,,,,,,,,,,,,,,,,,,,,,,,,,,,,,,,,,,,,,,,,,,,,
1769162117.369886,1769162117.370639,96.0,0.0,4313.461426,4284.871582,4356.410156,4321.794922,4265.384766,4270.897461,4279.743652,4279.743652,4282.05127,4280.897461,4571.410156,4541.153809,4423.974121,4501.282227,,,,,,,,,,,,,,,,,,,,,,,,,,,,,,,,,,,,,,,,,,,,,,,,,,,,,,,,,,,,,,,,,,,,,,
1769162117.377694,1769162117.378447,97.0,0.0,4312.692383,4291.538574,4362.563965,4323.077148,4269.743652,4261.025879,4276.282227,4278.717773,4282.436035,4281.153809,4573.461426,4543.717773,4428.077148,4504.487305,,,,,,,,,,,,,,,,,,,,,,,,,,,,,,,,,,,,,,,,,,,,,,,,,,,,,,,,,,,,,,,,,,,,,,
1769162117.385502,1769162117.386355,98.0,0.0,4311.153809,4295.384766,4367.563965,4324.487305,4273.589844,4263.589844,4277.307617,4277.820313,4284.743652,4279.615234,4570.897461,4536.282227,4425.0,4496.794922,,,,,,,,,,,,,,,,,,,,,,,,,,,,,,,,,,,,,,,,,,,,,,,,,,,,,,,,,,,,,,,,,,,,,,
1769162117.393311,1769162117.394164,99.0,0.0,4308.589844,4290.769043,4365.641113,4323.461426,4272.563965,4271.666504,4280.641113,4277.563965,4281.153809,4275.769043,4564.102539,4527.179688,4418.846191,4489.102539,,,,,,,,,,,,,,,,,,,,,,,,,,,,,,,,,,,,,,,,,,,,,,,,,,,,,,,,,,,,,,,,,,,,,,
1769162117.401119,1769162117.401773,100.0,0.0,4303.846191,4282.692383,4363.333496,4321.538574,4271.794922,4274.230957,4280.641113,4279.871582,4281.666504,4274.230957,4563.205078,4531.153809,4413.077148,4490.384766,,,,,,,,,,,,,,,,,,,,,,,,,,,,,,,,,,,,,,,,,,,,,,,,,,,,,,,,,,,,,,,,,,,,,,
1769162117.408928,1769162117.409581,101.0,0.0,4300.641113,4285.384766,4363.333496,4321.538574,4270.641113,4275.384766,4278.974121,4284.743652,4293.205078,4280.0,4569.358887,4541.538574,4412.820313,4493.333496,,,,,,,,,,,,,,,,,,,,,,,,,,,,,,,,,,,,,,,,,,,,,,,,,,,,,,,,,,,,,,,,,,,,,,
1769162117.416736,1769162117.41729,102.0,0.0,4305.384766,4293.205078,4367.307617,4323.333496,4269.615234,4277.692383,4280.769043,4283.333496,4291.410156,4275.769043,4568.846191,4538.077148,4418.717773,4493.333496,,,,,,,,,,,,,,,,,,,,,,,,,,,,,,,,,,,,,,,,,,,,,,,,,,,,,,,,,,,,,,,,,,,,,,
1769162117.424545,1769162117.425098,103.0,0.0,4310.897461,4287.179688,4366.666504,4318.974121,4268.846191,4276.025879,4282.436035,4278.589844,4278.333496,4264.615234,4558.846191,4525.641113,4415.0,4494.871582,,,,,,,,,,,,,,,,,,,,,,,,,,,,,,,,,,,,,,,,,,,,,,,,,,,,,,,,,,,,,,,,,,,,,,
1769162117.432353,1769162117.433106,104.0,0.0,4305.128418,4277.563965,4359.230957,4311.153809,4263.077148,4274.615234,4281.025879,4280.384766,4276.666504,4264.102539,4552.94873,4522.179688,4406.794922,4487.94873,,,,,,,,,,,,,,,,,,,,,,,,,,,,,,,,,,,,,,,,,,,,,,,,,,,,,,,,,,,,,,,,,,,,,,
1769162117.440162,1769162117.440915,105.0,0.0,4296.153809,4277.692383,4360.641113,4310.0,4259.230957,4272.94873,4279.743652,4281.025879,4279.487305,4270.128418,4553.333496,4523.205078,4409.102539,4479.230957,,,,,,,,,,,,,,,,,,,,,,,,,,,,,,,,,,,,,,,,,,,,,,,,,,,,,,,,,,,,,,,,,,,,,,
1769162117.44797,1769162117.448823,106.0,0.0,4292.436035,4279.358887,4363.846191,4312.436035,4263.846191,4268.589844,4281.794922,4279.358887,4277.307617,4271.538574,4554.487305,4521.538574,4412.307617,4482.05127,,,,,,,,,,,,,,,,,,,,,,,,,,,,,,,,,,,,,,,,,,,,,,,,,,,,,,,,,,,,,,,,,,,,,,
1769162117.455778,1769162117.456631,107.0,0.0,4297.179688,4281.282227,4360.0,4314.487305,4266.666504,4264.871582,4283.461426,4280.384766,4277.179688,4274.615234,4560.384766,4526.794922,4415.256348,4488.974121,,,,,,,,,,,,,,,,,,,,,,,,,,,,,,,,,,,,,,,,,,,,,,,,,,,,,,,,,,,,,,,,,,,,,,
1769162117.463587,1769162117.46464,108.0,0.0,4306.922852,4288.077148,4368.589844,4320.769043,4264.871582,4267.94873,4280.0,4279.743652,4279.615234,4280.256348,4570.128418,4537.179688,4425.641113,4493.589844,,,,,,,,,,,,,,,,,,,,,,,,,,,,,,,,,,,,,,,,,,,,,,,,,,,,,,,,,,,,,,,,,,,,,,
1769162117.471395,1769162117.472448,109.0,0.0,4312.307617,4290.384766,4382.820313,4327.436035,4266.666504,4274.615234,4279.615234,4281.794922,4284.871582,4278.589844,4575.0,4541.025879,4431.410156,4500.256348,,,,,,,,,,,,,,,,,,,,,,,,,,,,,,,,,,,,,,,,,,,,,,,,,,,,,,,,,,,,,,,,,,,,,,
1769162117.479204,1769162117.480257,110.0,0.0,4308.974121,4287.05127,4378.717773,4327.436035,4269.102539,4278.589844,4284.615234,4287.563965,4289.615234,4278.077148,4573.717773,4541.410156,4428.846191,4502.307617,0.397159,0.50994,0.243169,0.163964,0.145456,0.393429,0.272654,0.115164,0.075128,0.10592,0.376339,0.206772,0.238944,0.147359,0.114509,0.131323,0.096559,0.088716,0.071188,0.068846,0.256008,0.167634,0.074388,0.08713,0.059602,0.258741,0.102797,0.066035,0.094206,0.097516,0.102804,0.185264,0.116552,0.078939,0.099005,0.089628,0.327008,0.163341,0.112075,0.091552,0.266593,0.383142,0.1814,0.140817,0.130331,0.325189,0.454915,0.167426,0.227451,0.317552,0.24339,0.317986,0.209017,0.153747,0.16825,0.211478,0.302046,0.041071,0.115056,0.359021,0.494253,0.770854,0.269658,0.317658,0.297787,0.95576,0.58178,0.429401,0.241205,0.431285
1769162117.487012,1769162117.488065,111.0,0.0,4303.717773,4285.897461,4372.05127,4320.256348,4269.102539,4277.563965,4284.743652,4283.846191,4283.333496,4281.025879,4569.487305,4537.563965,4425.897461,4491.153809,,,,,,,,,,,,,,,,,,,,,,,,,,,,,,,,,,,,,,,,,,,,,,,,,,,,,,,,,,,,,,,,,,,,,,
1769162117.494821,1769162117.495674,112.0,0.0,4306.153809,4287.94873,4376.025879,4311.794922,4268.077148,4273.461426,4279.743652,4277.05127,4276.538574,4272.307617,4565.0,4524.230957,4420.256348,4484.230957,,,,,,,,,,,,,,,,,,,,,,,,,,,,,,,,,,,,,,,,,,,,,,,,,,,,,,,,,,,,,,,,,,,,,,
1769162117.502629,1769162117.503482,113.0,0.0,4310.384766,4289.615234,4375.256348,4313.461426,4266.794922,4275.384766,4280.256348,4282.436035,4282.05127,4262.436035,4561.025879,4520.0,4415.769043,4487.692383,,,,,,,,,,,,,,,,,,,,,,,,,,,,,,,,,,,,,,,,,,,,,,,,,,,,,,,,,,,,,,,,,,,,,,
1769162117.510438,1769162117.511191,114.0,0.0,4306.025879,4286.794922,4373.846191,4319.102539,4265.897461,4277.563965,4283.974121,4287.692383,4282.94873,4269.358887,4557.563965,4531.153809,4415.769043,4488.077148,,,,,,,,,,,,,,,,,,,,,,,,,,,,,,,,,,,,,,,,,,,,,,,,,,,,,,,,,,,,,,,,,,,,,,
1769162117.518246,1769162117.518999,115.0,0.0,4295.897461,4280.256348,4374.358887,4314.487305,4264.487305,4274.487305,4282.563965,4286.538574,4279.358887,4282.179688,4561.153809,4539.615234,4414.615234,4486.666504,,,,,,,,,,,,,,,,,,,,,,,,,,,,,,,,,,,,,,,,,,,,,,,,,,,,,,,,,,,,,,,,,,,,,,
1769162117.526055,1769162117.526608,116.0,0.0,4293.205078,4277.820313,4372.307617,4307.94873,4262.692383,4274.743652,4281.282227,4289.615234,4287.179688,4280.641113,4565.512695,4539.102539,4416.666504,4488.461426,,,,,,,,,,,,,,,,,,,,,,,,,,,,,,,,,,,,,,,,,,,,,,,,,,,,,,,,,,,,,,,,,,,,,,
1769162117.533863,1769162117.534416,117.0,0.0,4297.179688,4279.743652,4374.230957,4313.461426,4262.05127,4277.05127,4283.846191,4287.563965,4288.333496,4270.0,4559.230957,4536.153809,4418.077148,4488.589844,,,,,,,,,,,,,,,,,,,,,,,,,,,,,,,,,,,,,,,,,,,,,,,,,,,,,,,,,,,,,,,,,,,,,,
1769162117.541671,1769162117.542125,118.0,0.0,4298.461426,4280.641113,4382.307617,4321.153809,4263.974121,4275.641113,4282.820313,4280.897461,4278.974121,4267.179688,4558.077148,4535.897461,4419.871582,4488.974121,,,,,,,,,,,,,,,,,,,,,,,,,,,,,,,,,,,,,,,,,,,,,,,,,,,,,,,,,,,,,,,,,,,,,,
1769162117.54948,1769162117.549933,119.0,0.0,4296.025879,4280.256348,4385.128418,4321.025879,4266.666504,4275.641113,4280.512695,4286.410156,4280.384766,4278.589844,4572.05127,4539.743652,4427.94873,4491.794922,,,,,,,,,,,,,,,,,,,,,,,,,,,,,,,,,,,,,,,,,,,,,,,,,,,,,,,,,,,,,,,,,,,,,,
1769162117.557288,1769162117.557542,120.0,0.0,4295.0,4278.846191,4383.205078,4320.897461,4265.641113,4282.05127,4283.717773,4293.717773,4286.410156,4280.769043,4570.641113,4540.769043,4423.974121,4491.153809,,,,,,,,,,,,,,,,,,,,,,,,,,,,,,,,,,,,,,,,,,,,,,,,,,,,,,,,,,,,,,,,,,,,,,
1769162117.565097,1769162117.56535,121.0,0.0,4303.846191,4281.922852,4385.641113,4323.333496,4262.94873,4278.974121,4284.358887,4283.846191,4281.025879,4267.05127,4555.0,4535.897461,4415.769043,4488.717773,,,,,,,,,,,,,,,,,,,,,,,,,,,,,,,,,,,,,,,,,,,,,,,,,,,,,,,,,,,,,,,,,,,,,,
1769162117.572905,1769162117.573259,122.0,0.0,4314.871582,4289.743652,4390.384766,4325.384766,4263.461426,4267.94873,4277.94873,4273.589844,4275.641113,4267.692383,4559.230957,4535.0,4424.358887,4491.153809,,,,,,,,,,,,,,,,,,,,,,,,,,,,,,,,,,,,,,,,,,,,,,,,,,,,,,,,,,,,,,,,,,,,,,
1769162117.580714,1769162117.581067,123.0,0.0,4310.256348,4288.846191,4389.615234,4325.256348,4264.487305,4267.563965,4278.589844,4281.153809,4281.794922,4280.384766,4572.307617,4540.256348,4430.897461,4496.410156,,,,,,,,,,,,,,,,,,,,,,,,,,,,,,,,,,,,,,,,,,,,,,,,,,,,,,,,,,,,,,,,,,,,,,
1769162117.588522,1769162117.589075,124.0,0.0,4296.666504,4282.05127,4384.102539,4323.077148,4263.974121,4274.743652,4282.563965,4292.563965,4287.05127,4283.205078,4566.922852,4536.794922,4417.307617,4492.436035,,,,,,,,,,,,,,,,,,,,,,,,,,,,,,,,,,,,,,,,,,,,,,,,,,,,,,,,,,,,,,,,,,,,,,
1769162117.596331,1769162117.596884,125.0,0.0,4292.05127,4280.384766,4379.487305,4320.256348,4264.102539,4277.436035,4282.820313,4293.077148,4284.102539,4273.461426,4553.333496,4524.358887,4404.615234,4476.153809,,,,,,,,,,,,,,,,,,,,,,,,,,,,,,,,,,,,,,,,,,,,,,,,,,,,,,,,,,,,,,,,,,,,,,
1769162117.604139,1769162117.604592,126.0,0.0,4295.384766,4280.128418,4380.641113,4321.282227,4263.461426,4276.538574,4284.230957,4286.794922,4281.794922,4264.615234,4552.820313,4519.230957,4406.666504,4468.717773,0.349652,0.503346,0.275496,0.167195,0.169969,0.348774,0.342773,0.101117,0.076974,0.133982,0.31609,0.20298,0.223673,0.145744,0.130563,0.116948,0.147603,0.082254,0.078157,0.083358,0.278319,0.231322,0.076222,0.099034,0.063157,0.307339,0.135012,0.067519,0.091752,0.100446,0.099847,0.178643,0.113722,0.072313,0.092908,0.113165,0.350897,0.19083,0.106235,0.087663,0.312539,0.327128,0.216875,0.136254,0.131702,0.421994,0.44505,0.204712,0.2201,0.262716,0.353249,0.286889,0.192145,0.135266,0.158324,0.273853,0.369918,0.037991,0.112021,0.355423,0.61742,0.757343,0.234349,0.330421,0.294119,0.937904,0.554192,0.351579,0.297308,0.386751
1769162117.611947,1769162117.612401,127.0,0.0,4295.769043,4278.846191,4381.666504,4321.794922,4265.384766,4278.974121,4285.256348,4289.102539,4286.025879,4270.512695,4558.461426,4525.512695,4411.153809,4480.512695,,,,,,,,,,,,,,,,,,,,,,,,,,,,,,,,,,,,,,,,,,,,,,,,,,,,,,,,,,,,,,,,,,,,,,
1769162117.619756,1769162117.620009,0.0,0.0,4292.820313,4283.974121,4380.128418,4320.0,4268.461426,4280.512695,4281.794922,4293.077148,4283.589844,4281.410156,4557.179688,4527.05127,4412.820313,4487.563965,,,,,,,,,,,,,,,,,,,,,,,,,,,,,,,,,,,,,,,,,,,,,,,,,,,,,,,,,,,,,,,,,,,,,,
1769162117.627564,1769162117.627818,1.0,0.0,4297.820313,4293.461426,4383.717773,4323.077148,4268.974121,4279.871582,4280.0,4286.794922,4275.897461,4279.487305,4555.641113,4520.769043,4411.922852,4484.102539,,,,,,,,,,,,,,,,,,,,,,,,,,,,,,,,,,,,,,,,,,,,,,,,,,,,,,,,,,,,,,,,,,,,,,
1769162117.635373,1769162117.635726,2.0,0.0,4302.563965,4295.769043,4390.641113,4326.025879,4269.358887,4280.256348,4286.794922,4286.282227,4282.692383,4272.436035,4560.256348,4524.615234,4410.256348,4486.025879,,,,,,,,,,,,,,,,,,,,,,,,,,,,,,,,,,,,,,,,,,,,,,,,,,,,,,,,,,,,,,,,,,,,,,
1769162117.643181,1769162117.643535,3.0,0.0,4298.589844,4291.922852,4391.538574,4324.615234,4269.102539,4281.666504,4292.179688,4294.615234,4291.025879,4275.769043,4567.307617,4538.589844,4413.461426,4490.641113,,,,,,,,,,,,,,,,,,,,,,,,,,,,,,,,,,,,,,,,,,,,,,,,,,,,,,,,,,,,,,,,,,,,,,
1769162117.65099,1769162117.651543,4.0,0.0,4300.0,4290.512695,4389.358887,4325.256348,4266.922852,4280.897461,4285.256348,4293.461426,4284.230957,4281.922852,4571.025879,4543.333496,4420.641113,4493.333496,,,,,,,,,,,,,,,,,,,,,,,,,,,,,,,,,,,,,,,,,,,,,,,,,,,,,,,,,,,,,,,,,,,,,,
1769162117.658798,1769162117.659351,5.0,0.0,4304.487305,4291.922852,4389.102539,4326.794922,4267.563965,4277.436035,4282.05127,4287.94873,4278.077148,4278.461426,4569.615234,4537.05127,4420.512695,4493.589844,,,,,,,,,,,,,,,,,,,,,,,,,,,,,,,,,,,,,,,,,,,,,,,,,,,,,,,,,,,,,,,,,,,,,,
1769162117.666607,1769162117.66726,6.0,0.0,4303.846191,4291.025879,4391.282227,4326.410156,4272.05127,4278.333496,4291.410156,4286.922852,4279.230957,4269.358887,4564.230957,4536.025879,4412.820313,4491.025879,,,,,,,,,,,,,,,,,,,,,,,,,,,,,,,,,,,,,,,,,,,,,,,,,,,,,,,,,,,,,,,,,,,,,,
1769162117.674415,1769162117.675068,7.0,0.0,4305.769043,4287.692383,4396.410156,4327.307617,4274.743652,4280.384766,4289.615234,4284.487305,4279.102539,4269.871582,4566.410156,4542.307617,4412.436035,4498.589844,,,,,,,,,,,,,,,,,,,,,,,,,,,,,,,,,,,,,,,,,,,,,,,,,,,,,,,,,,,,,,,,,,,,,,
1769162117.682223,1769162117.683076,8.0,0.0,4306.282227,4284.615234,4396.538574,4327.179688,4271.538574,4278.589844,4277.307617,4283.846191,4277.436035,4274.102539,4569.871582,4539.615234,4417.05127,4506.282227,,,,,,,,,,,,,,,,,,,,,,,,,,,,,,,,,,,,,,,,,,,,,,,,,,,,,,,,,,,,,,,,,,,,,,
1769162117.690032,1769162117.690885,9.0,0.0,4296.666504,4280.256348,4387.820313,4322.692383,4266.410156,4277.820313,4277.05127,4281.410156,4273.974121,4265.0,4559.358887,4527.563965,4415.512695,4491.282227,,,,,,,,,,,,,,,,,,,,,,,,,,,,,,,,,,,,,,,,,,,,,,,,,,,,,,,,,,,,,,,,,,,,,,
1769162117.69784,1769162117.698593,10.0,0.0,4291.410156,4278.333496,4382.692383,4318.846191,4265.512695,4279.615234,4281.410156,4281.922852,4272.563965,4258.589844,4549.743652,4522.05127,4410.256348,4479.102539,,,,,,,,,,,,,,,,,,,,,,,,,,,,,,,,,,,,,,,,,,,,,,,,,,,,,,,,,,,,,,,,,,,,,,
1769162117.705649,1769162117.706402,11.0,0.0,4293.333496,4280.512695,4382.436035,4320.128418,4268.205078,4278.589844,4280.897461,4293.205078,4275.0,4264.615234,4555.0,4526.025879,4407.820313,4488.589844,,,,,,,,,,,,,,,,,,,,,,,,,,,,,,,,,,,,,,,,,,,,,,,,,,,,,,,,,,,,,,,,,,,,,,
1769162117.713457,1769162117.714011,12.0,0.0,4292.563965,4282.563965,4382.179688,4323.461426,4267.436035,4278.461426,4279.615234,4290.641113,4269.487305,4263.717773,4559.743652,4527.563965,4409.487305,4493.974121,,,,,,,,,,,,,,,,,,,,,,,,,,,,,,,,,,,,,,,,,,,,,,,,,,,,,,,,,,,,,,,,,,,,,,
1769162117.721266,1769162117.721819,13.0,0.0,4293.589844,4283.717773,4383.333496,4322.692383,4264.230957,4276.666504,4277.94873,4278.333496,4267.307617,4259.230957,4557.94873,4524.102539,4414.102539,4490.256348,,,,,,,,,,,,,,,,,,,,,,,,,,,,,,,,,,,,,,,,,,,,,,,,,,,,,,,,,,,,,,,,,,,,,,
1769162117.729074,1769162117.729727,14.0,0.0,4292.820313,4282.692383,4384.102539,4319.743652,4265.641113,4269.230957,4279.102539,4283.077148,4276.153809,4268.974121,4557.692383,4521.410156,4415.0,4494.102539,0.315165,0.482202,0.319811,0.180096,0.192696,0.307409,0.444471,0.097961,0.08299,0.158464,0.266739,0.225551,0.235258,0.139611,0.142974,0.116576,0.237032,0.079684,0.085666,0.09557,0.293056,0.308682,0.078195,0.105445,0.066627,0.355989,0.184404,0.065073,0.099198,0.106069,0.094591,0.163692,0.107516,0.062809,0.080999,0.153604,0.368931,0.220874,0.100505,0.087469,0.358144,0.273544,0.26824,0.127286,0.131133,0.525235,0.405203,0.260325,0.220622,0.219655,0.49017,0.259594,0.186106,0.1309,0.153808,0.375364,0.435171,0.049301,0.127892,0.345979,0.703816,0.710288,0.220904,0.342747,0.282825,0.872873,0.51328,0.279964,0.362039,0.343026
1769162117.736883,1769162117.737536,15.0,0.0,4290.512695,4281.922852,4383.974121,4322.436035,4269.615234,4270.128418,4281.153809,4293.461426,4278.589844,4280.512695,4557.692383,4526.410156,4414.102539,4493.974121,,,,,,,,,,,,,,,,,,,,,,,,,,,,,,,,,,,,,,,,,,,,,,,,,,,,,,,,,,,,,,,,,,,,,,
1769162117.744691,1769162117.745144,16.0,0.0,4293.205078,4288.077148,4386.666504,4326.666504,4270.512695,4275.256348,4279.358887,4291.410156,4274.102539,4281.025879,4561.666504,4537.05127,4418.589844,4490.384766,,,,,,,,,,,,,,,,,,,,,,,,,,,,,,,,,,,,,,,,,,,,,,,,,,,,,,,,,,,,,,,,,,,,,,
1769162117.752499,1769162117.752953,17.0,0.0,4297.692383,4295.769043,4389.358887,4326.538574,4271.153809,4271.794922,4279.615234,4289.871582,4277.692383,4278.461426,4570.128418,4543.077148,4428.589844,4500.512695,,,,,,,,,,,,,,,,,,,,,,,,,,,,,,,,,,,,,,,,,,,,,,,,,,,,,,,,,,,,,,,,,,,,,,
1769162117.760308,1769162117.760661,18.0,0.0,4299.102539,4296.794922,4386.410156,4325.128418,4274.871582,4272.563965,4282.307617,4293.461426,4281.025879,4281.282227,4573.974121,4541.282227,4435.641113,4511.282227,,,,,,,,,,,,,,,,,,,,,,,,,,,,,,,,,,,,,,,,,,,,,,,,,,,,,,,,,,,,,,,,,,,,,,
1769162117.768116,1769162117.76847,19.0,0.0,4300.641113,4293.333496,4384.743652,4325.256348,4278.461426,4281.282227,4280.897461,4293.974121,4278.717773,4284.615234,4575.256348,4540.256348,4435.897461,4511.025879,,,,,,,,,,,,,,,,,,,,,,,,,,,,,,,,,,,,,,,,,,,,,,,,,,,,,,,,,,,,,,,,,,,,,,
1769162117.775925,1769162117.776478,20.0,0.0,4301.025879,4292.179688,4388.205078,4325.128418,4275.384766,4280.512695,4285.128418,4294.615234,4279.102539,4283.974121,4575.128418,4541.282227,4431.922852,4509.358887,,,,,,,,,,,,,,,,,,,,,,,,,,,,,,,,,,,,,,,,,,,,,,,,,,,,,,,,,,,,,,,,,,,,,,
1769162117.783733,1769162117.784287,21.0,0.0,4297.179688,4292.563965,4390.384766,4323.974121,4273.077148,4275.128418,4289.358887,4293.077148,4276.666504,4280.384766,4570.897461,4538.846191,4426.538574,4507.307617,,,,,,,,,,,,,,,,,,,,,,,,,,,,,,,,,,,,,,,,,,,,,,,,,,,,,,,,,,,,,,,,,,,,,,
1769162117.791542,1769162117.792195,22.0,0.0,4293.461426,4291.794922,4389.358887,4324.102539,4274.487305,4278.205078,4284.102539,4295.128418,4277.94873,4279.358887,4566.794922,4536.153809,4426.410156,4503.333496,,,,,,,,,,,,,,,,,,,,,,,,,,,,,,,,,,,,,,,,,,,,,,,,,,,,,,,,,,,,,,,,,,,,,,
1769162117.79935,1769162117.800003,23.0,0.0,4293.077148,4291.025879,4387.563965,4324.487305,4273.333496,4279.102539,4283.333496,4297.820313,4283.333496,4280.128418,4568.077148,4537.692383,4426.794922,4503.461426,,,,,,,,,,,,,,,,,,,,,,,,,,,,,,,,,,,,,,,,,,,,,,,,,,,,,,,,,,,,,,,,,,,,,,
1769162117.807159,1769162117.808012,24.0,0.0,4293.589844,4290.384766,4385.641113,4325.128418,4271.666504,4273.717773,4285.512695,4289.615234,4276.538574,4278.461426,4566.538574,4538.077148,4420.384766,4500.384766,,,,,,,,,,,,,,,,,,,,,,,,,,,,,,,,,,,,,,,,,,,,,,,,,,,,,,,,,,,,,,,,,,,,,,
1769162117.814967,1769162117.81582,25.0,0.0,4291.666504,4288.333496,4381.025879,4325.897461,4272.436035,4274.487305,4282.436035,4284.871582,4269.487305,4277.94873,4560.384766,4533.333496,4418.205078,4488.974121,,,,,,,,,,,,,,,,,,,,,,,,,,,,,,,,,,,,,,,,,,,,,,,,,,,,,,,,,,,,,,,,,,,,,,
1769162117.822776,1769162117.823728,26.0,0.0,4291.282227,4288.077148,4376.666504,4324.102539,4275.384766,4285.256348,4287.179688,4295.256348,4275.128418,4274.358887,4561.410156,4532.179688,4424.358887,4487.94873,,,,,,,,,,,,,,,,,,,,,,,,,,,,,,,,,,,,,,,,,,,,,,,,,,,,,,,,,,,,,,,,,,,,,,
1769162117.830584,1769162117.831537,27.0,0.0,4293.461426,4293.461426,4378.077148,4325.512695,4278.717773,4290.897461,4297.94873,4306.410156,4284.358887,4276.794922,4570.897461,4537.820313,4430.256348,4502.05127,,,,,,,,,,,,,,,,,,,,,,,,,,,,,,,,,,,,,,,,,,,,,,,,,,,,,,,,,,,,,,,,,,,,,,
1769162117.838393,1769162117.839545,28.0,0.0,4297.94873,4297.563965,4382.692383,4331.666504,4277.692383,4282.436035,4292.692383,4303.846191,4285.769043,4292.179688,4575.769043,4541.282227,4433.846191,4510.769043,,,,,,,,,,,,,,,,,,,,,,,,,,,,,,,,,,,,,,,,,,,,,,,,,,,,,,,,,,,,,,,,,,,,,,
1769162117.846201,1769162117.847354,29.0,0.0,4301.922852,4297.692383,4383.205078,4331.794922,4275.0,4273.974121,4279.487305,4295.897461,4281.922852,4297.692383,4572.307617,4539.871582,4435.256348,4507.179688,,,,,,,,,,,,,,,,,,,,,,,,,,,,,,,,,,,,,,,,,,,,,,,,,,,,,,,,,,,,,,,,,,,,,,
1769162117.85401,1769162117.855262,30.0,0.0,4299.871582,4298.589844,4378.205078,4326.666504,4276.666504,4274.102539,4278.461426,4293.461426,4279.358887,4289.487305,4571.153809,4540.512695,4432.05127,4505.256348,0.304331,0.462419,0.37773,0.209665,0.209914,0.28638,0.566758,0.111551,0.097452,0.174751,0.227155,0.275783,0.273176,0.131995,0.148666,0.136419,0.357777,0.087308,0.093035,0.103877,0.288741,0.391623,0.081579,0.103641,0.068098,0.384886,0.247254,0.065197,0.115193,0.113632,0.089511,0.147956,0.101438,0.053372,0.06612,0.199009,0.380869,0.247394,0.096815,0.092954,0.391226,0.241898,0.330796,0.117523,0.13013,0.605444,0.342211,0.322206,0.226612,0.197279,0.626773,0.251266,0.190718,0.146663,0.155418,0.507325,0.487799,0.076353,0.170224,0.328396,0.746574,0.638557,0.229418,0.356564,0.26296,0.76499,0.473767,0.235549,0.434125,0.30562
1769162117.861818,1769162117.86307,31.0,0.0,4295.0,4294.615234,4374.102539,4326.025879,4277.94873,4277.436035,4281.282227,4296.410156,4282.05127,4286.922852,4573.846191,4538.717773,4428.333496,4504.102539,,,,,,,,,,,,,,,,,,,,,,,,,,,,,,,,,,,,,,,,,,,,,,,,,,,,,,,,,,,,,,,,,,,,,,
1769162117.869626,1769162117.870679,32.0,0.0,4294.743652,4289.487305,4374.487305,4325.384766,4273.717773,4280.641113,4282.307617,4297.820313,4282.820313,4283.974121,4568.077148,4529.358887,4423.589844,4495.641113,,,,,,,,,,,,,,,,,,,,,,,,,,,,,,,,,,,,,,,,,,,,,,,,,,,,,,,,,,,,,,,,,,,,,,
1769162117.877435,1769162117.878487,33.0,0.0,4293.846191,4289.358887,4373.717773,4320.641113,4273.717773,4280.256348,4287.05127,4293.077148,4275.128418,4275.641113,4558.205078,4520.641113,4412.820313,4489.487305,,,,,,,,,,,,,,,,,,,,,,,,,,,,,,,,,,,,,,,,,,,,,,,,,,,,,,,,,,,,,,,,,,,,,,
1769162117.885243,1769162117.886196,34.0,0.0,4283.589844,4287.94873,4369.102539,4319.358887,4277.179688,4279.230957,4292.05127,4292.436035,4275.0,4277.820313,4561.282227,4523.333496,4409.230957,4494.487305,,,,,,,,,,,,,,,,,,,,,,,,,,,,,,,,,,,,,,,,,,,,,,,,,,,,,,,,,,,,,,,,,,,,,,
1769162117.893052,1769162117.894004,35.0,0.0,4279.102539,4282.05127,4367.563965,4321.794922,4272.05127,4281.922852,4290.769043,4296.922852,4280.256348,4281.153809,4570.769043,4531.153809,4413.974121,4497.692383,,,,,,,,,,,,,,,,,,,,,,,,,,,,,,,,,,,,,,,,,,,,,,,,,,,,,,,,,,,,,,,,,,,,,,
1769162117.90086,1769162117.902013,36.0,0.0,4286.794922,4280.897461,4373.461426,4320.769043,4264.743652,4281.025879,4286.282227,4296.666504,4278.333496,4277.436035,4568.589844,4532.692383,4413.589844,4493.717773,,,,,,,,,,,,,,,,,,,,,,,,,,,,,,,,,,,,,,,,,,,,,,,,,,,,,,,,,,,,,,,,,,,,,,
1769162117.908669,1769162117.909821,37.0,0.0,4296.153809,4288.205078,4377.94873,4323.717773,4268.461426,4278.461426,4282.94873,4293.333496,4275.641113,4275.769043,4565.641113,4536.282227,4411.666504,4496.153809,,,,,,,,,,,,,,,,,,,,,,,,,,,,,,,,,,,,,,,,,,,,,,,,,,,,,,,,,,,,,,,,,,,,,,
1769162117.916477,1769162117.91753,38.0,0.0,4302.307617,4297.94873,4378.205078,4331.794922,4278.461426,4279.871582,4278.974121,4292.692383,4278.077148,4277.307617,4570.897461,4538.333496,4416.153809,4507.05127,,,,,,,,,,,,,,,,,,,,,,,,,,,,,,,,,,,,,,,,,,,,,,,,,,,,,,,,,,,,,,,,,,,,,,
1769162117.924286,1769162117.925338,39.0,0.0,4300.512695,4295.769043,4371.794922,4332.307617,4280.0,4283.205078,4279.230957,4293.974121,4278.846191,4280.512695,4571.666504,4530.0,4420.897461,4506.794922,,,,,,,,,,,,,,,,,,,,,,,,,,,,,,,,,,,,,,,,,,,,,,,,,,,,,,,,,,,,,,,,,,,,,,
1769162117.932094,1769162117.932947,40.0,0.0,4293.974121,4285.512695,4364.358887,4325.512695,4276.153809,4286.025879,4288.333496,4296.153809,4277.820313,4277.563965,4569.102539,4527.692383,4420.512695,4495.384766,,,,,,,,,,,,,,,,,,,,,,,,,,,,,,,,,,,,,,,,,,,,,,,,,,,,,,,,,,,,,,,,,,,,,,
1769162117.939902,1769162117.940755,41.0,0.0,4292.820313,4286.538574,4369.230957,4326.025879,4277.436035,4284.487305,4295.0,4297.307617,4280.128418,4276.538574,4572.179688,4538.205078,4419.102539,4494.487305,,,,,,,,,,,,,,,,,,,,,,,,,,,,,,,,,,,,,,,,,,,,,,,,,,,,,,,,,,,,,,,,,,,,,,
1769162117.947711,1769162117.948464,42.0,0.0,4297.563965,4292.563965,4371.794922,4329.102539,4278.333496,4279.102539,4286.153809,4294.615234,4280.256348,4285.256348,4572.94873,4541.666504,4418.077148,4496.410156,,,,,,,,,,,,,,,,,,,,,,,,,,,,,,,,,,,,,,,,,,,,,,,,,,,,,,,,,,,,,,,,,,,,,,
1769162117.955519,1769162117.956272,43.0,0.0,4295.897461,4289.358887,4361.538574,4328.077148,4276.666504,4278.077148,4278.717773,4292.307617,4277.820313,4285.769043,4568.333496,4535.256348,4415.897461,4489.358887,,,,,,,,,,,,,,,,,,,,,,,,,,,,,,,,,,,,,,,,,,,,,,,,,,,,,,,,,,,,,,,,,,,,,,
1769162117.963328,1769162117.96428,44.0,0.0,4289.487305,4288.333496,4354.615234,4328.205078,4275.641113,4281.153809,4283.717773,4295.384766,4278.333496,4276.922852,4568.589844,4535.641113,4419.871582,4492.94873,,,,,,,,,,,,,,,,,,,,,,,,,,,,,,,,,,,,,,,,,,,,,,,,,,,,,,,,,,,,,,,,,,,,,,
1769162117.971136,1769162117.972089,45.0,0.0,4295.769043,4294.487305,4356.282227,4334.615234,4274.743652,4280.128418,4288.205078,4297.307617,4277.94873,4278.205078,4572.05127,4539.487305,4426.922852,4507.563965,,,,,,,,,,,,,,,,,,,,,,,,,,,,,,,,,,,,,,,,,,,,,,,,,,,,,,,,,,,,,,,,,,,,,,
1769162117.978945,1769162117.979997,46.0,0.0,4309.615234,4298.974121,4359.743652,4339.102539,4274.358887,4277.563965,4287.05127,4295.128418,4276.410156,4285.0,4573.333496,4545.256348,4430.0,4511.282227,0.318041,0.464263,0.44443,0.254956,0.218325,0.294046,0.691196,0.141607,0.122127,0.179622,0.201503,0.346813,0.324038,0.125198,0.146372,0.174801,0.489115,0.107132,0.099877,0.107322,0.261426,0.466986,0.086594,0.093834,0.066037,0.383453,0.312496,0.074562,0.134834,0.121858,0.08683,0.137785,0.096748,0.046622,0.053685,0.236982,0.383498,0.262621,0.096556,0.104488,0.402329,0.240889,0.392614,0.110345,0.130705,0.647806,0.278065,0.376484,0.232722,0.197707,0.731507,0.282161,0.201522,0.178824,0.161734,0.652747,0.538152,0.117995,0.235893,0.302376,0.757292,0.572206,0.249396,0.367699,0.23734,0.628126,0.456604,0.223383,0.5075,0.275402
1769162117.986753,1769162117.987806,47.0,0.0,4307.436035,4294.358887,4355.897461,4333.077148,4275.512695,4278.589844,4287.820313,4294.102539,4278.333496,4281.922852,4573.717773,4548.974121,4428.589844,4501.410156,,,,,,,,,,,,,,,,,,,,,,,,,,,,,,,,,,,,,,,,,,,,,,,,,,,,,,,,,,,,,,,,,,,,,,
1769162117.994562,1769162117.995814,48.0,0.0,4293.333496,4287.179688,4346.410156,4324.102539,4275.128418,4281.282227,4294.102539,4295.256348,4280.0,4274.871582,4571.666504,4541.282227,4425.384766,4497.307617,,,,,,,,,,,,,,,,,,,,,,,,,,,,,,,,,,,,,,,,,,,,,,,,,,,,,,,,,,,,,,,,,,,,,,
1769162118.00237,1769162118.003622,49.0,0.0,4290.641113,4285.641113,4343.974121,4325.769043,4275.0,4281.410156,4294.102539,4293.589844,4276.794922,4272.307617,4568.205078,4532.820313,4423.846191,4504.358887,,,,,,,,,,,,,,,,,,,,,,,,,,,,,,,,,,,,,,,,,,,,,,,,,,,,,,,,,,,,,,,,,,,,,,
1769162118.010178,1769162118.011331,50.0,0.0,4298.333496,4291.538574,4351.410156,4330.384766,4278.333496,4277.94873,4287.436035,4292.179688,4273.974121,4275.769043,4566.666504,4534.743652,4422.05127,4505.256348,,,,,,,,,,,,,,,,,,,,,,,,,,,,,,,,,,,,,,,,,,,,,,,,,,,,,,,,,,,,,,,,,,,,,,
1769162118.017987,1769162118.019139,51.0,0.0,4301.410156,4292.563965,4350.897461,4327.94873,4278.205078,4276.666504,4288.333496,4295.0,4274.102539,4276.025879,4565.897461,4540.256348,4418.333496,4494.358887,,,,,,,,,,,,,,,,,,,,,,,,,,,,,,,,,,,,,,,,,,,,,,,,,,,,,,,,,,,,,,,,,,,,,,
1769162118.025795,1769162118.026748,52.0,0.0,4297.307617,4285.0,4342.692383,4325.256348,4275.641113,4277.692383,4294.615234,4297.179688,4274.871582,4267.692383,4565.128418,4540.769043,4413.717773,4489.487305,,,,,,,,,,,,,,,,,,,,,,,,,,,,,,,,,,,,,,,,,,,,,,,,,,,,,,,,,,,,,,,,,,,,,,
1769162118.033604,1769162118.034556,53.0,0.0,4292.436035,4280.769043,4340.256348,4325.769043,4277.563965,4277.179688,4293.974121,4295.769043,4274.615234,4263.333496,4566.538574,4538.974121,4412.692383,4496.538574,,,,,,,,,,,,,,,,,,,,,,,,,,,,,,,,,,,,,,,,,,,,,,,,,,,,,,,,,,,,,,,,,,,,,,
1769162118.041412,1769162118.042465,54.0,0.0,4294.615234,4285.641113,4339.487305,4325.897461,4280.641113,4278.974121,4290.897461,4294.615234,4275.512695,4266.538574,4568.717773,4537.94873,4415.384766,4498.461426,,,,,,,,,,,,,,,,,,,,,,,,,,,,,,,,,,,,,,,,,,,,,,,,,,,,,,,,,,,,,,,,,,,,,,
1769162118.049221,1769162118.050273,55.0,0.0,4297.820313,4289.487305,4336.538574,4325.384766,4278.974121,4282.179688,4290.897461,4295.128418,4279.358887,4269.358887,4569.743652,4537.692383,4415.128418,4494.358887,,,,,,,,,,,,,,,,,,,,,,,,,,,,,,,,,,,,,,,,,,,,,,,,,,,,,,,,,,,,,,,,,,,,,,
1769162118.057029,1769162118.057982,56.0,0.0,4294.615234,4287.563965,4336.922852,4324.230957,4275.384766,4278.717773,4286.410156,4295.897461,4280.512695,4269.487305,4563.717773,4537.179688,4412.563965,4492.436035,,,,,,,,,,,,,,,,,,,,,,,,,,,,,,,,,,,,,,,,,,,,,,,,,,,,,,,,,,,,,,,,,,,,,,
1769162118.064838,1769162118.06579,57.0,0.0,4293.974121,4288.461426,4339.102539,4325.641113,4275.384766,4278.974121,4287.692383,4295.512695,4277.307617,4264.487305,4554.743652,4537.179688,4410.0,4492.820313,,,,,,,,,,,,,,,,,,,,,,,,,,,,,,,,,,,,,,,,,,,,,,,,,,,,,,,,,,,,,,,,,,,,,,
1769162118.072646,1769162118.073499,58.0,0.0,4294.743652,4288.205078,4335.897461,4326.025879,4277.692383,4288.205078,4296.922852,4293.846191,4275.384766,4260.641113,4559.102539,4536.922852,4410.256348,4490.128418,,,,,,,,,,,,,,,,,,,,,,,,,,,,,,,,,,,,,,,,,,,,,,,,,,,,,,,,,,,,,,,,,,,,,,
1769162118.080454,1769162118.081307,59.0,0.0,4290.128418,4282.563965,4330.384766,4321.410156,4279.102539,4288.589844,4295.897461,4293.077148,4276.922852,4267.94873,4570.512695,4538.589844,4417.05127,4490.512695,,,,,,,,,,,,,,,,,,,,,,,,,,,,,,,,,,,,,,,,,,,,,,,,,,,,,,,,,,,,,,,,,,,,,,
1769162118.088263,1769162118.089315,60.0,0.0,4288.461426,4280.512695,4332.307617,4317.05127,4276.410156,4279.230957,4288.077148,4293.974121,4278.333496,4273.846191,4572.307617,4540.128418,4426.922852,4500.128418,,,,,,,,,,,,,,,,,,,,,,,,,,,,,,,,,,,,,,,,,,,,,,,,,,,,,,,,,,,,,,,,,,,,,,
1769162118.096071,1769162118.097124,61.0,0.0,4293.077148,4279.743652,4339.102539,4317.436035,4271.922852,4275.128418,4289.615234,4294.743652,4278.589844,4272.307617,4571.153809,4538.589844,4429.102539,4502.94873,,,,,,,,,,,,,,,,,,,,,,,,,,,,,,,,,,,,,,,,,,,,,,,,,,,,,,,,,,,,,,,,,,,,,,
1769162118.10388,1769162118.105032,62.0,0.0,4297.436035,4280.897461,4343.589844,4321.153809,4272.307617,4279.102539,4295.384766,4296.282227,4278.846191,4275.384766,4573.205078,4543.205078,4425.512695,4500.769043,0.341664,0.49929,0.507446,0.306431,0.216353,0.329813,0.794824,0.181452,0.153975,0.172288,0.196909,0.425896,0.367099,0.120564,0.137337,0.222584,0.601558,0.135236,0.105414,0.105638,0.222179,0.519361,0.092329,0.07903,0.060448,0.356216,0.363691,0.096714,0.151847,0.129008,0.091998,0.134691,0.093053,0.045312,0.048527,0.257686,0.373009,0.261284,0.100157,0.120733,0.39155,0.264101,0.436476,0.106876,0.13407,0.659913,0.248647,0.409793,0.233778,0.216414,0.781234,0.367809,0.2143,0.215216,0.170189,0.791951,0.612543,0.169435,0.309874,0.270504,0.76527,0.55745,0.273982,0.367693,0.21152,0.49194,0.482628,0.239406,0.57092,0.251656
1769162118.111688,1769162118.112841,63.0,0.0,4295.256348,4284.871582,4342.94873,4321.922852,4277.820313,4285.641113,4295.641113,4296.538574,4279.102539,4276.922852,4573.717773,4550.769043,4425.384766,4502.179688,,,,,,,,,,,,,,,,,,,,,,,,,,,,,,,,,,,,,,,,,,,,,,,,,,,,,,,,,,,,,,,,,,,,,,
1769162118.119497,1769162118.120449,64.0,0.0,4293.589844,4285.641113,4336.922852,4319.615234,4279.743652,4286.666504,4292.820313,4296.410156,4278.077148,4273.974121,4576.922852,4550.256348,4426.410156,4503.717773,,,,,,,,,,,,,,,,,,,,,,,,,,,,,,,,,,,,,,,,,,,,,,,,,,,,,,,,,,,,,,,,,,,,,,
1769162118.127305,1769162118.128258,65.0,0.0,4300.512695,4285.128418,4338.974121,4320.512695,4275.897461,4279.230957,4287.692383,4300.128418,4279.230957,4276.025879,4583.717773,4551.410156,4426.538574,4513.333496,,,,,,,,,,,,,,,,,,,,,,,,,,,,,,,,,,,,,,,,,,,,,,,,,,,,,,,,,,,,,,,,,,,,,,
1769162118.135114,1769162118.135966,66.0,0.0,4312.692383,4292.436035,4352.820313,4325.897461,4276.025879,4275.128418,4282.05127,4300.512695,4282.307617,4280.256348,4587.307617,4559.102539,4429.871582,4523.077148,,,,,,,,,,,,,,,,,,,,,,,,,,,,,,,,,,,,,,,,,,,,,,,,,,,,,,,,,,,,,,,,,,,,,,
1769162118.142922,1769162118.143775,67.0,0.0,4314.358887,4299.615234,4355.512695,4330.0,4279.615234,4280.256348,4279.871582,4294.871582,4280.128418,4278.846191,4585.256348,4558.333496,4431.922852,4515.641113,,,,,,,,,,,,,,,,,,,,,,,,,,,,,,,,,,,,,,,,,,,,,,,,,,,,,,,,,,,,,,,,,,,,,,
1769162118.15073,1769162118.151383,68.0,0.0,4302.563965,4292.05127,4343.717773,4323.333496,4279.102539,4282.563965,4283.846191,4293.589844,4276.666504,4273.717773,4577.307617,4551.666504,4425.769043,4503.461426,,,,,,,,,,,,,,,,,,,,,,,,,,,,,,,,,,,,,,,,,,,,,,,,,,,,,,,,,,,,,,,,,,,,,,
1769162118.158539,1769162118.159192,69.0,0.0,4293.461426,4283.205078,4334.102539,4311.922852,4277.94873,4281.666504,4290.0,4297.307617,4279.487305,4269.487305,4571.153809,4550.512695,4418.205078,4507.179688,,,,,,,,,,,,,,,,,,,,,,,,,,,,,,,,,,,,,,,,,,,,,,,,,,,,,,,,,,,,,,,,,,,,,,
1769162118.166347,1769162118.1671,70.0,0.0,4295.256348,4285.512695,4333.077148,4313.333496,4278.974121,4280.128418,4286.666504,4296.153809,4280.128418,4267.692383,4571.153809,4550.512695,4419.871582,4509.871582,,,,,,,,,,,,,,,,,,,,,,,,,,,,,,,,,,,,,,,,,,,,,,,,,,,,,,,,,,,,,,,,,,,,,,
1769162118.174156,1769162118.174909,71.0,0.0,4304.487305,4292.05127,4338.077148,4323.717773,4278.333496,4276.666504,4278.974121,4289.871582,4272.94873,4267.307617,4573.077148,4548.717773,4427.307617,4507.820313,,,,,,,,,,,,,,,,,,,,,,,,,,,,,,,,,,,,,,,,,,,,,,,,,,,,,,,,,,,,,,,,,,,,,,
1769162118.181964,1769162118.182917,72.0,0.0,4313.846191,4296.282227,4345.256348,4328.333496,4277.94873,4279.102539,4286.025879,4290.641113,4272.820313,4270.512695,4575.897461,4550.384766,4426.922852,4514.743652,,,,,,,,,,,,,,,,,,,,,,,,,,,,,,,,,,,,,,,,,,,,,,,,,,,,,,,,,,,,,,,,,,,,,,
1769162118.189773,1769162118.190725,73.0,0.0,4308.589844,4293.846191,4342.820313,4324.871582,4279.743652,4282.436035,4294.102539,4297.307617,4281.410156,4277.94873,4580.897461,4554.615234,4422.563965,4521.666504,,,,,,,,,,,,,,,,,,,,,,,,,,,,,,,,,,,,,,,,,,,,,,,,,,,,,,,,,,,,,,,,,,,,,,
1769162118.197581,1769162118.198634,74.0,0.0,4296.153809,4286.282227,4333.205078,4321.025879,4278.333496,4278.846191,4287.307617,4296.025879,4282.05127,4281.922852,4584.871582,4557.563965,4426.153809,4522.692383,,,,,,,,,,,,,,,,,,,,,,,,,,,,,,,,,,,,,,,,,,,,,,,,,,,,,,,,,,,,,,,,,,,,,,
1769162118.20539,1769162118.206442,75.0,0.0,4300.128418,4286.538574,4335.0,4320.769043,4276.538574,4276.794922,4288.333496,4295.897461,4280.128418,4279.871582,4587.436035,4563.077148,4431.025879,4523.974121,,,,,,,,,,,,,,,,,,,,,,,,,,,,,,,,,,,,,,,,,,,,,,,,,,,,,,,,,,,,,,,,,,,,,,
1769162118.213198,1769162118.21445,76.0,0.0,4317.94873,4297.05127,4343.717773,4327.307617,4280.128418,4280.769043,4295.641113,4306.922852,4285.897461,4280.384766,4589.871582,4570.769043,4431.025879,4526.153809,,,,,,,,,,,,,,,,,,,,,,,,,,,,,,,,,,,,,,,,,,,,,,,,,,,,,,,,,,,,,,,,,,,,,,
1769162118.221007,1769162118.222259,77.0,0.0,4322.179688,4298.974121,4344.487305,4332.436035,4281.410156,4281.282227,4293.205078,4306.410156,4286.666504,4282.179688,4588.846191,4567.692383,4428.974121,4526.153809,,,,,,,,,,,,,,,,,,,,,,,,,,,,,,,,,,,,,,,,,,,,,,,,,,,,,,,,,,,,,,,,,,,,,,
1769162118.228815,1769162118.230167,78.0,0.0,4314.615234,4292.692383,4342.05127,4327.179688,4278.205078,4277.692383,4291.282227,4291.282227,4278.974121,4279.615234,4586.025879,4561.794922,4429.358887,4530.0,0.365483,0.564145,0.553937,0.348608,0.205759,0.38397,0.856457,0.222142,0.185529,0.155309,0.194942,0.498898,0.383473,0.117944,0.125236,0.260059,0.666975,0.164293,0.108228,0.099473,0.186848,0.536889,0.097101,0.064041,0.053164,0.31499,0.38463,0.12853,0.162269,0.133274,0.108922,0.134764,0.087614,0.053963,0.052845,0.259808,0.347546,0.242138,0.107099,0.139026,0.366632,0.296202,0.447559,0.10554,0.139718,0.658689,0.287286,0.41279,0.227274,0.244043,0.768395,0.505723,0.226148,0.242348,0.178813,0.901831,0.72664,0.224297,0.37187,0.2388,0.802731,0.627128,0.300952,0.348173,0.190671,0.384426,0.561595,0.280423,0.611037,0.235379
1769162118.236624,1769162118.237976,79.0,0.0,4309.743652,4290.128418,4340.512695,4319.871582,4278.333496,4277.820313,4295.0,4296.025879,4280.384766,4281.025879,4587.307617,4568.077148,4431.666504,4543.461426,,,,,,,,,,,,,,,,,,,,,,,,,,,,,,,,,,,,,,,,,,,,,,,,,,,,,,,,,,,,,,,,,,,,,,
1769162118.244432,1769162118.245684,80.0,0.0,4309.871582,4288.846191,4339.871582,4319.102539,4277.94873,4277.05127,4295.128418,4308.205078,4284.615234,4282.563965,4588.077148,4574.230957,4431.922852,4546.025879,,,,,,,,,,,,,,,,,,,,,,,,,,,,,,,,,,,,,,,,,,,,,,,,,,,,,,,,,,,,,,,,,,,,,,
1769162118.252241,1769162118.253493,81.0,0.0,4316.025879,4288.974121,4345.384766,4324.102539,4275.384766,4274.743652,4291.410156,4301.025879,4282.05127,4278.589844,4584.102539,4570.641113,4428.333496,4536.794922,,,,,,,,,,,,,,,,,,,,,,,,,,,,,,,,,,,,,,,,,,,,,,,,,,,,,,,,,,,,,,,,,,,,,,
1769162118.260049,1769162118.261201,82.0,0.0,4324.102539,4294.743652,4350.384766,4328.333496,4276.538574,4277.692383,4290.641113,4298.846191,4284.743652,4278.846191,4585.128418,4568.205078,4426.153809,4542.179688,,,,,,,,,,,,,,,,,,,,,,,,,,,,,,,,,,,,,,,,,,,,,,,,,,,,,,,,,,,,,,,,,,,,,,
1769162118.267857,1769162118.26901,83.0,0.0,4326.282227,4295.0,4345.128418,4326.794922,4277.563965,4281.153809,4292.05127,4310.897461,4294.358887,4288.205078,4596.025879,4576.153809,4435.256348,4556.794922,,,,,,,,,,,,,,,,,,,,,,,,,,,,,,,,,,,,,,,,,,,,,,,,,,,,,,,,,,,,,,,,,,,,,,
1769162118.275666,1769162118.276618,84.0,0.0,4320.256348,4285.641113,4339.871582,4323.333496,4275.641113,4280.384766,4295.769043,4315.769043,4295.384766,4291.922852,4603.589844,4586.538574,4446.153809,4560.384766,,,,,,,,,,,,,,,,,,,,,,,,,,,,,,,,,,,,,,,,,,,,,,,,,,,,,,,,,,,,,,,,,,,,,,
1769162118.283474,1769162118.284427,85.0,0.0,4313.461426,4282.05127,4340.897461,4323.205078,4272.563965,4280.384766,4297.179688,4310.897461,4285.769043,4285.512695,4597.307617,4583.589844,4443.461426,4554.102539,,,,,,,,,,,,,,,,,,,,,,,,,,,,,,,,,,,,,,,,,,,,,,,,,,,,,,,,,,,,,,,,,,,,,,
1769162118.291283,1769162118.292135,86.0,0.0,4312.307617,4290.128418,4341.794922,4325.641113,4271.538574,4280.384766,4292.179688,4305.256348,4278.077148,4276.666504,4588.077148,4571.025879,4433.333496,4545.641113,,,,,,,,,,,,,,,,,,,,,,,,,,,,,,,,,,,,,,,,,,,,,,,,,,,,,,,,,,,,,,,,,,,,,,
1769162118.299091,1769162118.299944,87.0,0.0,4313.077148,4294.615234,4340.769043,4325.641113,4274.102539,4276.025879,4290.128418,4307.436035,4281.025879,4274.487305,4587.692383,4568.461426,4431.153809,4539.743652,,,,,,,,,,,,,,,,,,,,,,,,,,,,,,,,,,,,,,,,,,,,,,,,,,,,,,,,,,,,,,,,,,,,,,
1769162118.3069,1769162118.307952,88.0,0.0,4313.077148,4294.871582,4340.512695,4327.05127,4279.743652,4278.974121,4294.102539,4309.230957,4287.94873,4284.102539,4588.589844,4572.820313,4434.487305,4541.282227,,,,,,,,,,,,,,,,,,,,,,,,,,,,,,,,,,,,,,,,,,,,,,,,,,,,,,,,,,,,,,,,,,,,,,
1769162118.314708,1769162118.31576,89.0,0.0,4311.538574,4300.641113,4343.461426,4332.820313,4286.410156,4286.538574,4294.871582,4302.436035,4288.205078,4294.102539,4587.820313,4573.077148,4433.846191,4540.512695,,,,,,,,,,,,,,,,,,,,,,,,,,,,,,,,,,,,,,,,,,,,,,,,,,,,,,,,,,,,,,,,,,,,,,
1769162118.322517,1769162118.323469,90.0,0.0,4312.05127,4305.128418,4348.333496,4336.794922,4287.05127,4285.128418,4291.666504,4296.794922,4285.769043,4293.333496,4590.897461,4575.256348,4429.358887,4527.05127,,,,,,,,,,,,,,,,,,,,,,,,,,,,,,,,,,,,,,,,,,,,,,,,,,,,,,,,,,,,,,,,,,,,,,
1769162118.330325,1769162118.331277,91.0,0.0,4313.846191,4304.615234,4351.794922,4335.256348,4282.05127,4280.128418,4293.461426,4304.358887,4289.743652,4292.94873,4597.307617,4582.179688,4434.102539,4522.692383,,,,,,,,,,,,,,,,,,,,,,,,,,,,,,,,,,,,,,,,,,,,,,,,,,,,,,,,,,,,,,,,,,,,,,
1769162118.338133,1769162118.338886,92.0,0.0,4311.922852,4304.743652,4353.717773,4333.846191,4280.0,4281.282227,4294.487305,4310.769043,4294.615234,4295.897461,4597.94873,4585.897461,4442.692383,4530.512695,,,,,,,,,,,,,,,,,,,,,,,,,,,,,,,,,,,,,,,,,,,,,,,,,,,,,,,,,,,,,,,,,,,,,,
1769162118.345942,1769162118.346695,93.0,0.0,4311.282227,4303.846191,4356.794922,4337.436035,4279.615234,4282.563965,4291.282227,4310.0,4294.871582,4294.487305,4595.384766,4585.384766,4435.512695,4527.820313,,,,,,,,,,,,,,,,,,,,,,,,,,,,,,,,,,,,,,,,,,,,,,,,,,,,,,,,,,,,,,,,,,,,,,
1769162118.35375,1769162118.354403,94.0,0.0,4318.846191,4305.512695,4362.436035,4342.436035,4279.102539,4280.0,4291.666504,4309.743652,4293.717773,4293.077148,4598.461426,4588.846191,4432.05127,4521.538574,0.363056,0.638669,0.574975,0.368761,0.191939,0.438494,0.863157,0.256348,0.208899,0.134198,0.207376,0.552266,0.362506,0.117342,0.115006,0.276428,0.669306,0.187055,0.107648,0.090587,0.167172,0.515757,0.098585,0.053166,0.046641,0.273636,0.366165,0.160189,0.165321,0.133385,0.138604,0.133232,0.078676,0.077104,0.065385,0.246232,0.307731,0.208011,0.116698,0.155629,0.336468,0.318079,0.416803,0.104309,0.145031,0.659282,0.40039,0.383355,0.214074,0.268703,0.706124,0.671584,0.23559,0.253731,0.185423,0.961636,0.866716,0.274288,0.406196,0.212982,0.884359,0.774681,0.3315,0.309315,0.176067,0.324801,0.682742,0.346373,0.618588,0.227112
1769162118.361559,1769162118.362212,95.0,0.0,4322.692383,4309.871582,4364.871582,4344.358887,4284.487305,4279.743652,4293.205078,4308.717773,4294.230957,4292.563965,4602.05127,4595.128418,4444.102539,4526.025879,,,,,,,,,,,,,,,,,,,,,,,,,,,,,,,,,,,,,,,,,,,,,,,,,,,,,,,,,,,,,,,,,,,,,,
1769162118.369367,1769162118.37022,96.0,0.0,4314.230957,4308.974121,4360.897461,4343.205078,4288.717773,4280.769043,4293.717773,4309.358887,4295.384766,4292.692383,4601.410156,4593.589844,4443.846191,4528.589844,,,,,,,,,,,,,,,,,,,,,,,,,,,,,,,,,,,,,,,,,,,,,,,,,,,,,,,,,,,,,,,,,,,,,,
1769162118.377176,1769162118.378028,97.0,0.0,4308.589844,4303.333496,4355.512695,4339.743652,4283.846191,4282.692383,4296.025879,4311.025879,4293.846191,4294.615234,4598.333496,4587.94873,4431.538574,4522.94873,,,,,,,,,,,,,,,,,,,,,,,,,,,,,,,,,,,,,,,,,,,,,,,,,,,,,,,,,,,,,,,,,,,,,,
1769162118.384984,1769162118.385937,98.0,0.0,4309.230957,4303.461426,4355.128418,4338.077148,4280.512695,4282.94873,4296.025879,4308.717773,4289.743652,4293.077148,4596.666504,4585.897461,4432.307617,4523.461426,,,,,,,,,,,,,,,,,,,,,,,,,,,,,,,,,,,,,,,,,,,,,,,,,,,,,,,,,,,,,,,,,,,,,,
1769162118.392793,1769162118.393745,99.0,0.0,4312.179688,4310.128418,4361.538574,4341.282227,4282.820313,4279.743652,4293.205078,4307.436035,4291.153809,4293.974121,4595.256348,4585.641113,4436.025879,4522.05127,,,,,,,,,,,,,,,,,,,,,,,,,,,,,,,,,,,,,,,,,,,,,,,,,,,,,,,,,,,,,,,,,,,,,,
1769162118.400601,1769162118.401753,100.0,0.0,4311.794922,4311.153809,4364.743652,4344.102539,4285.384766,4283.333496,4292.692383,4307.563965,4289.358887,4293.589844,4589.743652,4585.512695,4428.846191,4509.743652,,,,,,,,,,,,,,,,,,,,,,,,,,,,,,,,,,,,,,,,,,,,,,,,,,,,,,,,,,,,,,,,,,,,,,
1769162118.408409,1769162118.409562,101.0,0.0,4302.179688,4304.358887,4360.0,4342.436035,4287.05127,4292.307617,4295.0,4307.94873,4275.641113,4285.512695,4584.102539,4581.282227,4424.615234,4503.846191,,,,,,,,,,,,,,,,,,,,,,,,,,,,,,,,,,,,,,,,,,,,,,,,,,,,,,,,,,,,,,,,,,,,,,
1769162118.416218,1769162118.41747,102.0,0.0,4297.692383,4303.077148,4358.077148,4341.153809,4291.666504,4295.128418,4297.05127,4308.974121,4274.615234,4281.666504,4583.461426,4575.769043,4426.025879,4506.922852,,,,,,,,,,,,,,,,,,,,,,,,,,,,,,,,,,,,,,,,,,,,,,,,,,,,,,,,,,,,,,,,,,,,,,
1769162118.424026,1769162118.425278,103.0,0.0,4305.769043,4308.333496,4365.769043,4342.436035,4290.897461,4292.820313,4296.153809,4313.077148,4293.333496,4293.717773,4586.794922,4580.769043,4428.846191,4507.307617,,,,,,,,,,,,,,,,,,,,,,,,,,,,,,,,,,,,,,,,,,,,,,,,,,,,,,,,,,,,,,,,,,,,,,
1769162118.431835,1769162118.433287,104.0,0.0,4305.128418,4303.589844,4365.897461,4342.05127,4284.743652,4294.871582,4296.794922,4313.974121,4293.589844,4297.05127,4585.384766,4585.769043,4427.179688,4503.846191,,,,,,,,,,,,,,,,,,,,,,,,,,,,,,,,,,,,,,,,,,,,,,,,,,,,,,,,,,,,,,,,,,,,,,
1769162118.439643,1769162118.441095,105.0,0.0,4293.846191,4293.974121,4358.077148,4339.230957,4282.05127,4297.563965,4302.307617,4310.641113,4277.563965,4280.769043,4581.922852,4583.974121,4421.922852,4503.077148,,,,,,,,,,,,,,,,,,,,,,,,,,,,,,,,,,,,,,,,,,,,,,,,,,,,,,,,,,,,,,,,,,,,,,
1769162118.447452,1769162118.448804,106.0,0.0,4293.717773,4295.0,4357.307617,4338.846191,4284.615234,4295.256348,4303.461426,4313.077148,4286.410156,4279.358887,4587.179688,4587.307617,4425.128418,4507.307617,,,,,,,,,,,,,,,,,,,,,,,,,,,,,,,,,,,,,,,,,,,,,,,,,,,,,,,,,,,,,,,,,,,,,,
1769162118.45526,1769162118.456612,107.0,0.0,4296.794922,4302.307617,4357.94873,4341.538574,4285.512695,4290.769043,4295.769043,4316.922852,4299.358887,4295.512695,4591.282227,4589.871582,4431.025879,4509.743652,,,,,,,,,,,,,,,,,,,,,,,,,,,,,,,,,,,,,,,,,,,,,,,,,,,,,,,,,,,,,,,,,,,,,,
1769162118.463069,1769162118.464221,108.0,0.0,4293.846191,4307.05127,4356.538574,4343.205078,4284.743652,4286.922852,4290.512695,4312.692383,4287.820313,4298.717773,4587.307617,4588.205078,4430.384766,4506.666504,,,,,,,,,,,,,,,,,,,,,,,,,,,,,,,,,,,,,,,,,,,,,,,,,,,,,,,,,,,,,,,,,,,,,,
1769162118.470877,1769162118.472029,109.0,0.0,4302.820313,4310.897461,4366.410156,4348.589844,4291.282227,4287.436035,4295.256348,4307.307617,4283.461426,4291.025879,4591.794922,4596.666504,4435.0,4510.769043,,,,,,,,,,,,,,,,,,,,,,,,,,,,,,,,,,,,,,,,,,,,,,,,,,,,,,,,,,,,,,,,,,,,,,
1769162118.478686,1769162118.479738,110.0,0.0,4313.205078,4314.102539,4376.538574,4354.743652,4293.205078,4287.563965,4296.538574,4314.102539,4296.025879,4295.512695,4607.820313,4606.666504,4447.820313,4523.077148,0.348047,0.694659,0.568979,0.364804,0.181605,0.479011,0.816132,0.282496,0.219082,0.115352,0.233728,0.579735,0.308127,0.120145,0.111279,0.273477,0.610698,0.199821,0.105726,0.081898,0.160726,0.460412,0.096077,0.048206,0.042672,0.243674,0.311672,0.180813,0.163234,0.129561,0.181044,0.128109,0.067589,0.115672,0.082477,0.226909,0.257974,0.16889,0.126588,0.167228,0.306894,0.316298,0.34919,0.101492,0.146577,0.666454,0.564029,0.328678,0.197918,0.279366,0.620158,0.828242,0.24516,0.250835,0.186664,0.972951,0.993788,0.315329,0.406376,0.193969,1.008166,0.953747,0.365643,0.259475,0.164364,0.328034,0.813154,0.436094,0.590262,0.224866
1769162118.486494,1769162118.487546,111.0,0.0,4304.358887,4313.205078,4366.666504,4349.615234,4286.794922,4285.384766,4293.205078,4325.128418,4298.205078,4305.128418,4613.717773,4604.230957,4452.436035,4522.692383,,,,,,,,,,,,,,,,,,,,,,,,,,,,,,,,,,,,,,,,,,,,,,,,,,,,,,,,,,,,,,,,,,,,,,
1769162118.494302,1769162118.495554,112.0,0.0,4291.153809,4308.205078,4355.512695,4339.230957,4285.641113,4290.897461,4301.922852,4326.410156,4296.794922,4306.025879,4609.871582,4599.487305,4448.077148,4514.615234,,,,,,,,,,,,,,,,,,,,,,,,,,,,,,,,,,,,,,,,,,,,,,,,,,,,,,,,,,,,,,,,,,,,,,
1769162118.502111,1769162118.503363,113.0,0.0,4297.307617,4306.666504,4364.230957,4341.538574,4290.897461,4298.077148,4310.256348,4327.179688,4303.717773,4305.128418,4614.615234,4602.179688,4448.333496,4518.974121,,,,,,,,,,,,,,,,,,,,,,,,,,,,,,,,,,,,,,,,,,,,,,,,,,,,,,,,,,,,,,,,,,,,,,
1769162118.509919,1769162118.511271,114.0,0.0,4307.692383,4310.641113,4376.025879,4351.666504,4291.410156,4295.256348,4303.461426,4329.615234,4303.333496,4300.512695,4616.666504,4606.794922,4450.512695,4527.94873,,,,,,,,,,,,,,,,,,,,,,,,,,,,,,,,,,,,,,,,,,,,,,,,,,,,,,,,,,,,,,,,,,,,,,
1769162118.517728,1769162118.51908,115.0,0.0,4301.282227,4311.153809,4373.205078,4351.153809,4286.538574,4291.538574,4297.436035,4321.282227,4292.563965,4294.487305,4605.769043,4602.94873,4445.512695,4523.589844,,,,,,,,,,,,,,,,,,,,,,,,,,,,,,,,,,,,,,,,,,,,,,,,,,,,,,,,,,,,,,,,,,,,,,
1769162118.525536,1769162118.526688,116.0,0.0,4292.436035,4306.794922,4366.666504,4342.820313,4287.94873,4295.256348,4302.820313,4310.0,4287.436035,4288.974121,4595.641113,4592.94873,4440.128418,4509.871582,,,,,,,,,,,,,,,,,,,,,,,,,,,,,,,,,,,,,,,,,,,,,,,,,,,,,,,,,,,,,,,,,,,,,,
1769162118.533345,1769162118.534497,117.0,0.0,4294.871582,4305.384766,4368.205078,4341.025879,4290.897461,4298.589844,4307.820313,4315.769043,4290.897461,4279.358887,4596.153809,4591.794922,4440.256348,4505.641113,,,,,,,,,,,,,,,,,,,,,,,,,,,,,,,,,,,,,,,,,,,,,,,,,,,,,,,,,,,,,,,,,,,,,,
1769162118.541153,1769162118.542205,118.0,0.0,4297.820313,4308.846191,4372.563965,4343.589844,4289.871582,4296.794922,4302.820313,4325.897461,4296.538574,4282.307617,4600.897461,4599.743652,4443.461426,4515.384766,,,,,,,,,,,,,,,,,,,,,,,,,,,,,,,,,,,,,,,,,,,,,,,,,,,,,,,,,,,,,,,,,,,,,,
1769162118.548962,1769162118.550014,119.0,0.0,4292.307617,4305.256348,4370.384766,4342.179688,4287.05127,4295.128418,4299.358887,4318.589844,4297.563965,4299.102539,4600.512695,4600.256348,4443.205078,4520.897461,,,,,,,,,,,,,,,,,,,,,,,,,,,,,,,,,,,,,,,,,,,,,,,,,,,,,,,,,,,,,,,,,,,,,,
1769162118.55677,1769162118.557622,120.0,0.0,4291.666504,4298.717773,4367.563965,4340.897461,4286.922852,4296.410156,4304.358887,4312.436035,4296.666504,4308.205078,4601.794922,4597.94873,4443.077148,4520.128418,,,,,,,,,,,,,,,,,,,,,,,,,,,,,,,,,,,,,,,,,,,,,,,,,,,,,,,,,,,,,,,,,,,,,,
1769162118.564578,1769162118.565431,121.0,0.0,4295.769043,4302.307617,4371.410156,4343.589844,4287.179688,4293.205078,4305.128418,4321.410156,4297.436035,4308.077148,4611.153809,4605.384766,4446.922852,4520.0,,,,,,,,,,,,,,,,,,,,,,,,,,,,,,,,,,,,,,,,,,,,,,,,,,,,,,,,,,,,,,,,,,,,,,
1769162118.572387,1769162118.573339,122.0,0.0,4288.461426,4307.05127,4373.461426,4342.179688,4282.820313,4285.512695,4296.282227,4329.871582,4297.307617,4311.153809,4613.717773,4608.589844,4447.692383,4515.128418,,,,,,,,,,,,,,,,,,,,,,,,,,,,,,,,,,,,,,,,,,,,,,,,,,,,,,,,,,,,,,,,,,,,,,
1769162118.580195,1769162118.581148,123.0,0.0,4286.153809,4306.538574,4375.128418,4341.794922,4281.666504,4283.589844,4293.974121,4327.94873,4297.692383,4312.05127,4603.974121,4601.794922,4444.230957,4514.230957,,,,,,,,,,,,,,,,,,,,,,,,,,,,,,,,,,,,,,,,,,,,,,,,,,,,,,,,,,,,,,,,,,,,,,
1769162118.588004,1769162118.589156,124.0,0.0,4299.743652,4307.820313,4380.384766,4347.436035,4281.538574,4282.563965,4299.230957,4319.358887,4297.436035,4304.871582,4599.102539,4598.846191,4443.589844,4521.666504,,,,,,,,,,,,,,,,,,,,,,,,,,,,,,,,,,,,,,,,,,,,,,,,,,,,,,,,,,,,,,,,,,,,,,
1769162118.595812,1769162118.596964,125.0,0.0,4307.692383,4310.897461,4381.794922,4348.589844,4277.436035,4278.077148,4294.871582,4311.922852,4293.461426,4298.589844,4604.487305,4603.077148,4446.666504,4525.384766,,,,,,,,,,,,,,,,,,,,,,,,,,,,,,,,,,,,,,,,,,,,,,,,,,,,,,,,,,,,,,,,,,,,,,
1769162118.603621,1769162118.604873,126.0,0.0,4298.589844,4309.102539,4376.538574,4343.461426,4280.769043,4282.307617,4291.282227,4310.641113,4291.025879,4295.256348,4605.641113,4603.205078,4445.641113,4524.230957,0.324225,0.711785,0.542374,0.34868,0.178833,0.503362,0.730997,0.30189,0.216582,0.103704,0.300099,0.580808,0.237452,0.128875,0.116052,0.261586,0.509469,0.203394,0.106761,0.076455,0.157582,0.38438,0.090095,0.049485,0.041613,0.230842,0.238584,0.183212,0.158816,0.123144,0.23031,0.120987,0.056626,0.163859,0.099694,0.212666,0.209202,0.139702,0.132047,0.172284,0.279954,0.291097,0.262869,0.096304,0.142833,0.683203,0.732847,0.264816,0.184207,0.270998,0.547204,0.939624,0.26014,0.23984,0.179704,0.941421,1.064866,0.347154,0.375754,0.179369,1.14307,1.099414,0.399458,0.210814,0.152074,0.416755,0.917427,0.53377,0.532306,0.225649
1769162118.611429,1769162118.612681,127.0,0.0,4282.94873,4302.94873,4371.025879,4339.871582,4287.94873,4292.820313,4298.333496,4312.692383,4291.794922,4296.282227,4600.384766,4597.563965,4442.94873,4518.846191,,,,,,,,,,,,,,,,,,,,,,,,,,,,,,,,,,,,,,,,,,,,,,,,,,,,,,,,,,,,,,,,,,,,,,
1769162118.619238,1769162118.620689,0.0,0.0,4276.794922,4295.769043,4372.05127,4338.974121,4284.102539,4297.307617,4300.256348,4312.307617,4291.153809,4294.102539,4597.563965,4595.641113,4441.538574,4509.743652,,,,,,,,,,,,,,,,,,,,,,,,,,,,,,,,,,,,,,,,,,,,,,,,,,,,,,,,,,,,,,,,,,,,,,
1769162118.627046,1769162118.628498,1.0,0.0,4286.282227,4296.666504,4377.563965,4337.692383,4280.128418,4291.538574,4293.974121,4312.307617,4288.974121,4283.461426,4594.358887,4598.589844,4439.230957,4507.94873,,,,,,,,,,,,,,,,,,,,,,,,,,,,,,,,,,,,,,,,,,,,,,,,,,,,,,,,,,,,,,,,,,,,,,
1769162118.634854,1769162118.636206,2.0,0.0,4297.436035,4305.128418,4382.94873,4340.384766,4284.871582,4283.333496,4294.871582,4311.794922,4283.717773,4278.461426,4590.128418,4598.717773,4435.641113,4511.282227,,,,,,,,,,,,,,,,,,,,,,,,,,,,,,,,,,,,,,,,,,,,,,,,,,,,,,,,,,,,,,,,,,,,,,
1769162118.642663,1769162118.644015,3.0,0.0,4298.077148,4303.333496,4384.102539,4343.077148,4285.256348,4284.102539,4302.05127,4308.333496,4278.205078,4282.05127,4589.102539,4594.615234,4431.922852,4507.820313,,,,,,,,,,,,,,,,,,,,,,,,,,,,,,,,,,,,,,,,,,,,,,,,,,,,,,,,,,,,,,,,,,,,,,
1769162118.650471,1769162118.651624,4.0,0.0,4290.897461,4292.179688,4379.615234,4335.384766,4281.025879,4288.589844,4299.487305,4308.846191,4280.769043,4282.307617,4589.871582,4593.589844,4428.333496,4503.205078,,,,,,,,,,,,,,,,,,,,,,,,,,,,,,,,,,,,,,,,,,,,,,,,,,,,,,,,,,,,,,,,,,,,,,
1769162118.65828,1769162118.659432,5.0,0.0,4284.743652,4288.205078,4373.077148,4327.563965,4281.025879,4283.461426,4292.820313,4311.666504,4287.692383,4278.717773,4587.05127,4594.487305,4427.692383,4504.487305,,,,,,,,,,,,,,,,,,,,,,,,,,,,,,,,,,,,,,,,,,,,,,,,,,,,,,,,,,,,,,,,,,,,,,
1769162118.666088,1769162118.667141,6.0,0.0,4286.538574,4294.230957,4373.846191,4331.282227,4281.153809,4278.077148,4295.641113,4310.769043,4291.410156,4278.974121,4586.025879,4592.307617,4432.307617,4507.94873,,,,,,,,,,,,,,,,,,,,,,,,,,,,,,,,,,,,,,,,,,,,,,,,,,,,,,,,,,,,,,,,,,,,,,
1769162118.673897,1769162118.674949,7.0,0.0,4297.94873,4302.05127,4381.922852,4339.743652,4282.692383,4282.820313,4298.589844,4308.974121,4291.922852,4279.615234,4589.487305,4587.692383,4433.974121,4507.820313,,,,,,,,,,,,,,,,,,,,,,,,,,,,,,,,,,,,,,,,,,,,,,,,,,,,,,,,,,,,,,,,,,,,,,
1769162118.681705,1769162118.682558,8.0,0.0,4305.384766,4305.897461,4381.153809,4339.358887,4284.487305,4283.846191,4295.128418,4310.641113,4293.205078,4279.615234,4587.692383,4585.384766,4432.05127,4503.333496,,,,,,,,,,,,,,,,,,,,,,,,,,,,,,,,,,,,,,,,,,,,,,,,,,,,,,,,,,,,,,,,,,,,,,
1769162118.689514,1769162118.690366,9.0,0.0,4302.820313,4306.025879,4374.487305,4338.717773,4284.358887,4279.358887,4291.538574,4311.666504,4295.0,4280.384766,4587.05127,4594.230957,4438.461426,4505.128418,,,,,,,,,,,,,,,,,,,,,,,,,,,,,,,,,,,,,,,,,,,,,,,,,,,,,,,,,,,,,,,,,,,,,,
1769162118.697322,1769162118.698075,10.0,0.0,4298.461426,4304.615234,4377.94873,4342.563965,4284.615234,4283.717773,4295.128418,4310.256348,4294.871582,4278.461426,4596.153809,4605.641113,4444.102539,4510.512695,,,,,,,,,,,,,,,,,,,,,,,,,,,,,,,,,,,,,,,,,,,,,,,,,,,,,,,,,,,,,,,,,,,,,,
1769162118.705131,1769162118.705883,11.0,0.0,4293.974121,4302.820313,4381.282227,4339.487305,4286.025879,4293.205078,4305.641113,4311.538574,4293.589844,4276.282227,4602.179688,4603.589844,4439.102539,4508.717773,,,,,,,,,,,,,,,,,,,,,,,,,,,,,,,,,,,,,,,,,,,,,,,,,,,,,,,,,,,,,,,,,,,,,,
1769162118.712939,1769162118.713891,12.0,0.0,4292.563965,4303.974121,4376.410156,4336.666504,4288.589844,4295.0,4306.025879,4313.333496,4293.589844,4280.897461,4598.974121,4595.512695,4436.922852,4505.128418,,,,,,,,,,,,,,,,,,,,,,,,,,,,,,,,,,,,,,,,,,,,,,,,,,,,,,,,,,,,,,,,,,,,,,
1769162118.720748,1769162118.7217,13.0,0.0,4295.384766,4309.615234,4376.666504,4342.436035,4290.128418,4291.666504,4296.282227,4311.410156,4295.128418,4282.820313,4595.641113,4592.179688,4442.436035,4506.794922,,,,,,,,,,,,,,,,,,,,,,,,,,,,,,,,,,,,,,,,,,,,,,,,,,,,,,,,,,,,,,,,,,,,,,
1769162118.728556,1769162118.729408,14.0,0.0,4297.436035,4311.282227,4382.692383,4346.025879,4290.0,4293.846191,4299.487305,4310.384766,4295.128418,4272.692383,4597.692383,4590.897461,4440.512695,4507.820313,0.312743,0.687523,0.504618,0.340604,0.183995,0.517558,0.630304,0.315309,0.207635,0.101162,0.362815,0.560721,0.17371,0.14594,0.128387,0.252424,0.393785,0.200282,0.115167,0.075979,0.151873,0.304525,0.082439,0.056848,0.042748,0.224421,0.174492,0.166072,0.153766,0.11569,0.282556,0.11624,0.048788,0.209714,0.113327,0.211121,0.170334,0.13396,0.129869,0.171436,0.261403,0.255873,0.184859,0.091256,0.136622,0.697438,0.861457,0.212201,0.178556,0.246895,0.520483,0.989567,0.283647,0.227666,0.164252,0.892616,1.061509,0.372077,0.325025,0.166611,1.273226,1.161227,0.424494,0.173228,0.139116,0.613168,0.978454,0.615482,0.457714,0.227328
1769162118.736364,1769162118.737217,15.0,0.0,4295.384766,4306.538574,4378.589844,4342.820313,4291.282227,4296.025879,4309.615234,4312.692383,4295.512695,4264.615234,4596.666504,4588.077148,4429.487305,4505.384766,,,,,,,,,,,,,,,,,,,,,,,,,,,,,,,,,,,,,,,,,,,,,,,,,,,,,,,,,,,,,,,,,,,,,,
1769162118.744173,1769162118.744825,16.0,0.0,4290.512695,4304.230957,4370.641113,4342.307617,4292.307617,4294.871582,4306.794922,4313.717773,4295.512695,4265.512695,4594.615234,4587.307617,4427.179688,4504.871582,,,,,,,,,,,,,,,,,,,,,,,,,,,,,,,,,,,,,,,,,,,,,,,,,,,,,,,,,,,,,,,,,,,,,,
1769162118.751981,1769162118.752634,17.0,0.0,4292.94873,4306.025879,4375.384766,4345.0,4291.666504,4295.0,4301.153809,4312.692383,4294.487305,4266.538574,4598.846191,4587.94873,4439.871582,4510.128418,,,,,,,,,,,,,,,,,,,,,,,,,,,,,,,,,,,,,,,,,,,,,,,,,,,,,,,,,,,,,,,,,,,,,,
1769162118.75979,1769162118.760342,18.0,0.0,4296.666504,4308.333496,4381.025879,4343.974121,4291.922852,4295.769043,4304.743652,4311.410156,4294.358887,4262.563965,4596.410156,4586.794922,4442.179688,4507.820313,,,,,,,,,,,,,,,,,,,,,,,,,,,,,,,,,,,,,,,,,,,,,,,,,,,,,,,,,,,,,,,,,,,,,,
1769162118.767598,1769162118.768151,19.0,0.0,4296.538574,4307.94873,4378.205078,4342.692383,4293.974121,4296.410156,4309.230957,4311.666504,4291.666504,4254.871582,4587.307617,4584.871582,4429.102539,4494.358887,,,,,,,,,,,,,,,,,,,,,,,,,,,,,,,,,,,,,,,,,,,,,,,,,,,,,,,,,,,,,,,,,,,,,,
1769162118.775407,1769162118.776159,20.0,0.0,4295.512695,4301.922852,4371.282227,4341.794922,4290.384766,4295.256348,4305.897461,4313.717773,4288.461426,4250.384766,4591.025879,4585.641113,4427.692383,4493.974121,,,,,,,,,,,,,,,,,,,,,,,,,,,,,,,,,,,,,,,,,,,,,,,,,,,,,,,,,,,,,,,,,,,,,,
1769162118.783215,1769162118.783968,21.0,0.0,4288.974121,4294.230957,4367.820313,4337.94873,4284.743652,4293.589844,4297.307617,4313.205078,4289.487305,4250.897461,4597.05127,4587.820313,4436.153809,4505.128418,,,,,,,,,,,,,,,,,,,,,,,,,,,,,,,,,,,,,,,,,,,,,,,,,,,,,,,,,,,,,,,,,,,,,,
1769162118.791024,1769162118.791876,22.0,0.0,4278.333496,4290.512695,4369.358887,4331.922852,4284.743652,4296.025879,4297.179688,4311.282227,4289.743652,4247.05127,4589.358887,4586.025879,4428.461426,4497.563965,,,,,,,,,,,,,,,,,,,,,,,,,,,,,,,,,,,,,,,,,,,,,,,,,,,,,,,,,,,,,,,,,,,,,,
1769162118.798832,1769162118.799684,23.0,0.0,4279.487305,4291.538574,4372.436035,4333.974121,4286.794922,4296.666504,4300.769043,4311.922852,4288.974121,4246.410156,4588.333496,4586.282227,4426.282227,4485.128418,,,,,,,,,,,,,,,,,,,,,,,,,,,,,,,,,,,,,,,,,,,,,,,,,,,,,,,,,,,,,,,,,,,,,,
1769162118.806641,1769162118.807693,24.0,0.0,4290.0,4295.641113,4373.589844,4339.743652,4284.743652,4289.743652,4295.641113,4310.512695,4290.641113,4248.846191,4600.897461,4593.717773,4444.487305,4497.563965,,,,,,,,,,,,,,,,,,,,,,,,,,,,,,,,,,,,,,,,,,,,,,,,,,,,,,,,,,,,,,,,,,,,,,
1769162118.814449,1769162118.815501,25.0,0.0,4290.641113,4294.615234,4372.05127,4333.717773,4280.641113,4287.563965,4292.436035,4308.974121,4291.282227,4237.692383,4602.820313,4598.846191,4446.153809,4510.512695,,,,,,,,,,,,,,,,,,,,,,,,,,,,,,,,,,,,,,,,,,,,,,,,,,,,,,,,,,,,,,,,,,,,,,
1769162118.822257,1769162118.82321,26.0,0.0,4288.461426,4288.461426,4372.307617,4328.589844,4281.410156,4294.230957,4296.282227,4311.025879,4290.0,4234.615234,4597.94873,4598.461426,4434.358887,4505.769043,,,,,,,,,,,,,,,,,,,,,,,,,,,,,,,,,,,,,,,,,,,,,,,,,,,,,,,,,,,,,,,,,,,,,,
1769162118.830066,1769162118.831018,27.0,0.0,4295.641113,4289.743652,4374.743652,4333.846191,4282.94873,4295.769043,4296.025879,4312.94873,4292.179688,4248.589844,4601.666504,4601.025879,4440.0,4505.256348,,,,,,,,,,,,,,,,,,,,,,,,,,,,,,,,,,,,,,,,,,,,,,,,,,,,,,,,,,,,,,,,,,,,,,
1769162118.837874,1769162118.839026,28.0,0.0,4296.794922,4290.0,4374.358887,4331.922852,4281.282227,4292.307617,4296.922852,4316.282227,4295.128418,4249.358887,4605.641113,4604.871582,4445.256348,4509.743652,,,,,,,,,,,,,,,,,,,,,,,,,,,,,,,,,,,,,,,,,,,,,,,,,,,,,,,,,,,,,,,,,,,,,,
1769162118.845683,1769162118.846835,29.0,0.0,4289.358887,4281.282227,4370.641113,4323.205078,4283.589844,4293.333496,4302.820313,4322.94873,4294.358887,4242.05127,4603.846191,4603.333496,4434.358887,4508.589844,,,,,,,,,,,,,,,,,,,,,,,,,,,,,,,,,,,,,,,,,,,,,,,,,,,,,,,,,,,,,,,,,,,,,,
1769162118.853491,1769162118.854543,30.0,0.0,4288.846191,4284.230957,4372.692383,4326.410156,4289.230957,4296.666504,4305.769043,4323.461426,4294.358887,4242.05127,4602.307617,4602.05127,4429.358887,4507.820313,0.313923,0.631637,0.461721,0.35806,0.194513,0.536087,0.534914,0.319515,0.200044,0.10598,0.478989,0.525386,0.132873,0.171034,0.145135,0.258337,0.289393,0.191445,0.132161,0.080083,0.140669,0.234355,0.075616,0.069596,0.044896,0.209293,0.148417,0.136327,0.148328,0.108479,0.325963,0.117789,0.046882,0.239922,0.121749,0.225151,0.144595,0.159391,0.12136,0.167453,0.261262,0.231019,0.135867,0.091537,0.133975,0.708122,0.941256,0.191606,0.18485,0.21665,0.571389,0.996382,0.316906,0.219955,0.143574,0.837599,0.999459,0.389936,0.26818,0.155061,1.378363,1.135522,0.43076,0.150442,0.128477,0.893002,1.001941,0.652508,0.383669,0.229374
1769162118.8613,1769162118.862352,31.0,0.0,4295.641113,4296.410156,4381.282227,4336.922852,4291.153809,4296.794922,4305.641113,4315.897461,4295.384766,4236.922852,4604.871582,4603.333496,4433.717773,4507.692383,,,,,,,,,,,,,,,,,,,,,,,,,,,,,,,,,,,,,,,,,,,,,,,,,,,,,,,,,,,,,,,,,,,,,,
1769162118.869108,1769162118.86996,32.0,0.0,4296.538574,4296.410156,4381.922852,4337.820313,4289.487305,4295.512695,4305.128418,4311.666504,4294.615234,4230.641113,4603.974121,4603.077148,4430.897461,4504.358887,,,,,,,,,,,,,,,,,,,,,,,,,,,,,,,,,,,,,,,,,,,,,,,,,,,,,,,,,,,,,,,,,,,,,,
1769162118.876917,1769162118.877769,33.0,0.0,4293.717773,4291.538574,4377.563965,4334.743652,4288.077148,4294.871582,4303.333496,4312.436035,4289.102539,4228.589844,4598.846191,4602.94873,4427.307617,4505.256348,,,,,,,,,,,,,,,,,,,,,,,,,,,,,,,,,,,,,,,,,,,,,,,,,,,,,,,,,,,,,,,,,,,,,,
1769162118.884725,1769162118.885677,34.0,0.0,4294.871582,4294.230957,4379.230957,4336.794922,4288.589844,4294.615234,4302.05127,4312.307617,4287.05127,4221.410156,4596.922852,4599.102539,4428.589844,4503.846191,,,,,,,,,,,,,,,,,,,,,,,,,,,,,,,,,,,,,,,,,,,,,,,,,,,,,,,,,,,,,,,,,,,,,,
1769162118.892533,1769162118.893486,35.0,0.0,4296.153809,4295.641113,4379.871582,4339.102539,4288.333496,4294.487305,4300.0,4311.153809,4291.794922,4216.538574,4593.589844,4588.974121,4425.0,4493.077148,,,,,,,,,,,,,,,,,,,,,,,,,,,,,,,,,,,,,,,,,,,,,,,,,,,,,,,,,,,,,,,,,,,,,,
1769162118.900342,1769162118.901494,36.0,0.0,4295.512695,4293.717773,4373.461426,4335.384766,4287.436035,4294.487305,4294.615234,4310.256348,4286.922852,4212.820313,4586.282227,4584.615234,4415.897461,4489.358887,,,,,,,,,,,,,,,,,,,,,,,,,,,,,,,,,,,,,,,,,,,,,,,,,,,,,,,,,,,,,,,,,,,,,,
1769162118.90815,1769162118.909302,37.0,0.0,4295.0,4291.666504,4370.641113,4332.692383,4288.077148,4295.512695,4299.615234,4310.0,4277.563965,4207.307617,4583.333496,4586.025879,4413.589844,4492.307617,,,,,,,,,,,,,,,,,,,,,,,,,,,,,,,,,,,,,,,,,,,,,,,,,,,,,,,,,,,,,,,,,,,,,,
1769162118.915959,1769162118.917211,38.0,0.0,4293.333496,4289.102539,4373.205078,4335.128418,4290.0,4296.282227,4310.128418,4311.153809,4282.307617,4208.589844,4586.282227,4586.794922,4420.0,4492.179688,,,,,,,,,,,,,,,,,,,,,,,,,,,,,,,,,,,,,,,,,,,,,,,,,,,,,,,,,,,,,,,,,,,,,,
1769162118.923767,1769162118.925019,39.0,0.0,4291.282227,4290.512695,4373.974121,4335.0,4291.282227,4294.487305,4301.410156,4311.538574,4292.820313,4213.846191,4590.256348,4591.025879,4425.641113,4499.743652,,,,,,,,,,,,,,,,,,,,,,,,,,,,,,,,,,,,,,,,,,,,,,,,,,,,,,,,,,,,,,,,,,,,,,
1769162118.931576,1769162118.932628,40.0,0.0,4292.307617,4294.743652,4371.794922,4332.692383,4290.769043,4292.563965,4293.717773,4314.230957,4294.102539,4214.615234,4594.615234,4597.05127,4426.794922,4508.589844,,,,,,,,,,,,,,,,,,,,,,,,,,,,,,,,,,,,,,,,,,,,,,,,,,,,,,,,,,,,,,,,,,,,,,
1769162118.939384,1769162118.940436,41.0,0.0,4295.641113,4294.487305,4373.717773,4333.846191,4291.922852,4294.102539,4304.871582,4317.307617,4292.94873,4213.333496,4598.333496,4599.487305,4429.230957,4511.025879,,,,,,,,,,,,,,,,,,,,,,,,,,,,,,,,,,,,,,,,,,,,,,,,,,,,,,,,,,,,,,,,,,,,,,
1769162118.947193,1769162118.948145,42.0,0.0,4296.922852,4294.230957,4379.487305,4336.410156,4293.077148,4295.128418,4306.153809,4313.846191,4293.589844,4215.769043,4600.897461,4600.897461,4433.077148,4514.358887,,,,,,,,,,,,,,,,,,,,,,,,,,,,,,,,,,,,,,,,,,,,,,,,,,,,,,,,,,,,,,,,,,,,,,
1769162118.955001,1769162118.955953,43.0,0.0,4295.641113,4297.05127,4380.641113,4335.256348,4287.820313,4292.307617,4294.230957,4309.615234,4292.692383,4215.384766,4601.666504,4600.769043,4431.025879,4515.0,,,,,,,,,,,,,,,,,,,,,,,,,,,,,,,,,,,,,,,,,,,,,,,,,,,,,,,,,,,,,,,,,,,,,,
1769162118.962809,1769162118.963961,44.0,0.0,4294.615234,4296.153809,4378.974121,4332.94873,4282.692383,4292.05127,4297.179688,4311.410156,4292.692383,4205.128418,4601.025879,4601.666504,4428.077148,4512.436035,,,,,,,,,,,,,,,,,,,,,,,,,,,,,,,,,,,,,,,,,,,,,,,,,,,,,,,,,,,,,,,,,,,,,,
1769162118.970618,1769162118.97177,45.0,0.0,4294.743652,4295.897461,4382.692383,4338.589844,4285.128418,4293.589844,4299.743652,4313.333496,4292.563965,4196.282227,4604.871582,4607.563965,4435.128418,4520.0,,,,,,,,,,,,,,,,,,,,,,,,,,,,,,,,,,,,,,,,,,,,,,,,,,,,,,,,,,,,,,,,,,,,,,
1769162118.978426,1769162118.979678,46.0,0.0,4296.666504,4301.153809,4387.563965,4342.820313,4288.205078,4290.897461,4293.589844,4312.307617,4292.436035,4201.153809,4608.333496,4607.692383,4442.05127,4523.974121,0.328881,0.565459,0.415076,0.408801,0.205969,0.573094,0.461419,0.310428,0.199785,0.113909,0.555797,0.480779,0.118316,0.201523,0.161364,0.27997,0.211037,0.17673,0.155323,0.086573,0.130555,0.181713,0.071503,0.085421,0.046873,0.180339,0.179543,0.105817,0.142174,0.102488,0.35997,0.126664,0.051319,0.245308,0.125888,0.251167,0.132096,0.215167,0.111194,0.163511,0.293359,0.233932,0.120748,0.100947,0.139596,0.715138,0.999855,0.215287,0.20224,0.190482,0.705989,1.002763,0.359154,0.218114,0.123469,0.784109,0.925257,0.400362,0.217562,0.145314,1.450118,1.06009,0.415675,0.139314,0.123669,1.19531,1.011333,0.628933,0.323054,0.231501
1769162118.986235,1769162118.987487,47.0,0.0,4300.384766,4306.922852,4388.205078,4339.615234,4288.846191,4293.461426,4299.358887,4312.820313,4292.563965,4205.128418,4602.563965,4600.769043,4438.333496,4512.436035,,,,,,,,,,,,,,,,,,,,,,,,,,,,,,,,,,,,,,,,,,,,,,,,,,,,,,,,,,,,,,,,,,,,,,
1769162118.994043,1769162118.995495,48.0,0.0,4307.307617,4308.846191,4391.538574,4344.743652,4293.205078,4303.077148,4305.256348,4312.94873,4292.307617,4201.922852,4600.769043,4603.333496,4438.077148,4511.153809,,,,,,,,,,,,,,,,,,,,,,,,,,,,,,,,,,,,,,,,,,,,,,,,,,,,,,,,,,,,,,,,,,,,,,
1769162119.001852,1769162119.003303,49.0,0.0,4312.820313,4310.256348,4398.333496,4353.717773,4296.922852,4303.461426,4301.794922,4311.922852,4292.307617,4202.820313,4613.077148,4615.384766,4447.820313,4524.358887,,,,,,,,,,,,,,,,,,,,,,,,,,,,,,,,,,,,,,,,,,,,,,,,,,,,,,,,,,,,,,,,,,,,,,
1769162119.00966,1769162119.011012,50.0,0.0,4310.384766,4309.102539,4395.769043,4346.410156,4292.820313,4295.641113,4303.205078,4311.922852,4292.94873,4202.820313,4616.153809,4617.94873,4448.205078,4527.692383,,,,,,,,,,,,,,,,,,,,,,,,,,,,,,,,,,,,,,,,,,,,,,,,,,,,,,,,,,,,,,,,,,,,,,
1769162119.017469,1769162119.01882,51.0,0.0,4306.025879,4304.358887,4387.307617,4338.846191,4289.871582,4295.384766,4307.436035,4312.94873,4291.666504,4197.563965,4602.94873,4610.256348,4437.94873,4520.128418,,,,,,,,,,,,,,,,,,,,,,,,,,,,,,,,,,,,,,,,,,,,,,,,,,,,,,,,,,,,,,,,,,,,,,
1769162119.025277,1769162119.026829,52.0,0.0,4308.589844,4307.94873,4390.384766,4348.461426,4293.461426,4298.077148,4302.692383,4313.333496,4292.563965,4197.820313,4605.512695,4611.538574,4438.205078,4519.102539,,,,,,,,,,,,,,,,,,,,,,,,,,,,,,,,,,,,,,,,,,,,,,,,,,,,,,,,,,,,,,,,,,,,,,
1769162119.033085,1769162119.034637,53.0,0.0,4312.820313,4312.820313,4396.282227,4352.94873,4295.512695,4294.487305,4297.179688,4311.410156,4296.922852,4202.179688,4616.538574,4618.333496,4446.538574,4526.410156,,,,,,,,,,,,,,,,,,,,,,,,,,,,,,,,,,,,,,,,,,,,,,,,,,,,,,,,,,,,,,,,,,,,,,
1769162119.040894,1769162119.042346,54.0,0.0,4307.05127,4305.0,4391.153809,4342.563965,4291.922852,4291.025879,4302.436035,4314.743652,4297.179688,4199.487305,4608.077148,4617.307617,4445.256348,4525.256348,,,,,,,,,,,,,,,,,,,,,,,,,,,,,,,,,,,,,,,,,,,,,,,,,,,,,,,,,,,,,,,,,,,,,,
1769162119.048702,1769162119.050154,55.0,0.0,4300.769043,4297.436035,4385.897461,4336.410156,4287.307617,4294.615234,4310.256348,4325.384766,4295.897461,4196.538574,4601.922852,4618.461426,4440.897461,4521.153809,,,,,,,,,,,,,,,,,,,,,,,,,,,,,,,,,,,,,,,,,,,,,,,,,,,,,,,,,,,,,,,,,,,,,,
1769162119.056511,1769162119.057763,56.0,0.0,4304.871582,4303.717773,4388.589844,4339.230957,4287.05127,4293.461426,4308.846191,4323.461426,4296.666504,4202.307617,4614.102539,4626.538574,4448.077148,4529.230957,,,,,,,,,,,,,,,,,,,,,,,,,,,,,,,,,,,,,,,,,,,,,,,,,,,,,,,,,,,,,,,,,,,,,,
1769162119.064319,1769162119.065571,57.0,0.0,4309.743652,4310.0,4392.436035,4341.666504,4287.692383,4284.871582,4300.769043,4311.538574,4295.256348,4202.436035,4620.128418,4628.333496,4452.307617,4539.615234,,,,,,,,,,,,,,,,,,,,,,,,,,,,,,,,,,,,,,,,,,,,,,,,,,,,,,,,,,,,,,,,,,,,,,
1769162119.072128,1769162119.07328,58.0,0.0,4310.384766,4308.205078,4392.179688,4342.307617,4287.94873,4281.538574,4296.153809,4309.871582,4289.358887,4191.538574,4612.94873,4623.461426,4445.0,4535.256348,,,,,,,,,,,,,,,,,,,,,,,,,,,,,,,,,,,,,,,,,,,,,,,,,,,,,,,,,,,,,,,,,,,,,,
1769162119.079936,1769162119.081088,59.0,0.0,4313.205078,4310.0,4390.897461,4344.743652,4287.820313,4281.922852,4293.461426,4311.025879,4282.692383,4184.230957,4607.563965,4619.743652,4440.512695,4524.102539,,,,,,,,,,,,,,,,,,,,,,,,,,,,,,,,,,,,,,,,,,,,,,,,,,,,,,,,,,,,,,,,,,,,,,
1769162119.087745,1769162119.088697,60.0,0.0,4311.153809,4311.794922,4388.717773,4345.512695,4287.820313,4280.641113,4292.436035,4307.94873,4280.769043,4185.897461,4607.307617,4614.358887,4442.436035,4521.025879,,,,,,,,,,,,,,,,,,,,,,,,,,,,,,,,,,,,,,,,,,,,,,,,,,,,,,,,,,,,,,,,,,,,,,
1769162119.095553,1769162119.096505,61.0,0.0,4298.717773,4307.436035,4382.307617,4342.692383,4291.025879,4286.153809,4301.922852,4310.641113,4283.974121,4187.692383,4610.769043,4611.025879,4444.230957,4520.384766,,,,,,,,,,,,,,,,,,,,,,,,,,,,,,,,,,,,,,,,,,,,,,,,,,,,,,,,,,,,,,,,,,,,,,
1769162119.103361,1769162119.104414,62.0,0.0,4289.358887,4303.461426,4375.512695,4340.384766,4294.487305,4293.589844,4309.743652,4314.615234,4287.692383,4183.846191,4613.846191,4612.94873,4443.846191,4518.846191,0.358398,0.506326,0.36315,0.486493,0.213436,0.640139,0.416188,0.285096,0.209122,0.120033,0.621665,0.43105,0.119325,0.232896,0.172255,0.320263,0.162405,0.155855,0.179792,0.092738,0.132657,0.148557,0.071627,0.100594,0.047925,0.151651,0.265816,0.085339,0.134952,0.097789,0.38064,0.143044,0.060688,0.225006,0.128628,0.275627,0.131955,0.288191,0.104488,0.161013,0.368064,0.272041,0.128701,0.118527,0.153218,0.743838,1.080464,0.274927,0.225067,0.174825,0.90128,1.054997,0.401465,0.218521,0.109605,0.729864,0.889673,0.400739,0.1795,0.13851,1.478329,0.99521,0.38184,0.132878,0.127102,1.442695,1.035137,0.547329,0.279889,0.233288
1769162119.11117,1769162119.112222,63.0,0.0,4295.384766,4303.717773,4380.769043,4341.538574,4294.743652,4291.025879,4302.179688,4314.615234,4290.641113,4181.922852,4614.743652,4615.256348,4445.0,4525.384766,,,,,,,,,,,,,,,,,,,,,,,,,,,,,,,,,,,,,,,,,,,,,,,,,,,,,,,,,,,,,,,,,,,,,,
1769162119.118978,1769162119.12023,64.0,0.0,4306.794922,4306.410156,4390.897461,4343.974121,4294.102539,4287.05127,4301.025879,4317.436035,4293.589844,4187.563965,4617.05127,4616.282227,4447.179688,4534.743652,,,,,,,,,,,,,,,,,,,,,,,,,,,,,,,,,,,,,,,,,,,,,,,,,,,,,,,,,,,,,,,,,,,,,,
1769162119.126787,1769162119.128039,65.0,0.0,4306.794922,4306.153809,4388.846191,4345.641113,4293.717773,4287.436035,4309.871582,4319.487305,4293.461426,4191.025879,4617.820313,4616.922852,4446.282227,4536.538574,,,,,,,,,,,,,,,,,,,,,,,,,,,,,,,,,,,,,,,,,,,,,,,,,,,,,,,,,,,,,,,,,,,,,,
1769162119.134595,1769162119.135747,66.0,0.0,4303.333496,4306.538574,4385.641113,4348.077148,4293.717773,4287.05127,4305.256348,4312.563965,4292.307617,4187.820313,4616.025879,4616.538574,4444.487305,4534.615234,,,,,,,,,,,,,,,,,,,,,,,,,,,,,,,,,,,,,,,,,,,,,,,,,,,,,,,,,,,,,,,,,,,,,,
1769162119.142404,1769162119.143556,67.0,0.0,4307.05127,4312.179688,4388.974121,4350.0,4295.641113,4286.666504,4292.307617,4308.205078,4292.692383,4186.282227,4616.666504,4614.487305,4445.128418,4538.846191,,,,,,,,,,,,,,,,,,,,,,,,,,,,,,,,,,,,,,,,,,,,,,,,,,,,,,,,,,,,,,,,,,,,,,
1769162119.150212,1769162119.151164,68.0,0.0,4305.641113,4311.538574,4390.0,4347.563965,4297.820313,4286.794922,4294.230957,4315.897461,4293.205078,4187.692383,4617.436035,4615.512695,4446.025879,4542.179688,,,,,,,,,,,,,,,,,,,,,,,,,,,,,,,,,,,,,,,,,,,,,,,,,,,,,,,,,,,,,,,,,,,,,,
1769162119.158021,1769162119.158973,69.0,0.0,4296.282227,4300.641113,4388.461426,4342.307617,4295.256348,4290.641113,4306.538574,4320.769043,4296.282227,4187.307617,4614.743652,4615.0,4443.589844,4533.846191,,,,,,,,,,,,,,,,,,,,,,,,,,,,,,,,,,,,,,,,,,,,,,,,,,,,,,,,,,,,,,,,,,,,,,
1769162119.165829,1769162119.166881,70.0,0.0,4295.769043,4297.820313,4387.05127,4341.282227,4291.794922,4293.717773,4306.922852,4312.94873,4292.820313,4184.615234,4610.256348,4609.487305,4441.410156,4527.820313,,,,,,,,,,,,,,,,,,,,,,,,,,,,,,,,,,,,,,,,,,,,,,,,,,,,,,,,,,,,,,,,,,,,,,
1769162119.173638,1769162119.17469,71.0,0.0,4305.641113,4307.563965,4389.230957,4346.794922,4292.692383,4285.128418,4296.794922,4307.563965,4283.846191,4182.05127,4612.05127,4609.615234,4444.358887,4535.769043,,,,,,,,,,,,,,,,,,,,,,,,,,,,,,,,,,,,,,,,,,,,,,,,,,,,,,,,,,,,,,,,,,,,,,
1769162119.181446,1769162119.182698,72.0,0.0,4311.153809,4312.179688,4392.820313,4353.974121,4294.871582,4277.307617,4294.102539,4311.666504,4283.461426,4184.487305,4614.743652,4616.666504,4447.563965,4543.333496,,,,,,,,,,,,,,,,,,,,,,,,,,,,,,,,,,,,,,,,,,,,,,,,,,,,,,,,,,,,,,,,,,,,,,
1769162119.189255,1769162119.190506,73.0,0.0,4306.153809,4307.563965,4392.307617,4354.487305,4293.205078,4284.102539,4302.94873,4312.820313,4285.0,4181.282227,4608.974121,4618.589844,4443.974121,4538.333496,,,,,,,,,,,,,,,,,,,,,,,,,,,,,,,,,,,,,,,,,,,,,,,,,,,,,,,,,,,,,,,,,,,,,,
1769162119.197063,1769162119.198415,74.0,0.0,4298.589844,4304.102539,4387.563965,4347.94873,4291.282227,4289.230957,4307.692383,4310.128418,4278.205078,4170.641113,4601.794922,4610.641113,4435.897461,4535.641113,,,,,,,,,,,,,,,,,,,,,,,,,,,,,,,,,,,,,,,,,,,,,,,,,,,,,,,,,,,,,,,,,,,,,,
1769162119.204872,1769162119.206223,75.0,0.0,4294.615234,4303.461426,4385.256348,4342.436035,4291.922852,4283.717773,4300.769043,4310.769043,4277.692383,4173.461426,4601.922852,4604.487305,4428.846191,4536.153809,,,,,,,,,,,,,,,,,,,,,,,,,,,,,,,,,,,,,,,,,,,,,,,,,,,,,,,,,,,,,,,,,,,,,,
1769162119.21268,1769162119.213832,76.0,0.0,4293.461426,4302.179688,4387.436035,4342.820313,4290.897461,4277.436035,4294.871582,4312.307617,4286.666504,4182.05127,4607.179688,4605.769043,4427.94873,4529.230957,,,,,,,,,,,,,,,,,,,,,,,,,,,,,,,,,,,,,,,,,,,,,,,,,,,,,,,,,,,,,,,,,,,,,,
1769162119.220488,1769162119.22164,77.0,0.0,4298.077148,4298.846191,4387.563965,4346.410156,4289.871582,4282.820313,4302.563965,4312.692383,4286.922852,4176.025879,4609.743652,4606.153809,4432.179688,4522.436035,,,,,,,,,,,,,,,,,,,,,,,,,,,,,,,,,,,,,,,,,,,,,,,,,,,,,,,,,,,,,,,,,,,,,,
1769162119.228297,1769162119.229349,78.0,0.0,4303.461426,4294.230957,4383.589844,4350.128418,4292.692383,4292.820313,4312.94873,4312.820313,4281.282227,4169.358887,4607.05127,4603.717773,4432.179688,4526.666504,0.391455,0.46281,0.306591,0.571673,0.213424,0.735186,0.395589,0.245465,0.22568,0.121223,0.617813,0.380259,0.123289,0.259768,0.175432,0.375181,0.139104,0.129899,0.199637,0.097325,0.157425,0.13,0.076447,0.110906,0.047939,0.138546,0.383509,0.079826,0.126874,0.093673,0.397974,0.16637,0.073626,0.186606,0.133237,0.299786,0.143295,0.356834,0.104333,0.158629,0.47471,0.33523,0.141718,0.139099,0.168924,0.80324,1.199851,0.347076,0.245596,0.170371,1.147897,1.161546,0.430395,0.214827,0.104908,0.733303,0.913934,0.389553,0.154893,0.134393,1.496739,0.971533,0.336767,0.126193,0.138488,1.604993,1.091981,0.430344,0.250441,0.23398
1769162119.236105,1769162119.237157,79.0,0.0,4299.615234,4294.102539,4380.641113,4350.769043,4295.128418,4288.205078,4304.487305,4313.974121,4281.794922,4172.307617,4603.461426,4602.05127,4429.487305,4532.820313,,,,,,,,,,,,,,,,,,,,,,,,,,,,,,,,,,,,,,,,,,,,,,,,,,,,,,,,,,,,,,,,,,,,,,
1769162119.243914,1769162119.244766,80.0,0.0,4293.333496,4301.538574,4380.769043,4350.256348,4297.94873,4277.179688,4291.538574,4312.436035,4281.666504,4170.512695,4601.794922,4596.794922,4429.615234,4528.589844,,,,,,,,,,,,,,,,,,,,,,,,,,,,,,,,,,,,,,,,,,,,,,,,,,,,,,,,,,,,,,,,,,,,,,
1769162119.251722,1769162119.252574,81.0,0.0,4294.743652,4304.102539,4380.0,4352.692383,4303.717773,4279.102539,4295.641113,4308.974121,4277.307617,4166.922852,4599.743652,4587.692383,4428.333496,4522.692383,,,,,,,,,,,,,,,,,,,,,,,,,,,,,,,,,,,,,,,,,,,,,,,,,,,,,,,,,,,,,,,,,,,,,,
1769162119.259531,1769162119.260283,82.0,0.0,4294.230957,4298.589844,4378.589844,4353.205078,4305.128418,4285.641113,4302.692383,4310.128418,4277.307617,4169.615234,4598.589844,4585.512695,4424.871582,4522.563965,,,,,,,,,,,,,,,,,,,,,,,,,,,,,,,,,,,,,,,,,,,,,,,,,,,,,,,,,,,,,,,,,,,,,,
1769162119.267339,1769162119.268091,83.0,0.0,4294.487305,4301.410156,4379.743652,4350.897461,4304.102539,4281.025879,4298.589844,4311.538574,4281.025879,4172.179688,4602.307617,4592.05127,4427.05127,4523.077148,,,,,,,,,,,,,,,,,,,,,,,,,,,,,,,,,,,,,,,,,,,,,,,,,,,,,,,,,,,,,,,,,,,,,,
1769162119.275148,1769162119.2757,84.0,0.0,4302.179688,4310.897461,4381.153809,4353.589844,4307.692383,4278.333496,4295.128418,4309.230957,4279.102539,4172.692383,4605.384766,4598.205078,4431.922852,4527.436035,,,,,,,,,,,,,,,,,,,,,,,,,,,,,,,,,,,,,,,,,,,,,,,,,,,,,,,,,,,,,,,,,,,,,,
1769162119.282956,1769162119.283508,85.0,0.0,4303.717773,4311.025879,4383.717773,4354.743652,4308.205078,4287.05127,4302.179688,4309.743652,4277.05127,4172.436035,4605.769043,4602.05127,4431.282227,4535.512695,,,,,,,,,,,,,,,,,,,,,,,,,,,,,,,,,,,,,,,,,,,,,,,,,,,,,,,,,,,,,,,,,,,,,,
1769162119.290764,1769162119.291217,86.0,0.0,4297.820313,4304.230957,4382.05127,4350.897461,4304.102539,4290.0,4303.846191,4311.538574,4279.102539,4171.025879,4605.0,4602.94873,4429.102539,4534.102539,,,,,,,,,,,,,,,,,,,,,,,,,,,,,,,,,,,,,,,,,,,,,,,,,,,,,,,,,,,,,,,,,,,,,,
1769162119.298573,1769162119.299025,87.0,0.0,4296.666504,4301.153809,4376.025879,4348.333496,4301.922852,4285.128418,4295.641113,4309.871582,4280.384766,4171.666504,4603.077148,4597.179688,4428.717773,4524.487305,,,,,,,,,,,,,,,,,,,,,,,,,,,,,,,,,,,,,,,,,,,,,,,,,,,,,,,,,,,,,,,,,,,,,,
1769162119.306381,1769162119.307034,88.0,0.0,4295.769043,4302.05127,4372.179688,4345.641113,4299.358887,4287.436035,4298.333496,4308.846191,4278.333496,4171.922852,4599.615234,4587.05127,4426.922852,4519.871582,,,,,,,,,,,,,,,,,,,,,,,,,,,,,,,,,,,,,,,,,,,,,,,,,,,,,,,,,,,,,,,,,,,,,,
1769162119.31419,1769162119.314842,89.0,0.0,4293.461426,4304.487305,4371.922852,4341.922852,4296.666504,4294.871582,4306.666504,4309.358887,4276.538574,4169.487305,4598.461426,4583.717773,4426.282227,4519.743652,,,,,,,,,,,,,,,,,,,,,,,,,,,,,,,,,,,,,,,,,,,,,,,,,,,,,,,,,,,,,,,,,,,,,,
1769162119.321998,1769162119.32275,90.0,0.0,4300.128418,4303.846191,4376.794922,4345.0,4297.307617,4291.153809,4301.025879,4309.743652,4278.717773,4171.666504,4602.179688,4588.333496,4430.512695,4522.563965,,,,,,,,,,,,,,,,,,,,,,,,,,,,,,,,,,,,,,,,,,,,,,,,,,,,,,,,,,,,,,,,,,,,,,
1769162119.329807,1769162119.330559,91.0,0.0,4307.820313,4303.589844,4379.358887,4351.538574,4296.922852,4281.922852,4294.358887,4310.641113,4280.641113,4175.769043,4603.205078,4588.461426,4431.025879,4526.666504,,,,,,,,,,,,,,,,,,,,,,,,,,,,,,,,,,,,,,,,,,,,,,,,,,,,,,,,,,,,,,,,,,,,,,
1769162119.337615,1769162119.338567,92.0,0.0,4304.615234,4303.846191,4374.743652,4347.94873,4295.256348,4281.025879,4298.846191,4310.897461,4277.692383,4173.205078,4599.871582,4584.871582,4426.922852,4527.307617,,,,,,,,,,,,,,,,,,,,,,,,,,,,,,,,,,,,,,,,,,,,,,,,,,,,,,,,,,,,,,,,,,,,,,
1769162119.345424,1769162119.346376,93.0,0.0,4301.794922,4297.820313,4371.922852,4342.05127,4294.871582,4286.410156,4297.820313,4311.025879,4275.512695,4167.179688,4599.487305,4584.743652,4429.102539,4523.333496,,,,,,,,,,,,,,,,,,,,,,,,,,,,,,,,,,,,,,,,,,,,,,,,,,,,,,,,,,,,,,,,,,,,,,
1769162119.353232,1769162119.354084,94.0,0.0,4305.128418,4297.563965,4374.743652,4345.769043,4296.025879,4286.666504,4295.128418,4313.333496,4280.512695,4169.615234,4602.692383,4585.512695,4431.538574,4524.743652,0.429636,0.430121,0.256408,0.641774,0.204976,0.84066,0.388668,0.201582,0.243546,0.117203,0.585433,0.328496,0.122719,0.276386,0.171135,0.440623,0.135968,0.102687,0.209784,0.100926,0.208334,0.122145,0.08506,0.11286,0.04713,0.15628,0.495844,0.08672,0.120274,0.089852,0.409591,0.196417,0.089664,0.144584,0.142561,0.307193,0.164253,0.400442,0.110067,0.153429,0.585917,0.404356,0.146804,0.155545,0.177926,0.880641,1.336667,0.407014,0.257064,0.172645,1.379553,1.281917,0.434029,0.203034,0.109295,0.785237,0.978849,0.368288,0.143365,0.130948,1.496649,0.977306,0.290487,0.120084,0.154978,1.623599,1.172499,0.314566,0.230656,0.233564
1769162119.36104,1769162119.361893,95.0,0.0,4307.436035,4305.256348,4376.922852,4350.256348,4297.563965,4283.589844,4303.717773,4312.563965,4283.461426,4178.461426,4603.589844,4585.256348,4429.102539,4530.512695,,,,,,,,,,,,,,,,,,,,,,,,,,,,,,,,,,,,,,,,,,,,,,,,,,,,,,,,,,,,,,,,,,,,,,
1769162119.368849,1769162119.369901,96.0,0.0,4309.358887,4305.512695,4381.025879,4350.256348,4297.436035,4284.358887,4303.974121,4308.205078,4277.05127,4174.358887,4602.05127,4583.974121,4430.256348,4527.692383,,,,,,,,,,,,,,,,,,,,,,,,,,,,,,,,,,,,,,,,,,,,,,,,,,,,,,,,,,,,,,,,,,,,,,
1769162119.376657,1769162119.377709,97.0,0.0,4310.256348,4303.205078,4386.666504,4352.436035,4296.922852,4282.692383,4294.230957,4308.333496,4275.897461,4166.666504,4602.94873,4585.0,4436.410156,4523.333496,,,,,,,,,,,,,,,,,,,,,,,,,,,,,,,,,,,,,,,,,,,,,,,,,,,,,,,,,,,,,,,,,,,,,,
1769162119.384466,1769162119.385418,98.0,0.0,4302.436035,4307.307617,4380.897461,4352.563965,4296.666504,4280.897461,4299.487305,4311.282227,4284.487305,4176.794922,4602.94873,4585.897461,4440.384766,4529.743652,,,,,,,,,,,,,,,,,,,,,,,,,,,,,,,,,,,,,,,,,,,,,,,,,,,,,,,,,,,,,,,,,,,,,,
1769162119.392274,1769162119.393226,99.0,0.0,4295.128418,4310.128418,4372.436035,4348.333496,4295.512695,4286.666504,4308.846191,4311.282227,4285.769043,4188.205078,4601.538574,4584.615234,4441.538574,4536.666504,,,,,,,,,,,,,,,,,,,,,,,,,,,,,,,,,,,,,,,,,,,,,,,,,,,,,,,,,,,,,,,,,,,,,,
1769162119.400083,1769162119.400835,100.0,0.0,4300.512695,4308.461426,4375.512695,4349.358887,4295.897461,4288.205078,4301.410156,4310.0,4280.0,4183.461426,4605.512695,4588.461426,4442.563965,4538.077148,,,,,,,,,,,,,,,,,,,,,,,,,,,,,,,,,,,,,,,,,,,,,,,,,,,,,,,,,,,,,,,,,,,,,,
1769162119.407891,1769162119.408643,101.0,0.0,4307.179688,4307.692383,4383.974121,4352.436035,4297.436035,4279.743652,4293.846191,4310.769043,4282.179688,4180.512695,4611.794922,4595.512695,4443.974121,4542.307617,,,,,,,,,,,,,,,,,,,,,,,,,,,,,,,,,,,,,,,,,,,,,,,,,,,,,,,,,,,,,,,,,,,,,,
1769162119.4157,1769162119.416552,102.0,0.0,4307.563965,4308.333496,4387.820313,4350.897461,4296.922852,4280.128418,4299.743652,4314.487305,4288.974121,4187.307617,4614.615234,4597.05127,4445.641113,4544.487305,,,,,,,,,,,,,,,,,,,,,,,,,,,,,,,,,,,,,,,,,,,,,,,,,,,,,,,,,,,,,,,,,,,,,,
1769162119.423508,1769162119.42436,103.0,0.0,4307.179688,4305.769043,4385.641113,4350.256348,4293.846191,4285.897461,4308.333496,4321.538574,4290.256348,4191.538574,4618.205078,4596.666504,4446.282227,4540.897461,,,,,,,,,,,,,,,,,,,,,,,,,,,,,,,,,,,,,,,,,,,,,,,,,,,,,,,,,,,,,,,,,,,,,,
1769162119.431317,1769162119.432368,104.0,0.0,4304.230957,4297.820313,4378.717773,4346.794922,4291.025879,4283.461426,4311.153809,4326.666504,4289.743652,4193.205078,4620.384766,4597.692383,4445.0,4541.153809,,,,,,,,,,,,,,,,,,,,,,,,,,,,,,,,,,,,,,,,,,,,,,,,,,,,,,,,,,,,,,,,,,,,,,
1769162119.439125,1769162119.440177,105.0,0.0,4300.256348,4294.487305,4373.589844,4340.384766,4289.487305,4281.410156,4305.769043,4320.897461,4287.179688,4194.102539,4617.307617,4593.974121,4443.589844,4542.563965,,,,,,,,,,,,,,,,,,,,,,,,,,,,,,,,,,,,,,,,,,,,,,,,,,,,,,,,,,,,,,,,,,,,,,
1769162119.446933,1769162119.447885,106.0,0.0,4301.025879,4303.333496,4373.974121,4344.230957,4290.769043,4281.538574,4296.025879,4317.307617,4287.436035,4197.179688,4620.897461,4593.589844,4445.897461,4540.384766,,,,,,,,,,,,,,,,,,,,,,,,,,,,,,,,,,,,,,,,,,,,,,,,,,,,,,,,,,,,,,,,,,,,,,
1769162119.454742,1769162119.455694,107.0,0.0,4298.589844,4307.179688,4375.256348,4350.0,4291.922852,4280.641113,4296.282227,4328.205078,4294.230957,4198.717773,4627.436035,4600.384766,4448.717773,4541.025879,,,,,,,,,,,,,,,,,,,,,,,,,,,,,,,,,,,,,,,,,,,,,,,,,,,,,,,,,,,,,,,,,,,,,,
1769162119.46255,1769162119.463302,108.0,0.0,4293.333496,4299.102539,4372.820313,4345.128418,4290.384766,4286.666504,4304.487305,4327.692383,4288.974121,4190.384766,4620.0,4594.743652,4444.230957,4539.871582,,,,,,,,,,,,,,,,,,,,,,,,,,,,,,,,,,,,,,,,,,,,,,,,,,,,,,,,,,,,,,,,,,,,,,
1769162119.470359,1769162119.471111,109.0,0.0,4296.922852,4297.436035,4372.307617,4343.717773,4294.871582,4294.615234,4306.025879,4314.102539,4278.717773,4190.0,4610.641113,4582.307617,4439.615234,4534.102539,,,,,,,,,,,,,,,,,,,,,,,,,,,,,,,,,,,,,,,,,,,,,,,,,,,,,,,,,,,,,,,,,,,,,,
1769162119.478167,1769162119.478819,110.0,0.0,4302.692383,4305.256348,4376.794922,4349.743652,4302.05127,4291.025879,4303.717773,4316.410156,4286.538574,4200.897461,4615.256348,4584.615234,4443.589844,4533.974121,0.464734,0.392966,0.226781,0.680637,0.189615,0.927958,0.380972,0.166639,0.255616,0.110597,0.544154,0.275345,0.11683,0.278083,0.160955,0.515647,0.146239,0.079395,0.208914,0.104473,0.28213,0.126366,0.095863,0.105432,0.04576,0.209337,0.56749,0.099101,0.117912,0.087285,0.418359,0.231444,0.107959,0.11367,0.15862,0.299277,0.191909,0.406149,0.117772,0.142992,0.663873,0.464918,0.138387,0.162062,0.173448,0.938348,1.439067,0.4329,0.254628,0.174646,1.556331,1.349076,0.406418,0.183872,0.119954,0.900073,1.035484,0.341288,0.144216,0.125789,1.476269,0.972436,0.250536,0.119135,0.171748,1.532641,1.242928,0.233892,0.220127,0.232325
1769162119.485976,1769162119.486628,111.0,0.0,4298.333496,4303.974121,4378.205078,4347.563965,4300.128418,4286.538574,4301.153809,4324.358887,4296.666504,4200.769043,4618.717773,4595.0,4446.410156,4539.487305,,,,,,,,,,,,,,,,,,,,,,,,,,,,,,,,,,,,,,,,,,,,,,,,,,,,,,,,,,,,,,,,,,,,,,
1769162119.493784,1769162119.494636,112.0,0.0,4292.692383,4293.589844,4373.717773,4338.333496,4293.717773,4289.615234,4299.358887,4318.717773,4291.025879,4193.846191,4614.230957,4596.538574,4442.05127,4539.230957,,,,,,,,,,,,,,,,,,,,,,,,,,,,,,,,,,,,,,,,,,,,,,,,,,,,,,,,,,,,,,,,,,,,,,
1769162119.501593,1769162119.502445,113.0,0.0,4297.692383,4295.641113,4371.538574,4339.102539,4294.358887,4290.897461,4298.333496,4316.922852,4286.153809,4196.025879,4612.94873,4594.871582,4440.128418,4536.282227,,,,,,,,,,,,,,,,,,,,,,,,,,,,,,,,,,,,,,,,,,,,,,,,,,,,,,,,,,,,,,,,,,,,,,
1769162119.509401,1769162119.510353,114.0,0.0,4307.94873,4307.307617,4375.128418,4347.05127,4299.230957,4290.512695,4298.461426,4322.436035,4290.641113,4200.512695,4616.153809,4598.205078,4445.384766,4542.820313,,,,,,,,,,,,,,,,,,,,,,,,,,,,,,,,,,,,,,,,,,,,,,,,,,,,,,,,,,,,,,,,,,,,,,
1769162119.517209,1769162119.518161,115.0,0.0,4308.717773,4307.94873,4375.897461,4347.179688,4299.358887,4293.717773,4302.05127,4322.05127,4292.307617,4199.230957,4620.769043,4601.794922,4446.153809,4551.538574,,,,,,,,,,,,,,,,,,,,,,,,,,,,,,,,,,,,,,,,,,,,,,,,,,,,,,,,,,,,,,,,,,,,,,
1769162119.525018,1769162119.52617,116.0,0.0,4304.743652,4302.05127,4372.563965,4341.025879,4295.897461,4295.512695,4307.05127,4325.128418,4293.205078,4198.846191,4625.128418,4602.820313,4443.846191,4553.461426,,,,,,,,,,,,,,,,,,,,,,,,,,,,,,,,,,,,,,,,,,,,,,,,,,,,,,,,,,,,,,,,,,,,,,
1769162119.532826,1769162119.533978,117.0,0.0,4307.820313,4302.436035,4372.307617,4340.0,4296.153809,4296.794922,4309.871582,4331.153809,4295.0,4201.922852,4627.179688,4599.615234,4451.025879,4553.077148,,,,,,,,,,,,,,,,,,,,,,,,,,,,,,,,,,,,,,,,,,,,,,,,,,,,,,,,,,,,,,,,,,,,,,
1769162119.540635,1769162119.541886,118.0,0.0,4309.487305,4304.487305,4373.205078,4343.846191,4297.94873,4297.436035,4306.025879,4321.794922,4292.436035,4203.333496,4625.0,4595.769043,4456.153809,4551.666504,,,,,,,,,,,,,,,,,,,,,,,,,,,,,,,,,,,,,,,,,,,,,,,,,,,,,,,,,,,,,,,,,,,,,,
1769162119.548443,1769162119.549695,119.0,0.0,4306.282227,4302.563965,4372.179688,4342.692383,4294.871582,4293.589844,4301.666504,4311.025879,4289.743652,4202.179688,4622.05127,4595.512695,4452.307617,4553.205078,,,,,,,,,,,,,,,,,,,,,,,,,,,,,,,,,,,,,,,,,,,,,,,,,,,,,,,,,,,,,,,,,,,,,,
1769162119.556252,1769162119.557303,120.0,0.0,4309.487305,4303.205078,4374.615234,4342.179688,4290.512695,4291.282227,4302.179688,4319.102539,4292.820313,4204.102539,4626.410156,4602.307617,4456.153809,4564.871582,,,,,,,,,,,,,,,,,,,,,,,,,,,,,,,,,,,,,,,,,,,,,,,,,,,,,,,,,,,,,,,,,,,,,,
1769162119.56406,1769162119.565112,121.0,0.0,4314.230957,4303.846191,4377.692383,4343.589844,4290.384766,4292.307617,4301.153809,4330.384766,4297.94873,4206.922852,4633.461426,4607.94873,4464.615234,4573.717773,,,,,,,,,,,,,,,,,,,,,,,,,,,,,,,,,,,,,,,,,,,,,,,,,,,,,,,,,,,,,,,,,,,,,,
1769162119.571869,1769162119.57302,122.0,0.0,4311.410156,4302.05127,4375.128418,4341.922852,4288.717773,4292.94873,4298.846191,4326.538574,4293.589844,4203.589844,4632.05127,4604.358887,4462.179688,4571.153809,,,,,,,,,,,,,,,,,,,,,,,,,,,,,,,,,,,,,,,,,,,,,,,,,,,,,,,,,,,,,,,,,,,,,,
1769162119.579677,1769162119.580829,123.0,0.0,4315.384766,4305.641113,4376.922852,4346.153809,4285.769043,4290.641113,4297.692383,4320.128418,4289.358887,4200.769043,4626.794922,4601.666504,4458.589844,4574.487305,,,,,,,,,,,,,,,,,,,,,,,,,,,,,,,,,,,,,,,,,,,,,,,,,,,,,,,,,,,,,,,,,,,,,,
1769162119.587485,1769162119.588437,124.0,0.0,4324.871582,4312.94873,4380.641113,4352.307617,4289.102539,4289.743652,4300.256348,4322.307617,4293.846191,4204.102539,4627.94873,4605.641113,4462.179688,4584.102539,,,,,,,,,,,,,,,,,,,,,,,,,,,,,,,,,,,,,,,,,,,,,,,,,,,,,,,,,,,,,,,,,,,,,,
1769162119.595294,1769162119.596246,125.0,0.0,4322.563965,4309.871582,4376.538574,4345.769043,4291.282227,4293.974121,4307.436035,4323.717773,4294.615234,4203.717773,4627.05127,4604.230957,4460.256348,4582.94873,,,,,,,,,,,,,,,,,,,,,,,,,,,,,,,,,,,,,,,,,,,,,,,,,,,,,,,,,,,,,,,,,,,,,,
1769162119.603103,1769162119.603954,126.0,0.0,4320.256348,4302.436035,4373.205078,4340.256348,4288.461426,4294.871582,4309.615234,4321.794922,4289.615234,4203.974121,4623.333496,4599.871582,4457.05127,4580.256348,0.491661,0.339156,0.223668,0.683777,0.170163,0.95879,0.360172,0.149743,0.257048,0.105137,0.527557,0.221846,0.10939,0.265145,0.146993,0.578843,0.161885,0.064727,0.200383,0.108239,0.366464,0.147244,0.106572,0.090919,0.043815,0.282246,0.57898,0.110724,0.120674,0.087922,0.410822,0.265628,0.125707,0.102096,0.181902,0.263883,0.219908,0.373652,0.122418,0.127449,0.67995,0.506951,0.120061,0.157323,0.154719,0.936849,1.451796,0.416423,0.23754,0.17163,1.588853,1.301131,0.352453,0.162261,0.13231,1.005857,1.035647,0.315371,0.156989,0.117529,1.404707,0.910286,0.218283,0.126979,0.183161,1.326375,1.260823,0.204567,0.220353,0.229335
1769162119.610911,1769162119.611763,127.0,0.0,4325.128418,4306.794922,4376.666504,4348.846191,4289.102539,4289.615234,4303.846191,4324.487305,4293.333496,4213.077148,4630.897461,4608.974121,4461.025879,4588.717773,,,,,,,,,,,,,,,,,,,,,,,,,,,,,,,,,,,,,,,,,,,,,,,,,,,,,,,,,,,,,,,,,,,,,,
1769162119.618719,1769162119.619371,0.0,0.0,4322.563965,4312.436035,4375.256348,4349.358887,4288.846191,4287.692383,4300.641113,4328.077148,4299.487305,4215.128418,4634.102539,4615.128418,4462.436035,4588.205078,,,,,,,,,,,,,,,,,,,,,,,,,,,,,,,,,,,,,,,,,,,,,,,,,,,,,,,,,,,,,,,,,,,,,,
1769162119.626528,1769162119.62718,1.0,0.0,4315.897461,4309.615234,4371.025879,4341.666504,4285.128418,4288.974121,4302.436035,4320.512695,4291.794922,4206.666504,4623.077148,4604.358887,4456.025879,4573.205078,,,,,,,,,,,,,,,,,,,,,,,,,,,,,,,,,,,,,,,,,,,,,,,,,,,,,,,,,,,,,,,,,,,,,,
1769162119.634336,1769162119.635088,2.0,0.0,4319.487305,4307.307617,4377.05127,4346.410156,4285.641113,4289.358887,4302.820313,4310.256348,4280.0,4197.436035,4618.589844,4600.769043,4455.256348,4566.153809,,,,,,,,,,,,,,,,,,,,,,,,,,,,,,,,,,,,,,,,,,,,,,,,,,,,,,,,,,,,,,,,,,,,,,
1769162119.642145,1769162119.642897,3.0,0.0,4322.692383,4308.974121,4382.692383,4353.461426,4290.897461,4291.666504,4300.0,4311.922852,4281.410156,4198.461426,4624.487305,4611.282227,4459.102539,4574.358887,,,,,,,,,,,,,,,,,,,,,,,,,,,,,,,,,,,,,,,,,,,,,,,,,,,,,,,,,,,,,,,,,,,,,,
1769162119.649953,1769162119.650505,4.0,0.0,4316.153809,4306.538574,4377.563965,4349.615234,4292.179688,4296.153809,4296.282227,4314.871582,4287.05127,4208.589844,4621.282227,4611.794922,4448.846191,4571.025879,,,,,,,,,,,,,,,,,,,,,,,,,,,,,,,,,,,,,,,,,,,,,,,,,,,,,,,,,,,,,,,,,,,,,,
1769162119.657762,1769162119.658314,5.0,0.0,4307.820313,4302.179688,4372.05127,4346.153809,4286.410156,4293.974121,4295.897461,4312.179688,4283.333496,4211.666504,4611.922852,4601.153809,4439.102539,4556.666504,,,,,,,,,,,,,,,,,,,,,,,,,,,,,,,,,,,,,,,,,,,,,,,,,,,,,,,,,,,,,,,,,,,,,,
1769162119.66557,1769162119.666022,6.0,0.0,4307.94873,4305.769043,4377.692383,4351.410156,4281.410156,4286.794922,4297.692383,4313.846191,4281.922852,4209.743652,4618.974121,4602.05127,4450.256348,4560.512695,,,,,,,,,,,,,,,,,,,,,,,,,,,,,,,,,,,,,,,,,,,,,,,,,,,,,,,,,,,,,,,,,,,,,,
1769162119.673379,1769162119.673831,7.0,0.0,4317.307617,4312.820313,4387.94873,4357.307617,4284.102539,4284.230957,4296.794922,4315.641113,4286.025879,4215.256348,4631.282227,4610.769043,4462.436035,4567.820313,,,,,,,,,,,,,,,,,,,,,,,,,,,,,,,,,,,,,,,,,,,,,,,,,,,,,,,,,,,,,,,,,,,,,,
1769162119.681187,1769162119.681439,8.0,0.0,4320.897461,4313.205078,4389.230957,4357.820313,4290.256348,4288.205078,4299.230957,4311.282227,4283.461426,4215.512695,4626.922852,4612.307617,4459.230957,4558.717773,,,,,,,,,,,,,,,,,,,,,,,,,,,,,,,,,,,,,,,,,,,,,,,,,,,,,,,,,,,,,,,,,,,,,,
1769162119.688995,1769162119.689248,9.0,0.0,4314.230957,4308.461426,4385.128418,4353.974121,4290.641113,4286.666504,4302.692383,4307.820313,4278.205078,4209.358887,4616.922852,4607.436035,4454.615234,4551.794922,,,,,,,,,,,,,,,,,,,,,,,,,,,,,,,,,,,,,,,,,,,,,,,,,,,,,,,,,,,,,,,,,,,,,,
1769162119.696804,1769162119.697156,10.0,0.0,4310.641113,4307.179688,4380.256348,4351.666504,4289.230957,4281.538574,4296.282227,4312.05127,4283.589844,4213.589844,4617.563965,4604.230957,4457.692383,4555.384766,,,,,,,,,,,,,,,,,,,,,,,,,,,,,,,,,,,,,,,,,,,,,,,,,,,,,,,,,,,,,,,,,,,,,,
1769162119.704612,1769162119.704965,11.0,0.0,4310.897461,4310.128418,4375.769043,4351.282227,4290.641113,4285.512695,4292.179688,4316.282227,4290.897461,4213.846191,4621.538574,4603.974121,4455.769043,4555.384766,,,,,,,,,,,,,,,,,,,,,,,,,,,,,,,,,,,,,,,,,,,,,,,,,,,,,,,,,,,,,,,,,,,,,,
1769162119.712421,1769162119.712973,12.0,0.0,4305.0,4310.641113,4374.487305,4349.230957,4287.94873,4290.769043,4294.615234,4312.563965,4286.538574,4206.282227,4617.436035,4600.897461,4446.410156,4547.94873,,,,,,,,,,,,,,,,,,,,,,,,,,,,,,,,,,,,,,,,,,,,,,,,,,,,,,,,,,,,,,,,,,,,,,
1769162119.720229,1769162119.720781,13.0,0.0,4298.846191,4307.179688,4377.563965,4348.974121,4286.025879,4288.974121,4296.666504,4308.333496,4278.205078,4212.436035,4615.256348,4602.563965,4444.230957,4546.922852,,,,,,,,,,,,,,,,,,,,,,,,,,,,,,,,,,,,,,,,,,,,,,,,,,,,,,,,,,,,,,,,,,,,,,
1769162119.728038,1769162119.72869,14.0,0.0,4303.333496,4308.461426,4382.94873,4356.666504,4291.282227,4290.641113,4296.282227,4308.717773,4277.436035,4220.641113,4617.307617,4610.897461,4448.846191,4549.615234,0.505999,0.273135,0.240463,0.656066,0.150862,0.915707,0.326289,0.152331,0.245919,0.103901,0.553487,0.174327,0.105918,0.243458,0.131552,0.620335,0.179625,0.059941,0.189389,0.111635,0.457021,0.186825,0.114347,0.073651,0.041168,0.358324,0.53088,0.116769,0.126543,0.093458,0.386268,0.290392,0.138846,0.109869,0.210708,0.218878,0.241645,0.314777,0.121259,0.110884,0.632048,0.524346,0.099183,0.143906,0.128,0.864852,1.346162,0.362029,0.208921,0.163721,1.496022,1.127607,0.284495,0.14354,0.142197,1.082222,0.970324,0.296696,0.179743,0.106969,1.302416,0.779203,0.189704,0.142122,0.185028,1.135925,1.204434,0.219092,0.2305,0.222654
1769162119.735846,1769162119.736498,15.0,0.0,4307.179688,4312.692383,4382.563965,4360.384766,4296.153809,4293.846191,4296.922852,4311.025879,4285.769043,4218.077148,4617.563965,4611.538574,4448.589844,4546.282227,,,,,,,,,,,,,,,,,,,,,,,,,,,,,,,,,,,,,,,,,,,,,,,,,,,,,,,,,,,,,,,,,,,,,,
1769162119.743655,1769162119.744506,16.0,0.0,4296.153809,4306.282227,4375.384766,4349.358887,4293.717773,4294.615234,4302.436035,4310.256348,4283.974121,4213.333496,4612.563965,4600.641113,4444.487305,4534.358887,,,,,,,,,,,,,,,,,,,,,,,,,,,,,,,,,,,,,,,,,,,,,,,,,,,,,,,,,,,,,,,,,,,,,,
1769162119.751463,1769162119.752315,17.0,0.0,4283.077148,4297.94873,4370.256348,4342.307617,4290.256348,4294.487305,4304.615234,4310.641113,4277.820313,4213.205078,4609.358887,4596.025879,4443.974121,4529.230957,,,,,,,,,,,,,,,,,,,,,,,,,,,,,,,,,,,,,,,,,,,,,,,,,,,,,,,,,,,,,,,,,,,,,,
1769162119.759272,1769162119.760023,18.0,0.0,4285.641113,4296.025879,4370.0,4348.205078,4290.769043,4290.256348,4298.974121,4317.179688,4288.717773,4219.615234,4615.0,4603.589844,4444.230957,4534.230957,,,,,,,,,,,,,,,,,,,,,,,,,,,,,,,,,,,,,,,,,,,,,,,,,,,,,,,,,,,,,,,,,,,,,,
1769162119.76708,1769162119.767832,19.0,0.0,4294.615234,4296.410156,4373.846191,4352.179688,4290.256348,4288.589844,4295.256348,4322.179688,4298.974121,4227.179688,4619.102539,4609.871582,4444.487305,4536.538574,,,,,,,,,,,,,,,,,,,,,,,,,,,,,,,,,,,,,,,,,,,,,,,,,,,,,,,,,,,,,,,,,,,,,,
1769162119.774888,1769162119.775441,20.0,0.0,4297.307617,4302.436035,4380.512695,4353.846191,4291.538574,4294.358887,4298.205078,4318.589844,4292.436035,4230.256348,4617.692383,4615.0,4447.436035,4537.692383,,,,,,,,,,,,,,,,,,,,,,,,,,,,,,,,,,,,,,,,,,,,,,,,,,,,,,,,,,,,,,,,,,,,,,
1769162119.782697,1769162119.783249,21.0,0.0,4295.512695,4305.641113,4382.179688,4356.538574,4294.358887,4294.230957,4301.794922,4319.743652,4290.128418,4228.974121,4616.282227,4617.692383,4446.025879,4541.282227,,,,,,,,,,,,,,,,,,,,,,,,,,,,,,,,,,,,,,,,,,,,,,,,,,,,,,,,,,,,,,,,,,,,,,
1769162119.790505,1769162119.790957,22.0,0.0,4293.333496,4296.794922,4376.025879,4353.846191,4294.615234,4290.641113,4307.05127,4327.94873,4298.205078,4224.487305,4618.333496,4615.384766,4443.077148,4539.230957,,,,,,,,,,,,,,,,,,,,,,,,,,,,,,,,,,,,,,,,,,,,,,,,,,,,,,,,,,,,,,,,,,,,,,
1769162119.798314,1769162119.798766,23.0,0.0,4292.179688,4294.230957,4372.94873,4352.94873,4294.615234,4292.05127,4307.94873,4320.0,4290.897461,4219.615234,4617.179688,4611.025879,4443.461426,4529.615234,,,,,,,,,,,,,,,,,,,,,,,,,,,,,,,,,,,,,,,,,,,,,,,,,,,,,,,,,,,,,,,,,,,,,,
1769162119.806122,1769162119.806375,24.0,0.0,4287.820313,4298.974121,4373.846191,4356.282227,4295.0,4289.743652,4299.871582,4307.05127,4277.179688,4216.922852,4607.94873,4603.974121,4437.436035,4522.05127,,,,,,,,,,,,,,,,,,,,,,,,,,,,,,,,,,,,,,,,,,,,,,,,,,,,,,,,,,,,,,,,,,,,,,
1769162119.813931,1769162119.814183,25.0,0.0,4279.871582,4294.102539,4371.282227,4355.128418,4294.615234,4280.769043,4296.538574,4313.974121,4277.820313,4216.282227,4599.871582,4597.692383,4426.410156,4517.692383,,,,,,,,,,,,,,,,,,,,,,,,,,,,,,,,,,,,,,,,,,,,,,,,,,,,,,,,,,,,,,,,,,,,,,
1769162119.821739,1769162119.821892,26.0,0.0,4278.717773,4291.922852,4371.025879,4353.461426,4293.461426,4278.205078,4297.179688,4321.282227,4282.05127,4215.512695,4601.922852,4598.974121,4425.512695,4517.692383,,,,,,,,,,,,,,,,,,,,,,,,,,,,,,,,,,,,,,,,,,,,,,,,,,,,,,,,,,,,,,,,,,,,,,
1769162119.829548,1769162119.8297,27.0,0.0,4279.743652,4294.358887,4370.641113,4349.871582,4293.717773,4287.05127,4296.153809,4313.205078,4278.589844,4216.922852,4605.384766,4602.563965,4431.282227,4521.410156,,,,,,,,,,,,,,,,,,,,,,,,,,,,,,,,,,,,,,,,,,,,,,,,,,,,,,,,,,,,,,,,,,,,,,
1769162119.837356,1769162119.837708,28.0,0.0,4270.769043,4288.589844,4366.794922,4345.897461,4294.230957,4295.256348,4300.384766,4309.230957,4275.512695,4218.974121,4603.077148,4596.922852,4430.384766,4517.307617,,,,,,,,,,,,,,,,,,,,,,,,,,,,,,,,,,,,,,,,,,,,,,,,,,,,,,,,,,,,,,,,,,,,,,
1769162119.845164,1769162119.845517,29.0,0.0,4267.307617,4288.077148,4366.410156,4348.589844,4293.461426,4287.94873,4303.333496,4313.974121,4278.974121,4218.333496,4603.205078,4595.897461,4429.102539,4514.871582,,,,,,,,,,,,,,,,,,,,,,,,,,,,,,,,,,,,,,,,,,,,,,,,,,,,,,,,,,,,,,,,,,,,,,
1769162119.852973,1769162119.853225,30.0,0.0,4275.384766,4294.743652,4368.589844,4347.563965,4290.769043,4278.333496,4296.153809,4313.333496,4277.692383,4214.358887,4603.589844,4598.205078,4431.538574,4518.077148,0.511506,0.211725,0.258478,0.606682,0.134534,0.798332,0.291291,0.166655,0.223454,0.108003,0.607555,0.138443,0.107757,0.221188,0.116194,0.618064,0.195264,0.060858,0.179438,0.113602,0.534103,0.24075,0.116775,0.058538,0.03802,0.414995,0.441873,0.115453,0.13279,0.103749,0.338125,0.29824,0.147497,0.131435,0.240371,0.172765,0.253016,0.249186,0.115153,0.099394,0.538693,0.515621,0.082476,0.126941,0.103805,0.737583,1.138911,0.285422,0.175738,0.154368,1.297447,0.877726,0.218612,0.130599,0.147024,1.082852,0.866833,0.291116,0.206555,0.097254,1.171304,0.603148,0.160468,0.157885,0.176234,1.025968,1.083735,0.253733,0.246306,0.211237
1769162119.860781,1769162119.861034,31.0,0.0,4279.230957,4295.0,4371.153809,4341.922852,4290.512695,4284.487305,4292.307617,4310.897461,4271.025879,4214.102539,4600.128418,4590.128418,4427.94873,4514.743652,,,,,,,,,,,,,,,,,,,,,,,,,,,,,,,,,,,,,,,,,,,,,,,,,,,,,,,,,,,,,,,,,,,,,,
1769162119.86859,1769162119.868642,32.0,0.0,4278.589844,4295.769043,4373.717773,4346.025879,4294.487305,4291.025879,4297.563965,4312.436035,4273.205078,4223.589844,4599.358887,4586.922852,4427.563965,4513.205078,,,,,,,,,,,,,,,,,,,,,,,,,,,,,,,,,,,,,,,,,,,,,,,,,,,,,,,,,,,,,,,,,,,,,,
1769162119.876398,1769162119.876451,33.0,0.0,4283.077148,4300.897461,4373.717773,4353.846191,4297.563965,4289.615234,4299.102539,4312.05127,4279.358887,4229.230957,4601.794922,4598.717773,4435.897461,4522.05127,,,,,,,,,,,,,,,,,,,,,,,,,,,,,,,,,,,,,,,,,,,,,,,,,,,,,,,,,,,,,,,,,,,,,,
1769162119.884207,1769162119.884159,34.0,0.0,4288.461426,4298.846191,4372.692383,4351.410156,4297.436035,4293.589844,4299.230957,4308.974121,4275.897461,4222.820313,4602.307617,4600.256348,4437.05127,4526.666504,,,,,,,,,,,,,,,,,,,,,,,,,,,,,,,,,,,,,,,,,,,,,,,,,,,,,,,,,,,,,,,,,,,,,,
1769162119.892015,1769162119.891968,35.0,0.0,4288.717773,4293.974121,4373.717773,4347.436035,4295.0,4295.641113,4300.384766,4308.974121,4273.077148,4216.410156,4600.641113,4587.563965,4429.743652,4518.077148,,,,,,,,,,,,,,,,,,,,,,,,,,,,,,,,,,,,,,,,,,,,,,,,,,,,,,,,,,,,,,,,,,,,,,
1769162119.899824,1769162119.899976,36.0,0.0,4287.820313,4295.0,4375.0,4347.820313,4294.743652,4290.256348,4296.538574,4310.769043,4277.307617,4222.563965,4600.256348,4588.717773,4429.230957,4510.641113,,,,,,,,,,,,,,,,,,,,,,,,,,,,,,,,,,,,,,,,,,,,,,,,,,,,,,,,,,,,,,,,,,,,,,
1769162119.907632,1769162119.907785,37.0,0.0,4284.102539,4295.384766,4374.615234,4347.820313,4293.205078,4288.846191,4295.0,4311.153809,4278.589844,4231.025879,4600.256348,4597.94873,4429.230957,4512.94873,,,,,,,,,,,,,,,,,,,,,,,,,,,,,,,,,,,,,,,,,,,,,,,,,,,,,,,,,,,,,,,,,,,,,,
1769162119.91544,1769162119.915693,38.0,0.0,4278.333496,4293.077148,4373.717773,4342.94873,4287.94873,4287.820313,4296.538574,4310.897461,4277.179688,4230.897461,4600.0,4595.769043,4427.436035,4522.563965,,,,,,,,,,,,,,,,,,,,,,,,,,,,,,,,,,,,,,,,,,,,,,,,,,,,,,,,,,,,,,,,,,,,,,
1769162119.923249,1769162119.923501,39.0,0.0,4280.512695,4293.717773,4372.307617,4342.179688,4285.512695,4281.538574,4294.230957,4307.94873,4277.692383,4229.615234,4601.025879,4591.410156,4438.589844,4523.461426,,,,,,,,,,,,,,,,,,,,,,,,,,,,,,,,,,,,,,,,,,,,,,,,,,,,,,,,,,,,,,,,,,,,,,
1769162119.931057,1769162119.93151,40.0,0.0,4292.563965,4297.05127,4376.538574,4349.743652,4288.205078,4278.077148,4291.794922,4306.666504,4277.436035,4231.538574,4601.922852,4597.563965,4443.461426,4511.025879,,,,,,,,,,,,,,,,,,,,,,,,,,,,,,,,,,,,,,,,,,,,,,,,,,,,,,,,,,,,,,,,,,,,,,
1769162119.938866,1769162119.939318,41.0,0.0,4293.589844,4296.410156,4383.589844,4351.153809,4290.384766,4279.743652,4294.615234,4306.410156,4276.025879,4231.922852,4601.410156,4598.974121,4432.436035,4508.974121,,,,,,,,,,,,,,,,,,,,,,,,,,,,,,,,,,,,,,,,,,,,,,,,,,,,,,,,,,,,,,,,,,,,,,
1769162119.946674,1769162119.947226,42.0,0.0,4281.666504,4293.333496,4380.384766,4343.077148,4290.128418,4282.05127,4296.922852,4304.743652,4276.410156,4230.128418,4600.769043,4590.512695,4432.94873,4520.256348,,,,,,,,,,,,,,,,,,,,,,,,,,,,,,,,,,,,,,,,,,,,,,,,,,,,,,,,,,,,,,,,,,,,,,
1769162119.954483,1769162119.955035,43.0,0.0,4283.461426,4294.743652,4374.230957,4340.0,4288.717773,4281.794922,4293.461426,4307.307617,4280.0,4231.025879,4601.410156,4591.922852,4446.410156,4527.05127,,,,,,,,,,,,,,,,,,,,,,,,,,,,,,,,,,,,,,,,,,,,,,,,,,,,,,,,,,,,,,,,,,,,,,
1769162119.962291,1769162119.963043,44.0,0.0,4290.897461,4296.025879,4377.307617,4343.205078,4284.487305,4280.0,4291.410156,4306.282227,4277.692383,4233.333496,4601.666504,4597.436035,4445.0,4525.0,,,,,,,,,,,,,,,,,,,,,,,,,,,,,,,,,,,,,,,,,,,,,,,,,,,,,,,,,,,,,,,,,,,,,,
1769162119.9701,1769162119.970851,45.0,0.0,4282.436035,4291.410156,4382.820313,4342.563965,4281.666504,4279.871582,4291.538574,4296.282227,4265.769043,4228.974121,4596.538574,4591.794922,4431.282227,4521.538574,,,,,,,,,,,,,,,,,,,,,,,,,,,,,,,,,,,,,,,,,,,,,,,,,,,,,,,,,,,,,,,,,,,,,,
1769162119.977908,1769162119.97876,46.0,0.0,4278.077148,4290.384766,4381.666504,4340.384766,4282.179688,4280.641113,4289.871582,4292.692383,4264.102539,4224.487305,4590.128418,4585.512695,4426.282227,4522.307617,0.5158,0.172206,0.25929,0.544888,0.122614,0.637068,0.267641,0.18138,0.193537,0.116346,0.660105,0.117767,0.112826,0.20617,0.101848,0.575592,0.203019,0.062259,0.171635,0.113747,0.593587,0.29654,0.11266,0.049817,0.035107,0.449639,0.343531,0.110603,0.138133,0.116326,0.27709,0.286216,0.155016,0.159643,0.263601,0.142794,0.253752,0.194637,0.108623,0.097573,0.431862,0.482044,0.073423,0.111273,0.091604,0.586987,0.881036,0.207575,0.148357,0.147372,1.056572,0.623635,0.168479,0.123618,0.146737,0.993371,0.756462,0.29672,0.231251,0.092247,1.028581,0.424997,0.133516,0.166614,0.159287,1.076149,0.922582,0.284857,0.262258,0.196249
1769162119.985716,1769162119.986568,47.0,0.0,4289.358887,4294.871582,4378.077148,4341.153809,4280.128418,4280.769043,4289.358887,4298.333496,4274.743652,4228.461426,4591.153809,4588.333496,4428.077148,4523.974121,,,,,,,,,,,,,,,,,,,,,,,,,,,,,,,,,,,,,,,,,,,,,,,,,,,,,,,,,,,,,,,,,,,,,,
1769162119.993525,1769162119.994177,48.0,0.0,4291.538574,4296.153809,4376.025879,4344.102539,4281.794922,4280.897461,4290.128418,4296.666504,4274.358887,4233.333496,4596.538574,4587.05127,4429.871582,4524.358887,,,,,,,,,,,,,,,,,,,,,,,,,,,,,,,,,,,,,,,,,,,,,,,,,,,,,,,,,,,,,,,,,,,,,,
1769162120.001333,1769162120.001985,49.0,0.0,4279.358887,4295.641113,4374.743652,4344.743652,4285.256348,4277.179688,4290.897461,4298.077148,4272.436035,4233.205078,4598.205078,4583.205078,4429.615234,4522.563965,,,,,,,,,,,,,,,,,,,,,,,,,,,,,,,,,,,,,,,,,,,,,,,,,,,,,,,,,,,,,,,,,,,,,,
1769162120.009142,1769162120.009694,50.0,0.0,4272.692383,4291.794922,4372.436035,4339.102539,4282.179688,4280.897461,4294.230957,4308.333496,4278.846191,4229.615234,4593.974121,4581.922852,4428.205078,4521.282227,,,,,,,,,,,,,,,,,,,,,,,,,,,,,,,,,,,,,,,,,,,,,,,,,,,,,,,,,,,,,,,,,,,,,,
1769162120.01695,1769162120.017502,51.0,0.0,4276.922852,4290.641113,4370.256348,4339.230957,4281.666504,4290.769043,4298.333496,4310.384766,4278.077148,4230.256348,4592.05127,4580.256348,4428.717773,4523.333496,,,,,,,,,,,,,,,,,,,,,,,,,,,,,,,,,,,,,,,,,,,,,,,,,,,,,,,,,,,,,,,,,,,,,,
1769162120.024759,1769162120.025511,52.0,0.0,4282.820313,4300.769043,4372.307617,4346.538574,4288.461426,4290.512695,4291.666504,4305.897461,4274.615234,4239.615234,4596.794922,4581.666504,4430.769043,4522.436035,,,,,,,,,,,,,,,,,,,,,,,,,,,,,,,,,,,,,,,,,,,,,,,,,,,,,,,,,,,,,,,,,,,,,,
1769162120.032567,1769162120.033319,53.0,0.0,4281.666504,4305.641113,4374.871582,4347.820313,4289.615234,4286.025879,4282.820313,4301.410156,4277.436035,4241.666504,4597.820313,4579.102539,4428.589844,4516.666504,,,,,,,,,,,,,,,,,,,,,,,,,,,,,,,,,,,,,,,,,,,,,,,,,,,,,,,,,,,,,,,,,,,,,,
1769162120.040376,1769162120.041227,54.0,0.0,4276.282227,4297.179688,4372.820313,4341.153809,4285.897461,4283.974121,4286.666504,4300.641113,4277.179688,4232.563965,4588.461426,4570.256348,4421.794922,4514.102539,,,,,,,,,,,,,,,,,,,,,,,,,,,,,,,,,,,,,,,,,,,,,,,,,,,,,,,,,,,,,,,,,,,,,,
1769162120.048184,1769162120.049036,55.0,0.0,4276.922852,4293.589844,4372.692383,4338.974121,4287.179688,4283.717773,4295.384766,4302.563965,4276.153809,4235.256348,4585.128418,4567.436035,4422.307617,4517.563965,,,,,,,,,,,,,,,,,,,,,,,,,,,,,,,,,,,,,,,,,,,,,,,,,,,,,,,,,,,,,,,,,,,,,,
1769162120.055993,1769162120.056644,56.0,0.0,4278.205078,4297.179688,4374.358887,4342.94873,4289.871582,4286.153809,4295.897461,4306.666504,4280.769043,4247.820313,4594.102539,4570.641113,4430.256348,4520.384766,,,,,,,,,,,,,,,,,,,,,,,,,,,,,,,,,,,,,,,,,,,,,,,,,,,,,,,,,,,,,,,,,,,,,,
1769162120.063801,1769162120.064453,57.0,0.0,4270.384766,4294.871582,4372.692383,4342.692383,4289.743652,4286.666504,4292.563965,4310.0,4282.179688,4248.077148,4602.05127,4571.025879,4433.077148,4520.641113,,,,,,,,,,,,,,,,,,,,,,,,,,,,,,,,,,,,,,,,,,,,,,,,,,,,,,,,,,,,,,,,,,,,,,
1769162120.07161,1769162120.072161,58.0,0.0,4263.974121,4292.563965,4370.128418,4338.846191,4287.179688,4282.307617,4293.333496,4307.436035,4281.025879,4247.94873,4600.897461,4572.563965,4426.025879,4520.384766,,,,,,,,,,,,,,,,,,,,,,,,,,,,,,,,,,,,,,,,,,,,,,,,,,,,,,,,,,,,,,,,,,,,,,
1769162120.079418,1769162120.07997,59.0,0.0,4263.846191,4291.922852,4370.0,4337.307617,4280.256348,4281.922852,4293.589844,4300.0,4279.358887,4249.102539,4591.025879,4565.256348,4415.769043,4511.666504,,,,,,,,,,,,,,,,,,,,,,,,,,,,,,,,,,,,,,,,,,,,,,,,,,,,,,,,,,,,,,,,,,,,,,
1769162120.087227,1769162120.087579,60.0,0.0,4263.974121,4290.769043,4369.230957,4339.615234,4279.743652,4283.205078,4292.820313,4295.128418,4273.077148,4238.846191,4583.717773,4555.384766,4411.538574,4504.487305,,,,,,,,,,,,,,,,,,,,,,,,,,,,,,,,,,,,,,,,,,,,,,,,,,,,,,,,,,,,,,,,,,,,,,
1769162120.095035,1769162120.095387,61.0,0.0,4264.615234,4292.179688,4370.0,4341.410156,4285.128418,4278.205078,4292.820313,4300.384766,4273.717773,4238.077148,4586.025879,4561.410156,4413.077148,4515.384766,,,,,,,,,,,,,,,,,,,,,,,,,,,,,,,,,,,,,,,,,,,,,,,,,,,,,,,,,,,,,,,,,,,,,,
1769162120.102843,1769162120.103295,62.0,0.0,4264.743652,4287.820313,4372.179688,4337.692383,4284.102539,4277.179688,4293.333496,4305.641113,4279.230957,4247.307617,4588.589844,4565.897461,4414.358887,4523.717773,0.518879,0.171154,0.238465,0.480357,0.116346,0.463068,0.258611,0.189101,0.163115,0.126509,0.681229,0.112305,0.11729,0.203836,0.089445,0.494025,0.201785,0.062419,0.16637,0.112873,0.614988,0.339,0.101892,0.048953,0.033354,0.457975,0.265398,0.106088,0.142724,0.127522,0.211086,0.256709,0.164123,0.188351,0.272889,0.135291,0.248536,0.160326,0.105982,0.105963,0.34989,0.43188,0.073391,0.100044,0.095536,0.445779,0.634949,0.148429,0.135686,0.144573,0.830093,0.428198,0.140453,0.121461,0.143318,0.842705,0.66087,0.307046,0.251461,0.094999,0.899226,0.285996,0.117027,0.16531,0.139565,1.289576,0.752498,0.298625,0.274051,0.181403
1769162120.110652,1769162120.111104,63.0,0.0,4261.153809,4278.717773,4368.717773,4333.205078,4277.436035,4279.230957,4294.358887,4301.922852,4273.589844,4239.743652,4585.897461,4556.025879,4412.820313,4514.487305,,,,,,,,,,,,,,,,,,,,,,,,,,,,,,,,,,,,,,,,,,,,,,,,,,,,,,,,,,,,,,,,,,,,,,
1769162120.11846,1769162120.119112,64.0,0.0,4258.717773,4276.282227,4365.641113,4333.974121,4276.666504,4280.0,4295.769043,4294.743652,4261.538574,4229.487305,4581.538574,4550.641113,4408.846191,4504.743652,,,,,,,,,,,,,,,,,,,,,,,,,,,,,,,,,,,,,,,,,,,,,,,,,,,,,,,,,,,,,,,,,,,,,,
1769162120.126269,1769162120.126921,65.0,0.0,4262.436035,4283.589844,4371.410156,4338.589844,4280.128418,4280.769043,4294.358887,4297.05127,4263.717773,4240.0,4586.410156,4555.769043,4412.563965,4510.512695,,,,,,,,,,,,,,,,,,,,,,,,,,,,,,,,,,,,,,,,,,,,,,,,,,,,,,,,,,,,,,,,,,,,,,
1769162120.134077,1769162120.134829,66.0,0.0,4263.974121,4292.179688,4373.717773,4340.897461,4281.025879,4278.461426,4290.0,4308.589844,4278.846191,4251.794922,4596.666504,4558.077148,4425.512695,4516.922852,,,,,,,,,,,,,,,,,,,,,,,,,,,,,,,,,,,,,,,,,,,,,,,,,,,,,,,,,,,,,,,,,,,,,,
1769162120.141886,1769162120.142637,67.0,0.0,4260.897461,4295.128418,4367.820313,4341.025879,4281.153809,4277.692383,4292.307617,4312.820313,4281.153809,4249.615234,4594.487305,4554.615234,4427.05127,4512.436035,,,,,,,,,,,,,,,,,,,,,,,,,,,,,,,,,,,,,,,,,,,,,,,,,,,,,,,,,,,,,,,,,,,,,,
1769162120.149694,1769162120.150646,68.0,0.0,4261.282227,4294.358887,4368.333496,4341.153809,4281.538574,4280.256348,4293.333496,4304.102539,4269.102539,4246.153809,4584.102539,4548.333496,4414.743652,4507.307617,,,,,,,,,,,,,,,,,,,,,,,,,,,,,,,,,,,,,,,,,,,,,,,,,,,,,,,,,,,,,,,,,,,,,,
1769162120.157503,1769162120.158454,69.0,0.0,4266.538574,4296.922852,4374.358887,4341.922852,4281.153809,4281.025879,4287.05127,4301.282227,4269.358887,4246.922852,4585.0,4545.128418,4410.897461,4507.179688,,,,,,,,,,,,,,,,,,,,,,,,,,,,,,,,,,,,,,,,,,,,,,,,,,,,,,,,,,,,,,,,,,,,,,
1769162120.165311,1769162120.166163,70.0,0.0,4267.05127,4299.358887,4367.692383,4340.769043,4280.256348,4279.743652,4283.077148,4307.563965,4281.538574,4247.436035,4588.846191,4544.615234,4415.384766,4510.256348,,,,,,,,,,,,,,,,,,,,,,,,,,,,,,,,,,,,,,,,,,,,,,,,,,,,,,,,,,,,,,,,,,,,,,
1769162120.173119,1769162120.173971,71.0,0.0,4261.282227,4295.128418,4359.230957,4336.794922,4279.230957,4279.615234,4288.333496,4301.538574,4279.743652,4245.512695,4586.153809,4539.743652,4412.94873,4508.717773,,,,,,,,,,,,,,,,,,,,,,,,,,,,,,,,,,,,,,,,,,,,,,,,,,,,,,,,,,,,,,,,,,,,,,
1769162120.180928,1769162120.18158,72.0,0.0,4260.0,4292.179688,4363.589844,4336.282227,4278.974121,4281.153809,4292.820313,4293.589844,4272.94873,4244.871582,4585.512695,4538.077148,4411.282227,4507.436035,,,,,,,,,,,,,,,,,,,,,,,,,,,,,,,,,,,,,,,,,,,,,,,,,,,,,,,,,,,,,,,,,,,,,,
1769162120.188736,1769162120.189388,73.0,0.0,4262.436035,4295.512695,4366.282227,4339.615234,4281.538574,4281.922852,4287.179688,4303.461426,4279.743652,4247.307617,4586.794922,4540.897461,4415.384766,4514.615234,,,,,,,,,,,,,,,,,,,,,,,,,,,,,,,,,,,,,,,,,,,,,,,,,,,,,,,,,,,,,,,,,,,,,,
1769162120.196545,1769162120.197097,74.0,0.0,4261.153809,4296.153809,4361.282227,4338.333496,4284.615234,4278.974121,4283.461426,4311.922852,4284.358887,4251.282227,4590.512695,4543.077148,4419.102539,4524.743652,,,,,,,,,,,,,,,,,,,,,,,,,,,,,,,,,,,,,,,,,,,,,,,,,,,,,,,,,,,,,,,,,,,,,,
1769162120.204353,1769162120.204905,75.0,0.0,4261.153809,4294.358887,4363.077148,4335.128418,4284.358887,4281.410156,4287.820313,4302.692383,4278.974121,4255.0,4595.769043,4542.05127,4423.461426,4526.153809,,,,,,,,,,,,,,,,,,,,,,,,,,,,,,,,,,,,,,,,,,,,,,,,,,,,,,,,,,,,,,,,,,,,,,
1769162120.212162,1769162120.212514,76.0,0.0,4265.0,4300.897461,4371.922852,4336.025879,4282.436035,4289.358887,4294.743652,4296.538574,4276.025879,4259.358887,4596.282227,4542.436035,4426.922852,4524.615234,,,,,,,,,,,,,,,,,,,,,,,,,,,,,,,,,,,,,,,,,,,,,,,,,,,,,,,,,,,,,,,,,,,,,,
1769162120.21997,1769162120.220322,77.0,0.0,4265.128418,4306.282227,4374.358887,4336.538574,4282.692383,4288.077148,4293.717773,4301.538574,4277.307617,4261.922852,4596.410156,4544.358887,4426.538574,4530.512695,,,,,,,,,,,,,,,,,,,,,,,,,,,,,,,,,,,,,,,,,,,,,,,,,,,,,,,,,,,,,,,,,,,,,,
1769162120.227779,1769162120.228031,78.0,0.0,4263.461426,4299.871582,4371.794922,4336.410156,4284.230957,4279.230957,4283.974121,4303.077148,4277.05127,4263.589844,4599.487305,4544.615234,4427.307617,4531.538574,0.516499,0.218457,0.202057,0.420724,0.116983,0.317096,0.256478,0.186578,0.138205,0.135418,0.646756,0.118949,0.116851,0.214698,0.079886,0.397166,0.192251,0.062222,0.162812,0.112397,0.598494,0.351524,0.088088,0.05456,0.033166,0.45362,0.22109,0.104897,0.147074,0.134099,0.155351,0.216408,0.174083,0.211642,0.26334,0.155304,0.244156,0.144549,0.109665,0.120985,0.32349,0.37625,0.081473,0.094491,0.112844,0.362312,0.447812,0.114304,0.140257,0.144931,0.658281,0.318642,0.130803,0.122423,0.139293,0.673692,0.584184,0.309641,0.266144,0.106206,0.811166,0.213577,0.115874,0.15702,0.123768,1.587547,0.602366,0.288267,0.2781,0.170976
1769162120.235587,1769162120.235839,79.0,0.0,4263.205078,4292.179688,4371.410156,4336.282227,4281.794922,4278.846191,4281.410156,4305.769043,4276.153809,4265.128418,4600.897461,4541.794922,4430.128418,4524.871582,,,,,,,,,,,,,,,,,,,,,,,,,,,,,,,,,,,,,,,,,,,,,,,,,,,,,,,,,,,,,,,,,,,,,,
1769162120.243395,1769162120.243847,80.0,0.0,4262.820313,4291.153809,4372.563965,4332.563965,4280.769043,4285.384766,4287.179688,4308.461426,4277.692383,4259.743652,4596.410156,4538.461426,4423.461426,4521.153809,,,,,,,,,,,,,,,,,,,,,,,,,,,,,,,,,,,,,,,,,,,,,,,,,,,,,,,,,,,,,,,,,,,,,,
1769162120.251204,1769162120.251656,81.0,0.0,4261.666504,4293.974121,4373.589844,4331.922852,4286.153809,4286.922852,4290.897461,4301.794922,4276.538574,4250.512695,4589.358887,4536.282227,4412.436035,4519.487305,,,,,,,,,,,,,,,,,,,,,,,,,,,,,,,,,,,,,,,,,,,,,,,,,,,,,,,,,,,,,,,,,,,,,,
1769162120.259012,1769162120.259564,82.0,0.0,4262.05127,4292.179688,4372.563965,4335.512695,4288.205078,4287.05127,4290.641113,4298.333496,4276.153809,4250.0,4585.0,4535.512695,4409.743652,4516.794922,,,,,,,,,,,,,,,,,,,,,,,,,,,,,,,,,,,,,,,,,,,,,,,,,,,,,,,,,,,,,,,,,,,,,,
1769162120.266821,1769162120.267373,83.0,0.0,4262.692383,4287.307617,4372.307617,4333.846191,4282.563965,4287.05127,4290.641113,4306.794922,4283.589844,4258.717773,4588.846191,4535.512695,4412.179688,4517.563965,,,,,,,,,,,,,,,,,,,,,,,,,,,,,,,,,,,,,,,,,,,,,,,,,,,,,,,,,,,,,,,,,,,,,,
1769162120.274629,1769162120.274981,84.0,0.0,4260.769043,4286.153809,4372.563965,4332.307617,4278.077148,4283.205078,4291.794922,4311.153809,4286.794922,4264.615234,4595.512695,4534.487305,4418.461426,4521.922852,,,,,,,,,,,,,,,,,,,,,,,,,,,,,,,,,,,,,,,,,,,,,,,,,,,,,,,,,,,,,,,,,,,,,,
1769162120.282438,1769162120.28279,85.0,0.0,4258.589844,4288.717773,4372.820313,4332.94873,4278.205078,4281.794922,4294.102539,4308.077148,4280.512695,4265.641113,4598.846191,4536.282227,4425.641113,4523.333496,,,,,,,,,,,,,,,,,,,,,,,,,,,,,,,,,,,,,,,,,,,,,,,,,,,,,,,,,,,,,,,,,,,,,,
1769162120.290246,1769162120.290498,86.0,0.0,4258.461426,4288.461426,4373.461426,4330.128418,4278.205078,4280.897461,4290.0,4304.358887,4279.230957,4265.769043,4597.692383,4536.153809,4426.794922,4523.333496,,,,,,,,,,,,,,,,,,,,,,,,,,,,,,,,,,,,,,,,,,,,,,,,,,,,,,,,,,,,,,,,,,,,,,
1769162120.298055,1769162120.298307,87.0,0.0,4260.0,4289.487305,4373.846191,4329.102539,4279.102539,4279.358887,4282.94873,4298.205078,4280.0,4263.461426,4592.179688,4528.846191,4424.615234,4523.333496,,,,,,,,,,,,,,,,,,,,,,,,,,,,,,,,,,,,,,,,,,,,,,,,,,,,,,,,,,,,,,,,,,,,,,
1769162120.305863,1769162120.306315,88.0,0.0,4258.717773,4291.025879,4373.974121,4332.94873,4279.743652,4283.717773,4288.974121,4297.307617,4269.487305,4262.05127,4586.666504,4523.333496,4420.641113,4523.717773,,,,,,,,,,,,,,,,,,,,,,,,,,,,,,,,,,,,,,,,,,,,,,,,,,,,,,,,,,,,,,,,,,,,,,
1769162120.313671,1769162120.314123,89.0,0.0,4252.820313,4286.922852,4373.846191,4337.820313,4278.717773,4288.333496,4297.05127,4301.922852,4264.102539,4260.769043,4586.282227,4522.94873,4413.205078,4523.333496,,,,,,,,,,,,,,,,,,,,,,,,,,,,,,,,,,,,,,,,,,,,,,,,,,,,,,,,,,,,,,,,,,,,,,
1769162120.32148,1769162120.322032,90.0,0.0,4251.410156,4286.922852,4373.717773,4340.128418,4279.358887,4283.717773,4293.717773,4304.230957,4274.615234,4263.077148,4593.846191,4527.94873,4417.563965,4523.589844,,,,,,,,,,,,,,,,,,,,,,,,,,,,,,,,,,,,,,,,,,,,,,,,,,,,,,,,,,,,,,,,,,,,,,
1769162120.329288,1769162120.32984,91.0,0.0,4252.563965,4292.307617,4372.94873,4338.077148,4280.0,4279.743652,4291.794922,4308.717773,4282.436035,4268.461426,4602.820313,4537.436035,4433.461426,4525.256348,,,,,,,,,,,,,,,,,,,,,,,,,,,,,,,,,,,,,,,,,,,,,,,,,,,,,,,,,,,,,,,,,,,,,,
1769162120.337097,1769162120.337848,92.0,0.0,4249.487305,4291.025879,4372.563965,4335.384766,4280.0,4281.153809,4292.436035,4311.922852,4280.256348,4272.436035,4605.512695,4540.256348,4435.769043,4525.641113,,,,,,,,,,,,,,,,,,,,,,,,,,,,,,,,,,,,,,,,,,,,,,,,,,,,,,,,,,,,,,,,,,,,,,
1769162120.344905,1769162120.345657,93.0,0.0,4253.077148,4289.615234,4373.717773,4340.897461,4280.128418,4280.384766,4290.256348,4305.897461,4278.717773,4277.179688,4602.692383,4533.077148,4430.0,4525.256348,,,,,,,,,,,,,,,,,,,,,,,,,,,,,,,,,,,,,,,,,,,,,,,,,,,,,,,,,,,,,,,,,,,,,,
1769162120.352714,1769162120.353365,94.0,0.0,4261.153809,4293.589844,4374.615234,4342.563965,4279.230957,4279.871582,4294.871582,4302.692383,4280.897461,4271.282227,4597.05127,4523.974121,4429.102539,4523.461426,0.495973,0.308752,0.163714,0.3705,0.124538,0.22542,0.250754,0.174195,0.122274,0.140495,0.567789,0.133482,0.109277,0.232933,0.073267,0.300237,0.178816,0.063679,0.159211,0.113345,0.546803,0.327825,0.075967,0.0636,0.034338,0.450783,0.203922,0.106965,0.151118,0.134104,0.121305,0.175056,0.180837,0.224684,0.235135,0.198028,0.246041,0.140686,0.120573,0.137154,0.362953,0.324755,0.097716,0.09432,0.136696,0.344352,0.334037,0.101858,0.157046,0.146529,0.550525,0.284351,0.132656,0.124383,0.137016,0.55245,0.517914,0.295961,0.273734,0.123923,0.766535,0.214563,0.129202,0.147815,0.117957,1.849918,0.493131,0.256675,0.272809,0.168498
1769162120.360522,1769162120.361174,95.0,0.0,4255.256348,4291.922852,4372.307617,4331.666504,4277.563965,4281.153809,4295.512695,4307.436035,4280.641113,4261.282227,4596.282227,4520.384766,4427.94873,4521.153809,,,,,,,,,,,,,,,,,,,,,,,,,,,,,,,,,,,,,,,,,,,,,,,,,,,,,,,,,,,,,,,,,,,,,,
1769162120.368331,1769162120.368783,96.0,0.0,4245.0,4283.589844,4370.897461,4325.897461,4278.077148,4278.589844,4284.487305,4307.820313,4277.820313,4270.0,4597.307617,4522.563965,4428.589844,4523.333496,,,,,,,,,,,,,,,,,,,,,,,,,,,,,,,,,,,,,,,,,,,,,,,,,,,,,,,,,,,,,,,,,,,,,,
1769162120.376139,1769162120.376591,97.0,0.0,4247.94873,4280.512695,4373.077148,4327.563965,4280.128418,4277.179688,4281.666504,4303.846191,4276.025879,4280.641113,4592.692383,4519.615234,4431.794922,4526.794922,,,,,,,,,,,,,,,,,,,,,,,,,,,,,,,,,,,,,,,,,,,,,,,,,,,,,,,,,,,,,,,,,,,,,,
1769162120.383947,1769162120.3843,98.0,0.0,4251.666504,4280.769043,4371.282227,4326.410156,4277.94873,4278.461426,4287.94873,4305.256348,4275.384766,4273.461426,4584.615234,4509.102539,4426.025879,4522.692383,,,,,,,,,,,,,,,,,,,,,,,,,,,,,,,,,,,,,,,,,,,,,,,,,,,,,,,,,,,,,,,,,,,,,,
1769162120.391756,1769162120.392108,99.0,0.0,4248.077148,4280.897461,4366.794922,4328.717773,4275.897461,4278.589844,4288.717773,4305.512695,4272.692383,4269.358887,4587.179688,4505.769043,4422.692383,4517.179688,,,,,,,,,,,,,,,,,,,,,,,,,,,,,,,,,,,,,,,,,,,,,,,,,,,,,,,,,,,,,,,,,,,,,,
1769162120.399564,1769162120.399717,100.0,0.0,4246.025879,4282.179688,4367.94873,4335.128418,4276.025879,4280.128418,4287.307617,4298.333496,4266.794922,4277.563965,4595.256348,4510.0,4431.282227,4521.025879,,,,,,,,,,,,,,,,,,,,,,,,,,,,,,,,,,,,,,,,,,,,,,,,,,,,,,,,,,,,,,,,,,,,,,
1769162120.407373,1769162120.407525,101.0,0.0,4245.897461,4281.410156,4368.717773,4335.769043,4275.897461,4283.461426,4286.794922,4296.025879,4265.128418,4279.487305,4594.871582,4510.769043,4428.974121,4527.05127,,,,,,,,,,,,,,,,,,,,,,,,,,,,,,,,,,,,,,,,,,,,,,,,,,,,,,,,,,,,,,,,,,,,,,
1769162120.415181,1769162120.415234,102.0,0.0,4244.102539,4278.717773,4364.871582,4333.205078,4277.179688,4281.538574,4282.692383,4297.692383,4267.179688,4275.256348,4588.974121,4505.384766,4413.974121,4520.641113,,,,,,,,,,,,,,,,,,,,,,,,,,,,,,,,,,,,,,,,,,,,,,,,,,,,,,,,,,,,,,,,,,,,,,
1769162120.42299,1769162120.423042,103.0,0.0,4246.153809,4280.128418,4364.358887,4334.102539,4277.94873,4278.333496,4282.179688,4294.743652,4265.512695,4269.871582,4582.692383,4497.563965,4409.615234,4510.512695,,,,,,,,,,,,,,,,,,,,,,,,,,,,,,,,,,,,,,,,,,,,,,,,,,,,,,,,,,,,,,,,,,,,,,
1769162120.430798,1769162120.43105,104.0,0.0,4245.769043,4282.563965,4366.025879,4333.333496,4274.615234,4279.487305,4286.025879,4295.0,4262.692383,4263.846191,4580.256348,4491.666504,4413.589844,4509.871582,,,,,,,,,,,,,,,,,,,,,,,,,,,,,,,,,,,,,,,,,,,,,,,,,,,,,,,,,,,,,,,,,,,,,,
1769162120.438607,1769162120.438859,105.0,0.0,4239.358887,4279.358887,4363.846191,4332.692383,4271.666504,4272.436035,4280.897461,4295.0,4262.436035,4263.589844,4580.641113,4492.05127,4412.436035,4510.512695,,,,,,,,,,,,,,,,,,,,,,,,,,,,,,,,,,,,,,,,,,,,,,,,,,,,,,,,,,,,,,,,,,,,,,
1769162120.446415,1769162120.446767,106.0,0.0,4237.563965,4279.743652,4362.307617,4333.717773,4275.256348,4262.05127,4276.025879,4287.692383,4261.410156,4266.025879,4579.358887,4492.563965,4410.512695,4510.256348,,,,,,,,,,,,,,,,,,,,,,,,,,,,,,,,,,,,,,,,,,,,,,,,,,,,,,,,,,,,,,,,,,,,,,
1769162120.454224,1769162120.454576,107.0,0.0,4242.563965,4285.512695,4363.846191,4334.358887,4280.256348,4269.230957,4279.230957,4286.794922,4262.436035,4266.153809,4579.871582,4490.641113,4412.692383,4513.717773,,,,,,,,,,,,,,,,,,,,,,,,,,,,,,,,,,,,,,,,,,,,,,,,,,,,,,,,,,,,,,,,,,,,,,
1769162120.462032,1769162120.462584,108.0,0.0,4245.769043,4285.384766,4365.641113,4336.410156,4281.794922,4280.384766,4280.512695,4291.666504,4265.641113,4264.871582,4582.05127,4490.384766,4413.333496,4513.461426,,,,,,,,,,,,,,,,,,,,,,,,,,,,,,,,,,,,,,,,,,,,,,,,,,,,,,,,,,,,,,,,,,,,,,
1769162120.46984,1769162120.470392,109.0,0.0,4246.410156,4281.922852,4368.333496,4337.436035,4281.025879,4278.205078,4277.94873,4289.358887,4267.179688,4267.179688,4579.743652,4490.641113,4412.179688,4508.077148,,,,,,,,,,,,,,,,,,,,,,,,,,,,,,,,,,,,,,,,,,,,,,,,,,,,,,,,,,,,,,,,,,,,,,
1769162120.477649,1769162120.478101,110.0,0.0,4242.436035,4281.922852,4368.589844,4333.589844,4280.512695,4276.025879,4278.717773,4289.230957,4273.461426,4273.333496,4577.94873,4491.538574,4411.025879,4506.794922,0.47158,0.418512,0.134947,0.328989,0.136105,0.203272,0.236407,0.159285,0.115413,0.140378,0.46529,0.152975,0.09672,0.247594,0.068631,0.223416,0.165568,0.067884,0.153597,0.114877,0.480163,0.276833,0.069606,0.073068,0.036273,0.464304,0.198586,0.109022,0.154172,0.127796,0.112186,0.137912,0.180327,0.225802,0.194602,0.251647,0.254557,0.142468,0.138972,0.150069,0.451588,0.286789,0.121935,0.098147,0.16077,0.37523,0.27615,0.108531,0.177499,0.148774,0.483747,0.28675,0.141146,0.127022,0.137758,0.498455,0.449793,0.265025,0.273034,0.144048,0.744763,0.271763,0.156282,0.144018,0.124551,1.966353,0.436788,0.214094,0.26047,0.174758
1769162120.485457,1769162120.485909,111.0,0.0,4234.358887,4282.436035,4365.0,4330.769043,4283.205078,4279.102539,4280.641113,4294.230957,4278.461426,4275.256348,4582.692383,4489.102539,4412.307617,4508.205078,,,,,,,,,,,,,,,,,,,,,,,,,,,,,,,,,,,,,,,,,,,,,,,,,,,,,,,,,,,,,,,,,,,,,,
1769162120.493266,1769162120.493918,112.0,0.0,4230.897461,4281.666504,4360.384766,4328.846191,4282.692383,4278.589844,4279.487305,4296.025879,4272.563965,4271.282227,4578.846191,4482.563965,4414.358887,4507.307617,,,,,,,,,,,,,,,,,,,,,,,,,,,,,,,,,,,,,,,,,,,,,,,,,,,,,,,,,,,,,,,,,,,,,,
1769162120.501074,1769162120.501726,113.0,0.0,4232.563965,4280.128418,4356.922852,4326.666504,4279.487305,4277.05127,4277.94873,4290.128418,4263.589844,4265.641113,4568.974121,4478.461426,4412.436035,4505.384766,,,,,,,,,,,,,,,,,,,,,,,,,,,,,,,,,,,,,,,,,,,,,,,,,,,,,,,,,,,,,,,,,,,,,,
1769162120.508883,1769162120.509634,114.0,0.0,4232.820313,4283.333496,4357.436035,4329.230957,4281.153809,4277.692383,4278.717773,4282.692383,4262.820313,4261.153809,4569.230957,4478.717773,4410.512695,4502.563965,,,,,,,,,,,,,,,,,,,,,,,,,,,,,,,,,,,,,,,,,,,,,,,,,,,,,,,,,,,,,,,,,,,,,,
1769162120.516691,1769162120.517443,115.0,0.0,4235.128418,4285.256348,4361.538574,4334.487305,4283.589844,4277.94873,4280.897461,4287.820313,4270.769043,4268.589844,4571.153809,4482.692383,4410.641113,4503.077148,,,,,,,,,,,,,,,,,,,,,,,,,,,,,,,,,,,,,,,,,,,,,,,,,,,,,,,,,,,,,,,,,,,,,,
1769162120.5245,1769162120.525451,116.0,0.0,4239.871582,4282.05127,4364.743652,4334.358887,4281.666504,4277.563965,4281.666504,4298.333496,4277.563965,4276.153809,4572.692383,4489.102539,4412.94873,4511.153809,,,,,,,,,,,,,,,,,,,,,,,,,,,,,,,,,,,,,,,,,,,,,,,,,,,,,,,,,,,,,,,,,,,,,,
1769162120.532308,1769162120.533259,117.0,0.0,4242.563965,4283.717773,4369.743652,4334.743652,4281.794922,4278.077148,4279.102539,4297.05127,4277.307617,4270.384766,4583.205078,4496.666504,4417.563965,4523.461426,,,,,,,,,,,,,,,,,,,,,,,,,,,,,,,,,,,,,,,,,,,,,,,,,,,,,,,,,,,,,,,,,,,,,,
1769162120.540117,1769162120.540968,118.0,0.0,4238.461426,4286.922852,4373.077148,4334.871582,4281.794922,4281.025879,4282.692383,4292.820313,4276.794922,4270.128418,4588.589844,4497.05127,4416.922852,4522.436035,,,,,,,,,,,,,,,,,,,,,,,,,,,,,,,,,,,,,,,,,,,,,,,,,,,,,,,,,,,,,,,,,,,,,,
1769162120.547925,1769162120.548776,119.0,0.0,4231.538574,4279.230957,4364.871582,4327.94873,4276.922852,4283.461426,4288.333496,4296.666504,4279.487305,4280.769043,4584.230957,4493.205078,4412.307617,4511.410156,,,,,,,,,,,,,,,,,,,,,,,,,,,,,,,,,,,,,,,,,,,,,,,,,,,,,,,,,,,,,,,,,,,,,,
1769162120.555734,1769162120.556785,120.0,0.0,4231.922852,4274.487305,4358.974121,4323.077148,4274.871582,4280.769043,4283.333496,4296.922852,4279.230957,4285.0,4583.461426,4493.461426,4414.102539,4511.666504,,,,,,,,,,,,,,,,,,,,,,,,,,,,,,,,,,,,,,,,,,,,,,,,,,,,,,,,,,,,,,,,,,,,,,
1769162120.563542,1769162120.564593,121.0,0.0,4236.025879,4280.897461,4365.769043,4327.820313,4278.077148,4275.897461,4276.282227,4293.461426,4278.717773,4281.922852,4585.256348,4487.307617,4417.05127,4514.230957,,,,,,,,,,,,,,,,,,,,,,,,,,,,,,,,,,,,,,,,,,,,,,,,,,,,,,,,,,,,,,,,,,,,,,
1769162120.57135,1769162120.572302,122.0,0.0,4234.743652,4281.794922,4367.820313,4328.461426,4280.256348,4274.871582,4278.333496,4293.461426,4278.846191,4278.333496,4578.333496,4476.794922,4411.922852,4507.179688,,,,,,,,,,,,,,,,,,,,,,,,,,,,,,,,,,,,,,,,,,,,,,,,,,,,,,,,,,,,,,,,,,,,,,
1769162120.579159,1769162120.58011,123.0,0.0,4233.461426,4278.717773,4364.487305,4324.871582,4281.666504,4276.538574,4280.256348,4292.179688,4276.153809,4275.897461,4572.820313,4481.794922,4409.358887,4505.769043,,,,,,,,,,,,,,,,,,,,,,,,,,,,,,,,,,,,,,,,,,,,,,,,,,,,,,,,,,,,,,,,,,,,,,
1769162120.586967,1769162120.587719,124.0,0.0,4234.615234,4279.871582,4365.512695,4326.794922,4281.922852,4277.436035,4278.461426,4294.358887,4280.641113,4278.974121,4576.794922,4492.307617,4412.436035,4511.282227,,,,,,,,,,,,,,,,,,,,,,,,,,,,,,,,,,,,,,,,,,,,,,,,,,,,,,,,,,,,,,,,,,,,,,
1769162120.594776,1769162120.595527,125.0,0.0,4230.641113,4278.077148,4361.922852,4326.538574,4280.256348,4277.179688,4278.461426,4292.692383,4278.974121,4281.282227,4576.922852,4482.94873,4411.666504,4507.692383,,,,,,,,,,,,,,,,,,,,,,,,,,,,,,,,,,,,,,,,,,,,,,,,,,,,,,,,,,,,,,,,,,,,,,
1769162120.602584,1769162120.603236,126.0,0.0,4226.025879,4275.769043,4355.0,4322.05127,4278.846191,4275.128418,4278.846191,4284.743652,4267.692383,4276.538574,4568.461426,4470.256348,4409.743652,4501.538574,0.422072,0.513515,0.120749,0.292988,0.147579,0.245239,0.213667,0.153024,0.115167,0.135257,0.360808,0.172188,0.083277,0.248279,0.065486,0.172069,0.156184,0.074823,0.144828,0.114876,0.417454,0.212887,0.069811,0.080434,0.03842,0.499391,0.195015,0.110416,0.156008,0.11745,0.125612,0.106741,0.172063,0.216946,0.152502,0.305122,0.265748,0.147222,0.164343,0.157539,0.563585,0.267402,0.152707,0.103741,0.181335,0.429735,0.249129,0.135516,0.19354,0.152644,0.439248,0.291259,0.158221,0.132257,0.140888,0.500151,0.377805,0.225459,0.263823,0.161433,0.722617,0.358005,0.198626,0.150631,0.14072,1.878532,0.431321,0.175025,0.245184,0.186404
1769162120.610393,1769162120.611044,127.0,0.0,4231.025879,4278.333496,4359.102539,4325.128418,4278.717773,4274.871582,4281.025879,4287.94873,4271.282227,4277.820313,4569.102539,4480.769043,4410.256348,4508.205078,,,,,,,,,,,,,,,,,,,,,,,,,,,,,,,,,,,,,,,,,,,,,,,,,,,,,,,,,,,,,,,,,,,,,,
1769162120.618201,1769162120.618653,0.0,0.0,4237.692383,4282.307617,4366.410156,4330.897461,4279.871582,4274.871582,4281.153809,4295.641113,4282.692383,4282.692383,4580.641113,4495.384766,4412.692383,4519.615234,,,,,,,,,,,,,,,,,,,,,,,,,,,,,,,,,,,,,,,,,,,,,,,,,,,,,,,,,,,,,,,,,,,,,,
1769162120.62601,1769162120.626461,1.0,0.0,4234.358887,4278.974121,4362.179688,4326.666504,4278.846191,4272.563965,4277.436035,4292.94873,4276.538574,4281.538574,4578.717773,4486.922852,4413.333496,4514.487305,,,,,,,,,,,,,,,,,,,,,,,,,,,,,,,,,,,,,,,,,,,,,,,,,,,,,,,,,,,,,,,,,,,,,,
1769162120.633818,1769162120.63437,2.0,0.0,4227.307617,4273.077148,4354.743652,4320.769043,4275.769043,4275.769043,4279.230957,4290.0,4267.94873,4276.922852,4569.871582,4471.794922,4408.846191,4498.589844,,,,,,,,,,,,,,,,,,,,,,,,,,,,,,,,,,,,,,,,,,,,,,,,,,,,,,,,,,,,,,,,,,,,,,
1769162120.641626,1769162120.642178,3.0,0.0,4232.563965,4276.025879,4360.0,4325.512695,4277.436035,4282.436035,4281.153809,4294.743652,4274.615234,4278.077148,4577.563965,4479.743652,4414.743652,4508.846191,,,,,,,,,,,,,,,,,,,,,,,,,,,,,,,,,,,,,,,,,,,,,,,,,,,,,,,,,,,,,,,,,,,,,,
1769162120.649435,1769162120.650186,4.0,0.0,4243.589844,4283.461426,4367.05127,4329.743652,4281.282227,4281.922852,4277.820313,4295.641113,4278.717773,4282.179688,4588.461426,4493.589844,4425.0,4527.307617,,,,,,,,,,,,,,,,,,,,,,,,,,,,,,,,,,,,,,,,,,,,,,,,,,,,,,,,,,,,,,,,,,,,,,
1769162120.657243,1769162120.657995,5.0,0.0,4241.153809,4282.307617,4361.666504,4326.666504,4278.974121,4277.563965,4279.487305,4294.615234,4276.025879,4280.128418,4586.153809,4490.641113,4418.333496,4517.692383,,,,,,,,,,,,,,,,,,,,,,,,,,,,,,,,,,,,,,,,,,,,,,,,,,,,,,,,,,,,,,,,,,,,,,
1769162120.665052,1769162120.665903,6.0,0.0,4233.589844,4278.077148,4355.641113,4325.0,4274.871582,4275.384766,4282.05127,4295.769043,4280.256348,4279.102539,4581.153809,4484.871582,4409.743652,4504.102539,,,,,,,,,,,,,,,,,,,,,,,,,,,,,,,,,,,,,,,,,,,,,,,,,,,,,,,,,,,,,,,,,,,,,,
1769162120.67286,1769162120.673712,7.0,0.0,4234.487305,4279.358887,4358.205078,4326.922852,4275.769043,4275.128418,4277.692383,4292.563965,4277.563965,4283.205078,4580.0,4482.05127,4413.974121,4506.153809,,,,,,,,,,,,,,,,,,,,,,,,,,,,,,,,,,,,,,,,,,,,,,,,,,,,,,,,,,,,,,,,,,,,,,
1769162120.680669,1769162120.68132,8.0,0.0,4234.487305,4278.077148,4356.794922,4326.153809,4276.153809,4278.589844,4274.743652,4290.769043,4265.897461,4277.692383,4580.512695,4477.436035,4416.538574,4511.410156,,,,,,,,,,,,,,,,,,,,,,,,,,,,,,,,,,,,,,,,,,,,,,,,,,,,,,,,,,,,,,,,,,,,,,
1769162120.688477,1769162120.689129,9.0,0.0,4227.692383,4273.846191,4348.333496,4323.974121,4275.0,4280.256348,4279.102539,4293.333496,4267.692383,4276.666504,4584.358887,4477.563965,4416.410156,4514.615234,,,,,,,,,,,,,,,,,,,,,,,,,,,,,,,,,,,,,,,,,,,,,,,,,,,,,,,,,,,,,,,,,,,,,,
1769162120.696286,1769162120.697037,10.0,0.0,4228.846191,4277.179688,4342.692383,4327.05127,4276.922852,4281.538574,4285.128418,4295.769043,4279.358887,4291.666504,4581.922852,4480.641113,4418.589844,4513.205078,,,,,,,,,,,,,,,,,,,,,,,,,,,,,,,,,,,,,,,,,,,,,,,,,,,,,,,,,,,,,,,,,,,,,,
1769162120.704094,1769162120.704845,11.0,0.0,4235.128418,4282.179688,4340.0,4330.256348,4278.461426,4288.333496,4285.256348,4294.743652,4277.436035,4291.794922,4571.922852,4475.384766,4410.512695,4502.05127,,,,,,,,,,,,,,,,,,,,,,,,,,,,,,,,,,,,,,,,,,,,,,,,,,,,,,,,,,,,,,,,,,,,,,
1769162120.711903,1769162120.712854,12.0,0.0,4233.205078,4279.102539,4337.307617,4327.05127,4277.05127,4287.692383,4280.256348,4295.128418,4273.461426,4275.384766,4566.666504,4470.897461,4400.512695,4499.230957,,,,,,,,,,,,,,,,,,,,,,,,,,,,,,,,,,,,,,,,,,,,,,,,,,,,,,,,,,,,,,,,,,,,,,
1769162120.719711,1769162120.720662,13.0,0.0,4230.256348,4277.436035,4336.410156,4324.102539,4278.077148,4280.0,4278.077148,4298.205078,4278.461426,4277.05127,4571.922852,4477.692383,4408.974121,4509.102539,,,,,,,,,,,,,,,,,,,,,,,,,,,,,,,,,,,,,,,,,,,,,,,,,,,,,,,,,,,,,,,,,,,,,,
1769162120.727519,1769162120.728371,14.0,0.0,4230.641113,4280.256348,4333.461426,4325.769043,4282.05127,4282.820313,4281.153809,4295.384766,4275.128418,4286.538574,4573.589844,4476.282227,4417.307617,4509.871582,0.390224,0.562797,0.118959,0.261858,0.155164,0.336564,0.190883,0.160463,0.117803,0.126533,0.275053,0.186968,0.07423,0.231034,0.063771,0.144469,0.155826,0.084288,0.133821,0.111259,0.366433,0.152225,0.073758,0.083476,0.04044,0.533773,0.188097,0.112416,0.156547,0.106244,0.151372,0.081942,0.158953,0.201123,0.119489,0.344142,0.275171,0.155305,0.193931,0.159507,0.656671,0.268955,0.187512,0.108897,0.195952,0.475915,0.238017,0.189963,0.2002,0.158937,0.402076,0.287214,0.195769,0.142566,0.144072,0.51141,0.313659,0.19949,0.247426,0.171558,0.701604,0.447912,0.258933,0.16898,0.159691,1.607597,0.461639,0.156038,0.229621,0.197071
1769162120.735328,1769162120.736179,15.0,0.0,4227.436035,4275.897461,4326.153809,4326.282227,4281.153809,4288.205078,4281.538574,4288.846191,4261.025879,4278.461426,4562.307617,4464.871582,4405.769043,4502.436035,,,,,,,,,,,,,,,,,,,,,,,,,,,,,,,,,,,,,,,,,,,,,,,,,,,,,,,,,,,,,,,,,,,,,,
1769162120.743136,1769162120.743788,16.0,0.0,4224.871582,4272.05127,4322.307617,4324.871582,4278.333496,4283.589844,4279.487305,4288.461426,4260.769043,4274.102539,4557.94873,4467.563965,4397.820313,4501.666504,,,,,,,,,,,,,,,,,,,,,,,,,,,,,,,,,,,,,,,,,,,,,,,,,,,,,,,,,,,,,,,,,,,,,,
1769162120.750945,1769162120.751596,17.0,0.0,4228.717773,4276.666504,4324.230957,4325.641113,4279.615234,4278.461426,4278.461426,4294.487305,4275.641113,4286.410156,4569.358887,4480.128418,4408.589844,4509.871582,,,,,,,,,,,,,,,,,,,,,,,,,,,,,,,,,,,,,,,,,,,,,,,,,,,,,,,,,,,,,,,,,,,,,,
1769162120.758753,1769162120.759305,18.0,0.0,4233.333496,4282.563965,4326.282227,4330.384766,4279.487305,4281.410156,4276.922852,4295.256348,4279.487305,4291.666504,4576.025879,4478.077148,4415.897461,4512.307617,,,,,,,,,,,,,,,,,,,,,,,,,,,,,,,,,,,,,,,,,,,,,,,,,,,,,,,,,,,,,,,,,,,,,,
1769162120.766562,1769162120.767113,19.0,0.0,4236.922852,4285.256348,4326.153809,4336.922852,4279.871582,4285.384766,4276.794922,4290.897461,4272.436035,4290.0,4569.743652,4472.820313,4414.102539,4507.692383,,,,,,,,,,,,,,,,,,,,,,,,,,,,,,,,,,,,,,,,,,,,,,,,,,,,,,,,,,,,,,,,,,,,,,
1769162120.77437,1769162120.774722,20.0,0.0,4243.974121,4285.641113,4326.794922,4340.641113,4284.743652,4285.0,4278.717773,4291.153809,4275.128418,4295.256348,4570.128418,4482.436035,4417.05127,4513.077148,,,,,,,,,,,,,,,,,,,,,,,,,,,,,,,,,,,,,,,,,,,,,,,,,,,,,,,,,,,,,,,,,,,,,,
1769162120.782179,1769162120.78253,21.0,0.0,4248.461426,4287.820313,4331.410156,4340.769043,4285.641113,4282.05127,4280.256348,4295.128418,4281.538574,4296.922852,4578.846191,4490.256348,4417.436035,4523.974121,,,,,,,,,,,,,,,,,,,,,,,,,,,,,,,,,,,,,,,,,,,,,,,,,,,,,,,,,,,,,,,,,,,,,,
1769162120.789987,1769162120.790239,22.0,0.0,4247.436035,4291.794922,4333.461426,4339.743652,4281.410156,4280.769043,4278.974121,4296.025879,4279.871582,4293.077148,4578.205078,4489.871582,4413.717773,4525.128418,,,,,,,,,,,,,,,,,,,,,,,,,,,,,,,,,,,,,,,,,,,,,,,,,,,,,,,,,,,,,,,,,,,,,,
1769162120.797795,1769162120.798047,23.0,0.0,4249.743652,4290.256348,4330.512695,4343.846191,4281.794922,4279.743652,4276.922852,4295.384766,4277.563965,4298.205078,4572.436035,4492.179688,4416.025879,4520.512695,,,,,,,,,,,,,,,,,,,,,,,,,,,,,,,,,,,,,,,,,,,,,,,,,,,,,,,,,,,,,,,,,,,,,,
1769162120.805604,1769162120.805656,24.0,0.0,4246.025879,4281.410156,4323.589844,4342.179688,4282.307617,4280.128418,4279.871582,4296.666504,4278.974121,4292.307617,4571.666504,4488.974121,4416.025879,4519.615234,,,,,,,,,,,,,,,,,,,,,,,,,,,,,,,,,,,,,,,,,,,,,,,,,,,,,,,,,,,,,,,,,,,,,,
1769162120.813412,1769162120.813464,25.0,0.0,4233.077148,4276.282227,4315.0,4331.025879,4277.692383,4281.794922,4280.256348,4296.922852,4277.307617,4274.743652,4572.692383,4478.846191,4410.897461,4521.922852,,,,,,,,,,,,,,,,,,,,,,,,,,,,,,,,,,,,,,,,,,,,,,,,,,,,,,,,,,,,,,,,,,,,,,
1769162120.821221,1769162120.821173,26.0,0.0,4233.846191,4277.692383,4309.743652,4328.974121,4275.769043,4280.897461,4276.666504,4294.487305,4273.333496,4281.922852,4568.846191,4473.974121,4410.256348,4518.717773,,,,,,,,,,,,,,,,,,,,,,,,,,,,,,,,,,,,,,,,,,,,,,,,,,,,,,,,,,,,,,,,,,,,,,
1769162120.829029,1769162120.828981,27.0,0.0,4248.589844,4278.205078,4312.820313,4333.846191,4276.153809,4279.743652,4278.333496,4293.589844,4272.94873,4298.846191,4565.384766,4480.128418,4411.922852,4511.538574,,,,,,,,,,,,,,,,,,,,,,,,,,,,,,,,,,,,,,,,,,,,,,,,,,,,,,,,,,,,,,,,,,,,,,
1769162120.836838,1769162120.83699,28.0,0.0,4245.128418,4276.410156,4310.897461,4330.0,4273.077148,4280.897461,4282.05127,4297.05127,4278.461426,4294.743652,4567.179688,4486.538574,4410.641113,4507.563965,,,,,,,,,,,,,,,,,,,,,,,,,,,,,,,,,,,,,,,,,,,,,,,,,,,,,,,,,,,,,,,,,,,,,,
1769162120.844646,1769162120.844798,29.0,0.0,4232.307617,4274.743652,4297.94873,4323.589844,4271.666504,4282.820313,4280.641113,4299.615234,4278.846191,4287.179688,4566.794922,4483.333496,4409.358887,4507.179688,,,,,,,,,,,,,,,,,,,,,,,,,,,,,,,,,,,,,,,,,,,,,,,,,,,,,,,,,,,,,,,,,,,,,,
1769162120.852455,1769162120.852706,30.0,0.0,4241.025879,4277.307617,4293.077148,4328.589844,4274.487305,4281.282227,4278.205078,4295.128418,4273.974121,4289.743652,4566.794922,4479.230957,4412.563965,4507.307617,0.354414,0.551684,0.121328,0.237429,0.156037,0.452761,0.174895,0.177717,0.120589,0.116288,0.209735,0.195618,0.073306,0.199948,0.06328,0.13722,0.166648,0.096061,0.12268,0.103127,0.33405,0.107676,0.077067,0.081287,0.04205,0.548974,0.176327,0.117073,0.155784,0.096558,0.182226,0.063526,0.144634,0.180344,0.101389,0.368497,0.276471,0.163218,0.222222,0.157077,0.714276,0.286785,0.221257,0.113284,0.203112,0.508476,0.230125,0.269836,0.195858,0.167386,0.368819,0.279409,0.259148,0.159042,0.144814,0.52543,0.267537,0.205364,0.228169,0.173443,0.683362,0.515458,0.328611,0.196055,0.174595,1.240877,0.500323,0.163968,0.214407,0.202058
1769162120.860263,1769162120.860515,31.0,0.0,4248.717773,4281.153809,4297.692383,4335.512695,4275.641113,4281.282227,4279.358887,4295.897461,4275.512695,4290.769043,4567.05127,4484.487305,4414.743652,4509.615234,,,,,,,,,,,,,,,,,,,,,,,,,,,,,,,,,,,,,,,,,,,,,,,,,,,,,,,,,,,,,,,,,,,,,,
1769162120.868071,1769162120.868523,32.0,0.0,4237.692383,4278.717773,4294.102539,4332.820313,4274.871582,4287.692383,4281.025879,4302.05127,4277.94873,4292.563965,4566.153809,4492.94873,4412.563965,4510.128418,,,,,,,,,,,,,,,,,,,,,,,,,,,,,,,,,,,,,,,,,,,,,,,,,,,,,,,,,,,,,,,,,,,,,,
1769162120.87588,1769162120.876332,33.0,0.0,4231.794922,4273.717773,4284.615234,4327.436035,4276.025879,4287.820313,4280.897461,4298.205078,4276.025879,4296.025879,4568.717773,4493.205078,4409.102539,4507.307617,,,,,,,,,,,,,,,,,,,,,,,,,,,,,,,,,,,,,,,,,,,,,,,,,,,,,,,,,,,,,,,,,,,,,,
1769162120.883688,1769162120.88404,34.0,0.0,4236.922852,4274.230957,4281.666504,4326.538574,4272.820313,4279.358887,4279.102539,4294.358887,4277.436035,4293.974121,4571.922852,4490.256348,4410.128418,4511.538574,,,,,,,,,,,,,,,,,,,,,,,,,,,,,,,,,,,,,,,,,,,,,,,,,,,,,,,,,,,,,,,,,,,,,,
1769162120.891497,1769162120.891849,35.0,0.0,4236.794922,4276.025879,4279.871582,4329.487305,4265.641113,4276.282227,4277.436035,4300.512695,4282.563965,4297.307617,4572.94873,4489.871582,4416.410156,4516.153809,,,,,,,,,,,,,,,,,,,,,,,,,,,,,,,,,,,,,,,,,,,,,,,,,,,,,,,,,,,,,,,,,,,,,,
1769162120.899305,1769162120.899857,36.0,0.0,4233.205078,4275.256348,4277.563965,4327.179688,4267.307617,4278.205078,4278.846191,4301.538574,4282.820313,4305.256348,4573.333496,4491.153809,4419.102539,4511.922852,,,,,,,,,,,,,,,,,,,,,,,,,,,,,,,,,,,,,,,,,,,,,,,,,,,,,,,,,,,,,,,,,,,,,,
1769162120.907114,1769162120.907665,37.0,0.0,4236.794922,4278.205078,4275.256348,4326.794922,4275.256348,4275.0,4279.358887,4294.102539,4278.333496,4301.538574,4572.820313,4493.205078,4412.94873,4507.820313,,,,,,,,,,,,,,,,,,,,,,,,,,,,,,,,,,,,,,,,,,,,,,,,,,,,,,,,,,,,,,,,,,,,,,
1769162120.914922,1769162120.915574,38.0,0.0,4244.230957,4283.077148,4271.794922,4330.769043,4276.794922,4272.820313,4277.436035,4292.692383,4276.025879,4293.589844,4571.410156,4493.205078,4409.102539,4510.384766,,,,,,,,,,,,,,,,,,,,,,,,,,,,,,,,,,,,,,,,,,,,,,,,,,,,,,,,,,,,,,,,,,,,,,
1769162120.922731,1769162120.923382,39.0,0.0,4245.384766,4281.410156,4271.538574,4329.615234,4274.871582,4276.538574,4277.05127,4296.794922,4278.717773,4301.282227,4572.436035,4495.384766,4414.743652,4513.333496,,,,,,,,,,,,,,,,,,,,,,,,,,,,,,,,,,,,,,,,,,,,,,,,,,,,,,,,,,,,,,,,,,,,,,
1769162120.930539,1769162120.931091,40.0,0.0,4236.410156,4277.436035,4269.102539,4327.307617,4275.897461,4280.128418,4279.358887,4296.025879,4280.256348,4305.897461,4571.794922,4489.615234,4409.615234,4508.461426,,,,,,,,,,,,,,,,,,,,,,,,,,,,,,,,,,,,,,,,,,,,,,,,,,,,,,,,,,,,,,,,,,,,,,
1769162120.938347,1769162120.938899,41.0,0.0,4233.846191,4277.563965,4263.461426,4327.436035,4276.794922,4281.410156,4282.307617,4292.05127,4276.538574,4296.794922,4565.897461,4478.717773,4395.769043,4502.820313,,,,,,,,,,,,,,,,,,,,,,,,,,,,,,,,,,,,,,,,,,,,,,,,,,,,,,,,,,,,,,,,,,,,,,
1769162120.946156,1769162120.946608,42.0,0.0,4241.282227,4280.128418,4259.743652,4327.692383,4277.436035,4278.846191,4279.615234,4292.05127,4276.538574,4297.820313,4566.538574,4481.025879,4402.563965,4505.0,,,,,,,,,,,,,,,,,,,,,,,,,,,,,,,,,,,,,,,,,,,,,,,,,,,,,,,,,,,,,,,,,,,,,,
1769162120.953964,1769162120.954416,43.0,0.0,4240.0,4280.128418,4255.769043,4327.692383,4276.922852,4281.025879,4280.0,4296.153809,4280.769043,4302.307617,4569.743652,4487.563965,4416.538574,4507.436035,,,,,,,,,,,,,,,,,,,,,,,,,,,,,,,,,,,,,,,,,,,,,,,,,,,,,,,,,,,,,,,,,,,,,,
1769162120.961773,1769162120.962424,44.0,0.0,4231.794922,4276.922852,4249.102539,4328.461426,4274.487305,4286.153809,4286.794922,4296.025879,4279.615234,4294.358887,4564.615234,4480.384766,4406.025879,4504.230957,,,,,,,,,,,,,,,,,,,,,,,,,,,,,,,,,,,,,,,,,,,,,,,,,,,,,,,,,,,,,,,,,,,,,,
1769162120.969581,1769162120.970233,45.0,0.0,4234.102539,4277.179688,4248.846191,4328.461426,4275.128418,4282.94873,4285.256348,4292.94873,4276.153809,4290.512695,4563.461426,4476.025879,4395.0,4502.820313,,,,,,,,,,,,,,,,,,,,,,,,,,,,,,,,,,,,,,,,,,,,,,,,,,,,,,,,,,,,,,,,,,,,,,
1769162120.97739,1769162120.977941,46.0,0.0,4242.820313,4280.897461,4252.436035,4329.871582,4277.94873,4277.692383,4280.384766,4293.461426,4278.077148,4297.179688,4569.743652,4486.410156,4405.384766,4505.897461,0.33278,0.490153,0.12808,0.220092,0.149641,0.558023,0.167301,0.19761,0.121762,0.106315,0.170934,0.201131,0.08296,0.163973,0.063981,0.143107,0.187873,0.110106,0.112871,0.091647,0.315984,0.082726,0.076889,0.074775,0.042928,0.52974,0.159276,0.125211,0.153329,0.089038,0.210094,0.050366,0.132467,0.155979,0.097181,0.381018,0.264144,0.166456,0.242105,0.151495,0.722675,0.312087,0.249183,0.119414,0.203186,0.533512,0.219571,0.364152,0.182771,0.177219,0.346524,0.284159,0.34541,0.178925,0.143115,0.509172,0.250459,0.253466,0.210972,0.171328,0.681816,0.539619,0.394323,0.225082,0.182296,0.887241,0.526057,0.199265,0.199116,0.202638
1769162120.985198,1769162120.98575,47.0,0.0,4244.743652,4281.538574,4249.871582,4333.974121,4279.487305,4278.333496,4283.974121,4292.692383,4278.205078,4298.205078,4569.871582,4493.333496,4409.743652,4507.94873,,,,,,,,,,,,,,,,,,,,,,,,,,,,,,,,,,,,,,,,,,,,,,,,,,,,,,,,,,,,,,,,,,,,,,
1769162120.993007,1769162120.993358,48.0,0.0,4244.358887,4279.615234,4247.692383,4336.282227,4283.077148,4280.769043,4286.922852,4289.615234,4273.974121,4295.769043,4565.641113,4491.666504,4401.538574,4506.922852,,,,,,,,,,,,,,,,,,,,,,,,,,,,,,,,,,,,,,,,,,,,,,,,,,,,,,,,,,,,,,,,,,,,,,
1769162121.000815,1769162121.001167,49.0,0.0,4248.333496,4279.102539,4246.282227,4336.282227,4287.307617,4281.922852,4281.410156,4290.769043,4276.282227,4302.05127,4569.743652,4491.025879,4407.05127,4508.461426,,,,,,,,,,,,,,,,,,,,,,,,,,,,,,,,,,,,,,,,,,,,,,,,,,,,,,,,,,,,,,,,,,,,,,
1769162121.008624,1769162121.008875,50.0,0.0,4246.025879,4279.615234,4240.512695,4333.205078,4290.769043,4281.410156,4279.358887,4292.820313,4280.256348,4307.179688,4573.205078,4491.282227,4418.077148,4511.666504,,,,,,,,,,,,,,,,,,,,,,,,,,,,,,,,,,,,,,,,,,,,,,,,,,,,,,,,,,,,,,,,,,,,,,
1769162121.016432,1769162121.016684,51.0,0.0,4235.769043,4276.153809,4232.05127,4327.436035,4288.974121,4278.461426,4286.153809,4290.769043,4278.077148,4301.794922,4566.153809,4488.717773,4408.205078,4504.871582,,,,,,,,,,,,,,,,,,,,,,,,,,,,,,,,,,,,,,,,,,,,,,,,,,,,,,,,,,,,,,,,,,,,,,
1769162121.024241,1769162121.024692,52.0,0.0,4230.897461,4272.436035,4226.025879,4325.512695,4282.307617,4278.205078,4286.410156,4291.025879,4276.666504,4304.358887,4563.461426,4486.794922,4398.461426,4497.94873,,,,,,,,,,,,,,,,,,,,,,,,,,,,,,,,,,,,,,,,,,,,,,,,,,,,,,,,,,,,,,,,,,,,,,
1769162121.032049,1769162121.032501,53.0,0.0,4232.307617,4270.256348,4221.410156,4327.436035,4282.436035,4282.179688,4281.922852,4292.820313,4279.358887,4311.153809,4570.128418,4491.410156,4409.358887,4505.384766,,,,,,,,,,,,,,,,,,,,,,,,,,,,,,,,,,,,,,,,,,,,,,,,,,,,,,,,,,,,,,,,,,,,,,
1769162121.039858,1769162121.040409,54.0,0.0,4231.025879,4268.077148,4217.307617,4326.410156,4287.307617,4284.102539,4284.615234,4287.820313,4279.102539,4301.538574,4572.692383,4490.641113,4417.179688,4512.94873,,,,,,,,,,,,,,,,,,,,,,,,,,,,,,,,,,,,,,,,,,,,,,,,,,,,,,,,,,,,,,,,,,,,,,
1769162121.047666,1769162121.048217,55.0,0.0,4229.230957,4265.897461,4215.512695,4322.94873,4283.077148,4282.563965,4287.05127,4279.230957,4276.538574,4297.563965,4565.769043,4479.615234,4411.025879,4509.871582,,,,,,,,,,,,,,,,,,,,,,,,,,,,,,,,,,,,,,,,,,,,,,,,,,,,,,,,,,,,,,,,,,,,,,
1769162121.055474,1769162121.056226,56.0,0.0,4229.615234,4264.743652,4213.333496,4322.820313,4278.717773,4279.743652,4281.794922,4276.794922,4277.05127,4310.641113,4561.410156,4476.153809,4410.384766,4507.563965,,,,,,,,,,,,,,,,,,,,,,,,,,,,,,,,,,,,,,,,,,,,,,,,,,,,,,,,,,,,,,,,,,,,,,
1769162121.063283,1769162121.064034,57.0,0.0,4229.871582,4268.461426,4212.436035,4325.641113,4284.871582,4281.538574,4280.769043,4280.0,4278.846191,4313.846191,4566.410156,4486.282227,4416.410156,4508.205078,,,,,,,,,,,,,,,,,,,,,,,,,,,,,,,,,,,,,,,,,,,,,,,,,,,,,,,,,,,,,,,,,,,,,,
1769162121.071091,1769162121.071942,58.0,0.0,4230.512695,4273.589844,4216.538574,4328.077148,4289.230957,4285.641113,4285.128418,4282.563965,4278.846191,4306.794922,4571.922852,4492.692383,4415.256348,4507.307617,,,,,,,,,,,,,,,,,,,,,,,,,,,,,,,,,,,,,,,,,,,,,,,,,,,,,,,,,,,,,,,,,,,,,,
1769162121.0789,1769162121.079751,59.0,0.0,4232.436035,4271.025879,4217.436035,4326.282227,4286.922852,4282.179688,4282.179688,4283.333496,4278.461426,4305.384766,4566.025879,4491.282227,4410.769043,4507.94873,,,,,,,,,,,,,,,,,,,,,,,,,,,,,,,,,,,,,,,,,,,,,,,,,,,,,,,,,,,,,,,,,,,,,,
1769162121.086708,1769162121.087759,60.0,0.0,4228.717773,4264.230957,4209.102539,4323.333496,4286.794922,4277.563965,4279.743652,4281.794922,4277.179688,4305.512695,4554.358887,4486.794922,4408.589844,4508.205078,,,,,,,,,,,,,,,,,,,,,,,,,,,,,,,,,,,,,,,,,,,,,,,,,,,,,,,,,,,,,,,,,,,,,,
1769162121.094517,1769162121.095568,61.0,0.0,4223.846191,4267.179688,4201.794922,4323.974121,4291.794922,4282.563965,4280.0,4278.846191,4274.487305,4306.282227,4556.538574,4482.307617,4409.487305,4508.077148,,,,,,,,,,,,,,,,,,,,,,,,,,,,,,,,,,,,,,,,,,,,,,,,,,,,,,,,,,,,,,,,,,,,,,
1769162121.102325,1769162121.103276,62.0,0.0,4225.128418,4273.461426,4200.897461,4324.487305,4290.0,4283.717773,4277.436035,4277.820313,4275.897461,4309.743652,4565.384766,4480.512695,4409.871582,4507.179688,0.315575,0.402126,0.140817,0.208174,0.139022,0.622283,0.165158,0.2131,0.119734,0.097589,0.184637,0.210637,0.10105,0.132587,0.066421,0.158811,0.217597,0.126824,0.104664,0.079831,0.309858,0.070718,0.073683,0.066138,0.042734,0.481703,0.137594,0.136792,0.149212,0.083105,0.227925,0.041235,0.123636,0.129354,0.100467,0.38746,0.237725,0.162591,0.247537,0.143715,0.693497,0.333203,0.266252,0.131469,0.198315,0.530013,0.210765,0.455211,0.16638,0.188394,0.348961,0.32177,0.434322,0.1961,0.141547,0.531682,0.272333,0.332427,0.199479,0.172299,0.703154,0.51456,0.435378,0.248037,0.183777,0.646787,0.534678,0.246729,0.183633,0.204338
1769162121.110134,1769162121.111085,63.0,0.0,4230.0,4272.820313,4202.820313,4323.077148,4283.205078,4277.05127,4278.205078,4278.846191,4280.128418,4309.230957,4566.410156,4479.871582,4408.846191,4505.512695,,,,,,,,,,,,,,,,,,,,,,,,,,,,,,,,,,,,,,,,,,,,,,,,,,,,,,,,,,,,,,,,,,,,,,
1769162121.117942,1769162121.118693,64.0,0.0,4233.461426,4269.102539,4204.615234,4324.102539,4282.692383,4277.563965,4281.666504,4279.102539,4279.615234,4308.717773,4565.512695,4480.769043,4414.871582,4510.641113,,,,,,,,,,,,,,,,,,,,,,,,,,,,,,,,,,,,,,,,,,,,,,,,,,,,,,,,,,,,,,,,,,,,,,
1769162121.12575,1769162121.126502,65.0,0.0,4235.512695,4266.666504,4204.743652,4325.641113,4284.487305,4281.538574,4281.410156,4278.974121,4278.333496,4310.769043,4569.358887,4486.025879,4426.666504,4522.05127,,,,,,,,,,,,,,,,,,,,,,,,,,,,,,,,,,,,,,,,,,,,,,,,,,,,,,,,,,,,,,,,,,,,,,
1769162121.133559,1769162121.13421,66.0,0.0,4237.563965,4269.487305,4203.333496,4326.666504,4283.205078,4278.717773,4278.333496,4279.615234,4279.615234,4315.897461,4571.410156,4490.256348,4429.230957,4523.589844,,,,,,,,,,,,,,,,,,,,,,,,,,,,,,,,,,,,,,,,,,,,,,,,,,,,,,,,,,,,,,,,,,,,,,
1769162121.141367,1769162121.142019,67.0,0.0,4233.333496,4273.461426,4200.897461,4328.846191,4279.743652,4278.077148,4278.974121,4279.358887,4278.077148,4308.846191,4567.692383,4484.871582,4417.179688,4511.282227,,,,,,,,,,,,,,,,,,,,,,,,,,,,,,,,,,,,,,,,,,,,,,,,,,,,,,,,,,,,,,,,,,,,,,
1769162121.149176,1769162121.149627,68.0,0.0,4229.487305,4273.589844,4200.256348,4328.077148,4281.410156,4281.410156,4281.794922,4279.230957,4277.307617,4298.846191,4565.128418,4482.179688,4413.589844,4507.307617,,,,,,,,,,,,,,,,,,,,,,,,,,,,,,,,,,,,,,,,,,,,,,,,,,,,,,,,,,,,,,,,,,,,,,
1769162121.156984,1769162121.157436,69.0,0.0,4237.94873,4275.128418,4201.282227,4327.692383,4287.307617,4280.256348,4279.102539,4278.974121,4279.487305,4311.282227,4566.666504,4489.102539,4424.743652,4518.461426,,,,,,,,,,,,,,,,,,,,,,,,,,,,,,,,,,,,,,,,,,,,,,,,,,,,,,,,,,,,,,,,,,,,,,
1769162121.164793,1769162121.165344,70.0,0.0,4249.615234,4279.230957,4202.307617,4331.922852,4288.333496,4278.077148,4276.666504,4276.282227,4278.205078,4323.461426,4569.743652,4491.538574,4429.871582,4523.333496,,,,,,,,,,,,,,,,,,,,,,,,,,,,,,,,,,,,,,,,,,,,,,,,,,,,,,,,,,,,,,,,,,,,,,
1769162121.172601,1769162121.173152,71.0,0.0,4249.358887,4280.512695,4201.922852,4332.436035,4282.820313,4278.461426,4278.846191,4278.077148,4277.94873,4316.153809,4570.769043,4488.974121,4428.205078,4521.282227,,,,,,,,,,,,,,,,,,,,,,,,,,,,,,,,,,,,,,,,,,,,,,,,,,,,,,,,,,,,,,,,,,,,,,
1769162121.18041,1769162121.181161,72.0,0.0,4238.846191,4277.692383,4196.922852,4327.692383,4280.512695,4274.743652,4278.846191,4276.794922,4278.974121,4310.641113,4570.897461,4489.871582,4423.589844,4519.615234,,,,,,,,,,,,,,,,,,,,,,,,,,,,,,,,,,,,,,,,,,,,,,,,,,,,,,,,,,,,,,,,,,,,,,
1769162121.188218,1769162121.188969,73.0,0.0,4231.410156,4273.461426,4188.589844,4324.743652,4283.461426,4271.025879,4278.205078,4267.94873,4276.153809,4311.794922,4568.077148,4491.666504,4417.94873,4512.563965,,,,,,,,,,,,,,,,,,,,,,,,,,,,,,,,,,,,,,,,,,,,,,,,,,,,,,,,,,,,,,,,,,,,,,
1769162121.196026,1769162121.196678,74.0,0.0,4231.922852,4272.94873,4184.487305,4324.871582,4286.538574,4277.436035,4281.410156,4268.846191,4275.384766,4309.230957,4565.769043,4489.358887,4420.512695,4509.743652,,,,,,,,,,,,,,,,,,,,,,,,,,,,,,,,,,,,,,,,,,,,,,,,,,,,,,,,,,,,,,,,,,,,,,
1769162121.203835,1769162121.204486,75.0,0.0,4235.641113,4279.615234,4187.436035,4325.641113,4286.922852,4278.717773,4282.05127,4278.333496,4279.102539,4312.179688,4570.512695,4488.589844,4427.692383,4520.0,,,,,,,,,,,,,,,,,,,,,,,,,,,,,,,,,,,,,,,,,,,,,,,,,,,,,,,,,,,,,,,,,,,,,,
1769162121.211643,1769162121.212095,76.0,0.0,4235.384766,4278.846191,4183.077148,4323.846191,4281.410156,4269.615234,4278.589844,4277.436035,4279.358887,4313.589844,4571.922852,4488.333496,4426.794922,4519.487305,,,,,,,,,,,,,,,,,,,,,,,,,,,,,,,,,,,,,,,,,,,,,,,,,,,,,,,,,,,,,,,,,,,,,,
1769162121.219452,1769162121.219903,77.0,0.0,4233.461426,4269.358887,4171.538574,4321.666504,4277.692383,4271.538574,4278.077148,4273.077148,4277.436035,4311.538574,4569.487305,4487.563965,4424.615234,4511.666504,,,,,,,,,,,,,,,,,,,,,,,,,,,,,,,,,,,,,,,,,,,,,,,,,,,,,,,,,,,,,,,,,,,,,,
1769162121.22726,1769162121.227812,78.0,0.0,4233.717773,4270.256348,4170.512695,4324.230957,4281.922852,4280.256348,4280.128418,4278.717773,4278.205078,4319.102539,4571.922852,4489.230957,4428.333496,4514.743652,0.31854,0.317897,0.169474,0.199217,0.13016,0.630584,0.164637,0.221805,0.113932,0.0903,0.245374,0.230858,0.124612,0.111473,0.071036,0.185765,0.253767,0.14584,0.097495,0.070902,0.307104,0.063467,0.072247,0.057886,0.04152,0.413795,0.115052,0.151249,0.144095,0.078062,0.231628,0.036073,0.116221,0.10313,0.103635,0.382761,0.201582,0.153018,0.236376,0.134402,0.631137,0.34325,0.270268,0.15147,0.190741,0.528067,0.210472,0.52113,0.152247,0.201615,0.36945,0.403161,0.499671,0.203114,0.143315,0.5448,0.338143,0.419794,0.195756,0.181944,0.730807,0.455232,0.43728,0.258162,0.183866,0.550415,0.539273,0.288981,0.168131,0.21264
1769162121.235069,1769162121.23562,79.0,0.0,4233.589844,4278.974121,4175.256348,4326.922852,4285.897461,4278.974121,4281.025879,4279.743652,4278.589844,4318.846191,4571.410156,4490.128418,4430.0,4512.94873,,,,,,,,,,,,,,,,,,,,,,,,,,,,,,,,,,,,,,,,,,,,,,,,,,,,,,,,,,,,,,,,,,,,,,
1769162121.242877,1769162121.243628,80.0,0.0,4238.077148,4281.922852,4174.102539,4324.871582,4287.94873,4276.666504,4279.102539,4272.820313,4277.563965,4312.307617,4567.05127,4489.615234,4428.589844,4507.179688,,,,,,,,,,,,,,,,,,,,,,,,,,,,,,,,,,,,,,,,,,,,,,,,,,,,,,,,,,,,,,,,,,,,,,
1769162121.250686,1769162121.251437,81.0,0.0,4242.692383,4281.410156,4172.692383,4326.282227,4289.871582,4279.871582,4277.820313,4274.871582,4277.05127,4316.666504,4569.743652,4491.282227,4426.922852,4512.307617,,,,,,,,,,,,,,,,,,,,,,,,,,,,,,,,,,,,,,,,,,,,,,,,,,,,,,,,,,,,,,,,,,,,,,
1769162121.258494,1769162121.259345,82.0,0.0,4239.230957,4281.410156,4170.512695,4326.538574,4289.487305,4277.563965,4280.0,4278.461426,4277.436035,4319.615234,4572.179688,4492.179688,4427.94873,4514.615234,,,,,,,,,,,,,,,,,,,,,,,,,,,,,,,,,,,,,,,,,,,,,,,,,,,,,,,,,,,,,,,,,,,,,,
1769162121.266302,1769162121.267154,83.0,0.0,4230.512695,4279.743652,4161.922852,4322.307617,4288.589844,4275.128418,4281.410156,4276.794922,4278.333496,4313.077148,4566.538574,4491.025879,4428.333496,4507.94873,,,,,,,,,,,,,,,,,,,,,,,,,,,,,,,,,,,,,,,,,,,,,,,,,,,,,,,,,,,,,,,,,,,,,,
1769162121.274111,1769162121.275162,84.0,0.0,4232.307617,4279.230957,4158.333496,4323.333496,4288.461426,4279.102539,4279.102539,4275.897461,4278.717773,4310.384766,4564.358887,4491.538574,4423.589844,4507.179688,,,,,,,,,,,,,,,,,,,,,,,,,,,,,,,,,,,,,,,,,,,,,,,,,,,,,,,,,,,,,,,,,,,,,,
1769162121.281919,1769162121.28297,85.0,0.0,4244.743652,4280.641113,4162.179688,4329.615234,4287.820313,4277.692383,4278.333496,4276.153809,4278.846191,4313.589844,4570.641113,4493.846191,4426.153809,4511.025879,,,,,,,,,,,,,,,,,,,,,,,,,,,,,,,,,,,,,,,,,,,,,,,,,,,,,,,,,,,,,,,,,,,,,,
1769162121.289728,1769162121.290679,86.0,0.0,4246.025879,4278.589844,4157.307617,4327.436035,4284.230957,4274.487305,4280.0,4274.230957,4277.692383,4312.307617,4570.384766,4493.333496,4430.512695,4510.128418,,,,,,,,,,,,,,,,,,,,,,,,,,,,,,,,,,,,,,,,,,,,,,,,,,,,,,,,,,,,,,,,,,,,,,
1769162121.297536,1769162121.298487,87.0,0.0,4233.589844,4275.769043,4148.846191,4317.692383,4279.487305,4276.153809,4279.358887,4275.0,4276.410156,4309.487305,4560.256348,4490.512695,4424.743652,4509.230957,,,,,,,,,,,,,,,,,,,,,,,,,,,,,,,,,,,,,,,,,,,,,,,,,,,,,,,,,,,,,,,,,,,,,,
1769162121.305345,1769162121.306096,88.0,0.0,4231.794922,4275.512695,4151.282227,4317.05127,4280.641113,4276.025879,4278.333496,4278.333496,4278.205078,4313.077148,4557.307617,4490.512695,4423.974121,4506.025879,,,,,,,,,,,,,,,,,,,,,,,,,,,,,,,,,,,,,,,,,,,,,,,,,,,,,,,,,,,,,,,,,,,,,,
1769162121.313153,1769162121.313904,89.0,0.0,4243.077148,4278.461426,4152.692383,4325.384766,4287.179688,4274.871582,4278.461426,4278.846191,4282.179688,4323.077148,4567.307617,4491.410156,4426.282227,4499.102539,,,,,,,,,,,,,,,,,,,,,,,,,,,,,,,,,,,,,,,,,,,,,,,,,,,,,,,,,,,,,,,,,,,,,,
1769162121.320962,1769162121.321613,90.0,0.0,4247.820313,4280.512695,4143.717773,4326.410156,4290.512695,4277.94873,4280.512695,4280.128418,4283.077148,4326.538574,4572.05127,4492.820313,4418.461426,4495.641113,,,,,,,,,,,,,,,,,,,,,,,,,,,,,,,,,,,,,,,,,,,,,,,,,,,,,,,,,,,,,,,,,,,,,,
1769162121.32877,1769162121.329421,91.0,0.0,4242.436035,4275.897461,4137.820313,4321.153809,4286.794922,4277.692383,4281.538574,4280.512695,4281.922852,4320.769043,4562.436035,4493.974121,4415.128418,4495.769043,,,,,,,,,,,,,,,,,,,,,,,,,,,,,,,,,,,,,,,,,,,,,,,,,,,,,,,,,,,,,,,,,,,,,,
1769162121.336578,1769162121.33703,92.0,0.0,4235.512695,4271.794922,4137.436035,4321.282227,4281.025879,4277.692383,4280.256348,4278.333496,4280.641113,4318.589844,4554.358887,4486.794922,4418.461426,4493.717773,,,,,,,,,,,,,,,,,,,,,,,,,,,,,,,,,,,,,,,,,,,,,,,,,,,,,,,,,,,,,,,,,,,,,,
1769162121.344387,1769162121.344838,93.0,0.0,4233.589844,4272.94873,4134.358887,4321.794922,4278.846191,4277.307617,4279.230957,4278.461426,4279.358887,4318.589844,4554.230957,4480.641113,4413.974121,4489.102539,,,,,,,,,,,,,,,,,,,,,,,,,,,,,,,,,,,,,,,,,,,,,,,,,,,,,,,,,,,,,,,,,,,,,,
1769162121.352195,1769162121.352547,94.0,0.0,4236.282227,4271.666504,4128.974121,4315.128418,4280.256348,4268.974121,4277.179688,4279.615234,4278.974121,4319.615234,4555.641113,4485.769043,4414.102539,4489.102539,0.359105,0.261433,0.222721,0.191793,0.12807,0.604897,0.164152,0.22632,0.104901,0.084089,0.384267,0.265217,0.151112,0.10107,0.077124,0.22891,0.292658,0.16607,0.090658,0.06623,0.309305,0.057078,0.079723,0.051359,0.039794,0.342131,0.09908,0.163832,0.137486,0.074098,0.217767,0.035054,0.106509,0.079667,0.101962,0.360225,0.161166,0.139541,0.210525,0.123664,0.550961,0.338309,0.261056,0.175677,0.181571,0.506051,0.220092,0.544998,0.142949,0.217431,0.396171,0.516652,0.5177,0.194823,0.149712,0.583893,0.440368,0.486729,0.200119,0.200486,0.741714,0.388159,0.397113,0.253945,0.18892,0.560881,0.551337,0.311367,0.155148,0.228572
1769162121.360004,1769162121.360355,95.0,0.0,4234.743652,4266.025879,4125.384766,4309.871582,4279.871582,4265.769043,4276.538574,4277.436035,4278.846191,4322.179688,4556.025879,4492.436035,4421.282227,4491.922852,,,,,,,,,,,,,,,,,,,,,,,,,,,,,,,,,,,,,,,,,,,,,,,,,,,,,,,,,,,,,,,,,,,,,,
1769162121.367812,1769162121.368364,96.0,0.0,4230.769043,4264.743652,4124.102539,4310.0,4280.641113,4272.820313,4277.563965,4274.871582,4278.717773,4322.94873,4554.487305,4490.256348,4415.512695,4494.615234,,,,,,,,,,,,,,,,,,,,,,,,,,,,,,,,,,,,,,,,,,,,,,,,,,,,,,,,,,,,,,,,,,,,,,
1769162121.375621,1769162121.376172,97.0,0.0,4229.615234,4267.307617,4125.769043,4311.666504,4286.025879,4277.05127,4279.743652,4276.538574,4278.717773,4323.717773,4550.641113,4482.692383,4408.333496,4489.358887,,,,,,,,,,,,,,,,,,,,,,,,,,,,,,,,,,,,,,,,,,,,,,,,,,,,,,,,,,,,,,,,,,,,,,
1769162121.383429,1769162121.38408,98.0,0.0,4229.743652,4266.025879,4124.871582,4311.153809,4287.436035,4279.358887,4281.666504,4278.974121,4278.974121,4325.128418,4546.538574,4477.179688,4410.641113,4477.05127,,,,,,,,,,,,,,,,,,,,,,,,,,,,,,,,,,,,,,,,,,,,,,,,,,,,,,,,,,,,,,,,,,,,,,
1769162121.391238,1769162121.391889,99.0,0.0,4229.487305,4265.128418,4121.025879,4310.769043,4286.153809,4279.487305,4280.769043,4279.358887,4278.974121,4330.641113,4550.512695,4480.512695,4412.692383,4478.974121,,,,,,,,,,,,,,,,,,,,,,,,,,,,,,,,,,,,,,,,,,,,,,,,,,,,,,,,,,,,,,,,,,,,,,
1769162121.399046,1769162121.399498,100.0,0.0,4229.743652,4265.897461,4120.384766,4310.0,4286.794922,4273.589844,4277.820313,4278.717773,4278.461426,4339.615234,4556.025879,4489.358887,4417.563965,4493.717773,,,,,,,,,,,,,,,,,,,,,,,,,,,,,,,,,,,,,,,,,,,,,,,,,,,,,,,,,,,,,,,,,,,,,,
1769162121.406855,1769162121.407306,101.0,0.0,4230.769043,4265.512695,4120.897461,4309.871582,4287.179688,4274.102539,4278.077148,4279.102539,4279.102539,4343.077148,4555.0,4489.487305,4424.743652,4496.666504,,,,,,,,,,,,,,,,,,,,,,,,,,,,,,,,,,,,,,,,,,,,,,,,,,,,,,,,,,,,,,,,,,,,,,
1769162121.414663,1769162121.415015,102.0,0.0,4235.897461,4269.871582,4122.563965,4313.974121,4287.05127,4275.512695,4278.717773,4280.512695,4280.641113,4346.410156,4560.0,4489.358887,4428.589844,4494.102539,,,,,,,,,,,,,,,,,,,,,,,,,,,,,,,,,,,,,,,,,,,,,,,,,,,,,,,,,,,,,,,,,,,,,,
1769162121.422472,1769162121.422823,103.0,0.0,4244.871582,4275.641113,4126.794922,4320.128418,4287.179688,4269.230957,4273.077148,4280.128418,4280.769043,4350.641113,4567.05127,4495.897461,4427.563965,4499.871582,,,,,,,,,,,,,,,,,,,,,,,,,,,,,,,,,,,,,,,,,,,,,,,,,,,,,,,,,,,,,,,,,,,,,,
1769162121.43028,1769162121.430831,104.0,0.0,4245.256348,4274.230957,4127.179688,4320.897461,4283.077148,4271.153809,4271.922852,4278.077148,4278.589844,4347.179688,4561.025879,4496.794922,4418.205078,4500.256348,,,,,,,,,,,,,,,,,,,,,,,,,,,,,,,,,,,,,,,,,,,,,,,,,,,,,,,,,,,,,,,,,,,,,,
1769162121.438089,1769162121.43864,105.0,0.0,4235.641113,4272.436035,4123.461426,4318.205078,4278.717773,4276.922852,4277.563965,4279.871582,4277.94873,4345.0,4553.589844,4491.153809,4412.94873,4492.692383,,,,,,,,,,,,,,,,,,,,,,,,,,,,,,,,,,,,,,,,,,,,,,,,,,,,,,,,,,,,,,,,,,,,,,
1769162121.445897,1769162121.446548,106.0,0.0,4235.641113,4277.307617,4122.94873,4320.641113,4284.487305,4274.487305,4278.846191,4281.153809,4279.102539,4350.512695,4556.410156,4490.256348,4422.436035,4492.94873,,,,,,,,,,,,,,,,,,,,,,,,,,,,,,,,,,,,,,,,,,,,,,,,,,,,,,,,,,,,,,,,,,,,,,
1769162121.453705,1769162121.454356,107.0,0.0,4246.025879,4278.846191,4124.358887,4321.538574,4289.871582,4272.94873,4276.282227,4277.436035,4278.589844,4351.666504,4555.769043,4490.641113,4423.717773,4494.871582,,,,,,,,,,,,,,,,,,,,,,,,,,,,,,,,,,,,,,,,,,,,,,,,,,,,,,,,,,,,,,,,,,,,,,
1769162121.461514,1769162121.462365,108.0,0.0,4247.94873,4276.025879,4124.230957,4315.0,4289.358887,4277.179688,4276.922852,4277.307617,4277.820313,4351.794922,4554.230957,4488.461426,4414.230957,4491.153809,,,,,,,,,,,,,,,,,,,,,,,,,,,,,,,,,,,,,,,,,,,,,,,,,,,,,,,,,,,,,,,,,,,,,,
1769162121.469322,1769162121.470173,109.0,0.0,4241.410156,4277.05127,4125.897461,4310.769043,4287.05127,4280.641113,4280.641113,4281.153809,4279.487305,4358.205078,4562.179688,4490.256348,4418.846191,4489.230957,,,,,,,,,,,,,,,,,,,,,,,,,,,,,,,,,,,,,,,,,,,,,,,,,,,,,,,,,,,,,,,,,,,,,,
1769162121.477131,1769162121.477982,110.0,0.0,4237.05127,4275.512695,4126.794922,4311.666504,4283.205078,4279.871582,4280.384766,4280.256348,4281.538574,4361.153809,4565.0,4493.717773,4425.256348,4492.820313,0.422562,0.241039,0.29886,0.185922,0.134171,0.559879,0.164998,0.229919,0.093994,0.078814,0.549963,0.312548,0.179531,0.09781,0.083046,0.285106,0.327756,0.183683,0.082989,0.065054,0.313548,0.053797,0.102283,0.04716,0.038681,0.278549,0.094625,0.169007,0.128,0.071989,0.193227,0.036828,0.092183,0.060222,0.094743,0.326796,0.122818,0.125417,0.17545,0.111633,0.464844,0.314962,0.238472,0.195356,0.170366,0.476498,0.23462,0.521018,0.138227,0.23529,0.416418,0.628904,0.479318,0.171213,0.158979,0.622887,0.557884,0.510463,0.208933,0.221204,0.713115,0.337969,0.324748,0.239511,0.202389,0.609696,0.572156,0.305582,0.149124,0.246855
1769162121.484939,1769162121.48579,111.0,0.0,4233.846191,4267.563965,4124.487305,4309.743652,4281.153809,4276.538574,4276.666504,4278.974121,4280.641113,4358.846191,4557.94873,4492.179688,4415.128418,4492.94873,,,,,,,,,,,,,,,,,,,,,,,,,,,,,,,,,,,,,,,,,,,,,,,,,,,,,,,,,,,,,,,,,,,,,,
1769162121.492748,1769162121.493399,112.0,0.0,4232.307617,4263.974121,4122.307617,4304.871582,4280.128418,4277.94873,4277.820313,4281.666504,4279.615234,4358.717773,4553.717773,4490.256348,4408.461426,4489.230957,,,,,,,,,,,,,,,,,,,,,,,,,,,,,,,,,,,,,,,,,,,,,,,,,,,,,,,,,,,,,,,,,,,,,,
1769162121.500556,1769162121.501207,113.0,0.0,4232.563965,4266.538574,4122.563965,4306.666504,4280.384766,4282.307617,4282.179688,4281.794922,4281.282227,4362.179688,4552.307617,4490.128418,4409.487305,4487.94873,,,,,,,,,,,,,,,,,,,,,,,,,,,,,,,,,,,,,,,,,,,,,,,,,,,,,,,,,,,,,,,,,,,,,,
1769162121.508365,1769162121.508916,114.0,0.0,4231.922852,4266.153809,4123.846191,4308.589844,4278.077148,4273.333496,4278.846191,4278.846191,4281.282227,4368.077148,4554.743652,4490.897461,4412.94873,4491.153809,,,,,,,,,,,,,,,,,,,,,,,,,,,,,,,,,,,,,,,,,,,,,,,,,,,,,,,,,,,,,,,,,,,,,,
1769162121.516173,1769162121.516724,115.0,0.0,4233.846191,4263.846191,4122.307617,4301.410156,4271.153809,4261.282227,4273.077148,4278.333496,4278.846191,4370.897461,4561.538574,4492.307617,4422.820313,4497.94873,,,,,,,,,,,,,,,,,,,,,,,,,,,,,,,,,,,,,,,,,,,,,,,,,,,,,,,,,,,,,,,,,,,,,,
1769162121.523981,1769162121.524333,116.0,0.0,4233.589844,4264.743652,4123.077148,4296.282227,4270.897461,4260.0,4275.128418,4279.487305,4276.538574,4371.282227,4560.512695,4490.897461,4429.230957,4504.871582,,,,,,,,,,,,,,,,,,,,,,,,,,,,,,,,,,,,,,,,,,,,,,,,,,,,,,,,,,,,,,,,,,,,,,
1769162121.53179,1769162121.532141,117.0,0.0,4234.358887,4267.563965,4132.05127,4303.077148,4280.0,4264.102539,4277.820313,4280.256348,4277.179688,4373.589844,4556.282227,4490.384766,4425.897461,4508.717773,,,,,,,,,,,,,,,,,,,,,,,,,,,,,,,,,,,,,,,,,,,,,,,,,,,,,,,,,,,,,,,,,,,,,,
1769162121.539598,1769162121.53985,118.0,0.0,4241.153809,4270.128418,4136.794922,4307.436035,4280.897461,4267.94873,4277.436035,4281.153809,4280.769043,4375.128418,4559.743652,4492.05127,4424.871582,4502.563965,,,,,,,,,,,,,,,,,,,,,,,,,,,,,,,,,,,,,,,,,,,,,,,,,,,,,,,,,,,,,,,,,,,,,,
1769162121.547407,1769162121.547658,119.0,0.0,4243.077148,4270.769043,4135.128418,4301.922852,4272.692383,4270.769043,4278.461426,4281.410156,4280.128418,4373.077148,4560.256348,4490.0,4427.436035,4493.589844,,,,,,,,,,,,,,,,,,,,,,,,,,,,,,,,,,,,,,,,,,,,,,,,,,,,,,,,,,,,,,,,,,,,,,
1769162121.555215,1769162121.555666,120.0,0.0,4242.692383,4272.307617,4143.974121,4304.871582,4274.871582,4272.179688,4279.487305,4280.384766,4276.025879,4373.974121,4560.128418,4493.846191,4428.205078,4498.589844,,,,,,,,,,,,,,,,,,,,,,,,,,,,,,,,,,,,,,,,,,,,,,,,,,,,,,,,,,,,,,,,,,,,,,
1769162121.563024,1769162121.563475,121.0,0.0,4252.692383,4279.102539,4155.897461,4313.846191,4280.641113,4275.384766,4278.589844,4279.358887,4276.922852,4383.461426,4566.794922,4506.282227,4431.666504,4511.025879,,,,,,,,,,,,,,,,,,,,,,,,,,,,,,,,,,,,,,,,,,,,,,,,,,,,,,,,,,,,,,,,,,,,,,
1769162121.570832,1769162121.571383,122.0,0.0,4259.102539,4283.846191,4159.871582,4312.94873,4277.307617,4277.307617,4278.717773,4280.384766,4279.871582,4389.230957,4572.820313,4511.410156,4433.974121,4515.128418,,,,,,,,,,,,,,,,,,,,,,,,,,,,,,,,,,,,,,,,,,,,,,,,,,,,,,,,,,,,,,,,,,,,,,
1769162121.578641,1769162121.579192,123.0,0.0,4252.307617,4280.384766,4162.94873,4309.871582,4273.205078,4274.230957,4279.230957,4282.05127,4277.692383,4384.102539,4568.461426,4506.410156,4428.717773,4509.102539,,,,,,,,,,,,,,,,,,,,,,,,,,,,,,,,,,,,,,,,,,,,,,,,,,,,,,,,,,,,,,,,,,,,,,
1769162121.586449,1769162121.5872,124.0,0.0,4249.871582,4277.436035,4167.05127,4310.256348,4271.538574,4272.563965,4278.974121,4282.820313,4276.922852,4380.0,4560.512695,4505.128418,4425.384766,4504.230957,,,,,,,,,,,,,,,,,,,,,,,,,,,,,,,,,,,,,,,,,,,,,,,,,,,,,,,,,,,,,,,,,,,,,,
1769162121.594257,1769162121.595008,125.0,0.0,4253.077148,4279.230957,4170.128418,4309.871582,4270.769043,4274.102539,4278.589844,4283.205078,4280.256348,4382.179688,4556.153809,4507.820313,4426.282227,4506.410156,,,,,,,,,,,,,,,,,,,,,,,,,,,,,,,,,,,,,,,,,,,,,,,,,,,,,,,,,,,,,,,,,,,,,,
1769162121.602066,1769162121.602717,126.0,0.0,4249.871582,4279.230957,4170.384766,4308.846191,4271.666504,4275.384766,4279.615234,4281.282227,4279.743652,4383.846191,4555.897461,4503.589844,4427.05127,4505.128418,0.532822,0.245317,0.383101,0.183573,0.146909,0.534793,0.168747,0.233893,0.082905,0.074932,0.711138,0.360553,0.20903,0.097264,0.087231,0.357292,0.349438,0.193415,0.073439,0.065682,0.324923,0.056569,0.140964,0.046215,0.039536,0.230753,0.101471,0.163541,0.114804,0.072064,0.160749,0.039287,0.073948,0.0455,0.083914,0.274285,0.093244,0.113253,0.13882,0.099267,0.378243,0.273243,0.203964,0.201195,0.155724,0.445184,0.247296,0.460655,0.137193,0.252247,0.414802,0.701235,0.395568,0.139171,0.167606,0.64231,0.65803,0.484909,0.217935,0.234067,0.646411,0.312884,0.239238,0.22365,0.222672,0.65604,0.586716,0.272903,0.153695,0.259174
1769162121.609874,1769162121.610525,127.0,0.0,4252.179688,4279.358887,4170.512695,4308.461426,4270.769043,4273.846191,4278.589844,4279.871582,4277.692383,4385.897461,4556.794922,4499.102539,4429.230957,4498.589844,,,,,,,,,,,,,,,,,,,,,,,,,,,,,,,,,,,,,,,,,,,,,,,,,,,,,,,,,,,,,,,,,,,,,,
1769162121.617683,1769162121.618134,0.0,0.0,4263.077148,4280.897461,4178.077148,4309.358887,4266.410156,4275.256348,4277.179688,4281.410156,4277.820313,4386.794922,4556.282227,4502.94873,4425.0,4498.589844,,,,,,,,,,,,,,,,,,,,,,,,,,,,,,,,,,,,,,,,,,,,,,,,,,,,,,,,,,,,,,,,,,,,,,
1769162121.625491,1769162121.625943,1.0,0.0,4260.897461,4278.974121,4186.410156,4311.282227,4268.077148,4280.0,4281.922852,4280.769043,4277.436035,4382.94873,4557.179688,4507.436035,4418.974121,4505.641113,,,,,,,,,,,,,,,,,,,,,,,,,,,,,,,,,,,,,,,,,,,,,,,,,,,,,,,,,,,,,,,,,,,,,,
1769162121.6333,1769162121.633851,2.0,0.0,4250.384766,4279.358887,4184.487305,4311.025879,4272.563965,4273.077148,4278.589844,4277.436035,4276.794922,4383.974121,4557.692383,4505.897461,4421.025879,4508.846191,,,,,,,,,,,,,,,,,,,,,,,,,,,,,,,,,,,,,,,,,,,,,,,,,,,,,,,,,,,,,,,,,,,,,,
1769162121.641108,1769162121.641659,3.0,0.0,4249.743652,4280.512695,4182.692383,4307.05127,4270.384766,4260.641113,4264.358887,4276.794922,4280.0,4390.769043,4557.05127,4506.794922,4420.256348,4509.487305,,,,,,,,,,,,,,,,,,,,,,,,,,,,,,,,,,,,,,,,,,,,,,,,,,,,,,,,,,,,,,,,,,,,,,
1769162121.648917,1769162121.649668,4.0,0.0,4249.743652,4272.307617,4185.641113,4300.384766,4264.615234,4262.05127,4265.512695,4280.769043,4276.922852,4387.563965,4554.615234,4505.512695,4410.897461,4504.871582,,,,,,,,,,,,,,,,,,,,,,,,,,,,,,,,,,,,,,,,,,,,,,,,,,,,,,,,,,,,,,,,,,,,,,
1769162121.656725,1769162121.657476,5.0,0.0,4244.487305,4264.743652,4185.641113,4296.282227,4264.871582,4266.410156,4274.615234,4277.94873,4265.641113,4379.615234,4551.025879,4495.769043,4408.333496,4499.230957,,,,,,,,,,,,,,,,,,,,,,,,,,,,,,,,,,,,,,,,,,,,,,,,,,,,,,,,,,,,,,,,,,,,,,
1769162121.664534,1769162121.665384,6.0,0.0,4246.153809,4267.692383,4186.410156,4296.538574,4270.128418,4261.794922,4266.410156,4268.589844,4264.615234,4384.743652,4551.922852,4493.461426,4414.871582,4505.0,,,,,,,,,,,,,,,,,,,,,,,,,,,,,,,,,,,,,,,,,,,,,,,,,,,,,,,,,,,,,,,,,,,,,,
1769162121.672342,1769162121.673193,7.0,0.0,4245.897461,4267.692383,4184.871582,4294.102539,4269.358887,4261.410156,4262.692383,4269.615234,4272.820313,4390.128418,4554.743652,4496.410156,4415.769043,4510.641113,,,,,,,,,,,,,,,,,,,,,,,,,,,,,,,,,,,,,,,,,,,,,,,,,,,,,,,,,,,,,,,,,,,,,,
1769162121.68015,1769162121.681201,8.0,0.0,4240.0,4261.794922,4185.384766,4290.897461,4265.0,4265.512695,4277.436035,4279.358887,4277.563965,4385.769043,4553.205078,4493.077148,4412.307617,4505.897461,,,,,,,,,,,,,,,,,,,,,,,,,,,,,,,,,,,,,,,,,,,,,,,,,,,,,,,,,,,,,,,,,,,,,,
1769162121.687959,1769162121.689009,9.0,0.0,4243.205078,4263.205078,4197.436035,4294.358887,4265.897461,4263.846191,4276.922852,4281.153809,4276.922852,4388.974121,4550.769043,4491.153809,4411.282227,4503.974121,,,,,,,,,,,,,,,,,,,,,,,,,,,,,,,,,,,,,,,,,,,,,,,,,,,,,,,,,,,,,,,,,,,,,,
1769162121.695767,1769162121.696718,10.0,0.0,4247.692383,4267.436035,4204.615234,4298.461426,4268.205078,4261.922852,4267.05127,4277.436035,4278.077148,4394.358887,4551.794922,4493.205078,4411.538574,4506.153809,,,,,,,,,,,,,,,,,,,,,,,,,,,,,,,,,,,,,,,,,,,,,,,,,,,,,,,,,,,,,,,,,,,,,,
1769162121.703576,1769162121.704526,11.0,0.0,4247.563965,4267.94873,4203.589844,4297.820313,4267.05127,4261.922852,4269.487305,4278.717773,4280.641113,4392.179688,4553.974121,4493.461426,4412.94873,4507.820313,,,,,,,,,,,,,,,,,,,,,,,,,,,,,,,,,,,,,,,,,,,,,,,,,,,,,,,,,,,,,,,,,,,,,,
1769162121.711384,1769162121.712135,12.0,0.0,4247.179688,4267.179688,4202.692383,4296.410156,4266.025879,4261.538574,4275.769043,4278.461426,4275.0,4387.307617,4548.974121,4494.102539,4412.820313,4509.487305,,,,,,,,,,,,,,,,,,,,,,,,,,,,,,,,,,,,,,,,,,,,,,,,,,,,,,,,,,,,,,,,,,,,,,
1769162121.719193,1769162121.719944,13.0,0.0,4240.384766,4263.717773,4199.743652,4292.692383,4266.025879,4262.94873,4275.897461,4273.205078,4264.102539,4381.538574,4540.128418,4490.769043,4407.820313,4502.692383,,,,,,,,,,,,,,,,,,,,,,,,,,,,,,,,,,,,,,,,,,,,,,,,,,,,,,,,,,,,,,,,,,,,,,
1769162121.727001,1769162121.727652,14.0,0.0,4237.179688,4262.692383,4204.615234,4291.666504,4264.615234,4260.384766,4268.846191,4275.0,4262.692383,4378.717773,4538.333496,4480.0,4401.538574,4491.794922,0.652005,0.254388,0.44984,0.186741,0.162029,0.531405,0.173356,0.235084,0.072905,0.072826,0.861364,0.391065,0.235894,0.096391,0.088569,0.431902,0.349711,0.190946,0.062412,0.066605,0.334931,0.064177,0.190751,0.049352,0.042936,0.192344,0.118103,0.148978,0.099222,0.073906,0.129288,0.041468,0.055564,0.035113,0.072275,0.218518,0.076221,0.104615,0.107552,0.087795,0.287636,0.219622,0.161649,0.188031,0.136335,0.38947,0.253963,0.385531,0.138726,0.262784,0.402369,0.707605,0.29208,0.10999,0.172434,0.637674,0.706506,0.421882,0.223765,0.231407,0.565842,0.307147,0.16376,0.21628,0.243768,0.671525,0.581727,0.2268,0.170406,0.259125
1769162121.73481,1769162121.735461,15.0,0.0,4244.358887,4264.358887,4216.025879,4294.615234,4265.641113,4253.461426,4263.333496,4277.436035,4268.205078,4380.897461,4540.384766,4474.358887,4398.077148,4489.230957,,,,,,,,,,,,,,,,,,,,,,,,,,,,,,,,,,,,,,,,,,,,,,,,,,,,,,,,,,,,,,,,,,,,,,
1769162121.742618,1769162121.743069,16.0,0.0,4242.94873,4262.692383,4217.179688,4294.358887,4263.589844,4249.743652,4264.743652,4269.102539,4263.846191,4380.897461,4537.563965,4480.512695,4395.256348,4487.820313,,,,,,,,,,,,,,,,,,,,,,,,,,,,,,,,,,,,,,,,,,,,,,,,,,,,,,,,,,,,,,,,,,,,,,
1769162121.750426,1769162121.750878,17.0,0.0,4238.974121,4261.410156,4219.615234,4292.563965,4262.820313,4251.025879,4266.666504,4263.205078,4261.025879,4381.666504,4538.333496,4490.256348,4400.128418,4492.563965,,,,,,,,,,,,,,,,,,,,,,,,,,,,,,,,,,,,,,,,,,,,,,,,,,,,,,,,,,,,,,,,,,,,,,
1769162121.758235,1769162121.758786,18.0,0.0,4246.025879,4264.871582,4232.05127,4296.025879,4268.846191,4256.025879,4267.436035,4271.282227,4269.615234,4389.615234,4547.307617,4495.512695,4413.077148,4506.922852,,,,,,,,,,,,,,,,,,,,,,,,,,,,,,,,,,,,,,,,,,,,,,,,,,,,,,,,,,,,,,,,,,,,,,
1769162121.766043,1769162121.766594,19.0,0.0,4250.512695,4266.666504,4236.538574,4298.461426,4271.282227,4263.589844,4277.94873,4277.436035,4274.487305,4391.666504,4551.025879,4495.897461,4414.102539,4503.846191,,,,,,,,,,,,,,,,,,,,,,,,,,,,,,,,,,,,,,,,,,,,,,,,,,,,,,,,,,,,,,,,,,,,,,
1769162121.773852,1769162121.774603,20.0,0.0,4246.666504,4264.871582,4232.307617,4296.025879,4265.897461,4263.974121,4281.794922,4277.05127,4273.589844,4387.94873,4548.461426,4492.307617,4405.641113,4490.641113,,,,,,,,,,,,,,,,,,,,,,,,,,,,,,,,,,,,,,,,,,,,,,,,,,,,,,,,,,,,,,,,,,,,,,
1769162121.78166,1769162121.782411,21.0,0.0,4245.256348,4264.615234,4233.461426,4294.615234,4262.820313,4253.846191,4269.871582,4278.846191,4275.769043,4392.05127,4549.743652,4491.666504,4407.436035,4499.230957,,,,,,,,,,,,,,,,,,,,,,,,,,,,,,,,,,,,,,,,,,,,,,,,,,,,,,,,,,,,,,,,,,,,,,
1769162121.789469,1769162121.790319,22.0,0.0,4245.0,4264.743652,4238.461426,4294.102539,4263.974121,4249.358887,4267.307617,4280.256348,4279.230957,4399.743652,4552.436035,4497.94873,4413.717773,4511.025879,,,,,,,,,,,,,,,,,,,,,,,,,,,,,,,,,,,,,,,,,,,,,,,,,,,,,,,,,,,,,,,,,,,,,,
1769162121.797277,1769162121.798128,23.0,0.0,4244.358887,4264.102539,4245.641113,4293.333496,4263.717773,4255.256348,4276.794922,4278.846191,4277.692383,4401.666504,4553.717773,4504.487305,4412.692383,4506.922852,,,,,,,,,,,,,,,,,,,,,,,,,,,,,,,,,,,,,,,,,,,,,,,,,,,,,,,,,,,,,,,,,,,,,,
1769162121.805086,1769162121.805737,24.0,0.0,4246.666504,4263.589844,4248.846191,4293.461426,4263.717773,4262.436035,4279.230957,4279.743652,4278.717773,4400.641113,4555.384766,4506.282227,4410.897461,4503.077148,,,,,,,,,,,,,,,,,,,,,,,,,,,,,,,,,,,,,,,,,,,,,,,,,,,,,,,,,,,,,,,,,,,,,,
1769162121.812894,1769162121.813545,25.0,0.0,4247.179688,4263.589844,4248.846191,4293.205078,4265.128418,4264.102539,4271.153809,4278.846191,4277.820313,4396.666504,4552.563965,4503.974121,4412.692383,4496.538574,,,,,,,,,,,,,,,,,,,,,,,,,,,,,,,,,,,,,,,,,,,,,,,,,,,,,,,,,,,,,,,,,,,,,,
1769162121.820702,1769162121.821254,26.0,0.0,4246.282227,4265.512695,4256.282227,4293.461426,4266.410156,4259.615234,4265.897461,4275.897461,4270.128418,4391.922852,4547.05127,4502.179688,4411.282227,4489.487305,,,,,,,,,,,,,,,,,,,,,,,,,,,,,,,,,,,,,,,,,,,,,,,,,,,,,,,,,,,,,,,,,,,,,,
1769162121.828511,1769162121.829062,27.0,0.0,4250.897461,4269.615234,4264.487305,4296.794922,4267.05127,4260.128418,4271.282227,4276.025879,4269.743652,4392.436035,4549.358887,4504.358887,4410.897461,4498.717773,,,,,,,,,,,,,,,,,,,,,,,,,,,,,,,,,,,,,,,,,,,,,,,,,,,,,,,,,,,,,,,,,,,,,,
1769162121.836319,1769162121.83707,28.0,0.0,4259.487305,4275.0,4268.589844,4301.410156,4266.153809,4267.179688,4277.436035,4276.538574,4275.897461,4396.666504,4554.487305,4506.666504,4421.153809,4510.128418,,,,,,,,,,,,,,,,,,,,,,,,,,,,,,,,,,,,,,,,,,,,,,,,,,,,,,,,,,,,,,,,,,,,,,
1769162121.844128,1769162121.844879,29.0,0.0,4265.512695,4278.333496,4273.461426,4304.743652,4268.974121,4266.666504,4269.615234,4274.358887,4275.641113,4398.846191,4555.0,4506.282227,4431.153809,4508.461426,,,,,,,,,,,,,,,,,,,,,,,,,,,,,,,,,,,,,,,,,,,,,,,,,,,,,,,,,,,,,,,,,,,,,,
1769162121.851936,1769162121.852787,30.0,0.0,4261.410156,4277.307617,4275.512695,4309.487305,4272.307617,4264.487305,4266.538574,4273.846191,4272.179688,4397.692383,4554.230957,4504.358887,4421.794922,4504.871582,0.787981,0.2558,0.475415,0.196544,0.174555,0.570574,0.176054,0.228315,0.064885,0.072217,0.930561,0.388836,0.255814,0.094446,0.0867,0.515332,0.327586,0.177132,0.052501,0.067253,0.341895,0.073281,0.241872,0.056451,0.048558,0.168811,0.145079,0.133746,0.085754,0.076825,0.102395,0.04408,0.042606,0.028381,0.062484,0.156326,0.070784,0.099031,0.085505,0.077716,0.198739,0.16569,0.118625,0.157975,0.112447,0.353057,0.257118,0.314913,0.142063,0.261113,0.375562,0.647794,0.197604,0.095121,0.171682,0.589585,0.68535,0.34489,0.224467,0.211792,0.500431,0.307623,0.114941,0.223403,0.257829,0.662825,0.551698,0.180804,0.196416,0.245417
1769162121.859745,1769162121.860596,31.0,0.0,4253.333496,4277.692383,4274.230957,4310.0,4268.974121,4271.922852,4276.794922,4276.282227,4275.128418,4396.153809,4554.743652,4502.436035,4411.666504,4507.05127,,,,,,,,,,,,,,,,,,,,,,,,,,,,,,,,,,,,,,,,,,,,,,,,,,,,,,,,,,,,,,,,,,,,,,
1769162121.867553,1769162121.868204,32.0,0.0,4248.717773,4275.897461,4274.487305,4301.538574,4265.128418,4272.05127,4273.974121,4276.666504,4279.358887,4398.077148,4556.410156,4502.05127,4421.410156,4503.974121,,,,,,,,,,,,,,,,,,,,,,,,,,,,,,,,,,,,,,,,,,,,,,,,,,,,,,,,,,,,,,,,,,,,,,
1769162121.875362,1769162121.876013,33.0,0.0,4247.179688,4267.307617,4276.538574,4295.128418,4270.256348,4262.307617,4264.358887,4275.641113,4280.384766,4401.794922,4555.641113,4507.692383,4425.769043,4495.128418,,,,,,,,,,,,,,,,,,,,,,,,,,,,,,,,,,,,,,,,,,,,,,,,,,,,,,,,,,,,,,,,,,,,,,
1769162121.88317,1769162121.883721,34.0,0.0,4248.717773,4265.0,4278.589844,4297.179688,4273.333496,4261.025879,4265.128418,4275.384766,4278.846191,4400.641113,4551.538574,4507.692383,4415.128418,4492.436035,,,,,,,,,,,,,,,,,,,,,,,,,,,,,,,,,,,,,,,,,,,,,,,,,,,,,,,,,,,,,,,,,,,,,,
1769162121.890979,1769162121.89153,35.0,0.0,4249.615234,4269.743652,4281.410156,4297.94873,4267.436035,4264.743652,4272.820313,4275.0,4275.769043,4396.922852,4548.846191,4497.179688,4412.436035,4492.563965,,,,,,,,,,,,,,,,,,,,,,,,,,,,,,,,,,,,,,,,,,,,,,,,,,,,,,,,,,,,,,,,,,,,,,
1769162121.898787,1769162121.899138,36.0,0.0,4249.871582,4268.333496,4280.897461,4294.102539,4263.846191,4263.717773,4275.769043,4279.487305,4279.102539,4399.743652,4552.307617,4496.410156,4421.025879,4490.512695,,,,,,,,,,,,,,,,,,,,,,,,,,,,,,,,,,,,,,,,,,,,,,,,,,,,,,,,,,,,,,,,,,,,,,
1769162121.906596,1769162121.906947,37.0,0.0,4248.589844,4264.487305,4283.077148,4294.615234,4264.615234,4263.461426,4270.769043,4280.384766,4280.897461,4404.743652,4555.128418,4503.461426,4421.410156,4492.820313,,,,,,,,,,,,,,,,,,,,,,,,,,,,,,,,,,,,,,,,,,,,,,,,,,,,,,,,,,,,,,,,,,,,,,
1769162121.914404,1769162121.914655,38.0,0.0,4247.94873,4265.0,4290.384766,4295.769043,4264.743652,4263.974121,4263.846191,4277.307617,4280.641113,4406.666504,4554.358887,4503.846191,4416.025879,4493.717773,,,,,,,,,,,,,,,,,,,,,,,,,,,,,,,,,,,,,,,,,,,,,,,,,,,,,,,,,,,,,,,,,,,,,,
1769162121.922212,1769162121.922464,39.0,0.0,4252.820313,4265.384766,4293.974121,4296.666504,4268.846191,4265.256348,4268.077148,4282.563965,4285.641113,4406.153809,4555.769043,4504.743652,4421.153809,4489.615234,,,,,,,,,,,,,,,,,,,,,,,,,,,,,,,,,,,,,,,,,,,,,,,,,,,,,,,,,,,,,,,,,,,,,,
1769162121.930021,1769162121.930072,40.0,0.0,4260.512695,4269.358887,4298.077148,4301.025879,4273.333496,4269.102539,4272.692383,4285.384766,4285.769043,4406.025879,4558.205078,4509.230957,4430.512695,4497.563965,,,,,,,,,,,,,,,,,,,,,,,,,,,,,,,,,,,,,,,,,,,,,,,,,,,,,,,,,,,,,,,,,,,,,,
1769162121.937829,1769162121.937881,41.0,0.0,4262.05127,4274.102539,4303.333496,4300.897461,4269.102539,4267.820313,4266.922852,4275.128418,4278.589844,4404.615234,4558.077148,4507.692383,4427.563965,4510.256348,,,,,,,,,,,,,,,,,,,,,,,,,,,,,,,,,,,,,,,,,,,,,,,,,,,,,,,,,,,,,,,,,,,,,,
1769162121.945638,1769162121.945589,42.0,0.0,4258.205078,4269.102539,4304.230957,4295.641113,4264.487305,4263.077148,4265.512695,4269.871582,4278.333496,4399.358887,4555.256348,4503.333496,4413.205078,4507.436035,,,,,,,,,,,,,,,,,,,,,,,,,,,,,,,,,,,,,,,,,,,,,,,,,,,,,,,,,,,,,,,,,,,,,,
1769162121.953446,1769162121.953398,43.0,0.0,4259.487305,4264.230957,4305.128418,4296.025879,4266.153809,4262.820313,4266.282227,4275.384766,4283.717773,4396.794922,4554.230957,4503.974121,4411.538574,4496.922852,,,,,,,,,,,,,,,,,,,,,,,,,,,,,,,,,,,,,,,,,,,,,,,,,,,,,,,,,,,,,,,,,,,,,,
1769162121.961255,1769162121.961406,44.0,0.0,4261.153809,4266.666504,4310.384766,4299.102539,4266.794922,4266.538574,4266.922852,4276.282227,4281.153809,4398.846191,4555.128418,4505.0,4416.025879,4494.871582,,,,,,,,,,,,,,,,,,,,,,,,,,,,,,,,,,,,,,,,,,,,,,,,,,,,,,,,,,,,,,,,,,,,,,
1769162121.969063,1769162121.969214,45.0,0.0,4260.128418,4266.282227,4315.384766,4297.820313,4263.077148,4266.410156,4268.205078,4274.615234,4276.922852,4397.820313,4553.717773,4508.077148,4409.102539,4496.025879,,,,,,,,,,,,,,,,,,,,,,,,,,,,,,,,,,,,,,,,,,,,,,,,,,,,,,,,,,,,,,,,,,,,,,
1769162121.976872,1769162121.977123,46.0,0.0,4262.820313,4262.179688,4319.743652,4296.794922,4260.897461,4263.205078,4265.256348,4274.230957,4280.384766,4394.615234,4552.05127,4504.487305,4406.410156,4494.487305,0.918172,0.248371,0.452866,0.211173,0.181103,0.637556,0.176721,0.211911,0.05916,0.072199,1.002194,0.350326,0.264332,0.093077,0.082517,0.59664,0.290163,0.158426,0.046751,0.067755,0.328186,0.081154,0.283312,0.066189,0.055337,0.159894,0.182573,0.130198,0.080245,0.080355,0.084213,0.049663,0.040133,0.025431,0.057197,0.107865,0.073407,0.094771,0.071934,0.069287,0.128492,0.125146,0.084467,0.119993,0.086838,0.299079,0.260317,0.260309,0.146569,0.244444,0.354777,0.545779,0.133174,0.100708,0.164871,0.566407,0.597045,0.280056,0.221491,0.180638,0.489692,0.298577,0.096032,0.243693,0.259073,0.644621,0.49813,0.146945,0.228181,0.223365
1769162121.98468,1769162121.984931,47.0,0.0,4263.589844,4262.179688,4322.307617,4296.922852,4262.94873,4263.589844,4263.205078,4267.820313,4282.563965,4394.358887,4553.077148,4492.436035,4412.563965,4497.436035,,,,,,,,,,,,,,,,,,,,,,,,,,,,,,,,,,,,,,,,,,,,,,,,,,,,,,,,,,,,,,,,,,,,,,
1769162121.992489,1769162121.99294,48.0,0.0,4258.717773,4262.563965,4321.153809,4294.743652,4265.0,4265.769043,4265.769043,4263.077148,4279.871582,4395.384766,4553.717773,4493.717773,4413.974121,4502.820313,,,,,,,,,,,,,,,,,,,,,,,,,,,,,,,,,,,,,,,,,,,,,,,,,,,,,,,,,,,,,,,,,,,,,,
1769162122.000297,1769162122.000748,49.0,0.0,4257.179688,4260.641113,4326.025879,4293.846191,4263.461426,4262.820313,4266.538574,4265.641113,4277.820313,4395.0,4554.102539,4506.666504,4411.538574,4506.666504,,,,,,,,,,,,,,,,,,,,,,,,,,,,,,,,,,,,,,,,,,,,,,,,,,,,,,,,,,,,,,,,,,,,,,
1769162122.008105,1769162122.008457,50.0,0.0,4261.538574,4262.820313,4332.307617,4296.025879,4262.05127,4259.871582,4265.769043,4269.358887,4280.0,4395.0,4555.384766,4510.384766,4412.94873,4506.153809,,,,,,,,,,,,,,,,,,,,,,,,,,,,,,,,,,,,,,,,,,,,,,,,,,,,,,,,,,,,,,,,,,,,,,
1769162122.015914,1769162122.016265,51.0,0.0,4264.871582,4267.563965,4329.102539,4297.94873,4264.743652,4263.717773,4266.282227,4266.153809,4280.512695,4396.025879,4554.358887,4505.641113,4413.717773,4501.282227,,,,,,,,,,,,,,,,,,,,,,,,,,,,,,,,,,,,,,,,,,,,,,,,,,,,,,,,,,,,,,,,,,,,,,
1769162122.023722,1769162122.024273,52.0,0.0,4258.333496,4268.333496,4328.589844,4297.436035,4265.769043,4265.897461,4263.461426,4264.743652,4279.615234,4397.307617,4552.307617,4505.0,4413.974121,4494.871582,,,,,,,,,,,,,,,,,,,,,,,,,,,,,,,,,,,,,,,,,,,,,,,,,,,,,,,,,,,,,,,,,,,,,,
1769162122.031531,1769162122.032082,53.0,0.0,4250.128418,4266.025879,4333.846191,4297.307617,4262.692383,4262.563965,4261.282227,4272.179688,4281.410156,4398.974121,4552.436035,4505.641113,4412.307617,4492.436035,,,,,,,,,,,,,,,,,,,,,,,,,,,,,,,,,,,,,,,,,,,,,,,,,,,,,,,,,,,,,,,,,,,,,,
1769162122.039339,1769162122.03999,54.0,0.0,4254.487305,4264.230957,4338.333496,4297.692383,4261.538574,4261.922852,4262.307617,4271.922852,4281.282227,4396.666504,4550.256348,4503.077148,4406.282227,4492.179688,,,,,,,,,,,,,,,,,,,,,,,,,,,,,,,,,,,,,,,,,,,,,,,,,,,,,,,,,,,,,,,,,,,,,,
1769162122.047148,1769162122.047798,55.0,0.0,4261.922852,4263.333496,4339.487305,4297.179688,4263.205078,4265.641113,4262.94873,4264.102539,4278.461426,4390.769043,4548.205078,4502.692383,4406.666504,4492.05127,,,,,,,,,,,,,,,,,,,,,,,,,,,,,,,,,,,,,,,,,,,,,,,,,,,,,,,,,,,,,,,,,,,,,,
1769162122.054956,1769162122.055607,56.0,0.0,4260.897461,4264.230957,4334.102539,4296.282227,4263.461426,4266.794922,4261.025879,4266.153809,4279.230957,4387.563965,4548.974121,4506.282227,4413.461426,4492.05127,,,,,,,,,,,,,,,,,,,,,,,,,,,,,,,,,,,,,,,,,,,,,,,,,,,,,,,,,,,,,,,,,,,,,,
