Timestamp,OriginalTimestamp,EEG.Counter,EEG.Interpolated,EEG.AF3,EEG.F7,EEG.F3,EEG.FC5,EEG.T7,EEG.P7,EEG.O1,EEG.O2,EEG.P8,EEG.T8,EEG.FC6,EEG.F4,EEG.F8,EEG.AF4,POW.AF3.Theta,POW.AF3.Alpha,POW.AF3.BetaL,POW.AF3.BetaH,POW.AF3.Gamma,POW.F7.Theta,POW.F7.Alpha,POW.F7.BetaL,POW.F7.BetaH,POW.F7.Gamma,POW.F3.Theta,POW.F3.Alpha,POW.F3.BetaL,POW.F3.BetaH,POW.F3.Gamma,POW.FC5.Theta,POW.FC5.Alpha,POW.FC5.BetaL,POW.FC5.BetaH,POW.FC5.Gamma,POW.T7.Theta,POW.T7.Alpha,POW.T7.BetaL,POW.T7.BetaH,POW.T7.Gamma,POW.P7.Theta,POW.P7.Alpha,POW.P7.BetaL,POW.P7.BetaH,POW.P7.Gamma,POW.O1.Theta,POW.O1.Alpha,POW.O1.BetaL,POW.O1.BetaH,POW.O1.Gamma,POW.O2.Theta,POW.O2.Alpha,POW.O2.BetaL,POW.O2.BetaH,POW.O2.Gamma,POW.P8.Theta,POW.P8.Alpha,POW.P8.BetaL,POW.P8.BetaH,POW.P8.Gamma,POW.T8.Theta,POW.T8.Alpha,POW.T8.BetaL,POW.T8.BetaH,POW.T8.Gamma,POW.FC6.Theta,POW.FC6.Alpha,POW.FC6.BetaL,POW.FC6.BetaH,POW.FC6.Gamma,POW.F4.Theta,POW.F4.Alpha,POW.F4.BetaL,POW.F4.BetaH,POW.F4.Gamma,POW.F8.Theta,POW.F8.Alpha,POW.F8.BetaL,POW.F8.BetaH,POW.F8.Gamma,POW.AF4.Theta,POW.AF4.Alpha,POW.AF4.BetaL,POW.AF4.BetaH,POW.AF4.Gamma
1768920139.233749,1768920139.234285,99.0,0.0,4357.563965,4344.230957,4351.794922,4362.179688,4334.230957,4328.333496,4342.05127,4346.922852,4331.794922,4315.512695,4505.897461,4537.436035,4408.974121,4460.384766,,,,,,,,,,,,,,,,,,,,,,,,,,,,,,,,,,,,,,,,,,,,,,,,,,,,,,,,,,,,,,,,,,,,,,
1768920139.241557,1768920139.241894,100.0,0.0,4347.307617,4334.358887,4343.205078,4355.256348,4326.410156,4338.589844,4350.641113,4344.615234,4330.769043,4314.102539,4503.717773,4534.871582,4399.615234,4454.871582,,,,,,,,,,,,,,,,,,,,,,,,,,,,,,,,,,,,,,,,,,,,,,,,,,,,,,,,,,,,,,,,,,,,,,
1768920139.249366,1768920139.249702,101.0,0.0,4349.358887,4331.922852,4342.179688,4354.358887,4323.846191,4342.692383,4347.436035,4342.436035,4338.205078,4323.077148,4511.666504,4542.436035,4402.05127,4452.05127,,,,,,,,,,,,,,,,,,,,,,,,,,,,,,,,,,,,,,,,,,,,,,,,,,,,,,,,,,,,,,,,,,,,,,
1768920139.257175,1768920139.257611,102.0,0.0,4359.743652,4347.563965,4352.820313,4364.102539,4330.256348,4331.282227,4338.205078,4346.282227,4342.307617,4329.230957,4524.230957,4552.820313,4424.487305,4466.922852,,,,,,,,,,,,,,,,,,,,,,,,,,,,,,,,,,,,,,,,,,,,,,,,,,,,,,,,,,,,,,,,,,,,,,
1768920139.264983,1768920139.265419,103.0,0.0,4368.205078,4355.897461,4360.0,4375.0,4332.820313,4327.179688,4335.512695,4344.487305,4335.384766,4327.563965,4523.717773,4549.615234,4430.256348,4478.205078,,,,,,,,,,,,,,,,,,,,,,,,,,,,,,,,,,,,,,,,,,,,,,,,,,,,,,,,,,,,,,,,,,,,,,
1768920139.272792,1768920139.273027,104.0,0.0,4366.410156,4348.589844,4357.307617,4375.128418,4331.410156,4333.333496,4335.769043,4341.025879,4331.153809,4326.538574,4510.256348,4539.230957,4416.282227,4466.410156,,,,,,,,,,,,,,,,,,,,,,,,,,,,,,,,,,,,,,,,,,,,,,,,,,,,,,,,,,,,,,,,,,,,,,
1768920139.2806,1768920139.280836,105.0,0.0,4357.692383,4341.410156,4349.871582,4367.05127,4327.94873,4329.102539,4336.666504,4345.641113,4331.538574,4324.102539,4504.358887,4532.436035,4411.282227,4451.025879,,,,,,,,,,,,,,,,,,,,,,,,,,,,,,,,,,,,,,,,,,,,,,,,,,,,,,,,,,,,,,,,,,,,,,
1768920139.288409,1768920139.288544,106.0,0.0,4353.846191,4339.487305,4343.717773,4362.820313,4324.487305,4320.769043,4339.102539,4343.846191,4329.743652,4315.384766,4506.025879,4531.922852,4407.563965,4447.820313,,,,,,,,,,,,,,,,,,,,,,,,,,,,,,,,,,,,,,,,,,,,,,,,,,,,,,,,,,,,,,,,,,,,,,
1768920139.296217,1768920139.296352,107.0,0.0,4356.153809,4340.128418,4343.717773,4366.666504,4327.692383,4327.820313,4338.333496,4339.615234,4327.179688,4310.512695,4503.589844,4532.563965,4398.333496,4447.436035,,,,,,,,,,,,,,,,,,,,,,,,,,,,,,,,,,,,,,,,,,,,,,,,,,,,,,,,,,,,,,,,,,,,,,
1768920139.304026,1768920139.30436,108.0,0.0,4352.692383,4340.897461,4344.615234,4368.974121,4336.153809,4336.922852,4337.94873,4344.358887,4325.641113,4310.384766,4503.461426,4529.230957,4397.692383,4445.769043,,,,,,,,,,,,,,,,,,,,,,,,,,,,,,,,,,,,,,,,,,,,,,,,,,,,,,,,,,,,,,,,,,,,,,
1768920139.311834,1768920139.312169,109.0,0.0,4344.743652,4341.666504,4343.077148,4366.666504,4336.538574,4331.025879,4338.846191,4343.846191,4325.641113,4308.717773,4505.641113,4527.94873,4406.025879,4449.358887,,,,,,,,,,,,,,,,,,,,,,,,,,,,,,,,,,,,,,,,,,,,,,,,,,,,,,,,,,,,,,,,,,,,,,
1768920139.319643,1768920139.320077,110.0,0.0,4341.922852,4342.692383,4341.666504,4363.846191,4326.538574,4326.153809,4338.077148,4342.05127,4327.179688,4313.589844,4505.384766,4528.717773,4408.589844,4451.666504,,,,,,,,,,,,,,,,,,,,,,,,,,,,,,,,,,,,,,,,,,,,,,,,,,,,,,,,,,,,,,,,,,,,,,
1768920139.327451,1768920139.327886,111.0,0.0,4336.410156,4340.256348,4342.563965,4360.769043,4322.820313,4330.769043,4339.615234,4351.666504,4332.436035,4318.205078,4506.922852,4530.0,4404.102539,4445.641113,,,,,,,,,,,,,,,,,,,,,,,,,,,,,,,,,,,,,,,,,,,,,,,,,,,,,,,,,,,,,,,,,,,,,,
1768920139.33526,1768920139.335894,112.0,0.0,4327.692383,4338.205078,4342.563965,4358.589844,4329.615234,4332.692383,4341.794922,4356.538574,4338.717773,4315.128418,4503.717773,4530.641113,4396.153809,4434.871582,0.413062,1.040792,0.160095,0.262435,0.127077,0.222732,0.975001,0.201378,0.136564,0.097941,1.429873,0.86606,0.223236,0.213547,0.178294,0.58368,0.816626,0.144703,0.163581,0.10664,0.128013,0.358955,0.165428,0.082485,0.064594,0.176825,0.263053,0.172994,0.162829,0.235324,0.413957,0.865774,0.258126,0.255639,0.377626,0.192893,0.384437,0.200467,0.196329,0.118927,0.233753,0.459625,0.204868,0.098475,0.121678,0.514952,0.413115,0.174271,0.190456,0.146402,1.381437,0.355073,0.237721,0.337761,0.158155,2.18088,0.327204,0.338759,0.454505,0.280639,1.265725,0.307787,0.298059,0.284003,0.151553,1.760275,0.464502,0.233397,0.523407,0.151321
1768920139.343068,1768920139.343702,113.0,0.0,4327.692383,4338.333496,4343.846191,4361.666504,4333.205078,4333.461426,4343.205078,4351.153809,4340.0,4317.436035,4492.820313,4530.641113,4393.717773,4430.0,,,,,,,,,,,,,,,,,,,,,,,,,,,,,,,,,,,,,,,,,,,,,,,,,,,,,,,,,,,,,,,,,,,,,,
1768920139.350877,1768920139.351411,114.0,0.0,4328.974121,4335.641113,4343.974121,4364.871582,4330.256348,4335.128418,4343.333496,4345.512695,4331.153809,4319.743652,4492.307617,4531.410156,4398.077148,4433.333496,,,,,,,,,,,,,,,,,,,,,,,,,,,,,,,,,,,,,,,,,,,,,,,,,,,,,,,,,,,,,,,,,,,,,,
1768920139.358685,1768920139.359219,115.0,0.0,4327.179688,4335.0,4338.974121,4360.128418,4331.025879,4333.205078,4338.974121,4341.025879,4323.205078,4314.102539,4500.256348,4530.128418,4399.871582,4439.615234,,,,,,,,,,,,,,,,,,,,,,,,,,,,,,,,,,,,,,,,,,,,,,,,,,,,,,,,,,,,,,,,,,,,,,
1768920139.366494,1768920139.367227,116.0,0.0,4330.384766,4336.282227,4337.820313,4358.205078,4333.461426,4336.282227,4337.179688,4345.641113,4335.0,4315.384766,4501.282227,4529.871582,4400.256348,4446.410156,,,,,,,,,,,,,,,,,,,,,,,,,,,,,,,,,,,,,,,,,,,,,,,,,,,,,,,,,,,,,,,,,,,,,,
1768920139.374302,1768920139.375036,117.0,0.0,4333.974121,4330.897461,4343.974121,4360.897461,4330.641113,4337.94873,4343.077148,4352.820313,4340.769043,4318.846191,4493.717773,4529.615234,4397.692383,4443.717773,,,,,,,,,,,,,,,,,,,,,,,,,,,,,,,,,,,,,,,,,,,,,,,,,,,,,,,,,,,,,,,,,,,,,,
1768920139.382111,1768920139.382745,118.0,0.0,4330.641113,4323.589844,4343.077148,4356.153809,4327.563965,4331.666504,4344.102539,4347.94873,4328.974121,4311.538574,4490.769043,4528.205078,4391.922852,4435.512695,,,,,,,,,,,,,,,,,,,,,,,,,,,,,,,,,,,,,,,,,,,,,,,,,,,,,,,,,,,,,,,,,,,,,,
1768920139.389919,1768920139.390553,119.0,0.0,4326.153809,4321.922852,4332.692383,4349.230957,4327.692383,4330.897461,4339.358887,4345.641113,4330.769043,4308.077148,4499.102539,4522.94873,4393.717773,4433.077148,,,,,,,,,,,,,,,,,,,,,,,,,,,,,,,,,,,,,,,,,,,,,,,,,,,,,,,,,,,,,,,,,,,,,,
1768920139.397728,1768920139.398162,120.0,0.0,4328.974121,4325.128418,4329.743652,4349.230957,4327.05127,4337.307617,4341.025879,4348.846191,4337.563965,4312.94873,4503.205078,4521.666504,4400.256348,4433.205078,,,,,,,,,,,,,,,,,,,,,,,,,,,,,,,,,,,,,,,,,,,,,,,,,,,,,,,,,,,,,,,,,,,,,,
1768920139.405537,1768920139.40597,121.0,0.0,4332.307617,4328.717773,4337.307617,4353.333496,4326.794922,4339.102539,4344.871582,4344.743652,4328.717773,4314.487305,4495.256348,4524.487305,4396.025879,4427.563965,,,,,,,,,,,,,,,,,,,,,,,,,,,,,,,,,,,,,,,,,,,,,,,,,,,,,,,,,,,,,,,,,,,,,,
1768920139.413345,1768920139.413879,122.0,0.0,4327.05127,4328.461426,4335.128418,4353.461426,4327.05127,4335.0,4342.307617,4339.743652,4322.436035,4306.794922,4488.846191,4518.974121,4386.538574,4421.282227,,,,,,,,,,,,,,,,,,,,,,,,,,,,,,,,,,,,,,,,,,,,,,,,,,,,,,,,,,,,,,,,,,,,,,
1768920139.421153,1768920139.421687,123.0,0.0,4323.589844,4331.282227,4330.256348,4353.205078,4329.871582,4334.358887,4340.897461,4343.077148,4328.846191,4298.461426,4492.179688,4514.230957,4389.615234,4424.230957,,,,,,,,,,,,,,,,,,,,,,,,,,,,,,,,,,,,,,,,,,,,,,,,,,,,,,,,,,,,,,,,,,,,,,
1768920139.428962,1768920139.429696,124.0,0.0,4327.94873,4338.333496,4336.794922,4357.179688,4334.743652,4337.307617,4341.538574,4344.871582,4325.512695,4299.743652,4493.333496,4516.538574,4397.436035,4427.94873,,,,,,,,,,,,,,,,,,,,,,,,,,,,,,,,,,,,,,,,,,,,,,,,,,,,,,,,,,,,,,,,,,,,,,
1768920139.436771,1768920139.437505,125.0,0.0,4324.743652,4337.179688,4339.871582,4357.179688,4332.820313,4334.230957,4336.410156,4341.410156,4315.128418,4299.487305,4490.256348,4511.922852,4393.717773,4423.846191,,,,,,,,,,,,,,,,,,,,,,,,,,,,,,,,,,,,,,,,,,,,,,,,,,,,,,,,,,,,,,,,,,,,,,
1768920139.444579,1768920139.445213,126.0,0.0,4318.333496,4331.666504,4335.0,4353.846191,4329.615234,4329.871582,4333.974121,4340.897461,4317.94873,4296.282227,4489.102539,4505.769043,4383.333496,4421.025879,,,,,,,,,,,,,,,,,,,,,,,,,,,,,,,,,,,,,,,,,,,,,,,,,,,,,,,,,,,,,,,,,,,,,,
1768920139.452387,1768920139.453021,127.0,0.0,4318.589844,4330.256348,4333.205078,4351.282227,4331.794922,4331.410156,4340.384766,4344.358887,4325.256348,4302.563965,4489.358887,4513.974121,4379.743652,4424.615234,,,,,,,,,,,,,,,,,,,,,,,,,,,,,,,,,,,,,,,,,,,,,,,,,,,,,,,,,,,,,,,,,,,,,,
1768920139.460196,1768920139.46063,0.0,0.0,4312.436035,4326.282227,4330.512695,4345.769043,4329.102539,4330.769043,4342.820313,4350.769043,4329.487305,4312.05127,4492.94873,4523.205078,4384.102539,4424.871582,0.459309,1.20376,0.209271,0.275836,0.123092,0.261096,1.163644,0.216267,0.139995,0.104332,1.370976,0.968927,0.32116,0.231586,0.176388,0.524972,0.937907,0.135015,0.167461,0.104805,0.154328,0.392413,0.220012,0.106352,0.06931,0.199577,0.246063,0.178367,0.160454,0.262987,0.41848,0.797668,0.275541,0.261703,0.394376,0.206246,0.358791,0.193716,0.196438,0.119404,0.239163,0.445625,0.202881,0.093791,0.11999,0.514497,0.449023,0.185813,0.181472,0.139215,1.450995,0.442776,0.265725,0.383201,0.164878,2.448752,0.384455,0.399001,0.490937,0.278156,1.226086,0.362811,0.26026,0.292403,0.148148,2.072301,0.575669,0.266197,0.586227,0.142997
1768920139.468005,1768920139.468438,1.0,0.0,4305.641113,4318.205078,4322.692383,4338.205078,4322.692383,4323.589844,4335.256348,4350.128418,4332.05127,4314.230957,4493.461426,4519.871582,4389.102539,4419.615234,,,,,,,,,,,,,,,,,,,,,,,,,,,,,,,,,,,,,,,,,,,,,,,,,,,,,,,,,,,,,,,,,,,,,,
1768920139.475813,1768920139.476147,2.0,0.0,4314.615234,4316.794922,4322.692383,4338.077148,4323.333496,4323.717773,4332.179688,4344.615234,4332.94873,4314.871582,4493.205078,4517.94873,4390.512695,4421.025879,,,,,,,,,,,,,,,,,,,,,,,,,,,,,,,,,,,,,,,,,,,,,,,,,,,,,,,,,,,,,,,,,,,,,,
1768920139.483622,1768920139.483955,3.0,0.0,4322.436035,4318.717773,4328.461426,4339.871582,4325.641113,4331.282227,4338.461426,4342.692383,4326.794922,4310.897461,4493.461426,4517.436035,4385.384766,4428.333496,,,,,,,,,,,,,,,,,,,,,,,,,,,,,,,,,,,,,,,,,,,,,,,,,,,,,,,,,,,,,,,,,,,,,,
1768920139.49143,1768920139.491963,4.0,0.0,4321.794922,4319.487305,4326.538574,4338.205078,4325.0,4332.436035,4341.025879,4346.282227,4325.256348,4309.615234,4493.461426,4509.743652,4383.333496,4428.077148,,,,,,,,,,,,,,,,,,,,,,,,,,,,,,,,,,,,,,,,,,,,,,,,,,,,,,,,,,,,,,,,,,,,,,
1768920139.499239,1768920139.499771,5.0,0.0,4326.922852,4321.282227,4322.563965,4339.487305,4328.846191,4329.230957,4342.05127,4349.487305,4333.717773,4319.358887,4495.384766,4504.487305,4391.025879,4427.179688,,,,,,,,,,,,,,,,,,,,,,,,,,,,,,,,,,,,,,,,,,,,,,,,,,,,,,,,,,,,,,,,,,,,,,
1768920139.507047,1768920139.50768,6.0,0.0,4335.384766,4323.717773,4327.436035,4341.538574,4332.94873,4332.563965,4348.461426,4343.846191,4332.179688,4320.0,4496.025879,4510.512695,4394.358887,4430.897461,,,,,,,,,,,,,,,,,,,,,,,,,,,,,,,,,,,,,,,,,,,,,,,,,,,,,,,,,,,,,,,,,,,,,,
1768920139.514856,1768920139.515488,7.0,0.0,4341.410156,4327.820313,4340.512695,4343.717773,4332.820313,4333.205078,4349.102539,4336.025879,4322.94873,4312.179688,4493.205078,4518.077148,4388.077148,4430.0,,,,,,,,,,,,,,,,,,,,,,,,,,,,,,,,,,,,,,,,,,,,,,,,,,,,,,,,,,,,,,,,,,,,,,
1768920139.522664,1768920139.523496,8.0,0.0,4342.820313,4329.102539,4345.641113,4348.333496,4331.922852,4326.025879,4341.538574,4336.025879,4319.358887,4307.94873,4488.846191,4514.871582,4385.0,4424.230957,,,,,,,,,,,,,,,,,,,,,,,,,,,,,,,,,,,,,,,,,,,,,,,,,,,,,,,,,,,,,,,,,,,,,,
1768920139.530473,1768920139.531305,9.0,0.0,4340.769043,4329.102539,4341.282227,4350.897461,4332.307617,4329.102539,4341.025879,4342.307617,4323.333496,4307.692383,4493.461426,4516.794922,4390.384766,4427.94873,,,,,,,,,,,,,,,,,,,,,,,,,,,,,,,,,,,,,,,,,,,,,,,,,,,,,,,,,,,,,,,,,,,,,,
1768920139.538281,1768920139.539213,10.0,0.0,4340.0,4327.563965,4340.769043,4352.820313,4333.589844,4335.641113,4345.384766,4348.717773,4331.922852,4315.641113,4504.743652,4530.641113,4394.743652,4435.769043,,,,,,,,,,,,,,,,,,,,,,,,,,,,,,,,,,,,,,,,,,,,,,,,,,,,,,,,,,,,,,,,,,,,,,
1768920139.54609,1768920139.547022,11.0,0.0,4340.641113,4325.256348,4343.846191,4353.077148,4333.333496,4330.512695,4345.256348,4351.153809,4335.769043,4326.153809,4508.461426,4535.0,4397.05127,4433.205078,,,,,,,,,,,,,,,,,,,,,,,,,,,,,,,,,,,,,,,,,,,,,,,,,,,,,,,,,,,,,,,,,,,,,,
1768920139.553898,1768920139.55503,12.0,0.0,4341.410156,4326.282227,4343.846191,4346.666504,4328.589844,4327.436035,4342.94873,4347.692383,4333.077148,4328.589844,4507.307617,4526.794922,4399.615234,4433.846191,,,,,,,,,,,,,,,,,,,,,,,,,,,,,,,,,,,,,,,,,,,,,,,,,,,,,,,,,,,,,,,,,,,,,,
1768920139.561707,1768920139.562838,13.0,0.0,4341.538574,4329.358887,4342.05127,4342.94873,4324.487305,4324.615234,4338.717773,4346.153809,4331.922852,4323.974121,4508.461426,4521.922852,4398.589844,4436.666504,,,,,,,,,,,,,,,,,,,,,,,,,,,,,,,,,,,,,,,,,,,,,,,,,,,,,,,,,,,,,,,,,,,,,,
1768920139.569515,1768920139.570547,14.0,0.0,4342.820313,4332.692383,4340.384766,4349.358887,4325.641113,4320.384766,4335.0,4347.94873,4331.666504,4320.128418,4506.410156,4521.025879,4396.153809,4434.743652,,,,,,,,,,,,,,,,,,,,,,,,,,,,,,,,,,,,,,,,,,,,,,,,,,,,,,,,,,,,,,,,,,,,,,
1768920139.577324,1768920139.578355,15.0,0.0,4345.512695,4336.282227,4339.230957,4353.974121,4328.589844,4324.102539,4335.512695,4342.563965,4326.922852,4318.974121,4502.94873,4518.589844,4396.282227,4435.769043,,,,,,,,,,,,,,,,,,,,,,,,,,,,,,,,,,,,,,,,,,,,,,,,,,,,,,,,,,,,,,,,,,,,,,
1768920139.585132,1768920139.585964,16.0,0.0,4348.077148,4337.563965,4339.743652,4352.05127,4329.230957,4326.538574,4337.94873,4336.025879,4324.358887,4314.102539,4505.897461,4522.179688,4398.589844,4435.384766,0.580357,1.276389,0.268587,0.281029,0.115971,0.294482,1.257527,0.235852,0.14603,0.110414,1.244751,1.031141,0.414439,0.243467,0.168661,0.465836,1.010409,0.129573,0.17211,0.097925,0.207462,0.396154,0.26169,0.130988,0.074857,0.219346,0.21728,0.181555,0.17747,0.273552,0.395112,0.670551,0.276957,0.265704,0.381403,0.21674,0.335086,0.174234,0.191038,0.120026,0.251677,0.426014,0.20325,0.090423,0.122801,0.501124,0.467922,0.189763,0.163778,0.131278,1.438739,0.533843,0.292742,0.402257,0.167425,2.592722,0.454985,0.448111,0.504401,0.267726,1.100482,0.396469,0.222174,0.295967,0.146024,2.528925,0.691994,0.313909,0.620235,0.134482
1768920139.592941,1768920139.593772,17.0,0.0,4349.615234,4336.538574,4340.128418,4353.846191,4332.436035,4324.230957,4339.487305,4336.794922,4323.077148,4309.487305,4506.922852,4526.666504,4396.922852,4433.717773,,,,,,,,,,,,,,,,,,,,,,,,,,,,,,,,,,,,,,,,,,,,,,,,,,,,,,,,,,,,,,,,,,,,,,
1768920139.600749,1768920139.601481,18.0,0.0,4351.794922,4340.897461,4341.025879,4359.102539,4341.282227,4325.897461,4338.333496,4338.846191,4321.410156,4319.102539,4505.256348,4526.666504,4396.025879,4439.743652,,,,,,,,,,,,,,,,,,,,,,,,,,,,,,,,,,,,,,,,,,,,,,,,,,,,,,,,,,,,,,,,,,,,,,
1768920139.608558,1768920139.609289,19.0,0.0,4354.487305,4340.769043,4343.589844,4358.077148,4342.563965,4326.410156,4337.179688,4338.846191,4325.0,4325.769043,4506.922852,4530.256348,4402.307617,4450.384766,,,,,,,,,,,,,,,,,,,,,,,,,,,,,,,,,,,,,,,,,,,,,,,,,,,,,,,,,,,,,,,,,,,,,,
1768920139.616367,1768920139.616898,20.0,0.0,4351.538574,4332.820313,4342.94873,4351.922852,4332.05127,4325.128418,4341.666504,4343.461426,4328.974121,4316.153809,4507.563965,4533.846191,4407.436035,4451.282227,,,,,,,,,,,,,,,,,,,,,,,,,,,,,,,,,,,,,,,,,,,,,,,,,,,,,,,,,,,,,,,,,,,,,,
1768920139.624175,1768920139.624707,21.0,0.0,4347.692383,4332.179688,4337.94873,4350.641113,4328.205078,4325.512695,4345.512695,4347.179688,4328.205078,4317.05127,4507.307617,4530.641113,4405.128418,4449.871582,,,,,,,,,,,,,,,,,,,,,,,,,,,,,,,,,,,,,,,,,,,,,,,,,,,,,,,,,,,,,,,,,,,,,,
1768920139.631983,1768920139.632615,22.0,0.0,4348.333496,4334.102539,4337.563965,4352.563965,4331.538574,4327.820313,4342.179688,4342.692383,4326.410156,4323.205078,4507.563965,4524.615234,4400.769043,4448.974121,,,,,,,,,,,,,,,,,,,,,,,,,,,,,,,,,,,,,,,,,,,,,,,,,,,,,,,,,,,,,,,,,,,,,,
1768920139.639792,1768920139.640423,23.0,0.0,4347.94873,4332.307617,4341.153809,4351.922852,4328.974121,4331.794922,4343.205078,4343.205078,4327.179688,4314.102539,4503.846191,4524.615234,4397.436035,4445.641113,,,,,,,,,,,,,,,,,,,,,,,,,,,,,,,,,,,,,,,,,,,,,,,,,,,,,,,,,,,,,,,,,,,,,,
1768920139.647601,1768920139.648032,24.0,0.0,4346.794922,4332.820313,4342.179688,4350.769043,4326.794922,4331.794922,4346.538574,4345.256348,4329.743652,4316.153809,4503.846191,4530.512695,4398.974121,4450.512695,,,,,,,,,,,,,,,,,,,,,,,,,,,,,,,,,,,,,,,,,,,,,,,,,,,,,,,,,,,,,,,,,,,,,,
1768920139.655409,1768920139.65584,25.0,0.0,4348.205078,4334.358887,4342.436035,4351.666504,4330.512695,4325.0,4336.922852,4336.025879,4323.077148,4324.102539,4505.641113,4534.743652,4403.205078,4457.307617,,,,,,,,,,,,,,,,,,,,,,,,,,,,,,,,,,,,,,,,,,,,,,,,,,,,,,,,,,,,,,,,,,,,,,
1768920139.663217,1768920139.663549,26.0,0.0,4347.563965,4332.820313,4342.692383,4352.436035,4334.487305,4322.563965,4329.871582,4329.743652,4313.846191,4313.333496,4498.589844,4531.922852,4399.871582,4453.333496,,,,,,,,,,,,,,,,,,,,,,,,,,,,,,,,,,,,,,,,,,,,,,,,,,,,,,,,,,,,,,,,,,,,,,
1768920139.671026,1768920139.671357,27.0,0.0,4346.410156,4332.436035,4341.922852,4351.922852,4336.794922,4328.333496,4338.461426,4336.538574,4316.666504,4307.05127,4490.256348,4524.358887,4393.461426,4450.0,,,,,,,,,,,,,,,,,,,,,,,,,,,,,,,,,,,,,,,,,,,,,,,,,,,,,,,,,,,,,,,,,,,,,,
1768920139.678835,1768920139.678965,28.0,0.0,4344.743652,4328.333496,4341.025879,4348.974121,4331.794922,4329.102539,4337.05127,4340.769043,4320.128418,4311.666504,4488.717773,4520.512695,4394.230957,4449.871582,,,,,,,,,,,,,,,,,,,,,,,,,,,,,,,,,,,,,,,,,,,,,,,,,,,,,,,,,,,,,,,,,,,,,,
1768920139.686643,1768920139.686774,29.0,0.0,4342.179688,4323.717773,4340.0,4344.871582,4324.871582,4324.487305,4326.538574,4338.333496,4317.179688,4312.692383,4494.487305,4524.358887,4397.820313,4448.589844,,,,,,,,,,,,,,,,,,,,,,,,,,,,,,,,,,,,,,,,,,,,,,,,,,,,,,,,,,,,,,,,,,,,,,
1768920139.694452,1768920139.694682,30.0,0.0,4345.512695,4328.589844,4333.589844,4344.358887,4326.025879,4324.487305,4329.230957,4337.94873,4321.410156,4317.436035,4505.256348,4528.717773,4402.05127,4452.436035,,,,,,,,,,,,,,,,,,,,,,,,,,,,,,,,,,,,,,,,,,,,,,,,,,,,,,,,,,,,,,,,,,,,,,
1768920139.70226,1768920139.70249,31.0,0.0,4347.692383,4329.102539,4326.666504,4339.230957,4325.384766,4324.615234,4335.641113,4339.487305,4326.922852,4324.743652,4508.846191,4528.333496,4403.077148,4455.256348,,,,,,,,,,,,,,,,,,,,,,,,,,,,,,,,,,,,,,,,,,,,,,,,,,,,,,,,,,,,,,,,,,,,,,
1768920139.710069,1768920139.710499,32.0,0.0,4343.589844,4324.871582,4331.025879,4335.256348,4321.922852,4327.179688,4338.077148,4344.871582,4327.307617,4327.436035,4505.897461,4528.589844,4401.410156,4451.794922,0.787242,1.260504,0.326299,0.272949,0.109078,0.320643,1.232355,0.253867,0.155107,0.116347,1.082359,1.041972,0.47881,0.244796,0.156767,0.428197,1.026676,0.134526,0.178351,0.089019,0.285092,0.364361,0.278604,0.15039,0.080612,0.241287,0.180738,0.179867,0.201624,0.26468,0.36076,0.51741,0.264908,0.259749,0.341652,0.220047,0.317718,0.151638,0.178656,0.121261,0.283451,0.413519,0.215231,0.08974,0.130347,0.481161,0.465205,0.197786,0.140911,0.123054,1.341561,0.58959,0.316381,0.395494,0.16577,2.567944,0.506705,0.475027,0.484746,0.250192,0.90836,0.396241,0.205183,0.305687,0.146722,3.091951,0.780876,0.355878,0.62836,0.127495
1768920139.717877,1768920139.718307,33.0,0.0,4342.692383,4329.230957,4341.794922,4344.615234,4328.077148,4337.563965,4345.0,4354.230957,4336.794922,4329.358887,4511.666504,4537.94873,4408.589844,4453.205078,,,,,,,,,,,,,,,,,,,,,,,,,,,,,,,,,,,,,,,,,,,,,,,,,,,,,,,,,,,,,,,,,,,,,,
1768920139.725686,1768920139.726215,34.0,0.0,4345.512695,4336.153809,4344.102539,4351.153809,4333.846191,4338.205078,4344.102539,4351.922852,4341.282227,4328.846191,4515.641113,4541.282227,4416.666504,4457.179688,,,,,,,,,,,,,,,,,,,,,,,,,,,,,,,,,,,,,,,,,,,,,,,,,,,,,,,,,,,,,,,,,,,,,,
1768920139.733494,1768920139.734024,35.0,0.0,4348.717773,4338.846191,4340.769043,4345.897461,4329.743652,4327.563965,4336.410156,4342.05127,4330.128418,4325.769043,4508.205078,4533.333496,4409.871582,4453.974121,,,,,,,,,,,,,,,,,,,,,,,,,,,,,,,,,,,,,,,,,,,,,,,,,,,,,,,,,,,,,,,,,,,,,,
1768920139.741303,1768920139.742032,36.0,0.0,4351.666504,4341.410156,4343.333496,4348.461426,4326.282227,4329.230957,4341.922852,4345.512695,4329.615234,4327.820313,4507.05127,4534.487305,4402.307617,4453.333496,,,,,,,,,,,,,,,,,,,,,,,,,,,,,,,,,,,,,,,,,,,,,,,,,,,,,,,,,,,,,,,,,,,,,,
1768920139.749111,1768920139.749841,37.0,0.0,4349.871582,4343.077148,4346.410156,4356.025879,4328.205078,4336.153809,4345.512695,4350.384766,4337.05127,4326.153809,4508.461426,4540.641113,4404.871582,4455.128418,,,,,,,,,,,,,,,,,,,,,,,,,,,,,,,,,,,,,,,,,,,,,,,,,,,,,,,,,,,,,,,,,,,,,,
1768920139.75692,1768920139.757549,38.0,0.0,4344.743652,4337.05127,4343.589844,4349.615234,4326.794922,4328.974121,4335.384766,4338.717773,4326.794922,4316.153809,4501.794922,4533.333496,4401.538574,4455.128418,,,,,,,,,,,,,,,,,,,,,,,,,,,,,,,,,,,,,,,,,,,,,,,,,,,,,,,,,,,,,,,,,,,,,,
1768920139.764728,1768920139.765357,39.0,0.0,4346.282227,4335.641113,4340.897461,4347.436035,4324.743652,4322.436035,4333.974121,4331.794922,4316.410156,4312.563965,4501.025879,4528.717773,4394.743652,4459.743652,,,,,,,,,,,,,,,,,,,,,,,,,,,,,,,,,,,,,,,,,,,,,,,,,,,,,,,,,,,,,,,,,,,,,,
1768920139.772537,1768920139.772966,40.0,0.0,4353.205078,4341.666504,4342.05127,4357.307617,4325.641113,4324.358887,4335.641113,4343.461426,4322.820313,4318.974121,4508.077148,4539.615234,4398.333496,4461.153809,,,,,,,,,,,,,,,,,,,,,,,,,,,,,,,,,,,,,,,,,,,,,,,,,,,,,,,,,,,,,,,,,,,,,,
1768920139.780345,1768920139.780774,41.0,0.0,4354.102539,4344.871582,4343.974121,4360.128418,4326.922852,4326.794922,4327.94873,4348.333496,4327.820313,4321.538574,4507.94873,4545.384766,4406.153809,4460.897461,,,,,,,,,,,,,,,,,,,,,,,,,,,,,,,,,,,,,,,,,,,,,,,,,,,,,,,,,,,,,,,,,,,,,,
1768920139.788154,1768920139.788483,42.0,0.0,4349.615234,4342.05127,4344.230957,4360.384766,4329.743652,4331.282227,4331.025879,4344.358887,4326.153809,4317.692383,4511.410156,4543.333496,4410.128418,4461.794922,,,,,,,,,,,,,,,,,,,,,,,,,,,,,,,,,,,,,,,,,,,,,,,,,,,,,,,,,,,,,,,,,,,,,,
1768920139.795962,1768920139.796291,43.0,0.0,4347.436035,4337.05127,4343.461426,4363.333496,4331.153809,4331.538574,4342.820313,4344.487305,4326.922852,4322.563965,4517.05127,4544.615234,4411.410156,4460.0,,,,,,,,,,,,,,,,,,,,,,,,,,,,,,,,,,,,,,,,,,,,,,,,,,,,,,,,,,,,,,,,,,,,,,
1768920139.803771,1768920139.8039,44.0,0.0,4348.461426,4332.94873,4342.820313,4359.615234,4327.563965,4328.077148,4343.461426,4345.0,4329.487305,4332.436035,4512.563965,4544.102539,4413.333496,4461.410156,,,,,,,,,,,,,,,,,,,,,,,,,,,,,,,,,,,,,,,,,,,,,,,,,,,,,,,,,,,,,,,,,,,,,,
1768920139.811579,1768920139.811708,45.0,0.0,4347.820313,4329.230957,4341.922852,4354.230957,4325.641113,4327.179688,4339.743652,4346.153809,4331.282227,4331.025879,4515.512695,4545.769043,4414.358887,4463.974121,,,,,,,,,,,,,,,,,,,,,,,,,,,,,,,,,,,,,,,,,,,,,,,,,,,,,,,,,,,,,,,,,,,,,,
1768920139.819388,1768920139.819617,46.0,0.0,4343.974121,4326.794922,4341.666504,4354.230957,4327.05127,4326.282227,4335.384766,4346.922852,4329.743652,4327.307617,4524.358887,4550.0,4417.307617,4462.820313,,,,,,,,,,,,,,,,,,,,,,,,,,,,,,,,,,,,,,,,,,,,,,,,,,,,,,,,,,,,,,,,,,,,,,
1768920139.827196,1768920139.827426,47.0,0.0,4342.692383,4320.512695,4339.615234,4348.717773,4326.025879,4328.461426,4330.897461,4345.641113,4326.025879,4326.282227,4516.538574,4546.410156,4417.05127,4457.563965,,,,,,,,,,,,,,,,,,,,,,,,,,,,,,,,,,,,,,,,,,,,,,,,,,,,,,,,,,,,,,,,,,,,,,
1768920139.835005,1768920139.835434,48.0,0.0,4340.641113,4315.128418,4332.05127,4341.410156,4325.897461,4334.743652,4338.717773,4347.436035,4328.333496,4321.025879,4504.102539,4535.897461,4405.512695,4450.0,1.062493,1.192218,0.36995,0.252353,0.105057,0.339049,1.10283,0.271447,0.167209,0.121058,0.914812,1.008703,0.500844,0.235889,0.142739,0.426815,0.995148,0.156691,0.185279,0.080997,0.366178,0.305134,0.269942,0.15892,0.085857,0.265537,0.144391,0.172388,0.218302,0.240902,0.328825,0.374155,0.24435,0.240624,0.284702,0.21397,0.304306,0.136504,0.161054,0.122523,0.335467,0.415305,0.241701,0.092952,0.141549,0.471112,0.455001,0.223959,0.120791,0.115604,1.174311,0.584833,0.332934,0.371725,0.161242,2.37587,0.523121,0.480916,0.434822,0.22805,0.696725,0.365047,0.219238,0.327373,0.150744,3.632052,0.821168,0.370919,0.622118,0.122763
1768920139.842813,1768920139.843242,49.0,0.0,4335.0,4319.743652,4325.641113,4343.717773,4328.846191,4336.538574,4344.871582,4347.05127,4329.230957,4318.077148,4501.794922,4524.102539,4396.282227,4438.333496,,,,,,,,,,,,,,,,,,,,,,,,,,,,,,,,,,,,,,,,,,,,,,,,,,,,,,,,,,,,,,,,,,,,,,
1768920139.850622,1768920139.851151,50.0,0.0,4337.307617,4326.153809,4328.461426,4346.666504,4330.0,4331.025879,4335.769043,4338.589844,4316.410156,4318.461426,4497.692383,4515.897461,4395.384766,4433.589844,,,,,,,,,,,,,,,,,,,,,,,,,,,,,,,,,,,,,,,,,,,,,,,,,,,,,,,,,,,,,,,,,,,,,,
1768920139.858431,1768920139.858959,51.0,0.0,4342.05127,4325.897461,4332.94873,4346.153809,4326.282227,4327.436035,4331.282227,4335.256348,4309.230957,4312.820313,4492.820313,4515.256348,4391.794922,4434.358887,,,,,,,,,,,,,,,,,,,,,,,,,,,,,,,,,,,,,,,,,,,,,,,,,,,,,,,,,,,,,,,,,,,,,,
1768920139.866239,1768920139.866567,52.0,0.0,4338.717773,4324.358887,4334.487305,4347.436035,4324.743652,4325.641113,4334.487305,4339.871582,4315.256348,4308.077148,4494.871582,4516.153809,4388.974121,4431.153809,,,,,,,,,,,,,,,,,,,,,,,,,,,,,,,,,,,,,,,,,,,,,,,,,,,,,,,,,,,,,,,,,,,,,,
1768920139.874047,1768920139.874376,53.0,0.0,4338.205078,4327.307617,4333.077148,4347.94873,4328.205078,4327.179688,4336.410156,4340.128418,4317.692383,4311.153809,4491.794922,4515.0,4392.179688,4435.897461,,,,,,,,,,,,,,,,,,,,,,,,,,,,,,,,,,,,,,,,,,,,,,,,,,,,,,,,,,,,,,,,,,,,,,
1768920139.881856,1768920139.882084,54.0,0.0,4342.94873,4326.153809,4329.615234,4346.666504,4328.974121,4334.743652,4340.641113,4341.282227,4317.05127,4312.94873,4490.769043,4518.717773,4391.025879,4440.0,,,,,,,,,,,,,,,,,,,,,,,,,,,,,,,,,,,,,,,,,,,,,,,,,,,,,,,,,,,,,,,,,,,,,,
1768920139.889665,1768920139.889892,55.0,0.0,4344.871582,4324.487305,4332.307617,4346.025879,4326.025879,4335.897461,4344.743652,4347.05127,4322.563965,4316.282227,4499.871582,4528.077148,4390.641113,4438.077148,,,,,,,,,,,,,,,,,,,,,,,,,,,,,,,,,,,,,,,,,,,,,,,,,,,,,,,,,,,,,,,,,,,,,,
1768920139.897473,1768920139.8979,56.0,0.0,4348.974121,4327.179688,4340.512695,4345.897461,4325.128418,4328.717773,4340.384766,4351.025879,4332.05127,4325.0,4508.077148,4541.538574,4404.743652,4442.436035,,,,,,,,,,,,,,,,,,,,,,,,,,,,,,,,,,,,,,,,,,,,,,,,,,,,,,,,,,,,,,,,,,,,,,
1768920139.905282,1768920139.905709,57.0,0.0,4352.436035,4327.692383,4345.0,4346.922852,4327.820313,4327.820313,4339.615234,4355.0,4337.05127,4328.077148,4517.94873,4549.230957,4413.205078,4451.153809,,,,,,,,,,,,,,,,,,,,,,,,,,,,,,,,,,,,,,,,,,,,,,,,,,,,,,,,,,,,,,,,,,,,,,
1768920139.91309,1768920139.913617,58.0,0.0,4345.641113,4326.410156,4343.846191,4348.205078,4329.743652,4336.794922,4352.179688,4354.230957,4333.589844,4327.820313,4522.820313,4542.820313,4406.666504,4453.333496,,,,,,,,,,,,,,,,,,,,,,,,,,,,,,,,,,,,,,,,,,,,,,,,,,,,,,,,,,,,,,,,,,,,,,
1768920139.920899,1768920139.921426,59.0,0.0,4339.358887,4326.282227,4337.179688,4344.102539,4327.307617,4337.436035,4351.410156,4346.282227,4329.487305,4328.461426,4515.384766,4535.769043,4405.769043,4454.230957,,,,,,,,,,,,,,,,,,,,,,,,,,,,,,,,,,,,,,,,,,,,,,,,,,,,,,,,,,,,,,,,,,,,,,
1768920139.928707,1768920139.929434,60.0,0.0,4343.717773,4326.922852,4329.358887,4338.461426,4322.820313,4325.256348,4327.692383,4341.153809,4332.179688,4325.897461,4513.461426,4540.128418,4412.05127,4459.230957,,,,,,,,,,,,,,,,,,,,,,,,,,,,,,,,,,,,,,,,,,,,,,,,,,,,,,,,,,,,,,,,,,,,,,
1768920139.936516,1768920139.937242,61.0,0.0,4343.974121,4326.025879,4326.282227,4337.692383,4323.333496,4322.05127,4320.897461,4342.307617,4331.538574,4323.846191,4524.743652,4547.307617,4414.743652,4461.794922,,,,,,,,,,,,,,,,,,,,,,,,,,,,,,,,,,,,,,,,,,,,,,,,,,,,,,,,,,,,,,,,,,,,,,
1768920139.944324,1768920139.945151,62.0,0.0,4333.974121,4323.333496,4326.666504,4338.205078,4329.230957,4331.538574,4339.230957,4342.820313,4325.512695,4326.794922,4524.102539,4549.615234,4415.512695,4462.05127,,,,,,,,,,,,,,,,,,,,,,,,,,,,,,,,,,,,,,,,,,,,,,,,,,,,,,,,,,,,,,,,,,,,,,
1768920139.952133,1768920139.952959,63.0,0.0,4331.025879,4322.436035,4328.846191,4340.641113,4331.410156,4334.230957,4344.487305,4339.487305,4325.0,4327.94873,4510.0,4544.102539,4412.179688,4458.589844,,,,,,,,,,,,,,,,,,,,,,,,,,,,,,,,,,,,,,,,,,,,,,,,,,,,,,,,,,,,,,,,,,,,,,
1768920139.959941,1768920139.960568,64.0,0.0,4343.846191,4330.897461,4338.077148,4346.282227,4333.077148,4330.512695,4337.820313,4339.358887,4327.94873,4321.410156,4507.94873,4537.179688,4404.871582,4457.05127,1.351012,1.119914,0.389368,0.224688,0.104333,0.366194,0.918221,0.292193,0.18001,0.122524,0.784121,0.954802,0.48038,0.220329,0.128821,0.475511,0.937667,0.197026,0.190329,0.075699,0.423937,0.238137,0.249313,0.156023,0.09001,0.28631,0.118068,0.158081,0.219826,0.210783,0.308178,0.271752,0.217581,0.212262,0.223414,0.201969,0.29352,0.138901,0.143594,0.123454,0.398985,0.432291,0.282349,0.100156,0.154189,0.48281,0.459868,0.27728,0.112286,0.110565,0.978698,0.530581,0.341718,0.342581,0.155635,2.060517,0.518202,0.472268,0.370395,0.205442,0.518977,0.324128,0.256522,0.357516,0.157697,3.970174,0.806976,0.345086,0.612829,0.119576
1768920139.96775,1768920139.968376,65.0,0.0,4354.358887,4342.307617,4349.743652,4353.717773,4336.922852,4334.743652,4340.256348,4344.358887,4329.615234,4316.666504,4510.384766,4534.871582,4407.179688,4460.0,,,,,,,,,,,,,,,,,,,,,,,,,,,,,,,,,,,,,,,,,,,,,,,,,,,,,,,,,,,,,,,,,,,,,,
1768920139.975558,1768920139.976085,66.0,0.0,4347.820313,4345.641113,4352.436035,4361.153809,4336.666504,4341.538574,4344.102539,4342.94873,4329.358887,4318.717773,4508.461426,4535.897461,4415.256348,4460.256348,,,,,,,,,,,,,,,,,,,,,,,,,,,,,,,,,,,,,,,,,,,,,,,,,,,,,,,,,,,,,,,,,,,,,,
1768920139.983367,1768920139.983893,67.0,0.0,4338.333496,4343.077148,4346.666504,4359.615234,4331.153809,4340.641113,4343.077148,4339.743652,4327.179688,4318.333496,4507.692383,4537.94873,4414.102539,4457.820313,,,,,,,,,,,,,,,,,,,,,,,,,,,,,,,,,,,,,,,,,,,,,,,,,,,,,,,,,,,,,,,,,,,,,,
1768920139.991175,1768920139.991502,68.0,0.0,4335.128418,4334.743652,4340.256348,4347.563965,4325.384766,4340.256348,4342.692383,4346.025879,4326.666504,4312.179688,4507.05127,4537.692383,4404.743652,4450.641113,,,,,,,,,,,,,,,,,,,,,,,,,,,,,,,,,,,,,,,,,,,,,,,,,,,,,,,,,,,,,,,,,,,,,,
1768920139.998984,1768920139.99931,69.0,0.0,4333.461426,4325.641113,4339.487305,4340.384766,4322.94873,4338.846191,4342.563965,4347.307617,4325.512695,4305.769043,4505.641113,4532.820313,4396.025879,4443.717773,,,,,,,,,,,,,,,,,,,,,,,,,,,,,,,,,,,,,,,,,,,,,,,,,,,,,,,,,,,,,,,,,,,,,,
1768920140.006792,1768920140.007019,70.0,0.0,4337.692383,4326.025879,4344.871582,4344.871582,4323.589844,4333.846191,4341.538574,4341.666504,4328.461426,4308.974121,4504.871582,4534.358887,4397.820313,4448.589844,,,,,,,,,,,,,,,,,,,,,,,,,,,,,,,,,,,,,,,,,,,,,,,,,,,,,,,,,,,,,,,,,,,,,,
1768920140.014601,1768920140.014827,71.0,0.0,4346.922852,4331.922852,4351.025879,4349.743652,4327.436035,4336.794922,4348.077148,4347.820313,4338.846191,4323.589844,4512.563965,4546.794922,4413.846191,4460.512695,,,,,,,,,,,,,,,,,,,,,,,,,,,,,,,,,,,,,,,,,,,,,,,,,,,,,,,,,,,,,,,,,,,,,,
1768920140.022409,1768920140.022836,72.0,0.0,4350.641113,4331.922852,4354.102539,4350.256348,4330.0,4341.025879,4350.641113,4352.179688,4342.692383,4335.256348,4522.820313,4552.307617,4428.333496,4461.922852,,,,,,,,,,,,,,,,,,,,,,,,,,,,,,,,,,,,,,,,,,,,,,,,,,,,,,,,,,,,,,,,,,,,,,
1768920140.030218,1768920140.030644,73.0,0.0,4350.0,4333.846191,4358.077148,4354.487305,4327.692383,4336.538574,4343.589844,4346.538574,4341.153809,4335.0,4527.05127,4552.436035,4427.94873,4461.282227,,,,,,,,,,,,,,,,,,,,,,,,,,,,,,,,,,,,,,,,,,,,,,,,,,,,,,,,,,,,,,,,,,,,,,
1768920140.038026,1768920140.038552,74.0,0.0,4350.512695,4340.512695,4360.0,4359.487305,4331.538574,4335.384766,4346.153809,4352.94873,4344.871582,4330.256348,4526.153809,4557.436035,4422.436035,4466.282227,,,,,,,,,,,,,,,,,,,,,,,,,,,,,,,,,,,,,,,,,,,,,,,,,,,,,,,,,,,,,,,,,,,,,,
1768920140.045835,1768920140.046361,75.0,0.0,4348.974121,4341.538574,4349.871582,4357.307617,4338.205078,4344.615234,4353.974121,4360.256348,4344.358887,4329.487305,4520.384766,4552.179688,4417.820313,4461.538574,,,,,,,,,,,,,,,,,,,,,,,,,,,,,,,,,,,,,,,,,,,,,,,,,,,,,,,,,,,,,,,,,,,,,,
1768920140.053643,1768920140.054369,76.0,0.0,4347.307617,4338.077148,4339.487305,4354.871582,4336.153809,4340.384766,4346.794922,4347.692383,4334.230957,4326.410156,4510.769043,4534.743652,4409.743652,4451.025879,,,,,,,,,,,,,,,,,,,,,,,,,,,,,,,,,,,,,,,,,,,,,,,,,,,,,,,,,,,,,,,,,,,,,,
1768920140.061452,1768920140.062177,77.0,0.0,4348.333496,4339.102539,4342.436035,4357.307617,4332.820313,4328.205078,4336.153809,4338.974121,4325.256348,4320.897461,4506.666504,4525.256348,4403.846191,4448.846191,,,,,,,,,,,,,,,,,,,,,,,,,,,,,,,,,,,,,,,,,,,,,,,,,,,,,,,,,,,,,,,,,,,,,,
1768920140.06926,1768920140.069886,78.0,0.0,4350.128418,4341.025879,4347.05127,4357.179688,4333.717773,4334.743652,4342.307617,4342.820313,4325.384766,4315.769043,4508.974121,4531.025879,4409.487305,4454.102539,,,,,,,,,,,,,,,,,,,,,,,,,,,,,,,,,,,,,,,,,,,,,,,,,,,,,,,,,,,,,,,,,,,,,,
1768920140.077069,1768920140.077694,79.0,0.0,4346.922852,4339.743652,4345.0,4353.846191,4331.153809,4339.358887,4345.769043,4339.230957,4327.692383,4313.461426,4507.307617,4533.974121,4415.128418,4453.333496,,,,,,,,,,,,,,,,,,,,,,,,,,,,,,,,,,,,,,,,,,,,,,,,,,,,,,,,,,,,,,,,,,,,,,
1768920140.084878,1768920140.085702,80.0,0.0,4339.743652,4336.538574,4341.794922,4351.794922,4326.538574,4327.179688,4337.94873,4335.384766,4325.512695,4316.922852,4505.384766,4531.025879,4410.897461,4448.333496,1.583278,1.073198,0.380961,0.196108,0.105079,0.429959,0.739671,0.318433,0.188526,0.11887,0.707945,0.899022,0.43429,0.202381,0.11718,0.580397,0.873045,0.250325,0.190031,0.073561,0.4352,0.183675,0.236111,0.145924,0.092504,0.297891,0.110209,0.138335,0.208097,0.182293,0.297899,0.230474,0.186468,0.184379,0.170312,0.190192,0.292847,0.161319,0.131612,0.124506,0.464876,0.470566,0.332602,0.109609,0.165814,0.518899,0.504346,0.352824,0.119808,0.109256,0.81142,0.480582,0.348372,0.31617,0.150257,1.711009,0.528959,0.46268,0.313737,0.186126,0.410279,0.307868,0.298755,0.383515,0.166444,3.945361,0.745775,0.284329,0.602429,0.116117
1768920140.092686,1768920140.093511,81.0,0.0,4338.846191,4332.436035,4340.512695,4350.897461,4327.820313,4326.282227,4337.179688,4339.871582,4323.461426,4318.461426,4507.307617,4532.692383,4409.358887,4449.615234,,,,,,,,,,,,,,,,,,,,,,,,,,,,,,,,,,,,,,,,,,,,,,,,,,,,,,,,,,,,,,,,,,,,,,
1768920140.100495,1768920140.101419,82.0,0.0,4344.871582,4333.077148,4342.563965,4352.436035,4327.692383,4340.256348,4342.179688,4340.512695,4329.358887,4318.333496,4508.077148,4533.461426,4413.589844,4453.077148,,,,,,,,,,,,,,,,,,,,,,,,,,,,,,,,,,,,,,,,,,,,,,,,,,,,,,,,,,,,,,,,,,,,,,
1768920140.108303,1768920140.109227,83.0,0.0,4348.205078,4333.333496,4343.846191,4351.282227,4325.128418,4337.05127,4344.871582,4340.897461,4334.102539,4321.282227,4507.94873,4529.230957,4412.307617,4453.974121,,,,,,,,,,,,,,,,,,,,,,,,,,,,,,,,,,,,,,,,,,,,,,,,,,,,,,,,,,,,,,,,,,,,,,
1768920140.116112,1768920140.117236,84.0,0.0,4349.743652,4328.333496,4342.05127,4345.512695,4325.384766,4325.897461,4341.666504,4346.538574,4331.794922,4323.846191,4507.692383,4532.179688,4408.717773,4455.384766,,,,,,,,,,,,,,,,,,,,,,,,,,,,,,,,,,,,,,,,,,,,,,,,,,,,,,,,,,,,,,,,,,,,,,
1768920140.12392,1768920140.125044,85.0,0.0,4348.974121,4329.615234,4341.922852,4346.794922,4326.922852,4331.153809,4338.461426,4344.871582,4331.025879,4322.307617,4508.461426,4539.487305,4410.769043,4462.05127,,,,,,,,,,,,,,,,,,,,,,,,,,,,,,,,,,,,,,,,,,,,,,,,,,,,,,,,,,,,,,,,,,,,,,
1768920140.131729,1768920140.132753,86.0,0.0,4343.717773,4333.333496,4342.436035,4350.641113,4326.794922,4336.153809,4334.102539,4337.307617,4329.871582,4318.333496,4510.0,4534.871582,4413.461426,4461.153809,,,,,,,,,,,,,,,,,,,,,,,,,,,,,,,,,,,,,,,,,,,,,,,,,,,,,,,,,,,,,,,,,,,,,,
1768920140.139537,1768920140.140561,87.0,0.0,4341.410156,4328.205078,4341.025879,4348.333496,4325.128418,4327.563965,4328.974121,4337.692383,4326.025879,4318.461426,4508.077148,4531.282227,4412.820313,4456.410156,,,,,,,,,,,,,,,,,,,,,,,,,,,,,,,,,,,,,,,,,,,,,,,,,,,,,,,,,,,,,,,,,,,,,,
1768920140.147346,1768920140.14817,88.0,0.0,4346.794922,4326.282227,4345.256348,4349.871582,4323.974121,4322.820313,4330.641113,4341.410156,4328.974121,4318.846191,4510.256348,4541.538574,4415.384766,4461.666504,,,,,,,,,,,,,,,,,,,,,,,,,,,,,,,,,,,,,,,,,,,,,,,,,,,,,,,,,,,,,,,,,,,,,,
1768920140.155154,1768920140.155978,89.0,0.0,4352.436035,4330.641113,4351.922852,4354.871582,4322.94873,4329.743652,4336.666504,4340.897461,4335.0,4320.0,4517.436035,4549.743652,4418.077148,4468.333496,,,,,,,,,,,,,,,,,,,,,,,,,,,,,,,,,,,,,,,,,,,,,,,,,,,,,,,,,,,,,,,,,,,,,,
1768920140.162963,1768920140.163687,90.0,0.0,4351.794922,4328.461426,4349.487305,4350.512695,4322.436035,4327.820313,4335.641113,4340.0,4336.282227,4321.410156,4515.512695,4547.307617,4415.897461,4467.820313,,,,,,,,,,,,,,,,,,,,,,,,,,,,,,,,,,,,,,,,,,,,,,,,,,,,,,,,,,,,,,,,,,,,,,
1768920140.170771,1768920140.171495,91.0,0.0,4348.333496,4326.153809,4342.563965,4345.384766,4325.384766,4325.256348,4333.461426,4338.205078,4331.922852,4316.666504,4507.05127,4537.179688,4412.307617,4460.384766,,,,,,,,,,,,,,,,,,,,,,,,,,,,,,,,,,,,,,,,,,,,,,,,,,,,,,,,,,,,,,,,,,,,,,
1768920140.17858,1768920140.179104,92.0,0.0,4347.05127,4329.615234,4340.769043,4348.589844,4328.205078,4340.897461,4346.282227,4340.0,4332.436035,4314.615234,4505.769043,4531.794922,4407.692383,4455.0,,,,,,,,,,,,,,,,,,,,,,,,,,,,,,,,,,,,,,,,,,,,,,,,,,,,,,,,,,,,,,,,,,,,,,
1768920140.186388,1768920140.186912,93.0,0.0,4345.769043,4329.615234,4342.94873,4349.743652,4327.307617,4346.282227,4351.794922,4346.922852,4338.846191,4317.563965,4510.512695,4537.820313,4401.794922,4449.743652,,,,,,,,,,,,,,,,,,,,,,,,,,,,,,,,,,,,,,,,,,,,,,,,,,,,,,,,,,,,,,,,,,,,,,
1768920140.194197,1768920140.194621,94.0,0.0,4343.846191,4328.589844,4341.282227,4348.077148,4326.538574,4328.205078,4332.05127,4344.487305,4335.897461,4313.205078,4505.256348,4536.410156,4399.743652,4442.563965,,,,,,,,,,,,,,,,,,,,,,,,,,,,,,,,,,,,,,,,,,,,,,,,,,,,,,,,,,,,,,,,,,,,,,
1768920140.202005,1768920140.202429,95.0,0.0,4338.974121,4327.307617,4337.179688,4349.871582,4327.05127,4320.384766,4321.153809,4336.666504,4324.615234,4308.589844,4496.153809,4526.153809,4399.102539,4441.153809,,,,,,,,,,,,,,,,,,,,,,,,,,,,,,,,,,,,,,,,,,,,,,,,,,,,,,,,,,,,,,,,,,,,,,
1768920140.209814,1768920140.210038,96.0,0.0,4334.871582,4324.743652,4338.589844,4348.077148,4325.256348,4329.358887,4332.563965,4337.436035,4321.794922,4311.025879,4500.897461,4522.692383,4397.05127,4445.512695,1.706622,1.049324,0.349416,0.170979,0.104991,0.553091,0.614194,0.348028,0.188794,0.109745,0.68355,0.850377,0.389033,0.188217,0.109206,0.738958,0.818868,0.306028,0.183733,0.073802,0.397505,0.15638,0.242865,0.134771,0.09259,0.293293,0.123572,0.117327,0.190219,0.160797,0.293052,0.254573,0.157645,0.16738,0.135485,0.181463,0.315441,0.20192,0.126792,0.126415,0.520824,0.541599,0.388196,0.118332,0.174085,0.569464,0.606609,0.43546,0.140963,0.111576,0.720221,0.506827,0.35463,0.293927,0.145477,1.419067,0.596507,0.463148,0.281178,0.171132,0.378191,0.357565,0.327966,0.392327,0.174889,3.543299,0.657257,0.208407,0.581748,0.11057
1768920140.217622,1768920140.217846,97.0,0.0,4334.871582,4322.94873,4341.666504,4341.538574,4323.846191,4329.230957,4337.820313,4337.820313,4324.487305,4305.512695,4500.512695,4521.666504,4395.641113,4440.897461,,,,,,,,,,,,,,,,,,,,,,,,,,,,,,,,,,,,,,,,,,,,,,,,,,,,,,,,,,,,,,,,,,,,,,
1768920140.225431,1768920140.225755,98.0,0.0,4338.205078,4321.794922,4342.05127,4343.077148,4324.871582,4322.820313,4326.153809,4334.487305,4322.692383,4299.743652,4491.794922,4519.871582,4395.256348,4431.410156,,,,,,,,,,,,,,,,,,,,,,,,,,,,,,,,,,,,,,,,,,,,,,,,,,,,,,,,,,,,,,,,,,,,,,
1768920140.233239,1768920140.233563,99.0,0.0,4340.128418,4321.794922,4341.025879,4349.615234,4325.128418,4323.461426,4319.743652,4337.820313,4324.615234,4309.871582,4498.205078,4525.384766,4395.641113,4435.769043,,,,,,,,,,,,,,,,,,,,,,,,,,,,,,,,,,,,,,,,,,,,,,,,,,,,,,,,,,,,,,,,,,,,,,
1768920140.241048,1768920140.241571,100.0,0.0,4341.794922,4324.871582,4341.538574,4350.0,4323.333496,4327.436035,4326.025879,4339.871582,4328.589844,4314.230957,4505.128418,4529.871582,4397.692383,4443.846191,,,,,,,,,,,,,,,,,,,,,,,,,,,,,,,,,,,,,,,,,,,,,,,,,,,,,,,,,,,,,,,,,,,,,,
1768920140.248856,1768920140.24938,101.0,0.0,4346.666504,4328.077148,4343.461426,4349.743652,4324.743652,4327.05127,4328.205078,4334.615234,4324.615234,4306.538574,4496.666504,4526.538574,4395.641113,4442.820313,,,,,,,,,,,,,,,,,,,,,,,,,,,,,,,,,,,,,,,,,,,,,,,,,,,,,,,,,,,,,,,,,,,,,,
1768920140.256665,1768920140.257288,102.0,0.0,4349.102539,4329.102539,4351.282227,4353.205078,4326.282227,4326.153809,4325.897461,4334.102539,4321.922852,4306.282227,4497.307617,4528.077148,4395.256348,4447.563965,,,,,,,,,,,,,,,,,,,,,,,,,,,,,,,,,,,,,,,,,,,,,,,,,,,,,,,,,,,,,,,,,,,,,,
1768920140.264473,1768920140.265097,103.0,0.0,4350.384766,4333.333496,4360.384766,4361.153809,4326.025879,4331.025879,4333.205078,4337.94873,4325.769043,4311.794922,4510.384766,4538.846191,4404.487305,4460.384766,,,,,,,,,,,,,,,,,,,,,,,,,,,,,,,,,,,,,,,,,,,,,,,,,,,,,,,,,,,,,,,,,,,,,,
1768920140.272282,1768920140.272705,104.0,0.0,4355.384766,4341.025879,4362.05127,4367.307617,4326.666504,4329.871582,4335.256348,4337.692383,4329.230957,4310.897461,4516.025879,4547.307617,4414.615234,4464.230957,,,,,,,,,,,,,,,,,,,,,,,,,,,,,,,,,,,,,,,,,,,,,,,,,,,,,,,,,,,,,,,,,,,,,,
1768920140.28009,1768920140.280513,105.0,0.0,4354.871582,4343.205078,4358.461426,4362.563965,4326.153809,4324.102539,4330.897461,4339.102539,4327.820313,4312.05127,4515.256348,4547.692383,4419.230957,4458.974121,,,,,,,,,,,,,,,,,,,,,,,,,,,,,,,,,,,,,,,,,,,,,,,,,,,,,,,,,,,,,,,,,,,,,,
1768920140.287899,1768920140.288222,106.0,0.0,4350.641113,4338.717773,4357.05127,4358.974121,4325.641113,4330.897461,4339.102539,4342.94873,4328.077148,4321.025879,4518.589844,4541.922852,4417.820313,4460.0,,,,,,,,,,,,,,,,,,,,,,,,,,,,,,,,,,,,,,,,,,,,,,,,,,,,,,,,,,,,,,,,,,,,,,
1768920140.295708,1768920140.29603,107.0,0.0,4354.871582,4342.94873,4359.615234,4366.153809,4328.077148,4336.282227,4340.641113,4339.487305,4330.256348,4324.743652,4518.846191,4538.077148,4413.461426,4469.487305,,,,,,,,,,,,,,,,,,,,,,,,,,,,,,,,,,,,,,,,,,,,,,,,,,,,,,,,,,,,,,,,,,,,,,
1768920140.303516,1768920140.304038,108.0,0.0,4358.205078,4352.94873,4360.384766,4367.94873,4328.717773,4327.820313,4329.487305,4333.333496,4327.820313,4321.025879,4513.974121,4538.461426,4418.333496,4472.563965,,,,,,,,,,,,,,,,,,,,,,,,,,,,,,,,,,,,,,,,,,,,,,,,,,,,,,,,,,,,,,,,,,,,,,
1768920140.311324,1768920140.311847,109.0,0.0,4348.205078,4344.743652,4357.692383,4362.05127,4325.384766,4324.743652,4329.230957,4337.94873,4327.692383,4319.358887,4516.410156,4537.307617,4423.974121,4466.666504,,,,,,,,,,,,,,,,,,,,,,,,,,,,,,,,,,,,,,,,,,,,,,,,,,,,,,,,,,,,,,,,,,,,,,
1768920140.319133,1768920140.319755,110.0,0.0,4342.820313,4337.436035,4356.794922,4364.615234,4328.974121,4327.436035,4330.384766,4341.282227,4330.512695,4315.641113,4522.692383,4536.025879,4416.922852,4462.692383,,,,,,,,,,,,,,,,,,,,,,,,,,,,,,,,,,,,,,,,,,,,,,,,,,,,,,,,,,,,,,,,,,,,,,
1768920140.326942,1768920140.327563,111.0,0.0,4353.205078,4353.333496,4357.179688,4370.512695,4333.717773,4323.077148,4319.615234,4331.282227,4326.282227,4309.743652,4515.128418,4537.179688,4408.717773,4464.358887,,,,,,,,,,,,,,,,,,,,,,,,,,,,,,,,,,,,,,,,,,,,,,,,,,,,,,,,,,,,,,,,,,,,,,
1768920140.33475,1768920140.335172,112.0,0.0,4360.128418,4362.307617,4356.153809,4369.871582,4330.897461,4322.179688,4320.128418,4327.05127,4322.563965,4310.641113,4504.358887,4538.205078,4410.512695,4469.102539,1.70368,1.021144,0.311297,0.152589,0.102757,0.729866,0.554191,0.377942,0.18175,0.096634,0.70256,0.809123,0.368852,0.185965,0.104312,0.926358,0.778073,0.355702,0.175022,0.074857,0.322426,0.157377,0.270358,0.127132,0.089517,0.269693,0.151849,0.10352,0.172673,0.148815,0.286141,0.32573,0.141914,0.165286,0.124779,0.17849,0.370748,0.254386,0.12656,0.129714,0.559177,0.657206,0.44232,0.122828,0.177092,0.60727,0.774224,0.508994,0.167574,0.115863,0.727937,0.676664,0.360234,0.273638,0.141053,1.279562,0.768481,0.479561,0.277408,0.159875,0.417527,0.509105,0.339778,0.381205,0.180401,2.944006,0.586144,0.144939,0.538475,0.102511
1768920140.342559,1768920140.34298,113.0,0.0,4355.512695,4351.410156,4357.307617,4369.615234,4330.384766,4326.025879,4329.615234,4332.179688,4325.384766,4312.820313,4509.615234,4535.641113,4413.846191,4470.769043,,,,,,,,,,,,,,,,,,,,,,,,,,,,,,,,,,,,,,,,,,,,,,,,,,,,,,,,,,,,,,,,,,,,,,
1768920140.350367,1768920140.350689,114.0,0.0,4347.563965,4344.487305,4356.153809,4367.820313,4330.384766,4324.102539,4326.666504,4333.846191,4325.897461,4308.846191,4510.769043,4531.666504,4411.025879,4462.94873,,,,,,,,,,,,,,,,,,,,,,,,,,,,,,,,,,,,,,,,,,,,,,,,,,,,,,,,,,,,,,,,,,,,,,
1768920140.358176,1768920140.358497,115.0,0.0,4340.512695,4341.153809,4349.102539,4360.897461,4328.333496,4326.025879,4327.307617,4336.538574,4330.0,4310.128418,4505.256348,4534.487305,4405.641113,4456.538574,,,,,,,,,,,,,,,,,,,,,,,,,,,,,,,,,,,,,,,,,,,,,,,,,,,,,,,,,,,,,,,,,,,,,,
1768920140.365984,1768920140.366506,116.0,0.0,4342.05127,4333.846191,4349.743652,4356.025879,4330.0,4332.05127,4338.461426,4342.307617,4335.641113,4315.256348,4508.589844,4540.384766,4403.974121,4462.436035,,,,,,,,,,,,,,,,,,,,,,,,,,,,,,,,,,,,,,,,,,,,,,,,,,,,,,,,,,,,,,,,,,,,,,
1768920140.373793,1768920140.374315,117.0,0.0,4343.717773,4333.846191,4353.589844,4357.307617,4330.256348,4327.94873,4338.077148,4340.0,4330.769043,4314.358887,4508.077148,4537.05127,4400.384766,4460.128418,,,,,,,,,,,,,,,,,,,,,,,,,,,,,,,,,,,,,,,,,,,,,,,,,,,,,,,,,,,,,,,,,,,,,,
1768920140.381601,1768920140.382023,118.0,0.0,4336.025879,4337.692383,4345.641113,4358.589844,4325.512695,4319.358887,4326.025879,4330.641113,4323.717773,4309.487305,4495.512695,4526.410156,4390.128418,4444.871582,,,,,,,,,,,,,,,,,,,,,,,,,,,,,,,,,,,,,,,,,,,,,,,,,,,,,,,,,,,,,,,,,,,,,,
1768920140.38941,1768920140.389832,119.0,0.0,4334.230957,4332.436035,4339.230957,4357.05127,4324.358887,4320.769043,4322.436035,4329.230957,4323.974121,4306.666504,4488.974121,4520.384766,4388.461426,4441.922852,,,,,,,,,,,,,,,,,,,,,,,,,,,,,,,,,,,,,,,,,,,,,,,,,,,,,,,,,,,,,,,,,,,,,,
1768920140.397218,1768920140.39744,120.0,0.0,4340.641113,4327.179688,4345.897461,4355.384766,4327.05127,4325.256348,4325.769043,4333.846191,4324.615234,4308.077148,4497.692383,4520.0,4396.794922,4448.974121,,,,,,,,,,,,,,,,,,,,,,,,,,,,,,,,,,,,,,,,,,,,,,,,,,,,,,,,,,,,,,,,,,,,,,
1768920140.405027,1768920140.405249,121.0,0.0,4345.128418,4333.461426,4352.692383,4357.05127,4325.256348,4323.974121,4327.436035,4332.05127,4324.743652,4310.256348,4502.692383,4522.94873,4398.333496,4449.102539,,,,,,,,,,,,,,,,,,,,,,,,,,,,,,,,,,,,,,,,,,,,,,,,,,,,,,,,,,,,,,,,,,,,,,
1768920140.412835,1768920140.412957,122.0,0.0,4351.538574,4342.820313,4355.769043,4365.641113,4329.358887,4327.563965,4333.717773,4329.358887,4325.512695,4307.563965,4503.589844,4530.0,4397.179688,4449.743652,,,,,,,,,,,,,,,,,,,,,,,,,,,,,,,,,,,,,,,,,,,,,,,,,,,,,,,,,,,,,,,,,,,,,,
1768920140.420644,1768920140.420766,123.0,0.0,4355.512695,4345.128418,4359.615234,4371.282227,4334.871582,4333.461426,4335.128418,4335.512695,4325.128418,4304.487305,4504.615234,4535.641113,4399.615234,4460.0,,,,,,,,,,,,,,,,,,,,,,,,,,,,,,,,,,,,,,,,,,,,,,,,,,,,,,,,,,,,,,,,,,,,,,
1768920140.428452,1768920140.428774,124.0,0.0,4349.358887,4337.94873,4358.205078,4364.871582,4328.717773,4321.538574,4325.256348,4340.384766,4326.922852,4306.666504,4499.871582,4536.794922,4399.102539,4463.974121,,,,,,,,,,,,,,,,,,,,,,,,,,,,,,,,,,,,,,,,,,,,,,,,,,,,,,,,,,,,,,,,,,,,,,
1768920140.436261,1768920140.436582,125.0,0.0,4347.179688,4331.922852,4354.743652,4359.487305,4323.461426,4314.871582,4321.153809,4336.282227,4328.205078,4307.692383,4498.461426,4532.436035,4394.102539,4458.077148,,,,,,,,,,,,,,,,,,,,,,,,,,,,,,,,,,,,,,,,,,,,,,,,,,,,,,,,,,,,,,,,,,,,,,
1768920140.444069,1768920140.444491,126.0,0.0,4352.820313,4335.512695,4354.358887,4361.666504,4327.692383,4327.179688,4328.974121,4333.589844,4325.897461,4304.102539,4504.871582,4532.94873,4396.922852,4458.589844,,,,,,,,,,,,,,,,,,,,,,,,,,,,,,,,,,,,,,,,,,,,,,,,,,,,,,,,,,,,,,,,,,,,,,
1768920140.451878,1768920140.452299,127.0,0.0,4356.153809,4341.025879,4355.0,4361.666504,4330.128418,4331.025879,4335.128418,4335.641113,4325.641113,4308.589844,4507.436035,4544.615234,4409.358887,4469.358887,,,,,,,,,,,,,,,,,,,,,,,,,,,,,,,,,,,,,,,,,,,,,,,,,,,,,,,,,,,,,,,,,,,,,,
1768920140.459686,1768920140.460307,0.0,0.0,4358.846191,4342.05127,4357.307617,4357.05127,4326.410156,4329.487305,4333.333496,4339.615234,4332.307617,4318.333496,4508.461426,4552.05127,4414.487305,4478.717773,1.590969,0.961242,0.286147,0.145037,0.098861,0.924636,0.542216,0.403761,0.172817,0.082524,0.761102,0.771869,0.384142,0.20243,0.100309,1.11045,0.744306,0.393831,0.170092,0.075511,0.235104,0.177409,0.306639,0.123626,0.083032,0.235239,0.18168,0.105518,0.158601,0.147671,0.280766,0.410157,0.150059,0.174523,0.13965,0.185116,0.452748,0.310701,0.125612,0.134068,0.584257,0.813438,0.489296,0.120377,0.174074,0.617466,0.996977,0.564405,0.189232,0.119566,0.836204,1.011502,0.362603,0.252926,0.136494,1.329274,1.073289,0.512412,0.296607,0.151975,0.514876,0.769786,0.34366,0.359732,0.1806,2.391366,0.582719,0.113888,0.46878,0.093368
1768920140.467495,1768920140.468116,1.0,0.0,4359.230957,4338.077148,4357.436035,4356.282227,4325.769043,4332.436035,4331.153809,4339.230957,4335.512695,4316.282227,4511.538574,4544.871582,4405.897461,4476.666504,,,,,,,,,,,,,,,,,,,,,,,,,,,,,,,,,,,,,,,,,,,,,,,,,,,,,,,,,,,,,,,,,,,,,,
1768920140.475303,1768920140.475824,2.0,0.0,4351.922852,4332.563965,4350.384766,4359.102539,4327.94873,4322.436035,4324.230957,4328.461426,4324.743652,4307.307617,4501.153809,4531.153809,4396.794922,4464.743652,,,,,,,,,,,,,,,,,,,,,,,,,,,,,,,,,,,,,,,,,,,,,,,,,,,,,,,,,,,,,,,,,,,,,,
1768920140.483112,1768920140.483632,3.0,0.0,4345.512695,4333.589844,4345.512695,4358.205078,4328.717773,4312.820313,4311.538574,4322.692383,4317.94873,4306.794922,4488.974121,4523.333496,4397.05127,4456.410156,,,,,,,,,,,,,,,,,,,,,,,,,,,,,,,,,,,,,,,,,,,,,,,,,,,,,,,,,,,,,,,,,,,,,,
1768920140.49092,1768920140.491641,4.0,0.0,4350.256348,4340.769043,4348.461426,4356.666504,4330.897461,4324.102539,4310.0,4328.846191,4323.333496,4311.410156,4496.922852,4526.922852,4403.461426,4465.256348,,,,,,,,,,,,,,,,,,,,,,,,,,,,,,,,,,,,,,,,,,,,,,,,,,,,,,,,,,,,,,,,,,,,,,
1768920140.498729,1768920140.499449,5.0,0.0,4357.307617,4344.615234,4351.922852,4360.512695,4335.128418,4330.512695,4324.102539,4329.743652,4324.358887,4311.410156,4509.102539,4533.717773,4410.512695,4472.436035,,,,,,,,,,,,,,,,,,,,,,,,,,,,,,,,,,,,,,,,,,,,,,,,,,,,,,,,,,,,,,,,,,,,,,
1768920140.506538,1768920140.507357,6.0,0.0,4354.615234,4344.871582,4355.0,4364.615234,4335.384766,4323.205078,4327.563965,4327.307617,4321.025879,4310.128418,4508.205078,4534.871582,4411.794922,4463.846191,,,,,,,,,,,,,,,,,,,,,,,,,,,,,,,,,,,,,,,,,,,,,,,,,,,,,,,,,,,,,,,,,,,,,,
1768920140.514346,1768920140.515166,7.0,0.0,4347.820313,4347.692383,4356.153809,4362.563965,4331.282227,4322.692383,4318.589844,4330.256348,4323.333496,4309.358887,4502.692383,4533.461426,4408.717773,4462.94873,,,,,,,,,,,,,,,,,,,,,,,,,,,,,,,,,,,,,,,,,,,,,,,,,,,,,,,,,,,,,,,,,,,,,,
1768920140.522154,1768920140.522775,8.0,0.0,4350.384766,4347.179688,4352.820313,4357.692383,4331.153809,4326.794922,4320.769043,4333.974121,4326.410156,4311.025879,4506.282227,4536.025879,4409.743652,4472.436035,,,,,,,,,,,,,,,,,,,,,,,,,,,,,,,,,,,,,,,,,,,,,,,,,,,,,,,,,,,,,,,,,,,,,,
1768920140.529963,1768920140.530583,9.0,0.0,4354.487305,4343.846191,4353.077148,4355.769043,4331.922852,4328.461426,4328.333496,4335.641113,4327.05127,4315.128418,4510.256348,4536.794922,4413.589844,4468.077148,,,,,,,,,,,,,,,,,,,,,,,,,,,,,,,,,,,,,,,,,,,,,,,,,,,,,,,,,,,,,,,,,,,,,,
1768920140.537772,1768920140.538292,10.0,0.0,4350.897461,4344.871582,4357.692383,4358.205078,4329.358887,4327.563965,4327.436035,4332.307617,4325.897461,4313.461426,4508.333496,4536.538574,4412.563965,4457.820313,,,,,,,,,,,,,,,,,,,,,,,,,,,,,,,,,,,,,,,,,,,,,,,,,,,,,,,,,,,,,,,,,,,,,,
1768920140.54558,1768920140.5461,11.0,0.0,4349.102539,4346.794922,4359.102539,4360.641113,4327.820313,4325.384766,4323.461426,4329.230957,4322.307617,4308.461426,4505.384766,4539.743652,4405.256348,4459.358887,,,,,,,,,,,,,,,,,,,,,,,,,,,,,,,,,,,,,,,,,,,,,,,,,,,,,,,,,,,,,,,,,,,,,,
1768920140.553388,1768920140.554108,12.0,0.0,4348.974121,4344.615234,4356.025879,4358.333496,4328.589844,4324.615234,4324.615234,4334.743652,4327.05127,4309.871582,4507.436035,4538.333496,4402.179688,4461.538574,,,,,,,,,,,,,,,,,,,,,,,,,,,,,,,,,,,,,,,,,,,,,,,,,,,,,,,,,,,,,,,,,,,,,,
1768920140.561197,1768920140.561917,13.0,0.0,4342.563965,4339.743652,4351.153809,4357.563965,4326.410156,4324.487305,4327.692383,4337.436035,4330.256348,4313.077148,4510.0,4529.743652,4405.256348,4458.589844,,,,,,,,,,,,,,,,,,,,,,,,,,,,,,,,,,,,,,,,,,,,,,,,,,,,,,,,,,,,,,,,,,,,,,
1768920140.569006,1768920140.569626,14.0,0.0,4338.974121,4337.563965,4350.128418,4357.692383,4325.897461,4324.615234,4328.461426,4331.666504,4318.333496,4306.794922,4507.05127,4526.282227,4402.05127,4457.692383,,,,,,,,,,,,,,,,,,,,,,,,,,,,,,,,,,,,,,,,,,,,,,,,,,,,,,,,,,,,,,,,,,,,,,
1768920140.576814,1768920140.577434,15.0,0.0,4343.589844,4339.358887,4354.102539,4352.436035,4328.077148,4325.128418,4326.282227,4330.256348,4314.743652,4306.410156,4505.897461,4533.589844,4401.922852,4456.794922,,,,,,,,,,,,,,,,,,,,,,,,,,,,,,,,,,,,,,,,,,,,,,,,,,,,,,,,,,,,,,,,,,,,,,
1768920140.584623,1768920140.585043,16.0,0.0,4350.128418,4342.05127,4356.794922,4352.820313,4327.05127,4329.871582,4327.820313,4337.94873,4326.538574,4318.589844,4510.256348,4541.794922,4407.692383,4460.897461,1.429869,0.856242,0.284106,0.151436,0.095626,1.096015,0.546617,0.419714,0.169072,0.07183,0.870269,0.726728,0.426029,0.237744,0.095292,1.262236,0.70358,0.414943,0.173243,0.075733,0.161867,0.202213,0.333668,0.120874,0.073724,0.199816,0.201094,0.127583,0.148127,0.158182,0.278406,0.479276,0.186698,0.187724,0.176389,0.202893,0.537935,0.36159,0.120204,0.138381,0.60275,0.98062,0.525778,0.110971,0.165634,0.613121,1.23685,0.601899,0.198549,0.120446,1.032097,1.44472,0.35789,0.233222,0.131856,1.548107,1.476544,0.552782,0.326544,0.147206,0.686786,1.087193,0.353933,0.343512,0.174077,2.117585,0.664824,0.118613,0.383265,0.0862
1768920140.592431,1768920140.592851,17.0,0.0,4352.820313,4342.563965,4356.666504,4362.820313,4324.487305,4330.897461,4327.307617,4343.717773,4328.846191,4320.897461,4510.384766,4543.717773,4407.94873,4469.230957,,,,,,,,,,,,,,,,,,,,,,,,,,,,,,,,,,,,,,,,,,,,,,,,,,,,,,,,,,,,,,,,,,,,,,
1768920140.60024,1768920140.60056,18.0,0.0,4351.922852,4341.666504,4359.358887,4366.666504,4326.794922,4326.666504,4318.846191,4338.461426,4322.307617,4314.487305,4508.205078,4543.077148,4407.05127,4469.743652,,,,,,,,,,,,,,,,,,,,,,,,,,,,,,,,,,,,,,,,,,,,,,,,,,,,,,,,,,,,,,,,,,,,,,
1768920140.608048,1768920140.608368,19.0,0.0,4353.717773,4346.282227,4359.743652,4365.641113,4332.436035,4323.974121,4320.641113,4331.410156,4322.307617,4313.974121,4509.102539,4540.769043,4405.897461,4467.307617,,,,,,,,,,,,,,,,,,,,,,,,,,,,,,,,,,,,,,,,,,,,,,,,,,,,,,,,,,,,,,,,,,,,,,
1768920140.615857,1768920140.615976,20.0,0.0,4358.461426,4351.922852,4357.94873,4367.94873,4331.538574,4322.05127,4327.179688,4331.153809,4324.358887,4316.153809,4507.692383,4536.282227,4401.410156,4469.102539,,,,,,,,,,,,,,,,,,,,,,,,,,,,,,,,,,,,,,,,,,,,,,,,,,,,,,,,,,,,,,,,,,,,,,
1768920140.623665,1768920140.623784,21.0,0.0,4358.846191,4349.871582,4361.025879,4367.179688,4326.282227,4321.025879,4321.410156,4332.05127,4323.077148,4315.512695,4510.384766,4539.615234,4404.230957,4473.333496,,,,,,,,,,,,,,,,,,,,,,,,,,,,,,,,,,,,,,,,,,,,,,,,,,,,,,,,,,,,,,,,,,,,,,
1768920140.631474,1768920140.631693,22.0,0.0,4362.05127,4347.692383,4365.897461,4364.230957,4323.717773,4324.871582,4319.102539,4332.05127,4326.025879,4317.94873,4522.692383,4553.589844,4415.0,4481.282227,,,,,,,,,,,,,,,,,,,,,,,,,,,,,,,,,,,,,,,,,,,,,,,,,,,,,,,,,,,,,,,,,,,,,,
1768920140.639282,1768920140.639501,23.0,0.0,4367.692383,4353.846191,4366.922852,4368.077148,4328.333496,4327.436035,4328.461426,4336.666504,4328.974121,4323.846191,4527.436035,4561.282227,4416.666504,4483.846191,,,,,,,,,,,,,,,,,,,,,,,,,,,,,,,,,,,,,,,,,,,,,,,,,,,,,,,,,,,,,,,,,,,,,,
1768920140.647091,1768920140.647509,24.0,0.0,4366.025879,4360.769043,4367.94873,4374.743652,4333.077148,4324.102539,4329.230957,4338.461426,4325.512695,4323.461426,4520.512695,4555.128418,4410.897461,4479.358887,,,,,,,,,,,,,,,,,,,,,,,,,,,,,,,,,,,,,,,,,,,,,,,,,,,,,,,,,,,,,,,,,,,,,,
1768920140.654899,1768920140.655318,25.0,0.0,4364.615234,4360.0,4367.692383,4376.538574,4331.410156,4325.512695,4325.128418,4336.666504,4323.589844,4321.282227,4520.0,4551.922852,4417.179688,4477.563965,,,,,,,,,,,,,,,,,,,,,,,,,,,,,,,,,,,,,,,,,,,,,,,,,,,,,,,,,,,,,,,,,,,,,,
1768920140.662708,1768920140.663226,26.0,0.0,4368.589844,4360.512695,4365.128418,4374.743652,4331.153809,4330.384766,4328.461426,4339.230957,4327.692383,4323.974121,4526.538574,4553.717773,4427.563965,4479.358887,,,,,,,,,,,,,,,,,,,,,,,,,,,,,,,,,,,,,,,,,,,,,,,,,,,,,,,,,,,,,,,,,,,,,,
1768920140.670516,1768920140.671035,27.0,0.0,4369.487305,4364.230957,4367.563965,4373.461426,4332.692383,4325.769043,4328.077148,4338.205078,4326.538574,4324.871582,4526.410156,4553.461426,4425.512695,4482.692383,,,,,,,,,,,,,,,,,,,,,,,,,,,,,,,,,,,,,,,,,,,,,,,,,,,,,,,,,,,,,,,,,,,,,,
1768920140.678325,1768920140.678643,28.0,0.0,4372.94873,4362.692383,4372.94873,4375.256348,4332.307617,4322.94873,4324.358887,4335.769043,4322.692383,4321.153809,4523.077148,4550.384766,4417.94873,4485.512695,,,,,,,,,,,,,,,,,,,,,,,,,,,,,,,,,,,,,,,,,,,,,,,,,,,,,,,,,,,,,,,,,,,,,,
1768920140.686133,1768920140.686451,29.0,0.0,4378.846191,4361.794922,4375.256348,4377.692383,4332.94873,4329.871582,4324.743652,4337.94873,4327.05127,4321.794922,4524.230957,4547.179688,4418.846191,4482.05127,,,,,,,,,,,,,,,,,,,,,,,,,,,,,,,,,,,,,,,,,,,,,,,,,,,,,,,,,,,,,,,,,,,,,,
1768920140.693942,1768920140.69436,30.0,0.0,4373.589844,4365.512695,4371.153809,4378.077148,4332.436035,4330.641113,4328.077148,4335.128418,4332.05127,4324.358887,4524.871582,4546.282227,4418.205078,4478.589844,,,,,,,,,,,,,,,,,,,,,,,,,,,,,,,,,,,,,,,,,,,,,,,,,,,,,,,,,,,,,,,,,,,,,,
1768920140.70175,1768920140.702168,31.0,0.0,4364.743652,4359.615234,4361.153809,4372.307617,4327.307617,4322.179688,4326.666504,4326.282227,4324.358887,4314.871582,4517.307617,4539.358887,4412.436035,4478.461426,,,,,,,,,,,,,,,,,,,,,,,,,,,,,,,,,,,,,,,,,,,,,,,,,,,,,,,,,,,,,,,,,,,,,,
1768920140.709559,1768920140.709976,32.0,0.0,4361.538574,4344.743652,4353.846191,4362.94873,4324.102539,4319.743652,4318.461426,4324.871582,4314.743652,4301.538574,4507.820313,4527.94873,4407.307617,4467.179688,1.282435,0.722936,0.303282,0.172011,0.095294,1.22281,0.551371,0.421496,0.175108,0.068844,1.022189,0.667705,0.470326,0.283998,0.089176,1.344965,0.651393,0.417037,0.182981,0.076176,0.118355,0.220456,0.337689,0.114832,0.063108,0.171672,0.206155,0.164036,0.141426,0.179165,0.277974,0.522371,0.244394,0.199442,0.224812,0.227986,0.594668,0.398716,0.111093,0.14124,0.614483,1.110535,0.547198,0.098512,0.153308,0.61086,1.436213,0.621591,0.194863,0.117799,1.284784,1.851756,0.342454,0.222502,0.128275,1.857975,1.890076,0.586232,0.358335,0.144875,0.969004,1.373642,0.37874,0.346622,0.162214,2.239219,0.814402,0.148561,0.304124,0.084983
1768920140.717368,1768920140.717785,33.0,0.0,4356.153809,4338.333496,4353.717773,4359.871582,4327.05127,4331.282227,4323.846191,4332.820313,4315.641113,4301.282227,4503.205078,4523.461426,4398.205078,4453.077148,,,,,,,,,,,,,,,,,,,,,,,,,,,,,,,,,,,,,,,,,,,,,,,,,,,,,,,,,,,,,,,,,,,,,,
1768920140.725176,1768920140.725493,34.0,0.0,4358.205078,4343.717773,4360.512695,4366.410156,4334.102539,4343.461426,4342.436035,4338.846191,4325.769043,4315.256348,4510.0,4532.05127,4398.205078,4462.563965,,,,,,,,,,,,,,,,,,,,,,,,,,,,,,,,,,,,,,,,,,,,,,,,,,,,,,,,,,,,,,,,,,,,,,
1768920140.732984,1768920140.733302,35.0,0.0,4367.820313,4354.102539,4369.743652,4374.743652,4340.512695,4338.333496,4340.769043,4341.794922,4335.897461,4330.897461,4523.974121,4546.538574,4418.077148,4482.307617,,,,,,,,,,,,,,,,,,,,,,,,,,,,,,,,,,,,,,,,,,,,,,,,,,,,,,,,,,,,,,,,,,,,,,
1768920140.740793,1768920140.740911,36.0,0.0,4368.589844,4360.256348,4370.641113,4375.128418,4339.102539,4327.05127,4322.563965,4342.692383,4334.230957,4332.179688,4527.436035,4552.307617,4433.461426,4484.358887,,,,,,,,,,,,,,,,,,,,,,,,,,,,,,,,,,,,,,,,,,,,,,,,,,,,,,,,,,,,,,,,,,,,,,
1768920140.748602,1768920140.748719,37.0,0.0,4366.410156,4356.666504,4364.615234,4372.563965,4339.102539,4331.794922,4322.94873,4338.461426,4328.205078,4325.256348,4524.743652,4549.358887,4426.025879,4476.794922,,,,,,,,,,,,,,,,,,,,,,,,,,,,,,,,,,,,,,,,,,,,,,,,,,,,,,,,,,,,,,,,,,,,,,
1768920140.75641,1768920140.756428,38.0,0.0,4369.102539,4352.692383,4366.025879,4374.871582,4342.436035,4340.384766,4334.358887,4335.0,4327.692383,4324.358887,4522.563965,4547.179688,4413.333496,4473.205078,,,,,,,,,,,,,,,,,,,,,,,,,,,,,,,,,,,,,,,,,,,,,,,,,,,,,,,,,,,,,,,,,,,,,,
1768920140.764218,1768920140.764236,39.0,0.0,4365.512695,4354.358887,4368.717773,4374.871582,4337.563965,4333.461426,4331.922852,4335.512695,4326.153809,4318.077148,4513.974121,4544.871582,4411.794922,4467.692383,,,,,,,,,,,,,,,,,,,,,,,,,,,,,,,,,,,,,,,,,,,,,,,,,,,,,,,,,,,,,,,,,,,,,,
1768920140.772027,1768920140.772245,40.0,0.0,4357.94873,4352.436035,4363.717773,4367.307617,4336.282227,4331.025879,4329.230957,4337.820313,4324.871582,4311.153809,4510.0,4536.538574,4412.436035,4463.589844,,,,,,,,,,,,,,,,,,,,,,,,,,,,,,,,,,,,,,,,,,,,,,,,,,,,,,,,,,,,,,,,,,,,,,
1768920140.779836,1768920140.780053,41.0,0.0,4357.692383,4348.461426,4364.230957,4363.717773,4342.563965,4340.512695,4341.666504,4340.512695,4331.666504,4321.025879,4521.025879,4538.077148,4412.436035,4472.692383,,,,,,,,,,,,,,,,,,,,,,,,,,,,,,,,,,,,,,,,,,,,,,,,,,,,,,,,,,,,,,,,,,,,,,
1768920140.787644,1768920140.787761,42.0,0.0,4360.256348,4349.102539,4367.307617,4367.820313,4343.205078,4342.307617,4346.794922,4341.282227,4335.897461,4332.820313,4526.922852,4543.205078,4417.05127,4479.743652,,,,,,,,,,,,,,,,,,,,,,,,,,,,,,,,,,,,,,,,,,,,,,,,,,,,,,,,,,,,,,,,,,,,,,
1768920140.795453,1768920140.79557,43.0,0.0,4355.897461,4347.436035,4359.871582,4364.743652,4339.102539,4336.153809,4329.487305,4339.358887,4329.230957,4328.077148,4520.769043,4539.871582,4417.820313,4474.871582,,,,,,,,,,,,,,,,,,,,,,,,,,,,,,,,,,,,,,,,,,,,,,,,,,,,,,,,,,,,,,,,,,,,,,
1768920140.803261,1768920140.803178,44.0,0.0,4351.666504,4343.205078,4355.256348,4358.846191,4339.615234,4333.333496,4321.794922,4338.846191,4327.05127,4322.436035,4519.871582,4538.974121,4410.897461,4474.615234,,,,,,,,,,,,,,,,,,,,,,,,,,,,,,,,,,,,,,,,,,,,,,,,,,,,,,,,,,,,,,,,,,,,,,
1768920140.81107,1768920140.810986,45.0,0.0,4355.128418,4343.974121,4362.692383,4361.538574,4341.794922,4337.05127,4340.128418,4337.179688,4328.846191,4324.743652,4522.307617,4539.102539,4410.769043,4476.666504,,,,,,,,,,,,,,,,,,,,,,,,,,,,,,,,,,,,,,,,,,,,,,,,,,,,,,,,,,,,,,,,,,,,,,
1768920140.818878,1768920140.818695,46.0,0.0,4357.179688,4344.230957,4365.512695,4365.0,4340.256348,4339.230957,4342.179688,4330.0,4325.641113,4325.897461,4520.384766,4537.179688,4416.025879,4474.487305,,,,,,,,,,,,,,,,,,,,,,,,,,,,,,,,,,,,,,,,,,,,,,,,,,,,,,,,,,,,,,,,,,,,,,
1768920140.826687,1768920140.826503,47.0,0.0,4356.922852,4341.538574,4361.666504,4363.589844,4335.641113,4332.692383,4321.153809,4327.179688,4324.743652,4324.230957,4520.769043,4540.512695,4415.256348,4475.256348,,,,,,,,,,,,,,,,,,,,,,,,,,,,,,,,,,,,,,,,,,,,,,,,,,,,,,,,,,,,,,,,,,,,,,
1768920140.834495,1768920140.834511,48.0,0.0,4363.589844,4343.461426,4364.358887,4367.436035,4333.846191,4327.563965,4318.717773,4335.256348,4328.589844,4318.461426,4523.333496,4545.0,4413.461426,4478.333496,1.196124,0.597342,0.330849,0.201743,0.098563,1.293036,0.558118,0.406379,0.189686,0.075332,1.170667,0.603487,0.491878,0.325855,0.083275,1.329153,0.596742,0.401877,0.192656,0.077379,0.105548,0.225618,0.316227,0.103559,0.053367,0.157309,0.198239,0.203134,0.14122,0.206399,0.284759,0.543565,0.307264,0.209834,0.271791,0.255795,0.598154,0.417088,0.102319,0.141609,0.613662,1.155937,0.547462,0.088135,0.139279,0.616538,1.534993,0.620121,0.181476,0.112705,1.523421,2.106197,0.314787,0.226724,0.127446,2.128799,2.208451,0.601071,0.388525,0.143378,1.353229,1.543496,0.415454,0.369891,0.148457,2.678714,0.978431,0.185948,0.249922,0.093054
1768920140.842304,1768920140.84232,49.0,0.0,4367.179688,4344.358887,4365.897461,4371.153809,4335.641113,4332.436035,4329.615234,4341.922852,4328.333496,4317.179688,4521.282227,4538.205078,4413.205078,4474.487305,,,,,,,,,,,,,,,,,,,,,,,,,,,,,,,,,,,,,,,,,,,,,,,,,,,,,,,,,,,,,,,,,,,,,,
1768920140.850112,1768920140.850228,50.0,0.0,4358.846191,4341.025879,4357.05127,4361.538574,4336.153809,4333.461426,4328.333496,4337.563965,4325.384766,4325.769043,4518.461426,4532.436035,4412.307617,4470.769043,,,,,,,,,,,,,,,,,,,,,,,,,,,,,,,,,,,,,,,,,,,,,,,,,,,,,,,,,,,,,,,,,,,,,,
1768920140.857921,1768920140.858036,51.0,0.0,4352.436035,4339.615234,4351.794922,4355.512695,4336.025879,4331.410156,4328.077148,4333.974121,4327.05127,4326.153809,4516.922852,4533.461426,4412.307617,4471.025879,,,,,,,,,,,,,,,,,,,,,,,,,,,,,,,,,,,,,,,,,,,,,,,,,,,,,,,,,,,,,,,,,,,,,,
1768920140.865729,1768920140.866045,52.0,0.0,4353.205078,4339.615234,4357.436035,4362.436035,4339.871582,4334.871582,4331.794922,4338.589844,4328.205078,4316.410156,4511.410156,4532.179688,4407.05127,4465.256348,,,,,,,,,,,,,,,,,,,,,,,,,,,,,,,,,,,,,,,,,,,,,,,,,,,,,,,,,,,,,,,,,,,,,,
1768920140.873538,1768920140.873853,53.0,0.0,4356.922852,4342.179688,4361.922852,4369.230957,4343.846191,4331.794922,4327.94873,4337.94873,4321.538574,4311.666504,4506.025879,4528.717773,4398.974121,4457.820313,,,,,,,,,,,,,,,,,,,,,,,,,,,,,,,,,,,,,,,,,,,,,,,,,,,,,,,,,,,,,,,,,,,,,,
1768920140.881346,1768920140.881561,54.0,0.0,4358.846191,4347.820313,4360.512695,4368.846191,4342.94873,4329.615234,4325.128418,4331.282227,4318.461426,4310.0,4506.153809,4525.897461,4395.256348,4455.128418,,,,,,,,,,,,,,,,,,,,,,,,,,,,,,,,,,,,,,,,,,,,,,,,,,,,,,,,,,,,,,,,,,,,,,
1768920140.889155,1768920140.88937,55.0,0.0,4356.410156,4347.820313,4356.153809,4365.769043,4339.230957,4334.743652,4325.512695,4330.384766,4324.102539,4308.846191,4506.538574,4529.102539,4396.025879,4455.512695,,,,,,,,,,,,,,,,,,,,,,,,,,,,,,,,,,,,,,,,,,,,,,,,,,,,,,,,,,,,,,,,,,,,,,
1768920140.896963,1768920140.897378,56.0,0.0,4354.487305,4344.102539,4353.333496,4361.025879,4337.307617,4333.333496,4324.487305,4337.436035,4328.461426,4313.589844,4508.589844,4535.512695,4402.307617,4458.077148,,,,,,,,,,,,,,,,,,,,,,,,,,,,,,,,,,,,,,,,,,,,,,,,,,,,,,,,,,,,,,,,,,,,,,
1768920140.904772,1768920140.905186,57.0,0.0,4353.077148,4344.871582,4351.794922,4356.666504,4334.230957,4330.128418,4326.025879,4341.410156,4328.717773,4313.974121,4511.794922,4533.333496,4405.384766,4460.641113,,,,,,,,,,,,,,,,,,,,,,,,,,,,,,,,,,,,,,,,,,,,,,,,,,,,,,,,,,,,,,,,,,,,,,
1768920140.91258,1768920140.912995,58.0,0.0,4351.025879,4345.769043,4350.128418,4357.820313,4333.717773,4331.666504,4324.871582,4334.871582,4325.769043,4307.05127,4509.102539,4519.743652,4398.717773,4458.333496,,,,,,,,,,,,,,,,,,,,,,,,,,,,,,,,,,,,,,,,,,,,,,,,,,,,,,,,,,,,,,,,,,,,,,
1768920140.920389,1768920140.920803,59.0,0.0,4350.897461,4346.666504,4350.0,4361.153809,4338.717773,4332.179688,4324.487305,4333.846191,4323.846191,4308.333496,4507.179688,4518.077148,4396.794922,4456.922852,,,,,,,,,,,,,,,,,,,,,,,,,,,,,,,,,,,,,,,,,,,,,,,,,,,,,,,,,,,,,,,,,,,,,,
1768920140.928198,1768920140.928412,60.0,0.0,4351.922852,4348.717773,4351.153809,4361.538574,4335.769043,4335.512695,4330.769043,4341.922852,4326.153809,4317.307617,4508.717773,4534.102539,4401.538574,4460.128418,,,,,,,,,,,,,,,,,,,,,,,,,,,,,,,,,,,,,,,,,,,,,,,,,,,,,,,,,,,,,,,,,,,,,,
1768920140.936006,1768920140.93622,61.0,0.0,4350.512695,4346.153809,4352.307617,4358.589844,4330.769043,4342.436035,4333.461426,4339.358887,4328.589844,4316.025879,4507.436035,4536.282227,4402.692383,4460.256348,,,,,,,,,,,,,,,,,,,,,,,,,,,,,,,,,,,,,,,,,,,,,,,,,,,,,,,,,,,,,,,,,,,,,,
1768920140.943814,1768920140.943929,62.0,0.0,4348.077148,4340.897461,4351.410156,4354.615234,4333.974121,4340.0,4327.94873,4328.846191,4325.128418,4308.846191,4506.025879,4523.589844,4407.05127,4453.589844,,,,,,,,,,,,,,,,,,,,,,,,,,,,,,,,,,,,,,,,,,,,,,,,,,,,,,,,,,,,,,,,,,,,,,
1768920140.951623,1768920140.951737,63.0,0.0,4343.461426,4340.384766,4349.615234,4353.461426,4333.461426,4333.077148,4325.384766,4332.563965,4324.615234,4311.282227,4511.153809,4524.230957,4412.692383,4450.384766,,,,,,,,,,,,,,,,,,,,,,,,,,,,,,,,,,,,,,,,,,,,,,,,,,,,,,,,,,,,,,,,,,,,,,
1768920140.959432,1768920140.959745,64.0,0.0,4343.717773,4341.025879,4351.025879,4354.358887,4333.974121,4332.563965,4324.871582,4339.102539,4328.974121,4317.05127,4513.589844,4533.461426,4412.436035,4459.102539,1.191476,0.503639,0.354529,0.232611,0.10395,1.316363,0.571842,0.379891,0.207741,0.089799,1.27792,0.545143,0.480971,0.348226,0.078706,1.216154,0.547448,0.375976,0.195178,0.079408,0.114085,0.216105,0.277005,0.088466,0.046421,0.155314,0.18214,0.232886,0.150345,0.232561,0.298867,0.557099,0.357483,0.222908,0.3062,0.276909,0.546226,0.419185,0.098936,0.139169,0.590577,1.094142,0.52282,0.085406,0.126376,0.633045,1.496695,0.597079,0.167251,0.107587,1.696825,2.134141,0.279844,0.247361,0.130494,2.275154,2.351621,0.598996,0.419306,0.141137,1.787754,1.547849,0.454635,0.402182,0.13743,3.224729,1.086302,0.218563,0.229339,0.111487
1768920140.96724,1768920140.967554,65.0,0.0,4351.153809,4341.282227,4356.666504,4358.205078,4338.589844,4335.0,4325.512695,4339.743652,4330.641113,4317.05127,4511.794922,4534.871582,4412.94873,4464.487305,,,,,,,,,,,,,,,,,,,,,,,,,,,,,,,,,,,,,,,,,,,,,,,,,,,,,,,,,,,,,,,,,,,,,,
1768920140.975049,1768920140.975462,66.0,0.0,4353.077148,4343.974121,4362.179688,4359.743652,4337.820313,4341.794922,4332.692383,4344.871582,4329.615234,4315.641113,4509.230957,4536.153809,4404.743652,4458.077148,,,,,,,,,,,,,,,,,,,,,,,,,,,,,,,,,,,,,,,,,,,,,,,,,,,,,,,,,,,,,,,,,,,,,,
1768920140.982857,1768920140.983271,67.0,0.0,4350.512695,4343.717773,4360.897461,4356.794922,4336.025879,4342.436035,4335.128418,4343.333496,4325.769043,4310.897461,4508.589844,4535.512695,4396.282227,4456.153809,,,,,,,,,,,,,,,,,,,,,,,,,,,,,,,,,,,,,,,,,,,,,,,,,,,,,,,,,,,,,,,,,,,,,,
1768920140.990666,1768920140.990879,68.0,0.0,4349.743652,4341.153809,4355.641113,4355.769043,4337.307617,4334.743652,4328.717773,4333.589844,4324.358887,4307.563965,4510.0,4529.487305,4406.153809,4460.641113,,,,,,,,,,,,,,,,,,,,,,,,,,,,,,,,,,,,,,,,,,,,,,,,,,,,,,,,,,,,,,,,,,,,,,
1768920140.998474,1768920140.998687,69.0,0.0,4347.05127,4341.666504,4353.589844,4356.666504,4333.461426,4333.461426,4325.256348,4333.077148,4325.512695,4317.563965,4510.256348,4533.461426,4415.0,4458.589844,,,,,,,,,,,,,,,,,,,,,,,,,,,,,,,,,,,,,,,,,,,,,,,,,,,,,,,,,,,,,,,,,,,,,,
1768920141.006283,1768920141.006396,70.0,0.0,4347.436035,4346.538574,4360.0,4358.974121,4333.461426,4334.102539,4323.846191,4338.461426,4326.922852,4328.461426,4515.256348,4541.025879,4411.922852,4459.358887,,,,,,,,,,,,,,,,,,,,,,,,,,,,,,,,,,,,,,,,,,,,,,,,,,,,,,,,,,,,,,,,,,,,,,
1768920141.014091,1768920141.014204,71.0,0.0,4351.922852,4351.410156,4363.846191,4360.897461,4338.717773,4328.333496,4321.282227,4336.538574,4327.692383,4323.717773,4521.922852,4536.922852,4413.461426,4467.436035,,,,,,,,,,,,,,,,,,,,,,,,,,,,,,,,,,,,,,,,,,,,,,,,,,,,,,,,,,,,,,,,,,,,,,
1768920141.0219,1768920141.022212,72.0,0.0,4352.05127,4351.794922,4358.846191,4360.256348,4340.128418,4329.230957,4327.179688,4335.512695,4327.179688,4321.282227,4524.102539,4537.307617,4418.589844,4470.256348,,,,,,,,,,,,,,,,,,,,,,,,,,,,,,,,,,,,,,,,,,,,,,,,,,,,,,,,,,,,,,,,,,,,,,
1768920141.029708,1768920141.030021,73.0,0.0,4351.410156,4347.692383,4357.05127,4358.205078,4340.256348,4337.179688,4327.307617,4341.922852,4327.820313,4325.641113,4523.974121,4543.846191,4416.794922,4470.641113,,,,,,,,,,,,,,,,,,,,,,,,,,,,,,,,,,,,,,,,,,,,,,,,,,,,,,,,,,,,,,,,,,,,,,
1768920141.037517,1768920141.037929,74.0,0.0,4350.641113,4347.307617,4355.128418,4357.563965,4336.794922,4331.538574,4313.846191,4339.871582,4328.717773,4320.769043,4521.282227,4537.179688,4414.102539,4468.974121,,,,,,,,,,,,,,,,,,,,,,,,,,,,,,,,,,,,,,,,,,,,,,,,,,,,,,,,,,,,,,,,,,,,,,
1768920141.045325,1768920141.045737,75.0,0.0,4346.282227,4351.922852,4350.128418,4361.410156,4334.358887,4321.794922,4314.487305,4331.538574,4326.922852,4318.589844,4519.230957,4528.846191,4414.230957,4462.94873,,,,,,,,,,,,,,,,,,,,,,,,,,,,,,,,,,,,,,,,,,,,,,,,,,,,,,,,,,,,,,,,,,,,,,
1768920141.053134,1768920141.053746,76.0,0.0,4347.436035,4351.282227,4352.820313,4362.692383,4339.743652,4328.333496,4326.153809,4333.077148,4326.410156,4325.0,4520.256348,4533.974121,4415.769043,4467.307617,,,,,,,,,,,,,,,,,,,,,,,,,,,,,,,,,,,,,,,,,,,,,,,,,,,,,,,,,,,,,,,,,,,,,,
1768920141.060942,1768920141.061554,77.0,0.0,4352.820313,4347.05127,4358.846191,4358.974121,4343.974121,4337.692383,4330.641113,4341.666504,4332.179688,4322.94873,4523.974121,4540.256348,4416.153809,4476.153809,,,,,,,,,,,,,,,,,,,,,,,,,,,,,,,,,,,,,,,,,,,,,,,,,,,,,,,,,,,,,,,,,,,,,,
1768920141.068751,1768920141.069462,78.0,0.0,4350.641113,4348.205078,4353.077148,4356.922852,4341.282227,4341.282227,4336.794922,4343.333496,4334.487305,4314.743652,4522.436035,4537.436035,4413.461426,4467.692383,,,,,,,,,,,,,,,,,,,,,,,,,,,,,,,,,,,,,,,,,,,,,,,,,,,,,,,,,,,,,,,,,,,,,,
1768920141.076559,1768920141.077271,79.0,0.0,4342.563965,4348.461426,4343.077148,4358.974121,4337.563965,4341.538574,4339.358887,4340.256348,4328.974121,4316.666504,4516.282227,4528.461426,4412.692383,4456.410156,,,,,,,,,,,,,,,,,,,,,,,,,,,,,,,,,,,,,,,,,,,,,,,,,,,,,,,,,,,,,,,,,,,,,,
1768920141.084368,1768920141.085279,80.0,0.0,4339.487305,4341.025879,4339.230957,4358.461426,4336.538574,4339.871582,4330.0,4338.333496,4325.0,4320.769043,4510.256348,4522.563965,4411.922852,4458.589844,1.270204,0.446536,0.371635,0.256542,0.108624,1.315624,0.596308,0.354804,0.2231,0.107976,1.31261,0.495216,0.442931,0.344304,0.075513,1.044848,0.507413,0.350243,0.187369,0.081658,0.13263,0.19645,0.234265,0.073676,0.043225,0.16213,0.162403,0.245234,0.167888,0.250258,0.316068,0.570026,0.383303,0.242811,0.324486,0.283687,0.458923,0.41363,0.104836,0.134319,0.538859,0.938422,0.474528,0.095011,0.117029,0.659973,1.323017,0.558461,0.165631,0.105231,1.783262,1.932601,0.24609,0.281964,0.136076,2.266063,2.285916,0.591309,0.452664,0.136772,2.191689,1.39533,0.48844,0.429939,0.132959,3.663106,1.078709,0.245443,0.242335,0.137669
1768920141.092176,1768920141.093088,81.0,0.0,4341.282227,4341.153809,4339.230957,4356.025879,4337.307617,4335.769043,4325.641113,4337.05127,4325.897461,4314.743652,4507.563965,4525.769043,4410.384766,4460.0,,,,,,,,,,,,,,,,,,,,,,,,,,,,,,,,,,,,,,,,,,,,,,,,,,,,,,,,,,,,,,,,,,,,,,
1768920141.099985,1768920141.100797,82.0,0.0,4346.922852,4349.615234,4345.0,4360.641113,4339.743652,4332.436035,4328.717773,4338.077148,4330.512695,4311.794922,4505.897461,4529.743652,4410.897461,4456.538574,,,,,,,,,,,,,,,,,,,,,,,,,,,,,,,,,,,,,,,,,,,,,,,,,,,,,,,,,,,,,,,,,,,,,,
1768920141.107793,1768920141.108605,83.0,0.0,4352.820313,4347.05127,4349.871582,4363.461426,4337.94873,4336.153809,4331.794922,4343.589844,4333.717773,4320.641113,4511.538574,4530.0,4412.692383,4459.615234,,,,,,,,,,,,,,,,,,,,,,,,,,,,,,,,,,,,,,,,,,,,,,,,,,,,,,,,,,,,,,,,,,,,,,
1768920141.115602,1768920141.116214,84.0,0.0,4355.256348,4343.974121,4349.743652,4361.153809,4334.871582,4335.256348,4333.589844,4346.538574,4336.282227,4328.333496,4520.256348,4534.743652,4413.333496,4463.974121,,,,,,,,,,,,,,,,,,,,,,,,,,,,,,,,,,,,,,,,,,,,,,,,,,,,,,,,,,,,,,,,,,,,,,
1768920141.12341,1768920141.124022,85.0,0.0,4356.794922,4353.077148,4351.794922,4363.077148,4335.512695,4328.974121,4329.871582,4344.615234,4338.461426,4324.871582,4517.179688,4537.563965,4413.333496,4465.769043,,,,,,,,,,,,,,,,,,,,,,,,,,,,,,,,,,,,,,,,,,,,,,,,,,,,,,,,,,,,,,,,,,,,,,
1768920141.131219,1768920141.131731,86.0,0.0,4357.94873,4354.615234,4356.153809,4364.871582,4333.589844,4334.743652,4330.897461,4345.512695,4336.282227,4322.436035,4512.692383,4535.0,4413.333496,4472.692383,,,,,,,,,,,,,,,,,,,,,,,,,,,,,,,,,,,,,,,,,,,,,,,,,,,,,,,,,,,,,,,,,,,,,,
1768920141.139027,1768920141.139539,87.0,0.0,4353.846191,4343.974121,4358.974121,4361.922852,4333.461426,4345.512695,4338.974121,4347.436035,4334.615234,4324.487305,4514.871582,4537.307617,4411.666504,4472.94873,,,,,,,,,,,,,,,,,,,,,,,,,,,,,,,,,,,,,,,,,,,,,,,,,,,,,,,,,,,,,,,,,,,,,,
1768920141.146836,1768920141.147148,88.0,0.0,4353.974121,4345.384766,4359.871582,4361.666504,4337.692383,4340.769043,4340.256348,4343.974121,4333.461426,4322.94873,4514.615234,4540.769043,4410.384766,4466.794922,,,,,,,,,,,,,,,,,,,,,,,,,,,,,,,,,,,,,,,,,,,,,,,,,,,,,,,,,,,,,,,,,,,,,,
1768920141.154644,1768920141.154956,89.0,0.0,4362.94873,4353.077148,4358.333496,4365.641113,4335.641113,4336.282227,4340.384766,4344.230957,4332.94873,4322.820313,4518.077148,4543.974121,4411.922852,4471.025879,,,,,,,,,,,,,,,,,,,,,,,,,,,,,,,,,,,,,,,,,,,,,,,,,,,,,,,,,,,,,,,,,,,,,,
1768920141.162453,1768920141.162864,90.0,0.0,4362.307617,4352.179688,4357.94873,4366.410156,4333.717773,4339.102539,4343.077148,4351.153809,4338.717773,4325.769043,4526.410156,4547.820313,4416.153809,4473.974121,,,,,,,,,,,,,,,,,,,,,,,,,,,,,,,,,,,,,,,,,,,,,,,,,,,,,,,,,,,,,,,,,,,,,,
1768920141.170262,1768920141.170673,91.0,0.0,4355.641113,4349.615234,4363.077148,4365.897461,4337.307617,4331.922852,4337.436035,4348.205078,4340.512695,4327.692383,4523.717773,4540.384766,4415.897461,4467.563965,,,,,,,,,,,,,,,,,,,,,,,,,,,,,,,,,,,,,,,,,,,,,,,,,,,,,,,,,,,,,,,,,,,,,,
1768920141.17807,1768920141.178681,92.0,0.0,4357.563965,4347.692383,4365.897461,4368.333496,4337.94873,4333.589844,4340.897461,4347.563965,4338.333496,4326.922852,4520.128418,4534.615234,4414.102539,4466.794922,,,,,,,,,,,,,,,,,,,,,,,,,,,,,,,,,,,,,,,,,,,,,,,,,,,,,,,,,,,,,,,,,,,,,,
1768920141.185879,1768920141.18649,93.0,0.0,4357.179688,4344.743652,4362.05127,4365.769043,4333.589844,4343.077148,4352.820313,4357.307617,4342.179688,4325.256348,4519.871582,4542.307617,4412.436035,4469.871582,,,,,,,,,,,,,,,,,,,,,,,,,,,,,,,,,,,,,,,,,,,,,,,,,,,,,,,,,,,,,,,,,,,,,,
1768920141.193687,1768920141.194198,94.0,0.0,4351.410156,4341.922852,4355.897461,4360.256348,4332.307617,4333.846191,4342.436035,4350.897461,4337.820313,4323.974121,4510.897461,4541.538574,4407.05127,4463.974121,,,,,,,,,,,,,,,,,,,,,,,,,,,,,,,,,,,,,,,,,,,,,,,,,,,,,,,,,,,,,,,,,,,,,,
1768920141.201496,1768920141.202006,95.0,0.0,4352.307617,4340.897461,4352.179688,4360.897461,4335.128418,4324.358887,4326.666504,4334.871582,4324.871582,4323.589844,4504.358887,4527.94873,4404.615234,4458.333496,,,,,,,,,,,,,,,,,,,,,,,,,,,,,,,,,,,,,,,,,,,,,,,,,,,,,,,,,,,,,,,,,,,,,,
1768920141.209304,1768920141.209615,96.0,0.0,4357.692383,4343.333496,4352.05127,4364.871582,4338.205078,4329.102539,4335.769043,4337.563965,4328.077148,4323.333496,4508.461426,4527.05127,4410.641113,4461.666504,1.391086,0.419793,0.38433,0.268255,0.10972,1.302152,0.630882,0.339814,0.231471,0.124101,1.253867,0.459141,0.390626,0.319297,0.073253,0.856786,0.476428,0.333067,0.173286,0.083384,0.154904,0.173416,0.199741,0.063813,0.043307,0.172223,0.140552,0.238843,0.189558,0.255013,0.329056,0.572917,0.38068,0.270579,0.330043,0.270079,0.363047,0.406468,0.120621,0.128175,0.456596,0.729243,0.406605,0.116946,0.112292,0.688453,1.060568,0.512875,0.185918,0.108235,1.777756,1.583285,0.219278,0.323985,0.141064,2.123044,2.049685,0.585816,0.486073,0.131221,2.46419,1.154914,0.511248,0.444378,0.135736,3.86677,0.962695,0.268719,0.280765,0.165485
1768920141.217113,1768920141.217423,97.0,0.0,4358.461426,4346.794922,4351.666504,4368.077148,4335.897461,4333.077148,4346.794922,4345.769043,4339.615234,4327.05127,4512.436035,4536.922852,4416.153809,4465.384766,,,,,,,,,,,,,,,,,,,,,,,,,,,,,,,,,,,,,,,,,,,,,,,,,,,,,,,,,,,,,,,,,,,,,,
1768920141.224921,1768920141.225331,98.0,0.0,4353.717773,4345.128418,4350.128418,4367.307617,4329.102539,4332.179688,4340.641113,4339.102539,4335.384766,4329.871582,4507.692383,4538.589844,4409.358887,4465.0,,,,,,,,,,,,,,,,,,,,,,,,,,,,,,,,,,,,,,,,,,,,,,,,,,,,,,,,,,,,,,,,,,,,,,
1768920141.23273,1768920141.23314,99.0,0.0,4352.307617,4341.282227,4349.615234,4363.589844,4332.94873,4336.410156,4339.871582,4338.589844,4328.461426,4329.230957,4509.743652,4535.384766,4404.102539,4467.436035,,,,,,,,,,,,,,,,,,,,,,,,,,,,,,,,,,,,,,,,,,,,,,,,,,,,,,,,,,,,,,,,,,,,,,
1768920141.240538,1768920141.241148,100.0,0.0,4358.846191,4343.974121,4352.05127,4363.333496,4342.179688,4341.025879,4345.641113,4347.563965,4334.358887,4331.153809,4521.410156,4535.384766,4412.692383,4473.333496,,,,,,,,,,,,,,,,,,,,,,,,,,,,,,,,,,,,,,,,,,,,,,,,,,,,,,,,,,,,,,,,,,,,,,
1768920141.248347,1768920141.248956,101.0,0.0,4361.025879,4346.153809,4353.717773,4366.922852,4339.871582,4339.358887,4344.230957,4347.563965,4337.05127,4332.436035,4520.512695,4537.307617,4416.410156,4474.230957,,,,,,,,,,,,,,,,,,,,,,,,,,,,,,,,,,,,,,,,,,,,,,,,,,,,,,,,,,,,,,,,,,,,,,
1768920141.256155,1768920141.256865,102.0,0.0,4356.410156,4343.333496,4352.94873,4365.897461,4335.384766,4335.0,4344.102539,4344.743652,4332.307617,4327.563965,4507.563965,4533.589844,4407.307617,4467.563965,,,,,,,,,,,,,,,,,,,,,,,,,,,,,,,,,,,,,,,,,,,,,,,,,,,,,,,,,,,,,,,,,,,,,,
1768920141.263964,1768920141.264673,103.0,0.0,4358.589844,4345.128418,4354.871582,4364.487305,4337.563965,4336.282227,4346.666504,4347.692383,4336.025879,4323.846191,4507.179688,4529.487305,4405.897461,4464.102539,,,,,,,,,,,,,,,,,,,,,,,,,,,,,,,,,,,,,,,,,,,,,,,,,,,,,,,,,,,,,,,,,,,,,,
1768920141.271772,1768920141.272681,104.0,0.0,4363.846191,4348.461426,4358.333496,4367.307617,4339.743652,4341.410156,4345.512695,4351.666504,4343.846191,4325.128418,4514.230957,4533.205078,4411.794922,4466.666504,,,,,,,,,,,,,,,,,,,,,,,,,,,,,,,,,,,,,,,,,,,,,,,,,,,,,,,,,,,,,,,,,,,,,,
1768920141.279581,1768920141.28049,105.0,0.0,4364.230957,4345.256348,4357.179688,4366.538574,4337.05127,4339.871582,4342.307617,4348.589844,4339.871582,4325.0,4511.410156,4532.436035,4408.077148,4468.717773,,,,,,,,,,,,,,,,,,,,,,,,,,,,,,,,,,,,,,,,,,,,,,,,,,,,,,,,,,,,,,,,,,,,,,
1768920141.287389,1768920141.288198,106.0,0.0,4361.153809,4343.205078,4354.102539,4364.358887,4338.077148,4340.256348,4341.538574,4345.384766,4333.589844,4321.410156,4510.0,4530.384766,4409.102539,4465.769043,,,,,,,,,,,,,,,,,,,,,,,,,,,,,,,,,,,,,,,,,,,,,,,,,,,,,,,,,,,,,,,,,,,,,,
1768920141.295198,1768920141.296007,107.0,0.0,4353.974121,4344.102539,4352.436035,4363.717773,4341.153809,4342.820313,4346.410156,4345.512695,4335.512695,4320.897461,4510.0,4531.666504,4412.563965,4458.717773,,,,,,,,,,,,,,,,,,,,,,,,,,,,,,,,,,,,,,,,,,,,,,,,,,,,,,,,,,,,,,,,,,,,,,
1768920141.303006,1768920141.303615,108.0,0.0,4347.820313,4339.358887,4347.05127,4358.461426,4332.436035,4335.512695,4342.94873,4346.410156,4336.922852,4326.153809,4506.282227,4528.205078,4405.256348,4455.897461,,,,,,,,,,,,,,,,,,,,,,,,,,,,,,,,,,,,,,,,,,,,,,,,,,,,,,,,,,,,,,,,,,,,,,
1768920141.310815,1768920141.311424,109.0,0.0,4348.717773,4334.487305,4344.487305,4356.025879,4326.410156,4331.025879,4327.05127,4347.05127,4336.538574,4330.0,4511.922852,4526.666504,4404.358887,4457.436035,,,,,,,,,,,,,,,,,,,,,,,,,,,,,,,,,,,,,,,,,,,,,,,,,,,,,,,,,,,,,,,,,,,,,,
1768920141.318623,1768920141.319132,110.0,0.0,4353.846191,4339.230957,4349.230957,4362.820313,4335.897461,4340.256348,4331.025879,4345.256348,4335.769043,4328.333496,4517.179688,4528.333496,4413.461426,4458.077148,,,,,,,,,,,,,,,,,,,,,,,,,,,,,,,,,,,,,,,,,,,,,,,,,,,,,,,,,,,,,,,,,,,,,,
1768920141.326432,1768920141.326941,111.0,0.0,4359.102539,4345.769043,4351.666504,4368.205078,4345.128418,4348.846191,4350.897461,4343.974121,4337.692383,4331.282227,4511.025879,4528.461426,4414.871582,4462.179688,,,,,,,,,,,,,,,,,,,,,,,,,,,,,,,,,,,,,,,,,,,,,,,,,,,,,,,,,,,,,,,,,,,,,,
1768920141.33424,1768920141.334549,112.0,0.0,4361.922852,4345.384766,4350.0,4367.179688,4342.692383,4343.589844,4341.666504,4345.641113,4343.077148,4337.692383,4512.820313,4530.384766,4415.384766,4466.794922,1.490316,0.407912,0.392823,0.267927,0.105631,1.267911,0.667731,0.334735,0.232507,0.133093,1.121716,0.441437,0.338987,0.288164,0.071326,0.682019,0.450262,0.325562,0.162127,0.083675,0.176444,0.153566,0.178582,0.06166,0.045416,0.185926,0.118831,0.220141,0.210078,0.246844,0.334777,0.554512,0.355654,0.304355,0.328785,0.239593,0.281501,0.397383,0.143938,0.122415,0.357111,0.516637,0.326683,0.14715,0.111325,0.708254,0.779183,0.470332,0.228288,0.117803,1.690235,1.205693,0.200529,0.365984,0.141698,1.905487,1.724434,0.580183,0.51342,0.127979,2.525469,0.91632,0.522656,0.44712,0.143216,3.793949,0.783641,0.287243,0.331475,0.187755
1768920141.342049,1768920141.342358,113.0,0.0,4359.871582,4340.897461,4349.358887,4364.743652,4339.358887,4332.692383,4320.0,4348.589844,4343.205078,4340.0,4523.589844,4531.922852,4420.0,4466.410156,,,,,,,,,,,,,,,,,,,,,,,,,,,,,,,,,,,,,,,,,,,,,,,,,,,,,,,,,,,,,,,,,,,,,,
1768920141.349857,1768920141.350066,114.0,0.0,4356.666504,4341.794922,4349.871582,4363.974121,4339.743652,4333.333496,4327.692383,4349.487305,4341.025879,4341.025879,4523.846191,4532.05127,4419.358887,4468.461426,,,,,,,,,,,,,,,,,,,,,,,,,,,,,,,,,,,,,,,,,,,,,,,,,,,,,,,,,,,,,,,,,,,,,,
1768920141.357666,1768920141.357874,115.0,0.0,4355.769043,4344.230957,4349.871582,4365.128418,4339.615234,4339.358887,4340.0,4350.128418,4344.358887,4338.589844,4520.512695,4533.461426,4416.666504,4473.077148,,,,,,,,,,,,,,,,,,,,,,,,,,,,,,,,,,,,,,,,,,,,,,,,,,,,,,,,,,,,,,,,,,,,,,
1768920141.365474,1768920141.365883,116.0,0.0,4354.743652,4340.0,4352.307617,4363.589844,4336.666504,4337.05127,4333.717773,4351.922852,4340.384766,4331.922852,4523.461426,4531.282227,4416.410156,4471.153809,,,,,,,,,,,,,,,,,,,,,,,,,,,,,,,,,,,,,,,,,,,,,,,,,,,,,,,,,,,,,,,,,,,,,,
1768920141.373283,1768920141.373691,117.0,0.0,4357.05127,4340.128418,4354.615234,4360.641113,4332.307617,4334.358887,4332.307617,4349.743652,4330.256348,4329.358887,4525.256348,4529.743652,4416.025879,4469.871582,,,,,,,,,,,,,,,,,,,,,,,,,,,,,,,,,,,,,,,,,,,,,,,,,,,,,,,,,,,,,,,,,,,,,,
1768920141.381091,1768920141.381599,118.0,0.0,4362.563965,4345.769043,4351.922852,4360.128418,4333.077148,4337.05127,4336.922852,4345.128418,4331.025879,4325.0,4517.692383,4533.333496,4413.333496,4471.666504,,,,,,,,,,,,,,,,,,,,,,,,,,,,,,,,,,,,,,,,,,,,,,,,,,,,,,,,,,,,,,,,,,,,,,
1768920141.3889,1768920141.389408,119.0,0.0,4357.563965,4337.820313,4347.436035,4359.871582,4335.128418,4335.256348,4334.615234,4343.333496,4334.102539,4321.666504,4507.820313,4525.897461,4405.769043,4464.358887,,,,,,,,,,,,,,,,,,,,,,,,,,,,,,,,,,,,,,,,,,,,,,,,,,,,,,,,,,,,,,,,,,,,,,
1768920141.396709,1768920141.397416,120.0,0.0,4347.820313,4327.179688,4348.461426,4356.666504,4334.743652,4331.666504,4334.230957,4346.922852,4332.563965,4326.922852,4506.794922,4517.94873,4398.974121,4455.0,,,,,,,,,,,,,,,,,,,,,,,,,,,,,,,,,,,,,,,,,,,,,,,,,,,,,,,,,,,,,,,,,,,,,,
1768920141.404517,1768920141.405225,121.0,0.0,4353.461426,4332.820313,4352.820313,4356.538574,4335.769043,4331.410156,4336.025879,4352.692383,4335.769043,4329.871582,4510.641113,4524.615234,4402.05127,4459.102539,,,,,,,,,,,,,,,,,,,,,,,,,,,,,,,,,,,,,,,,,,,,,,,,,,,,,,,,,,,,,,,,,,,,,,
1768920141.412326,1768920141.412933,122.0,0.0,4366.666504,4343.461426,4353.077148,4359.615234,4334.487305,4326.922852,4328.974121,4344.358887,4333.461426,4324.487305,4508.589844,4524.743652,4404.615234,4467.436035,,,,,,,,,,,,,,,,,,,,,,,,,,,,,,,,,,,,,,,,,,,,,,,,,,,,,,,,,,,,,,,,,,,,,,
1768920141.420134,1768920141.420741,123.0,0.0,4369.230957,4346.794922,4349.615234,4359.615234,4331.410156,4325.897461,4322.179688,4331.922852,4325.0,4321.282227,4504.487305,4517.307617,4400.384766,4467.05127,,,,,,,,,,,,,,,,,,,,,,,,,,,,,,,,,,,,,,,,,,,,,,,,,,,,,,,,,,,,,,,,,,,,,,
1768920141.427943,1768920141.428749,124.0,0.0,4366.282227,4345.641113,4350.769043,4362.436035,4334.871582,4337.820313,4330.256348,4341.538574,4333.205078,4324.487305,4507.179688,4519.743652,4402.820313,4466.666504,,,,,,,,,,,,,,,,,,,,,,,,,,,,,,,,,,,,,,,,,,,,,,,,,,,,,,,,,,,,,,,,,,,,,,
1768920141.435751,1768920141.436558,125.0,0.0,4366.666504,4344.358887,4357.692383,4368.846191,4338.333496,4345.256348,4337.179688,4353.589844,4346.666504,4330.897461,4515.897461,4529.358887,4417.436035,4476.794922,,,,,,,,,,,,,,,,,,,,,,,,,,,,,,,,,,,,,,,,,,,,,,,,,,,,,,,,,,,,,,,,,,,,,,
1768920141.44356,1768920141.444466,126.0,0.0,4371.153809,4352.179688,4362.179688,4373.461426,4337.05127,4340.897461,4335.0,4346.666504,4344.743652,4340.512695,4525.256348,4539.487305,4425.256348,4484.358887,,,,,,,,,,,,,,,,,,,,,,,,,,,,,,,,,,,,,,,,,,,,,,,,,,,,,,,,,,,,,,,,,,,,,,
1768920141.451368,1768920141.452275,127.0,0.0,4369.871582,4360.512695,4360.897461,4376.025879,4340.128418,4333.077148,4338.333496,4345.256348,4339.871582,4339.230957,4524.358887,4541.282227,4418.205078,4477.563965,,,,,,,,,,,,,,,,,,,,,,,,,,,,,,,,,,,,,,,,,,,,,,,,,,,,,,,,,,,,,,,,,,,,,,
1768920141.459177,1768920141.460183,0.0,0.0,4359.358887,4350.641113,4356.282227,4373.077148,4344.102539,4330.384766,4340.512695,4350.897461,4339.102539,4327.820313,4513.205078,4527.94873,4410.256348,4469.230957,1.508908,0.391176,0.399214,0.26056,0.096885,1.195108,0.69291,0.333989,0.228199,0.132961,0.976995,0.43499,0.301424,0.265927,0.06935,0.545363,0.422518,0.323931,0.160907,0.081676,0.194713,0.141602,0.168618,0.066658,0.048627,0.209127,0.101913,0.199446,0.22478,0.229986,0.335739,0.511304,0.321937,0.338288,0.326181,0.204912,0.226585,0.383496,0.170428,0.118751,0.262283,0.341014,0.247206,0.179828,0.111928,0.713971,0.544256,0.436336,0.282439,0.132555,1.540819,0.900571,0.18867,0.401746,0.135763,1.671872,1.393659,0.565663,0.526459,0.130243,2.348588,0.7426,0.521693,0.444434,0.150991,3.458587,0.602932,0.29838,0.380513,0.199148
1768920141.466985,1768920141.467991,1.0,0.0,4355.256348,4340.0,4350.897461,4364.358887,4339.230957,4337.05127,4336.410156,4344.615234,4333.205078,4321.538574,4505.384766,4513.717773,4404.358887,4465.897461,,,,,,,,,,,,,,,,,,,,,,,,,,,,,,,,,,,,,,,,,,,,,,,,,,,,,,,,,,,,,,,,,,,,,,
1768920141.474794,1768920141.4757,2.0,0.0,4361.025879,4342.692383,4348.717773,4358.205078,4331.410156,4343.974121,4336.282227,4340.641113,4327.692383,4319.743652,4505.0,4515.897461,4397.179688,4462.05127,,,,,,,,,,,,,,,,,,,,,,,,,,,,,,,,,,,,,,,,,,,,,,,,,,,,,,,,,,,,,,,,,,,,,,
1768920141.482602,1768920141.483508,3.0,0.0,4362.05127,4342.820313,4349.871582,4356.922852,4333.717773,4339.615234,4339.871582,4346.922852,4331.666504,4322.05127,4506.794922,4522.563965,4395.769043,4460.512695,,,,,,,,,,,,,,,,,,,,,,,,,,,,,,,,,,,,,,,,,,,,,,,,,,,,,,,,,,,,,,,,,,,,,,
1768920141.490411,1768920141.491117,4.0,0.0,4358.461426,4340.769043,4351.794922,4356.538574,4339.358887,4334.102539,4341.410156,4348.333496,4337.94873,4324.615234,4507.307617,4520.641113,4399.102539,4463.717773,,,,,,,,,,,,,,,,,,,,,,,,,,,,,,,,,,,,,,,,,,,,,,,,,,,,,,,,,,,,,,,,,,,,,,
1768920141.498219,1768920141.498925,5.0,0.0,4358.333496,4341.538574,4349.358887,4355.512695,4336.025879,4338.846191,4343.205078,4346.922852,4338.333496,4322.436035,4507.820313,4520.512695,4397.307617,4465.641113,,,,,,,,,,,,,,,,,,,,,,,,,,,,,,,,,,,,,,,,,,,,,,,,,,,,,,,,,,,,,,,,,,,,,,
1768920141.506028,1768920141.506634,6.0,0.0,4356.025879,4335.512695,4342.820313,4356.153809,4331.410156,4340.769043,4343.974121,4347.436035,4333.077148,4318.461426,4507.436035,4524.615234,4394.487305,4462.692383,,,,,,,,,,,,,,,,,,,,,,,,,,,,,,,,,,,,,,,,,,,,,,,,,,,,,,,,,,,,,,,,,,,,,,
1768920141.513836,1768920141.514442,7.0,0.0,4351.282227,4330.128418,4342.307617,4358.974121,4331.666504,4337.692383,4342.563965,4347.179688,4328.717773,4320.897461,4505.128418,4523.077148,4396.153809,4458.461426,,,,,,,,,,,,,,,,,,,,,,,,,,,,,,,,,,,,,,,,,,,,,,,,,,,,,,,,,,,,,,,,,,,,,,
1768920141.521645,1768920141.522051,8.0,0.0,4352.436035,4335.769043,4349.871582,4359.487305,4328.461426,4337.436035,4344.230957,4348.846191,4330.384766,4324.487305,4504.743652,4516.282227,4396.666504,4456.410156,,,,,,,,,,,,,,,,,,,,,,,,,,,,,,,,,,,,,,,,,,,,,,,,,,,,,,,,,,,,,,,,,,,,,,
1768920141.529453,1768920141.52986,9.0,0.0,4354.871582,4334.743652,4352.436035,4356.922852,4323.717773,4337.179688,4344.230957,4351.025879,4335.0,4317.820313,4504.871582,4515.897461,4395.384766,4455.128418,,,,,,,,,,,,,,,,,,,,,,,,,,,,,,,,,,,,,,,,,,,,,,,,,,,,,,,,,,,,,,,,,,,,,,
1768920141.537262,1768920141.537568,10.0,0.0,4354.358887,4328.846191,4352.179688,4359.615234,4327.307617,4339.871582,4350.0,4352.563965,4339.487305,4311.538574,4505.0,4525.0,4395.128418,4456.922852,,,,,,,,,,,,,,,,,,,,,,,,,,,,,,,,,,,,,,,,,,,,,,,,,,,,,,,,,,,,,,,,,,,,,,
1768920141.54507,1768920141.545376,11.0,0.0,4353.205078,4333.205078,4353.461426,4363.333496,4332.436035,4341.538574,4357.436035,4352.05127,4339.230957,4316.538574,4505.769043,4530.384766,4397.307617,4461.282227,,,,,,,,,,,,,,,,,,,,,,,,,,,,,,,,,,,,,,,,,,,,,,,,,,,,,,,,,,,,,,,,,,,,,,
1768920141.552879,1768920141.553384,12.0,0.0,4354.102539,4337.820313,4350.769043,4359.615234,4330.769043,4334.230957,4345.641113,4345.897461,4335.512695,4320.641113,4507.692383,4526.538574,4400.641113,4463.205078,,,,,,,,,,,,,,,,,,,,,,,,,,,,,,,,,,,,,,,,,,,,,,,,,,,,,,,,,,,,,,,,,,,,,,
1768920141.560687,1768920141.561193,13.0,0.0,4357.179688,4334.871582,4348.461426,4356.922852,4326.794922,4329.487305,4334.615234,4341.794922,4333.077148,4312.436035,4507.05127,4522.05127,4399.615234,4460.256348,,,,,,,,,,,,,,,,,,,,,,,,,,,,,,,,,,,,,,,,,,,,,,,,,,,,,,,,,,,,,,,,,,,,,,
1768920141.568496,1768920141.569101,14.0,0.0,4358.205078,4333.974121,4352.94873,4357.820313,4327.820313,4332.05127,4345.0,4345.769043,4332.692383,4308.461426,4505.769043,4527.563965,4395.512695,4460.0,,,,,,,,,,,,,,,,,,,,,,,,,,,,,,,,,,,,,,,,,,,,,,,,,,,,,,,,,,,,,,,,,,,,,,
1768920141.576304,1768920141.57691,15.0,0.0,4356.410156,4337.563965,4360.384766,4358.589844,4332.820313,4333.205078,4349.743652,4350.641113,4335.256348,4322.820313,4507.692383,4533.717773,4401.666504,4466.922852,,,,,,,,,,,,,,,,,,,,,,,,,,,,,,,,,,,,,,,,,,,,,,,,,,,,,,,,,,,,,,,,,,,,,,
1768920141.584113,1768920141.584918,16.0,0.0,4356.538574,4340.897461,4365.512695,4361.666504,4334.743652,4335.0,4340.256348,4345.769043,4335.512695,4328.589844,4509.615234,4529.615234,4410.641113,4471.025879,1.416588,0.36804,0.402011,0.252344,0.085951,1.063662,0.692506,0.326622,0.220234,0.125379,0.873627,0.428123,0.279721,0.257879,0.067496,0.440897,0.388669,0.316549,0.169339,0.077167,0.204099,0.138958,0.162824,0.075616,0.052408,0.24363,0.095324,0.183549,0.231531,0.210111,0.331591,0.448359,0.292792,0.362557,0.325779,0.178365,0.197222,0.361909,0.194526,0.118453,0.189401,0.220355,0.181749,0.208078,0.111936,0.700933,0.399344,0.405771,0.329923,0.14829,1.346768,0.716597,0.181747,0.423426,0.124245,1.452115,1.115388,0.534345,0.514963,0.138821,1.965146,0.65157,0.50128,0.436691,0.155241,2.915422,0.492966,0.299104,0.412773,0.198242
1768920141.591921,1768920141.592726,17.0,0.0,4358.717773,4341.153809,4363.333496,4361.666504,4330.0,4337.179688,4338.974121,4340.512695,4331.025879,4317.05127,4511.922852,4527.94873,4406.410156,4472.563965,,,,,,,,,,,,,,,,,,,,,,,,,,,,,,,,,,,,,,,,,,,,,,,,,,,,,,,,,,,,,,,,,,,,,,
1768920141.59973,1768920141.600435,18.0,0.0,4356.794922,4337.436035,4358.589844,4356.153809,4326.153809,4335.897461,4342.307617,4345.512695,4331.282227,4315.897461,4515.769043,4532.692383,4403.205078,4470.897461,,,,,,,,,,,,,,,,,,,,,,,,,,,,,,,,,,,,,,,,,,,,,,,,,,,,,,,,,,,,,,,,,,,,,,
1768920141.607539,1768920141.608243,19.0,0.0,4353.846191,4337.563965,4358.589844,4355.512695,4328.205078,4332.179688,4339.743652,4348.717773,4334.358887,4320.256348,4519.102539,4534.358887,4410.512695,4465.256348,,,,,,,,,,,,,,,,,,,,,,,,,,,,,,,,,,,,,,,,,,,,,,,,,,,,,,,,,,,,,,,,,,,,,,
1768920141.615347,1768920141.615851,20.0,0.0,4354.230957,4340.641113,4358.205078,4358.333496,4330.897461,4328.333496,4338.077148,4339.615234,4327.820313,4314.615234,4519.743652,4532.692383,4413.461426,4465.128418,,,,,,,,,,,,,,,,,,,,,,,,,,,,,,,,,,,,,,,,,,,,,,,,,,,,,,,,,,,,,,,,,,,,,,
1768920141.623155,1768920141.623659,21.0,0.0,4353.846191,4340.256348,4355.0,4356.538574,4330.512695,4331.538574,4342.179688,4337.94873,4325.384766,4316.282227,4522.436035,4536.410156,4412.307617,4472.179688,,,,,,,,,,,,,,,,,,,,,,,,,,,,,,,,,,,,,,,,,,,,,,,,,,,,,,,,,,,,,,,,,,,,,,
1768920141.630964,1768920141.631568,22.0,0.0,4352.563965,4339.487305,4354.615234,4357.307617,4329.230957,4342.179688,4348.717773,4349.102539,4336.410156,4324.230957,4523.461426,4537.05127,4414.743652,4475.128418,,,,,,,,,,,,,,,,,,,,,,,,,,,,,,,,,,,,,,,,,,,,,,,,,,,,,,,,,,,,,,,,,,,,,,
1768920141.638773,1768920141.639376,23.0,0.0,4351.922852,4342.179688,4352.307617,4359.358887,4330.769043,4342.179688,4348.077148,4347.179688,4334.230957,4316.410156,4513.077148,4527.179688,4412.94873,4467.436035,,,,,,,,,,,,,,,,,,,,,,,,,,,,,,,,,,,,,,,,,,,,,,,,,,,,,,,,,,,,,,,,,,,,,,
1768920141.646581,1768920141.647384,24.0,0.0,4350.897461,4343.974121,4349.615234,4356.922852,4333.717773,4331.538574,4338.974121,4337.05127,4321.410156,4306.410156,4506.410156,4521.538574,4408.974121,4462.563965,,,,,,,,,,,,,,,,,,,,,,,,,,,,,,,,,,,,,,,,,,,,,,,,,,,,,,,,,,,,,,,,,,,,,,
1768920141.65439,1768920141.655193,25.0,0.0,4350.769043,4344.487305,4352.307617,4358.717773,4337.820313,4333.461426,4341.282227,4342.05127,4328.205078,4315.384766,4513.205078,4527.820313,4410.0,4465.641113,,,,,,,,,,,,,,,,,,,,,,,,,,,,,,,,,,,,,,,,,,,,,,,,,,,,,,,,,,,,,,,,,,,,,,
1768920141.662198,1768920141.662901,26.0,0.0,4349.102539,4344.615234,4351.538574,4362.820313,4340.384766,4343.974121,4355.256348,4349.487305,4339.871582,4324.230957,4515.384766,4531.410156,4412.307617,4467.05127,,,,,,,,,,,,,,,,,,,,,,,,,,,,,,,,,,,,,,,,,,,,,,,,,,,,,,,,,,,,,,,,,,,,,,
1768920141.670007,1768920141.67071,27.0,0.0,4349.230957,4344.102539,4348.333496,4362.820313,4340.512695,4345.512695,4352.94873,4344.743652,4335.128418,4319.102539,4507.179688,4523.589844,4412.179688,4461.282227,,,,,,,,,,,,,,,,,,,,,,,,,,,,,,,,,,,,,,,,,,,,,,,,,,,,,,,,,,,,,,,,,,,,,,
1768920141.677815,1768920141.678418,28.0,0.0,4352.307617,4343.846191,4351.282227,4362.94873,4340.641113,4339.743652,4341.538574,4342.179688,4331.282227,4315.641113,4506.922852,4521.153809,4410.512695,4455.512695,,,,,,,,,,,,,,,,,,,,,,,,,,,,,,,,,,,,,,,,,,,,,,,,,,,,,,,,,,,,,,,,,,,,,,
1768920141.685624,1768920141.686227,29.0,0.0,4348.846191,4341.666504,4350.256348,4360.128418,4339.102539,4334.487305,4341.282227,4346.538574,4332.307617,4316.025879,4509.615234,4523.205078,4409.358887,4455.641113,,,,,,,,,,,,,,,,,,,,,,,,,,,,,,,,,,,,,,,,,,,,,,,,,,,,,,,,,,,,,,,,,,,,,,
1768920141.693432,1768920141.694135,30.0,0.0,4345.897461,4341.282227,4348.589844,4356.666504,4335.897461,4332.05127,4340.897461,4345.0,4328.974121,4315.641113,4506.794922,4523.205078,4409.615234,4460.0,,,,,,,,,,,,,,,,,,,,,,,,,,,,,,,,,,,,,,,,,,,,,,,,,,,,,,,,,,,,,,,,,,,,,,
1768920141.701241,1768920141.701944,31.0,0.0,4357.05127,4348.461426,4357.436035,4363.974121,4337.307617,4334.871582,4340.256348,4342.307617,4331.282227,4319.487305,4513.461426,4533.077148,4417.05127,4471.794922,,,,,,,,,,,,,,,,,,,,,,,,,,,,,,,,,,,,,,,,,,,,,,,,,,,,,,,,,,,,,,,,,,,,,,
1768920141.709049,1768920141.709553,32.0,0.0,4364.487305,4350.897461,4362.820313,4367.179688,4341.282227,4341.666504,4346.666504,4348.077148,4339.102539,4325.897461,4524.358887,4544.358887,4424.487305,4478.846191,1.233133,0.341584,0.393992,0.24731,0.076064,0.878106,0.657369,0.303437,0.209141,0.114899,0.848277,0.409921,0.265202,0.258875,0.066183,0.352737,0.351026,0.292788,0.181229,0.070573,0.200358,0.143198,0.154984,0.085393,0.056845,0.287618,0.103097,0.174397,0.232925,0.192213,0.321297,0.381914,0.275671,0.369912,0.328926,0.166992,0.18673,0.329608,0.210793,0.121867,0.150098,0.152802,0.139012,0.227029,0.110114,0.664751,0.351859,0.370201,0.353706,0.159895,1.135841,0.646112,0.180627,0.424643,0.11089,1.254099,0.902699,0.483458,0.476213,0.15207,1.476617,0.623223,0.45866,0.41887,0.153925,2.269945,0.488093,0.288283,0.415673,0.187143
1768920141.716858,1768920141.717361,33.0,0.0,4356.666504,4345.641113,4355.769043,4359.871582,4337.94873,4340.769043,4347.692383,4352.436035,4339.358887,4327.307617,4523.974121,4538.205078,4423.205078,4476.025879,,,,,,,,,,,,,,,,,,,,,,,,,,,,,,,,,,,,,,,,,,,,,,,,,,,,,,,,,,,,,,,,,,,,,,
1768920141.724666,1768920141.72507,34.0,0.0,4354.358887,4346.666504,4354.230957,4360.256348,4336.282227,4338.974121,4342.05127,4346.922852,4333.846191,4325.384766,4520.641113,4529.358887,4418.589844,4473.846191,,,,,,,,,,,,,,,,,,,,,,,,,,,,,,,,,,,,,,,,,,,,,,,,,,,,,,,,,,,,,,,,,,,,,,
1768920141.732475,1768920141.732878,35.0,0.0,4357.94873,4348.589844,4358.974121,4363.717773,4342.436035,4341.282227,4342.307617,4342.05127,4329.615234,4321.025879,4519.102539,4531.922852,4415.256348,4471.025879,,,,,,,,,,,,,,,,,,,,,,,,,,,,,,,,,,,,,,,,,,,,,,,,,,,,,,,,,,,,,,,,,,,,,,
1768920141.740283,1768920141.740486,36.0,0.0,4356.025879,4344.871582,4359.487305,4363.589844,4343.589844,4336.538574,4340.641113,4345.128418,4331.153809,4317.94873,4516.153809,4533.846191,4412.563965,4466.410156,,,,,,,,,,,,,,,,,,,,,,,,,,,,,,,,,,,,,,,,,,,,,,,,,,,,,,,,,,,,,,,,,,,,,,
1768920141.748092,1768920141.748294,37.0,0.0,4357.05127,4347.94873,4358.077148,4367.94873,4338.589844,4331.666504,4335.0,4349.487305,4337.563965,4327.179688,4516.666504,4533.974121,4412.307617,4469.871582,,,,,,,,,,,,,,,,,,,,,,,,,,,,,,,,,,,,,,,,,,,,,,,,,,,,,,,,,,,,,,,,,,,,,,
1768920141.7559,1768920141.756203,38.0,0.0,4357.563965,4352.820313,4357.692383,4368.589844,4337.179688,4336.025879,4331.538574,4347.563965,4336.153809,4329.871582,4514.230957,4529.743652,4412.05127,4469.487305,,,,,,,,,,,,,,,,,,,,,,,,,,,,,,,,,,,,,,,,,,,,,,,,,,,,,,,,,,,,,,,,,,,,,,
1768920141.763709,1768920141.764011,39.0,0.0,4353.589844,4350.769043,4357.563965,4363.205078,4337.820313,4336.666504,4327.307617,4342.179688,4330.769043,4320.641113,4509.230957,4525.769043,4408.717773,4462.820313,,,,,,,,,,,,,,,,,,,,,,,,,,,,,,,,,,,,,,,,,,,,,,,,,,,,,,,,,,,,,,,,,,,,,,
1768920141.771517,1768920141.772019,40.0,0.0,4357.563965,4351.410156,4357.436035,4363.205078,4337.563965,4330.256348,4328.461426,4340.769043,4332.820313,4323.846191,4512.692383,4532.436035,4411.794922,4470.0,,,,,,,,,,,,,,,,,,,,,,,,,,,,,,,,,,,,,,,,,,,,,,,,,,,,,,,,,,,,,,,,,,,,,,
1768920141.779326,1768920141.779828,41.0,0.0,4357.820313,4352.563965,4355.128418,4361.538574,4340.641113,4331.538574,4334.230957,4343.846191,4335.512695,4329.871582,4514.230957,4533.846191,4415.256348,4474.743652,,,,,,,,,,,,,,,,,,,,,,,,,,,,,,,,,,,,,,,,,,,,,,,,,,,,,,,,,,,,,,,,,,,,,,
1768920141.787135,1768920141.787736,42.0,0.0,4345.512695,4346.025879,4351.153809,4356.282227,4339.615234,4339.230957,4334.871582,4341.666504,4333.333496,4323.846191,4507.05127,4523.333496,4410.384766,4462.94873,,,,,,,,,,,,,,,,,,,,,,,,,,,,,,,,,,,,,,,,,,,,,,,,,,,,,,,,,,,,,,,,,,,,,,
1768920141.794943,1768920141.795545,43.0,0.0,4344.871582,4343.846191,4355.128418,4358.333496,4332.179688,4341.282227,4336.666504,4338.205078,4332.94873,4321.282227,4507.05127,4520.128418,4409.230957,4460.256348,,,,,,,,,,,,,,,,,,,,,,,,,,,,,,,,,,,,,,,,,,,,,,,,,,,,,,,,,,,,,,,,,,,,,,
1768920141.802751,1768920141.803153,44.0,0.0,4354.871582,4347.179688,4359.230957,4360.256348,4331.153809,4337.307617,4337.94873,4345.641113,4340.384766,4327.05127,4512.307617,4527.94873,4413.333496,4470.641113,,,,,,,,,,,,,,,,,,,,,,,,,,,,,,,,,,,,,,,,,,,,,,,,,,,,,,,,,,,,,,,,,,,,,,
1768920141.81056,1768920141.810961,45.0,0.0,4354.615234,4344.743652,4350.641113,4357.307617,4334.615234,4332.307617,4330.384766,4350.128418,4341.153809,4323.461426,4507.692383,4528.333496,4412.820313,4465.897461,,,,,,,,,,,,,,,,,,,,,,,,,,,,,,,,,,,,,,,,,,,,,,,,,,,,,,,,,,,,,,,,,,,,,,
1768920141.818369,1768920141.81867,46.0,0.0,4351.666504,4342.563965,4344.871582,4355.897461,4334.615234,4328.846191,4326.538574,4341.153809,4331.153809,4317.436035,4505.769043,4523.974121,4409.358887,4457.436035,,,,,,,,,,,,,,,,,,,,,,,,,,,,,,,,,,,,,,,,,,,,,,,,,,,,,,,,,,,,,,,,,,,,,,
1768920141.826177,1768920141.826478,47.0,0.0,4355.128418,4345.384766,4350.128418,4356.794922,4331.025879,4323.205078,4326.794922,4338.333496,4326.282227,4322.94873,4509.615234,4526.410156,4410.641113,4462.307617,,,,,,,,,,,,,,,,,,,,,,,,,,,,,,,,,,,,,,,,,,,,,,,,,,,,,,,,,,,,,,,,,,,,,,
1768920141.833985,1768920141.834486,48.0,0.0,4357.436035,4345.512695,4353.717773,4358.333496,4329.487305,4327.563965,4327.179688,4345.256348,4333.589844,4328.333496,4508.589844,4530.641113,4413.077148,4462.563965,1.012355,0.317576,0.369971,0.245203,0.070039,0.694623,0.594587,0.26226,0.194871,0.107026,0.901341,0.380792,0.247186,0.258015,0.065223,0.282485,0.322313,0.251447,0.187696,0.062781,0.185481,0.149762,0.141454,0.09421,0.062372,0.330788,0.125006,0.168067,0.234416,0.179594,0.307446,0.333046,0.267379,0.358074,0.334736,0.171031,0.188111,0.286175,0.216508,0.128725,0.144127,0.129375,0.117734,0.237486,0.106988,0.612016,0.383312,0.324629,0.347159,0.163877,0.945203,0.654814,0.185943,0.404964,0.100288,1.073515,0.741993,0.416065,0.419966,0.166227,1.014523,0.632546,0.39843,0.385968,0.147335,1.650272,0.575554,0.269585,0.385958,0.169928
1768920141.841794,1768920141.842295,49.0,0.0,4356.538574,4344.102539,4352.436035,4358.717773,4329.230957,4337.692383,4331.153809,4343.205078,4334.615234,4323.333496,4506.025879,4528.333496,4411.410156,4457.436035,,,,,,,,,,,,,,,,,,,,,,,,,,,,,,,,,,,,,,,,,,,,,,,,,,,,,,,,,,,,,,,,,,,,,,
1768920141.849603,1768920141.850003,50.0,0.0,4355.641113,4348.333496,4355.512695,4357.307617,4329.102539,4330.512695,4329.102539,4338.846191,4328.846191,4318.589844,4507.436035,4520.641113,4410.641113,4462.307617,,,,,,,,,,,,,,,,,,,,,,,,,,,,,,,,,,,,,,,,,,,,,,,,,,,,,,,,,,,,,,,,,,,,,,
1768920141.857411,1768920141.857811,51.0,0.0,4356.922852,4355.256348,4357.307617,4357.94873,4333.461426,4322.692383,4320.256348,4342.692383,4334.743652,4323.589844,4510.512695,4522.692383,4412.436035,4469.615234,,,,,,,,,,,,,,,,,,,,,,,,,,,,,,,,,,,,,,,,,,,,,,,,,,,,,,,,,,,,,,,,,,,,,,
1768920141.86522,1768920141.86542,52.0,0.0,4355.0,4352.307617,4351.922852,4358.205078,4333.846191,4329.102539,4321.025879,4344.358887,4341.153809,4324.743652,4508.461426,4527.179688,4408.974121,4464.615234,,,,,,,,,,,,,,,,,,,,,,,,,,,,,,,,,,,,,,,,,,,,,,,,,,,,,,,,,,,,,,,,,,,,,,
1768920141.873028,1768920141.873229,53.0,0.0,4347.820313,4346.410156,4348.461426,4355.641113,4330.897461,4332.05127,4327.179688,4343.717773,4337.05127,4319.615234,4507.563965,4523.717773,4402.692383,4457.436035,,,,,,,,,,,,,,,,,,,,,,,,,,,,,,,,,,,,,,,,,,,,,,,,,,,,,,,,,,,,,,,,,,,,,,
1768920141.880837,1768920141.880937,54.0,0.0,4346.538574,4349.102539,4350.128418,4359.230957,4335.769043,4329.487305,4328.589844,4345.641113,4335.897461,4322.05127,4509.230957,4521.153809,4402.820313,4458.589844,,,,,,,,,,,,,,,,,,,,,,,,,,,,,,,,,,,,,,,,,,,,,,,,,,,,,,,,,,,,,,,,,,,,,,
1768920141.888645,1768920141.888746,55.0,0.0,4352.05127,4351.538574,4355.769043,4362.179688,4340.384766,4330.256348,4326.794922,4343.589844,4336.794922,4324.358887,4507.05127,4524.487305,4399.487305,4455.128418,,,,,,,,,,,,,,,,,,,,,,,,,,,,,,,,,,,,,,,,,,,,,,,,,,,,,,,,,,,,,,,,,,,,,,
1768920141.896454,1768920141.896754,56.0,0.0,4354.871582,4349.487305,4360.384766,4359.871582,4336.282227,4331.922852,4324.871582,4340.0,4331.794922,4314.871582,4504.102539,4527.820313,4394.487305,4453.333496,,,,,,,,,,,,,,,,,,,,,,,,,,,,,,,,,,,,,,,,,,,,,,,,,,,,,,,,,,,,,,,,,,,,,,
1768920141.904262,1768920141.904563,57.0,0.0,4354.358887,4347.820313,4361.025879,4360.0,4335.512695,4336.666504,4329.743652,4340.256348,4330.0,4313.461426,4508.077148,4528.846191,4403.589844,4460.256348,,,,,,,,,,,,,,,,,,,,,,,,,,,,,,,,,,,,,,,,,,,,,,,,,,,,,,,,,,,,,,,,,,,,,,
1768920141.912071,1768920141.912271,58.0,0.0,4350.641113,4344.871582,4355.384766,4360.384766,4339.871582,4344.615234,4336.666504,4343.717773,4338.077148,4326.153809,4508.717773,4526.410156,4410.641113,4462.179688,,,,,,,,,,,,,,,,,,,,,,,,,,,,,,,,,,,,,,,,,,,,,,,,,,,,,,,,,,,,,,,,,,,,,,
1768920141.919879,1768920141.92008,59.0,0.0,4345.384766,4339.102539,4350.0,4355.512695,4336.922852,4340.769043,4331.666504,4348.333496,4343.974121,4329.358887,4506.794922,4525.128418,4403.205078,4457.563965,,,,,,,,,,,,,,,,,,,,,,,,,,,,,,,,,,,,,,,,,,,,,,,,,,,,,,,,,,,,,,,,,,,,,,
1768920141.927688,1768920141.927688,60.0,0.0,4349.230957,4338.077148,4354.230957,4351.538574,4331.410156,4330.384766,4324.743652,4349.487305,4346.153809,4326.153809,4515.0,4534.487305,4402.563965,4461.538574,,,,,,,,,,,,,,,,,,,,,,,,,,,,,,,,,,,,,,,,,,,,,,,,,,,,,,,,,,,,,,,,,,,,,,
1768920141.935496,1768920141.935496,61.0,0.0,4355.128418,4340.256348,4358.077148,4351.410156,4328.589844,4327.820313,4325.128418,4346.410156,4343.846191,4327.820313,4517.692383,4538.717773,4407.563965,4468.333496,,,,,,,,,,,,,,,,,,,,,,,,,,,,,,,,,,,,,,,,,,,,,,,,,,,,,,,,,,,,,,,,,,,,,,
1768920141.943305,1768920141.943205,62.0,0.0,4355.384766,4341.282227,4358.717773,4353.077148,4328.205078,4332.436035,4326.410156,4343.205078,4337.307617,4324.358887,4508.077148,4531.410156,4401.410156,4465.384766,,,,,,,,,,,,,,,,,,,,,,,,,,,,,,,,,,,,,,,,,,,,,,,,,,,,,,,,,,,,,,,,,,,,,,
1768920141.951113,1768920141.951013,63.0,0.0,4354.743652,4342.94873,4360.512695,4357.05127,4330.512695,4336.025879,4325.256348,4336.666504,4330.897461,4318.717773,4505.641113,4532.307617,4396.282227,4462.563965,,,,,,,,,,,,,,,,,,,,,,,,,,,,,,,,,,,,,,,,,,,,,,,,,,,,,,,,,,,,,,,,,,,,,,
1768920141.958922,1768920141.959021,64.0,0.0,4352.307617,4343.077148,4358.077148,4358.461426,4332.820313,4331.922852,4323.589844,4334.102539,4329.615234,4319.487305,4510.897461,4534.230957,4403.205078,4463.589844,0.810653,0.298306,0.330788,0.242811,0.06952,0.565178,0.518895,0.209867,0.17811,0.105296,0.997101,0.347662,0.219569,0.247143,0.063847,0.23254,0.317038,0.202236,0.182894,0.054969,0.169827,0.155933,0.12212,0.101907,0.068923,0.366905,0.152065,0.159199,0.241214,0.172964,0.298964,0.308946,0.260836,0.331127,0.340674,0.184805,0.19486,0.234276,0.211219,0.138366,0.160402,0.140543,0.110145,0.243365,0.104881,0.548203,0.461283,0.271901,0.315195,0.160545,0.792852,0.706776,0.19737,0.369023,0.095548,0.914233,0.621634,0.343486,0.362398,0.176866,0.676643,0.667391,0.336122,0.337117,0.137359,1.159279,0.713226,0.253276,0.3324,0.151088
1768920141.96673,1768920141.96683,65.0,0.0,4353.846191,4346.025879,4354.487305,4357.820313,4331.922852,4331.282227,4324.615234,4340.256348,4333.846191,4319.102539,4512.05127,4530.769043,4406.153809,4465.0,,,,,,,,,,,,,,,,,,,,,,,,,,,,,,,,,,,,,,,,,,,,,,,,,,,,,,,,,,,,,,,,,,,,,,
1768920141.974539,1768920141.974738,66.0,0.0,4356.666504,4345.0,4352.436035,4356.922852,4331.282227,4336.666504,4325.256348,4341.410156,4332.307617,4313.205078,4505.512695,4529.230957,4396.153809,4459.358887,,,,,,,,,,,,,,,,,,,,,,,,,,,,,,,,,,,,,,,,,,,,,,,,,,,,,,,,,,,,,,,,,,,,,,
1768920141.982347,1768920141.982546,67.0,0.0,4347.05127,4333.717773,4346.794922,4353.589844,4332.692383,4339.871582,4324.230957,4337.94873,4326.025879,4310.0,4498.589844,4522.692383,4386.666504,4442.820313,,,,,,,,,,,,,,,,,,,,,,,,,,,,,,,,,,,,,,,,,,,,,,,,,,,,,,,,,,,,,,,,,,,,,,
1768920141.990156,1768920141.990555,68.0,0.0,4334.615234,4329.487305,4341.666504,4351.922852,4331.538574,4333.589844,4323.589844,4341.282227,4329.615234,4309.871582,4500.641113,4514.615234,4388.589844,4437.820313,,,,,,,,,,,,,,,,,,,,,,,,,,,,,,,,,,,,,,,,,,,,,,,,,,,,,,,,,,,,,,,,,,,,,,
1768920141.997965,1768920141.998363,69.0,0.0,4340.256348,4337.94873,4351.025879,4354.358887,4328.974121,4325.769043,4323.589844,4345.0,4337.563965,4312.436035,4508.333496,4522.307617,4394.743652,4453.717773,,,,,,,,,,,,,,,,,,,,,,,,,,,,,,,,,,,,,,,,,,,,,,,,,,,,,,,,,,,,,,,,,,,,,,
1768920142.005773,1768920142.006271,70.0,0.0,4352.563965,4343.205078,4360.512695,4358.077148,4330.769043,4330.128418,4321.538574,4342.436035,4334.358887,4317.307617,4510.897461,4531.410156,4402.307617,4467.692383,,,,,,,,,,,,,,,,,,,,,,,,,,,,,,,,,,,,,,,,,,,,,,,,,,,,,,,,,,,,,,,,,,,,,,
1768920142.013581,1768920142.01408,71.0,0.0,4351.282227,4339.487305,4351.282227,4356.922852,4333.205078,4331.410156,4314.102539,4348.077148,4331.025879,4319.102539,4508.077148,4527.179688,4410.897461,4466.666504,,,,,,,,,,,,,,,,,,,,,,,,,,,,,,,,,,,,,,,,,,,,,,,,,,,,,,,,,,,,,,,,,,,,,,
1768920142.02139,1768920142.022088,72.0,0.0,4345.769043,4338.077148,4340.769043,4353.717773,4327.820313,4325.384766,4312.563965,4359.615234,4339.871582,4320.256348,4508.846191,4527.563965,4414.102539,4464.230957,,,,,,,,,,,,,,,,,,,,,,,,,,,,,,,,,,,,,,,,,,,,,,,,,,,,,,,,,,,,,,,,,,,,,,
1768920142.029199,1768920142.029897,73.0,0.0,4347.563965,4340.0,4346.410156,4356.410156,4323.589844,4328.717773,4321.410156,4357.05127,4342.436035,4323.589844,4517.307617,4535.0,4411.794922,4468.846191,,,,,,,,,,,,,,,,,,,,,,,,,,,,,,,,,,,,,,,,,,,,,,,,,,,,,,,,,,,,,,,,,,,,,,
1768920142.037007,1768920142.037805,74.0,0.0,4352.820313,4341.153809,4355.769043,4359.743652,4330.256348,4336.282227,4321.794922,4350.897461,4336.025879,4327.563965,4523.846191,4538.333496,4412.94873,4472.820313,,,,,,,,,,,,,,,,,,,,,,,,,,,,,,,,,,,,,,,,,,,,,,,,,,,,,,,,,,,,,,,,,,,,,,
1768920142.044815,1768920142.045614,75.0,0.0,4352.436035,4336.794922,4353.974121,4358.461426,4334.230957,4330.769043,4310.769043,4353.205078,4335.0,4324.871582,4521.538574,4538.846191,4413.846191,4468.205078,,,,,,,,,,,,,,,,,,,,,,,,,,,,,,,,,,,,,,,,,,,,,,,,,,,,,,,,,,,,,,,,,,,,,,
1768920142.052624,1768920142.053222,76.0,0.0,4346.153809,4332.692383,4347.820313,4358.205078,4333.333496,4325.641113,4312.307617,4356.282227,4334.358887,4317.05127,4518.205078,4535.512695,4410.769043,4459.358887,,,,,,,,,,,,,,,,,,,,,,,,,,,,,,,,,,,,,,,,,,,,,,,,,,,,,,,,,,,,,,,,,,,,,,
1768920142.060433,1768920142.061031,77.0,0.0,4345.0,4338.589844,4346.410156,4360.641113,4331.922852,4331.025879,4325.897461,4357.179688,4330.128418,4316.153809,4519.230957,4531.153809,4412.307617,4461.153809,,,,,,,,,,,,,,,,,,,,,,,,,,,,,,,,,,,,,,,,,,,,,,,,,,,,,,,,,,,,,,,,,,,,,,
1768920142.068241,1768920142.068739,78.0,0.0,4346.666504,4339.487305,4345.0,4357.820313,4331.153809,4332.05127,4324.743652,4356.410156,4330.512695,4318.717773,4515.641113,4532.436035,4410.641113,4465.641113,,,,,,,,,,,,,,,,,,,,,,,,,,,,,,,,,,,,,,,,,,,,,,,,,,,,,,,,,,,,,,,,,,,,,,
1768920142.07605,1768920142.076548,79.0,0.0,4347.820313,4331.794922,4343.077148,4353.589844,4327.692383,4324.871582,4312.179688,4354.102539,4331.153809,4314.487305,4508.974121,4532.307617,4402.307617,4462.563965,,,,,,,,,,,,,,,,,,,,,,,,,,,,,,,,,,,,,,,,,,,,,,,,,,,,,,,,,,,,,,,,,,,,,,
1768920142.083858,1768920142.084556,80.0,0.0,4350.256348,4332.436035,4341.282227,4355.769043,4325.641113,4320.128418,4306.794922,4354.871582,4323.717773,4308.717773,4506.922852,4526.666504,4399.871582,4459.358887,0.661817,0.283027,0.285496,0.236511,0.074711,0.513383,0.448963,0.159198,0.160929,0.109444,1.082287,0.318852,0.187518,0.227341,0.061725,0.207571,0.341308,0.160698,0.167372,0.048212,0.16452,0.162325,0.101679,0.108464,0.075565,0.390688,0.171717,0.146501,0.254457,0.171156,0.304997,0.301319,0.24945,0.297706,0.343009,0.199865,0.201754,0.181885,0.197398,0.149156,0.180553,0.176706,0.109171,0.249769,0.106118,0.478204,0.547937,0.222562,0.273582,0.153912,0.689955,0.776666,0.212296,0.325191,0.096859,0.782152,0.541592,0.28213,0.318284,0.181226,0.502955,0.721859,0.291442,0.278419,0.126485,0.854428,0.849728,0.254683,0.271359,0.134761
1768920142.091667,1768920142.092365,81.0,0.0,4348.717773,4334.487305,4342.692383,4354.230957,4327.692383,4325.384766,4312.436035,4363.077148,4325.641113,4310.769043,4508.589844,4531.794922,4403.846191,4459.358887,,,,,,,,,,,,,,,,,,,,,,,,,,,,,,,,,,,,,,,,,,,,,,,,,,,,,,,,,,,,,,,,,,,,,,
1768920142.099475,1768920142.100273,82.0,0.0,4345.256348,4327.692383,4344.615234,4346.538574,4325.897461,4328.205078,4314.230957,4370.128418,4331.922852,4312.307617,4512.179688,4542.563965,4402.692383,4461.282227,,,,,,,,,,,,,,,,,,,,,,,,,,,,,,,,,,,,,,,,,,,,,,,,,,,,,,,,,,,,,,,,,,,,,,
1768920142.107284,1768920142.108082,83.0,0.0,4342.563965,4321.410156,4335.641113,4340.897461,4321.922852,4323.846191,4311.153809,4368.077148,4328.205078,4307.94873,4508.205078,4531.025879,4391.282227,4456.794922,,,,,,,,,,,,,,,,,,,,,,,,,,,,,,,,,,,,,,,,,,,,,,,,,,,,,,,,,,,,,,,,,,,,,,
1768920142.115092,1768920142.11569,84.0,0.0,4337.692383,4320.384766,4326.025879,4340.128418,4324.743652,4328.974121,4320.128418,4366.282227,4331.666504,4307.692383,4500.641113,4517.692383,4384.358887,4449.487305,,,,,,,,,,,,,,,,,,,,,,,,,,,,,,,,,,,,,,,,,,,,,,,,,,,,,,,,,,,,,,,,,,,,,,
1768920142.122901,1768920142.123498,85.0,0.0,4339.615234,4323.974121,4338.461426,4347.692383,4332.179688,4336.282227,4331.794922,4371.922852,4347.179688,4319.871582,4512.820313,4537.179688,4399.358887,4460.512695,,,,,,,,,,,,,,,,,,,,,,,,,,,,,,,,,,,,,,,,,,,,,,,,,,,,,,,,,,,,,,,,,,,,,,
1768920142.130709,1768920142.131207,86.0,0.0,4352.436035,4334.487305,4358.846191,4357.563965,4332.94873,4331.666504,4324.615234,4373.974121,4353.974121,4331.282227,4534.871582,4559.102539,4422.820313,4481.410156,,,,,,,,,,,,,,,,,,,,,,,,,,,,,,,,,,,,,,,,,,,,,,,,,,,,,,,,,,,,,,,,,,,,,,
1768920142.138518,1768920142.139015,87.0,0.0,4354.871582,4338.589844,4356.410156,4358.205078,4329.102539,4325.128418,4311.282227,4363.461426,4343.974121,4329.487305,4531.153809,4546.153809,4422.94873,4480.128418,,,,,,,,,,,,,,,,,,,,,,,,,,,,,,,,,,,,,,,,,,,,,,,,,,,,,,,,,,,,,,,,,,,,,,
1768920142.146326,1768920142.147023,88.0,0.0,4345.769043,4332.05127,4342.436035,4355.641113,4331.025879,4327.820313,4314.615234,4358.333496,4337.05127,4324.102539,4509.871582,4527.179688,4405.256348,4462.563965,,,,,,,,,,,,,,,,,,,,,,,,,,,,,,,,,,,,,,,,,,,,,,,,,,,,,,,,,,,,,,,,,,,,,,
1768920142.154135,1768920142.154832,89.0,0.0,4344.743652,4328.333496,4341.666504,4359.358887,4332.307617,4331.025879,4323.589844,4363.333496,4339.743652,4318.461426,4505.769043,4530.0,4400.769043,4458.205078,,,,,,,,,,,,,,,,,,,,,,,,,,,,,,,,,,,,,,,,,,,,,,,,,,,,,,,,,,,,,,,,,,,,,,
1768920142.161943,1768920142.16274,90.0,0.0,4344.871582,4325.128418,4345.384766,4358.846191,4329.743652,4326.922852,4317.94873,4360.641113,4337.436035,4312.436035,4511.025879,4533.717773,4403.974121,4461.282227,,,,,,,,,,,,,,,,,,,,,,,,,,,,,,,,,,,,,,,,,,,,,,,,,,,,,,,,,,,,,,,,,,,,,,
1768920142.169752,1768920142.170548,91.0,0.0,4342.563965,4322.820313,4342.563965,4354.871582,4327.179688,4322.436035,4306.282227,4357.820313,4333.589844,4318.077148,4509.358887,4531.794922,4402.563965,4466.025879,,,,,,,,,,,,,,,,,,,,,,,,,,,,,,,,,,,,,,,,,,,,,,,,,,,,,,,,,,,,,,,,,,,,,,
1768920142.17756,1768920142.178557,92.0,0.0,4344.230957,4325.769043,4342.307617,4355.641113,4327.563965,4328.461426,4311.666504,4362.05127,4337.436035,4328.846191,4507.179688,4532.05127,4405.512695,4469.487305,,,,,,,,,,,,,,,,,,,,,,,,,,,,,,,,,,,,,,,,,,,,,,,,,,,,,,,,,,,,,,,,,,,,,,
1768920142.185369,1768920142.186365,93.0,0.0,4345.384766,4328.205078,4344.743652,4356.922852,4329.743652,4337.307617,4323.846191,4360.769043,4343.974121,4325.897461,4509.615234,4531.922852,4411.410156,4466.538574,,,,,,,,,,,,,,,,,,,,,,,,,,,,,,,,,,,,,,,,,,,,,,,,,,,,,,,,,,,,,,,,,,,,,,
1768920142.193177,1768920142.194274,94.0,0.0,4344.102539,4327.05127,4342.563965,4358.974121,4330.384766,4333.333496,4317.692383,4354.230957,4339.102539,4319.615234,4514.358887,4533.077148,4408.205078,4463.717773,,,,,,,,,,,,,,,,,,,,,,,,,,,,,,,,,,,,,,,,,,,,,,,,,,,,,,,,,,,,,,,,,,,,,,
1768920142.200986,1768920142.202082,95.0,0.0,4342.05127,4327.820313,4344.615234,4361.025879,4327.436035,4323.333496,4305.128418,4352.307617,4327.820313,4318.461426,4511.538574,4532.94873,4399.487305,4464.615234,,,,,,,,,,,,,,,,,,,,,,,,,,,,,,,,,,,,,,,,,,,,,,,,,,,,,,,,,,,,,,,,,,,,,,
1768920142.208794,1768920142.21009,96.0,0.0,4341.282227,4330.769043,4349.743652,4359.615234,4326.794922,4322.94873,4307.820313,4351.410156,4326.025879,4313.846191,4502.692383,4525.256348,4395.897461,4461.922852,0.573811,0.271437,0.243997,0.224387,0.084304,0.520375,0.399386,0.122971,0.145676,0.115848,1.114388,0.294637,0.158371,0.207851,0.059779,0.201076,0.383865,0.138662,0.147011,0.043169,0.176508,0.17033,0.086871,0.112778,0.080807,0.401048,0.174604,0.135431,0.269958,0.172562,0.326057,0.294362,0.23465,0.265272,0.33731,0.210548,0.203841,0.137589,0.178779,0.158717,0.190951,0.225256,0.112632,0.258966,0.111557,0.404622,0.61214,0.188107,0.239123,0.149193,0.627882,0.846753,0.226285,0.281867,0.101659,0.674324,0.50511,0.244178,0.293976,0.180033,0.453931,0.79029,0.275473,0.223862,0.116812,0.70883,0.942182,0.285132,0.220054,0.124391
1768920142.216603,1768920142.217899,97.0,0.0,4346.410156,4329.871582,4345.897461,4358.974121,4327.563965,4329.358887,4318.205078,4352.179688,4333.974121,4311.410156,4503.589844,4524.358887,4396.538574,4459.487305,,,,,,,,,,,,,,,,,,,,,,,,,,,,,,,,,,,,,,,,,,,,,,,,,,,,,,,,,,,,,,,,,,,,,,
1768920142.224411,1768920142.225607,98.0,0.0,4351.025879,4326.153809,4341.666504,4358.589844,4324.871582,4330.641113,4317.05127,4354.102539,4335.384766,4312.05127,4505.256348,4530.769043,4396.538574,4462.436035,,,,,,,,,,,,,,,,,,,,,,,,,,,,,,,,,,,,,,,,,,,,,,,,,,,,,,,,,,,,,,,,,,,,,,
1768920142.23222,1768920142.233416,99.0,0.0,4346.922852,4324.487305,4345.512695,4357.563965,4326.025879,4328.205078,4312.179688,4349.358887,4327.307617,4306.922852,4494.615234,4526.153809,4394.487305,4460.256348,,,,,,,,,,,,,,,,,,,,,,,,,,,,,,,,,,,,,,,,,,,,,,,,,,,,,,,,,,,,,,,,,,,,,,
1768920142.240029,1768920142.241024,100.0,0.0,4340.512695,4327.436035,4346.025879,4357.692383,4327.692383,4326.410156,4310.384766,4343.717773,4323.974121,4303.846191,4488.077148,4518.589844,4392.179688,4453.974121,,,,,,,,,,,,,,,,,,,,,,,,,,,,,,,,,,,,,,,,,,,,,,,,,,,,,,,,,,,,,,,,,,,,,,
1768920142.247837,1768920142.248833,101.0,0.0,4338.589844,4325.0,4340.128418,4350.512695,4323.333496,4325.0,4309.102539,4343.333496,4326.025879,4308.077148,4497.05127,4521.666504,4394.615234,4453.205078,,,,,,,,,,,,,,,,,,,,,,,,,,,,,,,,,,,,,,,,,,,,,,,,,,,,,,,,,,,,,,,,,,,,,,
1768920142.255645,1768920142.256541,102.0,0.0,4339.615234,4315.897461,4339.358887,4344.230957,4320.897461,4325.641113,4309.487305,4341.666504,4323.846191,4309.102539,4505.897461,4526.538574,4397.436035,4457.436035,,,,,,,,,,,,,,,,,,,,,,,,,,,,,,,,,,,,,,,,,,,,,,,,,,,,,,,,,,,,,,,,,,,,,,
1768920142.263454,1768920142.26435,103.0,0.0,4340.897461,4313.846191,4342.436035,4349.230957,4324.487305,4326.794922,4309.230957,4341.922852,4324.230957,4307.563965,4507.563965,4527.94873,4397.563965,4461.922852,,,,,,,,,,,,,,,,,,,,,,,,,,,,,,,,,,,,,,,,,,,,,,,,,,,,,,,,,,,,,,,,,,,,,,
1768920142.271263,1768920142.271958,104.0,0.0,4341.666504,4320.128418,4342.05127,4349.230957,4326.153809,4324.615234,4308.846191,4348.077148,4331.922852,4310.0,4507.94873,4530.384766,4398.333496,4461.666504,,,,,,,,,,,,,,,,,,,,,,,,,,,,,,,,,,,,,,,,,,,,,,,,,,,,,,,,,,,,,,,,,,,,,,
1768920142.279071,1768920142.279767,105.0,0.0,4344.358887,4323.077148,4342.94873,4345.769043,4325.128418,4325.256348,4312.05127,4349.743652,4338.974121,4313.333496,4508.461426,4530.897461,4396.538574,4460.256348,,,,,,,,,,,,,,,,,,,,,,,,,,,,,,,,,,,,,,,,,,,,,,,,,,,,,,,,,,,,,,,,,,,,,,
1768920142.28688,1768920142.287475,106.0,0.0,4347.94873,4324.230957,4349.102539,4352.94873,4326.538574,4329.102539,4317.436035,4348.717773,4339.743652,4316.922852,4511.025879,4532.94873,4397.179688,4463.717773,,,,,,,,,,,,,,,,,,,,,,,,,,,,,,,,,,,,,,,,,,,,,,,,,,,,,,,,,,,,,,,,,,,,,,
1768920142.294688,1768920142.295284,107.0,0.0,4348.205078,4327.05127,4349.871582,4357.563965,4326.282227,4326.666504,4317.692383,4350.769043,4338.589844,4318.717773,4507.692383,4535.256348,4398.974121,4464.358887,,,,,,,,,,,,,,,,,,,,,,,,,,,,,,,,,,,,,,,,,,,,,,,,,,,,,,,,,,,,,,,,,,,,,,
1768920142.302497,1768920142.303292,108.0,0.0,4343.333496,4326.666504,4343.205078,4353.846191,4326.794922,4328.205078,4320.256348,4350.128418,4338.461426,4311.666504,4494.102539,4529.230957,4382.563965,4448.333496,,,,,,,,,,,,,,,,,,,,,,,,,,,,,,,,,,,,,,,,,,,,,,,,,,,,,,,,,,,,,,,,,,,,,,
1768920142.310305,1768920142.311101,109.0,0.0,4339.358887,4326.410156,4341.025879,4355.641113,4331.025879,4336.922852,4324.358887,4347.94873,4336.025879,4308.717773,4491.666504,4522.94873,4372.563965,4439.871582,,,,,,,,,,,,,,,,,,,,,,,,,,,,,,,,,,,,,,,,,,,,,,,,,,,,,,,,,,,,,,,,,,,,,,
1768920142.318114,1768920142.318809,110.0,0.0,4342.05127,4329.743652,4343.589844,4357.820313,4329.615234,4332.563965,4317.436035,4345.769043,4330.0,4312.436035,4505.0,4527.05127,4397.692383,4453.974121,,,,,,,,,,,,,,,,,,,,,,,,,,,,,,,,,,,,,,,,,,,,,,,,,,,,,,,,,,,,,,,,,,,,,,
1768920142.325922,1768920142.326617,111.0,0.0,4344.615234,4328.205078,4344.871582,4356.410156,4325.641113,4323.974121,4309.487305,4342.820313,4325.641113,4311.410156,4509.871582,4530.128418,4420.256348,4467.436035,,,,,,,,,,,,,,,,,,,,,,,,,,,,,,,,,,,,,,,,,,,,,,,,,,,,,,,,,,,,,,,,,,,,,,
1768920142.333731,1768920142.334225,112.0,0.0,4340.512695,4325.128418,4343.846191,4358.461426,4327.179688,4326.410156,4310.512695,4340.641113,4326.666504,4310.256348,4503.333496,4523.077148,4410.384766,4466.153809,0.522818,0.264051,0.212797,0.207349,0.096648,0.546485,0.367633,0.104546,0.134695,0.12031,1.073925,0.271938,0.135584,0.199812,0.060979,0.207607,0.420115,0.136763,0.128268,0.040099,0.206437,0.178399,0.082108,0.112749,0.083198,0.401563,0.160421,0.135815,0.280736,0.176017,0.362271,0.280954,0.225072,0.23822,0.321133,0.217613,0.202101,0.106678,0.160295,0.164537,0.189328,0.277582,0.122498,0.268984,0.120233,0.333561,0.64087,0.170624,0.221019,0.14955,0.590713,0.899992,0.236015,0.244072,0.107326,0.590048,0.509948,0.232013,0.285467,0.178352,0.461612,0.866778,0.284498,0.189135,0.110103,0.657999,0.975591,0.346124,0.192817,0.123274
1768920142.341539,1768920142.342034,113.0,0.0,4340.512695,4330.128418,4342.05127,4357.94873,4328.205078,4325.641113,4310.0,4339.487305,4328.589844,4311.666504,4504.230957,4520.0,4401.153809,4461.794922,,,,,,,,,,,,,,,,,,,,,,,,,,,,,,,,,,,,,,,,,,,,,,,,,,,,,,,,,,,,,,,,,,,,,,
1768920142.349348,1768920142.349742,114.0,0.0,4350.256348,4336.153809,4343.205078,4355.897461,4327.307617,4323.717773,4309.871582,4343.077148,4330.384766,4310.0,4507.820313,4526.922852,4406.410156,4468.846191,,,,,,,,,,,,,,,,,,,,,,,,,,,,,,,,,,,,,,,,,,,,,,,,,,,,,,,,,,,,,,,,,,,,,,
1768920142.357156,1768920142.35755,115.0,0.0,4352.307617,4330.769043,4347.05127,4355.641113,4327.820313,4330.641113,4316.282227,4350.769043,4333.846191,4310.128418,4506.282227,4534.487305,4408.077148,4475.641113,,,,,,,,,,,,,,,,,,,,,,,,,,,,,,,,,,,,,,,,,,,,,,,,,,,,,,,,,,,,,,,,,,,,,,
1768920142.364965,1768920142.365558,116.0,0.0,4338.205078,4324.102539,4341.922852,4350.128418,4326.794922,4332.05127,4315.897461,4347.563965,4332.05127,4312.179688,4506.538574,4532.179688,4403.846191,4468.205078,,,,,,,,,,,,,,,,,,,,,,,,,,,,,,,,,,,,,,,,,,,,,,,,,,,,,,,,,,,,,,,,,,,,,,
1768920142.372773,1768920142.373367,117.0,0.0,4328.461426,4323.077148,4332.05127,4342.436035,4326.282227,4325.0,4307.692383,4334.743652,4324.743652,4305.512695,4501.538574,4517.820313,4395.512695,4454.615234,,,,,,,,,,,,,,,,,,,,,,,,,,,,,,,,,,,,,,,,,,,,,,,,,,,,,,,,,,,,,,,,,,,,,,
1768920142.380582,1768920142.381275,118.0,0.0,4336.282227,4324.230957,4333.461426,4342.94873,4327.94873,4322.94873,4304.358887,4335.128418,4322.820313,4301.153809,4493.846191,4510.897461,4392.436035,4456.538574,,,,,,,,,,,,,,,,,,,,,,,,,,,,,,,,,,,,,,,,,,,,,,,,,,,,,,,,,,,,,,,,,,,,,,
1768920142.38839,1768920142.389084,119.0,0.0,4344.230957,4326.025879,4341.282227,4350.641113,4327.436035,4324.487305,4304.743652,4341.025879,4326.794922,4309.743652,4492.692383,4516.922852,4397.179688,4461.282227,,,,,,,,,,,,,,,,,,,,,,,,,,,,,,,,,,,,,,,,,,,,,,,,,,,,,,,,,,,,,,,,,,,,,,
1768920142.396199,1768920142.397092,120.0,0.0,4343.974121,4330.384766,4344.358887,4358.077148,4325.128418,4325.769043,4307.820313,4337.05127,4327.307617,4314.871582,4493.333496,4522.307617,4399.615234,4457.563965,,,,,,,,,,,,,,,,,,,,,,,,,,,,,,,,,,,,,,,,,,,,,,,,,,,,,,,,,,,,,,,,,,,,,,
1768920142.404007,1768920142.4049,121.0,0.0,4341.282227,4333.589844,4343.974121,4357.179688,4325.512695,4327.94873,4313.717773,4337.307617,4323.717773,4311.666504,4493.589844,4524.230957,4400.256348,4459.871582,,,,,,,,,,,,,,,,,,,,,,,,,,,,,,,,,,,,,,,,,,,,,,,,,,,,,,,,,,,,,,,,,,,,,,
1768920142.411816,1768920142.412809,122.0,0.0,4337.692383,4330.769043,4344.102539,4350.897461,4326.922852,4328.333496,4314.743652,4345.897461,4326.025879,4311.794922,4496.153809,4524.615234,4398.717773,4460.128418,,,,,,,,,,,,,,,,,,,,,,,,,,,,,,,,,,,,,,,,,,,,,,,,,,,,,,,,,,,,,,,,,,,,,,
1768920142.419624,1768920142.420617,123.0,0.0,4338.205078,4329.230957,4343.205078,4350.897461,4328.717773,4326.794922,4312.05127,4348.077148,4334.102539,4314.358887,4496.666504,4522.820313,4394.871582,4455.641113,,,,,,,,,,,,,,,,,,,,,,,,,,,,,,,,,,,,,,,,,,,,,,,,,,,,,,,,,,,,,,,,,,,,,,
1768920142.427433,1768920142.428226,124.0,0.0,4341.666504,4334.743652,4341.538574,4354.358887,4327.436035,4324.487305,4308.717773,4342.436035,4335.0,4313.461426,4493.589844,4523.077148,4400.0,4459.871582,,,,,,,,,,,,,,,,,,,,,,,,,,,,,,,,,,,,,,,,,,,,,,,,,,,,,,,,,,,,,,,,,,,,,,
1768920142.435241,1768920142.436034,125.0,0.0,4340.897461,4336.538574,4341.922852,4355.384766,4328.717773,4325.512695,4307.94873,4339.743652,4327.05127,4311.410156,4492.94873,4519.487305,4407.307617,4463.333496,,,,,,,,,,,,,,,,,,,,,,,,,,,,,,,,,,,,,,,,,,,,,,,,,,,,,,,,,,,,,,,,,,,,,,
1768920142.44305,1768920142.443743,126.0,0.0,4337.05127,4327.94873,4341.153809,4353.974121,4335.256348,4331.282227,4315.128418,4343.333496,4324.615234,4310.512695,4493.077148,4510.512695,4398.077148,4451.025879,,,,,,,,,,,,,,,,,,,,,,,,,,,,,,,,,,,,,,,,,,,,,,,,,,,,,,,,,,,,,,,,,,,,,,
1768920142.450858,1768920142.451551,127.0,0.0,4334.102539,4324.743652,4338.974121,4350.256348,4335.769043,4330.0,4316.666504,4345.769043,4328.717773,4311.794922,4491.922852,4512.436035,4390.128418,4446.794922,,,,,,,,,,,,,,,,,,,,,,,,,,,,,,,,,,,,,,,,,,,,,,,,,,,,,,,,,,,,,,,,,,,,,,
1768920142.458667,1768920142.45916,0.0,0.0,4332.820313,4332.05127,4339.487305,4351.282227,4333.589844,4322.05127,4308.589844,4342.179688,4328.077148,4312.307617,4491.666504,4517.692383,4395.769043,4455.256348,0.482813,0.262855,0.195458,0.189129,0.10988,0.562752,0.342704,0.10419,0.129698,0.120222,0.975095,0.248803,0.120989,0.209529,0.068915,0.235019,0.427662,0.149628,0.114839,0.038909,0.247571,0.182834,0.087832,0.106694,0.082047,0.395222,0.13714,0.15481,0.280741,0.18054,0.398898,0.264384,0.230558,0.218643,0.297127,0.228225,0.203637,0.088964,0.146266,0.164803,0.190659,0.334921,0.141735,0.276499,0.130033,0.284563,0.644268,0.166959,0.219385,0.154013,0.56893,0.92559,0.25045,0.214614,0.114199,0.532081,0.547514,0.237909,0.282691,0.183419,0.490773,0.942648,0.307367,0.187221,0.108608,0.649595,0.96289,0.430236,0.195718,0.133254
1768920142.466475,1768920142.466968,1.0,0.0,4337.563965,4337.307617,4345.0,4359.743652,4332.563965,4323.333496,4306.922852,4341.153809,4325.384766,4312.179688,4491.538574,4514.743652,4398.974121,4455.384766,,,,,,,,,,,,,,,,,,,,,,,,,,,,,,,,,,,,,,,,,,,,,,,,,,,,,,,,,,,,,,,,,,,,,,
1768920142.474284,1768920142.474677,2.0,0.0,4343.717773,4341.153809,4349.102539,4362.436035,4331.922852,4330.0,4310.769043,4342.692383,4325.641113,4311.025879,4493.846191,4516.153809,4397.820313,4453.205078,,,,,,,,,,,,,,,,,,,,,,,,,,,,,,,,,,,,,,,,,,,,,,,,,,,,,,,,,,,,,,,,,,,,,,
1768920142.482093,1768920142.482485,3.0,0.0,4344.358887,4341.025879,4350.769043,4356.666504,4333.461426,4327.820313,4308.589844,4338.077148,4323.974121,4308.589844,4494.487305,4519.230957,4397.692383,4455.128418,,,,,,,,,,,,,,,,,,,,,,,,,,,,,,,,,,,,,,,,,,,,,,,,,,,,,,,,,,,,,,,,,,,,,,
1768920142.489901,1768920142.490494,4.0,0.0,4341.794922,4332.563965,4351.282227,4354.615234,4331.025879,4323.077148,4308.205078,4332.692383,4322.307617,4307.94873,4491.922852,4517.179688,4396.025879,4456.025879,,,,,,,,,,,,,,,,,,,,,,,,,,,,,,,,,,,,,,,,,,,,,,,,,,,,,,,,,,,,,,,,,,,,,,
1768920142.49771,1768920142.498302,5.0,0.0,4340.769043,4328.846191,4347.307617,4355.384766,4327.436035,4323.846191,4310.256348,4335.512695,4325.769043,4315.384766,4491.538574,4521.666504,4399.358887,4456.794922,,,,,,,,,,,,,,,,,,,,,,,,,,,,,,,,,,,,,,,,,,,,,,,,,,,,,,,,,,,,,,,,,,,,,,
1768920142.505518,1768920142.50621,6.0,0.0,4342.692383,4333.846191,4345.0,4356.282227,4330.897461,4327.179688,4310.384766,4341.666504,4329.871582,4320.641113,4496.410156,4528.077148,4406.282227,4460.384766,,,,,,,,,,,,,,,,,,,,,,,,,,,,,,,,,,,,,,,,,,,,,,,,,,,,,,,,,,,,,,,,,,,,,,
1768920142.513327,1768920142.514019,7.0,0.0,4342.692383,4334.743652,4345.769043,4358.077148,4333.205078,4328.461426,4313.717773,4345.769043,4334.871582,4316.666504,4498.077148,4522.307617,4402.307617,4456.410156,,,,,,,,,,,,,,,,,,,,,,,,,,,,,,,,,,,,,,,,,,,,,,,,,,,,,,,,,,,,,,,,,,,,,,
1768920142.521135,1768920142.521627,8.0,0.0,4337.563965,4330.641113,4342.820313,4356.794922,4329.487305,4325.128418,4311.794922,4346.922852,4340.897461,4317.307617,4494.615234,4515.128418,4397.179688,4447.436035,,,,,,,,,,,,,,,,,,,,,,,,,,,,,,,,,,,,,,,,,,,,,,,,,,,,,,,,,,,,,,,,,,,,,,
1768920142.528944,1768920142.529435,9.0,0.0,4335.0,4329.358887,4339.102539,4355.897461,4330.128418,4323.717773,4305.0,4341.666504,4335.769043,4320.256348,4501.922852,4519.615234,4407.05127,4449.615234,,,,,,,,,,,,,,,,,,,,,,,,,,,,,,,,,,,,,,,,,,,,,,,,,,,,,,,,,,,,,,,,,,,,,,
1768920142.536752,1768920142.537144,10.0,0.0,4336.666504,4330.256348,4341.666504,4358.077148,4332.436035,4325.641113,4302.94873,4337.94873,4327.436035,4316.794922,4507.820313,4522.820313,4415.0,4454.487305,,,,,,,,,,,,,,,,,,,,,,,,,,,,,,,,,,,,,,,,,,,,,,,,,,,,,,,,,,,,,,,,,,,,,,
1768920142.544561,1768920142.544952,11.0,0.0,4338.717773,4328.589844,4341.666504,4357.307617,4327.692383,4325.384766,4304.230957,4339.743652,4328.077148,4314.230957,4496.666504,4517.436035,4408.974121,4450.384766,,,,,,,,,,,,,,,,,,,,,,,,,,,,,,,,,,,,,,,,,,,,,,,,,,,,,,,,,,,,,,,,,,,,,,
1768920142.552369,1768920142.55296,12.0,0.0,4342.05127,4326.666504,4339.487305,4357.692383,4327.179688,4322.307617,4304.743652,4339.230957,4327.94873,4318.461426,4491.538574,4515.256348,4404.487305,4447.820313,,,,,,,,,,,,,,,,,,,,,,,,,,,,,,,,,,,,,,,,,,,,,,,,,,,,,,,,,,,,,,,,,,,,,,
1768920142.560178,1768920142.560769,13.0,0.0,4346.666504,4334.230957,4345.897461,4365.641113,4333.589844,4322.692383,4307.436035,4340.128418,4330.512695,4322.820313,4503.333496,4524.871582,4410.897461,4452.692383,,,,,,,,,,,,,,,,,,,,,,,,,,,,,,,,,,,,,,,,,,,,,,,,,,,,,,,,,,,,,,,,,,,,,,
1768920142.567986,1768920142.568677,14.0,0.0,4348.461426,4339.615234,4354.487305,4367.307617,4334.102539,4326.666504,4310.897461,4343.846191,4336.153809,4324.230957,4508.333496,4533.461426,4417.563965,4455.384766,,,,,,,,,,,,,,,,,,,,,,,,,,,,,,,,,,,,,,,,,,,,,,,,,,,,,,,,,,,,,,,,,,,,,,
1768920142.575795,1768920142.576485,15.0,0.0,4348.589844,4334.358887,4354.102539,4360.0,4330.256348,4329.230957,4311.410156,4339.615234,4332.820313,4325.256348,4504.615234,4529.871582,4419.230957,4455.256348,,,,,,,,,,,,,,,,,,,,,,,,,,,,,,,,,,,,,,,,,,,,,,,,,,,,,,,,,,,,,,,,,,,,,,
1768920142.583603,1768920142.584494,16.0,0.0,4348.717773,4331.666504,4350.128418,4359.230957,4330.384766,4331.410156,4311.666504,4337.820313,4330.384766,4321.025879,4506.410156,4526.025879,4414.871582,4457.05127,0.42889,0.267777,0.192999,0.175205,0.121874,0.551995,0.318919,0.118613,0.13116,0.115319,0.845831,0.227715,0.115631,0.23542,0.085551,0.288229,0.403079,0.170866,0.107579,0.039318,0.288362,0.179634,0.100375,0.094557,0.077815,0.380759,0.114196,0.191173,0.268278,0.184751,0.429635,0.249959,0.254714,0.207417,0.271211,0.25644,0.216165,0.082371,0.139073,0.159103,0.221646,0.400613,0.173631,0.279038,0.138715,0.277988,0.642481,0.171685,0.227528,0.158306,0.556645,0.920151,0.289952,0.195981,0.125252,0.495208,0.597137,0.251448,0.27719,0.19983,0.525889,1.004946,0.335085,0.223126,0.116498,0.640814,0.929129,0.525752,0.225611,0.154445
1768920142.591412,1768920142.592302,17.0,0.0,4350.641113,4336.922852,4354.102539,4364.871582,4332.179688,4328.846191,4312.179688,4346.410156,4340.512695,4321.025879,4508.589844,4531.922852,4411.153809,4461.282227,,,,,,,,,,,,,,,,,,,,,,,,,,,,,,,,,,,,,,,,,,,,,,,,,,,,,,,,,,,,,,,,,,,,,,
1768920142.59922,1768920142.60021,18.0,0.0,4355.256348,4340.769043,4359.743652,4369.743652,4334.102539,4328.717773,4316.538574,4346.410156,4340.769043,4330.0,4509.358887,4537.05127,4420.641113,4470.897461,,,,,,,,,,,,,,,,,,,,,,,,,,,,,,,,,,,,,,,,,,,,,,,,,,,,,,,,,,,,,,,,,,,,,,
1768920142.607029,1768920142.608019,19.0,0.0,4358.589844,4342.05127,4359.358887,4370.384766,4335.0,4335.128418,4319.487305,4340.128418,4329.743652,4332.692383,4511.410156,4536.153809,4428.333496,4478.205078,,,,,,,,,,,,,,,,,,,,,,,,,,,,,,,,,,,,,,,,,,,,,,,,,,,,,,,,,,,,,,,,,,,,,,
1768920142.614837,1768920142.615628,20.0,0.0,4359.358887,4343.589844,4354.487305,4363.974121,4333.717773,4336.153809,4315.897461,4341.922852,4329.487305,4327.820313,4509.358887,4531.153809,4418.205078,4471.538574,,,,,,,,,,,,,,,,,,,,,,,,,,,,,,,,,,,,,,,,,,,,,,,,,,,,,,,,,,,,,,,,,,,,,,
1768920142.622646,1768920142.623436,21.0,0.0,4357.179688,4341.025879,4347.307617,4357.436035,4333.974121,4326.538574,4310.256348,4343.974121,4331.538574,4324.487305,4497.436035,4524.358887,4405.769043,4462.05127,,,,,,,,,,,,,,,,,,,,,,,,,,,,,,,,,,,,,,,,,,,,,,,,,,,,,,,,,,,,,,,,,,,,,,
1768920142.630454,1768920142.631145,22.0,0.0,4355.512695,4335.128418,4342.307617,4356.410156,4333.333496,4318.461426,4302.05127,4338.077148,4326.922852,4318.333496,4489.871582,4517.563965,4403.846191,4458.077148,,,,,,,,,,,,,,,,,,,,,,,,,,,,,,,,,,,,,,,,,,,,,,,,,,,,,,,,,,,,,,,,,,,,,,
1768920142.638263,1768920142.638953,23.0,0.0,4358.333496,4332.692383,4342.94873,4357.05127,4327.436035,4320.128418,4297.05127,4334.230957,4322.820313,4312.94873,4498.589844,4520.512695,4406.666504,4458.589844,,,,,,,,,,,,,,,,,,,,,,,,,,,,,,,,,,,,,,,,,,,,,,,,,,,,,,,,,,,,,,,,,,,,,,
1768920142.646071,1768920142.646562,24.0,0.0,4360.769043,4333.333496,4342.94873,4353.461426,4327.692383,4323.589844,4303.205078,4337.692383,4325.897461,4318.589844,4507.94873,4527.179688,4411.538574,4462.692383,,,,,,,,,,,,,,,,,,,,,,,,,,,,,,,,,,,,,,,,,,,,,,,,,,,,,,,,,,,,,,,,,,,,,,
1768920142.65388,1768920142.65437,25.0,0.0,4361.025879,4328.333496,4339.743652,4347.692383,4331.794922,4327.179688,4315.641113,4342.436035,4330.384766,4324.871582,4510.0,4527.436035,4417.436035,4463.974121,,,,,,,,,,,,,,,,,,,,,,,,,,,,,,,,,,,,,,,,,,,,,,,,,,,,,,,,,,,,,,,,,,,,,,
1768920142.661688,1768920142.662079,26.0,0.0,4363.205078,4319.230957,4340.256348,4345.897461,4326.538574,4327.179688,4321.922852,4343.717773,4327.692383,4320.897461,4503.077148,4522.563965,4412.820313,4457.436035,,,,,,,,,,,,,,,,,,,,,,,,,,,,,,,,,,,,,,,,,,,,,,,,,,,,,,,,,,,,,,,,,,,,,,
1768920142.669497,1768920142.669887,27.0,0.0,4367.307617,4320.641113,4342.94873,4349.102539,4324.743652,4324.743652,4322.820313,4341.538574,4325.128418,4312.820313,4491.410156,4516.410156,4400.128418,4449.102539,,,,,,,,,,,,,,,,,,,,,,,,,,,,,,,,,,,,,,,,,,,,,,,,,,,,,,,,,,,,,,,,,,,,,,
1768920142.677306,1768920142.677496,28.0,0.0,4371.282227,4325.897461,4343.333496,4352.820313,4328.077148,4328.077148,4327.563965,4340.641113,4326.282227,4313.205078,4494.615234,4520.769043,4402.05127,4455.384766,,,,,,,,,,,,,,,,,,,,,,,,,,,,,,,,,,,,,,,,,,,,,,,,,,,,,,,,,,,,,,,,,,,,,,
1768920142.685114,1768920142.685304,29.0,0.0,4371.922852,4323.717773,4342.563965,4353.333496,4325.384766,4330.384766,4332.94873,4343.846191,4327.179688,4318.974121,4506.282227,4528.205078,4412.307617,4466.282227,,,,,,,,,,,,,,,,,,,,,,,,,,,,,,,,,,,,,,,,,,,,,,,,,,,,,,,,,,,,,,,,,,,,,,
1768920142.692922,1768920142.693212,30.0,0.0,4366.153809,4321.282227,4343.205078,4351.666504,4324.230957,4326.666504,4336.025879,4347.820313,4327.692383,4316.794922,4499.487305,4523.205078,4402.94873,4460.641113,,,,,,,,,,,,,,,,,,,,,,,,,,,,,,,,,,,,,,,,,,,,,,,,,,,,,,,,,,,,,,,,,,,,,,
1768920142.700731,1768920142.701021,31.0,0.0,4366.410156,4322.94873,4344.615234,4351.538574,4326.282227,4327.692383,4338.974121,4345.769043,4327.179688,4312.307617,4488.589844,4519.358887,4393.333496,4454.230957,,,,,,,,,,,,,,,,,,,,,,,,,,,,,,,,,,,,,,,,,,,,,,,,,,,,,,,,,,,,,,,,,,,,,,
1768920142.70854,1768920142.709029,32.0,0.0,4373.846191,4325.641113,4343.205078,4352.692383,4326.922852,4327.436035,4337.307617,4339.102539,4326.410156,4315.384766,4493.717773,4524.102539,4406.282227,4460.512695,0.349603,0.27403,0.203323,0.170405,0.131094,0.507385,0.296286,0.141867,0.138616,0.107777,0.705667,0.213454,0.119229,0.26842,0.109604,0.362492,0.361558,0.194948,0.105468,0.041401,0.316748,0.166629,0.114766,0.078093,0.071743,0.354793,0.097495,0.234708,0.245653,0.18662,0.441487,0.239277,0.290135,0.203891,0.249499,0.309015,0.242298,0.085543,0.139453,0.148547,0.300128,0.472302,0.220201,0.275908,0.144636,0.322663,0.65075,0.179409,0.236449,0.157577,0.54707,0.885258,0.371348,0.188288,0.143277,0.47016,0.631278,0.265797,0.2681,0.22693,0.570291,1.045038,0.369075,0.289876,0.138567,0.605944,0.892789,0.62126,0.270674,0.184641
1768920142.716348,1768920142.716837,33.0,0.0,4371.282227,4325.512695,4339.871582,4353.333496,4326.794922,4318.333496,4328.077148,4337.563965,4327.05127,4319.102539,4494.871582,4520.128418,4412.820313,4461.025879,,,,,,,,,,,,,,,,,,,,,,,,,,,,,,,,,,,,,,,,,,,,,,,,,,,,,,,,,,,,,,,,,,,,,,
1768920142.724157,1768920142.724546,34.0,0.0,4365.0,4323.077148,4338.717773,4353.333496,4327.307617,4313.974121,4323.205078,4339.358887,4326.666504,4316.153809,4492.820313,4514.871582,4406.153809,4458.077148,,,,,,,,,,,,,,,,,,,,,,,,,,,,,,,,,,,,,,,,,,,,,,,,,,,,,,,,,,,,,,,,,,,,,,
1768920142.731965,1768920142.732354,35.0,0.0,4369.102539,4326.410156,4341.025879,4355.512695,4325.128418,4318.846191,4326.025879,4337.692383,4324.743652,4314.102539,4501.922852,4522.692383,4410.384766,4468.589844,,,,,,,,,,,,,,,,,,,,,,,,,,,,,,,,,,,,,,,,,,,,,,,,,,,,,,,,,,,,,,,,,,,,,,
1768920142.739774,1768920142.739962,36.0,0.0,4374.230957,4333.333496,4341.538574,4357.94873,4323.974121,4326.922852,4328.974121,4337.563965,4326.538574,4316.153809,4507.436035,4527.179688,4415.641113,4473.205078,,,,,,,,,,,,,,,,,,,,,,,,,,,,,,,,,,,,,,,,,,,,,,,,,,,,,,,,,,,,,,,,,,,,,,
1768920142.747582,1768920142.74777,37.0,0.0,4367.05127,4333.077148,4337.563965,4356.794922,4327.05127,4331.794922,4330.897461,4340.0,4328.589844,4318.974121,4501.922852,4520.128418,4411.794922,4461.282227,,,,,,,,,,,,,,,,,,,,,,,,,,,,,,,,,,,,,,,,,,,,,,,,,,,,,,,,,,,,,,,,,,,,,,
1768920142.755391,1768920142.755679,38.0,0.0,4359.230957,4327.436035,4335.384766,4352.307617,4325.769043,4327.307617,4325.769043,4339.487305,4327.563965,4321.794922,4496.410156,4516.794922,4411.794922,4456.025879,,,,,,,,,,,,,,,,,,,,,,,,,,,,,,,,,,,,,,,,,,,,,,,,,,,,,,,,,,,,,,,,,,,,,,
1768920142.763199,1768920142.763487,39.0,0.0,4365.0,4326.922852,4340.897461,4353.589844,4322.563965,4324.487305,4321.922852,4341.794922,4332.563965,4322.820313,4501.922852,4524.871582,4412.307617,4463.205078,,,,,,,,,,,,,,,,,,,,,,,,,,,,,,,,,,,,,,,,,,,,,,,,,,,,,,,,,,,,,,,,,,,,,,
1768920142.771008,1768920142.771495,40.0,0.0,4373.205078,4327.692383,4345.512695,4357.563965,4323.461426,4331.538574,4327.94873,4346.794922,4337.05127,4316.794922,4509.615234,4533.333496,4411.282227,4470.256348,,,,,,,,,,,,,,,,,,,,,,,,,,,,,,,,,,,,,,,,,,,,,,,,,,,,,,,,,,,,,,,,,,,,,,
1768920142.778816,1768920142.779304,41.0,0.0,4372.307617,4329.358887,4340.897461,4356.794922,4328.846191,4333.077148,4326.153809,4344.743652,4329.487305,4312.563965,4504.102539,4526.282227,4414.230957,4467.692383,,,,,,,,,,,,,,,,,,,,,,,,,,,,,,,,,,,,,,,,,,,,,,,,,,,,,,,,,,,,,,,,,,,,,,
1768920142.786625,1768920142.787212,42.0,0.0,4366.922852,4332.563965,4337.563965,4358.333496,4331.410156,4324.102539,4318.461426,4338.333496,4324.230957,4318.333496,4493.077148,4515.256348,4412.692383,4459.743652,,,,,,,,,,,,,,,,,,,,,,,,,,,,,,,,,,,,,,,,,,,,,,,,,,,,,,,,,,,,,,,,,,,,,,
1768920142.794433,1768920142.795021,43.0,0.0,4362.436035,4330.256348,4342.05127,4363.077148,4330.384766,4326.922852,4324.615234,4338.205078,4328.077148,4320.256348,4489.615234,4515.641113,4403.589844,4457.820313,,,,,,,,,,,,,,,,,,,,,,,,,,,,,,,,,,,,,,,,,,,,,,,,,,,,,,,,,,,,,,,,,,,,,,
1768920142.802242,1768920142.802929,44.0,0.0,4355.897461,4319.743652,4342.436035,4356.538574,4326.153809,4336.666504,4331.538574,4342.692383,4326.538574,4308.974121,4488.846191,4516.922852,4394.871582,4453.589844,,,,,,,,,,,,,,,,,,,,,,,,,,,,,,,,,,,,,,,,,,,,,,,,,,,,,,,,,,,,,,,,,,,,,,
1768920142.81005,1768920142.810737,45.0,0.0,4354.615234,4314.487305,4336.410156,4347.94873,4319.358887,4334.871582,4327.05127,4348.333496,4324.102539,4305.384766,4490.512695,4516.794922,4397.563965,4449.743652,,,,,,,,,,,,,,,,,,,,,,,,,,,,,,,,,,,,,,,,,,,,,,,,,,,,,,,,,,,,,,,,,,,,,,
1768920142.817859,1768920142.818446,46.0,0.0,4364.358887,4324.615234,4341.025879,4354.743652,4319.102539,4325.641113,4323.846191,4349.358887,4333.974121,4318.974121,4502.563965,4527.179688,4409.743652,4461.794922,,,,,,,,,,,,,,,,,,,,,,,,,,,,,,,,,,,,,,,,,,,,,,,,,,,,,,,,,,,,,,,,,,,,,,
1768920142.825667,1768920142.826254,47.0,0.0,4372.436035,4336.922852,4354.615234,4363.846191,4325.512695,4323.846191,4326.153809,4342.94873,4335.897461,4326.025879,4511.666504,4538.205078,4419.230957,4473.077148,,,,,,,,,,,,,,,,,,,,,,,,,,,,,,,,,,,,,,,,,,,,,,,,,,,,,,,,,,,,,,,,,,,,,,
1768920142.833476,1768920142.833863,48.0,0.0,4366.410156,4333.974121,4354.358887,4361.282227,4327.436035,4329.102539,4327.05127,4343.077148,4326.410156,4315.641113,4502.692383,4536.410156,4411.666504,4464.743652,0.260446,0.276155,0.224882,0.176118,0.136278,0.445429,0.278955,0.171416,0.150736,0.100514,0.56986,0.215765,0.134184,0.29544,0.135751,0.449596,0.323146,0.218872,0.107608,0.045434,0.321659,0.14445,0.126525,0.060513,0.06524,0.315256,0.086816,0.269982,0.216463,0.184054,0.437463,0.229999,0.322673,0.206405,0.235404,0.380122,0.276626,0.10112,0.146512,0.135172,0.423366,0.536024,0.279607,0.269039,0.14698,0.409568,0.667811,0.189444,0.240567,0.149278,0.538481,0.822482,0.497154,0.189919,0.168216,0.452816,0.634843,0.285626,0.259521,0.258575,0.628749,1.055495,0.422006,0.369535,0.177468,0.54805,0.861916,0.710688,0.315218,0.21868
1768920142.841284,1768920142.841672,49.0,0.0,4356.538574,4326.025879,4343.717773,4356.794922,4323.589844,4332.179688,4326.794922,4349.743652,4328.846191,4309.615234,4493.846191,4529.871582,4395.769043,4454.102539,,,,,,,,,,,,,,,,,,,,,,,,,,,,,,,,,,,,,,,,,,,,,,,,,,,,,,,,,,,,,,,,,,,,,,
1768920142.849093,1768920142.84938,50.0,0.0,4356.538574,4326.153809,4339.871582,4356.922852,4322.436035,4331.153809,4325.128418,4346.794922,4331.794922,4314.358887,4494.230957,4526.153809,4396.922852,4453.717773,,,,,,,,,,,,,,,,,,,,,,,,,,,,,,,,,,,,,,,,,,,,,,,,,,,,,,,,,,,,,,,,,,,,,,
1768920142.856901,1768920142.857189,51.0,0.0,4359.871582,4327.692383,4341.282227,4358.077148,4326.666504,4331.282227,4324.743652,4341.153809,4328.974121,4316.410156,4494.487305,4525.0,4410.641113,4456.922852,,,,,,,,,,,,,,,,,,,,,,,,,,,,,,,,,,,,,,,,,,,,,,,,,,,,,,,,,,,,,,,,,,,,,,
1768920142.86471,1768920142.864797,52.0,0.0,4360.128418,4329.871582,4345.256348,4360.256348,4331.025879,4334.487305,4332.05127,4348.205078,4333.333496,4315.128418,4498.333496,4528.589844,4414.102539,4460.512695,,,,,,,,,,,,,,,,,,,,,,,,,,,,,,,,,,,,,,,,,,,,,,,,,,,,,,,,,,,,,,,,,,,,,,
1768920142.872518,1768920142.872606,53.0,0.0,4356.922852,4334.358887,4349.871582,4361.538574,4331.282227,4334.230957,4331.538574,4352.436035,4334.615234,4317.436035,4506.153809,4533.077148,4408.974121,4459.230957,,,,,,,,,,,,,,,,,,,,,,,,,,,,,,,,,,,,,,,,,,,,,,,,,,,,,,,,,,,,,,,,,,,,,,
1768920142.880327,1768920142.880314,54.0,0.0,4352.94873,4329.615234,4346.025879,4353.717773,4324.743652,4327.563965,4317.563965,4345.384766,4331.410156,4320.256348,4507.563965,4533.846191,4409.871582,4458.205078,,,,,,,,,,,,,,,,,,,,,,,,,,,,,,,,,,,,,,,,,,,,,,,,,,,,,,,,,,,,,,,,,,,,,,
1768920142.888136,1768920142.888122,55.0,0.0,4353.717773,4322.563965,4339.358887,4346.666504,4321.794922,4324.743652,4313.717773,4343.461426,4335.0,4324.102539,4505.256348,4533.974121,4415.0,4467.307617,,,,,,,,,,,,,,,,,,,,,,,,,,,,,,,,,,,,,,,,,,,,,,,,,,,,,,,,,,,,,,,,,,,,,,
1768920142.895944,1768920142.89613,56.0,0.0,4358.717773,4325.769043,4341.538574,4350.384766,4326.666504,4330.512695,4322.820313,4348.205078,4337.179688,4326.794922,4507.563965,4536.282227,4415.512695,4471.025879,,,,,,,,,,,,,,,,,,,,,,,,,,,,,,,,,,,,,,,,,,,,,,,,,,,,,,,,,,,,,,,,,,,,,,
1768920142.903752,1768920142.903939,57.0,0.0,4359.615234,4327.820313,4345.256348,4357.05127,4326.538574,4332.307617,4326.153809,4354.102539,4335.256348,4324.358887,4507.94873,4538.846191,4413.333496,4470.256348,,,,,,,,,,,,,,,,,,,,,,,,,,,,,,,,,,,,,,,,,,,,,,,,,,,,,,,,,,,,,,,,,,,,,,
1768920142.911561,1768920142.911847,58.0,0.0,4353.846191,4325.512695,4344.230957,4358.077148,4320.384766,4328.974121,4321.922852,4355.512695,4337.179688,4326.025879,4507.179688,4540.0,4413.205078,4474.358887,,,,,,,,,,,,,,,,,,,,,,,,,,,,,,,,,,,,,,,,,,,,,,,,,,,,,,,,,,,,,,,,,,,,,,
1768920142.91937,1768920142.919656,59.0,0.0,4350.512695,4327.436035,4341.153809,4356.025879,4321.538574,4334.102539,4321.410156,4349.230957,4335.769043,4326.922852,4508.974121,4533.461426,4414.743652,4473.333496,,,,,,,,,,,,,,,,,,,,,,,,,,,,,,,,,,,,,,,,,,,,,,,,,,,,,,,,,,,,,,,,,,,,,,
1768920142.927178,1768920142.927264,60.0,0.0,4351.025879,4329.230957,4337.692383,4354.871582,4326.666504,4338.205078,4322.307617,4346.410156,4330.256348,4321.410156,4505.512695,4524.487305,4414.487305,4460.0,,,,,,,,,,,,,,,,,,,,,,,,,,,,,,,,,,,,,,,,,,,,,,,,,,,,,,,,,,,,,,,,,,,,,,
1768920142.934986,1768920142.935072,61.0,0.0,4352.436035,4327.179688,4339.358887,4356.025879,4325.512695,4332.563965,4323.333496,4350.769043,4331.922852,4322.179688,4502.179688,4528.077148,4411.538574,4455.384766,,,,,,,,,,,,,,,,,,,,,,,,,,,,,,,,,,,,,,,,,,,,,,,,,,,,,,,,,,,,,,,,,,,,,,
1768920142.942795,1768920142.942781,62.0,0.0,4351.666504,4324.487305,4344.230957,4356.922852,4321.922852,4333.846191,4327.436035,4350.384766,4335.0,4328.205078,4506.282227,4534.358887,4411.922852,4464.743652,,,,,,,,,,,,,,,,,,,,,,,,,,,,,,,,,,,,,,,,,,,,,,,,,,,,,,,,,,,,,,,,,,,,,,
1768920142.950604,1768920142.950589,63.0,0.0,4348.717773,4323.461426,4339.358887,4355.897461,4322.179688,4338.205078,4327.05127,4343.077148,4332.563965,4325.512695,4507.436035,4526.282227,4413.333496,4463.846191,,,,,,,,,,,,,,,,,,,,,,,,,,,,,,,,,,,,,,,,,,,,,,,,,,,,,,,,,,,,,,,,,,,,,,
1768920142.958412,1768920142.958597,64.0,0.0,4350.512695,4328.333496,4331.666504,4356.666504,4323.846191,4327.436035,4319.358887,4339.358887,4326.410156,4315.128418,4496.025879,4515.0,4408.589844,4456.666504,0.178122,0.26985,0.253674,0.189763,0.136797,0.399378,0.269363,0.203724,0.16482,0.095662,0.447535,0.244047,0.159844,0.304469,0.156322,0.536868,0.301637,0.240059,0.11325,0.051708,0.30354,0.116266,0.132615,0.045166,0.059284,0.265298,0.082345,0.284205,0.185921,0.176315,0.42991,0.233542,0.343008,0.213917,0.227276,0.448444,0.306448,0.128106,0.15733,0.121565,0.563885,0.571789,0.343434,0.26052,0.145403,0.514997,0.674993,0.202783,0.240145,0.135068,0.547536,0.732509,0.647436,0.201774,0.195995,0.446496,0.604842,0.31698,0.257261,0.285242,0.714011,1.02629,0.500073,0.440784,0.229975,0.497087,0.832627,0.785927,0.348808,0.249318
1768920142.966221,1768920142.966405,65.0,0.0,4357.179688,4334.102539,4338.589844,4358.974121,4325.897461,4325.897461,4320.0,4341.410156,4324.871582,4310.384766,4489.615234,4518.205078,4401.410156,4458.717773,,,,,,,,,,,,,,,,,,,,,,,,,,,,,,,,,,,,,,,,,,,,,,,,,,,,,,,,,,,,,,,,,,,,,,
1768920142.974029,1768920142.974314,66.0,0.0,4356.538574,4332.820313,4346.153809,4361.410156,4327.307617,4340.256348,4326.153809,4344.487305,4327.94873,4310.641113,4496.922852,4529.358887,4402.692383,4462.820313,,,,,,,,,,,,,,,,,,,,,,,,,,,,,,,,,,,,,,,,,,,,,,,,,,,,,,,,,,,,,,,,,,,,,,
1768920142.981838,1768920142.982122,67.0,0.0,4349.743652,4331.025879,4340.897461,4361.794922,4325.897461,4334.743652,4315.769043,4346.538574,4327.94873,4313.974121,4499.358887,4532.94873,4412.179688,4463.333496,,,,,,,,,,,,,,,,,,,,,,,,,,,,,,,,,,,,,,,,,,,,,,,,,,,,,,,,,,,,,,,,,,,,,,
1768920142.989646,1768920142.99013,68.0,0.0,4349.487305,4333.461426,4334.871582,4358.717773,4324.230957,4321.922852,4302.820313,4344.743652,4327.820313,4318.077148,4495.384766,4528.461426,4411.282227,4461.922852,,,,,,,,,,,,,,,,,,,,,,,,,,,,,,,,,,,,,,,,,,,,,,,,,,,,,,,,,,,,,,,,,,,,,,
1768920142.997455,1768920142.997939,69.0,0.0,4353.717773,4337.692383,4339.102539,4360.128418,4328.205078,4328.846191,4310.641113,4338.974121,4327.05127,4313.717773,4487.307617,4519.102539,4398.846191,4455.897461,,,,,,,,,,,,,,,,,,,,,,,,,,,,,,,,,,,,,,,,,,,,,,,,,,,,,,,,,,,,,,,,,,,,,,
1768920143.005263,1768920143.005647,70.0,0.0,4351.410156,4340.128418,4343.846191,4365.384766,4332.563965,4336.025879,4320.128418,4339.743652,4325.0,4306.794922,4478.717773,4512.179688,4392.179688,4447.94873,,,,,,,,,,,,,,,,,,,,,,,,,,,,,,,,,,,,,,,,,,,,,,,,,,,,,,,,,,,,,,,,,,,,,,
1768920143.013072,1768920143.013456,71.0,0.0,4344.102539,4334.871582,4335.512695,4362.179688,4328.205078,4328.077148,4311.666504,4344.615234,4326.153809,4306.282227,4480.512695,4511.153809,4394.230957,4444.743652,,,,,,,,,,,,,,,,,,,,,,,,,,,,,,,,,,,,,,,,,,,,,,,,,,,,,,,,,,,,,,,,,,,,,,
1768920143.02088,1768920143.021464,72.0,0.0,4337.05127,4329.487305,4323.974121,4354.743652,4322.820313,4323.717773,4307.179688,4342.692383,4327.820313,4309.102539,4486.666504,4510.256348,4396.410156,4444.230957,,,,,,,,,,,,,,,,,,,,,,,,,,,,,,,,,,,,,,,,,,,,,,,,,,,,,,,,,,,,,,,,,,,,,,
1768920143.028689,1768920143.029273,73.0,0.0,4333.846191,4330.641113,4326.153809,4354.358887,4324.358887,4331.410156,4315.0,4337.307617,4324.230957,4308.205078,4486.666504,4509.230957,4397.05127,4448.717773,,,,,,,,,,,,,,,,,,,,,,,,,,,,,,,,,,,,,,,,,,,,,,,,,,,,,,,,,,,,,,,,,,,,,,
1768920143.036497,1768920143.036982,74.0,0.0,4338.589844,4332.563965,4336.025879,4357.179688,4327.94873,4337.820313,4318.589844,4338.333496,4322.436035,4306.666504,4485.512695,4510.897461,4396.410156,4451.666504,,,,,,,,,,,,,,,,,,,,,,,,,,,,,,,,,,,,,,,,,,,,,,,,,,,,,,,,,,,,,,,,,,,,,,
1768920143.044306,1768920143.04479,75.0,0.0,4346.025879,4335.641113,4340.384766,4359.615234,4327.179688,4336.666504,4314.743652,4344.871582,4324.615234,4306.538574,4489.743652,4513.205078,4397.179688,4449.487305,,,,,,,,,,,,,,,,,,,,,,,,,,,,,,,,,,,,,,,,,,,,,,,,,,,,,,,,,,,,,,,,,,,,,,
1768920143.052114,1768920143.052399,76.0,0.0,4347.820313,4342.563965,4344.487305,4364.615234,4326.153809,4330.384766,4313.846191,4347.436035,4327.436035,4309.615234,4498.461426,4522.05127,4406.410156,4454.230957,,,,,,,,,,,,,,,,,,,,,,,,,,,,,,,,,,,,,,,,,,,,,,,,,,,,,,,,,,,,,,,,,,,,,,
1768920143.059923,1768920143.060207,77.0,0.0,4348.846191,4343.717773,4350.769043,4368.589844,4329.871582,4331.282227,4321.538574,4347.307617,4334.743652,4319.358887,4509.358887,4538.717773,4416.922852,4463.717773,,,,,,,,,,,,,,,,,,,,,,,,,,,,,,,,,,,,,,,,,,,,,,,,,,,,,,,,,,,,,,,,,,,,,,
1768920143.067731,1768920143.067915,78.0,0.0,4353.589844,4341.666504,4350.769043,4365.769043,4328.846191,4336.666504,4320.897461,4349.102539,4336.410156,4322.94873,4511.025879,4544.230957,4418.077148,4463.589844,,,,,,,,,,,,,,,,,,,,,,,,,,,,,,,,,,,,,,,,,,,,,,,,,,,,,,,,,,,,,,,,,,,,,,
1768920143.07554,1768920143.075724,79.0,0.0,4353.846191,4342.307617,4349.358887,4362.94873,4327.307617,4335.769043,4312.820313,4349.358887,4330.641113,4315.512695,4504.358887,4536.410156,4413.461426,4457.820313,,,,,,,,,,,,,,,,,,,,,,,,,,,,,,,,,,,,,,,,,,,,,,,,,,,,,,,,,,,,,,,,,,,,,,
1768920143.083348,1768920143.083732,80.0,0.0,4350.0,4341.025879,4351.538574,4367.692383,4334.102539,4336.922852,4315.512695,4344.102539,4330.512695,4317.05127,4506.794922,4530.897461,4410.897461,4459.615234,0.1173,0.253397,0.279076,0.206131,0.133194,0.409093,0.264644,0.229898,0.178302,0.093998,0.359125,0.297227,0.18752,0.289695,0.165079,0.620771,0.29744,0.251754,0.121416,0.059925,0.273123,0.087555,0.131295,0.034639,0.054492,0.214424,0.086528,0.275176,0.160948,0.164189,0.44728,0.271213,0.349106,0.22588,0.218377,0.49364,0.318149,0.161844,0.167686,0.110302,0.67874,0.564063,0.398906,0.250633,0.139979,0.610226,0.648369,0.214007,0.235703,0.12026,0.575566,0.61819,0.783963,0.226484,0.219322,0.449366,0.542794,0.358556,0.263531,0.298006,0.828049,0.947269,0.584966,0.486175,0.286364,0.487638,0.785986,0.830108,0.367394,0.269329
1768920143.091157,1768920143.09154,81.0,0.0,4350.897461,4342.436035,4350.512695,4369.358887,4336.025879,4335.512695,4318.589844,4338.589844,4331.922852,4326.025879,4508.461426,4529.743652,4412.820313,4463.333496,,,,,,,,,,,,,,,,,,,,,,,,,,,,,,,,,,,,,,,,,,,,,,,,,,,,,,,,,,,,,,,,,,,,,,
1768920143.098966,1768920143.099449,82.0,0.0,4352.94873,4343.974121,4342.563965,4364.230957,4328.846191,4328.846191,4313.205078,4339.102539,4328.589844,4324.230957,4497.94873,4529.743652,4414.743652,4456.794922,,,,,,,,,,,,,,,,,,,,,,,,,,,,,,,,,,,,,,,,,,,,,,,,,,,,,,,,,,,,,,,,,,,,,,
1768920143.106774,1768920143.107257,83.0,0.0,4349.102539,4340.897461,4339.615234,4359.230957,4327.563965,4329.230957,4314.358887,4339.230957,4326.666504,4316.153809,4490.256348,4523.717773,4411.922852,4448.974121,,,,,,,,,,,,,,,,,,,,,,,,,,,,,,,,,,,,,,,,,,,,,,,,,,,,,,,,,,,,,,,,,,,,,,
1768920143.114582,1768920143.115265,84.0,0.0,4345.769043,4340.256348,4344.487305,4360.256348,4329.871582,4336.153809,4320.512695,4338.717773,4329.615234,4317.05127,4496.922852,4520.128418,4410.512695,4454.230957,,,,,,,,,,,,,,,,,,,,,,,,,,,,,,,,,,,,,,,,,,,,,,,,,,,,,,,,,,,,,,,,,,,,,,
1768920143.122391,1768920143.123074,85.0,0.0,4350.384766,4342.307617,4345.384766,4363.589844,4328.589844,4336.153809,4312.692383,4340.512695,4328.974121,4321.666504,4500.512695,4525.384766,4413.205078,4458.717773,,,,,,,,,,,,,,,,,,,,,,,,,,,,,,,,,,,,,,,,,,,,,,,,,,,,,,,,,,,,,,,,,,,,,,
1768920143.1302,1768920143.130982,86.0,0.0,4354.487305,4341.538574,4342.436035,4361.922852,4333.205078,4333.205078,4307.563965,4344.102539,4326.922852,4317.692383,4492.692383,4523.974121,4410.512695,4452.692383,,,,,,,,,,,,,,,,,,,,,,,,,,,,,,,,,,,,,,,,,,,,,,,,,,,,,,,,,,,,,,,,,,,,,,
1768920143.138008,1768920143.138791,87.0,0.0,4353.461426,4341.410156,4343.205078,4361.282227,4340.128418,4335.897461,4319.615234,4347.179688,4331.410156,4316.282227,4496.538574,4520.641113,4407.563965,4454.871582,,,,,,,,,,,,,,,,,,,,,,,,,,,,,,,,,,,,,,,,,,,,,,,,,,,,,,,,,,,,,,,,,,,,,,
1768920143.145816,1768920143.146399,88.0,0.0,4351.153809,4342.94873,4343.974121,4365.641113,4337.563965,4336.282227,4323.589844,4344.871582,4334.358887,4320.897461,4508.717773,4529.230957,4412.307617,4462.692383,,,,,,,,,,,,,,,,,,,,,,,,,,,,,,,,,,,,,,,,,,,,,,,,,,,,,,,,,,,,,,,,,,,,,,
1768920143.153625,1768920143.154207,89.0,0.0,4348.974121,4341.153809,4342.307617,4365.641113,4331.794922,4335.256348,4317.563965,4343.205078,4330.512695,4319.230957,4507.307617,4531.153809,4415.128418,4459.871582,,,,,,,,,,,,,,,,,,,,,,,,,,,,,,,,,,,,,,,,,,,,,,,,,,,,,,,,,,,,,,,,,,,,,,
1768920143.161434,1768920143.162116,90.0,0.0,4346.922852,4338.974121,4343.205078,4360.384766,4332.05127,4336.794922,4321.794922,4349.230957,4331.538574,4318.974121,4501.153809,4523.333496,4412.307617,4455.128418,,,,,,,,,,,,,,,,,,,,,,,,,,,,,,,,,,,,,,,,,,,,,,,,,,,,,,,,,,,,,,,,,,,,,,
1768920143.169242,1768920143.169924,91.0,0.0,4351.282227,4341.410156,4350.769043,4361.282227,4335.384766,4337.94873,4325.897461,4352.563965,4338.077148,4321.794922,4504.230957,4528.589844,4411.410156,4460.384766,,,,,,,,,,,,,,,,,,,,,,,,,,,,,,,,,,,,,,,,,,,,,,,,,,,,,,,,,,,,,,,,,,,,,,
1768920143.177051,1768920143.177633,92.0,0.0,4358.205078,4347.05127,4353.717773,4366.153809,4332.436035,4331.025879,4315.384766,4345.512695,4335.128418,4316.666504,4507.436035,4535.641113,4412.820313,4467.307617,,,,,,,,,,,,,,,,,,,,,,,,,,,,,,,,,,,,,,,,,,,,,,,,,,,,,,,,,,,,,,,,,,,,,,
1768920143.184859,1768920143.185441,93.0,0.0,4354.102539,4346.794922,4347.05127,4365.897461,4324.102539,4321.794922,4308.333496,4343.333496,4330.897461,4316.282227,4504.743652,4531.025879,4412.307617,4466.666504,,,,,,,,,,,,,,,,,,,,,,,,,,,,,,,,,,,,,,,,,,,,,,,,,,,,,,,,,,,,,,,,,,,,,,
1768920143.192668,1768920143.19315,94.0,0.0,4344.487305,4343.461426,4344.102539,4363.333496,4326.025879,4330.897461,4319.743652,4351.794922,4336.410156,4327.820313,4505.0,4529.230957,4412.179688,4460.384766,,,,,,,,,,,,,,,,,,,,,,,,,,,,,,,,,,,,,,,,,,,,,,,,,,,,,,,,,,,,,,,,,,,,,,
1768920143.200476,1768920143.200958,95.0,0.0,4346.922852,4343.333496,4351.282227,4363.846191,4339.615234,4344.743652,4327.563965,4354.743652,4341.153809,4330.256348,4508.717773,4531.410156,4413.461426,4457.94873,,,,,,,,,,,,,,,,,,,,,,,,,,,,,,,,,,,,,,,,,,,,,,,,,,,,,,,,,,,,,,,,,,,,,,
1768920143.208285,1768920143.208567,96.0,0.0,4353.589844,4342.563965,4355.384766,4365.897461,4340.256348,4335.641113,4317.436035,4347.307617,4336.922852,4323.205078,4508.205078,4532.05127,4414.743652,4460.128418,0.086668,0.231404,0.290573,0.220165,0.127145,0.48372,0.26095,0.240592,0.190303,0.094944,0.31268,0.366634,0.207738,0.255608,0.161127,0.691107,0.299777,0.249918,0.13074,0.069107,0.238784,0.063347,0.123126,0.029944,0.05138,0.171293,0.104058,0.251068,0.14569,0.150726,0.508437,0.362985,0.344187,0.239829,0.202401,0.496217,0.304432,0.194761,0.173288,0.103174,0.727434,0.507026,0.431702,0.237507,0.1313,0.670691,0.569484,0.215692,0.227675,0.110809,0.624493,0.482757,0.865349,0.266562,0.231301,0.465381,0.458617,0.408395,0.278036,0.292261,0.954233,0.815982,0.645808,0.498902,0.333559,0.537866,0.709448,0.830668,0.373351,0.274504
1768920143.216093,1768920143.216375,97.0,0.0,4347.692383,4338.717773,4349.102539,4362.179688,4328.974121,4324.615234,4306.922852,4339.358887,4327.692383,4318.461426,4503.589844,4531.282227,4413.589844,4460.897461,,,,,,,,,,,,,,,,,,,,,,,,,,,,,,,,,,,,,,,,,,,,,,,,,,,,,,,,,,,,,,,,,,,,,,
1768920143.223902,1768920143.224284,98.0,0.0,4341.153809,4336.538574,4341.538574,4354.615234,4328.974121,4333.846191,4317.179688,4342.692383,4325.769043,4318.589844,4503.846191,4528.461426,4409.871582,4454.487305,,,,,,,,,,,,,,,,,,,,,,,,,,,,,,,,,,,,,,,,,,,,,,,,,,,,,,,,,,,,,,,,,,,,,,
1768920143.23171,1768920143.232092,99.0,0.0,4347.436035,4342.05127,4340.0,4356.794922,4334.230957,4337.179688,4327.436035,4347.179688,4329.102539,4322.820313,4504.358887,4519.615234,4408.846191,4450.641113,,,,,,,,,,,,,,,,,,,,,,,,,,,,,,,,,,,,,,,,,,,,,,,,,,,,,,,,,,,,,,,,,,,,,,
1768920143.239519,1768920143.239701,100.0,0.0,4346.282227,4342.436035,4344.615234,4359.871582,4331.025879,4326.922852,4315.128418,4340.641113,4327.563965,4322.692383,4500.897461,4519.358887,4410.641113,4450.897461,,,,,,,,,,,,,,,,,,,,,,,,,,,,,,,,,,,,,,,,,,,,,,,,,,,,,,,,,,,,,,,,,,,,,,
1768920143.247327,1768920143.24751,101.0,0.0,4334.615234,4328.205078,4346.794922,4352.563965,4329.102539,4327.94873,4307.563965,4339.487305,4327.563965,4322.05127,4504.230957,4531.666504,4409.102539,4447.307617,,,,,,,,,,,,,,,,,,,,,,,,,,,,,,,,,,,,,,,,,,,,,,,,,,,,,,,,,,,,,,,,,,,,,,
1768920143.255136,1768920143.255218,102.0,0.0,4334.230957,4323.589844,4343.717773,4348.974121,4330.384766,4338.846191,4322.692383,4351.666504,4335.897461,4327.179688,4505.384766,4533.077148,4405.769043,4447.94873,,,,,,,,,,,,,,,,,,,,,,,,,,,,,,,,,,,,,,,,,,,,,,,,,,,,,,,,,,,,,,,,,,,,,,
1768920143.262944,1768920143.263027,103.0,0.0,4344.358887,4341.666504,4341.538574,4353.589844,4329.102539,4339.615234,4328.333496,4353.974121,4338.461426,4327.05127,4496.538574,4524.871582,4403.974121,4456.282227,,,,,,,,,,,,,,,,,,,,,,,,,,,,,,,,,,,,,,,,,,,,,,,,,,,,,,,,,,,,,,,,,,,,,,
1768920143.270753,1768920143.270635,104.0,0.0,4352.436035,4353.205078,4342.307617,4358.077148,4332.820313,4335.897461,4315.256348,4345.512695,4331.666504,4323.333496,4494.871582,4524.487305,4403.205078,4457.692383,,,,,,,,,,,,,,,,,,,,,,,,,,,,,,,,,,,,,,,,,,,,,,,,,,,,,,,,,,,,,,,,,,,,,,
1768920143.278561,1768920143.278443,105.0,0.0,4355.897461,4350.897461,4348.717773,4363.461426,4341.282227,4342.307617,4313.717773,4348.333496,4331.666504,4328.717773,4505.641113,4531.410156,4408.589844,4456.922852,,,,,,,,,,,,,,,,,,,,,,,,,,,,,,,,,,,,,,,,,,,,,,,,,,,,,,,,,,,,,,,,,,,,,,
1768920143.28637,1768920143.286351,106.0,0.0,4352.94873,4350.384766,4351.666504,4369.615234,4341.153809,4341.025879,4319.358887,4356.410156,4339.871582,4334.615234,4512.307617,4531.794922,4416.666504,4463.974121,,,,,,,,,,,,,,,,,,,,,,,,,,,,,,,,,,,,,,,,,,,,,,,,,,,,,,,,,,,,,,,,,,,,,,
1768920143.294178,1768920143.29416,107.0,0.0,4343.589844,4345.897461,4345.769043,4365.384766,4336.666504,4330.641113,4313.461426,4351.410156,4337.94873,4331.410156,4503.461426,4521.666504,4410.256348,4458.589844,,,,,,,,,,,,,,,,,,,,,,,,,,,,,,,,,,,,,,,,,,,,,,,,,,,,,,,,,,,,,,,,,,,,,,
1768920143.301987,1768920143.302168,108.0,0.0,4339.615234,4340.769043,4340.641113,4357.05127,4335.641113,4331.410156,4313.077148,4342.563965,4326.922852,4325.897461,4493.974121,4512.179688,4399.358887,4445.512695,,,,,,,,,,,,,,,,,,,,,,,,,,,,,,,,,,,,,,,,,,,,,,,,,,,,,,,,,,,,,,,,,,,,,,
1768920143.309796,1768920143.309977,109.0,0.0,4343.717773,4342.692383,4341.922852,4356.794922,4333.846191,4336.794922,4319.487305,4344.230957,4325.897461,4325.641113,4496.922852,4515.641113,4401.282227,4446.538574,,,,,,,,,,,,,,,,,,,,,,,,,,,,,,,,,,,,,,,,,,,,,,,,,,,,,,,,,,,,,,,,,,,,,,
1768920143.317604,1768920143.317885,110.0,0.0,4344.743652,4340.512695,4342.436035,4356.153809,4331.282227,4332.94873,4316.282227,4348.077148,4330.897461,4326.025879,4499.871582,4520.512695,4403.333496,4448.333496,,,,,,,,,,,,,,,,,,,,,,,,,,,,,,,,,,,,,,,,,,,,,,,,,,,,,,,,,,,,,,,,,,,,,,
1768920143.325412,1768920143.325693,111.0,0.0,4342.436035,4338.717773,4340.641113,4351.538574,4332.436035,4328.589844,4312.692383,4343.717773,4327.692383,4322.94873,4492.563965,4516.794922,4398.717773,4442.563965,,,,,,,,,,,,,,,,,,,,,,,,,,,,,,,,,,,,,,,,,,,,,,,,,,,,,,,,,,,,,,,,,,,,,,
1768920143.333221,1768920143.333702,112.0,0.0,4342.94873,4341.410156,4340.256348,4353.589844,4337.179688,4331.025879,4322.179688,4341.538574,4324.871582,4318.205078,4489.230957,4514.871582,4398.589844,4442.563965,0.086837,0.213493,0.285036,0.228661,0.121214,0.597602,0.256823,0.232331,0.201203,0.096963,0.312408,0.444039,0.217486,0.214333,0.149405,0.73506,0.296831,0.234443,0.139359,0.077955,0.210413,0.048292,0.111312,0.030464,0.050772,0.143098,0.136313,0.222952,0.139626,0.141129,0.605002,0.505279,0.331018,0.250156,0.180408,0.455032,0.270327,0.219375,0.170645,0.100663,0.694473,0.411863,0.433002,0.218956,0.12064,0.693355,0.444592,0.206698,0.216791,0.110213,0.691336,0.352529,0.873682,0.321343,0.229523,0.498996,0.387685,0.471511,0.298904,0.270215,1.068911,0.649906,0.658141,0.485225,0.360289,0.634391,0.617438,0.79328,0.373621,0.265143
1768920143.34103,1768920143.34151,113.0,0.0,4343.846191,4340.0,4338.077148,4357.436035,4337.563965,4332.692383,4321.538574,4343.333496,4325.769043,4314.615234,4492.563965,4511.666504,4397.179688,4446.282227,,,,,,,,,,,,,,,,,,,,,,,,,,,,,,,,,,,,,,,,,,,,,,,,,,,,,,,,,,,,,,,,,,,,,,
1768920143.348838,1768920143.349218,114.0,0.0,4341.538574,4339.487305,4338.589844,4355.0,4331.538574,4334.743652,4314.743652,4340.769043,4324.230957,4312.179688,4490.897461,4509.871582,4394.358887,4443.077148,,,,,,,,,,,,,,,,,,,,,,,,,,,,,,,,,,,,,,,,,,,,,,,,,,,,,,,,,,,,,,,,,,,,,,
1768920143.356646,1768920143.357027,115.0,0.0,4341.410156,4341.794922,4342.563965,4352.436035,4329.358887,4337.436035,4322.307617,4342.436035,4325.769043,4313.589844,4491.666504,4516.410156,4401.666504,4441.153809,,,,,,,,,,,,,,,,,,,,,,,,,,,,,,,,,,,,,,,,,,,,,,,,,,,,,,,,,,,,,,,,,,,,,,
1768920143.364455,1768920143.365035,116.0,0.0,4344.871582,4341.538574,4343.589844,4355.256348,4332.563965,4334.871582,4326.922852,4348.974121,4330.0,4317.05127,4495.897461,4517.563965,4405.897461,4443.461426,,,,,,,,,,,,,,,,,,,,,,,,,,,,,,,,,,,,,,,,,,,,,,,,,,,,,,,,,,,,,,,,,,,,,,
1768920143.372264,1768920143.372843,117.0,0.0,4347.563965,4343.333496,4344.230957,4359.871582,4333.461426,4335.897461,4326.538574,4350.256348,4330.897461,4318.974121,4496.025879,4515.641113,4400.0,4447.05127,,,,,,,,,,,,,,,,,,,,,,,,,,,,,,,,,,,,,,,,,,,,,,,,,,,,,,,,,,,,,,,,,,,,,,
1768920143.380072,1768920143.380552,118.0,0.0,4347.94873,4347.179688,4345.384766,4360.641113,4330.256348,4337.179688,4328.205078,4347.307617,4328.589844,4316.410156,4494.743652,4515.512695,4397.436035,4444.615234,,,,,,,,,,,,,,,,,,,,,,,,,,,,,,,,,,,,,,,,,,,,,,,,,,,,,,,,,,,,,,,,,,,,,,
1768920143.387881,1768920143.38836,119.0,0.0,4344.487305,4340.641113,4340.512695,4353.077148,4328.205078,4331.922852,4319.615234,4342.179688,4326.410156,4311.666504,4490.769043,4505.897461,4394.358887,4433.461426,,,,,,,,,,,,,,,,,,,,,,,,,,,,,,,,,,,,,,,,,,,,,,,,,,,,,,,,,,,,,,,,,,,,,,
1768920143.395689,1768920143.395969,120.0,0.0,4340.0,4331.025879,4333.846191,4345.128418,4324.615234,4323.974121,4307.05127,4336.025879,4323.461426,4309.358887,4487.563965,4497.692383,4388.205078,4426.538574,,,,,,,,,,,,,,,,,,,,,,,,,,,,,,,,,,,,,,,,,,,,,,,,,,,,,,,,,,,,,,,,,,,,,,
1768920143.403498,1768920143.403777,121.0,0.0,4335.128418,4331.538574,4334.615234,4346.153809,4322.820313,4321.410156,4310.256348,4339.230957,4323.717773,4307.820313,4488.846191,4506.153809,4389.358887,4430.769043,,,,,,,,,,,,,,,,,,,,,,,,,,,,,,,,,,,,,,,,,,,,,,,,,,,,,,,,,,,,,,,,,,,,,,
1768920143.411306,1768920143.411486,122.0,0.0,4331.666504,4333.974121,4338.974121,4350.769043,4327.05127,4326.538574,4322.179688,4349.871582,4329.487305,4310.384766,4492.563965,4515.769043,4396.025879,4439.358887,,,,,,,,,,,,,,,,,,,,,,,,,,,,,,,,,,,,,,,,,,,,,,,,,,,,,,,,,,,,,,,,,,,,,,
1768920143.419115,1768920143.419294,123.0,0.0,4333.205078,4334.358887,4339.871582,4352.692383,4329.358887,4333.974121,4325.897461,4348.717773,4329.615234,4314.487305,4491.922852,4515.512695,4396.282227,4441.794922,,,,,,,,,,,,,,,,,,,,,,,,,,,,,,,,,,,,,,,,,,,,,,,,,,,,,,,,,,,,,,,,,,,,,,
1768920143.426923,1768920143.427303,124.0,0.0,4339.230957,4336.538574,4342.05127,4354.102539,4327.94873,4335.384766,4326.025879,4339.487305,4323.461426,4313.333496,4492.94873,4515.128418,4396.153809,4441.794922,,,,,,,,,,,,,,,,,,,,,,,,,,,,,,,,,,,,,,,,,,,,,,,,,,,,,,,,,,,,,,,,,,,,,,
1768920143.434732,1768920143.435112,125.0,0.0,4338.974121,4337.820313,4344.102539,4355.641113,4327.820313,4331.025879,4327.05127,4343.461426,4329.615234,4314.102539,4496.153809,4517.692383,4402.307617,4444.358887,,,,,,,,,,,,,,,,,,,,,,,,,,,,,,,,,,,,,,,,,,,,,,,,,,,,,,,,,,,,,,,,,,,,,,
1768920143.44254,1768920143.44282,126.0,0.0,4336.282227,4337.94873,4342.05127,4356.410156,4330.384766,4330.512695,4328.333496,4353.333496,4340.256348,4318.461426,4495.769043,4522.436035,4408.205078,4448.205078,,,,,,,,,,,,,,,,,,,,,,,,,,,,,,,,,,,,,,,,,,,,,,,,,,,,,,,,,,,,,,,,,,,,,,
1768920143.450349,1768920143.450629,127.0,0.0,4344.102539,4341.025879,4344.871582,4357.179688,4335.0,4333.077148,4326.153809,4351.282227,4332.94873,4317.820313,4499.615234,4528.589844,4409.615234,4453.333496,,,,,,,,,,,,,,,,,,,,,,,,,,,,,,,,,,,,,,,,,,,,,,,,,,,,,,,,,,,,,,,,,,,,,,
1768920143.458157,1768920143.458237,0.0,0.0,4354.743652,4346.538574,4356.538574,4360.897461,4338.846191,4335.0,4325.512695,4347.179688,4327.179688,4318.461426,4507.563965,4534.230957,4412.307617,4459.743652,0.112288,0.210987,0.267114,0.231432,0.117665,0.69702,0.254951,0.209136,0.212463,0.098448,0.343664,0.521758,0.218967,0.178148,0.137613,0.736102,0.286924,0.209205,0.145012,0.085227,0.188338,0.044995,0.102344,0.03505,0.053946,0.130336,0.178236,0.198439,0.139528,0.140659,0.702219,0.666483,0.30946,0.251248,0.161951,0.383666,0.233435,0.232851,0.15859,0.102301,0.597362,0.308567,0.403808,0.194773,0.109724,0.70405,0.31076,0.189331,0.204216,0.117924,0.788308,0.266658,0.817379,0.380973,0.217469,0.557976,0.37443,0.550003,0.320177,0.240116,1.155335,0.482662,0.611143,0.457288,0.361115,0.746052,0.53687,0.731911,0.372902,0.24556
1768920143.465966,1768920143.466045,1.0,0.0,4357.563965,4348.205078,4362.94873,4368.077148,4337.179688,4338.333496,4331.794922,4351.410156,4337.820313,4329.358887,4512.692383,4538.333496,4418.589844,4469.615234,,,,,,,,,,,,,,,,,,,,,,,,,,,,,,,,,,,,,,,,,,,,,,,,,,,,,,,,,,,,,,,,,,,,,,
1768920143.473774,1768920143.473754,2.0,0.0,4355.128418,4347.692383,4357.692383,4368.333496,4332.179688,4336.538574,4332.179688,4352.692383,4342.05127,4333.974121,4514.102539,4540.256348,4419.358887,4473.846191,,,,,,,,,,,,,,,,,,,,,,,,,,,,,,,,,,,,,,,,,,,,,,,,,,,,,,,,,,,,,,,,,,,,,,
1768920143.481583,1768920143.481562,3.0,0.0,4349.615234,4341.666504,4354.358887,4358.077148,4329.871582,4328.461426,4324.615234,4348.333496,4331.794922,4326.153809,4512.563965,4538.589844,4412.563965,4467.692383,,,,,,,,,,,,,,,,,,,,,,,,,,,,,,,,,,,,,,,,,,,,,,,,,,,,,,,,,,,,,,,,,,,,,,
1768920143.489391,1768920143.48957,4.0,0.0,4345.512695,4334.230957,4356.410156,4355.897461,4329.871582,4325.897461,4324.102539,4345.769043,4326.153809,4322.436035,4507.307617,4536.153809,4410.0,4459.615234,,,,,,,,,,,,,,,,,,,,,,,,,,,,,,,,,,,,,,,,,,,,,,,,,,,,,,,,,,,,,,,,,,,,,,
1768920143.4972,1768920143.497378,5.0,0.0,4349.487305,4336.410156,4354.871582,4364.871582,4326.410156,4328.974121,4326.922852,4347.179688,4328.077148,4327.820313,4507.307617,4536.794922,4413.589844,4460.512695,,,,,,,,,,,,,,,,,,,,,,,,,,,,,,,,,,,,,,,,,,,,,,,,,,,,,,,,,,,,,,,,,,,,,,
1768920143.505008,1768920143.505287,6.0,0.0,4351.666504,4340.769043,4350.512695,4366.153809,4322.820313,4327.94873,4321.153809,4348.461426,4327.179688,4323.846191,4507.692383,4532.563965,4413.205078,4465.256348,,,,,,,,,,,,,,,,,,,,,,,,,,,,,,,,,,,,,,,,,,,,,,,,,,,,,,,,,,,,,,,,,,,,,,
1768920143.512817,1768920143.513095,7.0,0.0,4346.794922,4338.846191,4347.563965,4360.0,4324.487305,4327.692383,4316.410156,4344.487305,4326.410156,4313.974121,4496.666504,4526.282227,4408.717773,4464.230957,,,,,,,,,,,,,,,,,,,,,,,,,,,,,,,,,,,,,,,,,,,,,,,,,,,,,,,,,,,,,,,,,,,,,,
1768920143.520625,1768920143.521103,8.0,0.0,4342.94873,4331.282227,4345.384766,4356.282227,4326.153809,4331.410156,4322.436035,4338.589844,4325.897461,4315.128418,4491.153809,4522.563965,4403.974121,4455.0,,,,,,,,,,,,,,,,,,,,,,,,,,,,,,,,,,,,,,,,,,,,,,,,,,,,,,,,,,,,,,,,,,,,,,
1768920143.528434,1768920143.528912,9.0,0.0,4335.128418,4321.666504,4338.333496,4346.410156,4323.717773,4332.05127,4325.512695,4340.769043,4324.102539,4316.666504,4489.615234,4509.615234,4394.743652,4440.128418,,,,,,,,,,,,,,,,,,,,,,,,,,,,,,,,,,,,,,,,,,,,,,,,,,,,,,,,,,,,,,,,,,,,,,
1768920143.536242,1768920143.53682,10.0,0.0,4329.358887,4320.897461,4332.692383,4337.94873,4323.333496,4332.436035,4324.871582,4351.538574,4329.743652,4317.820313,4488.077148,4505.256348,4393.205078,4437.820313,,,,,,,,,,,,,,,,,,,,,,,,,,,,,,,,,,,,,,,,,,,,,,,,,,,,,,,,,,,,,,,,,,,,,,
1768920143.544051,1768920143.544629,11.0,0.0,4341.538574,4334.358887,4342.563965,4350.384766,4329.871582,4338.717773,4330.769043,4359.230957,4342.307617,4329.230957,4501.922852,4531.410156,4413.461426,4458.717773,,,,,,,,,,,,,,,,,,,,,,,,,,,,,,,,,,,,,,,,,,,,,,,,,,,,,,,,,,,,,,,,,,,,,,
1768920143.55186,1768920143.552637,12.0,0.0,4354.230957,4345.0,4357.307617,4363.461426,4334.358887,4337.563965,4330.769043,4354.615234,4341.538574,4337.05127,4515.897461,4550.384766,4428.077148,4475.0,,,,,,,,,,,,,,,,,,,,,,,,,,,,,,,,,,,,,,,,,,,,,,,,,,,,,,,,,,,,,,,,,,,,,,
1768920143.559668,1768920143.560445,13.0,0.0,4350.384766,4342.307617,4353.717773,4359.102539,4334.358887,4327.436035,4319.615234,4344.871582,4327.307617,4326.538574,4503.205078,4533.846191,4412.692383,4461.153809,,,,,,,,,,,,,,,,,,,,,,,,,,,,,,,,,,,,,,,,,,,,,,,,,,,,,,,,,,,,,,,,,,,,,,
1768920143.567477,1768920143.568154,14.0,0.0,4343.974121,4338.717773,4342.692383,4355.384766,4333.717773,4329.487305,4320.769043,4343.077148,4322.307617,4314.230957,4486.666504,4516.794922,4395.384766,4445.128418,,,,,,,,,,,,,,,,,,,,,,,,,,,,,,,,,,,,,,,,,,,,,,,,,,,,,,,,,,,,,,,,,,,,,,
1768920143.575285,1768920143.575962,15.0,0.0,4343.974121,4339.230957,4342.692383,4357.94873,4331.538574,4338.205078,4330.128418,4345.256348,4327.179688,4313.846191,4490.384766,4518.589844,4396.410156,4448.717773,,,,,,,,,,,,,,,,,,,,,,,,,,,,,,,,,,,,,,,,,,,,,,,,,,,,,,,,,,,,,,,,,,,,,,
1768920143.583094,1768920143.583971,16.0,0.0,4344.871582,4339.487305,4344.615234,4357.05127,4330.128418,4339.102539,4328.077148,4343.589844,4326.922852,4316.410156,4493.846191,4525.256348,4399.230957,4454.487305,0.151205,0.230916,0.248358,0.231535,0.117742,0.738841,0.264207,0.183183,0.225492,0.099156,0.38612,0.591035,0.218099,0.154696,0.131742,0.689484,0.278303,0.18661,0.14615,0.089915,0.171315,0.051271,0.10402,0.043061,0.061542,0.128189,0.219333,0.181774,0.140435,0.152303,0.767609,0.799448,0.280334,0.241072,0.159441,0.304447,0.212369,0.235897,0.139707,0.107686,0.469512,0.228366,0.35089,0.167556,0.10053,0.719564,0.204545,0.166235,0.192129,0.130075,0.896895,0.247534,0.723611,0.428062,0.201525,0.627317,0.443602,0.636263,0.334867,0.212543,1.194199,0.350766,0.518011,0.426169,0.33763,0.822687,0.490417,0.663063,0.370259,0.221929
1768920143.590902,1768920143.591779,17.0,0.0,4342.436035,4334.358887,4344.230957,4355.769043,4327.94873,4334.871582,4324.102539,4343.205078,4320.128418,4314.102539,4488.974121,4527.692383,4395.769043,4454.871582,,,,,,,,,,,,,,,,,,,,,,,,,,,,,,,,,,,,,,,,,,,,,,,,,,,,,,,,,,,,,,,,,,,,,,
1768920143.598711,1768920143.599488,18.0,0.0,4341.538574,4331.538574,4344.230957,4355.769043,4324.615234,4326.666504,4324.102539,4346.410156,4319.871582,4309.102539,4488.974121,4525.641113,4396.282227,4453.461426,,,,,,,,,,,,,,,,,,,,,,,,,,,,,,,,,,,,,,,,,,,,,,,,,,,,,,,,,,,,,,,,,,,,,,
1768920143.606519,1768920143.607296,19.0,0.0,4343.461426,4336.025879,4343.077148,4354.230957,4323.461426,4322.436035,4318.846191,4349.230957,4328.205078,4310.769043,4492.179688,4524.230957,4399.743652,4453.333496,,,,,,,,,,,,,,,,,,,,,,,,,,,,,,,,,,,,,,,,,,,,,,,,,,,,,,,,,,,,,,,,,,,,,,
1768920143.614328,1768920143.615305,20.0,0.0,4346.410156,4338.846191,4342.692383,4354.487305,4327.692383,4327.179688,4316.282227,4348.077148,4327.436035,4318.717773,4492.307617,4525.256348,4399.615234,4455.384766,,,,,,,,,,,,,,,,,,,,,,,,,,,,,,,,,,,,,,,,,,,,,,,,,,,,,,,,,,,,,,,,,,,,,,
1768920143.622136,1768920143.623113,21.0,0.0,4349.358887,4337.436035,4348.077148,4357.436035,4332.179688,4329.358887,4321.922852,4343.589844,4317.94873,4320.256348,4493.461426,4526.922852,4401.025879,4455.641113,,,,,,,,,,,,,,,,,,,,,,,,,,,,,,,,,,,,,,,,,,,,,,,,,,,,,,,,,,,,,,,,,,,,,,
1768920143.629945,1768920143.631022,22.0,0.0,4346.410156,4340.256348,4353.461426,4359.871582,4333.333496,4326.666504,4325.128418,4344.615234,4320.384766,4312.94873,4493.974121,4529.102539,4401.666504,4451.922852,,,,,,,,,,,,,,,,,,,,,,,,,,,,,,,,,,,,,,,,,,,,,,,,,,,,,,,,,,,,,,,,,,,,,,
1768920143.637753,1768920143.63883,23.0,0.0,4342.436035,4342.436035,4351.922852,4358.333496,4328.589844,4326.282227,4326.410156,4350.256348,4328.205078,4315.897461,4494.871582,4530.641113,4403.077148,4450.128418,,,,,,,,,,,,,,,,,,,,,,,,,,,,,,,,,,,,,,,,,,,,,,,,,,,,,,,,,,,,,,,,,,,,,,
1768920143.645562,1768920143.646438,24.0,0.0,4345.641113,4340.512695,4347.820313,4356.282227,4324.230957,4328.461426,4328.461426,4349.871582,4327.436035,4326.666504,4502.563965,4531.025879,4408.974121,4454.487305,,,,,,,,,,,,,,,,,,,,,,,,,,,,,,,,,,,,,,,,,,,,,,,,,,,,,,,,,,,,,,,,,,,,,,
1768920143.65337,1768920143.654247,25.0,0.0,4352.436035,4339.743652,4344.615234,4356.282227,4325.769043,4325.897461,4320.769043,4341.282227,4322.563965,4320.769043,4502.05127,4527.820313,4408.974121,4457.436035,,,,,,,,,,,,,,,,,,,,,,,,,,,,,,,,,,,,,,,,,,,,,,,,,,,,,,,,,,,,,,,,,,,,,,
1768920143.661179,1768920143.661955,26.0,0.0,4351.410156,4340.256348,4347.563965,4357.307617,4326.666504,4324.358887,4318.717773,4339.615234,4322.820313,4311.666504,4493.333496,4525.769043,4403.205078,4456.922852,,,,,,,,,,,,,,,,,,,,,,,,,,,,,,,,,,,,,,,,,,,,,,,,,,,,,,,,,,,,,,,,,,,,,,
1768920143.668987,1768920143.669763,27.0,0.0,4345.897461,4339.487305,4350.128418,4356.025879,4322.307617,4327.436035,4327.692383,4347.05127,4327.94873,4316.538574,4495.256348,4526.410156,4402.820313,4453.077148,,,,,,,,,,,,,,,,,,,,,,,,,,,,,,,,,,,,,,,,,,,,,,,,,,,,,,,,,,,,,,,,,,,,,,
1768920143.676796,1768920143.677771,28.0,0.0,4345.128418,4338.589844,4343.589844,4353.589844,4317.179688,4325.128418,4319.743652,4343.589844,4324.102539,4318.333496,4492.179688,4519.743652,4402.179688,4447.436035,,,,,,,,,,,,,,,,,,,,,,,,,,,,,,,,,,,,,,,,,,,,,,,,,,,,,,,,,,,,,,,,,,,,,,
1768920143.684604,1768920143.68558,29.0,0.0,4345.641113,4337.05127,4338.205078,4355.128418,4316.410156,4322.05127,4309.487305,4331.666504,4313.077148,4307.05127,4482.05127,4507.94873,4394.743652,4443.461426,,,,,,,,,,,,,,,,,,,,,,,,,,,,,,,,,,,,,,,,,,,,,,,,,,,,,,,,,,,,,,,,,,,,,,
1768920143.692413,1768920143.693488,30.0,0.0,4343.461426,4335.128418,4338.461426,4356.025879,4320.769043,4324.358887,4319.871582,4328.717773,4308.717773,4297.94873,4482.94873,4506.410156,4395.128418,4443.717773,,,,,,,,,,,,,,,,,,,,,,,,,,,,,,,,,,,,,,,,,,,,,,,,,,,,,,,,,,,,,,,,,,,,,,
1768920143.700221,1768920143.701297,31.0,0.0,4342.436035,4337.307617,4337.179688,4352.436035,4325.512695,4323.717773,4318.589844,4328.846191,4310.256348,4299.615234,4481.794922,4511.282227,4400.897461,4446.922852,,,,,,,,,,,,,,,,,,,,,,,,,,,,,,,,,,,,,,,,,,,,,,,,,,,,,,,,,,,,,,,,,,,,,,
1768920143.70803,1768920143.709305,32.0,0.0,4344.487305,4339.615234,4337.05127,4352.820313,4326.538574,4318.846191,4302.94873,4326.538574,4309.615234,4304.102539,4479.358887,4506.922852,4401.282227,4445.769043,0.20122,0.277056,0.237532,0.233348,0.120634,0.707846,0.294165,0.166027,0.240621,0.099653,0.425086,0.642928,0.220736,0.145915,0.133052,0.606268,0.282493,0.17991,0.144396,0.091951,0.159455,0.064315,0.120211,0.05417,0.072604,0.130917,0.250617,0.171595,0.138108,0.174258,0.773744,0.864528,0.242164,0.22235,0.179727,0.241814,0.215249,0.230364,0.119738,0.116449,0.350184,0.190831,0.284219,0.141228,0.095341,0.755374,0.147152,0.141395,0.182401,0.141635,1.00805,0.294277,0.624865,0.445319,0.187118,0.707993,0.585583,0.712824,0.340227,0.194562,1.184752,0.277475,0.410187,0.396429,0.296948,0.862598,0.4909,0.600679,0.362283,0.199211
1768920143.715838,1768920143.717113,33.0,0.0,4340.897461,4335.897461,4341.153809,4359.358887,4327.563965,4320.512695,4305.384766,4332.436035,4311.410156,4302.563965,4485.256348,4505.384766,4399.230957,4440.384766,,,,,,,,,,,,,,,,,,,,,,,,,,,,,,,,,,,,,,,,,,,,,,,,,,,,,,,,,,,,,,,,,,,,,,
1768920143.723647,1768920143.725022,34.0,0.0,4334.615234,4336.666504,4339.743652,4361.282227,4330.897461,4326.025879,4315.641113,4340.128418,4316.025879,4302.563965,4484.102539,4509.358887,4396.666504,4436.666504,,,,,,,,,,,,,,,,,,,,,,,,,,,,,,,,,,,,,,,,,,,,,,,,,,,,,,,,,,,,,,,,,,,,,,
1768920143.731455,1768920143.73283,35.0,0.0,4336.410156,4341.922852,4336.666504,4359.230957,4329.358887,4324.230957,4315.512695,4337.692383,4318.333496,4310.0,4479.871582,4505.769043,4396.666504,4438.333496,,,,,,,,,,,,,,,,,,,,,,,,,,,,,,,,,,,,,,,,,,,,,,,,,,,,,,,,,,,,,,,,,,,,,,
1768920143.739264,1768920143.740439,36.0,0.0,4339.487305,4341.538574,4340.256348,4359.487305,4329.230957,4324.615234,4316.794922,4335.641113,4320.256348,4311.282227,4488.461426,4502.692383,4398.974121,4444.102539,,,,,,,,,,,,,,,,,,,,,,,,,,,,,,,,,,,,,,,,,,,,,,,,,,,,,,,,,,,,,,,,,,,,,,
1768920143.747072,1768920143.748247,37.0,0.0,4336.025879,4338.846191,4343.974121,4359.230957,4334.487305,4329.487305,4322.820313,4338.589844,4320.769043,4307.563965,4493.205078,4509.487305,4399.615234,4445.897461,,,,,,,,,,,,,,,,,,,,,,,,,,,,,,,,,,,,,,,,,,,,,,,,,,,,,,,,,,,,,,,,,,,,,,
1768920143.754881,1768920143.755956,38.0,0.0,4332.436035,4338.461426,4341.666504,4357.307617,4333.461426,4331.153809,4321.794922,4337.05127,4319.487305,4308.717773,4485.128418,4513.717773,4398.846191,4442.94873,,,,,,,,,,,,,,,,,,,,,,,,,,,,,,,,,,,,,,,,,,,,,,,,,,,,,,,,,,,,,,,,,,,,,,
1768920143.762689,1768920143.763764,39.0,0.0,4332.94873,4337.179688,4336.666504,4353.717773,4325.641113,4326.538574,4316.025879,4332.436035,4317.563965,4308.461426,4482.179688,4507.820313,4397.820313,4439.871582,,,,,,,,,,,,,,,,,,,,,,,,,,,,,,,,,,,,,,,,,,,,,,,,,,,,,,,,,,,,,,,,,,,,,,
1768920143.770498,1768920143.771373,40.0,0.0,4333.461426,4340.128418,4338.077148,4351.025879,4325.128418,4323.333496,4319.358887,4340.769043,4324.230957,4306.794922,4486.794922,4508.205078,4394.743652,4439.487305,,,,,,,,,,,,,,,,,,,,,,,,,,,,,,,,,,,,,,,,,,,,,,,,,,,,,,,,,,,,,,,,,,,,,,
1768920143.778307,1768920143.779181,41.0,0.0,4332.179688,4343.205078,4342.179688,4353.717773,4329.358887,4329.615234,4328.077148,4349.358887,4331.666504,4308.077148,4492.692383,4513.205078,4398.077148,4443.461426,,,,,,,,,,,,,,,,,,,,,,,,,,,,,,,,,,,,,,,,,,,,,,,,,,,,,,,,,,,,,,,,,,,,,,
1768920143.786115,1768920143.78689,42.0,0.0,4334.615234,4340.384766,4341.153809,4356.025879,4327.94873,4334.230957,4326.666504,4339.743652,4320.256348,4308.077148,4491.282227,4513.077148,4408.077148,4449.102539,,,,,,,,,,,,,,,,,,,,,,,,,,,,,,,,,,,,,,,,,,,,,,,,,,,,,,,,,,,,,,,,,,,,,,
1768920143.793924,1768920143.794698,43.0,0.0,4341.153809,4341.410156,4342.05127,4356.025879,4328.846191,4330.641113,4322.436035,4332.692383,4313.846191,4310.0,4490.384766,4513.974121,4410.512695,4448.461426,,,,,,,,,,,,,,,,,,,,,,,,,,,,,,,,,,,,,,,,,,,,,,,,,,,,,,,,,,,,,,,,,,,,,,
1768920143.801732,1768920143.802307,44.0,0.0,4344.102539,4343.846191,4343.461426,4354.102539,4333.461426,4325.769043,4325.769043,4340.512695,4325.512695,4314.102539,4493.717773,4515.769043,4407.563965,4443.974121,,,,,,,,,,,,,,,,,,,,,,,,,,,,,,,,,,,,,,,,,,,,,,,,,,,,,,,,,,,,,,,,,,,,,,
1768920143.809541,1768920143.810115,45.0,0.0,4345.0,4340.128418,4341.794922,4352.436035,4332.692383,4326.538574,4327.179688,4346.282227,4328.974121,4315.256348,4493.205078,4516.410156,4409.871582,4448.974121,,,,,,,,,,,,,,,,,,,,,,,,,,,,,,,,,,,,,,,,,,,,,,,,,,,,,,,,,,,,,,,,,,,,,,
1768920143.817349,1768920143.817824,46.0,0.0,4345.0,4341.538574,4346.025879,4355.128418,4334.230957,4330.512695,4326.025879,4346.153809,4325.384766,4316.794922,4496.666504,4521.282227,4413.461426,4456.153809,,,,,,,,,,,,,,,,,,,,,,,,,,,,,,,,,,,,,,,,,,,,,,,,,,,,,,,,,,,,,,,,,,,,,,
1768920143.825158,1768920143.825632,47.0,0.0,4342.05127,4347.179688,4350.897461,4358.333496,4337.436035,4333.205078,4327.05127,4350.0,4330.897461,4316.410156,4502.94873,4527.307617,4412.692383,4455.641113,,,,,,,,,,,,,,,,,,,,,,,,,,,,,,,,,,,,,,,,,,,,,,,,,,,,,,,,,,,,,,,,,,,,,,
1768920143.832966,1768920143.833641,48.0,0.0,4343.974121,4346.922852,4345.384766,4355.769043,4333.461426,4333.461426,4327.563965,4349.615234,4331.025879,4314.615234,4500.0,4524.102539,4411.666504,4455.384766,0.261439,0.3521,0.235454,0.241363,0.124215,0.618499,0.351469,0.162354,0.257648,0.100304,0.454624,0.672788,0.227931,0.149092,0.138621,0.512121,0.305788,0.192029,0.145238,0.09209,0.158524,0.086406,0.14811,0.067566,0.084393,0.133778,0.269537,0.1648,0.133194,0.19959,0.708714,0.844943,0.194897,0.203537,0.218567,0.206052,0.240814,0.217725,0.105706,0.127912,0.265652,0.202292,0.214783,0.11895,0.096817,0.815323,0.146929,0.120895,0.177405,0.148719,1.101185,0.398502,0.547485,0.427498,0.177652,0.821287,0.769248,0.759681,0.341874,0.189188,1.143984,0.272571,0.323688,0.370539,0.250315,0.895854,0.540495,0.551095,0.351034,0.182365
1768920143.840775,1768920143.841449,49.0,0.0,4351.025879,4343.461426,4340.512695,4352.436035,4329.102539,4328.846191,4325.128418,4347.436035,4328.461426,4318.717773,4491.794922,4522.307617,4412.307617,4457.05127,,,,,,,,,,,,,,,,,,,,,,,,,,,,,,,,,,,,,,,,,,,,,,,,,,,,,,,,,,,,,,,,,,,,,,
1768920143.848583,1768920143.849157,50.0,0.0,4353.846191,4344.102539,4345.897461,4354.743652,4333.077148,4323.589844,4323.077148,4351.025879,4336.410156,4323.846191,4497.820313,4531.282227,4413.333496,4456.538574,,,,,,,,,,,,,,,,,,,,,,,,,,,,,,,,,,,,,,,,,,,,,,,,,,,,,,,,,,,,,,,,,,,,,,
1768920143.856392,1768920143.856966,51.0,0.0,4351.282227,4345.384766,4350.256348,4357.563965,4339.487305,4328.589844,4326.794922,4349.743652,4335.769043,4322.692383,4506.538574,4534.102539,4412.563965,4456.922852,,,,,,,,,,,,,,,,,,,,,,,,,,,,,,,,,,,,,,,,,,,,,,,,,,,,,,,,,,,,,,,,,,,,,,
1768920143.8642,1768920143.864574,52.0,0.0,4350.384766,4342.436035,4346.538574,4357.179688,4338.205078,4337.05127,4328.205078,4347.692383,4327.820313,4319.230957,4502.436035,4531.794922,4412.436035,4458.333496,,,,,,,,,,,,,,,,,,,,,,,,,,,,,,,,,,,,,,,,,,,,,,,,,,,,,,,,,,,,,,,,,,,,,,
1768920143.872009,1768920143.872382,53.0,0.0,4352.179688,4340.256348,4341.538574,4356.282227,4334.487305,4337.307617,4324.102539,4350.256348,4327.692383,4319.230957,4497.563965,4532.436035,4412.179688,4455.641113,,,,,,,,,,,,,,,,,,,,,,,,,,,,,,,,,,,,,,,,,,,,,,,,,,,,,,,,,,,,,,,,,,,,,,
1768920143.879817,1768920143.880091,54.0,0.0,4352.307617,4344.230957,4343.717773,4357.692383,4335.128418,4335.0,4328.333496,4348.077148,4327.05127,4319.871582,4494.743652,4524.358887,4404.871582,4448.974121,,,,,,,,,,,,,,,,,,,,,,,,,,,,,,,,,,,,,,,,,,,,,,,,,,,,,,,,,,,,,,,,,,,,,,
1768920143.887626,1768920143.887899,55.0,0.0,4351.794922,4347.692383,4352.563965,4359.102539,4333.974121,4333.205078,4334.871582,4343.077148,4323.717773,4317.307617,4493.461426,4517.563965,4404.358887,4450.384766,,,,,,,,,,,,,,,,,,,,,,,,,,,,,,,,,,,,,,,,,,,,,,,,,,,,,,,,,,,,,,,,,,,,,,
1768920143.895434,1768920143.895907,56.0,0.0,4349.743652,4344.358887,4351.794922,4352.692383,4330.384766,4333.077148,4326.538574,4343.205078,4324.615234,4312.179688,4492.563965,4523.846191,4410.769043,4453.589844,,,,,,,,,,,,,,,,,,,,,,,,,,,,,,,,,,,,,,,,,,,,,,,,,,,,,,,,,,,,,,,,,,,,,,
1768920143.903243,1768920143.903715,57.0,0.0,4347.692383,4339.871582,4345.0,4347.05127,4330.0,4333.717773,4318.974121,4346.538574,4326.922852,4313.589844,4492.179688,4530.0,4407.692383,4450.0,,,,,,,,,,,,,,,,,,,,,,,,,,,,,,,,,,,,,,,,,,,,,,,,,,,,,,,,,,,,,,,,,,,,,,
1768920143.911051,1768920143.911624,58.0,0.0,4349.102539,4341.282227,4346.794922,4347.94873,4332.692383,4331.922852,4326.410156,4350.0,4327.692383,4317.05127,4495.769043,4530.897461,4405.641113,4452.563965,,,,,,,,,,,,,,,,,,,,,,,,,,,,,,,,,,,,,,,,,,,,,,,,,,,,,,,,,,,,,,,,,,,,,,
1768920143.91886,1768920143.919432,59.0,0.0,4352.692383,4343.589844,4349.230957,4351.153809,4333.461426,4327.05127,4322.436035,4347.307617,4328.077148,4315.128418,4499.615234,4528.846191,4412.94873,4457.820313,,,,,,,,,,,,,,,,,,,,,,,,,,,,,,,,,,,,,,,,,,,,,,,,,,,,,,,,,,,,,,,,,,,,,,
1768920143.926668,1768920143.92744,60.0,0.0,4350.128418,4343.205078,4343.974121,4353.717773,4330.128418,4322.307617,4308.846191,4339.230957,4324.230957,4318.077148,4495.0,4519.487305,4412.94873,4451.794922,,,,,,,,,,,,,,,,,,,,,,,,,,,,,,,,,,,,,,,,,,,,,,,,,,,,,,,,,,,,,,,,,,,,,,
1768920143.934477,1768920143.935249,61.0,0.0,4342.307617,4338.974121,4339.487305,4350.0,4327.436035,4325.256348,4315.641113,4341.410156,4324.743652,4324.615234,4490.128418,4515.897461,4409.358887,4445.641113,,,,,,,,,,,,,,,,,,,,,,,,,,,,,,,,,,,,,,,,,,,,,,,,,,,,,,,,,,,,,,,,,,,,,,
1768920143.942285,1768920143.942957,62.0,0.0,4341.922852,4338.461426,4340.0,4344.230957,4331.410156,4332.94873,4329.230957,4348.205078,4330.641113,4324.102539,4494.102539,4524.358887,4414.358887,4449.358887,,,,,,,,,,,,,,,,,,,,,,,,,,,,,,,,,,,,,,,,,,,,,,,,,,,,,,,,,,,,,,,,,,,,,,
1768920143.950094,1768920143.950766,63.0,0.0,4346.538574,4341.025879,4340.256348,4345.769043,4335.641113,4339.102539,4329.230957,4346.538574,4328.333496,4319.871582,4493.974121,4523.717773,4416.025879,4454.487305,,,,,,,,,,,,,,,,,,,,,,,,,,,,,,,,,,,,,,,,,,,,,,,,,,,,,,,,,,,,,,,,,,,,,,
1768920143.957902,1768920143.958375,64.0,0.0,4342.94873,4336.794922,4341.666504,4350.769043,4331.538574,4338.333496,4327.692383,4348.077148,4328.589844,4318.077148,4489.615234,4519.743652,4409.615234,4453.205078,0.334233,0.454929,0.235954,0.257138,0.126477,0.508916,0.434533,0.170367,0.27503,0.101188,0.493476,0.685622,0.236209,0.15869,0.143317,0.437786,0.345109,0.217705,0.154812,0.091244,0.177591,0.123135,0.178745,0.081495,0.093366,0.136235,0.281016,0.15863,0.129351,0.219001,0.578308,0.759135,0.14482,0.193858,0.262284,0.193563,0.283411,0.200279,0.104167,0.140658,0.22238,0.258965,0.15631,0.103298,0.106735,0.881847,0.203128,0.111989,0.178131,0.150348,1.179997,0.536299,0.500036,0.382121,0.17344,0.995465,0.949111,0.760066,0.349702,0.19512,1.09723,0.327773,0.280375,0.349737,0.208642,0.970932,0.623544,0.510429,0.343803,0.174763
1768920143.965711,1768920143.966183,65.0,0.0,4338.461426,4334.871582,4346.922852,4351.282227,4330.256348,4337.436035,4330.512695,4354.743652,4337.820313,4322.820313,4494.230957,4526.282227,4410.128418,4451.025879,,,,,,,,,,,,,,,,,,,,,,,,,,,,,,,,,,,,,,,,,,,,,,,,,,,,,,,,,,,,,,,,,,,,,,
1768920143.973519,1768920143.973892,66.0,0.0,4344.871582,4344.102539,4350.769043,4355.512695,4336.153809,4338.461426,4327.94873,4353.974121,4335.256348,4326.666504,4500.0,4533.461426,4415.512695,4452.820313,,,,,,,,,,,,,,,,,,,,,,,,,,,,,,,,,,,,,,,,,,,,,,,,,,,,,,,,,,,,,,,,,,,,,,
1768920143.981328,1768920143.9817,67.0,0.0,4351.794922,4349.230957,4351.153809,4358.846191,4340.769043,4340.897461,4331.025879,4350.641113,4328.461426,4321.538574,4496.410156,4532.436035,4410.641113,4453.846191,,,,,,,,,,,,,,,,,,,,,,,,,,,,,,,,,,,,,,,,,,,,,,,,,,,,,,,,,,,,,,,,,,,,,,
1768920143.989137,1768920143.989309,68.0,0.0,4349.871582,4344.743652,4348.205078,4352.94873,4340.128418,4343.589844,4340.128418,4350.641113,4331.538574,4319.487305,4490.769043,4525.0,4402.820313,4450.128418,,,,,,,,,,,,,,,,,,,,,,,,,,,,,,,,,,,,,,,,,,,,,,,,,,,,,,,,,,,,,,,,,,,,,,
1768920143.996945,1768920143.997117,69.0,0.0,4346.282227,4340.641113,4345.128418,4351.153809,4333.974121,4336.025879,4335.769043,4349.871582,4329.102539,4317.820313,4492.563965,4520.769043,4404.871582,4446.794922,,,,,,,,,,,,,,,,,,,,,,,,,,,,,,,,,,,,,,,,,,,,,,,,,,,,,,,,,,,,,,,,,,,,,,
1768920144.004753,1768920144.004826,70.0,0.0,4342.563965,4337.563965,4342.05127,4349.102539,4328.589844,4325.512695,4323.589844,4353.077148,4325.897461,4308.589844,4494.230957,4521.025879,4403.461426,4443.461426,,,,,,,,,,,,,,,,,,,,,,,,,,,,,,,,,,,,,,,,,,,,,,,,,,,,,,,,,,,,,,,,,,,,,,
1768920144.012562,1768920144.012634,71.0,0.0,4336.538574,4332.94873,4341.025879,4344.487305,4330.256348,4323.974121,4320.256348,4355.512695,4332.820313,4312.05127,4491.666504,4524.102539,4396.282227,4438.846191,,,,,,,,,,,,,,,,,,,,,,,,,,,,,,,,,,,,,,,,,,,,,,,,,,,,,,,,,,,,,,,,,,,,,,
1768920144.020371,1768920144.020642,72.0,0.0,4334.102539,4326.153809,4341.922852,4343.846191,4332.563965,4328.461426,4324.487305,4350.769043,4334.230957,4325.641113,4493.461426,4526.538574,4400.128418,4444.615234,,,,,,,,,,,,,,,,,,,,,,,,,,,,,,,,,,,,,,,,,,,,,,,,,,,,,,,,,,,,,,,,,,,,,,
1768920144.028179,1768920144.028451,73.0,0.0,4336.153809,4322.820313,4339.743652,4343.846191,4333.205078,4332.820313,4325.769043,4346.153809,4326.794922,4320.641113,4494.743652,4524.743652,4403.205078,4447.820313,,,,,,,,,,,,,,,,,,,,,,,,,,,,,,,,,,,,,,,,,,,,,,,,,,,,,,,,,,,,,,,,,,,,,,
1768920144.035988,1768920144.036359,74.0,0.0,4336.922852,4326.538574,4339.871582,4345.128418,4331.666504,4331.538574,4326.410156,4348.077148,4328.846191,4311.153809,4492.820313,4522.436035,4396.153809,4441.538574,,,,,,,,,,,,,,,,,,,,,,,,,,,,,,,,,,,,,,,,,,,,,,,,,,,,,,,,,,,,,,,,,,,,,,
1768920144.043796,1768920144.044168,75.0,0.0,4336.153809,4328.077148,4344.102539,4348.077148,4324.871582,4325.769043,4325.897461,4350.897461,4334.487305,4317.820313,4494.102539,4527.94873,4395.641113,4445.384766,,,,,,,,,,,,,,,,,,,,,,,,,,,,,,,,,,,,,,,,,,,,,,,,,,,,,,,,,,,,,,,,,,,,,,
1768920144.051605,1768920144.052176,76.0,0.0,4334.615234,4325.0,4341.282227,4345.512695,4321.922852,4324.358887,4323.589844,4350.0,4331.282227,4318.974121,4494.487305,4529.487305,4400.0,4448.205078,,,,,,,,,,,,,,,,,,,,,,,,,,,,,,,,,,,,,,,,,,,,,,,,,,,,,,,,,,,,,,,,,,,,,,
1768920144.059413,1768920144.059984,77.0,0.0,4336.410156,4324.358887,4335.769043,4342.820313,4326.410156,4332.179688,4325.384766,4348.333496,4327.436035,4309.102539,4491.538574,4523.974121,4397.820313,4443.333496,,,,,,,,,,,,,,,,,,,,,,,,,,,,,,,,,,,,,,,,,,,,,,,,,,,,,,,,,,,,,,,,,,,,,,
1768920144.067222,1768920144.067693,78.0,0.0,4342.692383,4324.615234,4343.461426,4344.230957,4327.05127,4338.205078,4330.769043,4350.384766,4329.487305,4309.102539,4492.692383,4530.769043,4397.563965,4450.256348,,,,,,,,,,,,,,,,,,,,,,,,,,,,,,,,,,,,,,,,,,,,,,,,,,,,,,,,,,,,,,,,,,,,,,
1768920144.07503,1768920144.075501,79.0,0.0,4343.846191,4326.410156,4350.256348,4345.256348,4326.153809,4335.384766,4331.538574,4353.846191,4332.820313,4313.333496,4495.512695,4538.077148,4400.384766,4457.820313,,,,,,,,,,,,,,,,,,,,,,,,,,,,,,,,,,,,,,,,,,,,,,,,,,,,,,,,,,,,,,,,,,,,,,
1768920144.082839,1768920144.083509,80.0,0.0,4340.897461,4332.179688,4346.282227,4352.179688,4331.666504,4329.615234,4324.102539,4350.384766,4328.077148,4311.025879,4493.589844,4530.641113,4398.333496,4451.025879,0.422195,0.570615,0.230353,0.277512,0.126043,0.414918,0.53002,0.182399,0.289406,0.101881,0.549707,0.687393,0.240124,0.169584,0.143222,0.401987,0.387591,0.247004,0.175106,0.089895,0.219728,0.179621,0.202657,0.09374,0.096648,0.137669,0.291361,0.1513,0.13031,0.225194,0.426522,0.64826,0.100696,0.197101,0.295035,0.19664,0.331182,0.179308,0.118496,0.152423,0.204499,0.34642,0.117989,0.095688,0.12472,0.923125,0.305355,0.120166,0.182954,0.148177,1.218259,0.671936,0.473078,0.326426,0.172577,1.218353,1.077125,0.707628,0.371142,0.207587,1.055672,0.422049,0.278342,0.335488,0.178711,1.104002,0.713713,0.466269,0.349618,0.176488
1768920144.090647,1768920144.091317,81.0,0.0,4341.282227,4332.692383,4344.871582,4355.128418,4336.025879,4331.922852,4326.282227,4348.589844,4324.102539,4309.358887,4492.436035,4528.589844,4397.94873,4448.333496,,,,,,,,,,,,,,,,,,,,,,,,,,,,,,,,,,,,,,,,,,,,,,,,,,,,,,,,,,,,,,,,,,,,,,
1768920144.098456,1768920144.099226,82.0,0.0,4341.153809,4326.794922,4346.538574,4344.487305,4329.358887,4338.974121,4335.512695,4359.615234,4336.282227,4309.230957,4493.589844,4534.743652,4396.666504,4450.512695,,,,,,,,,,,,,,,,,,,,,,,,,,,,,,,,,,,,,,,,,,,,,,,,,,,,,,,,,,,,,,,,,,,,,,
1768920144.106264,1768920144.107034,83.0,0.0,4340.512695,4322.179688,4346.282227,4342.820313,4323.205078,4334.487305,4329.615234,4357.94873,4340.512695,4306.666504,4492.307617,4530.641113,4390.897461,4443.461426,,,,,,,,,,,,,,,,,,,,,,,,,,,,,,,,,,,,,,,,,,,,,,,,,,,,,,,,,,,,,,,,,,,,,,
1768920144.114073,1768920144.115042,84.0,0.0,4341.025879,4325.384766,4348.717773,4352.436035,4328.717773,4324.230957,4319.102539,4342.563965,4329.615234,4310.0,4490.769043,4530.897461,4392.05127,4447.692383,,,,,,,,,,,,,,,,,,,,,,,,,,,,,,,,,,,,,,,,,,,,,,,,,,,,,,,,,,,,,,,,,,,,,,
1768920144.121881,1768920144.122851,85.0,0.0,4335.641113,4330.256348,4353.077148,4351.794922,4336.666504,4331.410156,4325.641113,4343.205078,4329.230957,4318.846191,4491.794922,4542.820313,4397.563965,4462.436035,,,,,,,,,,,,,,,,,,,,,,,,,,,,,,,,,,,,,,,,,,,,,,,,,,,,,,,,,,,,,,,,,,,,,,
1768920144.12969,1768920144.130559,86.0,0.0,4329.743652,4328.077148,4352.179688,4343.461426,4332.436035,4344.615234,4337.179688,4352.692383,4339.615234,4322.692383,4498.333496,4541.538574,4400.897461,4458.974121,,,,,,,,,,,,,,,,,,,,,,,,,,,,,,,,,,,,,,,,,,,,,,,,,,,,,,,,,,,,,,,,,,,,,,
1768920144.137498,1768920144.138368,87.0,0.0,4338.846191,4329.102539,4352.692383,4345.512695,4326.025879,4338.846191,4337.563965,4353.717773,4340.769043,4323.461426,4507.436035,4537.05127,4408.589844,4454.230957,,,,,,,,,,,,,,,,,,,,,,,,,,,,,,,,,,,,,,,,,,,,,,,,,,,,,,,,,,,,,,,,,,,,,,
1768920144.145307,1768920144.145977,88.0,0.0,4346.922852,4335.128418,4356.410156,4353.077148,4327.94873,4331.025879,4337.436035,4356.410156,4339.743652,4326.282227,4510.641113,4541.666504,4414.743652,4461.153809,,,,,,,,,,,,,,,,,,,,,,,,,,,,,,,,,,,,,,,,,,,,,,,,,,,,,,,,,,,,,,,,,,,,,,
1768920144.153115,1768920144.153785,89.0,0.0,4343.461426,4335.897461,4357.563965,4353.717773,4330.897461,4341.153809,4342.94873,4361.794922,4343.205078,4327.307617,4507.563965,4542.94873,4412.820313,4461.410156,,,,,,,,,,,,,,,,,,,,,,,,,,,,,,,,,,,,,,,,,,,,,,,,,,,,,,,,,,,,,,,,,,,,,,
1768920144.160924,1768920144.161494,90.0,0.0,4342.692383,4336.410156,4356.666504,4350.641113,4330.897461,4349.102539,4350.128418,4360.384766,4342.820313,4325.897461,4507.692383,4541.410156,4409.871582,4457.05127,,,,,,,,,,,,,,,,,,,,,,,,,,,,,,,,,,,,,,,,,,,,,,,,,,,,,,,,,,,,,,,,,,,,,,
1768920144.168732,1768920144.169302,91.0,0.0,4343.974121,4339.230957,4355.512695,4352.307617,4328.461426,4342.692383,4350.641113,4357.94873,4340.384766,4322.692383,4508.205078,4538.589844,4408.205078,4457.436035,,,,,,,,,,,,,,,,,,,,,,,,,,,,,,,,,,,,,,,,,,,,,,,,,,,,,,,,,,,,,,,,,,,,,,
1768920144.176541,1768920144.176911,92.0,0.0,4346.666504,4340.128418,4358.333496,4357.563965,4328.589844,4333.205078,4339.743652,4354.102539,4335.384766,4319.102539,4506.025879,4537.692383,4409.102539,4461.666504,,,,,,,,,,,,,,,,,,,,,,,,,,,,,,,,,,,,,,,,,,,,,,,,,,,,,,,,,,,,,,,,,,,,,,
1768920144.184349,1768920144.184719,93.0,0.0,4351.025879,4341.538574,4359.230957,4358.077148,4335.0,4330.641113,4333.717773,4345.512695,4328.717773,4319.102539,4504.871582,4541.153809,4414.230957,4463.717773,,,,,,,,,,,,,,,,,,,,,,,,,,,,,,,,,,,,,,,,,,,,,,,,,,,,,,,,,,,,,,,,,,,,,,
1768920144.192158,1768920144.192428,94.0,0.0,4347.692383,4339.358887,4356.282227,4354.615234,4336.025879,4337.307617,4343.846191,4346.410156,4333.974121,4323.846191,4507.692383,4542.179688,4414.743652,4462.179688,,,,,,,,,,,,,,,,,,,,,,,,,,,,,,,,,,,,,,,,,,,,,,,,,,,,,,,,,,,,,,,,,,,,,,
1768920144.199967,1768920144.200236,95.0,0.0,4345.128418,4334.743652,4357.307617,4354.871582,4331.025879,4343.589844,4351.282227,4358.589844,4345.128418,4324.487305,4511.025879,4535.769043,4411.025879,4460.512695,,,,,,,,,,,,,,,,,,,,,,,,,,,,,,,,,,,,,,,,,,,,,,,,,,,,,,,,,,,,,,,,,,,,,,
1768920144.207775,1768920144.207845,96.0,0.0,4349.230957,4336.922852,4358.205078,4358.974121,4331.922852,4340.0,4344.102539,4358.461426,4341.025879,4317.820313,4505.512695,4531.153809,4407.692383,4460.0,0.529908,0.673915,0.211481,0.295821,0.122635,0.35885,0.616195,0.18896,0.296101,0.101592,0.622052,0.682159,0.236688,0.17752,0.138032,0.405946,0.420179,0.26868,0.202331,0.087943,0.278003,0.251928,0.213164,0.102887,0.093415,0.139198,0.306985,0.143293,0.138493,0.215933,0.306131,0.55547,0.072017,0.210642,0.306855,0.213787,0.374469,0.154657,0.146505,0.16085,0.200919,0.448075,0.098563,0.095831,0.14767,0.916395,0.437944,0.145062,0.188804,0.144859,1.212753,0.776413,0.449301,0.278798,0.172822,1.456924,1.127567,0.615041,0.406545,0.221261,1.029536,0.531621,0.296364,0.328812,0.161791,1.269961,0.783795,0.40795,0.372376,0.184404
1768920144.215583,1768920144.215653,97.0,0.0,4350.641113,4340.128418,4351.794922,4362.179688,4333.974121,4335.128418,4338.333496,4344.102539,4326.410156,4313.077148,4498.333496,4531.794922,4403.974121,4457.692383,,,,,,,,,,,,,,,,,,,,,,,,,,,,,,,,,,,,,,,,,,,,,,,,,,,,,,,,,,,,,,,,,,,,,,
1768920144.223392,1768920144.223562,98.0,0.0,4350.897461,4336.153809,4348.077148,4358.589844,4329.743652,4335.769043,4343.974121,4342.05127,4327.179688,4318.589844,4500.769043,4537.307617,4403.846191,4459.743652,,,,,,,,,,,,,,,,,,,,,,,,,,,,,,,,,,,,,,,,,,,,,,,,,,,,,,,,,,,,,,,,,,,,,,
1768920144.231201,1768920144.23137,99.0,0.0,4348.461426,4328.461426,4348.205078,4348.846191,4328.974121,4336.538574,4347.05127,4352.820313,4340.512695,4324.871582,4500.256348,4538.974121,4402.94873,4463.846191,,,,,,,,,,,,,,,,,,,,,,,,,,,,,,,,,,,,,,,,,,,,,,,,,,,,,,,,,,,,,,,,,,,,,,
1768920144.239009,1768920144.239378,100.0,0.0,4340.384766,4321.666504,4341.538574,4343.461426,4327.436035,4337.563965,4344.230957,4357.563965,4344.487305,4320.128418,4489.230957,4524.871582,4392.563965,4450.897461,,,,,,,,,,,,,,,,,,,,,,,,,,,,,,,,,,,,,,,,,,,,,,,,,,,,,,,,,,,,,,,,,,,,,,
1768920144.246817,1768920144.247187,101.0,0.0,4341.794922,4322.307617,4343.205078,4351.922852,4323.333496,4338.589844,4349.487305,4360.512695,4345.256348,4314.230957,4491.410156,4521.153809,4391.025879,4444.102539,,,,,,,,,,,,,,,,,,,,,,,,,,,,,,,,,,,,,,,,,,,,,,,,,,,,,,,,,,,,,,,,,,,,,,
1768920144.254626,1768920144.255095,102.0,0.0,4352.436035,4330.769043,4359.230957,4362.94873,4326.922852,4342.692383,4364.615234,4365.769043,4355.512695,4323.589844,4507.436035,4541.282227,4406.666504,4462.820313,,,,,,,,,,,,,,,,,,,,,,,,,,,,,,,,,,,,,,,,,,,,,,,,,,,,,,,,,,,,,,,,,,,,,,
1768920144.262435,1768920144.262904,103.0,0.0,4351.538574,4332.307617,4363.589844,4359.871582,4330.641113,4347.436035,4369.743652,4363.974121,4356.666504,4338.205078,4513.333496,4552.436035,4418.461426,4473.077148,,,,,,,,,,,,,,,,,,,,,,,,,,,,,,,,,,,,,,,,,,,,,,,,,,,,,,,,,,,,,,,,,,,,,,
1768920144.270243,1768920144.270512,104.0,0.0,4340.769043,4326.410156,4350.384766,4350.384766,4327.692383,4343.461426,4359.615234,4356.666504,4343.589844,4330.128418,4509.615234,4539.615234,4411.794922,4460.769043,,,,,,,,,,,,,,,,,,,,,,,,,,,,,,,,,,,,,,,,,,,,,,,,,,,,,,,,,,,,,,,,,,,,,,
1768920144.278052,1768920144.27832,105.0,0.0,4337.05127,4323.461426,4341.922852,4351.153809,4327.94873,4339.230957,4354.871582,4354.615234,4336.153809,4315.384766,4500.641113,4524.615234,4398.717773,4454.871582,,,,,,,,,,,,,,,,,,,,,,,,,,,,,,,,,,,,,,,,,,,,,,,,,,,,,,,,,,,,,,,,,,,,,,
1768920144.28586,1768920144.286228,106.0,0.0,4339.230957,4326.666504,4346.538574,4356.153809,4331.922852,4340.0,4363.077148,4362.436035,4342.820313,4317.94873,4495.897461,4528.717773,4395.384766,4459.615234,,,,,,,,,,,,,,,,,,,,,,,,,,,,,,,,,,,,,,,,,,,,,,,,,,,,,,,,,,,,,,,,,,,,,,
1768920144.293669,1768920144.294037,107.0,0.0,4342.179688,4328.974121,4350.128418,4354.358887,4329.102539,4337.05127,4366.922852,4365.0,4345.256348,4320.512695,4497.307617,4535.256348,4397.436035,4457.436035,,,,,,,,,,,,,,,,,,,,,,,,,,,,,,,,,,,,,,,,,,,,,,,,,,,,,,,,,,,,,,,,,,,,,,
1768920144.301477,1768920144.302045,108.0,0.0,4343.717773,4327.94873,4344.358887,4350.641113,4323.717773,4332.692383,4360.128418,4349.615234,4335.641113,4316.282227,4496.922852,4529.487305,4400.769043,4457.05127,,,,,,,,,,,,,,,,,,,,,,,,,,,,,,,,,,,,,,,,,,,,,,,,,,,,,,,,,,,,,,,,,,,,,,
1768920144.309286,1768920144.309854,109.0,0.0,4341.922852,4326.153809,4339.102539,4349.871582,4325.512695,4332.820313,4352.692383,4338.846191,4331.666504,4319.230957,4498.205078,4527.563965,4405.512695,4460.641113,,,,,,,,,,,,,,,,,,,,,,,,,,,,,,,,,,,,,,,,,,,,,,,,,,,,,,,,,,,,,,,,,,,,,,
1768920144.317094,1768920144.317762,110.0,0.0,4343.205078,4326.282227,4342.436035,4347.436035,4329.102539,4333.717773,4355.897461,4351.922852,4339.743652,4327.692383,4505.0,4531.922852,4407.436035,4459.230957,,,,,,,,,,,,,,,,,,,,,,,,,,,,,,,,,,,,,,,,,,,,,,,,,,,,,,,,,,,,,,,,,,,,,,
1768920144.324903,1768920144.32557,111.0,0.0,4353.589844,4331.410156,4351.538574,4351.025879,4330.897461,4333.974121,4363.717773,4361.025879,4342.563965,4323.205078,4507.563965,4530.256348,4402.820313,4456.410156,,,,,,,,,,,,,,,,,,,,,,,,,,,,,,,,,,,,,,,,,,,,,,,,,,,,,,,,,,,,,,,,,,,,,,
1768920144.332711,1768920144.333179,112.0,0.0,4357.563965,4336.025879,4355.641113,4359.871582,4332.820313,4334.615234,4364.615234,4354.487305,4336.922852,4316.666504,4505.512695,4529.102539,4399.102539,4458.461426,0.648384,0.734983,0.179073,0.303906,0.116883,0.34038,0.668737,0.185313,0.290414,0.099306,0.689832,0.663064,0.226246,0.179426,0.130392,0.432269,0.434984,0.273816,0.227729,0.085275,0.33773,0.326534,0.207767,0.109029,0.08556,0.142444,0.33301,0.136119,0.153739,0.195128,0.255502,0.50754,0.062593,0.226949,0.297845,0.249172,0.406152,0.126927,0.180837,0.16429,0.208541,0.540862,0.091392,0.102476,0.170493,0.859311,0.574073,0.178282,0.192783,0.142766,1.163754,0.826778,0.412875,0.25,0.172212,1.654671,1.090491,0.505477,0.446924,0.231831,1.013353,0.622524,0.306714,0.326873,0.154848,1.405613,0.80472,0.334758,0.40522,0.192831
1768920144.34052,1768920144.340987,113.0,0.0,4342.94873,4330.897461,4348.717773,4357.820313,4333.589844,4338.589844,4364.358887,4353.717773,4336.538574,4320.0,4501.025879,4531.922852,4399.487305,4457.307617,,,,,,,,,,,,,,,,,,,,,,,,,,,,,,,,,,,,,,,,,,,,,,,,,,,,,,,,,,,,,,,,,,,,,,
1768920144.348328,1768920144.348696,114.0,0.0,4332.692383,4322.436035,4336.922852,4351.794922,4330.512695,4341.666504,4366.025879,4354.102539,4337.94873,4320.0,4492.179688,4522.820313,4395.0,4448.333496,,,,,,,,,,,,,,,,,,,,,,,,,,,,,,,,,,,,,,,,,,,,,,,,,,,,,,,,,,,,,,,,,,,,,,
1768920144.356137,1768920144.356504,115.0,0.0,4342.563965,4329.102539,4339.487305,4358.717773,4328.077148,4336.922852,4361.794922,4351.922852,4334.871582,4315.769043,4494.102539,4518.974121,4396.025879,4448.717773,,,,,,,,,,,,,,,,,,,,,,,,,,,,,,,,,,,,,,,,,,,,,,,,,,,,,,,,,,,,,,,,,,,,,,
1768920144.363945,1768920144.364113,116.0,0.0,4351.794922,4339.102539,4358.461426,4367.563965,4332.436035,4328.717773,4355.384766,4355.384766,4337.692383,4319.743652,4509.743652,4534.743652,4407.179688,4461.410156,,,,,,,,,,,,,,,,,,,,,,,,,,,,,,,,,,,,,,,,,,,,,,,,,,,,,,,,,,,,,,,,,,,,,,
1768920144.371754,1768920144.371922,117.0,0.0,4349.871582,4335.641113,4363.974121,4365.0,4336.922852,4328.205078,4355.897461,4357.307617,4342.692383,4326.922852,4509.102539,4542.692383,4408.974121,4466.922852,,,,,,,,,,,,,,,,,,,,,,,,,,,,,,,,,,,,,,,,,,,,,,,,,,,,,,,,,,,,,,,,,,,,,,
1768920144.379563,1768920144.37963,118.0,0.0,4343.589844,4333.333496,4349.230957,4358.717773,4331.794922,4333.589844,4360.769043,4354.871582,4340.384766,4323.974121,4494.871582,4533.589844,4397.05127,4459.615234,,,,,,,,,,,,,,,,,,,,,,,,,,,,,,,,,,,,,,,,,,,,,,,,,,,,,,,,,,,,,,,,,,,,,,
1768920144.387371,1768920144.387439,119.0,0.0,4340.128418,4333.461426,4342.05127,4356.025879,4321.410156,4340.641113,4369.871582,4357.94873,4339.102539,4318.717773,4498.077148,4529.358887,4393.333496,4457.692383,,,,,,,,,,,,,,,,,,,,,,,,,,,,,,,,,,,,,,,,,,,,,,,,,,,,,,,,,,,,,,,,,,,,,,
1768920144.395179,1768920144.395047,120.0,0.0,4342.436035,4328.717773,4348.717773,4353.974121,4324.358887,4343.461426,4374.871582,4358.077148,4340.641113,4317.94873,4505.897461,4537.05127,4401.282227,4463.589844,,,,,,,,,,,,,,,,,,,,,,,,,,,,,,,,,,,,,,,,,,,,,,,,,,,,,,,,,,,,,,,,,,,,,,
1768920144.402988,1768920144.402855,121.0,0.0,4349.743652,4331.410156,4353.461426,4355.0,4334.743652,4335.0,4364.615234,4345.769043,4333.077148,4316.282227,4500.384766,4542.179688,4403.205078,4467.692383,,,,,,,,,,,,,,,,,,,,,,,,,,,,,,,,,,,,,,,,,,,,,,,,,,,,,,,,,,,,,,,,,,,,,,
1768920144.410797,1768920144.410564,122.0,0.0,4352.436035,4337.820313,4350.384766,4358.461426,4335.769043,4325.641113,4354.102539,4340.512695,4324.487305,4315.128418,4495.641113,4539.615234,4398.846191,4468.589844,,,,,,,,,,,,,,,,,,,,,,,,,,,,,,,,,,,,,,,,,,,,,,,,,,,,,,,,,,,,,,,,,,,,,,
1768920144.418605,1768920144.418372,123.0,0.0,4342.692383,4332.05127,4345.256348,4356.922852,4331.410156,4327.05127,4354.871582,4348.461426,4328.846191,4315.256348,4495.256348,4533.205078,4395.128418,4462.307617,,,,,,,,,,,,,,,,,,,,,,,,,,,,,,,,,,,,,,,,,,,,,,,,,,,,,,,,,,,,,,,,,,,,,,
1768920144.426413,1768920144.42638,124.0,0.0,4334.102539,4324.487305,4343.589844,4354.871582,4330.769043,4336.922852,4360.0,4355.769043,4336.794922,4315.256348,4495.384766,4531.538574,4394.743652,4459.230957,,,,,,,,,,,,,,,,,,,,,,,,,,,,,,,,,,,,,,,,,,,,,,,,,,,,,,,,,,,,,,,,,,,,,,
1768920144.434222,1768920144.434188,125.0,0.0,4337.563965,4330.0,4349.743652,4357.692383,4333.846191,4343.333496,4364.615234,4357.563965,4341.666504,4313.846191,4502.94873,4539.358887,4398.846191,4465.641113,,,,,,,,,,,,,,,,,,,,,,,,,,,,,,,,,,,,,,,,,,,,,,,,,,,,,,,,,,,,,,,,,,,,,,
1768920144.442031,1768920144.442097,126.0,0.0,4344.230957,4335.384766,4355.897461,4359.743652,4335.0,4338.333496,4365.769043,4357.820313,4342.05127,4312.05127,4510.512695,4543.717773,4402.307617,4467.94873,,,,,,,,,,,,,,,,,,,,,,,,,,,,,,,,,,,,,,,,,,,,,,,,,,,,,,,,,,,,,,,,,,,,,,
1768920144.449839,1768920144.449905,127.0,0.0,4342.820313,4330.512695,4349.230957,4355.0,4334.615234,4334.871582,4362.820313,4355.897461,4334.871582,4315.512695,4503.589844,4536.794922,4399.358887,4465.512695,,,,,,,,,,,,,,,,,,,,,,,,,,,,,,,,,,,,,,,,,,,,,,,,,,,,,,,,,,,,,,,,,,,,,,
1768920144.457648,1768920144.457913,0.0,0.0,4336.794922,4324.743652,4342.820313,4353.717773,4338.717773,4342.05127,4364.102539,4356.666504,4334.871582,4322.05127,4500.512695,4534.358887,4399.743652,4466.794922,0.752883,0.738362,0.141722,0.295315,0.110489,0.349549,0.676391,0.171852,0.26994,0.094507,0.722821,0.622382,0.210267,0.172939,0.123549,0.452595,0.430219,0.257121,0.241644,0.082669,0.381448,0.385557,0.187937,0.113324,0.076956,0.148734,0.369076,0.131532,0.173249,0.171393,0.279338,0.506825,0.06908,0.237865,0.276476,0.302845,0.418982,0.099563,0.213589,0.163313,0.231076,0.599603,0.088654,0.113913,0.18845,0.770594,0.681709,0.206411,0.192015,0.143137,1.082789,0.812784,0.359325,0.238226,0.16911,1.755622,0.976873,0.402169,0.475652,0.237049,0.996469,0.670675,0.295088,0.323451,0.15309,1.441139,0.761252,0.257736,0.430792,0.197608
1768920144.465456,1768920144.465722,1.0,0.0,4340.897461,4329.102539,4350.384766,4360.897461,4340.512695,4345.256348,4366.410156,4361.794922,4343.333496,4322.436035,4505.769043,4538.461426,4405.0,4465.641113,,,,,,,,,,,,,,,,,,,,,,,,,,,,,,,,,,,,,,,,,,,,,,,,,,,,,,,,,,,,,,,,,,,,,,
1768920144.473265,1768920144.47343,2.0,0.0,4348.077148,4337.179688,4359.102539,4363.974121,4331.282227,4335.897461,4359.230957,4358.333496,4341.794922,4321.153809,4507.179688,4538.077148,4407.05127,4460.641113,,,,,,,,,,,,,,,,,,,,,,,,,,,,,,,,,,,,,,,,,,,,,,,,,,,,,,,,,,,,,,,,,,,,,,
1768920144.481073,1768920144.481238,3.0,0.0,4345.641113,4338.846191,4353.333496,4357.436035,4325.512695,4328.461426,4348.717773,4349.871582,4332.820313,4322.563965,4506.025879,4537.179688,4405.512695,4461.666504,,,,,,,,,,,,,,,,,,,,,,,,,,,,,,,,,,,,,,,,,,,,,,,,,,,,,,,,,,,,,,,,,,,,,,
1768920144.488882,1768920144.489247,4.0,0.0,4340.0,4339.102539,4346.410156,4355.128418,4336.025879,4333.077148,4350.256348,4355.128418,4336.794922,4326.922852,4505.128418,4540.384766,4404.871582,4464.487305,,,,,,,,,,,,,,,,,,,,,,,,,,,,,,,,,,,,,,,,,,,,,,,,,,,,,,,,,,,,,,,,,,,,,,
1768920144.49669,1768920144.497055,5.0,0.0,4337.563965,4338.589844,4352.820313,4358.205078,4344.871582,4342.179688,4361.666504,4367.179688,4349.487305,4328.461426,4508.974121,4543.846191,4408.589844,4464.230957,,,,,,,,,,,,,,,,,,,,,,,,,,,,,,,,,,,,,,,,,,,,,,,,,,,,,,,,,,,,,,,,,,,,,,
1768920144.504499,1768920144.504963,6.0,0.0,4334.230957,4332.820313,4356.282227,4357.307617,4341.410156,4344.102539,4362.05127,4364.615234,4347.692383,4326.025879,4511.410156,4543.205078,4414.358887,4462.179688,,,,,,,,,,,,,,,,,,,,,,,,,,,,,,,,,,,,,,,,,,,,,,,,,,,,,,,,,,,,,,,,,,,,,,
1768920144.512307,1768920144.512772,7.0,0.0,4333.077148,4328.974121,4347.820313,4356.410156,4332.179688,4335.256348,4348.205078,4352.307617,4336.153809,4325.0,4507.436035,4538.717773,4413.717773,4458.846191,,,,,,,,,,,,,,,,,,,,,,,,,,,,,,,,,,,,,,,,,,,,,,,,,,,,,,,,,,,,,,,,,,,,,,
1768920144.520116,1768920144.520381,8.0,0.0,4334.743652,4331.794922,4343.974121,4357.436035,4325.769043,4323.589844,4338.333496,4348.461426,4333.333496,4325.897461,4507.179688,4534.615234,4412.436035,4459.358887,,,,,,,,,,,,,,,,,,,,,,,,,,,,,,,,,,,,,,,,,,,,,,,,,,,,,,,,,,,,,,,,,,,,,,
1768920144.527924,1768920144.528189,9.0,0.0,4337.436035,4337.94873,4353.077148,4360.0,4330.897461,4323.461426,4340.128418,4352.05127,4333.205078,4323.589844,4511.282227,4536.794922,4416.666504,4461.922852,,,,,,,,,,,,,,,,,,,,,,,,,,,,,,,,,,,,,,,,,,,,,,,,,,,,,,,,,,,,,,,,,,,,,,
1768920144.535733,1768920144.535898,10.0,0.0,4341.538574,4339.615234,4356.922852,4363.846191,4340.256348,4334.230957,4346.282227,4355.0,4331.282227,4319.102539,4504.358887,4543.333496,4408.461426,4460.641113,,,,,,,,,,,,,,,,,,,,,,,,,,,,,,,,,,,,,,,,,,,,,,,,,,,,,,,,,,,,,,,,,,,,,,
1768920144.543541,1768920144.543706,11.0,0.0,4339.743652,4336.025879,4349.487305,4363.846191,4338.461426,4340.128418,4348.589844,4357.436035,4334.230957,4320.641113,4496.922852,4541.153809,4397.692383,4458.077148,,,,,,,,,,,,,,,,,,,,,,,,,,,,,,,,,,,,,,,,,,,,,,,,,,,,,,,,,,,,,,,,,,,,,,
1768920144.55135,1768920144.551714,12.0,0.0,4336.538574,4337.05127,4350.897461,4365.769043,4335.641113,4338.461426,4347.94873,4358.974121,4336.922852,4326.282227,4502.94873,4533.974121,4406.666504,4462.05127,,,,,,,,,,,,,,,,,,,,,,,,,,,,,,,,,,,,,,,,,,,,,,,,,,,,,,,,,,,,,,,,,,,,,,
1768920144.559158,1768920144.559523,13.0,0.0,4341.153809,4341.025879,4360.512695,4367.563965,4340.384766,4337.94873,4348.461426,4360.512695,4336.538574,4328.974121,4510.384766,4539.358887,4417.820313,4468.461426,,,,,,,,,,,,,,,,,,,,,,,,,,,,,,,,,,,,,,,,,,,,,,,,,,,,,,,,,,,,,,,,,,,,,,
1768920144.566967,1768920144.567232,14.0,0.0,4342.05127,4334.615234,4358.974121,4360.256348,4335.897461,4341.025879,4346.922852,4366.025879,4341.153809,4328.461426,4508.974121,4546.153809,4415.256348,4465.384766,,,,,,,,,,,,,,,,,,,,,,,,,,,,,,,,,,,,,,,,,,,,,,,,,,,,,,,,,,,,,,,,,,,,,,
1768920144.574775,1768920144.57504,15.0,0.0,4337.563965,4329.487305,4352.05127,4357.307617,4327.94873,4341.538574,4342.05127,4365.512695,4342.307617,4325.0,4502.05127,4537.692383,4407.94873,4456.025879,,,,,,,,,,,,,,,,,,,,,,,,,,,,,,,,,,,,,,,,,,,,,,,,,,,,,,,,,,,,,,,,,,,,,,
1768920144.582584,1768920144.582649,16.0,0.0,4342.05127,4339.102539,4355.384766,4367.563965,4333.589844,4342.820313,4346.538574,4360.512695,4338.205078,4321.666504,4498.846191,4534.743652,4406.410156,4459.487305,0.819085,0.687409,0.113743,0.267967,0.106504,0.387139,0.640489,0.154485,0.23696,0.088135,0.706929,0.559568,0.193788,0.159702,0.12105,0.446744,0.410819,0.222226,0.239984,0.082194,0.397219,0.413629,0.158177,0.116815,0.071605,0.160594,0.40962,0.129858,0.194219,0.154402,0.348129,0.537772,0.083911,0.241189,0.254796,0.365227,0.418561,0.07548,0.240504,0.161121,0.269707,0.615575,0.083694,0.129412,0.199477,0.67362,0.738846,0.218128,0.185717,0.146157,0.985213,0.740934,0.293435,0.235318,0.162641,1.725188,0.814462,0.318002,0.475648,0.238148,0.969986,0.669441,0.264442,0.314419,0.15122,1.342561,0.6606,0.192883,0.429391,0.197215
1768920144.590392,1768920144.590457,17.0,0.0,4348.077148,4343.846191,4359.615234,4368.589844,4339.743652,4342.692383,4352.307617,4366.153809,4343.333496,4324.871582,4504.102539,4547.05127,4411.282227,4475.0,,,,,,,,,,,,,,,,,,,,,,,,,,,,,,,,,,,,,,,,,,,,,,,,,,,,,,,,,,,,,,,,,,,,,,
1768920144.598201,1768920144.598166,18.0,0.0,4344.102539,4337.179688,4355.128418,4359.102539,4338.077148,4341.153809,4345.897461,4370.897461,4347.179688,4329.487305,4510.897461,4550.128418,4416.794922,4477.179688,,,,,,,,,,,,,,,,,,,,,,,,,,,,,,,,,,,,,,,,,,,,,,,,,,,,,,,,,,,,,,,,,,,,,,
1768920144.606009,1768920144.605974,19.0,0.0,4340.256348,4337.94873,4349.743652,4356.666504,4332.563965,4343.461426,4339.871582,4361.153809,4340.384766,4327.563965,4509.358887,4541.153809,4414.487305,4464.230957,,,,,,,,,,,,,,,,,,,,,,,,,,,,,,,,,,,,,,,,,,,,,,,,,,,,,,,,,,,,,,,,,,,,,,
1768920144.613818,1768920144.613982,20.0,0.0,4341.666504,4341.922852,4350.128418,4357.94873,4328.717773,4346.025879,4342.307617,4355.769043,4336.666504,4324.871582,4506.025879,4536.410156,4409.743652,4460.769043,,,,,,,,,,,,,,,,,,,,,,,,,,,,,,,,,,,,,,,,,,,,,,,,,,,,,,,,,,,,,,,,,,,,,,
1768920144.621627,1768920144.621791,21.0,0.0,4345.128418,4339.615234,4352.692383,4360.512695,4330.769043,4342.436035,4342.692383,4363.589844,4340.512695,4329.743652,4507.436035,4540.769043,4409.743652,4470.641113,,,,,,,,,,,,,,,,,,,,,,,,,,,,,,,,,,,,,,,,,,,,,,,,,,,,,,,,,,,,,,,,,,,,,,
1768920144.629435,1768920144.6297,22.0,0.0,4347.05127,4341.025879,4355.512695,4362.563965,4336.666504,4335.384766,4333.974121,4366.666504,4345.128418,4335.384766,4509.743652,4549.230957,4411.922852,4477.179688,,,,,,,,,,,,,,,,,,,,,,,,,,,,,,,,,,,,,,,,,,,,,,,,,,,,,,,,,,,,,,,,,,,,,,
1768920144.637243,1768920144.637508,23.0,0.0,4347.436035,4343.205078,4357.692383,4359.358887,4336.922852,4335.128418,4329.871582,4362.307617,4343.077148,4331.794922,4509.230957,4550.0,4412.307617,4470.384766,,,,,,,,,,,,,,,,,,,,,,,,,,,,,,,,,,,,,,,,,,,,,,,,,,,,,,,,,,,,,,,,,,,,,,
1768920144.645052,1768920144.645516,24.0,0.0,4346.666504,4340.384766,4354.358887,4356.922852,4332.05127,4341.666504,4336.666504,4362.563965,4338.717773,4324.358887,4504.487305,4540.128418,4409.615234,4458.589844,,,,,,,,,,,,,,,,,,,,,,,,,,,,,,,,,,,,,,,,,,,,,,,,,,,,,,,,,,,,,,,,,,,,,,
1768920144.652861,1768920144.653325,25.0,0.0,4344.615234,4339.358887,4349.743652,4359.487305,4332.05127,4344.871582,4344.358887,4370.256348,4342.563965,4325.897461,4503.717773,4534.871582,4409.871582,4453.717773,,,,,,,,,,,,,,,,,,,,,,,,,,,,,,,,,,,,,,,,,,,,,,,,,,,,,,,,,,,,,,,,,,,,,,
1768920144.660669,1768920144.661233,26.0,0.0,4346.153809,4340.256348,4353.205078,4362.05127,4335.897461,4341.666504,4341.282227,4371.410156,4347.179688,4331.025879,4507.563965,4539.487305,4411.153809,4456.666504,,,,,,,,,,,,,,,,,,,,,,,,,,,,,,,,,,,,,,,,,,,,,,,,,,,,,,,,,,,,,,,,,,,,,,
1768920144.668478,1768920144.669042,27.0,0.0,4350.512695,4340.0,4358.461426,4363.333496,4338.461426,4340.0,4333.717773,4363.077148,4342.05127,4327.563965,4508.077148,4545.256348,4410.512695,4466.025879,,,,,,,,,,,,,,,,,,,,,,,,,,,,,,,,,,,,,,,,,,,,,,,,,,,,,,,,,,,,,,,,,,,,,,
1768920144.676286,1768920144.67665,28.0,0.0,4351.025879,4340.897461,4358.461426,4367.307617,4339.615234,4343.333496,4336.025879,4362.94873,4337.436035,4322.05127,4506.282227,4545.0,4411.025879,4472.05127,,,,,,,,,,,,,,,,,,,,,,,,,,,,,,,,,,,,,,,,,,,,,,,,,,,,,,,,,,,,,,,,,,,,,,
1768920144.684095,1768920144.684458,29.0,0.0,4351.410156,4344.230957,4360.384766,4369.102539,4339.615234,4342.94873,4338.846191,4371.794922,4342.563965,4325.0,4507.179688,4544.487305,4412.436035,4466.922852,,,,,,,,,,,,,,,,,,,,,,,,,,,,,,,,,,,,,,,,,,,,,,,,,,,,,,,,,,,,,,,,,,,,,,
1768920144.691903,1768920144.692367,30.0,0.0,4357.820313,4350.256348,4366.410156,4368.205078,4337.307617,4341.922852,4340.384766,4370.897461,4344.358887,4328.205078,4509.871582,4549.487305,4413.205078,4464.871582,,,,,,,,,,,,,,,,,,,,,,,,,,,,,,,,,,,,,,,,,,,,,,,,,,,,,,,,,,,,,,,,,,,,,,
1768920144.699712,1768920144.700175,31.0,0.0,4358.846191,4355.641113,4365.897461,4370.641113,4336.666504,4346.025879,4342.05127,4363.077148,4339.615234,4324.358887,4509.871582,4550.0,4413.077148,4470.897461,,,,,,,,,,,,,,,,,,,,,,,,,,,,,,,,,,,,,,,,,,,,,,,,,,,,,,,,,,,,,,,,,,,,,,
1768920144.70752,1768920144.708183,32.0,0.0,4352.94873,4354.102539,4359.743652,4371.794922,4342.05127,4346.538574,4336.922852,4361.410156,4338.077148,4323.589844,4507.692383,4543.461426,4412.436035,4474.230957,0.830804,0.601353,0.106034,0.226794,0.109353,0.454648,0.572953,0.138474,0.199046,0.083432,0.645646,0.483323,0.180232,0.145414,0.127531,0.411518,0.385209,0.177915,0.224821,0.086399,0.3816,0.404535,0.126068,0.121518,0.072083,0.176129,0.446719,0.129585,0.215162,0.150809,0.423904,0.578046,0.101315,0.243875,0.242174,0.4166,0.419983,0.058172,0.26301,0.162017,0.316439,0.600645,0.076929,0.1498,0.204812,0.586942,0.742532,0.208734,0.176764,0.151159,0.877819,0.63049,0.226746,0.236068,0.154654,1.55593,0.639752,0.253811,0.440141,0.240307,0.926677,0.623304,0.22399,0.302203,0.146506,1.126918,0.529246,0.14935,0.393436,0.193908
1768920144.715329,1768920144.715992,33.0,0.0,4354.615234,4350.897461,4356.410156,4368.717773,4342.94873,4341.410156,4326.794922,4361.282227,4341.282227,4330.641113,4508.205078,4542.94873,4414.358887,4472.94873,,,,,,,,,,,,,,,,,,,,,,,,,,,,,,,,,,,,,,,,,,,,,,,,,,,,,,,,,,,,,,,,,,,,,,
1768920144.723137,1768920144.7237,34.0,0.0,4356.922852,4349.615234,4355.512695,4365.128418,4337.307617,4337.436035,4323.205078,4359.743652,4340.769043,4332.179688,4509.487305,4544.871582,4415.0,4471.410156,,,,,,,,,,,,,,,,,,,,,,,,,,,,,,,,,,,,,,,,,,,,,,,,,,,,,,,,,,,,,,,,,,,,,,
1768920144.730946,1768920144.731509,35.0,0.0,4349.230957,4345.512695,4352.307617,4360.769043,4334.230957,4333.205078,4326.153809,4359.358887,4333.717773,4325.384766,4507.179688,4538.717773,4408.461426,4466.922852,,,,,,,,,,,,,,,,,,,,,,,,,,,,,,,,,,,,,,,,,,,,,,,,,,,,,,,,,,,,,,,,,,,,,,
1768920144.738754,1768920144.739117,36.0,0.0,4345.641113,4341.153809,4348.461426,4357.563965,4332.563965,4332.692383,4326.153809,4358.974121,4331.153809,4321.922852,4506.282227,4535.641113,4405.897461,4463.846191,,,,,,,,,,,,,,,,,,,,,,,,,,,,,,,,,,,,,,,,,,,,,,,,,,,,,,,,,,,,,,,,,,,,,,
1768920144.746563,1768920144.746926,37.0,0.0,4349.487305,4340.512695,4348.846191,4362.436035,4329.358887,4340.769043,4327.179688,4357.563965,4331.282227,4325.0,4509.102539,4542.436035,4411.282227,4469.871582,,,,,,,,,,,,,,,,,,,,,,,,,,,,,,,,,,,,,,,,,,,,,,,,,,,,,,,,,,,,,,,,,,,,,,
1768920144.754371,1768920144.754834,38.0,0.0,4349.230957,4343.205078,4350.897461,4365.897461,4327.179688,4342.05127,4329.358887,4357.94873,4330.512695,4326.666504,4509.102539,4545.641113,4412.307617,4470.0,,,,,,,,,,,,,,,,,,,,,,,,,,,,,,,,,,,,,,,,,,,,,,,,,,,,,,,,,,,,,,,,,,,,,,
1768920144.76218,1768920144.762643,39.0,0.0,4348.077148,4346.666504,4349.871582,4361.922852,4329.358887,4334.358887,4328.077148,4366.153809,4339.743652,4326.410156,4508.461426,4542.563965,4410.512695,4463.846191,,,,,,,,,,,,,,,,,,,,,,,,,,,,,,,,,,,,,,,,,,,,,,,,,,,,,,,,,,,,,,,,,,,,,,
1768920144.769988,1768920144.770251,40.0,0.0,4351.922852,4346.794922,4351.538574,4363.717773,4331.282227,4336.282227,4327.94873,4371.153809,4343.974121,4326.025879,4511.282227,4538.461426,4412.692383,4465.769043,,,,,,,,,,,,,,,,,,,,,,,,,,,,,,,,,,,,,,,,,,,,,,,,,,,,,,,,,,,,,,,,,,,,,,
1768920144.777797,1768920144.77806,41.0,0.0,4352.436035,4347.05127,4357.820313,4367.820313,4329.102539,4341.282227,4327.179688,4363.461426,4333.205078,4324.743652,4509.230957,4536.922852,4412.179688,4470.0,,,,,,,,,,,,,,,,,,,,,,,,,,,,,,,,,,,,,,,,,,,,,,,,,,,,,,,,,,,,,,,,,,,,,,
1768920144.785605,1768920144.785768,42.0,0.0,4352.179688,4351.153809,4359.358887,4364.102539,4328.205078,4336.410156,4326.922852,4358.589844,4331.153809,4324.487305,4507.820313,4542.307617,4409.871582,4470.641113,,,,,,,,,,,,,,,,,,,,,,,,,,,,,,,,,,,,,,,,,,,,,,,,,,,,,,,,,,,,,,,,,,,,,,
1768920144.793414,1768920144.793576,43.0,0.0,4351.153809,4347.05127,4354.102539,4359.358887,4330.769043,4335.256348,4327.94873,4363.717773,4338.333496,4324.358887,4513.077148,4547.692383,4413.717773,4471.410156,,,,,,,,,,,,,,,,,,,,,,,,,,,,,,,,,,,,,,,,,,,,,,,,,,,,,,,,,,,,,,,,,,,,,,
1768920144.801222,1768920144.801585,44.0,0.0,4343.846191,4333.077148,4346.282227,4355.512695,4331.025879,4338.974121,4328.333496,4365.897461,4330.769043,4323.589844,4513.846191,4540.769043,4413.589844,4468.717773,,,,,,,,,,,,,,,,,,,,,,,,,,,,,,,,,,,,,,,,,,,,,,,,,,,,,,,,,,,,,,,,,,,,,,
1768920144.809031,1768920144.809393,45.0,0.0,4344.102539,4331.794922,4341.794922,4354.743652,4328.333496,4334.102539,4327.05127,4363.333496,4322.563965,4324.102539,4505.769043,4530.256348,4404.358887,4460.0,,,,,,,,,,,,,,,,,,,,,,,,,,,,,,,,,,,,,,,,,,,,,,,,,,,,,,,,,,,,,,,,,,,,,,
1768920144.816839,1768920144.817101,46.0,0.0,4352.820313,4342.563965,4347.05127,4358.205078,4329.615234,4328.717773,4325.641113,4364.230957,4331.538574,4326.410156,4504.230957,4534.487305,4405.384766,4463.846191,,,,,,,,,,,,,,,,,,,,,,,,,,,,,,,,,,,,,,,,,,,,,,,,,,,,,,,,,,,,,,,,,,,,,,
1768920144.824648,1768920144.824909,47.0,0.0,4355.641113,4346.666504,4352.436035,4359.230957,4331.922852,4329.743652,4324.743652,4365.384766,4334.743652,4327.692383,4518.589844,4544.615234,4420.641113,4476.410156,,,,,,,,,,,,,,,,,,,,,,,,,,,,,,,,,,,,,,,,,,,,,,,,,,,,,,,,,,,,,,,,,,,,,,
1768920144.832456,1768920144.832918,48.0,0.0,4353.717773,4343.205078,4344.743652,4355.512695,4330.256348,4328.077148,4323.717773,4361.922852,4326.282227,4325.128418,4524.102539,4542.307617,4424.102539,4477.692383,0.775999,0.50524,0.121826,0.182792,0.122042,0.550538,0.492318,0.126131,0.165913,0.084086,0.56077,0.406384,0.17046,0.137064,0.146905,0.361208,0.359917,0.134299,0.202903,0.096312,0.339456,0.363691,0.098458,0.13164,0.078471,0.19434,0.47264,0.129446,0.237107,0.161525,0.47559,0.61083,0.117793,0.257502,0.241281,0.439025,0.436453,0.049911,0.284989,0.169237,0.357316,0.576604,0.074682,0.175636,0.207637,0.518187,0.705043,0.182338,0.169692,0.156728,0.761349,0.507717,0.172196,0.242572,0.148999,1.288151,0.48104,0.203677,0.378845,0.249158,0.863741,0.550854,0.18739,0.297087,0.140261,0.857754,0.398511,0.127095,0.334891,0.193084
1768920144.840265,1768920144.840726,49.0,0.0,4354.230957,4340.256348,4338.333496,4353.461426,4329.102539,4331.666504,4330.512695,4361.282227,4328.974121,4325.769043,4513.461426,4536.538574,4413.846191,4473.717773,,,,,,,,,,,,,,,,,,,,,,,,,,,,,,,,,,,,,,,,,,,,,,,,,,,,,,,,,,,,,,,,,,,,,,
1768920144.848073,1768920144.848635,50.0,0.0,4354.615234,4341.538574,4345.128418,4355.384766,4328.717773,4340.641113,4334.871582,4365.512695,4336.922852,4323.974121,4506.794922,4533.974121,4405.384766,4465.384766,,,,,,,,,,,,,,,,,,,,,,,,,,,,,,,,,,,,,,,,,,,,,,,,,,,,,,,,,,,,,,,,,,,,,,
1768920144.855882,1768920144.856443,51.0,0.0,4355.384766,4342.94873,4351.282227,4357.692383,4328.974121,4338.205078,4328.974121,4363.461426,4331.153809,4316.153809,4503.205078,4525.128418,4401.922852,4457.436035,,,,,,,,,,,,,,,,,,,,,,,,,,,,,,,,,,,,,,,,,,,,,,,,,,,,,,,,,,,,,,,,,,,,,,
1768920144.863691,1768920144.864451,52.0,0.0,4355.897461,4341.922852,4350.641113,4357.563965,4332.692383,4333.589844,4326.922852,4357.563965,4322.436035,4312.436035,4499.743652,4521.025879,4400.512695,4459.871582,,,,,,,,,,,,,,,,,,,,,,,,,,,,,,,,,,,,,,,,,,,,,,,,,,,,,,,,,,,,,,,,,,,,,,
1768920144.871499,1768920144.87226,53.0,0.0,4355.256348,4341.410156,4347.94873,4357.05127,4333.333496,4340.128418,4331.153809,4361.538574,4326.922852,4316.410156,4505.512695,4528.846191,4402.179688,4466.153809,,,,,,,,,,,,,,,,,,,,,,,,,,,,,,,,,,,,,,,,,,,,,,,,,,,,,,,,,,,,,,,,,,,,,,
1768920144.879308,1768920144.880168,54.0,0.0,4358.717773,4343.589844,4345.0,4359.358887,4328.461426,4342.05127,4330.512695,4368.333496,4330.897461,4317.563965,4509.230957,4530.769043,4403.717773,4464.615234,,,,,,,,,,,,,,,,,,,,,,,,,,,,,,,,,,,,,,,,,,,,,,,,,,,,,,,,,,,,,,,,,,,,,,
1768920144.887116,1768920144.887976,55.0,0.0,4357.179688,4341.025879,4342.05127,4359.102539,4327.563965,4333.077148,4327.05127,4362.820313,4323.333496,4309.358887,4494.743652,4520.0,4396.666504,4457.179688,,,,,,,,,,,,,,,,,,,,,,,,,,,,,,,,,,,,,,,,,,,,,,,,,,,,,,,,,,,,,,,,,,,,,,
1768920144.894925,1768920144.895585,56.0,0.0,4349.615234,4335.256348,4341.410156,4355.384766,4331.922852,4331.282227,4329.102539,4355.384766,4317.563965,4306.538574,4486.410156,4515.512695,4392.692383,4454.358887,,,,,,,,,,,,,,,,,,,,,,,,,,,,,,,,,,,,,,,,,,,,,,,,,,,,,,,,,,,,,,,,,,,,,,
1768920144.902733,1768920144.903394,57.0,0.0,4351.410156,4338.077148,4342.820313,4356.025879,4332.563965,4336.410156,4328.717773,4357.94873,4320.769043,4315.897461,4500.128418,4522.692383,4403.846191,4460.512695,,,,,,,,,,,,,,,,,,,,,,,,,,,,,,,,,,,,,,,,,,,,,,,,,,,,,,,,,,,,,,,,,,,,,,
1768920144.910542,1768920144.911102,58.0,0.0,4357.563965,4345.128418,4344.358887,4358.717773,4332.563965,4336.153809,4323.333496,4358.974121,4323.846191,4322.94873,4509.743652,4527.820313,4411.153809,4465.769043,,,,,,,,,,,,,,,,,,,,,,,,,,,,,,,,,,,,,,,,,,,,,,,,,,,,,,,,,,,,,,,,,,,,,,
1768920144.91835,1768920144.918911,59.0,0.0,4356.282227,4345.641113,4343.974121,4360.384766,4332.05127,4334.487305,4322.179688,4357.05127,4320.641113,4321.153809,4501.794922,4527.563965,4400.384766,4461.153809,,,,,,,,,,,,,,,,,,,,,,,,,,,,,,,,,,,,,,,,,,,,,,,,,,,,,,,,,,,,,,,,,,,,,,
1768920144.926159,1768920144.926519,60.0,0.0,4350.384766,4340.0,4340.641113,4357.563965,4328.333496,4332.05127,4325.256348,4363.077148,4319.871582,4316.025879,4496.025879,4524.102539,4393.333496,4455.0,,,,,,,,,,,,,,,,,,,,,,,,,,,,,,,,,,,,,,,,,,,,,,,,,,,,,,,,,,,,,,,,,,,,,,
1768920144.933967,1768920144.934328,61.0,0.0,4348.205078,4336.666504,4339.743652,4351.666504,4327.820313,4327.436035,4326.410156,4368.589844,4326.025879,4315.384766,4501.282227,4522.436035,4398.974121,4455.769043,,,,,,,,,,,,,,,,,,,,,,,,,,,,,,,,,,,,,,,,,,,,,,,,,,,,,,,,,,,,,,,,,,,,,,
1768920144.941776,1768920144.942036,62.0,0.0,4350.256348,4336.282227,4340.512695,4353.461426,4329.230957,4327.692383,4326.153809,4363.461426,4325.256348,4314.102539,4500.897461,4523.717773,4397.94873,4458.974121,,,,,,,,,,,,,,,,,,,,,,,,,,,,,,,,,,,,,,,,,,,,,,,,,,,,,,,,,,,,,,,,,,,,,,
1768920144.949584,1768920144.949845,63.0,0.0,4348.846191,4335.769043,4340.384766,4356.410156,4327.05127,4330.769043,4325.769043,4357.307617,4316.666504,4311.666504,4494.230957,4525.0,4394.487305,4461.538574,,,,,,,,,,,,,,,,,,,,,,,,,,,,,,,,,,,,,,,,,,,,,,,,,,,,,,,,,,,,,,,,,,,,,,
1768920144.957393,1768920144.957853,64.0,0.0,4340.769043,4336.538574,4339.230957,4351.538574,4329.230957,4330.769043,4322.563965,4359.230957,4315.512695,4307.436035,4492.94873,4521.153809,4398.461426,4459.102539,0.680483,0.418248,0.154709,0.147686,0.143578,0.6503,0.414025,0.118557,0.144883,0.091787,0.472509,0.340981,0.162637,0.138495,0.179144,0.316723,0.340013,0.100031,0.18169,0.110375,0.284779,0.306938,0.079521,0.150701,0.088644,0.210788,0.481786,0.126586,0.261227,0.181449,0.489481,0.624671,0.129779,0.289496,0.248002,0.418171,0.471438,0.051605,0.307963,0.183253,0.377732,0.559607,0.085021,0.204468,0.210623,0.463483,0.642922,0.150101,0.16676,0.161219,0.639093,0.393884,0.140879,0.257039,0.148524,0.974599,0.352306,0.164679,0.311691,0.266392,0.781897,0.473628,0.165546,0.306318,0.135852,0.614813,0.293234,0.121616,0.275509,0.199363
1768920144.965201,1768920144.965661,65.0,0.0,4333.333496,4331.538574,4336.666504,4346.025879,4331.666504,4329.487305,4321.153809,4360.256348,4321.794922,4305.0,4490.512695,4514.871582,4396.666504,4450.384766,,,,,,,,,,,,,,,,,,,,,,,,,,,,,,,,,,,,,,,,,,,,,,,,,,,,,,,,,,,,,,,,,,,,,,
1768920144.97301,1768920144.97357,66.0,0.0,4336.282227,4326.410156,4336.666504,4348.846191,4328.461426,4332.05127,4326.410156,4360.769043,4328.589844,4317.05127,4493.461426,4519.102539,4392.94873,4447.307617,,,,,,,,,,,,,,,,,,,,,,,,,,,,,,,,,,,,,,,,,,,,,,,,,,,,,,,,,,,,,,,,,,,,,,
1768920144.980818,1768920144.981378,67.0,0.0,4347.820313,4336.666504,4347.179688,4356.410156,4334.102539,4337.94873,4330.897461,4367.563965,4337.820313,4337.307617,4511.666504,4536.410156,4403.717773,4459.487305,,,,,,,,,,,,,,,,,,,,,,,,,,,,,,,,,,,,,,,,,,,,,,,,,,,,,,,,,,,,,,,,,,,,,,
1768920144.988627,1768920144.988987,68.0,0.0,4353.974121,4348.205078,4356.538574,4360.512695,4341.410156,4342.563965,4330.256348,4373.846191,4345.128418,4342.05127,4527.820313,4552.307617,4420.897461,4474.871582,,,,,,,,,,,,,,,,,,,,,,,,,,,,,,,,,,,,,,,,,,,,,,,,,,,,,,,,,,,,,,,,,,,,,,
1768920144.996435,1768920144.996795,69.0,0.0,4350.769043,4346.282227,4350.512695,4357.692383,4331.025879,4339.743652,4329.358887,4371.282227,4342.692383,4330.641113,4525.256348,4551.282227,4422.05127,4474.487305,,,,,,,,,,,,,,,,,,,,,,,,,,,,,,,,,,,,,,,,,,,,,,,,,,,,,,,,,,,,,,,,,,,,,,
1768920145.004244,1768920145.004503,70.0,0.0,4347.94873,4343.205078,4345.384766,4354.871582,4325.0,4334.230957,4325.384766,4365.769043,4335.512695,4324.230957,4513.461426,4542.05127,4412.820313,4465.256348,,,,,,,,,,,,,,,,,,,,,,,,,,,,,,,,,,,,,,,,,,,,,,,,,,,,,,,,,,,,,,,,,,,,,,
1768920145.012052,1768920145.012311,71.0,0.0,4350.256348,4344.871582,4350.384766,4358.589844,4331.794922,4330.641113,4314.743652,4364.230957,4330.641113,4321.666504,4508.974121,4540.0,4411.922852,4462.179688,,,,,,,,,,,,,,,,,,,,,,,,,,,,,,,,,,,,,,,,,,,,,,,,,,,,,,,,,,,,,,,,,,,,,,
1768920145.019861,1768920145.02032,72.0,0.0,4351.153809,4342.307617,4353.077148,4358.333496,4331.153809,4325.0,4310.0,4362.179688,4326.153809,4316.153809,4509.615234,4541.282227,4412.692383,4463.077148,,,,,,,,,,,,,,,,,,,,,,,,,,,,,,,,,,,,,,,,,,,,,,,,,,,,,,,,,,,,,,,,,,,,,,
1768920145.027669,1768920145.028128,73.0,0.0,4350.512695,4340.0,4353.461426,4356.666504,4330.512695,4330.256348,4318.974121,4360.897461,4324.743652,4314.871582,4507.820313,4544.615234,4408.461426,4461.794922,,,,,,,,,,,,,,,,,,,,,,,,,,,,,,,,,,,,,,,,,,,,,,,,,,,,,,,,,,,,,,,,,,,,,,
1768920145.035478,1768920145.036036,74.0,0.0,4353.461426,4344.230957,4358.717773,4358.589844,4335.256348,4342.692383,4323.205078,4361.025879,4324.358887,4315.128418,4507.05127,4547.05127,4407.179688,4460.512695,,,,,,,,,,,,,,,,,,,,,,,,,,,,,,,,,,,,,,,,,,,,,,,,,,,,,,,,,,,,,,,,,,,,,,
1768920145.043286,1768920145.043845,75.0,0.0,4353.717773,4341.794922,4361.538574,4358.205078,4331.538574,4336.538574,4314.102539,4357.820313,4324.358887,4312.179688,4508.333496,4543.589844,4407.307617,4462.563965,,,,,,,,,,,,,,,,,,,,,,,,,,,,,,,,,,,,,,,,,,,,,,,,,,,,,,,,,,,,,,,,,,,,,,
1768920145.051095,1768920145.051853,76.0,0.0,4345.0,4330.128418,4356.153809,4357.436035,4324.743652,4324.358887,4309.487305,4355.641113,4325.769043,4313.077148,4508.974121,4538.717773,4401.794922,4454.871582,,,,,,,,,,,,,,,,,,,,,,,,,,,,,,,,,,,,,,,,,,,,,,,,,,,,,,,,,,,,,,,,,,,,,,
1768920145.058903,1768920145.059661,77.0,0.0,4339.871582,4328.589844,4349.615234,4357.05127,4326.538574,4325.0,4310.769043,4356.153809,4324.871582,4317.436035,4506.922852,4534.743652,4400.897461,4444.743652,,,,,,,,,,,,,,,,,,,,,,,,,,,,,,,,,,,,,,,,,,,,,,,,,,,,,,,,,,,,,,,,,,,,,,
1768920145.066712,1768920145.06757,78.0,0.0,4349.871582,4340.384766,4349.743652,4356.153809,4331.025879,4327.563965,4311.153809,4355.384766,4324.871582,4318.205078,4505.128418,4530.128418,4408.077148,4449.102539,,,,,,,,,,,,,,,,,,,,,,,,,,,,,,,,,,,,,,,,,,,,,,,,,,,,,,,,,,,,,,,,,,,,,,
1768920145.07452,1768920145.075378,79.0,0.0,4358.077148,4349.743652,4356.025879,4359.102539,4333.077148,4328.589844,4310.897461,4357.05127,4328.589844,4319.102539,4506.282227,4534.230957,4409.102539,4460.256348,,,,,,,,,,,,,,,,,,,,,,,,,,,,,,,,,,,,,,,,,,,,,,,,,,,,,,,,,,,,,,,,,,,,,,
1768920145.082329,1768920145.082987,80.0,0.0,4352.94873,4350.256348,4356.922852,4365.641113,4334.871582,4331.666504,4311.282227,4358.589844,4328.974121,4323.333496,4508.589844,4539.743652,4404.230957,4461.922852,0.57513,0.346157,0.192702,0.12774,0.168226,0.718904,0.343752,0.120744,0.138142,0.104821,0.396491,0.297464,0.156944,0.148573,0.218396,0.289931,0.325189,0.081338,0.165414,0.124563,0.237102,0.249613,0.068524,0.17816,0.099097,0.225373,0.471682,0.117926,0.285865,0.201862,0.468374,0.614861,0.134881,0.33616,0.254185,0.362566,0.515571,0.060589,0.328347,0.200986,0.372333,0.552613,0.111464,0.230391,0.214482,0.414388,0.571147,0.123374,0.166994,0.162882,0.521116,0.300447,0.134294,0.276194,0.154365,0.675331,0.25719,0.136821,0.257368,0.288481,0.681575,0.403938,0.162238,0.327233,0.136768,0.453115,0.22661,0.126289,0.235093,0.213994
1768920145.090138,1768920145.090795,81.0,0.0,4350.256348,4348.333496,4351.025879,4365.0,4334.358887,4330.256348,4312.05127,4350.641113,4326.153809,4325.256348,4507.307617,4533.205078,4403.461426,4457.94873,,,,,,,,,,,,,,,,,,,,,,,,,,,,,,,,,,,,,,,,,,,,,,,,,,,,,,,,,,,,,,,,,,,,,,
1768920145.097946,1768920145.098504,82.0,0.0,4349.743652,4344.615234,4348.461426,4357.436035,4331.282227,4329.743652,4310.256348,4346.410156,4325.512695,4322.94873,4506.282227,4530.769043,4406.666504,4458.846191,,,,,,,,,,,,,,,,,,,,,,,,,,,,,,,,,,,,,,,,,,,,,,,,,,,,,,,,,,,,,,,,,,,,,,
1768920145.105755,1768920145.106312,83.0,0.0,4344.230957,4343.589844,4351.282227,4355.0,4332.05127,4336.282227,4310.256348,4352.692383,4325.128418,4320.0,4510.512695,4539.230957,4406.794922,4463.333496,,,,,,,,,,,,,,,,,,,,,,,,,,,,,,,,,,,,,,,,,,,,,,,,,,,,,,,,,,,,,,,,,,,,,,
1768920145.113563,1768920145.113921,84.0,0.0,4344.102539,4345.384766,4350.769043,4357.94873,4336.538574,4339.615234,4318.333496,4353.205078,4324.102539,4316.794922,4507.05127,4536.153809,4400.512695,4459.871582,,,,,,,,,,,,,,,,,,,,,,,,,,,,,,,,,,,,,,,,,,,,,,,,,,,,,,,,,,,,,,,,,,,,,,
1768920145.121372,1768920145.121729,85.0,0.0,4350.128418,4342.436035,4344.358887,4356.794922,4337.563965,4335.641113,4321.025879,4349.102539,4326.538574,4314.615234,4496.922852,4525.769043,4395.512695,4449.487305,,,,,,,,,,,,,,,,,,,,,,,,,,,,,,,,,,,,,,,,,,,,,,,,,,,,,,,,,,,,,,,,,,,,,,
1768920145.12918,1768920145.129438,86.0,0.0,4350.512695,4341.410156,4341.410156,4351.410156,4333.589844,4331.153809,4312.563965,4352.307617,4328.205078,4317.179688,4500.897461,4528.333496,4399.871582,4449.615234,,,,,,,,,,,,,,,,,,,,,,,,,,,,,,,,,,,,,,,,,,,,,,,,,,,,,,,,,,,,,,,,,,,,,,
1768920145.136989,1768920145.137246,87.0,0.0,4342.563965,4341.282227,4340.0,4348.077148,4327.94873,4327.820313,4308.974121,4351.410156,4323.846191,4315.0,4508.077148,4531.922852,4404.102539,4454.487305,,,,,,,,,,,,,,,,,,,,,,,,,,,,,,,,,,,,,,,,,,,,,,,,,,,,,,,,,,,,,,,,,,,,,,
1768920145.144797,1768920145.145255,88.0,0.0,4335.384766,4333.846191,4335.641113,4345.512695,4323.589844,4327.05127,4311.922852,4344.871582,4319.615234,4309.358887,4500.256348,4527.436035,4400.256348,4447.820313,,,,,,,,,,,,,,,,,,,,,,,,,,,,,,,,,,,,,,,,,,,,,,,,,,,,,,,,,,,,,,,,,,,,,,
1768920145.152606,1768920145.153063,89.0,0.0,4334.358887,4328.589844,4333.205078,4342.820313,4323.717773,4327.307617,4310.641113,4346.922852,4321.025879,4309.230957,4492.179688,4521.025879,4396.282227,4443.077148,,,,,,,,,,,,,,,,,,,,,,,,,,,,,,,,,,,,,,,,,,,,,,,,,,,,,,,,,,,,,,,,,,,,,,
1768920145.160414,1768920145.160971,90.0,0.0,4336.153809,4329.102539,4333.461426,4342.307617,4324.230957,4326.282227,4311.025879,4347.820313,4321.025879,4308.974121,4492.94873,4514.102539,4394.615234,4445.128418,,,,,,,,,,,,,,,,,,,,,,,,,,,,,,,,,,,,,,,,,,,,,,,,,,,,,,,,,,,,,,,,,,,,,,
1768920145.168223,1768920145.16878,91.0,0.0,4334.615234,4329.487305,4333.974121,4342.692383,4325.769043,4325.641113,4313.461426,4343.077148,4318.846191,4308.205078,4491.794922,4513.077148,4393.974121,4443.717773,,,,,,,,,,,,,,,,,,,,,,,,,,,,,,,,,,,,,,,,,,,,,,,,,,,,,,,,,,,,,,,,,,,,,,
1768920145.176031,1768920145.176788,92.0,0.0,4331.922852,4327.05127,4335.128418,4340.512695,4327.179688,4325.512695,4309.871582,4342.563965,4321.025879,4311.153809,4490.641113,4518.461426,4396.794922,4445.0,,,,,,,,,,,,,,,,,,,,,,,,,,,,,,,,,,,,,,,,,,,,,,,,,,,,,,,,,,,,,,,,,,,,,,
1768920145.18384,1768920145.184597,93.0,0.0,4335.0,4326.410156,4334.615234,4340.769043,4326.025879,4330.128418,4309.487305,4346.794922,4326.282227,4311.538574,4492.820313,4521.153809,4398.717773,4448.077148,,,,,,,,,,,,,,,,,,,,,,,,,,,,,,,,,,,,,,,,,,,,,,,,,,,,,,,,,,,,,,,,,,,,,,
1768920145.191648,1768920145.192305,94.0,0.0,4338.205078,4328.974121,4334.871582,4344.102539,4326.538574,4335.256348,4318.846191,4349.102539,4327.820313,4309.615234,4492.563965,4518.717773,4394.358887,4444.358887,,,,,,,,,,,,,,,,,,,,,,,,,,,,,,,,,,,,,,,,,,,,,,,,,,,,,,,,,,,,,,,,,,,,,,
1768920145.199457,1768920145.200113,95.0,0.0,4337.436035,4328.717773,4339.487305,4344.615234,4328.717773,4332.05127,4322.563965,4347.179688,4325.384766,4309.871582,4490.769043,4518.205078,4390.0,4441.666504,,,,,,,,,,,,,,,,,,,,,,,,,,,,,,,,,,,,,,,,,,,,,,,,,,,,,,,,,,,,,,,,,,,,,,
1768920145.207265,1768920145.208121,96.0,0.0,4338.717773,4326.666504,4340.0,4343.077148,4327.307617,4325.641113,4312.820313,4345.641113,4325.128418,4308.205078,4493.205078,4517.820313,4393.205078,4442.05127,0.485766,0.284096,0.223106,0.121905,0.187424,0.724621,0.281086,0.14042,0.142297,0.118462,0.331127,0.28196,0.156232,0.161047,0.253691,0.281629,0.3135,0.079581,0.153447,0.133695,0.210374,0.202957,0.061867,0.208411,0.106377,0.236601,0.445518,0.101907,0.306747,0.214384,0.424109,0.581588,0.131135,0.383132,0.251901,0.28853,0.551289,0.074991,0.338496,0.216431,0.349936,0.548788,0.153996,0.246158,0.217687,0.369531,0.508192,0.113701,0.166955,0.160764,0.425592,0.238004,0.148693,0.292504,0.166728,0.428199,0.202394,0.123638,0.225914,0.308246,0.573712,0.347166,0.176372,0.347929,0.144741,0.372265,0.196727,0.136716,0.224038,0.23386
1768920145.215074,1768920145.21593,97.0,0.0,4338.077148,4325.256348,4333.589844,4342.05127,4322.436035,4325.512695,4306.025879,4346.666504,4326.538574,4307.307617,4494.615234,4517.820313,4396.794922,4440.769043,,,,,,,,,,,,,,,,,,,,,,,,,,,,,,,,,,,,,,,,,,,,,,,,,,,,,,,,,,,,,,,,,,,,,,
1768920145.222882,1768920145.223838,98.0,0.0,4335.769043,4325.0,4334.102539,4341.410156,4322.820313,4331.922852,4311.410156,4351.153809,4327.820313,4313.717773,4496.794922,4523.589844,4395.128418,4443.974121,,,,,,,,,,,,,,,,,,,,,,,,,,,,,,,,,,,,,,,,,,,,,,,,,,,,,,,,,,,,,,,,,,,,,,
1768920145.230691,1768920145.231647,99.0,0.0,4340.256348,4328.077148,4337.94873,4340.384766,4327.307617,4334.615234,4313.974121,4347.820313,4328.461426,4317.05127,4500.384766,4527.179688,4395.897461,4452.692383,,,,,,,,,,,,,,,,,,,,,,,,,,,,,,,,,,,,,,,,,,,,,,,,,,,,,,,,,,,,,,,,,,,,,,
1768920145.238499,1768920145.239655,100.0,0.0,4345.512695,4332.692383,4336.666504,4341.538574,4326.410156,4328.461426,4311.922852,4340.769043,4325.897461,4312.94873,4497.307617,4526.153809,4398.589844,4454.358887,,,,,,,,,,,,,,,,,,,,,,,,,,,,,,,,,,,,,,,,,,,,,,,,,,,,,,,,,,,,,,,,,,,,,,
1768920145.246308,1768920145.247463,101.0,0.0,4346.282227,4335.128418,4339.230957,4344.358887,4322.05127,4322.307617,4316.538574,4345.897461,4325.384766,4310.641113,4495.128418,4526.922852,4397.179688,4452.692383,,,,,,,,,,,,,,,,,,,,,,,,,,,,,,,,,,,,,,,,,,,,,,,,,,,,,,,,,,,,,,,,,,,,,,
1768920145.254116,1768920145.255172,102.0,0.0,4349.358887,4337.179688,4349.102539,4347.820313,4323.717773,4331.282227,4325.897461,4350.0,4328.589844,4316.153809,4502.563965,4534.743652,4402.436035,4458.077148,,,,,,,,,,,,,,,,,,,,,,,,,,,,,,,,,,,,,,,,,,,,,,,,,,,,,,,,,,,,,,,,,,,,,,
1768920145.261925,1768920145.26298,103.0,0.0,4353.333496,4343.205078,4353.205078,4352.563965,4326.538574,4340.128418,4324.230957,4344.871582,4330.0,4319.615234,4511.025879,4541.153809,4412.692383,4465.512695,,,,,,,,,,,,,,,,,,,,,,,,,,,,,,,,,,,,,,,,,,,,,,,,,,,,,,,,,,,,,,,,,,,,,,
1768920145.269734,1768920145.270589,104.0,0.0,4350.384766,4342.563965,4348.846191,4355.641113,4323.974121,4330.641113,4310.769043,4343.589844,4326.666504,4314.487305,4506.794922,4538.974121,4408.333496,4462.179688,,,,,,,,,,,,,,,,,,,,,,,,,,,,,,,,,,,,,,,,,,,,,,,,,,,,,,,,,,,,,,,,,,,,,,
1768920145.277542,1768920145.278397,105.0,0.0,4345.256348,4338.461426,4352.436035,4356.922852,4328.461426,4324.615234,4308.717773,4348.205078,4326.153809,4312.05127,4495.384766,4533.717773,4392.563965,4446.538574,,,,,,,,,,,,,,,,,,,,,,,,,,,,,,,,,,,,,,,,,,,,,,,,,,,,,,,,,,,,,,,,,,,,,,
1768920145.28535,1768920145.286106,106.0,0.0,4348.077148,4340.512695,4356.282227,4357.179688,4333.333496,4332.179688,4318.333496,4346.410156,4326.282227,4314.102539,4491.666504,4530.897461,4390.641113,4444.743652,,,,,,,,,,,,,,,,,,,,,,,,,,,,,,,,,,,,,,,,,,,,,,,,,,,,,,,,,,,,,,,,,,,,,,
1768920145.293159,1768920145.293914,107.0,0.0,4353.589844,4345.128418,4346.666504,4356.666504,4329.743652,4330.897461,4316.025879,4343.333496,4324.102539,4311.282227,4497.94873,4529.487305,4404.487305,4459.230957,,,,,,,,,,,,,,,,,,,,,,,,,,,,,,,,,,,,,,,,,,,,,,,,,,,,,,,,,,,,,,,,,,,,,,
1768920145.300968,1768920145.301523,108.0,0.0,4355.769043,4347.563965,4342.563965,4356.538574,4330.641113,4323.974121,4309.487305,4342.692383,4324.615234,4308.717773,4505.512695,4530.256348,4413.717773,4468.461426,,,,,,,,,,,,,,,,,,,,,,,,,,,,,,,,,,,,,,,,,,,,,,,,,,,,,,,,,,,,,,,,,,,,,,
1768920145.308776,1768920145.309331,109.0,0.0,4355.769043,4345.897461,4350.769043,4358.333496,4332.94873,4327.692383,4313.846191,4336.666504,4323.333496,4310.641113,4504.487305,4535.0,4412.692383,4471.282227,,,,,,,,,,,,,,,,,,,,,,,,,,,,,,,,,,,,,,,,,,,,,,,,,,,,,,,,,,,,,,,,,,,,,,
1768920145.316584,1768920145.31704,110.0,0.0,4356.538574,4342.307617,4351.153809,4358.589844,4329.743652,4327.820313,4315.897461,4337.179688,4321.922852,4313.589844,4503.333496,4533.589844,4410.256348,4469.358887,,,,,,,,,,,,,,,,,,,,,,,,,,,,,,,,,,,,,,,,,,,,,,,,,,,,,,,,,,,,,,,,,,,,,,
1768920145.324393,1768920145.324848,111.0,0.0,4356.282227,4340.256348,4341.922852,4355.512695,4329.102539,4325.641113,4312.692383,4341.538574,4325.256348,4317.692383,4505.256348,4525.512695,4410.769043,4462.820313,,,,,,,,,,,,,,,,,,,,,,,,,,,,,,,,,,,,,,,,,,,,,,,,,,,,,,,,,,,,,,,,,,,,,,
1768920145.332202,1768920145.332457,112.0,0.0,4353.589844,4340.897461,4340.641113,4355.128418,4331.794922,4334.102539,4313.461426,4340.897461,4327.179688,4321.410156,4507.179688,4528.846191,4412.94873,4466.025879,0.433451,0.230286,0.240543,0.126228,0.193931,0.652687,0.231934,0.184729,0.153561,0.127903,0.275747,0.290319,0.164747,0.16993,0.272794,0.284042,0.304639,0.091907,0.142479,0.133973,0.207957,0.17019,0.057737,0.23312,0.108418,0.243322,0.412075,0.083122,0.319425,0.214548,0.37529,0.527994,0.118323,0.412913,0.237192,0.228161,0.558707,0.092048,0.331457,0.223314,0.331471,0.539191,0.209407,0.246833,0.217227,0.336526,0.474194,0.134031,0.164235,0.155255,0.375485,0.211563,0.18203,0.300027,0.184251,0.27916,0.19094,0.128013,0.219783,0.318265,0.486747,0.310151,0.205426,0.353771,0.158764,0.342851,0.199254,0.150753,0.242351,0.252816
1768920145.34001,1768920145.340266,113.0,0.0,4353.974121,4343.846191,4343.974121,4357.563965,4331.666504,4335.897461,4309.487305,4341.410156,4326.410156,4320.384766,4509.487305,4537.05127,4413.461426,4473.717773,,,,,,,,,,,,,,,,,,,,,,,,,,,,,,,,,,,,,,,,,,,,,,,,,,,,,,,,,,,,,,,,,,,,,,
1768920145.347819,1768920145.347974,114.0,0.0,4358.589844,4346.025879,4343.589844,4357.436035,4332.692383,4328.974121,4310.512695,4340.128418,4326.666504,4316.666504,4508.461426,4532.692383,4409.358887,4465.0,,,,,,,,,,,,,,,,,,,,,,,,,,,,,,,,,,,,,,,,,,,,,,,,,,,,,,,,,,,,,,,,,,,,,,
1768920145.355627,1768920145.355782,115.0,0.0,4357.05127,4343.974121,4342.307617,4356.153809,4330.897461,4326.666504,4317.179688,4334.615234,4325.897461,4317.179688,4505.769043,4522.436035,4405.128418,4455.128418,,,,,,,,,,,,,,,,,,,,,,,,,,,,,,,,,,,,,,,,,,,,,,,,,,,,,,,,,,,,,,,,,,,,,,
1768920145.363436,1768920145.36379,116.0,0.0,4348.974121,4338.846191,4340.384766,4354.358887,4325.641113,4326.922852,4314.743652,4336.282227,4328.205078,4321.794922,4504.615234,4524.358887,4405.0,4457.179688,,,,,,,,,,,,,,,,,,,,,,,,,,,,,,,,,,,,,,,,,,,,,,,,,,,,,,,,,,,,,,,,,,,,,,
1768920145.371244,1768920145.371599,117.0,0.0,4350.641113,4337.820313,4340.256348,4350.769043,4327.179688,4327.820313,4314.358887,4343.333496,4334.230957,4321.025879,4505.512695,4529.230957,4404.358887,4458.461426,,,,,,,,,,,,,,,,,,,,,,,,,,,,,,,,,,,,,,,,,,,,,,,,,,,,,,,,,,,,,,,,,,,,,,
1768920145.379053,1768920145.379507,118.0,0.0,4357.436035,4339.358887,4341.794922,4351.410156,4328.846191,4328.589844,4318.589844,4340.769043,4331.410156,4312.820313,4505.256348,4525.256348,4406.153809,4457.692383,,,,,,,,,,,,,,,,,,,,,,,,,,,,,,,,,,,,,,,,,,,,,,,,,,,,,,,,,,,,,,,,,,,,,,
1768920145.386861,1768920145.387316,119.0,0.0,4356.794922,4341.922852,4342.820313,4355.128418,4326.410156,4327.563965,4316.538574,4336.025879,4323.077148,4308.846191,4504.615234,4525.897461,4410.384766,4460.128418,,,,,,,,,,,,,,,,,,,,,,,,,,,,,,,,,,,,,,,,,,,,,,,,,,,,,,,,,,,,,,,,,,,,,,
1768920145.39467,1768920145.394924,120.0,0.0,4353.717773,4342.436035,4344.230957,4354.743652,4328.077148,4327.307617,4318.974121,4340.641113,4325.512695,4312.820313,4506.666504,4532.563965,4407.05127,4464.487305,,,,,,,,,,,,,,,,,,,,,,,,,,,,,,,,,,,,,,,,,,,,,,,,,,,,,,,,,,,,,,,,,,,,,,
1768920145.402478,1768920145.402732,121.0,0.0,4352.436035,4339.102539,4343.461426,4351.922852,4332.307617,4327.563965,4330.384766,4345.512695,4331.922852,4315.256348,4508.205078,4533.333496,4402.307617,4466.538574,,,,,,,,,,,,,,,,,,,,,,,,,,,,,,,,,,,,,,,,,,,,,,,,,,,,,,,,,,,,,,,,,,,,,,
1768920145.410287,1768920145.41044,122.0,0.0,4351.153809,4338.589844,4342.436035,4350.769043,4330.769043,4326.282227,4325.512695,4341.538574,4329.230957,4320.128418,4507.05127,4529.871582,4407.307617,4461.794922,,,,,,,,,,,,,,,,,,,,,,,,,,,,,,,,,,,,,,,,,,,,,,,,,,,,,,,,,,,,,,,,,,,,,,
1768920145.418095,1768920145.418249,123.0,0.0,4352.436035,4341.794922,4346.922852,4354.102539,4326.410156,4325.256348,4313.461426,4337.94873,4325.512695,4326.666504,4508.205078,4532.94873,4413.974121,4459.487305,,,,,,,,,,,,,,,,,,,,,,,,,,,,,,,,,,,,,,,,,,,,,,,,,,,,,,,,,,,,,,,,,,,,,,
1768920145.425904,1768920145.426257,124.0,0.0,4356.282227,4343.589844,4351.666504,4356.282227,4326.025879,4325.128418,4317.820313,4341.666504,4327.307617,4323.461426,4510.512695,4538.077148,4414.102539,4464.358887,,,,,,,,,,,,,,,,,,,,,,,,,,,,,,,,,,,,,,,,,,,,,,,,,,,,,,,,,,,,,,,,,,,,,,
1768920145.433712,1768920145.434065,125.0,0.0,4350.0,4341.410156,4347.307617,4353.461426,4325.897461,4324.743652,4322.692383,4341.410156,4328.333496,4316.282227,4508.205078,4535.256348,4410.384766,4465.256348,,,,,,,,,,,,,,,,,,,,,,,,,,,,,,,,,,,,,,,,,,,,,,,,,,,,,,,,,,,,,,,,,,,,,,
1768920145.441521,1768920145.441974,126.0,0.0,4339.743652,4339.358887,4341.794922,4351.922852,4326.153809,4327.179688,4325.512695,4337.179688,4326.538574,4320.384766,4503.974121,4525.897461,4407.307617,4455.897461,,,,,,,,,,,,,,,,,,,,,,,,,,,,,,,,,,,,,,,,,,,,,,,,,,,,,,,,,,,,,,,,,,,,,,
1768920145.449329,1768920145.449782,127.0,0.0,4339.230957,4339.743652,4341.922852,4355.256348,4329.871582,4327.563965,4330.0,4337.563965,4324.230957,4325.128418,4502.94873,4518.717773,4403.077148,4450.384766,,,,,,,,,,,,,,,,,,,,,,,,,,,,,,,,,,,,,,,,,,,,,,,,,,,,,,,,,,,,,,,,,,,,,,
1768920145.457138,1768920145.457691,0.0,0.0,4342.820313,4341.794922,4343.846191,4356.794922,4336.025879,4329.487305,4331.922852,4340.0,4324.102539,4321.794922,4505.0,4521.666504,4401.538574,4457.307617,0.434609,0.188439,0.245864,0.13801,0.185242,0.53465,0.20761,0.250669,0.169893,0.130679,0.25192,0.309314,0.184013,0.172624,0.267835,0.29262,0.296083,0.111397,0.129753,0.124792,0.222181,0.149843,0.055879,0.24503,0.104859,0.244132,0.383764,0.073968,0.319594,0.203365,0.336222,0.462875,0.104162,0.413799,0.211715,0.199906,0.525374,0.109157,0.305149,0.217882,0.339274,0.519947,0.271692,0.232106,0.210118,0.330361,0.485875,0.192012,0.159185,0.147545,0.393701,0.219808,0.237041,0.297194,0.204101,0.270784,0.217326,0.149717,0.23436,0.314976,0.447845,0.2984,0.24637,0.335767,0.176293,0.339088,0.229362,0.170709,0.281001,0.265419
1768920145.464946,1768920145.465499,1.0,0.0,4345.256348,4341.282227,4347.05127,4356.153809,4334.615234,4331.153809,4329.615234,4342.820313,4325.384766,4320.897461,4505.897461,4528.974121,4405.769043,4461.666504,,,,,,,,,,,,,,,,,,,,,,,,,,,,,,,,,,,,,,,,,,,,,,,,,,,,,,,,,,,,,,,,,,,,,,
1768920145.472755,1768920145.473208,2.0,0.0,4350.641113,4339.487305,4349.615234,4357.179688,4332.179688,4329.871582,4330.897461,4345.256348,4327.436035,4326.153809,4507.563965,4530.128418,4413.846191,4461.025879,,,,,,,,,,,,,,,,,,,,,,,,,,,,,,,,,,,,,,,,,,,,,,,,,,,,,,,,,,,,,,,,,,,,,,
1768920145.480564,1768920145.481016,3.0,0.0,4352.05127,4342.94873,4350.641113,4357.692383,4338.461426,4332.05127,4334.230957,4346.666504,4333.205078,4326.282227,4509.358887,4529.871582,4410.897461,4460.641113,,,,,,,,,,,,,,,,,,,,,,,,,,,,,,,,,,,,,,,,,,,,,,,,,,,,,,,,,,,,,,,,,,,,,,
1768920145.488372,1768920145.488625,4.0,0.0,4345.384766,4341.025879,4351.794922,4358.846191,4338.717773,4332.05127,4330.256348,4345.897461,4334.487305,4320.128418,4508.333496,4530.512695,4396.153809,4454.871582,,,,,,,,,,,,,,,,,,,,,,,,,,,,,,,,,,,,,,,,,,,,,,,,,,,,,,,,,,,,,,,,,,,,,,
1768920145.49618,1768920145.496433,5.0,0.0,4346.282227,4332.94873,4350.897461,4358.717773,4328.205078,4328.077148,4326.282227,4341.666504,4326.922852,4320.641113,4511.282227,4532.692383,4400.256348,4457.563965,,,,,,,,,,,,,,,,,,,,,,,,,,,,,,,,,,,,,,,,,,,,,,,,,,,,,,,,,,,,,,,,,,,,,,
1768920145.503989,1768920145.504142,6.0,0.0,4351.794922,4335.128418,4352.820313,4357.05127,4326.922852,4330.384766,4331.922852,4340.512695,4327.94873,4326.794922,4520.641113,4535.769043,4418.717773,4475.128418,,,,,,,,,,,,,,,,,,,,,,,,,,,,,,,,,,,,,,,,,,,,,,,,,,,,,,,,,,,,,,,,,,,,,,
1768920145.511798,1768920145.51195,7.0,0.0,4353.077148,4342.179688,4357.307617,4357.94873,4337.05127,4338.589844,4345.769043,4343.333496,4335.512695,4326.538574,4523.974121,4537.692383,4418.717773,4480.769043,,,,,,,,,,,,,,,,,,,,,,,,,,,,,,,,,,,,,,,,,,,,,,,,,,,,,,,,,,,,,,,,,,,,,,
1768920145.519606,1768920145.519559,8.0,0.0,4352.692383,4340.128418,4356.153809,4357.820313,4337.820313,4335.897461,4355.512695,4344.487305,4331.153809,4323.205078,4518.846191,4540.512695,4412.05127,4470.384766,,,,,,,,,,,,,,,,,,,,,,,,,,,,,,,,,,,,,,,,,,,,,,,,,,,,,,,,,,,,,,,,,,,,,,
1768920145.527414,1768920145.527367,9.0,0.0,4351.922852,4338.077148,4354.487305,4357.563965,4330.128418,4325.256348,4360.384766,4346.025879,4325.769043,4323.846191,4516.538574,4540.256348,4414.487305,4469.487305,,,,,,,,,,,,,,,,,,,,,,,,,,,,,,,,,,,,,,,,,,,,,,,,,,,,,,,,,,,,,,,,,,,,,,
1768920145.535223,1768920145.535075,10.0,0.0,4355.897461,4341.025879,4358.077148,4359.615234,4327.94873,4326.153809,4369.871582,4346.025879,4329.102539,4320.512695,4511.410156,4535.641113,4410.641113,4469.102539,,,,,,,,,,,,,,,,,,,,,,,,,,,,,,,,,,,,,,,,,,,,,,,,,,,,,,,,,,,,,,,,,,,,,,
1768920145.543032,1768920145.542884,11.0,0.0,4363.333496,4342.05127,4358.333496,4357.563965,4327.179688,4329.743652,4371.922852,4341.282227,4327.307617,4313.846191,4506.153809,4538.205078,4404.871582,4463.205078,,,,,,,,,,,,,,,,,,,,,,,,,,,,,,,,,,,,,,,,,,,,,,,,,,,,,,,,,,,,,,,,,,,,,,
1768920145.55084,1768920145.550892,12.0,0.0,4364.615234,4343.205078,4355.512695,4355.769043,4326.794922,4330.897461,4371.794922,4342.436035,4327.94873,4318.205078,4514.743652,4545.769043,4411.666504,4470.256348,,,,,,,,,,,,,,,,,,,,,,,,,,,,,,,,,,,,,,,,,,,,,,,,,,,,,,,,,,,,,,,,,,,,,,
1768920145.558649,1768920145.5587,13.0,0.0,4358.205078,4342.94873,4356.025879,4359.230957,4328.333496,4335.128418,4380.256348,4347.820313,4331.922852,4321.666504,4519.871582,4542.563965,4412.94873,4476.410156,,,,,,,,,,,,,,,,,,,,,,,,,,,,,,,,,,,,,,,,,,,,,,,,,,,,,,,,,,,,,,,,,,,,,,
1768920145.566457,1768920145.566609,14.0,0.0,4353.461426,4338.333496,4355.256348,4360.769043,4328.461426,4334.743652,4381.282227,4348.205078,4327.692383,4316.666504,4511.666504,4535.769043,4406.153809,4467.692383,,,,,,,,,,,,,,,,,,,,,,,,,,,,,,,,,,,,,,,,,,,,,,,,,,,,,,,,,,,,,,,,,,,,,,
1768920145.574266,1768920145.574417,15.0,0.0,4355.256348,4336.410156,4350.769043,4358.333496,4328.205078,4330.897461,4372.436035,4347.563965,4330.128418,4316.794922,4507.05127,4536.922852,4405.384766,4460.769043,,,,,,,,,,,,,,,,,,,,,,,,,,,,,,,,,,,,,,,,,,,,,,,,,,,,,,,,,,,,,,,,,,,,,,
1768920145.582074,1768920145.582425,16.0,0.0,4355.128418,4334.358887,4345.256348,4356.794922,4329.743652,4336.538574,4374.743652,4347.179688,4337.179688,4318.974121,4508.717773,4531.153809,4403.846191,4460.256348,0.502998,0.16346,0.242511,0.155337,0.164535,0.44148,0.215665,0.321731,0.189738,0.126646,0.306597,0.324739,0.208731,0.170536,0.239649,0.324111,0.286198,0.12933,0.115383,0.108799,0.240415,0.141225,0.054695,0.240603,0.096612,0.236075,0.369052,0.083387,0.30472,0.186299,0.310306,0.395221,0.09943,0.386496,0.181006,0.207717,0.452794,0.12378,0.263454,0.200309,0.382101,0.493778,0.331121,0.206335,0.195023,0.36116,0.550105,0.281453,0.154636,0.138994,0.485966,0.261516,0.311726,0.288383,0.222118,0.429766,0.273501,0.185012,0.261458,0.299838,0.476282,0.314524,0.294373,0.297857,0.194396,0.365688,0.279819,0.20448,0.328106,0.269981
1768920145.589883,1768920145.590234,17.0,0.0,4348.461426,4328.205078,4343.589844,4354.615234,4329.615234,4335.769043,4378.205078,4344.358887,4328.717773,4313.077148,4505.256348,4519.230957,4398.461426,4455.769043,,,,,,,,,,,,,,,,,,,,,,,,,,,,,,,,,,,,,,,,,,,,,,,,,,,,,,,,,,,,,,,,,,,,,,
1768920145.597691,1768920145.597942,18.0,0.0,4344.871582,4328.205078,4343.333496,4353.974121,4325.512695,4323.717773,4368.461426,4342.307617,4320.897461,4307.05127,4503.333496,4518.461426,4396.794922,4452.94873,,,,,,,,,,,,,,,,,,,,,,,,,,,,,,,,,,,,,,,,,,,,,,,,,,,,,,,,,,,,,,,,,,,,,,
1768920145.6055,1768920145.60575,19.0,0.0,4346.153809,4334.615234,4343.717773,4357.05127,4325.769043,4326.666504,4362.692383,4342.692383,4326.153809,4312.692383,4505.384766,4523.974121,4397.94873,4455.512695,,,,,,,,,,,,,,,,,,,,,,,,,,,,,,,,,,,,,,,,,,,,,,,,,,,,,,,,,,,,,,,,,,,,,,
1768920145.613308,1768920145.613759,20.0,0.0,4345.897461,4339.230957,4347.179688,4357.94873,4327.436035,4337.94873,4366.794922,4344.871582,4327.563965,4323.717773,4505.897461,4526.922852,4400.641113,4456.794922,,,,,,,,,,,,,,,,,,,,,,,,,,,,,,,,,,,,,,,,,,,,,,,,,,,,,,,,,,,,,,,,,,,,,,
1768920145.621117,1768920145.621567,21.0,0.0,4347.820313,4338.077148,4347.94873,4355.769043,4325.128418,4335.256348,4367.436035,4348.461426,4328.717773,4327.436035,4508.589844,4528.846191,4401.410156,4460.384766,,,,,,,,,,,,,,,,,,,,,,,,,,,,,,,,,,,,,,,,,,,,,,,,,,,,,,,,,,,,,,,,,,,,,,
1768920145.628925,1768920145.629475,22.0,0.0,4346.794922,4330.897461,4342.563965,4352.692383,4325.641113,4332.436035,4366.025879,4343.717773,4331.538574,4319.615234,4508.205078,4525.256348,4396.922852,4461.794922,,,,,,,,,,,,,,,,,,,,,,,,,,,,,,,,,,,,,,,,,,,,,,,,,,,,,,,,,,,,,,,,,,,,,,
1768920145.636734,1768920145.637284,23.0,0.0,4339.102539,4327.563965,4338.333496,4351.282227,4331.410156,4341.025879,4367.307617,4336.538574,4327.05127,4313.717773,4503.974121,4520.897461,4394.358887,4456.794922,,,,,,,,,,,,,,,,,,,,,,,,,,,,,,,,,,,,,,,,,,,,,,,,,,,,,,,,,,,,,,,,,,,,,,
1768920145.644542,1768920145.645292,24.0,0.0,4337.307617,4327.94873,4340.256348,4353.077148,4332.692383,4338.461426,4364.358887,4340.256348,4325.256348,4320.641113,4504.102539,4522.307617,4400.641113,4453.589844,,,,,,,,,,,,,,,,,,,,,,,,,,,,,,,,,,,,,,,,,,,,,,,,,,,,,,,,,,,,,,,,,,,,,,
1768920145.652351,1768920145.653101,25.0,0.0,4336.794922,4327.436035,4341.410156,4355.128418,4330.384766,4331.922852,4362.05127,4345.769043,4330.769043,4324.358887,4505.769043,4522.436035,4402.436035,4455.512695,,,,,,,,,,,,,,,,,,,,,,,,,,,,,,,,,,,,,,,,,,,,,,,,,,,,,,,,,,,,,,,,,,,,,,
1768920145.660159,1768920145.660809,26.0,0.0,4334.487305,4332.563965,4343.077148,4356.538574,4332.179688,4340.0,4365.256348,4345.512695,4334.615234,4321.153809,4507.179688,4523.077148,4401.282227,4460.512695,,,,,,,,,,,,,,,,,,,,,,,,,,,,,,,,,,,,,,,,,,,,,,,,,,,,,,,,,,,,,,,,,,,,,,
1768920145.667968,1768920145.668618,27.0,0.0,4336.282227,4337.820313,4346.410156,4355.897461,4330.641113,4340.256348,4362.820313,4346.282227,4334.615234,4322.307617,4509.871582,4530.512695,4406.666504,4461.410156,,,,,,,,,,,,,,,,,,,,,,,,,,,,,,,,,,,,,,,,,,,,,,,,,,,,,,,,,,,,,,,,,,,,,,
1768920145.675776,1768920145.676226,28.0,0.0,4333.461426,4331.922852,4345.512695,4353.717773,4323.846191,4330.256348,4354.871582,4347.563965,4332.05127,4323.846191,4509.743652,4533.461426,4408.974121,4460.384766,,,,,,,,,,,,,,,,,,,,,,,,,,,,,,,,,,,,,,,,,,,,,,,,,,,,,,,,,,,,,,,,,,,,,,
1768920145.683585,1768920145.684035,29.0,0.0,4327.179688,4325.256348,4343.205078,4350.128418,4323.974121,4328.333496,4354.358887,4344.743652,4325.897461,4317.692383,4507.436035,4525.897461,4402.820313,4456.538574,,,,,,,,,,,,,,,,,,,,,,,,,,,,,,,,,,,,,,,,,,,,,,,,,,,,,,,,,,,,,,,,,,,,,,
1768920145.691394,1768920145.691743,30.0,0.0,4329.230957,4330.128418,4342.05127,4346.025879,4327.05127,4330.769043,4358.077148,4344.615234,4324.102539,4314.358887,4505.128418,4522.436035,4398.717773,4450.512695,,,,,,,,,,,,,,,,,,,,,,,,,,,,,,,,,,,,,,,,,,,,,,,,,,,,,,,,,,,,,,,,,,,,,,
1768920145.699202,1768920145.699552,31.0,0.0,4327.563965,4325.512695,4336.153809,4341.410156,4322.05127,4334.487305,4357.94873,4345.256348,4327.179688,4312.307617,4497.563965,4518.589844,4395.512695,4444.358887,,,,,,,,,,,,,,,,,,,,,,,,,,,,,,,,,,,,,,,,,,,,,,,,,,,,,,,,,,,,,,,,,,,,,,
1768920145.70701,1768920145.70716,32.0,0.0,4316.794922,4311.153809,4326.538574,4336.538574,4314.871582,4337.94873,4357.05127,4343.205078,4330.128418,4307.692383,4491.410156,4514.358887,4391.538574,4441.410156,0.631247,0.154814,0.23192,0.177447,0.139039,0.437045,0.251592,0.374122,0.211013,0.11753,0.475511,0.327983,0.231191,0.167299,0.19777,0.397962,0.274655,0.139294,0.10139,0.090465,0.254043,0.142567,0.053453,0.221632,0.085784,0.219352,0.365824,0.110364,0.276025,0.170154,0.290401,0.32941,0.111246,0.341206,0.152636,0.238008,0.355921,0.135331,0.215388,0.174727,0.447941,0.466752,0.378418,0.176692,0.173249,0.419638,0.654743,0.383618,0.153789,0.130916,0.638499,0.329388,0.397014,0.281851,0.233534,0.734872,0.34492,0.228436,0.292979,0.277348,0.563838,0.356352,0.34219,0.259283,0.209765,0.433829,0.342623,0.25926,0.373721,0.267852
1768920145.714819,1768920145.714969,33.0,0.0,4321.922852,4314.871582,4328.717773,4339.615234,4316.282227,4332.94873,4356.666504,4349.230957,4335.897461,4318.974121,4501.922852,4522.94873,4400.384766,4450.769043,,,,,,,,,,,,,,,,,,,,,,,,,,,,,,,,,,,,,,,,,,,,,,,,,,,,,,,,,,,,,,,,,,,,,,
1768920145.722628,1768920145.722677,34.0,0.0,4336.153809,4331.410156,4340.641113,4346.410156,4321.153809,4328.717773,4355.641113,4357.179688,4342.563965,4336.410156,4520.641113,4534.487305,4415.641113,4464.358887,,,,,,,,,,,,,,,,,,,,,,,,,,,,,,,,,,,,,,,,,,,,,,,,,,,,,,,,,,,,,,,,,,,,,,
1768920145.730436,1768920145.730486,35.0,0.0,4336.666504,4333.077148,4341.666504,4344.230957,4323.717773,4332.820313,4357.563965,4354.230957,4343.717773,4333.461426,4523.589844,4532.94873,4417.307617,4465.512695,,,,,,,,,,,,,,,,,,,,,,,,,,,,,,,,,,,,,,,,,,,,,,,,,,,,,,,,,,,,,,,,,,,,,,
1768920145.738244,1768920145.738094,36.0,0.0,4334.358887,4324.615234,4335.384766,4341.666504,4322.692383,4330.0,4358.077148,4349.487305,4335.769043,4322.179688,4510.897461,4525.128418,4407.692383,4455.641113,,,,,,,,,,,,,,,,,,,,,,,,,,,,,,,,,,,,,,,,,,,,,,,,,,,,,,,,,,,,,,,,,,,,,,
1768920145.746053,1768920145.745902,37.0,0.0,4337.05127,4325.384766,4337.820313,4347.179688,4322.563965,4326.794922,4356.666504,4353.974121,4332.94873,4322.563965,4503.846191,4524.743652,4400.512695,4451.410156,,,,,,,,,,,,,,,,,,,,,,,,,,,,,,,,,,,,,,,,,,,,,,,,,,,,,,,,,,,,,,,,,,,,,,
1768920145.753862,1768920145.753811,38.0,0.0,4336.410156,4328.205078,4342.563965,4350.0,4324.871582,4334.871582,4355.256348,4354.871582,4335.384766,4325.384766,4514.358887,4529.102539,4406.922852,4457.05127,,,,,,,,,,,,,,,,,,,,,,,,,,,,,,,,,,,,,,,,,,,,,,,,,,,,,,,,,,,,,,,,,,,,,,
1768920145.76167,1768920145.761619,39.0,0.0,4334.615234,4328.974121,4340.769043,4349.487305,4324.102539,4336.153809,4352.05127,4346.025879,4330.897461,4326.794922,4524.743652,4528.974121,4418.717773,4464.230957,,,,,,,,,,,,,,,,,,,,,,,,,,,,,,,,,,,,,,,,,,,,,,,,,,,,,,,,,,,,,,,,,,,,,,
1768920145.769479,1768920145.769627,40.0,0.0,4337.05127,4332.436035,4338.717773,4354.230957,4322.94873,4328.717773,4350.512695,4342.692383,4323.461426,4324.871582,4518.846191,4524.487305,4421.538574,4465.641113,,,,,,,,,,,,,,,,,,,,,,,,,,,,,,,,,,,,,,,,,,,,,,,,,,,,,,,,,,,,,,,,,,,,,,
1768920145.777287,1768920145.777436,41.0,0.0,4344.743652,4336.410156,4342.820313,4356.538574,4329.230957,4333.717773,4352.436035,4346.410156,4325.384766,4315.512695,4509.871582,4524.102539,4414.871582,4461.282227,,,,,,,,,,,,,,,,,,,,,,,,,,,,,,,,,,,,,,,,,,,,,,,,,,,,,,,,,,,,,,,,,,,,,,
1768920145.785096,1768920145.785344,42.0,0.0,4353.974121,4342.436035,4350.128418,4356.153809,4335.897461,4341.666504,4356.666504,4350.0,4331.922852,4315.641113,4510.769043,4530.0,4412.820313,4461.538574,,,,,,,,,,,,,,,,,,,,,,,,,,,,,,,,,,,,,,,,,,,,,,,,,,,,,,,,,,,,,,,,,,,,,,
1768920145.792904,1768920145.793153,43.0,0.0,4356.410156,4346.410156,4352.692383,4358.717773,4331.538574,4335.641113,4354.743652,4348.461426,4329.487305,4326.153809,4512.179688,4526.282227,4414.743652,4463.461426,,,,,,,,,,,,,,,,,,,,,,,,,,,,,,,,,,,,,,,,,,,,,,,,,,,,,,,,,,,,,,,,,,,,,,
1768920145.800713,1768920145.800761,44.0,0.0,4353.333496,4342.820313,4345.769043,4359.615234,4324.358887,4330.512695,4346.538574,4345.512695,4325.512695,4326.410156,4507.05127,4515.512695,4410.512695,4458.333496,,,,,,,,,,,,,,,,,,,,,,,,,,,,,,,,,,,,,,,,,,,,,,,,,,,,,,,,,,,,,,,,,,,,,,
1768920145.808521,1768920145.808569,45.0,0.0,4348.717773,4338.077148,4339.102539,4355.641113,4324.743652,4337.307617,4346.282227,4345.641113,4328.589844,4317.563965,4503.846191,4513.205078,4404.358887,4452.94873,,,,,,,,,,,,,,,,,,,,,,,,,,,,,,,,,,,,,,,,,,,,,,,,,,,,,,,,,,,,,,,,,,,,,,
1768920145.81633,1768920145.816478,46.0,0.0,4345.641113,4339.230957,4343.846191,4353.974121,4326.922852,4340.769043,4352.307617,4344.871582,4329.487305,4315.256348,4505.256348,4521.538574,4404.230957,4455.512695,,,,,,,,,,,,,,,,,,,,,,,,,,,,,,,,,,,,,,,,,,,,,,,,,,,,,,,,,,,,,,,,,,,,,,
1768920145.824138,1768920145.824287,47.0,0.0,4351.410156,4342.307617,4352.05127,4359.102539,4326.794922,4336.282227,4351.025879,4345.256348,4327.820313,4318.717773,4507.179688,4528.589844,4411.410156,4461.794922,,,,,,,,,,,,,,,,,,,,,,,,,,,,,,,,,,,,,,,,,,,,,,,,,,,,,,,,,,,,,,,,,,,,,,
1768920145.831947,1768920145.832295,48.0,0.0,4356.538574,4342.563965,4350.769043,4361.538574,4323.974121,4334.102539,4348.205078,4345.512695,4326.153809,4317.563965,4506.025879,4527.179688,4413.077148,4461.153809,0.809166,0.15801,0.217151,0.201584,0.116446,0.541484,0.298303,0.388374,0.22807,0.105841,0.756831,0.314867,0.244485,0.163987,0.155029,0.519222,0.259004,0.138037,0.088398,0.073542,0.261997,0.148937,0.052703,0.194364,0.075239,0.198137,0.360955,0.144163,0.238934,0.159932,0.295213,0.274357,0.142153,0.292054,0.133589,0.27023,0.256863,0.142526,0.170532,0.146974,0.509208,0.440956,0.401952,0.148995,0.148253,0.481689,0.766113,0.470834,0.157394,0.124194,0.808905,0.407682,0.471694,0.281515,0.234256,1.126522,0.409445,0.273139,0.3191,0.25241,0.677703,0.411949,0.378494,0.239266,0.219478,0.551216,0.409009,0.332165,0.410673,0.26175
1768920145.839755,1768920145.840104,49.0,0.0,4350.512695,4339.487305,4343.846191,4356.538574,4321.538574,4334.871582,4351.025879,4342.179688,4323.717773,4312.05127,4502.436035,4522.179688,4405.897461,4453.846191,,,,,,,,,,,,,,,,,,,,,,,,,,,,,,,,,,,,,,,,,,,,,,,,,,,,,,,,,,,,,,,,,,,,,,
1768920145.847564,1768920145.847812,50.0,0.0,4343.333496,4333.205078,4343.461426,4354.358887,4325.128418,4338.589844,4350.897461,4339.487305,4322.94873,4310.128418,4503.461426,4522.94873,4406.282227,4452.179688,,,,,,,,,,,,,,,,,,,,,,,,,,,,,,,,,,,,,,,,,,,,,,,,,,,,,,,,,,,,,,,,,,,,,,
1768920145.855372,1768920145.855621,51.0,0.0,4345.384766,4331.794922,4348.333496,4356.666504,4328.846191,4338.717773,4352.05127,4343.589844,4326.153809,4311.794922,4505.128418,4529.358887,4411.538574,4457.307617,,,,,,,,,,,,,,,,,,,,,,,,,,,,,,,,,,,,,,,,,,,,,,,,,,,,,,,,,,,,,,,,,,,,,,
1768920145.863181,1768920145.863229,52.0,0.0,4348.077148,4336.025879,4350.641113,4356.794922,4326.410156,4339.743652,4360.641113,4350.641113,4327.692383,4310.0,4504.743652,4530.641113,4410.897461,4461.410156,,,,,,,,,,,,,,,,,,,,,,,,,,,,,,,,,,,,,,,,,,,,,,,,,,,,,,,,,,,,,,,,,,,,,,
1768920145.870989,1768920145.871038,53.0,0.0,4346.666504,4334.871582,4347.563965,4354.358887,4325.0,4342.692383,4361.922852,4350.0,4327.179688,4308.974121,4503.205078,4523.846191,4404.487305,4459.743652,,,,,,,,,,,,,,,,,,,,,,,,,,,,,,,,,,,,,,,,,,,,,,,,,,,,,,,,,,,,,,,,,,,,,,
1768920145.878798,1768920145.878746,54.0,0.0,4341.153809,4328.333496,4341.666504,4350.641113,4325.641113,4332.563965,4354.615234,4344.230957,4326.153809,4309.230957,4496.794922,4518.077148,4398.589844,4451.025879,,,,,,,,,,,,,,,,,,,,,,,,,,,,,,,,,,,,,,,,,,,,,,,,,,,,,,,,,,,,,,,,,,,,,,
1768920145.886606,1768920145.886555,55.0,0.0,4336.282227,4326.025879,4338.077148,4348.974121,4324.487305,4325.384766,4352.179688,4337.307617,4318.461426,4305.769043,4491.410156,4516.282227,4397.820313,4450.128418,,,,,,,,,,,,,,,,,,,,,,,,,,,,,,,,,,,,,,,,,,,,,,,,,,,,,,,,,,,,,,,,,,,,,,
1768920145.894415,1768920145.894563,56.0,0.0,4342.05127,4332.05127,4341.794922,4356.538574,4323.333496,4334.615234,4351.794922,4334.230957,4312.820313,4306.025879,4492.94873,4519.871582,4402.692383,4458.077148,,,,,,,,,,,,,,,,,,,,,,,,,,,,,,,,,,,,,,,,,,,,,,,,,,,,,,,,,,,,,,,,,,,,,,
1768920145.902223,1768920145.902372,57.0,0.0,4345.769043,4335.384766,4346.025879,4358.846191,4324.487305,4337.94873,4347.692383,4338.974121,4319.487305,4308.077148,4496.538574,4523.974121,4406.538574,4457.307617,,,,,,,,,,,,,,,,,,,,,,,,,,,,,,,,,,,,,,,,,,,,,,,,,,,,,,,,,,,,,,,,,,,,,,
1768920145.910032,1768920145.91008,58.0,0.0,4336.666504,4329.871582,4336.282227,4347.563965,4326.922852,4332.563965,4347.436035,4340.897461,4325.128418,4303.717773,4494.871582,4520.897461,4402.94873,4450.128418,,,,,,,,,,,,,,,,,,,,,,,,,,,,,,,,,,,,,,,,,,,,,,,,,,,,,,,,,,,,,,,,,,,,,,
1768920145.91784,1768920145.917888,59.0,0.0,4329.615234,4325.769043,4327.436035,4342.179688,4328.846191,4336.410156,4352.820313,4340.256348,4321.922852,4301.666504,4494.230957,4518.205078,4397.820313,4448.461426,,,,,,,,,,,,,,,,,,,,,,,,,,,,,,,,,,,,,,,,,,,,,,,,,,,,,,,,,,,,,,,,,,,,,,
1768920145.925649,1768920145.925497,60.0,0.0,4336.410156,4330.128418,4336.025879,4351.282227,4327.179688,4340.641113,4357.179688,4344.615234,4323.077148,4307.94873,4502.692383,4523.333496,4398.205078,4453.461426,,,,,,,,,,,,,,,,,,,,,,,,,,,,,,,,,,,,,,,,,,,,,,,,,,,,,,,,,,,,,,,,,,,,,,
1768920145.933457,1768920145.933305,61.0,0.0,4344.615234,4339.487305,4347.05127,4360.256348,4326.794922,4339.102539,4359.358887,4347.563965,4330.256348,4310.641113,4505.897461,4523.205078,4405.641113,4458.461426,,,,,,,,,,,,,,,,,,,,,,,,,,,,,,,,,,,,,,,,,,,,,,,,,,,,,,,,,,,,,,,,,,,,,,
1768920145.941266,1768920145.941013,62.0,0.0,4342.05127,4338.333496,4345.128418,4358.077148,4331.282227,4339.615234,4356.410156,4340.769043,4325.769043,4308.205078,4493.717773,4512.94873,4405.641113,4453.461426,,,,,,,,,,,,,,,,,,,,,,,,,,,,,,,,,,,,,,,,,,,,,,,,,,,,,,,,,,,,,,,,,,,,,,
1768920145.949074,1768920145.948822,63.0,0.0,4337.94873,4331.025879,4341.794922,4350.0,4330.256348,4334.230957,4348.589844,4335.256348,4318.461426,4309.487305,4490.769043,4511.282227,4396.282227,4446.922852,,,,,,,,,,,,,,,,,,,,,,,,,,,,,,,,,,,,,,,,,,,,,,,,,,,,,,,,,,,,,,,,,,,,,,
1768920145.956883,1768920145.95683,64.0,0.0,4342.179688,4335.256348,4342.692383,4351.666504,4323.974121,4331.538574,4350.0,4341.410156,4324.230957,4311.666504,4507.307617,4523.846191,4399.871582,4455.0,1.036115,0.162167,0.201641,0.223392,0.101676,0.719,0.331224,0.358941,0.236287,0.094462,1.092358,0.28919,0.245037,0.159822,0.121622,0.67063,0.238858,0.12743,0.076065,0.05986,0.269015,0.15509,0.054142,0.166354,0.067594,0.176702,0.340346,0.173205,0.199859,0.157045,0.378158,0.243323,0.188118,0.249056,0.126788,0.292406,0.175522,0.144289,0.135275,0.12202,0.54453,0.415272,0.396179,0.126711,0.124353,0.526664,0.839506,0.517016,0.16526,0.119427,0.964134,0.475832,0.511418,0.287347,0.222402,1.531296,0.451978,0.30967,0.333609,0.227837,0.78053,0.463106,0.391468,0.248303,0.221295,0.721228,0.470405,0.406876,0.437063,0.252393
1768920145.964692,1768920145.964638,65.0,0.0,4347.05127,4341.666504,4341.410156,4356.025879,4324.743652,4336.410156,4351.153809,4344.102539,4328.333496,4309.615234,4510.128418,4530.769043,4412.436035,4465.128418,,,,,,,,,,,,,,,,,,,,,,,,,,,,,,,,,,,,,,,,,,,,,,,,,,,,,,,,,,,,,,,,,,,,,,
1768920145.9725,1768920145.972547,66.0,0.0,4346.922852,4335.512695,4343.974121,4349.358887,4327.179688,4334.743652,4344.487305,4340.128418,4324.358887,4308.846191,4501.282227,4525.641113,4412.563965,4459.615234,,,,,,,,,,,,,,,,,,,,,,,,,,,,,,,,,,,,,,,,,,,,,,,,,,,,,,,,,,,,,,,,,,,,,,
1768920145.980309,1768920145.980355,67.0,0.0,4348.461426,4330.384766,4350.256348,4346.282227,4324.743652,4329.102539,4346.153809,4343.077148,4326.538574,4313.333496,4506.794922,4523.974121,4410.128418,4458.974121,,,,,,,,,,,,,,,,,,,,,,,,,,,,,,,,,,,,,,,,,,,,,,,,,,,,,,,,,,,,,,,,,,,,,,
1768920145.988117,1768920145.988363,68.0,0.0,4350.897461,4336.153809,4351.025879,4351.282227,4325.256348,4329.615234,4351.025879,4346.410156,4332.179688,4317.179688,4511.666504,4532.179688,4414.487305,4469.871582,,,,,,,,,,,,,,,,,,,,,,,,,,,,,,,,,,,,,,,,,,,,,,,,,,,,,,,,,,,,,,,,,,,,,,
1768920145.995926,1768920145.996172,69.0,0.0,4346.794922,4337.179688,4345.256348,4347.692383,4328.077148,4329.358887,4345.512695,4341.282227,4330.0,4314.487305,4508.077148,4534.871582,4414.615234,4469.358887,,,,,,,,,,,,,,,,,,,,,,,,,,,,,,,,,,,,,,,,,,,,,,,,,,,,,,,,,,,,,,,,,,,,,,
1768920146.003734,1768920146.00388,70.0,0.0,4342.94873,4335.128418,4339.615234,4345.384766,4325.384766,4325.128418,4337.563965,4338.077148,4326.282227,4311.666504,4508.461426,4528.846191,4411.538574,4461.922852,,,,,,,,,,,,,,,,,,,,,,,,,,,,,,,,,,,,,,,,,,,,,,,,,,,,,,,,,,,,,,,,,,,,,,
1768920146.011543,1768920146.011688,71.0,0.0,4345.0,4340.256348,4342.692383,4356.025879,4326.025879,4325.384766,4335.769043,4340.128418,4327.563965,4311.922852,4510.128418,4526.153809,4412.94873,4463.333496,,,,,,,,,,,,,,,,,,,,,,,,,,,,,,,,,,,,,,,,,,,,,,,,,,,,,,,,,,,,,,,,,,,,,,
1768920146.019351,1768920146.019697,72.0,0.0,4350.128418,4346.282227,4355.128418,4363.461426,4333.846191,4330.897461,4338.717773,4335.897461,4324.230957,4310.897461,4506.410156,4528.077148,4413.461426,4467.94873,,,,,,,,,,,,,,,,,,,,,,,,,,,,,,,,,,,,,,,,,,,,,,,,,,,,,,,,,,,,,,,,,,,,,,
1768920146.02716,1768920146.027505,73.0,0.0,4350.0,4347.692383,4359.615234,4360.0,4332.692383,4333.077148,4340.512695,4332.94873,4318.846191,4309.358887,4503.717773,4525.384766,4408.589844,4463.461426,,,,,,,,,,,,,,,,,,,,,,,,,,,,,,,,,,,,,,,,,,,,,,,,,,,,,,,,,,,,,,,,,,,,,,
1768920146.034968,1768920146.035214,74.0,0.0,4341.922852,4341.922852,4348.589844,4354.358887,4325.512695,4328.077148,4335.128418,4336.922852,4320.384766,4308.461426,4502.820313,4520.641113,4405.256348,4452.692383,,,,,,,,,,,,,,,,,,,,,,,,,,,,,,,,,,,,,,,,,,,,,,,,,,,,,,,,,,,,,,,,,,,,,,
1768920146.042777,1768920146.043022,75.0,0.0,4338.589844,4337.05127,4338.846191,4351.794922,4328.717773,4327.179688,4336.410156,4339.358887,4325.897461,4309.743652,4504.358887,4522.05127,4408.205078,4450.897461,,,,,,,,,,,,,,,,,,,,,,,,,,,,,,,,,,,,,,,,,,,,,,,,,,,,,,,,,,,,,,,,,,,,,,
1768920146.050585,1768920146.050631,76.0,0.0,4343.333496,4339.487305,4339.230957,4351.538574,4333.589844,4336.282227,4345.512695,4343.461426,4328.717773,4311.666504,4505.384766,4526.153809,4407.307617,4459.871582,,,,,,,,,,,,,,,,,,,,,,,,,,,,,,,,,,,,,,,,,,,,,,,,,,,,,,,,,,,,,,,,,,,,,,
1768920146.058394,1768920146.058439,77.0,0.0,4346.922852,4342.563965,4341.153809,4351.922852,4329.615234,4337.94873,4337.820313,4344.615234,4327.692383,4310.641113,4497.692383,4521.666504,4403.717773,4461.794922,,,,,,,,,,,,,,,,,,,,,,,,,,,,,,,,,,,,,,,,,,,,,,,,,,,,,,,,,,,,,,,,,,,,,,
1768920146.066202,1768920146.066148,78.0,0.0,4345.897461,4340.641113,4341.025879,4349.230957,4324.615234,4330.897461,4326.282227,4336.153809,4325.897461,4309.230957,4490.384766,4508.589844,4402.94873,4450.256348,,,,,,,,,,,,,,,,,,,,,,,,,,,,,,,,,,,,,,,,,,,,,,,,,,,,,,,,,,,,,,,,,,,,,,
1768920146.074011,1768920146.073956,79.0,0.0,4343.974121,4338.461426,4341.282227,4346.794922,4327.820313,4331.410156,4334.358887,4334.230957,4326.025879,4312.05127,4491.153809,4507.820313,4400.256348,4447.436035,,,,,,,,,,,,,,,,,,,,,,,,,,,,,,,,,,,,,,,,,,,,,,,,,,,,,,,,,,,,,,,,,,,,,,
1768920146.081819,1768920146.081965,80.0,0.0,4345.769043,4339.743652,4341.025879,4348.717773,4333.589844,4335.128418,4339.871582,4340.897461,4326.538574,4310.384766,4494.871582,4524.487305,4398.205078,4458.589844,1.313274,0.159874,0.189494,0.239052,0.09597,0.90896,0.333578,0.299159,0.235423,0.086529,1.387015,0.260453,0.23501,0.154202,0.102348,0.82028,0.217369,0.112089,0.064812,0.049826,0.284119,0.157874,0.05794,0.143343,0.064151,0.156927,0.297875,0.191303,0.164191,0.15965,0.560615,0.245976,0.240522,0.215422,0.129632,0.300819,0.120746,0.143383,0.11169,0.10268,0.538385,0.383804,0.36905,0.111261,0.105145,0.540573,0.839235,0.511042,0.176886,0.11787,1.066905,0.516841,0.501359,0.297604,0.200416,1.848716,0.467429,0.331095,0.336597,0.204315,0.843918,0.495915,0.375361,0.284931,0.21544,0.913492,0.521574,0.461262,0.455422,0.239413
1768920146.089628,1768920146.089773,81.0,0.0,4348.205078,4340.769043,4340.0,4352.307617,4330.384766,4330.512695,4329.102539,4339.487305,4321.666504,4301.282227,4496.410156,4529.615234,4400.769043,4462.307617,,,,,,,,,,,,,,,,,,,,,,,,,,,,,,,,,,,,,,,,,,,,,,,,,,,,,,,,,,,,,,,,,,,,,,
1768920146.097436,1768920146.097682,82.0,0.0,4349.230957,4341.794922,4341.666504,4353.333496,4325.512695,4324.743652,4322.692383,4330.897461,4314.102539,4301.025879,4494.102539,4514.358887,4400.0,4454.230957,,,,,,,,,,,,,,,,,,,,,,,,,,,,,,,,,,,,,,,,,,,,,,,,,,,,,,,,,,,,,,,,,,,,,,
1768920146.105245,1768920146.10549,83.0,0.0,4352.436035,4344.102539,4344.230957,4356.410156,4330.769043,4327.820313,4327.179688,4328.974121,4313.589844,4309.743652,4496.282227,4508.461426,4397.94873,4450.769043,,,,,,,,,,,,,,,,,,,,,,,,,,,,,,,,,,,,,,,,,,,,,,,,,,,,,,,,,,,,,,,,,,,,,,
1768920146.113053,1768920146.113098,84.0,0.0,4355.256348,4343.974121,4343.717773,4361.025879,4338.974121,4330.0,4328.077148,4333.717773,4320.256348,4312.179688,4502.563965,4516.410156,4403.333496,4455.0,,,,,,,,,,,,,,,,,,,,,,,,,,,,,,,,,,,,,,,,,,,,,,,,,,,,,,,,,,,,,,,,,,,,,,
1768920146.120862,1768920146.120907,85.0,0.0,4352.307617,4342.563965,4342.692383,4360.897461,4340.769043,4325.897461,4323.077148,4335.769043,4324.358887,4309.871582,4502.94873,4520.769043,4406.922852,4455.512695,,,,,,,,,,,,,,,,,,,,,,,,,,,,,,,,,,,,,,,,,,,,,,,,,,,,,,,,,,,,,,,,,,,,,,
1768920146.12867,1768920146.128615,86.0,0.0,4347.94873,4341.794922,4342.179688,4357.05127,4337.179688,4324.487305,4322.179688,4335.0,4320.0,4308.974121,4499.487305,4523.717773,4404.743652,4455.0,,,,,,,,,,,,,,,,,,,,,,,,,,,,,,,,,,,,,,,,,,,,,,,,,,,,,,,,,,,,,,,,,,,,,,
1768920146.136479,1768920146.136423,87.0,0.0,4344.230957,4338.333496,4337.820313,4353.717773,4329.615234,4328.717773,4327.05127,4338.077148,4319.871582,4308.974121,4497.94873,4527.820313,4402.307617,4457.563965,,,,,,,,,,,,,,,,,,,,,,,,,,,,,,,,,,,,,,,,,,,,,,,,,,,,,,,,,,,,,,,,,,,,,,
1768920146.144287,1768920146.144431,88.0,0.0,4340.128418,4334.358887,4335.512695,4352.436035,4323.974121,4331.794922,4328.846191,4338.077148,4321.410156,4306.153809,4492.820313,4526.282227,4397.820313,4456.666504,,,,,,,,,,,,,,,,,,,,,,,,,,,,,,,,,,,,,,,,,,,,,,,,,,,,,,,,,,,,,,,,,,,,,,
1768920146.152096,1768920146.15224,89.0,0.0,4339.871582,4335.512695,4341.025879,4353.589844,4327.436035,4327.820313,4326.153809,4332.94873,4317.05127,4303.846191,4493.846191,4518.461426,4393.461426,4455.512695,,,,,,,,,,,,,,,,,,,,,,,,,,,,,,,,,,,,,,,,,,,,,,,,,,,,,,,,,,,,,,,,,,,,,,
1768920146.159905,1768920146.160148,90.0,0.0,4338.846191,4337.563965,4343.333496,4355.0,4330.384766,4324.358887,4326.922852,4337.94873,4322.179688,4311.666504,4505.384766,4514.615234,4399.871582,4455.641113,,,,,,,,,,,,,,,,,,,,,,,,,,,,,,,,,,,,,,,,,,,,,,,,,,,,,,,,,,,,,,,,,,,,,,
1768920146.167713,1768920146.167957,91.0,0.0,4335.769043,4336.922852,4339.358887,4356.666504,4327.692383,4327.436035,4329.487305,4340.641113,4326.538574,4320.641113,4509.102539,4517.307617,4406.922852,4453.205078,,,,,,,,,,,,,,,,,,,,,,,,,,,,,,,,,,,,,,,,,,,,,,,,,,,,,,,,,,,,,,,,,,,,,,
1768920146.175521,1768920146.175965,92.0,0.0,4337.179688,4337.307617,4340.384766,4356.666504,4330.256348,4329.358887,4327.820313,4329.487305,4314.743652,4316.538574,4506.666504,4520.769043,4400.0,4453.205078,,,,,,,,,,,,,,,,,,,,,,,,,,,,,,,,,,,,,,,,,,,,,,,,,,,,,,,,,,,,,,,,,,,,,,
1768920146.18333,1768920146.183773,93.0,0.0,4340.897461,4339.230957,4342.307617,4356.794922,4333.589844,4325.769043,4326.410156,4329.230957,4313.205078,4310.897461,4507.94873,4526.922852,4397.179688,4461.025879,,,,,,,,,,,,,,,,,,,,,,,,,,,,,,,,,,,,,,,,,,,,,,,,,,,,,,,,,,,,,,,,,,,,,,
1768920146.191139,1768920146.191682,94.0,0.0,4345.512695,4339.871582,4342.05127,4359.615234,4330.256348,4323.846191,4327.436035,4343.333496,4328.717773,4313.717773,4509.743652,4532.94873,4408.717773,4466.538574,,,,,,,,,,,,,,,,,,,,,,,,,,,,,,,,,,,,,,,,,,,,,,,,,,,,,,,,,,,,,,,,,,,,,,
1768920146.198947,1768920146.19949,95.0,0.0,4351.922852,4340.897461,4346.410156,4360.384766,4330.512695,4327.563965,4331.410156,4345.641113,4330.641113,4316.025879,4509.615234,4528.589844,4411.794922,4462.436035,,,,,,,,,,,,,,,,,,,,,,,,,,,,,,,,,,,,,,,,,,,,,,,,,,,,,,,,,,,,,,,,,,,,,,
1768920146.206756,1768920146.207099,96.0,0.0,4349.358887,4339.230957,4348.846191,4356.794922,4335.512695,4334.230957,4344.743652,4336.794922,4324.230957,4314.358887,4508.589844,4522.179688,4404.230957,4455.641113,1.632429,0.150099,0.182115,0.24637,0.097872,1.066011,0.305376,0.233131,0.229269,0.084632,1.557767,0.240575,0.218365,0.149062,0.096476,0.936299,0.201124,0.097531,0.056568,0.04403,0.310766,0.156434,0.063104,0.126991,0.064599,0.141577,0.237402,0.196594,0.135036,0.164745,0.823118,0.281691,0.286039,0.189186,0.136079,0.294545,0.090695,0.144329,0.09927,0.089532,0.491452,0.344,0.336797,0.102679,0.09282,0.527323,0.759945,0.462666,0.190093,0.121003,1.112872,0.528187,0.443572,0.309866,0.174866,1.992853,0.466123,0.334557,0.33199,0.18239,0.869878,0.507059,0.334587,0.33627,0.204423,1.087868,0.565427,0.476436,0.467757,0.223092
1768920146.214564,1768920146.214907,97.0,0.0,4341.410156,4335.769043,4342.563965,4355.769043,4333.333496,4340.128418,4353.205078,4338.461426,4327.307617,4317.05127,4509.358887,4526.410156,4406.794922,4455.769043,,,,,,,,,,,,,,,,,,,,,,,,,,,,,,,,,,,,,,,,,,,,,,,,,,,,,,,,,,,,,,,,,,,,,,
1768920146.222373,1768920146.222715,98.0,0.0,4347.563965,4335.897461,4341.410156,4355.512695,4328.205078,4335.256348,4344.230957,4343.333496,4326.922852,4317.820313,4509.871582,4529.102539,4411.153809,4461.538574,,,,,,,,,,,,,,,,,,,,,,,,,,,,,,,,,,,,,,,,,,,,,,,,,,,,,,,,,,,,,,,,,,,,,,
1768920146.230181,1768920146.230524,99.0,0.0,4359.102539,4338.846191,4348.717773,4356.922852,4328.333496,4326.922852,4339.230957,4341.538574,4322.692383,4314.358887,4508.077148,4530.256348,4405.897461,4467.307617,,,,,,,,,,,,,,,,,,,,,,,,,,,,,,,,,,,,,,,,,,,,,,,,,,,,,,,,,,,,,,,,,,,,,,
1768920146.23799,1768920146.238132,100.0,0.0,4358.846191,4341.282227,4351.794922,4363.846191,4327.179688,4328.846191,4346.282227,4337.692383,4324.102539,4312.05127,4506.794922,4533.846191,4400.128418,4467.94873,,,,,,,,,,,,,,,,,,,,,,,,,,,,,,,,,,,,,,,,,,,,,,,,,,,,,,,,,,,,,,,,,,,,,,
1768920146.245798,1768920146.245941,101.0,0.0,4350.769043,4339.615234,4350.256348,4363.846191,4325.384766,4329.871582,4345.128418,4337.179688,4323.974121,4310.641113,4505.512695,4530.769043,4397.94873,4462.692383,,,,,,,,,,,,,,,,,,,,,,,,,,,,,,,,,,,,,,,,,,,,,,,,,,,,,,,,,,,,,,,,,,,,,,
1768920146.253607,1768920146.253649,102.0,0.0,4341.538574,4328.974121,4348.846191,4353.077148,4326.922852,4326.410156,4341.538574,4339.615234,4323.205078,4312.692383,4503.589844,4527.692383,4397.820313,4458.589844,,,,,,,,,,,,,,,,,,,,,,,,,,,,,,,,,,,,,,,,,,,,,,,,,,,,,,,,,,,,,,,,,,,,,,
1768920146.261415,1768920146.261458,103.0,0.0,4333.333496,4321.282227,4343.077148,4349.615234,4331.153809,4331.153809,4347.436035,4342.05127,4326.922852,4315.384766,4504.230957,4528.846191,4397.307617,4457.307617,,,,,,,,,,,,,,,,,,,,,,,,,,,,,,,,,,,,,,,,,,,,,,,,,,,,,,,,,,,,,,,,,,,,,,
1768920146.269224,1768920146.269066,104.0,0.0,4338.077148,4332.307617,4339.230957,4357.179688,4334.230957,4333.974121,4345.897461,4340.512695,4328.717773,4317.179688,4506.538574,4522.94873,4396.794922,4457.307617,,,,,,,,,,,,,,,,,,,,,,,,,,,,,,,,,,,,,,,,,,,,,,,,,,,,,,,,,,,,,,,,,,,,,,
1768920146.277032,1768920146.276875,105.0,0.0,4349.743652,4345.128418,4346.666504,4360.128418,4330.384766,4325.769043,4337.307617,4337.563965,4325.512695,4320.641113,4507.692383,4520.512695,4398.974121,4463.205078,,,,,,,,,,,,,,,,,,,,,,,,,,,,,,,,,,,,,,,,,,,,,,,,,,,,,,,,,,,,,,,,,,,,,,
1768920146.284841,1768920146.284783,106.0,0.0,4352.179688,4342.563965,4352.820313,4355.897461,4325.384766,4323.077148,4334.487305,4340.256348,4325.0,4322.692383,4508.205078,4529.230957,4407.94873,4473.077148,,,,,,,,,,,,,,,,,,,,,,,,,,,,,,,,,,,,,,,,,,,,,,,,,,,,,,,,,,,,,,,,,,,,,,
1768920146.292649,1768920146.292592,107.0,0.0,4347.307617,4340.769043,4346.153809,4355.512695,4325.641113,4327.820313,4331.666504,4339.487305,4324.487305,4318.077148,4508.461426,4530.128418,4413.846191,4474.487305,,,,,,,,,,,,,,,,,,,,,,,,,,,,,,,,,,,,,,,,,,,,,,,,,,,,,,,,,,,,,,,,,,,,,,
1768920146.300458,1768920146.3006,108.0,0.0,4338.717773,4338.846191,4340.0,4354.358887,4326.025879,4326.282227,4328.077148,4336.922852,4324.230957,4316.025879,4509.487305,4524.230957,4405.512695,4468.077148,,,,,,,,,,,,,,,,,,,,,,,,,,,,,,,,,,,,,,,,,,,,,,,,,,,,,,,,,,,,,,,,,,,,,,
1768920146.308266,1768920146.308408,109.0,0.0,4332.179688,4329.102539,4341.410156,4348.589844,4325.769043,4325.128418,4333.333496,4344.615234,4330.256348,4318.846191,4510.641113,4523.333496,4397.436035,4460.641113,,,,,,,,,,,,,,,,,,,,,,,,,,,,,,,,,,,,,,,,,,,,,,,,,,,,,,,,,,,,,,,,,,,,,,
1768920146.316075,1768920146.316117,110.0,0.0,4333.717773,4329.230957,4336.538574,4345.769043,4328.205078,4334.230957,4343.333496,4347.94873,4331.538574,4314.487305,4501.410156,4519.743652,4394.871582,4452.692383,,,,,,,,,,,,,,,,,,,,,,,,,,,,,,,,,,,,,,,,,,,,,,,,,,,,,,,,,,,,,,,,,,,,,,
1768920146.323883,1768920146.323925,111.0,0.0,4337.94873,4335.897461,4324.871582,4347.820313,4330.641113,4341.922852,4341.282227,4340.0,4325.384766,4310.256348,4492.820313,4512.820313,4390.897461,4446.794922,,,,,,,,,,,,,,,,,,,,,,,,,,,,,,,,,,,,,,,,,,,,,,,,,,,,,,,,,,,,,,,,,,,,,,
1768920146.331692,1768920146.331533,112.0,0.0,4337.94873,4332.563965,4325.256348,4348.846191,4330.256348,4337.563965,4334.743652,4338.205078,4325.128418,4313.589844,4497.179688,4509.743652,4391.666504,4445.128418,1.96345,0.136511,0.179152,0.24569,0.104756,1.170028,0.258434,0.182082,0.222334,0.090023,1.578112,0.231464,0.199973,0.149883,0.1002,0.992612,0.196243,0.088103,0.0536,0.04409,0.343955,0.153684,0.068993,0.114868,0.067756,0.135342,0.173466,0.191353,0.113776,0.169801,1.096443,0.336764,0.313502,0.166447,0.140622,0.285136,0.078946,0.152393,0.096518,0.08213,0.425732,0.299157,0.317041,0.1001,0.087898,0.50645,0.625792,0.393292,0.201973,0.128991,1.132255,0.516767,0.356139,0.322518,0.154248,1.951262,0.456669,0.319275,0.325923,0.165056,0.884768,0.496286,0.278216,0.383391,0.191783,1.208717,0.599144,0.443236,0.47352,0.207061
1768920146.3395,1768920146.339341,113.0,0.0,4338.205078,4332.179688,4336.922852,4348.717773,4327.307617,4336.794922,4338.205078,4344.102539,4328.846191,4312.436035,4499.102539,4511.025879,4397.179688,4446.538574,,,,,,,,,,,,,,,,,,,,,,,,,,,,,,,,,,,,,,,,,,,,,,,,,,,,,,,,,,,,,,,,,,,,,,
1768920146.347309,1768920146.34705,114.0,0.0,4342.94873,4337.307617,4344.487305,4353.077148,4326.666504,4337.820313,4336.922852,4343.333496,4326.794922,4308.846191,4496.025879,4515.512695,4396.922852,4450.641113,,,,,,,,,,,,,,,,,,,,,,,,,,,,,,,,,,,,,,,,,,,,,,,,,,,,,,,,,,,,,,,,,,,,,,
1768920146.355117,1768920146.354858,115.0,0.0,4342.820313,4334.487305,4341.410156,4357.436035,4331.666504,4331.538574,4326.410156,4339.230957,4323.205078,4310.128418,4495.769043,4516.538574,4393.974121,4449.871582,,,,,,,,,,,,,,,,,,,,,,,,,,,,,,,,,,,,,,,,,,,,,,,,,,,,,,,,,,,,,,,,,,,,,,
1768920146.362926,1768920146.362866,116.0,0.0,4337.179688,4329.102539,4336.025879,4354.487305,4331.410156,4330.0,4327.563965,4344.102539,4326.025879,4311.538574,4498.846191,4515.0,4395.128418,4445.897461,,,,,,,,,,,,,,,,,,,,,,,,,,,,,,,,,,,,,,,,,,,,,,,,,,,,,,,,,,,,,,,,,,,,,,
1768920146.370735,1768920146.370675,117.0,0.0,4335.897461,4334.871582,4338.461426,4352.436035,4328.077148,4338.846191,4336.794922,4348.717773,4328.461426,4311.410156,4499.230957,4514.487305,4393.974121,4447.436035,,,,,,,,,,,,,,,,,,,,,,,,,,,,,,,,,,,,,,,,,,,,,,,,,,,,,,,,,,,,,,,,,,,,,,
1768920146.378543,1768920146.378583,118.0,0.0,4338.077148,4342.05127,4342.307617,4354.358887,4331.794922,4340.128418,4332.307617,4343.717773,4324.358887,4310.384766,4495.128418,4512.94873,4390.384766,4448.077148,,,,,,,,,,,,,,,,,,,,,,,,,,,,,,,,,,,,,,,,,,,,,,,,,,,,,,,,,,,,,,,,,,,,,,
1768920146.386351,1768920146.386391,119.0,0.0,4337.179688,4336.410156,4339.743652,4353.846191,4332.436035,4330.384766,4323.974121,4341.538574,4323.077148,4309.615234,4494.487305,4516.025879,4388.333496,4448.205078,,,,,,,,,,,,,,,,,,,,,,,,,,,,,,,,,,,,,,,,,,,,,,,,,,,,,,,,,,,,,,,,,,,,,,
1768920146.39416,1768920146.3944,120.0,0.0,4336.666504,4329.743652,4339.358887,4353.205078,4327.94873,4329.743652,4326.410156,4345.0,4328.205078,4310.512695,4496.666504,4518.717773,4388.589844,4450.641113,,,,,,,,,,,,,,,,,,,,,,,,,,,,,,,,,,,,,,,,,,,,,,,,,,,,,,,,,,,,,,,,,,,,,,
1768920146.401969,1768920146.402208,121.0,0.0,4341.410156,4335.769043,4347.307617,4357.179688,4330.256348,4334.487305,4328.205078,4343.333496,4327.820313,4311.666504,4499.102539,4518.974121,4392.94873,4450.897461,,,,,,,,,,,,,,,,,,,,,,,,,,,,,,,,,,,,,,,,,,,,,,,,,,,,,,,,,,,,,,,,,,,,,,
1768920146.409777,1768920146.410116,122.0,0.0,4345.0,4339.743652,4348.589844,4356.538574,4334.487305,4335.641113,4325.897461,4342.05127,4325.384766,4311.538574,4502.179688,4525.0,4394.743652,4453.717773,,,,,,,,,,,,,,,,,,,,,,,,,,,,,,,,,,,,,,,,,,,,,,,,,,,,,,,,,,,,,,,,,,,,,,
1768920146.417585,1768920146.417925,123.0,0.0,4342.179688,4328.974121,4343.717773,4351.025879,4334.230957,4340.384766,4328.846191,4345.641113,4328.589844,4310.897461,4509.487305,4533.589844,4394.487305,4461.025879,,,,,,,,,,,,,,,,,,,,,,,,,,,,,,,,,,,,,,,,,,,,,,,,,,,,,,,,,,,,,,,,,,,,,,
1768920146.425394,1768920146.425933,124.0,0.0,4337.94873,4322.692383,4340.256348,4347.563965,4334.487305,4340.769043,4329.743652,4345.0,4327.563965,4309.615234,4505.384766,4527.179688,4393.333496,4456.538574,,,,,,,,,,,,,,,,,,,,,,,,,,,,,,,,,,,,,,,,,,,,,,,,,,,,,,,,,,,,,,,,,,,,,,
1768920146.433203,1768920146.433742,125.0,0.0,4336.410156,4327.820313,4333.077148,4344.230957,4335.512695,4333.333496,4321.153809,4340.897461,4324.743652,4308.461426,4493.077148,4513.717773,4388.205078,4443.717773,,,,,,,,,,,,,,,,,,,,,,,,,,,,,,,,,,,,,,,,,,,,,,,,,,,,,,,,,,,,,,,,,,,,,,
1768920146.441011,1768920146.441451,126.0,0.0,4335.384766,4321.538574,4327.179688,4340.512695,4333.589844,4332.563965,4319.102539,4341.153809,4328.077148,4307.820313,4491.025879,4506.410156,4383.846191,4438.589844,,,,,,,,,,,,,,,,,,,,,,,,,,,,,,,,,,,,,,,,,,,,,,,,,,,,,,,,,,,,,,,,,,,,,,
1768920146.44882,1768920146.449259,127.0,0.0,4335.897461,4310.0,4329.102539,4339.102539,4329.743652,4339.615234,4327.563965,4344.871582,4329.743652,4308.077148,4492.05127,4502.179688,4383.461426,4438.333496,,,,,,,,,,,,,,,,,,,,,,,,,,,,,,,,,,,,,,,,,,,,,,,,,,,,,,,,,,,,,,,,,,,,,,
1768920146.456628,1768920146.457268,0.0,0.0,4340.256348,4318.461426,4338.846191,4343.846191,4325.641113,4337.820313,4328.205078,4349.487305,4330.897461,4316.410156,4497.94873,4509.487305,4391.794922,4449.358887,2.241049,0.130089,0.178396,0.241951,0.11375,1.212183,0.211134,0.155565,0.217763,0.101624,1.467719,0.229987,0.184585,0.164083,0.109695,0.973808,0.207931,0.088279,0.057684,0.051092,0.369201,0.153156,0.076879,0.104021,0.072175,0.142788,0.121448,0.180039,0.100107,0.172688,1.287986,0.386206,0.31679,0.146911,0.140948,0.269715,0.079559,0.171057,0.100764,0.080205,0.35587,0.257978,0.322341,0.101946,0.089468,0.490408,0.473876,0.32468,0.210456,0.139744,1.164952,0.493059,0.265492,0.334294,0.145125,1.761275,0.444949,0.290391,0.326421,0.157037,0.910985,0.469234,0.220919,0.409405,0.180774,1.255335,0.612614,0.367241,0.468683,0.195867
1768920146.464437,1768920146.465076,1.0,0.0,4346.025879,4337.436035,4353.077148,4356.410156,4327.563965,4334.487305,4324.230957,4353.333496,4336.025879,4326.794922,4512.94873,4523.589844,4407.05127,4463.333496,,,,,,,,,,,,,,,,,,,,,,,,,,,,,,,,,,,,,,,,,,,,,,,,,,,,,,,,,,,,,,,,,,,,,,
1768920146.472245,1768920146.472785,2.0,0.0,4348.205078,4343.205078,4361.666504,4364.230957,4330.256348,4333.461426,4321.025879,4350.641113,4333.846191,4323.333496,4518.589844,4528.077148,4413.461426,4463.205078,,,,,,,,,,,,,,,,,,,,,,,,,,,,,,,,,,,,,,,,,,,,,,,,,,,,,,,,,,,,,,,,,,,,,,
1768920146.480054,1768920146.480593,3.0,0.0,4345.897461,4339.615234,4356.666504,4358.974121,4326.153809,4327.94873,4313.589844,4345.769043,4325.641113,4312.05127,4509.743652,4527.436035,4406.282227,4461.922852,,,,,,,,,,,,,,,,,,,,,,,,,,,,,,,,,,,,,,,,,,,,,,,,,,,,,,,,,,,,,,,,,,,,,,
1768920146.487862,1768920146.488601,4.0,0.0,4341.666504,4336.025879,4347.05127,4349.743652,4324.487305,4324.102539,4311.666504,4347.436035,4326.153809,4308.846191,4504.743652,4528.077148,4400.0,4461.666504,,,,,,,,,,,,,,,,,,,,,,,,,,,,,,,,,,,,,,,,,,,,,,,,,,,,,,,,,,,,,,,,,,,,,,
1768920146.495671,1768920146.49641,5.0,0.0,4340.256348,4332.436035,4343.974121,4347.820313,4328.205078,4327.436035,4319.102539,4350.256348,4330.512695,4316.538574,4510.0,4529.230957,4403.974121,4460.256348,,,,,,,,,,,,,,,,,,,,,,,,,,,,,,,,,,,,,,,,,,,,,,,,,,,,,,,,,,,,,,,,,,,,,,
1768920146.503479,1768920146.504318,6.0,0.0,4340.769043,4331.153809,4343.846191,4347.94873,4328.461426,4333.077148,4321.538574,4343.461426,4326.922852,4319.230957,4509.615234,4524.102539,4404.487305,4462.563965,,,,,,,,,,,,,,,,,,,,,,,,,,,,,,,,,,,,,,,,,,,,,,,,,,,,,,,,,,,,,,,,,,,,,,
1768920146.511288,1768920146.512127,7.0,0.0,4337.820313,4328.589844,4339.358887,4343.077148,4323.717773,4331.922852,4314.358887,4335.641113,4319.743652,4311.410156,4503.589844,4518.717773,4395.512695,4459.358887,,,,,,,,,,,,,,,,,,,,,,,,,,,,,,,,,,,,,,,,,,,,,,,,,,,,,,,,,,,,,,,,,,,,,,
1768920146.519096,1768920146.519735,8.0,0.0,4331.922852,4325.0,4336.282227,4342.05127,4322.307617,4326.794922,4311.666504,4339.615234,4320.769043,4306.794922,4503.205078,4520.0,4391.025879,4448.077148,,,,,,,,,,,,,,,,,,,,,,,,,,,,,,,,,,,,,,,,,,,,,,,,,,,,,,,,,,,,,,,,,,,,,,
1768920146.526905,1768920146.527543,9.0,0.0,4331.153809,4330.384766,4343.589844,4348.846191,4328.461426,4329.358887,4315.897461,4347.307617,4325.256348,4312.05127,4508.205078,4522.820313,4396.282227,4449.230957,,,,,,,,,,,,,,,,,,,,,,,,,,,,,,,,,,,,,,,,,,,,,,,,,,,,,,,,,,,,,,,,,,,,,,
1768920146.534713,1768920146.535252,10.0,0.0,4338.461426,4336.922852,4351.153809,4356.025879,4331.666504,4332.563965,4317.436035,4346.794922,4319.871582,4314.358887,4508.077148,4522.307617,4399.230957,4458.461426,,,,,,,,,,,,,,,,,,,,,,,,,,,,,,,,,,,,,,,,,,,,,,,,,,,,,,,,,,,,,,,,,,,,,,
1768920146.542522,1768920146.54306,11.0,0.0,4347.307617,4338.077148,4349.102539,4358.974121,4326.538574,4327.179688,4312.436035,4341.410156,4310.384766,4310.256348,4506.410156,4522.307617,4396.666504,4459.615234,,,,,,,,,,,,,,,,,,,,,,,,,,,,,,,,,,,,,,,,,,,,,,,,,,,,,,,,,,,,,,,,,,,,,,
1768920146.55033,1768920146.551068,12.0,0.0,4348.461426,4341.282227,4347.05127,4360.512695,4323.461426,4323.589844,4306.025879,4339.871582,4309.743652,4309.230957,4509.871582,4523.974121,4396.922852,4460.128418,,,,,,,,,,,,,,,,,,,,,,,,,,,,,,,,,,,,,,,,,,,,,,,,,,,,,,,,,,,,,,,,,,,,,,
1768920146.558139,1768920146.558877,13.0,0.0,4345.256348,4342.563965,4345.384766,4359.871582,4325.641113,4326.538574,4308.717773,4341.410156,4312.05127,4310.512695,4504.615234,4522.05127,4396.794922,4463.333496,,,,,,,,,,,,,,,,,,,,,,,,,,,,,,,,,,,,,,,,,,,,,,,,,,,,,,,,,,,,,,,,,,,,,,
1768920146.565947,1768920146.566785,14.0,0.0,4343.717773,4339.102539,4340.897461,4354.871582,4319.230957,4325.641113,4307.563965,4339.615234,4311.282227,4310.769043,4499.102539,4518.589844,4395.128418,4461.794922,,,,,,,,,,,,,,,,,,,,,,,,,,,,,,,,,,,,,,,,,,,,,,,,,,,,,,,,,,,,,,,,,,,,,,
1768920146.573756,1768920146.574593,15.0,0.0,4342.820313,4337.692383,4341.666504,4352.307617,4312.692383,4323.077148,4299.102539,4339.871582,4312.820313,4307.94873,4505.641113,4521.538574,4393.589844,4460.512695,,,,,,,,,,,,,,,,,,,,,,,,,,,,,,,,,,,,,,,,,,,,,,,,,,,,,,,,,,,,,,,,,,,,,,
1768920146.581565,1768920146.582602,16.0,0.0,4341.666504,4335.641113,4345.384766,4354.358887,4319.871582,4324.615234,4298.717773,4341.922852,4313.974121,4306.410156,4503.333496,4523.717773,4388.077148,4459.358887,2.389982,0.144394,0.178198,0.246374,0.122186,1.193834,0.181591,0.149392,0.21828,0.116085,1.289061,0.231126,0.172597,0.196235,0.122013,0.887909,0.237338,0.098808,0.069601,0.0637,0.369932,0.157009,0.089207,0.094187,0.07662,0.165454,0.094437,0.166596,0.093914,0.172685,1.342799,0.40926,0.297209,0.134886,0.138472,0.253566,0.087094,0.199161,0.108348,0.083916,0.302553,0.228897,0.352585,0.105137,0.095455,0.490289,0.3415,0.271443,0.213622,0.14842,1.238005,0.468265,0.196755,0.341886,0.147889,1.517476,0.433548,0.257147,0.339919,0.159961,0.957793,0.438457,0.182983,0.407082,0.173261,1.244279,0.602289,0.272565,0.452384,0.191591
1768920146.589373,1768920146.59041,17.0,0.0,4337.94873,4329.871582,4343.333496,4350.256348,4324.743652,4324.487305,4301.410156,4338.846191,4310.0,4306.153809,4491.282227,4518.461426,4384.230957,4451.538574,,,,,,,,,,,,,,,,,,,,,,,,,,,,,,,,,,,,,,,,,,,,,,,,,,,,,,,,,,,,,,,,,,,,,,
1768920146.597181,1768920146.598319,18.0,0.0,4336.153809,4325.769043,4341.025879,4344.102539,4319.487305,4324.358887,4298.717773,4339.615234,4310.384766,4302.05127,4490.512695,4511.922852,4382.436035,4444.487305,,,,,,,,,,,,,,,,,,,,,,,,,,,,,,,,,,,,,,,,,,,,,,,,,,,,,,,,,,,,,,,,,,,,,,
1768920146.60499,1768920146.606127,19.0,0.0,4338.717773,4325.512695,4341.922852,4346.666504,4315.0,4323.461426,4298.717773,4341.410156,4310.897461,4294.871582,4493.717773,4509.230957,4378.333496,4443.333496,,,,,,,,,,,,,,,,,,,,,,,,,,,,,,,,,,,,,,,,,,,,,,,,,,,,,,,,,,,,,,,,,,,,,,
1768920146.612799,1768920146.613736,20.0,0.0,4337.05127,4324.230957,4341.794922,4348.205078,4317.179688,4318.589844,4304.871582,4333.974121,4304.102539,4289.230957,4487.692383,4506.282227,4377.436035,4442.307617,,,,,,,,,,,,,,,,,,,,,,,,,,,,,,,,,,,,,,,,,,,,,,,,,,,,,,,,,,,,,,,,,,,,,,
1768920146.620607,1768920146.621544,21.0,0.0,4332.820313,4322.05127,4338.589844,4341.538574,4318.461426,4321.025879,4311.153809,4333.077148,4303.589844,4289.743652,4487.436035,4506.794922,4380.0,4440.641113,,,,,,,,,,,,,,,,,,,,,,,,,,,,,,,,,,,,,,,,,,,,,,,,,,,,,,,,,,,,,,,,,,,,,,
1768920146.628415,1768920146.629253,22.0,0.0,4335.256348,4324.102539,4338.077148,4339.102539,4318.077148,4330.256348,4307.307617,4339.487305,4312.179688,4293.461426,4490.769043,4513.717773,4380.897461,4446.538574,,,,,,,,,,,,,,,,,,,,,,,,,,,,,,,,,,,,,,,,,,,,,,,,,,,,,,,,,,,,,,,,,,,,,,
1768920146.636224,1768920146.637061,23.0,0.0,4338.717773,4330.384766,4341.922852,4346.410156,4321.025879,4327.94873,4295.897461,4337.05127,4312.94873,4299.102539,4490.769043,4514.871582,4386.666504,4453.077148,,,,,,,,,,,,,,,,,,,,,,,,,,,,,,,,,,,,,,,,,,,,,,,,,,,,,,,,,,,,,,,,,,,,,,
1768920146.644033,1768920146.64467,24.0,0.0,4335.512695,4336.025879,4343.589844,4351.922852,4325.769043,4323.333496,4299.358887,4336.922852,4309.230957,4303.974121,4500.384766,4515.641113,4392.692383,4451.282227,,,,,,,,,,,,,,,,,,,,,,,,,,,,,,,,,,,,,,,,,,,,,,,,,,,,,,,,,,,,,,,,,,,,,,
1768920146.651841,1768920146.652479,25.0,0.0,4334.487305,4340.641113,4343.717773,4352.820313,4328.077148,4327.692383,4308.974121,4342.820313,4312.307617,4306.410156,4507.307617,4520.128418,4392.05127,4448.461426,,,,,,,,,,,,,,,,,,,,,,,,,,,,,,,,,,,,,,,,,,,,,,,,,,,,,,,,,,,,,,,,,,,,,,
1768920146.65965,1768920146.660187,26.0,0.0,4336.410156,4341.025879,4342.563965,4352.692383,4326.538574,4325.512695,4297.05127,4340.384766,4313.717773,4305.769043,4496.153809,4516.282227,4388.717773,4446.410156,,,,,,,,,,,,,,,,,,,,,,,,,,,,,,,,,,,,,,,,,,,,,,,,,,,,,,,,,,,,,,,,,,,,,,
1768920146.667458,1768920146.667996,27.0,0.0,4333.974121,4333.077148,4338.461426,4348.333496,4325.256348,4319.871582,4291.666504,4338.974121,4311.153809,4299.615234,4487.563965,4504.871582,4385.897461,4442.436035,,,,,,,,,,,,,,,,,,,,,,,,,,,,,,,,,,,,,,,,,,,,,,,,,,,,,,,,,,,,,,,,,,,,,,
1768920146.675267,1768920146.676004,28.0,0.0,4331.410156,4330.384766,4338.974121,4345.128418,4325.897461,4325.384766,4307.563965,4345.128418,4313.461426,4295.256348,4491.410156,4504.102539,4380.384766,4437.179688,,,,,,,,,,,,,,,,,,,,,,,,,,,,,,,,,,,,,,,,,,,,,,,,,,,,,,,,,,,,,,,,,,,,,,
1768920146.683075,1768920146.683812,29.0,0.0,4332.692383,4336.538574,4344.230957,4348.461426,4325.128418,4327.436035,4306.410156,4342.436035,4311.282227,4296.794922,4489.230957,4515.0,4377.563965,4439.102539,,,,,,,,,,,,,,,,,,,,,,,,,,,,,,,,,,,,,,,,,,,,,,,,,,,,,,,,,,,,,,,,,,,,,,
1768920146.690884,1768920146.691721,30.0,0.0,4334.743652,4335.256348,4342.05127,4350.0,4323.974121,4321.282227,4293.077148,4337.692383,4308.717773,4300.769043,4491.794922,4521.666504,4387.307617,4447.436035,,,,,,,,,,,,,,,,,,,,,,,,,,,,,,,,,,,,,,,,,,,,,,,,,,,,,,,,,,,,,,,,,,,,,,
1768920146.698692,1768920146.699529,31.0,0.0,4334.102539,4331.025879,4335.512695,4346.410156,4323.461426,4317.820313,4295.0,4342.94873,4316.153809,4308.974121,4504.871582,4521.025879,4397.307617,4450.512695,,,,,,,,,,,,,,,,,,,,,,,,,,,,,,,,,,,,,,,,,,,,,,,,,,,,,,,,,,,,,,,,,,,,,,
1768920146.706501,1768920146.707537,32.0,0.0,4333.846191,4331.794922,4336.538574,4346.025879,4326.538574,4320.256348,4297.94873,4343.205078,4319.743652,4312.05127,4503.205078,4517.94873,4393.974121,4446.922852,2.363454,0.188738,0.180421,0.267403,0.127035,1.117623,0.184955,0.155584,0.224739,0.129635,1.109862,0.237495,0.16955,0.244969,0.134157,0.759315,0.281423,0.119897,0.088503,0.078512,0.338157,0.164998,0.107346,0.087307,0.080171,0.198901,0.098636,0.153279,0.096059,0.170164,1.258077,0.40144,0.262311,0.13592,0.137186,0.23042,0.096514,0.228812,0.114605,0.092924,0.272807,0.210622,0.390795,0.105539,0.103145,0.50232,0.25029,0.233394,0.210016,0.149817,1.342506,0.445875,0.160055,0.341855,0.156114,1.298393,0.421636,0.231098,0.366332,0.169909,1.010404,0.416165,0.177523,0.37977,0.168175,1.204135,0.577011,0.195007,0.427686,0.192235
1768920146.714309,1768920146.715346,33.0,0.0,4335.769043,4332.563965,4338.077148,4349.743652,4327.307617,4323.974121,4295.256348,4335.897461,4309.230957,4301.410156,4490.897461,4513.461426,4387.94873,4441.666504,,,,,,,,,,,,,,,,,,,,,,,,,,,,,,,,,,,,,,,,,,,,,,,,,,,,,,,,,,,,,,,,,,,,,,
1768920146.722118,1768920146.723054,34.0,0.0,4336.410156,4332.179688,4338.461426,4351.282227,4325.128418,4327.563965,4301.410156,4337.436035,4305.769043,4297.05127,4495.256348,4509.358887,4393.205078,4442.692383,,,,,,,,,,,,,,,,,,,,,,,,,,,,,,,,,,,,,,,,,,,,,,,,,,,,,,,,,,,,,,,,,,,,,,
1768920146.729926,1768920146.730862,35.0,0.0,4336.794922,4336.922852,4339.230957,4352.820313,4324.615234,4323.974121,4301.794922,4341.282227,4315.769043,4311.538574,4507.563965,4511.922852,4400.641113,4452.179688,,,,,,,,,,,,,,,,,,,,,,,,,,,,,,,,,,,,,,,,,,,,,,,,,,,,,,,,,,,,,,,,,,,,,,
1768920146.737735,1768920146.738471,36.0,0.0,4342.820313,4340.769043,4340.897461,4354.358887,4325.512695,4323.333496,4297.94873,4344.102539,4320.256348,4315.769043,4509.102539,4520.641113,4399.358887,4457.05127,,,,,,,,,,,,,,,,,,,,,,,,,,,,,,,,,,,,,,,,,,,,,,,,,,,,,,,,,,,,,,,,,,,,,,
1768920146.745543,1768920146.746279,37.0,0.0,4346.410156,4341.410156,4352.179688,4356.538574,4326.538574,4331.025879,4308.077148,4347.820313,4316.922852,4307.820313,4509.230957,4526.922852,4398.077148,4449.230957,,,,,,,,,,,,,,,,,,,,,,,,,,,,,,,,,,,,,,,,,,,,,,,,,,,,,,,,,,,,,,,,,,,,,,
1768920146.753352,1768920146.754187,38.0,0.0,4341.282227,4340.769043,4358.205078,4356.922852,4325.769043,4327.563965,4306.410156,4339.871582,4311.538574,4306.922852,4504.615234,4523.205078,4397.05127,4442.563965,,,,,,,,,,,,,,,,,,,,,,,,,,,,,,,,,,,,,,,,,,,,,,,,,,,,,,,,,,,,,,,,,,,,,,
1768920146.76116,1768920146.761996,39.0,0.0,4335.641113,4335.769043,4346.922852,4352.436035,4325.128418,4320.0,4291.666504,4331.538574,4307.563965,4308.589844,4495.641113,4513.974121,4394.487305,4443.717773,,,,,,,,,,,,,,,,,,,,,,,,,,,,,,,,,,,,,,,,,,,,,,,,,,,,,,,,,,,,,,,,,,,,,,
1768920146.768969,1768920146.770004,40.0,0.0,4330.769043,4329.230957,4337.436035,4346.282227,4325.512695,4322.436035,4292.820313,4343.205078,4315.769043,4311.282227,4499.358887,4513.461426,4394.487305,4441.666504,,,,,,,,,,,,,,,,,,,,,,,,,,,,,,,,,,,,,,,,,,,,,,,,,,,,,,,,,,,,,,,,,,,,,,
1768920146.776777,1768920146.777812,41.0,0.0,4328.846191,4327.307617,4339.358887,4343.077148,4323.461426,4316.153809,4291.538574,4348.205078,4322.05127,4316.025879,4507.307617,4515.128418,4395.128418,4436.410156,,,,,,,,,,,,,,,,,,,,,,,,,,,,,,,,,,,,,,,,,,,,,,,,,,,,,,,,,,,,,,,,,,,,,,
1768920146.784586,1768920146.785521,42.0,0.0,4335.384766,4330.256348,4340.512695,4347.307617,4317.179688,4305.128418,4279.102539,4334.487305,4312.436035,4312.692383,4503.205078,4516.025879,4394.615234,4438.974121,,,,,,,,,,,,,,,,,,,,,,,,,,,,,,,,,,,,,,,,,,,,,,,,,,,,,,,,,,,,,,,,,,,,,,
1768920146.792395,1768920146.793329,43.0,0.0,4339.487305,4333.589844,4340.0,4352.820313,4315.769043,4315.128418,4286.025879,4332.820313,4306.538574,4309.230957,4501.666504,4518.974121,4396.153809,4445.769043,,,,,,,,,,,,,,,,,,,,,,,,,,,,,,,,,,,,,,,,,,,,,,,,,,,,,,,,,,,,,,,,,,,,,,
1768920146.800203,1768920146.800938,44.0,0.0,4334.358887,4336.410156,4340.384766,4353.077148,4323.461426,4328.205078,4301.538574,4343.589844,4315.256348,4314.102539,4508.589844,4517.820313,4399.743652,4448.461426,,,,,,,,,,,,,,,,,,,,,,,,,,,,,,,,,,,,,,,,,,,,,,,,,,,,,,,,,,,,,,,,,,,,,,
1768920146.808011,1768920146.808746,45.0,0.0,4330.0,4337.94873,4339.102539,4353.333496,4327.05127,4324.871582,4300.384766,4345.256348,4317.692383,4316.025879,4507.692383,4512.820313,4398.333496,4445.512695,,,,,,,,,,,,,,,,,,,,,,,,,,,,,,,,,,,,,,,,,,,,,,,,,,,,,,,,,,,,,,,,,,,,,,
1768920146.81582,1768920146.816455,46.0,0.0,4333.205078,4341.666504,4342.692383,4356.282227,4327.563965,4327.436035,4306.282227,4345.384766,4317.05127,4311.025879,4505.0,4518.589844,4394.487305,4443.717773,,,,,,,,,,,,,,,,,,,,,,,,,,,,,,,,,,,,,,,,,,,,,,,,,,,,,,,,,,,,,,,,,,,,,,
1768920146.823629,1768920146.824263,47.0,0.0,4341.153809,4348.717773,4350.641113,4361.794922,4332.820313,4333.974121,4315.0,4351.794922,4320.897461,4310.128418,4508.846191,4534.230957,4396.538574,4447.05127,,,,,,,,,,,,,,,,,,,,,,,,,,,,,,,,,,,,,,,,,,,,,,,,,,,,,,,,,,,,,,,,,,,,,,
1768920146.831437,1768920146.831872,48.0,0.0,4344.487305,4350.0,4350.256348,4362.436035,4333.461426,4326.666504,4302.307617,4350.769043,4315.769043,4311.666504,4507.563965,4534.230957,4398.461426,4446.410156,2.16793,0.261533,0.19008,0.304046,0.125736,0.999734,0.232963,0.172237,0.23655,0.139582,0.983109,0.260579,0.1899,0.304105,0.143069,0.616168,0.337393,0.15477,0.112865,0.091363,0.279405,0.173972,0.128297,0.084668,0.082166,0.230592,0.128254,0.139335,0.106256,0.164862,1.07923,0.370825,0.222325,0.151452,0.140484,0.211886,0.105457,0.249251,0.115375,0.105677,0.285153,0.194774,0.414068,0.100422,0.110262,0.537116,0.204646,0.200941,0.200739,0.141846,1.449203,0.424694,0.151751,0.334196,0.160992,1.160807,0.409219,0.225716,0.400934,0.179128,1.073304,0.41325,0.206075,0.33988,0.162465,1.169116,0.556673,0.168679,0.402108,0.192767
1768920146.839245,1768920146.83968,49.0,0.0,4338.077148,4343.589844,4342.179688,4356.282227,4326.922852,4323.077148,4294.743652,4343.974121,4312.179688,4310.641113,4503.974121,4521.410156,4396.282227,4443.717773,,,,,,,,,,,,,,,,,,,,,,,,,,,,,,,,,,,,,,,,,,,,,,,,,,,,,,,,,,,,,,,,,,,,,,
1768920146.847054,1768920146.847389,50.0,0.0,4334.487305,4340.256348,4341.666504,4356.794922,4325.128418,4330.641113,4304.871582,4345.384766,4316.794922,4308.461426,4505.256348,4518.077148,4396.666504,4447.563965,,,,,,,,,,,,,,,,,,,,,,,,,,,,,,,,,,,,,,,,,,,,,,,,,,,,,,,,,,,,,,,,,,,,,,
1768920146.854863,1768920146.855197,51.0,0.0,4343.333496,4344.358887,4354.230957,4366.794922,4329.358887,4330.897461,4303.846191,4347.436035,4315.897461,4309.615234,4507.436035,4525.128418,4398.974121,4453.077148,,,,,,,,,,,,,,,,,,,,,,,,,,,,,,,,,,,,,,,,,,,,,,,,,,,,,,,,,,,,,,,,,,,,,,
1768920146.862671,1768920146.862806,52.0,0.0,4352.436035,4346.153809,4362.692383,4369.487305,4330.0,4322.307617,4290.256348,4341.025879,4311.666504,4309.487305,4506.410156,4527.820313,4398.589844,4448.974121,,,,,,,,,,,,,,,,,,,,,,,,,,,,,,,,,,,,,,,,,,,,,,,,,,,,,,,,,,,,,,,,,,,,,,
1768920146.87048,1768920146.870614,53.0,0.0,4350.128418,4343.205078,4357.563965,4365.384766,4326.666504,4320.0,4294.358887,4336.794922,4312.179688,4306.153809,4503.974121,4523.974121,4398.717773,4443.589844,,,,,,,,,,,,,,,,,,,,,,,,,,,,,,,,,,,,,,,,,,,,,,,,,,,,,,,,,,,,,,,,,,,,,,
1768920146.878288,1768920146.878322,54.0,0.0,4342.307617,4339.615234,4350.256348,4365.512695,4324.743652,4325.897461,4304.358887,4341.794922,4310.384766,4305.897461,4503.974121,4517.179688,4398.717773,4443.589844,,,,,,,,,,,,,,,,,,,,,,,,,,,,,,,,,,,,,,,,,,,,,,,,,,,,,,,,,,,,,,,,,,,,,,
1768920146.886097,1768920146.886131,55.0,0.0,4338.846191,4340.769043,4349.743652,4366.025879,4324.102539,4323.717773,4295.512695,4341.922852,4309.230957,4308.846191,4505.0,4513.077148,4394.743652,4441.794922,,,,,,,,,,,,,,,,,,,,,,,,,,,,,,,,,,,,,,,,,,,,,,,,,,,,,,,,,,,,,,,,,,,,,,
1768920146.893905,1768920146.894139,56.0,0.0,4343.077148,4342.94873,4350.769043,4365.256348,4323.077148,4315.384766,4289.102539,4337.179688,4312.820313,4310.0,4507.307617,4523.589844,4401.282227,4449.871582,,,,,,,,,,,,,,,,,,,,,,,,,,,,,,,,,,,,,,,,,,,,,,,,,,,,,,,,,,,,,,,,,,,,,,
1768920146.901714,1768920146.901947,57.0,0.0,4347.436035,4342.307617,4351.282227,4364.102539,4323.589844,4318.333496,4300.0,4339.871582,4311.538574,4309.743652,4508.846191,4535.128418,4408.846191,4458.333496,,,,,,,,,,,,,,,,,,,,,,,,,,,,,,,,,,,,,,,,,,,,,,,,,,,,,,,,,,,,,,,,,,,,,,
1768920146.909522,1768920146.909856,58.0,0.0,4342.563965,4341.282227,4350.128418,4360.897461,4325.641113,4327.179688,4306.538574,4343.461426,4309.871582,4310.0,4506.282227,4530.0,4399.102539,4453.077148,,,,,,,,,,,,,,,,,,,,,,,,,,,,,,,,,,,,,,,,,,,,,,,,,,,,,,,,,,,,,,,,,,,,,,
1768920146.917331,1768920146.917664,59.0,0.0,4335.512695,4340.897461,4345.641113,4357.05127,4324.358887,4324.487305,4297.05127,4341.282227,4313.974121,4309.358887,4504.743652,4521.922852,4396.153809,4452.94873,,,,,,,,,,,,,,,,,,,,,,,,,,,,,,,,,,,,,,,,,,,,,,,,,,,,,,,,,,,,,,,,,,,,,,
1768920146.925139,1768920146.925273,60.0,0.0,4339.102539,4342.179688,4344.871582,4355.256348,4318.205078,4320.512695,4294.871582,4340.0,4314.615234,4308.974121,4506.282227,4528.589844,4411.794922,4461.282227,,,,,,,,,,,,,,,,,,,,,,,,,,,,,,,,,,,,,,,,,,,,,,,,,,,,,,,,,,,,,,,,,,,,,,
1768920146.932948,1768920146.933081,61.0,0.0,4343.717773,4342.05127,4348.974121,4356.538574,4318.205078,4327.307617,4306.538574,4342.94873,4314.102539,4313.846191,4508.205078,4534.743652,4418.205078,4461.666504,,,,,,,,,,,,,,,,,,,,,,,,,,,,,,,,,,,,,,,,,,,,,,,,,,,,,,,,,,,,,,,,,,,,,,
1768920146.940756,1768920146.940789,62.0,0.0,4341.282227,4339.871582,4347.179688,4353.461426,4321.025879,4324.358887,4305.256348,4344.102539,4318.974121,4315.256348,4508.589844,4530.0,4409.743652,4458.461426,,,,,,,,,,,,,,,,,,,,,,,,,,,,,,,,,,,,,,,,,,,,,,,,,,,,,,,,,,,,,,,,,,,,,,
1768920146.948565,1768920146.948597,63.0,0.0,4337.563965,4339.358887,4340.512695,4346.538574,4316.666504,4317.820313,4295.897461,4343.717773,4320.0,4311.025879,4509.743652,4528.333496,4411.153809,4462.307617,,,,,,,,,,,,,,,,,,,,,,,,,,,,,,,,,,,,,,,,,,,,,,,,,,,,,,,,,,,,,,,,,,,,,,
1768920146.956373,1768920146.956605,64.0,0.0,4334.102539,4338.974121,4340.0,4345.769043,4315.641113,4322.307617,4299.871582,4343.589844,4318.077148,4310.128418,4510.0,4527.05127,4414.615234,4458.461426,1.84845,0.348459,0.2126,0.345779,0.117968,0.867585,0.33039,0.203231,0.251402,0.144905,0.909274,0.312209,0.245917,0.363064,0.146664,0.494996,0.403708,0.205775,0.139332,0.098912,0.216213,0.177929,0.146385,0.085789,0.082301,0.254081,0.170381,0.123939,0.121756,0.156438,0.884706,0.336336,0.185678,0.176529,0.149842,0.190753,0.114558,0.251258,0.109303,0.119525,0.325073,0.173624,0.405907,0.090338,0.116047,0.576847,0.197109,0.16812,0.190728,0.127128,1.506931,0.406463,0.165314,0.325219,0.157799,1.08992,0.402977,0.251988,0.439024,0.180386,1.130574,0.435996,0.263067,0.303063,0.153734,1.138954,0.561541,0.213711,0.38501,0.188111
1768920146.964182,1768920146.964414,65.0,0.0,4332.307617,4335.641113,4341.025879,4349.358887,4322.307617,4326.538574,4302.820313,4340.512695,4316.922852,4308.974121,4505.0,4517.563965,4405.897461,4448.846191,,,,,,,,,,,,,,,,,,,,,,,,,,,,,,,,,,,,,,,,,,,,,,,,,,,,,,,,,,,,,,,,,,,,,,
1768920146.97199,1768920146.972322,66.0,0.0,4335.512695,4337.179688,4341.153809,4352.94873,4323.461426,4326.922852,4299.487305,4337.820313,4314.102539,4306.666504,4502.692383,4512.692383,4398.717773,4451.410156,,,,,,,,,,,,,,,,,,,,,,,,,,,,,,,,,,,,,,,,,,,,,,,,,,,,,,,,,,,,,,,,,,,,,,
1768920146.979799,1768920146.980131,67.0,0.0,4340.128418,4342.820313,4345.256348,4357.820313,4321.025879,4328.717773,4299.230957,4341.025879,4315.384766,4308.846191,4506.025879,4519.871582,4401.282227,4460.512695,,,,,,,,,,,,,,,,,,,,,,,,,,,,,,,,,,,,,,,,,,,,,,,,,,,,,,,,,,,,,,,,,,,,,,
1768920146.987607,1768920146.987739,68.0,0.0,4341.410156,4342.94873,4350.512695,4360.769043,4325.128418,4325.769043,4297.692383,4344.871582,4322.692383,4311.410156,4508.717773,4525.897461,4410.384766,4462.563965,,,,,,,,,,,,,,,,,,,,,,,,,,,,,,,,,,,,,,,,,,,,,,,,,,,,,,,,,,,,,,,,,,,,,,
1768920146.995416,1768920146.995548,69.0,0.0,4344.487305,4341.153809,4352.05127,4357.692383,4326.538574,4322.179688,4300.0,4344.230957,4326.410156,4312.94873,4508.589844,4529.102539,4414.487305,4457.94873,,,,,,,,,,,,,,,,,,,,,,,,,,,,,,,,,,,,,,,,,,,,,,,,,,,,,,,,,,,,,,,,,,,,,,
1768920147.003224,1768920147.003256,70.0,0.0,4348.589844,4341.794922,4349.358887,4355.897461,4322.05127,4326.794922,4308.077148,4347.307617,4324.358887,4314.102539,4508.333496,4528.461426,4408.589844,4452.436035,,,,,,,,,,,,,,,,,,,,,,,,,,,,,,,,,,,,,,,,,,,,,,,,,,,,,,,,,,,,,,,,,,,,,,
1768920147.011033,1768920147.011065,71.0,0.0,4350.641113,4342.307617,4348.717773,4358.717773,4324.230957,4332.563965,4310.512695,4352.692383,4327.179688,4312.94873,4511.282227,4523.461426,4401.922852,4446.410156,,,,,,,,,,,,,,,,,,,,,,,,,,,,,,,,,,,,,,,,,,,,,,,,,,,,,,,,,,,,,,,,,,,,,,
1768920147.018841,1768920147.019073,72.0,0.0,4354.102539,4343.717773,4353.333496,4361.282227,4327.94873,4332.563965,4310.769043,4350.256348,4328.974121,4312.692383,4507.820313,4520.0,4401.025879,4445.897461,,,,,,,,,,,,,,,,,,,,,,,,,,,,,,,,,,,,,,,,,,,,,,,,,,,,,,,,,,,,,,,,,,,,,,
1768920147.02665,1768920147.026882,73.0,0.0,4352.692383,4340.384766,4354.487305,4359.487305,4323.717773,4324.871582,4306.794922,4347.179688,4320.128418,4307.94873,4497.179688,4516.153809,4395.897461,4446.538574,,,,,,,,,,,,,,,,,,,,,,,,,,,,,,,,,,,,,,,,,,,,,,,,,,,,,,,,,,,,,,,,,,,,,,
1768920147.034459,1768920147.03479,74.0,0.0,4347.563965,4331.922852,4350.256348,4354.871582,4320.256348,4316.538574,4295.0,4344.743652,4311.410156,4297.179688,4488.461426,4510.384766,4384.102539,4435.897461,,,,,,,,,,,,,,,,,,,,,,,,,,,,,,,,,,,,,,,,,,,,,,,,,,,,,,,,,,,,,,,,,,,,,,
1768920147.042267,1768920147.042599,75.0,0.0,4348.589844,4331.666504,4351.025879,4356.922852,4326.538574,4326.025879,4302.94873,4342.692383,4315.897461,4300.128418,4492.436035,4512.94873,4385.897461,4428.333496,,,,,,,,,,,,,,,,,,,,,,,,,,,,,,,,,,,,,,,,,,,,,,,,,,,,,,,,,,,,,,,,,,,,,,
1768920147.050076,1768920147.050207,76.0,0.0,4349.230957,4337.692383,4350.769043,4359.615234,4331.666504,4338.717773,4321.410156,4344.743652,4321.794922,4310.897461,4499.487305,4520.897461,4395.769043,4436.794922,,,,,,,,,,,,,,,,,,,,,,,,,,,,,,,,,,,,,,,,,,,,,,,,,,,,,,,,,,,,,,,,,,,,,,
1768920147.057884,1768920147.058016,77.0,0.0,4347.05127,4336.922852,4343.589844,4354.615234,4326.794922,4334.358887,4313.333496,4343.333496,4316.410156,4307.436035,4494.102539,4520.128418,4392.436035,4443.333496,,,,,,,,,,,,,,,,,,,,,,,,,,,,,,,,,,,,,,,,,,,,,,,,,,,,,,,,,,,,,,,,,,,,,,
1768920147.065693,1768920147.065724,78.0,0.0,4350.128418,4336.153809,4343.333496,4352.563965,4325.384766,4329.743652,4304.230957,4341.922852,4315.384766,4303.846191,4495.128418,4517.94873,4389.615234,4445.128418,,,,,,,,,,,,,,,,,,,,,,,,,,,,,,,,,,,,,,,,,,,,,,,,,,,,,,,,,,,,,,,,,,,,,,
1768920147.073501,1768920147.073532,79.0,0.0,4351.666504,4339.615234,4346.538574,4355.128418,4329.230957,4334.230957,4312.692383,4347.820313,4325.384766,4307.563965,4502.94873,4525.128418,4396.538574,4451.153809,,,,,,,,,,,,,,,,,,,,,,,,,,,,,,,,,,,,,,,,,,,,,,,,,,,,,,,,,,,,,,,,,,,,,,
1768920147.08131,1768920147.081541,80.0,0.0,4339.743652,4336.282227,4341.282227,4349.358887,4325.128418,4329.871582,4312.820313,4349.743652,4324.230957,4307.05127,4496.538574,4526.922852,4393.333496,4446.538574,1.46189,0.429178,0.246852,0.3765,0.106024,0.735896,0.477908,0.250778,0.264864,0.145886,0.845057,0.396416,0.336672,0.409464,0.145189,0.406134,0.479286,0.270975,0.163267,0.100194,0.168626,0.173298,0.156232,0.089579,0.080634,0.260243,0.217209,0.109527,0.13992,0.146058,0.732822,0.324947,0.163518,0.20252,0.165478,0.174663,0.124977,0.231412,0.098363,0.132034,0.383221,0.144686,0.362043,0.079072,0.12131,0.616837,0.215497,0.138125,0.186051,0.112143,1.478321,0.395762,0.191685,0.323773,0.148893,1.040276,0.413458,0.306168,0.478074,0.171074,1.174318,0.482252,0.334182,0.27974,0.142191,1.105185,0.601876,0.319184,0.382085,0.176034
1768920147.089118,1768920147.089349,81.0,0.0,4329.871582,4333.077148,4338.333496,4343.077148,4318.589844,4326.410156,4308.589844,4343.205078,4315.128418,4306.538574,4489.230957,4518.974121,4383.205078,4434.358887,,,,,,,,,,,,,,,,,,,,,,,,,,,,,,,,,,,,,,,,,,,,,,,,,,,,,,,,,,,,,,,,,,,,,,
1768920147.096927,1768920147.097257,82.0,0.0,4334.102539,4338.333496,4342.94873,4349.743652,4320.769043,4330.769043,4310.128418,4341.410156,4318.846191,4310.0,4499.487305,4521.025879,4390.128418,4438.461426,,,,,,,,,,,,,,,,,,,,,,,,,,,,,,,,,,,,,,,,,,,,,,,,,,,,,,,,,,,,,,,,,,,,,,
1768920147.104735,1768920147.105066,83.0,0.0,4341.794922,4340.256348,4343.589844,4356.282227,4322.820313,4327.307617,4304.871582,4343.846191,4326.410156,4310.384766,4507.94873,4526.153809,4402.05127,4448.461426,,,,,,,,,,,,,,,,,,,,,,,,,,,,,,,,,,,,,,,,,,,,,,,,,,,,,,,,,,,,,,,,,,,,,,
1768920147.112544,1768920147.113074,84.0,0.0,4342.820313,4336.025879,4341.538574,4353.461426,4319.871582,4326.153809,4303.974121,4346.666504,4325.384766,4310.384766,4503.717773,4522.692383,4399.102539,4446.666504,,,,,,,,,,,,,,,,,,,,,,,,,,,,,,,,,,,,,,,,,,,,,,,,,,,,,,,,,,,,,,,,,,,,,,
1768920147.120352,1768920147.120883,85.0,0.0,4337.692383,4336.025879,4342.307617,4351.410156,4319.615234,4332.563965,4310.641113,4350.769043,4324.487305,4315.384766,4506.025879,4522.692383,4393.974121,4445.256348,,,,,,,,,,,,,,,,,,,,,,,,,,,,,,,,,,,,,,,,,,,,,,,,,,,,,,,,,,,,,,,,,,,,,,
1768920147.128161,1768920147.128591,86.0,0.0,4337.179688,4340.897461,4343.077148,4353.589844,4323.461426,4331.666504,4308.461426,4349.487305,4327.179688,4316.282227,4508.461426,4523.846191,4400.256348,4447.05127,,,,,,,,,,,,,,,,,,,,,,,,,,,,,,,,,,,,,,,,,,,,,,,,,,,,,,,,,,,,,,,,,,,,,,
1768920147.135969,1768920147.136399,87.0,0.0,4341.025879,4342.307617,4342.05127,4352.94873,4324.102539,4324.358887,4303.205078,4345.256348,4326.282227,4313.717773,4506.410156,4520.641113,4409.358887,4445.384766,,,,,,,,,,,,,,,,,,,,,,,,,,,,,,,,,,,,,,,,,,,,,,,,,,,,,,,,,,,,,,,,,,,,,,
1768920147.143778,1768920147.144407,88.0,0.0,4345.641113,4340.769043,4345.256348,4353.717773,4324.230957,4324.487305,4308.077148,4347.94873,4330.256348,4318.974121,4511.922852,4527.94873,4413.333496,4450.384766,,,,,,,,,,,,,,,,,,,,,,,,,,,,,,,,,,,,,,,,,,,,,,,,,,,,,,,,,,,,,,,,,,,,,,
1768920147.151586,1768920147.152216,89.0,0.0,4352.179688,4343.461426,4355.0,4359.871582,4327.179688,4329.615234,4313.589844,4353.461426,4335.256348,4325.512695,4523.461426,4540.769043,4415.384766,4460.0,,,,,,,,,,,,,,,,,,,,,,,,,,,,,,,,,,,,,,,,,,,,,,,,,,,,,,,,,,,,,,,,,,,,,,
1768920147.159395,1768920147.160124,90.0,0.0,4355.641113,4346.794922,4357.179688,4360.128418,4326.153809,4328.333496,4311.794922,4353.717773,4333.333496,4324.230957,4528.461426,4542.179688,4416.025879,4464.358887,,,,,,,,,,,,,,,,,,,,,,,,,,,,,,,,,,,,,,,,,,,,,,,,,,,,,,,,,,,,,,,,,,,,,,
1768920147.167203,1768920147.167933,91.0,0.0,4351.794922,4343.077148,4350.256348,4355.384766,4324.230957,4325.769043,4310.384766,4351.538574,4334.615234,4322.563965,4523.205078,4541.922852,4412.692383,4461.025879,,,,,,,,,,,,,,,,,,,,,,,,,,,,,,,,,,,,,,,,,,,,,,,,,,,,,,,,,,,,,,,,,,,,,,
1768920147.175012,1768920147.175541,92.0,0.0,4351.794922,4342.820313,4349.615234,4359.358887,4327.563965,4329.358887,4314.230957,4355.0,4336.922852,4327.563965,4523.205078,4542.94873,4413.717773,4459.230957,,,,,,,,,,,,,,,,,,,,,,,,,,,,,,,,,,,,,,,,,,,,,,,,,,,,,,,,,,,,,,,,,,,,,,
1768920147.18282,1768920147.18335,93.0,0.0,4353.974121,4344.487305,4352.179688,4360.897461,4328.461426,4336.282227,4316.282227,4357.179688,4336.538574,4328.461426,4526.410156,4537.94873,4414.230957,4462.563965,,,,,,,,,,,,,,,,,,,,,,,,,,,,,,,,,,,,,,,,,,,,,,,,,,,,,,,,,,,,,,,,,,,,,,
1768920147.190629,1768920147.191058,94.0,0.0,4341.025879,4330.0,4347.563965,4348.589844,4322.820313,4336.666504,4311.922852,4351.794922,4333.846191,4320.256348,4514.615234,4526.666504,4399.358887,4450.0,,,,,,,,,,,,,,,,,,,,,,,,,,,,,,,,,,,,,,,,,,,,,,,,,,,,,,,,,,,,,,,,,,,,,,
1768920147.198437,1768920147.198867,95.0,0.0,4337.307617,4324.743652,4348.077148,4348.205078,4326.410156,4339.487305,4314.871582,4353.461426,4334.743652,4317.820313,4508.589844,4524.230957,4392.563965,4438.589844,,,,,,,,,,,,,,,,,,,,,,,,,,,,,,,,,,,,,,,,,,,,,,,,,,,,,,,,,,,,,,,,,,,,,,
1768920147.206246,1768920147.206475,96.0,0.0,4357.563965,4349.615234,4358.333496,4367.820313,4334.487305,4341.922852,4322.179688,4360.384766,4344.102539,4327.436035,4523.717773,4539.871582,4409.230957,4462.179688,1.09537,0.482133,0.285602,0.382326,0.09453,0.623827,0.661892,0.311364,0.271171,0.143173,0.763395,0.500821,0.441225,0.433125,0.141159,0.362742,0.558618,0.341644,0.17977,0.096728,0.152689,0.162367,0.154942,0.094774,0.077529,0.251222,0.267071,0.100963,0.159192,0.136877,0.639699,0.354033,0.167703,0.221216,0.187681,0.160198,0.138179,0.194675,0.086516,0.141621,0.436041,0.113681,0.292648,0.071998,0.126858,0.637537,0.248958,0.117727,0.190287,0.103133,1.353896,0.396095,0.220355,0.333847,0.140201,0.959272,0.446938,0.371223,0.515449,0.155185,1.199076,0.539199,0.399616,0.270369,0.130619,1.053208,0.673576,0.449665,0.390124,0.1585
1768920147.214054,1768920147.214284,97.0,0.0,4363.717773,4363.846191,4358.333496,4375.384766,4334.102539,4330.384766,4315.641113,4352.436035,4345.512695,4333.846191,4530.0,4546.794922,4419.358887,4478.717773,,,,,,,,,,,,,,,,,,,,,,,,,,,,,,,,,,,,,,,,,,,,,,,,,,,,,,,,,,,,,,,,,,,,,,
1768920147.221863,1768920147.222192,98.0,0.0,4354.487305,4352.563965,4355.256348,4368.717773,4333.077148,4326.153809,4307.563965,4342.563965,4330.384766,4326.025879,4520.384766,4539.230957,4411.153809,4462.307617,,,,,,,,,,,,,,,,,,,,,,,,,,,,,,,,,,,,,,,,,,,,,,,,,,,,,,,,,,,,,,,,,,,,,,
1768920147.229671,1768920147.230001,99.0,0.0,4360.897461,4351.153809,4365.0,4371.153809,4334.743652,4332.94873,4311.410156,4347.05127,4322.563965,4316.794922,4520.256348,4539.871582,4404.615234,4462.179688,,,,,,,,,,,,,,,,,,,,,,,,,,,,,,,,,,,,,,,,,,,,,,,,,,,,,,,,,,,,,,,,,,,,,,
1768920147.23748,1768920147.237609,100.0,0.0,4363.974121,4358.205078,4365.512695,4373.717773,4329.230957,4330.0,4313.846191,4351.538574,4326.922852,4317.692383,4519.743652,4542.436035,4401.538574,4472.563965,,,,,,,,,,,,,,,,,,,,,,,,,,,,,,,,,,,,,,,,,,,,,,,,,,,,,,,,,,,,,,,,,,,,,,
1768920147.245288,1768920147.245418,101.0,0.0,4349.871582,4351.410156,4351.025879,4363.974121,4324.487305,4323.589844,4309.230957,4347.692383,4327.179688,4320.641113,4514.102539,4533.205078,4400.769043,4462.05127,,,,,,,,,,,,,,,,,,,,,,,,,,,,,,,,,,,,,,,,,,,,,,,,,,,,,,,,,,,,,,,,,,,,,,
1768920147.253097,1768920147.253126,102.0,0.0,4348.589844,4344.358887,4350.384766,4357.94873,4327.05127,4326.410156,4310.512695,4350.384766,4326.410156,4321.922852,4519.230957,4532.436035,4407.692383,4458.974121,,,,,,,,,,,,,,,,,,,,,,,,,,,,,,,,,,,,,,,,,,,,,,,,,,,,,,,,,,,,,,,,,,,,,,
1768920147.260906,1768920147.260934,103.0,0.0,4354.743652,4347.179688,4361.025879,4361.538574,4326.666504,4329.102539,4319.358887,4355.384766,4328.333496,4324.871582,4528.333496,4545.769043,4413.846191,4471.666504,,,,,,,,,,,,,,,,,,,,,,,,,,,,,,,,,,,,,,,,,,,,,,,,,,,,,,,,,,,,,,,,,,,,,,
1768920147.268714,1768920147.268543,104.0,0.0,4351.153809,4349.230957,4362.307617,4367.179688,4323.205078,4325.769043,4321.282227,4349.102539,4325.641113,4324.230957,4526.153809,4546.282227,4412.94873,4472.307617,,,,,,,,,,,,,,,,,,,,,,,,,,,,,,,,,,,,,,,,,,,,,,,,,,,,,,,,,,,,,,,,,,,,,,
1768920147.276523,1768920147.276351,105.0,0.0,4348.077148,4348.846191,4356.153809,4366.538574,4326.410156,4324.230957,4310.769043,4340.256348,4322.94873,4313.205078,4513.974121,4533.717773,4405.128418,4462.820313,,,,,,,,,,,,,,,,,,,,,,,,,,,,,,,,,,,,,,,,,,,,,,,,,,,,,,,,,,,,,,,,,,,,,,
1768920147.284331,1768920147.284259,106.0,0.0,4346.666504,4347.307617,4347.94873,4361.666504,4331.538574,4326.794922,4306.922852,4346.666504,4325.384766,4308.974121,4511.922852,4531.153809,4401.666504,4458.461426,,,,,,,,,,,,,,,,,,,,,,,,,,,,,,,,,,,,,,,,,,,,,,,,,,,,,,,,,,,,,,,,,,,,,,
1768920147.29214,1768920147.292068,107.0,0.0,4342.179688,4345.641113,4343.077148,4359.358887,4330.0,4333.333496,4320.0,4355.897461,4329.230957,4320.769043,4521.794922,4537.307617,4411.282227,4462.179688,,,,,,,,,,,,,,,,,,,,,,,,,,,,,,,,,,,,,,,,,,,,,,,,,,,,,,,,,,,,,,,,,,,,,,
1768920147.299948,1768920147.300076,108.0,0.0,4338.589844,4344.358887,4343.589844,4358.077148,4326.025879,4332.563965,4322.692383,4348.461426,4328.205078,4325.641113,4518.205078,4533.205078,4412.436035,4460.128418,,,,,,,,,,,,,,,,,,,,,,,,,,,,,,,,,,,,,,,,,,,,,,,,,,,,,,,,,,,,,,,,,,,,,,
1768920147.307757,1768920147.307884,109.0,0.0,4340.512695,4343.589844,4343.333496,4357.179688,4326.410156,4324.871582,4309.230957,4339.615234,4322.436035,4315.897461,4505.897461,4525.384766,4398.205078,4450.384766,,,,,,,,,,,,,,,,,,,,,,,,,,,,,,,,,,,,,,,,,,,,,,,,,,,,,,,,,,,,,,,,,,,,,,
1768920147.315565,1768920147.315793,110.0,0.0,4343.589844,4342.820313,4346.538574,4358.974121,4327.94873,4328.077148,4311.538574,4343.589844,4326.794922,4310.512695,4504.871582,4526.153809,4393.205078,4446.282227,,,,,,,,,,,,,,,,,,,,,,,,,,,,,,,,,,,,,,,,,,,,,,,,,,,,,,,,,,,,,,,,,,,,,,
1768920147.323374,1768920147.323601,111.0,0.0,4340.256348,4338.333496,4350.897461,4353.717773,4325.384766,4332.179688,4325.897461,4347.692383,4336.153809,4314.615234,4508.589844,4525.256348,4397.692383,4445.512695,,,,,,,,,,,,,,,,,,,,,,,,,,,,,,,,,,,,,,,,,,,,,,,,,,,,,,,,,,,,,,,,,,,,,,
1768920147.331182,1768920147.331609,112.0,0.0,4335.128418,4335.0,4344.487305,4343.974121,4320.769043,4331.025879,4329.615234,4348.333496,4333.717773,4320.256348,4514.743652,4528.333496,4396.153809,4448.589844,0.814846,0.490286,0.320112,0.360164,0.088509,0.544678,0.847032,0.376358,0.265017,0.137141,0.675059,0.596097,0.528251,0.429912,0.137669,0.380552,0.627463,0.404565,0.186319,0.091424,0.17228,0.148771,0.14444,0.099346,0.073674,0.233121,0.319752,0.103277,0.176845,0.13246,0.576653,0.422196,0.203779,0.227889,0.216475,0.152646,0.155901,0.153165,0.077499,0.147598,0.47486,0.089694,0.218746,0.072447,0.132937,0.640159,0.285539,0.111759,0.201169,0.102517,1.16932,0.40709,0.243794,0.352553,0.136495,0.837894,0.502963,0.434244,0.547176,0.140413,1.225526,0.584384,0.447512,0.269578,0.123289,0.995488,0.758307,0.569691,0.399797,0.140501
1768920147.338991,1768920147.339418,113.0,0.0,4338.205078,4337.692383,4340.897461,4348.461426,4324.871582,4336.666504,4325.384766,4350.256348,4330.256348,4323.589844,4520.0,4535.512695,4397.179688,4458.333496,,,,,,,,,,,,,,,,,,,,,,,,,,,,,,,,,,,,,,,,,,,,,,,,,,,,,,,,,,,,,,,,,,,,,,
1768920147.346799,1768920147.347326,114.0,0.0,4342.820313,4339.871582,4346.922852,4354.230957,4325.0,4338.077148,4318.333496,4348.974121,4332.307617,4320.0,4511.410156,4527.05127,4397.436035,4454.102539,,,,,,,,,,,,,,,,,,,,,,,,,,,,,,,,,,,,,,,,,,,,,,,,,,,,,,,,,,,,,,,,,,,,,,
1768920147.354608,1768920147.355135,115.0,0.0,4340.512695,4337.94873,4346.153809,4348.205078,4316.153809,4330.384766,4313.589844,4343.846191,4328.461426,4311.153809,4504.743652,4517.692383,4390.256348,4442.307617,,,,,,,,,,,,,,,,,,,,,,,,,,,,,,,,,,,,,,,,,,,,,,,,,,,,,,,,,,,,,,,,,,,,,,
1768920147.362416,1768920147.362743,116.0,0.0,4339.615234,4339.871582,4343.461426,4348.077148,4317.436035,4325.897461,4315.384766,4343.717773,4323.077148,4306.794922,4508.589844,4523.589844,4390.384766,4445.641113,,,,,,,,,,,,,,,,,,,,,,,,,,,,,,,,,,,,,,,,,,,,,,,,,,,,,,,,,,,,,,,,,,,,,,
1768920147.370225,1768920147.370552,117.0,0.0,4340.897461,4343.461426,4347.94873,4354.615234,4326.794922,4327.94873,4317.94873,4344.230957,4325.384766,4308.846191,4506.538574,4523.974121,4396.794922,4449.871582,,,,,,,,,,,,,,,,,,,,,,,,,,,,,,,,,,,,,,,,,,,,,,,,,,,,,,,,,,,,,,,,,,,,,,
1768920147.378033,1768920147.37826,118.0,0.0,4340.641113,4342.05127,4351.794922,4356.282227,4330.128418,4335.128418,4320.128418,4342.820313,4327.692383,4313.333496,4503.717773,4516.025879,4396.282227,4445.0,,,,,,,,,,,,,,,,,,,,,,,,,,,,,,,,,,,,,,,,,,,,,,,,,,,,,,,,,,,,,,,,,,,,,,
1768920147.385842,1768920147.386069,119.0,0.0,4337.307617,4340.0,4349.871582,4356.025879,4328.974121,4340.128418,4325.897461,4342.436035,4327.05127,4316.282227,4506.922852,4516.282227,4394.230957,4444.871582,,,,,,,,,,,,,,,,,,,,,,,,,,,,,,,,,,,,,,,,,,,,,,,,,,,,,,,,,,,,,,,,,,,,,,
1768920147.39365,1768920147.393677,120.0,0.0,4333.077148,4338.077148,4345.769043,4355.0,4330.769043,4333.974121,4325.384766,4340.897461,4326.410156,4314.615234,4506.410156,4518.205078,4396.410156,4448.077148,,,,,,,,,,,,,,,,,,,,,,,,,,,,,,,,,,,,,,,,,,,,,,,,,,,,,,,,,,,,,,,,,,,,,,
1768920147.401459,1768920147.401486,121.0,0.0,4333.846191,4338.461426,4343.205078,4351.922852,4333.205078,4327.692383,4315.769043,4338.589844,4323.717773,4309.487305,4505.128418,4517.307617,4398.589844,4448.077148,,,,,,,,,,,,,,,,,,,,,,,,,,,,,,,,,,,,,,,,,,,,,,,,,,,,,,,,,,,,,,,,,,,,,,
1768920147.409267,1768920147.409194,122.0,0.0,4333.717773,4341.794922,4345.256348,4353.974121,4331.025879,4328.974121,4311.282227,4340.512695,4324.743652,4310.128418,4504.743652,4519.615234,4397.563965,4445.897461,,,,,,,,,,,,,,,,,,,,,,,,,,,,,,,,,,,,,,,,,,,,,,,,,,,,,,,,,,,,,,,,,,,,,,
1768920147.417076,1768920147.417003,123.0,0.0,4327.179688,4336.410156,4350.769043,4355.897461,4328.205078,4327.94873,4315.769043,4344.743652,4328.589844,4316.922852,4505.512695,4520.769043,4397.692383,4445.769043,,,,,,,,,,,,,,,,,,,,,,,,,,,,,,,,,,,,,,,,,,,,,,,,,,,,,,,,,,,,,,,,,,,,,,
1768920147.424884,1768920147.425011,124.0,0.0,4321.538574,4324.230957,4348.205078,4349.615234,4329.230957,4329.743652,4321.282227,4345.256348,4327.179688,4318.974121,4508.589844,4520.769043,4397.05127,4444.615234,,,,,,,,,,,,,,,,,,,,,,,,,,,,,,,,,,,,,,,,,,,,,,,,,,,,,,,,,,,,,,,,,,,,,,
1768920147.432693,1768920147.432819,125.0,0.0,4324.615234,4323.461426,4342.307617,4347.563965,4333.589844,4336.025879,4319.871582,4345.512695,4325.256348,4316.282227,4509.615234,4524.358887,4396.794922,4441.410156,,,,,,,,,,,,,,,,,,,,,,,,,,,,,,,,,,,,,,,,,,,,,,,,,,,,,,,,,,,,,,,,,,,,,,
1768920147.440501,1768920147.440528,126.0,0.0,4330.769043,4335.769043,4345.128418,4355.128418,4333.205078,4337.179688,4321.282227,4348.589844,4327.307617,4317.820313,4510.897461,4529.358887,4403.974121,4443.589844,,,,,,,,,,,,,,,,,,,,,,,,,,,,,,,,,,,,,,,,,,,,,,,,,,,,,,,,,,,,,,,,,,,,,,
1768920147.44831,1768920147.448336,127.0,0.0,4335.0,4344.871582,4351.410156,4360.512695,4328.717773,4334.743652,4323.589844,4348.205078,4327.692383,4320.769043,4515.769043,4534.102539,4410.769043,4453.461426,,,,,,,,,,,,,,,,,,,,,,,,,,,,,,,,,,,,,,,,,,,,,,,,,,,,,,,,,,,,,,,,,,,,,,
1768920147.456118,1768920147.455944,0.0,0.0,4335.512695,4344.487305,4349.743652,4358.589844,4327.307617,4329.487305,4315.769043,4345.769043,4326.282227,4322.179688,4515.128418,4533.589844,4406.538574,4453.461426,0.674176,0.460097,0.340074,0.319435,0.091273,0.498643,0.982971,0.435543,0.245212,0.129116,0.620798,0.654427,0.567971,0.403002,0.136658,0.463157,0.668873,0.448176,0.18482,0.087614,0.222808,0.134814,0.132968,0.100866,0.070054,0.217309,0.37132,0.118403,0.189784,0.134877,0.502845,0.509149,0.264843,0.221831,0.250369,0.158378,0.178685,0.119227,0.07344,0.150013,0.504494,0.079719,0.160844,0.080443,0.139397,0.640524,0.309002,0.118757,0.213249,0.108727,1.01776,0.416431,0.256484,0.371437,0.13982,0.698854,0.564609,0.486645,0.56782,0.134176,1.299189,0.593524,0.476732,0.271671,0.124959,0.965848,0.819746,0.651638,0.404372,0.12928
1768920147.463927,1768920147.463753,1.0,0.0,4329.487305,4340.0,4343.461426,4352.94873,4329.102539,4326.153809,4311.538574,4345.641113,4323.846191,4319.230957,4509.615234,4526.282227,4401.410156,4445.128418,,,,,,,,,,,,,,,,,,,,,,,,,,,,,,,,,,,,,,,,,,,,,,,,,,,,,,,,,,,,,,,,,,,,,,
1768920147.471736,1768920147.471461,2.0,0.0,4326.666504,4338.333496,4342.179688,4349.871582,4330.128418,4329.102539,4314.615234,4345.897461,4323.974121,4316.538574,4513.974121,4525.256348,4407.307617,4448.717773,,,,,,,,,,,,,,,,,,,,,,,,,,,,,,,,,,,,,,,,,,,,,,,,,,,,,,,,,,,,,,,,,,,,,,
1768920147.479544,1768920147.479269,3.0,0.0,4334.102539,4340.512695,4343.846191,4351.794922,4328.205078,4327.820313,4311.538574,4346.922852,4329.358887,4323.333496,4518.333496,4531.794922,4415.128418,4456.794922,,,,,,,,,,,,,,,,,,,,,,,,,,,,,,,,,,,,,,,,,,,,,,,,,,,,,,,,,,,,,,,,,,,,,,
1768920147.487352,1768920147.487277,4.0,0.0,4338.717773,4341.794922,4342.94873,4352.563965,4327.307617,4321.794922,4305.897461,4348.717773,4330.256348,4327.436035,4511.410156,4531.666504,4412.05127,4455.512695,,,,,,,,,,,,,,,,,,,,,,,,,,,,,,,,,,,,,,,,,,,,,,,,,,,,,,,,,,,,,,,,,,,,,,
1768920147.495161,1768920147.495086,5.0,0.0,4333.461426,4340.641113,4340.897461,4351.025879,4329.871582,4324.615234,4309.358887,4347.307617,4323.589844,4321.282227,4506.666504,4527.94873,4406.666504,4449.743652,,,,,,,,,,,,,,,,,,,,,,,,,,,,,,,,,,,,,,,,,,,,,,,,,,,,,,,,,,,,,,,,,,,,,,
1768920147.50297,1768920147.502994,6.0,0.0,4327.307617,4341.666504,4340.512695,4356.410156,4330.128418,4328.974121,4312.05127,4346.153809,4323.974121,4318.333496,4508.333496,4526.794922,4408.974121,4446.794922,,,,,,,,,,,,,,,,,,,,,,,,,,,,,,,,,,,,,,,,,,,,,,,,,,,,,,,,,,,,,,,,,,,,,,
1768920147.510778,1768920147.510803,7.0,0.0,4328.589844,4341.666504,4342.307617,4361.794922,4330.641113,4328.589844,4310.0,4348.846191,4329.102539,4323.077148,4509.102539,4523.461426,4412.563965,4445.769043,,,,,,,,,,,,,,,,,,,,,,,,,,,,,,,,,,,,,,,,,,,,,,,,,,,,,,,,,,,,,,,,,,,,,,
1768920147.518587,1768920147.518811,8.0,0.0,4333.846191,4341.025879,4342.05127,4360.0,4334.230957,4329.871582,4314.615234,4347.179688,4327.820313,4321.538574,4507.307617,4519.358887,4406.794922,4442.179688,,,,,,,,,,,,,,,,,,,,,,,,,,,,,,,,,,,,,,,,,,,,,,,,,,,,,,,,,,,,,,,,,,,,,,
1768920147.526395,1768920147.526619,9.0,0.0,4333.974121,4343.846191,4341.025879,4358.974121,4332.436035,4328.205078,4318.461426,4343.077148,4324.230957,4315.769043,4505.0,4519.230957,4399.743652,4438.846191,,,,,,,,,,,,,,,,,,,,,,,,,,,,,,,,,,,,,,,,,,,,,,,,,,,,,,,,,,,,,,,,,,,,,,
1768920147.534204,1768920147.534528,10.0,0.0,4333.205078,4347.563965,4345.769043,4363.205078,4331.282227,4328.461426,4316.922852,4348.846191,4325.641113,4318.461426,4511.025879,4527.179688,4404.871582,4445.897461,,,,,,,,,,,,,,,,,,,,,,,,,,,,,,,,,,,,,,,,,,,,,,,,,,,,,,,,,,,,,,,,,,,,,,
1768920147.542012,1768920147.542336,11.0,0.0,4342.820313,4350.897461,4357.563965,4367.692383,4338.589844,4335.641113,4319.871582,4355.641113,4331.025879,4325.897461,4525.0,4540.641113,4416.282227,4462.436035,,,,,,,,,,,,,,,,,,,,,,,,,,,,,,,,,,,,,,,,,,,,,,,,,,,,,,,,,,,,,,,,,,,,,,
1768920147.549821,1768920147.550344,12.0,0.0,4349.102539,4348.846191,4359.743652,4365.384766,4339.102539,4335.0,4324.871582,4353.589844,4332.692383,4323.461426,4524.743652,4539.230957,4413.461426,4462.94873,,,,,,,,,,,,,,,,,,,,,,,,,,,,,,,,,,,,,,,,,,,,,,,,,,,,,,,,,,,,,,,,,,,,,,
1768920147.557629,1768920147.558153,13.0,0.0,4339.230957,4340.897461,4345.769043,4355.641113,4333.205078,4331.282227,4325.384766,4350.769043,4328.077148,4314.358887,4510.769043,4525.0,4404.102539,4448.717773,,,,,,,,,,,,,,,,,,,,,,,,,,,,,,,,,,,,,,,,,,,,,,,,,,,,,,,,,,,,,,,,,,,,,,
1768920147.565438,1768920147.565861,14.0,0.0,4336.666504,4340.641113,4341.410156,4352.179688,4336.282227,4336.922852,4328.333496,4349.230957,4325.897461,4317.436035,4506.922852,4526.794922,4410.128418,4449.358887,,,,,,,,,,,,,,,,,,,,,,,,,,,,,,,,,,,,,,,,,,,,,,,,,,,,,,,,,,,,,,,,,,,,,,
1768920147.573246,1768920147.57367,15.0,0.0,4344.743652,4343.974121,4348.974121,4356.794922,4337.692383,4334.102539,4327.563965,4349.615234,4331.153809,4325.128418,4510.769043,4535.512695,4415.897461,4456.922852,,,,,,,,,,,,,,,,,,,,,,,,,,,,,,,,,,,,,,,,,,,,,,,,,,,,,,,,,,,,,,,,,,,,,,
1768920147.581055,1768920147.581278,16.0,0.0,4342.05127,4338.333496,4343.846191,4355.512695,4329.871582,4321.410156,4317.436035,4351.922852,4335.512695,4321.922852,4508.974121,4528.717773,4404.230957,4449.230957,0.693083,0.412289,0.340563,0.275901,0.103078,0.478939,1.026793,0.481662,0.215366,0.122319,0.631477,0.658553,0.543717,0.360552,0.137967,0.600089,0.668628,0.464725,0.179344,0.08818,0.292203,0.124475,0.130322,0.098033,0.067783,0.213574,0.412243,0.14386,0.196659,0.142936,0.404849,0.585498,0.333976,0.207778,0.285222,0.176769,0.203644,0.099271,0.075095,0.149411,0.539639,0.084791,0.131267,0.093825,0.145543,0.651526,0.306574,0.132403,0.223951,0.11779,0.9495,0.410928,0.254787,0.381791,0.148854,0.568997,0.609261,0.521808,0.571943,0.140034,1.445085,0.55659,0.489521,0.273046,0.138481,0.986452,0.828613,0.682263,0.40366,0.131735
1768920147.588863,1768920147.589087,17.0,0.0,4333.333496,4335.384766,4338.589844,4355.256348,4330.897461,4325.512695,4320.769043,4353.974121,4337.179688,4319.102539,4506.282227,4527.94873,4401.666504,4441.025879,,,,,,,,,,,,,,,,,,,,,,,,,,,,,,,,,,,,,,,,,,,,,,,,,,,,,,,,,,,,,,,,,,,,,,
1768920147.596672,1768920147.596795,18.0,0.0,4334.487305,4342.692383,4349.871582,4363.077148,4337.307617,4334.487305,4329.358887,4351.794922,4339.871582,4323.846191,4507.692383,4534.743652,4415.256348,4446.538574,,,,,,,,,,,,,,,,,,,,,,,,,,,,,,,,,,,,,,,,,,,,,,,,,,,,,,,,,,,,,,,,,,,,,,
1768920147.60448,1768920147.604604,19.0,0.0,4342.179688,4342.94873,4353.077148,4364.743652,4337.307617,4335.897461,4327.436035,4347.94873,4338.077148,4323.589844,4507.692383,4530.769043,4412.307617,4448.205078,,,,,,,,,,,,,,,,,,,,,,,,,,,,,,,,,,,,,,,,,,,,,,,,,,,,,,,,,,,,,,,,,,,,,,
1768920147.612289,1768920147.612612,20.0,0.0,4341.025879,4335.512695,4341.282227,4359.615234,4336.025879,4340.769043,4329.487305,4347.05127,4335.0,4315.256348,4504.230957,4525.897461,4397.94873,4441.282227,,,,,,,,,,,,,,,,,,,,,,,,,,,,,,,,,,,,,,,,,,,,,,,,,,,,,,,,,,,,,,,,,,,,,,
1768920147.620097,1768920147.620421,21.0,0.0,4335.769043,4334.230957,4340.128418,4360.0,4335.0,4336.794922,4331.410156,4346.025879,4334.615234,4312.94873,4502.05127,4528.205078,4396.153809,4441.025879,,,,,,,,,,,,,,,,,,,,,,,,,,,,,,,,,,,,,,,,,,,,,,,,,,,,,,,,,,,,,,,,,,,,,,
1768920147.627906,1768920147.628329,22.0,0.0,4342.179688,4340.512695,4349.487305,4365.897461,4336.666504,4327.05127,4324.615234,4345.641113,4335.256348,4321.282227,4505.384766,4530.512695,4403.846191,4451.153809,,,,,,,,,,,,,,,,,,,,,,,,,,,,,,,,,,,,,,,,,,,,,,,,,,,,,,,,,,,,,,,,,,,,,,
1768920147.635714,1768920147.636137,23.0,0.0,4351.794922,4347.179688,4353.205078,4367.820313,4340.641113,4334.743652,4325.897461,4344.358887,4336.922852,4326.538574,4508.077148,4532.563965,4408.846191,4457.94873,,,,,,,,,,,,,,,,,,,,,,,,,,,,,,,,,,,,,,,,,,,,,,,,,,,,,,,,,,,,,,,,,,,,,,
1768920147.643523,1768920147.643746,24.0,0.0,4349.615234,4345.256348,4350.256348,4361.922852,4340.128418,4342.436035,4333.077148,4343.717773,4339.743652,4324.871582,4506.282227,4535.0,4409.358887,4454.487305,,,,,,,,,,,,,,,,,,,,,,,,,,,,,,,,,,,,,,,,,,,,,,,,,,,,,,,,,,,,,,,,,,,,,,
1768920147.651332,1768920147.651554,25.0,0.0,4346.025879,4342.563965,4351.025879,4357.563965,4338.205078,4338.077148,4335.641113,4345.384766,4343.333496,4325.512695,4513.077148,4539.358887,4411.666504,4454.230957,,,,,,,,,,,,,,,,,,,,,,,,,,,,,,,,,,,,,,,,,,,,,,,,,,,,,,,,,,,,,,,,,,,,,,
1768920147.65914,1768920147.659262,26.0,0.0,4350.512695,4348.077148,4356.538574,4361.922852,4340.384766,4339.743652,4338.589844,4345.128418,4343.205078,4328.589844,4521.538574,4545.512695,4416.410156,4462.179688,,,,,,,,,,,,,,,,,,,,,,,,,,,,,,,,,,,,,,,,,,,,,,,,,,,,,,,,,,,,,,,,,,,,,,
1768920147.666948,1768920147.66707,27.0,0.0,4351.922852,4347.94873,4356.794922,4365.769043,4341.922852,4342.436035,4338.205078,4341.922852,4336.282227,4325.769043,4516.025879,4543.205078,4415.384766,4461.666504,,,,,,,,,,,,,,,,,,,,,,,,,,,,,,,,,,,,,,,,,,,,,,,,,,,,,,,,,,,,,,,,,,,,,,
1768920147.674757,1768920147.675079,28.0,0.0,4349.487305,4343.974121,4354.358887,4365.769043,4339.487305,4340.512695,4336.282227,4342.179688,4332.307617,4316.794922,4506.282227,4539.743652,4412.436035,4457.563965,,,,,,,,,,,,,,,,,,,,,,,,,,,,,,,,,,,,,,,,,,,,,,,,,,,,,,,,,,,,,,,,,,,,,,
1768920147.682566,1768920147.682887,29.0,0.0,4349.615234,4346.922852,4356.025879,4365.897461,4337.05127,4338.974121,4334.871582,4347.563965,4337.563965,4313.589844,4508.077148,4544.615234,4415.641113,4461.153809,,,,,,,,,,,,,,,,,,,,,,,,,,,,,,,,,,,,,,,,,,,,,,,,,,,,,,,,,,,,,,,,,,,,,,
1768920147.690374,1768920147.690795,30.0,0.0,4347.179688,4348.333496,4354.102539,4362.179688,4337.94873,4334.615234,4329.487305,4348.589844,4344.871582,4325.256348,4516.794922,4543.974121,4416.153809,4461.410156,,,,,,,,,,,,,,,,,,,,,,,,,,,,,,,,,,,,,,,,,,,,,,,,,,,,,,,,,,,,,,,,,,,,,,
1768920147.698182,1768920147.698604,31.0,0.0,4340.897461,4341.410156,4346.282227,4357.820313,4336.025879,4331.666504,4328.333496,4345.384766,4347.307617,4335.641113,4518.333496,4535.641113,4415.128418,4461.025879,,,,,,,,,,,,,,,,,,,,,,,,,,,,,,,,,,,,,,,,,,,,,,,,,,,,,,,,,,,,,,,,,,,,,,
1768920147.705991,1768920147.706612,32.0,0.0,4339.230957,4341.410156,4345.0,4362.563965,4332.563965,4336.922852,4336.922852,4341.410156,4345.769043,4332.692383,4511.922852,4533.717773,4413.974121,4463.205078,0.825799,0.371594,0.326714,0.244383,0.121114,0.46605,0.964002,0.514232,0.185426,0.120795,0.70239,0.605334,0.462438,0.314869,0.140349,0.757848,0.618792,0.453252,0.175754,0.094396,0.361177,0.120922,0.141419,0.091113,0.067612,0.224233,0.433226,0.171388,0.199586,0.152781,0.29871,0.628228,0.389386,0.194958,0.314164,0.203359,0.224673,0.092701,0.081899,0.146106,0.588585,0.100384,0.129111,0.108562,0.149978,0.666997,0.27469,0.144572,0.23391,0.126076,0.958477,0.385999,0.243495,0.380282,0.160531,0.461942,0.623591,0.540525,0.557245,0.156271,1.622845,0.482574,0.490283,0.273358,0.163259,1.028986,0.778942,0.673285,0.402614,0.150955
1768920147.7138,1768920147.714421,33.0,0.0,4341.025879,4347.05127,4350.128418,4367.692383,4336.794922,4339.487305,4342.563965,4338.974121,4342.820313,4325.897461,4506.794922,4534.358887,4400.384766,4454.487305,,,,,,,,,,,,,,,,,,,,,,,,,,,,,,,,,,,,,,,,,,,,,,,,,,,,,,,,,,,,,,,,,,,,,,
1768920147.721608,1768920147.722329,34.0,0.0,4340.897461,4344.871582,4349.102539,4364.871582,4339.615234,4335.512695,4336.538574,4340.128418,4341.794922,4323.589844,4508.333496,4528.846191,4395.0,4448.589844,,,,,,,,,,,,,,,,,,,,,,,,,,,,,,,,,,,,,,,,,,,,,,,,,,,,,,,,,,,,,,,,,,,,,,
1768920147.729416,1768920147.730137,35.0,0.0,4342.563965,4343.589844,4347.179688,4363.205078,4333.589844,4333.717773,4330.384766,4340.641113,4342.436035,4325.128418,4509.230957,4527.692383,4411.538574,4459.102539,,,,,,,,,,,,,,,,,,,,,,,,,,,,,,,,,,,,,,,,,,,,,,,,,,,,,,,,,,,,,,,,,,,,,,
1768920147.737225,1768920147.737746,36.0,0.0,4349.743652,4349.615234,4349.358887,4368.205078,4330.512695,4327.820313,4327.307617,4339.230957,4344.358887,4327.563965,4509.487305,4534.871582,4418.846191,4465.512695,,,,,,,,,,,,,,,,,,,,,,,,,,,,,,,,,,,,,,,,,,,,,,,,,,,,,,,,,,,,,,,,,,,,,,
1768920147.745034,1768920147.745554,37.0,0.0,4355.384766,4350.512695,4348.717773,4369.102539,4331.153809,4321.282227,4325.512695,4335.256348,4340.512695,4325.128418,4511.282227,4537.436035,4410.641113,4460.897461,,,,,,,,,,,,,,,,,,,,,,,,,,,,,,,,,,,,,,,,,,,,,,,,,,,,,,,,,,,,,,,,,,,,,,
1768920147.752842,1768920147.753263,38.0,0.0,4354.358887,4344.615234,4347.94873,4362.179688,4328.717773,4327.307617,4328.717773,4333.461426,4329.487305,4321.538574,4509.871582,4531.410156,4411.922852,4461.025879,,,,,,,,,,,,,,,,,,,,,,,,,,,,,,,,,,,,,,,,,,,,,,,,,,,,,,,,,,,,,,,,,,,,,,
1768920147.760651,1768920147.761071,39.0,0.0,4351.538574,4343.846191,4350.769043,4360.384766,4327.307617,4335.0,4338.333496,4337.307617,4330.256348,4320.512695,4508.205078,4528.077148,4415.128418,4464.102539,,,,,,,,,,,,,,,,,,,,,,,,,,,,,,,,,,,,,,,,,,,,,,,,,,,,,,,,,,,,,,,,,,,,,,
1768920147.768459,1768920147.76868,40.0,0.0,4347.692383,4345.256348,4348.333496,4364.102539,4331.410156,4332.307617,4343.974121,4338.077148,4336.922852,4316.153809,4505.769043,4526.922852,4403.846191,4461.025879,,,,,,,,,,,,,,,,,,,,,,,,,,,,,,,,,,,,,,,,,,,,,,,,,,,,,,,,,,,,,,,,,,,,,,
1768920147.776268,1768920147.776489,41.0,0.0,4346.666504,4345.256348,4343.333496,4363.974121,4332.692383,4330.0,4340.769043,4335.641113,4332.94873,4313.205078,4503.461426,4524.230957,4397.563965,4451.538574,,,,,,,,,,,,,,,,,,,,,,,,,,,,,,,,,,,,,,,,,,,,,,,,,,,,,,,,,,,,,,,,,,,,,,
1768920147.784076,1768920147.784197,42.0,0.0,4349.358887,4347.692383,4347.307617,4363.461426,4329.743652,4337.307617,4341.794922,4337.94873,4333.077148,4318.333496,4504.871582,4523.461426,4406.153809,4448.974121,,,,,,,,,,,,,,,,,,,,,,,,,,,,,,,,,,,,,,,,,,,,,,,,,,,,,,,,,,,,,,,,,,,,,,
1768920147.791885,1768920147.792006,43.0,0.0,4342.94873,4344.743652,4350.897461,4363.205078,4328.461426,4335.897461,4343.205078,4339.487305,4336.153809,4317.179688,4506.410156,4523.461426,4408.717773,4451.794922,,,,,,,,,,,,,,,,,,,,,,,,,,,,,,,,,,,,,,,,,,,,,,,,,,,,,,,,,,,,,,,,,,,,,,
1768920147.799693,1768920147.799614,44.0,0.0,4335.128418,4337.94873,4347.307617,4357.563965,4328.333496,4325.384766,4338.333496,4332.94873,4328.717773,4308.846191,4505.384766,4524.871582,4398.846191,4447.179688,,,,,,,,,,,,,,,,,,,,,,,,,,,,,,,,,,,,,,,,,,,,,,,,,,,,,,,,,,,,,,,,,,,,,,
1768920147.807502,1768920147.807423,45.0,0.0,4342.692383,4339.615234,4349.358887,4355.641113,4329.871582,4323.974121,4332.563965,4328.717773,4325.128418,4310.256348,4504.615234,4526.282227,4398.333496,4446.153809,,,,,,,,,,,,,,,,,,,,,,,,,,,,,,,,,,,,,,,,,,,,,,,,,,,,,,,,,,,,,,,,,,,,,,
1768920147.81531,1768920147.815331,46.0,0.0,4353.974121,4346.025879,4358.333496,4364.230957,4333.717773,4325.256348,4331.153809,4332.436035,4329.743652,4315.0,4506.922852,4525.384766,4404.743652,4452.436035,,,,,,,,,,,,,,,,,,,,,,,,,,,,,,,,,,,,,,,,,,,,,,,,,,,,,,,,,,,,,,,,,,,,,,
1768920147.823119,1768920147.823139,47.0,0.0,4353.846191,4346.666504,4362.94873,4370.128418,4333.974121,4325.512695,4336.922852,4333.205078,4326.410156,4311.922852,4507.692383,4524.230957,4404.487305,4453.846191,,,,,,,,,,,,,,,,,,,,,,,,,,,,,,,,,,,,,,,,,,,,,,,,,,,,,,,,,,,,,,,,,,,,,,
1768920147.830927,1768920147.831148,48.0,0.0,4351.922852,4345.769043,4362.94873,4369.102539,4329.487305,4326.794922,4341.794922,4330.897461,4323.461426,4309.615234,4505.512695,4526.922852,4405.512695,4453.846191,0.986148,0.354515,0.306804,0.232301,0.140937,0.445329,0.815552,0.536699,0.167,0.127045,0.802518,0.514176,0.350033,0.276806,0.142819,0.892545,0.527133,0.422935,0.177792,0.10522,0.41354,0.125257,0.162367,0.081606,0.069367,0.244889,0.431151,0.191165,0.202443,0.160009,0.235413,0.623331,0.409618,0.190919,0.329328,0.228187,0.235052,0.093372,0.09233,0.140019,0.650325,0.118589,0.144324,0.121404,0.150902,0.672103,0.222288,0.150773,0.246496,0.132219,0.995307,0.350952,0.225681,0.369449,0.172494,0.389799,0.613688,0.542991,0.526563,0.176764,1.757677,0.39356,0.476957,0.273875,0.195223,1.066512,0.689285,0.639942,0.404731,0.184299
1768920147.838736,1768920147.838956,49.0,0.0,4357.179688,4348.461426,4366.538574,4370.256348,4330.769043,4327.563965,4339.487305,4332.563965,4326.410156,4313.461426,4505.769043,4533.333496,4411.025879,4460.769043,,,,,,,,,,,,,,,,,,,,,,,,,,,,,,,,,,,,,,,,,,,,,,,,,,,,,,,,,,,,,,,,,,,,,,
1768920147.846544,1768920147.846664,50.0,0.0,4361.410156,4352.179688,4367.563965,4371.666504,4333.974121,4327.692383,4336.282227,4335.0,4327.563965,4316.282227,4511.538574,4537.436035,4413.717773,4469.615234,,,,,,,,,,,,,,,,,,,,,,,,,,,,,,,,,,,,,,,,,,,,,,,,,,,,,,,,,,,,,,,,,,,,,,
1768920147.854353,1768920147.854473,51.0,0.0,4359.487305,4352.692383,4361.153809,4368.461426,4328.461426,4325.512695,4337.563965,4337.05127,4330.0,4314.615234,4510.512695,4537.94873,4412.436035,4469.615234,,,,,,,,,,,,,,,,,,,,,,,,,,,,,,,,,,,,,,,,,,,,,,,,,,,,,,,,,,,,,,,,,,,,,,
1768920147.862162,1768920147.862081,52.0,0.0,4358.077148,4351.282227,4360.897461,4368.589844,4326.025879,4327.436035,4344.230957,4341.922852,4333.974121,4314.102539,4507.307617,4539.615234,4410.641113,4465.128418,,,,,,,,,,,,,,,,,,,,,,,,,,,,,,,,,,,,,,,,,,,,,,,,,,,,,,,,,,,,,,,,,,,,,,
1768920147.86997,1768920147.869889,53.0,0.0,4362.436035,4352.692383,4366.538574,4371.666504,4330.0,4335.256348,4347.94873,4340.769043,4335.384766,4317.820313,4517.692383,4546.410156,4413.717773,4468.717773,,,,,,,,,,,,,,,,,,,,,,,,,,,,,,,,,,,,,,,,,,,,,,,,,,,,,,,,,,,,,,,,,,,,,,
1768920147.877778,1768920147.877598,54.0,0.0,4360.0,4350.128418,4363.589844,4368.717773,4330.128418,4337.563965,4342.820313,4332.692383,4335.641113,4325.641113,4524.358887,4548.717773,4416.922852,4476.666504,,,,,,,,,,,,,,,,,,,,,,,,,,,,,,,,,,,,,,,,,,,,,,,,,,,,,,,,,,,,,,,,,,,,,,
1768920147.885587,1768920147.885406,55.0,0.0,4351.538574,4343.333496,4357.436035,4363.461426,4329.615234,4333.974121,4341.922852,4331.538574,4333.846191,4324.871582,4515.769043,4542.307617,4413.589844,4475.256348,,,,,,,,,,,,,,,,,,,,,,,,,,,,,,,,,,,,,,,,,,,,,,,,,,,,,,,,,,,,,,,,,,,,,,
1768920147.893396,1768920147.893414,56.0,0.0,4355.256348,4343.077148,4357.179688,4366.025879,4333.461426,4332.820313,4343.717773,4335.769043,4327.692383,4317.05127,4507.563965,4534.743652,4409.487305,4469.102539,,,,,,,,,,,,,,,,,,,,,,,,,,,,,,,,,,,,,,,,,,,,,,,,,,,,,,,,,,,,,,,,,,,,,,
1768920147.901204,1768920147.901223,57.0,0.0,4361.025879,4347.436035,4356.538574,4371.025879,4334.230957,4326.794922,4330.897461,4335.641113,4325.256348,4316.025879,4508.974121,4531.922852,4412.179688,4467.05127,,,,,,,,,,,,,,,,,,,,,,,,,,,,,,,,,,,,,,,,,,,,,,,,,,,,,,,,,,,,,,,,,,,,,,
1768920147.909012,1768920147.909131,58.0,0.0,4350.256348,4346.410156,4349.743652,4366.922852,4330.0,4318.205078,4322.94873,4333.077148,4327.307617,4317.563965,4509.358887,4530.0,4409.871582,4463.717773,,,,,,,,,,,,,,,,,,,,,,,,,,,,,,,,,,,,,,,,,,,,,,,,,,,,,,,,,,,,,,,,,,,,,,
1768920147.916821,1768920147.916939,59.0,0.0,4340.769043,4338.461426,4342.563965,4355.897461,4326.666504,4323.846191,4333.846191,4334.230957,4327.820313,4313.974121,4499.230957,4521.025879,4397.436035,4454.487305,,,,,,,,,,,,,,,,,,,,,,,,,,,,,,,,,,,,,,,,,,,,,,,,,,,,,,,,,,,,,,,,,,,,,,
1768920147.92463,1768920147.924948,60.0,0.0,4347.820313,4333.974121,4344.358887,4352.94873,4325.0,4330.384766,4342.692383,4338.077148,4332.05127,4314.487305,4494.487305,4518.333496,4392.436035,4448.461426,,,,,,,,,,,,,,,,,,,,,,,,,,,,,,,,,,,,,,,,,,,,,,,,,,,,,,,,,,,,,,,,,,,,,,
1768920147.932438,1768920147.932756,61.0,0.0,4359.615234,4343.974121,4356.666504,4365.256348,4328.717773,4329.358887,4350.769043,4341.666504,4344.871582,4328.461426,4512.307617,4535.128418,4411.794922,4463.461426,,,,,,,,,,,,,,,,,,,,,,,,,,,,,,,,,,,,,,,,,,,,,,,,,,,,,,,,,,,,,,,,,,,,,,
1768920147.940247,1768920147.940665,62.0,0.0,4362.563965,4355.769043,4365.384766,4374.102539,4337.05127,4335.897461,4364.871582,4342.307617,4351.410156,4338.717773,4530.0,4549.102539,4431.282227,4479.487305,,,,,,,,,,,,,,,,,,,,,,,,,,,,,,,,,,,,,,,,,,,,,,,,,,,,,,,,,,,,,,,,,,,,,,
1768920147.948055,1768920147.948473,63.0,0.0,4356.025879,4350.384766,4360.0,4364.230957,4335.897461,4338.717773,4366.282227,4340.128418,4344.615234,4332.692383,4525.128418,4542.692383,4422.820313,4469.102539,,,,,,,,,,,,,,,,,,,,,,,,,,,,,,,,,,,,,,,,,,,,,,,,,,,,,,,,,,,,,,,,,,,,,,
1768920147.955864,1768920147.956482,64.0,0.0,4352.05127,4340.256348,4353.589844,4357.05127,4327.820313,4329.358887,4358.846191,4338.974121,4339.230957,4326.410156,4516.282227,4536.282227,4410.769043,4458.589844,1.096987,0.372972,0.285498,0.23513,0.158313,0.425615,0.629107,0.54771,0.166535,0.140085,0.892153,0.414597,0.239283,0.251254,0.145587,0.96836,0.418535,0.388312,0.184866,0.118102,0.442404,0.136579,0.182557,0.071752,0.072035,0.267326,0.409308,0.19659,0.208863,0.161589,0.225062,0.574772,0.386958,0.199213,0.324974,0.241804,0.232233,0.094011,0.104246,0.130934,0.712477,0.132112,0.162622,0.131201,0.146849,0.658014,0.16325,0.149993,0.26493,0.13739,1.009122,0.321955,0.204575,0.354866,0.183448,0.370538,0.593019,0.525397,0.484788,0.194038,1.791795,0.318584,0.446777,0.277159,0.228496,1.077137,0.595991,0.596216,0.407929,0.224255
1768920147.963672,1768920147.96429,65.0,0.0,4355.256348,4341.410156,4354.487305,4362.05127,4328.333496,4325.0,4356.794922,4338.974121,4339.487305,4324.871582,4513.589844,4536.666504,4409.230957,4462.563965,,,,,,,,,,,,,,,,,,,,,,,,,,,,,,,,,,,,,,,,,,,,,,,,,,,,,,,,,,,,,,,,,,,,,,
1768920147.971481,1768920147.971999,66.0,0.0,4355.512695,4343.333496,4353.333496,4362.436035,4332.179688,4331.282227,4355.128418,4339.615234,4339.871582,4321.538574,4508.717773,4528.974121,4402.436035,4461.410156,,,,,,,,,,,,,,,,,,,,,,,,,,,,,,,,,,,,,,,,,,,,,,,,,,,,,,,,,,,,,,,,,,,,,,
1768920147.979289,1768920147.979807,67.0,0.0,4353.461426,4340.128418,4349.615234,4356.282227,4329.230957,4336.410156,4358.077148,4337.307617,4337.179688,4319.358887,4504.615234,4523.717773,4398.461426,4454.230957,,,,,,,,,,,,,,,,,,,,,,,,,,,,,,,,,,,,,,,,,,,,,,,,,,,,,,,,,,,,,,,,,,,,,,
1768920147.987098,1768920147.987416,68.0,0.0,4352.820313,4337.94873,4348.717773,4355.384766,4326.922852,4331.025879,4359.102539,4335.128418,4336.025879,4323.333496,4511.153809,4531.666504,4407.692383,4455.897461,,,,,,,,,,,,,,,,,,,,,,,,,,,,,,,,,,,,,,,,,,,,,,,,,,,,,,,,,,,,,,,,,,,,,,
1768920147.994906,1768920147.995225,69.0,0.0,4351.538574,4337.94873,4350.0,4359.102539,4327.307617,4325.641113,4351.025879,4338.974121,4342.563965,4327.820313,4520.0,4541.410156,4414.358887,4461.153809,,,,,,,,,,,,,,,,,,,,,,,,,,,,,,,,,,,,,,,,,,,,,,,,,,,,,,,,,,,,,,,,,,,,,,
1768920148.002715,1768920148.002933,70.0,0.0,4354.487305,4340.641113,4351.025879,4362.179688,4325.641113,4334.871582,4352.05127,4339.743652,4341.922852,4325.384766,4516.538574,4538.846191,4412.307617,4465.641113,,,,,,,,,,,,,,,,,,,,,,,,,,,,,,,,,,,,,,,,,,,,,,,,,,,,,,,,,,,,,,,,,,,,,,
1768920148.010523,1768920148.010741,71.0,0.0,4359.615234,4344.230957,4351.538574,4362.692383,4326.538574,4341.025879,4356.922852,4333.589844,4331.922852,4318.589844,4507.563965,4526.282227,4407.436035,4463.846191,,,,,,,,,,,,,,,,,,,,,,,,,,,,,,,,,,,,,,,,,,,,,,,,,,,,,,,,,,,,,,,,,,,,,,
1768920148.018332,1768920148.018749,72.0,0.0,4354.230957,4341.410156,4349.358887,4357.820313,4329.615234,4328.333496,4345.641113,4330.512695,4331.666504,4314.102539,4502.436035,4519.615234,4395.512695,4449.615234,,,,,,,,,,,,,,,,,,,,,,,,,,,,,,,,,,,,,,,,,,,,,,,,,,,,,,,,,,,,,,,,,,,,,,
1768920148.02614,1768920148.026558,73.0,0.0,4349.615234,4337.179688,4347.307617,4356.025879,4328.846191,4322.179688,4336.410156,4332.436035,4339.358887,4313.846191,4506.282227,4529.615234,4395.384766,4449.358887,,,,,,,,,,,,,,,,,,,,,,,,,,,,,,,,,,,,,,,,,,,,,,,,,,,,,,,,,,,,,,,,,,,,,,
1768920148.033949,1768920148.034466,74.0,0.0,4355.384766,4342.820313,4350.256348,4361.025879,4329.358887,4328.974121,4347.94873,4336.538574,4341.666504,4315.256348,4514.743652,4541.794922,4411.410156,4466.794922,,,,,,,,,,,,,,,,,,,,,,,,,,,,,,,,,,,,,,,,,,,,,,,,,,,,,,,,,,,,,,,,,,,,,,
1768920148.041757,1768920148.042275,75.0,0.0,4358.205078,4348.333496,4350.128418,4361.025879,4330.0,4327.307617,4353.717773,4340.897461,4341.538574,4319.358887,4516.794922,4536.794922,4416.538574,4470.512695,,,,,,,,,,,,,,,,,,,,,,,,,,,,,,,,,,,,,,,,,,,,,,,,,,,,,,,,,,,,,,,,,,,,,,
1768920148.049566,1768920148.049883,76.0,0.0,4358.461426,4343.974121,4346.410156,4357.563965,4329.230957,4324.102539,4343.589844,4335.128418,4338.205078,4324.615234,4509.871582,4526.666504,4411.282227,4460.384766,,,,,,,,,,,,,,,,,,,,,,,,,,,,,,,,,,,,,,,,,,,,,,,,,,,,,,,,,,,,,,,,,,,,,,
1768920148.057374,1768920148.057691,77.0,0.0,4366.025879,4339.871582,4350.384766,4360.897461,4332.436035,4326.922852,4341.410156,4327.179688,4335.0,4324.358887,4507.436035,4529.871582,4411.794922,4460.641113,,,,,,,,,,,,,,,,,,,,,,,,,,,,,,,,,,,,,,,,,,,,,,,,,,,,,,,,,,,,,,,,,,,,,,
1768920148.065183,1768920148.065399,78.0,0.0,4366.794922,4343.333496,4356.025879,4364.230957,4334.487305,4327.563965,4343.717773,4332.05127,4335.769043,4320.128418,4510.641113,4538.717773,4414.230957,4465.641113,,,,,,,,,,,,,,,,,,,,,,,,,,,,,,,,,,,,,,,,,,,,,,,,,,,,,,,,,,,,,,,,,,,,,,
1768920148.072991,1768920148.073208,79.0,0.0,4358.205078,4344.743652,4353.333496,4361.538574,4329.487305,4326.153809,4334.487305,4333.205078,4331.025879,4314.871582,4505.769043,4533.846191,4411.666504,4459.487305,,,,,,,,,,,,,,,,,,,,,,,,,,,,,,,,,,,,,,,,,,,,,,,,,,,,,,,,,,,,,,,,,,,,,,
1768920148.0808,1768920148.081216,80.0,0.0,4360.0,4341.794922,4350.769043,4362.692383,4332.179688,4323.846191,4326.282227,4328.846191,4328.974121,4313.205078,4506.922852,4526.410156,4411.153809,4459.871582,1.101049,0.429454,0.264726,0.239592,0.170499,0.417657,0.457887,0.540653,0.1804,0.155075,0.938502,0.335393,0.155901,0.236602,0.149222,0.961582,0.323491,0.360901,0.192694,0.130152,0.443907,0.15133,0.190525,0.063849,0.074232,0.2814,0.378172,0.188809,0.221265,0.15697,0.25512,0.503685,0.335091,0.22158,0.300685,0.240183,0.218598,0.090859,0.114967,0.118894,0.750831,0.136737,0.173974,0.138643,0.137613,0.632917,0.110344,0.143853,0.287522,0.142667,0.97303,0.31073,0.183182,0.338782,0.192077,0.415498,0.571967,0.481651,0.435449,0.202563,1.706334,0.280649,0.398217,0.282158,0.257014,1.062396,0.53748,0.547047,0.402523,0.260944
1768920148.088608,1768920148.089024,81.0,0.0,4365.641113,4341.794922,4355.512695,4368.589844,4340.641113,4325.641113,4337.820313,4336.153809,4340.769043,4318.846191,4518.974121,4535.0,4414.230957,4469.871582,,,,,,,,,,,,,,,,,,,,,,,,,,,,,,,,,,,,,,,,,,,,,,,,,,,,,,,,,,,,,,,,,,,,,,
1768920148.096417,1768920148.096933,82.0,0.0,4359.615234,4342.820313,4358.974121,4367.436035,4333.077148,4333.589844,4346.282227,4338.846191,4343.077148,4319.102539,4520.0,4541.282227,4416.410156,4468.205078,,,,,,,,,,,,,,,,,,,,,,,,,,,,,,,,,,,,,,,,,,,,,,,,,,,,,,,,,,,,,,,,,,,,,,
1768920148.104226,1768920148.104741,83.0,0.0,4353.205078,4339.230957,4352.820313,4362.307617,4324.230957,4334.487305,4335.384766,4329.230957,4331.410156,4313.077148,4508.589844,4528.717773,4410.769043,4453.461426,,,,,,,,,,,,,,,,,,,,,,,,,,,,,,,,,,,,,,,,,,,,,,,,,,,,,,,,,,,,,,,,,,,,,,
1768920148.112034,1768920148.112749,84.0,0.0,4353.974121,4333.205078,4342.436035,4359.358887,4327.563965,4325.512695,4326.922852,4329.743652,4330.512695,4311.025879,4501.538574,4515.769043,4399.487305,4443.589844,,,,,,,,,,,,,,,,,,,,,,,,,,,,,,,,,,,,,,,,,,,,,,,,,,,,,,,,,,,,,,,,,,,,,,
1768920148.119842,1768920148.120558,85.0,0.0,4351.282227,4331.410156,4338.846191,4355.897461,4327.692383,4325.512695,4335.128418,4335.512695,4336.666504,4309.615234,4504.743652,4521.538574,4397.436035,4445.384766,,,,,,,,,,,,,,,,,,,,,,,,,,,,,,,,,,,,,,,,,,,,,,,,,,,,,,,,,,,,,,,,,,,,,,
1768920148.127651,1768920148.128266,86.0,0.0,4347.05127,4333.461426,4346.410156,4355.512695,4325.512695,4336.410156,4348.717773,4334.615234,4336.282227,4309.230957,4507.692383,4530.256348,4402.05127,4450.256348,,,,,,,,,,,,,,,,,,,,,,,,,,,,,,,,,,,,,,,,,,,,,,,,,,,,,,,,,,,,,,,,,,,,,,
1768920148.13546,1768920148.136075,87.0,0.0,4349.487305,4335.128418,4351.922852,4357.436035,4328.846191,4335.641113,4346.666504,4332.563965,4336.153809,4314.487305,4505.641113,4526.025879,4400.769043,4449.487305,,,,,,,,,,,,,,,,,,,,,,,,,,,,,,,,,,,,,,,,,,,,,,,,,,,,,,,,,,,,,,,,,,,,,,
1768920148.143268,1768920148.144083,88.0,0.0,4348.077148,4332.307617,4347.436035,4355.897461,4330.256348,4323.846191,4329.871582,4331.922852,4336.538574,4315.512695,4504.487305,4521.794922,4396.410156,4446.666504,,,,,,,,,,,,,,,,,,,,,,,,,,,,,,,,,,,,,,,,,,,,,,,,,,,,,,,,,,,,,,,,,,,,,,
1768920148.151077,1768920148.151892,89.0,0.0,4345.256348,4327.820313,4341.538574,4353.461426,4328.974121,4325.128418,4325.512695,4329.743652,4330.897461,4310.256348,4505.897461,4525.897461,4396.282227,4447.179688,,,,,,,,,,,,,,,,,,,,,,,,,,,,,,,,,,,,,,,,,,,,,,,,,,,,,,,,,,,,,,,,,,,,,,
1768920148.158885,1768920148.159601,90.0,0.0,4347.436035,4330.256348,4340.512695,4353.717773,4331.153809,4334.871582,4336.538574,4334.230957,4334.487305,4313.333496,4509.358887,4531.410156,4398.717773,4449.102539,,,,,,,,,,,,,,,,,,,,,,,,,,,,,,,,,,,,,,,,,,,,,,,,,,,,,,,,,,,,,,,,,,,,,,
1768920148.166694,1768920148.167409,91.0,0.0,4345.897461,4331.922852,4345.128418,4355.512695,4330.256348,4334.358887,4341.922852,4341.666504,4344.743652,4322.05127,4512.05127,4534.743652,4402.563965,4452.307617,,,,,,,,,,,,,,,,,,,,,,,,,,,,,,,,,,,,,,,,,,,,,,,,,,,,,,,,,,,,,,,,,,,,,,
1768920148.174502,1768920148.175018,92.0,0.0,4342.307617,4328.589844,4346.282227,4356.538574,4326.922852,4328.077148,4335.384766,4335.256348,4336.794922,4321.794922,4509.615234,4534.230957,4407.179688,4453.974121,,,,,,,,,,,,,,,,,,,,,,,,,,,,,,,,,,,,,,,,,,,,,,,,,,,,,,,,,,,,,,,,,,,,,,
1768920148.182311,1768920148.182826,93.0,0.0,4344.102539,4331.153809,4345.128418,4357.179688,4327.692383,4327.563965,4329.743652,4325.384766,4326.410156,4319.487305,4507.692383,4535.384766,4409.743652,4452.307617,,,,,,,,,,,,,,,,,,,,,,,,,,,,,,,,,,,,,,,,,,,,,,,,,,,,,,,,,,,,,,,,,,,,,,
1768920148.190119,1768920148.190534,94.0,0.0,4346.666504,4340.512695,4347.820313,4356.153809,4331.025879,4327.563965,4326.794922,4328.077148,4333.461426,4321.538574,4513.846191,4542.05127,4411.282227,4454.871582,,,,,,,,,,,,,,,,,,,,,,,,,,,,,,,,,,,,,,,,,,,,,,,,,,,,,,,,,,,,,,,,,,,,,,
1768920148.197928,1768920148.198343,95.0,0.0,4346.538574,4344.358887,4351.410156,4356.410156,4336.538574,4327.05127,4325.641113,4337.436035,4340.256348,4323.846191,4521.025879,4548.077148,4414.102539,4463.205078,,,,,,,,,,,,,,,,,,,,,,,,,,,,,,,,,,,,,,,,,,,,,,,,,,,,,,,,,,,,,,,,,,,,,,
1768920148.205736,1768920148.205951,96.0,0.0,4349.487305,4341.666504,4356.538574,4359.743652,4339.743652,4330.128418,4329.743652,4339.743652,4339.871582,4324.487305,4521.410156,4547.436035,4413.461426,4465.641113,0.987976,0.519336,0.244156,0.23245,0.17694,0.419847,0.341907,0.510966,0.19724,0.165669,0.939491,0.291095,0.112334,0.227258,0.153202,0.870937,0.26219,0.344608,0.195803,0.13916,0.423139,0.163873,0.180467,0.059973,0.074986,0.279623,0.34943,0.175253,0.239279,0.148194,0.298157,0.443437,0.282243,0.256658,0.262293,0.222828,0.200981,0.084908,0.121002,0.104798,0.746983,0.136296,0.179852,0.145243,0.124699,0.624779,0.07431,0.137458,0.311166,0.148224,0.89974,0.319802,0.172779,0.32412,0.197133,0.534277,0.567981,0.422278,0.384351,0.201144,1.523263,0.288401,0.338136,0.290364,0.276586,1.046518,0.537619,0.495049,0.380967,0.286009
1768920148.213545,1768920148.213759,97.0,0.0,4352.05127,4343.846191,4362.307617,4363.333496,4338.205078,4337.436035,4337.563965,4340.256348,4342.820313,4325.641113,4521.153809,4550.0,4411.410156,4467.820313,,,,,,,,,,,,,,,,,,,,,,,,,,,,,,,,,,,,,,,,,,,,,,,,,,,,,,,,,,,,,,,,,,,,,,
1768920148.221353,1768920148.221668,98.0,0.0,4352.05127,4352.563965,4361.794922,4364.743652,4335.769043,4338.333496,4340.897461,4341.666504,4343.846191,4329.871582,4524.102539,4555.769043,4416.922852,4475.641113,,,,,,,,,,,,,,,,,,,,,,,,,,,,,,,,,,,,,,,,,,,,,,,,,,,,,,,,,,,,,,,,,,,,,,
1768920148.229162,1768920148.229477,99.0,0.0,4354.358887,4352.436035,4357.820313,4363.589844,4335.0,4331.282227,4333.461426,4338.333496,4340.0,4332.436035,4526.025879,4554.615234,4422.563965,4477.94873,,,,,,,,,,,,,,,,,,,,,,,,,,,,,,,,,,,,,,,,,,,,,,,,,,,,,,,,,,,,,,,,,,,,,,
1768920148.23697,1768920148.237485,100.0,0.0,4352.692383,4341.922852,4358.333496,4358.974121,4333.077148,4330.641113,4330.0,4336.666504,4337.436035,4326.794922,4525.128418,4550.256348,4417.820313,4473.205078,,,,,,,,,,,,,,,,,,,,,,,,,,,,,,,,,,,,,,,,,,,,,,,,,,,,,,,,,,,,,,,,,,,,,,
1768920148.244779,1768920148.245294,101.0,0.0,4348.846191,4339.871582,4356.922852,4356.922852,4327.94873,4334.743652,4333.333496,4335.769043,4331.282227,4319.230957,4521.282227,4543.974121,4410.641113,4465.769043,,,,,,,,,,,,,,,,,,,,,,,,,,,,,,,,,,,,,,,,,,,,,,,,,,,,,,,,,,,,,,,,,,,,,,
1768920148.252587,1768920148.253202,102.0,0.0,4343.333496,4339.615234,4354.358887,4357.05127,4324.102539,4330.256348,4329.743652,4335.256348,4329.871582,4320.384766,4519.487305,4540.128418,4410.897461,4458.717773,,,,,,,,,,,,,,,,,,,,,,,,,,,,,,,,,,,,,,,,,,,,,,,,,,,,,,,,,,,,,,,,,,,,,,
1768920148.260396,1768920148.26101,103.0,0.0,4336.410156,4330.897461,4356.282227,4356.538574,4328.846191,4324.615234,4324.871582,4337.436035,4337.436035,4324.743652,4521.794922,4543.846191,4413.077148,4458.333496,,,,,,,,,,,,,,,,,,,,,,,,,,,,,,,,,,,,,,,,,,,,,,,,,,,,,,,,,,,,,,,,,,,,,,
1768920148.268204,1768920148.268619,104.0,0.0,4342.436035,4335.0,4355.769043,4358.589844,4335.897461,4326.794922,4326.282227,4336.410156,4341.025879,4327.179688,4523.846191,4544.615234,4414.102539,4466.922852,,,,,,,,,,,,,,,,,,,,,,,,,,,,,,,,,,,,,,,,,,,,,,,,,,,,,,,,,,,,,,,,,,,,,,
1768920148.276013,1768920148.276427,105.0,0.0,4357.692383,4350.512695,4354.102539,4365.0,4333.461426,4327.94873,4326.282227,4332.436035,4337.94873,4326.666504,4519.743652,4536.282227,4413.461426,4469.871582,,,,,,,,,,,,,,,,,,,,,,,,,,,,,,,,,,,,,,,,,,,,,,,,,,,,,,,,,,,,,,,,,,,,,,
1768920148.283821,1768920148.284335,106.0,0.0,4360.641113,4349.615234,4358.461426,4369.743652,4331.153809,4325.384766,4326.025879,4334.102539,4335.769043,4323.589844,4510.128418,4532.436035,4410.512695,4462.563965,,,,,,,,,,,,,,,,,,,,,,,,,,,,,,,,,,,,,,,,,,,,,,,,,,,,,,,,,,,,,,,,,,,,,,
1768920148.29163,1768920148.292144,107.0,0.0,4352.436035,4343.717773,4359.487305,4369.358887,4337.05127,4326.666504,4329.102539,4335.512695,4331.794922,4322.307617,4507.436035,4533.205078,4411.410156,4459.102539,,,,,,,,,,,,,,,,,,,,,,,,,,,,,,,,,,,,,,,,,,,,,,,,,,,,,,,,,,,,,,,,,,,,,,
1768920148.299438,1768920148.300152,108.0,0.0,4350.512695,4349.230957,4352.692383,4369.615234,4338.205078,4328.589844,4325.256348,4329.230957,4327.179688,4324.358887,4511.410156,4529.102539,4413.974121,4461.153809,,,,,,,,,,,,,,,,,,,,,,,,,,,,,,,,,,,,,,,,,,,,,,,,,,,,,,,,,,,,,,,,,,,,,,
1768920148.307247,1768920148.307961,109.0,0.0,4350.128418,4351.922852,4351.666504,4370.128418,4335.769043,4330.897461,4323.717773,4332.05127,4334.102539,4325.897461,4510.769043,4528.974121,4413.077148,4461.538574,,,,,,,,,,,,,,,,,,,,,,,,,,,,,,,,,,,,,,,,,,,,,,,,,,,,,,,,,,,,,,,,,,,,,,
1768920148.315055,1768920148.315669,110.0,0.0,4345.512695,4344.871582,4356.025879,4366.666504,4339.615234,4335.0,4329.230957,4340.512695,4340.641113,4324.615234,4506.538574,4532.179688,4408.205078,4455.256348,,,,,,,,,,,,,,,,,,,,,,,,,,,,,,,,,,,,,,,,,,,,,,,,,,,,,,,,,,,,,,,,,,,,,,
1768920148.322864,1768920148.323478,111.0,0.0,4344.102539,4340.897461,4353.205078,4363.461426,4338.974121,4333.077148,4328.205078,4334.358887,4332.307617,4323.205078,4506.153809,4523.461426,4404.487305,4447.94873,,,,,,,,,,,,,,,,,,,,,,,,,,,,,,,,,,,,,,,,,,,,,,,,,,,,,,,,,,,,,,,,,,,,,,
1768920148.330672,1768920148.331086,112.0,0.0,4344.102539,4341.538574,4346.794922,4364.358887,4332.820313,4328.333496,4326.153809,4326.282227,4325.0,4320.256348,4507.692383,4516.666504,4406.666504,4450.0,0.798375,0.632751,0.222011,0.209516,0.179222,0.423864,0.293164,0.455529,0.205803,0.167631,0.915457,0.284471,0.105087,0.216667,0.156321,0.719434,0.237273,0.331209,0.190948,0.144562,0.389369,0.168982,0.155853,0.061351,0.074125,0.262516,0.330406,0.165682,0.259349,0.139435,0.351558,0.426788,0.256124,0.300626,0.220851,0.195099,0.185832,0.079195,0.120569,0.090982,0.692449,0.140222,0.190667,0.153394,0.111552,0.640802,0.062854,0.136812,0.333543,0.153068,0.802928,0.344595,0.185322,0.317265,0.198072,0.704276,0.594615,0.367123,0.341448,0.193377,1.286176,0.340866,0.278624,0.310752,0.286426,1.053721,0.597423,0.441207,0.347401,0.296206
1768920148.338481,1768920148.338895,113.0,0.0,4342.307617,4341.538574,4346.666504,4366.410156,4335.384766,4330.128418,4326.282227,4327.692383,4327.05127,4315.384766,4504.871582,4524.230957,4407.563965,4455.512695,,,,,,,,,,,,,,,,,,,,,,,,,,,,,,,,,,,,,,,,,,,,,,,,,,,,,,,,,,,,,,,,,,,,,,
1768920148.34629,1768920148.346803,114.0,0.0,4341.922852,4340.897461,4347.436035,4362.179688,4343.077148,4329.230957,4321.282227,4325.641113,4326.538574,4314.743652,4499.487305,4523.205078,4400.769043,4452.94873,,,,,,,,,,,,,,,,,,,,,,,,,,,,,,,,,,,,,,,,,,,,,,,,,,,,,,,,,,,,,,,,,,,,,,
1768920148.354098,1768920148.354612,115.0,0.0,4341.666504,4339.615234,4343.974121,4359.487305,4342.307617,4329.230957,4320.384766,4322.820313,4324.743652,4320.256348,4500.384766,4517.05127,4398.589844,4451.025879,,,,,,,,,,,,,,,,,,,,,,,,,,,,,,,,,,,,,,,,,,,,,,,,,,,,,,,,,,,,,,,,,,,,,,
1768920148.361907,1768920148.362221,116.0,0.0,4341.538574,4336.794922,4340.897461,4360.641113,4334.102539,4335.256348,4328.461426,4331.410156,4330.512695,4323.974121,4506.538574,4523.461426,4407.179688,4455.512695,,,,,,,,,,,,,,,,,,,,,,,,,,,,,,,,,,,,,,,,,,,,,,,,,,,,,,,,,,,,,,,,,,,,,,
1768920148.369715,1768920148.370029,117.0,0.0,4343.077148,4335.0,4341.666504,4358.333496,4329.743652,4340.384766,4331.025879,4337.94873,4335.897461,4322.436035,4507.692383,4531.410156,4412.05127,4456.410156,,,,,,,,,,,,,,,,,,,,,,,,,,,,,,,,,,,,,,,,,,,,,,,,,,,,,,,,,,,,,,,,,,,,,,
1768920148.377524,1768920148.377738,118.0,0.0,4345.128418,4337.307617,4345.641113,4358.205078,4332.05127,4338.974121,4328.589844,4337.692383,4336.153809,4322.692383,4506.794922,4533.077148,4412.563965,4459.230957,,,,,,,,,,,,,,,,,,,,,,,,,,,,,,,,,,,,,,,,,,,,,,,,,,,,,,,,,,,,,,,,,,,,,,
1768920148.385332,1768920148.385546,119.0,0.0,4347.179688,4341.025879,4349.871582,4366.410156,4336.538574,4333.846191,4332.563965,4338.717773,4338.077148,4324.487305,4510.769043,4536.538574,4411.538574,4462.820313,,,,,,,,,,,,,,,,,,,,,,,,,,,,,,,,,,,,,,,,,,,,,,,,,,,,,,,,,,,,,,,,,,,,,,
1768920148.393141,1768920148.393154,120.0,0.0,4350.897461,4343.846191,4355.0,4370.769043,4338.461426,4332.692383,4336.538574,4341.922852,4341.410156,4324.102539,4513.077148,4539.743652,4407.692383,4460.769043,,,,,,,,,,,,,,,,,,,,,,,,,,,,,,,,,,,,,,,,,,,,,,,,,,,,,,,,,,,,,,,,,,,,,,
1768920148.400949,1768920148.400963,121.0,0.0,4351.922852,4341.794922,4355.384766,4364.358887,4333.717773,4336.922852,4329.871582,4342.692383,4340.384766,4323.717773,4508.974121,4535.0,4408.846191,4460.384766,,,,,,,,,,,,,,,,,,,,,,,,,,,,,,,,,,,,,,,,,,,,,,,,,,,,,,,,,,,,,,,,,,,,,,
1768920148.408758,1768920148.408671,122.0,0.0,4348.333496,4334.487305,4348.846191,4358.461426,4330.0,4335.512695,4321.538574,4337.179688,4335.512695,4325.641113,4510.128418,4532.692383,4412.179688,4461.410156,,,,,,,,,,,,,,,,,,,,,,,,,,,,,,,,,,,,,,,,,,,,,,,,,,,,,,,,,,,,,,,,,,,,,,
1768920148.416566,1768920148.416479,123.0,0.0,4346.794922,4332.05127,4343.205078,4357.436035,4333.717773,4331.666504,4324.230957,4337.820313,4338.333496,4329.102539,4519.743652,4533.077148,4413.717773,4457.692383,,,,,,,,,,,,,,,,,,,,,,,,,,,,,,,,,,,,,,,,,,,,,,,,,,,,,,,,,,,,,,,,,,,,,,
1768920148.424375,1768920148.424487,124.0,0.0,4342.307617,4334.230957,4342.307617,4356.538574,4338.717773,4334.871582,4330.384766,4341.666504,4343.333496,4328.846191,4518.974121,4529.615234,4413.846191,4453.974121,,,,,,,,,,,,,,,,,,,,,,,,,,,,,,,,,,,,,,,,,,,,,,,,,,,,,,,,,,,,,,,,,,,,,,
1768920148.432183,1768920148.432296,125.0,0.0,4333.333496,4331.666504,4342.94873,4355.512695,4336.282227,4334.615234,4329.358887,4336.282227,4337.05127,4320.641113,4507.307617,4524.230957,4407.94873,4450.0,,,,,,,,,,,,,,,,,,,,,,,,,,,,,,,,,,,,,,,,,,,,,,,,,,,,,,,,,,,,,,,,,,,,,,
1768920148.439992,1768920148.440204,126.0,0.0,4337.820313,4329.615234,4342.820313,4355.769043,4333.205078,4330.641113,4326.282227,4334.743652,4335.769043,4315.641113,4505.512695,4525.128418,4400.128418,4446.666504,,,,,,,,,,,,,,,,,,,,,,,,,,,,,,,,,,,,,,,,,,,,,,,,,,,,,,,,,,,,,,,,,,,,,,
1768920148.4478,1768920148.448013,127.0,0.0,4353.461426,4334.230957,4343.717773,4358.589844,4335.0,4332.94873,4323.974121,4339.230957,4340.384766,4320.641113,4510.256348,4530.128418,4401.538574,4452.179688,,,,,,,,,,,,,,,,,,,,,,,,,,,,,,,,,,,,,,,,,,,,,,,,,,,,,,,,,,,,,,,,,,,,,,
1768920148.455609,1768920148.456021,0.0,0.0,4357.307617,4338.461426,4342.179688,4359.102539,4336.666504,4333.974121,4321.410156,4334.487305,4335.0,4325.769043,4507.94873,4527.94873,4407.692383,4457.820313,0.610546,0.747199,0.198306,0.177346,0.179599,0.430334,0.299016,0.379757,0.200523,0.161255,0.899157,0.307978,0.122117,0.201441,0.157529,0.5526,0.23846,0.309269,0.178724,0.146926,0.352245,0.164036,0.12785,0.06696,0.072217,0.237575,0.322936,0.166113,0.276139,0.13529,0.43062,0.471427,0.265803,0.348542,0.188888,0.165371,0.175206,0.075498,0.115495,0.08024,0.607018,0.156602,0.214477,0.165076,0.102002,0.680406,0.078634,0.143455,0.352028,0.154473,0.715841,0.373281,0.223308,0.323746,0.195043,0.899932,0.648605,0.331429,0.314614,0.186141,1.06619,0.427969,0.231751,0.352711,0.287209,1.110077,0.69505,0.388532,0.3152,0.293453
1768920148.463417,1768920148.463829,1.0,0.0,4348.974121,4338.717773,4341.282227,4355.897461,4335.256348,4330.897461,4321.794922,4332.307617,4331.025879,4325.512695,4507.307617,4524.615234,4410.512695,4453.333496,,,,,,,,,,,,,,,,,,,,,,,,,,,,,,,,,,,,,,,,,,,,,,,,,,,,,,,,,,,,,,,,,,,,,,
1768920148.471226,1768920148.471738,2.0,0.0,4345.128418,4336.794922,4347.820313,4356.282227,4331.666504,4330.897461,4328.333496,4341.666504,4339.487305,4324.743652,4511.410156,4527.820313,4413.077148,4454.487305,,,,,,,,,,,,,,,,,,,,,,,,,,,,,,,,,,,,,,,,,,,,,,,,,,,,,,,,,,,,,,,,,,,,,,
1768920148.479034,1768920148.479546,3.0,0.0,4348.461426,4336.282227,4352.179688,4359.358887,4328.589844,4329.743652,4328.589844,4339.871582,4340.384766,4325.512695,4511.666504,4531.922852,4413.077148,4458.846191,,,,,,,,,,,,,,,,,,,,,,,,,,,,,,,,,,,,,,,,,,,,,,,,,,,,,,,,,,,,,,,,,,,,,,
1768920148.486843,1768920148.487554,4.0,0.0,4351.922852,4334.743652,4344.871582,4355.897461,4326.025879,4325.769043,4316.282227,4330.897461,4333.461426,4321.153809,4507.94873,4525.641113,4406.794922,4448.589844,,,,,,,,,,,,,,,,,,,,,,,,,,,,,,,,,,,,,,,,,,,,,,,,,,,,,,,,,,,,,,,,,,,,,,
1768920148.494651,1768920148.495363,5.0,0.0,4349.871582,4328.077148,4338.846191,4349.230957,4325.769043,4325.512695,4312.94873,4329.487305,4333.846191,4315.0,4502.436035,4514.743652,4398.461426,4437.563965,,,,,,,,,,,,,,,,,,,,,,,,,,,,,,,,,,,,,,,,,,,,,,,,,,,,,,,,,,,,,,,,,,,,,,
1768920148.50246,1768920148.503071,6.0,0.0,4344.102539,4328.077148,4341.794922,4351.153809,4332.436035,4330.641113,4325.128418,4331.153809,4337.563965,4317.05127,4499.743652,4514.871582,4395.128418,4440.897461,,,,,,,,,,,,,,,,,,,,,,,,,,,,,,,,,,,,,,,,,,,,,,,,,,,,,,,,,,,,,,,,,,,,,,
1768920148.510268,1768920148.51088,7.0,0.0,4342.94873,4337.307617,4341.794922,4357.05127,4337.436035,4333.717773,4328.461426,4332.94873,4339.230957,4325.641113,4502.94873,4519.102539,4399.487305,4446.666504,,,,,,,,,,,,,,,,,,,,,,,,,,,,,,,,,,,,,,,,,,,,,,,,,,,,,,,,,,,,,,,,,,,,,,
1768920148.518077,1768920148.518488,8.0,0.0,4349.615234,4342.307617,4343.461426,4357.436035,4336.538574,4328.461426,4322.307617,4336.282227,4339.615234,4327.05127,4508.205078,4525.384766,4405.384766,4455.512695,,,,,,,,,,,,,,,,,,,,,,,,,,,,,,,,,,,,,,,,,,,,,,,,,,,,,,,,,,,,,,,,,,,,,,
1768920148.525885,1768920148.526297,9.0,0.0,4352.563965,4337.05127,4354.102539,4356.794922,4335.128418,4325.384766,4324.358887,4339.102539,4342.307617,4322.179688,4509.743652,4532.436035,4404.358887,4461.666504,,,,,,,,,,,,,,,,,,,,,,,,,,,,,,,,,,,,,,,,,,,,,,,,,,,,,,,,,,,,,,,,,,,,,,
1768920148.533694,1768920148.534005,10.0,0.0,4345.641113,4332.307617,4353.333496,4357.307617,4336.538574,4330.769043,4328.077148,4338.205078,4342.692383,4323.717773,4506.922852,4527.563965,4400.0,4459.102539,,,,,,,,,,,,,,,,,,,,,,,,,,,,,,,,,,,,,,,,,,,,,,,,,,,,,,,,,,,,,,,,,,,,,,
1768920148.541503,1768920148.541814,11.0,0.0,4343.461426,4333.077148,4341.153809,4356.282227,4334.615234,4334.487305,4326.794922,4334.487305,4334.743652,4324.615234,4504.743652,4519.230957,4397.307617,4458.205078,,,,,,,,,,,,,,,,,,,,,,,,,,,,,,,,,,,,,,,,,,,,,,,,,,,,,,,,,,,,,,,,,,,,,,
1768920148.549311,1768920148.549822,12.0,0.0,4351.538574,4332.436035,4341.410156,4356.410156,4329.358887,4331.153809,4327.307617,4333.974121,4333.717773,4318.974121,4505.512695,4524.615234,4397.563965,4459.871582,,,,,,,,,,,,,,,,,,,,,,,,,,,,,,,,,,,,,,,,,,,,,,,,,,,,,,,,,,,,,,,,,,,,,,
1768920148.557119,1768920148.557631,13.0,0.0,4355.641113,4329.743652,4351.282227,4357.436035,4330.128418,4330.128418,4326.538574,4336.410156,4338.974121,4317.563965,4509.487305,4532.820313,4403.846191,4460.769043,,,,,,,,,,,,,,,,,,,,,,,,,,,,,,,,,,,,,,,,,,,,,,,,,,,,,,,,,,,,,,,,,,,,,,
1768920148.564928,1768920148.56534,14.0,0.0,4355.641113,4331.922852,4355.384766,4357.436035,4333.589844,4333.461426,4326.153809,4333.974121,4337.563965,4323.717773,4513.077148,4531.025879,4412.05127,4468.846191,,,,,,,,,,,,,,,,,,,,,,,,,,,,,,,,,,,,,,,,,,,,,,,,,,,,,,,,,,,,,,,,,,,,,,
1768920148.572737,1768920148.573148,15.0,0.0,4357.179688,4338.717773,4353.589844,4357.820313,4330.384766,4330.897461,4326.666504,4330.769043,4335.897461,4327.692383,4512.820313,4529.358887,4414.871582,4476.410156,,,,,,,,,,,,,,,,,,,,,,,,,,,,,,,,,,,,,,,,,,,,,,,,,,,,,,,,,,,,,,,,,,,,,,
1768920148.580545,1768920148.580756,16.0,0.0,4354.358887,4336.538574,4350.384766,4356.538574,4327.307617,4325.897461,4325.256348,4338.077148,4341.666504,4326.025879,4516.025879,4535.128418,4413.461426,4470.512695,0.492806,0.834688,0.180937,0.146931,0.178976,0.441341,0.33765,0.299672,0.182627,0.150917,0.911637,0.350517,0.15422,0.182627,0.155716,0.414934,0.252781,0.274387,0.162575,0.1465,0.318874,0.151681,0.109733,0.074497,0.070526,0.21398,0.321803,0.176256,0.283751,0.138109,0.544387,0.562665,0.300564,0.394558,0.174871,0.14551,0.168211,0.074459,0.110479,0.074655,0.521283,0.186232,0.249627,0.181515,0.098847,0.724816,0.117437,0.154035,0.364966,0.149941,0.664806,0.391206,0.278435,0.344642,0.189069,1.103417,0.711054,0.323749,0.304753,0.185391,0.910005,0.528721,0.203269,0.416956,0.279795,1.22399,0.790663,0.345562,0.297467,0.282591
1768920148.588354,1768920148.588565,17.0,0.0,4350.641113,4330.769043,4353.205078,4353.846191,4334.230957,4325.897461,4326.153809,4343.589844,4342.563965,4325.641113,4520.512695,4540.512695,4410.384766,4466.794922,,,,,,,,,,,,,,,,,,,,,,,,,,,,,,,,,,,,,,,,,,,,,,,,,,,,,,,,,,,,,,,,,,,,,,
1768920148.596162,1768920148.596273,18.0,0.0,4351.538574,4332.563965,4359.615234,4352.563965,4337.692383,4326.153809,4326.025879,4338.589844,4335.128418,4326.153809,4515.512695,4538.205078,4409.230957,4471.410156,,,,,,,,,,,,,,,,,,,,,,,,,,,,,,,,,,,,,,,,,,,,,,,,,,,,,,,,,,,,,,,,,,,,,,
1768920148.603971,1768920148.604081,19.0,0.0,4351.282227,4336.410156,4357.94873,4355.769043,4330.0,4327.436035,4323.077148,4337.692383,4332.307617,4323.077148,4507.05127,4532.05127,4411.410156,4467.179688,,,,,,,,,,,,,,,,,,,,,,,,,,,,,,,,,,,,,,,,,,,,,,,,,,,,,,,,,,,,,,,,,,,,,,
1768920148.611779,1768920148.612089,20.0,0.0,4349.487305,4340.256348,4349.230957,4359.358887,4330.769043,4334.487305,4325.384766,4343.077148,4338.974121,4320.897461,4506.410156,4528.461426,4410.128418,4456.922852,,,,,,,,,,,,,,,,,,,,,,,,,,,,,,,,,,,,,,,,,,,,,,,,,,,,,,,,,,,,,,,,,,,,,,
1768920148.619588,1768920148.619898,21.0,0.0,4348.974121,4339.615234,4343.974121,4356.922852,4338.333496,4338.333496,4329.102539,4342.307617,4340.897461,4322.05127,4508.205078,4526.025879,4403.974121,4457.692383,,,,,,,,,,,,,,,,,,,,,,,,,,,,,,,,,,,,,,,,,,,,,,,,,,,,,,,,,,,,,,,,,,,,,,
1768920148.627396,1768920148.627806,22.0,0.0,4344.230957,4334.615234,4344.743652,4350.128418,4333.461426,4333.461426,4325.256348,4339.358887,4333.717773,4319.743652,4506.153809,4526.666504,4403.077148,4459.743652,,,,,,,,,,,,,,,,,,,,,,,,,,,,,,,,,,,,,,,,,,,,,,,,,,,,,,,,,,,,,,,,,,,,,,
1768920148.635205,1768920148.635615,23.0,0.0,4342.05127,4333.205078,4348.205078,4349.230957,4327.05127,4329.487305,4321.794922,4338.974121,4330.641113,4316.282227,4504.615234,4527.94873,4401.538574,4456.410156,,,,,,,,,,,,,,,,,,,,,,,,,,,,,,,,,,,,,,,,,,,,,,,,,,,,,,,,,,,,,,,,,,,,,,
1768920148.643013,1768920148.643623,24.0,0.0,4347.563965,4334.487305,4352.436035,4352.94873,4333.717773,4333.974121,4324.230957,4334.743652,4330.384766,4316.025879,4504.358887,4526.410156,4398.589844,4459.743652,,,,,,,,,,,,,,,,,,,,,,,,,,,,,,,,,,,,,,,,,,,,,,,,,,,,,,,,,,,,,,,,,,,,,,
1768920148.650822,1768920148.651431,25.0,0.0,4350.0,4328.461426,4351.538574,4348.333496,4335.897461,4341.538574,4326.922852,4332.05127,4328.205078,4315.384766,4503.717773,4527.179688,4397.820313,4460.512695,,,,,,,,,,,,,,,,,,,,,,,,,,,,,,,,,,,,,,,,,,,,,,,,,,,,,,,,,,,,,,,,,,,,,,
1768920148.65863,1768920148.65934,26.0,0.0,4344.230957,4318.589844,4345.512695,4340.512695,4325.0,4342.436035,4327.563965,4338.974121,4334.230957,4316.410156,4501.922852,4527.307617,4393.205078,4448.333496,,,,,,,,,,,,,,,,,,,,,,,,,,,,,,,,,,,,,,,,,,,,,,,,,,,,,,,,,,,,,,,,,,,,,,
1768920148.666439,1768920148.667148,27.0,0.0,4345.512695,4321.922852,4344.743652,4343.717773,4323.333496,4339.230957,4326.666504,4346.538574,4344.743652,4322.307617,4505.897461,4527.820313,4397.563965,4449.230957,,,,,,,,,,,,,,,,,,,,,,,,,,,,,,,,,,,,,,,,,,,,,,,,,,,,,,,,,,,,,,,,,,,,,,
1768920148.674247,1768920148.675156,28.0,0.0,4358.333496,4335.897461,4357.94873,4358.077148,4336.538574,4342.820313,4327.436035,4347.05127,4344.102539,4329.230957,4519.358887,4541.922852,4416.666504,4466.794922,,,,,,,,,,,,,,,,,,,,,,,,,,,,,,,,,,,,,,,,,,,,,,,,,,,,,,,,,,,,,,,,,,,,,,
1768920148.682056,1768920148.682965,29.0,0.0,4363.717773,4343.077148,4367.179688,4366.410156,4341.922852,4339.615234,4328.461426,4345.897461,4341.153809,4331.538574,4527.820313,4558.846191,4424.230957,4474.487305,,,,,,,,,,,,,,,,,,,,,,,,,,,,,,,,,,,,,,,,,,,,,,,,,,,,,,,,,,,,,,,,,,,,,,
1768920148.689864,1768920148.690673,30.0,0.0,4358.333496,4338.974121,4361.538574,4362.563965,4334.230957,4331.410156,4325.128418,4346.538574,4343.717773,4330.0,4522.94873,4554.358887,4414.871582,4469.743652,,,,,,,,,,,,,,,,,,,,,,,,,,,,,,,,,,,,,,,,,,,,,,,,,,,,,,,,,,,,,,,,,,,,,,
1768920148.697673,1768920148.698482,31.0,0.0,4357.05127,4336.922852,4357.307617,4359.230957,4330.384766,4336.666504,4325.641113,4346.025879,4340.128418,4324.487305,4515.897461,4541.410156,4411.410156,4465.384766,,,,,,,,,,,,,,,,,,,,,,,,,,,,,,,,,,,,,,,,,,,,,,,,,,,,,,,,,,,,,,,,,,,,,,
1768920148.705481,1768920148.70609,32.0,0.0,4359.487305,4340.256348,4358.589844,4360.0,4336.666504,4342.563965,4328.717773,4341.025879,4332.307617,4322.179688,4516.922852,4543.461426,4413.974121,4467.436035,0.474432,0.87343,0.179107,0.128896,0.1769,0.465672,0.393578,0.236052,0.159633,0.141756,0.948846,0.397873,0.196147,0.163431,0.149997,0.337102,0.274331,0.233357,0.146917,0.142736,0.291348,0.140641,0.110138,0.082315,0.070614,0.201493,0.316602,0.190217,0.277166,0.14635,0.675708,0.661349,0.336201,0.43015,0.180029,0.146351,0.164216,0.078334,0.110106,0.075087,0.460353,0.223894,0.284249,0.201894,0.102847,0.756304,0.169855,0.162774,0.371081,0.138675,0.680864,0.387434,0.334586,0.373029,0.181578,1.327188,0.759712,0.343634,0.305445,0.192781,0.854012,0.61835,0.191859,0.489853,0.264237,1.38381,0.844683,0.326043,0.298804,0.268539
1768920148.71329,1768920148.713899,33.0,0.0,4362.179688,4343.333496,4359.230957,4363.333496,4343.589844,4336.794922,4324.871582,4337.179688,4332.179688,4325.0,4522.179688,4550.128418,4413.589844,4470.897461,,,,,,,,,,,,,,,,,,,,,,,,,,,,,,,,,,,,,,,,,,,,,,,,,,,,,,,,,,,,,,,,,,,,,,
1768920148.721098,1768920148.721607,34.0,0.0,4364.358887,4344.358887,4358.717773,4364.230957,4340.769043,4338.846191,4325.0,4339.102539,4338.205078,4325.384766,4523.846191,4546.410156,4413.077148,4467.436035,,,,,,,,,,,,,,,,,,,,,,,,,,,,,,,,,,,,,,,,,,,,,,,,,,,,,,,,,,,,,,,,,,,,,,
1768920148.728907,1768920148.729416,35.0,0.0,4356.666504,4342.05127,4352.05127,4360.641113,4332.563965,4338.205078,4326.666504,4339.615234,4339.615234,4323.461426,4516.410156,4538.205078,4410.384766,4459.743652,,,,,,,,,,,,,,,,,,,,,,,,,,,,,,,,,,,,,,,,,,,,,,,,,,,,,,,,,,,,,,,,,,,,,,
1768920148.736715,1768920148.737025,36.0,0.0,4347.05127,4338.205078,4342.692383,4356.794922,4330.256348,4327.307617,4321.410156,4336.282227,4335.769043,4322.820313,4509.230957,4536.538574,4408.333496,4457.436035,,,,,,,,,,,,,,,,,,,,,,,,,,,,,,,,,,,,,,,,,,,,,,,,,,,,,,,,,,,,,,,,,,,,,,
1768920148.744524,1768920148.744833,37.0,0.0,4349.615234,4336.794922,4343.717773,4356.410156,4331.794922,4329.230957,4319.871582,4335.641113,4336.794922,4323.461426,4508.077148,4535.641113,4410.897461,4456.666504,,,,,,,,,,,,,,,,,,,,,,,,,,,,,,,,,,,,,,,,,,,,,,,,,,,,,,,,,,,,,,,,,,,,,,
1768920148.752333,1768920148.752741,38.0,0.0,4353.461426,4335.512695,4350.512695,4357.692383,4330.384766,4336.282227,4323.846191,4339.102539,4340.769043,4321.282227,4508.846191,4533.589844,4411.025879,4454.102539,,,,,,,,,,,,,,,,,,,,,,,,,,,,,,,,,,,,,,,,,,,,,,,,,,,,,,,,,,,,,,,,,,,,,,
1768920148.760141,1768920148.76055,39.0,0.0,4351.666504,4336.153809,4351.025879,4358.974121,4331.410156,4335.128418,4323.846191,4340.0,4340.512695,4322.692383,4510.128418,4537.05127,4410.256348,4460.128418,,,,,,,,,,,,,,,,,,,,,,,,,,,,,,,,,,,,,,,,,,,,,,,,,,,,,,,,,,,,,,,,,,,,,,
1768920148.767949,1768920148.768158,40.0,0.0,4351.025879,4341.025879,4348.589844,4361.153809,4339.102539,4338.077148,4324.487305,4335.897461,4335.897461,4327.94873,4511.025879,4539.487305,4413.461426,4462.563965,,,,,,,,,,,,,,,,,,,,,,,,,,,,,,,,,,,,,,,,,,,,,,,,,,,,,,,,,,,,,,,,,,,,,,
1768920148.775758,1768920148.775966,41.0,0.0,4353.333496,4340.769043,4348.717773,4357.94873,4340.256348,4339.871582,4332.307617,4333.077148,4332.692383,4322.820313,4506.666504,4532.94873,4407.179688,4456.025879,,,,,,,,,,,,,,,,,,,,,,,,,,,,,,,,,,,,,,,,,,,,,,,,,,,,,,,,,,,,,,,,,,,,,,
1768920148.783567,1768920148.783675,42.0,0.0,4352.563965,4336.153809,4352.307617,4355.897461,4336.153809,4339.743652,4335.512695,4336.282227,4334.102539,4317.05127,4503.846191,4524.358887,4394.743652,4455.384766,,,,,,,,,,,,,,,,,,,,,,,,,,,,,,,,,,,,,,,,,,,,,,,,,,,,,,,,,,,,,,,,,,,,,,
1768920148.791375,1768920148.791483,43.0,0.0,4349.871582,4338.589844,4354.102539,4362.94873,4338.205078,4340.769043,4326.666504,4336.282227,4335.0,4323.205078,4512.692383,4528.205078,4397.05127,4460.512695,,,,,,,,,,,,,,,,,,,,,,,,,,,,,,,,,,,,,,,,,,,,,,,,,,,,,,,,,,,,,,,,,,,,,,
1768920148.799183,1768920148.799091,44.0,0.0,4351.025879,4342.692383,4354.230957,4367.179688,4339.230957,4339.102539,4324.743652,4336.153809,4335.641113,4328.333496,4519.615234,4540.0,4403.589844,4462.94873,,,,,,,,,,,,,,,,,,,,,,,,,,,,,,,,,,,,,,,,,,,,,,,,,,,,,,,,,,,,,,,,,,,,,,
1768920148.806992,1768920148.8069,45.0,0.0,4353.333496,4341.666504,4358.589844,4361.922852,4334.615234,4338.205078,4335.897461,4345.128418,4340.897461,4323.589844,4515.897461,4542.94873,4399.102539,4466.410156,,,,,,,,,,,,,,,,,,,,,,,,,,,,,,,,,,,,,,,,,,,,,,,,,,,,,,,,,,,,,,,,,,,,,,
1768920148.814801,1768920148.814808,46.0,0.0,4354.230957,4343.205078,4361.025879,4358.974121,4332.692383,4334.230957,4336.666504,4345.384766,4338.846191,4315.641113,4509.102539,4535.384766,4394.102539,4468.461426,,,,,,,,,,,,,,,,,,,,,,,,,,,,,,,,,,,,,,,,,,,,,,,,,,,,,,,,,,,,,,,,,,,,,,
1768920148.822609,1768920148.822617,47.0,0.0,4352.563965,4345.256348,4350.512695,4359.743652,4333.205078,4325.769043,4323.077148,4333.077148,4327.820313,4310.897461,4506.282227,4524.358887,4392.563965,4462.05127,,,,,,,,,,,,,,,,,,,,,,,,,,,,,,,,,,,,,,,,,,,,,,,,,,,,,,,,,,,,,,,,,,,,,,
1768920148.830418,1768920148.830625,48.0,0.0,4350.769043,4341.922852,4341.410156,4357.94873,4332.820313,4324.615234,4316.153809,4329.358887,4323.077148,4310.769043,4501.538574,4518.589844,4390.769043,4457.436035,0.528573,0.857098,0.1938,0.129524,0.172527,0.504883,0.456087,0.203799,0.141067,0.136224,0.982141,0.438378,0.239621,0.148295,0.14108,0.318505,0.300025,0.197923,0.134705,0.13468,0.268844,0.140032,0.129137,0.0896,0.073481,0.209706,0.299805,0.199751,0.255703,0.155272,0.793974,0.721422,0.350067,0.446408,0.198276,0.176882,0.16162,0.089784,0.116188,0.080976,0.4302,0.259083,0.302199,0.222776,0.112412,0.747387,0.221353,0.164134,0.369075,0.122158,0.769663,0.363038,0.370602,0.396557,0.173386,1.586905,0.775017,0.375408,0.308858,0.20503,0.881285,0.679939,0.189176,0.550237,0.240259,1.565865,0.837275,0.333532,0.315292,0.253792
1768920148.838226,1768920148.838434,49.0,0.0,4355.384766,4344.871582,4346.025879,4360.897461,4333.205078,4323.333496,4310.256348,4331.282227,4327.05127,4312.820313,4494.102539,4518.333496,4391.282227,4457.307617,,,,,,,,,,,,,,,,,,,,,,,,,,,,,,,,,,,,,,,,,,,,,,,,,,,,,,,,,,,,,,,,,,,,,,
1768920148.846035,1768920148.846342,50.0,0.0,4361.666504,4351.922852,4352.563965,4366.666504,4335.128418,4322.563965,4308.846191,4327.563965,4326.794922,4311.153809,4495.641113,4518.846191,4391.794922,4456.153809,,,,,,,,,,,,,,,,,,,,,,,,,,,,,,,,,,,,,,,,,,,,,,,,,,,,,,,,,,,,,,,,,,,,,,
1768920148.853843,1768920148.85415,51.0,0.0,4357.94873,4346.922852,4349.615234,4361.666504,4337.179688,4331.025879,4319.871582,4330.897461,4326.666504,4310.128418,4501.794922,4518.974121,4390.641113,4455.641113,,,,,,,,,,,,,,,,,,,,,,,,,,,,,,,,,,,,,,,,,,,,,,,,,,,,,,,,,,,,,,,,,,,,,,
1768920148.861652,1768920148.862159,52.0,0.0,4351.410156,4341.794922,4347.179688,4355.641113,4340.769043,4335.0,4324.871582,4337.820313,4331.153809,4316.153809,4505.897461,4524.230957,4394.871582,4459.487305,,,,,,,,,,,,,,,,,,,,,,,,,,,,,,,,,,,,,,,,,,,,,,,,,,,,,,,,,,,,,,,,,,,,,,
1768920148.86946,1768920148.869967,53.0,0.0,4356.922852,4346.153809,4353.974121,4360.0,4343.333496,4331.666504,4321.922852,4337.05127,4335.384766,4319.487305,4508.974121,4533.846191,4402.179688,4466.282227,,,,,,,,,,,,,,,,,,,,,,,,,,,,,,,,,,,,,,,,,,,,,,,,,,,,,,,,,,,,,,,,,,,,,,
1768920148.877269,1768920148.877875,54.0,0.0,4361.666504,4343.846191,4359.871582,4361.153809,4343.077148,4339.230957,4326.153809,4338.589844,4336.666504,4313.461426,4505.0,4534.871582,4390.641113,4458.717773,,,,,,,,,,,,,,,,,,,,,,,,,,,,,,,,,,,,,,,,,,,,,,,,,,,,,,,,,,,,,,,,,,,,,,
1768920148.885077,1768920148.885684,55.0,0.0,4353.589844,4337.436035,4356.282227,4355.641113,4341.282227,4337.94873,4328.205078,4339.487305,4331.538574,4307.563965,4496.794922,4530.128418,4375.256348,4447.179688,,,,,,,,,,,,,,,,,,,,,,,,,,,,,,,,,,,,,,,,,,,,,,,,,,,,,,,,,,,,,,,,,,,,,,
1768920148.892886,1768920148.893292,56.0,0.0,4346.538574,4338.589844,4350.0,4354.358887,4339.102539,4326.922852,4325.641113,4339.358887,4329.743652,4310.641113,4502.307617,4534.743652,4384.487305,4457.05127,,,,,,,,,,,,,,,,,,,,,,,,,,,,,,,,,,,,,,,,,,,,,,,,,,,,,,,,,,,,,,,,,,,,,,
1768920148.900694,1768920148.901101,57.0,0.0,4346.794922,4341.794922,4348.974121,4356.282227,4338.717773,4332.307617,4327.05127,4340.384766,4335.128418,4316.794922,4511.538574,4541.794922,4402.436035,4474.358887,,,,,,,,,,,,,,,,,,,,,,,,,,,,,,,,,,,,,,,,,,,,,,,,,,,,,,,,,,,,,,,,,,,,,,
1768920148.908503,1768920148.908809,58.0,0.0,4350.512695,4343.974121,4350.0,4357.820313,4339.871582,4337.436035,4325.256348,4333.717773,4334.487305,4319.615234,4509.487305,4538.974121,4404.487305,4476.666504,,,,,,,,,,,,,,,,,,,,,,,,,,,,,,,,,,,,,,,,,,,,,,,,,,,,,,,,,,,,,,,,,,,,,,
1768920148.916311,1768920148.916618,59.0,0.0,4352.307617,4343.974121,4349.230957,4358.717773,4338.717773,4326.666504,4320.384766,4329.871582,4330.641113,4322.179688,4506.538574,4533.333496,4398.589844,4472.05127,,,,,,,,,,,,,,,,,,,,,,,,,,,,,,,,,,,,,,,,,,,,,,,,,,,,,,,,,,,,,,,,,,,,,,
1768920148.92412,1768920148.924227,60.0,0.0,4350.769043,4339.743652,4346.538574,4357.436035,4334.615234,4324.871582,4322.94873,4336.794922,4333.461426,4321.410156,4503.717773,4527.563965,4396.153809,4466.666504,,,,,,,,,,,,,,,,,,,,,,,,,,,,,,,,,,,,,,,,,,,,,,,,,,,,,,,,,,,,,,,,,,,,,,
1768920148.931928,1768920148.932035,61.0,0.0,4352.05127,4339.358887,4343.077148,4356.282227,4334.230957,4334.358887,4326.410156,4337.820313,4337.820313,4321.282227,4499.871582,4522.436035,4394.871582,4461.282227,,,,,,,,,,,,,,,,,,,,,,,,,,,,,,,,,,,,,,,,,,,,,,,,,,,,,,,,,,,,,,,,,,,,,,
1768920148.939737,1768920148.939744,62.0,0.0,4352.94873,4343.717773,4341.922852,4358.205078,4335.384766,4337.692383,4326.666504,4331.922852,4338.333496,4323.589844,4500.256348,4523.077148,4395.897461,4456.538574,,,,,,,,,,,,,,,,,,,,,,,,,,,,,,,,,,,,,,,,,,,,,,,,,,,,,,,,,,,,,,,,,,,,,,
1768920148.947545,1768920148.947552,63.0,0.0,4344.743652,4340.769043,4341.153809,4355.641113,4330.0,4334.615234,4327.179688,4336.153809,4339.358887,4317.05127,4501.410156,4520.769043,4392.436035,4449.615234,,,,,,,,,,,,,,,,,,,,,,,,,,,,,,,,,,,,,,,,,,,,,,,,,,,,,,,,,,,,,,,,,,,,,,
1768920148.955354,1768920148.95556,64.0,0.0,4341.410156,4336.794922,4340.0,4349.871582,4328.461426,4329.487305,4325.0,4339.102539,4338.333496,4311.153809,4496.538574,4519.487305,4390.256348,4447.692383,0.605241,0.797443,0.218153,0.14766,0.166095,0.546579,0.515781,0.209336,0.135404,0.133657,0.978287,0.468891,0.276307,0.141956,0.131803,0.339135,0.325409,0.180784,0.127123,0.1222,0.248056,0.157442,0.161277,0.096399,0.079744,0.233319,0.272476,0.202503,0.224385,0.159675,0.857658,0.713875,0.338669,0.436564,0.21864,0.237115,0.158435,0.111358,0.126426,0.09037,0.435757,0.280141,0.29348,0.239359,0.123901,0.713854,0.259949,0.156327,0.357243,0.103347,0.930725,0.334316,0.369393,0.403447,0.164052,1.891473,0.754249,0.396198,0.309383,0.216129,0.972383,0.711176,0.184476,0.579111,0.209202,1.749435,0.779382,0.357362,0.33817,0.238323
1768920148.963163,1768920148.963369,65.0,0.0,4346.666504,4339.615234,4342.179688,4351.538574,4337.436035,4329.871582,4323.589844,4331.153809,4331.794922,4318.205078,4497.179688,4521.794922,4395.769043,4458.333496,,,,,,,,,,,,,,,,,,,,,,,,,,,,,,,,,,,,,,,,,,,,,,,,,,,,,,,,,,,,,,,,,,,,,,
1768920148.970971,1768920148.971078,66.0,0.0,4346.282227,4338.717773,4344.487305,4356.153809,4341.153809,4340.128418,4324.615234,4328.333496,4327.179688,4324.230957,4500.769043,4521.538574,4397.179688,4460.897461,,,,,,,,,,,,,,,,,,,,,,,,,,,,,,,,,,,,,,,,,,,,,,,,,,,,,,,,,,,,,,,,,,,,,,
1768920148.978779,1768920148.978886,67.0,0.0,4341.282227,4336.410156,4341.410156,4357.692383,4336.666504,4343.461426,4326.922852,4336.282227,4330.769043,4321.538574,4498.589844,4521.922852,4396.922852,4450.512695,,,,,,,,,,,,,,,,,,,,,,,,,,,,,,,,,,,,,,,,,,,,,,,,,,,,,,,,,,,,,,,,,,,,,,
1768920148.986588,1768920148.986495,68.0,0.0,4337.307617,4340.384766,4339.102539,4357.94873,4339.102539,4341.794922,4332.692383,4340.384766,4335.769043,4317.179688,4494.743652,4522.05127,4393.461426,4448.589844,,,,,,,,,,,,,,,,,,,,,,,,,,,,,,,,,,,,,,,,,,,,,,,,,,,,,,,,,,,,,,,,,,,,,,
1768920148.994397,1768920148.994303,69.0,0.0,4336.922852,4343.717773,4342.94873,4359.230957,4342.820313,4341.794922,4335.128418,4335.128418,4335.0,4317.05127,4491.538574,4520.0,4386.922852,4455.384766,,,,,,,,,,,,,,,,,,,,,,,,,,,,,,,,,,,,,,,,,,,,,,,,,,,,,,,,,,,,,,,,,,,,,,
1768920149.002205,1768920149.002211,70.0,0.0,4340.769043,4343.461426,4344.102539,4358.461426,4339.102539,4335.0,4327.94873,4336.410156,4337.179688,4322.307617,4493.846191,4521.922852,4383.846191,4453.974121,,,,,,,,,,,,,,,,,,,,,,,,,,,,,,,,,,,,,,,,,,,,,,,,,,,,,,,,,,,,,,,,,,,,,,
1768920149.010013,1768920149.01002,71.0,0.0,4337.94873,4341.025879,4338.974121,4353.846191,4335.512695,4332.563965,4324.230957,4342.307617,4340.641113,4322.820313,4496.794922,4523.461426,4383.461426,4444.743652,,,,,,,,,,,,,,,,,,,,,,,,,,,,,,,,,,,,,,,,,,,,,,,,,,,,,,,,,,,,,,,,,,,,,,
1768920149.017822,1768920149.018028,72.0,0.0,4330.384766,4340.384766,4337.94873,4352.05127,4336.794922,4340.0,4329.358887,4339.102539,4337.563965,4317.307617,4496.410156,4522.307617,4381.282227,4443.589844,,,,,,,,,,,,,,,,,,,,,,,,,,,,,,,,,,,,,,,,,,,,,,,,,,,,,,,,,,,,,,,,,,,,,,
1768920149.025631,1768920149.025836,73.0,0.0,4337.436035,4344.871582,4343.333496,4356.410156,4338.846191,4339.615234,4329.487305,4334.743652,4339.102539,4321.922852,4497.820313,4530.128418,4386.282227,4450.897461,,,,,,,,,,,,,,,,,,,,,,,,,,,,,,,,,,,,,,,,,,,,,,,,,,,,,,,,,,,,,,,,,,,,,,
1768920149.033439,1768920149.033745,74.0,0.0,4346.410156,4347.692383,4345.128418,4358.846191,4339.230957,4335.256348,4326.666504,4337.436035,4343.461426,4327.179688,4505.641113,4537.94873,4395.256348,4456.666504,,,,,,,,,,,,,,,,,,,,,,,,,,,,,,,,,,,,,,,,,,,,,,,,,,,,,,,,,,,,,,,,,,,,,,
1768920149.041248,1768920149.041553,75.0,0.0,4339.358887,4342.05127,4342.820313,4356.025879,4340.256348,4337.179688,4324.743652,4339.358887,4340.641113,4323.077148,4510.256348,4537.692383,4396.794922,4459.743652,,,,,,,,,,,,,,,,,,,,,,,,,,,,,,,,,,,,,,,,,,,,,,,,,,,,,,,,,,,,,,,,,,,,,,
1768920149.049056,1768920149.049561,76.0,0.0,4332.05127,4340.0,4344.615234,4356.794922,4340.897461,4341.538574,4328.589844,4338.846191,4340.641113,4327.179688,4508.974121,4537.820313,4398.333496,4461.025879,,,,,,,,,,,,,,,,,,,,,,,,,,,,,,,,,,,,,,,,,,,,,,,,,,,,,,,,,,,,,,,,,,,,,,
1768920149.056865,1768920149.05737,77.0,0.0,4330.641113,4341.410156,4346.410156,4359.102539,4339.615234,4343.974121,4337.05127,4338.846191,4343.589844,4332.94873,4509.743652,4535.128418,4398.589844,4457.307617,,,,,,,,,,,,,,,,,,,,,,,,,,,,,,,,,,,,,,,,,,,,,,,,,,,,,,,,,,,,,,,,,,,,,,
1768920149.064673,1768920149.065278,78.0,0.0,4325.384766,4336.538574,4340.641113,4354.743652,4337.692383,4340.897461,4333.717773,4333.846191,4339.487305,4325.641113,4507.05127,4529.102539,4394.358887,4453.205078,,,,,,,,,,,,,,,,,,,,,,,,,,,,,,,,,,,,,,,,,,,,,,,,,,,,,,,,,,,,,,,,,,,,,,
1768920149.072482,1768920149.073087,79.0,0.0,4324.230957,4336.025879,4340.512695,4353.205078,4337.94873,4338.205078,4325.256348,4337.179688,4341.922852,4327.563965,4512.179688,4534.871582,4401.538574,4461.666504,,,,,,,,,,,,,,,,,,,,,,,,,,,,,,,,,,,,,,,,,,,,,,,,,,,,,,,,,,,,,,,,,,,,,,
1768920149.08029,1768920149.081095,80.0,0.0,4333.589844,4340.641113,4349.743652,4357.692383,4339.102539,4340.256348,4331.922852,4354.743652,4356.538574,4338.589844,4526.410156,4546.282227,4411.410156,4470.512695,0.664305,0.717257,0.241028,0.174792,0.159144,0.572498,0.560105,0.242656,0.144351,0.131456,0.917579,0.493715,0.298006,0.148114,0.125724,0.37439,0.34443,0.184298,0.124087,0.10716,0.223626,0.192073,0.195983,0.102434,0.089395,0.262071,0.244155,0.199935,0.191778,0.156328,0.837858,0.64144,0.308722,0.399964,0.230032,0.313544,0.157533,0.145018,0.135828,0.09984,0.448549,0.283215,0.264139,0.247382,0.132828,0.656767,0.281288,0.14293,0.334952,0.085891,1.117229,0.324759,0.327319,0.388668,0.152971,2.185724,0.719608,0.393772,0.306207,0.221018,1.080056,0.717713,0.172024,0.56864,0.175864,1.883752,0.706123,0.379131,0.358025,0.221171
1768920149.088099,1768920149.088903,81.0,0.0,4338.974121,4339.230957,4351.538574,4357.563965,4334.615234,4336.538574,4337.692383,4354.615234,4351.153809,4333.077148,4521.025879,4540.897461,4403.846191,4462.436035,,,,,,,,,,,,,,,,,,,,,,,,,,,,,,,,,,,,,,,,,,,,,,,,,,,,,,,,,,,,,,,,,,,,,,
1768920149.095907,1768920149.096612,82.0,0.0,4339.487305,4337.179688,4344.487305,4353.589844,4331.794922,4330.0,4324.871582,4338.717773,4331.538574,4321.666504,4506.282227,4531.025879,4391.794922,4456.282227,,,,,,,,,,,,,,,,,,,,,,,,,,,,,,,,,,,,,,,,,,,,,,,,,,,,,,,,,,,,,,,,,,,,,,
1768920149.103716,1768920149.10442,83.0,0.0,4348.461426,4340.512695,4341.666504,4354.102539,4334.487305,4333.589844,4319.615234,4340.256348,4330.512695,4322.05127,4508.717773,4536.410156,4395.384766,4463.974121,,,,,,,,,,,,,,,,,,,,,,,,,,,,,,,,,,,,,,,,,,,,,,,,,,,,,,,,,,,,,,,,,,,,,,
1768920149.111524,1768920149.112029,84.0,0.0,4355.384766,4343.461426,4343.461426,4356.025879,4332.94873,4336.538574,4327.436035,4347.692383,4338.205078,4323.846191,4512.94873,4540.641113,4399.102539,4467.179688,,,,,,,,,,,,,,,,,,,,,,,,,,,,,,,,,,,,,,,,,,,,,,,,,,,,,,,,,,,,,,,,,,,,,,
1768920149.119333,1768920149.119837,85.0,0.0,4353.846191,4342.94873,4342.692383,4354.871582,4333.589844,4332.436035,4328.846191,4341.666504,4336.025879,4321.410156,4506.025879,4535.769043,4396.282227,4464.358887,,,,,,,,,,,,,,,,,,,,,,,,,,,,,,,,,,,,,,,,,,,,,,,,,,,,,,,,,,,,,,,,,,,,,,
1768920149.127141,1768920149.127546,86.0,0.0,4359.487305,4341.538574,4343.333496,4355.256348,4340.384766,4332.820313,4331.025879,4341.282227,4335.384766,4325.128418,4511.410156,4540.256348,4402.307617,4468.589844,,,,,,,,,,,,,,,,,,,,,,,,,,,,,,,,,,,,,,,,,,,,,,,,,,,,,,,,,,,,,,,,,,,,,,
1768920149.13495,1768920149.135354,87.0,0.0,4372.307617,4342.94873,4353.205078,4360.897461,4343.846191,4339.358887,4339.615234,4349.743652,4341.666504,4331.025879,4525.769043,4551.538574,4412.94873,4477.820313,,,,,,,,,,,,,,,,,,,,,,,,,,,,,,,,,,,,,,,,,,,,,,,,,,,,,,,,,,,,,,,,,,,,,,
1768920149.142758,1768920149.143363,88.0,0.0,4371.538574,4345.0,4362.436035,4364.230957,4339.487305,4342.94873,4345.897461,4351.410156,4342.179688,4330.256348,4524.358887,4546.794922,4414.230957,4480.128418,,,,,,,,,,,,,,,,,,,,,,,,,,,,,,,,,,,,,,,,,,,,,,,,,,,,,,,,,,,,,,,,,,,,,,
1768920149.150567,1768920149.151171,89.0,0.0,4361.666504,4341.794922,4353.205078,4360.128418,4333.077148,4337.05127,4340.769043,4348.077148,4338.846191,4326.538574,4511.282227,4535.641113,4403.846191,4473.077148,,,,,,,,,,,,,,,,,,,,,,,,,,,,,,,,,,,,,,,,,,,,,,,,,,,,,,,,,,,,,,,,,,,,,,
1768920149.158375,1768920149.159079,90.0,0.0,4363.717773,4341.025879,4342.436035,4356.410156,4329.871582,4327.436035,4330.0,4344.358887,4339.102539,4324.487305,4507.94873,4536.410156,4398.333496,4471.538574,,,,,,,,,,,,,,,,,,,,,,,,,,,,,,,,,,,,,,,,,,,,,,,,,,,,,,,,,,,,,,,,,,,,,,
1768920149.166184,1768920149.166888,91.0,0.0,4369.230957,4345.384766,4347.692383,4358.717773,4331.410156,4324.487305,4327.307617,4342.94873,4342.179688,4327.94873,4518.333496,4540.0,4406.666504,4476.538574,,,,,,,,,,,,,,,,,,,,,,,,,,,,,,,,,,,,,,,,,,,,,,,,,,,,,,,,,,,,,,,,,,,,,,
1768920149.173993,1768920149.174496,92.0,0.0,4363.974121,4346.410156,4351.282227,4359.487305,4331.025879,4328.717773,4334.358887,4342.05127,4343.333496,4330.0,4520.0,4538.589844,4413.205078,4475.384766,,,,,,,,,,,,,,,,,,,,,,,,,,,,,,,,,,,,,,,,,,,,,,,,,,,,,,,,,,,,,,,,,,,,,,
1768920149.181801,1768920149.182304,93.0,0.0,4357.179688,4347.820313,4350.512695,4358.974121,4325.897461,4331.538574,4337.436035,4342.05127,4340.897461,4324.743652,4511.410156,4538.974121,4410.128418,4471.922852,,,,,,,,,,,,,,,,,,,,,,,,,,,,,,,,,,,,,,,,,,,,,,,,,,,,,,,,,,,,,,,,,,,,,,
1768920149.189609,1768920149.190013,94.0,0.0,4355.256348,4354.871582,4356.153809,4365.256348,4326.153809,4334.230957,4335.0,4345.128418,4341.282227,4321.794922,4510.512695,4540.128418,4408.461426,4475.128418,,,,,,,,,,,,,,,,,,,,,,,,,,,,,,,,,,,,,,,,,,,,,,,,,,,,,,,,,,,,,,,,,,,,,,
1768920149.197418,1768920149.197821,95.0,0.0,4352.692383,4356.025879,4355.897461,4368.077148,4333.205078,4340.0,4338.333496,4345.384766,4342.05127,4326.794922,4513.205078,4534.871582,4411.794922,4474.358887,,,,,,,,,,,,,,,,,,,,,,,,,,,,,,,,,,,,,,,,,,,,,,,,,,,,,,,,,,,,,,,,,,,,,,
1768920149.205227,1768920149.205829,96.0,0.0,4343.461426,4346.794922,4346.153809,4361.666504,4334.102539,4337.692383,4338.461426,4343.333496,4340.897461,4326.794922,4509.102539,4532.179688,4404.871582,4469.102539,0.688342,0.639267,0.253664,0.199718,0.153732,0.565131,0.57824,0.284979,0.162662,0.127361,0.806237,0.525601,0.299507,0.166916,0.125073,0.401852,0.353071,0.201301,0.124891,0.093068,0.193863,0.238319,0.221327,0.106928,0.101201,0.280941,0.23121,0.195801,0.165658,0.145772,0.744497,0.537465,0.271264,0.34407,0.225755,0.382256,0.164535,0.190682,0.139837,0.106197,0.457123,0.272121,0.234005,0.244622,0.135808,0.596566,0.290649,0.131968,0.303996,0.072961,1.267993,0.360622,0.257376,0.357611,0.140273,2.393226,0.714982,0.372192,0.302942,0.217044,1.17023,0.710967,0.156424,0.527486,0.147607,1.930402,0.662554,0.387076,0.372225,0.203249
1768920149.213035,1768920149.213638,97.0,0.0,4336.282227,4341.666504,4342.436035,4356.025879,4330.512695,4327.05127,4329.102539,4342.692383,4339.358887,4320.897461,4505.769043,4530.128418,4396.538574,4467.820313,,,,,,,,,,,,,,,,,,,,,,,,,,,,,,,,,,,,,,,,,,,,,,,,,,,,,,,,,,,,,,,,,,,,,,
1768920149.220843,1768920149.221546,98.0,0.0,4342.05127,4343.846191,4346.794922,4357.05127,4331.922852,4328.205078,4330.128418,4338.077148,4333.461426,4320.641113,4507.94873,4526.666504,4404.102539,4468.077148,,,,,,,,,,,,,,,,,,,,,,,,,,,,,,,,,,,,,,,,,,,,,,,,,,,,,,,,,,,,,,,,,,,,,,
