Timestamp,OriginalTimestamp,EEG.Counter,EEG.Interpolated,EEG.AF3,EEG.F7,EEG.F3,EEG.FC5,EEG.T7,EEG.P7,EEG.O1,EEG.O2,EEG.P8,EEG.T8,EEG.FC6,EEG.F4,EEG.F8,EEG.AF4,POW.AF3.Theta,POW.AF3.Alpha,POW.AF3.BetaL,POW.AF3.BetaH,POW.AF3.Gamma,POW.F7.Theta,POW.F7.Alpha,POW.F7.BetaL,POW.F7.BetaH,POW.F7.Gamma,POW.F3.Theta,POW.F3.Alpha,POW.F3.BetaL,POW.F3.BetaH,POW.F3.Gamma,POW.FC5.Theta,POW.FC5.Alpha,POW.FC5.BetaL,POW.FC5.BetaH,POW.FC5.Gamma,POW.T7.Theta,POW.T7.Alpha,POW.T7.BetaL,POW.T7.BetaH,POW.T7.Gamma,POW.P7.Theta,POW.P7.Alpha,POW.P7.BetaL,POW.P7.BetaH,POW.P7.Gamma,POW.O1.Theta,POW.O1.Alpha,POW.O1.BetaL,POW.O1.BetaH,POW.O1.Gamma,POW.O2.Theta,POW.O2.Alpha,POW.O2.BetaL,POW.O2.BetaH,POW.O2.Gamma,POW.P8.Theta,POW.P8.Alpha,POW.P8.BetaL,POW.P8.BetaH,POW.P8.Gamma,POW.T8.Theta,POW.T8.Alpha,POW.T8.BetaL,POW.T8.BetaH,POW.T8.Gamma,POW.FC6.Theta,POW.FC6.Alpha,POW.FC6.BetaL,POW.FC6.BetaH,POW.FC6.Gamma,POW.F4.Theta,POW.F4.Alpha,POW.F4.BetaL,POW.F4.BetaH,POW.F4.Gamma,POW.F8.Theta,POW.F8.Alpha,POW.F8.BetaL,POW.F8.BetaH,POW.F8.Gamma,POW.AF4.Theta,POW.AF4.Alpha,POW.AF4.BetaL,POW.AF4.BetaH,POW.AF4.Gamma
1769164106.784428,1769164106.78521,25.0,0.0,4268.717773,4295.256348,4341.282227,4357.692383,4295.897461,4299.487305,4296.538574,4333.717773,4311.153809,4297.05127,4618.333496,4572.05127,4443.205078,4538.205078,,,,,,,,,,,,,,,,,,,,,,,,,,,,,,,,,,,,,,,,,,,,,,,,,,,,,,,,,,,,,,,,,,,,,,
1769164106.792237,1769164106.792918,26.0,0.0,4269.615234,4294.487305,4340.256348,4356.153809,4295.0,4297.05127,4293.974121,4334.230957,4310.512695,4294.615234,4619.615234,4576.025879,4444.743652,4544.487305,,,,,,,,,,,,,,,,,,,,,,,,,,,,,,,,,,,,,,,,,,,,,,,,,,,,,,,,,,,,,,,,,,,,,,
1769164106.800045,1769164106.800727,27.0,0.0,4274.615234,4295.512695,4334.230957,4355.641113,4294.102539,4294.743652,4294.102539,4339.743652,4312.563965,4296.410156,4625.897461,4585.769043,4453.077148,4554.230957,,,,,,,,,,,,,,,,,,,,,,,,,,,,,,,,,,,,,,,,,,,,,,,,,,,,,,,,,,,,,,,,,,,,,,
1769164106.807854,1769164106.808735,28.0,0.0,4272.05127,4294.743652,4324.358887,4352.94873,4294.871582,4296.153809,4297.692383,4342.692383,4312.820313,4297.179688,4627.692383,4585.256348,4457.692383,4554.358887,,,,,,,,,,,,,,,,,,,,,,,,,,,,,,,,,,,,,,,,,,,,,,,,,,,,,,,,,,,,,,,,,,,,,,
1769164106.815662,1769164106.816544,29.0,0.0,4267.563965,4294.358887,4320.384766,4350.128418,4299.743652,4297.94873,4297.307617,4333.717773,4312.179688,4297.563965,4625.897461,4582.05127,4453.077148,4551.282227,,,,,,,,,,,,,,,,,,,,,,,,,,,,,,,,,,,,,,,,,,,,,,,,,,,,,,,,,,,,,,,,,,,,,,
1769164106.823471,1769164106.824452,30.0,0.0,4271.666504,4296.922852,4321.025879,4352.820313,4300.641113,4295.769043,4293.205078,4328.846191,4311.538574,4296.538574,4625.769043,4584.358887,4450.897461,4553.461426,2.143349,0.406681,0.355817,0.410667,0.091881,0.781556,0.443095,0.29235,0.156606,0.144948,0.853536,0.332767,0.182513,0.170658,0.09188,0.59837,0.380111,0.105128,0.137124,0.050399,0.053814,0.021412,0.016803,0.011022,0.012553,0.044082,0.117557,0.148669,0.096749,0.057181,0.185085,0.282261,0.108179,0.078772,0.17188,0.241025,0.522585,0.269549,0.12854,0.084601,0.332272,0.804074,0.800518,0.106589,0.068781,1.089189,0.878893,0.998203,0.231278,0.079717,0.500977,0.720641,0.499649,0.265347,0.091951,0.20369,0.883797,0.447332,0.288648,0.129341,0.571312,0.489144,0.500748,0.319123,0.123031,0.646156,0.725837,0.520331,0.296691,0.192299
1769164106.831279,1769164106.83226,31.0,0.0,4278.461426,4299.487305,4320.128418,4358.846191,4296.538574,4292.436035,4292.436035,4332.436035,4310.641113,4297.307617,4629.230957,4586.538574,4457.179688,4556.666504,,,,,,,,,,,,,,,,,,,,,,,,,,,,,,,,,,,,,,,,,,,,,,,,,,,,,,,,,,,,,,,,,,,,,,
1769164106.839088,1769164106.839869,32.0,0.0,4279.871582,4296.922852,4314.102539,4358.589844,4294.743652,4292.307617,4293.333496,4331.538574,4312.179688,4298.589844,4629.358887,4586.922852,4459.871582,4555.641113,,,,,,,,,,,,,,,,,,,,,,,,,,,,,,,,,,,,,,,,,,,,,,,,,,,,,,,,,,,,,,,,,,,,,,
1769164106.846896,1769164106.847678,33.0,0.0,4276.282227,4293.974121,4306.410156,4353.461426,4296.153809,4293.717773,4292.563965,4327.436035,4311.538574,4294.871582,4625.0,4583.077148,4456.794922,4554.230957,,,,,,,,,,,,,,,,,,,,,,,,,,,,,,,,,,,,,,,,,,,,,,,,,,,,,,,,,,,,,,,,,,,,,,
1769164106.854705,1769164106.855386,34.0,0.0,4275.641113,4299.230957,4304.743652,4358.589844,4300.512695,4294.743652,4292.94873,4325.512695,4307.563965,4295.128418,4625.769043,4581.538574,4458.333496,4555.897461,,,,,,,,,,,,,,,,,,,,,,,,,,,,,,,,,,,,,,,,,,,,,,,,,,,,,,,,,,,,,,,,,,,,,,
1769164106.862513,1769164106.863195,35.0,0.0,4283.846191,4305.512695,4307.436035,4367.179688,4304.102539,4295.512695,4293.461426,4328.717773,4310.897461,4302.820313,4629.102539,4587.179688,4459.358887,4553.846191,,,,,,,,,,,,,,,,,,,,,,,,,,,,,,,,,,,,,,,,,,,,,,,,,,,,,,,,,,,,,,,,,,,,,,
1769164106.870321,1769164106.871203,36.0,0.0,4289.743652,4300.384766,4304.102539,4363.077148,4300.769043,4295.897461,4291.794922,4337.307617,4320.769043,4309.358887,4630.0,4589.871582,4454.615234,4548.461426,,,,,,,,,,,,,,,,,,,,,,,,,,,,,,,,,,,,,,,,,,,,,,,,,,,,,,,,,,,,,,,,,,,,,,
1769164106.87813,1769164106.879011,37.0,0.0,4288.717773,4292.94873,4295.641113,4355.897461,4295.897461,4294.871582,4293.205078,4342.436035,4323.846191,4310.128418,4631.922852,4588.333496,4456.538574,4550.641113,,,,,,,,,,,,,,,,,,,,,,,,,,,,,,,,,,,,,,,,,,,,,,,,,,,,,,,,,,,,,,,,,,,,,,
1769164106.885938,1769164106.88692,38.0,0.0,4289.230957,4293.717773,4294.230957,4357.820313,4296.666504,4295.256348,4297.563965,4341.666504,4317.307617,4305.256348,4633.974121,4589.871582,4458.846191,4555.256348,,,,,,,,,,,,,,,,,,,,,,,,,,,,,,,,,,,,,,,,,,,,,,,,,,,,,,,,,,,,,,,,,,,,,,
1769164106.893747,1769164106.894728,39.0,0.0,4296.410156,4296.153809,4297.820313,4360.0,4296.538574,4296.153809,4295.769043,4341.666504,4311.410156,4298.205078,4633.846191,4591.922852,4450.128418,4552.692383,,,,,,,,,,,,,,,,,,,,,,,,,,,,,,,,,,,,,,,,,,,,,,,,,,,,,,,,,,,,,,,,,,,,,,
1769164106.901555,1769164106.902337,40.0,0.0,4298.589844,4295.128418,4290.256348,4355.512695,4293.717773,4295.769043,4293.461426,4338.077148,4310.512695,4295.384766,4629.487305,4586.794922,4442.820313,4550.897461,,,,,,,,,,,,,,,,,,,,,,,,,,,,,,,,,,,,,,,,,,,,,,,,,,,,,,,,,,,,,,,,,,,,,,
1769164106.909364,1769164106.910145,41.0,0.0,4295.128418,4294.230957,4280.128418,4355.512695,4293.974121,4295.256348,4295.897461,4333.077148,4311.794922,4298.846191,4623.974121,4584.102539,4445.897461,4552.820313,,,,,,,,,,,,,,,,,,,,,,,,,,,,,,,,,,,,,,,,,,,,,,,,,,,,,,,,,,,,,,,,,,,,,,
1769164106.917172,1769164106.917854,42.0,0.0,4294.358887,4294.358887,4279.230957,4359.230957,4296.025879,4297.94873,4296.025879,4335.128418,4311.666504,4298.461426,4618.717773,4585.384766,4446.538574,4545.897461,,,,,,,,,,,,,,,,,,,,,,,,,,,,,,,,,,,,,,,,,,,,,,,,,,,,,,,,,,,,,,,,,,,,,,
1769164106.924981,1769164106.925662,43.0,0.0,4293.846191,4291.153809,4275.256348,4353.717773,4295.0,4303.205078,4298.589844,4334.487305,4309.358887,4291.538574,4612.820313,4577.05127,4441.153809,4537.307617,,,,,,,,,,,,,,,,,,,,,,,,,,,,,,,,,,,,,,,,,,,,,,,,,,,,,,,,,,,,,,,,,,,,,,
1769164106.932789,1769164106.93367,44.0,0.0,4292.307617,4288.846191,4265.128418,4346.666504,4291.922852,4300.769043,4297.436035,4328.461426,4308.461426,4288.589844,4614.615234,4568.077148,4442.436035,4543.077148,,,,,,,,,,,,,,,,,,,,,,,,,,,,,,,,,,,,,,,,,,,,,,,,,,,,,,,,,,,,,,,,,,,,,,
1769164106.940597,1769164106.941479,45.0,0.0,4294.743652,4294.358887,4261.794922,4350.897461,4293.846191,4292.820313,4285.384766,4326.153809,4309.743652,4293.717773,4623.974121,4572.436035,4448.589844,4557.179688,,,,,,,,,,,,,,,,,,,,,,,,,,,,,,,,,,,,,,,,,,,,,,,,,,,,,,,,,,,,,,,,,,,,,,
1769164106.948406,1769164106.949187,46.0,0.0,4297.94873,4298.846191,4264.358887,4355.0,4297.563965,4291.282227,4280.256348,4324.871582,4310.128418,4296.538574,4623.461426,4575.128418,4448.077148,4556.153809,1.884961,0.417225,0.305297,0.324971,0.0835,0.723053,0.406947,0.208227,0.143363,0.143404,0.838263,0.367226,0.168483,0.138722,0.093655,0.584849,0.431165,0.091635,0.130707,0.055294,0.056044,0.020798,0.014076,0.011183,0.013376,0.064681,0.172868,0.197698,0.099451,0.066431,0.195683,0.276183,0.129517,0.082008,0.154882,0.23416,0.466972,0.274513,0.123919,0.086488,0.32737,0.71728,0.610608,0.094988,0.072633,1.07129,0.878138,0.786397,0.177244,0.076837,0.534647,0.718168,0.340313,0.224489,0.088642,0.244429,1.004517,0.400085,0.232703,0.118622,0.583066,0.52934,0.417085,0.294987,0.127836,0.65732,0.693539,0.45462,0.288376,0.217331
1769164106.956214,1769164106.956996,47.0,0.0,4296.538574,4294.102539,4261.666504,4347.94873,4294.615234,4292.692383,4290.128418,4326.153809,4310.0,4292.94873,4612.94873,4569.487305,4444.743652,4543.077148,,,,,,,,,,,,,,,,,,,,,,,,,,,,,,,,,,,,,,,,,,,,,,,,,,,,,,,,,,,,,,,,,,,,,,
1769164106.964023,1769164106.964604,48.0,0.0,4293.846191,4289.358887,4257.820313,4345.0,4291.282227,4291.794922,4296.538574,4333.846191,4312.692383,4294.487305,4617.94873,4574.487305,4446.538574,4542.436035,,,,,,,,,,,,,,,,,,,,,,,,,,,,,,,,,,,,,,,,,,,,,,,,,,,,,,,,,,,,,,,,,,,,,,
1769164106.971831,1769164106.972413,49.0,0.0,4293.846191,4291.410156,4253.077148,4349.487305,4294.230957,4293.077148,4293.589844,4334.871582,4313.333496,4296.538574,4626.153809,4583.461426,4451.410156,4553.333496,,,,,,,,,,,,,,,,,,,,,,,,,,,,,,,,,,,,,,,,,,,,,,,,,,,,,,,,,,,,,,,,,,,,,,
1769164106.97964,1769164106.980121,50.0,0.0,4296.666504,4293.846191,4247.307617,4348.846191,4296.666504,4295.769043,4293.205078,4327.307617,4312.05127,4295.256348,4620.384766,4581.538574,4453.589844,4554.615234,,,,,,,,,,,,,,,,,,,,,,,,,,,,,,,,,,,,,,,,,,,,,,,,,,,,,,,,,,,,,,,,,,,,,,
1769164106.987448,1769164106.98793,51.0,0.0,4304.358887,4295.897461,4253.974121,4350.0,4294.358887,4294.102539,4295.128418,4329.743652,4315.512695,4298.974121,4622.94873,4582.179688,4457.820313,4553.333496,,,,,,,,,,,,,,,,,,,,,,,,,,,,,,,,,,,,,,,,,,,,,,,,,,,,,,,,,,,,,,,,,,,,,,
1769164106.995257,1769164106.995938,52.0,0.0,4312.436035,4298.205078,4261.282227,4356.538574,4294.871582,4293.205078,4295.384766,4335.0,4317.436035,4301.282227,4632.94873,4587.94873,4464.743652,4563.333496,,,,,,,,,,,,,,,,,,,,,,,,,,,,,,,,,,,,,,,,,,,,,,,,,,,,,,,,,,,,,,,,,,,,,,
1769164107.003065,1769164107.003747,53.0,0.0,4310.641113,4297.307617,4255.0,4357.820313,4296.666504,4296.282227,4296.282227,4329.615234,4312.179688,4294.871582,4627.820313,4587.820313,4460.128418,4562.94873,,,,,,,,,,,,,,,,,,,,,,,,,,,,,,,,,,,,,,,,,,,,,,,,,,,,,,,,,,,,,,,,,,,,,,
1769164107.010873,1769164107.011655,54.0,0.0,4305.512695,4295.641113,4247.94873,4356.153809,4295.128418,4297.179688,4294.871582,4324.358887,4308.589844,4289.358887,4616.794922,4581.153809,4451.538574,4552.563965,,,,,,,,,,,,,,,,,,,,,,,,,,,,,,,,,,,,,,,,,,,,,,,,,,,,,,,,,,,,,,,,,,,,,,
1769164107.018682,1769164107.019463,55.0,0.0,4304.743652,4297.05127,4248.205078,4354.871582,4299.358887,4295.769043,4294.102539,4326.025879,4310.769043,4291.538574,4617.820313,4575.128418,4455.256348,4552.692383,,,,,,,,,,,,,,,,,,,,,,,,,,,,,,,,,,,,,,,,,,,,,,,,,,,,,,,,,,,,,,,,,,,,,,
1769164107.02649,1769164107.027472,56.0,0.0,4301.153809,4294.871582,4244.102539,4351.922852,4304.487305,4297.94873,4296.025879,4327.05127,4309.487305,4290.128418,4613.461426,4567.94873,4455.897461,4550.384766,,,,,,,,,,,,,,,,,,,,,,,,,,,,,,,,,,,,,,,,,,,,,,,,,,,,,,,,,,,,,,,,,,,,,,
1769164107.034299,1769164107.03528,57.0,0.0,4303.077148,4295.897461,4241.410156,4352.05127,4299.871582,4297.436035,4295.0,4324.871582,4307.179688,4288.589844,4607.563965,4569.358887,4451.025879,4546.666504,,,,,,,,,,,,,,,,,,,,,,,,,,,,,,,,,,,,,,,,,,,,,,,,,,,,,,,,,,,,,,,,,,,,,,
1769164107.042107,1769164107.042989,58.0,0.0,4318.589844,4305.256348,4248.077148,4358.974121,4295.641113,4293.077148,4291.666504,4327.307617,4313.461426,4299.743652,4617.05127,4582.05127,4457.436035,4553.846191,,,,,,,,,,,,,,,,,,,,,,,,,,,,,,,,,,,,,,,,,,,,,,,,,,,,,,,,,,,,,,,,,,,,,,
1769164107.049916,1769164107.050797,59.0,0.0,4323.846191,4304.743652,4246.922852,4359.102539,4297.307617,4294.102539,4294.102539,4331.538574,4321.794922,4305.769043,4622.692383,4586.153809,4465.256348,4558.846191,,,,,,,,,,,,,,,,,,,,,,,,,,,,,,,,,,,,,,,,,,,,,,,,,,,,,,,,,,,,,,,,,,,,,,
1769164107.057724,1769164107.058406,60.0,0.0,4313.205078,4294.487305,4240.384766,4351.538574,4296.794922,4295.512695,4295.512695,4331.153809,4320.897461,4295.641113,4618.205078,4580.769043,4461.153809,4552.563965,,,,,,,,,,,,,,,,,,,,,,,,,,,,,,,,,,,,,,,,,,,,,,,,,,,,,,,,,,,,,,,,,,,,,,
1769164107.065533,1769164107.066214,61.0,0.0,4310.0,4293.974121,4241.666504,4355.128418,4296.922852,4289.230957,4291.922852,4331.410156,4319.871582,4294.871582,4620.256348,4584.487305,4459.615234,4555.256348,,,,,,,,,,,,,,,,,,,,,,,,,,,,,,,,,,,,,,,,,,,,,,,,,,,,,,,,,,,,,,,,,,,,,,
1769164107.073341,1769164107.074122,62.0,0.0,4313.461426,4298.589844,4240.128418,4356.922852,4299.230957,4290.128418,4293.974121,4335.641113,4323.461426,4307.05127,4622.179688,4589.230957,4462.94873,4560.512695,1.584174,0.525968,0.279023,0.262889,0.080691,0.692505,0.41158,0.149163,0.125986,0.138797,0.827349,0.432068,0.1793,0.116229,0.09165,0.613105,0.478472,0.08195,0.1215,0.062053,0.058983,0.028274,0.019927,0.013428,0.015089,0.096438,0.292784,0.256415,0.100285,0.078038,0.185827,0.258526,0.14707,0.084626,0.126724,0.224952,0.422355,0.295944,0.1271,0.083793,0.331883,0.642063,0.455044,0.099644,0.076591,0.966121,0.88046,0.575316,0.128212,0.074966,0.527472,0.761837,0.261282,0.21053,0.082781,0.332895,1.152947,0.40696,0.215024,0.11252,0.568056,0.648127,0.373778,0.267524,0.130874,0.668472,0.746035,0.44287,0.295925,0.233032
1769164107.081149,1769164107.081931,63.0,0.0,4310.769043,4296.538574,4232.05127,4346.410156,4296.666504,4298.461426,4299.487305,4334.871582,4321.282227,4305.769043,4615.0,4583.205078,4456.666504,4554.102539,,,,,,,,,,,,,,,,,,,,,,,,,,,,,,,,,,,,,,,,,,,,,,,,,,,,,,,,,,,,,,,,,,,,,,
1769164107.088958,1769164107.089939,64.0,0.0,4312.307617,4296.922852,4232.307617,4343.589844,4295.641113,4295.0,4297.05127,4332.692383,4320.641113,4303.589844,4621.153809,4585.897461,4459.487305,4554.743652,,,,,,,,,,,,,,,,,,,,,,,,,,,,,,,,,,,,,,,,,,,,,,,,,,,,,,,,,,,,,,,,,,,,,,
1769164107.096767,1769164107.097748,65.0,0.0,4316.410156,4299.230957,4236.922852,4347.563965,4298.077148,4290.128418,4294.615234,4336.153809,4323.717773,4312.820313,4633.589844,4595.256348,4472.563965,4563.589844,,,,,,,,,,,,,,,,,,,,,,,,,,,,,,,,,,,,,,,,,,,,,,,,,,,,,,,,,,,,,,,,,,,,,,
1769164107.104575,1769164107.105456,66.0,0.0,4309.743652,4294.743652,4232.05127,4342.820313,4297.307617,4295.512695,4296.666504,4333.461426,4317.820313,4308.717773,4626.025879,4587.94873,4467.563965,4554.871582,,,,,,,,,,,,,,,,,,,,,,,,,,,,,,,,,,,,,,,,,,,,,,,,,,,,,,,,,,,,,,,,,,,,,,
1769164107.112383,1769164107.113265,67.0,0.0,4303.333496,4291.025879,4226.922852,4337.179688,4296.794922,4296.794922,4295.641113,4325.0,4308.974121,4294.358887,4611.410156,4576.666504,4453.077148,4539.358887,,,,,,,,,,,,,,,,,,,,,,,,,,,,,,,,,,,,,,,,,,,,,,,,,,,,,,,,,,,,,,,,,,,,,,
1769164107.120192,1769164107.121073,68.0,0.0,4307.563965,4292.94873,4229.487305,4341.153809,4298.589844,4294.230957,4293.333496,4323.333496,4309.615234,4294.102539,4612.820313,4580.0,4454.871582,4544.871582,,,,,,,,,,,,,,,,,,,,,,,,,,,,,,,,,,,,,,,,,,,,,,,,,,,,,,,,,,,,,,,,,,,,,,
1769164107.128,1769164107.128882,69.0,0.0,4316.410156,4294.871582,4233.589844,4344.743652,4298.589844,4296.410156,4293.717773,4326.153809,4316.153809,4303.974121,4623.974121,4586.410156,4463.077148,4556.538574,,,,,,,,,,,,,,,,,,,,,,,,,,,,,,,,,,,,,,,,,,,,,,,,,,,,,,,,,,,,,,,,,,,,,,
1769164107.135809,1769164107.13679,70.0,0.0,4322.94873,4295.256348,4234.358887,4344.487305,4297.563965,4296.666504,4294.871582,4328.077148,4320.769043,4306.794922,4625.769043,4588.461426,4462.307617,4558.589844,,,,,,,,,,,,,,,,,,,,,,,,,,,,,,,,,,,,,,,,,,,,,,,,,,,,,,,,,,,,,,,,,,,,,,
1769164107.143617,1769164107.144598,71.0,0.0,4318.205078,4295.256348,4229.230957,4341.922852,4297.692383,4294.871582,4298.717773,4328.205078,4317.94873,4298.205078,4618.846191,4584.102539,4460.384766,4553.974121,,,,,,,,,,,,,,,,,,,,,,,,,,,,,,,,,,,,,,,,,,,,,,,,,,,,,,,,,,,,,,,,,,,,,,
1769164107.151426,1769164107.152207,72.0,0.0,4310.512695,4294.102539,4226.794922,4337.94873,4296.153809,4297.307617,4305.128418,4327.307617,4311.025879,4292.05127,4615.256348,4574.743652,4458.333496,4542.05127,,,,,,,,,,,,,,,,,,,,,,,,,,,,,,,,,,,,,,,,,,,,,,,,,,,,,,,,,,,,,,,,,,,,,,
1769164107.159234,1769164107.160015,73.0,0.0,4315.128418,4294.487305,4228.589844,4338.846191,4296.153809,4297.94873,4303.589844,4326.538574,4312.05127,4299.743652,4618.461426,4574.487305,4457.05127,4543.205078,,,,,,,,,,,,,,,,,,,,,,,,,,,,,,,,,,,,,,,,,,,,,,,,,,,,,,,,,,,,,,,,,,,,,,
1769164107.167043,1769164107.167724,74.0,0.0,4318.077148,4295.512695,4223.589844,4339.102539,4298.077148,4295.0,4296.025879,4327.307617,4315.128418,4303.974121,4617.563965,4579.230957,4459.871582,4555.256348,,,,,,,,,,,,,,,,,,,,,,,,,,,,,,,,,,,,,,,,,,,,,,,,,,,,,,,,,,,,,,,,,,,,,,
1769164107.174851,1769164107.175532,75.0,0.0,4307.820313,4293.461426,4216.282227,4336.922852,4294.102539,4294.102539,4293.717773,4328.333496,4311.794922,4295.512695,4611.282227,4572.692383,4457.563965,4547.05127,,,,,,,,,,,,,,,,,,,,,,,,,,,,,,,,,,,,,,,,,,,,,,,,,,,,,,,,,,,,,,,,,,,,,,
1769164107.18266,1769164107.183541,76.0,0.0,4307.179688,4296.025879,4217.179688,4337.436035,4293.205078,4293.974121,4293.974121,4327.436035,4310.128418,4293.974121,4609.615234,4566.922852,4456.794922,4534.230957,,,,,,,,,,,,,,,,,,,,,,,,,,,,,,,,,,,,,,,,,,,,,,,,,,,,,,,,,,,,,,,,,,,,,,
1769164107.190468,1769164107.191349,77.0,0.0,4323.717773,4306.666504,4220.384766,4341.666504,4302.436035,4293.974121,4291.922852,4326.410156,4312.05127,4300.128418,4613.846191,4575.128418,4460.512695,4545.384766,,,,,,,,,,,,,,,,,,,,,,,,,,,,,,,,,,,,,,,,,,,,,,,,,,,,,,,,,,,,,,,,,,,,,,
1769164107.198276,1769164107.199257,78.0,0.0,4326.538574,4309.743652,4218.974121,4343.717773,4303.846191,4293.205078,4290.128418,4326.410156,4311.538574,4297.563965,4614.358887,4577.05127,4461.282227,4552.179688,1.337089,0.722055,0.297431,0.223097,0.082904,0.699239,0.459716,0.125157,0.107872,0.131214,0.845875,0.504362,0.21787,0.103758,0.087783,0.706304,0.517917,0.076201,0.109709,0.069382,0.062919,0.040298,0.033705,0.018798,0.017414,0.125945,0.461152,0.318832,0.098754,0.090805,0.157119,0.239331,0.154908,0.086397,0.095416,0.214578,0.396215,0.337465,0.13689,0.07832,0.347596,0.58643,0.371166,0.117059,0.078925,0.795772,0.889209,0.425839,0.092742,0.075232,0.496092,0.833975,0.284722,0.222655,0.076689,0.495117,1.298496,0.485259,0.2319,0.113849,0.529606,0.825113,0.37662,0.241316,0.131966,0.699686,0.873604,0.490847,0.31734,0.235348
1769164107.206085,1769164107.207066,79.0,0.0,4316.025879,4303.077148,4216.538574,4341.538574,4296.025879,4293.205078,4290.641113,4325.128418,4308.974121,4294.615234,4609.487305,4569.615234,4460.897461,4548.205078,,,,,,,,,,,,,,,,,,,,,,,,,,,,,,,,,,,,,,,,,,,,,,,,,,,,,,,,,,,,,,,,,,,,,,
1769164107.213893,1769164107.215074,80.0,0.0,4320.128418,4299.230957,4216.794922,4338.974121,4294.743652,4296.410156,4293.461426,4325.512695,4309.871582,4300.384766,4613.205078,4572.179688,4461.538574,4551.410156,,,,,,,,,,,,,,,,,,,,,,,,,,,,,,,,,,,,,,,,,,,,,,,,,,,,,,,,,,,,,,,,,,,,,,
1769164107.221702,1769164107.222883,81.0,0.0,4328.205078,4299.358887,4216.922852,4336.282227,4297.820313,4298.333496,4295.512695,4327.94873,4313.077148,4303.974121,4618.077148,4576.153809,4461.025879,4547.179688,,,,,,,,,,,,,,,,,,,,,,,,,,,,,,,,,,,,,,,,,,,,,,,,,,,,,,,,,,,,,,,,,,,,,,
1769164107.22951,1769164107.230791,82.0,0.0,4322.05127,4296.922852,4215.641113,4334.487305,4298.717773,4296.666504,4296.282227,4328.461426,4312.436035,4297.436035,4608.846191,4570.897461,4458.589844,4535.384766,,,,,,,,,,,,,,,,,,,,,,,,,,,,,,,,,,,,,,,,,,,,,,,,,,,,,,,,,,,,,,,,,,,,,,
1769164107.237319,1769164107.238599,83.0,0.0,4318.333496,4294.358887,4214.871582,4337.307617,4301.794922,4294.871582,4296.282227,4327.307617,4309.102539,4286.666504,4598.589844,4566.282227,4455.641113,4534.230957,,,,,,,,,,,,,,,,,,,,,,,,,,,,,,,,,,,,,,,,,,,,,,,,,,,,,,,,,,,,,,,,,,,,,,
1769164107.245127,1769164107.246608,84.0,0.0,4327.94873,4303.205078,4216.410156,4341.922852,4304.358887,4293.205078,4295.512695,4327.179688,4308.589844,4286.282227,4600.512695,4570.0,4455.128418,4539.487305,,,,,,,,,,,,,,,,,,,,,,,,,,,,,,,,,,,,,,,,,,,,,,,,,,,,,,,,,,,,,,,,,,,,,,
1769164107.252936,1769164107.254416,85.0,0.0,4331.282227,4311.410156,4217.179688,4343.461426,4302.563965,4294.487305,4294.230957,4327.05127,4310.384766,4292.307617,4603.589844,4571.794922,4458.077148,4537.94873,,,,,,,,,,,,,,,,,,,,,,,,,,,,,,,,,,,,,,,,,,,,,,,,,,,,,,,,,,,,,,,,,,,,,,
1769164107.260744,1769164107.262324,86.0,0.0,4325.512695,4305.0,4215.897461,4342.692383,4301.282227,4293.205078,4292.692383,4327.436035,4311.410156,4294.871582,4603.717773,4571.153809,4460.0,4534.615234,,,,,,,,,,,,,,,,,,,,,,,,,,,,,,,,,,,,,,,,,,,,,,,,,,,,,,,,,,,,,,,,,,,,,,
1769164107.268552,1769164107.270133,87.0,0.0,4326.153809,4298.589844,4216.282227,4342.179688,4303.717773,4285.0,4289.487305,4327.692383,4311.922852,4295.769043,4604.871582,4571.538574,4460.256348,4537.94873,,,,,,,,,,,,,,,,,,,,,,,,,,,,,,,,,,,,,,,,,,,,,,,,,,,,,,,,,,,,,,,,,,,,,,
1769164107.276361,1769164107.277741,88.0,0.0,4335.769043,4299.102539,4216.282227,4341.666504,4301.410156,4284.615234,4287.94873,4322.563965,4307.94873,4293.846191,4601.538574,4570.128418,4460.128418,4538.846191,,,,,,,,,,,,,,,,,,,,,,,,,,,,,,,,,,,,,,,,,,,,,,,,,,,,,,,,,,,,,,,,,,,,,,
1769164107.284169,1769164107.28555,89.0,0.0,4341.922852,4298.205078,4217.94873,4339.743652,4297.179688,4293.846191,4290.512695,4317.94873,4303.846191,4291.153809,4601.282227,4569.871582,4459.871582,4538.205078,,,,,,,,,,,,,,,,,,,,,,,,,,,,,,,,,,,,,,,,,,,,,,,,,,,,,,,,,,,,,,,,,,,,,,
1769164107.291978,1769164107.293258,90.0,0.0,4334.615234,4295.897461,4215.769043,4335.512695,4298.461426,4292.436035,4292.94873,4321.538574,4307.436035,4293.846191,4607.436035,4572.05127,4462.692383,4543.333496,,,,,,,,,,,,,,,,,,,,,,,,,,,,,,,,,,,,,,,,,,,,,,,,,,,,,,,,,,,,,,,,,,,,,,
1769164107.299786,1769164107.301067,91.0,0.0,4326.794922,4297.307617,4207.436035,4335.0,4300.897461,4287.563965,4294.102539,4325.897461,4312.05127,4296.666504,4606.922852,4570.641113,4462.307617,4546.794922,,,,,,,,,,,,,,,,,,,,,,,,,,,,,,,,,,,,,,,,,,,,,,,,,,,,,,,,,,,,,,,,,,,,,,
1769164107.307595,1769164107.308676,92.0,0.0,4327.820313,4295.641113,4204.743652,4337.820313,4301.538574,4293.717773,4295.384766,4326.282227,4311.410156,4293.846191,4601.794922,4567.820313,4457.820313,4540.897461,,,,,,,,,,,,,,,,,,,,,,,,,,,,,,,,,,,,,,,,,,,,,,,,,,,,,,,,,,,,,,,,,,,,,,
1769164107.315403,1769164107.316484,93.0,0.0,4328.461426,4292.94873,4207.307617,4333.461426,4302.436035,4297.05127,4294.102539,4324.615234,4307.563965,4292.179688,4602.436035,4569.615234,4457.820313,4536.025879,,,,,,,,,,,,,,,,,,,,,,,,,,,,,,,,,,,,,,,,,,,,,,,,,,,,,,,,,,,,,,,,,,,,,,
1769164107.323212,1769164107.324193,94.0,0.0,4323.461426,4292.94873,4203.974121,4326.282227,4298.717773,4295.128418,4295.769043,4323.077148,4305.512695,4286.666504,4602.820313,4570.512695,4456.153809,4539.102539,1.199479,0.947339,0.355762,0.205301,0.088816,0.733866,0.530172,0.129575,0.092602,0.121222,0.921729,0.555435,0.273457,0.101594,0.085153,0.832292,0.543117,0.074442,0.096997,0.076421,0.069415,0.053533,0.051825,0.027644,0.020236,0.143173,0.635815,0.371876,0.094726,0.102124,0.118438,0.229443,0.150185,0.087186,0.069098,0.203037,0.394122,0.387365,0.147972,0.072559,0.364222,0.55161,0.362541,0.137984,0.0789,0.597948,0.900266,0.362413,0.074114,0.078555,0.47279,0.89802,0.390134,0.247438,0.073922,0.73872,1.405523,0.620729,0.26406,0.12389,0.492271,1.006184,0.411483,0.219765,0.131699,0.742313,1.022466,0.582352,0.344234,0.226489
1769164107.33102,1769164107.332001,95.0,0.0,4321.410156,4291.538574,4200.128418,4325.769043,4293.846191,4296.794922,4298.461426,4322.692383,4307.05127,4278.974121,4600.0,4570.256348,4450.769043,4537.692383,,,,,,,,,,,,,,,,,,,,,,,,,,,,,,,,,,,,,,,,,,,,,,,,,,,,,,,,,,,,,,,,,,,,,,
1769164107.338828,1769164107.340009,96.0,0.0,4325.769043,4293.077148,4203.461426,4327.94873,4297.307617,4294.487305,4295.0,4325.641113,4308.589844,4281.794922,4598.846191,4569.871582,4447.94873,4526.666504,,,,,,,,,,,,,,,,,,,,,,,,,,,,,,,,,,,,,,,,,,,,,,,,,,,,,,,,,,,,,,,,,,,,,,
1769164107.346637,1769164107.347818,97.0,0.0,4327.179688,4293.717773,4203.974121,4326.282227,4299.358887,4289.487305,4291.025879,4328.205078,4312.94873,4290.128418,4598.077148,4566.666504,4449.615234,4522.94873,,,,,,,,,,,,,,,,,,,,,,,,,,,,,,,,,,,,,,,,,,,,,,,,,,,,,,,,,,,,,,,,,,,,,,
1769164107.354445,1769164107.355526,98.0,0.0,4325.256348,4294.230957,4200.769043,4324.230957,4296.153809,4288.589844,4293.461426,4328.205078,4322.692383,4298.077148,4605.512695,4573.846191,4459.358887,4541.666504,,,,,,,,,,,,,,,,,,,,,,,,,,,,,,,,,,,,,,,,,,,,,,,,,,,,,,,,,,,,,,,,,,,,,,
1769164107.362254,1769164107.363335,99.0,0.0,4329.615234,4301.153809,4201.025879,4327.307617,4297.179688,4288.205078,4296.153809,4328.717773,4323.205078,4303.205078,4616.153809,4588.205078,4469.102539,4556.025879,,,,,,,,,,,,,,,,,,,,,,,,,,,,,,,,,,,,,,,,,,,,,,,,,,,,,,,,,,,,,,,,,,,,,,
1769164107.370062,1769164107.370943,100.0,0.0,4339.358887,4307.820313,4202.436035,4331.410156,4297.692383,4289.102539,4294.487305,4324.487305,4313.461426,4299.358887,4610.0,4585.128418,4463.333496,4544.358887,,,,,,,,,,,,,,,,,,,,,,,,,,,,,,,,,,,,,,,,,,,,,,,,,,,,,,,,,,,,,,,,,,,,,,
1769164107.377871,1769164107.378752,101.0,0.0,4343.077148,4308.205078,4202.692383,4331.794922,4297.05127,4292.820313,4293.589844,4318.205078,4310.256348,4292.563965,4600.897461,4575.512695,4455.512695,4534.487305,,,,,,,,,,,,,,,,,,,,,,,,,,,,,,,,,,,,,,,,,,,,,,,,,,,,,,,,,,,,,,,,,,,,,,
1769164107.385679,1769164107.38646,102.0,0.0,4342.436035,4307.94873,4202.563965,4330.384766,4297.692383,4294.230957,4295.769043,4320.641113,4312.820313,4293.205078,4603.589844,4579.743652,4459.871582,4540.0,,,,,,,,,,,,,,,,,,,,,,,,,,,,,,,,,,,,,,,,,,,,,,,,,,,,,,,,,,,,,,,,,,,,,,
1769164107.393488,1769164107.394269,103.0,0.0,4346.794922,4313.205078,4206.922852,4335.384766,4297.94873,4293.461426,4298.717773,4326.794922,4314.358887,4294.615234,4607.179688,4584.102539,4460.897461,4545.128418,,,,,,,,,,,,,,,,,,,,,,,,,,,,,,,,,,,,,,,,,,,,,,,,,,,,,,,,,,,,,,,,,,,,,,
1769164107.401296,1769164107.402277,104.0,0.0,4356.538574,4321.410156,4215.384766,4343.333496,4298.333496,4292.179688,4297.05127,4327.307617,4316.666504,4293.205078,4608.846191,4583.205078,4457.94873,4549.743652,,,,,,,,,,,,,,,,,,,,,,,,,,,,,,,,,,,,,,,,,,,,,,,,,,,,,,,,,,,,,,,,,,,,,,
1769164107.409105,1769164107.410085,105.0,0.0,4358.461426,4322.179688,4218.717773,4341.666504,4298.974121,4292.820313,4294.871582,4325.512695,4315.256348,4293.461426,4613.077148,4586.666504,4462.307617,4553.846191,,,,,,,,,,,,,,,,,,,,,,,,,,,,,,,,,,,,,,,,,,,,,,,,,,,,,,,,,,,,,,,,,,,,,,
1769164107.416913,1769164107.417994,106.0,0.0,4351.922852,4313.974121,4210.0,4334.358887,4296.153809,4295.641113,4297.94873,4327.563965,4311.025879,4293.846191,4611.282227,4586.794922,4463.205078,4551.025879,,,,,,,,,,,,,,,,,,,,,,,,,,,,,,,,,,,,,,,,,,,,,,,,,,,,,,,,,,,,,,,,,,,,,,
1769164107.424722,1769164107.425802,107.0,0.0,4352.05127,4313.589844,4205.384766,4334.230957,4296.410156,4295.641113,4298.333496,4328.205078,4314.615234,4294.615234,4609.615234,4582.94873,4458.205078,4550.384766,,,,,,,,,,,,,,,,,,,,,,,,,,,,,,,,,,,,,,,,,,,,,,,,,,,,,,,,,,,,,,,,,,,,,,
1769164107.43253,1769164107.433811,108.0,0.0,4357.94873,4323.717773,4213.717773,4340.512695,4303.974121,4292.436035,4293.974121,4325.769043,4321.025879,4298.077148,4616.922852,4588.461426,4465.384766,4557.94873,,,,,,,,,,,,,,,,,,,,,,,,,,,,,,,,,,,,,,,,,,,,,,,,,,,,,,,,,,,,,,,,,,,,,,
1769164107.440338,1769164107.441619,109.0,0.0,4360.897461,4327.563965,4218.333496,4342.307617,4307.692383,4293.077148,4293.974121,4326.282227,4319.358887,4300.0,4620.897461,4596.025879,4472.820313,4559.871582,,,,,,,,,,,,,,,,,,,,,,,,,,,,,,,,,,,,,,,,,,,,,,,,,,,,,,,,,,,,,,,,,,,,,,
1769164107.448147,1769164107.449527,110.0,0.0,4360.256348,4325.641113,4216.153809,4339.102539,4308.333496,4296.282227,4295.769043,4328.205078,4312.05127,4295.769043,4618.205078,4594.230957,4465.897461,4555.384766,1.151547,1.11513,0.42448,0.209083,0.09779,0.760922,0.586513,0.145258,0.083613,0.109906,1.001049,0.563532,0.323932,0.108344,0.086143,0.9494,0.543618,0.077048,0.085413,0.082577,0.080924,0.064822,0.069142,0.039078,0.023546,0.142914,0.761908,0.399135,0.088363,0.108915,0.083574,0.233636,0.136354,0.087376,0.052879,0.198028,0.417224,0.426915,0.153958,0.068399,0.370415,0.527631,0.400535,0.153704,0.077117,0.419232,0.894566,0.363731,0.072425,0.085996,0.477144,0.914149,0.52137,0.26853,0.078239,1.032998,1.438185,0.769379,0.28976,0.141154,0.483997,1.123676,0.446898,0.204412,0.131178,0.794321,1.11281,0.679349,0.364915,0.21476
1769164107.455955,1769164107.457336,111.0,0.0,4361.153809,4320.512695,4216.794922,4333.333496,4308.589844,4296.666504,4293.717773,4324.871582,4309.871582,4291.025879,4611.666504,4585.384766,4458.333496,4555.769043,,,,,,,,,,,,,,,,,,,,,,,,,,,,,,,,,,,,,,,,,,,,,,,,,,,,,,,,,,,,,,,,,,,,,,
1769164107.463764,1769164107.464944,112.0,0.0,4359.358887,4312.692383,4212.94873,4328.461426,4303.205078,4293.333496,4292.692383,4321.153809,4312.563965,4291.922852,4602.179688,4578.974121,4454.230957,4550.897461,,,,,,,,,,,,,,,,,,,,,,,,,,,,,,,,,,,,,,,,,,,,,,,,,,,,,,,,,,,,,,,,,,,,,,
1769164107.471572,1769164107.472753,113.0,0.0,4349.743652,4308.589844,4201.794922,4327.436035,4298.974121,4293.205078,4295.641113,4324.230957,4312.692383,4294.871582,4599.358887,4578.717773,4450.512695,4539.358887,,,,,,,,,,,,,,,,,,,,,,,,,,,,,,,,,,,,,,,,,,,,,,,,,,,,,,,,,,,,,,,,,,,,,,
1769164107.479381,1769164107.480461,114.0,0.0,4338.846191,4306.153809,4199.871582,4324.871582,4303.333496,4301.538574,4298.974121,4326.922852,4314.743652,4294.871582,4607.05127,4581.666504,4455.641113,4544.743652,,,,,,,,,,,,,,,,,,,,,,,,,,,,,,,,,,,,,,,,,,,,,,,,,,,,,,,,,,,,,,,,,,,,,,
1769164107.487189,1769164107.48827,115.0,0.0,4340.256348,4304.743652,4203.974121,4324.230957,4306.922852,4304.487305,4297.94873,4326.025879,4317.307617,4297.179688,4612.94873,4584.615234,4463.846191,4558.974121,,,,,,,,,,,,,,,,,,,,,,,,,,,,,,,,,,,,,,,,,,,,,,,,,,,,,,,,,,,,,,,,,,,,,,
1769164107.494998,1769164107.495879,116.0,0.0,4353.461426,4311.025879,4203.846191,4330.384766,4305.641113,4295.256348,4294.615234,4327.820313,4314.487305,4306.025879,4613.205078,4585.0,4460.897461,4555.897461,,,,,,,,,,,,,,,,,,,,,,,,,,,,,,,,,,,,,,,,,,,,,,,,,,,,,,,,,,,,,,,,,,,,,,
1769164107.502806,1769164107.503687,117.0,0.0,4358.974121,4316.153809,4201.922852,4332.05127,4304.487305,4290.384766,4294.871582,4329.102539,4312.179688,4310.384766,4615.641113,4583.589844,4459.743652,4551.666504,,,,,,,,,,,,,,,,,,,,,,,,,,,,,,,,,,,,,,,,,,,,,,,,,,,,,,,,,,,,,,,,,,,,,,
1769164107.510615,1769164107.511396,118.0,0.0,4356.410156,4309.615234,4201.794922,4325.0,4305.384766,4295.256348,4296.794922,4326.794922,4312.94873,4306.538574,4616.922852,4583.846191,4463.846191,4564.487305,,,,,,,,,,,,,,,,,,,,,,,,,,,,,,,,,,,,,,,,,,,,,,,,,,,,,,,,,,,,,,,,,,,,,,
1769164107.518423,1769164107.519204,119.0,0.0,4357.179688,4305.384766,4203.461426,4324.102539,4307.563965,4296.794922,4296.282227,4326.922852,4312.563965,4304.871582,4614.615234,4587.692383,4462.692383,4568.717773,,,,,,,,,,,,,,,,,,,,,,,,,,,,,,,,,,,,,,,,,,,,,,,,,,,,,,,,,,,,,,,,,,,,,,
1769164107.526231,1769164107.527212,120.0,0.0,4360.256348,4309.230957,4204.615234,4328.333496,4307.307617,4293.205078,4294.487305,4328.589844,4311.153809,4303.077148,4611.666504,4585.256348,4462.563965,4558.077148,,,,,,,,,,,,,,,,,,,,,,,,,,,,,,,,,,,,,,,,,,,,,,,,,,,,,,,,,,,,,,,,,,,,,,
1769164107.53404,1769164107.535021,121.0,0.0,4359.615234,4310.128418,4203.589844,4327.692383,4303.974121,4292.179688,4295.641113,4325.256348,4309.743652,4295.769043,4606.025879,4572.307617,4458.333496,4552.05127,,,,,,,,,,,,,,,,,,,,,,,,,,,,,,,,,,,,,,,,,,,,,,,,,,,,,,,,,,,,,,,,,,,,,,
1769164107.541848,1769164107.542929,122.0,0.0,4355.512695,4308.846191,4202.563965,4325.897461,4302.820313,4294.230957,4297.307617,4320.0,4307.436035,4290.897461,4597.692383,4565.512695,4450.256348,4552.692383,,,,,,,,,,,,,,,,,,,,,,,,,,,,,,,,,,,,,,,,,,,,,,,,,,,,,,,,,,,,,,,,,,,,,,
1769164107.549657,1769164107.550737,123.0,0.0,4355.128418,4309.358887,4204.487305,4328.717773,4304.102539,4296.794922,4295.897461,4321.153809,4308.589844,4293.333496,4599.230957,4570.897461,4451.025879,4552.820313,,,,,,,,,,,,,,,,,,,,,,,,,,,,,,,,,,,,,,,,,,,,,,,,,,,,,,,,,,,,,,,,,,,,,,
1769164107.557465,1769164107.558346,124.0,0.0,4356.666504,4310.256348,4206.025879,4330.128418,4308.333496,4295.897461,4297.436035,4326.794922,4311.922852,4296.153809,4606.025879,4574.743652,4457.563965,4550.641113,,,,,,,,,,,,,,,,,,,,,,,,,,,,,,,,,,,,,,,,,,,,,,,,,,,,,,,,,,,,,,,,,,,,,,
1769164107.565274,1769164107.566155,125.0,0.0,4358.846191,4310.512695,4204.743652,4326.666504,4310.769043,4296.666504,4306.794922,4328.846191,4313.077148,4296.410156,4605.256348,4570.512695,4457.563965,4549.358887,,,,,,,,,,,,,,,,,,,,,,,,,,,,,,,,,,,,,,,,,,,,,,,,,,,,,,,,,,,,,,,,,,,,,,
1769164107.573082,1769164107.573863,126.0,0.0,4358.846191,4310.641113,4200.897461,4322.307617,4306.282227,4301.153809,4310.0,4326.410156,4311.794922,4294.615234,4599.743652,4568.205078,4453.717773,4546.794922,1.150264,1.159492,0.473366,0.228613,0.10978,0.760659,0.597922,0.155902,0.084504,0.098886,1.074404,0.523343,0.353314,0.11968,0.090764,1.037595,0.512885,0.086391,0.076943,0.087352,0.098453,0.071024,0.080345,0.05133,0.027301,0.126114,0.799471,0.390575,0.080239,0.109121,0.059689,0.249361,0.122078,0.086856,0.047156,0.202409,0.456958,0.434408,0.151222,0.066175,0.359301,0.49994,0.440305,0.160509,0.074441,0.296787,0.853597,0.385002,0.08745,0.097847,0.503467,0.864737,0.620329,0.275438,0.091622,1.306795,1.377928,0.877728,0.294815,0.161164,0.508329,1.134039,0.457931,0.195505,0.131208,0.826694,1.096318,0.746042,0.37198,0.210998
1769164107.580891,1769164107.581672,127.0,0.0,4357.179688,4309.358887,4201.025879,4321.922852,4303.461426,4302.436035,4302.563965,4324.615234,4308.717773,4291.794922,4602.563965,4575.256348,4457.179688,4548.589844,,,,,,,,,,,,,,,,,,,,,,,,,,,,,,,,,,,,,,,,,,,,,,,,,,,,,,,,,,,,,,,,,,,,,,
1769164107.588699,1769164107.58968,0.0,0.0,4362.05127,4312.94873,4210.128418,4324.230957,4308.461426,4296.794922,4296.410156,4325.641113,4310.769043,4297.307617,4613.717773,4585.641113,4460.641113,4553.717773,,,,,,,,,,,,,,,,,,,,,,,,,,,,,,,,,,,,,,,,,,,,,,,,,,,,,,,,,,,,,,,,,,,,,,
1769164107.596507,1769164107.597488,1.0,0.0,4371.666504,4321.922852,4219.358887,4326.666504,4311.410156,4288.846191,4295.0,4328.461426,4318.461426,4307.820313,4620.384766,4588.333496,4459.871582,4556.153809,,,,,,,,,,,,,,,,,,,,,,,,,,,,,,,,,,,,,,,,,,,,,,,,,,,,,,,,,,,,,,,,,,,,,,
1769164107.604316,1769164107.605397,2.0,0.0,4374.358887,4322.563965,4216.538574,4326.025879,4310.0,4293.461426,4298.717773,4328.974121,4320.0,4310.641113,4618.717773,4584.743652,4467.05127,4556.794922,,,,,,,,,,,,,,,,,,,,,,,,,,,,,,,,,,,,,,,,,,,,,,,,,,,,,,,,,,,,,,,,,,,,,,
1769164107.612124,1769164107.613205,3.0,0.0,4366.794922,4315.0,4205.0,4319.102539,4310.641113,4305.128418,4306.153809,4327.05127,4317.563965,4308.846191,4616.538574,4583.461426,4472.436035,4556.153809,,,,,,,,,,,,,,,,,,,,,,,,,,,,,,,,,,,,,,,,,,,,,,,,,,,,,,,,,,,,,,,,,,,,,,
1769164107.619933,1769164107.621213,4.0,0.0,4358.205078,4310.128418,4200.384766,4311.025879,4310.256348,4302.94873,4308.589844,4331.025879,4320.256348,4310.641113,4618.589844,4585.641113,4467.179688,4554.102539,,,,,,,,,,,,,,,,,,,,,,,,,,,,,,,,,,,,,,,,,,,,,,,,,,,,,,,,,,,,,,,,,,,,,,
1769164107.627741,1769164107.629022,5.0,0.0,4356.153809,4309.487305,4206.666504,4308.461426,4305.641113,4293.846191,4305.897461,4333.589844,4318.205078,4310.769043,4619.102539,4586.282227,4463.846191,4553.846191,,,,,,,,,,,,,,,,,,,,,,,,,,,,,,,,,,,,,,,,,,,,,,,,,,,,,,,,,,,,,,,,,,,,,,
1769164107.63555,1769164107.63693,6.0,0.0,4361.794922,4309.358887,4213.333496,4309.102539,4305.384766,4298.333496,4306.282227,4327.05127,4309.230957,4304.487305,4612.307617,4582.94873,4462.307617,4553.717773,,,,,,,,,,,,,,,,,,,,,,,,,,,,,,,,,,,,,,,,,,,,,,,,,,,,,,,,,,,,,,,,,,,,,,
1769164107.643358,1769164107.644738,7.0,0.0,4366.666504,4310.128418,4217.179688,4309.487305,4309.743652,4305.0,4309.615234,4327.436035,4314.358887,4305.0,4613.077148,4584.487305,4460.512695,4555.128418,,,,,,,,,,,,,,,,,,,,,,,,,,,,,,,,,,,,,,,,,,,,,,,,,,,,,,,,,,,,,,,,,,,,,,
1769164107.651167,1769164107.652447,8.0,0.0,4363.461426,4311.153809,4218.333496,4310.128418,4308.589844,4298.846191,4308.461426,4335.0,4324.615234,4311.794922,4621.922852,4592.05127,4468.205078,4560.384766,,,,,,,,,,,,,,,,,,,,,,,,,,,,,,,,,,,,,,,,,,,,,,,,,,,,,,,,,,,,,,,,,,,,,,
1769164107.658975,1769164107.660255,9.0,0.0,4362.563965,4310.256348,4217.436035,4310.128418,4302.820313,4293.333496,4304.230957,4330.897461,4320.0,4311.794922,4620.512695,4592.436035,4474.487305,4561.153809,,,,,,,,,,,,,,,,,,,,,,,,,,,,,,,,,,,,,,,,,,,,,,,,,,,,,,,,,,,,,,,,,,,,,,
1769164107.666783,1769164107.667964,10.0,0.0,4369.358887,4308.846191,4217.692383,4308.846191,4304.615234,4297.05127,4304.487305,4324.615234,4313.717773,4307.563965,4613.077148,4587.307617,4472.05127,4557.563965,,,,,,,,,,,,,,,,,,,,,,,,,,,,,,,,,,,,,,,,,,,,,,,,,,,,,,,,,,,,,,,,,,,,,,
1769164107.674592,1769164107.675772,11.0,0.0,4373.974121,4310.128418,4220.128418,4309.871582,4312.307617,4304.743652,4310.384766,4330.384766,4320.0,4310.641113,4614.743652,4587.05127,4474.230957,4557.563965,,,,,,,,,,,,,,,,,,,,,,,,,,,,,,,,,,,,,,,,,,,,,,,,,,,,,,,,,,,,,,,,,,,,,,
1769164107.6824,1769164107.683381,12.0,0.0,4370.512695,4312.05127,4221.410156,4310.769043,4312.179688,4305.769043,4312.563965,4332.307617,4322.05127,4314.358887,4619.230957,4589.102539,4472.692383,4557.563965,,,,,,,,,,,,,,,,,,,,,,,,,,,,,,,,,,,,,,,,,,,,,,,,,,,,,,,,,,,,,,,,,,,,,,
1769164107.690209,1769164107.69119,13.0,0.0,4370.512695,4309.358887,4217.94873,4306.666504,4304.871582,4297.820313,4305.769043,4326.025879,4313.077148,4305.128418,4612.436035,4587.05127,4463.205078,4556.794922,,,,,,,,,,,,,,,,,,,,,,,,,,,,,,,,,,,,,,,,,,,,,,,,,,,,,,,,,,,,,,,,,,,,,,
1769164107.698017,1769164107.698898,14.0,0.0,4376.153809,4306.153809,4216.410156,4302.563965,4302.307617,4292.563965,4301.922852,4323.461426,4308.461426,4296.153809,4604.615234,4584.358887,4460.641113,4557.94873,1.163699,1.069158,0.489032,0.255278,0.124563,0.761881,0.555228,0.15531,0.097838,0.08986,1.068628,0.445279,0.352129,0.130763,0.096758,1.070599,0.453688,0.101777,0.073041,0.090321,0.122421,0.071211,0.083639,0.06274,0.03126,0.099506,0.741963,0.3483,0.07168,0.103011,0.050791,0.267074,0.117564,0.085169,0.04852,0.211799,0.498187,0.401469,0.14019,0.064869,0.332926,0.461429,0.447569,0.160593,0.071552,0.242955,0.776426,0.39767,0.117692,0.112557,0.52998,0.763605,0.657282,0.267171,0.113111,1.480955,1.235803,0.909454,0.277222,0.178651,0.549701,1.03666,0.44514,0.192382,0.132016,0.813993,0.97667,0.766848,0.364795,0.222678
1769164107.705826,1769164107.706707,15.0,0.0,4377.179688,4308.846191,4224.102539,4302.820313,4304.615234,4294.358887,4307.563965,4323.974121,4311.410156,4300.897461,4607.563965,4584.743652,4462.94873,4556.538574,,,,,,,,,,,,,,,,,,,,,,,,,,,,,,,,,,,,,,,,,,,,,,,,,,,,,,,,,,,,,,,,,,,,,,
1769164107.713634,1769164107.714315,16.0,0.0,4374.358887,4304.871582,4228.077148,4300.897461,4304.487305,4295.512695,4310.256348,4323.974121,4312.307617,4306.025879,4612.307617,4586.410156,4460.769043,4552.820313,,,,,,,,,,,,,,,,,,,,,,,,,,,,,,,,,,,,,,,,,,,,,,,,,,,,,,,,,,,,,,,,,,,,,,
1769164107.721443,1769164107.722124,17.0,0.0,4372.436035,4295.897461,4220.384766,4296.410156,4304.615234,4294.230957,4308.077148,4325.0,4312.563965,4301.538574,4610.512695,4585.384766,4457.692383,4551.922852,,,,,,,,,,,,,,,,,,,,,,,,,,,,,,,,,,,,,,,,,,,,,,,,,,,,,,,,,,,,,,,,,,,,,,
1769164107.729251,1769164107.729832,18.0,0.0,4375.641113,4301.666504,4216.922852,4295.512695,4307.692383,4294.487305,4309.487305,4326.538574,4319.102539,4302.307617,4610.641113,4583.846191,4463.846191,4552.692383,,,,,,,,,,,,,,,,,,,,,,,,,,,,,,,,,,,,,,,,,,,,,,,,,,,,,,,,,,,,,,,,,,,,,,
1769164107.73706,1769164107.737641,19.0,0.0,4380.512695,4312.307617,4219.102539,4295.769043,4307.94873,4296.153809,4311.794922,4327.05127,4323.589844,4308.717773,4615.256348,4585.512695,4471.410156,4555.384766,,,,,,,,,,,,,,,,,,,,,,,,,,,,,,,,,,,,,,,,,,,,,,,,,,,,,,,,,,,,,,,,,,,,,,
1769164107.744868,1769164107.745649,20.0,0.0,4378.205078,4308.846191,4218.461426,4293.333496,4307.179688,4296.538574,4310.384766,4328.205078,4318.333496,4303.846191,4613.974121,4586.666504,4466.538574,4555.897461,,,,,,,,,,,,,,,,,,,,,,,,,,,,,,,,,,,,,,,,,,,,,,,,,,,,,,,,,,,,,,,,,,,,,,
1769164107.752677,1769164107.753457,21.0,0.0,4373.589844,4304.615234,4222.307617,4292.307617,4307.563965,4296.922852,4311.282227,4328.717773,4313.077148,4297.563965,4610.128418,4586.538574,4458.205078,4550.512695,,,,,,,,,,,,,,,,,,,,,,,,,,,,,,,,,,,,,,,,,,,,,,,,,,,,,,,,,,,,,,,,,,,,,,
1769164107.760485,1769164107.761166,22.0,0.0,4379.102539,4310.641113,4229.871582,4294.615234,4308.077148,4298.077148,4312.563965,4326.666504,4312.563965,4298.333496,4611.538574,4586.153809,4460.641113,4552.05127,,,,,,,,,,,,,,,,,,,,,,,,,,,,,,,,,,,,,,,,,,,,,,,,,,,,,,,,,,,,,,,,,,,,,,
1769164107.768294,1769164107.768974,23.0,0.0,4385.384766,4314.743652,4224.871582,4297.563965,4307.05127,4297.436035,4310.897461,4324.871582,4312.05127,4296.922852,4614.102539,4584.615234,4464.230957,4563.461426,,,,,,,,,,,,,,,,,,,,,,,,,,,,,,,,,,,,,,,,,,,,,,,,,,,,,,,,,,,,,,,,,,,,,,
1769164107.776102,1769164107.776583,24.0,0.0,4377.94873,4312.692383,4216.666504,4296.282227,4306.922852,4297.179688,4312.563965,4326.025879,4310.769043,4297.307617,4617.307617,4587.563965,4464.871582,4565.0,,,,,,,,,,,,,,,,,,,,,,,,,,,,,,,,,,,,,,,,,,,,,,,,,,,,,,,,,,,,,,,,,,,,,,
1769164107.78391,1769164107.784391,25.0,0.0,4376.538574,4311.282227,4224.615234,4294.871582,4308.717773,4298.205078,4312.692383,4327.05127,4316.153809,4305.256348,4619.871582,4593.461426,4468.589844,4556.794922,,,,,,,,,,,,,,,,,,,,,,,,,,,,,,,,,,,,,,,,,,,,,,,,,,,,,,,,,,,,,,,,,,,,,,
1769164107.791719,1769164107.7921,26.0,0.0,4381.922852,4312.307617,4232.179688,4298.846191,4309.743652,4292.94873,4307.563965,4324.358887,4319.102539,4306.282227,4616.922852,4590.512695,4467.820313,4553.077148,,,,,,,,,,,,,,,,,,,,,,,,,,,,,,,,,,,,,,,,,,,,,,,,,,,,,,,,,,,,,,,,,,,,,,
1769164107.799527,1769164107.799908,27.0,0.0,4373.077148,4312.94873,4220.0,4300.641113,4310.641113,4290.512695,4307.307617,4322.820313,4311.922852,4296.153809,4610.769043,4582.820313,4461.794922,4552.05127,,,,,,,,,,,,,,,,,,,,,,,,,,,,,,,,,,,,,,,,,,,,,,,,,,,,,,,,,,,,,,,,,,,,,,
1769164107.807336,1769164107.807917,28.0,0.0,4372.307617,4310.641113,4216.282227,4295.256348,4312.05127,4304.230957,4316.922852,4325.256348,4309.487305,4292.563965,4609.358887,4582.307617,4459.615234,4551.410156,,,,,,,,,,,,,,,,,,,,,,,,,,,,,,,,,,,,,,,,,,,,,,,,,,,,,,,,,,,,,,,,,,,,,,
1769164107.815144,1769164107.815725,29.0,0.0,4381.410156,4309.230957,4233.846191,4292.94873,4312.179688,4311.282227,4322.179688,4328.333496,4319.102539,4301.666504,4613.846191,4586.666504,4459.615234,4550.897461,,,,,,,,,,,,,,,,,,,,,,,,,,,,,,,,,,,,,,,,,,,,,,,,,,,,,,,,,,,,,,,,,,,,,,
1769164107.822953,1769164107.823633,30.0,0.0,4375.897461,4313.589844,4232.179688,4298.717773,4312.179688,4297.94873,4315.384766,4328.974121,4322.94873,4309.871582,4614.743652,4587.05127,4459.230957,4548.846191,1.182015,0.883852,0.482783,0.280407,0.141668,0.814414,0.468949,0.15198,0.123529,0.084109,1.06753,0.348704,0.322153,0.139786,0.101506,1.089065,0.377132,0.120085,0.074512,0.091108,0.148831,0.066404,0.081654,0.07285,0.03507,0.072678,0.615662,0.284633,0.064003,0.093646,0.052628,0.275912,0.129172,0.082073,0.052433,0.217481,0.52392,0.336508,0.124829,0.062968,0.300361,0.413936,0.412585,0.15943,0.068839,0.243919,0.679834,0.399355,0.158498,0.126522,0.53569,0.642222,0.63677,0.249706,0.138721,1.51165,1.043453,0.86046,0.244684,0.18984,0.576077,0.863181,0.422901,0.194038,0.133228,0.735291,0.79785,0.747711,0.347856,0.249591
1769164107.830761,1769164107.831442,31.0,0.0,4371.282227,4320.897461,4214.358887,4308.077148,4313.205078,4292.307617,4310.0,4328.717773,4320.0,4309.230957,4614.230957,4585.0,4463.333496,4550.641113,,,,,,,,,,,,,,,,,,,,,,,,,,,,,,,,,,,,,,,,,,,,,,,,,,,,,,,,,,,,,,,,,,,,,,
1769164107.83857,1769164107.83945,32.0,0.0,4377.179688,4321.538574,4221.794922,4309.230957,4313.974121,4305.0,4315.512695,4329.102539,4323.077148,4305.384766,4615.128418,4584.358887,4463.974121,4554.871582,,,,,,,,,,,,,,,,,,,,,,,,,,,,,,,,,,,,,,,,,,,,,,,,,,,,,,,,,,,,,,,,,,,,,,
1769164107.846378,1769164107.847259,33.0,0.0,4374.487305,4316.922852,4235.0,4303.461426,4313.077148,4309.743652,4317.692383,4329.487305,4320.897461,4304.871582,4612.692383,4584.102539,4459.230957,4550.769043,,,,,,,,,,,,,,,,,,,,,,,,,,,,,,,,,,,,,,,,,,,,,,,,,,,,,,,,,,,,,,,,,,,,,,
1769164107.854186,1769164107.854967,34.0,0.0,4379.102539,4321.666504,4231.666504,4304.871582,4312.307617,4301.666504,4312.436035,4327.563965,4314.615234,4308.205078,4613.846191,4585.641113,4467.820313,4550.641113,,,,,,,,,,,,,,,,,,,,,,,,,,,,,,,,,,,,,,,,,,,,,,,,,,,,,,,,,,,,,,,,,,,,,,
1769164107.861995,1769164107.862776,35.0,0.0,4390.128418,4324.871582,4228.846191,4309.358887,4311.025879,4301.922852,4315.128418,4326.666504,4314.102539,4305.641113,4618.205078,4586.666504,4475.0,4557.563965,,,,,,,,,,,,,,,,,,,,,,,,,,,,,,,,,,,,,,,,,,,,,,,,,,,,,,,,,,,,,,,,,,,,,,
1769164107.869803,1769164107.870384,36.0,0.0,4380.256348,4315.384766,4231.538574,4306.282227,4308.205078,4306.922852,4319.743652,4327.692383,4312.692383,4295.512695,4614.743652,4578.589844,4461.538574,4556.410156,,,,,,,,,,,,,,,,,,,,,,,,,,,,,,,,,,,,,,,,,,,,,,,,,,,,,,,,,,,,,,,,,,,,,,
1769164107.877612,1769164107.878193,37.0,0.0,4374.871582,4310.128418,4231.025879,4304.487305,4305.769043,4299.615234,4313.205078,4326.410156,4310.897461,4292.820313,4610.512695,4572.563965,4456.794922,4553.077148,,,,,,,,,,,,,,,,,,,,,,,,,,,,,,,,,,,,,,,,,,,,,,,,,,,,,,,,,,,,,,,,,,,,,,
1769164107.88542,1769164107.885901,38.0,0.0,4383.077148,4314.487305,4226.794922,4307.436035,4307.05127,4292.563965,4309.230957,4325.256348,4311.794922,4301.666504,4616.922852,4578.077148,4469.487305,4555.384766,,,,,,,,,,,,,,,,,,,,,,,,,,,,,,,,,,,,,,,,,,,,,,,,,,,,,,,,,,,,,,,,,,,,,,
1769164107.893229,1769164107.89371,39.0,0.0,4378.589844,4314.230957,4226.922852,4308.205078,4309.615234,4301.922852,4316.153809,4327.820313,4313.846191,4304.743652,4620.641113,4580.384766,4466.025879,4554.871582,,,,,,,,,,,,,,,,,,,,,,,,,,,,,,,,,,,,,,,,,,,,,,,,,,,,,,,,,,,,,,,,,,,,,,
1769164107.901037,1769164107.901318,40.0,0.0,4375.641113,4311.153809,4232.563965,4309.102539,4307.94873,4305.128418,4316.666504,4329.102539,4316.538574,4302.563965,4615.641113,4577.05127,4457.05127,4552.94873,,,,,,,,,,,,,,,,,,,,,,,,,,,,,,,,,,,,,,,,,,,,,,,,,,,,,,,,,,,,,,,,,,,,,,
1769164107.908846,1769164107.909127,41.0,0.0,4381.794922,4313.205078,4229.615234,4312.05127,4307.820313,4292.179688,4309.102539,4326.538574,4320.769043,4307.820313,4620.512695,4581.025879,4468.589844,4555.769043,,,,,,,,,,,,,,,,,,,,,,,,,,,,,,,,,,,,,,,,,,,,,,,,,,,,,,,,,,,,,,,,,,,,,,
1769164107.916654,1769164107.916835,42.0,0.0,4378.077148,4313.077148,4216.666504,4311.153809,4310.128418,4293.974121,4312.436035,4326.410156,4321.794922,4312.563965,4628.589844,4584.102539,4479.871582,4556.410156,,,,,,,,,,,,,,,,,,,,,,,,,,,,,,,,,,,,,,,,,,,,,,,,,,,,,,,,,,,,,,,,,,,,,,
1769164107.924462,1769164107.924644,43.0,0.0,4367.94873,4309.230957,4213.846191,4309.871582,4307.692383,4309.615234,4324.230957,4329.487305,4322.563965,4311.025879,4622.820313,4578.846191,4471.153809,4552.563965,,,,,,,,,,,,,,,,,,,,,,,,,,,,,,,,,,,,,,,,,,,,,,,,,,,,,,,,,,,,,,,,,,,,,,
1769164107.932271,1769164107.932652,44.0,0.0,4372.436035,4308.974121,4224.615234,4310.384766,4306.410156,4305.256348,4321.153809,4328.333496,4324.487305,4308.205078,4618.589844,4580.512695,4466.538574,4552.307617,,,,,,,,,,,,,,,,,,,,,,,,,,,,,,,,,,,,,,,,,,,,,,,,,,,,,,,,,,,,,,,,,,,,,,
1769164107.940079,1769164107.94046,45.0,0.0,4383.846191,4312.563965,4233.077148,4311.410156,4310.0,4291.025879,4310.0,4326.153809,4323.974121,4309.615234,4626.282227,4587.436035,4474.743652,4557.179688,,,,,,,,,,,,,,,,,,,,,,,,,,,,,,,,,,,,,,,,,,,,,,,,,,,,,,,,,,,,,,,,,,,,,,
1769164107.947888,1769164107.948369,46.0,0.0,4379.358887,4313.333496,4228.717773,4312.692383,4310.897461,4298.077148,4316.538574,4330.384766,4326.282227,4314.743652,4626.282227,4584.358887,4471.282227,4559.615234,1.239358,0.665699,0.4727,0.296853,0.15911,0.958736,0.364293,0.157943,0.156818,0.08209,1.019429,0.250422,0.275707,0.148617,0.103956,1.083831,0.29749,0.135744,0.081053,0.089682,0.172015,0.058347,0.078374,0.081957,0.03865,0.054952,0.466124,0.217162,0.058817,0.086185,0.059382,0.269363,0.156595,0.078712,0.055742,0.21224,0.517447,0.257722,0.11034,0.059674,0.269885,0.364904,0.35078,0.163354,0.066919,0.276721,0.589938,0.403922,0.202526,0.135829,0.521853,0.535254,0.58527,0.231357,0.162561,1.395702,0.839241,0.752282,0.207565,0.19355,0.567668,0.662759,0.406304,0.199631,0.133474,0.607437,0.620776,0.703536,0.326526,0.282984
1769164107.955696,1769164107.956177,47.0,0.0,4364.358887,4308.589844,4216.794922,4310.897461,4310.769043,4313.333496,4329.230957,4338.333496,4328.333496,4313.589844,4616.794922,4577.05127,4457.436035,4551.153809,,,,,,,,,,,,,,,,,,,,,,,,,,,,,,,,,,,,,,,,,,,,,,,,,,,,,,,,,,,,,,,,,,,,,,
1769164107.963505,1769164107.963786,48.0,0.0,4367.179688,4305.769043,4219.487305,4308.974121,4312.692383,4315.384766,4328.589844,4342.692383,4327.179688,4308.717773,4620.0,4578.846191,4456.025879,4543.589844,,,,,,,,,,,,,,,,,,,,,,,,,,,,,,,,,,,,,,,,,,,,,,,,,,,,,,,,,,,,,,,,,,,,,,
1769164107.971313,1769164107.971594,49.0,0.0,4384.102539,4313.846191,4234.487305,4316.410156,4312.307617,4304.615234,4323.846191,4342.307617,4328.717773,4314.358887,4631.538574,4587.692383,4468.717773,4550.512695,,,,,,,,,,,,,,,,,,,,,,,,,,,,,,,,,,,,,,,,,,,,,,,,,,,,,,,,,,,,,,,,,,,,,,
1769164107.979122,1769164107.979303,50.0,0.0,4385.384766,4322.94873,4235.0,4327.179688,4310.897461,4296.025879,4319.871582,4339.871582,4334.102539,4322.307617,4633.333496,4589.871582,4478.205078,4559.743652,,,,,,,,,,,,,,,,,,,,,,,,,,,,,,,,,,,,,,,,,,,,,,,,,,,,,,,,,,,,,,,,,,,,,,
1769164107.98693,1769164107.987111,51.0,0.0,4377.179688,4319.487305,4228.461426,4328.077148,4312.307617,4300.0,4318.461426,4339.230957,4336.666504,4316.666504,4628.589844,4585.384766,4474.743652,4557.563965,,,,,,,,,,,,,,,,,,,,,,,,,,,,,,,,,,,,,,,,,,,,,,,,,,,,,,,,,,,,,,,,,,,,,,
1769164107.994739,1769164107.99512,52.0,0.0,4382.436035,4316.282227,4232.436035,4325.769043,4312.820313,4306.794922,4323.974121,4343.461426,4332.307617,4308.717773,4628.205078,4583.461426,4464.230957,4552.692383,,,,,,,,,,,,,,,,,,,,,,,,,,,,,,,,,,,,,,,,,,,,,,,,,,,,,,,,,,,,,,,,,,,,,,
1769164108.002547,1769164108.002928,53.0,0.0,4389.358887,4319.743652,4235.641113,4327.05127,4312.05127,4299.871582,4324.358887,4339.743652,4326.922852,4308.333496,4627.307617,4586.025879,4459.871582,4553.333496,,,,,,,,,,,,,,,,,,,,,,,,,,,,,,,,,,,,,,,,,,,,,,,,,,,,,,,,,,,,,,,,,,,,,,
1769164108.010356,1769164108.010836,54.0,0.0,4385.128418,4316.282227,4232.179688,4326.666504,4310.0,4292.436035,4316.153809,4328.589844,4325.0,4308.589844,4621.282227,4582.307617,4461.666504,4553.333496,,,,,,,,,,,,,,,,,,,,,,,,,,,,,,,,,,,,,,,,,,,,,,,,,,,,,,,,,,,,,,,,,,,,,,
1769164108.018164,1769164108.018645,55.0,0.0,4381.794922,4309.743652,4233.461426,4324.743652,4308.333496,4301.922852,4317.307617,4330.512695,4324.871582,4307.307617,4617.563965,4573.589844,4459.871582,4552.563965,,,,,,,,,,,,,,,,,,,,,,,,,,,,,,,,,,,,,,,,,,,,,,,,,,,,,,,,,,,,,,,,,,,,,,
1769164108.025972,1769164108.026653,56.0,0.0,4381.794922,4312.820313,4233.077148,4322.436035,4309.871582,4311.538574,4326.025879,4336.025879,4324.871582,4302.692383,4615.0,4569.487305,4457.563965,4551.538574,,,,,,,,,,,,,,,,,,,,,,,,,,,,,,,,,,,,,,,,,,,,,,,,,,,,,,,,,,,,,,,,,,,,,,
1769164108.033781,1769164108.034462,57.0,0.0,4382.179688,4313.974121,4231.922852,4321.538574,4311.538574,4305.769043,4322.436035,4329.743652,4324.615234,4298.717773,4611.922852,4570.384766,4459.615234,4551.666504,,,,,,,,,,,,,,,,,,,,,,,,,,,,,,,,,,,,,,,,,,,,,,,,,,,,,,,,,,,,,,,,,,,,,,
1769164108.041589,1769164108.04227,58.0,0.0,4385.897461,4311.153809,4238.717773,4324.487305,4310.0,4296.538574,4315.0,4328.077148,4324.743652,4304.358887,4614.487305,4577.179688,4459.358887,4551.922852,,,,,,,,,,,,,,,,,,,,,,,,,,,,,,,,,,,,,,,,,,,,,,,,,,,,,,,,,,,,,,,,,,,,,,
1769164108.049398,1769164108.050078,59.0,0.0,4385.0,4317.436035,4244.871582,4326.282227,4308.974121,4298.077148,4318.077148,4335.128418,4325.128418,4309.102539,4619.102539,4585.769043,4460.0,4555.769043,,,,,,,,,,,,,,,,,,,,,,,,,,,,,,,,,,,,,,,,,,,,,,,,,,,,,,,,,,,,,,,,,,,,,,
1769164108.057206,1769164108.057687,60.0,0.0,4379.487305,4325.128418,4243.974121,4327.05127,4313.717773,4306.153809,4321.153809,4335.256348,4325.128418,4306.025879,4619.487305,4585.256348,4469.871582,4564.487305,,,,,,,,,,,,,,,,,,,,,,,,,,,,,,,,,,,,,,,,,,,,,,,,,,,,,,,,,,,,,,,,,,,,,,
1769164108.065015,1769164108.065496,61.0,0.0,4384.230957,4325.512695,4245.769043,4331.538574,4316.666504,4308.461426,4321.922852,4334.615234,4324.487305,4304.615234,4619.102539,4581.666504,4472.563965,4564.743652,,,,,,,,,,,,,,,,,,,,,,,,,,,,,,,,,,,,,,,,,,,,,,,,,,,,,,,,,,,,,,,,,,,,,,
1769164108.072823,1769164108.073204,62.0,0.0,4390.256348,4324.102539,4250.128418,4335.384766,4312.563965,4303.974121,4324.615234,4339.615234,4325.512695,4307.563965,4619.615234,4583.717773,4463.717773,4557.563965,1.304754,0.479929,0.475762,0.299912,0.173594,1.178315,0.269694,0.18027,0.189397,0.083091,1.007401,0.169611,0.228585,0.159951,0.106321,1.090513,0.230716,0.143413,0.091523,0.086273,0.186405,0.049027,0.077477,0.090074,0.042062,0.052259,0.336338,0.161978,0.058128,0.086328,0.066178,0.248124,0.190494,0.077197,0.057793,0.19638,0.471422,0.184749,0.099254,0.055323,0.247854,0.31739,0.286225,0.174127,0.066251,0.324817,0.52458,0.422888,0.24097,0.138339,0.509171,0.463537,0.535864,0.217309,0.178535,1.192371,0.655462,0.625293,0.173607,0.190611,0.52532,0.483356,0.408269,0.209604,0.131501,0.463278,0.499057,0.653077,0.303835,0.309027
1769164108.080632,1769164108.081013,63.0,0.0,4384.102539,4325.128418,4248.589844,4335.512695,4309.230957,4300.641113,4323.846191,4339.743652,4326.538574,4307.179688,4618.589844,4585.384766,4459.615234,4554.487305,,,,,,,,,,,,,,,,,,,,,,,,,,,,,,,,,,,,,,,,,,,,,,,,,,,,,,,,,,,,,,,,,,,,,,
1769164108.08844,1769164108.088621,64.0,0.0,4380.384766,4321.794922,4249.102539,4334.871582,4310.0,4303.077148,4322.05127,4335.769043,4325.128418,4304.487305,4618.333496,4583.205078,4461.025879,4554.487305,,,,,,,,,,,,,,,,,,,,,,,,,,,,,,,,,,,,,,,,,,,,,,,,,,,,,,,,,,,,,,,,,,,,,,
1769164108.096249,1769164108.09643,65.0,0.0,4382.820313,4315.128418,4251.410156,4329.743652,4310.512695,4305.641113,4326.025879,4334.615234,4324.871582,4303.461426,4618.205078,4580.0,4459.358887,4551.794922,,,,,,,,,,,,,,,,,,,,,,,,,,,,,,,,,,,,,,,,,,,,,,,,,,,,,,,,,,,,,,,,,,,,,,
1769164108.104057,1769164108.104138,66.0,0.0,4380.256348,4312.563965,4249.358887,4324.743652,4310.256348,4303.846191,4326.538574,4333.846191,4326.282227,4306.666504,4616.666504,4574.102539,4458.205078,4551.025879,,,,,,,,,,,,,,,,,,,,,,,,,,,,,,,,,,,,,,,,,,,,,,,,,,,,,,,,,,,,,,,,,,,,,,
1769164108.111865,1769164108.111947,67.0,0.0,4373.205078,4310.641113,4249.487305,4325.256348,4311.282227,4305.897461,4324.871582,4333.205078,4325.512695,4309.358887,4615.0,4570.641113,4460.512695,4553.333496,,,,,,,,,,,,,,,,,,,,,,,,,,,,,,,,,,,,,,,,,,,,,,,,,,,,,,,,,,,,,,,,,,,,,,
1769164108.119674,1769164108.119555,68.0,0.0,4371.153809,4310.897461,4251.410156,4327.05127,4311.794922,4312.179688,4329.358887,4337.94873,4325.512695,4307.94873,4615.512695,4575.897461,4458.846191,4551.666504,,,,,,,,,,,,,,,,,,,,,,,,,,,,,,,,,,,,,,,,,,,,,,,,,,,,,,,,,,,,,,,,,,,,,,
1769164108.127482,1769164108.127364,69.0,0.0,4377.94873,4316.794922,4253.974121,4327.307617,4312.179688,4308.846191,4329.743652,4344.102539,4328.333496,4308.077148,4618.205078,4582.820313,4457.692383,4552.179688,,,,,,,,,,,,,,,,,,,,,,,,,,,,,,,,,,,,,,,,,,,,,,,,,,,,,,,,,,,,,,,,,,,,,,
1769164108.135291,1769164108.135272,70.0,0.0,4383.333496,4321.666504,4258.974121,4327.692383,4312.820313,4295.769043,4322.436035,4341.538574,4327.820313,4309.871582,4619.358887,4581.538574,4460.256348,4556.666504,,,,,,,,,,,,,,,,,,,,,,,,,,,,,,,,,,,,,,,,,,,,,,,,,,,,,,,,,,,,,,,,,,,,,,
1769164108.143099,1769164108.143081,71.0,0.0,4382.05127,4319.358887,4264.102539,4330.0,4312.307617,4292.692383,4319.615234,4333.333496,4323.974121,4306.666504,4616.410156,4576.410156,4461.538574,4556.538574,,,,,,,,,,,,,,,,,,,,,,,,,,,,,,,,,,,,,,,,,,,,,,,,,,,,,,,,,,,,,,,,,,,,,,
1769164108.150908,1769164108.151089,72.0,0.0,4385.0,4317.94873,4267.563965,4335.769043,4312.05127,4302.94873,4324.871582,4332.94873,4322.94873,4302.820313,4614.743652,4578.077148,4459.743652,4555.256348,,,,,,,,,,,,,,,,,,,,,,,,,,,,,,,,,,,,,,,,,,,,,,,,,,,,,,,,,,,,,,,,,,,,,,
1769164108.158716,1769164108.158897,73.0,0.0,4392.179688,4317.94873,4271.794922,4341.153809,4312.563965,4307.05127,4329.358887,4339.743652,4325.128418,4305.384766,4619.615234,4584.230957,4460.0,4561.794922,,,,,,,,,,,,,,,,,,,,,,,,,,,,,,,,,,,,,,,,,,,,,,,,,,,,,,,,,,,,,,,,,,,,,,
1769164108.166525,1769164108.166806,74.0,0.0,4388.717773,4314.230957,4273.589844,4336.153809,4311.794922,4302.307617,4328.333496,4342.307617,4327.179688,4309.615234,4624.102539,4586.794922,4463.589844,4568.974121,,,,,,,,,,,,,,,,,,,,,,,,,,,,,,,,,,,,,,,,,,,,,,,,,,,,,,,,,,,,,,,,,,,,,,
1769164108.174333,1769164108.174614,75.0,0.0,4382.179688,4311.025879,4272.05127,4329.871582,4309.871582,4300.641113,4325.128418,4340.512695,4325.897461,4307.692383,4620.256348,4583.974121,4464.487305,4564.743652,,,,,,,,,,,,,,,,,,,,,,,,,,,,,,,,,,,,,,,,,,,,,,,,,,,,,,,,,,,,,,,,,,,,,,
1769164108.182141,1769164108.182223,76.0,0.0,4384.743652,4312.563965,4275.256348,4330.0,4309.743652,4305.769043,4328.205078,4341.025879,4321.410156,4302.692383,4614.102539,4578.077148,4458.205078,4554.743652,,,,,,,,,,,,,,,,,,,,,,,,,,,,,,,,,,,,,,,,,,,,,,,,,,,,,,,,,,,,,,,,,,,,,,
1769164108.18995,1769164108.190031,77.0,0.0,4387.820313,4313.846191,4282.179688,4331.410156,4311.153809,4310.384766,4332.94873,4344.487305,4321.794922,4304.871582,4618.333496,4579.615234,4458.589844,4555.0,,,,,,,,,,,,,,,,,,,,,,,,,,,,,,,,,,,,,,,,,,,,,,,,,,,,,,,,,,,,,,,,,,,,,,
1769164108.197758,1769164108.197939,78.0,0.0,4382.692383,4312.05127,4283.717773,4331.282227,4312.307617,4309.615234,4331.794922,4345.0,4327.563965,4313.205078,4628.717773,4588.846191,4471.410156,4564.743652,1.379715,0.365678,0.491077,0.28837,0.183335,1.412402,0.202619,0.216505,0.212473,0.086057,0.965154,0.117804,0.193628,0.175705,0.114306,1.081804,0.187212,0.144949,0.103306,0.081555,0.190489,0.040031,0.079541,0.096388,0.045145,0.06472,0.248303,0.126267,0.063049,0.099594,0.069195,0.216877,0.217141,0.079237,0.061127,0.173027,0.393212,0.13292,0.091071,0.051341,0.232859,0.27308,0.239162,0.189331,0.066976,0.381949,0.483216,0.45383,0.266561,0.135124,0.517005,0.424533,0.509684,0.207606,0.183322,0.978704,0.50633,0.519245,0.145894,0.183124,0.469065,0.350483,0.433579,0.22521,0.128511,0.346183,0.448825,0.604664,0.280557,0.315476
1769164108.205567,1769164108.205748,79.0,0.0,4378.461426,4312.820313,4281.794922,4332.307617,4313.333496,4309.102539,4330.769043,4343.333496,4328.846191,4314.615234,4628.205078,4588.589844,4471.282227,4568.846191,,,,,,,,,,,,,,,,,,,,,,,,,,,,,,,,,,,,,,,,,,,,,,,,,,,,,,,,,,,,,,,,,,,,,,
1769164108.213375,1769164108.213756,80.0,0.0,4387.820313,4320.384766,4284.487305,4334.102539,4313.333496,4309.358887,4328.589844,4342.05127,4326.153809,4309.358887,4622.692383,4581.025879,4463.846191,4568.846191,,,,,,,,,,,,,,,,,,,,,,,,,,,,,,,,,,,,,,,,,,,,,,,,,,,,,,,,,,,,,,,,,,,,,,
1769164108.221184,1769164108.221565,81.0,0.0,4398.846191,4322.94873,4288.589844,4334.102539,4312.94873,4305.897461,4323.461426,4338.974121,4326.410156,4309.871582,4625.512695,4578.589844,4474.358887,4573.333496,,,,,,,,,,,,,,,,,,,,,,,,,,,,,,,,,,,,,,,,,,,,,,,,,,,,,,,,,,,,,,,,,,,,,,
1769164108.228992,1769164108.229473,82.0,0.0,4394.102539,4314.871582,4288.846191,4335.769043,4314.102539,4304.487305,4321.410156,4335.0,4327.436035,4315.0,4628.333496,4580.641113,4478.589844,4572.179688,,,,,,,,,,,,,,,,,,,,,,,,,,,,,,,,,,,,,,,,,,,,,,,,,,,,,,,,,,,,,,,,,,,,,,
1769164108.236801,1769164108.237281,83.0,0.0,4380.256348,4310.512695,4291.025879,4334.102539,4312.563965,4305.641113,4323.333496,4335.512695,4327.179688,4313.333496,4625.641113,4580.256348,4464.230957,4563.717773,,,,,,,,,,,,,,,,,,,,,,,,,,,,,,,,,,,,,,,,,,,,,,,,,,,,,,,,,,,,,,,,,,,,,,
1769164108.244609,1769164108.24529,84.0,0.0,4380.256348,4312.563965,4295.641113,4329.230957,4307.692383,4300.512695,4323.846191,4337.436035,4328.077148,4309.358887,4623.461426,4577.563965,4460.128418,4558.974121,,,,,,,,,,,,,,,,,,,,,,,,,,,,,,,,,,,,,,,,,,,,,,,,,,,,,,,,,,,,,,,,,,,,,,
1769164108.252417,1769164108.253098,85.0,0.0,4390.769043,4312.05127,4297.05127,4327.820313,4306.282227,4297.692383,4322.94873,4337.563965,4327.692383,4310.384766,4622.307617,4579.487305,4466.922852,4562.436035,,,,,,,,,,,,,,,,,,,,,,,,,,,,,,,,,,,,,,,,,,,,,,,,,,,,,,,,,,,,,,,,,,,,,,
1769164108.260226,1769164108.260807,86.0,0.0,4385.769043,4307.820313,4293.077148,4326.025879,4306.410156,4306.922852,4327.692383,4340.769043,4325.128418,4307.563965,4617.307617,4577.820313,4461.666504,4567.436035,,,,,,,,,,,,,,,,,,,,,,,,,,,,,,,,,,,,,,,,,,,,,,,,,,,,,,,,,,,,,,,,,,,,,,
1769164108.268034,1769164108.268615,87.0,0.0,4374.358887,4305.0,4293.077148,4323.717773,4304.230957,4314.615234,4332.05127,4344.102539,4324.358887,4301.794922,4613.461426,4570.897461,4455.512695,4567.179688,,,,,,,,,,,,,,,,,,,,,,,,,,,,,,,,,,,,,,,,,,,,,,,,,,,,,,,,,,,,,,,,,,,,,,
1769164108.275843,1769164108.276224,88.0,0.0,4378.077148,4307.692383,4303.205078,4326.153809,4305.897461,4308.717773,4330.384766,4342.94873,4327.179688,4307.307617,4619.487305,4578.333496,4466.666504,4570.641113,,,,,,,,,,,,,,,,,,,,,,,,,,,,,,,,,,,,,,,,,,,,,,,,,,,,,,,,,,,,,,,,,,,,,,
1769164108.283651,1769164108.284032,89.0,0.0,4382.692383,4309.871582,4311.153809,4327.94873,4311.025879,4301.666504,4325.512695,4341.922852,4328.589844,4315.384766,4625.641113,4586.794922,4475.897461,4575.384766,,,,,,,,,,,,,,,,,,,,,,,,,,,,,,,,,,,,,,,,,,,,,,,,,,,,,,,,,,,,,,,,,,,,,,
1769164108.29146,1769164108.291741,90.0,0.0,4378.205078,4309.743652,4311.282227,4326.025879,4312.05127,4302.692383,4325.384766,4343.205078,4326.025879,4309.615234,4618.717773,4576.538574,4463.846191,4563.589844,,,,,,,,,,,,,,,,,,,,,,,,,,,,,,,,,,,,,,,,,,,,,,,,,,,,,,,,,,,,,,,,,,,,,,
1769164108.299268,1769164108.299549,91.0,0.0,4385.0,4314.358887,4318.205078,4333.333496,4311.282227,4306.922852,4327.179688,4343.077148,4326.025879,4304.102539,4613.205078,4572.307617,4455.512695,4551.153809,,,,,,,,,,,,,,,,,,,,,,,,,,,,,,,,,,,,,,,,,,,,,,,,,,,,,,,,,,,,,,,,,,,,,,
1769164108.307077,1769164108.307158,92.0,0.0,4394.230957,4323.589844,4328.077148,4342.307617,4312.820313,4305.512695,4326.794922,4344.615234,4328.846191,4309.743652,4621.666504,4584.230957,4471.794922,4563.717773,,,,,,,,,,,,,,,,,,,,,,,,,,,,,,,,,,,,,,,,,,,,,,,,,,,,,,,,,,,,,,,,,,,,,,
1769164108.314885,1769164108.314966,93.0,0.0,4385.897461,4322.94873,4327.436035,4339.743652,4313.077148,4302.820313,4328.717773,4344.871582,4327.436035,4312.05127,4625.384766,4583.205078,4478.589844,4575.769043,,,,,,,,,,,,,,,,,,,,,,,,,,,,,,,,,,,,,,,,,,,,,,,,,,,,,,,,,,,,,,,,,,,,,,
1769164108.322694,1769164108.322675,94.0,0.0,4377.179688,4313.717773,4328.333496,4334.615234,4309.871582,4306.282227,4327.94873,4341.666504,4325.128418,4304.871582,4617.563965,4571.538574,4462.05127,4561.794922,1.377528,0.313287,0.505823,0.264607,0.189633,1.577095,0.165083,0.261018,0.219037,0.090178,0.938182,0.09623,0.172672,0.19493,0.133356,1.044929,0.16483,0.147408,0.112053,0.076576,0.186634,0.032753,0.082868,0.098957,0.047363,0.088827,0.200766,0.107743,0.074175,0.129819,0.074608,0.182,0.224719,0.085425,0.069753,0.157328,0.305453,0.107569,0.083643,0.049449,0.234463,0.234534,0.219338,0.202588,0.06873,0.449566,0.453318,0.485272,0.274879,0.129935,0.549586,0.398824,0.508744,0.197633,0.177804,0.816771,0.388474,0.459922,0.123031,0.173719,0.425465,0.262502,0.483535,0.245501,0.128429,0.279712,0.445426,0.559723,0.255323,0.298297
1769164108.330502,1769164108.330483,95.0,0.0,4379.358887,4311.282227,4334.230957,4335.256348,4309.743652,4310.128418,4326.666504,4341.794922,4327.307617,4301.282227,4613.589844,4570.128418,4454.615234,4549.871582,,,,,,,,,,,,,,,,,,,,,,,,,,,,,,,,,,,,,,,,,,,,,,,,,,,,,,,,,,,,,,,,,,,,,,
1769164108.338311,1769164108.338491,96.0,0.0,4381.666504,4312.307617,4337.05127,4336.025879,4311.153809,4311.282227,4331.794922,4343.974121,4328.717773,4305.512695,4615.769043,4576.794922,4460.0,4558.717773,,,,,,,,,,,,,,,,,,,,,,,,,,,,,,,,,,,,,,,,,,,,,,,,,,,,,,,,,,,,,,,,,,,,,,
1769164108.346119,1769164108.3463,97.0,0.0,4382.436035,4313.974121,4340.512695,4337.179688,4308.846191,4310.0,4335.256348,4343.333496,4327.820313,4309.487305,4623.589844,4583.333496,4463.077148,4570.512695,,,,,,,,,,,,,,,,,,,,,,,,,,,,,,,,,,,,,,,,,,,,,,,,,,,,,,,,,,,,,,,,,,,,,,
1769164108.353927,1769164108.354208,98.0,0.0,4385.512695,4314.487305,4343.589844,4340.512695,4309.102539,4308.589844,4334.102539,4343.205078,4328.205078,4308.205078,4629.102539,4585.641113,4460.897461,4569.487305,,,,,,,,,,,,,,,,,,,,,,,,,,,,,,,,,,,,,,,,,,,,,,,,,,,,,,,,,,,,,,,,,,,,,,
1769164108.361736,1769164108.362017,99.0,0.0,4387.563965,4315.384766,4346.025879,4341.538574,4311.666504,4310.128418,4335.641113,4343.589844,4328.461426,4306.410156,4626.666504,4586.922852,4462.692383,4567.307617,,,,,,,,,,,,,,,,,,,,,,,,,,,,,,,,,,,,,,,,,,,,,,,,,,,,,,,,,,,,,,,,,,,,,,
1769164108.369544,1769164108.370025,100.0,0.0,4387.563965,4317.820313,4350.384766,4343.205078,4310.0,4311.025879,4335.641113,4343.974121,4328.205078,4310.256348,4625.897461,4589.487305,4468.974121,4572.179688,,,,,,,,,,,,,,,,,,,,,,,,,,,,,,,,,,,,,,,,,,,,,,,,,,,,,,,,,,,,,,,,,,,,,,
1769164108.377353,1769164108.377833,101.0,0.0,4383.077148,4317.563965,4350.641113,4344.102539,4310.128418,4306.666504,4330.769043,4345.512695,4331.025879,4312.436035,4626.794922,4583.205078,4465.897461,4568.461426,,,,,,,,,,,,,,,,,,,,,,,,,,,,,,,,,,,,,,,,,,,,,,,,,,,,,,,,,,,,,,,,,,,,,,
1769164108.385161,1769164108.385742,102.0,0.0,4377.820313,4312.179688,4346.922852,4341.538574,4313.077148,4303.461426,4331.666504,4349.230957,4335.641113,4309.230957,4624.358887,4579.871582,4459.871582,4561.666504,,,,,,,,,,,,,,,,,,,,,,,,,,,,,,,,,,,,,,,,,,,,,,,,,,,,,,,,,,,,,,,,,,,,,,
1769164108.39297,1769164108.39355,103.0,0.0,4383.333496,4310.0,4350.256348,4340.641113,4311.153809,4308.974121,4336.666504,4349.102539,4337.179688,4310.0,4626.025879,4588.205078,4463.205078,4568.077148,,,,,,,,,,,,,,,,,,,,,,,,,,,,,,,,,,,,,,,,,,,,,,,,,,,,,,,,,,,,,,,,,,,,,,
1769164108.400778,1769164108.401558,104.0,0.0,4391.666504,4317.820313,4353.589844,4343.333496,4309.615234,4309.230957,4334.358887,4344.615234,4333.589844,4313.589844,4630.128418,4593.461426,4465.769043,4572.820313,,,,,,,,,,,,,,,,,,,,,,,,,,,,,,,,,,,,,,,,,,,,,,,,,,,,,,,,,,,,,,,,,,,,,,
1769164108.408587,1769164108.409367,105.0,0.0,4383.333496,4317.563965,4345.512695,4343.077148,4310.897461,4304.102539,4332.179688,4345.128418,4327.820313,4311.922852,4625.897461,4585.256348,4459.487305,4563.974121,,,,,,,,,,,,,,,,,,,,,,,,,,,,,,,,,,,,,,,,,,,,,,,,,,,,,,,,,,,,,,,,,,,,,,
1769164108.416395,1769164108.417275,106.0,0.0,4374.615234,4307.692383,4341.282227,4338.717773,4308.717773,4305.512695,4334.230957,4347.05127,4326.666504,4307.820313,4621.794922,4577.436035,4457.692383,4562.436035,,,,,,,,,,,,,,,,,,,,,,,,,,,,,,,,,,,,,,,,,,,,,,,,,,,,,,,,,,,,,,,,,,,,,,
1769164108.424204,1769164108.425084,107.0,0.0,4389.487305,4311.922852,4352.179688,4342.05127,4305.512695,4307.820313,4332.179688,4344.230957,4332.436035,4309.102539,4626.410156,4581.282227,4462.307617,4573.846191,,,,,,,,,,,,,,,,,,,,,,,,,,,,,,,,,,,,,,,,,,,,,,,,,,,,,,,,,,,,,,,,,,,,,,
1769164108.432012,1769164108.432692,108.0,0.0,4402.436035,4319.615234,4358.717773,4347.820313,4305.512695,4306.025879,4331.025879,4344.358887,4337.179688,4311.794922,4630.641113,4586.282227,4462.820313,4579.615234,,,,,,,,,,,,,,,,,,,,,,,,,,,,,,,,,,,,,,,,,,,,,,,,,,,,,,,,,,,,,,,,,,,,,,
1769164108.43982,1769164108.440501,109.0,0.0,4390.256348,4314.615234,4351.282227,4345.128418,4307.692383,4308.589844,4336.410156,4349.230957,4337.436035,4311.794922,4628.717773,4584.871582,4459.358887,4567.563965,,,,,,,,,,,,,,,,,,,,,,,,,,,,,,,,,,,,,,,,,,,,,,,,,,,,,,,,,,,,,,,,,,,,,,
1769164108.447629,1769164108.448209,110.0,0.0,4377.307617,4308.974121,4346.666504,4340.384766,4309.743652,4313.589844,4341.410156,4351.794922,4338.205078,4311.922852,4624.871582,4581.153809,4456.153809,4553.589844,1.311526,0.288381,0.502592,0.23355,0.196025,1.605113,0.15027,0.312499,0.207165,0.094631,0.86554,0.099422,0.159612,0.212657,0.163645,0.957116,0.155688,0.1651,0.114179,0.072251,0.178182,0.028511,0.084637,0.095775,0.04797,0.117174,0.179904,0.100303,0.090314,0.176068,0.08066,0.149379,0.208679,0.09396,0.085949,0.155861,0.237859,0.105002,0.075559,0.05067,0.249089,0.208441,0.222458,0.206913,0.07067,0.513822,0.425064,0.500271,0.265227,0.126843,0.592993,0.3734,0.516052,0.182117,0.165886,0.722655,0.30339,0.445475,0.102609,0.164538,0.400123,0.206621,0.547217,0.266201,0.135604,0.265213,0.450227,0.510941,0.227541,0.261991
1769164108.455437,1769164108.456018,111.0,0.0,4381.025879,4312.179688,4346.794922,4341.282227,4308.846191,4311.282227,4342.05127,4349.358887,4337.05127,4311.538574,4627.563965,4581.153809,4459.743652,4560.641113,,,,,,,,,,,,,,,,,,,,,,,,,,,,,,,,,,,,,,,,,,,,,,,,,,,,,,,,,,,,,,,,,,,,,,
1769164108.463246,1769164108.464026,112.0,0.0,4386.025879,4312.307617,4346.025879,4343.333496,4308.333496,4307.436035,4338.846191,4348.077148,4333.846191,4310.128418,4632.05127,4583.461426,4463.717773,4572.692383,,,,,,,,,,,,,,,,,,,,,,,,,,,,,,,,,,,,,,,,,,,,,,,,,,,,,,,,,,,,,,,,,,,,,,
1769164108.471054,1769164108.471834,113.0,0.0,4381.410156,4310.769043,4349.358887,4343.846191,4310.641113,4310.769043,4340.128418,4347.307617,4333.205078,4310.384766,4628.846191,4583.589844,4458.333496,4565.897461,,,,,,,,,,,,,,,,,,,,,,,,,,,,,,,,,,,,,,,,,,,,,,,,,,,,,,,,,,,,,,,,,,,,,,
1769164108.478863,1769164108.479543,114.0,0.0,4380.769043,4316.410156,4353.974121,4344.102539,4311.794922,4313.717773,4341.666504,4347.307617,4332.436035,4311.922852,4628.589844,4584.615234,4464.615234,4566.922852,,,,,,,,,,,,,,,,,,,,,,,,,,,,,,,,,,,,,,,,,,,,,,,,,,,,,,,,,,,,,,,,,,,,,,
1769164108.486671,1769164108.487351,115.0,0.0,4388.846191,4322.179688,4356.410156,4345.641113,4310.641113,4307.563965,4334.743652,4345.769043,4328.589844,4308.205078,4632.05127,4584.230957,4473.974121,4574.615234,,,,,,,,,,,,,,,,,,,,,,,,,,,,,,,,,,,,,,,,,,,,,,,,,,,,,,,,,,,,,,,,,,,,,,
1769164108.49448,1769164108.49496,116.0,0.0,4393.461426,4322.436035,4358.077148,4350.641113,4310.0,4304.358887,4329.871582,4342.436035,4326.282227,4302.436035,4623.974121,4582.820313,4463.589844,4562.436035,,,,,,,,,,,,,,,,,,,,,,,,,,,,,,,,,,,,,,,,,,,,,,,,,,,,,,,,,,,,,,,,,,,,,,
1769164108.502288,1769164108.502769,117.0,0.0,4390.256348,4322.436035,4358.717773,4352.820313,4311.666504,4309.871582,4334.743652,4342.436035,4329.615234,4307.179688,4624.358887,4584.230957,4461.282227,4557.94873,,,,,,,,,,,,,,,,,,,,,,,,,,,,,,,,,,,,,,,,,,,,,,,,,,,,,,,,,,,,,,,,,,,,,,
1769164108.510096,1769164108.510477,118.0,0.0,4386.922852,4325.641113,4358.846191,4348.461426,4312.94873,4310.641113,4338.077148,4346.538574,4336.282227,4315.0,4638.333496,4587.563965,4476.794922,4573.333496,,,,,,,,,,,,,,,,,,,,,,,,,,,,,,,,,,,,,,,,,,,,,,,,,,,,,,,,,,,,,,,,,,,,,,
1769164108.517905,1769164108.518286,119.0,0.0,4391.538574,4327.307617,4363.846191,4350.641113,4311.538574,4309.102539,4337.692383,4350.384766,4340.897461,4312.692383,4638.846191,4585.769043,4478.077148,4575.384766,,,,,,,,,,,,,,,,,,,,,,,,,,,,,,,,,,,,,,,,,,,,,,,,,,,,,,,,,,,,,,,,,,,,,,
1769164108.525713,1769164108.526294,120.0,0.0,4400.769043,4327.563965,4371.666504,4357.436035,4310.512695,4311.666504,4337.563965,4349.230957,4340.256348,4309.102539,4635.256348,4584.102539,4471.025879,4570.384766,,,,,,,,,,,,,,,,,,,,,,,,,,,,,,,,,,,,,,,,,,,,,,,,,,,,,,,,,,,,,,,,,,,,,,
1769164108.533522,1769164108.534102,121.0,0.0,4399.743652,4328.333496,4372.563965,4354.871582,4310.641113,4310.0,4337.307617,4347.436035,4336.153809,4311.922852,4640.128418,4588.077148,4475.641113,4576.666504,,,,,,,,,,,,,,,,,,,,,,,,,,,,,,,,,,,,,,,,,,,,,,,,,,,,,,,,,,,,,,,,,,,,,,
1769164108.54133,1769164108.542011,122.0,0.0,4387.820313,4321.538574,4366.410156,4346.538574,4309.102539,4308.846191,4341.410156,4346.922852,4330.128418,4311.153809,4637.436035,4587.820313,4474.358887,4574.358887,,,,,,,,,,,,,,,,,,,,,,,,,,,,,,,,,,,,,,,,,,,,,,,,,,,,,,,,,,,,,,,,,,,,,,
1769164108.549139,1769164108.549819,123.0,0.0,4387.179688,4320.769043,4369.358887,4348.077148,4309.743652,4312.820313,4343.461426,4345.0,4327.820313,4307.307617,4635.128418,4587.05127,4471.794922,4568.461426,,,,,,,,,,,,,,,,,,,,,,,,,,,,,,,,,,,,,,,,,,,,,,,,,,,,,,,,,,,,,,,,,,,,,,
1769164108.556947,1769164108.557827,124.0,0.0,4402.94873,4333.846191,4381.794922,4356.666504,4312.179688,4310.512695,4336.666504,4343.205078,4328.589844,4309.743652,4642.820313,4592.820313,4479.358887,4579.230957,,,,,,,,,,,,,,,,,,,,,,,,,,,,,,,,,,,,,,,,,,,,,,,,,,,,,,,,,,,,,,,,,,,,,,
1769164108.564756,1769164108.565636,125.0,0.0,4402.563965,4336.153809,4382.563965,4354.487305,4311.153809,4308.974121,4337.05127,4341.410156,4326.666504,4311.666504,4639.102539,4591.666504,4478.589844,4578.205078,,,,,,,,,,,,,,,,,,,,,,,,,,,,,,,,,,,,,,,,,,,,,,,,,,,,,,,,,,,,,,,,,,,,,,
1769164108.572564,1769164108.573544,126.0,0.0,4381.922852,4322.05127,4372.05127,4342.307617,4311.410156,4313.461426,4341.666504,4343.717773,4330.384766,4309.615234,4627.179688,4584.743652,4471.538574,4558.589844,1.128535,0.264624,0.476886,0.201451,0.206184,1.474001,0.153151,0.373875,0.18095,0.098434,0.768959,0.118906,0.145645,0.22204,0.198397,0.817535,0.155085,0.210889,0.108546,0.069089,0.169412,0.029044,0.084258,0.086187,0.046377,0.144899,0.173744,0.098436,0.108572,0.231166,0.098022,0.125629,0.175531,0.101221,0.108049,0.175779,0.208743,0.116002,0.067592,0.054518,0.28522,0.195915,0.232934,0.19791,0.071279,0.568779,0.390272,0.485353,0.239971,0.128079,0.634848,0.343379,0.508795,0.159278,0.152736,0.678256,0.255541,0.451594,0.084132,0.157501,0.390651,0.168815,0.606696,0.280954,0.153016,0.279893,0.435256,0.452182,0.201474,0.217891
1769164108.580372,1769164108.581353,127.0,0.0,4373.333496,4315.641113,4369.102539,4338.589844,4313.589844,4311.538574,4339.102539,4349.102539,4341.538574,4310.897461,4629.743652,4588.077148,4471.666504,4555.256348,,,,,,,,,,,,,,,,,,,,,,,,,,,,,,,,,,,,,,,,,,,,,,,,,,,,,,,,,,,,,,,,,,,,,,
1769164108.588181,1769164108.588961,0.0,0.0,4384.102539,4321.282227,4375.384766,4345.384766,4310.897461,4307.692383,4337.692383,4351.794922,4344.358887,4315.897461,4637.692383,4595.128418,4476.153809,4568.077148,,,,,,,,,,,,,,,,,,,,,,,,,,,,,,,,,,,,,,,,,,,,,,,,,,,,,,,,,,,,,,,,,,,,,,
1769164108.59599,1769164108.59677,1.0,0.0,4393.846191,4325.0,4381.282227,4348.589844,4307.94873,4311.025879,4341.153809,4349.230957,4339.743652,4318.974121,4640.641113,4595.641113,4481.153809,4570.128418,,,,,,,,,,,,,,,,,,,,,,,,,,,,,,,,,,,,,,,,,,,,,,,,,,,,,,,,,,,,,,,,,,,,,,
1769164108.603798,1769164108.604678,2.0,0.0,4396.410156,4326.282227,4382.179688,4349.358887,4310.128418,4313.333496,4342.05127,4349.743652,4342.307617,4323.333496,4643.461426,4597.820313,4490.512695,4571.410156,,,,,,,,,,,,,,,,,,,,,,,,,,,,,,,,,,,,,,,,,,,,,,,,,,,,,,,,,,,,,,,,,,,,,,
1769164108.611606,1769164108.612486,3.0,0.0,4394.487305,4326.282227,4385.256348,4350.256348,4310.256348,4312.05127,4342.05127,4355.0,4345.897461,4324.487305,4647.179688,4603.589844,4492.179688,4578.077148,,,,,,,,,,,,,,,,,,,,,,,,,,,,,,,,,,,,,,,,,,,,,,,,,,,,,,,,,,,,,,,,,,,,,,
1769164108.619415,1769164108.620495,4.0,0.0,4389.358887,4325.512695,4389.615234,4349.615234,4308.717773,4312.692383,4342.179688,4356.025879,4342.436035,4315.256348,4643.717773,4600.384766,4480.384766,4573.589844,,,,,,,,,,,,,,,,,,,,,,,,,,,,,,,,,,,,,,,,,,,,,,,,,,,,,,,,,,,,,,,,,,,,,,
1769164108.627223,1769164108.628303,5.0,0.0,4386.666504,4325.256348,4388.974121,4353.205078,4311.282227,4313.461426,4342.05127,4355.384766,4338.717773,4308.589844,4634.871582,4588.589844,4474.358887,4564.743652,,,,,,,,,,,,,,,,,,,,,,,,,,,,,,,,,,,,,,,,,,,,,,,,,,,,,,,,,,,,,,,,,,,,,,
1769164108.635032,1769164108.636012,6.0,0.0,4392.692383,4326.282227,4390.769043,4357.820313,4312.692383,4312.563965,4343.717773,4356.538574,4339.230957,4312.820313,4633.846191,4586.153809,4476.538574,4561.410156,,,,,,,,,,,,,,,,,,,,,,,,,,,,,,,,,,,,,,,,,,,,,,,,,,,,,,,,,,,,,,,,,,,,,,
1769164108.64284,1769164108.64382,7.0,0.0,4397.563965,4327.436035,4396.410156,4356.153809,4312.179688,4315.256348,4343.717773,4357.05127,4341.282227,4315.0,4640.769043,4596.666504,4477.820313,4566.794922,,,,,,,,,,,,,,,,,,,,,,,,,,,,,,,,,,,,,,,,,,,,,,,,,,,,,,,,,,,,,,,,,,,,,,
1769164108.650649,1769164108.651429,8.0,0.0,4391.410156,4325.384766,4397.820313,4352.307617,4316.153809,4322.307617,4343.717773,4356.666504,4339.102539,4310.897461,4642.436035,4602.179688,4479.230957,4571.666504,,,,,,,,,,,,,,,,,,,,,,,,,,,,,,,,,,,,,,,,,,,,,,,,,,,,,,,,,,,,,,,,,,,,,,
1769164108.658457,1769164108.659237,9.0,0.0,4388.717773,4325.128418,4400.0,4354.615234,4322.692383,4320.256348,4343.846191,4358.077148,4337.436035,4310.384766,4638.717773,4599.615234,4480.128418,4572.820313,,,,,,,,,,,,,,,,,,,,,,,,,,,,,,,,,,,,,,,,,,,,,,,,,,,,,,,,,,,,,,,,,,,,,,
1769164108.666266,1769164108.667146,10.0,0.0,4397.05127,4327.820313,4404.743652,4358.333496,4324.102539,4309.615234,4340.897461,4359.102539,4339.871582,4313.205078,4641.410156,4600.897461,4480.512695,4579.358887,,,,,,,,,,,,,,,,,,,,,,,,,,,,,,,,,,,,,,,,,,,,,,,,,,,,,,,,,,,,,,,,,,,,,,
1769164108.674074,1769164108.674954,11.0,0.0,4395.384766,4325.641113,4403.974121,4355.512695,4321.153809,4307.436035,4338.974121,4357.94873,4339.615234,4313.846191,4643.717773,4599.615234,4480.512695,4581.282227,,,,,,,,,,,,,,,,,,,,,,,,,,,,,,,,,,,,,,,,,,,,,,,,,,,,,,,,,,,,,,,,,,,,,,
1769164108.681883,1769164108.682563,12.0,0.0,4385.641113,4321.794922,4404.358887,4351.153809,4318.974121,4310.256348,4339.358887,4357.436035,4337.563965,4311.153809,4636.025879,4593.974121,4476.025879,4570.384766,,,,,,,,,,,,,,,,,,,,,,,,,,,,,,,,,,,,,,,,,,,,,,,,,,,,,,,,,,,,,,,,,,,,,,
1769164108.689691,1769164108.690371,13.0,0.0,4391.025879,4324.102539,4410.769043,4353.717773,4319.615234,4308.846191,4340.512695,4357.820313,4339.230957,4307.563965,4632.307617,4597.820313,4470.512695,4571.538574,,,,,,,,,,,,,,,,,,,,,,,,,,,,,,,,,,,,,,,,,,,,,,,,,,,,,,,,,,,,,,,,,,,,,,
1769164108.697499,1769164108.69808,14.0,0.0,4399.358887,4329.871582,4415.897461,4356.922852,4319.230957,4308.589844,4342.179688,4361.538574,4341.666504,4311.025879,4639.743652,4603.333496,4474.102539,4584.358887,0.923934,0.238633,0.43873,0.175073,0.222448,1.222199,0.172209,0.44391,0.148392,0.100933,0.66976,0.147769,0.12851,0.218158,0.226557,0.661823,0.164455,0.284111,0.096883,0.067004,0.160678,0.035701,0.083223,0.071441,0.042484,0.166046,0.177078,0.101306,0.124805,0.282749,0.11887,0.118133,0.139332,0.103739,0.130524,0.208127,0.214916,0.131573,0.061277,0.059261,0.328548,0.188586,0.235951,0.176061,0.068978,0.596596,0.342924,0.440363,0.203621,0.132907,0.650987,0.304881,0.476084,0.132789,0.143136,0.636706,0.240468,0.453369,0.069958,0.155141,0.375011,0.142052,0.645481,0.284813,0.180671,0.306305,0.39211,0.389172,0.187403,0.18196
1769164108.705308,1769164108.705888,15.0,0.0,4391.410156,4325.384766,4413.205078,4352.820313,4315.897461,4310.256348,4341.922852,4363.333496,4341.666504,4315.384766,4644.487305,4600.256348,4478.461426,4579.102539,,,,,,,,,,,,,,,,,,,,,,,,,,,,,,,,,,,,,,,,,,,,,,,,,,,,,,,,,,,,,,,,,,,,,,
1769164108.713116,1769164108.713497,16.0,0.0,4380.256348,4313.589844,4408.333496,4346.666504,4313.974121,4310.897461,4343.333496,4360.384766,4337.820313,4311.410156,4637.820313,4598.205078,4474.615234,4567.436035,,,,,,,,,,,,,,,,,,,,,,,,,,,,,,,,,,,,,,,,,,,,,,,,,,,,,,,,,,,,,,,,,,,,,,
1769164108.720925,1769164108.721305,17.0,0.0,4384.358887,4312.820313,4417.307617,4349.487305,4316.666504,4312.179688,4350.0,4357.563965,4329.358887,4308.974121,4630.897461,4603.077148,4470.897461,4570.384766,,,,,,,,,,,,,,,,,,,,,,,,,,,,,,,,,,,,,,,,,,,,,,,,,,,,,,,,,,,,,,,,,,,,,,
1769164108.728733,1769164108.729214,18.0,0.0,4394.615234,4322.307617,4431.025879,4355.641113,4317.563965,4313.333496,4350.641113,4355.128418,4323.077148,4312.05127,4630.897461,4602.05127,4470.512695,4574.487305,,,,,,,,,,,,,,,,,,,,,,,,,,,,,,,,,,,,,,,,,,,,,,,,,,,,,,,,,,,,,,,,,,,,,,
1769164108.736542,1769164108.737022,19.0,0.0,4395.641113,4323.589844,4423.717773,4352.820313,4312.94873,4311.538574,4343.077148,4354.102539,4324.230957,4310.769043,4635.0,4593.846191,4470.769043,4573.589844,,,,,,,,,,,,,,,,,,,,,,,,,,,,,,,,,,,,,,,,,,,,,,,,,,,,,,,,,,,,,,,,,,,,,,
1769164108.74435,1769164108.74503,20.0,0.0,4389.487305,4317.820313,4409.743652,4348.205078,4309.871582,4305.769043,4339.102539,4351.666504,4327.05127,4308.846191,4636.922852,4592.05127,4472.436035,4571.538574,,,,,,,,,,,,,,,,,,,,,,,,,,,,,,,,,,,,,,,,,,,,,,,,,,,,,,,,,,,,,,,,,,,,,,
1769164108.752159,1769164108.752839,21.0,0.0,4380.769043,4317.179688,4416.922852,4348.077148,4311.025879,4302.307617,4339.871582,4345.897461,4326.282227,4311.666504,4634.615234,4593.846191,4475.256348,4571.153809,,,,,,,,,,,,,,,,,,,,,,,,,,,,,,,,,,,,,,,,,,,,,,,,,,,,,,,,,,,,,,,,,,,,,,
1769164108.759967,1769164108.760747,22.0,0.0,4380.512695,4320.0,4429.615234,4350.384766,4311.153809,4307.563965,4339.615234,4343.717773,4326.153809,4312.563965,4636.794922,4592.692383,4476.025879,4572.179688,,,,,,,,,,,,,,,,,,,,,,,,,,,,,,,,,,,,,,,,,,,,,,,,,,,,,,,,,,,,,,,,,,,,,,
1769164108.767775,1769164108.768555,23.0,0.0,4392.820313,4325.512695,4431.410156,4355.641113,4310.128418,4308.717773,4339.102539,4344.743652,4332.307617,4311.410156,4644.102539,4594.230957,4477.05127,4572.692383,,,,,,,,,,,,,,,,,,,,,,,,,,,,,,,,,,,,,,,,,,,,,,,,,,,,,,,,,,,,,,,,,,,,,,
1769164108.775584,1769164108.776564,24.0,0.0,4397.94873,4327.436035,4430.128418,4359.487305,4308.333496,4302.307617,4339.487305,4344.102539,4336.410156,4312.436035,4645.897461,4599.230957,4477.692383,4574.487305,,,,,,,,,,,,,,,,,,,,,,,,,,,,,,,,,,,,,,,,,,,,,,,,,,,,,,,,,,,,,,,,,,,,,,
1769164108.783392,1769164108.784372,25.0,0.0,4385.256348,4318.077148,4430.128418,4352.820313,4308.205078,4304.230957,4341.666504,4347.436035,4331.282227,4313.974121,4638.461426,4598.333496,4470.0,4572.563965,,,,,,,,,,,,,,,,,,,,,,,,,,,,,,,,,,,,,,,,,,,,,,,,,,,,,,,,,,,,,,,,,,,,,,
1769164108.791201,1769164108.79228,26.0,0.0,4372.307617,4308.589844,4424.487305,4342.563965,4308.589844,4312.692383,4343.717773,4350.897461,4326.153809,4308.974121,4628.974121,4590.256348,4458.974121,4563.205078,,,,,,,,,,,,,,,,,,,,,,,,,,,,,,,,,,,,,,,,,,,,,,,,,,,,,,,,,,,,,,,,,,,,,,
1769164108.799009,1769164108.800089,27.0,0.0,4369.102539,4308.205078,4418.974121,4340.0,4306.153809,4311.794922,4342.307617,4345.641113,4326.794922,4302.692383,4627.436035,4582.436035,4458.077148,4557.820313,,,,,,,,,,,,,,,,,,,,,,,,,,,,,,,,,,,,,,,,,,,,,,,,,,,,,,,,,,,,,,,,,,,,,,
1769164108.806818,1769164108.807897,28.0,0.0,4373.589844,4312.179688,4423.461426,4344.230957,4303.717773,4306.538574,4341.410156,4341.538574,4328.846191,4305.384766,4630.897461,4582.692383,4465.128418,4560.769043,,,,,,,,,,,,,,,,,,,,,,,,,,,,,,,,,,,,,,,,,,,,,,,,,,,,,,,,,,,,,,,,,,,,,,
1769164108.814626,1769164108.815706,29.0,0.0,4376.922852,4311.666504,4428.077148,4348.846191,4305.0,4313.589844,4344.230957,4343.846191,4325.128418,4305.128418,4625.769043,4582.94873,4461.153809,4555.128418,,,,,,,,,,,,,,,,,,,,,,,,,,,,,,,,,,,,,,,,,,,,,,,,,,,,,,,,,,,,,,,,,,,,,,
1769164108.822435,1769164108.823414,30.0,0.0,4374.615234,4311.153809,4427.179688,4351.153809,4306.794922,4320.128418,4345.384766,4344.487305,4317.820313,4291.025879,4617.179688,4580.769043,4450.897461,4547.820313,0.702945,0.212741,0.407022,0.160855,0.245479,0.931138,0.201653,0.513547,0.119343,0.102434,0.613245,0.173439,0.113835,0.201506,0.238269,0.523276,0.176476,0.368587,0.082983,0.065936,0.150538,0.049395,0.08348,0.054382,0.036823,0.176608,0.187023,0.111107,0.135047,0.316739,0.144335,0.130552,0.113905,0.099911,0.146192,0.241063,0.238832,0.147198,0.057498,0.06263,0.366027,0.176685,0.231438,0.146981,0.063313,0.588938,0.282242,0.379502,0.162246,0.138121,0.630459,0.257108,0.42613,0.108512,0.139579,0.575599,0.243263,0.438629,0.064043,0.159014,0.336701,0.124191,0.6567,0.276896,0.214585,0.324375,0.327727,0.342336,0.194582,0.168521
1769164108.830243,1769164108.831223,31.0,0.0,4380.897461,4323.974121,4430.0,4356.538574,4308.077148,4309.615234,4338.333496,4341.538574,4322.820313,4293.333496,4625.769043,4588.589844,4463.205078,4561.666504,,,,,,,,,,,,,,,,,,,,,,,,,,,,,,,,,,,,,,,,,,,,,,,,,,,,,,,,,,,,,,,,,,,,,,
1769164108.838051,1769164108.838831,32.0,0.0,4384.615234,4330.0,4431.282227,4356.666504,4309.102539,4303.333496,4334.871582,4342.94873,4332.820313,4315.256348,4636.025879,4594.487305,4477.05127,4576.025879,,,,,,,,,,,,,,,,,,,,,,,,,,,,,,,,,,,,,,,,,,,,,,,,,,,,,,,,,,,,,,,,,,,,,,
1769164108.84586,1769164108.84664,33.0,0.0,4370.384766,4315.897461,4427.692383,4347.05127,4306.153809,4308.717773,4340.769043,4347.94873,4330.0,4317.179688,4630.128418,4582.436035,4466.410156,4567.307617,,,,,,,,,,,,,,,,,,,,,,,,,,,,,,,,,,,,,,,,,,,,,,,,,,,,,,,,,,,,,,,,,,,,,,
1769164108.853668,1769164108.854348,34.0,0.0,4368.205078,4314.487305,4435.0,4350.0,4304.102539,4306.922852,4343.077148,4350.769043,4328.333496,4307.307617,4632.179688,4581.410156,4463.077148,4565.384766,,,,,,,,,,,,,,,,,,,,,,,,,,,,,,,,,,,,,,,,,,,,,,,,,,,,,,,,,,,,,,,,,,,,,,
1769164108.861477,1769164108.862157,35.0,0.0,4381.922852,4326.794922,4446.282227,4360.897461,4302.179688,4301.794922,4339.487305,4351.025879,4338.333496,4311.538574,4642.692383,4599.230957,4477.563965,4580.769043,,,,,,,,,,,,,,,,,,,,,,,,,,,,,,,,,,,,,,,,,,,,,,,,,,,,,,,,,,,,,,,,,,,,,,
1769164108.869285,1769164108.870165,36.0,0.0,4383.717773,4322.179688,4442.179688,4351.794922,4296.410156,4306.282227,4340.0,4347.436035,4336.153809,4313.333496,4636.410156,4598.974121,4471.794922,4580.641113,,,,,,,,,,,,,,,,,,,,,,,,,,,,,,,,,,,,,,,,,,,,,,,,,,,,,,,,,,,,,,,,,,,,,,
1769164108.877094,1769164108.877974,37.0,0.0,4380.384766,4317.820313,4437.307617,4342.563965,4294.487305,4308.717773,4342.563965,4342.692383,4324.871582,4307.179688,4625.641113,4583.461426,4455.512695,4565.384766,,,,,,,,,,,,,,,,,,,,,,,,,,,,,,,,,,,,,,,,,,,,,,,,,,,,,,,,,,,,,,,,,,,,,,
1769164108.884902,1769164108.885682,38.0,0.0,4380.0,4327.05127,4439.871582,4354.230957,4299.230957,4308.461426,4340.897461,4346.282227,4330.128418,4310.0,4633.461426,4582.94873,4466.922852,4563.589844,,,,,,,,,,,,,,,,,,,,,,,,,,,,,,,,,,,,,,,,,,,,,,,,,,,,,,,,,,,,,,,,,,,,,,
1769164108.892711,1769164108.893491,39.0,0.0,4376.153809,4327.05127,4442.820313,4360.769043,4304.871582,4311.282227,4341.922852,4350.897461,4336.153809,4314.487305,4643.589844,4592.307617,4481.282227,4570.128418,,,,,,,,,,,,,,,,,,,,,,,,,,,,,,,,,,,,,,,,,,,,,,,,,,,,,,,,,,,,,,,,,,,,,,
1769164108.900519,1769164108.901099,40.0,0.0,4382.94873,4323.846191,4450.512695,4357.94873,4304.358887,4307.94873,4341.922852,4345.641113,4327.820313,4310.128418,4640.769043,4600.384766,4477.05127,4575.769043,,,,,,,,,,,,,,,,,,,,,,,,,,,,,,,,,,,,,,,,,,,,,,,,,,,,,,,,,,,,,,,,,,,,,,
1769164108.908328,1769164108.908908,41.0,0.0,4398.974121,4330.256348,4459.871582,4361.282227,4300.128418,4303.077148,4338.461426,4342.563965,4327.563965,4308.974121,4639.102539,4600.641113,4474.102539,4579.487305,,,,,,,,,,,,,,,,,,,,,,,,,,,,,,,,,,,,,,,,,,,,,,,,,,,,,,,,,,,,,,,,,,,,,,
1769164108.916136,1769164108.916616,42.0,0.0,4397.563965,4330.641113,4458.589844,4362.05127,4297.563965,4307.307617,4340.769043,4348.589844,4335.769043,4311.794922,4641.153809,4592.05127,4476.794922,4575.512695,,,,,,,,,,,,,,,,,,,,,,,,,,,,,,,,,,,,,,,,,,,,,,,,,,,,,,,,,,,,,,,,,,,,,,
1769164108.923945,1769164108.924425,43.0,0.0,4381.282227,4321.410156,4453.589844,4355.384766,4297.436035,4310.512695,4344.871582,4350.897461,4333.333496,4312.563965,4640.897461,4590.128418,4475.512695,4564.871582,,,,,,,,,,,,,,,,,,,,,,,,,,,,,,,,,,,,,,,,,,,,,,,,,,,,,,,,,,,,,,,,,,,,,,
1769164108.931753,1769164108.932433,44.0,0.0,4377.94873,4318.717773,4455.512695,4354.102539,4294.615234,4303.717773,4342.94873,4345.769043,4326.922852,4308.589844,4638.846191,4600.769043,4473.461426,4566.538574,,,,,,,,,,,,,,,,,,,,,,,,,,,,,,,,,,,,,,,,,,,,,,,,,,,,,,,,,,,,,,,,,,,,,,
1769164108.939561,1769164108.940241,45.0,0.0,4388.461426,4323.717773,4460.512695,4358.589844,4294.487305,4299.871582,4339.615234,4343.077148,4326.922852,4306.282227,4636.538574,4603.461426,4475.512695,4574.230957,,,,,,,,,,,,,,,,,,,,,,,,,,,,,,,,,,,,,,,,,,,,,,,,,,,,,,,,,,,,,,,,,,,,,,
1769164108.94737,1769164108.94815,46.0,0.0,4388.077148,4320.0,4461.538574,4358.077148,4296.538574,4307.05127,4343.077148,4344.487305,4328.077148,4309.358887,4632.436035,4595.0,4472.94873,4565.897461,0.560224,0.196652,0.39204,0.165851,0.274337,0.680783,0.234245,0.563947,0.101826,0.104193,0.621653,0.186979,0.10768,0.179539,0.230248,0.42606,0.187719,0.438267,0.07096,0.066465,0.139283,0.069626,0.084914,0.038623,0.03064,0.174325,0.198345,0.125709,0.137108,0.32262,0.161357,0.159907,0.103637,0.090438,0.149489,0.268447,0.261067,0.162041,0.055606,0.062877,0.386941,0.157991,0.231237,0.118397,0.055595,0.552191,0.214299,0.320766,0.122394,0.139961,0.588083,0.204693,0.374611,0.092293,0.141537,0.504226,0.246649,0.404401,0.069923,0.167613,0.28195,0.115896,0.636934,0.260894,0.247213,0.343273,0.258233,0.328474,0.22657,0.18319
1769164108.955178,1769164108.955958,47.0,0.0,4378.717773,4309.358887,4460.384766,4354.102539,4291.282227,4312.563965,4347.307617,4347.94873,4331.922852,4311.410156,4633.974121,4594.743652,4470.641113,4557.563965,,,,,,,,,,,,,,,,,,,,,,,,,,,,,,,,,,,,,,,,,,,,,,,,,,,,,,,,,,,,,,,,,,,,,,
1769164108.962987,1769164108.963966,48.0,0.0,4382.05127,4308.974121,4461.794922,4353.717773,4288.589844,4310.769043,4344.102539,4350.512695,4336.282227,4311.538574,4642.563965,4603.333496,4475.769043,4569.230957,,,,,,,,,,,,,,,,,,,,,,,,,,,,,,,,,,,,,,,,,,,,,,,,,,,,,,,,,,,,,,,,,,,,,,
1769164108.970795,1769164108.971775,49.0,0.0,4388.974121,4314.871582,4465.0,4356.666504,4293.461426,4308.333496,4339.871582,4350.769043,4334.743652,4311.666504,4641.794922,4606.025879,4477.820313,4577.307617,,,,,,,,,,,,,,,,,,,,,,,,,,,,,,,,,,,,,,,,,,,,,,,,,,,,,,,,,,,,,,,,,,,,,,
1769164108.978604,1769164108.979683,50.0,0.0,4385.641113,4316.666504,4464.615234,4357.05127,4293.205078,4308.333496,4342.179688,4350.512695,4333.205078,4311.410156,4633.077148,4602.563965,4473.717773,4568.461426,,,,,,,,,,,,,,,,,,,,,,,,,,,,,,,,,,,,,,,,,,,,,,,,,,,,,,,,,,,,,,,,,,,,,,
1769164108.986412,1769164108.987492,51.0,0.0,4383.333496,4320.0,4464.615234,4355.641113,4291.153809,4307.563965,4343.205078,4347.307617,4333.974121,4312.307617,4636.794922,4601.538574,4475.0,4568.205078,,,,,,,,,,,,,,,,,,,,,,,,,,,,,,,,,,,,,,,,,,,,,,,,,,,,,,,,,,,,,,,,,,,,,,
1769164108.994221,1769164108.9951,52.0,0.0,4383.205078,4320.128418,4462.820313,4355.769043,4292.820313,4300.769043,4335.897461,4343.461426,4334.358887,4313.717773,4647.307617,4604.230957,4480.0,4574.871582,,,,,,,,,,,,,,,,,,,,,,,,,,,,,,,,,,,,,,,,,,,,,,,,,,,,,,,,,,,,,,,,,,,,,,
1769164109.002029,1769164109.002909,53.0,0.0,4380.897461,4312.05127,4459.358887,4356.922852,4290.0,4294.487305,4332.436035,4340.641113,4333.077148,4311.538574,4642.179688,4603.717773,4477.563965,4572.94873,,,,,,,,,,,,,,,,,,,,,,,,,,,,,,,,,,,,,,,,,,,,,,,,,,,,,,,,,,,,,,,,,,,,,,
1769164109.009838,1769164109.010617,54.0,0.0,4384.358887,4312.563965,4465.128418,4358.717773,4288.205078,4300.128418,4337.692383,4340.384766,4327.820313,4308.589844,4630.769043,4601.153809,4473.077148,4577.05127,,,,,,,,,,,,,,,,,,,,,,,,,,,,,,,,,,,,,,,,,,,,,,,,,,,,,,,,,,,,,,,,,,,,,,
1769164109.017646,1769164109.018426,55.0,0.0,4389.743652,4321.666504,4475.384766,4359.102539,4295.128418,4309.871582,4341.153809,4342.179688,4323.974121,4310.128418,4630.256348,4600.641113,4474.230957,4578.974121,,,,,,,,,,,,,,,,,,,,,,,,,,,,,,,,,,,,,,,,,,,,,,,,,,,,,,,,,,,,,,,,,,,,,,
1769164109.025454,1769164109.026034,56.0,0.0,4387.94873,4322.436035,4476.794922,4358.333496,4296.538574,4311.025879,4342.179688,4341.922852,4329.743652,4311.922852,4637.692383,4601.538574,4477.05127,4569.358887,,,,,,,,,,,,,,,,,,,,,,,,,,,,,,,,,,,,,,,,,,,,,,,,,,,,,,,,,,,,,,,,,,,,,,
1769164109.033263,1769164109.033843,57.0,0.0,4380.897461,4315.512695,4473.717773,4359.615234,4291.410156,4309.487305,4342.820313,4342.692383,4337.563965,4312.692383,4643.717773,4602.692383,4476.922852,4562.94873,,,,,,,,,,,,,,,,,,,,,,,,,,,,,,,,,,,,,,,,,,,,,,,,,,,,,,,,,,,,,,,,,,,,,,
1769164109.041071,1769164109.041551,58.0,0.0,4375.128418,4311.282227,4473.077148,4356.666504,4289.615234,4312.563965,4343.077148,4346.410156,4336.025879,4311.282227,4643.205078,4602.563965,4475.128418,4565.384766,,,,,,,,,,,,,,,,,,,,,,,,,,,,,,,,,,,,,,,,,,,,,,,,,,,,,,,,,,,,,,,,,,,,,,
1769164109.04888,1769164109.04936,59.0,0.0,4380.0,4310.384766,4474.230957,4348.846191,4285.256348,4314.358887,4342.179688,4350.128418,4331.538574,4307.94873,4640.0,4603.205078,4476.153809,4577.692383,,,,,,,,,,,,,,,,,,,,,,,,,,,,,,,,,,,,,,,,,,,,,,,,,,,,,,,,,,,,,,,,,,,,,,
1769164109.056688,1769164109.057368,60.0,0.0,4390.0,4310.384766,4476.794922,4348.846191,4279.743652,4310.384766,4341.410156,4352.179688,4337.692383,4310.0,4640.641113,4607.179688,4477.94873,4587.179688,,,,,,,,,,,,,,,,,,,,,,,,,,,,,,,,,,,,,,,,,,,,,,,,,,,,,,,,,,,,,,,,,,,,,,
1769164109.064497,1769164109.065177,61.0,0.0,4385.897461,4309.487305,4477.436035,4353.717773,4281.666504,4304.615234,4341.282227,4349.230957,4344.871582,4314.615234,4642.436035,4607.05127,4475.897461,4577.307617,,,,,,,,,,,,,,,,,,,,,,,,,,,,,,,,,,,,,,,,,,,,,,,,,,,,,,,,,,,,,,,,,,,,,,
1769164109.072305,1769164109.073085,62.0,0.0,4374.230957,4308.846191,4475.256348,4352.307617,4284.102539,4302.307617,4340.256348,4345.897461,4337.692383,4313.461426,4640.897461,4602.563965,4476.794922,4565.641113,0.465263,0.200563,0.3903,0.196184,0.305455,0.513942,0.262052,0.578407,0.099302,0.108145,0.710296,0.185207,0.109774,0.164205,0.207379,0.375731,0.197934,0.470978,0.065198,0.069837,0.136509,0.09399,0.085452,0.0272,0.025356,0.163474,0.206588,0.13929,0.13101,0.298707,0.167532,0.197968,0.106159,0.078012,0.139279,0.292978,0.269118,0.176551,0.053592,0.059648,0.386197,0.145396,0.253677,0.097261,0.048686,0.495311,0.154404,0.277891,0.091453,0.136745,0.535667,0.159196,0.33783,0.090013,0.147009,0.437807,0.239763,0.355537,0.089802,0.176844,0.227833,0.12071,0.589441,0.245057,0.270857,0.365957,0.204058,0.351753,0.278973,0.220677
1769164109.080114,1769164109.080893,63.0,0.0,4371.922852,4308.589844,4476.025879,4350.256348,4280.769043,4307.179688,4342.692383,4345.512695,4326.794922,4306.410156,4635.641113,4601.025879,4476.538574,4567.820313,,,,,,,,,,,,,,,,,,,,,,,,,,,,,,,,,,,,,,,,,,,,,,,,,,,,,,,,,,,,,,,,,,,,,,
1769164109.087922,1769164109.088502,64.0,0.0,4376.282227,4309.487305,4478.589844,4353.333496,4280.641113,4311.410156,4344.358887,4344.615234,4323.589844,4304.871582,4631.025879,4603.077148,4471.538574,4570.641113,,,,,,,,,,,,,,,,,,,,,,,,,,,,,,,,,,,,,,,,,,,,,,,,,,,,,,,,,,,,,,,,,,,,,,
1769164109.09573,1769164109.09631,65.0,0.0,4381.025879,4314.487305,4478.974121,4355.641113,4286.153809,4302.94873,4338.461426,4342.436035,4327.307617,4310.0,4636.410156,4606.538574,4480.0,4573.974121,,,,,,,,,,,,,,,,,,,,,,,,,,,,,,,,,,,,,,,,,,,,,,,,,,,,,,,,,,,,,,,,,,,,,,
1769164109.103539,1769164109.104019,66.0,0.0,4381.922852,4318.717773,4476.410156,4358.077148,4287.307617,4292.307617,4333.846191,4343.974121,4330.512695,4312.94873,4643.717773,4606.282227,4492.692383,4578.333496,,,,,,,,,,,,,,,,,,,,,,,,,,,,,,,,,,,,,,,,,,,,,,,,,,,,,,,,,,,,,,,,,,,,,,
1769164109.111347,1769164109.111827,67.0,0.0,4375.897461,4320.897461,4475.128418,4360.769043,4283.205078,4297.05127,4337.692383,4346.025879,4330.128418,4311.282227,4639.487305,4601.410156,4484.487305,4566.538574,,,,,,,,,,,,,,,,,,,,,,,,,,,,,,,,,,,,,,,,,,,,,,,,,,,,,,,,,,,,,,,,,,,,,,
1769164109.119156,1769164109.119436,68.0,0.0,4370.641113,4320.128418,4478.205078,4358.461426,4281.282227,4306.410156,4341.153809,4342.436035,4326.666504,4307.820313,4630.384766,4597.307617,4467.94873,4551.410156,,,,,,,,,,,,,,,,,,,,,,,,,,,,,,,,,,,,,,,,,,,,,,,,,,,,,,,,,,,,,,,,,,,,,,
1769164109.126964,1769164109.127245,69.0,0.0,4372.179688,4313.846191,4481.794922,4354.743652,4281.153809,4307.307617,4341.153809,4341.410156,4326.410156,4305.769043,4627.820313,4600.769043,4466.025879,4555.128418,,,,,,,,,,,,,,,,,,,,,,,,,,,,,,,,,,,,,,,,,,,,,,,,,,,,,,,,,,,,,,,,,,,,,,
1769164109.134773,1769164109.135153,70.0,0.0,4369.487305,4307.820313,4478.846191,4351.025879,4279.615234,4306.538574,4342.436035,4347.179688,4331.410156,4307.820313,4631.666504,4603.589844,4473.205078,4566.922852,,,,,,,,,,,,,,,,,,,,,,,,,,,,,,,,,,,,,,,,,,,,,,,,,,,,,,,,,,,,,,,,,,,,,,
1769164109.142581,1769164109.142961,71.0,0.0,4366.153809,4310.512695,4473.333496,4349.358887,4278.846191,4307.563965,4341.794922,4351.410156,4332.820313,4312.307617,4636.153809,4597.820313,4478.846191,4573.589844,,,,,,,,,,,,,,,,,,,,,,,,,,,,,,,,,,,,,,,,,,,,,,,,,,,,,,,,,,,,,,,,,,,,,,
1769164109.15039,1769164109.15097,72.0,0.0,4371.922852,4312.179688,4478.589844,4352.436035,4279.871582,4310.256348,4342.05127,4350.512695,4329.615234,4310.256348,4632.94873,4593.205078,4477.179688,4564.358887,,,,,,,,,,,,,,,,,,,,,,,,,,,,,,,,,,,,,,,,,,,,,,,,,,,,,,,,,,,,,,,,,,,,,,
1769164109.158198,1769164109.158778,73.0,0.0,4380.897461,4311.666504,4491.153809,4356.410156,4279.230957,4309.743652,4344.743652,4345.769043,4324.230957,4305.256348,4627.307617,4599.487305,4470.256348,4552.94873,,,,,,,,,,,,,,,,,,,,,,,,,,,,,,,,,,,,,,,,,,,,,,,,,,,,,,,,,,,,,,,,,,,,,,
1769164109.166006,1769164109.166686,74.0,0.0,4389.102539,4317.307617,4496.153809,4360.0,4278.717773,4298.077148,4342.307617,4344.615234,4326.538574,4307.436035,4635.0,4611.666504,4473.205078,4566.538574,,,,,,,,,,,,,,,,,,,,,,,,,,,,,,,,,,,,,,,,,,,,,,,,,,,,,,,,,,,,,,,,,,,,,,
1769164109.173815,1769164109.174495,75.0,0.0,4387.05127,4318.077148,4488.846191,4359.871582,4281.666504,4289.487305,4338.333496,4349.230957,4342.94873,4312.94873,4647.05127,4614.487305,4482.692383,4582.692383,,,,,,,,,,,,,,,,,,,,,,,,,,,,,,,,,,,,,,,,,,,,,,,,,,,,,,,,,,,,,,,,,,,,,,
1769164109.181623,1769164109.182503,76.0,0.0,4367.692383,4310.641113,4478.077148,4350.0,4283.974121,4298.461426,4338.717773,4353.974121,4355.256348,4313.077148,4639.743652,4600.769043,4479.871582,4568.846191,,,,,,,,,,,,,,,,,,,,,,,,,,,,,,,,,,,,,,,,,,,,,,,,,,,,,,,,,,,,,,,,,,,,,,
1769164109.189432,1769164109.190311,77.0,0.0,4350.512695,4303.589844,4469.743652,4339.871582,4281.666504,4303.077148,4337.94873,4350.384766,4348.846191,4307.692383,4622.692383,4584.358887,4470.128418,4546.666504,,,,,,,,,,,,,,,,,,,,,,,,,,,,,,,,,,,,,,,,,,,,,,,,,,,,,,,,,,,,,,,,,,,,,,
1769164109.19724,1769164109.19802,78.0,0.0,4360.128418,4306.410156,4474.871582,4347.179688,4278.846191,4298.717773,4337.05127,4343.846191,4339.230957,4307.820313,4629.358887,4588.333496,4475.128418,4552.692383,0.433902,0.22166,0.389351,0.253737,0.334855,0.423448,0.277807,0.552585,0.110343,0.116487,0.778674,0.169819,0.116386,0.165951,0.179773,0.360843,0.203484,0.458485,0.069298,0.077333,0.146277,0.118183,0.084067,0.02223,0.022053,0.148516,0.209812,0.150941,0.118593,0.253583,0.157291,0.235247,0.116125,0.065924,0.119423,0.321544,0.261277,0.188801,0.049812,0.054285,0.371819,0.156597,0.303952,0.086067,0.046407,0.437109,0.117998,0.254228,0.074605,0.130595,0.485116,0.132718,0.324782,0.103362,0.154951,0.385227,0.220036,0.301132,0.122865,0.183872,0.197306,0.13656,0.525169,0.23634,0.281835,0.408855,0.179703,0.403322,0.338046,0.268844
1769164109.205049,1769164109.205828,79.0,0.0,4377.05127,4315.512695,4491.282227,4357.820313,4278.589844,4301.282227,4338.589844,4343.205078,4342.563965,4313.077148,4644.743652,4601.794922,4484.230957,4564.615234,,,,,,,,,,,,,,,,,,,,,,,,,,,,,,,,,,,,,,,,,,,,,,,,,,,,,,,,,,,,,,,,,,,,,,
1769164109.212857,1769164109.213437,80.0,0.0,4371.410156,4315.128418,4490.641113,4351.153809,4278.205078,4302.179688,4336.794922,4342.563965,4343.589844,4309.230957,4635.384766,4598.333496,4476.025879,4555.641113,,,,,,,,,,,,,,,,,,,,,,,,,,,,,,,,,,,,,,,,,,,,,,,,,,,,,,,,,,,,,,,,,,,,,,
1769164109.220666,1769164109.221246,81.0,0.0,4362.05127,4308.333496,4475.897461,4340.384766,4277.94873,4297.179688,4335.256348,4340.256348,4339.102539,4303.077148,4627.179688,4593.205078,4469.358887,4553.974121,,,,,,,,,,,,,,,,,,,,,,,,,,,,,,,,,,,,,,,,,,,,,,,,,,,,,,,,,,,,,,,,,,,,,,
1769164109.228474,1769164109.228954,82.0,0.0,4363.333496,4308.205078,4474.230957,4340.641113,4279.358887,4302.05127,4340.769043,4343.333496,4341.153809,4307.94873,4641.922852,4602.05127,4477.436035,4570.256348,,,,,,,,,,,,,,,,,,,,,,,,,,,,,,,,,,,,,,,,,,,,,,,,,,,,,,,,,,,,,,,,,,,,,,
1769164109.236283,1769164109.236763,83.0,0.0,4360.512695,4310.256348,4478.077148,4345.384766,4280.512695,4311.282227,4344.358887,4343.846191,4344.358887,4312.307617,4648.846191,4601.538574,4481.025879,4571.025879,,,,,,,,,,,,,,,,,,,,,,,,,,,,,,,,,,,,,,,,,,,,,,,,,,,,,,,,,,,,,,,,,,,,,,
1769164109.244091,1769164109.244371,84.0,0.0,4358.077148,4311.282227,4477.820313,4348.717773,4280.641113,4306.153809,4340.128418,4341.025879,4342.307617,4307.307617,4639.230957,4590.384766,4476.410156,4555.512695,,,,,,,,,,,,,,,,,,,,,,,,,,,,,,,,,,,,,,,,,,,,,,,,,,,,,,,,,,,,,,,,,,,,,,
1769164109.2519,1769164109.25218,85.0,0.0,4372.692383,4315.897461,4486.794922,4355.769043,4280.641113,4294.487305,4337.307617,4347.179688,4342.692383,4309.743652,4640.0,4594.871582,4476.025879,4551.666504,,,,,,,,,,,,,,,,,,,,,,,,,,,,,,,,,,,,,,,,,,,,,,,,,,,,,,,,,,,,,,,,,,,,,,
1769164109.259708,1769164109.259888,86.0,0.0,4386.794922,4316.025879,4497.05127,4356.794922,4277.05127,4295.512695,4338.333496,4351.538574,4342.563965,4311.922852,4642.05127,4605.0,4476.794922,4557.563965,,,,,,,,,,,,,,,,,,,,,,,,,,,,,,,,,,,,,,,,,,,,,,,,,,,,,,,,,,,,,,,,,,,,,,
1769164109.267516,1769164109.267697,87.0,0.0,4376.282227,4308.974121,4491.410156,4346.794922,4274.230957,4306.922852,4340.769043,4343.461426,4336.666504,4300.641113,4634.487305,4601.282227,4477.05127,4562.05127,,,,,,,,,,,,,,,,,,,,,,,,,,,,,,,,,,,,,,,,,,,,,,,,,,,,,,,,,,,,,,,,,,,,,,
1769164109.275325,1769164109.275705,88.0,0.0,4363.333496,4306.794922,4484.487305,4345.0,4280.128418,4306.410156,4338.717773,4338.461426,4335.512695,4297.820313,4635.512695,4599.230957,4478.589844,4568.589844,,,,,,,,,,,,,,,,,,,,,,,,,,,,,,,,,,,,,,,,,,,,,,,,,,,,,,,,,,,,,,,,,,,,,,
1769164109.283133,1769164109.283513,89.0,0.0,4373.077148,4313.846191,4490.384766,4355.384766,4286.282227,4293.974121,4333.974121,4344.102539,4339.230957,4304.102539,4641.922852,4604.743652,4477.820313,4572.179688,,,,,,,,,,,,,,,,,,,,,,,,,,,,,,,,,,,,,,,,,,,,,,,,,,,,,,,,,,,,,,,,,,,,,,
1769164109.290942,1769164109.291422,90.0,0.0,4385.769043,4319.615234,4493.333496,4359.743652,4284.871582,4293.205078,4333.077148,4344.743652,4338.077148,4301.153809,4639.102539,4598.846191,4475.641113,4567.563965,,,,,,,,,,,,,,,,,,,,,,,,,,,,,,,,,,,,,,,,,,,,,,,,,,,,,,,,,,,,,,,,,,,,,,
1769164109.29875,1769164109.29923,91.0,0.0,4377.05127,4314.102539,4484.102539,4352.179688,4281.282227,4296.410156,4334.743652,4337.563965,4335.128418,4294.230957,4631.410156,4585.769043,4474.743652,4556.282227,,,,,,,,,,,,,,,,,,,,,,,,,,,,,,,,,,,,,,,,,,,,,,,,,,,,,,,,,,,,,,,,,,,,,,
1769164109.306559,1769164109.306839,92.0,0.0,4368.974121,4307.820313,4479.358887,4349.871582,4281.153809,4296.282227,4337.820313,4337.179688,4335.641113,4295.256348,4630.512695,4585.897461,4473.974121,4550.641113,,,,,,,,,,,,,,,,,,,,,,,,,,,,,,,,,,,,,,,,,,,,,,,,,,,,,,,,,,,,,,,,,,,,,,
1769164109.314367,1769164109.314647,93.0,0.0,4376.410156,4312.307617,4489.743652,4355.641113,4282.05127,4303.333496,4341.666504,4343.589844,4337.820313,4302.05127,4637.692383,4597.94873,4476.410156,4563.717773,,,,,,,,,,,,,,,,,,,,,,,,,,,,,,,,,,,,,,,,,,,,,,,,,,,,,,,,,,,,,,,,,,,,,,
1769164109.322176,1769164109.322356,94.0,0.0,4371.538574,4308.205078,4496.282227,4351.538574,4280.897461,4311.153809,4343.333496,4345.641113,4338.974121,4305.769043,4642.05127,4600.897461,4480.128418,4570.897461,0.421738,0.250914,0.378603,0.331727,0.359171,0.389103,0.285191,0.496059,0.129885,0.129903,0.858017,0.147103,0.12195,0.187829,0.157488,0.365737,0.206029,0.410455,0.083909,0.088836,0.167933,0.139174,0.081123,0.024417,0.02122,0.13543,0.211186,0.165929,0.104327,0.202602,0.134794,0.262133,0.12817,0.056518,0.096707,0.359573,0.244537,0.197011,0.044386,0.048839,0.352725,0.2022,0.372478,0.081971,0.052193,0.385438,0.111669,0.245554,0.071844,0.125729,0.436272,0.130596,0.337065,0.127122,0.165907,0.342999,0.189598,0.253245,0.163259,0.1889,0.190833,0.158989,0.460572,0.236648,0.281658,0.469417,0.186804,0.469544,0.389062,0.315288
1769164109.329984,1769164109.330164,95.0,0.0,4354.487305,4294.871582,4483.974121,4339.487305,4278.077148,4305.384766,4339.743652,4342.820313,4338.333496,4306.538574,4636.410156,4590.897461,4477.692383,4557.692383,,,,,,,,,,,,,,,,,,,,,,,,,,,,,,,,,,,,,,,,,,,,,,,,,,,,,,,,,,,,,,,,,,,,,,
1769164109.337793,1769164109.338172,96.0,0.0,4352.436035,4292.563965,4473.589844,4339.358887,4276.794922,4299.615234,4338.717773,4343.333496,4334.230957,4305.769043,4629.871582,4583.589844,4473.846191,4548.846191,,,,,,,,,,,,,,,,,,,,,,,,,,,,,,,,,,,,,,,,,,,,,,,,,,,,,,,,,,,,,,,,,,,,,,
1769164109.345601,1769164109.345981,97.0,0.0,4359.102539,4295.641113,4473.846191,4347.692383,4279.487305,4305.641113,4341.794922,4341.794922,4327.307617,4301.538574,4629.871582,4585.256348,4474.358887,4553.589844,,,,,,,,,,,,,,,,,,,,,,,,,,,,,,,,,,,,,,,,,,,,,,,,,,,,,,,,,,,,,,,,,,,,,,
1769164109.353409,1769164109.353889,98.0,0.0,4363.205078,4301.153809,4475.256348,4350.0,4285.384766,4306.538574,4339.358887,4335.256348,4324.743652,4297.563965,4628.077148,4588.205078,4474.743652,4560.897461,,,,,,,,,,,,,,,,,,,,,,,,,,,,,,,,,,,,,,,,,,,,,,,,,,,,,,,,,,,,,,,,,,,,,,
1769164109.361218,1769164109.361698,99.0,0.0,4375.256348,4320.256348,4485.256348,4361.410156,4297.692383,4303.846191,4337.179688,4340.256348,4335.769043,4310.0,4633.717773,4599.743652,4481.282227,4570.641113,,,,,,,,,,,,,,,,,,,,,,,,,,,,,,,,,,,,,,,,,,,,,,,,,,,,,,,,,,,,,,,,,,,,,,
1769164109.369026,1769164109.369706,100.0,0.0,4393.589844,4340.769043,4508.205078,4386.922852,4315.256348,4317.820313,4345.0,4356.410156,4352.820313,4332.436035,4655.512695,4625.0,4501.922852,4588.461426,,,,,,,,,,,,,,,,,,,,,,,,,,,,,,,,,,,,,,,,,,,,,,,,,,,,,,,,,,,,,,,,,,,,,,
1769164109.376835,1769164109.377514,101.0,0.0,4403.974121,4347.179688,4524.871582,4399.871582,4327.563965,4336.410156,4356.666504,4367.94873,4361.922852,4341.153809,4675.0,4642.179688,4520.897461,4601.538574,,,,,,,,,,,,,,,,,,,,,,,,,,,,,,,,,,,,,,,,,,,,,,,,,,,,,,,,,,,,,,,,,,,,,,
1769164109.384643,1769164109.385223,102.0,0.0,4408.205078,4347.563965,4524.871582,4396.922852,4329.871582,4337.436035,4359.230957,4374.230957,4366.538574,4341.025879,4683.846191,4647.307617,4524.871582,4603.974121,,,,,,,,,,,,,,,,,,,,,,,,,,,,,,,,,,,,,,,,,,,,,,,,,,,,,,,,,,,,,,,,,,,,,,
1769164109.392452,1769164109.393031,103.0,0.0,4411.922852,4351.410156,4523.461426,4396.153809,4327.307617,4333.846191,4357.692383,4381.025879,4367.436035,4343.461426,4687.179688,4654.487305,4524.358887,4607.436035,,,,,,,,,,,,,,,,,,,,,,,,,,,,,,,,,,,,,,,,,,,,,,,,,,,,,,,,,,,,,,,,,,,,,,
1769164109.40026,1769164109.40064,104.0,0.0,4413.461426,4354.615234,4524.615234,4397.563965,4327.563965,4338.205078,4360.0,4383.077148,4365.128418,4343.077148,4688.333496,4658.717773,4525.897461,4614.743652,,,,,,,,,,,,,,,,,,,,,,,,,,,,,,,,,,,,,,,,,,,,,,,,,,,,,,,,,,,,,,,,,,,,,,
1769164109.408069,1769164109.408449,105.0,0.0,4412.05127,4354.487305,4523.974121,4396.922852,4333.205078,4340.897461,4362.820313,4380.769043,4367.820313,4343.717773,4691.410156,4657.820313,4525.384766,4616.794922,,,,,,,,,,,,,,,,,,,,,,,,,,,,,,,,,,,,,,,,,,,,,,,,,,,,,,,,,,,,,,,,,,,,,,
1769164109.415877,1769164109.416157,106.0,0.0,4406.666504,4348.205078,4522.436035,4396.922852,4336.025879,4345.0,4369.871582,4386.025879,4373.974121,4348.333496,4694.358887,4658.077148,4526.025879,4613.205078,,,,,,,,,,,,,,,,,,,,,,,,,,,,,,,,,,,,,,,,,,,,,,,,,,,,,,,,,,,,,,,,,,,,,,
1769164109.423685,1769164109.423966,107.0,0.0,4399.871582,4342.820313,4522.179688,4391.794922,4330.769043,4350.384766,4376.153809,4390.512695,4374.615234,4350.256348,4694.358887,4657.820313,4526.538574,4611.410156,,,,,,,,,,,,,,,,,,,,,,,,,,,,,,,,,,,,,,,,,,,,,,,,,,,,,,,,,,,,,,,,,,,,,,
1769164109.431494,1769164109.431574,108.0,0.0,4401.538574,4345.641113,4522.179688,4390.256348,4328.461426,4346.153809,4369.230957,4383.974121,4370.769043,4349.487305,4694.358887,4657.179688,4523.846191,4609.871582,,,,,,,,,,,,,,,,,,,,,,,,,,,,,,,,,,,,,,,,,,,,,,,,,,,,,,,,,,,,,,,,,,,,,,
1769164109.439302,1769164109.439383,109.0,0.0,4410.897461,4357.436035,4525.128418,4405.0,4333.077148,4335.897461,4358.077148,4378.717773,4371.025879,4352.820313,4696.153809,4661.794922,4528.077148,4612.307617,,,,,,,,,,,,,,,,,,,,,,,,,,,,,,,,,,,,,,,,,,,,,,,,,,,,,,,,,,,,,,,,,,,,,,
1769164109.447111,1769164109.447091,110.0,0.0,4417.563965,4366.282227,4530.384766,4414.487305,4336.922852,4331.538574,4356.025879,4381.922852,4372.563965,4353.846191,4696.410156,4663.205078,4538.974121,4618.589844,0.434914,0.279666,0.354674,0.417566,0.376821,0.384085,0.296455,0.429049,0.151753,0.146515,0.818297,0.12959,0.123427,0.227188,0.14637,0.373424,0.211373,0.347435,0.107077,0.102455,0.197087,0.156582,0.079539,0.032468,0.022632,0.12525,0.222778,0.190991,0.094,0.161872,0.105868,0.274195,0.136856,0.050297,0.0776,0.404416,0.230752,0.199791,0.039529,0.045337,0.339763,0.277784,0.44042,0.080441,0.067622,0.347933,0.13167,0.244225,0.078035,0.125081,0.400715,0.149811,0.367424,0.150556,0.18193,0.311173,0.154205,0.219869,0.20198,0.194935,0.205401,0.183813,0.409151,0.24135,0.275514,0.548663,0.217128,0.535699,0.425458,0.353757
1769164109.454919,1769164109.4549,111.0,0.0,4413.974121,4361.922852,4528.077148,4406.794922,4335.0,4335.897461,4359.615234,4383.846191,4369.358887,4347.179688,4691.153809,4652.94873,4537.436035,4617.436035,,,,,,,,,,,,,,,,,,,,,,,,,,,,,,,,,,,,,,,,,,,,,,,,,,,,,,,,,,,,,,,,,,,,,,
1769164109.462728,1769164109.462908,112.0,0.0,4405.128418,4352.307617,4522.307617,4400.128418,4333.077148,4341.666504,4364.102539,4380.769043,4364.102539,4339.358887,4682.94873,4645.769043,4522.179688,4610.256348,,,,,,,,,,,,,,,,,,,,,,,,,,,,,,,,,,,,,,,,,,,,,,,,,,,,,,,,,,,,,,,,,,,,,,
1769164109.470536,1769164109.470716,113.0,0.0,4405.0,4353.333496,4528.077148,4407.05127,4334.615234,4342.563965,4366.538574,4383.846191,4368.846191,4341.922852,4683.333496,4655.769043,4520.641113,4609.871582,,,,,,,,,,,,,,,,,,,,,,,,,,,,,,,,,,,,,,,,,,,,,,,,,,,,,,,,,,,,,,,,,,,,,,
1769164109.478345,1769164109.478625,114.0,0.0,4412.692383,4358.974121,4538.589844,4411.282227,4332.820313,4340.0,4365.769043,4391.666504,4378.589844,4349.743652,4690.384766,4667.94873,4529.743652,4616.153809,,,,,,,,,,,,,,,,,,,,,,,,,,,,,,,,,,,,,,,,,,,,,,,,,,,,,,,,,,,,,,,,,,,,,,
1769164109.486153,1769164109.486433,115.0,0.0,4414.615234,4357.307617,4537.94873,4404.230957,4327.05127,4341.794922,4368.461426,4392.820313,4378.205078,4348.461426,4690.641113,4665.641113,4529.615234,4620.256348,,,,,,,,,,,,,,,,,,,,,,,,,,,,,,,,,,,,,,,,,,,,,,,,,,,,,,,,,,,,,,,,,,,,,,
1769164109.493962,1769164109.494441,116.0,0.0,4411.666504,4358.717773,4534.871582,4402.179688,4325.641113,4341.666504,4367.94873,4389.358887,4374.230957,4347.563965,4688.333496,4660.769043,4527.436035,4620.128418,,,,,,,,,,,,,,,,,,,,,,,,,,,,,,,,,,,,,,,,,,,,,,,,,,,,,,,,,,,,,,,,,,,,,,
1769164109.50177,1769164109.50225,117.0,0.0,4414.871582,4366.282227,4537.563965,4408.205078,4329.743652,4335.128418,4359.871582,4387.692383,4374.230957,4351.025879,4689.487305,4664.871582,4527.436035,4618.461426,,,,,,,,,,,,,,,,,,,,,,,,,,,,,,,,,,,,,,,,,,,,,,,,,,,,,,,,,,,,,,,,,,,,,,
1769164109.509579,1769164109.509958,118.0,0.0,4419.871582,4365.256348,4538.333496,4407.307617,4328.461426,4334.871582,4361.153809,4387.307617,4375.0,4346.538574,4690.128418,4667.692383,4527.307617,4621.922852,,,,,,,,,,,,,,,,,,,,,,,,,,,,,,,,,,,,,,,,,,,,,,,,,,,,,,,,,,,,,,,,,,,,,,
1769164109.517387,1769164109.517767,119.0,0.0,4419.743652,4357.94873,4538.077148,4402.692383,4326.282227,4341.794922,4368.461426,4386.153809,4376.410156,4343.717773,4691.153809,4663.589844,4530.641113,4625.256348,,,,,,,,,,,,,,,,,,,,,,,,,,,,,,,,,,,,,,,,,,,,,,,,,,,,,,,,,,,,,,,,,,,,,,
1769164109.525195,1769164109.525775,120.0,0.0,4415.897461,4358.589844,4538.333496,4404.487305,4329.743652,4340.897461,4365.128418,4385.128418,4377.179688,4349.487305,4691.794922,4659.743652,4533.846191,4620.384766,,,,,,,,,,,,,,,,,,,,,,,,,,,,,,,,,,,,,,,,,,,,,,,,,,,,,,,,,,,,,,,,,,,,,,
1769164109.533004,1769164109.533583,121.0,0.0,4411.666504,4361.282227,4534.743652,4404.487305,4329.615234,4339.102539,4362.820313,4383.077148,4373.717773,4348.589844,4692.05127,4663.077148,4531.025879,4617.692383,,,,,,,,,,,,,,,,,,,,,,,,,,,,,,,,,,,,,,,,,,,,,,,,,,,,,,,,,,,,,,,,,,,,,,
1769164109.540812,1769164109.541492,122.0,0.0,4411.025879,4357.179688,4534.102539,4402.820313,4326.538574,4346.538574,4369.487305,4382.307617,4368.717773,4341.794922,4689.230957,4664.487305,4527.436035,4619.615234,,,,,,,,,,,,,,,,,,,,,,,,,,,,,,,,,,,,,,,,,,,,,,,,,,,,,,,,,,,,,,,,,,,,,,
1769164109.548621,1769164109.5493,123.0,0.0,4411.025879,4355.0,4533.717773,4405.641113,4326.794922,4348.974121,4369.358887,4384.615234,4365.769043,4339.615234,4681.153809,4656.666504,4524.358887,4613.077148,,,,,,,,,,,,,,,,,,,,,,,,,,,,,,,,,,,,,,,,,,,,,,,,,,,,,,,,,,,,,,,,,,,,,,
1769164109.556429,1769164109.557308,124.0,0.0,4412.05127,4358.077148,4528.333496,4405.256348,4328.717773,4338.461426,4359.615234,4383.333496,4367.05127,4342.563965,4682.436035,4654.230957,4524.102539,4608.717773,,,,,,,,,,,,,,,,,,,,,,,,,,,,,,,,,,,,,,,,,,,,,,,,,,,,,,,,,,,,,,,,,,,,,,
1769164109.564238,1769164109.565117,125.0,0.0,4414.743652,4358.717773,4523.077148,4403.589844,4328.077148,4331.922852,4357.179688,4380.641113,4371.922852,4349.102539,4692.692383,4661.025879,4534.871582,4617.820313,,,,,,,,,,,,,,,,,,,,,,,,,,,,,,,,,,,,,,,,,,,,,,,,,,,,,,,,,,,,,,,,,,,,,,
1769164109.572046,1769164109.572825,126.0,0.0,4414.102539,4358.205078,4522.94873,4403.205078,4327.436035,4339.102539,4365.384766,4386.153809,4373.589844,4352.94873,4693.461426,4661.922852,4538.461426,4622.692383,0.487928,0.325014,0.325996,0.500314,0.388313,0.424987,0.335186,0.376823,0.171154,0.162618,0.797696,0.141638,0.121273,0.282398,0.147189,0.404965,0.238314,0.293196,0.137145,0.116221,0.24339,0.178219,0.084979,0.043907,0.025513,0.125546,0.258278,0.226951,0.09349,0.141907,0.084041,0.272851,0.136945,0.046464,0.06564,0.46522,0.23312,0.197248,0.038391,0.045344,0.363317,0.363585,0.48928,0.079823,0.09132,0.345062,0.160793,0.243306,0.086894,0.128713,0.407801,0.182794,0.404788,0.163524,0.205067,0.336679,0.132492,0.203956,0.233737,0.206244,0.248683,0.208641,0.377846,0.243628,0.269155,0.646605,0.266512,0.585285,0.451149,0.385461
1769164109.579855,1769164109.580634,127.0,0.0,4410.641113,4357.94873,4528.846191,4403.461426,4327.05127,4342.94873,4369.487305,4391.410156,4373.974121,4352.436035,4689.615234,4661.025879,4526.922852,4618.461426,,,,,,,,,,,,,,,,,,,,,,,,,,,,,,,,,,,,,,,,,,,,,,,,,,,,,,,,,,,,,,,,,,,,,,
1769164109.587663,1769164109.588243,0.0,0.0,4410.641113,4357.179688,4534.743652,4406.538574,4323.205078,4333.461426,4364.871582,4385.769043,4373.333496,4352.820313,4691.282227,4662.820313,4522.179688,4616.025879,,,,,,,,,,,,,,,,,,,,,,,,,,,,,,,,,,,,,,,,,,,,,,,,,,,,,,,,,,,,,,,,,,,,,,
1769164109.595472,1769164109.596051,1.0,0.0,4413.717773,4358.974121,4533.717773,4410.0,4322.05127,4329.358887,4363.333496,4380.128418,4372.94873,4350.897461,4693.717773,4661.666504,4531.025879,4617.563965,,,,,,,,,,,,,,,,,,,,,,,,,,,,,,,,,,,,,,,,,,,,,,,,,,,,,,,,,,,,,,,,,,,,,,
1769164109.60328,1769164109.60376,2.0,0.0,4414.487305,4363.589844,4530.769043,4409.743652,4325.128418,4338.717773,4367.05127,4383.974121,4377.94873,4349.743652,4693.589844,4662.820313,4533.589844,4617.436035,,,,,,,,,,,,,,,,,,,,,,,,,,,,,,,,,,,,,,,,,,,,,,,,,,,,,,,,,,,,,,,,,,,,,,
1769164109.611088,1769164109.611568,3.0,0.0,4413.589844,4364.615234,4534.615234,4409.358887,4326.538574,4342.820313,4367.436035,4385.897461,4380.384766,4352.94873,4692.692383,4664.102539,4525.128418,4617.307617,,,,,,,,,,,,,,,,,,,,,,,,,,,,,,,,,,,,,,,,,,,,,,,,,,,,,,,,,,,,,,,,,,,,,,
1769164109.618897,1769164109.619177,4.0,0.0,4412.563965,4360.256348,4537.692383,4409.487305,4323.205078,4340.0,4365.897461,4380.769043,4370.897461,4348.589844,4685.641113,4658.333496,4520.512695,4613.333496,,,,,,,,,,,,,,,,,,,,,,,,,,,,,,,,,,,,,,,,,,,,,,,,,,,,,,,,,,,,,,,,,,,,,,
1769164109.626705,1769164109.626985,5.0,0.0,4412.563965,4353.589844,4535.641113,4409.358887,4322.692383,4342.820313,4372.05127,4381.538574,4361.922852,4338.461426,4679.358887,4654.102539,4521.794922,4606.153809,,,,,,,,,,,,,,,,,,,,,,,,,,,,,,,,,,,,,,,,,,,,,,,,,,,,,,,,,,,,,,,,,,,,,,
1769164109.634514,1769164109.634694,6.0,0.0,4415.0,4354.871582,4536.922852,4411.538574,4325.897461,4344.615234,4374.871582,4385.256348,4366.282227,4337.692383,4679.487305,4657.820313,4523.333496,4609.102539,,,,,,,,,,,,,,,,,,,,,,,,,,,,,,,,,,,,,,,,,,,,,,,,,,,,,,,,,,,,,,,,,,,,,,
1769164109.642322,1769164109.642502,7.0,0.0,4414.487305,4363.846191,4538.205078,4413.846191,4326.282227,4341.410156,4368.974121,4382.94873,4369.615234,4340.769043,4678.333496,4660.384766,4520.897461,4615.384766,,,,,,,,,,,,,,,,,,,,,,,,,,,,,,,,,,,,,,,,,,,,,,,,,,,,,,,,,,,,,,,,,,,,,,
1769164109.650131,1769164109.650111,8.0,0.0,4412.436035,4364.358887,4538.461426,4412.563965,4325.384766,4340.769043,4368.589844,4384.615234,4364.871582,4340.384766,4680.641113,4661.666504,4520.512695,4617.179688,,,,,,,,,,,,,,,,,,,,,,,,,,,,,,,,,,,,,,,,,,,,,,,,,,,,,,,,,,,,,,,,,,,,,,
1769164109.657939,1769164109.657919,9.0,0.0,4416.153809,4356.794922,4538.846191,4413.205078,4325.256348,4342.179688,4374.102539,4393.974121,4371.282227,4344.615234,4690.384766,4667.307617,4528.205078,4621.794922,,,,,,,,,,,,,,,,,,,,,,,,,,,,,,,,,,,,,,,,,,,,,,,,,,,,,,,,,,,,,,,,,,,,,,
1769164109.665748,1769164109.665828,10.0,0.0,4417.179688,4359.487305,4539.358887,4413.077148,4325.0,4340.512695,4376.025879,4398.461426,4383.205078,4352.563965,4695.897461,4672.436035,4533.205078,4624.102539,,,,,,,,,,,,,,,,,,,,,,,,,,,,,,,,,,,,,,,,,,,,,,,,,,,,,,,,,,,,,,,,,,,,,,
1769164109.673556,1769164109.673636,11.0,0.0,4412.436035,4366.025879,4539.230957,4410.641113,4324.358887,4342.820313,4374.615234,4396.025879,4378.333496,4351.538574,4691.025879,4671.153809,4529.358887,4617.436035,,,,,,,,,,,,,,,,,,,,,,,,,,,,,,,,,,,,,,,,,,,,,,,,,,,,,,,,,,,,,,,,,,,,,,
1769164109.681364,1769164109.681644,12.0,0.0,4418.205078,4366.794922,4539.358887,4419.487305,4326.153809,4350.256348,4375.128418,4395.897461,4371.282227,4349.743652,4692.94873,4670.384766,4531.153809,4622.692383,,,,,,,,,,,,,,,,,,,,,,,,,,,,,,,,,,,,,,,,,,,,,,,,,,,,,,,,,,,,,,,,,,,,,,
1769164109.689173,1769164109.689453,13.0,0.0,4426.538574,4368.846191,4540.512695,4430.384766,4328.589844,4351.410156,4376.282227,4397.94873,4381.025879,4357.436035,4707.05127,4680.128418,4541.666504,4641.410156,,,,,,,,,,,,,,,,,,,,,,,,,,,,,,,,,,,,,,,,,,,,,,,,,,,,,,,,,,,,,,,,,,,,,,
1769164109.696981,1769164109.697361,14.0,0.0,4416.538574,4367.05127,4538.589844,4421.666504,4327.05127,4353.333496,4381.922852,4397.05127,4382.94873,4357.820313,4703.846191,4680.256348,4539.358887,4633.846191,0.626501,0.435396,0.318624,0.571588,0.395304,0.547124,0.435659,0.368557,0.186485,0.174413,0.740604,0.223343,0.126403,0.352857,0.15657,0.481629,0.318616,0.276447,0.172652,0.129578,0.355539,0.221928,0.105503,0.056842,0.029231,0.159449,0.326813,0.269904,0.107926,0.144335,0.085388,0.268663,0.130939,0.046478,0.061092,0.557748,0.268215,0.194873,0.043851,0.049554,0.470118,0.445512,0.51324,0.083253,0.119035,0.434443,0.186408,0.241506,0.097679,0.134635,0.574757,0.236149,0.445788,0.16606,0.234568,0.531446,0.172331,0.210356,0.262102,0.224992,0.367416,0.239758,0.370812,0.241611,0.265846,0.801992,0.346132,0.611277,0.478338,0.413899
1769164109.70479,1769164109.705169,15.0,0.0,4405.769043,4363.205078,4536.666504,4413.205078,4325.512695,4357.307617,4386.025879,4394.487305,4372.436035,4351.410156,4687.692383,4666.794922,4530.897461,4614.102539,,,,,,,,,,,,,,,,,,,,,,,,,,,,,,,,,,,,,,,,,,,,,,,,,,,,,,,,,,,,,,,,,,,,,,
1769164109.712598,1769164109.712778,16.0,0.0,4416.666504,4368.205078,4538.589844,4423.717773,4327.692383,4349.230957,4379.102539,4394.615234,4379.102539,4357.563965,4696.282227,4672.179688,4540.512695,4623.205078,,,,,,,,,,,,,,,,,,,,,,,,,,,,,,,,,,,,,,,,,,,,,,,,,,,,,,,,,,,,,,,,,,,,,,
1769164109.720407,1769164109.720587,17.0,0.0,4429.615234,4375.769043,4540.897461,4431.282227,4329.102539,4340.769043,4375.256348,4400.0,4394.743652,4370.256348,4719.230957,4692.307617,4554.358887,4647.05127,,,,,,,,,,,,,,,,,,,,,,,,,,,,,,,,,,,,,,,,,,,,,,,,,,,,,,,,,,,,,,,,,,,,,,
1769164109.728215,1769164109.728495,18.0,0.0,4429.102539,4379.743652,4546.538574,4428.077148,4327.94873,4346.410156,4381.282227,4407.05127,4396.538574,4373.333496,4723.333496,4700.897461,4561.410156,4653.205078,,,,,,,,,,,,,,,,,,,,,,,,,,,,,,,,,,,,,,,,,,,,,,,,,,,,,,,,,,,,,,,,,,,,,,
1769164109.736024,1769164109.736303,19.0,0.0,4426.794922,4382.563965,4549.358887,4428.846191,4331.922852,4352.563965,4385.384766,4411.538574,4394.743652,4372.820313,4721.153809,4701.666504,4565.128418,4647.436035,,,,,,,,,,,,,,,,,,,,,,,,,,,,,,,,,,,,,,,,,,,,,,,,,,,,,,,,,,,,,,,,,,,,,,
1769164109.743832,1769164109.744312,20.0,0.0,4428.461426,4383.717773,4544.102539,4428.974121,4337.179688,4353.077148,4381.025879,4413.461426,4398.333496,4374.487305,4726.153809,4703.589844,4562.563965,4647.692383,,,,,,,,,,,,,,,,,,,,,,,,,,,,,,,,,,,,,,,,,,,,,,,,,,,,,,,,,,,,,,,,,,,,,,
1769164109.75164,1769164109.75212,21.0,0.0,4430.769043,4384.487305,4543.333496,4432.307617,4335.512695,4355.769043,4379.615234,4413.461426,4397.94873,4373.461426,4726.153809,4702.563965,4561.153809,4651.794922,,,,,,,,,,,,,,,,,,,,,,,,,,,,,,,,,,,,,,,,,,,,,,,,,,,,,,,,,,,,,,,,,,,,,,
1769164109.759449,1769164109.760028,22.0,0.0,4429.871582,4385.897461,4552.820313,4438.717773,4334.487305,4357.05127,4383.846191,4413.205078,4395.384766,4375.384766,4724.102539,4702.94873,4565.0,4652.05127,,,,,,,,,,,,,,,,,,,,,,,,,,,,,,,,,,,,,,,,,,,,,,,,,,,,,,,,,,,,,,,,,,,,,,
1769164109.767257,1769164109.767837,23.0,0.0,4427.307617,4383.077148,4553.205078,4434.743652,4336.666504,4357.563965,4385.384766,4413.077148,4397.563965,4378.333496,4727.820313,4706.025879,4562.436035,4652.692383,,,,,,,,,,,,,,,,,,,,,,,,,,,,,,,,,,,,,,,,,,,,,,,,,,,,,,,,,,,,,,,,,,,,,,
1769164109.775066,1769164109.775446,24.0,0.0,4426.666504,4380.512695,4542.307617,4426.666504,4337.563965,4362.05127,4386.794922,4412.94873,4398.589844,4375.256348,4727.436035,4703.077148,4556.282227,4656.922852,,,,,,,,,,,,,,,,,,,,,,,,,,,,,,,,,,,,,,,,,,,,,,,,,,,,,,,,,,,,,,,,,,,,,,
1769164109.782874,1769164109.783254,25.0,0.0,4424.102539,4381.025879,4540.0,4426.153809,4339.102539,4367.307617,4392.820313,4413.205078,4396.025879,4371.153809,4720.897461,4698.333496,4557.05127,4649.743652,,,,,,,,,,,,,,,,,,,,,,,,,,,,,,,,,,,,,,,,,,,,,,,,,,,,,,,,,,,,,,,,,,,,,,
1769164109.790683,1769164109.790963,26.0,0.0,4417.692383,4379.358887,4542.563965,4427.94873,4341.153809,4370.897461,4396.410156,4412.179688,4395.641113,4371.922852,4716.025879,4694.615234,4553.717773,4634.743652,,,,,,,,,,,,,,,,,,,,,,,,,,,,,,,,,,,,,,,,,,,,,,,,,,,,,,,,,,,,,,,,,,,,,,
1769164109.798491,1769164109.798771,27.0,0.0,4415.128418,4379.230957,4540.128418,4428.461426,4341.794922,4373.846191,4394.487305,4414.230957,4399.358887,4376.282227,4719.230957,4694.871582,4552.05127,4637.307617,,,,,,,,,,,,,,,,,,,,,,,,,,,,,,,,,,,,,,,,,,,,,,,,,,,,,,,,,,,,,,,,,,,,,,
1769164109.8063,1769164109.80638,28.0,0.0,4419.487305,4379.230957,4541.794922,4428.077148,4339.487305,4373.077148,4396.025879,4417.820313,4402.820313,4379.230957,4726.794922,4696.922852,4562.563965,4649.743652,,,,,,,,,,,,,,,,,,,,,,,,,,,,,,,,,,,,,,,,,,,,,,,,,,,,,,,,,,,,,,,,,,,,,,
1769164109.814108,1769164109.814188,29.0,0.0,4425.384766,4383.333496,4552.05127,4430.641113,4336.538574,4363.333496,4393.333496,4416.922852,4406.538574,4386.282227,4732.436035,4700.384766,4573.846191,4653.077148,,,,,,,,,,,,,,,,,,,,,,,,,,,,,,,,,,,,,,,,,,,,,,,,,,,,,,,,,,,,,,,,,,,,,,
1769164109.821917,1769164109.821897,30.0,0.0,4429.358887,4393.589844,4557.820313,4440.0,4337.563965,4354.743652,4383.846191,4416.794922,4412.436035,4393.717773,4736.794922,4711.153809,4581.025879,4657.94873,0.857689,0.658489,0.353635,0.624165,0.398274,0.806108,0.616156,0.420971,0.199466,0.179666,0.782018,0.407538,0.151597,0.435001,0.16915,0.666934,0.475026,0.315625,0.209909,0.143168,0.587595,0.301369,0.145504,0.069595,0.033485,0.271663,0.420268,0.311608,0.138532,0.162749,0.126086,0.272359,0.124076,0.05347,0.062298,0.699558,0.346937,0.198268,0.056992,0.057508,0.685664,0.519898,0.514416,0.096584,0.144869,0.662113,0.203568,0.239885,0.114349,0.13996,0.986501,0.320405,0.486191,0.165745,0.265212,0.986504,0.320261,0.235233,0.294507,0.24867,0.617518,0.283481,0.384284,0.237787,0.265557,1.034387,0.471318,0.612086,0.515114,0.439249
1769164109.829725,1769164109.829705,31.0,0.0,4430.512695,4398.717773,4555.512695,4445.128418,4340.641113,4358.589844,4383.205078,4417.94873,4412.179688,4389.487305,4736.922852,4715.384766,4582.692383,4666.282227,,,,,,,,,,,,,,,,,,,,,,,,,,,,,,,,,,,,,,,,,,,,,,,,,,,,,,,,,,,,,,,,,,,,,,
1769164109.837534,1769164109.837314,32.0,0.0,4431.794922,4397.179688,4555.0,4443.077148,4342.563965,4367.436035,4390.256348,4415.0,4401.666504,4378.974121,4732.94873,4705.897461,4578.717773,4663.461426,,,,,,,,,,,,,,,,,,,,,,,,,,,,,,,,,,,,,,,,,,,,,,,,,,,,,,,,,,,,,,,,,,,,,,
1769164109.845342,1769164109.845122,33.0,0.0,4434.102539,4397.820313,4556.410156,4445.769043,4343.589844,4370.128418,4391.538574,4413.974121,4398.717773,4379.743652,4731.538574,4703.974121,4580.128418,4659.102539,,,,,,,,,,,,,,,,,,,,,,,,,,,,,,,,,,,,,,,,,,,,,,,,,,,,,,,,,,,,,,,,,,,,,,
1769164109.85315,1769164109.852831,34.0,0.0,4431.538574,4398.846191,4556.410156,4446.538574,4342.820313,4369.615234,4393.205078,4418.974121,4405.0,4381.153809,4732.179688,4710.897461,4580.384766,4661.153809,,,,,,,,,,,,,,,,,,,,,,,,,,,,,,,,,,,,,,,,,,,,,,,,,,,,,,,,,,,,,,,,,,,,,,
1769164109.860959,1769164109.860639,35.0,0.0,4426.922852,4395.897461,4552.692383,4441.282227,4343.333496,4374.102539,4396.666504,4418.974121,4402.05127,4375.128418,4732.820313,4708.846191,4573.717773,4659.615234,,,,,,,,,,,,,,,,,,,,,,,,,,,,,,,,,,,,,,,,,,,,,,,,,,,,,,,,,,,,,,,,,,,,,,
1769164109.868767,1769164109.868647,36.0,0.0,4426.153809,4394.743652,4549.615234,4442.692383,4348.333496,4376.666504,4395.256348,4416.922852,4399.743652,4376.025879,4732.436035,4705.256348,4573.333496,4653.717773,,,,,,,,,,,,,,,,,,,,,,,,,,,,,,,,,,,,,,,,,,,,,,,,,,,,,,,,,,,,,,,,,,,,,,
1769164109.876576,1769164109.876456,37.0,0.0,4427.692383,4397.436035,4553.077148,4447.436035,4352.05127,4375.0,4396.538574,4422.307617,4405.897461,4381.282227,4732.563965,4711.025879,4579.230957,4654.615234,,,,,,,,,,,,,,,,,,,,,,,,,,,,,,,,,,,,,,,,,,,,,,,,,,,,,,,,,,,,,,,,,,,,,,
1769164109.884384,1769164109.884364,38.0,0.0,4431.666504,4400.769043,4556.410156,4445.256348,4351.922852,4374.615234,4399.615234,4427.307617,4408.077148,4385.384766,4739.743652,4717.692383,4585.769043,4668.077148,,,,,,,,,,,,,,,,,,,,,,,,,,,,,,,,,,,,,,,,,,,,,,,,,,,,,,,,,,,,,,,,,,,,,,
1769164109.892193,1769164109.892173,39.0,0.0,4433.717773,4404.102539,4554.487305,4442.94873,4353.589844,4375.512695,4397.692383,4427.179688,4407.820313,4391.153809,4749.615234,4723.461426,4589.743652,4675.0,,,,,,,,,,,,,,,,,,,,,,,,,,,,,,,,,,,,,,,,,,,,,,,,,,,,,,,,,,,,,,,,,,,,,,
1769164109.900001,1769164109.900181,40.0,0.0,4432.692383,4404.230957,4553.717773,4444.487305,4355.0,4372.563965,4395.128418,4426.794922,4412.563965,4395.128418,4751.922852,4724.102539,4587.94873,4667.820313,,,,,,,,,,,,,,,,,,,,,,,,,,,,,,,,,,,,,,,,,,,,,,,,,,,,,,,,,,,,,,,,,,,,,,
1769164109.90781,1769164109.907989,41.0,0.0,4436.922852,4401.666504,4556.025879,4443.461426,4355.256348,4370.384766,4395.256348,4428.461426,4413.589844,4392.436035,4750.256348,4718.717773,4588.717773,4667.563965,,,,,,,,,,,,,,,,,,,,,,,,,,,,,,,,,,,,,,,,,,,,,,,,,,,,,,,,,,,,,,,,,,,,,,
1769164109.915618,1769164109.915898,42.0,0.0,4443.846191,4404.743652,4556.794922,4441.666504,4355.641113,4373.589844,4396.666504,4429.102539,4410.0,4392.05127,4750.897461,4718.205078,4593.077148,4677.436035,,,,,,,,,,,,,,,,,,,,,,,,,,,,,,,,,,,,,,,,,,,,,,,,,,,,,,,,,,,,,,,,,,,,,,
1769164109.923427,1769164109.923706,43.0,0.0,4445.256348,4412.563965,4557.436035,4442.307617,4356.410156,4373.461426,4397.94873,4428.717773,4411.410156,4393.589844,4750.384766,4722.436035,4589.871582,4676.922852,,,,,,,,,,,,,,,,,,,,,,,,,,,,,,,,,,,,,,,,,,,,,,,,,,,,,,,,,,,,,,,,,,,,,,
1769164109.931235,1769164109.931714,44.0,0.0,4442.563965,4408.333496,4556.794922,4437.563965,4357.563965,4372.436035,4398.846191,4428.205078,4412.820313,4391.666504,4750.897461,4722.94873,4584.487305,4668.205078,,,,,,,,,,,,,,,,,,,,,,,,,,,,,,,,,,,,,,,,,,,,,,,,,,,,,,,,,,,,,,,,,,,,,,
1769164109.939043,1769164109.939523,45.0,0.0,4442.179688,4398.717773,4555.0,4429.358887,4357.820313,4375.641113,4397.179688,4427.692383,4410.641113,4394.871582,4753.846191,4722.307617,4591.666504,4671.794922,,,,,,,,,,,,,,,,,,,,,,,,,,,,,,,,,,,,,,,,,,,,,,,,,,,,,,,,,,,,,,,,,,,,,,
1769164109.946852,1769164109.947431,46.0,0.0,4442.563965,4400.128418,4553.717773,4427.436035,4357.307617,4383.461426,4400.128418,4429.615234,4411.025879,4397.692383,4754.230957,4722.179688,4596.153809,4676.538574,1.156679,0.998508,0.430461,0.650806,0.395574,1.154104,0.863668,0.524641,0.212286,0.17845,0.912679,0.692753,0.201252,0.517315,0.180441,0.931029,0.700168,0.406015,0.242478,0.157902,0.942454,0.413844,0.201178,0.08051,0.037811,0.460448,0.512541,0.346177,0.180448,0.186818,0.204018,0.286922,0.123001,0.069273,0.067542,0.87742,0.466728,0.213415,0.075601,0.067484,0.984223,0.590191,0.503335,0.12338,0.163561,1.006453,0.217739,0.243136,0.141598,0.142608,1.645606,0.443009,0.523326,0.172711,0.28926,1.685531,0.593415,0.268919,0.335531,0.270399,0.980979,0.343309,0.409071,0.236477,0.265894,1.33544,0.648616,0.590138,0.559366,0.457493
1769164109.95466,1769164109.95524,47.0,0.0,4440.641113,4404.358887,4553.461426,4427.692383,4356.153809,4388.717773,4405.384766,4430.256348,4410.256348,4394.102539,4757.307617,4722.820313,4593.717773,4673.974121,,,,,,,,,,,,,,,,,,,,,,,,,,,,,,,,,,,,,,,,,,,,,,,,,,,,,,,,,,,,,,,,,,,,,,
1769164109.962469,1769164109.962848,48.0,0.0,4442.94873,4405.0,4560.256348,4427.436035,4355.897461,4378.333496,4400.0,4428.717773,4410.897461,4400.128418,4763.974121,4728.974121,4598.461426,4681.538574,,,,,,,,,,,,,,,,,,,,,,,,,,,,,,,,,,,,,,,,,,,,,,,,,,,,,,,,,,,,,,,,,,,,,,
1769164109.970277,1769164109.970657,49.0,0.0,4448.974121,4409.487305,4568.974121,4428.974121,4361.025879,4369.615234,4393.717773,4435.256348,4418.205078,4412.179688,4765.256348,4736.410156,4604.743652,4689.871582,,,,,,,,,,,,,,,,,,,,,,,,,,,,,,,,,,,,,,,,,,,,,,,,,,,,,,,,,,,,,,,,,,,,,,
1769164109.978086,1769164109.978365,50.0,0.0,4447.94873,4411.666504,4567.436035,4429.230957,4365.512695,4380.897461,4401.025879,4441.794922,4419.487305,4403.717773,4762.94873,4736.538574,4602.436035,4682.692383,,,,,,,,,,,,,,,,,,,,,,,,,,,,,,,,,,,,,,,,,,,,,,,,,,,,,,,,,,,,,,,,,,,,,,
1769164109.985894,1769164109.986174,51.0,0.0,4447.05127,4409.871582,4565.0,4428.205078,4365.384766,4387.94873,4407.436035,4438.333496,4411.410156,4393.717773,4763.077148,4732.436035,4596.794922,4677.563965,,,,,,,,,,,,,,,,,,,,,,,,,,,,,,,,,,,,,,,,,,,,,,,,,,,,,,,,,,,,,,,,,,,,,,
1769164109.993703,1769164109.994182,52.0,0.0,4455.769043,4412.307617,4570.769043,4429.358887,4367.94873,4375.384766,4402.692383,4436.666504,4416.538574,4405.641113,4764.871582,4733.846191,4599.358887,4688.589844,,,,,,,,,,,,,,,,,,,,,,,,,,,,,,,,,,,,,,,,,,,,,,,,,,,,,,,,,,,,,,,,,,,,,,
1769164110.001511,1769164110.00199,53.0,0.0,4461.666504,4416.282227,4572.307617,4428.205078,4373.589844,4375.512695,4403.333496,4443.077148,4429.743652,4415.512695,4771.794922,4743.846191,4608.589844,4699.102539,,,,,,,,,,,,,,,,,,,,,,,,,,,,,,,,,,,,,,,,,,,,,,,,,,,,,,,,,,,,,,,,,,,,,,
1769164110.009319,1769164110.009699,54.0,0.0,4460.384766,4419.487305,4570.0,4429.871582,4375.384766,4394.230957,4411.794922,4452.94873,4430.769043,4416.538574,4782.563965,4751.666504,4614.871582,4703.205078,,,,,,,,,,,,,,,,,,,,,,,,,,,,,,,,,,,,,,,,,,,,,,,,,,,,,,,,,,,,,,,,,,,,,,
1769164110.017128,1769164110.017507,55.0,0.0,4459.871582,4418.461426,4572.692383,4433.717773,4374.358887,4396.666504,4413.077148,4455.769043,4428.205078,4418.974121,4779.487305,4745.897461,4611.153809,4704.358887,,,,,,,,,,,,,,,,,,,,,,,,,,,,,,,,,,,,,,,,,,,,,,,,,,,,,,,,,,,,,,,,,,,,,,
1769164110.024936,1769164110.025116,56.0,0.0,4459.487305,4413.846191,4573.205078,4430.128418,4374.230957,4390.0,4411.153809,4448.974121,4428.461426,4415.128418,4768.205078,4739.743652,4602.820313,4696.538574,,,,,,,,,,,,,,,,,,,,,,,,,,,,,,,,,,,,,,,,,,,,,,,,,,,,,,,,,,,,,,,,,,,,,,
1769164110.032745,1769164110.032924,57.0,0.0,4458.205078,4417.692383,4570.384766,4431.025879,4372.692383,4394.358887,4412.820313,4448.589844,4429.615234,4412.179688,4771.410156,4743.333496,4603.077148,4691.282227,,,,,,,,,,,,,,,,,,,,,,,,,,,,,,,,,,,,,,,,,,,,,,,,,,,,,,,,,,,,,,,,,,,,,,
1769164110.040553,1769164110.040633,58.0,0.0,4459.102539,4426.666504,4573.333496,4442.179688,4373.461426,4402.436035,4414.871582,4458.333496,4437.94873,4421.794922,4782.05127,4749.871582,4614.102539,4699.102539,,,,,,,,,,,,,,,,,,,,,,,,,,,,,,,,,,,,,,,,,,,,,,,,,,,,,,,,,,,,,,,,,,,,,,
1769164110.048362,1769164110.048441,59.0,0.0,4463.461426,4428.717773,4579.358887,4446.794922,4378.461426,4405.384766,4417.179688,4460.0,4445.897461,4430.512695,4785.897461,4757.692383,4624.871582,4711.282227,,,,,,,,,,,,,,,,,,,,,,,,,,,,,,,,,,,,,,,,,,,,,,,,,,,,,,,,,,,,,,,,,,,,,,
1769164110.05617,1769164110.05645,60.0,0.0,4469.487305,4426.025879,4578.589844,4443.589844,4381.538574,4402.179688,4418.077148,4453.974121,4443.333496,4429.358887,4789.615234,4762.692383,4627.307617,4718.333496,,,,,,,,,,,,,,,,,,,,,,,,,,,,,,,,,,,,,,,,,,,,,,,,,,,,,,,,,,,,,,,,,,,,,,
1769164110.063979,1769164110.064258,61.0,0.0,4465.0,4425.897461,4575.512695,4442.820313,4380.512695,4402.94873,4419.743652,4454.871582,4440.128418,4427.820313,4788.461426,4757.94873,4622.563965,4711.410156,,,,,,,,,,,,,,,,,,,,,,,,,,,,,,,,,,,,,,,,,,,,,,,,,,,,,,,,,,,,,,,,,,,,,,
1769164110.071787,1769164110.072166,62.0,0.0,4455.128418,4425.897461,4580.128418,4443.974121,4382.307617,4411.666504,4422.692383,4457.05127,4441.282227,4426.538574,4777.692383,4748.974121,4614.358887,4696.153809,1.444744,1.394302,0.525234,0.645235,0.384114,1.535725,1.128359,0.647583,0.22506,0.17245,1.06489,1.028715,0.267472,0.580331,0.187218,1.229381,0.949452,0.52036,0.262863,0.173683,1.369924,0.537992,0.259972,0.087975,0.041474,0.710578,0.576956,0.371053,0.224733,0.206954,0.304739,0.307226,0.128859,0.092428,0.075796,1.052459,0.607719,0.242006,0.094947,0.077055,1.276418,0.658566,0.494499,0.16102,0.17241,1.40201,0.238602,0.263925,0.179489,0.141718,2.414487,0.594888,0.565602,0.193729,0.30002,2.470971,0.95715,0.309754,0.382539,0.282407,1.410331,0.419438,0.444868,0.241203,0.263699,1.633133,0.861583,0.55922,0.600824,0.463097
1769164110.079595,1769164110.079975,63.0,0.0,4462.692383,4428.846191,4585.641113,4449.871582,4387.563965,4411.025879,4422.563965,4457.307617,4443.717773,4425.128418,4781.025879,4751.794922,4616.666504,4700.256348,,,,,,,,,,,,,,,,,,,,,,,,,,,,,,,,,,,,,,,,,,,,,,,,,,,,,,,,,,,,,,,,,,,,,,
1769164110.087404,1769164110.087983,64.0,0.0,4476.538574,4437.692383,4586.666504,4461.025879,4390.512695,4400.641113,4421.153809,4457.563965,4445.512695,4431.538574,4798.333496,4768.461426,4628.589844,4720.897461,,,,,,,,,,,,,,,,,,,,,,,,,,,,,,,,,,,,,,,,,,,,,,,,,,,,,,,,,,,,,,,,,,,,,,
1769164110.095213,1769164110.095792,65.0,0.0,4477.05127,4442.692383,4590.897461,4463.589844,4390.256348,4401.153809,4419.102539,4460.0,4446.538574,4440.897461,4804.230957,4782.436035,4637.179688,4730.641113,,,,,,,,,,,,,,,,,,,,,,,,,,,,,,,,,,,,,,,,,,,,,,,,,,,,,,,,,,,,,,,,,,,,,,
1769164110.103021,1769164110.1037,66.0,0.0,4473.461426,4441.794922,4594.871582,4460.512695,4389.358887,4405.769043,4416.666504,4463.846191,4451.538574,4443.589844,4803.461426,4782.179688,4637.563965,4728.717773,,,,,,,,,,,,,,,,,,,,,,,,,,,,,,,,,,,,,,,,,,,,,,,,,,,,,,,,,,,,,,,,,,,,,,
1769164110.110829,1769164110.111508,67.0,0.0,4473.333496,4439.230957,4595.256348,4466.794922,4390.256348,4404.102539,4420.897461,4464.743652,4457.179688,4441.794922,4809.230957,4782.563965,4634.358887,4728.461426,,,,,,,,,,,,,,,,,,,,,,,,,,,,,,,,,,,,,,,,,,,,,,,,,,,,,,,,,,,,,,,,,,,,,,
1769164110.118638,1769164110.119117,68.0,0.0,4479.615234,4444.102539,4600.0,4477.179688,4395.384766,4407.307617,4429.230957,4467.94873,4458.077148,4441.538574,4813.717773,4793.333496,4636.025879,4733.205078,,,,,,,,,,,,,,,,,,,,,,,,,,,,,,,,,,,,,,,,,,,,,,,,,,,,,,,,,,,,,,,,,,,,,,
1769164110.126446,1769164110.126926,69.0,0.0,4490.641113,4455.769043,4604.358887,4478.846191,4400.128418,4412.820313,4429.487305,4472.692383,4457.692383,4442.820313,4814.102539,4796.410156,4644.230957,4741.025879,,,,,,,,,,,,,,,,,,,,,,,,,,,,,,,,,,,,,,,,,,,,,,,,,,,,,,,,,,,,,,,,,,,,,,
1769164110.134255,1769164110.134834,70.0,0.0,4489.487305,4457.563965,4602.307617,4476.282227,4400.256348,4412.179688,4427.563965,4473.461426,4458.974121,4443.974121,4816.666504,4794.102539,4651.538574,4745.256348,,,,,,,,,,,,,,,,,,,,,,,,,,,,,,,,,,,,,,,,,,,,,,,,,,,,,,,,,,,,,,,,,,,,,,
1769164110.142063,1769164110.142642,71.0,0.0,4477.05127,4447.563965,4600.641113,4478.461426,4398.846191,4415.0,4430.256348,4473.205078,4457.820313,4444.615234,4816.282227,4796.538574,4645.897461,4736.794922,,,,,,,,,,,,,,,,,,,,,,,,,,,,,,,,,,,,,,,,,,,,,,,,,,,,,,,,,,,,,,,,,,,,,,
1769164110.149872,1769164110.150451,72.0,0.0,4475.256348,4441.538574,4600.128418,4480.769043,4399.487305,4423.461426,4430.0,4471.794922,4456.666504,4444.102539,4811.922852,4793.589844,4635.512695,4728.589844,,,,,,,,,,,,,,,,,,,,,,,,,,,,,,,,,,,,,,,,,,,,,,,,,,,,,,,,,,,,,,,,,,,,,,
1769164110.15768,1769164110.158259,73.0,0.0,4481.282227,4444.358887,4597.05127,4480.769043,4400.769043,4426.282227,4429.230957,4467.05127,4460.0,4443.974121,4811.538574,4786.666504,4636.153809,4731.282227,,,,,,,,,,,,,,,,,,,,,,,,,,,,,,,,,,,,,,,,,,,,,,,,,,,,,,,,,,,,,,,,,,,,,,
1769164110.165489,1769164110.165968,74.0,0.0,4478.077148,4445.512695,4592.436035,4477.94873,4399.615234,4422.179688,4430.384766,4462.692383,4460.897461,4443.589844,4812.563965,4785.512695,4641.922852,4735.256348,,,,,,,,,,,,,,,,,,,,,,,,,,,,,,,,,,,,,,,,,,,,,,,,,,,,,,,,,,,,,,,,,,,,,,
1769164110.173297,1769164110.173776,75.0,0.0,4471.538574,4442.179688,4589.743652,4474.230957,4396.922852,4418.461426,4429.615234,4461.538574,4457.05127,4442.179688,4810.128418,4787.563965,4638.974121,4732.692383,,,,,,,,,,,,,,,,,,,,,,,,,,,,,,,,,,,,,,,,,,,,,,,,,,,,,,,,,,,,,,,,,,,,,,
1769164110.181106,1769164110.181385,76.0,0.0,4475.641113,4440.0,4594.487305,4482.179688,4398.461426,4418.461426,4429.743652,4461.410156,4455.128418,4442.05127,4810.128418,4787.692383,4635.384766,4731.410156,,,,,,,,,,,,,,,,,,,,,,,,,,,,,,,,,,,,,,,,,,,,,,,,,,,,,,,,,,,,,,,,,,,,,,
1769164110.188914,1769164110.189193,77.0,0.0,4488.461426,4448.205078,4600.256348,4493.589844,4402.820313,4417.179688,4430.641113,4462.05127,4458.589844,4444.102539,4814.230957,4786.410156,4642.436035,4737.05127,,,,,,,,,,,,,,,,,,,,,,,,,,,,,,,,,,,,,,,,,,,,,,,,,,,,,,,,,,,,,,,,,,,,,,
1769164110.196722,1769164110.197102,78.0,0.0,4494.743652,4459.102539,4599.102539,4492.563965,4405.0,4413.717773,4427.94873,4462.307617,4460.769043,4444.871582,4812.94873,4780.897461,4641.410156,4737.436035,1.654055,1.737235,0.604141,0.605394,0.360525,1.828871,1.339101,0.752353,0.235395,0.163721,1.247152,1.331193,0.33758,0.603006,0.18678,1.505256,1.151419,0.622817,0.265558,0.188183,1.74557,0.639197,0.304391,0.091103,0.043696,0.941165,0.600469,0.391954,0.261547,0.217314,0.400765,0.32415,0.141612,0.117553,0.086068,1.200535,0.737324,0.277885,0.109643,0.084245,1.496637,0.717952,0.497539,0.200092,0.172163,1.74218,0.274129,0.314122,0.221813,0.138175,3.131169,0.747731,0.623178,0.22837,0.294695,3.175182,1.32708,0.362046,0.426339,0.280164,1.802865,0.507176,0.499801,0.252912,0.256345,1.882917,1.069505,0.539839,0.628758,0.4529
1769164110.204531,1769164110.20491,79.0,0.0,4490.641113,4458.461426,4595.384766,4488.461426,4407.692383,4412.436035,4428.974121,4464.358887,4459.487305,4445.256348,4809.871582,4780.512695,4636.025879,4736.538574,,,,,,,,,,,,,,,,,,,,,,,,,,,,,,,,,,,,,,,,,,,,,,,,,,,,,,,,,,,,,,,,,,,,,,
1769164110.212339,1769164110.212918,80.0,0.0,4486.538574,4455.512695,4593.205078,4491.153809,4410.769043,4415.256348,4432.436035,4465.256348,4461.794922,4448.589844,4813.077148,4787.436035,4642.436035,4743.717773,,,,,,,,,,,,,,,,,,,,,,,,,,,,,,,,,,,,,,,,,,,,,,,,,,,,,,,,,,,,,,,,,,,,,,
1769164110.220148,1769164110.220727,81.0,0.0,4489.230957,4457.563965,4593.717773,4492.94873,4410.512695,4418.333496,4430.256348,4464.743652,4462.179688,4447.820313,4815.384766,4786.538574,4643.717773,4743.846191,,,,,,,,,,,,,,,,,,,,,,,,,,,,,,,,,,,,,,,,,,,,,,,,,,,,,,,,,,,,,,,,,,,,,,
1769164110.227956,1769164110.228435,82.0,0.0,4491.282227,4459.358887,4594.358887,4492.94873,4412.05127,4420.0,4432.307617,4468.589844,4461.025879,4442.563965,4811.666504,4777.307617,4637.307617,4734.615234,,,,,,,,,,,,,,,,,,,,,,,,,,,,,,,,,,,,,,,,,,,,,,,,,,,,,,,,,,,,,,,,,,,,,,
1769164110.235765,1769164110.236244,83.0,0.0,4482.563965,4458.846191,4588.846191,4494.871582,4413.846191,4424.102539,4442.179688,4473.974121,4467.436035,4447.436035,4812.563965,4777.563965,4640.384766,4731.666504,,,,,,,,,,,,,,,,,,,,,,,,,,,,,,,,,,,,,,,,,,,,,,,,,,,,,,,,,,,,,,,,,,,,,,
1769164110.243573,1769164110.243852,84.0,0.0,4471.666504,4456.922852,4581.666504,4492.179688,4412.820313,4427.692383,4444.487305,4476.666504,4474.487305,4457.820313,4822.05127,4789.487305,4645.384766,4739.487305,,,,,,,,,,,,,,,,,,,,,,,,,,,,,,,,,,,,,,,,,,,,,,,,,,,,,,,,,,,,,,,,,,,,,,
1769164110.251382,1769164110.251661,85.0,0.0,4480.384766,4456.410156,4582.563965,4492.307617,4416.282227,4427.307617,4441.282227,4476.666504,4472.94873,4457.94873,4827.436035,4794.615234,4644.358887,4745.512695,,,,,,,,,,,,,,,,,,,,,,,,,,,,,,,,,,,,,,,,,,,,,,,,,,,,,,,,,,,,,,,,,,,,,,
1769164110.25919,1769164110.259569,86.0,0.0,4490.641113,4460.512695,4581.410156,4499.871582,4423.717773,4429.230957,4443.974121,4478.205078,4471.153809,4456.410156,4821.666504,4786.153809,4644.743652,4743.974121,,,,,,,,,,,,,,,,,,,,,,,,,,,,,,,,,,,,,,,,,,,,,,,,,,,,,,,,,,,,,,,,,,,,,,
1769164110.266998,1769164110.267378,87.0,0.0,4477.563965,4459.871582,4571.025879,4504.615234,4426.538574,4432.307617,4446.153809,4479.102539,4474.358887,4458.974121,4817.94873,4779.102539,4646.153809,4738.717773,,,,,,,,,,,,,,,,,,,,,,,,,,,,,,,,,,,,,,,,,,,,,,,,,,,,,,,,,,,,,,,,,,,,,,
1769164110.274807,1769164110.275386,88.0,0.0,4472.179688,4455.512695,4568.461426,4504.102539,4426.794922,4435.512695,4444.871582,4480.256348,4474.871582,4459.871582,4824.358887,4786.025879,4648.589844,4738.846191,,,,,,,,,,,,,,,,,,,,,,,,,,,,,,,,,,,,,,,,,,,,,,,,,,,,,,,,,,,,,,,,,,,,,,
1769164110.282615,1769164110.283194,89.0,0.0,4490.384766,4464.615234,4578.974121,4507.563965,4430.128418,4440.769043,4447.307617,4484.743652,4475.512695,4466.153809,4834.871582,4801.410156,4656.538574,4750.0,,,,,,,,,,,,,,,,,,,,,,,,,,,,,,,,,,,,,,,,,,,,,,,,,,,,,,,,,,,,,,,,,,,,,,
1769164110.290424,1769164110.291103,90.0,0.0,4497.94873,4475.384766,4587.563965,4514.615234,4432.179688,4441.025879,4445.256348,4488.974121,4481.922852,4475.897461,4840.641113,4811.282227,4663.974121,4762.94873,,,,,,,,,,,,,,,,,,,,,,,,,,,,,,,,,,,,,,,,,,,,,,,,,,,,,,,,,,,,,,,,,,,,,,
1769164110.298232,1769164110.298911,91.0,0.0,4491.025879,4474.230957,4582.179688,4518.717773,4431.410156,4439.615234,4443.974121,4488.974121,4481.794922,4472.179688,4839.871582,4811.794922,4662.820313,4763.077148,,,,,,,,,,,,,,,,,,,,,,,,,,,,,,,,,,,,,,,,,,,,,,,,,,,,,,,,,,,,,,,,,,,,,,
1769164110.306041,1769164110.306919,92.0,0.0,4489.871582,4471.794922,4573.077148,4520.512695,4431.410156,4439.487305,4453.461426,4488.077148,4477.436035,4465.128418,4838.974121,4809.358887,4659.230957,4753.974121,,,,,,,,,,,,,,,,,,,,,,,,,,,,,,,,,,,,,,,,,,,,,,,,,,,,,,,,,,,,,,,,,,,,,,
1769164110.313849,1769164110.314728,93.0,0.0,4490.897461,4473.717773,4571.025879,4522.563965,4433.846191,4436.666504,4456.538574,4489.871582,4484.230957,4474.615234,4843.205078,4812.307617,4662.307617,4751.922852,,,,,,,,,,,,,,,,,,,,,,,,,,,,,,,,,,,,,,,,,,,,,,,,,,,,,,,,,,,,,,,,,,,,,,
1769164110.321658,1769164110.322636,94.0,0.0,4493.333496,4475.128418,4572.179688,4523.205078,4438.717773,4436.410156,4450.128418,4490.769043,4487.692383,4476.794922,4847.05127,4814.102539,4666.666504,4758.461426,1.680498,1.919853,0.638067,0.536054,0.323566,1.925147,1.434013,0.807766,0.240751,0.153588,1.234058,1.51429,0.393327,0.57228,0.177327,1.709919,1.242136,0.682556,0.24961,0.197184,1.939398,0.68528,0.31988,0.089531,0.043913,1.090345,0.592435,0.414991,0.283055,0.217243,0.453189,0.330462,0.160162,0.13726,0.096461,1.211307,0.820795,0.31049,0.115359,0.088028,1.502209,0.750855,0.507225,0.228796,0.166234,1.888814,0.32349,0.390242,0.259379,0.133885,3.499618,0.861422,0.690981,0.270022,0.275335,3.48099,1.604337,0.421973,0.455791,0.264379,2.006649,0.593695,0.57411,0.271738,0.243032,1.943593,1.222294,0.539732,0.641286,0.428447
1769164110.329466,1769164110.330445,95.0,0.0,4500.384766,4477.692383,4572.307617,4524.358887,4442.179688,4441.153809,4452.563965,4489.871582,4479.230957,4463.333496,4843.333496,4813.589844,4664.102539,4763.333496,,,,,,,,,,,,,,,,,,,,,,,,,,,,,,,,,,,,,,,,,,,,,,,,,,,,,,,,,,,,,,,,,,,,,,
1769164110.337274,1769164110.338053,96.0,0.0,4503.461426,4478.205078,4573.461426,4525.128418,4442.563965,4442.436035,4458.205078,4490.769043,4481.410156,4463.717773,4843.717773,4819.743652,4665.384766,4766.922852,,,,,,,,,,,,,,,,,,,,,,,,,,,,,,,,,,,,,,,,,,,,,,,,,,,,,,,,,,,,,,,,,,,,,,
1769164110.345083,1769164110.345862,97.0,0.0,4502.563965,4475.128418,4574.230957,4525.256348,4442.436035,4440.384766,4456.410156,4492.820313,4490.769043,4468.333496,4853.077148,4827.692383,4673.333496,4768.717773,,,,,,,,,,,,,,,,,,,,,,,,,,,,,,,,,,,,,,,,,,,,,,,,,,,,,,,,,,,,,,,,,,,,,,
1769164110.352891,1769164110.35357,98.0,0.0,4506.410156,4481.794922,4572.692383,4530.512695,4444.358887,4442.05127,4456.538574,4495.897461,4492.563965,4466.666504,4859.487305,4829.358887,4678.974121,4768.077148,,,,,,,,,,,,,,,,,,,,,,,,,,,,,,,,,,,,,,,,,,,,,,,,,,,,,,,,,,,,,,,,,,,,,,
1769164110.3607,1769164110.361379,99.0,0.0,4509.871582,4490.897461,4569.487305,4537.692383,4448.333496,4445.897461,4458.333496,4496.666504,4495.512695,4479.102539,4857.820313,4826.410156,4684.102539,4773.205078,,,,,,,,,,,,,,,,,,,,,,,,,,,,,,,,,,,,,,,,,,,,,,,,,,,,,,,,,,,,,,,,,,,,,,
1769164110.368508,1769164110.368987,100.0,0.0,4508.077148,4490.641113,4567.436035,4537.94873,4448.589844,4447.179688,4456.922852,4496.282227,4498.846191,4492.820313,4856.922852,4825.128418,4685.384766,4781.153809,,,,,,,,,,,,,,,,,,,,,,,,,,,,,,,,,,,,,,,,,,,,,,,,,,,,,,,,,,,,,,,,,,,,,,
1769164110.376317,1769164110.376796,101.0,0.0,4506.666504,4488.077148,4567.05127,4534.487305,4448.589844,4446.153809,4458.077148,4498.846191,4494.871582,4483.846191,4860.0,4828.846191,4682.179688,4781.922852,,,,,,,,,,,,,,,,,,,,,,,,,,,,,,,,,,,,,,,,,,,,,,,,,,,,,,,,,,,,,,,,,,,,,,
1769164110.384125,1769164110.384504,102.0,0.0,4507.94873,4488.461426,4563.589844,4535.512695,4453.461426,4451.282227,4460.384766,4503.589844,4492.05127,4472.563965,4858.205078,4824.230957,4678.589844,4778.077148,,,,,,,,,,,,,,,,,,,,,,,,,,,,,,,,,,,,,,,,,,,,,,,,,,,,,,,,,,,,,,,,,,,,,,
1769164110.391934,1769164110.392313,103.0,0.0,4509.358887,4491.794922,4557.692383,4538.461426,4457.820313,4459.615234,4462.05127,4504.230957,4495.769043,4478.717773,4855.256348,4813.589844,4675.512695,4778.077148,,,,,,,,,,,,,,,,,,,,,,,,,,,,,,,,,,,,,,,,,,,,,,,,,,,,,,,,,,,,,,,,,,,,,,
1769164110.399742,1769164110.400321,104.0,0.0,4500.897461,4487.05127,4556.538574,4538.077148,4459.615234,4459.743652,4462.563965,4507.692383,4504.102539,4489.358887,4858.974121,4818.846191,4675.897461,4780.769043,,,,,,,,,,,,,,,,,,,,,,,,,,,,,,,,,,,,,,,,,,,,,,,,,,,,,,,,,,,,,,,,,,,,,,
1769164110.407551,1769164110.40813,105.0,0.0,4494.487305,4477.307617,4557.05127,4536.410156,4461.153809,4457.05127,4461.025879,4516.282227,4511.025879,4495.512695,4864.615234,4833.846191,4682.179688,4782.05127,,,,,,,,,,,,,,,,,,,,,,,,,,,,,,,,,,,,,,,,,,,,,,,,,,,,,,,,,,,,,,,,,,,,,,
1769164110.415359,1769164110.416038,106.0,0.0,4502.436035,4480.128418,4556.794922,4536.666504,4460.256348,4457.179688,4460.769043,4515.641113,4507.94873,4492.179688,4864.358887,4832.94873,4687.179688,4781.794922,,,,,,,,,,,,,,,,,,,,,,,,,,,,,,,,,,,,,,,,,,,,,,,,,,,,,,,,,,,,,,,,,,,,,,
1769164110.423168,1769164110.423846,107.0,0.0,4509.358887,4490.256348,4556.922852,4537.94873,4458.461426,4456.666504,4463.205078,4508.205078,4503.077148,4487.692383,4860.256348,4826.025879,4685.512695,4780.128418,,,,,,,,,,,,,,,,,,,,,,,,,,,,,,,,,,,,,,,,,,,,,,,,,,,,,,,,,,,,,,,,,,,,,,
1769164110.430976,1769164110.431455,108.0,0.0,4506.025879,4489.743652,4556.153809,4537.05127,4460.256348,4455.769043,4465.128418,4508.333496,4505.641113,4491.282227,4862.179688,4829.358887,4687.05127,4779.102539,,,,,,,,,,,,,,,,,,,,,,,,,,,,,,,,,,,,,,,,,,,,,,,,,,,,,,,,,,,,,,,,,,,,,,
1769164110.438784,1769164110.439263,109.0,0.0,4505.769043,4487.563965,4556.666504,4538.589844,4461.538574,4456.282227,4462.94873,4511.666504,4506.794922,4489.358887,4865.769043,4831.922852,4687.94873,4782.436035,,,,,,,,,,,,,,,,,,,,,,,,,,,,,,,,,,,,,,,,,,,,,,,,,,,,,,,,,,,,,,,,,,,,,,
1769164110.446593,1769164110.446972,110.0,0.0,4509.358887,4492.692383,4557.94873,4540.897461,4460.897461,4457.179688,4462.05127,4506.922852,4502.436035,4476.922852,4861.538574,4826.666504,4682.436035,4785.512695,1.546225,1.890598,0.614856,0.448638,0.278059,1.816898,1.388223,0.796264,0.239359,0.143271,1.183179,1.526621,0.421519,0.49123,0.159575,1.812458,1.190917,0.682113,0.218904,0.197108,1.886048,0.662845,0.302114,0.083359,0.042085,1.114585,0.583139,0.436497,0.284286,0.210199,0.458073,0.325235,0.180211,0.145244,0.1044,1.146046,0.838275,0.328654,0.110419,0.088262,1.368286,0.738061,0.510572,0.238037,0.158501,1.840418,0.371144,0.472559,0.284689,0.131157,3.522183,0.89822,0.74954,0.309217,0.248388,3.455936,1.703166,0.480394,0.465305,0.241225,2.02522,0.654076,0.653473,0.297225,0.226251,1.873944,1.276929,0.55221,0.64743,0.397166
1769164110.454401,1769164110.45478,111.0,0.0,4507.692383,4489.743652,4557.436035,4540.256348,4460.256348,4459.102539,4469.102539,4503.333496,4500.512695,4470.128418,4855.897461,4824.743652,4679.358887,4782.563965,,,,,,,,,,,,,,,,,,,,,,,,,,,,,,,,,,,,,,,,,,,,,,,,,,,,,,,,,,,,,,,,,,,,,,
1769164110.46221,1769164110.462789,112.0,0.0,4510.769043,4487.436035,4563.589844,4543.333496,4460.0,4459.230957,4477.307617,4515.641113,4512.820313,4482.436035,4866.025879,4836.153809,4684.871582,4785.384766,,,,,,,,,,,,,,,,,,,,,,,,,,,,,,,,,,,,,,,,,,,,,,,,,,,,,,,,,,,,,,,,,,,,,,
1769164110.470018,1769164110.470597,113.0,0.0,4523.461426,4500.384766,4573.205078,4553.846191,4462.820313,4458.589844,4472.05127,4523.077148,4522.94873,4496.538574,4876.153809,4847.307617,4692.307617,4796.666504,,,,,,,,,,,,,,,,,,,,,,,,,,,,,,,,,,,,,,,,,,,,,,,,,,,,,,,,,,,,,,,,,,,,,,
1769164110.477827,1769164110.478505,114.0,0.0,4527.94873,4505.384766,4571.153809,4557.820313,4463.077148,4458.333496,4465.641113,4511.025879,4513.974121,4488.077148,4867.563965,4840.0,4692.94873,4799.871582,,,,,,,,,,,,,,,,,,,,,,,,,,,,,,,,,,,,,,,,,,,,,,,,,,,,,,,,,,,,,,,,,,,,,,
1769164110.485635,1769164110.486314,115.0,0.0,4515.641113,4492.307617,4565.512695,4548.589844,4461.410156,4459.230957,4471.025879,4507.820313,4505.0,4477.820313,4858.461426,4833.333496,4689.230957,4794.487305,,,,,,,,,,,,,,,,,,,,,,,,,,,,,,,,,,,,,,,,,,,,,,,,,,,,,,,,,,,,,,,,,,,,,,
1769164110.493444,1769164110.494322,116.0,0.0,4510.769043,4489.487305,4566.666504,4545.897461,4467.820313,4460.512695,4476.025879,4521.666504,4509.743652,4486.410156,4863.846191,4840.897461,4685.897461,4795.256348,,,,,,,,,,,,,,,,,,,,,,,,,,,,,,,,,,,,,,,,,,,,,,,,,,,,,,,,,,,,,,,,,,,,,,
1769164110.501252,1769164110.502131,117.0,0.0,4523.333496,4504.358887,4571.922852,4553.717773,4476.153809,4460.384766,4473.461426,4523.717773,4513.077148,4493.589844,4869.871582,4846.410156,4689.743652,4800.128418,,,,,,,,,,,,,,,,,,,,,,,,,,,,,,,,,,,,,,,,,,,,,,,,,,,,,,,,,,,,,,,,,,,,,,
1769164110.509061,1769164110.509839,118.0,0.0,4530.641113,4511.666504,4579.487305,4556.666504,4476.538574,4459.871582,4473.077148,4517.820313,4508.589844,4487.692383,4866.922852,4842.692383,4695.512695,4799.871582,,,,,,,,,,,,,,,,,,,,,,,,,,,,,,,,,,,,,,,,,,,,,,,,,,,,,,,,,,,,,,,,,,,,,,
1769164110.516869,1769164110.517648,119.0,0.0,4525.256348,4504.358887,4580.769043,4553.717773,4474.615234,4461.794922,4476.025879,4520.641113,4505.897461,4485.512695,4862.307617,4843.077148,4692.05127,4796.666504,,,,,,,,,,,,,,,,,,,,,,,,,,,,,,,,,,,,,,,,,,,,,,,,,,,,,,,,,,,,,,,,,,,,,,
1769164110.524677,1769164110.525256,120.0,0.0,4522.563965,4495.256348,4573.077148,4549.871582,4474.743652,4462.563965,4473.846191,4520.384766,4507.05127,4489.871582,4860.128418,4841.794922,4685.769043,4794.487305,,,,,,,,,,,,,,,,,,,,,,,,,,,,,,,,,,,,,,,,,,,,,,,,,,,,,,,,,,,,,,,,,,,,,,
1769164110.532486,1769164110.533065,121.0,0.0,4521.922852,4489.871582,4568.717773,4545.0,4472.94873,4461.025879,4471.794922,4517.820313,4509.615234,4489.615234,4860.256348,4833.974121,4685.384766,4795.897461,,,,,,,,,,,,,,,,,,,,,,,,,,,,,,,,,,,,,,,,,,,,,,,,,,,,,,,,,,,,,,,,,,,,,,
1769164110.540294,1769164110.540773,122.0,0.0,4514.230957,4489.487305,4567.94873,4539.230957,4471.153809,4462.436035,4476.025879,4521.282227,4508.717773,4488.205078,4859.358887,4833.846191,4686.922852,4794.871582,,,,,,,,,,,,,,,,,,,,,,,,,,,,,,,,,,,,,,,,,,,,,,,,,,,,,,,,,,,,,,,,,,,,,,
1769164110.548103,1769164110.548582,123.0,0.0,4512.820313,4490.512695,4570.256348,4540.256348,4472.94873,4464.743652,4477.05127,4522.436035,4510.256348,4490.256348,4861.153809,4841.538574,4687.05127,4794.102539,,,,,,,,,,,,,,,,,,,,,,,,,,,,,,,,,,,,,,,,,,,,,,,,,,,,,,,,,,,,,,,,,,,,,,
1769164110.555911,1769164110.55619,124.0,0.0,4522.820313,4492.692383,4578.974121,4548.846191,4475.128418,4462.05127,4473.974121,4521.538574,4518.205078,4494.230957,4866.410156,4847.05127,4693.461426,4800.897461,,,,,,,,,,,,,,,,,,,,,,,,,,,,,,,,,,,,,,,,,,,,,,,,,,,,,,,,,,,,,,,,,,,,,,
1769164110.56372,1769164110.563999,125.0,0.0,4526.025879,4495.256348,4586.410156,4555.0,4475.256348,4461.922852,4474.102539,4523.846191,4516.282227,4496.025879,4863.461426,4845.769043,4695.769043,4804.102539,,,,,,,,,,,,,,,,,,,,,,,,,,,,,,,,,,,,,,,,,,,,,,,,,,,,,,,,,,,,,,,,,,,,,,
1769164110.571528,1769164110.571707,126.0,0.0,4520.641113,4493.717773,4585.256348,4552.307617,4473.846191,4463.589844,4476.922852,4525.384766,4506.794922,4493.461426,4858.717773,4841.538574,4689.487305,4798.974121,1.236057,1.678893,0.544849,0.358599,0.234965,1.487118,1.22537,0.721505,0.230506,0.134075,0.980744,1.375003,0.416163,0.380178,0.1371,1.813015,1.014727,0.620213,0.181013,0.187083,1.575754,0.579858,0.256859,0.073403,0.038763,1.007832,0.601859,0.444756,0.265412,0.2006,0.393081,0.311164,0.194221,0.13906,0.107912,0.932243,0.793326,0.32425,0.096493,0.085577,1.029481,0.672814,0.493832,0.225771,0.15146,1.533835,0.400898,0.533171,0.294353,0.131919,3.057149,0.843671,0.774303,0.337207,0.221248,3.003751,1.599966,0.523474,0.458281,0.21895,1.775458,0.666789,0.711245,0.326057,0.209319,1.585633,1.224741,0.563034,0.65867,0.368378
1769164110.579337,1769164110.579516,127.0,0.0,4523.589844,4492.692383,4584.487305,4553.077148,4474.743652,4458.974121,4474.358887,4523.461426,4507.05127,4493.717773,4862.94873,4841.794922,4689.230957,4797.692383,,,,,,,,,,,,,,,,,,,,,,,,,,,,,,,,,,,,,,,,,,,,,,,,,,,,,,,,,,,,,,,,,,,,,,
1769164110.587145,1769164110.587524,0.0,0.0,4521.025879,4494.615234,4585.512695,4552.179688,4475.256348,4462.307617,4476.538574,4523.077148,4511.666504,4494.230957,4862.94873,4842.820313,4691.153809,4799.230957,,,,,,,,,,,,,,,,,,,,,,,,,,,,,,,,,,,,,,,,,,,,,,,,,,,,,,,,,,,,,,,,,,,,,,
1769164110.594953,1769164110.595332,1.0,0.0,4503.589844,4488.846191,4584.358887,4542.820313,4473.205078,4477.94873,4484.230957,4525.0,4507.307617,4489.743652,4857.692383,4839.358887,4686.794922,4795.769043,,,,,,,,,,,,,,,,,,,,,,,,,,,,,,,,,,,,,,,,,,,,,,,,,,,,,,,,,,,,,,,,,,,,,,
1769164110.602762,1769164110.603241,2.0,0.0,4506.666504,4488.589844,4591.025879,4546.666504,4473.077148,4477.307617,4480.897461,4526.410156,4507.820313,4493.589844,4867.179688,4841.538574,4689.230957,4798.077148,,,,,,,,,,,,,,,,,,,,,,,,,,,,,,,,,,,,,,,,,,,,,,,,,,,,,,,,,,,,,,,,,,,,,,
1769164110.61057,1769164110.611049,3.0,0.0,4525.897461,4501.282227,4602.563965,4557.820313,4475.128418,4462.820313,4474.230957,4526.538574,4515.128418,4501.794922,4876.153809,4848.717773,4695.256348,4803.333496,,,,,,,,,,,,,,,,,,,,,,,,,,,,,,,,,,,,,,,,,,,,,,,,,,,,,,,,,,,,,,,,,,,,,,
1769164110.618379,1769164110.619057,4.0,0.0,4524.615234,4503.717773,4602.94873,4555.0,4476.025879,4459.615234,4476.410156,4525.641113,4512.436035,4496.282227,4865.128418,4846.153809,4689.102539,4797.563965,,,,,,,,,,,,,,,,,,,,,,,,,,,,,,,,,,,,,,,,,,,,,,,,,,,,,,,,,,,,,,,,,,,,,,
1769164110.626187,1769164110.626866,5.0,0.0,4518.461426,4501.282227,4599.358887,4558.461426,4476.538574,4462.563965,4479.230957,4524.615234,4506.153809,4488.589844,4858.717773,4844.102539,4687.307617,4795.897461,,,,,,,,,,,,,,,,,,,,,,,,,,,,,,,,,,,,,,,,,,,,,,,,,,,,,,,,,,,,,,,,,,,,,,
1769164110.633996,1769164110.634574,6.0,0.0,4521.025879,4505.897461,4601.025879,4566.794922,4477.179688,4465.256348,4476.666504,4525.384766,4508.974121,4493.461426,4866.025879,4848.205078,4695.641113,4802.820313,,,,,,,,,,,,,,,,,,,,,,,,,,,,,,,,,,,,,,,,,,,,,,,,,,,,,,,,,,,,,,,,,,,,,,
1769164110.641804,1769164110.642383,7.0,0.0,4511.794922,4500.128418,4600.256348,4559.358887,4476.410156,4472.307617,4474.871582,4529.102539,4511.538574,4496.153809,4864.230957,4845.256348,4691.025879,4800.0,,,,,,,,,,,,,,,,,,,,,,,,,,,,,,,,,,,,,,,,,,,,,,,,,,,,,,,,,,,,,,,,,,,,,,
1769164110.649613,1769164110.649992,8.0,0.0,4502.179688,4489.615234,4596.410156,4551.025879,4475.384766,4475.256348,4477.436035,4534.230957,4506.666504,4488.974121,4859.102539,4839.871582,4682.05127,4791.922852,,,,,,,,,,,,,,,,,,,,,,,,,,,,,,,,,,,,,,,,,,,,,,,,,,,,,,,,,,,,,,,,,,,,,,
1769164110.657421,1769164110.6578,9.0,0.0,4510.512695,4494.102539,4598.461426,4554.487305,4477.94873,4472.307617,4478.205078,4538.589844,4511.794922,4495.0,4868.717773,4843.205078,4694.615234,4797.563965,,,,,,,,,,,,,,,,,,,,,,,,,,,,,,,,,,,,,,,,,,,,,,,,,,,,,,,,,,,,,,,,,,,,,,
1769164110.665229,1769164110.665708,10.0,0.0,4512.05127,4493.846191,4602.563965,4556.922852,4480.512695,4472.307617,4476.153809,4539.358887,4523.461426,4507.94873,4878.077148,4847.692383,4705.769043,4803.205078,,,,,,,,,,,,,,,,,,,,,,,,,,,,,,,,,,,,,,,,,,,,,,,,,,,,,,,,,,,,,,,,,,,,,,
1769164110.673038,1769164110.673517,11.0,0.0,4507.692383,4490.0,4603.846191,4556.153809,4479.487305,4474.358887,4479.871582,4538.077148,4522.436035,4502.436035,4875.128418,4846.025879,4697.05127,4797.563965,,,,,,,,,,,,,,,,,,,,,,,,,,,,,,,,,,,,,,,,,,,,,,,,,,,,,,,,,,,,,,,,,,,,,,
1769164110.680846,1769164110.681525,12.0,0.0,4515.769043,4501.282227,4605.512695,4555.769043,4477.820313,4473.589844,4490.769043,4539.102539,4518.846191,4496.410156,4873.333496,4844.487305,4696.794922,4795.512695,,,,,,,,,,,,,,,,,,,,,,,,,,,,,,,,,,,,,,,,,,,,,,,,,,,,,,,,,,,,,,,,,,,,,,
1769164110.688655,1769164110.689333,13.0,0.0,4517.563965,4503.077148,4603.717773,4555.256348,4476.538574,4473.717773,4488.846191,4539.615234,4521.794922,4502.05127,4875.128418,4844.102539,4703.846191,4796.153809,,,,,,,,,,,,,,,,,,,,,,,,,,,,,,,,,,,,,,,,,,,,,,,,,,,,,,,,,,,,,,,,,,,,,,
1769164110.696463,1769164110.697142,14.0,0.0,4507.563965,4490.897461,4601.282227,4557.05127,4475.384766,4475.0,4477.179688,4537.307617,4521.538574,4499.615234,4872.05127,4842.94873,4698.333496,4795.0,0.924622,1.377674,0.455499,0.280651,0.20608,1.135547,1.005049,0.609726,0.214544,0.127586,0.799819,1.121846,0.384586,0.269444,0.114822,1.754665,0.774137,0.515909,0.144524,0.169501,1.166376,0.463707,0.200792,0.061543,0.034873,0.842598,0.658166,0.426697,0.231427,0.190906,0.319198,0.292782,0.196239,0.120902,0.106543,0.760643,0.708709,0.296437,0.078916,0.08145,0.718074,0.565225,0.45477,0.199654,0.145693,1.186811,0.40323,0.550049,0.292301,0.137995,2.474637,0.713799,0.746351,0.349349,0.199048,2.570316,1.343481,0.539192,0.445114,0.20371,1.47926,0.622696,0.728133,0.352809,0.193672,1.29895,1.093209,0.555038,0.67738,0.346798
1769164110.704272,1769164110.70495,15.0,0.0,4505.641113,4489.487305,4607.692383,4557.05127,4479.102539,4477.179688,4482.436035,4536.794922,4518.077148,4490.897461,4870.512695,4843.333496,4691.282227,4795.128418,,,,,,,,,,,,,,,,,,,,,,,,,,,,,,,,,,,,,,,,,,,,,,,,,,,,,,,,,,,,,,,,,,,,,,
1769164110.71208,1769164110.712859,16.0,0.0,4510.769043,4500.384766,4615.256348,4555.512695,4486.282227,4476.922852,4488.846191,4539.487305,4520.641113,4492.563965,4874.102539,4844.743652,4694.487305,4796.153809,,,,,,,,,,,,,,,,,,,,,,,,,,,,,,,,,,,,,,,,,,,,,,,,,,,,,,,,,,,,,,,,,,,,,,
1769164110.719889,1769164110.720667,17.0,0.0,4510.769043,4503.461426,4613.333496,4561.025879,4486.410156,4473.077148,4477.307617,4539.615234,4523.077148,4495.128418,4875.256348,4843.974121,4700.897461,4804.102539,,,,,,,,,,,,,,,,,,,,,,,,,,,,,,,,,,,,,,,,,,,,,,,,,,,,,,,,,,,,,,,,,,,,,,
1769164110.727697,1769164110.728376,18.0,0.0,4508.717773,4495.769043,4611.666504,4563.846191,4481.153809,4471.794922,4477.94873,4537.820313,4521.410156,4492.820313,4873.589844,4842.692383,4703.589844,4810.256348,,,,,,,,,,,,,,,,,,,,,,,,,,,,,,,,,,,,,,,,,,,,,,,,,,,,,,,,,,,,,,,,,,,,,,
1769164110.735506,1769164110.736184,19.0,0.0,4507.436035,4491.922852,4613.974121,4558.974121,4478.205078,4473.077148,4486.153809,4538.333496,4520.256348,4490.897461,4872.05127,4843.846191,4699.743652,4805.256348,,,,,,,,,,,,,,,,,,,,,,,,,,,,,,,,,,,,,,,,,,,,,,,,,,,,,,,,,,,,,,,,,,,,,,
1769164110.743314,1769164110.743793,20.0,0.0,4505.128418,4491.153809,4611.282227,4553.717773,4476.282227,4472.179688,4480.384766,4539.230957,4521.282227,4489.358887,4868.333496,4842.563965,4692.94873,4800.641113,,,,,,,,,,,,,,,,,,,,,,,,,,,,,,,,,,,,,,,,,,,,,,,,,,,,,,,,,,,,,,,,,,,,,,
1769164110.751123,1769164110.751601,21.0,0.0,4508.846191,4490.769043,4611.025879,4555.641113,4479.230957,4472.563965,4480.256348,4538.077148,4521.794922,4496.025879,4869.743652,4843.205078,4695.641113,4806.922852,,,,,,,,,,,,,,,,,,,,,,,,,,,,,,,,,,,,,,,,,,,,,,,,,,,,,,,,,,,,,,,,,,,,,,
1769164110.758931,1769164110.75931,22.0,0.0,4512.692383,4499.871582,4616.025879,4562.307617,4488.589844,4474.358887,4487.692383,4540.897461,4523.333496,4508.589844,4884.102539,4853.589844,4710.0,4821.153809,,,,,,,,,,,,,,,,,,,,,,,,,,,,,,,,,,,,,,,,,,,,,,,,,,,,,,,,,,,,,,,,,,,,,,
1769164110.766739,1769164110.767118,23.0,0.0,4508.846191,4507.563965,4613.333496,4562.563965,4492.94873,4473.333496,4484.615234,4549.743652,4533.974121,4514.230957,4895.128418,4862.820313,4723.461426,4826.666504,,,,,,,,,,,,,,,,,,,,,,,,,,,,,,,,,,,,,,,,,,,,,,,,,,,,,,,,,,,,,,,,,,,,,,
1769164110.774548,1769164110.774727,24.0,0.0,4503.717773,4495.256348,4610.641113,4560.128418,4489.615234,4472.436035,4483.205078,4556.538574,4540.897461,4513.974121,4893.461426,4861.410156,4722.820313,4819.487305,,,,,,,,,,,,,,,,,,,,,,,,,,,,,,,,,,,,,,,,,,,,,,,,,,,,,,,,,,,,,,,,,,,,,,
1769164110.782356,1769164110.782535,25.0,0.0,4506.025879,4488.717773,4614.871582,4559.358887,4488.333496,4473.846191,4489.487305,4554.102539,4528.974121,4510.0,4890.0,4860.0,4715.897461,4818.717773,,,,,,,,,,,,,,,,,,,,,,,,,,,,,,,,,,,,,,,,,,,,,,,,,,,,,,,,,,,,,,,,,,,,,,
1769164110.790165,1769164110.790244,26.0,0.0,4509.615234,4502.563965,4615.897461,4559.615234,4489.615234,4474.487305,4489.615234,4546.282227,4521.922852,4507.179688,4890.256348,4860.256348,4716.538574,4827.820313,,,,,,,,,,,,,,,,,,,,,,,,,,,,,,,,,,,,,,,,,,,,,,,,,,,,,,,,,,,,,,,,,,,,,,
1769164110.797973,1769164110.798052,27.0,0.0,4507.307617,4504.871582,4613.461426,4562.692383,4489.487305,4475.512695,4488.077148,4545.897461,4531.282227,4508.077148,4889.230957,4852.436035,4715.512695,4824.358887,,,,,,,,,,,,,,,,,,,,,,,,,,,,,,,,,,,,,,,,,,,,,,,,,,,,,,,,,,,,,,,,,,,,,,
1769164110.805782,1769164110.806061,28.0,0.0,4504.615234,4495.0,4613.077148,4566.922852,4490.256348,4477.692383,4489.743652,4551.922852,4533.333496,4507.307617,4887.563965,4846.666504,4708.846191,4809.615234,,,,,,,,,,,,,,,,,,,,,,,,,,,,,,,,,,,,,,,,,,,,,,,,,,,,,,,,,,,,,,,,,,,,,,
1769164110.81359,1769164110.813869,29.0,0.0,4504.615234,4498.077148,4611.282227,4564.358887,4490.641113,4477.692383,4489.102539,4551.666504,4525.256348,4506.025879,4888.717773,4853.205078,4710.256348,4810.897461,,,,,,,,,,,,,,,,,,,,,,,,,,,,,,,,,,,,,,,,,,,,,,,,,,,,,,,,,,,,,,,,,,,,,,
1769164110.821399,1769164110.821777,30.0,0.0,4505.769043,4506.922852,4611.025879,4560.641113,4490.128418,4476.794922,4489.230957,4550.384766,4524.230957,4508.846191,4890.256348,4861.025879,4717.820313,4825.641113,0.652034,1.090392,0.376445,0.229151,0.19802,0.799886,0.795925,0.4981,0.196618,0.126375,0.626856,0.855385,0.338639,0.188533,0.097075,1.677564,0.54644,0.398108,0.118347,0.149009,0.728071,0.346541,0.152052,0.050473,0.031381,0.657835,0.728792,0.376728,0.191197,0.180763,0.228684,0.271096,0.18406,0.096719,0.101551,0.571885,0.612636,0.251193,0.063887,0.078153,0.419982,0.440882,0.39712,0.172327,0.141041,0.814278,0.38437,0.517157,0.288107,0.151499,1.811354,0.551589,0.664279,0.34611,0.18398,2.201121,1.026301,0.524761,0.437119,0.197534,1.143574,0.530842,0.70029,0.371803,0.17905,0.979307,0.935213,0.518741,0.692235,0.329775
1769164110.829207,1769164110.829586,31.0,0.0,4507.436035,4506.666504,4615.128418,4566.282227,4491.025879,4477.179688,4489.743652,4546.666504,4528.974121,4509.871582,4890.256348,4856.410156,4720.256348,4828.205078,,,,,,,,,,,,,,,,,,,,,,,,,,,,,,,,,,,,,,,,,,,,,,,,,,,,,,,,,,,,,,,,,,,,,,
1769164110.837016,1769164110.837194,32.0,0.0,4508.077148,4505.897461,4618.205078,4571.025879,4493.077148,4477.692383,4487.820313,4543.077148,4533.717773,4508.717773,4888.974121,4847.692383,4718.205078,4817.436035,,,,,,,,,,,,,,,,,,,,,,,,,,,,,,,,,,,,,,,,,,,,,,,,,,,,,,,,,,,,,,,,,,,,,,
1769164110.844824,1769164110.845003,33.0,0.0,4508.205078,4509.615234,4617.05127,4570.0,4493.333496,4475.641113,4485.512695,4547.436035,4534.230957,4508.589844,4890.128418,4851.282227,4718.077148,4817.563965,,,,,,,,,,,,,,,,,,,,,,,,,,,,,,,,,,,,,,,,,,,,,,,,,,,,,,,,,,,,,,,,,,,,,,
1769164110.852632,1769164110.852911,34.0,0.0,4506.282227,4510.128418,4615.769043,4567.692383,4492.179688,4471.922852,4481.666504,4545.384766,4527.436035,4508.077148,4892.179688,4859.615234,4719.743652,4829.871582,,,,,,,,,,,,,,,,,,,,,,,,,,,,,,,,,,,,,,,,,,,,,,,,,,,,,,,,,,,,,,,,,,,,,,
1769164110.860441,1769164110.86072,35.0,0.0,4507.692383,4508.717773,4618.205078,4568.589844,4492.94873,4473.846191,4481.410156,4539.743652,4523.974121,4506.538574,4891.410156,4862.05127,4718.974121,4830.128418,,,,,,,,,,,,,,,,,,,,,,,,,,,,,,,,,,,,,,,,,,,,,,,,,,,,,,,,,,,,,,,,,,,,,,
1769164110.868249,1769164110.868728,36.0,0.0,4508.974121,4510.256348,4619.487305,4571.922852,4493.974121,4478.205078,4487.436035,4544.102539,4527.179688,4506.538574,4886.282227,4855.512695,4713.461426,4816.922852,,,,,,,,,,,,,,,,,,,,,,,,,,,,,,,,,,,,,,,,,,,,,,,,,,,,,,,,,,,,,,,,,,,,,,
1769164110.876058,1769164110.876536,37.0,0.0,4498.077148,4508.974121,4614.102539,4566.153809,4492.820313,4478.205078,4492.692383,4546.153809,4525.128418,4504.358887,4877.436035,4844.487305,4704.743652,4802.05127,,,,,,,,,,,,,,,,,,,,,,,,,,,,,,,,,,,,,,,,,,,,,,,,,,,,,,,,,,,,,,,,,,,,,,
1769164110.883866,1769164110.884445,38.0,0.0,4488.205078,4504.230957,4610.256348,4561.025879,4492.692383,4483.205078,4490.512695,4543.333496,4523.717773,4504.102539,4875.256348,4839.871582,4699.871582,4795.384766,,,,,,,,,,,,,,,,,,,,,,,,,,,,,,,,,,,,,,,,,,,,,,,,,,,,,,,,,,,,,,,,,,,,,,
1769164110.891675,1769164110.892253,39.0,0.0,4497.563965,4502.94873,4612.563965,4567.307617,4494.487305,4490.384766,4490.128418,4551.538574,4531.282227,4508.205078,4882.94873,4843.717773,4704.358887,4804.230957,,,,,,,,,,,,,,,,,,,,,,,,,,,,,,,,,,,,,,,,,,,,,,,,,,,,,,,,,,,,,,,,,,,,,,
1769164110.899483,1769164110.900261,40.0,0.0,4511.025879,4508.974121,4616.410156,4572.563965,4494.871582,4483.461426,4493.974121,4557.94873,4536.282227,4508.974121,4891.410156,4852.563965,4717.563965,4820.256348,,,,,,,,,,,,,,,,,,,,,,,,,,,,,,,,,,,,,,,,,,,,,,,,,,,,,,,,,,,,,,,,,,,,,,
1769164110.907292,1769164110.90807,41.0,0.0,4511.025879,4512.94873,4618.846191,4570.897461,4493.589844,4472.563965,4485.384766,4549.487305,4528.589844,4506.410156,4892.563965,4855.0,4721.922852,4824.743652,,,,,,,,,,,,,,,,,,,,,,,,,,,,,,,,,,,,,,,,,,,,,,,,,,,,,,,,,,,,,,,,,,,,,,
1769164110.9151,1769164110.915778,42.0,0.0,4506.666504,4509.743652,4618.205078,4570.769043,4492.563965,4473.846191,4476.025879,4548.846191,4524.615234,4506.282227,4890.128418,4849.615234,4712.563965,4814.358887,,,,,,,,,,,,,,,,,,,,,,,,,,,,,,,,,,,,,,,,,,,,,,,,,,,,,,,,,,,,,,,,,,,,,,
1769164110.922908,1769164110.923587,43.0,0.0,4506.922852,4509.358887,4615.769043,4571.538574,4491.666504,4476.282227,4478.717773,4552.94873,4529.743652,4505.512695,4890.0,4848.717773,4710.769043,4810.512695,,,,,,,,,,,,,,,,,,,,,,,,,,,,,,,,,,,,,,,,,,,,,,,,,,,,,,,,,,,,,,,,,,,,,,
1769164110.930717,1769164110.931196,44.0,0.0,4508.205078,4512.94873,4615.512695,4569.871582,4490.641113,4471.666504,4477.820313,4548.077148,4531.025879,4502.820313,4888.974121,4855.384766,4718.333496,4825.128418,,,,,,,,,,,,,,,,,,,,,,,,,,,,,,,,,,,,,,,,,,,,,,,,,,,,,,,,,,,,,,,,,,,,,,
1769164110.938525,1769164110.939004,45.0,0.0,4508.461426,4512.05127,4616.153809,4570.769043,4490.512695,4470.769043,4473.333496,4544.487305,4529.102539,4503.974121,4889.102539,4858.077148,4720.897461,4830.384766,,,,,,,,,,,,,,,,,,,,,,,,,,,,,,,,,,,,,,,,,,,,,,,,,,,,,,,,,,,,,,,,,,,,,,
1769164110.946334,1769164110.946713,46.0,0.0,4502.820313,4507.94873,4614.487305,4570.769043,4492.307617,4474.743652,4478.205078,4548.077148,4528.589844,4507.563965,4892.94873,4852.307617,4718.589844,4817.563965,0.548275,0.880514,0.324763,0.212535,0.209382,0.617657,0.644224,0.419261,0.184054,0.13322,0.567606,0.646154,0.290972,0.154086,0.085583,1.563614,0.389881,0.297914,0.109368,0.130695,0.439461,0.255977,0.123722,0.043632,0.028921,0.526782,0.778076,0.306485,0.155628,0.168239,0.183894,0.24847,0.161289,0.073925,0.095865,0.523191,0.528722,0.195897,0.056443,0.077742,0.275536,0.327832,0.328755,0.155486,0.137734,0.60455,0.360787,0.442607,0.289829,0.173366,1.355245,0.402408,0.539214,0.33152,0.175803,2.122603,0.736006,0.483059,0.438479,0.198656,0.910478,0.412798,0.633796,0.378056,0.166189,0.810561,0.795835,0.44952,0.682156,0.311206
1769164110.954142,1769164110.954521,47.0,0.0,4493.333496,4507.179688,4613.205078,4565.769043,4492.563965,4474.871582,4481.538574,4547.692383,4525.641113,4506.538574,4886.922852,4846.922852,4716.666504,4810.384766,,,,,,,,,,,,,,,,,,,,,,,,,,,,,,,,,,,,,,,,,,,,,,,,,,,,,,,,,,,,,,,,,,,,,,
1769164110.961951,1769164110.96213,48.0,0.0,4490.512695,4508.589844,4612.05127,4565.256348,4490.512695,4473.333496,4479.743652,4536.538574,4522.05127,4502.307617,4877.563965,4843.589844,4712.820313,4810.897461,,,,,,,,,,,,,,,,,,,,,,,,,,,,,,,,,,,,,,,,,,,,,,,,,,,,,,,,,,,,,,,,,,,,,,
1769164110.969759,1769164110.969938,49.0,0.0,4492.563965,4508.461426,4607.563965,4568.717773,4490.0,4476.153809,4484.230957,4538.205078,4523.461426,4505.256348,4880.128418,4843.333496,4711.282227,4810.256348,,,,,,,,,,,,,,,,,,,,,,,,,,,,,,,,,,,,,,,,,,,,,,,,,,,,,,,,,,,,,,,,,,,,,,
1769164110.977568,1769164110.977647,50.0,0.0,4488.717773,4506.794922,4603.717773,4562.820313,4491.538574,4475.641113,4484.358887,4548.333496,4527.307617,4505.256348,4883.205078,4842.94873,4710.769043,4808.333496,,,,,,,,,,,,,,,,,,,,,,,,,,,,,,,,,,,,,,,,,,,,,,,,,,,,,,,,,,,,,,,,,,,,,,
1769164110.985376,1769164110.985455,51.0,0.0,4480.641113,4503.846191,4605.384766,4553.205078,4491.922852,4477.05127,4484.358887,4544.487305,4523.974121,4493.589844,4875.0,4839.871582,4704.871582,4801.666504,,,,,,,,,,,,,,,,,,,,,,,,,,,,,,,,,,,,,,,,,,,,,,,,,,,,,,,,,,,,,,,,,,,,,,
1769164110.993185,1769164110.993463,52.0,0.0,4478.717773,4503.717773,4608.846191,4555.769043,4491.538574,4485.897461,4488.717773,4542.94873,4521.922852,4491.794922,4874.743652,4840.128418,4705.641113,4797.436035,,,,,,,,,,,,,,,,,,,,,,,,,,,,,,,,,,,,,,,,,,,,,,,,,,,,,,,,,,,,,,,,,,,,,,
1769164111.000993,1769164111.001272,53.0,0.0,4484.358887,4506.410156,4612.94873,4564.358887,4493.461426,4480.512695,4482.94873,4553.974121,4531.666504,4505.641113,4885.769043,4845.0,4714.358887,4805.641113,,,,,,,,,,,,,,,,,,,,,,,,,,,,,,,,,,,,,,,,,,,,,,,,,,,,,,,,,,,,,,,,,,,,,,
1769164111.008802,1769164111.00918,54.0,0.0,4489.358887,4507.307617,4615.897461,4566.666504,4495.641113,4466.794922,4472.563965,4559.358887,4541.025879,4511.282227,4892.436035,4853.589844,4717.307617,4812.179688,,,,,,,,,,,,,,,,,,,,,,,,,,,,,,,,,,,,,,,,,,,,,,,,,,,,,,,,,,,,,,,,,,,,,,
1769164111.01661,1769164111.016989,55.0,0.0,4490.384766,4507.05127,4617.94873,4566.538574,4494.358887,4470.897461,4473.974121,4556.025879,4541.282227,4509.871582,4897.05127,4862.307617,4717.692383,4812.692383,,,,,,,,,,,,,,,,,,,,,,,,,,,,,,,,,,,,,,,,,,,,,,,,,,,,,,,,,,,,,,,,,,,,,,
1769164111.024418,1769164111.024997,56.0,0.0,4490.641113,4507.692383,4623.846191,4567.179688,4492.307617,4478.333496,4482.94873,4555.512695,4537.307617,4513.077148,4898.461426,4862.05127,4721.794922,4816.025879,,,,,,,,,,,,,,,,,,,,,,,,,,,,,,,,,,,,,,,,,,,,,,,,,,,,,,,,,,,,,,,,,,,,,,
1769164111.032227,1769164111.032805,57.0,0.0,4491.282227,4507.307617,4625.897461,4567.692383,4491.410156,4471.410156,4484.102539,4553.846191,4530.641113,4514.358887,4896.666504,4851.794922,4718.333496,4815.384766,,,,,,,,,,,,,,,,,,,,,,,,,,,,,,,,,,,,,,,,,,,,,,,,,,,,,,,,,,,,,,,,,,,,,,
1769164111.040035,1769164111.040514,58.0,0.0,4491.153809,4505.128418,4617.820313,4566.538574,4489.102539,4471.282227,4481.538574,4550.897461,4528.333496,4507.563965,4892.692383,4842.179688,4707.820313,4809.487305,,,,,,,,,,,,,,,,,,,,,,,,,,,,,,,,,,,,,,,,,,,,,,,,,,,,,,,,,,,,,,,,,,,,,,
1769164111.047844,1769164111.048322,59.0,0.0,4489.487305,4505.897461,4613.077148,4563.589844,4488.717773,4478.461426,4482.94873,4553.333496,4534.743652,4504.743652,4891.025879,4846.282227,4710.512695,4810.256348,,,,,,,,,,,,,,,,,,,,,,,,,,,,,,,,,,,,,,,,,,,,,,,,,,,,,,,,,,,,,,,,,,,,,,
1769164111.055652,1769164111.05633,60.0,0.0,4484.358887,4508.589844,4619.230957,4564.102539,4493.461426,4477.05127,4488.974121,4555.256348,4539.871582,4515.256348,4900.641113,4857.692383,4721.410156,4815.0,,,,,,,,,,,,,,,,,,,,,,,,,,,,,,,,,,,,,,,,,,,,,,,,,,,,,,,,,,,,,,,,,,,,,,
1769164111.063461,1769164111.064139,61.0,0.0,4475.256348,4505.384766,4620.384766,4562.94873,4495.384766,4482.692383,4490.641113,4556.922852,4540.128418,4521.025879,4909.487305,4859.615234,4720.512695,4812.436035,,,,,,,,,,,,,,,,,,,,,,,,,,,,,,,,,,,,,,,,,,,,,,,,,,,,,,,,,,,,,,,,,,,,,,
1769164111.071269,1769164111.072047,62.0,0.0,4473.589844,4503.333496,4617.179688,4557.94873,4492.820313,4490.128418,4489.102539,4558.077148,4542.436035,4509.743652,4902.307617,4858.589844,4712.820313,4810.897461,0.5497,0.746022,0.302352,0.229354,0.232218,0.557362,0.556104,0.382976,0.18315,0.149461,0.578011,0.517139,0.248981,0.163604,0.079474,1.457321,0.316874,0.229782,0.118525,0.11778,0.277465,0.199961,0.116229,0.044414,0.027512,0.454751,0.771179,0.234192,0.133818,0.15147,0.158425,0.226079,0.134921,0.057955,0.092887,0.514165,0.468249,0.142808,0.058375,0.080865,0.203666,0.245889,0.262785,0.153725,0.13681,0.532797,0.354281,0.350894,0.297884,0.200662,1.052613,0.295815,0.405,0.311595,0.172138,2.203629,0.518682,0.43079,0.443639,0.202688,0.772106,0.297726,0.551528,0.370186,0.156268,0.726621,0.687281,0.363214,0.632863,0.288045
1769164111.079078,1769164111.079856,63.0,0.0,4478.077148,4507.820313,4618.461426,4556.666504,4492.179688,4482.563965,4487.94873,4555.128418,4542.307617,4503.589844,4890.641113,4859.871582,4710.256348,4813.589844,,,,,,,,,,,,,,,,,,,,,,,,,,,,,,,,,,,,,,,,,,,,,,,,,,,,,,,,,,,,,,,,,,,,,,
1769164111.086886,1769164111.087764,64.0,0.0,4470.641113,4503.846191,4618.846191,4556.410156,4492.436035,4472.179688,4479.358887,4551.153809,4539.615234,4504.615234,4889.743652,4852.307617,4704.358887,4806.922852,,,,,,,,,,,,,,,,,,,,,,,,,,,,,,,,,,,,,,,,,,,,,,,,,,,,,,,,,,,,,,,,,,,,,,
1769164111.094695,1769164111.095573,65.0,0.0,4458.205078,4490.512695,4615.128418,4550.128418,4489.487305,4474.487305,4474.230957,4551.538574,4538.333496,4491.666504,4889.743652,4843.589844,4694.615234,4794.615234,,,,,,,,,,,,,,,,,,,,,,,,,,,,,,,,,,,,,,,,,,,,,,,,,,,,,,,,,,,,,,,,,,,,,,
1769164111.102503,1769164111.103281,66.0,0.0,4457.692383,4491.025879,4613.974121,4547.820313,4488.589844,4479.230957,4482.820313,4552.179688,4538.205078,4486.538574,4888.333496,4844.230957,4695.769043,4795.641113,,,,,,,,,,,,,,,,,,,,,,,,,,,,,,,,,,,,,,,,,,,,,,,,,,,,,,,,,,,,,,,,,,,,,,
1769164111.110311,1769164111.11109,67.0,0.0,4461.153809,4500.384766,4618.205078,4552.820313,4491.410156,4475.0,4489.358887,4551.282227,4539.102539,4497.179688,4892.179688,4845.897461,4703.077148,4802.563965,,,,,,,,,,,,,,,,,,,,,,,,,,,,,,,,,,,,,,,,,,,,,,,,,,,,,,,,,,,,,,,,,,,,,,
1769164111.11812,1769164111.118698,68.0,0.0,4459.358887,4496.025879,4619.230957,4552.563965,4492.436035,4475.128418,4486.410156,4552.692383,4539.487305,4500.256348,4893.717773,4842.05127,4706.410156,4800.512695,,,,,,,,,,,,,,,,,,,,,,,,,,,,,,,,,,,,,,,,,,,,,,,,,,,,,,,,,,,,,,,,,,,,,,
1769164111.125928,1769164111.126507,69.0,0.0,4454.871582,4488.461426,4616.538574,4549.871582,4491.025879,4487.563965,4487.692383,4555.641113,4538.846191,4498.589844,4892.307617,4841.538574,4702.307617,4795.897461,,,,,,,,,,,,,,,,,,,,,,,,,,,,,,,,,,,,,,,,,,,,,,,,,,,,,,,,,,,,,,,,,,,,,,
1769164111.133737,1769164111.134415,70.0,0.0,4453.461426,4490.769043,4616.282227,4551.153809,4490.256348,4493.333496,4496.282227,4555.128418,4534.102539,4496.794922,4890.128418,4845.256348,4694.230957,4793.589844,,,,,,,,,,,,,,,,,,,,,,,,,,,,,,,,,,,,,,,,,,,,,,,,,,,,,,,,,,,,,,,,,,,,,,
1769164111.141545,1769164111.142223,71.0,0.0,4455.897461,4492.179688,4620.897461,4552.436035,4489.871582,4478.974121,4488.077148,4552.436035,4531.410156,4492.563965,4888.717773,4846.282227,4697.563965,4800.769043,,,,,,,,,,,,,,,,,,,,,,,,,,,,,,,,,,,,,,,,,,,,,,,,,,,,,,,,,,,,,,,,,,,,,,
1769164111.149354,1769164111.149832,72.0,0.0,4459.615234,4489.615234,4626.538574,4552.436035,4489.871582,4467.94873,4473.205078,4552.05127,4535.256348,4492.692383,4890.384766,4844.615234,4706.282227,4811.410156,,,,,,,,,,,,,,,,,,,,,,,,,,,,,,,,,,,,,,,,,,,,,,,,,,,,,,,,,,,,,,,,,,,,,,
1769164111.157162,1769164111.157641,73.0,0.0,4460.512695,4490.641113,4628.589844,4552.692383,4490.256348,4474.487305,4482.307617,4552.05127,4535.384766,4494.743652,4892.307617,4842.94873,4702.179688,4807.436035,,,,,,,,,,,,,,,,,,,,,,,,,,,,,,,,,,,,,,,,,,,,,,,,,,,,,,,,,,,,,,,,,,,,,,
1769164111.164971,1769164111.165349,74.0,0.0,4460.897461,4494.102539,4629.871582,4553.589844,4491.153809,4478.205078,4491.794922,4551.794922,4529.358887,4492.179688,4892.179688,4843.717773,4697.179688,4797.179688,,,,,,,,,,,,,,,,,,,,,,,,,,,,,,,,,,,,,,,,,,,,,,,,,,,,,,,,,,,,,,,,,,,,,,
1769164111.172779,1769164111.173158,75.0,0.0,4461.153809,4495.384766,4631.025879,4555.769043,4491.794922,4473.974121,4477.563965,4551.794922,4526.538574,4492.692383,4893.333496,4847.563965,4702.05127,4797.94873,,,,,,,,,,,,,,,,,,,,,,,,,,,,,,,,,,,,,,,,,,,,,,,,,,,,,,,,,,,,,,,,,,,,,,
1769164111.180587,1769164111.180766,76.0,0.0,4459.358887,4494.102539,4629.615234,4555.512695,4490.641113,4473.589844,4471.794922,4551.922852,4525.256348,4493.205078,4891.410156,4843.717773,4697.94873,4797.820313,,,,,,,,,,,,,,,,,,,,,,,,,,,,,,,,,,,,,,,,,,,,,,,,,,,,,,,,,,,,,,,,,,,,,,
1769164111.188396,1769164111.188575,77.0,0.0,4456.666504,4492.307617,4626.794922,4552.94873,4490.512695,4477.436035,4486.538574,4552.179688,4521.410156,4487.436035,4885.897461,4833.077148,4687.94873,4790.769043,,,,,,,,,,,,,,,,,,,,,,,,,,,,,,,,,,,,,,,,,,,,,,,,,,,,,,,,,,,,,,,,,,,,,,
1769164111.196204,1769164111.196483,78.0,0.0,4454.102539,4492.94873,4627.563965,4554.230957,4492.692383,4476.025879,4490.512695,4551.410156,4522.563965,4493.205078,4886.666504,4833.846191,4694.615234,4792.692383,0.627158,0.645768,0.29769,0.268617,0.254848,0.570176,0.507014,0.377333,0.195804,0.172639,0.629567,0.444962,0.21331,0.197643,0.075976,1.272567,0.298992,0.194148,0.140307,0.110284,0.248323,0.169955,0.121031,0.054122,0.026686,0.406534,0.696333,0.177716,0.129607,0.131084,0.159895,0.209813,0.114233,0.051096,0.094735,0.557956,0.435714,0.097507,0.068538,0.08659,0.17921,0.199358,0.209905,0.164011,0.139183,0.575652,0.37829,0.264884,0.306178,0.22628,0.898106,0.242547,0.292159,0.293702,0.170272,2.282587,0.378773,0.383705,0.441386,0.204213,0.693123,0.216535,0.476756,0.353997,0.150553,0.753193,0.603256,0.28387,0.547757,0.263624
1769164111.204013,1769164111.204291,79.0,0.0,4449.615234,4492.94873,4625.384766,4552.563965,4491.794922,4475.128418,4487.307617,4552.436035,4525.641113,4501.922852,4892.05127,4846.666504,4702.820313,4796.922852,,,,,,,,,,,,,,,,,,,,,,,,,,,,,,,,,,,,,,,,,,,,,,,,,,,,,,,,,,,,,,,,,,,,,,
1769164111.211821,1769164111.2123,80.0,0.0,4444.743652,4490.512695,4618.717773,4541.794922,4489.358887,4488.846191,4494.358887,4556.410156,4525.769043,4495.512695,4891.025879,4845.256348,4696.410156,4793.717773,,,,,,,,,,,,,,,,,,,,,,,,,,,,,,,,,,,,,,,,,,,,,,,,,,,,,,,,,,,,,,,,,,,,,,
1769164111.21963,1769164111.220108,81.0,0.0,4440.897461,4488.461426,4614.358887,4536.410156,4490.769043,4494.358887,4492.05127,4556.153809,4525.0,4491.794922,4887.307617,4831.025879,4692.94873,4791.922852,,,,,,,,,,,,,,,,,,,,,,,,,,,,,,,,,,,,,,,,,,,,,,,,,,,,,,,,,,,,,,,,,,,,,,
1769164111.227438,1769164111.228016,82.0,0.0,4444.487305,4493.077148,4616.282227,4546.538574,4492.563965,4477.179688,4482.436035,4551.410156,4526.282227,4506.538574,4890.769043,4835.512695,4703.846191,4797.179688,,,,,,,,,,,,,,,,,,,,,,,,,,,,,,,,,,,,,,,,,,,,,,,,,,,,,,,,,,,,,,,,,,,,,,
1769164111.235247,1769164111.235825,83.0,0.0,4451.282227,4503.589844,4623.589844,4555.512695,4491.922852,4469.871582,4486.538574,4553.974121,4528.333496,4508.589844,4896.410156,4847.179688,4710.897461,4801.153809,,,,,,,,,,,,,,,,,,,,,,,,,,,,,,,,,,,,,,,,,,,,,,,,,,,,,,,,,,,,,,,,,,,,,,
1769164111.243055,1769164111.243434,84.0,0.0,4450.384766,4507.307617,4627.05127,4553.205078,4491.666504,4480.256348,4490.0,4557.94873,4525.384766,4490.384766,4892.179688,4837.820313,4702.820313,4796.410156,,,,,,,,,,,,,,,,,,,,,,,,,,,,,,,,,,,,,,,,,,,,,,,,,,,,,,,,,,,,,,,,,,,,,,
1769164111.250863,1769164111.251242,85.0,0.0,4447.94873,4504.615234,4621.410156,4553.205078,4492.05127,4474.871582,4477.94873,4551.794922,4524.871582,4493.461426,4890.897461,4827.94873,4705.128418,4796.282227,,,,,,,,,,,,,,,,,,,,,,,,,,,,,,,,,,,,,,,,,,,,,,,,,,,,,,,,,,,,,,,,,,,,,,
1769164111.258672,1769164111.25915,86.0,0.0,4449.102539,4507.179688,4615.256348,4553.461426,4492.94873,4457.94873,4471.666504,4547.179688,4530.128418,4512.179688,4902.05127,4835.769043,4716.794922,4805.512695,,,,,,,,,,,,,,,,,,,,,,,,,,,,,,,,,,,,,,,,,,,,,,,,,,,,,,,,,,,,,,,,,,,,,,
1769164111.26648,1769164111.266959,87.0,0.0,4447.563965,4506.153809,4615.512695,4544.615234,4492.05127,4458.846191,4476.282227,4551.666504,4529.487305,4512.94873,4904.230957,4837.563965,4715.0,4807.179688,,,,,,,,,,,,,,,,,,,,,,,,,,,,,,,,,,,,,,,,,,,,,,,,,,,,,,,,,,,,,,,,,,,,,,
1769164111.274289,1769164111.274967,88.0,0.0,4440.769043,4494.230957,4612.94873,4536.410156,4490.128418,4469.358887,4477.563965,4553.846191,4523.717773,4502.692383,4893.717773,4828.717773,4704.743652,4797.436035,,,,,,,,,,,,,,,,,,,,,,,,,,,,,,,,,,,,,,,,,,,,,,,,,,,,,,,,,,,,,,,,,,,,,,
1769164111.282097,1769164111.282775,89.0,0.0,4434.230957,4488.974121,4604.615234,4536.282227,4489.615234,4472.94873,4475.0,4551.282227,4523.974121,4499.230957,4891.538574,4826.538574,4704.487305,4794.743652,,,,,,,,,,,,,,,,,,,,,,,,,,,,,,,,,,,,,,,,,,,,,,,,,,,,,,,,,,,,,,,,,,,,,,
1769164111.289906,1769164111.290484,90.0,0.0,4430.256348,4491.794922,4601.025879,4535.512695,4488.974121,4473.589844,4477.05127,4552.05127,4524.230957,4496.410156,4893.846191,4820.128418,4705.641113,4797.179688,,,,,,,,,,,,,,,,,,,,,,,,,,,,,,,,,,,,,,,,,,,,,,,,,,,,,,,,,,,,,,,,,,,,,,
1769164111.297714,1769164111.298292,91.0,0.0,4427.179688,4490.256348,4603.077148,4534.358887,4490.384766,4475.128418,4484.487305,4551.666504,4520.897461,4491.282227,4887.436035,4811.538574,4698.846191,4791.153809,,,,,,,,,,,,,,,,,,,,,,,,,,,,,,,,,,,,,,,,,,,,,,,,,,,,,,,,,,,,,,,,,,,,,,
1769164111.305523,1769164111.305901,92.0,0.0,4428.589844,4490.0,4604.230957,4537.820313,4494.230957,4475.897461,4490.512695,4550.0,4522.820313,4499.230957,4891.794922,4816.922852,4706.282227,4790.769043,,,,,,,,,,,,,,,,,,,,,,,,,,,,,,,,,,,,,,,,,,,,,,,,,,,,,,,,,,,,,,,,,,,,,,
1769164111.313331,1769164111.31371,93.0,0.0,4426.538574,4492.820313,4602.179688,4539.102539,4494.487305,4477.05127,4490.512695,4553.205078,4525.512695,4509.743652,4902.436035,4825.512695,4715.897461,4798.461426,,,,,,,,,,,,,,,,,,,,,,,,,,,,,,,,,,,,,,,,,,,,,,,,,,,,,,,,,,,,,,,,,,,,,,
1769164111.32114,1769164111.321418,94.0,0.0,4427.307617,4492.436035,4604.615234,4537.94873,4492.307617,4472.05127,4483.974121,4552.05127,4523.077148,4503.589844,4897.563965,4825.384766,4710.128418,4798.589844,0.677493,0.550999,0.297156,0.313864,0.267277,0.599724,0.459297,0.378008,0.216586,0.196423,0.664817,0.388812,0.182742,0.23277,0.072659,1.087075,0.295429,0.178058,0.166306,0.106104,0.260247,0.15156,0.125079,0.070796,0.025701,0.385858,0.575621,0.147111,0.140368,0.111083,0.165628,0.209216,0.109735,0.052384,0.101431,0.585051,0.429144,0.064362,0.083845,0.093344,0.17376,0.183324,0.17924,0.181085,0.14444,0.700953,0.432339,0.202803,0.307904,0.242006,0.822945,0.244533,0.224678,0.284627,0.167781,2.255438,0.294501,0.361743,0.425914,0.199695,0.665563,0.193722,0.426427,0.340024,0.149594,0.820139,0.546353,0.238833,0.447349,0.246671
1769164111.328948,1769164111.329227,95.0,0.0,4434.871582,4490.384766,4613.461426,4541.153809,4493.461426,4459.615234,4475.769043,4546.153809,4523.205078,4494.102539,4891.538574,4826.922852,4706.922852,4796.025879,,,,,,,,,,,,,,,,,,,,,,,,,,,,,,,,,,,,,,,,,,,,,,,,,,,,,,,,,,,,,,,,,,,,,,
1769164111.336757,1769164111.337235,96.0,0.0,4435.512695,4491.410156,4616.666504,4542.436035,4491.922852,4453.077148,4473.717773,4546.025879,4523.846191,4494.230957,4895.512695,4828.974121,4710.256348,4799.358887,,,,,,,,,,,,,,,,,,,,,,,,,,,,,,,,,,,,,,,,,,,,,,,,,,,,,,,,,,,,,,,,,,,,,,
1769164111.344565,1769164111.345043,97.0,0.0,4428.717773,4491.922852,4612.94873,4538.846191,4489.871582,4458.717773,4477.692383,4551.538574,4523.589844,4494.102539,4896.538574,4826.922852,4709.102539,4800.128418,,,,,,,,,,,,,,,,,,,,,,,,,,,,,,,,,,,,,,,,,,,,,,,,,,,,,,,,,,,,,,,,,,,,,,
1769164111.352373,1769164111.352752,98.0,0.0,4422.307617,4484.743652,4610.897461,4538.461426,4491.025879,4462.436035,4477.820313,4549.871582,4525.384766,4492.05127,4892.05127,4827.563965,4704.487305,4791.282227,,,,,,,,,,,,,,,,,,,,,,,,,,,,,,,,,,,,,,,,,,,,,,,,,,,,,,,,,,,,,,,,,,,,,,
1769164111.360182,1769164111.36056,99.0,0.0,4415.897461,4475.256348,4609.230957,4536.410156,4484.487305,4455.769043,4473.846191,4541.538574,4520.897461,4490.641113,4891.025879,4826.282227,4697.307617,4788.077148,,,,,,,,,,,,,,,,,,,,,,,,,,,,,,,,,,,,,,,,,,,,,,,,,,,,,,,,,,,,,,,,,,,,,,
1769164111.36799,1769164111.368169,100.0,0.0,4411.282227,4472.820313,4605.128418,4527.05127,4473.717773,4451.282227,4474.487305,4537.307617,4511.922852,4483.205078,4887.307617,4816.794922,4689.615234,4792.563965,,,,,,,,,,,,,,,,,,,,,,,,,,,,,,,,,,,,,,,,,,,,,,,,,,,,,,,,,,,,,,,,,,,,,,
1769164111.375799,1769164111.375977,101.0,0.0,4412.820313,4475.128418,4603.974121,4521.410156,4473.333496,4456.410156,4477.179688,4538.205078,4510.641113,4474.487305,4878.589844,4808.717773,4688.461426,4790.128418,,,,,,,,,,,,,,,,,,,,,,,,,,,,,,,,,,,,,,,,,,,,,,,,,,,,,,,,,,,,,,,,,,,,,,
1769164111.383607,1769164111.383686,102.0,0.0,4412.692383,4473.077148,4604.102539,4524.487305,4477.563965,4461.794922,4479.487305,4540.384766,4516.666504,4474.487305,4873.589844,4809.487305,4682.94873,4778.846191,,,,,,,,,,,,,,,,,,,,,,,,,,,,,,,,,,,,,,,,,,,,,,,,,,,,,,,,,,,,,,,,,,,,,,
1769164111.391416,1769164111.391494,103.0,0.0,4410.769043,4471.538574,4604.487305,4525.128418,4478.333496,4460.512695,4478.846191,4539.871582,4519.615234,4481.922852,4876.282227,4813.461426,4679.743652,4780.897461,,,,,,,,,,,,,,,,,,,,,,,,,,,,,,,,,,,,,,,,,,,,,,,,,,,,,,,,,,,,,,,,,,,,,,
1769164111.399224,1769164111.399503,104.0,0.0,4414.871582,4478.589844,4608.846191,4524.230957,4478.717773,4458.333496,4475.512695,4538.846191,4519.743652,4488.974121,4884.743652,4814.743652,4691.538574,4796.282227,,,,,,,,,,,,,,,,,,,,,,,,,,,,,,,,,,,,,,,,,,,,,,,,,,,,,,,,,,,,,,,,,,,,,,
1769164111.407033,1769164111.407311,105.0,0.0,4417.307617,4484.358887,4612.436035,4528.589844,4478.333496,4457.307617,4473.461426,4539.871582,4521.794922,4491.666504,4891.410156,4814.487305,4696.794922,4800.256348,,,,,,,,,,,,,,,,,,,,,,,,,,,,,,,,,,,,,,,,,,,,,,,,,,,,,,,,,,,,,,,,,,,,,,
1769164111.414841,1769164111.415219,106.0,0.0,4415.128418,4482.05127,4611.538574,4535.128418,4481.025879,4457.563965,4474.358887,4541.922852,4523.461426,4493.589844,4892.94873,4813.717773,4693.846191,4796.410156,,,,,,,,,,,,,,,,,,,,,,,,,,,,,,,,,,,,,,,,,,,,,,,,,,,,,,,,,,,,,,,,,,,,,,
1769164111.42265,1769164111.423028,107.0,0.0,4410.641113,4478.077148,4609.743652,4536.922852,4490.256348,4459.358887,4477.179688,4542.05127,4523.974121,4495.769043,4892.94873,4816.282227,4701.410156,4797.692383,,,,,,,,,,,,,,,,,,,,,,,,,,,,,,,,,,,,,,,,,,,,,,,,,,,,,,,,,,,,,,,,,,,,,,
1769164111.430458,1769164111.431036,108.0,0.0,4411.922852,4477.94873,4608.717773,4531.922852,4490.128418,4459.230957,4477.179688,4539.102539,4525.0,4495.512695,4896.153809,4817.820313,4706.666504,4797.820313,,,,,,,,,,,,,,,,,,,,,,,,,,,,,,,,,,,,,,,,,,,,,,,,,,,,,,,,,,,,,,,,,,,,,,
1769164111.438266,1769164111.438844,109.0,0.0,4413.846191,4476.922852,4605.128418,4525.512695,4479.230957,4460.128418,4474.871582,4537.05127,4521.153809,4490.0,4892.436035,4807.692383,4694.615234,4786.666504,,,,,,,,,,,,,,,,,,,,,,,,,,,,,,,,,,,,,,,,,,,,,,,,,,,,,,,,,,,,,,,,,,,,,,
1769164111.446075,1769164111.446753,110.0,0.0,4405.384766,4475.384766,4597.820313,4523.077148,4473.846191,4452.179688,4474.487305,4536.282227,4511.538574,4483.717773,4880.0,4795.0,4684.230957,4773.205078,0.675255,0.483041,0.291819,0.347056,0.265315,0.558828,0.396569,0.367571,0.235229,0.213735,0.639655,0.333253,0.159568,0.253071,0.068782,0.83096,0.289624,0.170015,0.188397,0.103325,0.235797,0.134456,0.12071,0.089952,0.024015,0.318837,0.452535,0.154139,0.159576,0.098694,0.145003,0.235073,0.134035,0.05945,0.112553,0.547414,0.442712,0.04707,0.100162,0.099371,0.147872,0.187015,0.172335,0.199082,0.14983,0.787076,0.504915,0.168397,0.301324,0.243042,0.72492,0.300726,0.205218,0.288794,0.162802,1.947185,0.246595,0.377628,0.402299,0.189912,0.600508,0.239398,0.401361,0.337724,0.152954,0.854879,0.534072,0.240128,0.360807,0.245971
1769164111.453883,1769164111.454561,111.0,0.0,4397.563965,4476.922852,4594.743652,4522.179688,4475.256348,4444.615234,4477.05127,4536.922852,4507.436035,4478.205078,4873.974121,4794.230957,4681.922852,4771.153809,,,,,,,,,,,,,,,,,,,,,,,,,,,,,,,,,,,,,,,,,,,,,,,,,,,,,,,,,,,,,,,,,,,,,,
1769164111.461692,1769164111.46257,112.0,0.0,4399.743652,4476.794922,4597.563965,4521.922852,4474.871582,4451.538574,4477.563965,4536.538574,4509.743652,4474.615234,4873.974121,4797.94873,4677.563965,4777.820313,,,,,,,,,,,,,,,,,,,,,,,,,,,,,,,,,,,,,,,,,,,,,,,,,,,,,,,,,,,,,,,,,,,,,,
1769164111.4695,1769164111.470378,113.0,0.0,4402.307617,4476.025879,4595.384766,4523.846191,4474.358887,4450.641113,4473.461426,4535.128418,4509.743652,4476.153809,4876.666504,4796.922852,4677.820313,4782.307617,,,,,,,,,,,,,,,,,,,,,,,,,,,,,,,,,,,,,,,,,,,,,,,,,,,,,,,,,,,,,,,,,,,,,,
1769164111.477309,1769164111.478087,114.0,0.0,4394.615234,4474.358887,4587.94873,4518.205078,4474.487305,4445.897461,4474.358887,4537.179688,4507.692383,4478.461426,4875.512695,4792.05127,4678.205078,4775.384766,,,,,,,,,,,,,,,,,,,,,,,,,,,,,,,,,,,,,,,,,,,,,,,,,,,,,,,,,,,,,,,,,,,,,,
1769164111.485117,1769164111.485895,115.0,0.0,4388.333496,4471.025879,4584.487305,4508.205078,4473.974121,4454.743652,4476.538574,4537.436035,4505.512695,4475.0,4865.384766,4782.307617,4667.436035,4763.333496,,,,,,,,,,,,,,,,,,,,,,,,,,,,,,,,,,,,,,,,,,,,,,,,,,,,,,,,,,,,,,,,,,,,,,
1769164111.492926,1769164111.493504,116.0,0.0,4392.692383,4473.205078,4587.692383,4515.512695,4474.102539,4453.589844,4466.410156,4532.563965,4506.410156,4472.05127,4862.563965,4775.897461,4663.974121,4761.282227,,,,,,,,,,,,,,,,,,,,,,,,,,,,,,,,,,,,,,,,,,,,,,,,,,,,,,,,,,,,,,,,,,,,,,
1769164111.500734,1769164111.501312,117.0,0.0,4397.179688,4477.692383,4589.743652,4522.307617,4474.487305,4438.589844,4456.666504,4532.436035,4510.512695,4476.794922,4875.384766,4781.153809,4679.230957,4771.282227,,,,,,,,,,,,,,,,,,,,,,,,,,,,,,,,,,,,,,,,,,,,,,,,,,,,,,,,,,,,,,,,,,,,,,
1769164111.508542,1769164111.509021,118.0,0.0,4395.0,4473.974121,4586.153809,4511.794922,4474.102539,4439.615234,4460.769043,4533.333496,4508.974121,4478.333496,4878.205078,4784.871582,4683.333496,4773.846191,,,,,,,,,,,,,,,,,,,,,,,,,,,,,,,,,,,,,,,,,,,,,,,,,,,,,,,,,,,,,,,,,,,,,,
1769164111.516351,1769164111.516829,119.0,0.0,4395.384766,4471.153809,4584.358887,4511.410156,4474.102539,4445.769043,4463.589844,4527.436035,4503.461426,4474.487305,4868.846191,4782.05127,4670.897461,4767.692383,,,,,,,,,,,,,,,,,,,,,,,,,,,,,,,,,,,,,,,,,,,,,,,,,,,,,,,,,,,,,,,,,,,,,,
1769164111.524159,1769164111.524837,120.0,0.0,4398.974121,4474.615234,4586.538574,4518.974121,4474.487305,4441.794922,4462.820313,4523.846191,4503.461426,4475.128418,4871.666504,4782.179688,4671.666504,4775.0,,,,,,,,,,,,,,,,,,,,,,,,,,,,,,,,,,,,,,,,,,,,,,,,,,,,,,,,,,,,,,,,,,,,,,
1769164111.531968,1769164111.532646,121.0,0.0,4394.230957,4476.538574,4586.666504,4512.563965,4473.974121,4442.436035,4464.102539,4523.589844,4504.743652,4473.974121,4876.153809,4784.358887,4682.563965,4785.0,,,,,,,,,,,,,,,,,,,,,,,,,,,,,,,,,,,,,,,,,,,,,,,,,,,,,,,,,,,,,,,,,,,,,,
1769164111.539776,1769164111.540554,122.0,0.0,4386.794922,4475.0,4585.128418,4507.820313,4472.820313,4443.717773,4461.538574,4524.102539,4503.846191,4465.256348,4872.307617,4784.358887,4680.0,4781.410156,,,,,,,,,,,,,,,,,,,,,,,,,,,,,,,,,,,,,,,,,,,,,,,,,,,,,,,,,,,,,,,,,,,,,,
1769164111.547585,1769164111.548363,123.0,0.0,4385.769043,4469.487305,4585.256348,4510.897461,4475.128418,4445.641113,4465.128418,4532.436035,4503.846191,4458.974121,4871.025879,4783.589844,4670.512695,4777.179688,,,,,,,,,,,,,,,,,,,,,,,,,,,,,,,,,,,,,,,,,,,,,,,,,,,,,,,,,,,,,,,,,,,,,,
1769164111.555393,1769164111.555971,124.0,0.0,4386.922852,4468.717773,4585.0,4508.974121,4473.589844,4448.205078,4470.769043,4535.512695,4504.102539,4467.307617,4870.256348,4783.589844,4673.589844,4778.846191,,,,,,,,,,,,,,,,,,,,,,,,,,,,,,,,,,,,,,,,,,,,,,,,,,,,,,,,,,,,,,,,,,,,,,
1769164111.563202,1769164111.56378,125.0,0.0,4386.410156,4474.871582,4586.025879,4508.333496,4463.205078,4442.820313,4463.205078,4526.153809,4504.102539,4472.820313,4869.871582,4783.589844,4681.922852,4778.717773,,,,,,,,,,,,,,,,,,,,,,,,,,,,,,,,,,,,,,,,,,,,,,,,,,,,,,,,,,,,,,,,,,,,,,
1769164111.57101,1769164111.571488,126.0,0.0,4381.794922,4468.589844,4585.256348,4507.436035,4457.436035,4441.025879,4459.487305,4523.717773,4504.102539,4462.307617,4868.846191,4781.410156,4679.230957,4775.512695,0.6473,0.481047,0.288178,0.35191,0.249899,0.508318,0.325413,0.344394,0.240079,0.219363,0.594909,0.289021,0.155665,0.251583,0.064856,0.614654,0.284766,0.168093,0.199539,0.100887,0.210608,0.114806,0.110135,0.105394,0.021853,0.26832,0.374062,0.199603,0.180336,0.10175,0.134297,0.296811,0.19302,0.071174,0.128086,0.504207,0.459566,0.045716,0.11348,0.10306,0.152193,0.198805,0.18596,0.213376,0.151116,0.916368,0.569494,0.160148,0.293969,0.231708,0.700727,0.398444,0.228891,0.307111,0.15396,1.579378,0.23075,0.438881,0.379783,0.179155,0.585489,0.342684,0.402058,0.350601,0.159641,0.898954,0.580799,0.287303,0.308392,0.260609
1769164111.578818,1769164111.579297,127.0,0.0,4378.461426,4453.205078,4581.538574,4501.922852,4459.615234,4442.692383,4465.0,4527.307617,4503.717773,4455.769043,4865.128418,4779.230957,4675.769043,4770.897461,,,,,,,,,,,,,,,,,,,,,,,,,,,,,,,,,,,,,,,,,,,,,,,,,,,,,,,,,,,,,,,,,,,,,,
1769164111.586627,1769164111.587305,0.0,0.0,4382.436035,4460.128418,4582.563965,4503.974121,4458.717773,4435.384766,4461.666504,4522.692383,4504.230957,4460.256348,4861.153809,4779.487305,4677.436035,4770.641113,,,,,,,,,,,,,,,,,,,,,,,,,,,,,,,,,,,,,,,,,,,,,,,,,,,,,,,,,,,,,,,,,,,,,,
1769164111.594436,1769164111.595113,1.0,0.0,4386.666504,4477.436035,4587.307617,4509.871582,4458.461426,4423.846191,4455.128418,4520.769043,4504.487305,4461.025879,4862.436035,4781.922852,4675.512695,4780.897461,,,,,,,,,,,,,,,,,,,,,,,,,,,,,,,,,,,,,,,,,,,,,,,,,,,,,,,,,,,,,,,,,,,,,,
1769164111.602244,1769164111.603022,2.0,0.0,4384.230957,4471.282227,4587.307617,4508.846191,4463.205078,4428.461426,4458.846191,4525.897461,4503.333496,4458.077148,4863.205078,4782.179688,4671.410156,4781.025879,,,,,,,,,,,,,,,,,,,,,,,,,,,,,,,,,,,,,,,,,,,,,,,,,,,,,,,,,,,,,,,,,,,,,,
1769164111.610052,1769164111.61083,3.0,0.0,4380.0,4457.820313,4585.128418,4504.871582,4463.333496,4441.538574,4461.538574,4526.025879,4505.256348,4458.333496,4858.974121,4778.461426,4670.0,4767.563965,,,,,,,,,,,,,,,,,,,,,,,,,,,,,,,,,,,,,,,,,,,,,,,,,,,,,,,,,,,,,,,,,,,,,,
1769164111.617861,1769164111.618838,4.0,0.0,4379.358887,4457.307617,4585.0,4505.641113,4459.358887,4442.94873,4462.05127,4527.692383,4510.128418,4460.384766,4860.897461,4777.05127,4671.025879,4768.333496,,,,,,,,,,,,,,,,,,,,,,,,,,,,,,,,,,,,,,,,,,,,,,,,,,,,,,,,,,,,,,,,,,,,,,
1769164111.625669,1769164111.626647,5.0,0.0,4383.333496,4460.641113,4586.153809,4509.615234,4459.487305,4438.589844,4462.436035,4535.256348,4511.025879,4464.871582,4871.922852,4781.282227,4679.358887,4782.94873,,,,,,,,,,,,,,,,,,,,,,,,,,,,,,,,,,,,,,,,,,,,,,,,,,,,,,,,,,,,,,,,,,,,,,
1769164111.633478,1769164111.634555,6.0,0.0,4387.692383,4461.666504,4587.307617,4510.769043,4461.666504,4440.897461,4460.0,4535.641113,4507.563965,4466.538574,4880.384766,4784.358887,4690.256348,4788.974121,,,,,,,,,,,,,,,,,,,,,,,,,,,,,,,,,,,,,,,,,,,,,,,,,,,,,,,,,,,,,,,,,,,,,,
1769164111.641286,1769164111.642364,7.0,0.0,4385.641113,4463.717773,4584.358887,4507.307617,4461.538574,4443.846191,4465.512695,4528.589844,4505.641113,4461.410156,4873.589844,4781.410156,4685.769043,4783.846191,,,,,,,,,,,,,,,,,,,,,,,,,,,,,,,,,,,,,,,,,,,,,,,,,,,,,,,,,,,,,,,,,,,,,,
1769164111.649095,1769164111.649972,8.0,0.0,4380.384766,4465.0,4582.05127,4506.666504,4462.05127,4442.307617,4474.358887,4526.538574,4505.769043,4457.563965,4862.820313,4779.102539,4673.205078,4779.743652,,,,,,,,,,,,,,,,,,,,,,,,,,,,,,,,,,,,,,,,,,,,,,,,,,,,,,,,,,,,,,,,,,,,,,
1769164111.656903,1769164111.657781,9.0,0.0,4378.461426,4462.563965,4581.538574,4508.461426,4462.436035,4443.077148,4471.538574,4527.307617,4506.025879,4459.615234,4863.205078,4777.436035,4673.974121,4780.128418,,,,,,,,,,,,,,,,,,,,,,,,,,,,,,,,,,,,,,,,,,,,,,,,,,,,,,,,,,,,,,,,,,,,,,
1769164111.664712,1769164111.665489,10.0,0.0,4376.025879,4460.512695,4576.153809,4502.692383,4456.538574,4441.153809,4467.94873,4524.102539,4505.0,4460.897461,4866.025879,4773.205078,4678.846191,4779.487305,,,,,,,,,,,,,,,,,,,,,,,,,,,,,,,,,,,,,,,,,,,,,,,,,,,,,,,,,,,,,,,,,,,,,,
1769164111.67252,1769164111.673298,11.0,0.0,4372.692383,4458.461426,4569.615234,4491.538574,4448.205078,4434.358887,4470.512695,4521.922852,4502.820313,4459.615234,4862.179688,4769.871582,4675.512695,4781.153809,,,,,,,,,,,,,,,,,,,,,,,,,,,,,,,,,,,,,,,,,,,,,,,,,,,,,,,,,,,,,,,,,,,,,,
1769164111.680328,1769164111.680906,12.0,0.0,4372.179688,4457.692383,4568.846191,4490.512695,4446.666504,4430.769043,4464.871582,4521.794922,4502.563965,4459.102539,4857.94873,4768.333496,4671.025879,4778.589844,,,,,,,,,,,,,,,,,,,,,,,,,,,,,,,,,,,,,,,,,,,,,,,,,,,,,,,,,,,,,,,,,,,,,,
1769164111.688137,1769164111.688715,13.0,0.0,4375.512695,4460.128418,4571.282227,4500.128418,4450.897461,4428.846191,4454.871582,4520.769043,4504.615234,4459.102539,4859.487305,4766.666504,4672.05127,4771.282227,,,,,,,,,,,,,,,,,,,,,,,,,,,,,,,,,,,,,,,,,,,,,,,,,,,,,,,,,,,,,,,,,,,,,,
1769164111.695945,1769164111.696423,14.0,0.0,4375.512695,4463.205078,4566.666504,4500.897461,4455.384766,4427.307617,4457.179688,4520.897461,4505.769043,4462.692383,4861.794922,4763.333496,4673.974121,4772.436035,0.623399,0.566684,0.299821,0.322523,0.224977,0.464874,0.272888,0.32168,0.225955,0.211658,0.554715,0.275041,0.18039,0.228905,0.061578,0.447587,0.30114,0.178686,0.197653,0.098405,0.16652,0.105067,0.096699,0.112124,0.020295,0.206442,0.373651,0.282175,0.196318,0.123504,0.108437,0.394806,0.28648,0.086499,0.147281,0.441974,0.469416,0.053866,0.120122,0.10341,0.167898,0.21616,0.207732,0.21961,0.144953,1.030746,0.61895,0.167216,0.29525,0.215372,0.703697,0.529533,0.270917,0.33222,0.142076,1.173058,0.258988,0.528247,0.363249,0.172545,0.609724,0.496106,0.413403,0.371512,0.169319,0.896533,0.69188,0.364474,0.291334,0.281467
1769164111.703754,1769164111.704232,15.0,0.0,4370.641113,4462.692383,4559.743652,4495.256348,4459.487305,4431.153809,4460.384766,4523.461426,4502.05127,4460.769043,4857.05127,4764.487305,4673.205078,4778.717773,,,,,,,,,,,,,,,,,,,,,,,,,,,,,,,,,,,,,,,,,,,,,,,,,,,,,,,,,,,,,,,,,,,,,,
1769164111.711562,1769164111.71184,16.0,0.0,4367.307617,4459.743652,4558.461426,4497.563965,4456.922852,4435.0,4458.077148,4523.717773,4495.128418,4450.0,4847.563965,4763.205078,4666.538574,4773.333496,,,,,,,,,,,,,,,,,,,,,,,,,,,,,,,,,,,,,,,,,,,,,,,,,,,,,,,,,,,,,,,,,,,,,,
1769164111.719371,1769164111.719649,17.0,0.0,4368.077148,4459.615234,4565.0,4500.769043,4449.743652,4431.538574,4458.205078,4521.153809,4490.512695,4444.615234,4844.615234,4756.666504,4657.179688,4764.615234,,,,,,,,,,,,,,,,,,,,,,,,,,,,,,,,,,,,,,,,,,,,,,,,,,,,,,,,,,,,,,,,,,,,,,
1769164111.727179,1769164111.727557,18.0,0.0,4372.179688,4456.922852,4568.333496,4497.94873,4445.512695,4427.94873,4459.102539,4520.769043,4490.128418,4446.794922,4847.179688,4760.512695,4654.358887,4769.487305,,,,,,,,,,,,,,,,,,,,,,,,,,,,,,,,,,,,,,,,,,,,,,,,,,,,,,,,,,,,,,,,,,,,,,
1769164111.734988,1769164111.735366,19.0,0.0,4371.282227,4445.384766,4558.589844,4490.769043,4439.871582,4429.871582,4460.128418,4522.563965,4489.743652,4443.333496,4843.974121,4766.153809,4655.641113,4773.717773,,,,,,,,,,,,,,,,,,,,,,,,,,,,,,,,,,,,,,,,,,,,,,,,,,,,,,,,,,,,,,,,,,,,,,
1769164111.742796,1769164111.743374,20.0,0.0,4362.820313,4438.461426,4550.512695,4486.282227,4437.692383,4430.769043,4459.230957,4521.025879,4487.05127,4439.102539,4841.282227,4758.846191,4655.384766,4769.230957,,,,,,,,,,,,,,,,,,,,,,,,,,,,,,,,,,,,,,,,,,,,,,,,,,,,,,,,,,,,,,,,,,,,,,
1769164111.750605,1769164111.751182,21.0,0.0,4357.179688,4442.94873,4552.563965,4488.589844,4439.230957,4425.897461,4455.128418,4519.358887,4488.461426,4442.436035,4843.461426,4750.769043,4653.461426,4765.769043,,,,,,,,,,,,,,,,,,,,,,,,,,,,,,,,,,,,,,,,,,,,,,,,,,,,,,,,,,,,,,,,,,,,,,
1769164111.758413,1769164111.758891,22.0,0.0,4355.128418,4440.0,4554.230957,4486.025879,4433.717773,4425.512695,4457.820313,4521.153809,4488.846191,4445.256348,4842.05127,4754.487305,4655.0,4765.897461,,,,,,,,,,,,,,,,,,,,,,,,,,,,,,,,,,,,,,,,,,,,,,,,,,,,,,,,,,,,,,,,,,,,,,
1769164111.766221,1769164111.766699,23.0,0.0,4354.871582,4432.563965,4553.077148,4480.512695,4425.0,4430.512695,4460.256348,4522.436035,4481.538574,4440.897461,4842.05127,4762.179688,4656.538574,4768.846191,,,,,,,,,,,,,,,,,,,,,,,,,,,,,,,,,,,,,,,,,,,,,,,,,,,,,,,,,,,,,,,,,,,,,,
1769164111.77403,1769164111.774308,24.0,0.0,4362.692383,4439.871582,4556.794922,4488.333496,4428.333496,4423.846191,4449.615234,4519.615234,4475.384766,4435.769043,4843.461426,4762.05127,4649.743652,4769.230957,,,,,,,,,,,,,,,,,,,,,,,,,,,,,,,,,,,,,,,,,,,,,,,,,,,,,,,,,,,,,,,,,,,,,,
1769164111.781838,1769164111.782116,25.0,0.0,4366.410156,4445.128418,4554.487305,4490.769043,4432.179688,4413.589844,4442.179688,4511.282227,4475.384766,4437.05127,4837.05127,4749.615234,4643.589844,4763.717773,,,,,,,,,,,,,,,,,,,,,,,,,,,,,,,,,,,,,,,,,,,,,,,,,,,,,,,,,,,,,,,,,,,,,,
1769164111.789647,1769164111.790025,26.0,0.0,4356.922852,4437.179688,4542.307617,4477.179688,4424.615234,4412.179688,4445.256348,4507.05127,4475.128418,4442.94873,4830.897461,4739.871582,4645.769043,4760.384766,,,,,,,,,,,,,,,,,,,,,,,,,,,,,,,,,,,,,,,,,,,,,,,,,,,,,,,,,,,,,,,,,,,,,,
1769164111.797455,1769164111.797833,27.0,0.0,4350.384766,4434.230957,4540.0,4474.358887,4418.461426,4415.641113,4445.641113,4514.743652,4473.205078,4444.615234,4830.641113,4748.974121,4648.461426,4763.461426,,,,,,,,,,,,,,,,,,,,,,,,,,,,,,,,,,,,,,,,,,,,,,,,,,,,,,,,,,,,,,,,,,,,,,
1769164111.805264,1769164111.805841,28.0,0.0,4347.94873,4434.487305,4542.692383,4474.743652,4415.512695,4421.282227,4449.871582,4517.436035,4473.589844,4439.871582,4830.769043,4751.922852,4647.05127,4762.692383,,,,,,,,,,,,,,,,,,,,,,,,,,,,,,,,,,,,,,,,,,,,,,,,,,,,,,,,,,,,,,,,,,,,,,
1769164111.813072,1769164111.81365,29.0,0.0,4339.358887,4426.282227,4538.205078,4464.615234,4411.794922,4425.384766,4454.358887,4510.512695,4473.717773,4432.436035,4829.743652,4741.538574,4641.282227,4755.256348,,,,,,,,,,,,,,,,,,,,,,,,,,,,,,,,,,,,,,,,,,,,,,,,,,,,,,,,,,,,,,,,,,,,,,
1769164111.820881,1769164111.821558,30.0,0.0,4341.153809,4426.410156,4535.897461,4465.897461,4413.974121,4423.461426,4447.05127,4508.077148,4472.94873,4426.666504,4826.538574,4741.025879,4632.94873,4750.384766,0.620163,0.722666,0.334967,0.265949,0.19582,0.463068,0.258723,0.314959,0.195236,0.193583,0.578707,0.303094,0.234403,0.192196,0.059215,0.355019,0.353548,0.206755,0.185785,0.096264,0.148038,0.120389,0.086038,0.10979,0.020638,0.169317,0.460134,0.392399,0.204378,0.159852,0.106096,0.519403,0.396163,0.102953,0.167622,0.402425,0.458434,0.06823,0.118026,0.100332,0.219473,0.236924,0.229413,0.214608,0.131029,1.170315,0.663109,0.183706,0.3096,0.201935,0.771614,0.6807,0.311725,0.351965,0.130684,0.905355,0.33028,0.619815,0.350963,0.17262,0.683706,0.688178,0.425385,0.38662,0.182116,0.890959,0.849336,0.449702,0.296807,0.297938
1769164111.828689,1769164111.829367,31.0,0.0,4358.846191,4438.717773,4541.282227,4476.922852,4418.333496,4418.974121,4442.692383,4509.358887,4473.846191,4432.05127,4824.487305,4747.94873,4636.410156,4754.743652,,,,,,,,,,,,,,,,,,,,,,,,,,,,,,,,,,,,,,,,,,,,,,,,,,,,,,,,,,,,,,,,,,,,,,
1769164111.836497,1769164111.837375,32.0,0.0,4368.077148,4445.384766,4542.307617,4473.846191,4415.384766,4415.897461,4446.410156,4506.794922,4475.384766,4443.205078,4830.512695,4750.641113,4651.922852,4762.179688,,,,,,,,,,,,,,,,,,,,,,,,,,,,,,,,,,,,,,,,,,,,,,,,,,,,,,,,,,,,,,,,,,,,,,
1769164111.844306,1769164111.845183,33.0,0.0,4358.589844,4440.897461,4540.0,4462.94873,4410.897461,4412.307617,4443.077148,4505.0,4476.153809,4445.256348,4834.615234,4747.05127,4652.179688,4761.025879,,,,,,,,,,,,,,,,,,,,,,,,,,,,,,,,,,,,,,,,,,,,,,,,,,,,,,,,,,,,,,,,,,,,,,
1769164111.852114,1769164111.852892,34.0,0.0,4343.589844,4431.922852,4535.256348,4458.974121,4410.128418,4411.025879,4440.512695,4506.282227,4475.384766,4441.538574,4828.589844,4740.256348,4641.666504,4750.897461,,,,,,,,,,,,,,,,,,,,,,,,,,,,,,,,,,,,,,,,,,,,,,,,,,,,,,,,,,,,,,,,,,,,,,
1769164111.859923,1769164111.8607,35.0,0.0,4337.820313,4427.179688,4526.282227,4460.0,4405.769043,4411.153809,4444.743652,4505.384766,4474.743652,4436.282227,4824.871582,4737.307617,4639.615234,4742.436035,,,,,,,,,,,,,,,,,,,,,,,,,,,,,,,,,,,,,,,,,,,,,,,,,,,,,,,,,,,,,,,,,,,,,,
1769164111.867731,1769164111.868309,36.0,0.0,4339.230957,4427.563965,4525.256348,4457.05127,4400.897461,4410.769043,4443.589844,4506.282227,4474.615234,4431.282227,4825.512695,4739.358887,4638.589844,4740.384766,,,,,,,,,,,,,,,,,,,,,,,,,,,,,,,,,,,,,,,,,,,,,,,,,,,,,,,,,,,,,,,,,,,,,,
1769164111.87554,1769164111.876118,37.0,0.0,4340.512695,4427.05127,4531.538574,4453.846191,4400.769043,4413.846191,4442.05127,4504.487305,4471.538574,4431.410156,4826.153809,4741.794922,4636.282227,4747.05127,,,,,,,,,,,,,,,,,,,,,,,,,,,,,,,,,,,,,,,,,,,,,,,,,,,,,,,,,,,,,,,,,,,,,,
1769164111.883348,1769164111.883826,38.0,0.0,4341.410156,4424.615234,4530.256348,4453.461426,4399.230957,4412.692383,4445.128418,4495.641113,4465.512695,4433.846191,4826.410156,4740.641113,4638.077148,4753.205078,,,,,,,,,,,,,,,,,,,,,,,,,,,,,,,,,,,,,,,,,,,,,,,,,,,,,,,,,,,,,,,,,,,,,,
1769164111.891157,1769164111.891635,39.0,0.0,4339.615234,4424.615234,4523.846191,4453.717773,4396.025879,4404.615234,4440.897461,4489.102539,4461.666504,4429.358887,4820.897461,4736.666504,4633.717773,4742.563965,,,,,,,,,,,,,,,,,,,,,,,,,,,,,,,,,,,,,,,,,,,,,,,,,,,,,,,,,,,,,,,,,,,,,,
1769164111.898965,1769164111.899243,40.0,0.0,4339.230957,4427.820313,4524.230957,4456.794922,4396.153809,4401.153809,4432.94873,4491.153809,4461.666504,4427.05127,4812.820313,4732.436035,4625.128418,4730.128418,,,,,,,,,,,,,,,,,,,,,,,,,,,,,,,,,,,,,,,,,,,,,,,,,,,,,,,,,,,,,,,,,,,,,,
1769164111.906774,1769164111.907052,41.0,0.0,4342.179688,4429.358887,4526.153809,4456.025879,4396.794922,4408.717773,4437.94873,4494.358887,4461.410156,4428.717773,4817.94873,4733.846191,4628.717773,4737.563965,,,,,,,,,,,,,,,,,,,,,,,,,,,,,,,,,,,,,,,,,,,,,,,,,,,,,,,,,,,,,,,,,,,,,,
1769164111.914582,1769164111.91476,42.0,0.0,4343.717773,4426.794922,4523.333496,4447.179688,4396.794922,4411.410156,4441.410156,4492.820313,4461.410156,4426.025879,4827.94873,4738.333496,4634.615234,4749.230957,,,,,,,,,,,,,,,,,,,,,,,,,,,,,,,,,,,,,,,,,,,,,,,,,,,,,,,,,,,,,,,,,,,,,,
1769164111.922391,1769164111.922569,43.0,0.0,4345.0,4425.0,4523.974121,4443.077148,4393.974121,4398.205078,4430.0,4492.94873,4463.461426,4429.358887,4830.128418,4741.025879,4634.871582,4751.153809,,,,,,,,,,,,,,,,,,,,,,,,,,,,,,,,,,,,,,,,,,,,,,,,,,,,,,,,,,,,,,,,,,,,,,
1769164111.930199,1769164111.930577,44.0,0.0,4342.692383,4425.897461,4522.94873,4446.282227,4389.102539,4391.538574,4424.487305,4493.205078,4464.102539,4437.179688,4825.641113,4737.436035,4634.487305,4746.025879,,,,,,,,,,,,,,,,,,,,,,,,,,,,,,,,,,,,,,,,,,,,,,,,,,,,,,,,,,,,,,,,,,,,,,
1769164111.938007,1769164111.938385,45.0,0.0,4333.205078,4422.05127,4514.615234,4445.384766,4388.461426,4398.974121,4429.230957,4490.897461,4462.179688,4430.769043,4814.230957,4726.282227,4627.05127,4736.153809,,,,,,,,,,,,,,,,,,,,,,,,,,,,,,,,,,,,,,,,,,,,,,,,,,,,,,,,,,,,,,,,,,,,,,
1769164111.945816,1769164111.946294,46.0,0.0,4328.974121,4415.0,4506.410156,4443.717773,4390.769043,4399.615234,4428.077148,4490.128418,4458.974121,4416.410156,4801.794922,4717.307617,4616.282227,4725.512695,0.631775,0.898713,0.388271,0.199433,0.166896,0.51854,0.285335,0.329338,0.157491,0.171859,0.681575,0.365917,0.304077,0.152042,0.057903,0.316878,0.439661,0.247689,0.169585,0.095575,0.137885,0.169725,0.082374,0.103401,0.023747,0.144712,0.614017,0.511595,0.205142,0.200399,0.103558,0.652392,0.49344,0.117745,0.184908,0.366346,0.415506,0.089773,0.107806,0.094648,0.26643,0.258066,0.246773,0.197419,0.111942,1.281987,0.711132,0.209039,0.332491,0.195651,0.818517,0.83724,0.343519,0.355463,0.124034,0.749666,0.429392,0.683201,0.336287,0.177578,0.750221,0.904554,0.43613,0.383502,0.197431,0.831958,1.013807,0.517913,0.308239,0.303206
1769164111.953624,1769164111.954102,47.0,0.0,4329.743652,4411.922852,4505.641113,4444.487305,4389.358887,4393.717773,4427.05127,4489.871582,4455.384766,4410.641113,4797.179688,4716.666504,4612.179688,4719.743652,,,,,,,,,,,,,,,,,,,,,,,,,,,,,,,,,,,,,,,,,,,,,,,,,,,,,,,,,,,,,,,,,,,,,,
1769164111.961433,1769164111.961711,48.0,0.0,4326.153809,4412.563965,4507.307617,4442.179688,4385.384766,4394.871582,4431.666504,4487.436035,4456.410156,4411.922852,4796.153809,4718.461426,4614.871582,4724.358887,,,,,,,,,,,,,,,,,,,,,,,,,,,,,,,,,,,,,,,,,,,,,,,,,,,,,,,,,,,,,,,,,,,,,,
1769164111.969241,1769164111.969519,49.0,0.0,4326.025879,4412.563965,4507.563965,4442.94873,4383.333496,4396.025879,4430.897461,4486.153809,4456.794922,4412.307617,4794.743652,4720.769043,4616.410156,4728.077148,,,,,,,,,,,,,,,,,,,,,,,,,,,,,,,,,,,,,,,,,,,,,,,,,,,,,,,,,,,,,,,,,,,,,,
1769164111.97705,1769164111.977228,50.0,0.0,4327.307617,4407.692383,4501.794922,4443.077148,4381.410156,4396.410156,4431.153809,4490.0,4450.897461,4410.256348,4794.487305,4717.436035,4615.256348,4721.794922,,,,,,,,,,,,,,,,,,,,,,,,,,,,,,,,,,,,,,,,,,,,,,,,,,,,,,,,,,,,,,,,,,,,,,
1769164111.984858,1769164111.985036,51.0,0.0,4321.538574,4401.153809,4493.461426,4437.820313,4380.897461,4397.563965,4432.307617,4487.692383,4445.897461,4409.230957,4788.461426,4710.0,4614.615234,4717.436035,,,,,,,,,,,,,,,,,,,,,,,,,,,,,,,,,,,,,,,,,,,,,,,,,,,,,,,,,,,,,,,,,,,,,,
1769164111.992667,1769164111.993044,52.0,0.0,4319.230957,4400.256348,4489.871582,4437.05127,4379.487305,4393.461426,4427.179688,4478.077148,4445.641113,4408.974121,4783.077148,4710.769043,4611.025879,4716.153809,,,,,,,,,,,,,,,,,,,,,,,,,,,,,,,,,,,,,,,,,,,,,,,,,,,,,,,,,,,,,,,,,,,,,,
1769164112.000475,1769164112.000853,53.0,0.0,4325.0,4406.153809,4491.538574,4441.922852,4374.743652,4389.615234,4426.538574,4476.538574,4445.256348,4406.410156,4790.641113,4719.871582,4609.230957,4716.153809,,,,,,,,,,,,,,,,,,,,,,,,,,,,,,,,,,,,,,,,,,,,,,,,,,,,,,,,,,,,,,,,,,,,,,
1769164112.008284,1769164112.008761,54.0,0.0,4331.153809,4411.922852,4499.358887,4443.333496,4372.692383,4386.666504,4428.461426,4478.589844,4443.846191,4405.769043,4797.563965,4723.333496,4613.717773,4720.769043,,,,,,,,,,,,,,,,,,,,,,,,,,,,,,,,,,,,,,,,,,,,,,,,,,,,,,,,,,,,,,,,,,,,,,
1769164112.016092,1769164112.01657,55.0,0.0,4335.256348,4411.666504,4507.820313,4441.666504,4373.205078,4380.0,4420.256348,4474.358887,4443.717773,4408.717773,4793.974121,4720.512695,4614.871582,4721.666504,,,,,,,,,,,,,,,,,,,,,,,,,,,,,,,,,,,,,,,,,,,,,,,,,,,,,,,,,,,,,,,,,,,,,,
1769164112.0239,1769164112.024578,56.0,0.0,4332.820313,4408.846191,4505.512695,4446.282227,4372.179688,4378.077148,4413.974121,4473.333496,4444.615234,4414.102539,4794.615234,4723.205078,4611.794922,4719.871582,,,,,,,,,,,,,,,,,,,,,,,,,,,,,,,,,,,,,,,,,,,,,,,,,,,,,,,,,,,,,,,,,,,,,,
1769164112.031709,1769164112.032386,57.0,0.0,4327.436035,4405.384766,4496.410156,4448.717773,4373.717773,4384.487305,4422.94873,4478.333496,4446.153809,4411.153809,4799.615234,4727.563965,4617.94873,4728.333496,,,,,,,,,,,,,,,,,,,,,,,,,,,,,,,,,,,,,,,,,,,,,,,,,,,,,,,,,,,,,,,,,,,,,,
1769164112.039517,1769164112.040295,58.0,0.0,4326.282227,4397.94873,4492.436035,4440.128418,4372.563965,4386.666504,4428.333496,4476.538574,4444.487305,4397.563965,4792.05127,4723.077148,4617.692383,4726.922852,,,,,,,,,,,,,,,,,,,,,,,,,,,,,,,,,,,,,,,,,,,,,,,,,,,,,,,,,,,,,,,,,,,,,,
1769164112.047326,1769164112.048103,59.0,0.0,4326.538574,4394.871582,4492.692383,4436.282227,4364.871582,4381.538574,4423.846191,4471.538574,4441.922852,4393.333496,4779.230957,4715.641113,4601.538574,4710.769043,,,,,,,,,,,,,,,,,,,,,,,,,,,,,,,,,,,,,,,,,,,,,,,,,,,,,,,,,,,,,,,,,,,,,,
1769164112.055134,1769164112.056111,60.0,0.0,4324.871582,4399.487305,4492.94873,4441.410156,4363.717773,4381.922852,4426.666504,4474.102539,4442.436035,4399.615234,4778.846191,4716.666504,4597.179688,4712.05127,,,,,,,,,,,,,,,,,,,,,,,,,,,,,,,,,,,,,,,,,,,,,,,,,,,,,,,,,,,,,,,,,,,,,,
1769164112.062943,1769164112.06392,61.0,0.0,4324.615234,4398.974121,4491.794922,4438.077148,4364.487305,4384.615234,4427.94873,4476.282227,4441.666504,4398.974121,4783.717773,4720.769043,4604.871582,4722.692383,,,,,,,,,,,,,,,,,,,,,,,,,,,,,,,,,,,,,,,,,,,,,,,,,,,,,,,,,,,,,,,,,,,,,,
1769164112.070751,1769164112.071628,62.0,0.0,4325.641113,4396.666504,4490.512695,4427.94873,4357.307617,4381.922852,4420.769043,4473.077148,4440.384766,4394.743652,4783.205078,4718.974121,4603.974121,4720.769043,0.633002,1.030516,0.446415,0.146996,0.140913,0.602649,0.336635,0.36032,0.127196,0.154029,0.839088,0.438766,0.366723,0.119152,0.057952,0.298357,0.535691,0.291461,0.155567,0.097667,0.156837,0.252183,0.088852,0.100835,0.029615,0.129846,0.794361,0.611043,0.201726,0.232854,0.12409,0.770884,0.54987,0.12808,0.194744,0.336832,0.343257,0.119196,0.092844,0.087908,0.325474,0.277826,0.256686,0.169976,0.091604,1.345114,0.762376,0.240153,0.353597,0.194944,0.837222,0.981823,0.36778,0.337875,0.123828,0.710764,0.531723,0.694859,0.311443,0.182771,0.789123,1.1122,0.446111,0.358673,0.21305,0.789378,1.140445,0.550482,0.31192,0.295503
1769164112.07856,1769164112.079437,63.0,0.0,4320.0,4397.179688,4490.769043,4427.179688,4354.358887,4380.897461,4420.0,4472.94873,4441.282227,4396.794922,4781.538574,4718.205078,4599.743652,4717.820313,,,,,,,,,,,,,,,,,,,,,,,,,,,,,,,,,,,,,,,,,,,,,,,,,,,,,,,,,,,,,,,,,,,,,,
1769164112.086368,1769164112.087045,64.0,0.0,4312.94873,4393.333496,4488.077148,4433.333496,4357.563965,4383.974121,4425.384766,4474.102539,4441.410156,4395.641113,4781.410156,4717.436035,4600.641113,4719.230957,,,,,,,,,,,,,,,,,,,,,,,,,,,,,,,,,,,,,,,,,,,,,,,,,,,,,,,,,,,,,,,,,,,,,,
1769164112.094176,1769164112.094854,65.0,0.0,4323.846191,4397.563965,4488.846191,4440.256348,4359.230957,4379.102539,4418.077148,4468.717773,4440.769043,4394.487305,4781.025879,4714.102539,4601.794922,4720.384766,,,,,,,,,,,,,,,,,,,,,,,,,,,,,,,,,,,,,,,,,,,,,,,,,,,,,,,,,,,,,,,,,,,,,,
1769164112.101985,1769164112.102562,66.0,0.0,4338.077148,4410.0,4490.0,4442.436035,4360.897461,4371.538574,4409.743652,4462.307617,4439.358887,4398.461426,4781.538574,4710.0,4599.743652,4720.0,,,,,,,,,,,,,,,,,,,,,,,,,,,,,,,,,,,,,,,,,,,,,,,,,,,,,,,,,,,,,,,,,,,,,,
1769164112.109793,1769164112.110371,67.0,0.0,4331.794922,4407.179688,4481.666504,4436.922852,4360.384766,4371.794922,4416.666504,4462.436035,4437.820313,4397.692383,4782.05127,4707.307617,4603.333496,4720.384766,,,,,,,,,,,,,,,,,,,,,,,,,,,,,,,,,,,,,,,,,,,,,,,,,,,,,,,,,,,,,,,,,,,,,,
1769164112.117602,1769164112.118379,68.0,0.0,4325.128418,4398.974121,4476.410156,4438.974121,4360.0,4373.461426,4418.717773,4462.05127,4440.384766,4397.436035,4780.256348,4707.179688,4609.871582,4722.179688,,,,,,,,,,,,,,,,,,,,,,,,,,,,,,,,,,,,,,,,,,,,,,,,,,,,,,,,,,,,,,,,,,,,,,
1769164112.12541,1769164112.126188,69.0,0.0,4327.436035,4401.410156,4479.871582,4446.153809,4363.077148,4377.436035,4414.487305,4461.538574,4444.743652,4398.461426,4779.230957,4708.333496,4607.436035,4718.846191,,,,,,,,,,,,,,,,,,,,,,,,,,,,,,,,,,,,,,,,,,,,,,,,,,,,,,,,,,,,,,,,,,,,,,
1769164112.133219,1769164112.134096,70.0,0.0,4322.94873,4400.256348,4477.563965,4439.230957,4361.410156,4381.794922,4416.794922,4463.846191,4439.102539,4394.743652,4779.871582,4706.794922,4602.563965,4712.820313,,,,,,,,,,,,,,,,,,,,,,,,,,,,,,,,,,,,,,,,,,,,,,,,,,,,,,,,,,,,,,,,,,,,,,
1769164112.141027,1769164112.141904,71.0,0.0,4319.358887,4395.769043,4472.307617,4428.589844,4357.05127,4375.384766,4416.282227,4464.102539,4435.128418,4393.589844,4777.307617,4703.717773,4603.974121,4709.487305,,,,,,,,,,,,,,,,,,,,,,,,,,,,,,,,,,,,,,,,,,,,,,,,,,,,,,,,,,,,,,,,,,,,,,
1769164112.148836,1769164112.149913,72.0,0.0,4319.358887,4394.871582,4475.512695,4428.589844,4357.436035,4371.410156,4417.436035,4463.974121,4437.563965,4394.358887,4771.282227,4704.230957,4602.307617,4703.974121,,,,,,,,,,,,,,,,,,,,,,,,,,,,,,,,,,,,,,,,,,,,,,,,,,,,,,,,,,,,,,,,,,,,,,
1769164112.156644,1769164112.157721,73.0,0.0,4314.487305,4391.410156,4474.102539,4429.871582,4357.820313,4379.615234,4423.205078,4463.205078,4432.94873,4388.717773,4771.410156,4705.769043,4598.589844,4701.153809,,,,,,,,,,,,,,,,,,,,,,,,,,,,,,,,,,,,,,,,,,,,,,,,,,,,,,,,,,,,,,,,,,,,,,
1769164112.164452,1769164112.16543,74.0,0.0,4309.615234,4387.820313,4463.205078,4429.230957,4355.256348,4376.794922,4418.333496,4460.128418,4427.94873,4387.05127,4776.410156,4701.410156,4603.589844,4705.256348,,,,,,,,,,,,,,,,,,,,,,,,,,,,,,,,,,,,,,,,,,,,,,,,,,,,,,,,,,,,,,,,,,,,,,
1769164112.172261,1769164112.173238,75.0,0.0,4307.307617,4388.205078,4456.153809,4429.871582,4353.717773,4364.102539,4407.307617,4458.846191,4430.256348,4386.153809,4772.436035,4693.461426,4601.153809,4701.153809,,,,,,,,,,,,,,,,,,,,,,,,,,,,,,,,,,,,,,,,,,,,,,,,,,,,,,,,,,,,,,,,,,,,,,
1769164112.180069,1769164112.180847,76.0,0.0,4305.256348,4390.897461,4456.410156,4430.256348,4352.05127,4366.794922,4410.897461,4453.717773,4428.974121,4374.615234,4762.94873,4689.358887,4587.307617,4689.230957,,,,,,,,,,,,,,,,,,,,,,,,,,,,,,,,,,,,,,,,,,,,,,,,,,,,,,,,,,,,,,,,,,,,,,
1769164112.187878,1769164112.188655,77.0,0.0,4310.384766,4393.717773,4460.641113,4430.512695,4350.0,4372.563965,4413.974121,4448.077148,4424.230957,4371.153809,4762.692383,4690.256348,4585.128418,4690.256348,,,,,,,,,,,,,,,,,,,,,,,,,,,,,,,,,,,,,,,,,,,,,,,,,,,,,,,,,,,,,,,,,,,,,,
1769164112.195686,1769164112.196564,78.0,0.0,4313.846191,4391.538574,4459.743652,4427.94873,4349.102539,4365.512695,4407.820313,4452.436035,4427.820313,4381.794922,4765.769043,4686.666504,4586.794922,4692.179688,0.591347,1.075139,0.495997,0.131712,0.119564,0.686575,0.387695,0.395415,0.117729,0.144765,1.031749,0.493214,0.399977,0.101931,0.059533,0.282373,0.607036,0.325017,0.14799,0.103551,0.193432,0.349404,0.105331,0.108464,0.037206,0.128392,0.950289,0.665282,0.197772,0.248295,0.155578,0.853401,0.554376,0.132549,0.19441,0.296502,0.26189,0.154185,0.078748,0.081846,0.375894,0.293754,0.254933,0.137196,0.073401,1.320657,0.805134,0.272516,0.364274,0.193738,0.796057,1.099061,0.388276,0.304252,0.129053,0.741321,0.613641,0.646466,0.276782,0.184357,0.767671,1.26533,0.453357,0.322003,0.225819,0.739755,1.194246,0.539637,0.308958,0.279229
1769164112.203495,1769164112.204372,79.0,0.0,4299.487305,4378.974121,4446.794922,4417.179688,4347.820313,4363.461426,4410.897461,4459.871582,4431.922852,4384.358887,4756.666504,4677.563965,4576.282227,4678.461426,,,,,,,,,,,,,,,,,,,,,,,,,,,,,,,,,,,,,,,,,,,,,,,,,,,,,,,,,,,,,,,,,,,,,,
1769164112.211303,1769164112.21238,80.0,0.0,4290.384766,4371.153809,4439.102539,4409.615234,4343.974121,4366.666504,4413.077148,4461.153809,4429.230957,4382.94873,4752.692383,4677.820313,4575.769043,4672.05127,,,,,,,,,,,,,,,,,,,,,,,,,,,,,,,,,,,,,,,,,,,,,,,,,,,,,,,,,,,,,,,,,,,,,,
1769164112.219112,1769164112.220189,81.0,0.0,4302.563965,4376.153809,4451.282227,4414.230957,4340.0,4360.128418,4407.692383,4458.974121,4427.820313,4386.666504,4761.410156,4686.282227,4587.820313,4678.077148,,,,,,,,,,,,,,,,,,,,,,,,,,,,,,,,,,,,,,,,,,,,,,,,,,,,,,,,,,,,,,,,,,,,,,
1769164112.22692,1769164112.227897,82.0,0.0,4313.974121,4382.436035,4464.743652,4423.205078,4340.0,4356.666504,4407.179688,4450.641113,4427.692383,4383.717773,4762.563965,4686.538574,4586.410156,4680.256348,,,,,,,,,,,,,,,,,,,,,,,,,,,,,,,,,,,,,,,,,,,,,,,,,,,,,,,,,,,,,,,,,,,,,,
1769164112.234729,1769164112.235706,83.0,0.0,4312.820313,4385.641113,4458.205078,4425.769043,4341.282227,4361.410156,4408.205078,4441.794922,4422.179688,4375.897461,4754.487305,4678.589844,4582.05127,4684.102539,,,,,,,,,,,,,,,,,,,,,,,,,,,,,,,,,,,,,,,,,,,,,,,,,,,,,,,,,,,,,,,,,,,,,,
1769164112.242537,1769164112.243314,84.0,0.0,4310.512695,4386.666504,4447.563965,4421.538574,4337.05127,4361.153809,4402.179688,4442.563965,4414.230957,4371.025879,4748.846191,4675.256348,4585.384766,4687.05127,,,,,,,,,,,,,,,,,,,,,,,,,,,,,,,,,,,,,,,,,,,,,,,,,,,,,,,,,,,,,,,,,,,,,,
1769164112.250346,1769164112.251123,85.0,0.0,4311.666504,4387.05127,4452.307617,4420.0,4332.307617,4356.794922,4397.05127,4441.538574,4411.794922,4371.282227,4746.538574,4677.05127,4583.717773,4680.641113,,,,,,,,,,,,,,,,,,,,,,,,,,,,,,,,,,,,,,,,,,,,,,,,,,,,,,,,,,,,,,,,,,,,,,
1769164112.258154,1769164112.259031,86.0,0.0,4309.743652,4379.358887,4458.205078,4418.974121,4330.128418,4356.538574,4399.358887,4433.846191,4412.692383,4370.769043,4744.358887,4677.436035,4578.077148,4677.692383,,,,,,,,,,,,,,,,,,,,,,,,,,,,,,,,,,,,,,,,,,,,,,,,,,,,,,,,,,,,,,,,,,,,,,
1769164112.265962,1769164112.26684,87.0,0.0,4307.179688,4370.897461,4453.333496,4414.871582,4327.179688,4354.615234,4398.717773,4433.589844,4412.307617,4366.153809,4742.820313,4677.05127,4572.692383,4677.94873,,,,,,,,,,,,,,,,,,,,,,,,,,,,,,,,,,,,,,,,,,,,,,,,,,,,,,,,,,,,,,,,,,,,,,
1769164112.273771,1769164112.274448,88.0,0.0,4310.384766,4377.94873,4447.563965,4414.230957,4327.820313,4349.487305,4395.256348,4437.05127,4412.820313,4370.128418,4744.102539,4680.384766,4569.743652,4677.94873,,,,,,,,,,,,,,,,,,,,,,,,,,,,,,,,,,,,,,,,,,,,,,,,,,,,,,,,,,,,,,,,,,,,,,
1769164112.281579,1769164112.282257,89.0,0.0,4311.538574,4382.563965,4445.128418,4410.0,4326.922852,4347.692383,4394.358887,4433.333496,4413.461426,4371.410156,4744.230957,4676.282227,4573.717773,4680.0,,,,,,,,,,,,,,,,,,,,,,,,,,,,,,,,,,,,,,,,,,,,,,,,,,,,,,,,,,,,,,,,,,,,,,
1769164112.289388,1769164112.289965,90.0,0.0,4299.102539,4367.179688,4442.05127,4397.436035,4318.077148,4346.538574,4395.641113,4428.205078,4409.615234,4355.0,4730.897461,4657.179688,4566.538574,4666.922852,,,,,,,,,,,,,,,,,,,,,,,,,,,,,,,,,,,,,,,,,,,,,,,,,,,,,,,,,,,,,,,,,,,,,,
1769164112.297196,1769164112.297774,91.0,0.0,4292.820313,4358.333496,4441.025879,4391.922852,4314.487305,4342.05127,4394.615234,4429.230957,4406.025879,4348.717773,4721.153809,4646.922852,4554.230957,4653.205078,,,,,,,,,,,,,,,,,,,,,,,,,,,,,,,,,,,,,,,,,,,,,,,,,,,,,,,,,,,,,,,,,,,,,,
1769164112.305005,1769164112.305382,92.0,0.0,4303.974121,4364.615234,4444.358887,4395.128418,4318.461426,4339.743652,4390.128418,4431.025879,4404.230957,4358.205078,4728.205078,4656.025879,4557.820313,4665.0,,,,,,,,,,,,,,,,,,,,,,,,,,,,,,,,,,,,,,,,,,,,,,,,,,,,,,,,,,,,,,,,,,,,,,
1769164112.312813,1769164112.313191,93.0,0.0,4305.384766,4362.179688,4442.692383,4390.384766,4314.743652,4341.922852,4391.410156,4428.974121,4400.384766,4357.692383,4727.94873,4662.94873,4562.179688,4672.05127,,,,,,,,,,,,,,,,,,,,,,,,,,,,,,,,,,,,,,,,,,,,,,,,,,,,,,,,,,,,,,,,,,,,,,
1769164112.320622,1769164112.320899,94.0,0.0,4294.102539,4352.307617,4435.384766,4379.871582,4309.102539,4342.563965,4396.282227,4427.307617,4397.692383,4351.922852,4719.230957,4656.538574,4556.025879,4657.436035,0.50688,1.028675,0.526357,0.163072,0.104372,0.749647,0.421658,0.422109,0.133096,0.144188,1.150144,0.509098,0.393887,0.105766,0.06267,0.252625,0.626622,0.342159,0.146227,0.113269,0.241873,0.432885,0.130286,0.126208,0.044746,0.13011,1.038152,0.66293,0.195071,0.243477,0.191308,0.884091,0.51287,0.131501,0.18447,0.251661,0.200011,0.187617,0.070675,0.077307,0.428515,0.304,0.238643,0.105437,0.059047,1.218604,0.82042,0.300064,0.362139,0.185518,0.746244,1.175109,0.407185,0.266898,0.13635,0.785563,0.65762,0.549832,0.240577,0.180854,0.715919,1.325442,0.45362,0.289427,0.232338,0.723753,1.166989,0.491673,0.310069,0.261638
1769164112.32843,1769164112.328708,95.0,0.0,4292.179688,4347.820313,4429.358887,4374.102539,4313.205078,4341.282227,4395.897461,4428.589844,4397.179688,4352.692383,4717.307617,4648.461426,4552.307617,4646.666504,,,,,,,,,,,,,,,,,,,,,,,,,,,,,,,,,,,,,,,,,,,,,,,,,,,,,,,,,,,,,,,,,,,,,,
1769164112.336239,1769164112.336716,96.0,0.0,4295.512695,4344.871582,4428.589844,4373.205078,4315.512695,4345.0,4390.512695,4428.077148,4396.794922,4350.897461,4718.974121,4646.153809,4551.153809,4645.0,,,,,,,,,,,,,,,,,,,,,,,,,,,,,,,,,,,,,,,,,,,,,,,,,,,,,,,,,,,,,,,,,,,,,,
1769164112.344047,1769164112.344524,97.0,0.0,4295.128418,4348.717773,4432.94873,4372.820313,4311.410156,4341.794922,4384.102539,4421.666504,4393.461426,4348.589844,4717.820313,4647.05127,4550.641113,4646.666504,,,,,,,,,,,,,,,,,,,,,,,,,,,,,,,,,,,,,,,,,,,,,,,,,,,,,,,,,,,,,,,,,,,,,,
1769164112.351855,1769164112.352433,98.0,0.0,4296.538574,4354.102539,4436.153809,4369.871582,4310.128418,4329.487305,4380.769043,4416.666504,4390.897461,4346.153809,4716.282227,4648.205078,4551.410156,4654.102539,,,,,,,,,,,,,,,,,,,,,,,,,,,,,,,,,,,,,,,,,,,,,,,,,,,,,,,,,,,,,,,,,,,,,,
1769164112.359664,1769164112.360241,99.0,0.0,4297.179688,4348.846191,4434.743652,4365.512695,4311.794922,4332.179688,4382.179688,4417.307617,4388.333496,4340.0,4709.230957,4645.641113,4543.333496,4647.692383,,,,,,,,,,,,,,,,,,,,,,,,,,,,,,,,,,,,,,,,,,,,,,,,,,,,,,,,,,,,,,,,,,,,,,
1769164112.367472,1769164112.368249,100.0,0.0,4294.743652,4342.563965,4428.717773,4360.384766,4309.487305,4341.153809,4383.846191,4415.384766,4383.717773,4339.230957,4702.563965,4637.94873,4533.974121,4633.846191,,,,,,,,,,,,,,,,,,,,,,,,,,,,,,,,,,,,,,,,,,,,,,,,,,,,,,,,,,,,,,,,,,,,,,
1769164112.375281,1769164112.376058,101.0,0.0,4293.717773,4342.05127,4423.589844,4351.666504,4305.128418,4330.384766,4381.282227,4410.769043,4379.615234,4340.769043,4704.615234,4630.897461,4537.179688,4636.538574,,,,,,,,,,,,,,,,,,,,,,,,,,,,,,,,,,,,,,,,,,,,,,,,,,,,,,,,,,,,,,,,,,,,,,
1769164112.383089,1769164112.383766,102.0,0.0,4291.282227,4341.025879,4423.846191,4344.871582,4307.179688,4319.102539,4380.0,4412.05127,4380.256348,4338.846191,4703.717773,4631.922852,4539.871582,4641.538574,,,,,,,,,,,,,,,,,,,,,,,,,,,,,,,,,,,,,,,,,,,,,,,,,,,,,,,,,,,,,,,,,,,,,,
1769164112.390898,1769164112.391575,103.0,0.0,4283.846191,4336.153809,4421.410156,4340.769043,4308.846191,4326.538574,4381.153809,4414.871582,4382.692383,4341.410156,4696.410156,4632.307617,4529.743652,4633.333496,,,,,,,,,,,,,,,,,,,,,,,,,,,,,,,,,,,,,,,,,,,,,,,,,,,,,,,,,,,,,,,,,,,,,,
1769164112.398706,1769164112.399583,104.0,0.0,4276.794922,4330.512695,4417.563965,4337.307617,4305.128418,4331.538574,4381.410156,4411.410156,4380.256348,4340.512695,4692.05127,4626.538574,4519.871582,4629.102539,,,,,,,,,,,,,,,,,,,,,,,,,,,,,,,,,,,,,,,,,,,,,,,,,,,,,,,,,,,,,,,,,,,,,,
1769164112.406515,1769164112.407392,105.0,0.0,4281.666504,4328.333496,4418.461426,4336.282227,4305.256348,4327.563965,4381.666504,4409.871582,4376.282227,4333.333496,4696.922852,4624.358887,4528.205078,4638.077148,,,,,,,,,,,,,,,,,,,,,,,,,,,,,,,,,,,,,,,,,,,,,,,,,,,,,,,,,,,,,,,,,,,,,,
1769164112.414323,1769164112.4151,106.0,0.0,4292.436035,4329.102539,4422.94873,4333.205078,4303.717773,4326.666504,4381.538574,4411.794922,4375.0,4337.820313,4702.563965,4628.333496,4539.487305,4642.820313,,,,,,,,,,,,,,,,,,,,,,,,,,,,,,,,,,,,,,,,,,,,,,,,,,,,,,,,,,,,,,,,,,,,,,
1769164112.422131,1769164112.422909,107.0,0.0,4290.769043,4329.871582,4421.025879,4327.307617,4299.230957,4325.641113,4379.871582,4409.102539,4373.589844,4343.461426,4697.820313,4627.820313,4532.307617,4632.307617,,,,,,,,,,,,,,,,,,,,,,,,,,,,,,,,,,,,,,,,,,,,,,,,,,,,,,,,,,,,,,,,,,,,,,
1769164112.42994,1769164112.430517,108.0,0.0,4281.025879,4326.025879,4413.077148,4323.333496,4302.179688,4325.384766,4380.128418,4405.512695,4372.563965,4334.615234,4689.102539,4619.871582,4518.461426,4617.94873,,,,,,,,,,,,,,,,,,,,,,,,,,,,,,,,,,,,,,,,,,,,,,,,,,,,,,,,,,,,,,,,,,,,,,
1769164112.437748,1769164112.438326,109.0,0.0,4281.282227,4326.025879,4413.717773,4320.256348,4306.025879,4324.615234,4379.358887,4406.794922,4372.820313,4332.94873,4688.717773,4616.410156,4520.512695,4617.307617,,,,,,,,,,,,,,,,,,,,,,,,,,,,,,,,,,,,,,,,,,,,,,,,,,,,,,,,,,,,,,,,,,,,,,
1769164112.445557,1769164112.446034,110.0,0.0,4283.461426,4326.794922,4413.589844,4315.384766,4300.897461,4321.794922,4375.0,4406.410156,4374.358887,4340.897461,4692.179688,4617.820313,4525.512695,4622.05127,0.402765,0.932479,0.539365,0.233236,0.096525,0.763985,0.434905,0.434396,0.168182,0.148151,1.198607,0.486969,0.357725,0.130907,0.067673,0.21055,0.590431,0.348436,0.146933,0.125185,0.297847,0.474302,0.159471,0.147405,0.050325,0.138994,1.034394,0.609102,0.193244,0.221782,0.230869,0.858911,0.44779,0.125968,0.168832,0.204885,0.17325,0.211292,0.070938,0.074176,0.504246,0.30729,0.207319,0.080183,0.048681,1.072335,0.795305,0.319355,0.351287,0.168198,0.748766,1.197906,0.424991,0.238013,0.14216,0.881994,0.657758,0.435907,0.213275,0.173972,0.672242,1.278884,0.448659,0.272453,0.230217,0.758204,1.077058,0.424666,0.323314,0.249118
1769164112.453365,1769164112.453843,111.0,0.0,4273.333496,4316.794922,4404.743652,4308.333496,4295.128418,4321.025879,4372.436035,4402.563965,4372.436035,4333.589844,4684.871582,4613.205078,4516.922852,4613.974121,,,,,,,,,,,,,,,,,,,,,,,,,,,,,,,,,,,,,,,,,,,,,,,,,,,,,,,,,,,,,,,,,,,,,,
1769164112.461174,1769164112.461851,112.0,0.0,4271.153809,4310.0,4404.102539,4304.743652,4295.641113,4317.436035,4372.179688,4398.846191,4367.436035,4322.307617,4680.512695,4612.307617,4513.333496,4614.487305,,,,,,,,,,,,,,,,,,,,,,,,,,,,,,,,,,,,,,,,,,,,,,,,,,,,,,,,,,,,,,,,,,,,,,
1769164112.468982,1769164112.469659,113.0,0.0,4285.769043,4318.974121,4417.820313,4306.025879,4296.666504,4308.717773,4367.94873,4397.563965,4364.615234,4326.153809,4686.922852,4621.794922,4522.94873,4627.820313,,,,,,,,,,,,,,,,,,,,,,,,,,,,,,,,,,,,,,,,,,,,,,,,,,,,,,,,,,,,,,,,,,,,,,
1769164112.476791,1769164112.477368,114.0,0.0,4289.102539,4325.128418,4420.128418,4303.461426,4294.743652,4309.102539,4364.871582,4399.743652,4366.794922,4331.282227,4685.769043,4622.563965,4522.94873,4624.615234,,,,,,,,,,,,,,,,,,,,,,,,,,,,,,,,,,,,,,,,,,,,,,,,,,,,,,,,,,,,,,,,,,,,,,
1769164112.484599,1769164112.485176,115.0,0.0,4281.794922,4318.974121,4410.641113,4297.436035,4294.358887,4318.846191,4370.256348,4401.282227,4369.230957,4328.974121,4678.333496,4613.974121,4515.512695,4612.94873,,,,,,,,,,,,,,,,,,,,,,,,,,,,,,,,,,,,,,,,,,,,,,,,,,,,,,,,,,,,,,,,,,,,,,
1769164112.492408,1769164112.492785,116.0,0.0,4278.717773,4313.589844,4408.461426,4291.922852,4292.563965,4316.794922,4373.974121,4398.333496,4369.102539,4328.205078,4677.94873,4616.025879,4519.871582,4617.179688,,,,,,,,,,,,,,,,,,,,,,,,,,,,,,,,,,,,,,,,,,,,,,,,,,,,,,,,,,,,,,,,,,,,,,
1769164112.500216,1769164112.500593,117.0,0.0,4272.820313,4308.461426,4408.077148,4283.846191,4286.922852,4306.666504,4369.230957,4396.794922,4366.410156,4327.05127,4680.769043,4620.641113,4520.897461,4618.333496,,,,,,,,,,,,,,,,,,,,,,,,,,,,,,,,,,,,,,,,,,,,,,,,,,,,,,,,,,,,,,,,,,,,,,
1769164112.508025,1769164112.508302,118.0,0.0,4269.102539,4303.589844,4407.307617,4275.897461,4282.94873,4308.974121,4367.179688,4397.179688,4360.0,4320.0,4677.692383,4615.641113,4508.846191,4609.871582,,,,,,,,,,,,,,,,,,,,,,,,,,,,,,,,,,,,,,,,,,,,,,,,,,,,,,,,,,,,,,,,,,,,,,
1769164112.515833,1769164112.51611,119.0,0.0,4280.512695,4307.307617,4412.179688,4275.512695,4283.077148,4314.102539,4366.666504,4395.897461,4356.025879,4314.871582,4673.846191,4614.615234,4503.974121,4610.641113,,,,,,,,,,,,,,,,,,,,,,,,,,,,,,,,,,,,,,,,,,,,,,,,,,,,,,,,,,,,,,,,,,,,,,
1769164112.523641,1769164112.524119,120.0,0.0,4292.820313,4312.436035,4416.538574,4277.820313,4282.563965,4308.846191,4362.94873,4395.0,4359.102539,4316.666504,4672.563965,4616.538574,4510.0,4616.666504,,,,,,,,,,,,,,,,,,,,,,,,,,,,,,,,,,,,,,,,,,,,,,,,,,,,,,,,,,,,,,,,,,,,,,
1769164112.53145,1769164112.531927,121.0,0.0,4288.077148,4312.05127,4414.230957,4277.179688,4280.769043,4305.128418,4362.307617,4393.333496,4358.461426,4314.102539,4671.794922,4609.358887,4511.410156,4618.589844,,,,,,,,,,,,,,,,,,,,,,,,,,,,,,,,,,,,,,,,,,,,,,,,,,,,,,,,,,,,,,,,,,,,,,
1769164112.539258,1769164112.539836,122.0,0.0,4281.025879,4312.05127,4408.846191,4274.358887,4282.436035,4307.05127,4362.692383,4387.692383,4352.820313,4306.538574,4672.05127,4602.179688,4507.563965,4616.282227,,,,,,,,,,,,,,,,,,,,,,,,,,,,,,,,,,,,,,,,,,,,,,,,,,,,,,,,,,,,,,,,,,,,,,
1769164112.547067,1769164112.547644,123.0,0.0,4281.410156,4313.717773,4407.179688,4268.846191,4284.743652,4302.563965,4357.05127,4384.102539,4353.717773,4306.153809,4670.128418,4602.179688,4507.563965,4608.333496,,,,,,,,,,,,,,,,,,,,,,,,,,,,,,,,,,,,,,,,,,,,,,,,,,,,,,,,,,,,,,,,,,,,,,
1769164112.554875,1769164112.555652,124.0,0.0,4282.436035,4311.410156,4410.641113,4265.641113,4282.692383,4296.410156,4352.94873,4383.077148,4353.589844,4308.717773,4665.641113,4600.897461,4501.794922,4603.974121,,,,,,,,,,,,,,,,,,,,,,,,,,,,,,,,,,,,,,,,,,,,,,,,,,,,,,,,,,,,,,,,,,,,,,
1769164112.562684,1769164112.563461,125.0,0.0,4283.974121,4308.846191,4410.769043,4265.128418,4278.974121,4296.922852,4356.410156,4380.256348,4345.128418,4305.897461,4660.897461,4596.410156,4492.820313,4605.897461,,,,,,,,,,,,,,,,,,,,,,,,,,,,,,,,,,,,,,,,,,,,,,,,,,,,,,,,,,,,,,,,,,,,,,
1769164112.570492,1769164112.571369,126.0,0.0,4287.05127,4311.922852,4405.512695,4262.94873,4278.589844,4298.461426,4356.153809,4378.717773,4344.743652,4307.820313,4662.820313,4597.436035,4499.615234,4604.743652,0.339572,0.83797,0.532772,0.321487,0.096326,0.747665,0.435063,0.430434,0.213293,0.151207,1.151307,0.438927,0.30694,0.17245,0.07531,0.19234,0.518118,0.353662,0.147207,0.136395,0.357597,0.460827,0.184875,0.16186,0.052853,0.139213,0.943817,0.520108,0.190322,0.191951,0.248473,0.783867,0.383184,0.117998,0.152822,0.166328,0.182755,0.221407,0.078953,0.072045,0.528746,0.304969,0.168328,0.064176,0.04159,0.893768,0.735096,0.329681,0.338775,0.145745,0.740635,1.165765,0.436912,0.223858,0.144392,0.899306,0.621581,0.332302,0.202382,0.16682,0.602763,1.147529,0.438173,0.272247,0.219555,0.789475,0.954403,0.359122,0.349162,0.244251
1769164112.578301,1769164112.579177,127.0,0.0,4285.128418,4313.461426,4401.794922,4263.846191,4280.769043,4294.230957,4350.897461,4380.641113,4349.743652,4308.974121,4665.897461,4600.512695,4506.794922,4601.410156,,,,,,,,,,,,,,,,,,,,,,,,,,,,,,,,,,,,,,,,,,,,,,,,,,,,,,,,,,,,,,,,,,,,,,
1769164112.586109,1769164112.587186,0.0,0.0,4278.077148,4306.538574,4398.461426,4262.692383,4280.769043,4286.922852,4349.871582,4379.743652,4346.410156,4298.717773,4658.846191,4595.128418,4495.641113,4596.794922,,,,,,,,,,,,,,,,,,,,,,,,,,,,,,,,,,,,,,,,,,,,,,,,,,,,,,,,,,,,,,,,,,,,,,
1769164112.593917,1769164112.594994,1.0,0.0,4276.282227,4296.538574,4396.153809,4253.333496,4277.820313,4286.410156,4351.025879,4375.897461,4339.871582,4291.282227,4648.846191,4585.769043,4485.512695,4588.333496,,,,,,,,,,,,,,,,,,,,,,,,,,,,,,,,,,,,,,,,,,,,,,,,,,,,,,,,,,,,,,,,,,,,,,
1769164112.601726,1769164112.602703,2.0,0.0,4277.563965,4293.205078,4395.512695,4246.410156,4275.0,4289.487305,4349.615234,4373.333496,4336.410156,4294.871582,4646.538574,4585.0,4488.205078,4584.743652,,,,,,,,,,,,,,,,,,,,,,,,,,,,,,,,,,,,,,,,,,,,,,,,,,,,,,,,,,,,,,,,,,,,,,
1769164112.609534,1769164112.610511,3.0,0.0,4277.436035,4295.0,4396.153809,4248.846191,4276.153809,4286.538574,4347.179688,4370.384766,4334.230957,4297.563965,4650.0,4590.769043,4490.641113,4588.717773,,,,,,,,,,,,,,,,,,,,,,,,,,,,,,,,,,,,,,,,,,,,,,,,,,,,,,,,,,,,,,,,,,,,,,
1769164112.617343,1769164112.61812,4.0,0.0,4275.384766,4291.282227,4395.641113,4249.487305,4273.846191,4285.897461,4350.0,4367.94873,4334.487305,4294.487305,4649.230957,4590.769043,4492.05127,4589.102539,,,,,,,,,,,,,,,,,,,,,,,,,,,,,,,,,,,,,,,,,,,,,,,,,,,,,,,,,,,,,,,,,,,,,,
1769164112.625151,1769164112.625928,5.0,0.0,4267.820313,4282.05127,4390.512695,4244.743652,4266.410156,4290.384766,4351.025879,4368.846191,4333.846191,4293.333496,4645.641113,4586.025879,4487.820313,4585.897461,,,,,,,,,,,,,,,,,,,,,,,,,,,,,,,,,,,,,,,,,,,,,,,,,,,,,,,,,,,,,,,,,,,,,,
1769164112.63296,1769164112.633637,6.0,0.0,4265.384766,4277.563965,4385.128418,4242.307617,4263.974121,4284.487305,4343.333496,4367.692383,4329.743652,4294.871582,4644.230957,4585.256348,4477.436035,4585.641113,,,,,,,,,,,,,,,,,,,,,,,,,,,,,,,,,,,,,,,,,,,,,,,,,,,,,,,,,,,,,,,,,,,,,,
1769164112.640768,1769164112.641445,7.0,0.0,4270.769043,4279.743652,4382.94873,4244.230957,4265.512695,4273.717773,4336.153809,4364.102539,4328.717773,4291.025879,4641.410156,4585.897461,4476.282227,4586.410156,,,,,,,,,,,,,,,,,,,,,,,,,,,,,,,,,,,,,,,,,,,,,,,,,,,,,,,,,,,,,,,,,,,,,,
1769164112.648577,1769164112.649453,8.0,0.0,4272.692383,4278.846191,4381.282227,4242.692383,4264.615234,4278.461426,4340.128418,4364.871582,4328.077148,4282.307617,4635.769043,4578.846191,4477.307617,4583.846191,,,,,,,,,,,,,,,,,,,,,,,,,,,,,,,,,,,,,,,,,,,,,,,,,,,,,,,,,,,,,,,,,,,,,,
1769164112.656385,1769164112.657262,9.0,0.0,4272.179688,4275.0,4381.153809,4237.05127,4262.94873,4284.615234,4342.436035,4364.487305,4325.512695,4276.922852,4631.538574,4571.282227,4471.410156,4580.512695,,,,,,,,,,,,,,,,,,,,,,,,,,,,,,,,,,,,,,,,,,,,,,,,,,,,,,,,,,,,,,,,,,,,,,
1769164112.664194,1769164112.66517,10.0,0.0,4271.922852,4275.897461,4380.384766,4233.974121,4263.461426,4275.128418,4334.230957,4358.974121,4325.384766,4278.205078,4631.153809,4571.153809,4471.410156,4578.717773,,,,,,,,,,,,,,,,,,,,,,,,,,,,,,,,,,,,,,,,,,,,,,,,,,,,,,,,,,,,,,,,,,,,,,
1769164112.672002,1769164112.672979,11.0,0.0,4267.820313,4277.692383,4374.487305,4234.358887,4264.743652,4269.871582,4332.179688,4358.589844,4325.384766,4279.102539,4632.563965,4571.538574,4472.692383,4573.974121,,,,,,,,,,,,,,,,,,,,,,,,,,,,,,,,,,,,,,,,,,,,,,,,,,,,,,,,,,,,,,,,,,,,,,
1769164112.67981,1769164112.680587,12.0,0.0,4264.871582,4277.179688,4370.128418,4233.974121,4264.871582,4277.307617,4335.256348,4359.230957,4320.769043,4274.743652,4631.025879,4565.641113,4465.512695,4569.743652,,,,,,,,,,,,,,,,,,,,,,,,,,,,,,,,,,,,,,,,,,,,,,,,,,,,,,,,,,,,,,,,,,,,,,
1769164112.687619,1769164112.688396,13.0,0.0,4269.230957,4278.077148,4373.846191,4234.487305,4263.333496,4277.307617,4330.897461,4350.512695,4314.487305,4271.794922,4623.205078,4556.666504,4460.897461,4564.871582,,,,,,,,,,,,,,,,,,,,,,,,,,,,,,,,,,,,,,,,,,,,,,,,,,,,,,,,,,,,,,,,,,,,,,
1769164112.695427,1769164112.696104,14.0,0.0,4273.461426,4281.153809,4376.282227,4235.769043,4263.461426,4272.179688,4325.384766,4344.871582,4312.692383,4270.0,4615.897461,4553.205078,4458.974121,4558.717773,0.350342,0.780881,0.511208,0.405551,0.103637,0.707137,0.437691,0.413643,0.259607,0.149742,1.08292,0.38632,0.26059,0.223313,0.086072,0.166317,0.440563,0.368521,0.147319,0.143654,0.414649,0.400507,0.199144,0.161397,0.052473,0.13457,0.79663,0.41786,0.184522,0.164551,0.248496,0.676084,0.329918,0.109963,0.140242,0.145332,0.214977,0.217496,0.091391,0.070378,0.560283,0.299125,0.134732,0.056826,0.036684,0.749093,0.654965,0.330621,0.328579,0.125327,0.806391,1.085703,0.438334,0.222081,0.143561,0.951782,0.572331,0.260235,0.208729,0.161804,0.599069,0.977206,0.421611,0.2794,0.204228,0.907093,0.82651,0.311878,0.379093,0.246037
1769164112.703236,1769164112.703913,15.0,0.0,4273.717773,4276.538574,4374.743652,4234.743652,4263.717773,4273.974121,4328.077148,4351.794922,4313.205078,4265.128418,4621.282227,4562.563965,4461.153809,4564.102539,,,,,,,,,,,,,,,,,,,,,,,,,,,,,,,,,,,,,,,,,,,,,,,,,,,,,,,,,,,,,,,,,,,,,,
1769164112.711044,1769164112.711521,16.0,0.0,4277.563965,4266.282227,4372.820313,4232.179688,4261.794922,4274.487305,4332.692383,4354.871582,4312.692383,4266.666504,4625.897461,4569.615234,4468.846191,4572.820313,,,,,,,,,,,,,,,,,,,,,,,,,,,,,,,,,,,,,,,,,,,,,,,,,,,,,,,,,,,,,,,,,,,,,,
1769164112.718853,1769164112.71933,17.0,0.0,4274.871582,4263.333496,4370.769043,4230.769043,4260.384766,4274.102539,4332.436035,4349.487305,4312.692383,4273.077148,4619.358887,4560.256348,4467.563965,4563.974121,,,,,,,,,,,,,,,,,,,,,,,,,,,,,,,,,,,,,,,,,,,,,,,,,,,,,,,,,,,,,,,,,,,,,,
1769164112.726661,1769164112.727238,18.0,0.0,4268.589844,4267.307617,4370.769043,4231.153809,4257.94873,4277.436035,4329.230957,4348.333496,4313.589844,4270.897461,4614.871582,4553.717773,4458.717773,4553.205078,,,,,,,,,,,,,,,,,,,,,,,,,,,,,,,,,,,,,,,,,,,,,,,,,,,,,,,,,,,,,,,,,,,,,,
1769164112.73447,1769164112.735047,19.0,0.0,4271.794922,4268.205078,4372.94873,4233.974121,4255.897461,4271.538574,4326.922852,4348.205078,4312.436035,4266.410156,4615.256348,4557.94873,4458.333496,4555.641113,,,,,,,,,,,,,,,,,,,,,,,,,,,,,,,,,,,,,,,,,,,,,,,,,,,,,,,,,,,,,,,,,,,,,,
1769164112.742278,1769164112.743055,20.0,0.0,4278.589844,4266.153809,4373.461426,4235.256348,4258.846191,4264.102539,4326.282227,4344.743652,4311.025879,4269.102539,4613.717773,4556.922852,4460.128418,4557.179688,,,,,,,,,,,,,,,,,,,,,,,,,,,,,,,,,,,,,,,,,,,,,,,,,,,,,,,,,,,,,,,,,,,,,,
1769164112.750086,1769164112.750863,21.0,0.0,4279.230957,4266.666504,4372.436035,4234.358887,4258.077148,4266.538574,4327.179688,4342.820313,4311.282227,4266.410156,4613.077148,4553.974121,4457.94873,4555.897461,,,,,,,,,,,,,,,,,,,,,,,,,,,,,,,,,,,,,,,,,,,,,,,,,,,,,,,,,,,,,,,,,,,,,,
1769164112.757895,1769164112.758772,22.0,0.0,4280.641113,4266.153809,4371.922852,4232.692383,4251.025879,4267.436035,4326.666504,4342.563965,4310.641113,4261.153809,4612.307617,4555.897461,4460.512695,4557.820313,,,,,,,,,,,,,,,,,,,,,,,,,,,,,,,,,,,,,,,,,,,,,,,,,,,,,,,,,,,,,,,,,,,,,,
1769164112.765703,1769164112.76658,23.0,0.0,4280.641113,4266.538574,4369.358887,4232.436035,4250.256348,4264.743652,4325.769043,4342.436035,4309.487305,4261.794922,4607.820313,4551.794922,4456.794922,4558.717773,,,,,,,,,,,,,,,,,,,,,,,,,,,,,,,,,,,,,,,,,,,,,,,,,,,,,,,,,,,,,,,,,,,,,,
1769164112.773512,1769164112.774588,24.0,0.0,4270.641113,4265.641113,4364.615234,4233.333496,4253.589844,4266.282227,4325.384766,4340.128418,4308.333496,4256.282227,4598.205078,4540.897461,4444.230957,4550.512695,,,,,,,,,,,,,,,,,,,,,,,,,,,,,,,,,,,,,,,,,,,,,,,,,,,,,,,,,,,,,,,,,,,,,,
1769164112.78132,1769164112.782397,25.0,0.0,4260.384766,4256.922852,4359.102539,4228.077148,4250.769043,4265.0,4321.666504,4335.256348,4306.538574,4248.846191,4589.743652,4534.487305,4439.743652,4538.205078,,,,,,,,,,,,,,,,,,,,,,,,,,,,,,,,,,,,,,,,,,,,,,,,,,,,,,,,,,,,,,,,,,,,,,
1769164112.789129,1769164112.790305,26.0,0.0,4258.717773,4248.077148,4353.461426,4218.717773,4246.666504,4260.128418,4316.410156,4332.94873,4306.153809,4250.641113,4591.922852,4535.256348,4441.922852,4535.128418,,,,,,,,,,,,,,,,,,,,,,,,,,,,,,,,,,,,,,,,,,,,,,,,,,,,,,,,,,,,,,,,,,,,,,
1769164112.796937,1769164112.798114,27.0,0.0,4261.153809,4245.769043,4353.461426,4216.666504,4245.128418,4257.94873,4314.615234,4335.641113,4310.512695,4260.641113,4599.230957,4539.358887,4445.256348,4541.153809,,,,,,,,,,,,,,,,,,,,,,,,,,,,,,,,,,,,,,,,,,,,,,,,,,,,,,,,,,,,,,,,,,,,,,
1769164112.804746,1769164112.805722,28.0,0.0,4264.615234,4250.897461,4358.846191,4222.05127,4243.205078,4254.358887,4315.769043,4336.794922,4313.974121,4266.410156,4602.820313,4541.538574,4450.384766,4544.615234,,,,,,,,,,,,,,,,,,,,,,,,,,,,,,,,,,,,,,,,,,,,,,,,,,,,,,,,,,,,,,,,,,,,,,
1769164112.812554,1769164112.813531,29.0,0.0,4265.256348,4254.102539,4358.461426,4226.538574,4243.461426,4248.717773,4314.230957,4333.846191,4306.025879,4256.282227,4600.769043,4538.846191,4449.230957,4540.769043,,,,,,,,,,,,,,,,,,,,,,,,,,,,,,,,,,,,,,,,,,,,,,,,,,,,,,,,,,,,,,,,,,,,,,
1769164112.820363,1769164112.821239,30.0,0.0,4264.871582,4250.641113,4357.05127,4228.717773,4245.641113,4248.846191,4312.563965,4328.461426,4294.615234,4245.384766,4593.077148,4536.410156,4439.615234,4536.666504,0.435919,0.756238,0.47444,0.471518,0.11737,0.664763,0.451361,0.388534,0.301132,0.143353,0.98939,0.342723,0.227982,0.274824,0.099388,0.21657,0.381541,0.391674,0.150193,0.14428,0.472326,0.316358,0.197544,0.144455,0.050347,0.117211,0.637035,0.324845,0.175422,0.14725,0.222139,0.562704,0.291393,0.103026,0.131649,0.135559,0.252122,0.204461,0.103721,0.068302,0.506397,0.288252,0.111416,0.055819,0.03322,0.604624,0.571674,0.316557,0.319968,0.113148,0.779865,0.963683,0.418796,0.224176,0.142005,0.906558,0.529266,0.219518,0.225456,0.159647,0.534977,0.813442,0.393075,0.281756,0.191773,0.992888,0.706539,0.285351,0.400136,0.252612
1769164112.828171,1769164112.829048,31.0,0.0,4265.769043,4256.282227,4362.820313,4232.307617,4246.538574,4257.692383,4316.025879,4325.0,4293.846191,4248.846191,4590.0,4538.846191,4440.897461,4538.589844,,,,,,,,,,,,,,,,,,,,,,,,,,,,,,,,,,,,,,,,,,,,,,,,,,,,,,,,,,,,,,,,,,,,,,
1769164112.83598,1769164112.836656,32.0,0.0,4266.282227,4264.871582,4365.256348,4234.615234,4247.307617,4263.077148,4320.256348,4328.077148,4296.153809,4251.282227,4591.538574,4534.871582,4443.846191,4536.666504,,,,,,,,,,,,,,,,,,,,,,,,,,,,,,,,,,,,,,,,,,,,,,,,,,,,,,,,,,,,,,,,,,,,,,
1769164112.843788,1769164112.844465,33.0,0.0,4264.358887,4256.025879,4357.94873,4232.436035,4246.410156,4256.538574,4316.922852,4328.205078,4293.333496,4245.769043,4587.05127,4522.820313,4432.436035,4524.487305,,,,,,,,,,,,,,,,,,,,,,,,,,,,,,,,,,,,,,,,,,,,,,,,,,,,,,,,,,,,,,,,,,,,,,
1769164112.851596,1769164112.852173,34.0,0.0,4265.897461,4245.512695,4355.256348,4232.05127,4242.307617,4247.692383,4307.307617,4325.0,4294.487305,4243.589844,4585.0,4521.282227,4427.307617,4523.333496,,,,,,,,,,,,,,,,,,,,,,,,,,,,,,,,,,,,,,,,,,,,,,,,,,,,,,,,,,,,,,,,,,,,,,
1769164112.859405,1769164112.859982,35.0,0.0,4268.077148,4253.974121,4358.589844,4232.692383,4237.692383,4248.589844,4307.94873,4326.666504,4292.820313,4240.128418,4587.692383,4526.282227,4434.615234,4528.974121,,,,,,,,,,,,,,,,,,,,,,,,,,,,,,,,,,,,,,,,,,,,,,,,,,,,,,,,,,,,,,,,,,,,,,
1769164112.867213,1769164112.86799,36.0,0.0,4262.05127,4250.384766,4352.692383,4226.282227,4233.461426,4251.282227,4311.666504,4322.179688,4281.922852,4233.205078,4576.666504,4517.436035,4426.794922,4515.512695,,,,,,,,,,,,,,,,,,,,,,,,,,,,,,,,,,,,,,,,,,,,,,,,,,,,,,,,,,,,,,,,,,,,,,
1769164112.875022,1769164112.875799,37.0,0.0,4256.538574,4233.333496,4343.333496,4216.282227,4231.153809,4243.205078,4304.358887,4311.282227,4276.410156,4229.230957,4565.256348,4505.897461,4412.179688,4501.794922,,,,,,,,,,,,,,,,,,,,,,,,,,,,,,,,,,,,,,,,,,,,,,,,,,,,,,,,,,,,,,,,,,,,,,
1769164112.88283,1769164112.883507,38.0,0.0,4260.769043,4237.05127,4340.769043,4215.897461,4232.179688,4233.846191,4295.512695,4308.846191,4278.589844,4227.436035,4568.333496,4506.410156,4413.589844,4505.128418,,,,,,,,,,,,,,,,,,,,,,,,,,,,,,,,,,,,,,,,,,,,,,,,,,,,,,,,,,,,,,,,,,,,,,
1769164112.890639,1769164112.891316,39.0,0.0,4266.025879,4250.256348,4344.871582,4225.641113,4232.692383,4233.205078,4294.358887,4313.077148,4279.487305,4227.563965,4572.05127,4508.461426,4418.333496,4508.974121,,,,,,,,,,,,,,,,,,,,,,,,,,,,,,,,,,,,,,,,,,,,,,,,,,,,,,,,,,,,,,,,,,,,,,
1769164112.898447,1769164112.898924,40.0,0.0,4265.769043,4250.384766,4349.230957,4229.358887,4231.282227,4235.384766,4296.282227,4312.05127,4274.743652,4222.05127,4571.410156,4505.897461,4417.179688,4510.384766,,,,,,,,,,,,,,,,,,,,,,,,,,,,,,,,,,,,,,,,,,,,,,,,,,,,,,,,,,,,,,,,,,,,,,
1769164112.906256,1769164112.906733,41.0,0.0,4265.384766,4241.153809,4346.794922,4222.94873,4232.05127,4235.0,4295.641113,4308.205078,4267.05127,4213.333496,4566.794922,4507.179688,4414.871582,4511.794922,,,,,,,,,,,,,,,,,,,,,,,,,,,,,,,,,,,,,,,,,,,,,,,,,,,,,,,,,,,,,,,,,,,,,,
1769164112.914064,1769164112.914441,42.0,0.0,4263.974121,4234.487305,4342.05127,4218.461426,4232.05127,4234.102539,4296.153809,4306.794922,4264.487305,4215.512695,4560.256348,4507.436035,4412.179688,4503.589844,,,,,,,,,,,,,,,,,,,,,,,,,,,,,,,,,,,,,,,,,,,,,,,,,,,,,,,,,,,,,,,,,,,,,,
1769164112.921873,1769164112.92225,43.0,0.0,4260.0,4233.461426,4340.641113,4219.487305,4225.897461,4233.846191,4295.897461,4305.0,4266.666504,4221.922852,4557.179688,4497.692383,4409.102539,4494.102539,,,,,,,,,,,,,,,,,,,,,,,,,,,,,,,,,,,,,,,,,,,,,,,,,,,,,,,,,,,,,,,,,,,,,,
1769164112.929681,1769164112.930258,44.0,0.0,4260.384766,4234.102539,4339.487305,4218.461426,4219.871582,4232.820313,4294.871582,4305.897461,4263.846191,4219.743652,4556.538574,4490.512695,4406.410156,4493.846191,,,,,,,,,,,,,,,,,,,,,,,,,,,,,,,,,,,,,,,,,,,,,,,,,,,,,,,,,,,,,,,,,,,,,,
1769164112.937489,1769164112.938066,45.0,0.0,4261.666504,4233.077148,4336.025879,4217.179688,4219.743652,4233.461426,4295.512695,4308.461426,4260.384766,4217.692383,4553.461426,4491.410156,4400.641113,4493.077148,,,,,,,,,,,,,,,,,,,,,,,,,,,,,,,,,,,,,,,,,,,,,,,,,,,,,,,,,,,,,,,,,,,,,,
1769164112.945298,1769164112.945975,46.0,0.0,4261.794922,4231.666504,4339.102539,4219.487305,4221.538574,4234.487305,4296.410156,4303.589844,4261.794922,4220.128418,4554.230957,4493.589844,4396.153809,4491.666504,0.574512,0.737688,0.425232,0.51289,0.134344,0.624917,0.47296,0.361779,0.331583,0.13459,0.943586,0.31496,0.211494,0.316515,0.113061,0.237059,0.350434,0.413131,0.157258,0.137185,0.495903,0.234609,0.179089,0.116579,0.048101,0.088969,0.495641,0.247142,0.162205,0.142125,0.169806,0.463276,0.256468,0.097144,0.124869,0.125666,0.278827,0.188545,0.111935,0.065237,0.423604,0.269721,0.0998,0.058712,0.031142,0.484163,0.499554,0.288154,0.308335,0.111015,0.728076,0.811556,0.380034,0.220957,0.141495,0.882145,0.506671,0.204989,0.242908,0.159732,0.49731,0.68894,0.357317,0.272564,0.188667,1.131621,0.598272,0.277445,0.402979,0.262066
1769164112.953106,1769164112.953783,47.0,0.0,4264.358887,4233.077148,4341.922852,4218.974121,4220.641113,4232.307617,4291.922852,4294.230957,4257.692383,4220.512695,4554.615234,4490.0,4398.461426,4495.384766,,,,,,,,,,,,,,,,,,,,,,,,,,,,,,,,,,,,,,,,,,,,,,,,,,,,,,,,,,,,,,,,,,,,,,
1769164112.960915,1769164112.961791,48.0,0.0,4264.743652,4232.307617,4333.717773,4217.94873,4218.205078,4228.333496,4287.692383,4294.230957,4248.717773,4213.974121,4545.769043,4481.153809,4394.871582,4488.589844,,,,,,,,,,,,,,,,,,,,,,,,,,,,,,,,,,,,,,,,,,,,,,,,,,,,,,,,,,,,,,,,,,,,,,
1769164112.968723,1769164112.9696,49.0,0.0,4261.025879,4229.102539,4325.769043,4216.922852,4217.307617,4230.769043,4291.282227,4299.871582,4246.025879,4207.563965,4538.205078,4473.974121,4387.05127,4475.0,,,,,,,,,,,,,,,,,,,,,,,,,,,,,,,,,,,,,,,,,,,,,,,,,,,,,,,,,,,,,,,,,,,,,,
1769164112.976532,1769164112.977508,50.0,0.0,4261.922852,4228.333496,4326.794922,4219.230957,4219.487305,4231.794922,4288.077148,4299.487305,4249.871582,4212.307617,4541.922852,4476.025879,4391.025879,4478.974121,,,,,,,,,,,,,,,,,,,,,,,,,,,,,,,,,,,,,,,,,,,,,,,,,,,,,,,,,,,,,,,,,,,,,,
1769164112.98434,1769164112.985317,51.0,0.0,4265.769043,4231.666504,4328.846191,4224.871582,4220.128418,4224.615234,4281.153809,4297.436035,4253.205078,4218.205078,4552.94873,4482.179688,4400.256348,4492.94873,,,,,,,,,,,,,,,,,,,,,,,,,,,,,,,,,,,,,,,,,,,,,,,,,,,,,,,,,,,,,,,,,,,,,,
1769164112.992149,1769164112.992925,52.0,0.0,4262.94873,4228.846191,4325.384766,4222.692383,4218.717773,4224.487305,4284.615234,4299.743652,4250.769043,4209.615234,4553.205078,4479.358887,4397.94873,4495.897461,,,,,,,,,,,,,,,,,,,,,,,,,,,,,,,,,,,,,,,,,,,,,,,,,,,,,,,,,,,,,,,,,,,,,,
1769164112.999957,1769164113.000734,53.0,0.0,4260.512695,4219.743652,4324.230957,4216.666504,4219.487305,4228.077148,4288.077148,4299.615234,4246.794922,4200.128418,4542.94873,4477.692383,4388.717773,4489.487305,,,,,,,,,,,,,,,,,,,,,,,,,,,,,,,,,,,,,,,,,,,,,,,,,,,,,,,,,,,,,,,,,,,,,,
1769164113.007765,1769164113.008442,54.0,0.0,4263.846191,4217.05127,4323.205078,4218.077148,4218.846191,4221.794922,4281.410156,4296.410156,4246.025879,4201.282227,4536.538574,4477.820313,4382.692383,4481.282227,,,,,,,,,,,,,,,,,,,,,,,,,,,,,,,,,,,,,,,,,,,,,,,,,,,,,,,,,,,,,,,,,,,,,,
1769164113.015574,1769164113.016251,55.0,0.0,4267.05127,4219.871582,4321.282227,4221.025879,4215.769043,4216.922852,4279.230957,4292.820313,4245.384766,4202.436035,4536.153809,4470.0,4380.897461,4477.307617,,,,,,,,,,,,,,,,,,,,,,,,,,,,,,,,,,,,,,,,,,,,,,,,,,,,,,,,,,,,,,,,,,,,,,
1769164113.023382,1769164113.023859,56.0,0.0,4263.589844,4220.128418,4322.563965,4218.717773,4216.666504,4220.897461,4283.589844,4293.589844,4244.230957,4199.743652,4537.692383,4464.615234,4381.794922,4475.128418,,,,,,,,,,,,,,,,,,,,,,,,,,,,,,,,,,,,,,,,,,,,,,,,,,,,,,,,,,,,,,,,,,,,,,
1769164113.031191,1769164113.031668,57.0,0.0,4252.820313,4213.461426,4317.820313,4215.897461,4215.384766,4220.641113,4281.794922,4295.0,4245.256348,4200.0,4535.769043,4463.846191,4379.871582,4465.641113,,,,,,,,,,,,,,,,,,,,,,,,,,,,,,,,,,,,,,,,,,,,,,,,,,,,,,,,,,,,,,,,,,,,,,
1769164113.038999,1769164113.039376,58.0,0.0,4246.538574,4203.589844,4307.94873,4212.94873,4206.025879,4217.307617,4279.358887,4287.563965,4246.538574,4203.333496,4533.717773,4460.512695,4378.333496,4464.230957,,,,,,,,,,,,,,,,,,,,,,,,,,,,,,,,,,,,,,,,,,,,,,,,,,,,,,,,,,,,,,,,,,,,,,
1769164113.046808,1769164113.047185,59.0,0.0,4250.256348,4202.179688,4307.05127,4210.128418,4202.05127,4218.077148,4280.769043,4280.512695,4244.230957,4203.205078,4535.128418,4461.025879,4381.538574,4475.384766,,,,,,,,,,,,,,,,,,,,,,,,,,,,,,,,,,,,,,,,,,,,,,,,,,,,,,,,,,,,,,,,,,,,,,
1769164113.054616,1769164113.055193,60.0,0.0,4250.897461,4205.128418,4311.666504,4212.179688,4206.922852,4217.436035,4282.820313,4283.205078,4242.692383,4201.025879,4538.717773,4466.666504,4382.179688,4478.974121,,,,,,,,,,,,,,,,,,,,,,,,,,,,,,,,,,,,,,,,,,,,,,,,,,,,,,,,,,,,,,,,,,,,,,
1769164113.062425,1769164113.063001,61.0,0.0,4248.974121,4200.769043,4310.384766,4213.589844,4208.077148,4216.666504,4282.436035,4285.0,4243.205078,4201.538574,4533.077148,4465.128418,4379.230957,4471.538574,,,,,,,,,,,,,,,,,,,,,,,,,,,,,,,,,,,,,,,,,,,,,,,,,,,,,,,,,,,,,,,,,,,,,,
1769164113.070233,1769164113.07091,62.0,0.0,4256.282227,4203.846191,4308.846191,4213.333496,4209.358887,4216.794922,4280.897461,4280.0,4243.333496,4202.436035,4524.743652,4459.102539,4377.692383,4464.487305,0.714151,0.694431,0.36016,0.531801,0.149715,0.618626,0.488981,0.334657,0.346,0.12686,0.9205,0.297526,0.20191,0.339821,0.123515,0.314363,0.34187,0.414931,0.167288,0.123313,0.520771,0.174106,0.148787,0.08688,0.046738,0.073099,0.389986,0.182949,0.145442,0.146114,0.127754,0.388069,0.212109,0.091925,0.116713,0.130645,0.287483,0.173946,0.113668,0.061328,0.3151,0.240791,0.097621,0.064701,0.030599,0.379174,0.440842,0.251267,0.290619,0.116091,0.572972,0.643955,0.324902,0.209265,0.141903,0.797255,0.502125,0.203357,0.255928,0.160775,0.410981,0.605435,0.318352,0.254128,0.195936,1.176511,0.502763,0.275715,0.3898,0.272025
1769164113.078041,1769164113.078718,63.0,0.0,4263.717773,4216.922852,4311.282227,4214.743652,4212.307617,4215.897461,4279.743652,4277.692383,4242.820313,4200.769043,4527.820313,4461.282227,4377.692383,4465.256348,,,,,,,,,,,,,,,,,,,,,,,,,,,,,,,,,,,,,,,,,,,,,,,,,,,,,,,,,,,,,,,,,,,,,,
1769164113.08585,1769164113.086327,64.0,0.0,4268.461426,4218.333496,4317.436035,4220.0,4208.717773,4214.743652,4278.205078,4279.615234,4244.358887,4201.153809,4536.282227,4470.512695,4380.128418,4475.512695,,,,,,,,,,,,,,,,,,,,,,,,,,,,,,,,,,,,,,,,,,,,,,,,,,,,,,,,,,,,,,,,,,,,,,
1769164113.093659,1769164113.094135,65.0,0.0,4273.974121,4215.256348,4321.282227,4225.128418,4204.102539,4213.974121,4275.256348,4281.282227,4246.025879,4205.256348,4542.94873,4474.102539,4384.615234,4485.384766,,,,,,,,,,,,,,,,,,,,,,,,,,,,,,,,,,,,,,,,,,,,,,,,,,,,,,,,,,,,,,,,,,,,,,
1769164113.101467,1769164113.101844,66.0,0.0,4270.769043,4217.820313,4315.641113,4222.563965,4204.615234,4212.692383,4272.563965,4280.128418,4239.487305,4202.179688,4537.307617,4464.358887,4382.307617,4475.769043,,,,,,,,,,,,,,,,,,,,,,,,,,,,,,,,,,,,,,,,,,,,,,,,,,,,,,,,,,,,,,,,,,,,,,
1769164113.109275,1769164113.109652,67.0,0.0,4264.615234,4214.358887,4312.307617,4217.436035,4203.717773,4213.077148,4269.487305,4275.512695,4231.153809,4191.922852,4524.102539,4455.256348,4371.666504,4460.512695,,,,,,,,,,,,,,,,,,,,,,,,,,,,,,,,,,,,,,,,,,,,,,,,,,,,,,,,,,,,,,,,,,,,,,
1769164113.117084,1769164113.117661,68.0,0.0,4266.666504,4210.641113,4315.897461,4219.487305,4201.153809,4214.487305,4267.692383,4273.974121,4232.94873,4192.436035,4522.179688,4458.974121,4366.794922,4460.769043,,,,,,,,,,,,,,,,,,,,,,,,,,,,,,,,,,,,,,,,,,,,,,,,,,,,,,,,,,,,,,,,,,,,,,
1769164113.124892,1769164113.125469,69.0,0.0,4266.410156,4211.922852,4312.307617,4220.897461,4200.897461,4213.461426,4273.846191,4279.871582,4235.384766,4200.769043,4526.794922,4462.820313,4368.717773,4465.0,,,,,,,,,,,,,,,,,,,,,,,,,,,,,,,,,,,,,,,,,,,,,,,,,,,,,,,,,,,,,,,,,,,,,,
1769164113.132701,1769164113.133377,70.0,0.0,4260.256348,4205.897461,4303.461426,4215.256348,4199.871582,4215.769043,4276.025879,4278.974121,4232.05127,4202.692383,4524.743652,4461.153809,4370.256348,4461.282227,,,,,,,,,,,,,,,,,,,,,,,,,,,,,,,,,,,,,,,,,,,,,,,,,,,,,,,,,,,,,,,,,,,,,,
1769164113.140509,1769164113.141186,71.0,0.0,4260.384766,4200.128418,4305.128418,4215.0,4198.333496,4216.410156,4267.436035,4268.846191,4231.538574,4195.641113,4522.05127,4461.538574,4367.94873,4458.846191,,,,,,,,,,,,,,,,,,,,,,,,,,,,,,,,,,,,,,,,,,,,,,,,,,,,,,,,,,,,,,,,,,,,,,
1769164113.148318,1769164113.149194,72.0,0.0,4264.102539,4207.179688,4310.641113,4224.358887,4197.692383,4206.282227,4261.153809,4263.974121,4232.436035,4189.615234,4522.94873,4458.461426,4365.256348,4461.922852,,,,,,,,,,,,,,,,,,,,,,,,,,,,,,,,,,,,,,,,,,,,,,,,,,,,,,,,,,,,,,,,,,,,,,
1769164113.156126,1769164113.157002,73.0,0.0,4266.794922,4213.717773,4310.897461,4230.0,4196.922852,4198.333496,4261.025879,4265.0,4230.384766,4193.974121,4520.384766,4450.897461,4365.769043,4460.128418,,,,,,,,,,,,,,,,,,,,,,,,,,,,,,,,,,,,,,,,,,,,,,,,,,,,,,,,,,,,,,,,,,,,,,
1769164113.163935,1769164113.164911,74.0,0.0,4276.794922,4213.589844,4311.410156,4232.05127,4199.102539,4202.05127,4259.871582,4264.487305,4231.282227,4200.256348,4522.05127,4448.461426,4368.333496,4458.974121,,,,,,,,,,,,,,,,,,,,,,,,,,,,,,,,,,,,,,,,,,,,,,,,,,,,,,,,,,,,,,,,,,,,,,
1769164113.171743,1769164113.172719,75.0,0.0,4280.641113,4215.641113,4312.05127,4234.230957,4197.05127,4201.922852,4260.0,4261.922852,4226.666504,4190.641113,4521.025879,4449.487305,4366.153809,4459.230957,,,,,,,,,,,,,,,,,,,,,,,,,,,,,,,,,,,,,,,,,,,,,,,,,,,,,,,,,,,,,,,,,,,,,,
1769164113.179551,1769164113.180328,76.0,0.0,4271.794922,4213.461426,4310.769043,4233.974121,4189.615234,4195.128418,4261.153809,4262.05127,4216.794922,4177.692383,4512.05127,4447.179688,4361.794922,4456.410156,,,,,,,,,,,,,,,,,,,,,,,,,,,,,,,,,,,,,,,,,,,,,,,,,,,,,,,,,,,,,,,,,,,,,,
1769164113.18736,1769164113.188136,77.0,0.0,4269.358887,4207.563965,4308.717773,4232.436035,4188.333496,4197.692383,4261.282227,4262.563965,4217.563965,4186.153809,4509.102539,4444.743652,4366.153809,4458.461426,,,,,,,,,,,,,,,,,,,,,,,,,,,,,,,,,,,,,,,,,,,,,,,,,,,,,,,,,,,,,,,,,,,,,,
1769164113.195168,1769164113.195845,78.0,0.0,4276.794922,4207.179688,4305.256348,4233.461426,4190.384766,4201.153809,4260.256348,4254.487305,4220.128418,4193.974121,4510.512695,4444.230957,4367.307617,4457.692383,0.842303,0.619427,0.290036,0.534032,0.158204,0.623781,0.488737,0.320063,0.342323,0.123208,0.923389,0.288391,0.193976,0.340678,0.127435,0.333767,0.344851,0.391816,0.177349,0.10546,0.471395,0.139352,0.116365,0.063719,0.046213,0.045238,0.320604,0.134844,0.1279,0.153889,0.076241,0.338353,0.158609,0.087029,0.106008,0.110815,0.276316,0.162228,0.109173,0.057318,0.191719,0.201398,0.100553,0.074651,0.031562,0.264132,0.394978,0.214526,0.268251,0.123645,0.383107,0.48473,0.266038,0.19543,0.141522,0.732381,0.51234,0.208257,0.263191,0.161412,0.325632,0.552133,0.286845,0.236352,0.208794,1.202745,0.431817,0.274907,0.37124,0.277815
1769164113.202977,1769164113.203653,79.0,0.0,4278.974121,4206.282227,4302.94873,4235.769043,4187.307617,4190.512695,4253.717773,4248.205078,4213.717773,4186.025879,4507.820313,4443.589844,4360.512695,4449.230957,,,,,,,,,,,,,,,,,,,,,,,,,,,,,,,,,,,,,,,,,,,,,,,,,,,,,,,,,,,,,,,,,,,,,,
1769164113.210785,1769164113.211262,80.0,0.0,4274.743652,4202.563965,4305.512695,4235.256348,4184.487305,4187.05127,4251.922852,4255.897461,4212.692383,4182.179688,4507.05127,4442.05127,4359.102539,4445.512695,,,,,,,,,,,,,,,,,,,,,,,,,,,,,,,,,,,,,,,,,,,,,,,,,,,,,,,,,,,,,,,,,,,,,,
1769164113.218594,1769164113.21907,81.0,0.0,4271.794922,4202.692383,4302.692383,4232.436035,4184.487305,4195.641113,4255.769043,4261.410156,4216.794922,4181.025879,4504.358887,4433.974121,4354.102539,4440.256348,,,,,,,,,,,,,,,,,,,,,,,,,,,,,,,,,,,,,,,,,,,,,,,,,,,,,,,,,,,,,,,,,,,,,,
1769164113.226402,1769164113.226779,82.0,0.0,4266.025879,4204.358887,4295.641113,4231.666504,4183.717773,4194.102539,4256.410156,4252.820313,4214.230957,4174.487305,4494.230957,4424.615234,4344.102539,4427.820313,,,,,,,,,,,,,,,,,,,,,,,,,,,,,,,,,,,,,,,,,,,,,,,,,,,,,,,,,,,,,,,,,,,,,,
1769164113.234211,1769164113.234587,83.0,0.0,4265.512695,4202.820313,4294.871582,4235.384766,4185.128418,4186.410156,4255.512695,4248.717773,4213.461426,4172.563965,4490.512695,4427.436035,4345.641113,4426.025879,,,,,,,,,,,,,,,,,,,,,,,,,,,,,,,,,,,,,,,,,,,,,,,,,,,,,,,,,,,,,,,,,,,,,,
1769164113.242019,1769164113.242196,84.0,0.0,4274.615234,4201.025879,4297.05127,4235.897461,4185.384766,4188.077148,4253.333496,4251.153809,4216.153809,4175.256348,4494.230957,4432.179688,4350.769043,4432.05127,,,,,,,,,,,,,,,,,,,,,,,,,,,,,,,,,,,,,,,,,,,,,,,,,,,,,,,,,,,,,,,,,,,,,,
1769164113.249828,1769164113.250005,85.0,0.0,4280.256348,4200.769043,4300.0,4234.615234,4182.436035,4187.05127,4249.102539,4246.666504,4214.102539,4172.436035,4491.794922,4430.384766,4344.358887,4428.974121,,,,,,,,,,,,,,,,,,,,,,,,,,,,,,,,,,,,,,,,,,,,,,,,,,,,,,,,,,,,,,,,,,,,,,
1769164113.257636,1769164113.257913,86.0,0.0,4280.128418,4203.846191,4301.922852,4242.307617,4182.05127,4182.436035,4248.461426,4242.692383,4208.333496,4171.153809,4488.589844,4427.94873,4339.743652,4428.717773,,,,,,,,,,,,,,,,,,,,,,,,,,,,,,,,,,,,,,,,,,,,,,,,,,,,,,,,,,,,,,,,,,,,,,
1769164113.265444,1769164113.265721,87.0,0.0,4278.333496,4205.512695,4296.922852,4250.256348,4184.615234,4186.025879,4248.846191,4245.128418,4206.410156,4174.871582,4490.512695,4426.666504,4343.461426,4437.94873,,,,,,,,,,,,,,,,,,,,,,,,,,,,,,,,,,,,,,,,,,,,,,,,,,,,,,,,,,,,,,,,,,,,,,
1769164113.273253,1769164113.27373,88.0,0.0,4276.282227,4203.717773,4292.307617,4249.102539,4186.282227,4186.282227,4244.358887,4245.0,4205.641113,4175.256348,4492.307617,4429.358887,4344.743652,4441.922852,,,,,,,,,,,,,,,,,,,,,,,,,,,,,,,,,,,,,,,,,,,,,,,,,,,,,,,,,,,,,,,,,,,,,,
1769164113.281061,1769164113.281538,89.0,0.0,4276.794922,4204.358887,4295.769043,4247.563965,4181.153809,4179.487305,4242.436035,4242.692383,4205.0,4172.436035,4491.410156,4434.871582,4342.436035,4441.153809,,,,,,,,,,,,,,,,,,,,,,,,,,,,,,,,,,,,,,,,,,,,,,,,,,,,,,,,,,,,,,,,,,,,,,
1769164113.28887,1769164113.289247,90.0,0.0,4281.282227,4206.025879,4297.307617,4250.128418,4175.384766,4178.717773,4244.230957,4242.05127,4205.769043,4172.563965,4491.282227,4435.641113,4341.794922,4445.128418,,,,,,,,,,,,,,,,,,,,,,,,,,,,,,,,,,,,,,,,,,,,,,,,,,,,,,,,,,,,,,,,,,,,,,
1769164113.296678,1769164113.297055,91.0,0.0,4281.025879,4203.974121,4295.0,4252.05127,4174.871582,4183.846191,4246.282227,4242.05127,4209.615234,4174.487305,4490.384766,4429.358887,4343.846191,4445.0,,,,,,,,,,,,,,,,,,,,,,,,,,,,,,,,,,,,,,,,,,,,,,,,,,,,,,,,,,,,,,,,,,,,,,
1769164113.304487,1769164113.304664,92.0,0.0,4274.487305,4202.179688,4294.358887,4251.666504,4173.205078,4186.538574,4248.589844,4245.384766,4214.230957,4174.487305,4483.846191,4421.922852,4338.077148,4433.974121,,,,,,,,,,,,,,,,,,,,,,,,,,,,,,,,,,,,,,,,,,,,,,,,,,,,,,,,,,,,,,,,,,,,,,
1769164113.312295,1769164113.312472,93.0,0.0,4273.717773,4202.179688,4293.974121,4250.769043,4168.589844,4187.179688,4249.871582,4244.358887,4210.897461,4171.025879,4474.487305,4420.384766,4326.282227,4423.846191,,,,,,,,,,,,,,,,,,,,,,,,,,,,,,,,,,,,,,,,,,,,,,,,,,,,,,,,,,,,,,,,,,,,,,
1769164113.320104,1769164113.320181,94.0,0.0,4278.461426,4202.820313,4295.0,4253.974121,4169.102539,4186.153809,4246.922852,4238.846191,4204.487305,4169.615234,4475.128418,4426.666504,4328.717773,4429.615234,0.91301,0.530834,0.23246,0.52308,0.15612,0.667207,0.473172,0.330378,0.321872,0.124956,0.849725,0.289359,0.185841,0.320359,0.123534,0.355019,0.351485,0.353947,0.183926,0.087275,0.447248,0.125103,0.093743,0.051623,0.045647,0.063193,0.281431,0.105691,0.112213,0.160285,0.063317,0.312575,0.107019,0.082068,0.094439,0.122607,0.249616,0.151974,0.101096,0.054215,0.163623,0.154219,0.10467,0.089639,0.033669,0.237894,0.356905,0.185766,0.246028,0.130209,0.232434,0.352776,0.212422,0.19114,0.138616,0.617358,0.528075,0.210839,0.264689,0.160982,0.272257,0.508058,0.264758,0.228278,0.219616,1.094577,0.39512,0.269494,0.359694,0.275187
1769164113.327912,1769164113.327989,95.0,0.0,4283.589844,4203.333496,4298.461426,4261.666504,4172.179688,4184.871582,4244.487305,4236.410156,4202.307617,4170.641113,4480.128418,4430.897461,4335.256348,4437.179688,,,,,,,,,,,,,,,,,,,,,,,,,,,,,,,,,,,,,,,,,,,,,,,,,,,,,,,,,,,,,,,,,,,,,,
1769164113.33572,1769164113.335997,96.0,0.0,4279.230957,4201.666504,4294.615234,4260.0,4169.871582,4183.205078,4246.153809,4240.0,4201.538574,4168.589844,4476.025879,4421.153809,4327.563965,4426.410156,,,,,,,,,,,,,,,,,,,,,,,,,,,,,,,,,,,,,,,,,,,,,,,,,,,,,,,,,,,,,,,,,,,,,,
1769164113.343529,1769164113.343806,97.0,0.0,4268.077148,4197.820313,4284.230957,4251.922852,4169.102539,4179.358887,4241.410156,4243.333496,4198.717773,4165.384766,4471.794922,4411.410156,4322.179688,4418.846191,,,,,,,,,,,,,,,,,,,,,,,,,,,,,,,,,,,,,,,,,,,,,,,,,,,,,,,,,,,,,,,,,,,,,,
1769164113.351337,1769164113.351714,98.0,0.0,4266.794922,4196.538574,4285.769043,4254.102539,4170.769043,4178.717773,4231.666504,4246.025879,4197.179688,4165.897461,4475.769043,4418.205078,4327.692383,4426.282227,,,,,,,,,,,,,,,,,,,,,,,,,,,,,,,,,,,,,,,,,,,,,,,,,,,,,,,,,,,,,,,,,,,,,,
1769164113.359146,1769164113.359523,99.0,0.0,4277.179688,4196.666504,4294.743652,4264.230957,4169.487305,4179.487305,4231.282227,4254.743652,4199.230957,4169.230957,4478.461426,4429.358887,4328.846191,4426.922852,,,,,,,,,,,,,,,,,,,,,,,,,,,,,,,,,,,,,,,,,,,,,,,,,,,,,,,,,,,,,,,,,,,,,,
1769164113.366954,1769164113.367431,100.0,0.0,4276.282227,4192.692383,4290.256348,4263.461426,4169.102539,4176.410156,4235.384766,4262.307617,4201.538574,4171.410156,4477.820313,4430.769043,4327.179688,4418.461426,,,,,,,,,,,,,,,,,,,,,,,,,,,,,,,,,,,,,,,,,,,,,,,,,,,,,,,,,,,,,,,,,,,,,,
1769164113.374763,1769164113.375239,101.0,0.0,4264.230957,4185.641113,4278.846191,4253.077148,4167.563965,4172.179688,4234.743652,4263.846191,4202.94873,4170.769043,4477.307617,4426.794922,4326.794922,4414.358887,,,,,,,,,,,,,,,,,,,,,,,,,,,,,,,,,,,,,,,,,,,,,,,,,,,,,,,,,,,,,,,,,,,,,,
1769164113.382571,1769164113.382948,102.0,0.0,4260.769043,4183.846191,4278.974121,4249.102539,4159.871582,4171.025879,4233.077148,4264.487305,4202.436035,4171.282227,4477.820313,4427.05127,4324.102539,4412.05127,,,,,,,,,,,,,,,,,,,,,,,,,,,,,,,,,,,,,,,,,,,,,,,,,,,,,,,,,,,,,,,,,,,,,,
1769164113.39038,1769164113.390756,103.0,0.0,4261.794922,4181.282227,4281.794922,4249.743652,4151.282227,4170.769043,4230.769043,4266.282227,4202.563965,4170.256348,4480.769043,4428.846191,4321.538574,4409.871582,,,,,,,,,,,,,,,,,,,,,,,,,,,,,,,,,,,,,,,,,,,,,,,,,,,,,,,,,,,,,,,,,,,,,,
1769164113.398188,1769164113.398365,104.0,0.0,4261.410156,4176.538574,4280.256348,4245.769043,4150.769043,4170.897461,4230.512695,4266.282227,4197.692383,4162.436035,4481.025879,4428.461426,4319.615234,4410.769043,,,,,,,,,,,,,,,,,,,,,,,,,,,,,,,,,,,,,,,,,,,,,,,,,,,,,,,,,,,,,,,,,,,,,,
1769164113.405997,1769164113.406174,105.0,0.0,4264.871582,4180.0,4284.358887,4249.871582,4152.94873,4170.769043,4234.743652,4263.461426,4188.333496,4158.461426,4479.743652,4429.743652,4319.871582,4412.692383,,,,,,,,,,,,,,,,,,,,,,,,,,,,,,,,,,,,,,,,,,,,,,,,,,,,,,,,,,,,,,,,,,,,,,
1769164113.413805,1769164113.413882,106.0,0.0,4266.410156,4183.461426,4286.410156,4258.717773,4150.641113,4167.179688,4227.692383,4262.436035,4183.717773,4152.307617,4476.922852,4426.538574,4318.589844,4412.820313,,,,,,,,,,,,,,,,,,,,,,,,,,,,,,,,,,,,,,,,,,,,,,,,,,,,,,,,,,,,,,,,,,,,,,
1769164113.421614,1769164113.421691,107.0,0.0,4263.077148,4176.410156,4279.230957,4256.282227,4146.922852,4166.025879,4219.743652,4261.025879,4183.461426,4140.641113,4467.05127,4416.538574,4310.512695,4402.820313,,,,,,,,,,,,,,,,,,,,,,,,,,,,,,,,,,,,,,,,,,,,,,,,,,,,,,,,,,,,,,,,,,,,,,
1769164113.429422,1769164113.429299,108.0,0.0,4262.563965,4173.077148,4277.179688,4254.743652,4148.077148,4167.563965,4227.94873,4260.512695,4182.307617,4144.358887,4463.589844,4412.436035,4304.871582,4392.94873,,,,,,,,,,,,,,,,,,,,,,,,,,,,,,,,,,,,,,,,,,,,,,,,,,,,,,,,,,,,,,,,,,,,,,
1769164113.43723,1769164113.437108,109.0,0.0,4261.410156,4175.897461,4277.05127,4256.282227,4153.077148,4168.846191,4231.410156,4262.692383,4182.94873,4157.563965,4469.615234,4416.282227,4308.974121,4400.512695,,,,,,,,,,,,,,,,,,,,,,,,,,,,,,,,,,,,,,,,,,,,,,,,,,,,,,,,,,,,,,,,,,,,,,
1769164113.445039,1769164113.444816,110.0,0.0,4258.589844,4175.128418,4269.743652,4250.256348,4150.897461,4165.769043,4219.487305,4259.743652,4184.871582,4156.538574,4468.589844,4414.487305,4313.461426,4407.05127,0.945087,0.46671,0.206804,0.498411,0.143706,0.713353,0.459506,0.376429,0.288167,0.130859,0.78066,0.308049,0.184505,0.283706,0.113391,0.339043,0.36506,0.321752,0.18382,0.072292,0.346422,0.124372,0.088849,0.050102,0.044214,0.060672,0.26207,0.099989,0.099554,0.161838,0.0459,0.303413,0.07093,0.077282,0.084771,0.098562,0.215879,0.140174,0.09323,0.053311,0.155865,0.107235,0.107902,0.108295,0.036666,0.206431,0.326833,0.166699,0.229261,0.135341,0.121354,0.264296,0.169685,0.20558,0.133224,0.540736,0.545708,0.208126,0.260653,0.159709,0.215749,0.467758,0.247849,0.232017,0.221886,0.958153,0.404177,0.257047,0.364761,0.263829
1769164113.452847,1769164113.452625,111.0,0.0,4264.487305,4177.94873,4270.641113,4251.922852,4143.717773,4156.025879,4214.358887,4253.333496,4180.384766,4151.922852,4463.461426,4411.666504,4312.820313,4401.794922,,,,,,,,,,,,,,,,,,,,,,,,,,,,,,,,,,,,,,,,,,,,,,,,,,,,,,,,,,,,,,,,,,,,,,
1769164113.460656,1769164113.460633,112.0,0.0,4268.589844,4186.282227,4279.743652,4263.461426,4140.897461,4152.307617,4218.461426,4251.410156,4173.461426,4151.794922,4463.974121,4413.717773,4310.0,4397.436035,,,,,,,,,,,,,,,,,,,,,,,,,,,,,,,,,,,,,,,,,,,,,,,,,,,,,,,,,,,,,,,,,,,,,,
1769164113.468464,1769164113.468441,113.0,0.0,4265.384766,4188.333496,4281.025879,4264.743652,4140.769043,4155.769043,4217.94873,4251.282227,4170.512695,4145.256348,4461.153809,4412.179688,4307.436035,4393.205078,,,,,,,,,,,,,,,,,,,,,,,,,,,,,,,,,,,,,,,,,,,,,,,,,,,,,,,,,,,,,,,,,,,,,,
1769164113.476273,1769164113.47635,114.0,0.0,4267.05127,4185.256348,4276.025879,4261.410156,4139.615234,4155.128418,4215.641113,4247.820313,4173.077148,4140.0,4456.922852,4409.615234,4309.743652,4388.974121,,,,,,,,,,,,,,,,,,,,,,,,,,,,,,,,,,,,,,,,,,,,,,,,,,,,,,,,,,,,,,,,,,,,,,
1769164113.484081,1769164113.484158,115.0,0.0,4269.487305,4183.589844,4271.025879,4263.717773,4139.615234,4150.897461,4214.871582,4247.179688,4174.871582,4142.436035,4459.487305,4408.461426,4310.641113,4390.256348,,,,,,,,,,,,,,,,,,,,,,,,,,,,,,,,,,,,,,,,,,,,,,,,,,,,,,,,,,,,,,,,,,,,,,
1769164113.49189,1769164113.492166,116.0,0.0,4264.358887,4183.333496,4266.282227,4261.666504,4140.256348,4150.897461,4215.128418,4250.384766,4173.717773,4147.563965,4460.384766,4407.94873,4308.333496,4389.487305,,,,,,,,,,,,,,,,,,,,,,,,,,,,,,,,,,,,,,,,,,,,,,,,,,,,,,,,,,,,,,,,,,,,,,
1769164113.499698,1769164113.499975,117.0,0.0,4261.794922,4182.179688,4262.820313,4261.410156,4139.871582,4158.461426,4217.94873,4249.358887,4173.846191,4150.897461,4458.589844,4410.641113,4308.717773,4384.871582,,,,,,,,,,,,,,,,,,,,,,,,,,,,,,,,,,,,,,,,,,,,,,,,,,,,,,,,,,,,,,,,,,,,,,
1769164113.507506,1769164113.507683,118.0,0.0,4265.256348,4182.94873,4264.871582,4265.128418,4139.102539,4165.256348,4218.589844,4248.205078,4172.563965,4145.512695,4459.871582,4413.077148,4309.102539,4382.820313,,,,,,,,,,,,,,,,,,,,,,,,,,,,,,,,,,,,,,,,,,,,,,,,,,,,,,,,,,,,,,,,,,,,,,
1769164113.515315,1769164113.515492,119.0,0.0,4267.05127,4182.436035,4272.94873,4265.897461,4138.846191,4156.153809,4214.743652,4245.128418,4169.871582,4140.897461,4457.307617,4410.897461,4310.641113,4381.922852,,,,,,,,,,,,,,,,,,,,,,,,,,,,,,,,,,,,,,,,,,,,,,,,,,,,,,,,,,,,,,,,,,,,,,
1769164113.523123,1769164113.5235,120.0,0.0,4266.666504,4176.153809,4277.94873,4263.589844,4138.846191,4145.512695,4212.436035,4236.666504,4166.153809,4142.436035,4448.589844,4408.461426,4311.282227,4377.94873,,,,,,,,,,,,,,,,,,,,,,,,,,,,,,,,,,,,,,,,,,,,,,,,,,,,,,,,,,,,,,,,,,,,,,
1769164113.530932,1769164113.531308,121.0,0.0,4264.230957,4169.615234,4271.025879,4263.333496,4138.846191,4158.717773,4214.615234,4230.769043,4159.743652,4142.179688,4442.94873,4401.922852,4304.230957,4367.820313,,,,,,,,,,,,,,,,,,,,,,,,,,,,,,,,,,,,,,,,,,,,,,,,,,,,,,,,,,,,,,,,,,,,,,
1769164113.53874,1769164113.539217,122.0,0.0,4260.512695,4166.922852,4263.461426,4262.94873,4136.666504,4168.589844,4216.153809,4231.666504,4156.666504,4140.256348,4438.461426,4390.384766,4293.846191,4355.897461,,,,,,,,,,,,,,,,,,,,,,,,,,,,,,,,,,,,,,,,,,,,,,,,,,,,,,,,,,,,,,,,,,,,,,
1769164113.546549,1769164113.547025,123.0,0.0,4261.410156,4172.94873,4268.589844,4262.307617,4137.94873,4155.0,4214.358887,4230.384766,4160.769043,4135.256348,4433.205078,4389.358887,4293.589844,4355.384766,,,,,,,,,,,,,,,,,,,,,,,,,,,,,,,,,,,,,,,,,,,,,,,,,,,,,,,,,,,,,,,,,,,,,,
1769164113.554357,1769164113.555033,124.0,0.0,4265.769043,4181.794922,4275.0,4268.461426,4143.974121,4146.282227,4208.717773,4223.333496,4165.384766,4135.641113,4437.05127,4396.794922,4299.487305,4358.846191,,,,,,,,,,,,,,,,,,,,,,,,,,,,,,,,,,,,,,,,,,,,,,,,,,,,,,,,,,,,,,,,,,,,,,
1769164113.562166,1769164113.562842,125.0,0.0,4262.436035,4178.589844,4271.666504,4271.410156,4143.974121,4152.563965,4204.871582,4219.743652,4165.641113,4148.077148,4444.102539,4397.436035,4299.230957,4350.512695,,,,,,,,,,,,,,,,,,,,,,,,,,,,,,,,,,,,,,,,,,,,,,,,,,,,,,,,,,,,,,,,,,,,,,
1769164113.569974,1769164113.57055,126.0,0.0,4253.589844,4165.128418,4262.179688,4262.692383,4136.922852,4157.307617,4210.641113,4220.384766,4160.384766,4149.487305,4438.205078,4389.871582,4296.410156,4342.436035,0.914383,0.461435,0.219081,0.458537,0.125935,0.745032,0.463054,0.448718,0.246573,0.137561,0.609364,0.342969,0.192731,0.237683,0.100941,0.312613,0.390105,0.306104,0.175441,0.063063,0.309786,0.133029,0.099835,0.054626,0.041773,0.102438,0.254242,0.108224,0.090085,0.157288,0.059805,0.302119,0.055653,0.073798,0.078614,0.104198,0.184265,0.125134,0.088699,0.055607,0.215723,0.070385,0.117865,0.126199,0.04045,0.247129,0.306014,0.159162,0.219254,0.140116,0.080133,0.218089,0.135881,0.237902,0.127205,0.401806,0.553669,0.198234,0.252248,0.157763,0.182425,0.436643,0.226177,0.240682,0.212982,0.731565,0.46246,0.236689,0.386055,0.247536
1769164113.577783,1769164113.578359,127.0,0.0,4245.641113,4160.512695,4252.94873,4256.410156,4134.743652,4153.333496,4216.538574,4218.589844,4153.461426,4138.974121,4428.333496,4382.820313,4294.615234,4340.897461,,,,,,,,,,,,,,,,,,,,,,,,,,,,,,,,,,,,,,,,,,,,,,,,,,,,,,,,,,,,,,,,,,,,,,
1769164113.585591,1769164113.586367,0.0,0.0,4236.666504,4158.205078,4249.743652,4258.461426,4137.820313,4155.0,4215.256348,4215.256348,4158.461426,4138.205078,4426.282227,4379.743652,4290.641113,4334.230957,,,,,,,,,,,,,,,,,,,,,,,,,,,,,,,,,,,,,,,,,,,,,,,,,,,,,,,,,,,,,,,,,,,,,,
1769164113.593399,1769164113.594176,1.0,0.0,4235.384766,4152.692383,4255.0,4259.358887,4137.05127,4161.922852,4216.025879,4215.897461,4168.077148,4145.512695,4428.717773,4383.333496,4289.102539,4333.333496,,,,,,,,,,,,,,,,,,,,,,,,,,,,,,,,,,,,,,,,,,,,,,,,,,,,,,,,,,,,,,,,,,,,,,
1769164113.601208,1769164113.601884,2.0,0.0,4246.282227,4161.538574,4264.615234,4261.794922,4133.846191,4160.128418,4217.05127,4216.538574,4167.820313,4151.025879,4435.384766,4391.410156,4297.179688,4343.333496,,,,,,,,,,,,,,,,,,,,,,,,,,,,,,,,,,,,,,,,,,,,,,,,,,,,,,,,,,,,,,,,,,,,,,
1769164113.609016,1769164113.609693,3.0,0.0,4251.282227,4169.102539,4263.589844,4266.410156,4135.897461,4153.333496,4213.589844,4210.769043,4164.230957,4151.794922,4436.666504,4387.179688,4297.179688,4339.871582,,,,,,,,,,,,,,,,,,,,,,,,,,,,,,,,,,,,,,,,,,,,,,,,,,,,,,,,,,,,,,,,,,,,,,
1769164113.616825,1769164113.617301,4.0,0.0,4241.922852,4158.461426,4252.563965,4259.487305,4135.641113,4154.615234,4214.358887,4204.743652,4161.794922,4144.102539,4428.974121,4375.384766,4283.077148,4323.205078,,,,,,,,,,,,,,,,,,,,,,,,,,,,,,,,,,,,,,,,,,,,,,,,,,,,,,,,,,,,,,,,,,,,,,
1769164113.624633,1769164113.62511,5.0,0.0,4232.05127,4150.512695,4246.410156,4249.615234,4130.128418,4156.282227,4216.410156,4202.05127,4157.05127,4137.820313,4425.128418,4370.897461,4279.358887,4321.282227,,,,,,,,,,,,,,,,,,,,,,,,,,,,,,,,,,,,,,,,,,,,,,,,,,,,,,,,,,,,,,,,,,,,,,
1769164113.632442,1769164113.632818,6.0,0.0,4230.897461,4154.102539,4246.666504,4248.974121,4131.153809,4152.436035,4211.922852,4198.077148,4153.846191,4141.538574,4426.922852,4371.538574,4284.102539,4324.487305,,,,,,,,,,,,,,,,,,,,,,,,,,,,,,,,,,,,,,,,,,,,,,,,,,,,,,,,,,,,,,,,,,,,,,
1769164113.64025,1769164113.640627,7.0,0.0,4231.538574,4155.256348,4246.922852,4250.641113,4136.025879,4153.461426,4210.512695,4191.025879,4154.102539,4141.410156,4422.94873,4369.102539,4280.641113,4314.487305,,,,,,,,,,,,,,,,,,,,,,,,,,,,,,,,,,,,,,,,,,,,,,,,,,,,,,,,,,,,,,,,,,,,,,
1769164113.648059,1769164113.648635,8.0,0.0,4232.05127,4153.205078,4245.512695,4253.077148,4132.563965,4154.230957,4212.563965,4187.307617,4153.589844,4136.794922,4415.384766,4365.641113,4274.615234,4305.0,,,,,,,,,,,,,,,,,,,,,,,,,,,,,,,,,,,,,,,,,,,,,,,,,,,,,,,,,,,,,,,,,,,,,,
1769164113.655867,1769164113.656443,9.0,0.0,4240.128418,4155.512695,4248.205078,4259.615234,4126.538574,4152.692383,4211.922852,4189.615234,4153.333496,4136.922852,4415.512695,4366.025879,4278.205078,4307.179688,,,,,,,,,,,,,,,,,,,,,,,,,,,,,,,,,,,,,,,,,,,,,,,,,,,,,,,,,,,,,,,,,,,,,,
1769164113.663675,1769164113.664352,10.0,0.0,4250.384766,4155.512695,4252.692383,4264.230957,4126.153809,4154.230957,4209.743652,4190.128418,4153.717773,4138.333496,4418.205078,4368.717773,4281.794922,4311.666504,,,,,,,,,,,,,,,,,,,,,,,,,,,,,,,,,,,,,,,,,,,,,,,,,,,,,,,,,,,,,,,,,,,,,,
1769164113.671484,1769164113.67216,11.0,0.0,4250.128418,4155.769043,4252.436035,4263.077148,4124.871582,4153.205078,4203.333496,4186.025879,4152.307617,4137.692383,4421.153809,4371.282227,4280.0,4311.410156,,,,,,,,,,,,,,,,,,,,,,,,,,,,,,,,,,,,,,,,,,,,,,,,,,,,,,,,,,,,,,,,,,,,,,
1769164113.679293,1769164113.680168,12.0,0.0,4253.589844,4163.077148,4251.282227,4264.487305,4122.820313,4153.077148,4200.384766,4183.717773,4151.666504,4138.077148,4425.641113,4373.077148,4281.538574,4310.384766,,,,,,,,,,,,,,,,,,,,,,,,,,,,,,,,,,,,,,,,,,,,,,,,,,,,,,,,,,,,,,,,,,,,,,
1769164113.687101,1769164113.687977,13.0,0.0,4264.358887,4171.410156,4254.487305,4269.487305,4126.794922,4156.538574,4207.692383,4182.692383,4152.05127,4139.743652,4428.205078,4371.922852,4283.333496,4311.153809,,,,,,,,,,,,,,,,,,,,,,,,,,,,,,,,,,,,,,,,,,,,,,,,,,,,,,,,,,,,,,,,,,,,,,
1769164113.694909,1769164113.695885,14.0,0.0,4268.333496,4173.717773,4259.358887,4275.128418,4130.512695,4155.512695,4208.974121,4181.794922,4152.563965,4140.897461,4428.333496,4370.256348,4283.589844,4312.820313,0.855441,0.522502,0.260353,0.404451,0.110436,0.779294,0.490684,0.524864,0.204231,0.14126,0.517872,0.38503,0.212401,0.190622,0.091228,0.301093,0.427073,0.307773,0.161202,0.060638,0.228891,0.153085,0.118121,0.060689,0.039004,0.130849,0.249298,0.121758,0.082994,0.147544,0.071799,0.300324,0.060328,0.072288,0.076087,0.134073,0.165885,0.11411,0.088985,0.060875,0.293618,0.05101,0.140869,0.138492,0.044696,0.284721,0.299377,0.160273,0.213681,0.145752,0.097306,0.219006,0.109704,0.276772,0.122971,0.387261,0.556651,0.189599,0.242449,0.155653,0.164489,0.430578,0.198328,0.24388,0.195056,0.610881,0.5747,0.216283,0.41341,0.232392
1769164113.702718,1769164113.703694,15.0,0.0,4265.128418,4170.256348,4260.512695,4276.153809,4128.077148,4152.179688,4201.282227,4183.077148,4154.230957,4140.897461,4427.820313,4370.256348,4282.563965,4310.769043,,,,,,,,,,,,,,,,,,,,,,,,,,,,,,,,,,,,,,,,,,,,,,,,,,,,,,,,,,,,,,,,,,,,,,
1769164113.710526,1769164113.711302,16.0,0.0,4263.461426,4166.794922,4259.743652,4268.589844,4122.94873,4152.563965,4201.410156,4177.179688,4153.974121,4137.436035,4421.666504,4370.0,4279.358887,4306.538574,,,,,,,,,,,,,,,,,,,,,,,,,,,,,,,,,,,,,,,,,,,,,,,,,,,,,,,,,,,,,,,,,,,,,,
1769164113.718335,1769164113.719111,17.0,0.0,4263.205078,4168.846191,4257.563965,4263.974121,4121.666504,4151.282227,4204.102539,4170.641113,4152.307617,4136.025879,4413.205078,4368.333496,4278.717773,4306.153809,,,,,,,,,,,,,,,,,,,,,,,,,,,,,,,,,,,,,,,,,,,,,,,,,,,,,,,,,,,,,,,,,,,,,,
1769164113.726143,1769164113.727019,18.0,0.0,4262.820313,4164.230957,4252.692383,4264.743652,4122.94873,4150.128418,4203.461426,4177.05127,4153.333496,4135.512695,4412.563965,4365.512695,4278.461426,4304.871582,,,,,,,,,,,,,,,,,,,,,,,,,,,,,,,,,,,,,,,,,,,,,,,,,,,,,,,,,,,,,,,,,,,,,,
1769164113.733952,1769164113.734828,19.0,0.0,4261.666504,4154.358887,4246.794922,4264.102539,4120.897461,4155.384766,4206.666504,4181.153809,4151.538574,4129.487305,4412.179688,4362.307617,4270.769043,4296.153809,,,,,,,,,,,,,,,,,,,,,,,,,,,,,,,,,,,,,,,,,,,,,,,,,,,,,,,,,,,,,,,,,,,,,,
1769164113.74176,1769164113.742536,20.0,0.0,4256.794922,4159.871582,4242.94873,4264.358887,4119.102539,4153.205078,4206.538574,4172.820313,4142.692383,4124.102539,4405.641113,4357.820313,4263.333496,4284.487305,,,,,,,,,,,,,,,,,,,,,,,,,,,,,,,,,,,,,,,,,,,,,,,,,,,,,,,,,,,,,,,,,,,,,,
1769164113.749569,1769164113.750345,21.0,0.0,4252.563965,4168.589844,4243.077148,4266.025879,4119.871582,4140.0,4199.487305,4166.922852,4137.436035,4125.641113,4398.974121,4348.333496,4263.205078,4276.794922,,,,,,,,,,,,,,,,,,,,,,,,,,,,,,,,,,,,,,,,,,,,,,,,,,,,,,,,,,,,,,,,,,,,,,
1769164113.757377,1769164113.758053,22.0,0.0,4253.589844,4160.384766,4245.512695,4265.897461,4120.0,4135.769043,4197.307617,4169.743652,4139.487305,4125.512695,4394.615234,4342.820313,4261.922852,4271.922852,,,,,,,,,,,,,,,,,,,,,,,,,,,,,,,,,,,,,,,,,,,,,,,,,,,,,,,,,,,,,,,,,,,,,,
1769164113.765185,1769164113.765862,23.0,0.0,4260.128418,4156.025879,4246.922852,4266.538574,4119.487305,4141.922852,4198.974121,4167.820313,4139.871582,4122.692383,4394.615234,4348.461426,4260.128418,4268.333496,,,,,,,,,,,,,,,,,,,,,,,,,,,,,,,,,,,,,,,,,,,,,,,,,,,,,,,,,,,,,,,,,,,,,,
1769164113.772994,1769164113.77347,24.0,0.0,4263.974121,4162.563965,4246.538574,4267.94873,4121.922852,4142.179688,4198.077148,4158.461426,4137.307617,4121.538574,4396.666504,4351.794922,4261.794922,4263.717773,,,,,,,,,,,,,,,,,,,,,,,,,,,,,,,,,,,,,,,,,,,,,,,,,,,,,,,,,,,,,,,,,,,,,,
1769164113.780802,1769164113.781279,25.0,0.0,4258.717773,4160.0,4247.692383,4266.538574,4121.025879,4139.871582,4197.563965,4153.461426,4136.153809,4121.025879,4395.256348,4348.205078,4260.512695,4263.846191,,,,,,,,,,,,,,,,,,,,,,,,,,,,,,,,,,,,,,,,,,,,,,,,,,,,,,,,,,,,,,,,,,,,,,
1769164113.788611,1769164113.789187,26.0,0.0,4252.05127,4155.256348,4248.333496,4265.512695,4115.641113,4143.205078,4199.230957,4156.794922,4137.692383,4122.692383,4395.512695,4350.769043,4258.717773,4269.743652,,,,,,,,,,,,,,,,,,,,,,,,,,,,,,,,,,,,,,,,,,,,,,,,,,,,,,,,,,,,,,,,,,,,,,
1769164113.796419,1769164113.796995,27.0,0.0,4250.0,4154.615234,4240.512695,4264.743652,4112.820313,4143.974121,4198.974121,4159.230957,4139.743652,4125.769043,4400.128418,4355.641113,4261.794922,4273.077148,,,,,,,,,,,,,,,,,,,,,,,,,,,,,,,,,,,,,,,,,,,,,,,,,,,,,,,,,,,,,,,,,,,,,,
1769164113.804228,1769164113.804604,28.0,0.0,4250.897461,4151.666504,4236.153809,4265.0,4110.641113,4142.820313,4197.436035,4155.897461,4138.846191,4124.102539,4400.128418,4355.384766,4261.794922,4274.743652,,,,,,,,,,,,,,,,,,,,,,,,,,,,,,,,,,,,,,,,,,,,,,,,,,,,,,,,,,,,,,,,,,,,,,
1769164113.812036,1769164113.812413,29.0,0.0,4250.128418,4152.94873,4240.897461,4267.436035,4107.05127,4144.743652,4199.487305,4156.794922,4135.769043,4120.256348,4397.05127,4353.846191,4254.743652,4271.538574,,,,,,,,,,,,,,,,,,,,,,,,,,,,,,,,,,,,,,,,,,,,,,,,,,,,,,,,,,,,,,,,,,,,,,
1769164113.819845,1769164113.820121,30.0,0.0,4247.179688,4151.538574,4239.871582,4265.769043,4104.102539,4143.333496,4198.974121,4158.333496,4136.410156,4119.615234,4396.538574,4353.077148,4250.0,4266.922852,0.786335,0.621538,0.311023,0.344314,0.10329,0.796658,0.530442,0.574479,0.16999,0.13926,0.367701,0.415641,0.236735,0.15348,0.088205,0.310332,0.466154,0.316168,0.147613,0.06423,0.211085,0.184748,0.132659,0.065566,0.036995,0.180479,0.247391,0.12922,0.078046,0.136571,0.088518,0.296011,0.073982,0.072808,0.07661,0.209899,0.171584,0.113785,0.093302,0.06756,0.312468,0.049574,0.181851,0.144095,0.048728,0.325166,0.302882,0.168968,0.210389,0.152787,0.07651,0.254196,0.086998,0.307276,0.121839,0.301282,0.550876,0.178901,0.234805,0.154401,0.124424,0.444526,0.163539,0.234959,0.173464,0.483837,0.715923,0.196272,0.43131,0.223386
1769164113.827653,1769164113.82793,31.0,0.0,4246.666504,4141.922852,4232.94873,4260.512695,4100.769043,4138.205078,4191.025879,4156.282227,4137.692383,4118.333496,4391.666504,4351.794922,4250.641113,4264.230957,,,,,,,,,,,,,,,,,,,,,,,,,,,,,,,,,,,,,,,,,,,,,,,,,,,,,,,,,,,,,,,,,,,,,,
1769164113.835462,1769164113.835538,32.0,0.0,4244.615234,4137.05127,4231.025879,4257.94873,4096.666504,4136.282227,4186.538574,4153.077148,4133.589844,4112.05127,4382.05127,4345.512695,4244.871582,4256.922852,,,,,,,,,,,,,,,,,,,,,,,,,,,,,,,,,,,,,,,,,,,,,,,,,,,,,,,,,,,,,,,,,,,,,,
1769164113.84327,1769164113.843347,33.0,0.0,4241.025879,4139.358887,4230.0,4258.589844,4095.641113,4137.820313,4188.589844,4150.384766,4132.179688,4109.743652,4378.846191,4339.487305,4239.615234,4253.205078,,,,,,,,,,,,,,,,,,,,,,,,,,,,,,,,,,,,,,,,,,,,,,,,,,,,,,,,,,,,,,,,,,,,,,
1769164113.851078,1769164113.851055,34.0,0.0,4242.179688,4139.102539,4226.025879,4258.077148,4097.307617,4138.077148,4189.487305,4152.05127,4134.102539,4113.846191,4381.922852,4343.333496,4247.436035,4262.94873,,,,,,,,,,,,,,,,,,,,,,,,,,,,,,,,,,,,,,,,,,,,,,,,,,,,,,,,,,,,,,,,,,,,,,
1769164113.858887,1769164113.858864,35.0,0.0,4245.897461,4139.230957,4226.922852,4257.05127,4098.205078,4138.333496,4187.692383,4150.897461,4131.538574,4114.230957,4383.077148,4347.94873,4252.307617,4269.358887,,,,,,,,,,,,,,,,,,,,,,,,,,,,,,,,,,,,,,,,,,,,,,,,,,,,,,,,,,,,,,,,,,,,,,
1769164113.866695,1769164113.866872,36.0,0.0,4246.794922,4140.769043,4230.512695,4258.077148,4096.410156,4140.769043,4186.410156,4143.717773,4126.282227,4110.0,4381.282227,4343.846191,4245.128418,4261.666504,,,,,,,,,,,,,,,,,,,,,,,,,,,,,,,,,,,,,,,,,,,,,,,,,,,,,,,,,,,,,,,,,,,,,,
1769164113.874504,1769164113.87468,37.0,0.0,4247.307617,4144.487305,4232.436035,4261.282227,4092.820557,4136.410156,4184.358887,4138.846191,4123.333496,4107.820313,4378.333496,4338.846191,4242.692383,4261.153809,,,,,,,,,,,,,,,,,,,,,,,,,,,,,,,,,,,,,,,,,,,,,,,,,,,,,,,,,,,,,,,,,,,,,,
1769164113.882312,1769164113.882589,38.0,0.0,4251.025879,4152.94873,4233.333496,4263.461426,4091.794922,4124.743652,4182.436035,4138.589844,4121.794922,4108.077148,4375.256348,4338.974121,4244.230957,4263.717773,,,,,,,,,,,,,,,,,,,,,,,,,,,,,,,,,,,,,,,,,,,,,,,,,,,,,,,,,,,,,,,,,,,,,,
1769164113.890121,1769164113.890397,39.0,0.0,4251.153809,4151.538574,4231.025879,4260.897461,4091.923096,4121.922852,4183.461426,4137.563965,4122.307617,4107.563965,4372.436035,4336.153809,4237.820313,4255.769043,,,,,,,,,,,,,,,,,,,,,,,,,,,,,,,,,,,,,,,,,,,,,,,,,,,,,,,,,,,,,,,,,,,,,,
1769164113.897929,1769164113.898405,40.0,0.0,4245.0,4142.307617,4229.230957,4259.102539,4090.641113,4129.487305,4185.0,4137.436035,4124.871582,4105.256348,4372.436035,4331.666504,4230.256348,4247.436035,,,,,,,,,,,,,,,,,,,,,,,,,,,,,,,,,,,,,,,,,,,,,,,,,,,,,,,,,,,,,,,,,,,,,,
1769164113.905738,1769164113.906214,41.0,0.0,4248.077148,4149.871582,4232.94873,4263.846191,4092.435791,4127.436035,4183.717773,4140.641113,4124.358887,4107.820313,4377.563965,4335.128418,4234.230957,4249.102539,,,,,,,,,,,,,,,,,,,,,,,,,,,,,,,,,,,,,,,,,,,,,,,,,,,,,,,,,,,,,,,,,,,,,,
1769164113.913546,1769164113.913922,42.0,0.0,4259.358887,4158.589844,4236.282227,4267.692383,4095.256348,4120.897461,4183.077148,4140.769043,4124.102539,4111.922852,4381.922852,4342.179688,4245.0,4258.333496,,,,,,,,,,,,,,,,,,,,,,,,,,,,,,,,,,,,,,,,,,,,,,,,,,,,,,,,,,,,,,,,,,,,,,
1769164113.921354,1769164113.921731,43.0,0.0,4258.333496,4147.94873,4232.436035,4264.743652,4093.974365,4126.025879,4185.641113,4138.589844,4125.128418,4110.512695,4381.922852,4342.820313,4250.512695,4264.358887,,,,,,,,,,,,,,,,,,,,,,,,,,,,,,,,,,,,,,,,,,,,,,,,,,,,,,,,,,,,,,,,,,,,,,
1769164113.929163,1769164113.929739,44.0,0.0,4248.461426,4144.615234,4229.487305,4261.794922,4092.179443,4128.846191,4184.358887,4137.820313,4124.230957,4109.615234,4382.05127,4341.153809,4249.615234,4264.743652,,,,,,,,,,,,,,,,,,,,,,,,,,,,,,,,,,,,,,,,,,,,,,,,,,,,,,,,,,,,,,,,,,,,,,
1769164113.936971,1769164113.937547,45.0,0.0,4248.589844,4151.282227,4233.461426,4264.487305,4095.0,4125.0,4182.307617,4138.846191,4124.358887,4113.077148,4384.743652,4343.589844,4249.871582,4261.538574,,,,,,,,,,,,,,,,,,,,,,,,,,,,,,,,,,,,,,,,,,,,,,,,,,,,,,,,,,,,,,,,,,,,,,
1769164113.94478,1769164113.945256,46.0,0.0,4249.358887,4145.384766,4229.871582,4263.461426,4094.871826,4123.589844,4183.846191,4139.358887,4125.384766,4112.820313,4381.410156,4339.230957,4248.974121,4250.0,0.791535,0.713344,0.352787,0.294442,0.106112,0.863143,0.563406,0.582307,0.151668,0.130983,0.333614,0.422414,0.261468,0.138757,0.092662,0.364477,0.495958,0.319398,0.142674,0.071291,0.188877,0.222878,0.140165,0.068058,0.036627,0.244253,0.248467,0.125332,0.075689,0.129585,0.119597,0.287699,0.088463,0.074658,0.079338,0.35413,0.203335,0.128434,0.098631,0.073495,0.386303,0.067485,0.234292,0.146084,0.051711,0.404198,0.310746,0.186,0.208872,0.159989,0.13112,0.312811,0.068282,0.318966,0.123001,0.377109,0.540772,0.165621,0.232709,0.15491,0.134558,0.468886,0.1288,0.213863,0.154129,0.564213,0.854715,0.181847,0.427146,0.221815
1769164113.952588,1769164113.953064,47.0,0.0,4242.307617,4137.563965,4219.102539,4254.358887,4091.794922,4128.589844,4185.256348,4138.461426,4122.563965,4104.230957,4369.358887,4326.538574,4238.205078,4234.743652,,,,,,,,,,,,,,,,,,,,,,,,,,,,,,,,,,,,,,,,,,,,,,,,,,,,,,,,,,,,,,,,,,,,,,
1769164113.960397,1769164113.960673,48.0,0.0,4239.358887,4135.769043,4215.641113,4247.94873,4091.153809,4135.512695,4184.871582,4138.717773,4118.846191,4099.743652,4360.128418,4322.436035,4226.410156,4225.641113,,,,,,,,,,,,,,,,,,,,,,,,,,,,,,,,,,,,,,,,,,,,,,,,,,,,,,,,,,,,,,,,,,,,,,
1769164113.968205,1769164113.968482,49.0,0.0,4241.153809,4126.794922,4220.769043,4248.333496,4087.94873,4134.615234,4183.846191,4139.615234,4120.641113,4104.230957,4360.0,4330.897461,4224.487305,4227.563965,,,,,,,,,,,,,,,,,,,,,,,,,,,,,,,,,,,,,,,,,,,,,,,,,,,,,,,,,,,,,,,,,,,,,,
1769164113.976014,1769164113.97619,50.0,0.0,4243.077148,4123.333496,4223.717773,4249.102539,4080.128174,4126.922852,4185.512695,4139.871582,4122.94873,4108.717773,4368.846191,4339.230957,4229.871582,4237.436035,,,,,,,,,,,,,,,,,,,,,,,,,,,,,,,,,,,,,,,,,,,,,,,,,,,,,,,,,,,,,,,,,,,,,,
1769164113.983822,1769164113.983999,51.0,0.0,4246.538574,4135.384766,4221.794922,4254.487305,4077.435791,4123.461426,4184.743652,4140.384766,4121.666504,4113.205078,4378.974121,4342.94873,4241.282227,4249.102539,,,,,,,,,,,,,,,,,,,,,,,,,,,,,,,,,,,,,,,,,,,,,,,,,,,,,,,,,,,,,,,,,,,,,,
1769164113.991631,1769164113.992007,52.0,0.0,4248.846191,4141.282227,4219.487305,4261.538574,4083.333252,4124.358887,4176.282227,4139.615234,4123.205078,4116.410156,4383.205078,4343.333496,4246.922852,4252.692383,,,,,,,,,,,,,,,,,,,,,,,,,,,,,,,,,,,,,,,,,,,,,,,,,,,,,,,,,,,,,,,,,,,,,,
1769164113.999439,1769164113.999815,53.0,0.0,4248.077148,4137.436035,4218.333496,4256.282227,4086.025635,4119.871582,4168.974121,4136.538574,4121.282227,4112.179688,4379.615234,4336.153809,4238.461426,4248.717773,,,,,,,,,,,,,,,,,,,,,,,,,,,,,,,,,,,,,,,,,,,,,,,,,,,,,,,,,,,,,,,,,,,,,,
1769164114.007248,1769164114.007524,54.0,0.0,4245.384766,4135.512695,4217.820313,4245.0,4083.589844,4118.974121,4171.538574,4135.256348,4113.461426,4105.512695,4374.102539,4330.256348,4232.820313,4246.025879,,,,,,,,,,,,,,,,,,,,,,,,,,,,,,,,,,,,,,,,,,,,,,,,,,,,,,,,,,,,,,,,,,,,,,
1769164114.015056,1769164114.015332,55.0,0.0,4245.897461,4138.461426,4218.846191,4248.461426,4085.512939,4125.128418,4171.282227,4135.641113,4115.0,4106.153809,4373.717773,4333.077148,4237.05127,4247.563965,,,,,,,,,,,,,,,,,,,,,,,,,,,,,,,,,,,,,,,,,,,,,,,,,,,,,,,,,,,,,,,,,,,,,,
1769164114.022864,1769164114.022941,56.0,0.0,4252.94873,4143.589844,4220.897461,4260.256348,4088.333252,4128.205078,4170.641113,4134.487305,4119.871582,4105.769043,4373.846191,4336.410156,4235.769043,4248.589844,,,,,,,,,,,,,,,,,,,,,,,,,,,,,,,,,,,,,,,,,,,,,,,,,,,,,,,,,,,,,,,,,,,,,,
1769164114.030673,1769164114.030749,57.0,0.0,4258.205078,4145.256348,4221.153809,4260.512695,4086.666748,4126.922852,4177.563965,4136.666504,4115.641113,4104.871582,4369.358887,4335.0,4230.256348,4247.307617,,,,,,,,,,,,,,,,,,,,,,,,,,,,,,,,,,,,,,,,,,,,,,,,,,,,,,,,,,,,,,,,,,,,,,
1769164114.038481,1769164114.038458,58.0,0.0,4251.538574,4140.512695,4218.589844,4251.025879,4082.692383,4123.077148,4177.692383,4137.307617,4109.743652,4107.94873,4363.717773,4330.128418,4230.512695,4245.641113,,,,,,,,,,,,,,,,,,,,,,,,,,,,,,,,,,,,,,,,,,,,,,,,,,,,,,,,,,,,,,,,,,,,,,
1769164114.04629,1769164114.046266,59.0,0.0,4245.0,4136.025879,4215.897461,4246.538574,4079.871826,4122.307617,4171.666504,4130.128418,4108.333496,4104.230957,4362.820313,4325.128418,4229.487305,4246.794922,,,,,,,,,,,,,,,,,,,,,,,,,,,,,,,,,,,,,,,,,,,,,,,,,,,,,,,,,,,,,,,,,,,,,,
1769164114.054098,1769164114.054275,60.0,0.0,4252.436035,4137.820313,4215.769043,4249.871582,4080.0,4126.025879,4171.922852,4124.230957,4108.717773,4101.153809,4366.282227,4327.05127,4229.615234,4255.897461,,,,,,,,,,,,,,,,,,,,,,,,,,,,,,,,,,,,,,,,,,,,,,,,,,,,,,,,,,,,,,,,,,,,,,
1769164114.061907,1769164114.062083,61.0,0.0,4257.563965,4140.0,4218.205078,4250.641113,4080.641113,4128.077148,4172.692383,4125.512695,4108.077148,4104.743652,4365.641113,4329.358887,4231.538574,4260.128418,,,,,,,,,,,,,,,,,,,,,,,,,,,,,,,,,,,,,,,,,,,,,,,,,,,,,,,,,,,,,,,,,,,,,,
1769164114.069715,1769164114.069991,62.0,0.0,4249.615234,4136.410156,4216.410156,4246.538574,4079.743652,4124.487305,4170.512695,4129.102539,4107.05127,4106.025879,4362.820313,4328.333496,4230.641113,4254.871582,0.977872,0.758503,0.372815,0.268396,0.114964,1.000055,0.564806,0.544684,0.151616,0.118539,0.30206,0.404955,0.278966,0.152884,0.101369,0.465862,0.507131,0.306994,0.150184,0.078204,0.191957,0.254896,0.137917,0.068109,0.037986,0.280071,0.251641,0.111834,0.076657,0.130154,0.125665,0.274429,0.097611,0.076462,0.083439,0.486391,0.253502,0.152173,0.101247,0.077129,0.318648,0.106881,0.283077,0.148419,0.052918,0.407207,0.323222,0.21065,0.209645,0.164161,0.11424,0.392926,0.055374,0.311064,0.123542,0.357675,0.537735,0.1473,0.237366,0.155874,0.110531,0.490928,0.099688,0.186493,0.140547,0.638788,0.971075,0.172874,0.398507,0.224235
1769164114.077524,1769164114.0778,63.0,0.0,4245.128418,4132.05127,4214.102539,4245.512695,4079.230713,4122.179688,4169.743652,4129.871582,4110.128418,4106.025879,4369.358887,4332.820313,4231.666504,4255.897461,,,,,,,,,,,,,,,,,,,,,,,,,,,,,,,,,,,,,,,,,,,,,,,,,,,,,,,,,,,,,,,,,,,,,,
1769164114.085332,1769164114.085808,64.0,0.0,4249.743652,4128.846191,4216.025879,4247.563965,4080.384521,4124.743652,4169.102539,4126.282227,4113.205078,4108.333496,4373.846191,4332.05127,4232.94873,4260.256348,,,,,,,,,,,,,,,,,,,,,,,,,,,,,,,,,,,,,,,,,,,,,,,,,,,,,,,,,,,,,,,,,,,,,,
1769164114.09314,1769164114.093617,65.0,0.0,4251.922852,4127.692383,4217.94873,4248.974121,4076.666748,4124.230957,4169.358887,4122.563965,4107.563965,4107.563965,4366.666504,4325.256348,4230.641113,4258.077148,,,,,,,,,,,,,,,,,,,,,,,,,,,,,,,,,,,,,,,,,,,,,,,,,,,,,,,,,,,,,,,,,,,,,,
1769164114.100949,1769164114.101525,66.0,0.0,4250.384766,4133.974121,4218.077148,4249.871582,4074.743652,4118.974121,4165.128418,4123.205078,4105.256348,4107.179688,4364.358887,4331.410156,4227.179688,4253.974121,,,,,,,,,,,,,,,,,,,,,,,,,,,,,,,,,,,,,,,,,,,,,,,,,,,,,,,,,,,,,,,,,,,,,,
1769164114.108757,1769164114.109333,67.0,0.0,4245.128418,4136.794922,4214.230957,4249.102539,4079.230713,4118.846191,4161.025879,4125.0,4108.589844,4108.333496,4366.282227,4336.666504,4223.333496,4251.922852,,,,,,,,,,,,,,,,,,,,,,,,,,,,,,,,,,,,,,,,,,,,,,,,,,,,,,,,,,,,,,,,,,,,,,
1769164114.116566,1769164114.117342,68.0,0.0,4235.897461,4126.282227,4205.256348,4240.641113,4078.589844,4121.794922,4165.256348,4123.846191,4100.897461,4102.307617,4356.794922,4324.358887,4214.615234,4244.358887,,,,,,,,,,,,,,,,,,,,,,,,,,,,,,,,,,,,,,,,,,,,,,,,,,,,,,,,,,,,,,,,,,,,,,
1769164114.124374,1769164114.12515,69.0,0.0,4230.897461,4118.205078,4200.641113,4233.077148,4073.589844,4114.358887,4165.897461,4121.922852,4090.641113,4094.230713,4347.05127,4317.820313,4205.128418,4234.102539,,,,,,,,,,,,,,,,,,,,,,,,,,,,,,,,,,,,,,,,,,,,,,,,,,,,,,,,,,,,,,,,,,,,,,
1769164114.132183,1769164114.132859,70.0,0.0,4232.307617,4122.05127,4203.333496,4234.487305,4072.692383,4109.487305,4159.871582,4120.128418,4089.358887,4091.281982,4347.692383,4323.461426,4203.205078,4231.794922,,,,,,,,,,,,,,,,,,,,,,,,,,,,,,,,,,,,,,,,,,,,,,,,,,,,,,,,,,,,,,,,,,,,,,
1769164114.139991,1769164114.140667,71.0,0.0,4233.077148,4124.358887,4204.358887,4236.538574,4075.128174,4116.410156,4158.333496,4119.615234,4089.871826,4090.128174,4349.615234,4323.846191,4206.538574,4240.0,,,,,,,,,,,,,,,,,,,,,,,,,,,,,,,,,,,,,,,,,,,,,,,,,,,,,,,,,,,,,,,,,,,,,,
1769164114.1478,1769164114.148675,72.0,0.0,4231.282227,4122.94873,4202.692383,4233.974121,4075.256348,4115.512695,4157.436035,4120.641113,4091.153809,4090.769287,4349.743652,4322.436035,4207.563965,4247.820313,,,,,,,,,,,,,,,,,,,,,,,,,,,,,,,,,,,,,,,,,,,,,,,,,,,,,,,,,,,,,,,,,,,,,,
1769164114.155608,1769164114.156484,73.0,0.0,4230.769043,4122.820313,4202.94873,4231.794922,4073.333252,4106.538574,4153.717773,4121.538574,4093.076904,4092.94873,4350.769043,4326.025879,4204.743652,4246.538574,,,,,,,,,,,,,,,,,,,,,,,,,,,,,,,,,,,,,,,,,,,,,,,,,,,,,,,,,,,,,,,,,,,,,,
1769164114.163417,1769164114.164192,74.0,0.0,4232.692383,4120.384766,4202.820313,4233.077148,4072.94873,4106.666504,4155.0,4122.307617,4092.179443,4093.589844,4350.512695,4326.922852,4203.077148,4243.461426,,,,,,,,,,,,,,,,,,,,,,,,,,,,,,,,,,,,,,,,,,,,,,,,,,,,,,,,,,,,,,,,,,,,,,
1769164114.171225,1769164114.172001,75.0,0.0,4233.205078,4120.512695,4201.922852,4229.487305,4074.102539,4111.025879,4159.230957,4122.436035,4090.897461,4091.538574,4347.05127,4318.974121,4202.692383,4238.205078,,,,,,,,,,,,,,,,,,,,,,,,,,,,,,,,,,,,,,,,,,,,,,,,,,,,,,,,,,,,,,,,,,,,,,
1769164114.179033,1769164114.180009,76.0,0.0,4226.538574,4121.922852,4201.025879,4220.512695,4075.0,4112.94873,4160.256348,4122.436035,4091.666748,4088.974365,4341.153809,4309.358887,4197.692383,4230.384766,,,,,,,,,,,,,,,,,,,,,,,,,,,,,,,,,,,,,,,,,,,,,,,,,,,,,,,,,,,,,,,,,,,,,,
1769164114.186842,1769164114.187817,77.0,0.0,4223.846191,4120.769043,4199.102539,4220.512695,4073.589844,4113.077148,4158.846191,4122.436035,4091.794922,4088.333252,4337.820313,4311.922852,4195.769043,4235.897461,,,,,,,,,,,,,,,,,,,,,,,,,,,,,,,,,,,,,,,,,,,,,,,,,,,,,,,,,,,,,,,,,,,,,,
1769164114.19465,1769164114.195726,78.0,0.0,4230.512695,4120.128418,4199.743652,4228.974121,4073.076904,4107.820313,4154.230957,4121.282227,4091.666748,4090.769287,4341.410156,4322.563965,4206.922852,4252.692383,1.345644,0.748768,0.373776,0.267376,0.122907,1.198827,0.540294,0.481814,0.166009,0.106667,0.352925,0.380875,0.290579,0.190891,0.109217,0.585335,0.506963,0.285129,0.168266,0.081957,0.216459,0.273073,0.135367,0.066496,0.040293,0.348176,0.256773,0.096587,0.081283,0.138033,0.163326,0.257949,0.100971,0.076956,0.087881,0.611536,0.30945,0.177201,0.098414,0.077815,0.346937,0.166904,0.309632,0.153168,0.052107,0.460524,0.340237,0.234766,0.211853,0.16237,0.18955,0.502493,0.060257,0.291694,0.120099,0.446826,0.557233,0.13252,0.246456,0.154319,0.150753,0.506083,0.09931,0.161263,0.1328,0.875192,1.058191,0.197584,0.354558,0.224415
1769164114.202459,1769164114.203534,79.0,0.0,4235.769043,4121.282227,4202.179688,4229.487305,4075.384521,4104.615234,4152.563965,4121.025879,4092.692383,4091.923096,4348.589844,4327.820313,4218.461426,4263.333496,,,,,,,,,,,,,,,,,,,,,,,,,,,,,,,,,,,,,,,,,,,,,,,,,,,,,,,,,,,,,,,,,,,,,,
1769164114.210267,1769164114.211143,80.0,0.0,4236.282227,4122.05127,4201.410156,4225.641113,4074.615479,4106.794922,4153.846191,4123.077148,4091.794922,4090.897461,4350.128418,4326.025879,4213.333496,4264.615234,,,,,,,,,,,,,,,,,,,,,,,,,,,,,,,,,,,,,,,,,,,,,,,,,,,,,,,,,,,,,,,,,,,,,,
1769164114.218076,1769164114.218951,81.0,0.0,4234.743652,4117.563965,4198.461426,4228.589844,4069.102539,4106.282227,4153.846191,4119.743652,4090.384521,4091.025635,4344.102539,4322.692383,4201.794922,4262.94873,,,,,,,,,,,,,,,,,,,,,,,,,,,,,,,,,,,,,,,,,,,,,,,,,,,,,,,,,,,,,,,,,,,,,,
1769164114.225884,1769164114.22666,82.0,0.0,4231.410156,4110.512695,4197.820313,4227.179688,4066.025635,4105.769043,4152.307617,4110.897461,4089.743652,4087.820557,4340.897461,4320.128418,4200.641113,4259.615234,,,,,,,,,,,,,,,,,,,,,,,,,,,,,,,,,,,,,,,,,,,,,,,,,,,,,,,,,,,,,,,,,,,,,,
1769164114.233693,1769164114.234468,83.0,0.0,4229.358887,4106.922852,4198.717773,4221.025879,4068.076904,4106.538574,4151.410156,4106.666504,4088.846191,4082.692383,4343.333496,4318.717773,4204.230957,4254.871582,,,,,,,,,,,,,,,,,,,,,,,,,,,,,,,,,,,,,,,,,,,,,,,,,,,,,,,,,,,,,,,,,,,,,,
1769164114.241501,1769164114.242077,84.0,0.0,4231.025879,4108.333496,4198.077148,4219.871582,4068.718018,4104.615234,4152.436035,4109.487305,4087.307617,4081.794922,4342.436035,4313.717773,4202.179688,4249.102539,,,,,,,,,,,,,,,,,,,,,,,,,,,,,,,,,,,,,,,,,,,,,,,,,,,,,,,,,,,,,,,,,,,,,,
1769164114.249309,1769164114.249885,85.0,0.0,4228.333496,4109.743652,4195.512695,4218.589844,4066.153809,4105.512695,4154.358887,4112.05127,4088.205078,4082.179443,4340.897461,4309.743652,4197.563965,4247.179688,,,,,,,,,,,,,,,,,,,,,,,,,,,,,,,,,,,,,,,,,,,,,,,,,,,,,,,,,,,,,,,,,,,,,,
1769164114.257118,1769164114.257794,86.0,0.0,4232.307617,4112.692383,4195.641113,4221.153809,4063.461426,4104.743652,4154.102539,4110.0,4090.897461,4086.538574,4342.692383,4314.615234,4200.128418,4253.846191,,,,,,,,,,,,,,,,,,,,,,,,,,,,,,,,,,,,,,,,,,,,,,,,,,,,,,,,,,,,,,,,,,,,,,
1769164114.264926,1769164114.265602,87.0,0.0,4243.589844,4117.820313,4199.743652,4228.589844,4062.05127,4096.410156,4151.666504,4106.282227,4086.538574,4088.718018,4341.282227,4318.205078,4207.307617,4262.563965,,,,,,,,,,,,,,,,,,,,,,,,,,,,,,,,,,,,,,,,,,,,,,,,,,,,,,,,,,,,,,,,,,,,,,
1769164114.272735,1769164114.27361,88.0,0.0,4241.922852,4119.871582,4201.922852,4231.666504,4063.333252,4093.846191,4150.0,4105.769043,4082.435791,4081.538574,4339.487305,4318.077148,4206.025879,4265.641113,,,,,,,,,,,,,,,,,,,,,,,,,,,,,,,,,,,,,,,,,,,,,,,,,,,,,,,,,,,,,,,,,,,,,,
1769164114.280543,1769164114.281419,89.0,0.0,4234.102539,4120.641113,4202.307617,4230.641113,4066.923096,4099.230957,4151.794922,4108.077148,4082.94873,4077.435791,4341.538574,4318.077148,4201.538574,4263.717773,,,,,,,,,,,,,,,,,,,,,,,,,,,,,,,,,,,,,,,,,,,,,,,,,,,,,,,,,,,,,,,,,,,,,,
1769164114.288352,1769164114.289327,90.0,0.0,4234.743652,4119.230957,4198.077148,4227.94873,4065.897461,4100.128418,4154.358887,4107.307617,4077.564209,4078.846191,4340.128418,4313.461426,4200.384766,4258.974121,,,,,,,,,,,,,,,,,,,,,,,,,,,,,,,,,,,,,,,,,,,,,,,,,,,,,,,,,,,,,,,,,,,,,,
1769164114.29616,1769164114.297136,91.0,0.0,4236.538574,4116.282227,4189.487305,4222.94873,4060.641113,4094.871826,4148.846191,4106.282227,4076.666748,4079.230713,4335.897461,4307.563965,4198.717773,4257.692383,,,,,,,,,,,,,,,,,,,,,,,,,,,,,,,,,,,,,,,,,,,,,,,,,,,,,,,,,,,,,,,,,,,,,,
1769164114.303969,1769164114.305044,92.0,0.0,4233.333496,4119.230957,4185.897461,4221.410156,4061.025635,4092.94873,4142.436035,4107.820313,4085.769287,4085.256348,4338.846191,4311.282227,4199.230957,4263.333496,,,,,,,,,,,,,,,,,,,,,,,,,,,,,,,,,,,,,,,,,,,,,,,,,,,,,,,,,,,,,,,,,,,,,,
1769164114.311777,1769164114.312852,93.0,0.0,4235.128418,4123.846191,4187.820313,4222.692383,4065.512939,4095.897461,4146.153809,4107.05127,4087.05127,4091.025635,4343.205078,4313.333496,4203.846191,4264.871582,,,,,,,,,,,,,,,,,,,,,,,,,,,,,,,,,,,,,,,,,,,,,,,,,,,,,,,,,,,,,,,,,,,,,,
1769164114.319586,1769164114.320561,94.0,0.0,4233.333496,4117.307617,4185.769043,4216.282227,4063.589844,4099.102539,4152.692383,4106.410156,4079.102539,4084.358887,4334.871582,4301.282227,4198.974121,4255.0,1.883766,0.699761,0.364083,0.283488,0.125608,1.48726,0.512195,0.415402,0.188648,0.101316,0.436053,0.368273,0.295062,0.238584,0.112181,0.722383,0.505933,0.260186,0.19292,0.08208,0.23844,0.272549,0.138545,0.064247,0.042348,0.351436,0.26399,0.087219,0.089946,0.149311,0.155266,0.239356,0.101307,0.076266,0.091274,0.660935,0.355234,0.193929,0.090994,0.075885,0.225706,0.239892,0.301858,0.15931,0.049778,0.392365,0.363092,0.248083,0.213139,0.153025,0.222874,0.639256,0.092505,0.273324,0.111226,0.434115,0.598641,0.125946,0.258864,0.147759,0.18569,0.51636,0.146984,0.146689,0.128696,1.063518,1.118853,0.276854,0.315321,0.216768
1769164114.327394,1769164114.328369,95.0,0.0,4219.743652,4106.538574,4181.025879,4210.897461,4058.461426,4098.974121,4152.436035,4106.153809,4077.307617,4075.641113,4324.358887,4292.05127,4186.922852,4244.615234,,,,,,,,,,,,,,,,,,,,,,,,,,,,,,,,,,,,,,,,,,,,,,,,,,,,,,,,,,,,,,,,,,,,,,
1769164114.335203,1769164114.335978,96.0,0.0,4216.410156,4105.769043,4176.538574,4214.487305,4058.076904,4094.102539,4147.436035,4099.743652,4075.0,4071.923096,4323.974121,4293.717773,4181.282227,4243.974121,,,,,,,,,,,,,,,,,,,,,,,,,,,,,,,,,,,,,,,,,,,,,,,,,,,,,,,,,,,,,,,,,,,,,,
1769164114.343011,1769164114.343787,97.0,0.0,4223.205078,4108.589844,4170.256348,4213.333496,4059.615479,4090.897461,4141.282227,4091.410156,4068.589844,4070.256348,4326.410156,4295.0,4184.230957,4253.461426,,,,,,,,,,,,,,,,,,,,,,,,,,,,,,,,,,,,,,,,,,,,,,,,,,,,,,,,,,,,,,,,,,,,,,
1769164114.350819,1769164114.351495,98.0,0.0,4222.563965,4107.179688,4169.358887,4206.538574,4059.102539,4092.692383,4137.436035,4095.256348,4070.512939,4073.461426,4326.153809,4291.025879,4194.230957,4259.230957,,,,,,,,,,,,,,,,,,,,,,,,,,,,,,,,,,,,,,,,,,,,,,,,,,,,,,,,,,,,,,,,,,,,,,
1769164114.358628,1769164114.359304,99.0,0.0,4218.717773,4105.128418,4173.846191,4210.256348,4059.871826,4095.256348,4138.846191,4106.153809,4076.923096,4078.205078,4327.563965,4297.692383,4199.230957,4262.692383,,,,,,,,,,,,,,,,,,,,,,,,,,,,,,,,,,,,,,,,,,,,,,,,,,,,,,,,,,,,,,,,,,,,,,
1769164114.366436,1769164114.366912,100.0,0.0,4219.615234,4105.0,4171.922852,4215.128418,4061.410156,4097.820313,4142.436035,4106.794922,4078.333252,4078.205078,4330.0,4308.461426,4192.436035,4268.077148,,,,,,,,,,,,,,,,,,,,,,,,,,,,,,,,,,,,,,,,,,,,,,,,,,,,,,,,,,,,,,,,,,,,,,
1769164114.374245,1769164114.374721,101.0,0.0,4220.128418,4105.641113,4166.538574,4208.077148,4060.0,4099.487305,4143.589844,4100.512695,4075.641113,4074.871826,4325.128418,4300.897461,4185.641113,4260.256348,,,,,,,,,,,,,,,,,,,,,,,,,,,,,,,,,,,,,,,,,,,,,,,,,,,,,,,,,,,,,,,,,,,,,,
1769164114.382053,1769164114.382429,102.0,0.0,4221.922852,4107.94873,4167.820313,4203.846191,4058.461426,4095.256348,4140.384766,4096.666504,4074.743652,4074.102539,4321.153809,4290.0,4188.205078,4252.563965,,,,,,,,,,,,,,,,,,,,,,,,,,,,,,,,,,,,,,,,,,,,,,,,,,,,,,,,,,,,,,,,,,,,,,
1769164114.389862,1769164114.390238,103.0,0.0,4222.94873,4109.102539,4168.077148,4207.307617,4059.615479,4088.589844,4138.333496,4095.0,4074.487061,4076.281982,4323.974121,4293.205078,4187.94873,4258.461426,,,,,,,,,,,,,,,,,,,,,,,,,,,,,,,,,,,,,,,,,,,,,,,,,,,,,,,,,,,,,,,,,,,,,,
1769164114.39767,1769164114.398246,104.0,0.0,4217.179688,4106.025879,4158.589844,4203.077148,4061.410156,4092.307617,4142.563965,4095.0,4072.179443,4072.692383,4318.846191,4294.230957,4181.666504,4261.922852,,,,,,,,,,,,,,,,,,,,,,,,,,,,,,,,,,,,,,,,,,,,,,,,,,,,,,,,,,,,,,,,,,,,,,
1769164114.405479,1769164114.406054,105.0,0.0,4212.692383,4103.589844,4151.282227,4197.692383,4063.076904,4097.307617,4143.077148,4094.358887,4074.102539,4066.923096,4308.333496,4287.179688,4180.0,4260.384766,,,,,,,,,,,,,,,,,,,,,,,,,,,,,,,,,,,,,,,,,,,,,,,,,,,,,,,,,,,,,,,,,,,,,,
1769164114.413287,1769164114.413963,106.0,0.0,4216.794922,4105.641113,4153.205078,4201.410156,4064.358887,4094.230713,4138.205078,4091.538574,4074.358887,4067.05127,4311.025879,4287.692383,4183.333496,4265.256348,,,,,,,,,,,,,,,,,,,,,,,,,,,,,,,,,,,,,,,,,,,,,,,,,,,,,,,,,,,,,,,,,,,,,,
1769164114.421095,1769164114.421771,107.0,0.0,4228.846191,4107.307617,4155.384766,4206.153809,4064.102539,4093.974365,4138.589844,4091.666748,4069.487061,4066.410156,4318.974121,4294.871582,4185.256348,4267.307617,,,,,,,,,,,,,,,,,,,,,,,,,,,,,,,,,,,,,,,,,,,,,,,,,,,,,,,,,,,,,,,,,,,,,,
1769164114.428904,1769164114.42938,108.0,0.0,4231.025879,4105.897461,4152.820313,4202.05127,4061.025635,4098.077148,4143.461426,4095.384521,4069.743652,4067.179443,4318.333496,4296.538574,4178.461426,4261.282227,,,,,,,,,,,,,,,,,,,,,,,,,,,,,,,,,,,,,,,,,,,,,,,,,,,,,,,,,,,,,,,,,,,,,,
1769164114.436712,1769164114.437188,109.0,0.0,4220.0,4107.307617,4150.0,4200.0,4059.615479,4098.077148,4141.538574,4096.410156,4074.358887,4072.820557,4319.487305,4293.846191,4176.666504,4262.692383,,,,,,,,,,,,,,,,,,,,,,,,,,,,,,,,,,,,,,,,,,,,,,,,,,,,,,,,,,,,,,,,,,,,,,
1769164114.444521,1769164114.445097,110.0,0.0,4219.615234,4111.025879,4150.897461,4208.461426,4063.205078,4100.512695,4139.358887,4101.282227,4076.025635,4077.05127,4324.230957,4293.333496,4182.563965,4266.410156,2.398914,0.637396,0.348254,0.30218,0.122839,1.709172,0.50791,0.362916,0.211024,0.106277,0.525897,0.377361,0.292434,0.278935,0.108863,0.814566,0.512681,0.23627,0.218864,0.080456,0.292908,0.25479,0.151602,0.0621,0.043216,0.388482,0.271329,0.08798,0.101533,0.158356,0.192225,0.220054,0.102444,0.075409,0.091899,0.625457,0.379425,0.19647,0.082466,0.072189,0.218823,0.313124,0.263591,0.163634,0.046901,0.369407,0.386712,0.244384,0.211825,0.136662,0.262917,0.785231,0.161245,0.266264,0.098526,0.444323,0.646336,0.134947,0.277253,0.136067,0.244128,0.525623,0.253981,0.148379,0.125913,1.313495,1.155562,0.426266,0.304207,0.199586
1769164114.452329,1769164114.452905,111.0,0.0,4226.794922,4109.615234,4150.512695,4211.922852,4065.128174,4105.256348,4142.307617,4106.025879,4076.923096,4077.94873,4324.743652,4294.871582,4185.384766,4265.769043,,,,,,,,,,,,,,,,,,,,,,,,,,,,,,,,,,,,,,,,,,,,,,,,,,,,,,,,,,,,,,,,,,,,,,
1769164114.460138,1769164114.460913,112.0,0.0,4218.846191,4104.871582,4140.128418,4202.563965,4061.410156,4105.897461,4142.820313,4099.615234,4076.538574,4074.871826,4323.077148,4293.333496,4181.410156,4267.94873,,,,,,,,,,,,,,,,,,,,,,,,,,,,,,,,,,,,,,,,,,,,,,,,,,,,,,,,,,,,,,,,,,,,,,
1769164114.467946,1769164114.468722,113.0,0.0,4212.436035,4104.743652,4132.692383,4200.128418,4060.0,4105.128418,4140.384766,4094.871826,4072.307617,4067.94873,4317.692383,4292.563965,4174.871582,4270.256348,,,,,,,,,,,,,,,,,,,,,,,,,,,,,,,,,,,,,,,,,,,,,,,,,,,,,,,,,,,,,,,,,,,,,,
1769164114.475755,1769164114.47663,114.0,0.0,4218.077148,4107.179688,4137.179688,4207.179688,4062.692383,4101.153809,4139.487305,4098.205078,4073.205078,4066.153809,4312.179688,4293.333496,4171.282227,4265.0,,,,,,,,,,,,,,,,,,,,,,,,,,,,,,,,,,,,,,,,,,,,,,,,,,,,,,,,,,,,,,,,,,,,,,
1769164114.483563,1769164114.484438,115.0,0.0,4215.256348,4107.436035,4138.333496,4206.153809,4061.794922,4093.076904,4139.615234,4096.538574,4076.666748,4068.974365,4311.666504,4289.743652,4170.256348,4258.333496,,,,,,,,,,,,,,,,,,,,,,,,,,,,,,,,,,,,,,,,,,,,,,,,,,,,,,,,,,,,,,,,,,,,,,
1769164114.491372,1769164114.492347,116.0,0.0,4218.077148,4106.153809,4134.743652,4200.0,4060.128174,4093.589844,4138.461426,4091.281982,4072.179443,4067.692383,4311.922852,4287.563965,4170.128418,4260.384766,,,,,,,,,,,,,,,,,,,,,,,,,,,,,,,,,,,,,,,,,,,,,,,,,,,,,,,,,,,,,,,,,,,,,,
1769164114.49918,1769164114.500155,117.0,0.0,4229.743652,4105.0,4136.025879,4200.769043,4061.538574,4099.487305,4139.102539,4092.692383,4069.743652,4066.025635,4315.897461,4293.461426,4170.384766,4267.05127,,,,,,,,,,,,,,,,,,,,,,,,,,,,,,,,,,,,,,,,,,,,,,,,,,,,,,,,,,,,,,,,,,,,,,
1769164114.506988,1769164114.507864,118.0,0.0,4222.820313,4106.282227,4137.05127,4202.563965,4061.794922,4096.410156,4138.846191,4093.461426,4069.230713,4064.487061,4320.128418,4296.410156,4173.333496,4271.025879,,,,,,,,,,,,,,,,,,,,,,,,,,,,,,,,,,,,,,,,,,,,,,,,,,,,,,,,,,,,,,,,,,,,,,
1769164114.514797,1769164114.515672,119.0,0.0,4208.717773,4108.077148,4133.717773,4201.025879,4062.307617,4092.05127,4136.922852,4091.281982,4062.94873,4060.256348,4315.384766,4291.538574,4171.922852,4272.692383,,,,,,,,,,,,,,,,,,,,,,,,,,,,,,,,,,,,,,,,,,,,,,,,,,,,,,,,,,,,,,,,,,,,,,
1769164114.522605,1769164114.523281,120.0,0.0,4213.461426,4107.94873,4132.692383,4200.128418,4064.871826,4092.820557,4135.897461,4091.281982,4061.923096,4061.281982,4310.0,4290.512695,4168.974121,4275.641113,,,,,,,,,,,,,,,,,,,,,,,,,,,,,,,,,,,,,,,,,,,,,,,,,,,,,,,,,,,,,,,,,,,,,,
1769164114.530414,1769164114.531089,121.0,0.0,4221.666504,4108.846191,4135.769043,4202.563965,4065.512939,4093.205078,4135.384766,4092.435791,4066.923096,4061.025635,4309.358887,4295.512695,4170.128418,4275.512695,,,,,,,,,,,,,,,,,,,,,,,,,,,,,,,,,,,,,,,,,,,,,,,,,,,,,,,,,,,,,,,,,,,,,,
1769164114.538222,1769164114.538798,122.0,0.0,4215.256348,4107.436035,4134.871582,4202.820313,4063.718018,4093.076904,4136.025879,4092.820557,4064.871826,4053.076904,4303.461426,4292.692383,4163.077148,4266.538574,,,,,,,,,,,,,,,,,,,,,,,,,,,,,,,,,,,,,,,,,,,,,,,,,,,,,,,,,,,,,,,,,,,,,,
1769164114.546031,1769164114.546606,123.0,0.0,4211.538574,4099.487305,4126.025879,4196.538574,4062.05127,4095.512939,4137.05127,4092.564209,4060.384521,4051.153809,4295.512695,4283.589844,4153.846191,4258.461426,,,,,,,,,,,,,,,,,,,,,,,,,,,,,,,,,,,,,,,,,,,,,,,,,,,,,,,,,,,,,,,,,,,,,,
1769164114.553839,1769164114.554215,124.0,0.0,4214.487305,4093.974365,4121.153809,4189.743652,4061.281982,4099.615234,4138.461426,4093.076904,4064.487061,4058.333252,4294.230957,4281.922852,4154.230957,4261.666504,,,,,,,,,,,,,,,,,,,,,,,,,,,,,,,,,,,,,,,,,,,,,,,,,,,,,,,,,,,,,,,,,,,,,,
1769164114.561648,1769164114.562023,125.0,0.0,4215.641113,4099.230957,4131.153809,4190.0,4058.974365,4098.974121,4138.717773,4096.153809,4071.538574,4062.564209,4298.205078,4286.410156,4156.025879,4261.666504,,,,,,,,,,,,,,,,,,,,,,,,,,,,,,,,,,,,,,,,,,,,,,,,,,,,,,,,,,,,,,,,,,,,,,
1769164114.569456,1769164114.569732,126.0,0.0,4215.256348,4102.436035,4135.641113,4191.282227,4053.205078,4092.94873,4136.538574,4097.820313,4072.05127,4062.05127,4303.717773,4288.974121,4158.333496,4259.871582,2.791691,0.584722,0.326296,0.309143,0.117511,1.902843,0.543743,0.324679,0.224464,0.120175,0.636831,0.403074,0.277183,0.297054,0.09999,0.85589,0.526395,0.212653,0.239399,0.079808,0.32798,0.226951,0.168326,0.060249,0.042657,0.359425,0.275731,0.098104,0.113603,0.160716,0.188914,0.199721,0.106817,0.075727,0.08858,0.574928,0.377416,0.181179,0.076695,0.067572,0.153719,0.371244,0.209643,0.162325,0.044447,0.271199,0.408637,0.227378,0.208268,0.11587,0.32467,0.909286,0.261961,0.272146,0.085516,0.42276,0.675628,0.164471,0.303305,0.121876,0.353442,0.537582,0.403548,0.168304,0.123784,1.550653,1.167446,0.642124,0.336613,0.175627
1769164114.577264,1769164114.57754,127.0,0.0,4214.487305,4097.179688,4125.641113,4185.512695,4049.358887,4086.923096,4132.05127,4093.461426,4065.897461,4061.538574,4305.384766,4290.256348,4166.282227,4271.025879,,,,,,,,,,,,,,,,,,,,,,,,,,,,,,,,,,,,,,,,,,,,,,,,,,,,,,,,,,,,,,,,,,,,,,
1769164114.585073,1769164114.585549,0.0,0.0,4215.769043,4098.589844,4126.282227,4184.871582,4054.743652,4085.897461,4132.179688,4090.384521,4062.179443,4061.794922,4304.102539,4291.538574,4170.384766,4277.563965,,,,,,,,,,,,,,,,,,,,,,,,,,,,,,,,,,,,,,,,,,,,,,,,,,,,,,,,,,,,,,,,,,,,,,
1769164114.592882,1769164114.593357,1.0,0.0,4219.487305,4107.94873,4136.794922,4196.025879,4062.692383,4084.487061,4130.512695,4091.025635,4065.641113,4065.384521,4307.179688,4293.846191,4170.256348,4278.717773,,,,,,,,,,,,,,,,,,,,,,,,,,,,,,,,,,,,,,,,,,,,,,,,,,,,,,,,,,,,,,,,,,,,,,
1769164114.60069,1769164114.601265,2.0,0.0,4221.153809,4111.025879,4137.307617,4198.077148,4062.307617,4082.307617,4123.846191,4090.128174,4068.974365,4067.05127,4307.179688,4291.666504,4169.871582,4278.717773,,,,,,,,,,,,,,,,,,,,,,,,,,,,,,,,,,,,,,,,,,,,,,,,,,,,,,,,,,,,,,,,,,,,,,
1769164114.608498,1769164114.609074,3.0,0.0,4218.846191,4107.307617,4133.846191,4187.820313,4058.846191,4086.410156,4127.94873,4087.564209,4066.281982,4062.94873,4302.692383,4285.897461,4166.410156,4272.692383,,,,,,,,,,,,,,,,,,,,,,,,,,,,,,,,,,,,,,,,,,,,,,,,,,,,,,,,,,,,,,,,,,,,,,
1769164114.616307,1769164114.617082,4.0,0.0,4220.897461,4105.256348,4138.077148,4186.922852,4062.564209,4092.435791,4136.153809,4088.333252,4062.435791,4063.076904,4305.256348,4290.384766,4167.563965,4272.436035,,,,,,,,,,,,,,,,,,,,,,,,,,,,,,,,,,,,,,,,,,,,,,,,,,,,,,,,,,,,,,,,,,,,,,
1769164114.624115,1769164114.624891,5.0,0.0,4232.692383,4105.897461,4140.128418,4193.333496,4066.025635,4093.718018,4130.897461,4090.128174,4060.0,4065.128174,4305.769043,4294.743652,4167.179688,4281.282227,,,,,,,,,,,,,,,,,,,,,,,,,,,,,,,,,,,,,,,,,,,,,,,,,,,,,,,,,,,,,,,,,,,,,,
1769164114.631924,1769164114.632599,6.0,0.0,4234.487305,4108.846191,4134.102539,4193.974121,4065.0,4091.153809,4126.538574,4090.256348,4060.128174,4062.820557,4297.179688,4284.230957,4156.922852,4278.846191,,,,,,,,,,,,,,,,,,,,,,,,,,,,,,,,,,,,,,,,,,,,,,,,,,,,,,,,,,,,,,,,,,,,,,
1769164114.639732,1769164114.640408,7.0,0.0,4221.410156,4114.615234,4131.025879,4191.025879,4063.718018,4091.410156,4134.743652,4090.769287,4060.512939,4062.307617,4297.179688,4277.820313,4157.94873,4275.769043,,,,,,,,,,,,,,,,,,,,,,,,,,,,,,,,,,,,,,,,,,,,,,,,,,,,,,,,,,,,,,,,,,,,,,
1769164114.647541,1769164114.648416,8.0,0.0,4214.358887,4113.974121,4135.641113,4189.102539,4061.025635,4092.94873,4138.333496,4090.769287,4060.384521,4063.076904,4307.563965,4283.461426,4170.128418,4288.717773,,,,,,,,,,,,,,,,,,,,,,,,,,,,,,,,,,,,,,,,,,,,,,,,,,,,,,,,,,,,,,,,,,,,,,
1769164114.655349,1769164114.656224,9.0,0.0,4217.692383,4109.102539,4135.128418,4188.846191,4061.281982,4092.179443,4135.512695,4090.384521,4060.897461,4063.461426,4306.922852,4284.487305,4167.05127,4284.102539,,,,,,,,,,,,,,,,,,,,,,,,,,,,,,,,,,,,,,,,,,,,,,,,,,,,,,,,,,,,,,,,,,,,,,
1769164114.663158,1769164114.664133,10.0,0.0,4216.666504,4107.05127,4129.358887,4189.487305,4064.743652,4090.256348,4136.794922,4090.256348,4061.666748,4065.256348,4297.563965,4280.0,4156.025879,4264.743652,,,,,,,,,,,,,,,,,,,,,,,,,,,,,,,,,,,,,,,,,,,,,,,,,,,,,,,,,,,,,,,,,,,,,,
1769164114.670966,1769164114.671941,11.0,0.0,4212.05127,4106.922852,4128.717773,4187.05127,4061.153809,4090.0,4136.922852,4089.743652,4060.512939,4063.333252,4294.358887,4277.820313,4155.769043,4267.179688,,,,,,,,,,,,,,,,,,,,,,,,,,,,,,,,,,,,,,,,,,,,,,,,,,,,,,,,,,,,,,,,,,,,,,
1769164114.678774,1769164114.679949,12.0,0.0,4212.436035,4107.563965,4130.128418,4186.153809,4059.743652,4092.179443,4135.256348,4089.230713,4058.076904,4058.846191,4295.128418,4277.05127,4159.743652,4276.794922,,,,,,,,,,,,,,,,,,,,,,,,,,,,,,,,,,,,,,,,,,,,,,,,,,,,,,,,,,,,,,,,,,,,,,
1769164114.686583,1769164114.687758,13.0,0.0,4212.692383,4110.128418,4126.922852,4187.820313,4069.871826,4089.615479,4137.179688,4089.487061,4058.589844,4059.743652,4294.487305,4277.179688,4160.512695,4275.0,,,,,,,,,,,,,,,,,,,,,,,,,,,,,,,,,,,,,,,,,,,,,,,,,,,,,,,,,,,,,,,,,,,,,,
1769164114.694391,1769164114.695466,14.0,0.0,4212.436035,4112.692383,4128.717773,4187.307617,4073.076904,4084.358887,4136.794922,4087.435791,4057.820557,4063.076904,4293.589844,4276.282227,4158.589844,4275.897461,2.895172,0.546347,0.297663,0.298865,0.114603,1.905676,0.613485,0.294647,0.223841,0.13657,0.665297,0.427774,0.248247,0.287167,0.088051,0.841558,0.53653,0.191429,0.249767,0.082369,0.365738,0.199875,0.181993,0.058302,0.041083,0.35664,0.276397,0.111434,0.123708,0.154661,0.211497,0.1784,0.114691,0.078138,0.081592,0.455802,0.353126,0.152702,0.076503,0.062949,0.173654,0.401319,0.160888,0.153919,0.043093,0.223378,0.419925,0.206351,0.204931,0.093755,0.315894,0.976204,0.383598,0.283113,0.075911,0.386494,0.665203,0.215555,0.333848,0.109524,0.431036,0.549101,0.564097,0.203369,0.122756,1.764081,1.148424,0.894161,0.410227,0.149431
1769164114.7022,1769164114.703275,15.0,0.0,4213.846191,4110.769043,4136.538574,4186.282227,4065.128174,4080.897461,4128.205078,4085.641113,4053.333252,4063.333252,4292.94873,4274.487305,4155.512695,4275.641113,,,,,,,,,,,,,,,,,,,,,,,,,,,,,,,,,,,,,,,,,,,,,,,,,,,,,,,,,,,,,,,,,,,,,,
1769164114.710008,1769164114.710883,16.0,0.0,4215.769043,4108.077148,4137.692383,4185.769043,4062.692383,4081.666748,4125.897461,4087.692383,4052.307617,4062.435791,4292.692383,4275.128418,4155.0,4269.487305,,,,,,,,,,,,,,,,,,,,,,,,,,,,,,,,,,,,,,,,,,,,,,,,,,,,,,,,,,,,,,,,,,,,,,
1769164114.717817,1769164114.718692,17.0,0.0,4212.05127,4108.461426,4134.358887,4184.487305,4069.358887,4087.564209,4134.358887,4090.256348,4055.897461,4060.641113,4292.94873,4277.307617,4157.179688,4274.871582,,,,,,,,,,,,,,,,,,,,,,,,,,,,,,,,,,,,,,,,,,,,,,,,,,,,,,,,,,,,,,,,,,,,,,
1769164114.725625,1769164114.7264,18.0,0.0,4204.102539,4108.077148,4135.769043,4185.512695,4073.205078,4092.307617,4137.820313,4090.641113,4054.871826,4059.871826,4293.077148,4278.589844,4156.282227,4280.128418,,,,,,,,,,,,,,,,,,,,,,,,,,,,,,,,,,,,,,,,,,,,,,,,,,,,,,,,,,,,,,,,,,,,,,
1769164114.733434,1769164114.734209,19.0,0.0,4206.666504,4106.410156,4137.820313,4185.769043,4067.564209,4091.666748,4136.025879,4089.615479,4050.128174,4061.666748,4293.846191,4276.153809,4154.230957,4275.512695,,,,,,,,,,,,,,,,,,,,,,,,,,,,,,,,,,,,,,,,,,,,,,,,,,,,,,,,,,,,,,,,,,,,,,
1769164114.741242,1769164114.741818,20.0,0.0,4215.256348,4106.153809,4135.641113,4182.563965,4064.102539,4090.641113,4135.897461,4090.512939,4052.820557,4062.692383,4295.256348,4277.820313,4157.179688,4277.94873,,,,,,,,,,,,,,,,,,,,,,,,,,,,,,,,,,,,,,,,,,,,,,,,,,,,,,,,,,,,,,,,,,,,,,
1769164114.749051,1769164114.749626,21.0,0.0,4217.307617,4108.077148,4135.0,4182.820313,4067.435791,4092.435791,4136.025879,4093.461426,4057.820557,4062.692383,4295.769043,4285.0,4161.538574,4285.512695,,,,,,,,,,,,,,,,,,,,,,,,,,,,,,,,,,,,,,,,,,,,,,,,,,,,,,,,,,,,,,,,,,,,,,
1769164114.756859,1769164114.757335,22.0,0.0,4209.358887,4105.128418,4136.410156,4182.563965,4067.435791,4095.897461,4136.922852,4089.102539,4051.153809,4060.384521,4294.230957,4284.487305,4158.333496,4281.025879,,,,,,,,,,,,,,,,,,,,,,,,,,,,,,,,,,,,,,,,,,,,,,,,,,,,,,,,,,,,,,,,,,,,,,
1769164114.764667,1769164114.765143,23.0,0.0,4207.436035,4104.615234,4135.384766,4181.410156,4067.94873,4094.615479,4133.333496,4079.743652,4043.974365,4059.102539,4293.461426,4278.077148,4152.05127,4276.282227,,,,,,,,,,,,,,,,,,,,,,,,,,,,,,,,,,,,,,,,,,,,,,,,,,,,,,,,,,,,,,,,,,,,,,
1769164114.772476,1769164114.772752,24.0,0.0,4216.410156,4111.538574,4137.820313,4187.820313,4074.743652,4087.564209,4124.358887,4084.487061,4053.589844,4063.333252,4294.743652,4279.230957,4154.615234,4280.256348,,,,,,,,,,,,,,,,,,,,,,,,,,,,,,,,,,,,,,,,,,,,,,,,,,,,,,,,,,,,,,,,,,,,,,
1769164114.780284,1769164114.78056,25.0,0.0,4215.641113,4112.179688,4136.538574,4187.692383,4076.025635,4085.256348,4124.102539,4093.205078,4061.025635,4066.281982,4296.410156,4284.358887,4160.769043,4281.666504,,,,,,,,,,,,,,,,,,,,,,,,,,,,,,,,,,,,,,,,,,,,,,,,,,,,,,,,,,,,,,,,,,,,,,
1769164114.788093,1769164114.788468,26.0,0.0,4203.846191,4106.025879,4125.0,4175.512695,4069.743652,4089.358887,4131.666504,4086.666748,4052.820557,4063.076904,4295.769043,4280.384766,4160.641113,4280.641113,,,,,,,,,,,,,,,,,,,,,,,,,,,,,,,,,,,,,,,,,,,,,,,,,,,,,,,,,,,,,,,,,,,,,,
1769164114.795901,1769164114.796277,27.0,0.0,4200.128418,4105.769043,4120.512695,4173.461426,4067.05127,4091.281982,4132.820313,4082.307617,4048.333252,4062.05127,4293.333496,4275.384766,4157.692383,4280.512695,,,,,,,,,,,,,,,,,,,,,,,,,,,,,,,,,,,,,,,,,,,,,,,,,,,,,,,,,,,,,,,,,,,,,,
1769164114.80371,1769164114.804285,28.0,0.0,4205.384766,4109.487305,4128.333496,4183.717773,4070.256348,4090.769287,4132.563965,4090.384521,4053.718018,4064.615479,4294.487305,4285.769043,4156.410156,4281.538574,,,,,,,,,,,,,,,,,,,,,,,,,,,,,,,,,,,,,,,,,,,,,,,,,,,,,,,,,,,,,,,,,,,,,,
1769164114.811518,1769164114.812094,29.0,0.0,4204.871582,4107.94873,4129.871582,4185.641113,4072.94873,4092.307617,4136.538574,4092.820557,4054.615479,4062.435791,4294.358887,4296.153809,4155.897461,4282.179688,,,,,,,,,,,,,,,,,,,,,,,,,,,,,,,,,,,,,,,,,,,,,,,,,,,,,,,,,,,,,,,,,,,,,,
1769164114.819327,1769164114.820002,30.0,0.0,4202.820313,4106.025879,4124.358887,4180.512695,4070.256348,4092.692383,4135.128418,4088.718018,4048.461426,4057.179443,4290.0,4288.717773,4154.871582,4281.025879,2.733103,0.508469,0.261806,0.275519,0.118427,1.80646,0.68944,0.261464,0.20942,0.147285,0.684862,0.431456,0.209412,0.254805,0.076704,0.795806,0.527466,0.17462,0.248129,0.089001,0.368975,0.182893,0.183953,0.055722,0.039372,0.322317,0.274163,0.122105,0.129859,0.141453,0.21352,0.157451,0.123776,0.082409,0.072839,0.423302,0.318965,0.120979,0.082638,0.059049,0.212193,0.399603,0.131059,0.140551,0.043122,0.182623,0.415592,0.193228,0.204994,0.073168,0.402739,0.962434,0.504973,0.287433,0.071858,0.391875,0.610024,0.281031,0.360707,0.10316,0.567324,0.552689,0.692923,0.246206,0.123177,1.945598,1.086022,1.126217,0.506527,0.125612
1769164114.827135,1769164114.82781,31.0,0.0,4202.307617,4109.487305,4123.205078,4180.512695,4066.794922,4091.025635,4131.922852,4088.589844,4047.435791,4057.307617,4288.205078,4278.077148,4154.871582,4280.0,,,,,,,,,,,,,,,,,,,,,,,,,,,,,,,,,,,,,,,,,,,,,,,,,,,,,,,,,,,,,,,,,,,,,,
1769164114.834943,1769164114.835419,32.0,0.0,4200.641113,4111.153809,4123.974121,4184.358887,4069.743652,4089.615479,4133.974121,4089.487061,4053.333252,4062.307617,4292.692383,4283.846191,4155.641113,4281.282227,,,,,,,,,,,,,,,,,,,,,,,,,,,,,,,,,,,,,,,,,,,,,,,,,,,,,,,,,,,,,,,,,,,,,,
1769164114.842752,1769164114.843227,33.0,0.0,4201.666504,4107.436035,4123.846191,4183.717773,4074.358887,4091.410156,4136.666504,4089.615479,4056.923096,4066.153809,4295.769043,4289.102539,4154.743652,4280.384766,,,,,,,,,,,,,,,,,,,,,,,,,,,,,,,,,,,,,,,,,,,,,,,,,,,,,,,,,,,,,,,,,,,,,,
1769164114.85056,1769164114.850936,34.0,0.0,4200.256348,4103.589844,4121.025879,4175.0,4075.128174,4097.563965,4136.922852,4089.871826,4050.384521,4063.974365,4292.820313,4282.05127,4151.794922,4278.589844,,,,,,,,,,,,,,,,,,,,,,,,,,,,,,,,,,,,,,,,,,,,,,,,,,,,,,,,,,,,,,,,,,,,,,
1769164114.858369,1769164114.858744,35.0,0.0,4198.589844,4105.256348,4117.05127,4172.05127,4073.333252,4096.025879,4133.589844,4089.743652,4048.461426,4063.846191,4291.666504,4282.820313,4160.769043,4287.94873,,,,,,,,,,,,,,,,,,,,,,,,,,,,,,,,,,,,,,,,,,,,,,,,,,,,,,,,,,,,,,,,,,,,,,
1769164114.866177,1769164114.866753,36.0,0.0,4199.615234,4105.512695,4115.256348,4177.94873,4073.205078,4088.461426,4125.0,4088.589844,4052.307617,4068.846191,4293.717773,4290.384766,4169.871582,4294.615234,,,,,,,,,,,,,,,,,,,,,,,,,,,,,,,,,,,,,,,,,,,,,,,,,,,,,,,,,,,,,,,,,,,,,,
1769164114.873986,1769164114.874561,37.0,0.0,4198.205078,4103.461426,4114.102539,4178.077148,4076.410156,4090.256348,4120.641113,4083.718018,4047.307617,4066.538574,4294.358887,4284.487305,4158.846191,4283.461426,,,,,,,,,,,,,,,,,,,,,,,,,,,,,,,,,,,,,,,,,,,,,,,,,,,,,,,,,,,,,,,,,,,,,,
1769164114.881794,1769164114.882469,38.0,0.0,4199.102539,4107.563965,4111.794922,4178.717773,4077.692383,4095.897461,4127.820313,4081.281982,4047.179443,4064.871826,4292.436035,4273.846191,4153.589844,4273.333496,,,,,,,,,,,,,,,,,,,,,,,,,,,,,,,,,,,,,,,,,,,,,,,,,,,,,,,,,,,,,,,,,,,,,,
1769164114.889603,1769164114.890278,39.0,0.0,4199.230957,4112.307617,4108.974121,4181.282227,4076.923096,4092.820557,4134.358887,4086.923096,4056.666748,4072.820557,4291.410156,4277.05127,4167.307617,4280.0,,,,,,,,,,,,,,,,,,,,,,,,,,,,,,,,,,,,,,,,,,,,,,,,,,,,,,,,,,,,,,,,,,,,,,
1769164114.897411,1769164114.897887,40.0,0.0,4192.307617,4109.487305,4107.820313,4175.128418,4076.923096,4088.205078,4130.641113,4092.179443,4057.692383,4078.333252,4293.846191,4282.307617,4171.282227,4287.307617,,,,,,,,,,,,,,,,,,,,,,,,,,,,,,,,,,,,,,,,,,,,,,,,,,,,,,,,,,,,,,,,,,,,,,
1769164114.90522,1769164114.905695,41.0,0.0,4191.538574,4104.230957,4108.717773,4169.871582,4075.0,4090.769287,4126.666504,4089.743652,4050.0,4073.974365,4296.282227,4279.487305,4165.128418,4286.794922,,,,,,,,,,,,,,,,,,,,,,,,,,,,,,,,,,,,,,,,,,,,,,,,,,,,,,,,,,,,,,,,,,,,,,
1769164114.913028,1769164114.913404,42.0,0.0,4197.820313,4105.256348,4110.256348,4172.05127,4073.333252,4091.281982,4126.666504,4087.564209,4048.974365,4069.871826,4295.256348,4279.743652,4167.94873,4290.384766,,,,,,,,,,,,,,,,,,,,,,,,,,,,,,,,,,,,,,,,,,,,,,,,,,,,,,,,,,,,,,,,,,,,,,
1769164114.920837,1769164114.921212,43.0,0.0,4194.102539,4108.077148,4107.436035,4170.769043,4074.871826,4087.820557,4125.384766,4089.487061,4051.538574,4072.564209,4293.077148,4280.0,4171.025879,4294.358887,,,,,,,,,,,,,,,,,,,,,,,,,,,,,,,,,,,,,,,,,,,,,,,,,,,,,,,,,,,,,,,,,,,,,,
1769164114.928645,1769164114.928821,44.0,0.0,4185.128418,4106.410156,4103.205078,4168.717773,4076.538574,4088.333252,4126.410156,4089.743652,4052.179443,4072.564209,4294.871582,4278.846191,4168.461426,4287.436035,,,,,,,,,,,,,,,,,,,,,,,,,,,,,,,,,,,,,,,,,,,,,,,,,,,,,,,,,,,,,,,,,,,,,,
1769164114.936453,1769164114.936629,45.0,0.0,4184.102539,4105.128418,4105.384766,4170.512695,4075.128174,4091.025635,4127.94873,4088.461426,4052.435791,4067.307617,4294.487305,4283.974121,4167.563965,4277.307617,,,,,,,,,,,,,,,,,,,,,,,,,,,,,,,,,,,,,,,,,,,,,,,,,,,,,,,,,,,,,,,,,,,,,,
1769164114.944262,1769164114.944338,46.0,0.0,4191.410156,4109.487305,4112.436035,4171.794922,4073.076904,4089.230713,4125.0,4089.230713,4052.692383,4067.307617,4294.871582,4292.94873,4168.589844,4283.589844,2.335008,0.461912,0.226188,0.248487,0.131333,1.560332,0.735022,0.223,0.186472,0.146903,0.612981,0.408701,0.170665,0.212519,0.069759,0.740979,0.490584,0.165859,0.234957,0.098859,0.345807,0.178922,0.172393,0.052653,0.038756,0.305315,0.274837,0.126081,0.132308,0.124393,0.21797,0.141487,0.129689,0.087314,0.065297,0.353385,0.289613,0.09666,0.093057,0.056216,0.261886,0.372801,0.122958,0.126868,0.044625,0.19173,0.39573,0.1952,0.209075,0.056308,0.409527,0.867851,0.608975,0.275603,0.073185,0.354597,0.520468,0.349132,0.373047,0.104649,0.631906,0.540879,0.763642,0.284939,0.124875,1.998233,0.974459,1.283792,0.597541,0.108371
1769164114.95207,1769164114.952146,47.0,0.0,4202.05127,4113.461426,4112.94873,4173.974121,4074.615479,4089.871826,4129.743652,4091.923096,4057.94873,4075.128174,4299.871582,4295.641113,4172.179688,4298.717773,,,,,,,,,,,,,,,,,,,,,,,,,,,,,,,,,,,,,,,,,,,,,,,,,,,,,,,,,,,,,,,,,,,,,,
1769164114.959879,1769164114.959755,48.0,0.0,4199.102539,4109.615234,4102.94873,4173.077148,4076.410156,4096.538574,4137.05127,4092.435791,4059.615479,4077.820557,4298.974121,4290.512695,4172.692383,4296.538574,,,,,,,,,,,,,,,,,,,,,,,,,,,,,,,,,,,,,,,,,,,,,,,,,,,,,,,,,,,,,,,,,,,,,,
1769164114.967687,1769164114.967563,49.0,0.0,4185.897461,4105.256348,4099.102539,4169.358887,4074.487061,4096.538574,4129.871582,4090.769287,4057.435791,4073.846191,4292.820313,4286.666504,4168.846191,4279.102539,,,,,,,,,,,,,,,,,,,,,,,,,,,,,,,,,,,,,,,,,,,,,,,,,,,,,,,,,,,,,,,,,,,,,,
1769164114.975496,1769164114.975272,50.0,0.0,4187.692383,4107.05127,4103.846191,4170.256348,4073.718018,4088.974365,4120.384766,4090.0,4060.897461,4072.435791,4291.922852,4287.820313,4165.128418,4277.692383,,,,,,,,,,,,,,,,,,,,,,,,,,,,,,,,,,,,,,,,,,,,,,,,,,,,,,,,,,,,,,,,,,,,,,
1769164114.983304,1769164114.98308,51.0,0.0,4195.0,4109.230957,4102.307617,4171.538574,4073.589844,4087.307617,4120.641113,4090.769287,4059.230713,4074.358887,4294.230957,4291.153809,4166.666504,4294.615234,,,,,,,,,,,,,,,,,,,,,,,,,,,,,,,,,,,,,,,,,,,,,,,,,,,,,,,,,,,,,,,,,,,,,,
1769164114.991113,1769164114.991088,52.0,0.0,4188.333496,4106.922852,4096.025879,4168.333496,4070.897461,4089.358887,4122.563965,4091.923096,4051.410156,4074.102539,4295.769043,4290.0,4170.641113,4293.461426,,,,,,,,,,,,,,,,,,,,,,,,,,,,,,,,,,,,,,,,,,,,,,,,,,,,,,,,,,,,,,,,,,,,,,
1769164114.998921,1769164114.998897,53.0,0.0,4183.589844,4105.384766,4096.666504,4167.179688,4069.487061,4087.179443,4123.077148,4091.538574,4050.256348,4068.846191,4294.743652,4285.897461,4167.436035,4273.846191,,,,,,,,,,,,,,,,,,,,,,,,,,,,,,,,,,,,,,,,,,,,,,,,,,,,,,,,,,,,,,,,,,,,,,
1769164115.006729,1769164115.006805,54.0,0.0,4189.743652,4107.563965,4099.358887,4169.871582,4073.461426,4088.589844,4124.358887,4090.769287,4051.923096,4067.692383,4292.307617,4287.05127,4164.230957,4274.871582,,,,,,,,,,,,,,,,,,,,,,,,,,,,,,,,,,,,,,,,,,,,,,,,,,,,,,,,,,,,,,,,,,,,,,
1769164115.014538,1769164115.014614,55.0,0.0,4191.025879,4109.358887,4095.256348,4170.512695,4077.94873,4094.358887,4124.358887,4092.692383,4052.94873,4075.384521,4294.102539,4293.461426,4170.256348,4292.94873,,,,,,,,,,,,,,,,,,,,,,,,,,,,,,,,,,,,,,,,,,,,,,,,,,,,,,,,,,,,,,,,,,,,,,
1769164115.022346,1769164115.022622,56.0,0.0,4185.0,4110.0,4090.512939,4168.717773,4079.230713,4094.487061,4123.974121,4095.256348,4059.743652,4080.512939,4297.820313,4294.487305,4173.461426,4290.0,,,,,,,,,,,,,,,,,,,,,,,,,,,,,,,,,,,,,,,,,,,,,,,,,,,,,,,,,,,,,,,,,,,,,,
1769164115.030155,1769164115.03043,57.0,0.0,4185.769043,4107.820313,4090.769287,4168.461426,4079.871826,4095.256348,4124.102539,4094.102539,4062.692383,4078.718018,4294.871582,4285.384766,4167.820313,4277.94873,,,,,,,,,,,,,,,,,,,,,,,,,,,,,,,,,,,,,,,,,,,,,,,,,,,,,,,,,,,,,,,,,,,,,,
1769164115.037963,1769164115.038139,58.0,0.0,4191.922852,4106.794922,4092.94873,4171.025879,4081.281982,4102.563965,4127.436035,4091.794922,4057.692383,4075.512939,4292.692383,4280.512695,4166.410156,4287.563965,,,,,,,,,,,,,,,,,,,,,,,,,,,,,,,,,,,,,,,,,,,,,,,,,,,,,,,,,,,,,,,,,,,,,,
1769164115.045772,1769164115.045947,59.0,0.0,4192.179688,4114.487305,4091.538574,4172.436035,4083.461426,4102.179688,4129.615234,4092.692383,4057.564209,4076.538574,4299.102539,4288.461426,4173.205078,4298.461426,,,,,,,,,,,,,,,,,,,,,,,,,,,,,,,,,,,,,,,,,,,,,,,,,,,,,,,,,,,,,,,,,,,,,,
1769164115.05358,1769164115.053956,60.0,0.0,4185.641113,4117.820313,4091.025635,4170.897461,4083.333252,4093.333252,4125.384766,4092.94873,4061.410156,4081.153809,4303.717773,4297.307617,4181.282227,4293.846191,,,,,,,,,,,,,,,,,,,,,,,,,,,,,,,,,,,,,,,,,,,,,,,,,,,,,,,,,,,,,,,,,,,,,,
1769164115.061389,1769164115.061764,61.0,0.0,4186.282227,4109.230957,4093.718018,4169.487305,4079.743652,4092.307617,4122.692383,4091.410156,4061.666748,4082.179443,4299.230957,4297.94873,4181.922852,4291.666504,,,,,,,,,,,,,,,,,,,,,,,,,,,,,,,,,,,,,,,,,,,,,,,,,,,,,,,,,,,,,,,,,,,,,,
1769164115.069197,1769164115.069672,62.0,0.0,4194.102539,4107.179688,4092.692383,4170.512695,4080.256348,4096.666504,4124.871582,4091.666748,4059.615479,4080.0,4295.384766,4294.871582,4176.666504,4295.641113,1.880234,0.406192,0.201494,0.225252,0.15162,1.280751,0.726647,0.185705,0.163213,0.135132,0.539033,0.370845,0.141826,0.173588,0.069668,0.704547,0.428158,0.165735,0.212913,0.109782,0.30285,0.186716,0.153241,0.050343,0.040459,0.280177,0.28754,0.124421,0.132651,0.107226,0.223721,0.13679,0.130189,0.091849,0.061849,0.364146,0.273254,0.084403,0.103262,0.054819,0.322769,0.332057,0.126197,0.117393,0.048294,0.227319,0.359505,0.210332,0.213433,0.044538,0.508214,0.712685,0.67964,0.245743,0.077708,0.358264,0.418546,0.405341,0.362437,0.112856,0.689115,0.507967,0.768111,0.30766,0.127547,1.931759,0.823292,1.332882,0.657032,0.100734
1769164115.077006,1769164115.077481,63.0,0.0,4192.563965,4112.94873,4089.102539,4171.538574,4082.94873,4097.307617,4126.410156,4093.461426,4059.487061,4082.435791,4296.282227,4293.461426,4174.230957,4293.205078,,,,,,,,,,,,,,,,,,,,,,,,,,,,,,,,,,,,,,,,,,,,,,,,,,,,,,,,,,,,,,,,,,,,,,
1769164115.084814,1769164115.085489,64.0,0.0,4183.589844,4110.0,4091.794922,4168.846191,4084.358887,4096.282227,4125.897461,4094.102539,4065.512939,4085.384521,4296.922852,4293.589844,4173.205078,4291.153809,,,,,,,,,,,,,,,,,,,,,,,,,,,,,,,,,,,,,,,,,,,,,,,,,,,,,,,,,,,,,,,,,,,,,,
1769164115.092622,1769164115.093298,65.0,0.0,4184.230957,4105.641113,4092.820557,4165.384766,4085.256348,4094.102539,4123.974121,4092.94873,4067.94873,4083.333252,4296.922852,4295.128418,4173.077148,4290.512695,,,,,,,,,,,,,,,,,,,,,,,,,,,,,,,,,,,,,,,,,,,,,,,,,,,,,,,,,,,,,,,,,,,,,,
1769164115.100431,1769164115.101006,66.0,0.0,4190.256348,4107.94873,4084.743652,4166.153809,4085.0,4091.666748,4122.563965,4090.769287,4062.820557,4078.846191,4297.692383,4297.692383,4175.384766,4286.282227,,,,,,,,,,,,,,,,,,,,,,,,,,,,,,,,,,,,,,,,,,,,,,,,,,,,,,,,,,,,,,,,,,,,,,
1769164115.108239,1769164115.108815,67.0,0.0,4186.410156,4106.153809,4082.820557,4167.179688,4083.076904,4095.128174,4124.743652,4090.384521,4058.589844,4075.256348,4292.436035,4291.922852,4170.641113,4278.717773,,,,,,,,,,,,,,,,,,,,,,,,,,,,,,,,,,,,,,,,,,,,,,,,,,,,,,,,,,,,,,,,,,,,,,
1769164115.116048,1769164115.116823,68.0,0.0,4185.769043,4106.794922,4088.461426,4166.410156,4082.05127,4098.717773,4127.179688,4091.153809,4057.307617,4073.846191,4287.820313,4281.666504,4163.974121,4276.922852,,,,,,,,,,,,,,,,,,,,,,,,,,,,,,,,,,,,,,,,,,,,,,,,,,,,,,,,,,,,,,,,,,,,,,
1769164115.123856,1769164115.124631,69.0,0.0,4198.205078,4112.05127,4090.0,4167.692383,4084.487061,4094.743652,4122.94873,4090.641113,4057.307617,4075.256348,4293.333496,4285.0,4170.641113,4290.512695,,,,,,,,,,,,,,,,,,,,,,,,,,,,,,,,,,,,,,,,,,,,,,,,,,,,,,,,,,,,,,,,,,,,,,
1769164115.131665,1769164115.13234,70.0,0.0,4199.743652,4110.128418,4089.615479,4169.102539,4087.564209,4094.871826,4122.179688,4091.025635,4058.589844,4074.871826,4297.179688,4295.0,4174.358887,4299.102539,,,,,,,,,,,,,,,,,,,,,,,,,,,,,,,,,,,,,,,,,,,,,,,,,,,,,,,,,,,,,,,,,,,,,,
1769164115.139473,1769164115.140148,71.0,0.0,4188.077148,4106.666504,4091.153809,4167.307617,4090.256348,4103.846191,4131.538574,4094.487061,4061.025635,4073.205078,4291.538574,4294.102539,4165.128418,4284.102539,,,,,,,,,,,,,,,,,,,,,,,,,,,,,,,,,,,,,,,,,,,,,,,,,,,,,,,,,,,,,,,,,,,,,,
1769164115.147282,1769164115.147757,72.0,0.0,4187.436035,4108.717773,4090.512939,4165.641113,4087.820557,4105.512695,4135.256348,4098.461426,4064.487061,4078.846191,4291.666504,4291.538574,4163.461426,4275.897461,,,,,,,,,,,,,,,,,,,,,,,,,,,,,,,,,,,,,,,,,,,,,,,,,,,,,,,,,,,,,,,,,,,,,,
1769164115.15509,1769164115.155565,73.0,0.0,4190.128418,4109.102539,4090.512939,4168.077148,4082.179443,4096.794922,4127.436035,4098.333496,4066.538574,4085.641113,4299.615234,4296.538574,4172.307617,4292.563965,,,,,,,,,,,,,,,,,,,,,,,,,,,,,,,,,,,,,,,,,,,,,,,,,,,,,,,,,,,,,,,,,,,,,,
1769164115.162898,1769164115.163274,74.0,0.0,4185.897461,4106.153809,4092.179443,4168.077148,4080.769287,4094.743652,4123.333496,4093.205078,4061.923096,4080.0,4297.94873,4295.641113,4173.846191,4299.615234,,,,,,,,,,,,,,,,,,,,,,,,,,,,,,,,,,,,,,,,,,,,,,,,,,,,,,,,,,,,,,,,,,,,,,
1769164115.170707,1769164115.171082,75.0,0.0,4192.692383,4107.820313,4092.05127,4165.256348,4081.794922,4098.205078,4124.358887,4089.358887,4057.307617,4071.923096,4292.05127,4291.666504,4168.461426,4288.846191,,,,,,,,,,,,,,,,,,,,,,,,,,,,,,,,,,,,,,,,,,,,,,,,,,,,,,,,,,,,,,,,,,,,,,
1769164115.178516,1769164115.179091,76.0,0.0,4195.897461,4110.0,4093.333252,4166.538574,4082.692383,4100.128418,4122.692383,4095.641113,4059.230713,4074.487061,4295.256348,4294.102539,4169.743652,4290.641113,,,,,,,,,,,,,,,,,,,,,,,,,,,,,,,,,,,,,,,,,,,,,,,,,,,,,,,,,,,,,,,,,,,,,,
1769164115.186324,1769164115.186899,77.0,0.0,4175.769043,4107.05127,4091.153809,4163.846191,4082.94873,4104.102539,4127.436035,4103.974121,4060.256348,4076.538574,4298.077148,4294.743652,4173.974121,4299.615234,,,,,,,,,,,,,,,,,,,,,,,,,,,,,,,,,,,,,,,,,,,,,,,,,,,,,,,,,,,,,,,,,,,,,,
1769164115.194132,1769164115.194807,78.0,0.0,4164.230957,4105.0,4087.179443,4157.307617,4083.718018,4102.94873,4134.230957,4105.897461,4059.871826,4075.897461,4296.153809,4293.077148,4172.436035,4293.461426,1.457508,0.35285,0.195976,0.207756,0.174691,1.001046,0.663656,0.156874,0.145032,0.115993,0.440555,0.333224,0.126901,0.145763,0.076436,0.675293,0.352383,0.171517,0.1856,0.119287,0.241629,0.200862,0.134259,0.050182,0.045004,0.251166,0.315292,0.120384,0.132107,0.092603,0.220353,0.145427,0.127244,0.095884,0.063856,0.320201,0.269703,0.082282,0.108581,0.055343,0.335903,0.28939,0.127922,0.113717,0.055085,0.28004,0.310761,0.227864,0.21135,0.038587,0.546836,0.532404,0.708176,0.202808,0.082679,0.337007,0.326134,0.435914,0.327352,0.125028,0.684288,0.454526,0.717746,0.306759,0.130919,1.713544,0.657272,1.265457,0.669897,0.105395
1769164115.201941,1769164115.202616,79.0,0.0,4177.692383,4106.666504,4088.846191,4161.153809,4083.333252,4095.256348,4128.846191,4105.769043,4060.128174,4078.076904,4296.410156,4294.230957,4170.641113,4287.436035,,,,,,,,,,,,,,,,,,,,,,,,,,,,,,,,,,,,,,,,,,,,,,,,,,,,,,,,,,,,,,,,,,,,,,
1769164115.209749,1769164115.210624,80.0,0.0,4184.230957,4110.897461,4092.05127,4169.615234,4080.641113,4090.512939,4121.666504,4100.641113,4060.384521,4078.076904,4297.05127,4294.615234,4172.436035,4290.641113,,,,,,,,,,,,,,,,,,,,,,,,,,,,,,,,,,,,,,,,,,,,,,,,,,,,,,,,,,,,,,,,,,,,,,
1769164115.217558,1769164115.218432,81.0,0.0,4179.487305,4113.589844,4091.025635,4167.94873,4078.974365,4090.0,4122.820313,4093.846191,4060.256348,4074.487061,4293.461426,4289.871582,4172.05127,4286.410156,,,,,,,,,,,,,,,,,,,,,,,,,,,,,,,,,,,,,,,,,,,,,,,,,,,,,,,,,,,,,,,,,,,,,,
1769164115.225366,1769164115.226341,82.0,0.0,4181.538574,4112.307617,4091.538574,4162.820313,4081.025635,4096.282227,4125.384766,4097.05127,4060.0,4073.076904,4291.282227,4288.077148,4168.461426,4281.153809,,,,,,,,,,,,,,,,,,,,,,,,,,,,,,,,,,,,,,,,,,,,,,,,,,,,,,,,,,,,,,,,,,,,,,
1769164115.233175,1769164115.234149,83.0,0.0,4183.205078,4111.025879,4094.358887,4164.230957,4082.820557,4105.128418,4125.128418,4102.05127,4060.128174,4075.0,4292.94873,4291.538574,4166.922852,4289.230957,,,,,,,,,,,,,,,,,,,,,,,,,,,,,,,,,,,,,,,,,,,,,,,,,,,,,,,,,,,,,,,,,,,,,,
1769164115.240983,1769164115.241758,84.0,0.0,4182.05127,4113.717773,4093.846191,4166.025879,4080.256348,4101.153809,4124.615234,4101.794922,4061.410156,4076.666748,4295.897461,4292.563965,4168.589844,4296.410156,,,,,,,,,,,,,,,,,,,,,,,,,,,,,,,,,,,,,,,,,,,,,,,,,,,,,,,,,,,,,,,,,,,,,,
1769164115.248792,1769164115.249566,85.0,0.0,4186.025879,4116.153809,4095.384521,4163.461426,4080.128174,4092.820557,4123.205078,4104.230957,4060.769287,4076.410156,4298.077148,4293.205078,4172.692383,4294.871582,,,,,,,,,,,,,,,,,,,,,,,,,,,,,,,,,,,,,,,,,,,,,,,,,,,,,,,,,,,,,,,,,,,,,,
1769164115.2566,1769164115.257475,86.0,0.0,4185.128418,4110.512695,4097.820313,4157.692383,4081.794922,4100.897461,4124.102539,4107.436035,4057.564209,4075.641113,4297.563965,4295.641113,4173.461426,4289.230957,,,,,,,,,,,,,,,,,,,,,,,,,,,,,,,,,,,,,,,,,,,,,,,,,,,,,,,,,,,,,,,,,,,,,,
1769164115.264408,1769164115.265283,87.0,0.0,4178.333496,4105.897461,4096.666504,4155.897461,4078.718018,4110.769043,4130.897461,4105.256348,4058.846191,4075.384521,4291.922852,4295.641113,4164.102539,4277.563965,,,,,,,,,,,,,,,,,,,,,,,,,,,,,,,,,,,,,,,,,,,,,,,,,,,,,,,,,,,,,,,,,,,,,,
1769164115.272217,1769164115.272992,88.0,0.0,4181.410156,4110.128418,4095.641113,4160.384766,4073.718018,4104.102539,4134.358887,4103.846191,4057.94873,4074.743652,4286.794922,4293.461426,4156.666504,4277.563965,,,,,,,,,,,,,,,,,,,,,,,,,,,,,,,,,,,,,,,,,,,,,,,,,,,,,,,,,,,,,,,,,,,,,,
1769164115.280025,1769164115.2808,89.0,0.0,4184.102539,4113.333496,4098.333496,4162.307617,4072.564209,4095.512939,4128.717773,4104.487305,4051.666748,4072.307617,4289.102539,4291.282227,4163.461426,4290.641113,,,,,,,,,,,,,,,,,,,,,,,,,,,,,,,,,,,,,,,,,,,,,,,,,,,,,,,,,,,,,,,,,,,,,,
1769164115.287834,1769164115.288509,90.0,0.0,4184.102539,4110.128418,4104.871582,4163.846191,4074.230713,4092.94873,4123.846191,4104.487305,4053.589844,4075.512939,4295.384766,4293.846191,4172.820313,4289.615234,,,,,,,,,,,,,,,,,,,,,,,,,,,,,,,,,,,,,,,,,,,,,,,,,,,,,,,,,,,,,,,,,,,,,,
1769164115.295642,1769164115.296317,91.0,0.0,4188.717773,4106.153809,4107.563965,4164.102539,4076.538574,4094.230713,4127.436035,4102.05127,4057.435791,4077.307617,4291.025879,4294.743652,4166.025879,4279.871582,,,,,,,,,,,,,,,,,,,,,,,,,,,,,,,,,,,,,,,,,,,,,,,,,,,,,,,,,,,,,,,,,,,,,,
1769164115.303451,1769164115.304325,92.0,0.0,4179.487305,4104.743652,4099.615234,4159.102539,4075.897461,4094.871826,4129.487305,4099.615234,4050.512939,4066.153809,4278.717773,4285.512695,4153.846191,4277.05127,,,,,,,,,,,,,,,,,,,,,,,,,,,,,,,,,,,,,,,,,,,,,,,,,,,,,,,,,,,,,,,,,,,,,,
1769164115.311259,1769164115.312134,93.0,0.0,4166.794922,4111.025879,4093.718018,4160.512695,4074.871826,4091.410156,4124.358887,4102.05127,4047.435791,4061.410156,4282.563965,4281.282227,4160.256348,4279.871582,,,,,,,,,,,,,,,,,,,,,,,,,,,,,,,,,,,,,,,,,,,,,,,,,,,,,,,,,,,,,,,,,,,,,,
1769164115.319068,1769164115.320042,94.0,0.0,4176.794922,4120.512695,4097.563965,4168.717773,4079.230713,4095.897461,4123.461426,4105.0,4056.538574,4073.333252,4297.179688,4292.05127,4174.358887,4292.436035,1.150064,0.313049,0.206864,0.193934,0.195717,0.77196,0.561066,0.138558,0.132985,0.095677,0.372769,0.307151,0.122667,0.129096,0.087549,0.641352,0.277351,0.175811,0.156719,0.125178,0.19357,0.214026,0.121896,0.052846,0.051531,0.218283,0.352393,0.117722,0.130998,0.081856,0.223694,0.165552,0.125867,0.100272,0.07056,0.286192,0.270354,0.084079,0.106576,0.057679,0.330781,0.251527,0.120878,0.114284,0.065226,0.325391,0.256461,0.236143,0.197876,0.038673,0.602247,0.361711,0.689609,0.156189,0.08573,0.351526,0.258197,0.434298,0.275705,0.138469,0.646072,0.384884,0.631805,0.281958,0.134882,1.40267,0.507264,1.101356,0.636769,0.125603
1769164115.326876,1769164115.327851,95.0,0.0,4186.538574,4119.743652,4096.025879,4169.230957,4082.179443,4106.410156,4128.077148,4105.128418,4061.281982,4078.589844,4296.666504,4298.333496,4173.077148,4299.743652,,,,,,,,,,,,,,,,,,,,,,,,,,,,,,,,,,,,,,,,,,,,,,,,,,,,,,,,,,,,,,,,,,,,,,
1769164115.334684,1769164115.335859,96.0,0.0,4182.436035,4114.743652,4091.410156,4167.307617,4077.692383,4101.922852,4125.769043,4106.410156,4057.94873,4074.615479,4290.769043,4294.871582,4168.333496,4288.589844,,,,,,,,,,,,,,,,,,,,,,,,,,,,,,,,,,,,,,,,,,,,,,,,,,,,,,,,,,,,,,,,,,,,,,
1769164115.342493,1769164115.343667,97.0,0.0,4179.871582,4113.589844,4092.05127,4166.153809,4074.102539,4093.076904,4122.307617,4106.922852,4056.794922,4077.94873,4295.897461,4293.846191,4173.974121,4280.897461,,,,,,,,,,,,,,,,,,,,,,,,,,,,,,,,,,,,,,,,,,,,,,,,,,,,,,,,,,,,,,,,,,,,,,
1769164115.350301,1769164115.351376,98.0,0.0,4175.128418,4108.974121,4086.923096,4158.846191,4075.0,4102.436035,4131.025879,4104.487305,4058.461426,4078.718018,4297.692383,4293.846191,4174.871582,4282.692383,,,,,,,,,,,,,,,,,,,,,,,,,,,,,,,,,,,,,,,,,,,,,,,,,,,,,,,,,,,,,,,,,,,,,,
1769164115.35811,1769164115.359184,99.0,0.0,4169.871582,4108.205078,4080.0,4156.666504,4075.384521,4107.563965,4132.820313,4106.153809,4059.743652,4073.589844,4293.333496,4293.589844,4170.384766,4278.846191,,,,,,,,,,,,,,,,,,,,,,,,,,,,,,,,,,,,,,,,,,,,,,,,,,,,,,,,,,,,,,,,,,,,,,
1769164115.365918,1769164115.366793,100.0,0.0,4170.897461,4113.461426,4077.94873,4161.282227,4074.615479,4097.692383,4124.871582,4109.743652,4058.461426,4076.153809,4294.743652,4295.256348,4170.0,4275.384766,,,,,,,,,,,,,,,,,,,,,,,,,,,,,,,,,,,,,,,,,,,,,,,,,,,,,,,,,,,,,,,,,,,,,,
1769164115.373727,1769164115.374601,101.0,0.0,4169.230957,4110.384766,4072.307617,4156.666504,4074.871826,4099.743652,4128.077148,4108.333496,4058.076904,4078.461426,4295.256348,4293.589844,4167.820313,4281.025879,,,,,,,,,,,,,,,,,,,,,,,,,,,,,,,,,,,,,,,,,,,,,,,,,,,,,,,,,,,,,,,,,,,,,,
1769164115.381535,1769164115.38251,102.0,0.0,4168.974121,4106.282227,4066.153809,4149.487305,4075.0,4106.538574,4132.820313,4106.922852,4058.846191,4076.025635,4293.846191,4292.820313,4167.307617,4284.743652,,,,,,,,,,,,,,,,,,,,,,,,,,,,,,,,,,,,,,,,,,,,,,,,,,,,,,,,,,,,,,,,,,,,,,
1769164115.389344,1769164115.390318,103.0,0.0,4173.333496,4109.615234,4066.923096,4150.384766,4075.0,4099.743652,4125.384766,4107.94873,4057.820557,4077.179443,4295.897461,4294.743652,4171.538574,4280.769043,,,,,,,,,,,,,,,,,,,,,,,,,,,,,,,,,,,,,,,,,,,,,,,,,,,,,,,,,,,,,,,,,,,,,,
1769164115.397152,1769164115.398326,104.0,0.0,4170.384766,4107.94873,4065.128174,4152.05127,4074.871826,4091.666748,4121.666504,4106.282227,4060.512939,4081.538574,4296.922852,4294.615234,4172.820313,4276.538574,,,,,,,,,,,,,,,,,,,,,,,,,,,,,,,,,,,,,,,,,,,,,,,,,,,,,,,,,,,,,,,,,,,,,,
1769164115.404961,1769164115.406135,105.0,0.0,4163.077148,4102.820313,4058.461426,4150.641113,4075.0,4093.333252,4126.666504,4105.128418,4061.025635,4082.05127,4295.641113,4293.333496,4170.512695,4277.692383,,,,,,,,,,,,,,,,,,,,,,,,,,,,,,,,,,,,,,,,,,,,,,,,,,,,,,,,,,,,,,,,,,,,,,
1769164115.412769,1769164115.414043,106.0,0.0,4167.692383,4104.487305,4058.718018,4150.256348,4074.871826,4094.102539,4124.230957,4107.692383,4053.846191,4077.692383,4293.461426,4294.615234,4170.512695,4280.384766,,,,,,,,,,,,,,,,,,,,,,,,,,,,,,,,,,,,,,,,,,,,,,,,,,,,,,,,,,,,,,,,,,,,,,
1769164115.420577,1769164115.421852,107.0,0.0,4174.871582,4107.179688,4062.307617,4152.820313,4074.871826,4090.897461,4119.871582,4105.897461,4052.564209,4076.153809,4295.256348,4297.436035,4171.410156,4278.461426,,,,,,,,,,,,,,,,,,,,,,,,,,,,,,,,,,,,,,,,,,,,,,,,,,,,,,,,,,,,,,,,,,,,,,
1769164115.428386,1769164115.42986,108.0,0.0,4171.025879,4110.0,4060.0,4156.153809,4075.512939,4093.205078,4125.128418,4106.153809,4060.384521,4081.923096,4300.384766,4297.94873,4172.307617,4279.615234,,,,,,,,,,,,,,,,,,,,,,,,,,,,,,,,,,,,,,,,,,,,,,,,,,,,,,,,,,,,,,,,,,,,,,
1769164115.436194,1769164115.437668,109.0,0.0,4165.769043,4117.307617,4058.974365,4157.692383,4075.641113,4097.94873,4131.666504,4111.025879,4061.794922,4084.743652,4299.230957,4297.179688,4171.538574,4280.128418,,,,,,,,,,,,,,,,,,,,,,,,,,,,,,,,,,,,,,,,,,,,,,,,,,,,,,,,,,,,,,,,,,,,,,
1769164115.444003,1769164115.445377,110.0,0.0,4170.0,4121.410156,4063.076904,4159.230957,4077.692383,4095.0,4127.436035,4108.333496,4059.487061,4081.025635,4297.179688,4300.384766,4174.230957,4278.077148,0.922162,0.292712,0.220705,0.182003,0.211857,0.575983,0.437426,0.124448,0.124027,0.079756,0.322181,0.294046,0.12048,0.118367,0.099011,0.563715,0.213067,0.171184,0.129718,0.126142,0.152557,0.219037,0.115147,0.058062,0.05803,0.178188,0.386103,0.116577,0.129168,0.075674,0.211462,0.191225,0.128489,0.106278,0.07995,0.212908,0.262952,0.082731,0.099447,0.060729,0.279774,0.221384,0.107807,0.116184,0.077366,0.359066,0.205382,0.227934,0.173836,0.043721,0.594258,0.230341,0.627716,0.114505,0.085834,0.365454,0.221496,0.402292,0.220895,0.151398,0.59119,0.310489,0.529992,0.239502,0.139872,1.060267,0.397795,0.880107,0.57047,0.164004
1769164115.451811,1769164115.453185,111.0,0.0,4175.897461,4122.563965,4061.794922,4158.717773,4079.743652,4095.512939,4120.641113,4110.256348,4066.666748,4086.281982,4306.410156,4303.205078,4186.410156,4280.897461,,,,,,,,,,,,,,,,,,,,,,,,,,,,,,,,,,,,,,,,,,,,,,,,,,,,,,,,,,,,,,,,,,,,,,
1769164115.45962,1769164115.460794,112.0,0.0,4174.743652,4120.769043,4054.230713,4155.897461,4077.435791,4103.589844,4128.974121,4118.974121,4069.102539,4089.102539,4311.025879,4297.820313,4185.256348,4281.922852,,,,,,,,,,,,,,,,,,,,,,,,,,,,,,,,,,,,,,,,,,,,,,,,,,,,,,,,,,,,,,,,,,,,,,
1769164115.467428,1769164115.468602,113.0,0.0,4171.153809,4112.307617,4052.307617,4155.256348,4075.384521,4103.461426,4139.743652,4117.179688,4059.871826,4080.897461,4302.94873,4293.846191,4168.974121,4279.102539,,,,,,,,,,,,,,,,,,,,,,,,,,,,,,,,,,,,,,,,,,,,,,,,,,,,,,,,,,,,,,,,,,,,,,
1769164115.475237,1769164115.476311,114.0,0.0,4168.333496,4111.025879,4050.769287,4156.538574,4078.589844,4093.974365,4132.563965,4115.0,4060.384521,4083.589844,4303.717773,4301.538574,4174.102539,4280.256348,,,,,,,,,,,,,,,,,,,,,,,,,,,,,,,,,,,,,,,,,,,,,,,,,,,,,,,,,,,,,,,,,,,,,,
1769164115.483045,1769164115.484119,115.0,0.0,4169.358887,4118.461426,4048.076904,4155.0,4081.410156,4091.666748,4125.256348,4122.692383,4070.512939,4095.641113,4311.922852,4309.871582,4192.05127,4285.0,,,,,,,,,,,,,,,,,,,,,,,,,,,,,,,,,,,,,,,,,,,,,,,,,,,,,,,,,,,,,,,,,,,,,,
1769164115.490854,1769164115.491728,116.0,0.0,4170.512695,4116.922852,4051.410156,4154.230957,4079.487061,4097.820313,4132.179688,4123.974121,4070.512939,4089.230713,4306.153809,4307.436035,4183.974121,4283.077148,,,,,,,,,,,,,,,,,,,,,,,,,,,,,,,,,,,,,,,,,,,,,,,,,,,,,,,,,,,,,,,,,,,,,,
1769164115.498662,1769164115.499537,117.0,0.0,4167.94873,4110.512695,4052.307617,4156.410156,4076.281982,4097.94873,4133.717773,4120.769043,4063.589844,4075.897461,4297.05127,4301.538574,4168.333496,4279.102539,,,,,,,,,,,,,,,,,,,,,,,,,,,,,,,,,,,,,,,,,,,,,,,,,,,,,,,,,,,,,,,,,,,,,,
1769164115.506471,1769164115.507245,118.0,0.0,4174.743652,4113.974121,4048.461426,4157.307617,4076.666748,4094.487061,4129.230957,4124.615234,4065.512939,4082.692383,4301.282227,4302.179688,4176.282227,4287.179688,,,,,,,,,,,,,,,,,,,,,,,,,,,,,,,,,,,,,,,,,,,,,,,,,,,,,,,,,,,,,,,,,,,,,,
1769164115.514279,1769164115.515054,119.0,0.0,4181.666504,4120.641113,4049.487061,4155.769043,4082.179443,4098.846191,4134.487305,4125.769043,4069.102539,4092.307617,4308.846191,4304.358887,4187.307617,4292.05127,,,,,,,,,,,,,,,,,,,,,,,,,,,,,,,,,,,,,,,,,,,,,,,,,,,,,,,,,,,,,,,,,,,,,,
1769164115.522087,1769164115.523062,120.0,0.0,4173.077148,4123.589844,4052.179443,4154.487305,4084.102539,4105.128418,4138.846191,4123.846191,4067.435791,4091.538574,4308.846191,4305.256348,4188.589844,4285.512695,,,,,,,,,,,,,,,,,,,,,,,,,,,,,,,,,,,,,,,,,,,,,,,,,,,,,,,,,,,,,,,,,,,,,,
1769164115.529896,1769164115.53087,121.0,0.0,4165.769043,4121.666504,4050.384521,4152.307617,4080.512939,4100.256348,4134.487305,4124.615234,4069.487061,4088.589844,4305.897461,4307.05127,4184.615234,4283.974121,,,,,,,,,,,,,,,,,,,,,,,,,,,,,,,,,,,,,,,,,,,,,,,,,,,,,,,,,,,,,,,,,,,,,,
1769164115.537704,1769164115.538779,122.0,0.0,4174.743652,4119.615234,4051.538574,4149.487305,4083.974365,4095.0,4135.0,4124.615234,4074.358887,4091.025635,4309.102539,4310.0,4182.179688,4291.666504,,,,,,,,,,,,,,,,,,,,,,,,,,,,,,,,,,,,,,,,,,,,,,,,,,,,,,,,,,,,,,,,,,,,,,
1769164115.545513,1769164115.546587,123.0,0.0,4187.563965,4129.358887,4059.615479,4156.025879,4092.692383,4101.025879,4138.077148,4124.358887,4078.205078,4097.692383,4317.436035,4315.512695,4192.436035,4300.384766,,,,,,,,,,,,,,,,,,,,,,,,,,,,,,,,,,,,,,,,,,,,,,,,,,,,,,,,,,,,,,,,,,,,,,
1769164115.553321,1769164115.554196,124.0,0.0,4187.179688,4136.025879,4064.871826,4164.615234,4093.718018,4105.769043,4136.794922,4124.615234,4077.820557,4096.410156,4317.05127,4317.307617,4197.05127,4300.769043,,,,,,,,,,,,,,,,,,,,,,,,,,,,,,,,,,,,,,,,,,,,,,,,,,,,,,,,,,,,,,,,,,,,,,
1769164115.56113,1769164115.562004,125.0,0.0,4173.461426,4127.05127,4059.358887,4160.384766,4090.128174,4108.846191,4139.230957,4124.358887,4072.179443,4088.076904,4308.333496,4309.230957,4184.615234,4288.717773,,,,,,,,,,,,,,,,,,,,,,,,,,,,,,,,,,,,,,,,,,,,,,,,,,,,,,,,,,,,,,,,,,,,,,
1769164115.568938,1769164115.569713,126.0,0.0,4167.692383,4121.025879,4053.974365,4152.436035,4089.615479,4109.102539,4139.871582,4123.974121,4070.128174,4087.564209,4308.461426,4305.128418,4182.05127,4282.563965,0.737859,0.288029,0.223231,0.175048,0.223189,0.41987,0.320466,0.109956,0.115531,0.071314,0.302507,0.286155,0.113983,0.108363,0.106955,0.455239,0.164865,0.156324,0.108022,0.122298,0.140046,0.213353,0.109713,0.064906,0.062196,0.142137,0.407665,0.119379,0.127026,0.075406,0.194686,0.213407,0.135115,0.114246,0.090069,0.165904,0.242411,0.07533,0.092643,0.06261,0.223379,0.196935,0.095881,0.117893,0.088828,0.369734,0.164316,0.205116,0.146494,0.051901,0.54276,0.147361,0.531115,0.083486,0.084274,0.387376,0.215405,0.350182,0.176087,0.16251,0.525994,0.240714,0.427526,0.19037,0.147058,0.747941,0.330656,0.650034,0.492573,0.219923
1769164115.576747,1769164115.577521,127.0,0.0,4174.615234,4124.615234,4058.205078,4153.974121,4089.615479,4101.282227,4134.871582,4125.0,4074.487061,4093.589844,4313.589844,4311.025879,4190.512695,4293.333496,,,,,,,,,,,,,,,,,,,,,,,,,,,,,,,,,,,,,,,,,,,,,,,,,,,,,,,,,,,,,,,,,,,,,,
1769164115.584555,1769164115.585529,0.0,0.0,4176.025879,4126.282227,4061.794922,4157.563965,4088.589844,4098.589844,4132.692383,4125.0,4076.025635,4092.307617,4311.666504,4311.410156,4188.077148,4297.436035,,,,,,,,,,,,,,,,,,,,,,,,,,,,,,,,,,,,,,,,,,,,,,,,,,,,,,,,,,,,,,,,,,,,,,
1769164115.592363,1769164115.593338,1.0,0.0,4170.769043,4122.820313,4058.589844,4154.230957,4088.718018,4104.358887,4135.512695,4123.077148,4074.102539,4088.974365,4310.769043,4307.563965,4182.820313,4290.641113,,,,,,,,,,,,,,,,,,,,,,,,,,,,,,,,,,,,,,,,,,,,,,,,,,,,,,,,,,,,,,,,,,,,,,
1769164115.600172,1769164115.601246,2.0,0.0,4171.153809,4120.512695,4058.974365,4150.769043,4089.743652,4106.794922,4137.820313,4124.230957,4074.102539,4090.128174,4312.563965,4310.512695,4184.358887,4293.205078,,,,,,,,,,,,,,,,,,,,,,,,,,,,,,,,,,,,,,,,,,,,,,,,,,,,,,,,,,,,,,,,,,,,,,
1769164115.60798,1769164115.609055,3.0,0.0,4170.0,4120.769043,4063.333252,4151.666504,4090.384521,4104.615234,4137.692383,4127.436035,4074.487061,4092.179443,4311.538574,4312.820313,4182.05127,4297.563965,,,,,,,,,,,,,,,,,,,,,,,,,,,,,,,,,,,,,,,,,,,,,,,,,,,,,,,,,,,,,,,,,,,,,,
1769164115.615789,1769164115.617063,4.0,0.0,4168.333496,4125.512695,4064.487061,4155.128418,4091.025635,4103.846191,4136.410156,4127.563965,4076.410156,4094.871826,4311.794922,4310.128418,4181.666504,4294.230957,,,,,,,,,,,,,,,,,,,,,,,,,,,,,,,,,,,,,,,,,,,,,,,,,,,,,,,,,,,,,,,,,,,,,,
1769164115.623597,1769164115.624871,5.0,0.0,4177.179688,4127.307617,4067.435791,4156.794922,4090.512939,4105.512695,4136.410156,4128.333496,4078.076904,4092.692383,4312.436035,4308.461426,4182.820313,4291.282227,,,,,,,,,,,,,,,,,,,,,,,,,,,,,,,,,,,,,,,,,,,,,,,,,,,,,,,,,,,,,,,,,,,,,,
1769164115.631406,1769164115.63268,6.0,0.0,4183.717773,4124.615234,4073.974365,4154.230957,4090.512939,4107.94873,4138.589844,4133.846191,4074.102539,4091.538574,4313.589844,4313.205078,4184.102539,4298.077148,,,,,,,,,,,,,,,,,,,,,,,,,,,,,,,,,,,,,,,,,,,,,,,,,,,,,,,,,,,,,,,,,,,,,,
1769164115.639214,1769164115.640488,7.0,0.0,4182.563965,4128.717773,4078.076904,4156.025879,4091.153809,4102.94873,4138.974121,4138.077148,4078.974365,4102.436035,4323.589844,4321.153809,4192.820313,4308.077148,,,,,,,,,,,,,,,,,,,,,,,,,,,,,,,,,,,,,,,,,,,,,,,,,,,,,,,,,,,,,,,,,,,,,,
1769164115.647023,1769164115.648097,8.0,0.0,4180.897461,4135.769043,4079.615479,4163.974121,4092.179443,4096.153809,4138.077148,4140.256348,4089.358887,4108.589844,4332.179688,4327.820313,4201.282227,4311.153809,,,,,,,,,,,,,,,,,,,,,,,,,,,,,,,,,,,,,,,,,,,,,,,,,,,,,,,,,,,,,,,,,,,,,,
1769164115.654831,1769164115.655905,9.0,0.0,4184.358887,4137.179688,4082.94873,4169.102539,4094.358887,4103.589844,4140.256348,4142.307617,4086.666748,4100.256348,4327.563965,4330.641113,4200.512695,4314.230957,,,,,,,,,,,,,,,,,,,,,,,,,,,,,,,,,,,,,,,,,,,,,,,,,,,,,,,,,,,,,,,,,,,,,,
1769164115.66264,1769164115.663614,10.0,0.0,4187.436035,4132.692383,4084.743652,4165.641113,4095.0,4107.436035,4141.153809,4140.512695,4076.923096,4096.538574,4326.922852,4330.128418,4202.307617,4317.436035,,,,,,,,,,,,,,,,,,,,,,,,,,,,,,,,,,,,,,,,,,,,,,,,,,,,,,,,,,,,,,,,,,,,,,
1769164115.670448,1769164115.671422,11.0,0.0,4179.871582,4126.538574,4083.589844,4158.717773,4092.435791,4097.05127,4135.128418,4138.846191,4075.384521,4099.358887,4327.94873,4325.0,4201.538574,4308.205078,,,,,,,,,,,,,,,,,,,,,,,,,,,,,,,,,,,,,,,,,,,,,,,,,,,,,,,,,,,,,,,,,,,,,,
1769164115.678256,1769164115.679031,12.0,0.0,4176.538574,4126.410156,4085.897461,4157.692383,4089.615479,4093.333252,4131.538574,4140.769043,4078.076904,4093.333252,4315.769043,4317.692383,4187.94873,4292.820313,,,,,,,,,,,,,,,,,,,,,,,,,,,,,,,,,,,,,,,,,,,,,,,,,,,,,,,,,,,,,,,,,,,,,,
1769164115.686065,1769164115.686839,13.0,0.0,4181.794922,4133.461426,4090.769287,4163.077148,4092.05127,4097.563965,4132.692383,4141.922852,4076.025635,4091.153809,4312.563965,4320.384766,4186.153809,4290.384766,,,,,,,,,,,,,,,,,,,,,,,,,,,,,,,,,,,,,,,,,,,,,,,,,,,,,,,,,,,,,,,,,,,,,,
1769164115.693873,1769164115.694548,14.0,0.0,4184.615234,4140.897461,4093.718018,4169.871582,4094.871826,4096.282227,4130.641113,4145.512695,4078.718018,4103.974121,4331.794922,4333.461426,4203.589844,4310.0,0.591846,0.287636,0.206208,0.180704,0.231028,0.299051,0.235855,0.094804,0.108147,0.070391,0.301492,0.273071,0.100482,0.097926,0.108912,0.338421,0.136192,0.13311,0.093744,0.114605,0.140093,0.198039,0.101604,0.071641,0.062428,0.11063,0.413956,0.126352,0.125736,0.083249,0.164411,0.225487,0.143352,0.12309,0.100072,0.12183,0.207929,0.064037,0.091556,0.061821,0.170629,0.175949,0.090993,0.119609,0.096983,0.359162,0.136989,0.176083,0.12515,0.062208,0.45647,0.104523,0.41246,0.065115,0.084234,0.399776,0.229477,0.289902,0.148101,0.170356,0.486301,0.183116,0.329596,0.145687,0.158554,0.526882,0.294918,0.451276,0.424022,0.286022
1769164115.701682,1769164115.702356,15.0,0.0,4180.512695,4140.897461,4094.230713,4167.05127,4093.333252,4095.256348,4130.641113,4153.461426,4084.743652,4106.922852,4339.230957,4340.256348,4206.922852,4330.256348,,,,,,,,,,,,,,,,,,,,,,,,,,,,,,,,,,,,,,,,,,,,,,,,,,,,,,,,,,,,,,,,,,,,,,
1769164115.70949,1769164115.710365,16.0,0.0,4177.307617,4133.333496,4093.076904,4161.282227,4091.153809,4098.589844,4134.871582,4157.307617,4082.692383,4096.025879,4327.05127,4334.871582,4197.307617,4316.282227,,,,,,,,,,,,,,,,,,,,,,,,,,,,,,,,,,,,,,,,,,,,,,,,,,,,,,,,,,,,,,,,,,,,,,
1769164115.717299,1769164115.718173,17.0,0.0,4178.974121,4128.974121,4095.128174,4164.871582,4094.230713,4101.282227,4136.538574,4156.153809,4081.666748,4095.384521,4325.641113,4335.128418,4200.641113,4294.615234,,,,,,,,,,,,,,,,,,,,,,,,,,,,,,,,,,,,,,,,,,,,,,,,,,,,,,,,,,,,,,,,,,,,,,
1769164115.725107,1769164115.726081,18.0,0.0,4183.717773,4133.846191,4098.846191,4169.102539,4101.153809,4105.897461,4136.282227,4157.94873,4082.94873,4097.179688,4330.256348,4339.102539,4205.128418,4301.282227,,,,,,,,,,,,,,,,,,,,,,,,,,,,,,,,,,,,,,,,,,,,,,,,,,,,,,,,,,,,,,,,,,,,,,
1769164115.732916,1769164115.73389,19.0,0.0,4187.94873,4136.922852,4096.025879,4167.05127,4104.358887,4105.512695,4138.077148,4157.94873,4076.794922,4090.0,4325.128418,4333.974121,4197.563965,4311.025879,,,,,,,,,,,,,,,,,,,,,,,,,,,,,,,,,,,,,,,,,,,,,,,,,,,,,,,,,,,,,,,,,,,,,,
1769164115.740724,1769164115.741898,20.0,0.0,4183.205078,4134.230957,4090.256348,4165.256348,4104.487305,4097.94873,4137.05127,4154.487305,4077.179443,4095.897461,4329.102539,4332.94873,4201.922852,4314.743652,,,,,,,,,,,,,,,,,,,,,,,,,,,,,,,,,,,,,,,,,,,,,,,,,,,,,,,,,,,,,,,,,,,,,,
1769164115.748532,1769164115.749707,21.0,0.0,4179.743652,4137.94873,4090.641113,4168.333496,4104.102539,4098.205078,4134.358887,4159.487305,4091.923096,4112.563965,4345.128418,4342.179688,4217.820313,4324.743652,,,,,,,,,,,,,,,,,,,,,,,,,,,,,,,,,,,,,,,,,,,,,,,,,,,,,,,,,,,,,,,,,,,,,,
1769164115.756341,1769164115.757415,22.0,0.0,4187.563965,4139.615234,4093.846191,4168.461426,4103.589844,4107.436035,4138.205078,4167.692383,4096.025879,4113.077148,4351.025879,4348.205078,4214.615234,4322.692383,,,,,,,,,,,,,,,,,,,,,,,,,,,,,,,,,,,,,,,,,,,,,,,,,,,,,,,,,,,,,,,,,,,,,,
1769164115.764149,1769164115.765224,23.0,0.0,4193.589844,4137.820313,4097.692383,4167.563965,4103.846191,4108.846191,4140.128418,4168.333496,4090.512939,4108.846191,4349.102539,4350.897461,4206.794922,4314.743652,,,,,,,,,,,,,,,,,,,,,,,,,,,,,,,,,,,,,,,,,,,,,,,,,,,,,,,,,,,,,,,,,,,,,,
1769164115.771958,1769164115.772832,24.0,0.0,4189.743652,4145.897461,4099.871582,4176.025879,4104.358887,4103.717773,4137.692383,4166.153809,4093.461426,4110.897461,4352.94873,4355.641113,4220.384766,4327.436035,,,,,,,,,,,,,,,,,,,,,,,,,,,,,,,,,,,,,,,,,,,,,,,,,,,,,,,,,,,,,,,,,,,,,,
1769164115.779766,1769164115.780641,25.0,0.0,4185.769043,4149.487305,4094.743652,4180.897461,4104.358887,4103.717773,4135.897461,4168.077148,4095.769287,4111.666504,4355.128418,4356.538574,4230.0,4340.128418,,,,,,,,,,,,,,,,,,,,,,,,,,,,,,,,,,,,,,,,,,,,,,,,,,,,,,,,,,,,,,,,,,,,,,
1769164115.787575,1769164115.788549,26.0,0.0,4186.794922,4141.025879,4087.94873,4173.717773,4104.615234,4106.282227,4138.205078,4169.743652,4094.487061,4113.974121,4357.05127,4355.769043,4226.153809,4334.230957,,,,,,,,,,,,,,,,,,,,,,,,,,,,,,,,,,,,,,,,,,,,,,,,,,,,,,,,,,,,,,,,,,,,,,
1769164115.795383,1769164115.796357,27.0,0.0,4189.487305,4138.589844,4089.871826,4169.230957,4105.641113,4105.512695,4140.384766,4168.974121,4097.307617,4117.692383,4362.436035,4358.589844,4227.563965,4330.256348,,,,,,,,,,,,,,,,,,,,,,,,,,,,,,,,,,,,,,,,,,,,,,,,,,,,,,,,,,,,,,,,,,,,,,
1769164115.803192,1769164115.804366,28.0,0.0,4191.538574,4141.538574,4091.666748,4172.563965,4105.512695,4103.333496,4139.743652,4168.461426,4098.333496,4113.846191,4361.282227,4357.563965,4225.128418,4324.102539,,,,,,,,,,,,,,,,,,,,,,,,,,,,,,,,,,,,,,,,,,,,,,,,,,,,,,,,,,,,,,,,,,,,,,
1769164115.811,1769164115.812174,29.0,0.0,4194.487305,4139.230957,4090.0,4171.922852,4106.153809,4105.769043,4140.0,4167.436035,4093.718018,4106.794922,4356.538574,4357.94873,4218.077148,4322.692383,,,,,,,,,,,,,,,,,,,,,,,,,,,,,,,,,,,,,,,,,,,,,,,,,,,,,,,,,,,,,,,,,,,,,,
1769164115.818809,1769164115.819883,30.0,0.0,4197.820313,4142.05127,4090.384521,4170.256348,4108.974121,4111.410156,4141.153809,4167.94873,4089.871826,4106.153809,4358.333496,4365.256348,4219.358887,4342.179688,0.483277,0.286551,0.171435,0.205491,0.236424,0.217868,0.198187,0.08338,0.10433,0.075014,0.332894,0.252731,0.08304,0.088656,0.104523,0.24483,0.131009,0.109327,0.086933,0.104486,0.146781,0.176915,0.089124,0.076291,0.058583,0.089997,0.409348,0.134957,0.126829,0.099727,0.133364,0.225925,0.147812,0.130321,0.109961,0.11275,0.165711,0.055262,0.098003,0.058139,0.133769,0.159077,0.094453,0.12223,0.100629,0.32471,0.124671,0.15005,0.116211,0.07481,0.354534,0.092465,0.2897,0.058654,0.089088,0.376189,0.249729,0.233153,0.136449,0.173481,0.45693,0.147374,0.237629,0.113375,0.177284,0.395471,0.281534,0.307843,0.377351,0.34828
1769164115.826617,1769164115.827691,31.0,0.0,4195.0,4147.179688,4087.307617,4172.307617,4109.871582,4110.641113,4141.025879,4168.077148,4091.794922,4107.692383,4356.153809,4363.205078,4217.436035,4346.666504,,,,,,,,,,,,,,,,,,,,,,,,,,,,,,,,,,,,,,,,,,,,,,,,,,,,,,,,,,,,,,,,,,,,,,
1769164115.834426,1769164115.835699,32.0,0.0,4188.077148,4142.436035,4079.743652,4170.128418,4107.563965,4106.666504,4139.230957,4165.769043,4092.564209,4105.641113,4350.256348,4350.128418,4211.666504,4323.846191,,,,,,,,,,,,,,,,,,,,,,,,,,,,,,,,,,,,,,,,,,,,,,,,,,,,,,,,,,,,,,,,,,,,,,
1769164115.842234,1769164115.843508,33.0,0.0,4184.487305,4140.897461,4076.025635,4168.589844,4106.538574,4107.692383,4139.358887,4166.025879,4090.128174,4105.769043,4356.025879,4349.743652,4217.94873,4318.461426,,,,,,,,,,,,,,,,,,,,,,,,,,,,,,,,,,,,,,,,,,,,,,,,,,,,,,,,,,,,,,,,,,,,,,
1769164115.850042,1769164115.851216,34.0,0.0,4185.512695,4142.563965,4076.025635,4170.256348,4108.333496,4109.871582,4141.794922,4168.846191,4089.102539,4108.461426,4360.0,4355.769043,4221.410156,4328.974121,,,,,,,,,,,,,,,,,,,,,,,,,,,,,,,,,,,,,,,,,,,,,,,,,,,,,,,,,,,,,,,,,,,,,,
1769164115.857851,1769164115.859025,35.0,0.0,4187.563965,4139.102539,4075.769287,4170.0,4108.461426,4106.153809,4140.769043,4168.461426,4090.769287,4107.307617,4352.05127,4351.410156,4213.717773,4324.102539,,,,,,,,,,,,,,,,,,,,,,,,,,,,,,,,,,,,,,,,,,,,,,,,,,,,,,,,,,,,,,,,,,,,,,
1769164115.865659,1769164115.866633,36.0,0.0,4186.538574,4138.974121,4075.769287,4168.974121,4106.666504,4105.0,4138.846191,4166.410156,4089.871826,4103.589844,4348.333496,4349.358887,4211.153809,4318.461426,,,,,,,,,,,,,,,,,,,,,,,,,,,,,,,,,,,,,,,,,,,,,,,,,,,,,,,,,,,,,,,,,,,,,,
1769164115.873468,1769164115.874442,37.0,0.0,4182.820313,4145.641113,4075.0,4170.0,4108.589844,4106.538574,4139.487305,4168.717773,4087.692383,4105.256348,4352.563965,4354.230957,4215.897461,4328.205078,,,,,,,,,,,,,,,,,,,,,,,,,,,,,,,,,,,,,,,,,,,,,,,,,,,,,,,,,,,,,,,,,,,,,,
1769164115.881276,1769164115.88215,38.0,0.0,4183.974121,4151.410156,4075.512939,4174.102539,4112.179688,4098.717773,4139.230957,4172.436035,4091.538574,4110.384766,4356.025879,4355.128418,4220.384766,4333.333496,,,,,,,,,,,,,,,,,,,,,,,,,,,,,,,,,,,,,,,,,,,,,,,,,,,,,,,,,,,,,,,,,,,,,,
1769164115.889085,1769164115.889959,39.0,0.0,4187.94873,4149.871582,4074.615479,4175.256348,4114.487305,4094.743652,4138.717773,4172.307617,4089.487061,4109.743652,4354.358887,4353.077148,4219.615234,4325.769043,,,,,,,,,,,,,,,,,,,,,,,,,,,,,,,,,,,,,,,,,,,,,,,,,,,,,,,,,,,,,,,,,,,,,,
1769164115.896893,1769164115.897568,40.0,0.0,4185.128418,4143.846191,4069.871826,4174.487305,4114.743652,4103.077148,4139.743652,4170.897461,4079.743652,4103.846191,4352.820313,4354.358887,4215.897461,4320.256348,,,,,,,,,,,,,,,,,,,,,,,,,,,,,,,,,,,,,,,,,,,,,,,,,,,,,,,,,,,,,,,,,,,,,,
1769164115.904702,1769164115.905376,41.0,0.0,4184.487305,4143.589844,4071.794922,4179.487305,4115.641113,4104.871582,4140.384766,4171.538574,4082.435791,4109.230957,4356.153809,4358.461426,4215.128418,4326.410156,,,,,,,,,,,,,,,,,,,,,,,,,,,,,,,,,,,,,,,,,,,,,,,,,,,,,,,,,,,,,,,,,,,,,,
1769164115.91251,1769164115.913085,42.0,0.0,4187.179688,4150.897461,4076.410156,4185.512695,4119.230957,4099.487305,4138.461426,4173.589844,4093.846191,4119.871582,4359.743652,4360.384766,4217.436035,4328.589844,,,,,,,,,,,,,,,,,,,,,,,,,,,,,,,,,,,,,,,,,,,,,,,,,,,,,,,,,,,,,,,,,,,,,,
1769164115.920318,1769164115.920893,43.0,0.0,4187.307617,4154.743652,4070.0,4182.307617,4123.846191,4103.717773,4139.358887,4178.333496,4094.230713,4118.461426,4357.179688,4355.897461,4218.717773,4321.410156,,,,,,,,,,,,,,,,,,,,,,,,,,,,,,,,,,,,,,,,,,,,,,,,,,,,,,,,,,,,,,,,,,,,,,
1769164115.928127,1769164115.928901,44.0,0.0,4187.692383,4150.256348,4061.538574,4175.256348,4124.615234,4110.769043,4147.94873,4183.846191,4088.846191,4113.717773,4356.538574,4354.230957,4219.102539,4320.641113,,,,,,,,,,,,,,,,,,,,,,,,,,,,,,,,,,,,,,,,,,,,,,,,,,,,,,,,,,,,,,,,,,,,,,
1769164115.935935,1769164115.93671,45.0,0.0,4182.436035,4145.128418,4060.769287,4172.436035,4123.205078,4109.102539,4152.563965,4186.666504,4091.923096,4114.230957,4359.102539,4364.230957,4218.205078,4326.794922,,,,,,,,,,,,,,,,,,,,,,,,,,,,,,,,,,,,,,,,,,,,,,,,,,,,,,,,,,,,,,,,,,,,,,
1769164115.943744,1769164115.944618,46.0,0.0,4176.538574,4138.333496,4060.512939,4169.487305,4126.153809,4109.358887,4146.794922,4186.666504,4095.512939,4113.589844,4357.94873,4367.692383,4214.615234,4324.487305,0.437917,0.288852,0.127593,0.247046,0.239453,0.168586,0.216762,0.080688,0.105517,0.082911,0.394302,0.235675,0.06643,0.081894,0.095681,0.20589,0.151703,0.090532,0.085276,0.094138,0.149614,0.155234,0.072543,0.077277,0.052052,0.086974,0.400686,0.140216,0.131461,0.122332,0.10335,0.217098,0.143449,0.133264,0.1194,0.139844,0.125635,0.054419,0.10874,0.052537,0.113098,0.146505,0.101972,0.125887,0.100432,0.272344,0.126851,0.132485,0.120233,0.090554,0.265525,0.108459,0.186183,0.062659,0.100826,0.333369,0.266575,0.190052,0.137253,0.170623,0.433562,0.146466,0.16111,0.096142,0.204852,0.334305,0.291911,0.227315,0.358449,0.392422
1769164115.951552,1769164115.952426,47.0,0.0,4180.897461,4135.897461,4058.974365,4168.846191,4128.205078,4113.974121,4145.641113,4186.153809,4095.769287,4113.974121,4355.512695,4360.641113,4214.743652,4317.94873,,,,,,,,,,,,,,,,,,,,,,,,,,,,,,,,,,,,,,,,,,,,,,,,,,,,,,,,,,,,,,,,,,,,,,
1769164115.959361,1769164115.960035,48.0,0.0,4186.410156,4144.487305,4060.0,4177.05127,4126.666504,4113.077148,4152.307617,4186.153809,4093.205078,4114.230957,4355.0,4358.589844,4217.179688,4319.230957,,,,,,,,,,,,,,,,,,,,,,,,,,,,,,,,,,,,,,,,,,,,,,,,,,,,,,,,,,,,,,,,,,,,,,
1769164115.967169,1769164115.967844,49.0,0.0,4186.153809,4153.589844,4061.794922,4184.230957,4129.102539,4111.153809,4152.179688,4185.256348,4090.256348,4112.692383,4358.717773,4365.384766,4217.820313,4325.256348,,,,,,,,,,,,,,,,,,,,,,,,,,,,,,,,,,,,,,,,,,,,,,,,,,,,,,,,,,,,,,,,,,,,,,
1769164115.974978,1769164115.975552,50.0,0.0,4186.025879,4155.0,4062.05127,4183.461426,4136.025879,4116.410156,4148.717773,4186.410156,4093.076904,4118.333496,4365.641113,4372.436035,4225.0,4327.94873,,,,,,,,,,,,,,,,,,,,,,,,,,,,,,,,,,,,,,,,,,,,,,,,,,,,,,,,,,,,,,,,,,,,,,
1769164115.982786,1769164115.983361,51.0,0.0,4186.794922,4153.589844,4061.923096,4181.282227,4138.846191,4122.692383,4151.794922,4190.769043,4098.205078,4124.615234,4368.589844,4375.128418,4232.436035,4330.256348,,,,,,,,,,,,,,,,,,,,,,,,,,,,,,,,,,,,,,,,,,,,,,,,,,,,,,,,,,,,,,,,,,,,,,
1769164115.990595,1769164115.991369,52.0,0.0,4184.615234,4155.0,4061.923096,4182.94873,4137.307617,4121.666504,4153.333496,4193.333496,4099.230957,4122.179688,4366.410156,4373.717773,4229.743652,4330.256348,,,,,,,,,,,,,,,,,,,,,,,,,,,,,,,,,,,,,,,,,,,,,,,,,,,,,,,,,,,,,,,,,,,,,,
1769164115.998403,1769164115.999177,53.0,0.0,4188.333496,4157.94873,4061.923096,4185.641113,4138.974121,4119.230957,4151.410156,4191.794922,4097.820313,4121.282227,4366.153809,4373.589844,4227.05127,4330.0,,,,,,,,,,,,,,,,,,,,,,,,,,,,,,,,,,,,,,,,,,,,,,,,,,,,,,,,,,,,,,,,,,,,,,
1769164116.006211,1769164116.007086,54.0,0.0,4193.846191,4159.615234,4062.307617,4187.307617,4140.128418,4116.410156,4150.512695,4188.589844,4100.641113,4123.205078,4368.077148,4379.615234,4231.025879,4337.94873,,,,,,,,,,,,,,,,,,,,,,,,,,,,,,,,,,,,,,,,,,,,,,,,,,,,,,,,,,,,,,,,,,,,,,
1769164116.01402,1769164116.014894,55.0,0.0,4193.846191,4156.922852,4062.307617,4187.307617,4137.436035,4112.05127,4150.384766,4188.077148,4105.641113,4123.333496,4371.153809,4382.94873,4231.666504,4343.205078,,,,,,,,,,,,,,,,,,,,,,,,,,,,,,,,,,,,,,,,,,,,,,,,,,,,,,,,,,,,,,,,,,,,,,
1769164116.021828,1769164116.022802,56.0,0.0,4191.025879,4155.384766,4060.256348,4184.743652,4136.025879,4115.641113,4152.05127,4193.717773,4106.025879,4122.94873,4372.563965,4379.743652,4229.358887,4339.871582,,,,,,,,,,,,,,,,,,,,,,,,,,,,,,,,,,,,,,,,,,,,,,,,,,,,,,,,,,,,,,,,,,,,,,
1769164116.029637,1769164116.030611,57.0,0.0,4187.436035,4156.153809,4057.179443,4184.487305,4138.205078,4122.692383,4152.692383,4199.487305,4105.0,4123.717773,4372.94873,4379.358887,4231.538574,4340.128418,,,,,,,,,,,,,,,,,,,,,,,,,,,,,,,,,,,,,,,,,,,,,,,,,,,,,,,,,,,,,,,,,,,,,,
1769164116.037445,1769164116.038319,58.0,0.0,4191.666504,4155.512695,4058.333252,4186.282227,4139.615234,4121.922852,4150.897461,4199.615234,4106.538574,4124.358887,4377.307617,4383.717773,4233.077148,4344.487305,,,,,,,,,,,,,,,,,,,,,,,,,,,,,,,,,,,,,,,,,,,,,,,,,,,,,,,,,,,,,,,,,,,,,,
1769164116.045254,1769164116.046128,59.0,0.0,4199.487305,4163.589844,4059.871826,4186.922852,4138.846191,4120.512695,4151.666504,4199.102539,4106.922852,4122.692383,4379.743652,4385.769043,4230.897461,4344.871582,,,,,,,,,,,,,,,,,,,,,,,,,,,,,,,,,,,,,,,,,,,,,,,,,,,,,,,,,,,,,,,,,,,,,,
1769164116.053062,1769164116.053736,60.0,0.0,4196.025879,4170.641113,4054.871826,4187.436035,4139.230957,4124.230957,4154.871582,4201.794922,4106.153809,4123.461426,4376.025879,4384.487305,4229.230957,4338.333496,,,,,,,,,,,,,,,,,,,,,,,,,,,,,,,,,,,,,,,,,,,,,,,,,,,,,,,,,,,,,,,,,,,,,,
1769164116.060871,1769164116.061545,61.0,0.0,4192.692383,4161.922852,4047.179443,4188.461426,4140.512695,4127.692383,4153.589844,4201.666504,4107.692383,4126.282227,4371.922852,4380.384766,4232.692383,4333.461426,,,,,,,,,,,,,,,,,,,,,,,,,,,,,,,,,,,,,,,,,,,,,,,,,,,,,,,,,,,,,,,,,,,,,,
1769164116.068679,1769164116.069253,62.0,0.0,4195.512695,4155.769043,4044.358887,4187.820313,4139.615234,4127.563965,4151.666504,4198.077148,4104.102539,4118.589844,4368.974121,4373.461426,4230.512695,4333.974121,0.42745,0.29812,0.087114,0.29378,0.239341,0.143756,0.284025,0.089651,0.112776,0.092542,0.487042,0.23186,0.055736,0.078605,0.085273,0.210861,0.193136,0.080913,0.086401,0.086225,0.150104,0.139453,0.056516,0.074044,0.045074,0.10829,0.393471,0.139175,0.139053,0.14611,0.084363,0.203923,0.128974,0.130035,0.126901,0.201563,0.095378,0.063854,0.117927,0.046437,0.1115,0.139385,0.107568,0.130103,0.098676,0.223643,0.141678,0.12546,0.134204,0.109878,0.211147,0.149451,0.119599,0.078687,0.119118,0.279741,0.273632,0.164745,0.148759,0.161705,0.40861,0.185054,0.115588,0.094081,0.239924,0.312751,0.319866,0.202662,0.374904,0.412525
1769164116.076488,1769164116.077062,63.0,0.0,4188.974121,4159.615234,4044.358887,4185.384766,4139.230957,4124.743652,4152.563965,4196.538574,4099.358887,4111.282227,4367.820313,4373.461426,4220.512695,4326.922852,,,,,,,,,,,,,,,,,,,,,,,,,,,,,,,,,,,,,,,,,,,,,,,,,,,,,,,,,,,,,,,,,,,,,,
1769164116.084296,1769164116.084671,64.0,0.0,4179.487305,4157.307617,4040.769287,4187.563965,4141.282227,4126.282227,4153.461426,4198.974121,4103.846191,4118.461426,4370.384766,4381.025879,4222.307617,4327.820313,,,,,,,,,,,,,,,,,,,,,,,,,,,,,,,,,,,,,,,,,,,,,,,,,,,,,,,,,,,,,,,,,,,,,,
1769164116.092105,1769164116.092479,65.0,0.0,4181.538574,4151.666504,4034.743652,4187.436035,4141.410156,4133.589844,4155.384766,4201.282227,4108.717773,4124.230957,4373.333496,4381.794922,4231.153809,4346.153809,,,,,,,,,,,,,,,,,,,,,,,,,,,,,,,,,,,,,,,,,,,,,,,,,,,,,,,,,,,,,,,,,,,,,,
1769164116.099913,1769164116.100188,66.0,0.0,4183.461426,4154.743652,4032.692383,4184.871582,4140.769043,4137.307617,4157.05127,4202.179688,4106.794922,4120.256348,4374.487305,4375.384766,4229.487305,4338.974121,,,,,,,,,,,,,,,,,,,,,,,,,,,,,,,,,,,,,,,,,,,,,,,,,,,,,,,,,,,,,,,,,,,,,,
1769164116.107721,1769164116.107996,67.0,0.0,4184.743652,4161.153809,4037.05127,4191.410156,4145.641113,4134.615234,4155.128418,4204.871582,4107.692383,4123.077148,4380.384766,4383.717773,4228.333496,4318.077148,,,,,,,,,,,,,,,,,,,,,,,,,,,,,,,,,,,,,,,,,,,,,,,,,,,,,,,,,,,,,,,,,,,,,,
1769164116.11553,1769164116.116004,68.0,0.0,4190.128418,4164.487305,4038.461426,4197.436035,4152.692383,4134.102539,4154.615234,4205.897461,4110.897461,4129.743652,4384.487305,4397.179688,4236.282227,4331.666504,,,,,,,,,,,,,,,,,,,,,,,,,,,,,,,,,,,,,,,,,,,,,,,,,,,,,,,,,,,,,,,,,,,,,,
1769164116.123338,1769164116.123813,69.0,0.0,4187.05127,4159.615234,4031.410156,4188.974121,4152.05127,4138.717773,4156.538574,4202.820313,4107.94873,4127.05127,4381.410156,4395.256348,4238.077148,4347.563965,,,,,,,,,,,,,,,,,,,,,,,,,,,,,,,,,,,,,,,,,,,,,,,,,,,,,,,,,,,,,,,,,,,,,,
1769164116.131147,1769164116.131721,70.0,0.0,4183.717773,4156.153809,4027.820557,4184.230957,4146.410156,4137.307617,4153.077148,4203.077148,4105.384766,4121.666504,4378.589844,4389.358887,4231.282227,4337.820313,,,,,,,,,,,,,,,,,,,,,,,,,,,,,,,,,,,,,,,,,,,,,,,,,,,,,,,,,,,,,,,,,,,,,,
1769164116.138955,1769164116.13953,71.0,0.0,4190.0,4165.256348,4033.076904,4194.615234,4148.333496,4128.589844,4151.153809,4204.487305,4107.05127,4123.717773,4384.743652,4395.769043,4234.615234,4345.0,,,,,,,,,,,,,,,,,,,,,,,,,,,,,,,,,,,,,,,,,,,,,,,,,,,,,,,,,,,,,,,,,,,,,,
1769164116.146764,1769164116.147538,72.0,0.0,4191.922852,4168.333496,4035.0,4197.692383,4152.563965,4124.358887,4156.538574,4202.820313,4107.307617,4132.820313,4392.820313,4406.153809,4243.333496,4366.794922,,,,,,,,,,,,,,,,,,,,,,,,,,,,,,,,,,,,,,,,,,,,,,,,,,,,,,,,,,,,,,,,,,,,,,
1769164116.154572,1769164116.155346,73.0,0.0,4182.307617,4158.077148,4026.153809,4188.077148,4150.256348,4129.743652,4155.897461,4206.794922,4106.794922,4135.0,4392.820313,4405.769043,4240.384766,4359.230957,,,,,,,,,,,,,,,,,,,,,,,,,,,,,,,,,,,,,,,,,,,,,,,,,,,,,,,,,,,,,,,,,,,,,,
1769164116.162381,1769164116.163055,74.0,0.0,4178.846191,4153.589844,4015.256348,4182.692383,4149.358887,4137.436035,4154.871582,4213.333496,4107.563965,4130.0,4387.692383,4397.94873,4235.384766,4340.897461,,,,,,,,,,,,,,,,,,,,,,,,,,,,,,,,,,,,,,,,,,,,,,,,,,,,,,,,,,,,,,,,,,,,,,
1769164116.170189,1769164116.170863,75.0,0.0,4182.307617,4157.563965,4012.05127,4183.846191,4152.436035,4139.871582,4161.666504,4211.025879,4109.102539,4133.461426,4387.436035,4394.615234,4242.307617,4344.871582,,,,,,,,,,,,,,,,,,,,,,,,,,,,,,,,,,,,,,,,,,,,,,,,,,,,,,,,,,,,,,,,,,,,,,
1769164116.177997,1769164116.178871,76.0,0.0,4175.256348,4157.307617,4012.820557,4185.641113,4152.436035,4135.0,4161.153809,4208.974121,4110.256348,4138.333496,4392.179688,4399.615234,4246.666504,4353.974121,,,,,,,,,,,,,,,,,,,,,,,,,,,,,,,,,,,,,,,,,,,,,,,,,,,,,,,,,,,,,,,,,,,,,,
1769164116.185806,1769164116.18668,77.0,0.0,4167.179688,4152.94873,4008.718018,4184.358887,4150.0,4130.128418,4151.282227,4210.897461,4108.589844,4130.128418,4394.743652,4401.153809,4241.410156,4347.05127,,,,,,,,,,,,,,,,,,,,,,,,,,,,,,,,,,,,,,,,,,,,,,,,,,,,,,,,,,,,,,,,,,,,,,
1769164116.193614,1769164116.194588,78.0,0.0,4171.025879,4153.589844,4003.461426,4183.461426,4150.512695,4135.897461,4153.589844,4209.743652,4106.794922,4126.153809,4394.102539,4396.794922,4243.461426,4342.820313,0.440522,0.316491,0.059672,0.329051,0.234657,0.140545,0.377595,0.10915,0.127189,0.102861,0.572294,0.246252,0.052382,0.079095,0.075781,0.2429,0.245189,0.082049,0.089646,0.082863,0.153915,0.133697,0.046123,0.067203,0.039627,0.163023,0.388315,0.129899,0.146683,0.165269,0.083281,0.19096,0.107316,0.120119,0.130067,0.311078,0.07623,0.080765,0.120273,0.041018,0.135542,0.136082,0.107941,0.134288,0.098279,0.201831,0.166977,0.126883,0.153333,0.13138,0.213424,0.21002,0.09648,0.107757,0.140725,0.251537,0.270129,0.153298,0.170603,0.148633,0.391231,0.258846,0.109812,0.104998,0.276668,0.33243,0.352906,0.212311,0.430762,0.413327
1769164116.201423,1769164116.202397,79.0,0.0,4171.794922,4155.256348,4006.410156,4184.615234,4153.461426,4142.563965,4162.179688,4208.846191,4109.743652,4135.256348,4394.743652,4396.666504,4246.922852,4343.461426,,,,,,,,,,,,,,,,,,,,,,,,,,,,,,,,,,,,,,,,,,,,,,,,,,,,,,,,,,,,,,,,,,,,,,
1769164116.209231,1769164116.210205,80.0,0.0,4165.897461,4156.666504,4011.410156,4186.538574,4155.641113,4138.333496,4157.179688,4211.153809,4112.307617,4137.820313,4397.307617,4401.282227,4244.102539,4342.179688,,,,,,,,,,,,,,,,,,,,,,,,,,,,,,,,,,,,,,,,,,,,,,,,,,,,,,,,,,,,,,,,,,,,,,
1769164116.21704,1769164116.218014,81.0,0.0,4168.974121,4159.487305,4008.846191,4186.538574,4154.358887,4133.461426,4151.538574,4210.769043,4109.743652,4134.230957,4398.205078,4405.512695,4245.128418,4350.641113,,,,,,,,,,,,,,,,,,,,,,,,,,,,,,,,,,,,,,,,,,,,,,,,,,,,,,,,,,,,,,,,,,,,,,
1769164116.224848,1769164116.225722,82.0,0.0,4171.794922,4163.974121,4003.205078,4186.666504,4156.666504,4137.94873,4158.461426,4211.025879,4111.538574,4136.282227,4395.384766,4400.641113,4247.436035,4350.769043,,,,,,,,,,,,,,,,,,,,,,,,,,,,,,,,,,,,,,,,,,,,,,,,,,,,,,,,,,,,,,,,,,,,,,
1769164116.232657,1769164116.233531,83.0,0.0,4173.077148,4166.666504,4003.718018,4187.179688,4163.461426,4142.563965,4163.077148,4214.102539,4118.717773,4140.384766,4396.282227,4399.102539,4246.922852,4340.256348,,,,,,,,,,,,,,,,,,,,,,,,,,,,,,,,,,,,,,,,,,,,,,,,,,,,,,,,,,,,,,,,,,,,,,
1769164116.240465,1769164116.241539,84.0,0.0,4178.077148,4166.666504,4006.025635,4187.563965,4161.282227,4140.0,4162.05127,4215.384766,4123.205078,4139.230957,4400.769043,4408.974121,4249.102539,4343.846191,,,,,,,,,,,,,,,,,,,,,,,,,,,,,,,,,,,,,,,,,,,,,,,,,,,,,,,,,,,,,,,,,,,,,,
1769164116.248273,1769164116.249347,85.0,0.0,4177.179688,4167.436035,4000.512939,4187.94873,4157.436035,4142.436035,4165.256348,4217.692383,4122.692383,4138.333496,4401.538574,4410.897461,4252.179688,4352.307617,,,,,,,,,,,,,,,,,,,,,,,,,,,,,,,,,,,,,,,,,,,,,,,,,,,,,,,,,,,,,,,,,,,,,,
1769164116.256082,1769164116.257256,86.0,0.0,4170.897461,4166.282227,3992.692383,4185.384766,4163.461426,4151.666504,4169.871582,4219.230957,4120.897461,4140.256348,4396.666504,4398.717773,4247.820313,4345.0,,,,,,,,,,,,,,,,,,,,,,,,,,,,,,,,,,,,,,,,,,,,,,,,,,,,,,,,,,,,,,,,,,,,,,
1769164116.26389,1769164116.265064,87.0,0.0,4168.077148,4165.512695,3990.256348,4182.94873,4168.333496,4152.563965,4168.974121,4217.05127,4120.897461,4141.794922,4394.615234,4393.974121,4243.461426,4338.589844,,,,,,,,,,,,,,,,,,,,,,,,,,,,,,,,,,,,,,,,,,,,,,,,,,,,,,,,,,,,,,,,,,,,,,
1769164116.271699,1769164116.272673,88.0,0.0,4173.846191,4169.102539,3993.205078,4186.025879,4166.794922,4149.358887,4167.94873,4215.641113,4119.615234,4140.897461,4398.974121,4400.384766,4248.974121,4346.922852,,,,,,,,,,,,,,,,,,,,,,,,,,,,,,,,,,,,,,,,,,,,,,,,,,,,,,,,,,,,,,,,,,,,,,
1769164116.279507,1769164116.280481,89.0,0.0,4182.436035,4173.077148,4000.256348,4190.0,4168.589844,4152.94873,4168.333496,4215.128418,4116.794922,4141.025879,4402.692383,4404.743652,4253.846191,4356.282227,,,,,,,,,,,,,,,,,,,,,,,,,,,,,,,,,,,,,,,,,,,,,,,,,,,,,,,,,,,,,,,,,,,,,,
1769164116.287316,1769164116.28819,90.0,0.0,4182.05127,4172.436035,4003.076904,4190.0,4170.897461,4155.641113,4167.563965,4214.487305,4115.512695,4141.153809,4400.256348,4403.717773,4250.512695,4358.077148,,,,,,,,,,,,,,,,,,,,,,,,,,,,,,,,,,,,,,,,,,,,,,,,,,,,,,,,,,,,,,,,,,,,,,
1769164116.295124,1769164116.295998,91.0,0.0,4174.743652,4170.128418,3998.461426,4187.820313,4169.102539,4154.615234,4165.769043,4213.846191,4117.820313,4142.05127,4395.769043,4402.05127,4248.717773,4355.256348,,,,,,,,,,,,,,,,,,,,,,,,,,,,,,,,,,,,,,,,,,,,,,,,,,,,,,,,,,,,,,,,,,,,,,
1769164116.302933,1769164116.303607,92.0,0.0,4173.077148,4168.461426,3995.641113,4187.05127,4169.487305,4154.358887,4165.0,4214.871582,4120.897461,4148.077148,4400.384766,4406.282227,4252.05127,4356.153809,,,,,,,,,,,,,,,,,,,,,,,,,,,,,,,,,,,,,,,,,,,,,,,,,,,,,,,,,,,,,,,,,,,,,,
1769164116.310741,1769164116.311415,93.0,0.0,4175.641113,4167.179688,3997.179443,4186.794922,4171.666504,4151.922852,4166.666504,4218.333496,4123.846191,4148.333496,4407.179688,4413.205078,4251.794922,4360.256348,,,,,,,,,,,,,,,,,,,,,,,,,,,,,,,,,,,,,,,,,,,,,,,,,,,,,,,,,,,,,,,,,,,,,,
1769164116.31855,1769164116.319324,94.0,0.0,4178.077148,4168.846191,3997.94873,4186.538574,4171.025879,4150.641113,4167.692383,4219.743652,4124.230957,4142.436035,4404.871582,4413.077148,4247.820313,4358.589844,0.461274,0.345908,0.050519,0.339763,0.223745,0.142455,0.467366,0.137326,0.148885,0.112343,0.635736,0.276148,0.056199,0.082633,0.068472,0.267067,0.295923,0.094941,0.094823,0.083748,0.1703,0.137253,0.043961,0.058213,0.036561,0.245004,0.380194,0.113401,0.150027,0.175222,0.098778,0.180148,0.083339,0.104744,0.12681,0.417598,0.065215,0.099138,0.114401,0.03689,0.189641,0.135504,0.10381,0.137378,0.100859,0.224291,0.201425,0.131075,0.172076,0.151584,0.283091,0.282484,0.105682,0.146333,0.159995,0.273122,0.265368,0.147468,0.199709,0.13545,0.406797,0.356467,0.135467,0.123695,0.305851,0.404699,0.389724,0.230292,0.518505,0.406878
1769164116.326358,1769164116.327132,95.0,0.0,4180.128418,4171.922852,3997.692383,4187.692383,4170.769043,4153.077148,4166.025879,4216.666504,4122.307617,4147.05127,4404.743652,4411.794922,4249.487305,4357.05127,,,,,,,,,,,,,,,,,,,,,,,,,,,,,,,,,,,,,,,,,,,,,,,,,,,,,,,,,,,,,,,,,,,,,,
1769164116.334166,1769164116.33514,96.0,0.0,4175.0,4172.05127,3995.256348,4189.743652,4172.820313,4153.846191,4167.307617,4219.871582,4123.077148,4153.077148,4409.615234,4413.205078,4251.410156,4358.077148,,,,,,,,,,,,,,,,,,,,,,,,,,,,,,,,,,,,,,,,,,,,,,,,,,,,,,,,,,,,,,,,,,,,,,
1769164116.341975,1769164116.342949,97.0,0.0,4169.487305,4170.641113,3993.205078,4189.358887,4175.641113,4152.94873,4170.128418,4225.897461,4124.102539,4145.384766,4408.333496,4411.666504,4248.077148,4357.179688,,,,,,,,,,,,,,,,,,,,,,,,,,,,,,,,,,,,,,,,,,,,,,,,,,,,,,,,,,,,,,,,,,,,,,
1769164116.349783,1769164116.350857,98.0,0.0,4171.666504,4172.692383,3998.718018,4187.94873,4180.769043,4155.256348,4169.615234,4222.692383,4122.307617,4138.974121,4404.615234,4410.128418,4249.230957,4358.077148,,,,,,,,,,,,,,,,,,,,,,,,,,,,,,,,,,,,,,,,,,,,,,,,,,,,,,,,,,,,,,,,,,,,,,
1769164116.357592,1769164116.358666,99.0,0.0,4172.820313,4174.615234,3999.230713,4187.692383,4186.922852,4163.077148,4169.487305,4222.05127,4122.179688,4142.179688,4405.384766,4412.307617,4250.384766,4357.307617,,,,,,,,,,,,,,,,,,,,,,,,,,,,,,,,,,,,,,,,,,,,,,,,,,,,,,,,,,,,,,,,,,,,,,
1769164116.3654,1769164116.366274,100.0,0.0,4168.461426,4173.205078,3990.641113,4187.307617,4186.538574,4171.538574,4173.077148,4230.256348,4122.692383,4146.410156,4403.589844,4409.743652,4245.512695,4350.897461,,,,,,,,,,,,,,,,,,,,,,,,,,,,,,,,,,,,,,,,,,,,,,,,,,,,,,,,,,,,,,,,,,,,,,
1769164116.373209,1769164116.374083,101.0,0.0,4165.256348,4171.410156,3991.666748,4186.410156,4182.563965,4172.307617,4172.820313,4231.922852,4124.487305,4151.538574,4404.358887,4411.282227,4250.512695,4353.205078,,,,,,,,,,,,,,,,,,,,,,,,,,,,,,,,,,,,,,,,,,,,,,,,,,,,,,,,,,,,,,,,,,,,,,
1769164116.381017,1769164116.381791,102.0,0.0,4166.922852,4171.922852,3998.718018,4186.025879,4181.153809,4164.615234,4170.256348,4227.820313,4132.436035,4157.05127,4417.436035,4424.743652,4263.589844,4363.205078,,,,,,,,,,,,,,,,,,,,,,,,,,,,,,,,,,,,,,,,,,,,,,,,,,,,,,,,,,,,,,,,,,,,,,
1769164116.388826,1769164116.3896,103.0,0.0,4171.410156,4177.179688,3998.718018,4189.871582,4178.974121,4158.333496,4170.512695,4228.717773,4135.769043,4159.102539,4425.512695,4430.0,4266.025879,4365.641113,,,,,,,,,,,,,,,,,,,,,,,,,,,,,,,,,,,,,,,,,,,,,,,,,,,,,,,,,,,,,,,,,,,,,,
1769164116.396634,1769164116.397608,104.0,0.0,4173.461426,4184.743652,3996.538574,4193.461426,4178.717773,4155.512695,4170.0,4230.0,4128.589844,4158.077148,4420.128418,4419.230957,4262.820313,4365.128418,,,,,,,,,,,,,,,,,,,,,,,,,,,,,,,,,,,,,,,,,,,,,,,,,,,,,,,,,,,,,,,,,,,,,,
1769164116.404443,1769164116.405416,105.0,0.0,4171.538574,4183.589844,3995.512939,4190.897461,4181.922852,4154.743652,4168.077148,4227.94873,4125.128418,4153.717773,4413.846191,4411.794922,4263.589844,4365.128418,,,,,,,,,,,,,,,,,,,,,,,,,,,,,,,,,,,,,,,,,,,,,,,,,,,,,,,,,,,,,,,,,,,,,,
1769164116.412251,1769164116.413125,106.0,0.0,4168.077148,4175.897461,3994.358887,4188.974121,4183.846191,4159.743652,4169.743652,4228.461426,4127.563965,4150.256348,4413.077148,4412.692383,4263.846191,4360.897461,,,,,,,,,,,,,,,,,,,,,,,,,,,,,,,,,,,,,,,,,,,,,,,,,,,,,,,,,,,,,,,,,,,,,,
1769164116.42006,1769164116.420933,107.0,0.0,4165.512695,4177.436035,3995.512939,4194.358887,4184.487305,4167.307617,4171.794922,4228.974121,4126.282227,4152.436035,4413.333496,4414.358887,4263.589844,4360.256348,,,,,,,,,,,,,,,,,,,,,,,,,,,,,,,,,,,,,,,,,,,,,,,,,,,,,,,,,,,,,,,,,,,,,,
1769164116.427868,1769164116.428942,108.0,0.0,4166.153809,4183.846191,3998.589844,4199.230957,4188.589844,4169.743652,4170.384766,4229.358887,4124.615234,4155.256348,4415.128418,4415.0,4264.358887,4365.384766,,,,,,,,,,,,,,,,,,,,,,,,,,,,,,,,,,,,,,,,,,,,,,,,,,,,,,,,,,,,,,,,,,,,,,
1769164116.435676,1769164116.43675,109.0,0.0,4166.922852,4183.846191,4000.769287,4198.333496,4189.102539,4168.589844,4171.025879,4230.512695,4127.05127,4155.384766,4418.333496,4417.307617,4265.641113,4367.563965,,,,,,,,,,,,,,,,,,,,,,,,,,,,,,,,,,,,,,,,,,,,,,,,,,,,,,,,,,,,,,,,,,,,,,
1769164116.443485,1769164116.444459,110.0,0.0,4167.307617,4182.692383,4004.615479,4198.333496,4187.179688,4168.717773,4173.333496,4231.153809,4126.666504,4153.974121,4420.256348,4423.974121,4265.512695,4368.589844,0.485317,0.381977,0.057396,0.322253,0.206182,0.154378,0.527964,0.170788,0.174886,0.119667,0.63048,0.315282,0.065489,0.087716,0.063921,0.266079,0.33561,0.118675,0.101221,0.087097,0.203282,0.143766,0.048412,0.049051,0.035556,0.345064,0.361649,0.095945,0.146547,0.174488,0.127946,0.169612,0.062232,0.08673,0.116961,0.545264,0.059096,0.114113,0.103545,0.034172,0.276974,0.13624,0.099666,0.138129,0.105505,0.297431,0.23951,0.134696,0.186696,0.166306,0.428206,0.352467,0.127791,0.186874,0.171145,0.381612,0.275068,0.14133,0.22845,0.127262,0.484046,0.456131,0.17451,0.143688,0.318635,0.556811,0.434209,0.242124,0.616451,0.407188
1769164116.451293,1769164116.452267,111.0,0.0,4167.563965,4184.743652,4005.769287,4199.102539,4193.846191,4168.974121,4171.153809,4230.769043,4126.666504,4151.922852,4420.0,4426.410156,4265.128418,4369.230957,,,,,,,,,,,,,,,,,,,,,,,,,,,,,,,,,,,,,,,,,,,,,,,,,,,,,,,,,,,,,,,,,,,,,,
1769164116.459102,1769164116.460275,112.0,0.0,4167.436035,4186.153809,4005.384521,4199.230957,4200.384766,4170.0,4170.384766,4230.384766,4128.846191,4152.436035,4420.641113,4422.436035,4271.153809,4368.077148,,,,,,,,,,,,,,,,,,,,,,,,,,,,,,,,,,,,,,,,,,,,,,,,,,,,,,,,,,,,,,,,,,,,,,
1769164116.46691,1769164116.468084,113.0,0.0,4170.128418,4187.692383,4010.384521,4199.487305,4199.871582,4171.538574,4174.487305,4231.410156,4128.461426,4153.077148,4424.487305,4423.077148,4273.461426,4371.025879,,,,,,,,,,,,,,,,,,,,,,,,,,,,,,,,,,,,,,,,,,,,,,,,,,,,,,,,,,,,,,,,,,,,,,
1769164116.474719,1769164116.475792,114.0,0.0,4171.538574,4189.615234,4015.384521,4199.102539,4199.743652,4168.461426,4175.0,4231.538574,4129.743652,4152.436035,4427.05127,4426.666504,4268.974121,4376.794922,,,,,,,,,,,,,,,,,,,,,,,,,,,,,,,,,,,,,,,,,,,,,,,,,,,,,,,,,,,,,,,,,,,,,,
1769164116.482527,1769164116.483601,115.0,0.0,4167.692383,4190.769043,4016.794922,4200.0,4201.410156,4167.820313,4172.692383,4230.641113,4135.769043,4154.102539,4428.205078,4429.230957,4274.358887,4380.128418,,,,,,,,,,,,,,,,,,,,,,,,,,,,,,,,,,,,,,,,,,,,,,,,,,,,,,,,,,,,,,,,,,,,,,
1769164116.490336,1769164116.491209,116.0,0.0,4169.230957,4192.820313,4019.743652,4197.692383,4200.384766,4173.333496,4174.615234,4231.666504,4139.358887,4158.077148,4429.615234,4429.743652,4278.974121,4380.384766,,,,,,,,,,,,,,,,,,,,,,,,,,,,,,,,,,,,,,,,,,,,,,,,,,,,,,,,,,,,,,,,,,,,,,
1769164116.498144,1769164116.499018,117.0,0.0,4170.769043,4191.538574,4024.358887,4192.05127,4200.384766,4175.384766,4174.102539,4233.717773,4136.025879,4157.179688,4425.512695,4423.205078,4270.256348,4378.461426,,,,,,,,,,,,,,,,,,,,,,,,,,,,,,,,,,,,,,,,,,,,,,,,,,,,,,,,,,,,,,,,,,,,,,
1769164116.505952,1769164116.506726,118.0,0.0,4161.153809,4186.282227,4022.05127,4188.589844,4201.153809,4171.153809,4174.358887,4233.717773,4131.922852,4155.384766,4416.538574,4415.897461,4263.333496,4371.282227,,,,,,,,,,,,,,,,,,,,,,,,,,,,,,,,,,,,,,,,,,,,,,,,,,,,,,,,,,,,,,,,,,,,,,
1769164116.513761,1769164116.514535,119.0,0.0,4153.205078,4182.94873,4018.846191,4187.820313,4199.358887,4170.0,4178.077148,4231.025879,4127.94873,4155.128418,4415.641113,4419.743652,4263.333496,4364.615234,,,,,,,,,,,,,,,,,,,,,,,,,,,,,,,,,,,,,,,,,,,,,,,,,,,,,,,,,,,,,,,,,,,,,,
1769164116.521569,1769164116.522543,120.0,0.0,4156.025879,4185.384766,4024.743652,4186.410156,4200.128418,4172.820313,4174.871582,4229.487305,4123.717773,4154.102539,4422.692383,4426.666504,4263.589844,4367.692383,,,,,,,,,,,,,,,,,,,,,,,,,,,,,,,,,,,,,,,,,,,,,,,,,,,,,,,,,,,,,,,,,,,,,,
1769164116.529378,1769164116.530351,121.0,0.0,4158.589844,4188.461426,4030.512939,4185.897461,4202.94873,4172.436035,4169.871582,4228.461426,4125.769043,4155.641113,4426.153809,4426.282227,4266.025879,4375.769043,,,,,,,,,,,,,,,,,,,,,,,,,,,,,,,,,,,,,,,,,,,,,,,,,,,,,,,,,,,,,,,,,,,,,,
1769164116.537186,1769164116.53826,122.0,0.0,4156.794922,4190.256348,4030.256348,4187.179688,4202.692383,4169.615234,4169.615234,4227.692383,4129.358887,4158.589844,4425.0,4420.769043,4265.641113,4375.384766,,,,,,,,,,,,,,,,,,,,,,,,,,,,,,,,,,,,,,,,,,,,,,,,,,,,,,,,,,,,,,,,,,,,,,
1769164116.544995,1769164116.546068,123.0,0.0,4154.615234,4189.487305,4029.358887,4185.897461,4202.436035,4171.538574,4170.897461,4229.102539,4128.205078,4155.897461,4424.230957,4419.358887,4259.743652,4367.94873,,,,,,,,,,,,,,,,,,,,,,,,,,,,,,,,,,,,,,,,,,,,,,,,,,,,,,,,,,,,,,,,,,,,,,
1769164116.552803,1769164116.554076,124.0,0.0,4151.025879,4187.05127,4031.538574,4185.512695,4207.94873,4176.666504,4175.384766,4231.922852,4130.0,4155.128418,4424.487305,4425.769043,4263.333496,4368.461426,,,,,,,,,,,,,,,,,,,,,,,,,,,,,,,,,,,,,,,,,,,,,,,,,,,,,,,,,,,,,,,,,,,,,,
1769164116.560612,1769164116.561885,125.0,0.0,4150.769043,4191.922852,4036.666748,4187.436035,4213.846191,4178.461426,4180.384766,4232.307617,4136.922852,4163.589844,4426.538574,4429.487305,4275.512695,4378.077148,,,,,,,,,,,,,,,,,,,,,,,,,,,,,,,,,,,,,,,,,,,,,,,,,,,,,,,,,,,,,,,,,,,,,,
1769164116.56842,1769164116.569593,126.0,0.0,4155.512695,4200.128418,4042.94873,4188.333496,4213.717773,4178.846191,4180.256348,4231.538574,4141.025879,4171.538574,4432.307617,4429.743652,4281.666504,4384.230957,0.507011,0.417883,0.076509,0.283591,0.184076,0.163837,0.547655,0.205506,0.199545,0.123888,0.563931,0.354073,0.082474,0.092385,0.062539,0.236805,0.357849,0.149116,0.107062,0.090471,0.246405,0.14631,0.054854,0.041893,0.035676,0.451808,0.33124,0.086897,0.137429,0.165008,0.160075,0.15722,0.047634,0.06912,0.102701,0.593568,0.0562,0.123691,0.092701,0.032533,0.372428,0.137367,0.101951,0.134746,0.10928,0.388045,0.272859,0.138443,0.194388,0.17239,0.589098,0.40467,0.147856,0.219842,0.170835,0.531215,0.309028,0.135212,0.247036,0.127946,0.589066,0.531633,0.208529,0.158313,0.309992,0.773457,0.487053,0.246761,0.69446,0.421525
1769164116.576229,1769164116.577402,127.0,0.0,4157.692383,4201.538574,4047.05127,4188.461426,4212.307617,4181.282227,4181.153809,4234.102539,4140.256348,4173.077148,4437.307617,4433.077148,4280.128418,4382.563965,,,,,,,,,,,,,,,,,,,,,,,,,,,,,,,,,,,,,,,,,,,,,,,,,,,,,,,,,,,,,,,,,,,,,,
1769164116.584037,1769164116.58511,0.0,0.0,4152.307617,4196.410156,4048.076904,4187.179688,4214.871582,4184.102539,4184.230957,4235.897461,4139.102539,4170.897461,4432.05127,4431.922852,4277.820313,4378.461426,,,,,,,,,,,,,,,,,,,,,,,,,,,,,,,,,,,,,,,,,,,,,,,,,,,,,,,,,,,,,,,,,,,,,,
1769164116.591845,1769164116.592919,1.0,0.0,4143.333496,4197.307617,4048.589844,4186.538574,4216.922852,4185.769043,4183.974121,4234.743652,4139.230957,4167.820313,4426.282227,4426.666504,4276.410156,4374.615234,,,,,,,,,,,,,,,,,,,,,,,,,,,,,,,,,,,,,,,,,,,,,,,,,,,,,,,,,,,,,,,,,,,,,,
1769164116.599654,1769164116.600627,2.0,0.0,4141.025879,4198.205078,4051.025635,4188.846191,4215.256348,4186.025879,4182.692383,4232.692383,4140.384766,4166.282227,4430.512695,4426.922852,4276.538574,4371.666504,,,,,,,,,,,,,,,,,,,,,,,,,,,,,,,,,,,,,,,,,,,,,,,,,,,,,,,,,,,,,,,,,,,,,,
1769164116.607462,1769164116.608436,3.0,0.0,4140.384766,4188.974121,4056.538574,4187.05127,4213.717773,4186.282227,4181.794922,4231.538574,4137.94873,4166.922852,4432.692383,4429.102539,4276.666504,4371.282227,,,,,,,,,,,,,,,,,,,,,,,,,,,,,,,,,,,,,,,,,,,,,,,,,,,,,,,,,,,,,,,,,,,,,,
1769164116.615271,1769164116.616045,4.0,0.0,4134.743652,4187.05127,4058.076904,4182.820313,4215.256348,4188.333496,4182.692383,4231.282227,4136.153809,4167.820313,4430.897461,4426.538574,4277.307617,4370.641113,,,,,,,,,,,,,,,,,,,,,,,,,,,,,,,,,,,,,,,,,,,,,,,,,,,,,,,,,,,,,,,,,,,,,,
1769164116.623079,1769164116.623853,5.0,0.0,4137.820313,4197.179688,4060.897461,4188.974121,4215.641113,4181.153809,4181.153809,4231.282227,4144.743652,4168.846191,4436.153809,4428.846191,4281.794922,4373.974121,,,,,,,,,,,,,,,,,,,,,,,,,,,,,,,,,,,,,,,,,,,,,,,,,,,,,,,,,,,,,,,,,,,,,,
1769164116.630888,1769164116.631562,6.0,0.0,4151.153809,4206.410156,4072.564209,4201.922852,4214.743652,4168.205078,4172.563965,4232.179688,4151.538574,4176.410156,4443.846191,4439.871582,4289.358887,4379.871582,,,,,,,,,,,,,,,,,,,,,,,,,,,,,,,,,,,,,,,,,,,,,,,,,,,,,,,,,,,,,,,,,,,,,,
1769164116.638696,1769164116.63937,7.0,0.0,4157.94873,4208.461426,4080.0,4204.871582,4215.769043,4171.666504,4170.769043,4231.025879,4146.025879,4182.307617,4446.922852,4442.436035,4296.794922,4382.307617,,,,,,,,,,,,,,,,,,,,,,,,,,,,,,,,,,,,,,,,,,,,,,,,,,,,,,,,,,,,,,,,,,,,,,
1769164116.646505,1769164116.647378,8.0,0.0,4150.769043,4207.307617,4076.153809,4200.0,4216.153809,4183.461426,4178.717773,4228.589844,4138.846191,4176.282227,4445.0,4432.179688,4294.743652,4380.897461,,,,,,,,,,,,,,,,,,,,,,,,,,,,,,,,,,,,,,,,,,,,,,,,,,,,,,,,,,,,,,,,,,,,,,
1769164116.654313,1769164116.655187,9.0,0.0,4141.282227,4203.589844,4072.692383,4197.179688,4215.512695,4184.615234,4183.589844,4228.974121,4139.358887,4167.307617,4436.410156,4424.743652,4281.666504,4373.461426,,,,,,,,,,,,,,,,,,,,,,,,,,,,,,,,,,,,,,,,,,,,,,,,,,,,,,,,,,,,,,,,,,,,,,
1769164116.662121,1769164116.663095,10.0,0.0,4137.307617,4197.94873,4074.615479,4198.461426,4217.436035,4184.871582,4185.384766,4231.025879,4144.487305,4173.077148,4432.179688,4426.410156,4277.94873,4367.692383,,,,,,,,,,,,,,,,,,,,,,,,,,,,,,,,,,,,,,,,,,,,,,,,,,,,,,,,,,,,,,,,,,,,,,
1769164116.66993,1769164116.670903,11.0,0.0,4139.358887,4199.230957,4078.461426,4200.256348,4219.743652,4188.461426,4185.641113,4231.153809,4149.358887,4182.563965,4442.692383,4430.128418,4287.307617,4375.897461,,,,,,,,,,,,,,,,,,,,,,,,,,,,,,,,,,,,,,,,,,,,,,,,,,,,,,,,,,,,,,,,,,,,,,
1769164116.677739,1769164116.678512,12.0,0.0,4140.897461,4202.307617,4080.769287,4201.282227,4220.384766,4187.179688,4187.05127,4232.820313,4151.794922,4176.282227,4445.641113,4430.641113,4287.179688,4382.563965,,,,,,,,,,,,,,,,,,,,,,,,,,,,,,,,,,,,,,,,,,,,,,,,,,,,,,,,,,,,,,,,,,,,,,
1769164116.685547,1769164116.686321,13.0,0.0,4132.94873,4197.179688,4078.846191,4200.384766,4220.641113,4187.307617,4196.282227,4236.410156,4150.512695,4166.153809,4433.846191,4428.717773,4277.05127,4372.563965,,,,,,,,,,,,,,,,,,,,,,,,,,,,,,,,,,,,,,,,,,,,,,,,,,,,,,,,,,,,,,,,,,,,,,
1769164116.693355,1769164116.694029,14.0,0.0,4126.025879,4192.94873,4078.333252,4199.102539,4219.358887,4189.871582,4199.615234,4234.743652,4145.256348,4169.358887,4433.974121,4427.563965,4280.512695,4368.589844,0.528162,0.448466,0.103287,0.237263,0.161026,0.186401,0.530291,0.237985,0.216374,0.12437,0.459987,0.384885,0.107714,0.094909,0.064662,0.1944,0.360551,0.178795,0.109843,0.091792,0.292702,0.14591,0.062158,0.038415,0.036122,0.53061,0.298433,0.096472,0.127944,0.15065,0.186306,0.143043,0.040622,0.053971,0.087646,0.617826,0.0573,0.127294,0.084895,0.031418,0.457254,0.14048,0.11429,0.125521,0.108928,0.482833,0.29412,0.143,0.193023,0.168998,0.741955,0.428793,0.16074,0.237037,0.159489,0.703759,0.363672,0.135192,0.247218,0.13785,0.727562,0.564492,0.225976,0.161687,0.281074,1.011946,0.543294,0.248474,0.722549,0.445196
1769164116.701164,1769164116.701838,15.0,0.0,4126.794922,4197.692383,4081.538574,4199.230957,4217.820313,4187.307617,4189.615234,4229.871582,4138.589844,4173.333496,4442.820313,4427.179688,4290.256348,4375.641113,,,,,,,,,,,,,,,,,,,,,,,,,,,,,,,,,,,,,,,,,,,,,,,,,,,,,,,,,,,,,,,,,,,,,,
1769164116.708972,1769164116.709446,16.0,0.0,4126.666504,4202.692383,4085.384521,4201.794922,4218.589844,4184.871582,4184.487305,4229.615234,4142.436035,4170.0,4442.436035,4428.205078,4289.871582,4376.025879,,,,,,,,,,,,,,,,,,,,,,,,,,,,,,,,,,,,,,,,,,,,,,,,,,,,,,,,,,,,,,,,,,,,,,
1769164116.716781,1769164116.717255,17.0,0.0,4122.692383,4196.153809,4089.230713,4203.333496,4220.128418,4185.128418,4188.205078,4234.358887,4154.487305,4176.794922,4442.307617,4438.205078,4291.794922,4374.615234,,,,,,,,,,,,,,,,,,,,,,,,,,,,,,,,,,,,,,,,,,,,,,,,,,,,,,,,,,,,,,,,,,,,,,
1769164116.724589,1769164116.725163,18.0,0.0,4121.282227,4188.846191,4090.641113,4202.05127,4219.487305,4184.743652,4189.487305,4235.897461,4156.410156,4184.615234,4447.05127,4442.820313,4296.538574,4376.282227,,,,,,,,,,,,,,,,,,,,,,,,,,,,,,,,,,,,,,,,,,,,,,,,,,,,,,,,,,,,,,,,,,,,,,
1769164116.732398,1769164116.732971,19.0,0.0,4122.820313,4192.179688,4090.897461,4200.641113,4217.820313,4185.512695,4186.794922,4232.563965,4146.922852,4175.897461,4443.077148,4431.922852,4289.102539,4370.256348,,,,,,,,,,,,,,,,,,,,,,,,,,,,,,,,,,,,,,,,,,,,,,,,,,,,,,,,,,,,,,,,,,,,,,
1769164116.740206,1769164116.74098,20.0,0.0,4123.461426,4199.615234,4095.0,4203.205078,4222.179688,4188.717773,4185.384766,4230.384766,4144.102539,4168.205078,4434.487305,4425.512695,4276.794922,4362.179688,,,,,,,,,,,,,,,,,,,,,,,,,,,,,,,,,,,,,,,,,,,,,,,,,,,,,,,,,,,,,,,,,,,,,,
1769164116.748015,1769164116.748788,21.0,0.0,4123.717773,4202.820313,4096.538574,4206.538574,4226.538574,4186.794922,4191.538574,4231.666504,4152.05127,4173.461426,4434.230957,4431.538574,4278.717773,4364.871582,,,,,,,,,,,,,,,,,,,,,,,,,,,,,,,,,,,,,,,,,,,,,,,,,,,,,,,,,,,,,,,,,,,,,,
1769164116.755823,1769164116.756697,22.0,0.0,4115.641113,4199.615234,4090.641113,4203.846191,4223.846191,4188.589844,4196.410156,4234.102539,4154.230957,4174.871582,4432.94873,4427.692383,4282.436035,4364.743652,,,,,,,,,,,,,,,,,,,,,,,,,,,,,,,,,,,,,,,,,,,,,,,,,,,,,,,,,,,,,,,,,,,,,,
1769164116.763631,1769164116.764505,23.0,0.0,4105.384766,4196.922852,4087.692383,4198.974121,4219.487305,4195.256348,4192.307617,4234.743652,4150.897461,4168.589844,4427.436035,4417.05127,4274.615234,4355.0,,,,,,,,,,,,,,,,,,,,,,,,,,,,,,,,,,,,,,,,,,,,,,,,,,,,,,,,,,,,,,,,,,,,,,
1769164116.77144,1769164116.772513,24.0,0.0,4106.025879,4197.05127,4092.307617,4200.128418,4219.871582,4190.128418,4190.897461,4233.333496,4149.358887,4170.0,4429.358887,4420.769043,4272.307617,4352.820313,,,,,,,,,,,,,,,,,,,,,,,,,,,,,,,,,,,,,,,,,,,,,,,,,,,,,,,,,,,,,,,,,,,,,,
